#{"t_start": 1777830740.1667082, "env_id": "FetchReach-v4"}
r,l,t
-66.735395,50,1.230783
-63.095023,50,1.274858
-4.354327,5,1.281361
-58.073811,50,1.326041
-58.147022,50,1.376789
-58.800781,50,1.423355
-24.183538,23,1.443887
-58.267814,50,1.488837
-58.853146,50,1.543933
-57.939928,50,1.590756
-60.620297,50,1.639835
-57.666125,50,1.684913
-63.589272,50,1.75227
-56.59585,50,1.826915
-9.936624,10,1.838947
-29.870037,27,1.876727
-64.394788,50,1.94786
-59.059333,50,2.000674
-12.072719,12,2.015713
-62.547752,50,2.081324
-45.790892,41,2.135151
-57.321824,50,2.189913
-61.015342,50,2.243717
-63.023658,50,2.298574
-62.519356,50,2.359885
-57.700156,50,2.424649
-58.80891,50,2.485943
-58.387138,50,2.544839
-56.838263,50,2.604024
-67.372989,50,2.656893
-64.901531,50,2.712241
-65.7616,50,2.76484
-61.290854,50,2.827802
-57.340774,50,2.894948
-60.708083,50,2.9799
-62.47142,50,3.052975
-58.002566,50,3.122269
-62.285398,50,3.215158
-61.677945,50,3.294778
-66.624343,50,3.354882
-58.985844,50,3.430815
-56.794705,50,3.50467
-62.33095,50,3.560756
-10.821966,11,3.572276
-14.5048,14,3.590808
-56.362648,50,3.662979
-40.255706,36,3.707763
-62.024486,50,3.755851
-58.240649,50,3.81318
-62.667211,50,3.866769
-65.309718,50,3.918862
-56.570534,50,3.965104
-61.322055,50,4.02486
-56.986928,50,4.08677
-59.846499,50,4.140855
-62.938747,50,4.185957
-60.396249,50,4.243827
-60.36694,50,4.294542
-56.888255,50,4.342301
-62.228704,50,4.397899
-14.655856,14,4.415941
-49.611173,46,4.46224
-57.725732,50,4.52085
-58.381512,50,4.568679
-58.177669,50,4.67489
-59.004049,50,4.784447
-59.443795,50,4.877769
-65.734937,50,4.958922
-59.835179,50,5.074999
-59.873506,50,5.158698
-15.82504,15,5.177733
-58.627362,50,5.233684
-62.249679,50,5.297796
-65.05635,50,5.367648
-65.375395,50,5.433776
-62.564017,50,5.48085
-61.331931,50,5.530956
-58.742175,50,5.58374
-62.942524,50,5.629805
-58.773559,50,5.675886
-60.237157,50,5.727771
-57.982367,50,5.774849
-60.09939,50,5.82242
-56.13845,50,5.874721
-59.002615,50,5.927802
-62.052718,50,5.974878
-30.311522,27,6.002922
-18.93308,18,6.019126
-5.415386,6,6.028862
-64.953611,50,6.087606
-59.500385,50,6.134561
-58.100369,50,6.179913
-61.626889,50,6.234744
-57.643256,50,6.282313
-63.266275,50,6.328883
-59.380956,50,6.377732
-57.659945,50,6.447875
-62.526906,50,6.508835
-59.823364,50,6.569756
-60.388292,50,6.616843
-64.538383,50,6.672259
-14.50584,14,6.683782
-40.912223,37,6.717842
-64.732801,50,6.763913
-57.774701,50,6.817828
-63.028435,50,6.86691
-8.806241,9,6.875614
-65.076437,50,6.923313
-57.803752,50,6.977781
-62.237819,50,7.028872
-57.518046,50,11.439774
-64.416697,50,12.79821
-56.683155,50,14.174767
-65.518826,50,15.39986
-5.480525,6,15.604855
-56.920449,50,17.203174
-60.975173,50,18.791214
-57.104674,50,20.155812
-60.146646,50,21.604997
-64.885977,50,22.75218
-60.927607,50,24.213992
-58.944623,50,25.406136
-59.751967,50,26.868743
-8.635774,9,27.166764
-59.027303,50,28.691305
-58.862104,50,30.084163
-64.401379,50,31.494709
-61.414018,50,33.040811
-63.761768,50,34.512244
-30.559836,29,35.505123
-62.975848,50,37.430705
-57.3948,50,39.400948
-40.222408,37,40.772237
-59.176711,50,42.636669
-57.227222,50,44.120397
-66.319184,50,45.538632
-64.015499,50,46.809236
-58.069478,50,48.240896
-16.938726,16,48.812833
-57.203361,50,50.510824
-59.586077,50,52.230016
-64.151943,50,53.742609
-58.873917,50,55.482396
-56.363221,50,57.339798
-57.958478,50,59.037917
-56.459197,50,60.719844
-63.736912,50,62.447934
-61.602888,50,64.255684
-58.81342,50,66.102232
-60.772028,50,68.097777
-57.572561,50,70.070671
-20.487373,20,70.822397
-60.739626,50,72.827769
-59.827699,50,74.734801
-60.283684,50,76.583694
-69.748654,50,78.410269
-61.995279,50,80.102929
-64.754296,50,81.828689
-66.308443,50,83.625885
-4.431391,5,83.804353
-0.021582,1,83.844116
-5.424857,6,84.049867
-3.210171,4,84.195648
-0.043433,1,84.225948
-0.025398,1,84.272321
-60.187205,50,86.11679
-60.891045,50,88.031024
-60.446083,50,89.932989
-62.383239,50,91.847674
-65.404446,50,93.822399
-59.283802,50,95.762221
-64.090895,50,97.703856
-56.914376,50,99.64063
-59.437394,50,101.510218
-13.665344,13,101.97973
-22.995265,22,102.864839
-60.430758,50,104.79975
-10.885113,11,105.207186
-63.078023,50,107.033986
-62.938956,50,108.980766
-57.366185,50,110.875758
-30.370739,28,111.921067
-13.33741,13,112.427846
-6.600651,7,112.702486
-9.897417,10,113.099645
-62.553713,50,115.015852
-0.043627,1,115.052402
-57.365131,50,116.918728
-59.0619,50,118.164793
-61.442033,50,119.654814
-60.723783,50,121.114755
-60.828113,50,122.50094
-60.03522,50,123.533782
-49.553271,44,124.373693
-58.71329,50,125.540722
-55.565025,50,126.793689
-63.40093,50,128.20969
-55.862549,50,129.624404
-1.114821,2,129.671076
-61.50978,50,130.923395
-60.956068,50,132.416777
-60.661399,50,133.831186
-60.429994,50,135.153028
-7.558549,8,135.449974
-60.257982,50,137.270845
-58.956373,50,138.89078
-57.831905,50,140.686712
-59.43972,50,142.400914
-61.334061,50,144.188917
-61.902031,50,145.96382
-57.629092,50,147.846809
-64.198335,50,149.739896
-1.109701,2,149.829799
-56.186644,50,151.642304
-57.803233,50,153.323739
-55.864587,50,155.076888
-1.122887,2,155.164009
-61.662943,50,156.94371
-56.274464,50,158.972148
-62.248965,50,160.882241
-60.520238,50,162.77068
-63.125468,50,164.59769
-55.877047,50,166.407741
-60.092997,50,168.332421
-65.430283,50,170.20859
-60.589441,50,172.015681
-1.121747,2,172.096607
-54.849523,50,174.095906
-62.303987,50,176.083874
-62.68767,50,178.1393
-57.686325,50,183.437991
-7.690077,8,183.604796
-57.106948,50,184.760324
-57.259398,50,185.385255
-56.726523,50,186.014896
-62.211669,50,186.663678
-60.617499,50,187.408854
-58.624238,50,188.097712
-64.528978,50,188.720128
-13.259489,13,188.883878
-59.786835,50,189.517899
-63.215855,50,190.196896
-60.589043,50,192.215863
-56.936122,50,194.595703
-60.093303,50,197.427767
-60.475313,50,199.4326
-56.330493,50,200.848702
-20.679954,20,201.393685
-60.485945,50,202.63413
-58.637316,50,203.875806
-59.681089,50,205.070778
-51.890296,47,206.239715
-5.464681,6,206.37503
-28.691881,26,207.1734
-59.603084,50,208.513849
-57.049882,50,209.660332
-58.065771,50,210.80557
-8.766785,9,211.023607
-6.462723,7,211.190826
-49.252213,44,212.2906
-63.836438,50,213.458745
-56.483396,50,214.627192
-13.080499,13,214.958643
-57.961663,50,216.116677
-57.643628,50,217.255867
-56.460609,50,218.450693
-57.327513,50,219.607833
-4.400886,5,219.718636
-15.690067,15,220.080267
-1.125896,2,220.124506
-58.187558,50,221.217867
-43.244695,39,222.16066
-18.930933,18,222.593045
-23.985024,22,223.107625
-57.716221,50,224.310893
-37.142822,34,225.140826
-56.451122,50,225.709907
-56.986813,50,226.186841
-23.483445,22,226.3946
-55.628257,50,226.871284
-0.042316,1,226.893375
-17.057673,16,227.160839
-36.204033,34,227.480836
-33.114194,30,227.975703
-50.203227,45,228.920841
-56.242582,50,229.918412
-11.345594,11,230.131321
-4.316062,5,230.236839
-31.004762,29,230.835909
-6.457439,7,231.007485
-21.005558,20,231.406042
-42.460504,38,232.210735
-55.587754,50,233.500926
-23.188492,22,234.001219
-55.291612,50,235.033871
-11.185223,11,235.287351
-56.126816,50,236.43487
-5.513677,6,236.586208
-18.639705,18,236.979279
-9.763485,10,237.204144
-11.213239,11,237.481324
-55.153534,50,238.697712
-14.086391,14,239.102529
-27.952487,26,239.669979
-13.435023,13,239.978894
-0.041942,1,240.00602
-14.082717,14,240.35014
-24.552887,23,240.877706
-56.590675,50,242.153952
-15.271974,15,242.583186
-34.309549,32,243.406066
-18.756023,18,243.920806
-8.825425,9,244.132366
-8.763764,9,244.339234
-45.81086,42,245.329187
-1.091126,2,245.374072
-12.171488,12,245.659876
-13.274505,13,245.952237
-9.983197,10,246.188805
-52.817813,48,247.306763
-21.975433,21,247.793135
-4.332275,5,247.896271
-55.497991,50,249.080842
-4.414617,5,249.182365
-20.55903,20,249.575898
-55.317052,50,251.484595
-33.818103,31,253.032664
-22.392247,21,253.916055
-20.598905,20,254.500438
-17.71107,17,254.878778
-7.561653,8,255.122298
-21.996285,21,255.776768
-7.846596,8,256.121036
-6.705925,7,256.440819
-0.041052,1,256.484413
-18.840884,18,257.2533
-15.288641,15,257.821174
-13.122542,13,258.343271
-18.796595,18,259.057873
-21.070435,20,259.855838
-8.715093,9,260.247897
-11.949686,12,260.765625
-10.946231,11,261.17458
-0.031978,1,261.198859
-18.489947,18,261.857177
-6.489395,7,262.149619
-6.616586,7,262.464623
-5.570388,6,262.704184
-18.613914,18,263.444746
-20.666416,20,264.280754
-16.365524,16,264.939772
-12.969654,13,265.420863
-37.503702,35,266.897773
-6.703148,7,267.176008
-4.487947,5,267.372304
-14.356095,14,267.95301
-20.909016,20,268.794939
-4.445947,5,268.993281
-4.319163,5,269.194822
-17.539937,17,269.919771
-11.857495,12,270.488051
-6.492114,7,270.780848
-9.807873,10,271.169769
-9.902295,10,271.597096
-5.503202,6,271.845068
-21.239156,20,272.68368
-4.409182,5,272.80587
-6.677259,7,272.997775
-26.340819,25,273.888666
-25.283475,24,274.812746
-3.281848,4,274.960665
-25.186534,24,275.950711
-1.123394,2,276.033144
-2.181504,3,276.17986
-5.465321,6,276.432514
-1.109192,2,276.519105
-15.42492,15,277.140082
-34.751397,33,278.420022
-17.676829,17,279.068848
-23.201942,22,279.878878
-6.695516,7,280.123011
-12.131281,12,280.588823
-3.345892,4,280.771105
-3.354681,4,280.919245
-0.042797,1,280.967592
-13.20816,13,281.447844
-10.786851,11,281.779873
-10.740302,11,282.161033
-8.865536,9,282.518315
-3.353141,4,282.660805
-19.715098,19,283.373773
-6.477866,7,283.615992
-7.862704,8,283.879753
-13.074436,13,284.378761
-5.506438,6,284.61141
-9.872607,10,284.952596
-14.740588,14,285.464728
-16.297265,16,285.928757
-6.52851,7,286.185766
-3.295093,4,286.337031
-22.470976,22,287.12814
-7.560708,8,287.468815
-5.478567,6,287.684981
-11.857766,12,288.155793
-3.339434,4,288.339876
-0.045553,1,288.383995
-21.790794,21,289.200896
-2.179309,3,289.328928
-9.665549,10,289.676754
-2.199264,3,289.776961
-30.085699,29,290.773836
-8.729092,9,291.105763
-7.510649,8,291.357835
-5.469783,6,291.567884
-4.323368,5,291.764712
-4.537284,5,291.969854
-5.547774,6,292.200979
-2.269367,3,292.310046
-25.018344,24,293.184875
-4.458763,5,293.352417
-3.211986,4,293.522978
-2.190525,3,293.630736
-0.048546,1,293.673308
-5.535122,6,293.872932
-4.443291,5,294.06373
-2.229524,3,294.149249
-3.232631,4,294.256162
-5.53893,6,294.431418
-2.215305,3,294.556211
-3.341385,4,294.698438
-3.324141,4,294.826345
-6.779206,7,295.047815
-9.760039,10,295.453037
-2.219252,3,295.539311
-2.213855,3,295.608907
-6.535534,7,295.838966
-9.712277,10,296.217994
-4.385179,5,296.370796
-0.049203,1,296.406861
-5.391564,6,296.622931
-5.528643,6,296.867816
-4.371523,5,297.035671
-4.526815,5,297.187805
-8.773384,9,297.499897
-1.09132,2,297.56674
-3.312702,4,297.679746
-1.09762,2,297.720317
-2.183985,3,297.818908
-4.460281,5,298.011068
-3.303794,4,298.182257
-3.334366,4,298.349994
-2.19834,3,298.45681
-10.820619,11,298.812928
-3.224303,4,298.975782
-4.567328,5,299.132333
-3.335218,4,299.234219
-10.818007,11,299.635027
-5.725529,6,299.852282
-19.514858,19,300.523932
-16.327781,16,301.109765
-2.225524,3,301.226398
-6.676667,7,301.484792
-0.023424,1,301.520344
-4.356018,5,301.668072
-5.432079,6,301.879709
-4.502014,5,302.010769
-4.464966,5,302.176836
-3.187567,4,302.32225
-3.340661,4,302.487775
-2.256478,3,302.603071
-4.46255,5,302.80877
-5.5136,6,303.056894
-5.493992,6,303.313334
-6.426324,7,303.578743
-4.398133,5,303.777886
-3.288246,4,303.908906
-2.240537,3,304.047012
-15.296905,15,304.636783
-4.447918,5,304.814817
-5.422837,6,305.06063
-5.609299,6,305.29987
-4.450265,5,305.478707
-7.550039,8,305.712958
-2.20377,3,305.804413
-17.733067,17,306.403796
-6.453596,7,306.643782
-4.513784,5,306.800033
-3.397664,4,306.900959
-3.263991,4,307.03467
-3.304825,4,307.187814
-3.317698,4,307.329415
-4.357981,5,307.508902
-3.341037,4,307.662539
-1.109281,2,307.736678
-7.615167,8,308.045781
-10.771013,11,308.435909
-3.252489,4,308.599815
-6.564423,7,308.858699
-2.193472,3,308.969729
-4.333229,5,309.169886
-4.454579,5,309.380826
-3.424276,4,309.555833
-8.705919,9,309.913233
-2.200022,3,310.005737
-5.460324,6,310.215907
-2.182107,3,310.334782
-7.548326,8,310.624492
-3.312631,4,310.738133
-6.72837,7,311.052289
-5.480858,6,311.277892
-2.220062,3,311.380894
-2.192074,3,311.488799
-17.353292,17,312.115788
-3.311473,4,312.265777
-7.72075,8,312.582253
-3.320683,4,312.739109
-2.18641,3,312.83817
-1.115817,2,312.898758
-20.546063,20,313.623872
-3.268685,4,313.770849
-3.318668,4,313.953101
-2.246791,3,314.069732
-9.851475,10,314.435026
-5.395178,6,314.670728
-0.022399,1,314.708788
-1.095414,2,314.777704
-3.329814,4,314.940114
-4.377113,5,315.118666
-2.231438,3,315.216653
-3.342518,4,315.352684
-2.2306,3,315.435215
-3.312116,4,315.531205
-7.639886,8,315.840271
-2.22202,3,315.975713
-0.049873,1,316.018782
-4.382583,5,316.192512
-10.877451,11,316.642217
-3.224402,4,316.787693
-4.470472,5,316.996861
-2.181677,3,317.100849
-4.406576,5,317.302203
-1.108561,2,317.400756
-2.192167,3,317.517771
-2.18449,3,317.6292
-2.256699,3,317.761014
-5.533206,6,317.996678
-2.199446,3,318.12082
-3.360258,4,318.259032
-3.334124,4,318.433347
-3.320361,4,318.615843
-1.118204,2,318.684808
-1.09454,2,318.773983
-4.428902,5,318.97227
-3.274792,4,319.155031
-8.735185,9,319.49318
-3.31285,4,319.649816
-4.506224,5,319.799783
-3.28227,4,319.905922
-3.318125,4,320.014381
-4.39488,5,320.17337
-0.018936,1,320.210652
-8.703349,9,320.564633
-3.256642,4,320.724759
-3.363014,4,320.889696
-2.236892,3,321.023897
-2.165313,3,321.151009
-2.210878,3,321.260929
-2.176774,3,321.365618
-3.32044,4,321.524489
-3.33287,4,321.668742
-5.446823,6,321.885705
-3.375451,4,322.039907
-2.175352,3,322.169728
-3.284347,4,322.329356
-2.178265,3,322.450865
-4.525981,5,322.636221
-3.296542,4,322.795963
-2.233235,3,322.844879
-2.191486,3,322.920877
-4.38834,5,323.100704
-10.793264,11,323.464178
-4.402241,5,323.650928
-3.322844,4,323.812617
-3.289514,4,323.944067
-10.915235,11,324.293399
-1.137033,2,324.376812
-1.107027,2,324.451488
-33.359833,32,325.576658
-2.235116,3,325.710663
-3.252487,4,325.854636
-2.250147,3,325.966734
-2.211752,3,326.094785
-3.335916,4,326.247095
-3.382876,4,326.389913
-4.342206,5,326.570983
-1.106006,2,326.639297
-3.316365,4,326.794568
-1.130419,2,326.859912
-2.198765,3,326.988817
-1.136176,2,327.089888
-6.607247,7,327.743117
-4.32389,5,327.934275
-3.405337,4,328.04572
-3.226742,4,328.185782
-4.463469,5,328.354304
-3.308303,4,328.484796
-25.776135,25,329.484375
-4.496248,5,329.654211
-3.306888,4,329.823926
-5.364068,6,330.058823
-3.334494,4,330.218827
-4.421093,5,330.402203
-3.267377,4,330.58076
-25.096543,24,331.496889
-2.214158,3,331.610799
-4.405474,5,331.797804
-3.323603,4,331.972208
-2.183067,3,332.10665
-3.311085,4,332.260812
-3.241749,4,332.418806
-0.049616,1,332.466881
-2.191925,3,332.59578
-3.294441,4,332.744792
-53.254371,50,334.684674
-1.12364,2,334.763791
-3.275205,4,334.900905
-3.364814,4,335.058042
-2.184412,3,335.17757
-1.120627,2,335.260868
-2.170109,3,335.373198
-4.307891,5,335.553616
-4.391288,5,335.751189
-2.179474,3,335.867663
-3.281989,4,336.044507
-2.20641,3,336.157698
-2.193834,3,336.249957
-3.408958,4,336.387874
-3.331954,4,336.498916
-3.370958,4,336.60079
-3.369542,4,336.714736
-6.58907,7,337.010088
-0.036057,1,337.050782
-3.321426,4,337.194883
-4.4278,5,337.387104
-3.23118,4,337.560936
-3.401949,4,337.716819
-1.108151,2,337.793726
-2.216292,3,337.904889
-34.20443,33,339.333825
-1.085244,2,339.410747
-2.241231,3,339.469759
-0.030785,1,339.49381
-2.202567,3,339.610803
-2.223937,3,339.74391
-3.339475,4,339.910801
-3.397294,4,340.059082
-3.299517,4,340.218784
-2.177124,3,340.320842
-1.104371,2,340.400795
-3.328654,4,340.547112
-0.020691,1,340.592246
-0.011501,1,340.63331
-2.192883,3,340.761082
-10.895395,11,341.194783
-2.163554,3,341.275762
-3.40435,4,341.356138
-3.375561,4,341.440144
-4.415113,5,341.623766
-3.34085,4,341.786706
-1.102808,2,341.860926
-3.263652,4,342.000104
-2.198345,3,342.103409
-3.335557,4,342.232317
-3.326053,4,342.335145
-11.984916,12,342.680642
-2.204276,3,342.789681
-1.109056,2,342.872496
-3.387505,4,343.020757
-2.164791,3,343.150262
-0.048815,1,343.190809
-2.195315,3,343.3189
-15.071859,15,343.841241
-1.098641,2,343.914908
-3.371783,4,344.062439
-2.265753,3,344.17239
-4.413844,5,344.380818
-3.249506,4,344.525911
-1.118106,2,344.595935
-4.405054,5,344.80675
-2.168374,3,344.910653
-1.073723,2,344.983367
-3.316532,4,345.130905
-2.23195,3,345.252987
-1.117903,2,345.327724
-7.749441,8,345.590696
-0.046465,1,345.625756
-3.237028,4,345.778053
-3.363342,4,345.929651
-2.250541,3,346.035848
-2.271594,3,346.146046
-3.333563,4,346.315839
-3.367439,4,346.462446
-1.102619,2,346.533748
-2.213793,3,346.662094
-3.332283,4,346.834598
-3.275822,4,346.992295
-1.138014,2,347.073972
-3.338623,4,347.203879
-2.21773,3,347.329698
-2.184237,3,347.462619
-5.416105,6,347.693102
-2.196046,3,347.80686
-0.021665,1,347.856715
-3.320505,4,348.01501
-3.261114,4,348.179651
-3.474109,4,348.344929
-3.308747,4,348.519869
-3.305416,4,348.659353
-2.218551,3,348.79668
-3.352817,4,348.948201
-1.098341,2,349.037628
-8.759534,9,349.298916
-2.208024,3,349.39803
-0.034285,1,349.424974
-3.280104,4,349.61089
-3.331742,4,349.756959
-3.361726,4,349.897856
-3.356501,4,350.048882
-3.341199,4,350.208769
-2.17775,3,350.336825
-2.186156,3,350.455012
-3.302801,4,350.608992
-1.123396,2,350.684539
-2.148029,3,350.796819
-3.270406,4,350.948799
-0.038729,1,350.985857
-7.621665,8,351.256767
-2.175179,3,351.297816
-3.359672,4,351.473872
-3.331454,4,351.609808
-1.104447,2,351.698694
-1.093004,2,351.780819
-2.254663,3,351.88683
-0.014142,1,351.92238
-0.017941,1,351.96369
-1.113414,2,352.03229
-3.310481,4,352.159724
-2.198086,3,352.290874
-2.184467,3,352.400028
-0.037679,1,352.442345
-3.311268,4,352.590876
-4.362345,5,352.788712
-3.282916,4,352.944927
-3.335347,4,353.100765
-1.113492,2,353.179817
-3.265007,4,353.34296
-2.196766,3,353.458932
-3.346017,4,353.590884
-2.22403,3,353.710722
-2.256744,3,353.81687
-1.093021,2,353.903774
-3.33547,4,354.049645
-1.110234,2,354.119754
-2.235134,3,354.232932
-3.288455,4,354.380764
-1.083886,2,354.460886
-0.048798,1,354.500792
-3.358812,4,354.658727
-13.001366,13,355.154877
-3.240902,4,355.314677
-3.290016,4,355.485929
-1.086102,2,355.584834
-3.31242,4,355.7577
-2.25766,3,355.872229
-1.083422,2,355.962566
-2.212695,3,356.078843
-2.242488,3,356.209158
-3.351211,4,356.355861
-2.224515,3,356.467848
-3.276175,4,356.629682
-5.423049,6,356.856841
-2.189332,3,356.967764
-3.311335,4,357.11782
-3.394165,4,357.273751
-3.290587,4,357.429896
-2.237785,3,357.546198
-8.59501,9,357.872489
-2.253212,3,357.998806
-3.385039,4,358.164772
-3.302908,4,358.333704
-1.126724,2,358.405025
-2.209488,3,358.542357
-3.320103,4,358.709744
-15.375206,15,359.202308
-3.327354,4,359.34389
-1.129213,2,359.415652
-2.2217,3,359.533693
-2.210795,3,359.646765
-3.275585,4,359.80496
-1.124026,2,359.869456
-2.175549,3,359.967912
-3.372023,4,360.120701
-0.038642,1,360.163021
-7.649703,8,360.465069
-3.272957,4,360.633162
-1.083371,2,360.709883
-2.176102,3,360.842334
-1.099668,2,360.918862
-3.327802,4,361.022243
-2.190115,3,361.092952
-3.329464,4,361.223899
-3.350987,4,361.358713
-1.13917,2,361.417824
-1.123132,2,361.472147
-2.157172,3,361.54013
-1.135658,2,361.606822
-4.347808,5,361.804672
-2.201025,3,361.920793
-3.345996,4,362.089788
-2.205755,3,362.174957
-1.121301,2,362.216867
-3.32048,4,362.302286
-1.130142,2,362.353383
-3.467228,4,362.448759
-2.256859,3,362.573107
-0.046884,1,362.622368
-1.111356,2,362.680727
-2.268103,3,362.76086
-2.266095,3,362.840727
-3.313031,4,362.93387
-2.209353,3,363.023219
-3.395763,4,363.147907
-0.048499,1,363.186798
-3.302202,4,363.359743
-3.261934,4,363.493735
-3.337328,4,363.64569
-3.420895,4,363.795001
-1.137254,2,363.864169
-3.292229,4,364.003814
-3.26329,4,364.15309
-3.386174,4,364.327886
-2.225334,3,364.45229
-3.338619,4,364.622313
-2.171007,3,364.736101
-3.286549,4,364.893387
-5.513108,6,365.09995
-2.200985,3,365.180798
-3.33924,4,365.292542
-3.277902,4,365.415817
-2.219322,3,365.527247
-1.09345,2,365.612381
-3.314708,4,365.78096
-1.125111,2,365.858711
-0.032002,1,365.898788
-2.242686,3,365.997694
-2.181252,3,366.108866
-2.165387,3,366.216865
-3.291388,4,366.358872
-3.309038,4,366.507869
-3.272442,4,366.639876
-2.190704,3,366.785934
-3.394146,4,366.953242
-0.013099,1,367.000823
-2.243638,3,367.099879
-3.30587,4,367.233307
-3.348685,4,367.359822
-3.31385,4,367.497967
-4.424952,5,367.698723
-2.216719,3,367.82075
-2.164993,3,367.933043
-2.19434,3,368.043052
-4.373083,5,368.217798
-3.334586,4,368.392348
-1.078223,2,368.432932
-2.230198,3,368.512499
-2.179738,3,368.593601
-3.301671,4,368.744832
-3.323538,4,368.875815
-6.529797,7,369.133707
-2.204995,3,369.245898
-3.348967,4,369.405367
-10.812631,11,369.80874
-1.130976,2,369.873127
-2.208305,3,369.996688
-1.086478,2,370.080839
-1.118475,2,370.150912
-1.100233,2,370.22094
-3.377108,4,370.345796
-1.125355,2,370.397874
-0.043019,1,370.417909
-3.286351,4,370.520859
-2.196322,3,370.60086
-0.040472,1,370.646049
-2.20038,3,370.760779
-1.073267,2,370.839906
-2.271441,3,370.911104
-2.177633,3,371.013278
-4.499583,5,371.203899
-1.099019,2,371.271037
-1.079199,2,371.352245
-3.353532,4,371.49697
-0.033737,1,371.545741
-3.357871,4,371.698774
-3.326606,4,371.865395
-1.082848,2,371.957999
-2.190183,3,372.061341
-2.203272,3,372.2009
-0.049743,1,372.24073
-2.193513,3,372.36881
-3.368992,4,372.532254
-1.114377,2,372.618724
-2.238739,3,372.735333
-4.390877,5,372.918699
-0.04797,1,372.964275
-2.181641,3,373.083356
-2.199189,3,373.190801
-0.038718,1,373.230874
-2.179307,3,373.327795
-5.414454,6,373.543786
-2.27557,3,373.660377
-4.423967,5,373.861289
-3.355618,4,374.006739
-0.038079,1,374.0488
-3.310042,4,374.198744
-0.041205,1,374.246828
-3.395901,4,374.405667
-3.300008,4,374.530934
-2.198809,3,374.652351
-0.048031,1,374.694606
-1.113003,2,374.763219
-3.308025,4,374.915011
-1.11479,2,374.99951
-2.179782,3,375.122184
-0.047398,1,375.153735
-3.293232,4,375.290832
-3.307995,4,375.41371
-1.106687,2,375.499934
-3.375284,4,375.625747
-2.184724,3,375.733277
-3.336957,4,375.900628
-0.044625,1,375.949711
-3.376896,4,376.120665
-2.20121,3,376.230872
-2.21551,3,376.320754
-1.111293,2,376.39115
-4.471371,5,376.558234
-2.173043,3,376.668926
-1.10269,2,376.740749
-1.092627,2,376.817811
-2.243562,3,376.924883
-1.11811,2,377.009825
-3.344613,4,377.179048
-3.368752,4,377.369388
-2.195679,3,377.479983
-3.369932,4,377.65467
-2.233593,3,377.78243
-0.045414,1,377.827669
-0.046229,1,377.868902
-1.104442,2,377.944825
-3.328996,4,378.089092
-4.408524,5,378.308059
-2.185988,3,378.424795
-3.264517,4,378.605722
-1.12366,2,378.673366
-1.097323,2,378.764749
-3.30602,4,378.94873
-3.292324,4,379.097667
-1.08987,2,379.178113
-2.173662,3,379.322381
-2.208564,3,379.41983
-2.222977,3,379.528747
-2.209664,3,379.681249
-2.199546,3,379.825055
-2.165305,3,379.92579
-2.189791,3,380.039188
-2.258563,3,380.141348
-2.274777,3,380.294687
-2.241327,3,380.401069
-2.190768,3,380.510854
-4.455077,5,380.720777
-2.160834,3,380.838827
-2.191176,3,380.966094
-1.129418,2,381.053865
-2.255237,3,381.163342
-2.258633,3,381.289885
-2.256406,3,381.422334
-0.026874,1,381.46742
-3.265811,4,381.605645
-2.210938,3,381.724708
-4.432224,5,381.922391
-2.160555,3,382.029768
-1.119086,2,382.105574
-2.222546,3,382.21868
-1.129947,2,382.289883
-2.234471,3,382.412275
-4.479342,5,382.589101
-3.395089,4,382.754812
-2.181175,3,382.850754
-3.332687,4,382.956822
-3.313952,4,383.112171
-2.225348,3,383.253364
-2.189798,3,383.383114
-3.297922,4,383.552669
-0.046909,1,383.580741
-2.169704,3,383.725019
-1.092824,2,383.804667
-1.116414,2,383.873275
-0.03278,1,383.89496
-2.250821,3,384.012549
-3.295995,4,384.161302
-2.207755,3,384.290797
-3.301067,4,384.468926
-3.465619,4,384.635758
-1.122918,2,384.710288
-1.147938,2,384.789806
-3.281856,4,384.927728
-2.185446,3,385.05877
-2.159994,3,385.166963
-2.199125,3,385.297797
-2.168005,3,385.414717
-1.1145,2,385.504298
-2.213416,3,385.614683
-2.198544,3,385.718612
-2.248452,3,385.823405
-2.134168,3,385.949134
-2.255725,3,386.062433
-2.271689,3,386.182594
-1.123844,2,386.267372
-1.081629,2,386.347818
-2.174249,3,386.483378
-1.100782,2,386.573052
-0.00983,1,386.609128
-1.097912,2,386.697749
-4.44595,5,386.902393
-2.153127,3,387.026821
-3.324402,4,387.190869
-3.315238,4,387.367911
-2.216777,3,387.479938
-2.268819,3,387.593348
-1.096336,2,387.683264
-2.169819,3,387.799135
-3.345693,4,387.945789
-4.380741,5,388.152289
-2.157867,3,388.309863
-2.21419,3,388.452275
-4.426953,5,388.620678
-1.099868,2,388.67237
-1.126228,2,388.773376
-0.033037,1,388.819736
-1.090388,2,388.887064
-3.299062,4,389.046822
-3.314506,4,389.208741
-2.246254,3,389.331551
-3.31595,4,389.489166
-3.374833,4,389.633713
-1.136072,2,389.706817
-0.040954,1,389.757888
-2.260844,3,389.870749
-1.105072,2,389.934845
-3.371224,4,390.086783
-1.114394,2,390.164901
-0.027899,1,390.197681
-2.239222,3,390.307848
-1.123447,2,390.37482
-1.120957,2,390.455702
-3.326941,4,390.604202
-2.157776,3,390.719743
-1.104874,2,390.793854
-2.210176,3,390.869815
-2.188646,3,390.917886
-2.172494,3,390.989792
-0.020246,1,391.014308
-3.332563,4,391.12678
-3.302196,4,391.236662
-2.246563,3,391.337741
-0.014677,1,391.373055
-0.029424,1,391.418675
-2.216248,3,391.516645
-1.091928,2,391.57379
-3.317455,4,391.716337
-2.226618,3,391.80872
-1.092313,2,391.863819
-2.240917,3,391.940109
-0.009681,1,391.973906
-3.444902,4,392.11394
-2.173722,3,392.21553
-1.10246,2,392.263879
-2.206415,3,392.37063
-2.193235,3,392.507621
-4.32373,5,392.668189
-1.132341,2,392.746694
-4.486311,5,392.929782
-2.26699,3,393.007251
-0.033872,1,393.024901
-2.218818,3,393.115824
-2.255745,3,393.208266
-2.213942,3,393.314453
-3.288879,4,393.440878
-3.334299,4,393.577303
-1.124369,2,393.648827
-2.229995,3,393.762563
-3.394293,4,393.88503
-1.081983,2,393.963717
-3.409809,4,394.112235
-1.092158,2,394.183203
-0.032682,1,394.219791
-3.315256,4,394.368297
-2.223837,3,394.458741
-2.250149,3,394.572907
-2.243037,3,394.685057
-2.241081,3,394.788818
-0.024046,1,394.829881
-1.12094,2,394.894235
-1.115035,2,394.954505
-3.448884,4,395.055402
-3.392075,4,395.152319
-3.404919,4,395.307625
-3.289888,4,395.447806
-2.243208,3,395.554876
-3.335347,4,395.698293
-3.302918,4,395.844339
-1.089366,2,395.916745
-0.037669,1,395.949785
-3.342876,4,396.090883
-2.254869,3,396.207096
-3.466761,4,396.379128
-0.029235,1,396.413838
-3.368115,4,396.565851
-3.42364,4,396.753345
-2.188751,3,396.85235
-3.403003,4,397.020732
-2.231533,3,397.146843
-2.187072,3,397.270412
-2.207658,3,397.372416
-2.207175,3,397.489024
-2.245889,3,397.603774
-1.124013,2,397.695104
-3.293343,4,397.823152
-3.321628,4,397.96476
-2.174501,3,398.075292
-2.248752,3,398.172694
-4.541512,5,398.359835
-1.119603,2,398.430736
-1.117753,2,398.510668
-3.295393,4,398.661191
-3.308795,4,398.76371
-3.328931,4,398.866651
-3.290232,4,398.975932
-3.323228,4,399.094994
-0.048508,1,399.116541
-1.090139,2,399.163852
-2.217029,3,399.26068
-4.44753,5,399.492085
-1.085776,2,399.579348
-3.341624,4,399.740758
-3.299782,4,399.885995
-3.321028,4,400.049661
-0.041647,1,400.083235
-2.222552,3,400.185872
-3.398842,4,400.350862
-3.410376,4,400.523372
-2.212432,3,400.592604
-3.305102,4,400.724735
-2.266413,3,400.821283
-2.191609,3,400.910607
-3.30753,4,401.056691
-2.215477,3,401.178323
-4.492338,5,401.370203
-2.275334,3,401.502548
-0.046731,1,401.533766
-2.250694,3,401.658806
-3.316598,4,401.826338
-1.092197,2,401.90102
-0.038237,1,401.9354
-0.033882,1,401.960583
-1.083273,2,402.027869
-0.047546,1,402.067981
-2.205758,3,402.168706
-3.283262,4,402.293026
-3.353926,4,402.422305
-4.510257,5,402.552343
-3.253084,4,402.666067
-2.243016,3,402.787024
-3.315417,4,402.948855
-2.189399,3,403.076304
-1.099295,2,403.15224
-1.076586,2,403.224076
-1.105348,2,403.309718
-1.12097,2,403.417756
-2.186962,3,403.546769
-3.341458,4,403.699153
-2.157688,3,403.807637
-1.133045,2,403.894765
-0.021914,1,403.932316
-2.261826,3,404.014028
-3.316473,4,404.154754
-1.111532,2,404.229103
-2.233307,3,404.323748
-3.303397,4,404.435354
-2.178622,3,404.537804
-1.113318,2,404.610766
-2.235892,3,404.709649
-2.26695,3,404.813788
-2.191764,3,404.93785
-1.107125,2,405.004567
-1.098719,2,405.076845
-3.289099,4,405.199943
-3.354926,4,405.328856
-3.327506,4,405.480946
-2.247812,3,405.605999
-2.206076,3,405.698874
-0.040858,1,405.723909
-1.132321,2,405.770733
-2.282341,3,405.878894
-3.276722,4,406.047779
-1.118343,2,406.124896
-3.33371,4,406.282369
-1.126242,2,406.349776
-1.133228,2,406.397176
-0.042879,1,406.426018
-2.213248,3,406.538789
-0.018816,1,406.575844
-2.171358,3,406.684531
-3.30367,4,406.839783
-3.348246,4,407.010824
-1.137042,2,407.086766
-1.116053,2,407.163884
-2.170757,3,407.279905
-0.009858,1,407.349732
-2.165999,3,407.45791
-1.072113,2,407.536865
-0.043124,1,407.57648
-3.396309,4,407.729852
-0.035066,1,407.770912
-2.176438,3,407.868701
-1.140151,2,407.917784
-1.129853,2,407.979388
-1.096544,2,408.040857
-2.242479,3,408.145723
-4.476215,5,408.294156
-0.024537,1,408.323771
-3.37524,4,408.448792
-3.355387,4,408.604151
-2.176015,3,408.727751
-2.203083,3,408.847802
-3.302618,4,408.977393
-2.226094,3,409.074711
-3.349952,4,409.218654
-3.305709,4,409.376039
-1.127566,2,409.46388
-1.095112,2,409.539762
-2.243254,3,409.615711
-2.15573,3,409.737769
-0.042832,1,409.78609
-2.192708,3,409.899768
-0.048754,1,409.942331
-2.263325,3,410.068835
-2.164414,3,410.176389
-3.34865,4,410.316277
-0.048017,1,410.349105
-3.300653,4,410.498791
-1.129211,2,410.585935
-1.096002,2,410.658796
-4.437202,5,410.850796
-1.10408,2,410.919042
-2.186859,3,411.019863
-1.099673,2,411.103282
-3.313884,4,411.260901
-2.270217,3,411.387786
-2.186738,3,411.509683
-4.360004,5,411.705516
-1.139662,2,411.783265
-2.209781,3,411.913321
-3.317476,4,412.069823
-2.252467,3,412.197581
-0.044994,1,412.227063
-2.264027,3,412.358765
-1.087939,2,412.446775
-4.465775,5,412.689093
-1.099932,2,412.76988
-1.134551,2,412.850754
-2.23914,3,412.889312
-2.270638,3,413.009831
-2.166971,3,413.130813
-2.197752,3,413.252314
-2.217517,3,413.359789
-2.196857,3,413.470827
-2.235258,3,413.591318
-3.299478,4,413.760889
-0.048321,1,413.79558
-2.159308,3,413.904004
-2.195241,3,414.023656
-2.226905,3,414.143796
-1.121422,2,414.22589
-1.117802,2,414.310692
-3.324203,4,414.470655
-3.354025,4,414.634808
-2.267818,3,414.746838
-4.496985,5,414.852368
-2.187582,3,414.965775
-3.278256,4,415.096933
-2.16658,3,415.21938
-3.323542,4,415.389956
-2.22203,3,415.497563
-3.327169,4,415.632187
-2.210166,3,415.738734
-2.176209,3,415.866883
-3.31478,4,415.997059
-2.216951,3,416.065768
-3.334406,4,416.16591
-3.314121,4,416.274148
-2.227578,3,416.364686
-0.04438,1,416.394238
-1.134792,2,416.457839
-0.033499,1,416.479376
-1.106414,2,416.530692
-2.173346,3,416.610781
-2.236474,3,416.669868
-1.100018,2,416.728649
-3.277664,4,416.85365
-1.092403,2,416.940895
-2.17507,3,417.043078
-2.261381,3,417.155991
-2.267082,3,417.253232
-3.286932,4,417.334881
-0.028161,1,417.355911
-3.38457,4,417.452366
-3.364854,4,417.542377
-2.244277,3,417.650852
-2.270173,3,417.790709
-2.268345,3,417.870832
-2.244232,3,417.963707
-3.416369,4,418.146726
-1.104204,2,418.197026
-2.203727,3,418.323321
-4.388753,5,418.525735
-2.236462,3,418.6467
-2.258227,3,418.746603
-2.17992,3,418.881384
-3.31404,4,419.023362
-0.029796,1,419.069566
-2.163253,3,419.177912
-2.227516,3,419.293325
-2.208896,3,419.430826
-1.106782,2,419.498113
-2.228096,3,419.60602
-3.327295,4,419.768728
-3.361817,4,419.942418
-2.217786,3,420.076719
-1.118998,2,420.119955
-2.205075,3,420.247866
-1.106232,2,420.340751
-2.187911,3,420.468842
-0.041947,1,420.514276
-2.265208,3,420.629031
-2.194652,3,420.744706
-3.304653,4,420.903901
-2.16949,3,421.010618
-2.243506,3,421.117834
-3.431023,4,421.275681
-2.172491,3,421.40083
-1.097832,2,421.477628
-2.210265,3,421.591367
-3.266791,4,421.735963
-2.195556,3,421.849596
-1.118116,2,421.883144
-1.111711,2,421.937998
-3.310725,4,422.060779
-2.25738,3,422.173309
-0.026647,1,422.213022
-2.210513,3,422.307821
-2.241667,3,422.415368
-2.184945,3,422.507042
-2.233627,3,422.588903
-1.113074,2,422.654145
-2.210754,3,422.760705
-2.191792,3,422.884195
-1.120443,2,422.963924
-2.25665,3,423.069895
-3.386061,4,423.185863
-2.186668,3,423.297928
-2.194247,3,423.418747
-3.291175,4,423.557725
-2.176459,3,423.650881
-2.212632,3,423.745778
-2.186097,3,423.855844
-6.598117,7,424.128973
-1.099641,2,424.208868
-2.210431,3,424.33391
-2.283058,3,424.454817
-3.340168,4,424.622252
-3.336236,4,424.777904
-1.074319,2,424.848769
-2.224923,3,424.946781
-2.239165,3,425.043717
-1.094645,2,425.097954
-2.182931,3,425.210904
-1.092641,2,425.266325
-1.145259,2,425.323843
-2.184271,3,425.400932
-0.045542,1,425.439839
-3.293443,4,425.594784
-3.301437,4,425.742329
-2.216109,3,425.846782
-3.376175,4,426.016785
-1.098665,2,426.089898
-2.235406,3,426.192327
-3.380516,4,426.339811
-2.218559,3,426.470866
-2.231999,3,426.581267
-2.211419,3,426.681418
-2.220053,3,426.799049
-4.433096,5,426.993979
-2.245988,3,427.115802
-3.282585,4,427.272375
-2.262276,3,427.386886
-2.235624,3,427.478232
-1.12076,2,427.563869
-2.208601,3,427.685805
-1.128958,2,427.76454
-2.245654,3,427.890758
-3.32179,4,428.043706
-3.334707,4,428.17791
-3.375151,4,428.316879
-3.333776,4,428.470888
-3.437039,4,428.610858
-3.363993,4,428.759866
-2.225956,3,428.88329
-2.216036,3,429.012173
-4.416597,5,429.152364
-3.330419,4,429.291232
-1.082647,2,429.369856
-2.215703,3,429.496917
-3.314165,4,429.642422
-2.203368,3,429.730834
-3.283088,4,429.882287
-3.344864,4,430.056899
-2.220173,3,430.175771
-2.264229,3,430.28691
-1.113487,2,430.369866
-2.225192,3,430.5048
-0.047719,1,430.536847
-3.346814,4,430.684943
-2.226531,3,430.807042
-3.303198,4,430.963106
-3.349646,4,431.115781
-3.305905,4,431.26967
-1.131525,2,431.338776
-2.233103,3,431.466849
-0.042583,1,431.510915
-0.026725,1,431.549671
-2.258011,3,431.66485
-3.334412,4,431.823817
-1.098395,2,431.895945
-2.231175,3,431.999289
-3.381966,4,432.154587
-3.303846,4,432.305596
-2.255838,3,432.402983
-2.225152,3,432.514098
-1.083205,2,432.580797
-2.22945,3,432.675534
-1.087678,2,432.732248
-2.293826,3,432.866915
-2.233242,3,433.005673
-3.341127,4,433.175756
-3.404221,4,433.328665
-3.324926,4,433.48731
-2.23157,3,433.598259
-1.074244,2,433.691291
-3.369455,4,433.865645
-1.079641,2,433.935453
-2.199126,3,434.042234
-3.354416,4,434.183277
-3.384611,4,434.292671
-2.249579,3,434.368934
-1.105035,2,434.447852
-2.273346,3,434.535824
-2.220505,3,434.604978
-2.203237,3,434.680757
-3.30492,4,434.786481
-1.12882,2,434.846699
-2.167021,3,434.942144
-0.044796,1,434.977815
-3.308691,4,435.144918
-1.102719,2,435.224969
-2.197632,3,435.33688
-3.294357,4,435.49464
-1.130589,2,435.559726
-2.25899,3,435.654486
-1.088513,2,435.731285
-3.367537,4,435.893968
-3.389332,4,436.039621
-1.130817,2,436.120985
-1.106816,2,436.19799
-2.231315,3,436.306047
-0.03514,1,436.334409
-1.067673,2,436.418776
-1.116473,2,436.46986
-3.352406,4,436.628892
-1.075509,2,436.684449
-3.398127,4,436.840623
-1.126412,2,436.893041
-3.329832,4,437.037641
-3.343765,4,437.195778
-1.131991,2,437.282413
-2.182617,3,437.400294
-0.029429,1,437.432974
-3.386677,4,437.59038
-0.034913,1,437.636714
-3.370129,4,437.796922
-2.213945,3,437.892293
-3.294796,4,437.994381
-2.216824,3,438.097246
-3.323037,4,438.248731
-2.272865,3,438.362324
-1.11767,2,438.434138
-1.109272,2,438.483787
-3.294951,4,438.588776
-1.070085,2,438.666732
-2.246289,3,438.756827
-3.313209,4,438.877697
-3.41817,4,438.994967
-3.283063,4,439.135773
-0.043748,1,439.169456
-3.359656,4,439.287898
-3.375668,4,439.432334
-2.242035,3,439.543169
-3.360946,4,439.695355
-3.358973,4,439.837735
-3.278965,4,439.978741
-2.199959,3,440.095936
-3.312205,4,440.236779
-1.122924,2,440.314951
-3.292943,4,440.463879
-2.181663,3,440.597361
-2.25783,3,440.709881
-3.322413,4,440.868883
-2.1805,3,440.966823
-1.108164,2,441.040705
-1.08632,2,441.134656
-2.235702,3,441.25478
-4.498085,5,441.446837
-1.115254,2,441.527771
-1.080956,2,441.6171
-3.327697,4,441.78329
-2.173192,3,441.880737
-0.036121,1,441.914978
-1.097961,2,441.991223
-2.173216,3,442.105871
-1.094754,2,442.156826
-1.094115,2,442.227699
-2.210661,3,442.332994
-0.025306,1,442.369768
-2.241497,3,442.462383
-2.261076,3,442.55335
-3.333572,4,442.659142
-2.218198,3,442.7708
-2.237236,3,442.867574
-4.448527,5,443.014656
-1.11114,2,443.079762
-3.37392,4,443.193406
-2.230644,3,443.272238
-1.096988,2,443.309871
-3.283706,4,443.412431
-3.324469,4,443.550874
-2.195226,3,443.634067
-2.192571,3,443.756877
-0.015214,1,443.790135
-3.387832,4,443.948738
-0.044615,1,443.978786
-2.271009,3,444.087873
-0.016663,1,444.126877
-2.218864,3,444.243835
-3.312121,4,444.384798
-4.472574,5,444.57879
-3.308444,4,444.734948
-2.262565,3,444.85233
-0.026178,1,444.912215
-3.334737,4,445.053331
-1.125443,2,445.123184
-2.205421,3,445.253394
-2.221921,3,445.38389
-2.225783,3,445.49992
-2.260151,3,445.637789
-3.319266,4,445.811125
-2.270137,3,445.936845
-3.329291,4,446.084502
-1.114089,2,446.166711
-1.131993,2,446.243729
-2.187511,3,446.362298
-2.169474,3,446.462234
-1.066222,2,446.524691
-3.281061,4,446.686782
-0.026475,1,446.720946
-2.246376,3,446.840746
-3.313248,4,447.001285
-3.372807,4,447.166751
-3.319298,4,447.34992
-2.17399,3,447.460809
-2.170875,3,447.575613
-3.373391,4,447.687713
-1.093152,2,447.737756
-3.30462,4,447.858001
-3.341141,4,447.963208
-0.042315,1,448.008687
-3.439543,4,448.142299
-2.241297,3,448.240762
-2.186058,3,448.33672
-1.133311,2,448.420593
-1.13254,2,448.485699
-2.255612,3,448.562206
-2.274626,3,448.663793
-1.08407,2,448.736679
-1.12383,2,448.806291
-2.175792,3,448.876732
-1.126315,2,448.945751
-2.23918,3,449.055915
-2.22862,3,449.193198
-2.223384,3,449.296865
-1.099357,2,449.374353
-0.03409,1,449.428753
-2.263843,3,449.526909
-3.312522,4,449.61907
-3.37719,4,449.736903
-3.343951,4,449.843315
-1.114724,2,449.892385
-2.237446,3,449.999746
-0.040653,1,450.026793
-2.203837,3,450.140839
-3.300813,4,450.253763
-3.428658,4,450.352923
-0.026176,1,450.386857
-2.240145,3,450.490734
-2.199615,3,450.588897
-1.129964,2,450.650795
-1.11662,2,450.717043
-2.275275,3,450.826862
-3.418149,4,450.988861
-3.362426,4,451.150799
-3.317999,4,451.320671
-3.274799,4,451.483636
-2.256078,3,451.537715
-2.202808,3,451.638876
-0.04957,1,451.670864
-1.137431,2,451.752421
-2.213743,3,451.869133
-3.28622,4,452.021398
-2.231497,3,452.139061
-2.253549,3,452.256644
-3.369221,4,452.410866
-2.238913,3,452.51783
-3.373971,4,452.676896
-3.384858,4,452.834888
-2.20827,3,452.944924
-3.353718,4,453.119137
-3.329969,4,453.300186
-2.234136,3,453.384528
-3.361834,4,453.494476
-3.302858,4,453.640641
-2.179092,3,453.756672
-1.122142,2,453.840921
-3.350058,4,453.977669
-2.232075,3,454.090646
-2.179588,3,454.214244
-0.037434,1,454.25236
-3.331928,4,454.367978
-5.48448,6,454.575754
-0.040799,1,454.600302
-2.211117,3,454.680787
-0.049582,1,454.70133
-2.199652,3,454.776829
-2.187758,3,454.872298
-2.194279,3,454.949771
-3.322283,4,455.107945
-1.106397,2,455.182268
-2.189949,3,455.318662
-3.364981,4,455.454522
-2.230974,3,455.544087
-1.118628,2,455.590798
-1.081892,2,455.645784
-0.026627,1,455.67483
-2.236755,3,455.747866
-1.08137,2,455.79093
-3.293609,4,455.885776
-3.351476,4,455.996919
-3.398831,4,456.117692
-2.246615,3,456.204975
-1.116798,2,456.252256
-0.036967,1,456.290833
-3.349518,4,456.401356
-4.462807,5,456.549769
-2.17816,3,456.664106
-1.104769,2,456.74575
-2.228349,3,456.844012
-0.034368,1,456.873715
-2.198629,3,457.007318
-2.191921,3,457.132571
-3.28768,4,457.313261
-0.04664,1,457.346839
-2.254573,3,457.468795
-2.233153,3,457.597353
-2.239897,3,457.717952
-1.122385,2,457.784756
-0.023435,1,457.827774
-4.364774,5,458.026629
-2.211545,3,458.167801
-2.155655,3,458.302802
-2.158713,3,458.419273
-3.331075,4,458.626042
-3.347771,4,458.767499
-3.310317,4,458.917854
-1.127382,2,458.992261
-1.079584,2,459.077733
-2.220813,3,459.19208
-3.305653,4,459.33887
-3.29379,4,459.482337
-3.382723,4,459.643171
-2.163755,3,459.750611
-2.257524,3,459.872299
-0.023592,1,459.917714
-1.113611,2,460.020385
-3.256265,4,460.180801
-0.048418,1,460.226067
-0.015267,1,460.26381
-3.392422,4,460.440759
-1.097765,2,460.521078
-0.023424,1,460.562181
-1.080613,2,460.600251
-2.172024,3,460.693822
-2.212792,3,460.77995
-2.15754,3,460.857078
-1.100056,2,460.927127
-1.074181,2,461.009026
-2.214888,3,461.116932
-3.276842,4,461.244824
-3.361562,4,461.387891
-2.249956,3,461.496816
-1.130905,2,461.549782
-3.275957,4,461.669754
-0.029329,1,461.699312
-3.293456,4,461.870959
-3.414408,4,461.995744
-2.244921,3,462.074704
-2.18248,3,462.165765
-3.386424,4,462.323866
-1.082496,2,462.396635
-4.420512,5,462.614863
-2.172401,3,462.726887
-1.123704,2,462.778777
-2.173473,3,462.852289
-0.034616,1,462.872322
-3.29962,4,463.020737
-2.196989,3,463.123398
-1.106224,2,463.178634
-2.211052,3,463.267687
-1.125689,2,463.324872
-3.3359,4,463.447736
-2.163894,3,463.522983
-3.368342,4,463.626705
-3.319804,4,463.728101
-2.195737,3,463.807411
-2.21579,3,463.888733
-2.167337,3,463.978044
-2.210513,3,464.050013
-3.333963,4,464.169662
-3.304388,4,464.306996
-3.301187,4,464.412225
-3.378283,4,464.520954
-2.224144,3,464.616363
-1.095813,2,464.694667
-2.167738,3,464.819309
-3.28678,4,464.971536
-2.275763,3,465.09086
-2.175249,3,465.232935
-3.287523,4,465.395774
-3.296185,4,465.520223
-1.101281,2,465.589752
-1.101404,2,465.650791
-1.117823,2,465.707401
-1.119625,2,465.752227
-0.029727,1,465.783276
-3.356365,4,465.903207
-2.206062,3,465.996253
-3.274863,4,466.164723
-2.228631,3,466.260723
-2.243179,3,466.354668
-2.229099,3,466.420282
-2.222068,3,466.496751
-3.332607,4,466.629036
-2.262211,3,466.747651
-2.188433,3,466.85381
-2.212761,3,466.980772
-2.184324,3,467.10322
-2.232884,3,467.216941
-1.108563,2,467.288757
-2.20131,3,467.408073
-1.133851,2,467.508033
-2.197078,3,467.604292
-3.373265,4,467.740882
-1.090377,2,467.83079
-2.196221,3,467.95666
-3.363706,4,468.11584
-1.11805,2,468.194759
-0.018627,1,468.235798
-3.34836,4,468.400305
-1.080225,2,468.483365
-2.208192,3,468.591032
-0.04347,1,468.61801
-2.246147,3,468.722642
-2.221134,3,468.835667
-1.11329,2,468.91693
-4.45925,5,469.129001
-3.345267,4,469.294008
-1.141178,2,469.356783
-1.13783,2,469.432268
-3.381713,4,469.60392
-3.364596,4,469.773308
-1.136777,2,469.855778
-3.325035,4,469.982313
-2.180663,3,470.104249
-2.223384,3,470.227965
-1.097908,2,470.320063
-4.451015,5,470.464103
-2.171178,3,470.573736
-2.188406,3,470.71698
-2.21687,3,470.825971
-2.199247,3,470.95086
-1.117502,2,471.018888
-3.295438,4,471.177787
-1.112755,2,471.2607
-2.23328,3,471.386707
-3.308803,4,471.555708
-3.272651,4,471.710333
-3.349838,4,471.879863
-1.120777,2,471.956735
-2.264602,3,472.056807
-2.207796,3,472.180797
-3.320303,4,472.334726
-3.33561,4,472.480758
-2.178532,3,472.60605
-3.373135,4,472.77793
-3.355059,4,472.934793
-1.115834,2,473.018681
-3.333482,4,473.156728
-3.369411,4,473.30733
-2.188439,3,473.419032
-2.176833,3,473.533908
-2.197089,3,473.629097
-2.181033,3,473.720812
-3.314338,4,473.845575
-2.274787,3,473.932515
-1.117748,2,473.989122
-3.286587,4,474.11093
-2.249622,3,474.200218
-2.22149,3,474.300327
-3.344862,4,474.441095
-3.308659,4,474.554769
-2.20281,3,474.639006
-1.08081,2,474.704267
-1.111629,2,474.785712
-3.309355,4,474.936571
-1.129905,2,474.995512
-0.021071,1,475.024072
-3.32192,4,475.163895
-2.25424,3,475.267723
-3.360097,4,475.385711
-1.130539,2,475.448721
-1.124483,2,475.507866
-3.406773,4,475.619205
-2.269391,3,475.702225
-3.332388,4,475.817019
-2.19198,3,475.926014
-0.018115,1,475.963808
-2.239929,3,476.043202
-3.293076,4,476.17979
-2.172541,3,476.288015
-2.208342,3,476.396734
-2.228043,3,476.493757
-3.399582,4,476.6234
-1.073684,2,476.683174
-2.173997,3,476.777786
-0.020096,1,476.810979
-3.400716,4,476.932342
-2.265119,3,477.024644
-2.153751,3,477.167697
-1.098892,2,477.243639
-3.31427,4,477.415896
-3.303837,4,477.574596
-3.335571,4,477.71068
-0.024793,1,477.743737
-2.176544,3,477.810842
-3.418427,4,477.930858
-3.34113,4,478.043681
-3.304919,4,478.165872
-2.264489,3,478.261121
-1.070308,2,478.323829
-0.037597,1,478.365914
-2.235413,3,478.43969
-2.216173,3,478.514822
-1.121284,2,478.570545
-0.033461,1,478.603257
-3.280522,4,478.710946
-1.131327,2,478.767689
-3.322879,4,478.889032
-0.031743,1,478.915736
-2.244446,3,479.009874
-3.382538,4,479.129855
-2.178006,3,479.208797
-0.021064,1,479.246862
-1.108284,2,479.306948
-0.031733,1,479.339728
-1.115289,2,479.398817
-3.30378,4,479.520935
-0.045798,1,479.543378
-2.254845,3,479.620943
-3.314622,4,479.744928
-2.172576,3,479.843644
-2.226289,3,479.939712
-2.217981,3,480.023356
-2.177572,3,480.099759
-2.27405,3,480.183401
-1.126403,2,480.238741
-3.398214,4,480.356931
-3.390295,4,480.509832
-2.230934,3,480.642348
-1.131948,2,480.719192
-3.309628,4,480.867784
-1.129947,2,480.937889
-2.197964,3,481.040749
-1.075295,2,481.118874
-2.194583,3,481.230853
-0.020871,1,481.268914
-2.262232,3,481.367723
-1.117213,2,481.445818
-1.135926,2,481.513112
-1.103922,2,481.596835
-2.205786,3,481.696853
-0.015875,1,481.731022
-1.090836,2,481.806682
-3.410723,4,481.946841
-0.031272,1,481.979888
-2.189424,3,482.073746
-3.297,4,482.198846
-1.122341,2,482.26239
-3.321588,4,482.402291
-1.081824,2,482.462392
-3.282968,4,482.590949
-3.276611,4,482.703698
-3.336952,4,482.828909
-2.176037,3,482.915958
-1.109842,2,482.973978
-3.329912,4,483.093133
-2.234046,3,483.20228
-3.298999,4,483.337623
-2.236106,3,483.446637
-0.041911,1,483.482187
-3.325556,4,483.637883
-0.04723,1,483.67416
-2.26657,3,483.773219
-2.238827,3,483.861164
-3.32704,4,483.993766
-3.321746,4,484.126976
-1.13605,2,484.211187
-1.117776,2,484.264639
-1.134223,2,484.335389
-0.021968,1,484.359147
-3.314543,4,484.473707
-3.294696,4,484.588781
-2.227853,3,484.696827
-2.247839,3,484.785751
-0.037547,1,484.824313
-3.376731,4,484.96881
-1.131866,2,485.027034
-0.048694,1,485.070825
-3.273074,4,485.197793
-3.30999,4,485.33108
-2.255472,3,485.422179
-2.240056,3,485.500827
-3.288698,4,485.634064
-1.092904,2,485.710409
-0.02491,1,485.756616
-1.119666,2,485.828879
-2.184121,3,485.918923
-3.403494,4,486.039994
-1.078287,2,486.094306
-2.211933,3,486.182466
-3.420483,4,486.299799
-2.188583,3,486.405906
-1.114043,2,486.460786
-2.216259,3,486.553818
-1.095953,2,486.628571
-2.204082,3,486.713925
-2.269667,3,486.834895
-2.194854,3,486.948911
-3.403834,4,487.096799
-1.115739,2,487.164721
-2.210967,3,487.267706
-1.139191,2,487.335049
-3.290611,4,487.46569
-2.2049,3,487.559069
-3.315507,4,487.670888
-3.366906,4,487.792602
-2.220072,3,487.900698
-2.169431,3,488.008608
-4.349051,5,488.180667
-3.391993,4,488.324187
-3.350862,4,488.447757
-2.228813,3,488.543091
-4.469311,5,488.695649
-1.133456,2,488.759722
-3.307636,4,488.885839
-3.293083,4,489.037559
-5.622545,6,489.246847
-3.382063,4,489.364804
-2.261102,3,489.464618
-2.229586,3,489.58435
-2.209025,3,489.699881
-0.023607,1,489.73666
-0.022231,1,489.773719
-2.255694,3,489.902458
-1.092557,2,489.988786
-2.238482,3,490.092181
-3.318145,4,490.245902
-2.210076,3,490.369739
-1.113119,2,490.434056
-3.344549,4,490.571448
-2.239759,3,490.665743
-0.037483,1,490.698784
-2.231763,3,490.804485
-2.258314,3,490.894905
-3.316546,4,490.998718
-3.269257,4,491.107671
-2.26017,3,491.21121
-2.208875,3,491.292341
-3.281847,4,491.404555
-2.170896,3,491.507602
-3.354971,4,491.648831
-2.248399,3,491.743298
-2.165693,3,491.8323
-3.29168,4,491.960896
-1.11131,2,492.022744
-2.17471,3,492.190867
-2.260494,3,492.309948
-1.085748,2,492.384126
-1.133435,2,492.449795
-2.196698,3,492.55078
-3.349574,4,492.697748
-0.012576,1,492.729911
-2.173053,3,492.847999
-2.267646,3,492.919667
-1.141765,2,492.976763
-2.266568,3,493.072358
-1.134549,2,493.132283
-1.113698,2,493.198893
-2.230261,3,493.304829
-1.083374,2,493.372215
-2.202097,3,493.463134
-2.197711,3,493.545821
-3.340374,4,493.700892
-0.044882,1,493.740277
-2.171117,3,493.844018
-3.303111,4,493.959619
-1.113936,2,494.0112
-2.239707,3,494.104749
-3.318932,4,494.262222
-3.290393,4,494.387674
-1.084177,2,494.446967
-2.223862,3,494.544776
-3.28071,4,494.659787
-2.214476,3,494.753141
-1.06909,2,494.807855
-1.092326,2,494.868834
-2.218559,3,494.969833
-1.119359,2,495.03072
-2.231497,3,495.136671
-2.179095,3,495.229991
-3.31004,4,495.367712
-3.438758,4,495.498893
-1.104344,2,495.553154
-3.295791,4,495.674973
-3.279399,4,495.820905
-3.339719,4,495.942084
-1.091896,2,495.990772
-3.321604,4,496.105048
-2.203617,3,496.213373
-0.037743,1,496.240097
-3.336374,4,496.3408
-0.025956,1,496.372354
-1.127414,2,496.437803
-2.280818,3,496.539713
-2.251991,3,496.63481
-2.262078,3,496.700905
-1.137548,2,496.756802
-2.23398,3,496.843844
-2.237427,3,496.913707
-3.392311,4,497.00975
-2.186953,3,497.089866
-2.195053,3,497.195908
-3.32568,4,497.314772
-3.294244,4,497.448746
-2.233335,3,497.543398
-3.286471,4,497.644912
-2.187055,3,497.723782
-3.342266,4,497.848743
-2.236419,3,497.945896
-0.039378,1,497.979639
-3.379314,4,498.117966
-2.238339,3,498.213886
-2.21486,3,498.313897
-1.12618,2,498.378734
-3.35813,4,498.469883
-2.227525,3,498.556736
-2.217554,3,498.653399
-0.017331,1,498.681597
-2.245018,3,498.770878
-1.084088,2,498.834668
-1.106149,2,498.893703
-2.184815,3,498.979886
-3.327073,4,499.122349
-2.23871,3,499.210654
-1.0971,2,499.270936
-0.019339,1,499.293093
-2.217223,3,499.377804
-2.271246,3,499.459982
-2.218461,3,499.554498
-4.471195,5,499.693187
-2.200531,3,499.773821
-2.233777,3,499.852189
-1.084458,2,499.9168
-2.206202,3,500.010051
-1.140173,2,500.065907
-3.332412,4,500.186884
-3.312304,4,500.29885
-3.417986,4,500.428687
-0.035342,1,500.463745
-1.119387,2,500.530927
-2.255334,3,500.623407
-3.314303,4,500.774939
-3.469898,4,500.897857
-3.402596,4,501.024819
-2.228364,3,501.127761
-0.034543,1,501.165318
-2.22872,3,501.260695
-3.387715,4,501.386654
-0.042411,1,501.423206
-3.309758,4,501.5477
-2.271262,3,501.624903
-2.245415,3,501.714185
-3.359895,4,501.833016
-2.266974,3,501.91698
-1.081022,2,501.975699
-1.092535,2,502.025464
-2.213855,3,502.11894
-1.107749,2,502.202202
-2.169679,3,502.315265
-2.225047,3,502.389797
-3.344351,4,502.543339
-2.220922,3,502.627733
-2.17982,3,502.721393
-2.244235,3,502.824723
-3.325425,4,502.95465
-1.129207,2,503.024759
-1.099199,2,503.086699
-2.205529,3,503.19872
-3.285248,4,503.346832
-0.03236,1,503.376878
-2.198749,3,503.483848
-3.355254,4,503.629407
-3.322295,4,503.805655
-1.13852,2,503.870753
-0.03321,1,503.902307
-2.159373,3,504.013698
-2.181679,3,504.108851
-2.219145,3,504.156631
-2.234323,3,504.244938
-2.166426,3,504.33088
-3.374906,4,504.495754
-2.225865,3,504.585772
-1.106248,2,504.642355
-1.109455,2,504.703296
-0.038869,1,504.732303
-4.48828,5,504.867728
-3.308119,4,504.962152
-2.236146,3,505.039916
-3.282376,4,505.170766
-3.298031,4,505.332899
-1.130668,2,505.392338
-2.231291,3,505.461147
-1.079871,2,505.517489
-0.041798,1,505.544675
-1.098157,2,505.604407
-2.22453,3,505.70673
-4.445792,5,505.852407
-1.082392,2,505.908656
-0.013603,1,505.930857
-3.324068,4,506.336832
-3.301739,4,506.418607
-0.04067,1,506.444937
-3.335727,4,506.521208
-0.014114,1,506.538299
-2.26968,3,506.60984
-1.11999,2,506.656699
-2.204042,3,506.743339
-1.118171,2,506.786702
-3.375023,4,506.938029
-3.406079,4,507.117418
-1.078384,2,507.195787
-1.127649,2,507.252845
-2.212751,3,507.360644
-2.217743,3,507.477692
-2.171533,3,507.588748
-1.115739,2,507.646971
-3.317468,4,507.788918
-0.031409,1,507.845716
-3.300398,4,508.010726
-2.248846,3,508.130951
-3.313411,4,508.303699
-2.26496,3,508.426035
-2.162376,3,508.536271
-2.23291,3,508.658007
-1.131458,2,508.730878
-1.138544,2,508.806693
-0.03962,1,508.848915
-2.215768,3,508.970892
-3.320061,4,509.116683
-1.114005,2,509.212198
-2.189695,3,509.336892
-1.11393,2,509.414831
-1.128551,2,509.497908
-3.342245,4,509.634304
-3.291574,4,509.768686
-2.170946,3,509.88079
-2.19631,3,510.010684
-2.177442,3,510.144893
-3.334502,4,510.30553
-3.371582,4,510.458666
-2.160079,3,510.584517
-2.177264,3,510.703176
-1.106917,2,510.774085
-2.248651,3,510.898872
-3.348958,4,511.013866
-1.119615,2,511.059729
-2.180321,3,511.139107
-2.265021,3,511.270729
-3.328811,4,511.430301
-2.194628,3,511.557126
-2.241303,3,511.682319
-0.037896,1,511.727405
-1.120618,2,511.823303
-2.168623,3,511.962981
-2.195123,3,512.088691
-2.20136,3,512.20445
-3.342877,4,512.354055
-3.302122,4,512.515829
-0.045137,1,512.559754
-1.117576,2,512.632444
-2.234541,3,512.742454
-3.31305,4,512.879908
-0.035288,1,512.917779
-3.305288,4,513.069041
-3.317982,4,513.220263
-3.351958,4,513.372329
-3.432341,4,513.52687
-2.26728,3,513.638053
-3.357953,4,513.798689
-0.035414,1,513.843387
-3.33243,4,513.998896
-3.3407,4,514.160114
-3.349831,4,514.312176
-1.077112,2,514.345757
-0.043623,1,514.363788
-2.188787,3,514.425096
-1.126017,2,514.483225
-1.123103,2,514.5425
-1.125183,2,514.587773
-2.195938,3,514.657832
-3.322803,4,514.77092
-1.074617,2,514.824003
-0.020354,1,514.853171
-4.423097,5,514.979784
-2.221689,3,515.069891
-2.244012,3,515.140117
-2.235348,3,515.213863
-1.095369,2,515.274447
-2.211519,3,515.370083
-2.230593,3,515.445591
-1.074984,2,515.500871
-1.081869,2,515.548106
-3.320644,4,515.658792
-2.268016,3,515.733098
-3.301464,4,515.836755
-1.071534,2,515.934581
-2.207748,3,516.050648
-3.298871,4,516.188759
-0.029132,1,516.207793
-3.347828,4,516.308708
-1.12968,2,516.370862
-2.200006,3,516.46428
-1.123134,2,516.533263
-2.212038,3,516.639764
-2.177371,3,516.768845
-1.140469,2,516.836583
-3.327676,4,516.979003
-2.264189,3,517.097687
-1.074761,2,517.178713
-1.103375,2,517.253395
-1.081641,2,517.328957
-2.1801,3,517.436965
-2.183628,3,517.548946
-3.366339,4,517.693725
-2.219542,3,517.810897
-1.076413,2,517.882175
-2.263395,3,518.022406
-2.180315,3,518.12334
-4.434279,5,518.346844
-3.348415,4,518.477805
-1.128898,2,518.542541
-3.376409,4,518.677841
-2.254258,3,518.785772
-0.028404,1,518.83034
-2.190955,3,518.951051
-0.044457,1,518.99069
-1.128444,2,519.089616
-2.254021,3,519.208721
-2.210177,3,519.333883
-2.179403,3,519.438776
-3.305408,4,519.546707
-3.427406,4,519.640947
-2.223339,3,519.765627
-0.029358,1,519.805689
-3.28722,4,519.968662
-1.090607,2,520.036883
-3.412433,4,520.200027
-3.296617,4,520.341018
-2.267758,3,520.450405
-2.193749,3,520.575769
-3.286056,4,520.731172
-2.176433,3,520.844166
-0.044922,1,520.880918
-2.204008,3,520.995858
-1.130863,2,521.079676
-1.101036,2,521.163902
-3.315537,4,521.333353
-3.332421,4,521.453815
-2.230256,3,521.573903
-1.084754,2,521.665903
-1.123156,2,521.739187
-2.248446,3,521.865682
-1.104596,2,521.95293
-3.288457,4,522.104445
-1.139959,2,522.187076
-2.202753,3,522.308665
-1.09215,2,522.389121
-1.135247,2,522.456894
-2.16113,3,522.588677
-2.237737,3,522.708705
-3.309097,4,522.863276
-3.392168,4,523.014405
-3.304692,4,523.162362
-0.036211,1,523.208026
-3.331628,4,523.354721
-1.111482,2,523.445938
-3.310479,4,523.60339
-2.221901,3,523.708863
-2.176891,3,523.838042
-2.213832,3,523.940053
-3.354375,4,524.07065
-2.166854,3,524.154706
-2.233062,3,524.256895
-1.141322,2,524.316805
-2.179492,3,524.431106
-3.324267,4,524.565808
-2.241532,3,524.668757
-1.118763,2,524.726873
-3.354166,4,524.877868
-2.205819,3,525.003806
-2.164698,3,525.103104
-0.044574,1,525.146731
-2.240145,3,525.252396
-0.045484,1,525.28905
-1.079959,2,525.370885
-2.22655,3,525.48239
-3.305383,4,525.634899
-1.109655,2,525.710796
-2.246818,3,525.847804
-1.141936,2,525.930693
-1.095633,2,526.016828
-2.208386,3,526.140684
-3.405865,4,526.272408
-3.34879,4,526.440714
-3.35574,4,526.595905
-1.11782,2,526.673812
-0.046557,1,526.721402
-3.288531,4,526.892357
-2.24217,3,526.992406
-2.250467,3,527.099916
-2.221049,3,527.235857
-2.223504,3,527.353166
-3.36617,4,527.524232
-1.118624,2,527.600753
-0.034373,1,527.657807
-1.114306,2,527.739482
-1.127039,2,527.812159
-1.137767,2,527.890566
-2.199811,3,528.010733
-3.299533,4,528.104889
-3.324621,4,528.218714
-2.226264,3,528.310786
-2.193272,3,528.395545
-2.174101,3,528.474846
-0.026687,1,528.500874
-2.268642,3,528.560036
-2.159744,3,528.62888
-3.311105,4,528.727856
-2.212735,3,528.850819
-1.126098,2,528.940666
-2.182842,3,529.114496
-2.241213,3,529.210905
-2.182888,3,529.319644
-3.319938,4,529.462336
-1.127919,2,529.52012
-2.267252,3,529.62487
-2.213891,3,529.739792
-0.031234,1,529.768837
-0.021057,1,529.804642
-3.292067,4,529.960847
-2.261376,3,530.070852
-3.33569,4,530.22485
-3.381079,4,530.34386
-1.099852,2,530.406024
-1.117012,2,530.462207
-2.234223,3,530.579787
-2.177691,3,530.716717
-3.284886,4,530.865603
-1.096006,2,530.944727
-3.308721,4,531.096703
-1.087706,2,531.178822
-2.195137,3,531.300674
-2.215425,3,531.428963
-2.200075,3,531.550878
-1.125524,2,531.630773
-0.023447,1,531.676858
-2.270069,3,531.785842
-0.019172,1,531.826898
-2.211879,3,531.934768
-2.257725,3,532.0476
-3.316375,4,532.186766
-3.314265,4,532.345737
-2.191311,3,532.444895
-3.292565,4,532.569847
-4.502072,5,532.752234
-2.212654,3,532.860905
-1.085397,2,532.950891
-2.178718,3,533.066678
-3.401693,4,533.232928
-2.261486,3,533.342364
-3.30456,4,533.488887
-2.248061,3,533.600772
-3.382236,4,533.760732
-1.077714,2,533.851032
-3.307569,4,533.999756
-2.251093,3,534.124664
-3.324118,4,534.277784
-1.124165,2,534.350888
-3.317122,4,534.518901
-2.185015,3,534.628825
-3.323405,4,534.787807
-2.221401,3,534.883201
-3.308715,4,535.037113
-3.306561,4,535.173287
-2.175709,3,535.259909
-2.281692,3,535.369482
-0.01279,1,535.423681
-3.321259,4,535.577786
-2.242457,3,535.695725
-2.185867,3,535.80072
-1.081109,2,535.874778
-2.181057,3,535.977833
-0.031634,1,536.024179
-2.229694,3,536.109804
-2.200457,3,536.236271
-3.320385,4,536.366971
-2.213132,3,536.469835
-0.019676,1,536.513912
-3.323323,4,536.607586
-3.294424,4,536.737888
-2.200928,3,536.854991
-1.116163,2,536.929288
-1.07138,2,537.004863
-3.276099,4,537.148
-1.1028,2,537.210894
-3.329053,4,537.338661
-2.196387,3,537.453957
-1.074826,2,537.540191
-2.223003,3,537.675714
-0.049572,1,537.72078
-2.257666,3,537.850674
-2.162066,3,537.914775
-2.170686,3,537.978005
-3.340732,4,538.082202
-1.092533,2,538.138291
-3.297217,4,538.269864
-3.308173,4,538.400934
-3.350495,4,538.543218
-3.328911,4,538.694402
-2.26284,3,538.778747
-1.097847,2,538.83537
-1.074279,2,538.889894
-2.196057,3,538.989913
-0.046468,1,539.034934
-5.543302,6,539.218688
-3.313993,4,539.380892
-0.027185,1,539.425774
-1.111634,2,539.503221
-3.305622,4,539.638199
-3.329838,4,539.789843
-3.269435,4,539.954907
-1.098716,2,540.039357
-2.183143,3,540.167518
-2.290269,3,540.274059
-0.013605,1,540.310909
-3.398696,4,540.426886
-2.227049,3,540.539141
-3.350148,4,540.685919
-2.184589,3,540.800701
-3.346285,4,540.938514
-3.281097,4,541.112284
-2.243079,3,541.203395
-3.396333,4,541.333359
-2.237432,3,541.4268
-0.028242,1,541.459138
-2.160599,3,541.555277
-2.231736,3,541.647583
-3.426997,4,541.759778
-3.326301,4,541.893724
-3.302101,4,542.030393
-0.039795,1,542.067647
-2.16353,3,542.177889
-3.311571,4,542.288736
-1.118661,2,542.341315
-3.270446,4,542.453053
-2.208867,3,542.534841
-0.02368,1,542.564884
-2.147485,3,542.655891
-2.229408,3,542.759006
-3.307139,4,542.883953
-3.299482,4,543.006843
-3.310292,4,543.100806
-1.100765,2,543.157878
-0.020168,1,543.185934
-3.352309,4,543.300764
-3.338612,4,543.413843
-1.078388,2,543.480833
-3.374093,4,543.594689
-2.210845,3,543.668726
-2.177956,3,543.765892
-2.227196,3,543.880665
-1.113337,2,543.941271
-1.107204,2,543.989574
-4.471066,5,544.112271
-2.268565,3,544.1977
-1.133623,2,544.246877
-2.186404,3,544.334214
-1.08233,2,544.380595
-2.180626,3,544.45984
-3.406144,4,544.557881
-2.202675,3,544.640242
-1.093974,2,544.700853
-3.380071,4,544.819817
-2.271503,3,544.899774
-3.318116,4,545.019399
-3.318081,4,545.132761
-3.279453,4,545.270852
-2.198807,3,545.356916
-2.247643,3,545.438026
-2.270197,3,545.51655
-1.12694,2,545.584895
-3.297146,4,545.700557
-2.175038,3,545.826785
-1.121652,2,545.889735
-1.070475,2,545.964968
-3.281845,4,546.131313
-3.295271,4,546.280742
-3.297902,4,546.442363
-2.224982,3,546.566715
-0.036042,1,546.597759
-0.037358,1,546.634821
-0.018561,1,546.679888
-2.171917,3,546.800888
-2.253275,3,546.929648
-3.350725,4,547.059979
-3.334128,4,547.189834
-3.416086,4,547.345911
-3.325445,4,547.465743
-1.118477,2,547.515835
-2.180003,3,547.588716
-3.375537,4,547.697848
-2.185026,3,547.804874
-0.043203,1,547.845882
-1.097442,2,547.914794
-1.087222,2,548.004895
-2.191896,3,548.113225
-2.204646,3,548.226908
-1.076857,2,548.310759
-1.141405,2,548.4079
-1.092083,2,548.476741
-2.247067,3,548.58991
-2.208716,3,548.693788
-3.325762,4,548.853902
-2.225683,3,548.975742
-4.448309,5,549.180558
-1.117087,2,549.255909
-2.237595,3,549.337827
-0.04334,1,549.367883
-3.323954,4,549.503242
-3.295542,4,549.635678
-0.024684,1,549.689767
-2.210523,3,549.790931
-3.380935,4,549.932319
-1.102479,2,549.989628
-2.208004,3,550.084026
-0.047671,1,550.1168
-2.207005,3,550.198343
-1.105982,2,550.26097
-3.300729,4,550.37514
-2.166761,3,550.444897
-2.282216,3,550.523734
-1.09792,2,550.573317
-3.395251,4,550.692276
-3.307159,4,550.808796
-1.112033,2,550.938773
-2.244421,3,551.063246
-0.029428,1,551.113843
-3.383575,4,551.237897
-2.258714,3,551.328727
-0.045658,1,551.359791
-1.13053,2,551.424019
-2.163704,3,551.502375
-3.293752,4,551.623382
-1.080004,2,551.682616
-1.082821,2,551.755826
-0.04531,1,551.788877
-3.318918,4,551.908638
-2.207463,3,552.006722
-0.027207,1,552.039947
-2.220788,3,552.132947
-2.250129,3,552.22473
-3.364753,4,552.335907
-3.305583,4,552.469825
-3.364905,4,552.585904
-2.183808,3,552.66082
-4.543236,5,552.770725
-3.304347,4,552.946872
-3.302422,4,553.079755
-2.207877,3,553.166416
-2.18096,3,553.253825
-2.195572,3,553.350752
-1.106989,2,553.395831
-3.374632,4,553.520872
-2.190564,3,553.616003
-1.087313,2,553.676773
-0.028668,1,553.709823
-2.223409,3,553.799027
-1.113874,2,553.826782
-3.338106,4,553.947252
-1.105152,2,554.016692
-1.116109,2,554.078749
-1.087802,2,554.148079
-2.24316,3,554.238458
-2.188456,3,554.288742
-1.107071,2,554.347257
-1.110866,2,554.399795
-2.24466,3,554.475833
-3.351837,4,554.569633
-2.255727,3,554.664881
-3.37206,4,554.772942
-0.013427,1,554.814617
-2.239915,3,554.882354
-1.102718,2,554.93266
-2.196109,3,555.008263
-1.144182,2,555.056407
-2.205214,3,555.112353
-2.215296,3,555.176716
-1.078438,2,555.225794
-2.214199,3,555.301188
-2.195013,3,555.370081
-2.21565,3,555.442863
-2.175959,3,555.506798
-0.042986,1,555.540355
-2.248303,3,555.616794
-4.378797,5,555.74274
-2.168229,3,555.827682
-2.168595,3,555.914628
-2.173,3,555.989778
-2.227212,3,556.092404
-1.099466,2,556.142214
-3.284719,4,556.274105
-2.20796,3,556.371595
-1.095177,2,556.428106
-0.03587,1,556.453745
-0.04512,1,556.492302
-2.212392,3,556.583793
-3.325573,4,556.758864
-1.129396,2,556.81898
-1.123429,2,556.873332
-2.254472,3,556.960934
-2.179895,3,557.037685
-2.194135,3,557.1079
-2.170181,3,557.22885
-2.222822,3,557.339323
-2.20815,3,557.474418
-1.108619,2,557.551334
-3.29828,4,557.740287
-3.284642,4,557.859817
-1.148809,2,557.906898
-3.292499,4,558.086751
-2.213208,3,558.210711
-2.277568,3,558.315852
-2.175395,3,558.426858
-3.31223,4,558.584786
-3.421092,4,558.742346
-2.235789,3,558.845338
-3.339573,4,558.942918
-1.129691,2,558.999896
-0.046252,1,559.042221
-2.23722,3,559.132391
-4.509225,5,559.284492
-3.305232,4,559.397482
-2.172815,3,559.474869
-2.160473,3,559.540596
-1.073789,2,559.582402
-0.047397,1,559.608965
-1.142027,2,559.662403
-2.241671,3,559.733186
-2.192309,3,559.8199
-1.101985,2,559.89392
-2.213029,3,559.989824
-0.020784,1,560.023883
-3.29463,4,560.160908
-3.319627,4,560.305657
-3.386785,4,560.493701
-3.282817,4,560.646891
-1.080451,2,560.722555
-3.3019,4,560.83079
-0.028664,1,560.867216
-1.076519,2,560.926733
-0.029567,1,560.95997
-1.094888,2,561.030712
-1.12205,2,561.10567
-0.013497,1,561.13321
-3.340001,4,561.250844
-0.014533,1,561.283909
-2.252135,3,561.380908
-3.390402,4,561.506698
-4.476573,5,561.673832
-2.250833,3,561.786911
-3.350465,4,561.917888
-3.328617,4,562.045633
-2.227898,3,562.139826
-2.192056,3,562.242239
-2.168701,3,562.320875
-0.044174,1,562.350934
-2.295007,3,562.452324
-3.379269,4,562.584967
-2.194142,3,562.724824
-0.030239,1,562.769892
-1.097324,2,562.841228
-1.091355,2,562.909056
-1.115532,2,562.976799
-3.375669,4,563.097824
-2.185036,3,563.193761
-3.359848,4,563.344871
-1.108667,2,563.429451
-2.275685,3,563.554271
-2.18218,3,563.669108
-2.257848,3,563.793684
-3.326539,4,563.953239
-1.095922,2,564.028749
-2.271262,3,564.147711
-3.37739,4,564.313823
-1.105077,2,564.403091
-1.086263,2,564.48293
-1.078544,2,564.552941
-3.328329,4,564.698914
-2.261201,3,564.807681
-2.272328,3,564.953067
-3.326997,4,565.108814
-1.131147,2,565.182931
-2.225408,3,565.308897
-2.228,3,565.436943
-1.136378,2,565.520767
-1.114549,2,565.613011
-1.095814,2,565.697767
-1.149593,2,565.772386
-3.289364,4,565.937816
-3.32975,4,566.099098
-2.197726,3,566.233908
-1.138094,2,566.309914
-2.190382,3,566.414884
-0.02711,1,566.456713
-3.320934,4,566.620816
-3.387818,4,566.774675
-3.295251,4,566.953911
-2.250431,3,567.078655
-1.132038,2,567.160774
-1.095628,2,567.2359
-3.342239,4,567.39071
-3.328484,4,567.548704
-2.252499,3,567.678803
-1.121512,2,567.743926
-2.23163,3,567.880863
-3.286387,4,568.04388
-3.299408,4,568.187884
-0.031574,1,568.223032
-3.302127,4,568.355894
-2.222981,3,568.473891
-1.096371,2,568.495951
-2.201586,3,568.538679
-1.112224,2,568.60027
-1.10339,2,568.676692
-3.347808,4,568.832301
-0.012988,1,568.864856
-3.301172,4,569.005806
-2.174786,3,569.114716
-2.179453,3,569.238907
-1.078244,2,569.327821
-1.133431,2,569.400581
-1.121819,2,569.470951
-2.231128,3,569.585373
-3.344305,4,569.745433
-1.137685,2,569.824272
-3.270005,4,569.897748
-2.192147,3,569.98375
-2.2022,3,570.108759
-0.048827,1,570.145332
-1.13392,2,570.228718
-3.329236,4,570.346174
-0.012458,1,570.373379
-3.342569,4,570.46804
-3.294315,4,570.569682
-3.333092,4,570.673846
-2.246124,3,570.754
-1.122786,2,570.800762
-0.046068,1,570.83231
-2.207942,3,570.912366
-2.204189,3,570.997783
-2.202084,3,571.066891
-0.037808,1,571.093032
-2.184975,3,571.166867
-3.273604,4,571.265766
-2.193076,3,571.330848
-1.107877,2,571.382954
-2.233639,3,571.450807
-2.208714,3,571.515412
-1.10236,2,571.551608
-1.112441,2,571.602532
-1.081155,2,571.660827
-3.319804,4,571.759366
-1.098733,2,571.817852
-2.235812,3,571.899813
-2.26638,3,571.976761
-2.237533,3,572.067637
-2.176546,3,572.150264
-1.121085,2,572.202194
-2.169596,3,572.290818
-2.197979,3,572.373317
-1.086386,2,572.429904
-3.316607,4,572.547219
-2.235432,3,572.647198
-3.32614,4,572.748115
-2.237653,3,572.81791
-1.080607,2,572.874705
-2.25794,3,572.963084
-3.417265,4,573.083899
-1.09592,2,573.153202
-2.260765,3,573.242216
-2.24076,3,573.316006
-2.255117,3,573.394896
-2.230368,3,573.477887
-2.186244,3,573.559374
-3.335121,4,573.662977
-2.22718,3,573.771078
-3.365609,4,573.879757
-2.210368,3,573.966958
-2.166081,3,574.066888
-2.171396,3,574.151222
-2.216345,3,574.22973
-2.204211,3,574.316562
-3.414007,4,574.43089
-2.198879,3,574.512249
-2.273226,3,574.625809
-3.318456,4,574.7399
-0.025193,1,574.783774
-2.275218,3,574.882275
-3.350487,4,574.998709
-3.364603,4,575.107988
-1.090288,2,575.172395
-1.096365,2,575.240855
-0.010085,1,575.273482
-2.210928,3,575.429726
-1.077275,2,575.516717
-3.400508,4,575.648349
-1.092129,2,575.71087
-2.235774,3,575.800911
-0.014253,1,575.838793
-1.110525,2,575.910845
-1.141616,2,575.976095
-1.094706,2,576.034702
-2.176549,3,576.139757
-3.298721,4,576.269965
-3.41347,4,576.414248
-3.387844,4,576.550868
-3.406809,4,576.725847
-2.217356,3,576.843864
-2.184115,3,576.96435
-1.10342,2,577.026054
-3.448173,4,577.172382
-1.102772,2,577.249137
-1.086375,2,577.34932
-1.097063,2,577.46284
-3.369646,4,577.619301
-1.10842,2,577.675774
-3.37812,4,577.79917
-2.258066,3,577.909793
-0.045634,1,577.959074
-0.024475,1,577.998797
-2.242036,3,578.095776
-3.418254,4,578.242323
-2.209689,3,578.366096
-1.130454,2,578.443861
-3.269713,4,578.564927
-2.236609,3,578.689019
-0.045916,1,578.739813
-2.188611,3,578.850362
-3.356148,4,578.994044
-3.310759,4,579.118646
-2.24197,3,579.203906
-2.216701,3,579.300704
-2.235292,3,579.404687
-2.233307,3,579.518703
-3.302716,4,579.669982
-2.228865,3,579.773983
-1.09909,2,579.844373
-1.094399,2,579.894669
-2.206936,3,579.992441
-3.310453,4,580.144543
-3.336343,4,580.310771
-1.088625,2,580.38664
-1.07692,2,580.46626
-3.341124,4,580.626736
-3.347273,4,580.773819
-3.29244,4,580.896803
-0.049748,1,580.929848
-2.229503,3,581.016837
-1.104497,2,581.066555
-0.038854,1,581.087787
-1.096518,2,581.15541
-2.259667,3,581.216827
-2.224784,3,581.310823
-3.39172,4,581.445865
-3.362933,4,581.571213
-1.12195,2,581.632349
-3.362181,4,581.784994
-1.093098,2,581.856146
-3.391688,4,581.964563
-1.120749,2,582.044634
-1.099013,2,582.107221
-2.181952,3,582.217813
-1.119514,2,582.285484
-2.19491,3,582.368389
-1.082985,2,582.423923
-2.204676,3,582.543662
-2.245417,3,582.666897
-1.129461,2,582.732206
-3.309406,4,582.870979
-2.186025,3,582.990896
-1.130745,2,583.069303
-1.093772,2,583.146816
-1.113075,2,583.230835
-2.200806,3,583.352335
-2.231133,3,583.487074
-2.235238,3,583.597704
-3.32404,4,583.752183
-2.210407,3,583.863963
-2.21409,3,583.969988
-0.046523,1,584.006913
-2.26453,3,584.132397
-2.272549,3,584.259341
-3.321397,4,584.415696
-0.049278,1,584.458918
-4.455748,5,584.653279
-3.283822,4,584.797871
-2.172158,3,584.928837
-0.047546,1,584.972999
-2.286322,3,585.09076
-3.376343,4,585.20258
-3.361922,4,585.364993
-3.292884,4,585.512206
-0.036219,1,585.561288
-2.27336,3,585.676567
-2.221753,3,585.784899
-3.309089,4,585.924862
-0.036436,1,585.96504
-1.102486,2,586.030799
-0.019155,1,586.090721
-0.037448,1,586.124503
-3.343939,4,586.284316
-2.249782,3,586.409868
-3.329469,4,586.536908
-3.33315,4,586.686219
-2.256137,3,586.780673
-2.2051,3,586.887631
-2.180822,3,586.993892
-3.295091,4,587.143328
-2.229798,3,587.236741
-0.03542,1,587.284769
-2.203236,3,587.416708
-1.126993,2,587.489829
-0.033706,1,587.525898
-1.107718,2,587.616565
-2.256184,3,587.73389
-2.216445,3,587.830765
-2.235202,3,587.946697
-2.21522,3,588.04907
-3.285105,4,588.174822
-3.348325,4,588.294233
-1.125359,2,588.362721
-1.078502,2,588.426787
-2.214277,3,588.513213
-1.084765,2,588.567887
-2.289576,3,588.659328
-3.328463,4,588.790174
-2.192295,3,588.898822
-3.28225,4,589.038811
-1.090361,2,589.118731
-2.162519,3,589.185385
-1.125551,2,589.251334
-3.345597,4,589.371554
-2.213224,3,589.440792
-2.223569,3,589.568193
-1.088647,2,589.635755
-3.31232,4,589.789022
-3.407037,4,589.93772
-2.166542,3,590.070017
-0.041309,1,590.114733
-2.174974,3,590.242251
-3.274936,4,590.381118
-0.032635,1,590.42479
-3.3388,4,590.568024
-1.085088,2,590.62981
-3.394355,4,590.792406
-1.073334,2,590.834204
-2.174447,3,590.904006
-3.371359,4,591.033885
-3.32704,4,591.145713
-1.126267,2,591.209333
-3.279625,4,591.324802
-2.248813,3,591.393024
-3.266839,4,591.506739
-3.331454,4,591.601242
-2.253883,3,591.680044
-2.243497,3,591.751379
-1.1076,2,591.810786
-0.040269,1,591.825813
-1.128561,2,591.872556
-3.308,4,591.958415
-2.238306,3,592.051188
-2.256442,3,592.138802
-1.134359,2,592.222357
-3.279762,4,592.330841
-2.175199,3,592.415895
-1.095638,2,592.47233
-2.211904,3,592.570846
-0.010701,1,592.593903
-0.040222,1,592.622185
-2.269771,3,592.775792
-0.02795,1,592.841422
-1.127489,2,592.928799
-3.370938,4,593.082487
-1.127501,2,593.170912
-3.322154,4,593.309027
-2.20274,3,593.394745
-2.219244,3,593.477063
-1.096239,2,593.535825
-3.318301,4,593.659603
-2.237242,3,593.772354
-1.069798,2,593.849636
-2.24766,3,593.957551
-2.176584,3,594.080689
-3.312108,4,594.220806
-1.116853,2,594.297813
-2.22967,3,594.412294
-3.273195,4,594.559789
-2.202383,3,594.675906
-2.24389,3,594.796771
-3.389822,4,594.956739
-2.208132,3,595.082296
-2.271103,3,595.20674
-2.238957,3,595.328689
-3.319633,4,595.487624
-0.044449,1,595.540717
-3.312247,4,595.713679
-1.10243,2,595.773294
-3.300341,4,595.888011
-2.245476,3,595.993695
-3.351875,4,596.13239
-2.192675,3,596.2114
-0.037779,1,596.248858
-1.136416,2,596.332925
-3.34564,4,596.489676
-3.430093,4,596.657697
-2.24494,3,596.766877
-3.325906,4,596.940892
-2.260963,3,597.052063
-3.338188,4,597.220698
-2.160534,3,597.338882
-3.30434,4,597.489863
-1.10023,2,597.569823
-1.127312,2,597.653192
-3.324667,4,597.797789
-2.264143,3,597.924879
-3.298156,4,598.070873
-1.122479,2,598.152365
-1.127063,2,598.217743
-2.164614,3,598.313968
-2.205692,3,598.39787
-2.254482,3,598.520712
-3.322351,4,598.669744
-0.032789,1,598.708819
-0.033033,1,598.754904
-0.040503,1,598.795692
-2.250578,3,598.907852
-0.011267,1,598.947915
-3.341547,4,599.073906
-3.387432,4,599.222978
-3.396347,4,599.390807
-2.24482,3,599.528105
-2.257815,3,599.644508
-3.328527,4,599.798817
-0.027906,1,599.838884
-3.327215,4,600.000712
-0.01983,1,600.036777
-2.228536,3,600.17006
-1.124174,2,600.254506
-3.338033,4,600.425836
-1.092597,2,600.514813
-4.492591,5,600.705737
-2.206334,3,600.81803
-2.239489,3,600.954258
-2.156868,3,601.068094
-3.299744,4,601.226846
-2.228446,3,601.35233
-1.09755,2,601.432244
-2.214341,3,601.536855
-2.228629,3,601.647732
-3.30206,4,601.802352
-2.258111,3,601.892335
-3.317166,4,602.048378
-3.370205,4,602.207875
-3.29526,4,602.340808
-3.301851,4,602.504914
-3.314807,4,602.633402
-1.096461,2,602.694332
-3.357703,4,602.847813
-1.105028,2,602.911068
-0.011646,1,602.941319
-1.107017,2,602.994627
-1.10962,2,603.052303
-1.115333,2,603.117002
-2.166711,3,603.2073
-2.175421,3,603.310918
-1.09561,2,603.382392
-3.341252,4,603.518769
-3.315648,4,603.682514
-2.2502,3,603.807682
-0.028215,1,603.859263
-0.046854,1,603.908889
-1.126532,2,604.003801
-1.076858,2,604.08011
-2.255684,3,604.216848
-0.030564,1,604.257278
-1.076399,2,604.316883
-2.207435,3,604.411365
-2.202847,3,604.503241
-2.244346,3,604.61319
-1.099733,2,604.675158
-2.188144,3,604.772301
-1.084713,2,604.852938
-1.074242,2,604.927856
-0.047807,1,604.960413
-1.135881,2,605.023271
-3.33109,4,605.128875
-3.350445,4,605.279914
-2.23932,3,605.364413
-2.177981,3,605.457348
-0.037595,1,605.490037
-1.10803,2,605.545108
-1.113299,2,605.59588
-2.200056,3,605.674858
-2.24737,3,605.754262
-2.235526,3,605.846911
-2.23004,3,605.950737
-0.043819,1,605.980857
-2.178959,3,606.068895
-2.217491,3,606.198896
-1.127998,2,606.267837
-2.187379,3,606.379308
-2.215653,3,606.494745
-1.089835,2,606.574395
-1.135793,2,606.614318
-3.357964,4,606.690742
-1.08868,2,606.754527
-2.191515,3,606.893218
-1.137504,2,606.962378
-0.038293,1,607.003815
-1.123686,2,607.063923
-2.206904,3,607.193014
-2.244956,3,607.31074
-2.208792,3,607.424763
-0.03172,1,607.466331
-2.213493,3,607.575341
-1.125067,2,607.659335
-2.254542,3,607.767288
-1.128392,2,607.842165
-2.177284,3,607.95604
-0.022037,1,607.996805
-1.082785,2,608.072933
-3.31166,4,608.242199
-3.292828,4,608.399779
-2.255998,3,608.513662
-1.131802,2,608.590789
-2.200393,3,608.704687
-3.306127,4,608.867795
-1.110911,2,608.910848
-2.199436,3,609.012691
-2.226923,3,609.111254
-2.274143,3,609.224935
-1.108621,2,609.290791
-0.009445,1,609.320847
-3.306137,4,609.442311
-2.201318,3,609.560385
-0.037419,1,609.599717
-2.24456,3,609.692479
-2.200175,3,609.766349
-2.26081,3,609.846778
-3.29417,4,609.999907
-3.401398,4,610.138839
-1.110005,2,610.187557
-1.076646,2,610.232248
-3.32566,4,610.317127
-1.123357,2,610.360418
-2.27578,3,610.427791
-3.324616,4,610.544898
-1.134607,2,610.599838
-1.132159,2,610.669056
-2.236237,3,610.770914
-3.299946,4,610.922623
-2.235034,3,611.018795
-0.020564,1,611.061379
-0.010798,1,611.089681
-3.317363,4,611.206727
-2.196444,3,611.296597
-2.201419,3,611.395786
-2.20476,3,611.505222
-0.045212,1,611.550871
-2.232336,3,611.662665
-2.216376,3,611.752313
-2.24789,3,611.858838
-2.182344,3,611.95788
-3.333674,4,612.080884
-1.080196,2,612.145758
-2.264467,3,612.26427
-3.37554,4,612.413694
-1.14153,2,612.489915
-2.217383,3,612.593788
-0.043618,1,612.622327
-1.091541,2,612.707691
-3.286989,4,612.820639
-0.04116,1,612.852232
-3.314676,4,613.00393
-2.198566,3,613.0967
-3.325427,4,613.25681
-0.046623,1,613.299037
-1.139041,2,613.372499
-1.096354,2,613.452287
-0.025789,1,613.477975
-2.183258,3,613.572828
-2.254531,3,613.678116
-0.029004,1,613.713749
-2.234305,3,613.774039
-1.132397,2,613.834758
-0.027013,1,613.860292
-2.246593,3,613.950775
-3.323266,4,614.047839
-2.228613,3,614.128882
-2.272982,3,614.210137
-3.3471,4,614.317078
-0.046472,1,614.350774
-3.370898,4,614.459266
-3.321771,4,614.564157
-2.265576,3,614.632365
-2.252402,3,614.681113
-3.370054,4,614.771115
-1.090758,2,614.813878
-2.199572,3,614.910813
-1.094832,2,614.973093
-2.195732,3,615.077997
-2.266275,3,615.202358
-2.256329,3,615.318858
-3.400584,4,615.468937
-2.17477,3,615.59479
-2.250476,3,615.677975
-3.407999,4,615.827764
-2.167759,3,615.930783
-2.252859,3,616.024148
-2.175427,3,616.117734
-2.174157,3,616.21413
-2.203531,3,616.298775
-0.033028,1,616.320817
-3.311515,4,616.453271
-3.381427,4,616.567933
-2.164216,3,616.640776
-2.274151,3,616.716684
-0.03393,1,616.748726
-0.034508,1,616.796849
-3.335485,4,616.957835
-4.464036,5,617.148705
-1.092687,2,617.233775
-2.187342,3,617.327834
-1.123569,2,617.376204
-1.099337,2,617.419915
-1.088547,2,617.466677
-2.257007,3,617.547795
-3.385018,4,617.648126
-2.169194,3,617.723782
-0.049899,1,617.753829
-3.291603,4,617.86569
-1.090179,2,617.923269
-3.37566,4,618.020912
-2.214778,3,618.099834
-2.198877,3,618.175912
-2.234757,3,618.27042
-2.174033,3,618.362966
-2.252937,3,618.457812
-3.3828,4,618.582226
-1.069005,2,618.632301
-3.323883,4,618.725648
-1.128763,2,618.804477
-1.078007,2,618.875883
-0.016334,1,618.90995
-0.048591,1,618.943254
-0.029696,1,618.972296
-3.381039,4,619.107738
-1.1139,2,619.151585
-1.095972,2,619.192236
-2.248211,3,619.268991
-1.086427,2,619.345403
-1.128236,2,619.390827
-0.041021,1,619.416874
-3.334391,4,619.513838
-3.293454,4,619.615709
-2.230362,3,619.704563
-1.112396,2,619.753827
-2.185298,3,619.820787
-2.250411,3,619.907055
-2.231042,3,619.968262
-2.218457,3,620.050332
-0.042741,1,620.118764
-3.342326,4,620.267258
-3.3989,4,620.379912
-2.18691,3,620.459838
-3.342071,4,620.57828
-3.316908,4,620.68877
-2.230997,3,620.758872
-0.049602,1,620.78291
-3.367123,4,620.867328
-3.400811,4,620.961419
-2.190011,3,621.04693
-2.215768,3,621.126805
-3.278652,4,621.224823
-0.049896,1,621.256871
-2.239613,3,621.336811
-1.133292,2,621.387625
-2.169218,3,621.450706
-1.115467,2,621.509203
-3.369284,4,621.594938
-0.041176,1,621.61599
-1.114319,2,621.659728
-1.097006,2,621.712381
-3.390522,4,621.801259
-1.077972,2,621.849904
-0.031091,1,621.878719
-2.212249,3,621.950822
-3.353476,4,622.052212
-3.309926,4,622.152981
-3.318238,4,622.247905
-2.196231,3,622.319971
-0.04621,1,622.34447
-0.049312,1,622.369675
-0.037608,1,622.397722
-3.324807,4,622.516727
-1.109206,2,622.567816
-0.032585,1,622.595856
-3.356946,4,622.694061
-2.208999,3,622.770833
-2.178134,3,622.843772
-2.18629,3,622.917873
-3.405414,4,623.007795
-1.12177,2,623.066902
-2.172401,3,623.154791
-1.074739,2,623.206864
-2.190977,3,623.300853
-1.120366,2,623.40675
-2.233769,3,623.494894
-1.120115,2,623.553401
-3.301767,4,623.678085
-1.138923,2,623.75089
-2.225448,3,623.845118
-1.09828,2,623.910826
-2.187074,3,624.000012
-3.396327,4,624.120835
-2.235125,3,624.202212
-0.023799,1,624.224755
-2.229353,3,624.318939
-3.354481,4,624.426674
-2.212373,3,624.514926
-2.199423,3,624.584407
-0.005797,1,624.613936
-2.179258,3,624.704302
-2.256485,3,624.784745
-0.044253,1,624.810781
-1.135491,2,624.867897
-1.129727,2,624.946766
-2.196032,3,625.030018
-1.09631,2,625.083254
-0.041062,1,625.107797
-1.099602,2,625.170896
-3.313577,4,625.267617
-2.199311,3,625.340713
-2.158722,3,625.423352
-2.198107,3,625.508848
-1.087551,2,625.550911
-1.09606,2,625.603397
-1.108405,2,625.646696
-3.303638,4,625.745674
-3.40124,4,625.862179
-2.194016,3,625.937685
-2.202196,3,626.002281
-1.079323,2,626.060873
-3.361424,4,626.155696
-3.376698,4,626.268868
-0.046338,1,626.294879
-2.223976,3,626.378767
-1.120854,2,626.428587
-3.304405,4,626.547856
-2.256734,3,626.628295
-3.411864,4,626.736785
-1.075783,2,626.784677
-2.210113,3,626.857756
-2.193019,3,626.92886
-2.231688,3,627.017725
-3.321546,4,627.142421
-2.18714,3,627.234288
-2.173937,3,627.319874
-0.032675,1,627.353084
-2.177028,3,627.44082
-1.141671,2,627.502976
-3.298495,4,627.63083
-1.120873,2,627.703255
-3.392882,4,627.815816
-3.266035,4,627.95683
-2.206462,3,628.068835
-2.242216,3,628.155827
-1.084131,2,628.225741
-2.25016,3,628.316841
-2.177286,3,628.430771
-2.217828,3,628.509841
-1.124243,2,628.596761
-2.219163,3,628.707728
-2.172605,3,628.794284
-2.249083,3,628.888994
-2.221278,3,628.971293
-2.288691,3,629.083003
-1.076236,2,629.162497
-2.265578,3,629.280827
-1.13881,2,629.360993
-3.283522,4,629.46629
-1.112681,2,629.539002
-0.033211,1,629.581157
-1.095339,2,629.649715
-2.238616,3,629.775091
-3.303799,4,629.953222
-3.389244,4,630.145736
-1.129321,2,630.237708
-2.174429,3,630.353674
-2.235417,3,630.410904
-2.187825,3,630.497746
-3.343533,4,630.587999
-2.251736,3,630.673867
-2.242619,3,630.758682
-2.234108,3,630.856638
-3.395552,4,630.990804
-2.174068,3,631.067473
-1.115969,2,631.128789
-2.23362,3,631.212306
-3.421873,4,631.271122
-1.101071,2,631.319864
-3.297042,4,631.416868
-3.313101,4,631.532246
-1.098224,2,631.58132
-1.079455,2,631.632197
-3.288704,4,631.723743
-1.129567,2,631.783161
-2.257504,3,631.856857
-0.017061,1,631.872875
-1.101462,2,631.935836
-1.098668,2,632.004403
-1.115959,2,632.059859
-1.134873,2,632.112278
-3.428408,4,632.218818
-0.039845,1,632.256886
-2.24846,3,632.336852
-3.314346,4,632.472265
-3.330174,4,632.59795
-1.098002,2,632.671352
-3.364553,4,632.823797
-3.38373,4,632.92576
-2.218083,3,633.016606
-2.194066,3,633.124736
-2.203435,3,633.207666
-3.33612,4,633.370385
-2.2783,3,633.479376
-2.216806,3,633.593174
-2.245019,3,633.683711
-3.339305,4,633.788149
-2.200455,3,633.878945
-1.117487,2,633.958875
-2.222963,3,634.062265
-1.079591,2,634.13226
-1.120823,2,634.192671
-2.178928,3,634.314452
-2.213514,3,634.425908
-2.239492,3,634.504606
-2.237948,3,634.606927
-0.034979,1,634.654528
-2.169539,3,634.739851
-1.093837,2,634.799788
-1.097862,2,634.859889
-1.139461,2,634.937735
-0.02565,1,634.972791
-2.226179,3,635.086962
-3.263476,4,635.217914
-2.200257,3,635.335809
-2.208296,3,635.452313
-0.014763,1,635.490083
-1.137313,2,635.558756
-2.268245,3,635.6748
-2.235168,3,635.793214
-0.027861,1,635.830768
-0.043884,1,635.877952
-2.255221,3,635.996608
-1.076067,2,636.08024
-2.213671,3,636.183257
-3.284884,4,636.363171
-2.199205,3,636.485769
-1.134688,2,636.528939
-3.423691,4,636.669186
-2.205844,3,636.772121
-3.404917,4,636.910557
-0.049709,1,636.947785
-3.277936,4,637.073096
-0.028833,1,637.098139
-2.220882,3,637.208169
-2.26037,3,637.334965
-2.259428,3,637.456881
-3.281789,4,637.597651
-3.365503,4,637.741164
-0.04865,1,637.779348
-3.297375,4,637.932744
-2.21824,3,638.057821
-2.204575,3,638.187335
-2.223828,3,638.308705
-0.031302,1,638.345769
-3.443941,4,638.524857
-1.071213,2,638.609685
-1.130787,2,638.68931
-2.169903,3,638.793289
-1.103942,2,638.855705
-2.189774,3,638.955668
-3.33262,4,639.078809
-2.200992,3,639.205694
-0.025203,1,639.240743
-3.332831,4,639.391282
-1.113756,2,639.463729
-3.354582,4,639.586966
-3.333645,4,639.666848
-3.42336,4,639.763213
-3.285475,4,639.863005
-2.256164,3,639.935136
-1.111771,2,639.980272
-1.122531,2,640.025711
-2.220799,3,640.112362
-1.071201,2,640.173241
-2.247716,3,640.267898
-2.235766,3,640.360771
-3.334061,4,640.469504
-2.254827,3,640.562342
-3.334348,4,640.679374
-1.110232,2,640.785978
-2.213531,3,640.895748
-3.32464,4,641.022281
-3.403425,4,641.103808
-2.184142,3,641.187728
-2.215931,3,641.260859
-0.040617,1,641.288423
-2.175832,3,641.362737
-3.339218,4,641.485521
-3.306501,4,641.59987
-1.144465,2,641.654121
-1.068108,2,641.707045
-2.226305,3,641.815794
-3.34962,4,641.957782
-1.107417,2,642.025129
-2.258675,3,642.106804
-2.174544,3,642.218753
-2.184179,3,642.324777
-3.316335,4,642.479272
-2.179938,3,642.59694
-0.033686,1,642.630732
-2.25037,3,642.742434
-1.090171,2,642.817811
-2.222452,3,642.925763
-0.048233,1,642.973339
-2.225645,3,643.083143
-0.01348,1,643.125896
-3.338121,4,643.294791
-2.209198,3,643.391137
-3.341246,4,643.530647
-0.047094,1,643.564707
-2.208053,3,643.685959
-1.131198,2,643.777895
-3.395032,4,643.93653
-1.092616,2,644.006779
-1.084554,2,644.08569
-2.223532,3,644.20687
-1.094179,2,644.280834
-3.272581,4,644.432141
-2.17455,3,644.539839
-2.175237,3,644.659714
-1.120826,2,644.734644
-2.222999,3,644.855823
-3.31379,4,645.009716
-2.176759,3,645.122205
-3.370802,4,645.280901
-2.223919,3,645.390975
-2.252801,3,645.516884
-3.337174,4,645.672203
-3.325623,4,645.843649
-3.293036,4,645.978653
-0.025361,1,646.016717
-2.204836,3,646.103866
-3.342806,4,646.207818
-0.044189,1,646.252928
-2.197722,3,646.339777
-0.033443,1,646.393872
-2.2527,3,646.504772
-2.247802,3,646.625714
-1.104369,2,646.690807
-3.31521,4,646.869903
-1.142417,2,646.939773
-2.214335,3,647.045692
-2.165652,3,647.139092
-3.285176,4,647.256972
-3.290852,4,647.35078
-1.135214,2,647.403737
-0.032597,1,647.426777
-0.035417,1,647.462335
-3.372574,4,647.575815
-2.23564,3,647.644172
-0.011911,1,647.672292
-1.066876,2,647.727879
-2.23927,3,647.814852
-0.036022,1,647.842387
-2.195198,3,647.915738
-3.398877,4,648.035515
-0.043861,1,648.06426
-3.264167,4,648.177347
-3.282604,4,648.287745
-3.300421,4,648.426659
-1.126312,2,648.487756
-3.412445,4,648.598723
-2.224909,3,648.708388
-0.017071,1,648.753834
-1.084585,2,648.842182
-1.127976,2,648.904537
-2.203812,3,649.004137
-2.162515,3,649.115569
-0.019045,1,649.144122
-2.24681,3,649.245899
-1.146414,2,649.299657
-3.325736,4,649.440696
-3.38735,4,649.599081
-1.13231,2,649.680375
-2.220242,3,649.768773
-0.016622,1,649.804631
-2.190431,3,649.878244
-1.103311,2,649.928731
-3.309757,4,650.044802
-0.046992,1,650.096166
-1.115152,2,650.174835
-3.353818,4,650.310856
-3.437946,4,650.472311
-2.257563,3,650.593863
-3.293612,4,650.745835
-3.446224,4,650.902359
-1.135219,2,650.982425
-3.326549,4,651.137678
-2.200366,3,651.270693
-2.26908,3,651.380291
-2.23442,3,651.499244
-3.350352,4,651.66976
-2.208563,3,651.758331
-2.163906,3,651.824734
-3.306792,4,651.940751
-3.339666,4,652.07539
-2.237682,3,652.1884
-0.011877,1,652.229738
-1.116684,2,652.297017
-0.025653,1,652.354717
-1.073865,2,652.432163
-1.092045,2,652.510293
-3.308184,4,652.667894
-3.404955,4,652.835782
-2.172887,3,652.937599
-1.095961,2,653.007795
-2.194406,3,653.142242
-2.229671,3,653.273812
-2.233825,3,653.382393
-1.10033,2,653.462382
-2.224946,3,653.578288
-3.308459,4,653.697653
-2.24351,3,653.77928
-1.101309,2,653.860749
-3.358671,4,654.045583
-1.115541,2,654.129704
-2.242332,3,654.250646
-3.426718,4,654.415914
-1.097246,2,654.49222
-2.218365,3,654.594082
-1.071177,2,654.668872
-3.334955,4,654.797008
-0.045259,1,654.845682
-1.122287,2,654.925167
-2.248545,3,655.04386
-0.036614,1,655.074902
-0.00898,1,655.117711
-2.190647,3,655.245684
-2.230135,3,655.365617
-2.235115,3,655.515743
-1.10522,2,655.56884
-1.127465,2,655.653704
-3.340486,4,655.809822
-2.284234,3,655.916039
-2.259867,3,656.015102
-0.03614,1,656.053167
-1.098475,2,656.12775
-2.249908,3,656.243873
-2.179698,3,656.333243
-2.278125,3,656.410751
-1.092222,2,656.516051
-2.221539,3,656.622386
-0.029133,1,656.659659
-2.173046,3,656.777229
-2.241777,3,656.856804
-0.043279,1,656.897382
-3.391484,4,657.016678
-2.233442,3,657.130847
-3.365496,4,657.252284
-1.104775,2,657.311077
-1.143698,2,657.357689
-3.323982,4,657.47242
-3.358708,4,657.57677
-2.184054,3,657.657723
-2.205202,3,657.749679
-1.093547,2,657.82691
-1.139722,2,657.874669
-1.129361,2,657.956915
-3.34232,4,658.062198
-1.120229,2,658.117491
-2.22581,3,658.21575
-2.243682,3,658.330994
-3.299665,4,658.427853
-2.201429,3,658.524109
-1.088431,2,658.582173
-1.103693,2,658.656808
-2.189241,3,658.766848
-3.411299,4,658.913084
-3.318082,4,659.130836
-0.03457,1,659.179456
-3.391172,4,659.320119
-3.316902,4,659.421046
-1.091148,2,659.487912
-1.07692,2,659.566947
-3.384572,4,659.725772
-2.220828,3,659.838809
-1.12248,2,659.910678
-3.297559,4,660.057754
-2.204666,3,660.191158
-2.221061,3,660.303748
-3.290384,4,660.44591
-1.109873,2,660.527654
-3.430154,4,660.692963
-2.175338,3,660.7981
-2.254157,3,660.946733
-2.202697,3,661.06561
-1.124867,2,661.150853
-3.389277,4,661.314045
-3.348462,4,661.413868
-2.23626,3,661.510987
-1.098532,2,661.564538
-2.239122,3,661.678177
-2.233278,3,661.800028
-2.162062,3,661.910948
-1.137842,2,661.981279
-2.237238,3,662.104083
-1.108177,2,662.166878
-3.335093,4,662.286176
-2.168317,3,662.405906
-2.243801,3,662.53228
-0.0297,1,662.575857
-2.196152,3,662.688032
-1.132598,2,662.7488
-1.114462,2,662.829689
-1.141306,2,662.903304
-2.241701,3,663.008328
-2.277042,3,663.106946
-2.231842,3,663.233842
-3.320062,4,663.38792
-1.095745,2,663.46982
-3.383904,4,663.636707
-2.186981,3,663.763079
-3.360403,4,663.906659
-3.295113,4,664.05015
-2.253351,3,664.158741
-2.212671,3,664.254539
-1.094215,2,664.31071
-2.223847,3,664.423743
-1.128439,2,664.501371
-2.226336,3,664.576746
-3.376443,4,664.705808
-3.38292,4,664.862332
-1.114309,2,664.937709
-3.348081,4,665.102511
-2.225292,3,665.207913
-3.333499,4,665.355753
-2.260913,3,665.453697
-3.28659,4,665.5971
-3.311117,4,665.78025
-3.342364,4,665.938928
-2.27,3,666.016908
-0.024482,1,666.044627
-2.199029,3,666.127881
-2.20023,3,666.255764
-3.388627,4,666.415859
-3.365813,4,666.569738
-2.226082,3,666.689305
-2.24952,3,666.816711
-0.036981,1,666.855764
-2.207722,3,666.987302
-3.283981,4,667.135904
-2.226391,3,667.263343
-2.27947,3,667.378751
-3.399733,4,667.534623
-2.253352,3,667.644907
-3.30476,4,667.810718
-1.103376,2,667.86986
-1.123557,2,667.922432
-1.101209,2,667.959642
-1.093653,2,668.003731
-3.27088,4,668.133137
-3.294083,4,668.283894
-3.31233,4,668.410813
-3.335174,4,668.546845
-0.035337,1,668.582935
-2.18289,3,668.67409
-3.301382,4,668.78293
-3.340351,4,668.933805
-0.03707,1,668.970857
-2.277855,3,669.089404
-2.16738,3,669.157994
-1.106693,2,669.20423
-3.329429,4,669.335685
-3.322106,4,669.4657
-2.243318,3,669.552334
-3.306347,4,669.699733
-2.257404,3,669.817536
-0.019695,1,669.863728
-0.013775,1,669.908263
-3.307767,4,670.050881
-2.239067,3,670.169907
-3.440213,4,670.350768
-2.232977,3,670.466114
-2.252718,3,670.570913
-1.127868,2,670.647812
-2.204524,3,670.735808
-1.117048,2,670.829703
-3.326981,4,671.003239
-3.366498,4,671.140585
-1.118129,2,671.230772
-1.100357,2,671.35088
-2.185736,3,671.488785
-2.276201,3,671.582297
-2.22523,3,671.720824
-1.108708,2,671.79983
-1.106441,2,671.879857
-1.085094,2,671.957703
-3.375267,4,672.107989
-1.11366,2,672.143777
-3.305811,4,672.30476
-3.327367,4,672.457764
-2.190176,3,672.578624
-1.104589,2,672.662206
-2.256652,3,672.769888
-3.397139,4,672.920684
-1.119824,2,673.018841
-1.13549,2,673.103266
-3.304902,4,673.265871
-2.227573,3,673.3838
-3.317709,4,673.557833
-1.129663,2,673.644734
-0.01944,1,673.684787
-3.311899,4,673.846762
-0.013087,1,673.893842
-2.257971,3,674.025784
-3.32268,4,674.09237
-2.204721,3,674.173725
-2.16932,3,674.265396
-0.048095,1,674.290921
-1.119523,2,674.33583
-0.043553,1,674.36337
-2.217486,3,674.439874
-3.335915,4,674.546706
-3.322722,4,674.643862
-2.214657,3,674.728739
-2.266787,3,674.830893
-2.170052,3,674.915757
-2.291301,3,675.005715
-1.080191,2,675.065808
-2.271154,3,675.142998
-3.375212,4,675.258649
-2.222591,3,675.32878
-2.216045,3,675.444322
-3.298015,4,675.584538
-0.022405,1,675.615806
-3.297718,4,675.723383
-2.167482,3,675.810785
-2.226736,3,675.903184
-1.082304,2,676.237678
-1.133446,2,676.276739
-2.19973,3,676.354868
-2.173862,3,676.442241
-2.257459,3,676.508843
-2.253964,3,676.604781
-1.120607,2,676.650838
-3.362332,4,676.769749
-2.201605,3,676.87452
-2.242801,3,676.995158
-0.048574,1,677.018726
-2.239751,3,677.142541
-2.225896,3,677.268846
-3.295879,4,677.387054
-0.01126,1,677.424123
-2.234533,3,677.498622
-1.076045,2,677.548193
-3.404288,4,677.657921
-3.326293,4,677.778893
-1.134834,2,677.843689
-1.14513,2,677.898791
-3.278302,4,678.009985
-2.216716,3,678.104091
-1.115022,2,678.166732
-0.032882,1,678.198862
-3.299436,4,678.3182
-2.200117,3,678.416807
-2.229914,3,678.514271
-1.134044,2,678.578274
-1.067052,2,678.644264
-1.107549,2,678.700243
-1.111068,2,678.778418
-0.041388,1,678.814049
-2.205634,3,678.924478
-3.327804,4,679.060896
-2.209708,3,679.148866
-2.217138,3,679.236766
-0.04669,1,679.262301
-1.094869,2,679.317108
-1.10789,2,679.382929
-1.115956,2,679.454334
-1.107048,2,679.518634
-2.243286,3,679.628591
-0.023267,1,679.674677
-1.104876,2,679.765831
-4.49379,5,679.960907
-2.230053,3,680.079902
-2.226069,3,680.197334
-0.020689,1,680.234009
-2.163253,3,680.330916
-2.161104,3,680.434743
-1.099197,2,680.503319
-2.167151,3,680.616033
-2.170634,3,680.717579
-2.262825,3,680.808824
-2.229343,3,680.902348
-0.029717,1,680.928952
-0.028401,1,680.953183
-1.084762,2,681.01588
-2.261961,3,681.12494
-0.048777,1,681.160806
-0.0437,1,681.194369
-1.105189,2,681.239673
-2.228647,3,681.338874
-1.10517,2,681.405804
-1.092189,2,681.455885
-3.347983,4,681.569849
-2.251552,3,681.654678
-3.32365,4,681.799382
-2.258161,3,681.894274
-3.384559,4,682.04574
-2.246084,3,682.12691
-2.206547,3,682.240718
-1.106195,2,682.299911
-3.412754,4,682.423951
-2.262179,3,682.523297
-3.292272,4,682.629248
-3.355124,4,682.750699
-0.022505,1,682.794282
-2.227892,3,682.920882
-1.128916,2,683.003134
-2.177446,3,683.120886
-1.097732,2,683.197298
-2.23056,3,683.360829
-2.212499,3,683.479722
-1.124284,2,683.560616
-3.36247,4,683.716774
-2.226465,3,683.879769
-1.106155,2,683.95478
-2.189071,3,684.06767
-0.028887,1,684.109752
-3.334258,4,684.264707
-2.183244,3,684.424573
-3.324069,4,684.568899
-1.131438,2,684.664689
-2.198181,3,684.788013
-3.331972,4,684.92577
-2.227474,3,685.017198
-2.181435,3,685.14111
-0.045405,1,685.173281
-2.191429,3,685.250688
-1.115673,2,685.325855
-3.335312,4,685.427641
-2.237615,3,685.546732
-1.102251,2,685.621135
-3.308288,4,685.754034
-3.315044,4,685.915695
-2.260067,3,686.039658
-3.376412,4,686.200017
-2.156065,3,686.313993
-3.288149,4,686.486263
-3.330834,4,686.614071
-2.287287,3,686.705593
-2.268189,3,686.802541
-3.304429,4,686.963755
-1.072292,2,687.046657
-1.101991,2,687.109956
-3.361102,4,687.218904
-3.284988,4,687.345743
-2.174344,3,687.468916
-2.221823,3,687.606813
-2.208146,3,687.719192
-2.267693,3,687.810637
-1.122087,2,687.888778
-0.046636,1,687.937869
-2.250496,3,688.050811
-2.197115,3,688.130603
-0.026474,1,688.160623
-3.302092,4,688.283663
-1.089883,2,688.346664
-3.341551,4,688.502403
-2.214169,3,688.629739
-1.140533,2,688.729913
-0.034681,1,688.764687
-1.103926,2,688.830636
-2.213477,3,688.956833
-1.12172,2,689.030939
-2.183514,3,689.159909
-3.338398,4,689.326089
-3.330935,4,689.490697
-2.228414,3,689.597886
-3.306577,4,689.748774
-1.135686,2,689.824636
-2.178401,3,689.964738
-0.031054,1,690.002289
-0.048292,1,690.030835
-0.043833,1,690.057891
-2.206734,3,690.140191
-1.135485,2,690.204962
-2.233637,3,690.312834
-0.017336,1,690.347841
-3.310869,4,690.478827
-3.280393,4,690.625644
-2.217599,3,690.720844
-2.222003,3,690.805093
-2.18949,3,690.906397
-3.293958,4,691.030135
-3.299686,4,691.149018
-2.266097,3,691.252303
-1.124694,2,691.328883
-3.342059,4,691.453959
-2.275551,3,691.574568
-1.138602,2,691.640733
-3.361921,4,691.819667
-1.110296,2,691.900296
-3.333955,4,692.052264
-3.304714,4,692.216866
-2.206499,3,692.336836
-2.185757,3,692.44973
-1.126759,2,692.522501
-1.134123,2,692.593754
-0.043938,1,692.646911
-1.107252,2,692.719037
-2.238401,3,692.845847
-3.36701,4,692.996343
-1.083308,2,693.079623
-2.187399,3,693.212786
-0.042312,1,693.250343
-3.312414,4,693.375384
-2.250418,3,693.460001
-3.384641,4,693.590896
-1.11367,2,693.635093
-0.031038,1,693.665773
-1.079943,2,693.736628
-3.331824,4,693.863377
-3.31983,4,693.985779
-2.220901,3,694.079673
-2.218096,3,694.187681
-3.282265,4,694.29566
-1.109816,2,694.350852
-1.07943,2,694.421083
-0.029004,1,694.464783
-2.185643,3,694.560885
-1.129123,2,694.630011
-3.338652,4,694.76762
-3.461871,4,694.929645
-3.320252,4,695.049696
-1.142927,2,695.104284
-3.294515,4,695.262295
-3.323935,4,695.424074
-3.383944,4,695.580923
-2.215199,3,695.67407
-1.099064,2,695.74874
-1.116379,2,695.822907
-2.178232,3,695.924035
-0.048492,1,695.963761
-2.204654,3,696.082298
-1.123031,2,696.168864
-2.241637,3,696.28069
-1.067208,2,696.347791
-2.170644,3,696.473724
-2.197147,3,696.59486
-1.128387,2,696.673239
-2.200384,3,696.762294
-2.300273,3,696.842596
-2.239369,3,696.942394
-0.031769,1,696.973645
-2.178242,3,697.066711
-2.207915,3,697.14107
-2.220999,3,697.252545
-2.220401,3,697.325865
-3.43358,4,697.446627
-3.308632,4,697.583346
-3.286742,4,697.732277
-3.314912,4,697.845055
-2.229383,3,697.933113
-3.313786,4,698.070204
-2.22036,3,698.169785
-2.262108,3,698.2622
-3.335722,4,698.382178
-3.285811,4,698.497669
-1.10098,2,698.575693
-0.023272,1,698.611244
-1.07077,2,698.703186
-3.295582,4,698.876787
-2.224022,3,699.015033
-2.240746,3,699.095196
-0.022088,1,699.124757
-3.38934,4,699.253243
-0.033932,1,699.285687
-2.19843,3,699.420793
-1.07861,2,699.507662
-0.033814,1,699.544717
-3.29571,4,699.702257
-3.334966,4,699.85801
-0.049288,1,699.875386
-1.139642,2,699.954527
-2.216191,3,700.058744
-2.201736,3,700.135681
-2.229201,3,700.234699
-3.314066,4,700.363128
-2.17341,3,700.468783
-0.04443,1,700.500332
-2.164218,3,700.592139
-2.195266,3,700.705485
-3.295747,4,700.850744
-3.298104,4,700.970845
-0.033264,1,701.0034
-0.034341,1,701.043688
-1.145735,2,701.123982
-2.243056,3,701.242385
-2.1878,3,701.346794
-1.129871,2,701.409003
-3.318522,4,701.53713
-1.112704,2,701.618262
-1.083187,2,701.686723
-3.343915,4,701.840795
-2.259419,3,701.965906
-2.255552,3,702.085814
-1.130764,2,702.16776
-3.353872,4,702.293739
-2.241421,3,702.408529
-2.1858,3,702.494566
-1.089809,2,702.563262
-3.30111,4,702.71112
-3.345562,4,702.854773
-2.182992,3,702.93986
-3.358631,4,703.058821
-1.113346,2,703.144889
-3.288081,4,703.2711
-1.1063,2,703.340786
-2.242691,3,703.435689
-0.042668,1,703.470732
-1.082499,2,703.536022
-2.196886,3,703.64656
-0.008804,1,703.680738
-2.237763,3,703.801368
-2.178858,3,703.894202
-2.196951,3,704.003379
-3.359852,4,704.120067
-0.025751,1,704.147956
-2.206548,3,704.244667
-2.259365,3,704.33089
-0.036886,1,704.372143
-1.136736,2,704.442397
-2.262159,3,704.562163
-0.021455,1,704.602229
-2.235799,3,704.720551
-2.238259,3,704.81595
-3.312825,4,704.959991
-2.223584,3,705.08094
-0.045831,1,705.126736
-1.088832,2,705.197851
-3.271865,4,705.346834
-2.197318,3,705.452612
-2.275938,3,705.555696
-2.158887,3,705.644916
-3.35085,4,705.777675
-2.183406,3,705.863175
-0.041898,1,705.894342
-3.349936,4,706.04679
-2.162487,3,706.158712
-1.080986,2,706.250675
-3.408752,4,706.408371
-1.120027,2,706.490749
-3.296018,4,706.636738
-1.120606,2,706.703843
-1.106582,2,706.749909
-2.245678,3,706.844569
-2.192445,3,706.942352
-3.31954,4,707.080907
-3.386263,4,707.240597
-2.255963,3,707.339816
-2.249194,3,707.470777
-3.296108,4,707.573008
-2.203436,3,707.689866
-2.192718,3,707.827897
-2.190987,3,707.970043
-1.086432,2,708.064262
-3.288849,4,708.21796
-0.012666,1,708.26465
-3.346422,4,708.422236
-2.178244,3,708.532927
-2.183246,3,708.643877
-0.037211,1,708.675966
-1.12795,2,708.763896
-3.320073,4,708.91693
-0.048495,1,708.968786
-1.119891,2,709.046858
-2.220326,3,709.160866
-2.233229,3,709.256897
-3.335424,4,709.422952
-3.360575,4,709.568758
-2.181739,3,709.731142
-2.222182,3,709.865713
-3.297177,4,710.016328
-3.317566,4,710.172294
-3.316442,4,710.337857
-2.179366,3,710.465893
-2.21365,3,710.574815
-1.069447,2,710.621383
-2.2115,3,710.687143
-2.244092,3,710.757746
-2.218275,3,710.83109
-1.131287,2,710.885841
-2.231454,3,710.973366
-1.137843,2,711.031599
-3.344653,4,711.128111
-2.18743,3,711.211332
-0.041139,1,711.252218
-3.370419,4,711.347569
-2.188765,3,711.435862
-3.420054,4,711.560771
-3.305727,4,711.674753
-3.311009,4,711.774708
-3.32395,4,711.896853
-2.248838,3,711.988762
-2.208498,3,712.085706
-3.311338,4,712.188779
-1.12664,2,712.233078
-0.012619,1,712.261049
-2.267718,3,712.347221
-3.357053,4,712.470763
-3.32432,4,712.614255
-0.036659,1,712.655794
-2.220396,3,712.76567
-2.206031,3,712.824262
-2.238332,3,712.90785
-3.331733,4,713.020921
-1.121957,2,713.083177
-2.268695,3,713.156606
-3.36072,4,713.26683
-3.361637,4,713.367882
-1.068342,2,713.41967
-2.234997,3,713.504815
-3.279658,4,713.641002
-3.306897,4,713.768722
-2.25893,3,713.864533
-3.320482,4,713.996887
-0.023513,1,714.038049
-3.450238,4,714.196722
-3.310417,4,714.354828
-3.285269,4,714.49878
-2.190707,3,714.624972
-0.043607,1,714.665779
-1.10595,2,714.729059
-2.267676,3,714.843106
-2.227264,3,714.951095
-1.113842,2,715.044665
-3.326421,4,715.200806
-1.083592,2,715.28229
-3.281632,4,715.407575
-3.393573,4,715.525605
-3.284557,4,715.683903
-3.380572,4,715.842361
-2.242694,3,715.956758
-2.23963,3,716.059909
-2.242157,3,716.169844
-2.176931,3,716.274598
-0.00711,1,716.310645
-2.21019,3,716.432237
-3.278952,4,716.594913
-1.087849,2,716.662189
-1.127493,2,716.726791
-2.192585,3,716.850045
-1.107362,2,716.908151
-4.538272,5,717.04796
-2.172156,3,717.145021
-2.188335,3,717.24898
-1.09061,2,717.314741
-3.346195,4,717.429595
-0.045975,1,717.450629
-1.121383,2,717.506746
-2.214417,3,717.594701
-3.288034,4,717.760853
-2.253427,3,717.8446
-3.464026,4,717.954774
-1.123829,2,718.01537
-2.21509,3,718.126106
-2.224639,3,718.247817
-3.420649,4,718.392263
-3.321764,4,718.573908
-3.326798,4,718.734053
-2.197261,3,718.836535
-3.363851,4,718.953067
-2.175583,3,719.078712
-2.170116,3,719.196678
-0.024875,1,719.234919
-3.307618,4,719.359793
-0.041157,1,719.392347
-3.366131,4,719.558881
-2.196455,3,719.6759
-3.322895,4,719.820977
-2.233268,3,719.923337
-1.082758,2,719.973708
-1.11899,2,720.042949
-3.339753,4,720.173739
-2.18339,3,720.265749
-3.403685,4,720.423029
-1.085215,2,720.492226
-2.21172,3,720.578662
-2.226747,3,720.685698
-2.185866,3,720.793896
-0.039044,1,720.819675
-0.041607,1,720.848691
-2.176065,3,720.969899
-3.302824,4,721.085874
-1.117948,2,721.139668
-3.286962,4,721.226918
-2.217741,3,721.312324
-0.047222,1,721.345199
-2.233749,3,721.440045
-0.009982,1,721.470231
-1.089603,2,721.525019
-2.243086,3,721.615237
-1.129018,2,721.68988
-1.090024,2,721.761044
-0.033377,1,721.808719
-2.240192,3,721.9147
-2.252262,3,722.000699
-3.355129,4,722.136662
-2.22341,3,722.24564
-3.289449,4,722.375612
-1.090178,2,722.462475
-0.022954,1,722.499647
-3.393453,4,722.627244
-2.240991,3,722.729189
-1.122006,2,722.797879
-1.072289,2,722.880677
-2.18067,3,723.012217
-3.31174,4,723.152124
-2.186644,3,723.269855
-2.195969,3,723.364794
-2.169548,3,723.494734
-2.235665,3,723.592336
-3.297323,4,723.744
-0.02406,1,723.78067
-2.22773,3,723.90572
-3.285396,4,724.057652
-2.243635,3,724.169778
-2.220661,3,724.282186
-1.08448,2,724.370554
-1.127982,2,724.448548
-2.186601,3,724.547915
-3.27992,4,724.726786
-1.098834,2,724.840896
-2.245297,3,724.970745
-2.249023,3,725.094764
-3.317019,4,725.258842
-2.22931,3,725.377835
-0.006237,1,725.42041
-2.24386,3,725.548071
-2.269974,3,725.668722
-1.099092,2,725.75311
-3.302637,4,725.906719
-1.126698,2,725.983191
-2.178203,3,726.106697
-2.234453,3,726.227123
-2.210948,3,726.3411
-2.242925,3,726.46771
-3.38146,4,726.609734
-1.078601,2,726.672206
-0.025504,1,726.713787
-0.041427,1,726.737122
-1.06647,2,726.799743
-0.024093,1,726.838327
-2.17041,3,726.942948
-3.366015,4,727.100711
-1.12507,2,727.178702
-2.229096,3,727.297716
-0.044419,1,727.326813
-2.179291,3,727.438796
-1.084745,2,727.53515
-2.234148,3,727.64663
-3.304715,4,727.795655
-2.263917,3,727.931014
-2.176252,3,728.055038
-3.282728,4,728.18572
-0.024488,1,728.230887
-2.176152,3,728.336895
-3.326931,4,728.489653
-2.248257,3,728.621214
-3.296727,4,728.764848
-2.201495,3,728.889711
-2.158268,3,729.000789
-2.228426,3,729.107038
-0.045391,1,729.15302
-3.364355,4,729.284334
-3.413423,4,729.423303
-3.421596,4,729.596731
-3.410946,4,729.766688
-1.130081,2,729.840817
-1.111594,2,729.90755
-2.277685,3,729.999818
-3.285719,4,730.130587
-2.192168,3,730.236899
-0.035943,1,730.275519
-1.088056,2,730.347098
-2.180028,3,730.452176
-3.448966,4,730.583142
-3.254613,4,730.700775
-1.125304,2,730.797719
-1.124232,2,730.873037
-3.347604,4,731.02592
-2.194971,3,731.130603
-2.274932,3,731.25004
-3.421196,4,731.399657
-3.286279,4,731.554725
-3.398877,4,731.724719
-1.105957,2,731.792314
-2.24284,3,731.904831
-3.405675,4,732.074651
-1.095258,2,732.150843
-1.139144,2,732.230668
-1.09686,2,732.288787
-3.364652,4,732.448578
-1.109925,2,732.507687
-1.137018,2,732.577857
-2.235567,3,732.671132
-1.094168,2,732.732991
-2.166285,3,732.813235
-2.196133,3,732.918674
-2.161914,3,733.036074
-0.012327,1,733.07091
-2.232332,3,733.156744
-3.315941,4,733.277642
-1.108104,2,733.330729
-2.198659,3,733.436912
-2.179236,3,733.539809
-1.12432,2,733.625601
-3.318146,4,733.794672
-1.084589,2,733.846011
-3.325975,4,733.978981
-2.254446,3,734.088706
-2.220486,3,734.214698
-1.125042,2,734.264674
-3.412624,4,734.420783
-3.332676,4,734.582314
-1.111007,2,734.652942
-1.102879,2,734.73214
-2.23056,3,734.839805
-2.206642,3,734.927872
-2.216787,3,735.008694
-2.194647,3,735.075794
-3.375904,4,735.165934
-2.192906,3,735.257831
-1.098516,2,735.310923
-3.313792,4,735.425787
-1.117652,2,735.470853
-2.213984,3,735.559872
-3.297806,4,735.676757
-0.035869,1,735.707807
-2.183285,3,735.804124
-1.118756,2,735.859168
-2.183447,3,735.942199
-1.086099,2,736.029831
-1.121176,2,736.098502
-2.258017,3,736.198842
-2.200477,3,736.28303
-2.224918,3,736.3979
-2.229648,3,736.514794
-2.234822,3,736.637768
-0.009334,1,736.66981
-1.118603,2,736.744941
-2.157536,3,736.87687
-2.205114,3,737.043861
-2.245294,3,737.154069
-2.188784,3,737.266772
-0.013671,1,737.297826
-2.212611,3,737.390735
-2.187769,3,737.496199
-2.239304,3,737.585853
-2.218718,3,737.679708
-2.175493,3,737.770854
-2.26304,3,737.857855
-0.039237,1,737.889907
-3.299494,4,738.012292
-1.090986,2,738.079828
-1.13614,2,738.130058
-2.291213,3,738.205745
-0.038659,1,738.232956
-3.332571,4,738.368978
-2.187192,3,738.45963
-0.047386,1,738.483678
-1.108087,2,738.56398
-2.239314,3,738.658016
-1.130565,2,738.717721
-2.221069,3,738.802201
-0.042416,1,738.844276
-2.165564,3,738.935114
-3.380464,4,739.078659
-2.201876,3,739.173199
-1.116998,2,739.237959
-3.287455,4,739.402227
-2.16689,3,739.521419
-2.181624,3,739.654269
-2.219947,3,739.764925
-0.035399,1,739.813597
-2.230231,3,739.938
-2.251985,3,740.078684
-2.190387,3,740.20461
-3.268844,4,740.35723
-2.252369,3,740.467702
-2.229032,3,740.552875
-2.178076,3,740.656622
-2.191932,3,740.751029
-2.264159,3,740.836887
-3.376572,4,740.942384
-0.017036,1,740.966943
-2.198968,3,741.053139
-0.018483,1,741.077744
-0.029141,1,741.11079
-2.182852,3,741.17889
-1.130626,2,741.24216
-2.176527,3,741.326813
-0.035722,1,741.366404
-2.233138,3,741.450904
-3.332668,4,741.624389
-1.094463,2,741.707702
-1.096485,2,741.785024
-3.286798,4,741.945271
-1.132648,2,742.024388
-1.083112,2,742.108675
-2.195256,3,742.219599
-2.288833,3,742.313647
-1.088438,2,742.393361
-2.219628,3,742.479636
-1.10683,2,742.546805
-1.088197,2,742.610898
-2.2078,3,742.686775
-3.404727,4,742.798813
-1.123737,2,742.851034
-3.320527,4,742.978798
-2.227488,3,743.080766
-1.108583,2,743.13995
-1.129691,2,743.200729
-3.309809,4,743.324575
-3.356959,4,743.453984
-1.092306,2,743.503701
-3.366939,4,743.659016
-3.304108,4,743.827762
-3.303585,4,743.965816
-2.268207,3,744.048636
-1.082657,2,744.097917
-1.109675,2,744.142365
-1.106705,2,744.198608
-3.374792,4,744.30876
-1.103607,2,744.355343
-2.242103,3,744.428055
-2.257366,3,744.519798
-0.03049,1,744.559988
-3.314612,4,744.712401
-3.405059,4,744.843345
-1.122056,2,744.90491
-2.156552,3,745.002324
-3.316594,4,745.115939
-1.096349,2,745.177834
-2.22818,3,745.255695
-2.199162,3,745.343928
-2.233059,3,745.456829
-2.185897,3,745.546658
-1.107148,2,745.624791
-3.359142,4,745.733108
-2.264682,3,745.816269
-2.216096,3,745.94082
-0.018971,1,745.986901
-3.323194,4,746.142854
-2.223851,3,746.246923
-2.240005,3,746.364801
-2.166664,3,746.479352
-3.335233,4,746.657733
-2.164112,3,746.806916
-3.276966,4,746.970832
-1.085219,2,747.036577
-2.22128,3,747.139812
-2.239071,3,747.250678
-2.222306,3,747.362361
-2.159865,3,747.469911
-2.211484,3,747.570996
-2.230445,3,747.694867
-3.378779,4,747.836878
-2.158459,3,747.963877
-2.237365,3,748.07575
-2.165131,3,748.210823
-1.134104,2,748.275539
-0.031362,1,748.318796
-0.045121,1,748.346843
-2.269949,3,748.43908
-2.194591,3,748.547109
-2.229669,3,748.640941
-1.109152,2,748.689561
-1.081858,2,748.740862
-3.359896,4,748.876589
-1.128966,2,748.947697
-3.320857,4,749.080855
-1.111105,2,749.145234
-0.036687,1,749.179811
-0.035679,1,749.210859
-2.176827,3,749.312222
-2.227782,3,749.40086
-3.338828,4,749.526788
-2.262928,3,749.61305
-3.41291,4,749.7368
-1.100585,2,749.810915
-3.316091,4,749.953862
-1.120857,2,750.029748
-2.231349,3,750.142129
-1.132955,2,750.202219
-1.082496,2,750.267832
-0.036274,1,750.302381
-2.198695,3,750.393793
-3.332455,4,750.545767
-3.41804,4,750.659708
-2.175048,3,750.742501
-1.140361,2,750.790916
-2.190337,3,750.8708
-1.066409,2,750.915885
-0.00976,1,750.955675
-1.082463,2,751.004889
-1.077805,2,751.063776
-2.150614,3,751.138886
-0.032175,1,751.174766
-1.107449,2,751.236524
-3.319697,4,751.365919
-0.044619,1,751.407082
-1.071188,2,751.486122
-2.209579,3,751.590835
-2.170945,3,751.695686
-3.346629,4,751.842911
-3.311692,4,751.9923
-1.135799,2,752.041105
-3.293726,4,752.158907
-2.197519,3,752.280756
-3.330696,4,752.419692
-0.031873,1,752.460751
-2.254393,3,752.557639
-0.049931,1,752.58769
-1.116002,2,752.657999
-1.072634,2,752.723806
-1.13576,2,752.772547
-2.288705,3,752.85828
-2.189011,3,752.95113
-2.228793,3,753.055895
-1.086841,2,753.099622
-3.306368,4,753.207803
-3.29993,4,753.327776
-2.153291,3,753.423238
-0.009866,1,753.455248
-2.243839,3,753.566563
-2.275189,3,753.672948
-2.232773,3,753.774765
-2.285843,3,753.888682
-0.048741,1,753.923738
-2.267905,3,754.017773
-2.205779,3,754.135767
-1.139313,2,754.180595
-3.383484,4,754.304631
-3.349387,4,754.432078
-2.239994,3,754.526693
-1.124362,2,754.584074
-2.181605,3,754.65436
-0.031369,1,754.688387
-1.131089,2,754.737247
-2.251856,3,754.800643
-1.089325,2,754.854063
-1.13428,2,754.913257
-3.291761,4,755.008837
-2.233658,3,755.07214
-2.247824,3,755.13474
-1.096327,2,755.187662
-1.137415,2,755.240252
-3.399753,4,755.335604
-3.312628,4,755.434935
-2.259489,3,755.527086
-2.23883,3,755.60978
-0.038279,1,755.641003
-1.094833,2,755.698193
-3.295951,4,755.813706
-3.313636,4,755.938144
-2.174895,3,756.03501
-3.334545,4,756.156136
-1.144653,2,756.22486
-2.227448,3,756.339259
-2.170189,3,756.448926
-2.243624,3,756.571066
-1.110714,2,756.658098
-2.230091,3,756.763762
-3.270911,4,756.924832
-0.032864,1,756.961087
-3.284478,4,757.108768
-2.212779,3,757.200696
-2.177616,3,757.298749
-2.250223,3,757.413645
-3.441053,4,757.579572
-2.223901,3,757.685907
-2.1877,3,757.795333
-3.347098,4,757.949976
-2.269405,3,758.073814
-2.251959,3,758.180852
-3.341886,4,758.329664
-0.029303,1,758.380901
-2.248229,3,758.499628
-2.167314,3,758.619619
-3.28401,4,758.766031
-2.237639,3,758.888674
-3.30638,4,759.045604
-2.257289,3,759.15226
-2.216783,3,759.2639
-2.18246,3,759.390978
-1.134607,2,759.469723
-2.231645,3,759.644619
-2.24955,3,759.792387
-3.351413,4,759.954772
-0.036762,1,759.995847
-2.223225,3,760.117902
-2.186448,3,760.241303
-1.108656,2,760.309979
-2.221404,3,760.405139
-2.260365,3,760.539288
-1.094895,2,760.622294
-0.013746,1,760.656053
-2.203014,3,760.783884
-2.193262,3,760.904791
-2.212338,3,761.010104
-2.224433,3,761.095623
-2.200987,3,761.200687
-2.237508,3,761.326744
-2.233456,3,761.44832
-2.212295,3,761.562438
-3.460313,4,761.718513
-3.459315,4,761.865787
-2.188374,3,761.970966
-3.353509,4,762.126
-1.137199,2,762.199681
-1.125405,2,762.28469
-1.135935,2,762.35896
-2.239142,3,762.472663
-2.190595,3,762.606788
-1.133807,2,762.685585
-1.100584,2,762.760864
-1.072705,2,762.840181
-1.102867,2,762.936596
-3.461875,4,763.09384
-1.116138,2,763.159956
-2.258535,3,763.295664
-3.415551,4,763.468901
-3.281882,4,763.631067
-2.172589,3,763.746171
-2.184305,3,763.841157
-1.130978,2,763.919679
-0.030863,1,763.952735
-2.159007,3,764.034666
-3.289853,4,764.147418
-2.203566,3,764.229783
-3.284287,4,764.326832
-0.036814,1,764.361037
-2.163043,3,764.464671
-3.358823,4,764.606818
-2.247212,3,764.726742
-3.311542,4,764.848269
-1.107856,2,764.905912
-2.219061,3,764.980771
-1.093269,2,765.044399
-3.406315,4,765.154674
-1.074061,2,765.223787
-0.021679,1,765.255135
-1.109365,2,765.320094
-2.249595,3,765.418758
-2.225188,3,765.530738
-3.322724,4,765.670874
-2.191156,3,765.763161
-2.189115,3,765.873077
-2.238108,3,765.967699
-3.299619,4,766.096662
-3.45506,4,766.202425
-1.070047,2,766.248214
-1.123792,2,766.310086
-1.136663,2,766.372399
-0.018949,1,766.402271
-3.339742,4,766.514556
-2.207678,3,766.574094
-3.290401,4,766.692192
-2.167621,3,766.793647
-2.234172,3,766.896932
-2.210708,3,766.997043
-1.143547,2,767.070617
-2.194146,3,767.153248
-3.300295,4,767.273022
-1.095893,2,767.319708
-1.139677,2,767.383912
-3.297424,4,767.482396
-3.295437,4,767.590628
-1.111575,2,767.650859
-3.324759,4,767.777861
-0.047114,1,767.800893
-3.327718,4,767.925605
-2.207581,3,768.000024
-2.183634,3,768.086626
-1.077217,2,768.160853
-2.243448,3,768.262196
-0.029223,1,768.29376
-2.230362,3,768.408252
-3.397091,4,768.550971
-1.108753,2,768.596779
-1.132823,2,768.640352
-0.027896,1,768.673186
-3.278617,4,768.780205
-2.255849,3,768.86008
-1.0739,2,768.920776
-2.1848,3,769.020909
-1.100669,2,769.104869
-0.029727,1,769.1515
-2.224181,3,769.265853
-1.114669,2,769.320614
-3.295618,4,769.420765
-3.306612,4,769.545735
-3.353812,4,769.658028
-2.205174,3,769.754951
-2.253406,3,769.846765
-3.329821,4,769.955997
-3.279409,4,770.075646
-2.238168,3,770.170986
-3.378277,4,770.26819
-1.093607,2,770.32607
-2.254623,3,770.409646
-2.242748,3,770.500667
-2.237854,3,770.572986
-0.03443,1,770.594066
-1.134181,2,770.647065
-1.096423,2,770.708722
-0.031621,1,770.726756
-2.189849,3,770.808699
-1.108921,2,770.853266
-0.036898,1,770.887826
-2.231062,3,770.9647
-3.308796,4,771.083862
-1.075673,2,771.144064
-3.361323,4,771.268882
-1.088583,2,771.34222
-0.049023,1,771.372269
-0.027444,1,771.403825
-1.072088,2,771.494906
-0.044642,1,771.536621
-3.436581,4,771.680837
-0.028139,1,771.726912
-1.123645,2,771.812373
-2.216491,3,771.932202
-2.171052,3,772.028727
-2.198597,3,772.138935
-3.336285,4,772.273348
-3.295686,4,772.386579
-2.233482,3,772.508265
-1.074535,2,772.575599
-0.043701,1,772.613662
-2.218121,3,772.730842
-1.113281,2,772.807652
-2.260648,3,772.919888
-0.024268,1,772.969046
-2.215108,3,773.074847
-2.207885,3,773.206635
-3.298319,4,773.357683
-1.15058,2,773.446319
-1.093598,2,773.512412
-2.16172,3,773.618883
-1.11393,2,773.701236
-1.123299,2,773.786988
-2.179413,3,773.89887
-2.201378,3,774.009693
-1.12868,2,774.086715
-2.229057,3,774.236822
-2.207846,3,774.361029
-2.181591,3,774.472407
-3.294207,4,774.633692
-2.278827,3,774.755939
-3.307305,4,774.920796
-2.177763,3,775.020618
-2.175437,3,775.134658
-3.315798,4,775.279056
-0.018756,1,775.3167
-3.383743,4,775.448151
-1.124567,2,775.526824
-2.173019,3,775.651053
-0.021377,1,775.697844
-3.3775,4,775.856335
-1.130495,2,775.947933
-0.04583,1,775.997634
-0.036087,1,776.025681
-2.259735,3,776.142389
-2.237484,3,776.25829
-3.331665,4,776.403884
-2.272084,3,776.510882
-1.076542,2,776.578119
-2.194325,3,776.66918
-2.18638,3,776.763123
-1.119663,2,776.810767
-1.115948,2,776.859159
-2.230178,3,776.933815
-2.231986,3,777.022408
-3.380082,4,777.100748
-1.08483,2,777.15249
-2.191566,3,777.235981
-3.330007,4,777.378664
-2.174604,3,777.454326
-0.03341,1,777.475085
-0.014061,1,777.494386
-2.163217,3,777.587651
-1.109054,2,777.647245
-2.222701,3,777.742191
-2.199041,3,777.834675
-2.202325,3,777.916646
-3.312184,4,778.02061
-3.336228,4,778.125744
-2.180667,3,778.208769
-2.20912,3,778.278871
-3.303164,4,778.389898
-2.220266,3,778.474118
-3.283989,4,778.566718
-1.11911,2,778.620795
-3.28375,4,778.709726
-3.406989,4,778.810726
-1.118716,2,778.857312
-2.20144,3,778.933242
-1.065239,2,778.990042
-1.124194,2,779.05282
-0.030287,1,779.086669
-2.184748,3,779.170955
-2.251235,3,779.260855
-2.255088,3,779.38455
-2.206008,3,779.514839
-2.237493,3,779.639812
-1.092396,2,779.722153
-3.335116,4,779.868384
-2.188648,3,779.990869
-1.133705,2,780.084764
-2.224441,3,780.176056
-2.169219,3,780.251269
-0.032729,1,780.283334
-2.215711,3,780.391006
-1.09781,2,780.444738
-3.284648,4,780.585866
-2.252071,3,780.696702
-2.229062,3,780.820716
-3.366648,4,780.993591
-0.009898,1,781.033151
-3.316942,4,781.192497
-1.090941,2,781.278584
-2.232502,3,781.410573
-2.227497,3,781.506752
-1.073821,2,781.568366
-2.16848,3,781.669871
-1.094812,2,781.732256
-3.342406,4,781.916689
-0.029199,1,781.958265
-1.141975,2,782.022434
-3.313208,4,782.188738
-1.076109,2,782.268363
-2.194956,3,782.387208
-0.039779,1,782.430039
-2.222249,3,782.52705
-3.28598,4,782.668645
-2.189906,3,782.778986
-2.185523,3,782.889657
-3.27915,4,783.033366
-3.374368,4,783.183333
-0.049068,1,783.216891
-1.12671,2,783.294916
-2.264696,3,783.401542
-1.107258,2,783.479815
-2.190771,3,783.600761
-1.095478,2,783.696838
-3.3691,4,783.832252
-3.438105,4,783.964696
-3.353924,4,784.123355
-3.328594,4,784.220742
-3.293815,4,784.340885
-3.329118,4,784.464938
-1.098774,2,784.535045
-2.201214,3,784.632345
-0.044679,1,784.670412
-1.090784,2,784.717953
-3.276669,4,784.847646
-1.108684,2,784.936693
-1.127593,2,785.026093
-3.449559,4,785.16793
-2.220488,3,785.265672
-2.183739,3,785.359928
-2.224471,3,785.450395
-0.04755,1,785.497661
-3.302199,4,785.615906
-3.360961,4,785.717767
-2.258502,3,785.803011
-1.109187,2,785.85821
-2.255315,3,785.936903
-2.181571,3,786.016772
-0.035839,1,786.043816
-2.179087,3,786.150291
-1.144171,2,786.226452
-3.288256,4,786.394581
-2.170019,3,786.475056
-3.302072,4,786.592745
-2.220114,3,786.700618
-3.341771,4,786.871064
-2.206202,3,786.985936
-3.336083,4,787.149884
-2.26582,3,787.277725
-3.37184,4,787.407444
-2.204122,3,787.464199
-2.246371,3,787.572176
-0.034564,1,787.615754
-2.230623,3,787.738931
-2.22283,3,787.862156
-0.04683,1,787.900708
-1.085304,2,787.972322
-0.031996,1,788.018889
-3.351421,4,788.163261
-3.418955,4,788.315725
-2.262284,3,788.384555
-3.353433,4,788.540951
-2.176289,3,788.633722
-2.205244,3,788.728909
-2.229816,3,788.827092
-2.215397,3,788.935713
-1.142623,2,789.010655
-2.235972,3,789.096792
-2.215811,3,789.184934
-2.18562,3,789.278858
-3.299574,4,789.430833
-1.133826,2,789.510659
-2.203497,3,789.584043
-0.047133,1,789.620843
-2.267794,3,789.697649
-2.165142,3,789.747717
-2.226457,3,789.795579
-0.041246,1,789.816644
-3.313162,4,789.935824
-2.255861,3,790.004419
-1.114072,2,790.074705
-0.041111,1,790.122775
-1.09002,2,790.258855
-2.201476,3,790.394813
-2.173447,3,790.486956
-1.118764,2,790.563877
-2.264151,3,790.677814
-3.291799,4,790.844869
-2.187265,3,790.963735
-2.233669,3,791.045708
-2.212029,3,791.142375
-2.264634,3,791.244639
-1.123876,2,791.298275
-2.227946,3,791.401512
-2.218481,3,791.513316
-2.251229,3,791.6006
-0.013198,1,791.625664
-2.189181,3,791.709612
-2.254878,3,791.79304
-3.28534,4,791.936738
-1.100224,2,792.020865
-1.091919,2,792.090591
-1.081696,2,792.147686
-2.224719,3,792.32411
-2.218338,3,792.437971
-3.289541,4,792.577868
-3.314729,4,792.694828
-3.327815,4,792.858177
-3.343346,4,792.99765
-2.196783,3,793.095894
-1.112717,2,793.153782
-2.167104,3,793.249663
-2.215228,3,793.340692
-1.097296,2,793.405081
-2.289671,3,793.51691
-3.332205,4,793.656968
-2.212039,3,793.749223
-2.17606,3,793.842363
-2.185385,3,793.936866
-1.124158,2,793.997761
-1.12319,2,794.06254
-3.306059,4,794.189791
-0.029838,1,794.216851
-3.266758,4,794.319733
-0.033902,1,794.353797
-2.249393,3,794.468859
-2.266302,3,794.537082
-2.198138,3,794.622429
-2.247545,3,794.706821
-2.238113,3,794.826715
-2.237068,3,794.924193
-1.097804,2,794.992095
-2.219223,3,795.10334
-1.12562,2,795.181029
-2.238659,3,795.288915
-2.238046,3,795.405617
-2.223026,3,795.490847
-2.181111,3,795.590677
-2.168193,3,795.72233
-2.276142,3,795.82086
-1.088119,2,795.8891
-1.144092,2,795.964207
-2.202454,3,796.078634
-1.074716,2,796.171074
-1.092122,2,796.246854
-0.043325,1,796.292577
-3.295302,4,796.406764
-3.35569,4,796.529383
-3.291303,4,796.670632
-3.316881,4,796.806901
-0.039526,1,796.842127
-3.268304,4,796.994969
-1.141897,2,797.062417
-3.329107,4,797.21573
-2.194415,3,797.321103
-2.212483,3,797.433319
-2.178239,3,797.556721
-1.079977,2,797.654627
-2.229493,3,797.763164
-2.232132,3,797.87798
-2.234248,3,797.983648
-3.289256,4,798.152438
-1.119499,2,798.235719
-3.369681,4,798.400565
-2.244856,3,798.512499
-1.077191,2,798.600814
-2.246276,3,798.726643
-1.122521,2,798.805905
-1.134127,2,798.879116
-2.25509,3,798.996697
-2.284243,3,799.11434
-3.348748,4,799.279878
-2.182131,3,799.382562
-2.182526,3,799.498623
-2.177992,3,799.618781
-3.341174,4,799.778914
-2.213733,3,799.890691
-3.292754,4,800.060265
-1.140761,2,800.125741
-2.222056,3,800.240726
-3.333927,4,800.38698
-2.212531,3,800.510662
-3.363071,4,800.655075
-2.168438,3,800.754632
-3.338003,4,800.904788
-2.174613,3,801.023722
-1.100641,2,801.099938
-1.113364,2,801.180876
-0.043526,1,801.214005
-1.076207,2,801.290868
-1.121724,2,801.343619
-3.359873,4,801.490686
-1.115305,2,801.567888
-0.033215,1,801.608766
-2.265389,3,801.727762
-1.137601,2,801.800085
-2.237392,3,801.916006
-2.23413,3,802.023682
-2.197071,3,802.144011
-2.273894,3,802.254894
-1.085528,2,802.33219
-0.007539,1,802.372751
-1.097633,2,802.448635
-3.306354,4,802.594198
-0.020617,1,802.638913
-2.23839,3,802.755721
-3.348845,4,802.915907
-2.27521,3,803.030909
-3.29074,4,803.128764
-2.246201,3,803.197034
-3.447409,4,803.283085
-0.01402,1,803.313726
-2.163355,3,803.388054
-1.088808,2,803.453877
-1.094632,2,803.504202
-1.11418,2,803.569064
-1.085877,2,803.616839
-2.222171,3,803.700095
-2.187766,3,803.770822
-2.180011,3,803.838957
-0.039053,1,803.857686
-1.127091,2,803.926083
-3.316574,4,804.024456
-1.086224,2,804.053246
-1.115238,2,804.123721
-3.377218,4,804.239835
-3.306735,4,804.34482
-3.304203,4,804.473345
-1.091881,2,804.529866
-1.129584,2,804.590084
-2.175917,3,804.675083
-1.100889,2,804.730765
-2.231382,3,804.819721
-2.260824,3,804.895664
-1.071248,2,804.956759
-3.314181,4,805.126552
-1.104193,2,805.200634
-3.320709,4,805.350678
-2.213183,3,805.476824
-2.178397,3,805.597898
-2.214217,3,805.677226
-1.075626,2,805.745942
-2.238218,3,805.866747
-3.302822,4,806.014246
-2.168184,3,806.123823
-2.164526,3,806.24389
-3.31498,4,806.386894
-2.255029,3,806.507808
-3.376956,4,806.652278
-3.309965,4,806.838801
-2.225437,3,806.978954
-2.265748,3,807.105904
-1.125637,2,807.185649
-2.243509,3,807.292376
-2.194535,3,807.416702
-2.223696,3,807.529871
-1.067446,2,807.610656
-3.363892,4,807.786079
-2.177203,3,807.886915
-2.171184,3,808.016771
-2.221222,3,808.123019
-3.29547,4,808.277811
-2.248651,3,808.399606
-1.067486,2,808.426783
-1.104451,2,808.476019
-2.226125,3,808.587716
-2.22306,3,808.71242
-3.309207,4,808.827891
-3.397711,4,808.936138
-2.231411,3,809.029727
-2.214019,3,809.093907
-2.177117,3,809.215859
-2.264233,3,809.334046
-3.361325,4,809.445825
-2.164092,3,809.510946
-3.306737,4,809.617893
-1.091502,2,809.667923
-0.035405,1,809.700664
-3.309455,4,809.812181
-3.31912,4,809.968298
-3.293861,4,810.090034
-2.255632,3,810.155917
-1.141262,2,810.209762
-3.362651,4,810.318772
-0.034134,1,810.34382
-1.144348,2,810.40305
-3.300785,4,810.544243
-3.334696,4,810.671443
-1.131001,2,810.739843
-2.284852,3,810.847838
-1.133278,2,810.918001
-1.12254,2,811.006023
-2.250849,3,811.126647
-3.347179,4,811.27884
-2.200759,3,811.399842
-3.32282,4,811.547107
-1.122788,2,811.612343
-2.193496,3,811.723822
-3.292846,4,811.905754
-0.040576,1,811.929781
-3.319141,4,812.081398
-2.236233,3,812.166563
-1.122886,2,812.20968
-2.187867,3,812.291009
-2.211846,3,812.377244
-0.022828,1,812.423
-2.247609,3,812.544652
-1.078717,2,812.624793
-2.250026,3,812.742453
-1.138613,2,812.797885
-2.201699,3,812.879907
-2.24533,3,812.984811
-1.091895,2,813.05795
-3.421181,4,813.186728
-1.121502,2,813.264866
-0.012088,1,813.294091
-1.129775,2,813.35581
-0.034959,1,813.404666
-3.277616,4,813.554855
-2.252369,3,813.67692
-2.160758,3,813.787123
-1.127475,2,813.86062
-2.162563,3,813.994943
-1.074979,2,814.069293
-2.215989,3,814.182655
-0.015082,1,814.22906
-1.083904,2,814.30531
-0.040068,1,814.344986
-2.182008,3,814.469273
-3.284142,4,814.635728
-2.187308,3,814.757859
-1.14268,2,814.837737
-2.248527,3,814.95877
-0.033951,1,814.99912
-0.027227,1,815.032291
-3.29264,4,815.202154
-2.182114,3,815.342997
-1.107489,2,815.433253
-2.172652,3,815.525819
-3.307006,4,815.634705
-1.119808,2,815.70933
-1.100202,2,815.794595
-2.212833,3,815.898808
-2.261953,3,816.008782
-2.281621,3,816.120661
-1.12688,2,816.208587
-3.36532,4,816.350795
-0.048721,1,816.388039
-1.089023,2,816.470415
-1.107363,2,816.553791
-2.179049,3,816.665074
-1.105688,2,816.739817
-3.300373,4,816.863834
-1.084747,2,816.933192
-3.328794,4,817.106125
-1.109368,2,817.13876
-1.074473,2,817.227632
-2.20409,3,817.354381
-1.093368,2,817.438747
-0.047618,1,817.482334
-1.129497,2,817.574396
-1.097804,2,817.673347
-3.304698,4,817.843864
-3.295188,4,817.980983
-2.177419,3,818.100911
-1.092665,2,818.166643
-1.085088,2,818.252388
-3.313705,4,818.40216
-2.259007,3,818.529882
-0.035304,1,818.576105
-2.243189,3,818.6901
-3.301,4,818.839849
-1.098851,2,818.916666
-3.342874,4,819.071168
-1.127903,2,819.131013
-3.369754,4,819.178361
-3.349018,4,819.340909
-1.118431,2,819.436905
-0.044208,1,819.486947
-1.124655,2,819.571411
-1.096779,2,819.645841
-3.337337,4,819.7561
-1.086712,2,819.806581
-3.339287,4,819.97127
-2.201757,3,820.10445
-2.268167,3,820.240799
-2.162154,3,820.357881
-2.213421,3,820.483267
-2.229927,3,820.611062
-3.35167,4,820.71048
-2.193593,3,820.843896
-3.302633,4,820.993125
-1.103102,2,821.073942
-1.131622,2,821.177108
-1.115481,2,821.263791
-2.223106,3,821.385751
-2.213634,3,821.506294
-2.168903,3,821.644786
-2.185035,3,821.764913
-2.235144,3,821.877963
-1.098765,2,821.948815
-2.224791,3,822.060795
-2.30159,3,822.16664
-2.265248,3,822.273371
-1.069752,2,822.345757
-0.043674,1,822.384951
-1.090834,2,822.456999
-3.326162,4,822.599932
-2.269911,3,822.703835
-1.079338,2,822.785048
-2.196228,3,822.898059
-1.075912,2,822.968672
-0.046183,1,823.000811
-3.439404,4,823.14974
-1.123022,2,823.219051
-3.33306,4,823.360861
-1.077867,2,823.433738
-3.386516,4,823.581335
-1.143149,2,823.659076
-1.136747,2,823.731055
-2.232061,3,823.848899
-3.320141,4,824.000168
-1.14162,2,824.07503
-2.188563,3,824.184246
-2.254029,3,824.293146
-2.262706,3,824.408654
-2.250539,3,824.515801
-3.327784,4,824.660703
-2.176318,3,824.764689
-3.305895,4,824.924786
-3.383369,4,825.070158
-2.186563,3,825.17411
-1.125946,2,825.243294
-1.115849,2,825.320696
-1.130404,2,825.399603
-2.210154,3,825.498932
-3.322624,4,825.637876
-2.210569,3,825.752264
-1.108881,2,825.829884
-1.074765,2,825.902089
-2.226578,3,826.010788
-3.322471,4,826.152211
-1.104322,2,826.224593
-2.277412,3,826.329025
-0.047725,1,826.372632
-3.313312,4,826.516585
-2.16916,3,826.622521
-1.118356,2,826.697824
-2.267959,3,826.814763
-2.243459,3,826.917975
-2.178278,3,827.022685
-1.130997,2,827.090524
-1.070161,2,827.169732
-1.133951,2,827.246876
-0.012848,1,827.284006
-2.230536,3,827.387821
-3.417705,4,827.533333
-0.014118,1,827.577904
-1.136182,2,827.643626
-0.031827,1,827.680789
-2.238336,3,827.710829
-1.107572,2,827.752387
-2.244168,3,827.828648
-3.341041,4,827.944822
-3.283401,4,828.050911
-1.11143,2,828.116654
-0.042199,1,828.137689
-3.28307,4,828.253817
-2.250481,3,828.332989
-2.161191,3,828.415716
-0.015276,1,828.437744
-1.1113,2,828.49082
-2.206403,3,828.540884
-3.367564,4,828.583967
-2.177906,3,828.611088
-2.236385,3,828.637713
-3.357016,4,828.672241
-2.222299,3,828.703101
-3.272065,4,828.752338
-2.220631,3,828.795994
-2.181664,3,828.849178
-2.28452,3,828.914515
-1.099357,2,828.968937
-0.038486,1,829.000144
-3.291333,4,829.095179
-1.13078,2,829.159699
-1.130927,2,829.198324
-3.296421,4,829.272261
-3.260903,4,829.342488
-2.237519,3,829.405838
-2.204235,3,829.456915
-2.198684,3,829.513869
-1.113109,2,829.554821
-2.199794,3,829.641135
-0.041407,1,829.665805
-2.208832,3,829.723913
-3.359129,4,829.814323
-0.011836,1,829.845147
-2.201404,3,829.903092
-3.339255,4,829.984792
-1.066117,2,830.020853
-0.023344,1,830.042384
-3.325239,4,830.113306
-1.101252,2,830.144871
-2.269396,3,830.190964
-3.332977,4,830.262347
-2.205198,3,830.30657
-3.270294,4,830.36227
-2.227638,3,830.402338
-1.093453,2,830.430878
-0.044573,1,830.444911
-1.12563,2,830.47087
-2.237063,3,830.514109
-3.41472,4,830.574917
-2.184245,3,830.620768
-2.203922,3,830.658844
-1.097222,2,830.68338
-2.238408,3,830.728735
-2.221509,3,830.762278
-2.233488,3,830.804852
-0.026981,1,830.818868
-2.181847,3,830.859844
-3.338927,4,830.904614
-2.174104,3,830.95162
-2.251971,3,830.989896
-2.253242,3,831.037933
-2.201682,3,831.071032
-2.190066,3,831.110799
-1.111868,2,831.143864
-0.049955,1,831.16239
-2.172089,3,831.202336
-2.191823,3,831.247913
-2.196613,3,831.294873
-3.311854,4,831.368866
-1.092911,2,831.399557
-2.21473,3,831.440878
-2.211563,3,831.480506
-1.095598,2,831.510801
-2.204062,3,831.553876
-0.045839,1,831.564744
-2.191172,3,831.602129
-2.177205,3,831.642203
-1.139435,2,831.672269
-2.225019,3,831.710324
-2.181739,3,831.757881
-1.116015,2,831.795921
-2.181346,3,831.835743
-3.388549,4,831.889076
-4.489792,5,831.949646
-1.081159,2,831.981199
-0.029711,1,832.001015
-2.177522,3,832.186636
-2.21217,3,832.293864
-1.121145,2,832.344766
-1.108681,2,832.385864
-2.215832,3,832.442255
-2.200443,3,832.493867
-3.360096,4,832.56771
-1.136196,2,832.592244
-2.1585,3,832.629806
-2.255639,3,832.663366
-3.331678,4,832.722243
-1.133774,2,832.750796
-3.288365,4,832.806158
-3.325929,4,832.862397
-2.215675,3,832.913675
-2.208272,3,832.959746
-3.296889,4,833.00983
-2.164501,3,833.053909
-1.082005,2,833.091027
-2.209889,3,833.126834
-1.141101,2,833.150864
-3.288227,4,833.204619
-1.068647,2,833.234863
-1.074292,2,833.264907
-2.268878,3,833.306144
-1.080868,2,833.332937
-1.117364,2,833.373811
-1.118225,2,833.397852
-2.184622,3,833.434969
-2.220699,3,833.470905
-2.179213,3,833.515874
-2.171653,3,833.555739
-0.004119,1,833.570758
-2.218751,3,833.609124
-2.190173,3,833.68031
-1.10739,2,833.711076
-2.238146,3,833.750947
-2.266737,3,833.796801
-2.2471,3,833.842387
-0.013774,1,833.857215
-3.344709,4,833.90987
-1.083007,2,833.933927
-2.198123,3,833.984134
-2.232653,3,834.032359
-3.397108,4,834.090091
-1.080962,2,834.113943
-2.241311,3,834.169709
-1.107126,2,834.193053
-2.176483,3,834.234829
-3.381794,4,834.28992
-3.299457,4,834.352288
-3.30047,4,834.407767
-3.344663,4,834.463363
-2.212119,3,834.503118
-2.202237,3,834.549781
-2.209869,3,834.591359
-3.32817,4,834.637899
-1.120279,2,834.669982
-2.274928,3,834.716043
-3.285222,4,834.758854
-3.352596,4,834.817139
-0.046581,1,834.829157
-2.166634,3,834.871063
-2.180956,3,834.910813
-1.123952,2,834.942369
-1.132723,2,834.965916
-2.277349,3,835.010938
-2.204659,3,835.045087
-2.183325,3,835.085385
-0.010154,1,835.098399
-2.185415,3,835.141115
-2.217923,3,835.177335
-3.314099,4,835.229906
-2.185778,3,835.274599
-2.181722,3,835.314821
-2.208608,3,835.355888
-2.218951,3,835.3936
-1.117434,2,835.416631
-2.20147,3,835.465716
-1.107463,2,835.493001
-3.299654,4,835.540884
-3.340174,4,835.593051
-1.132889,2,835.62235
-3.316759,4,835.67091
-2.184357,3,835.71246
-3.284377,4,835.767222
-3.384211,4,835.878554
-2.168857,3,835.952266
-0.009536,1,835.972308
-2.258759,3,836.029165
-2.273491,3,836.105573
-3.338937,4,836.283262
-3.368611,4,836.537744
-2.168385,3,836.682884
-1.085854,2,836.776441
-1.110953,2,836.896209
-3.405164,4,837.086169
-2.23415,3,837.228881
-3.311213,4,837.414874
-1.138088,2,837.539875
-2.26757,3,837.696801
-3.315437,4,837.880134
-1.11607,2,837.973932
-3.333403,4,838.166954
-2.22645,3,838.319924
-1.097541,2,838.420803
-0.034038,1,838.466913
-3.349157,4,838.657008
-1.079964,2,838.756515
-2.238676,3,838.907923
-2.220001,3,839.043156
-2.232973,3,839.173036
-0.02687,1,839.222681
-3.33948,4,839.399361
-2.183219,3,839.545919
-2.306647,3,839.685343
-2.222567,3,839.843002
-2.227223,3,840.000956
-1.118299,2,840.09415
-2.23518,3,840.208899
-3.329252,4,840.410354
-1.112392,2,840.508721
-0.0376,1,840.57788
-2.262703,3,840.9008
-2.188366,3,841.148796
-2.157364,3,841.343897
-0.016775,1,841.424998
-2.228881,3,841.584303
-0.041324,1,841.649938
-0.017885,1,841.743088
-2.249408,3,841.915208
-1.111624,2,842.054293
-2.265376,3,842.230806
-0.019412,1,842.320776
-1.113451,2,842.523104
-2.225319,3,842.883937
-1.071557,2,843.712234
-3.296871,4,843.944881
-3.346522,4,844.139893
-1.130033,2,844.222318
-3.339561,4,844.377741
-2.15343,3,844.541009
-2.194611,3,844.843791
-1.135854,2,844.929018
-1.077939,2,845.043201
-1.120082,2,845.1324
-1.108298,2,845.219687
-1.094944,2,845.285836
-3.303152,4,845.429038
-2.249663,3,845.539006
-1.101701,2,845.615281
-3.351209,4,845.755817
-2.19849,3,845.878904
-0.040183,1,845.915991
-0.034982,1,845.946055
-2.232909,3,846.05087
-2.222,3,846.159996
-0.024731,1,846.194181
-2.244328,3,846.313886
-2.196878,3,846.398853
-2.266849,3,846.505236
-3.274296,4,846.635176
-2.294357,3,846.733376
-3.317288,4,846.82966
-2.27327,3,846.90407
-2.210867,3,846.970899
-0.040748,1,846.996942
-0.01676,1,847.017014
-1.095596,2,847.060629
-2.190714,3,847.127803
-1.132596,2,847.186124
-3.30119,4,847.343269
-0.012282,1,847.366804
-3.285633,4,847.486597
-2.208498,3,847.576728
-3.341463,4,847.665839
-0.037435,1,847.687867
-1.097072,2,847.732947
-1.083271,2,847.778728
-2.242072,3,847.845818
-2.246692,3,847.919986
-2.275767,3,847.986709
-2.217705,3,848.062543
-2.199086,3,848.127805
-2.227287,3,848.198889
-3.379563,4,848.293188
-2.204978,3,848.360879
-2.236719,3,848.43762
-3.322791,4,848.518782
-2.244901,3,848.583869
-0.044106,1,848.609728
-3.331319,4,848.699924
-3.333662,4,848.795291
-0.042491,1,848.817316
-3.4111,4,848.912473
-3.280058,4,849.004725
-2.188384,3,849.065797
-1.130824,2,849.110904
-1.070337,2,849.157094
-2.229661,3,849.222383
-2.160548,3,849.297332
-3.300565,4,849.382215
-1.075044,2,849.435915
-2.204671,3,849.506738
-2.264614,3,849.576835
-3.354411,4,849.658686
-2.20936,3,849.72471
-2.213312,3,849.787287
-1.122521,2,849.830969
-2.255551,3,849.893286
-1.083529,2,849.913887
-3.334538,4,849.974028
-3.416526,4,850.03086
-3.293306,4,850.164828
-1.127744,2,850.248621
-2.231876,3,850.377846
-3.306265,4,850.438031
-3.298596,4,850.623842
-1.113816,2,850.723861
-1.123707,2,850.802626
-0.049764,1,850.834992
-2.263322,3,850.939799
-1.120566,2,850.987415
-2.199228,3,851.052401
-2.204961,3,851.106303
-1.09751,2,851.149128
-3.284672,4,851.231102
-2.172673,3,851.290277
-2.233613,3,851.372303
-2.206836,3,851.439755
-2.234019,3,851.540997
-1.121002,2,851.579201
-0.021903,1,851.598743
-0.012383,1,851.618791
-3.366087,4,851.754953
-3.308375,4,852.037839
-1.10202,2,852.16305
-0.030396,1,852.210137
-2.227599,3,852.37698
-3.306214,4,852.56978
-3.392568,4,852.677347
-3.415488,4,852.830941
-1.13996,2,853.067813
-2.178292,3,853.12888
-2.165907,3,853.265886
-2.245513,3,853.330788
-1.107956,2,853.377898
-3.313101,4,853.445803
-1.081887,2,853.483366
-1.12484,2,853.516588
-0.022603,1,853.540864
-3.397762,4,853.611107
-2.225047,3,853.658751
-2.167134,3,853.709359
-2.17106,3,853.766195
-3.383033,4,853.840846
-2.223907,3,853.891607
-3.315709,4,853.953082
-3.395633,4,854.018385
-3.326194,4,854.086293
-1.127593,2,854.112344
-2.194411,3,854.25699
-3.3806,4,854.457903
-2.258165,3,854.573359
-2.221958,3,854.696005
-1.105434,2,854.757864
-3.404629,4,854.894963
-3.278334,4,854.992928
-3.407817,4,855.074808
-3.30028,4,855.163722
-1.1336,2,855.207872
-3.301341,4,855.288002
-3.297778,4,855.36489
-2.196226,3,855.429766
-1.099678,2,855.476844
-3.366979,4,855.572286
-3.281932,4,855.649767
-3.293403,4,855.729169
-0.044215,1,855.757828
-2.226258,3,855.820869
-1.129746,2,855.865698
-2.173072,3,855.934902
-0.028832,1,855.958075
-2.188961,3,856.020827
-0.013794,1,856.036856
-3.324658,4,856.116764
-3.312264,4,856.180851
-0.039763,1,856.19738
-1.135382,2,856.235802
-1.112722,2,856.26684
-3.311661,4,856.334739
-1.13902,2,856.369778
-2.263298,3,856.423217
-2.25639,3,856.474409
-2.206528,3,856.535744
-2.227042,3,856.584519
-2.223512,3,856.646948
-1.091905,2,856.716009
-3.2999,4,856.875811
-2.174763,3,856.994671
-2.177347,3,857.118152
-2.209175,3,857.213948
-3.280176,4,857.337612
-2.227546,3,857.432993
-2.230938,3,857.518927
-1.086604,2,857.569587
-2.220779,3,857.667766
-2.264906,3,857.764589
-2.232961,3,857.844861
-2.242086,3,857.929601
-1.073106,2,857.993242
-1.128775,2,858.069682
-3.314518,4,858.18914
-1.09578,2,858.22496
-1.075964,2,858.275725
-2.248479,3,858.343935
-0.030859,1,858.370996
-1.0872,2,858.46975
-0.011951,1,858.500327
-2.224866,3,858.549908
-0.044967,1,858.570028
-3.303518,4,858.632163
-2.210964,3,858.672235
-1.107152,2,858.702434
-3.35081,4,858.757326
-0.048561,1,858.779356
-0.042172,1,858.797607
-0.028382,1,858.810622
-1.121104,2,858.850691
-0.049296,1,858.866729
-2.207993,3,858.923121
-3.354313,4,858.973952
-2.177797,3,859.007008
-0.021994,1,859.019034
-0.021916,1,859.038912
-1.092931,2,859.070667
-2.180861,3,859.118987
-1.118247,2,859.14441
-0.049639,1,859.166853
-2.200816,3,859.218602
-2.185636,3,859.260667
-0.019948,1,859.277709
-1.132547,2,859.346824
-3.442122,4,859.482338
-0.048371,1,859.516934
-2.174568,3,859.627707
-2.231897,3,859.750934
-3.367659,4,859.887716
-2.221244,3,860.027148
-2.270204,3,860.122599
-3.330915,4,860.217786
-1.124627,2,860.253341
-3.341631,4,860.411355
-2.228067,3,860.529272
-3.257207,4,860.685794
-3.34261,4,860.818011
-1.107573,2,860.893291
-2.190536,3,860.983352
-0.039339,1,861.01706
-1.097644,2,861.078864
-2.210686,3,861.168736
-1.074875,2,861.228814
-2.239976,3,861.311453
-1.0599,2,861.328975
-1.09638,2,861.34565
-3.293914,4,861.44872
-2.184922,3,861.543947
-1.09946,2,861.596851
-2.166305,3,861.672191
-2.275329,3,861.753357
-1.120515,2,861.810689
-3.324798,4,861.910932
-0.015673,1,861.935597
-2.212793,3,862.015796
-2.254672,3,862.111019
-2.220347,3,862.20302
-1.099044,2,862.250117
-0.040908,1,862.282243
-2.256623,3,862.37568
-3.33651,4,862.500958
-2.158629,3,862.594527
-2.212125,3,862.673887
-2.232359,3,862.765771
-1.126523,2,862.827592
-3.363302,4,862.945904
-2.203685,3,863.019802
-1.121231,2,863.077883
-2.271778,3,863.160645
-1.117148,2,863.217184
-2.1815,3,863.295403
-1.107859,2,863.357578
-3.310983,4,863.466933
-2.228963,3,863.547698
-2.234094,3,863.625513
-2.233279,3,863.705298
-2.266228,3,863.782122
-3.30093,4,863.892437
-1.109502,2,863.94442
-3.353577,4,864.056888
-2.29644,3,864.136724
-1.123656,2,864.182279
-1.119026,2,864.233057
-2.203807,3,864.314989
-1.077371,2,864.3698
-0.047544,1,864.392329
-2.197723,3,864.475825
-2.234206,3,864.565678
-1.095111,2,864.622371
-0.039731,1,864.653936
-2.293339,3,864.729977
-0.044547,1,864.765745
-2.249277,3,864.850695
-2.218488,3,864.939887
-3.283329,4,865.04218
-2.201819,3,865.124889
-0.025838,1,865.150913
-2.251186,3,865.226752
-2.217974,3,865.295991
-2.170136,3,865.385663
-3.338559,4,865.483879
-2.235486,3,865.5707
-2.190424,3,865.653587
-0.024642,1,865.684641
-2.171119,3,865.780972
-3.295423,4,865.892801
-2.175528,3,865.977751
-3.290968,4,866.094339
-1.088844,2,866.147668
-3.361564,4,866.253362
-2.230142,3,866.336786
-2.206605,3,866.419108
-2.192839,3,866.495334
-1.094257,2,866.555123
-2.203784,3,866.63555
-2.21328,3,866.719725
-1.139171,2,866.775807
-0.046633,1,866.799335
-2.169855,3,866.888732
-2.221588,3,866.979675
-3.347808,4,867.09517
-3.302132,4,867.196058
-2.225107,3,867.265853
-2.268575,3,867.355719
-2.183158,3,867.429943
-2.229009,3,867.503251
-3.345699,4,867.608655
-3.291018,4,867.733019
-3.414866,4,867.843838
-2.267162,3,867.93008
-2.251897,3,868.012429
-3.319699,4,868.11885
-0.036976,1,868.145508
-3.286065,4,868.246002
-1.072004,2,868.298826
-0.03599,1,868.326868
-3.396932,4,868.437747
-3.331224,4,868.542929
-2.155575,3,868.620741
-3.299807,4,868.730892
-1.088992,2,868.78463
-1.102474,2,868.844769
-2.237857,3,868.918948
-2.204998,3,869.007908
-0.04943,1,869.034172
-2.235505,3,869.128687
-0.011905,1,869.15573
-3.361863,4,869.274689
-2.220217,3,869.356946
-1.092647,2,869.409756
-3.389493,4,869.528741
-2.205389,3,869.608939
-2.253346,3,869.697222
-2.211336,3,869.763198
-0.022516,1,869.78986
-0.038508,1,869.825737
-2.243513,3,869.894329
-0.046537,1,869.935644
-2.253305,3,870.013138
-3.286515,4,870.118883
-3.331596,4,870.222223
-2.249068,3,870.298818
-2.181239,3,870.384806
-3.307693,4,870.4867
-2.161518,3,870.564387
-2.218529,3,870.638775
-3.270034,4,870.735686
-2.221453,3,870.825803
-0.025091,1,870.855839
-3.347957,4,870.965742
-1.128497,2,871.022313
-3.441713,4,871.133302
-3.390306,4,871.243017
-2.213545,3,871.312303
-1.124147,2,871.363165
-2.230266,3,871.454897
-2.180946,3,871.532275
-1.135639,2,871.634823
-0.004263,1,871.687919
-2.246695,3,871.793009
-2.238873,3,871.874795
-1.134446,2,871.950908
-1.114477,2,872.019718
-1.136982,2,872.077798
-2.247966,3,872.157906
-2.254963,3,872.247665
-3.313362,4,872.345815
-2.28785,3,872.431103
-2.238098,3,872.509775
-2.163825,3,872.590876
-2.24917,3,872.682312
-1.140754,2,872.753008
-2.238091,3,872.828872
-1.140971,2,872.887727
-3.348709,4,873.010092
-2.216258,3,873.10664
-2.180341,3,873.184323
-2.278443,3,873.26006
-2.269434,3,873.335737
-1.099127,2,873.388818
-3.36639,4,873.487614
-2.186253,3,873.570943
-2.204079,3,873.650612
-2.222973,3,873.740777
-3.466184,4,873.844695
-0.015976,1,873.874737
-2.19988,3,873.965693
-2.218558,3,874.047846
-0.036359,1,874.073883
-2.254592,3,874.154859
-3.413569,4,874.250688
-2.241935,3,874.340656
-3.346812,4,874.435971
-2.217442,3,874.5268
-2.237484,3,874.605915
-0.008844,1,874.640636
-0.045564,1,874.662163
-2.196083,3,874.750602
-2.201671,3,874.83786
-2.250262,3,874.915191
-2.280376,3,874.996063
-0.009382,1,875.025649
-2.245654,3,875.102249
-1.119274,2,875.15884
-2.200256,3,875.235709
-0.049793,1,875.273759
-2.163411,3,875.359253
-1.105144,2,875.420054
-0.037253,1,875.445681
-1.083102,2,875.496246
-2.182534,3,875.572435
-1.113154,2,875.635713
-3.379137,4,875.742651
-2.246325,3,875.814527
-3.293055,4,875.935948
-0.021737,1,875.966784
-1.130761,2,876.019356
-1.075187,2,876.07082
-2.262002,3,876.143028
-3.353556,4,876.260596
-2.180247,3,876.343291
-2.247046,3,876.420055
-0.019816,1,876.450728
-1.133847,2,876.511315
-0.043046,1,876.532997
-1.104074,2,876.592262
-2.254685,3,876.660133
-1.091473,2,876.714446
-1.097054,2,876.764672
-2.270266,3,876.844881
-3.440917,4,876.950656
-3.28611,4,877.072247
-2.160285,3,877.156543
-2.220887,3,877.242301
-0.022469,1,877.26333
-2.192038,3,877.35876
-2.174474,3,877.435143
-0.041073,1,877.466731
-0.039262,1,877.486756
-2.175411,3,877.58297
-3.330249,4,877.682271
-1.082114,2,877.728497
-1.140086,2,877.775757
-2.256609,3,877.874743
-2.179745,3,877.963205
-1.124231,2,878.015963
-0.027629,1,878.042066
-1.130906,2,878.095638
-0.03512,1,878.124277
-0.013946,1,878.152354
-3.392103,4,878.255099
-2.25337,3,878.344765
-2.175406,3,878.422508
-2.235274,3,878.511236
-1.083657,2,878.565875
-2.237012,3,878.656707
-2.208417,3,878.732935
-3.310143,4,878.840663
-2.209265,3,878.929643
-1.10512,2,879.000252
-1.103737,2,879.056881
-3.357213,4,879.159878
-2.253488,3,879.247791
-2.215265,3,879.333788
-3.285752,4,879.446652
-2.284727,3,879.528841
-2.187462,3,879.610633
-1.100062,2,879.680723
-2.247137,3,879.756862
-1.106266,2,879.807954
-1.129353,2,879.860784
-3.340823,4,879.986758
-1.124332,2,880.033912
-2.258037,3,880.123902
-2.197633,3,880.195791
-0.045764,1,880.230975
-0.036614,1,880.260717
-2.238312,3,880.342352
-2.202105,3,880.420708
-0.039306,1,880.450746
-1.121273,2,880.502918
-1.081688,2,880.559655
-2.220276,3,880.640012
-1.0784,2,880.695777
-0.018286,1,880.717561
-2.175469,3,880.799173
-3.328059,4,880.902727
-1.138869,2,880.967481
-2.186294,3,881.047003
-2.194992,3,881.133911
-1.128048,2,881.180837
-1.112853,2,881.240563
-0.045358,1,881.266598
-3.321699,4,881.373363
-1.067354,2,881.424015
-2.219619,3,881.515571
-3.459028,4,881.62236
-3.335101,4,881.728786
-0.005329,1,881.757822
-3.349835,4,881.868716
-2.251205,3,881.94591
-2.163739,3,882.030854
-0.0433,1,882.060902
-2.183677,3,882.136896
-2.276835,3,882.219026
-0.021764,1,882.245655
-1.096293,2,882.295727
-2.170602,3,882.37904
-1.129209,2,882.436884
-0.044781,1,882.462942
-2.229053,3,882.539818
-2.261953,3,882.617485
-1.113994,2,882.672328
-2.232197,3,882.757684
-2.266186,3,882.854769
-0.045325,1,882.88981
-1.086322,2,882.951129
-3.271399,4,883.05586
-2.237243,3,883.133096
-2.283472,3,883.218958
-2.196577,3,883.301183
-1.135734,2,883.354866
-3.274298,4,883.455677
-2.171473,3,883.532935
-1.108217,2,883.602176
-3.34338,4,883.706979
-3.353055,4,883.81093
-0.023465,1,883.845699
-2.189638,3,883.936896
-2.210084,3,884.015332
-2.281036,3,884.094634
-0.026579,1,884.125293
-3.351345,4,884.226807
-3.309122,4,884.32399
-2.224952,3,884.405134
-1.122728,2,884.455842
-2.192777,3,884.530938
-3.30952,4,884.637902
-2.162951,3,884.726875
-3.369353,4,884.826268
-2.240645,3,884.909403
-0.038869,1,884.936652
-2.218929,3,885.026988
-1.136102,2,885.087677
-2.230213,3,885.170892
-3.288815,4,885.275893
-1.123684,2,885.327717
-1.142884,2,885.387793
-2.186976,3,885.468951
-3.287587,4,885.570889
-3.360751,4,885.682396
-3.399893,4,885.78977
-1.129306,2,885.832459
-1.110129,2,885.877737
-1.076606,2,885.935089
-1.104027,2,886.001199
-1.133138,2,886.047843
-1.085271,2,886.097901
-1.076603,2,886.15568
-1.102965,2,886.218707
-3.368663,4,886.324927
-3.291543,4,886.445871
-2.242112,3,886.518619
-2.190096,3,886.596722
-2.265231,3,886.685041
-1.113703,2,886.740727
-2.19566,3,886.808324
-3.284042,4,886.91513
-1.135566,2,886.972262
-1.126338,2,887.025626
-2.246472,3,887.123043
-2.268077,3,887.204223
-1.143638,2,887.262415
-1.090894,2,887.322746
-2.2611,3,887.400419
-1.139597,2,887.464654
-1.09567,2,887.515894
-2.202762,3,887.592194
-1.10109,2,887.653031
-2.188477,3,887.734765
-1.085697,2,887.790863
-3.322443,4,887.90021
-2.252179,3,887.983864
-3.284673,4,888.119708
-2.160311,3,888.216844
-1.102352,2,888.27597
-1.120283,2,888.326722
-1.104874,2,888.387811
-0.042081,1,888.420855
-2.251985,3,888.498853
-1.118893,2,888.563124
-3.289349,4,888.684912
-1.121258,2,888.750698
-2.226711,3,888.828871
-2.228037,3,888.910924
-0.047012,1,888.946719
-2.225732,3,889.025897
-1.136203,2,889.086653
-0.008441,1,889.107184
-2.264909,3,889.197768
-2.192682,3,889.280723
-3.356541,4,889.390619
-2.242157,3,889.470802
-1.108745,2,889.538643
-1.095101,2,889.588709
-3.296735,4,889.695853
-3.31594,4,889.79576
-1.12108,2,889.85695
-3.289267,4,889.969801
-1.117885,2,890.016959
-3.310167,4,890.129775
-1.111346,2,890.189862
-1.097001,2,890.243679
-2.268172,3,890.323865
-3.301428,4,890.430657
-0.037717,1,890.460694
-1.085305,2,890.514768
-0.009503,1,890.540796
-3.416155,4,890.656785
-2.15845,3,890.74897
-3.399942,4,890.860759
-1.110844,2,890.908816
-2.261701,3,890.99596
-1.137446,2,891.060661
-2.184912,3,891.128753
-3.388218,4,891.236902
-3.287543,4,891.33673
-2.273922,3,891.417834
-0.044789,1,891.438858
-1.065338,2,891.494086
-3.336177,4,891.59585
-1.111893,2,891.655725
-2.170611,3,891.733832
-2.165201,3,891.809451
-2.217602,3,891.884896
-2.199688,3,891.980673
-2.219041,3,892.064364
-2.184848,3,892.146593
-2.242911,3,892.21769
-1.072318,2,892.268755
-1.103435,2,892.323834
-3.390838,4,892.429612
-1.108031,2,892.480675
-1.135528,2,892.540878
-0.037536,1,892.570912
-2.210293,3,892.643373
-3.318591,4,892.757879
-2.168407,3,892.844819
-2.221507,3,892.930932
-2.280857,3,893.01788
-1.089826,2,893.077688
-3.299444,4,893.183403
-2.179963,3,893.264797
-3.329624,4,893.374732
-3.318645,4,893.480898
-2.211277,3,893.563224
-3.288205,4,893.654856
-3.342225,4,893.765314
-2.235275,3,893.845793
-3.322779,4,893.965737
-2.178311,3,894.045843
-2.280141,3,894.122995
-2.250614,3,894.203773
-0.045685,1,894.231057
-2.284157,3,894.308849
-2.18238,3,894.38479
-2.274059,3,894.460886
-1.077443,2,894.5161
-2.198373,3,894.594819
-1.076977,2,894.644887
-1.069377,2,894.698714
-3.345764,4,894.814559
-3.321155,4,894.928819
-2.175081,3,895.002416
-2.219099,3,895.08673
-1.102876,2,895.142307
-2.189756,3,895.228448
-3.33909,4,895.32792
-2.281323,3,895.40318
-2.25983,3,895.494828
-0.021772,1,895.515447
-2.160932,3,895.604377
-3.374043,4,895.711236
-1.07161,2,895.777851
-1.073149,2,895.828577
-0.02875,1,895.85491
-1.132977,2,895.905271
-3.335042,4,896.01535
-2.205421,3,896.093785
-2.220727,3,896.173015
-2.221808,3,896.248505
-2.221133,3,896.328466
-1.145986,2,896.375867
-3.314511,4,896.484956
-3.277657,4,896.594026
-2.191744,3,896.670792
-0.049602,1,896.696829
-3.311302,4,896.7977
-2.233082,3,896.884722
-2.170215,3,896.969618
-1.129069,2,897.030851
-3.387413,4,897.140711
-2.213399,3,897.218973
-2.272465,3,897.313287
-0.025152,1,897.338668
-2.175873,3,897.424492
-2.210361,3,897.509902
-3.396862,4,897.621293
-2.245451,3,897.702116
-1.131319,2,897.75879
-2.231641,3,897.830982
-2.222461,3,897.914913
-2.159842,3,897.998719
-2.204363,3,898.090629
-1.108784,2,898.154847
-2.187195,3,898.236639
-1.096481,2,898.295722
-0.038821,1,898.322362
-3.342959,4,898.41912
-2.257948,3,898.499828
-1.111216,2,898.547635
-0.015885,1,898.575666
-1.115783,2,898.625857
-1.121688,2,898.6807
-2.185246,3,898.766858
-3.338202,4,898.874676
-2.184105,3,898.960562
-2.179512,3,899.048694
-2.232414,3,899.126853
-2.181842,3,899.212666
-3.326742,4,899.328218
-0.037112,1,899.358808
-2.264172,3,899.431005
-2.205664,3,899.512207
-2.164782,3,899.580887
-0.036872,1,899.608478
-2.223292,3,899.686867
-2.203257,3,899.768689
-2.17725,3,899.850939
-3.307147,4,899.967097
-1.12288,2,900.020222
-0.009047,1,900.058017
-1.098292,2,900.109206
-0.023817,1,900.13807
-2.272436,3,900.205739
-3.311518,4,900.310206
-1.099927,2,900.36466
-1.124511,2,900.424252
-3.383326,4,900.51978
-2.247684,3,900.603332
-1.11359,2,900.652437
-1.12415,2,900.705318
-2.276276,3,900.795003
-0.042404,1,900.826199
-3.27539,4,900.937713
-3.294182,4,901.044997
-2.21904,3,901.127699
-2.224135,3,901.212318
-2.254726,3,901.284137
-1.0841,2,901.338881
-2.174727,3,901.419151
-2.195169,3,901.499866
-0.02492,1,901.52706
-0.025773,1,901.557764
-2.229167,3,901.635987
-2.222416,3,901.720256
-2.269866,3,901.811123
-2.233925,3,901.977645
-2.251915,3,902.078212
-0.038576,1,902.123785
-3.279667,4,902.253263
-1.101841,2,902.308203
-1.103559,2,902.367934
-2.26129,3,902.449931
-3.340536,4,902.545869
-0.028145,1,902.577913
-0.028017,1,902.606596
-2.200823,3,902.68381
-3.341693,4,902.778661
-2.167429,3,902.859857
-2.159987,3,902.944983
-2.245884,3,903.030777
-1.133693,2,903.086864
-0.014499,1,903.123794
-2.213574,3,903.213928
-0.035116,1,903.248616
-2.242769,3,903.340956
-3.263518,4,903.444007
-3.30268,4,903.554643
-1.118202,2,903.60069
-2.21032,3,903.6724
-3.278405,4,903.778713
-3.308473,4,903.891487
-3.33681,4,904.012352
-3.3006,4,904.125979
-2.229358,3,904.206616
-0.023679,1,904.230723
-1.143425,2,904.276787
-2.174401,3,904.346094
-0.033994,1,904.382257
-1.094536,2,904.43766
-3.377838,4,904.536804
-1.082065,2,904.592381
-0.019018,1,904.6241
-3.361385,4,904.729048
-2.156398,3,904.811025
-3.338623,4,904.921373
-2.272184,3,905.012733
-2.25639,3,905.102922
-2.214907,3,905.17969
-2.150704,3,905.249598
-2.25477,3,905.347899
-1.105694,2,905.392159
-1.101522,2,905.453852
-3.334617,4,905.562289
-2.205177,3,905.648005
-1.07108,2,905.696129
-2.271484,3,905.776766
-1.116319,2,905.828839
-3.322691,4,905.940685
-3.32754,4,906.065846
-1.106174,2,906.120903
-2.256882,3,906.196752
-2.166413,3,906.290879
-3.335255,4,906.398753
-2.203641,3,906.470833
-2.233085,3,906.547952
-2.21411,3,906.637708
-2.237417,3,906.717813
-2.196519,3,906.795406
-3.323225,4,906.906754
-3.28868,4,907.023218
-3.330632,4,907.125646
-3.305559,4,907.226778
-2.244499,3,907.308884
-1.095321,2,907.369762
-3.381874,4,907.465882
-0.049786,1,907.487909
-1.120965,2,907.544666
-2.236161,3,907.635785
-2.222548,3,907.712379
-0.023846,1,907.740916
-2.248312,3,907.82261
-2.261256,3,907.984874
-1.074965,2,908.07069
-2.192953,3,908.170692
-2.247089,3,908.27679
-1.122338,2,908.358796
-2.277549,3,908.514726
-2.254253,3,908.610862
-0.046641,1,908.652462
-1.081088,2,908.718813
-3.308338,4,908.830012
-2.168357,3,908.91525
-1.122622,2,908.960807
-0.04313,1,908.986844
-0.040118,1,909.030975
-3.291548,4,909.15429
-3.359508,4,909.265982
-2.25029,3,909.342947
-2.224783,3,909.423238
-0.040504,1,909.448625
-2.188301,3,909.528863
-2.239801,3,909.619126
-3.306141,4,909.726943
-2.256528,3,909.810701
-3.313347,4,909.918247
-2.190592,3,910.000628
-1.094497,2,910.056754
-1.08749,2,910.110816
-1.138287,2,910.15965
-2.165622,3,910.243941
-2.176146,3,910.325773
-0.025621,1,910.356816
-2.197209,3,910.425406
-3.301448,4,910.531391
-0.028572,1,910.556687
-3.350011,4,910.670937
-1.10288,2,910.726758
-2.158321,3,910.806863
-2.225097,3,910.884701
-2.245243,3,910.957001
-3.313044,4,911.079477
-1.134726,2,911.14081
-1.128944,2,911.194883
-1.08001,2,911.246643
-3.29872,4,911.347913
-1.076926,2,911.408222
-1.064678,2,911.459661
-0.036586,1,911.480688
-1.085075,2,911.532255
-3.268729,4,911.640843
-2.208652,3,911.719068
-3.288446,4,911.824804
-1.138577,2,911.878869
-2.167756,3,911.96567
-1.136666,2,912.017234
-2.184208,3,912.10694
-2.215318,3,912.189801
-1.102405,2,912.245243
-2.26935,3,912.324023
-1.116819,2,912.374559
-1.086877,2,912.431288
-3.284783,4,912.542284
-1.0925,2,912.590847
-1.119634,2,912.649603
-1.130578,2,912.699776
-2.213721,3,912.783225
-2.183662,3,912.868889
-2.201328,3,912.948205
-3.313338,4,913.046893
-1.118288,2,913.107095
-1.074628,2,913.165906
-2.254213,3,913.250655
-0.027273,1,913.282205
-2.202359,3,913.374586
-1.141248,2,913.43892
-0.026575,1,913.467475
-2.243186,3,913.545915
-1.076476,2,913.609678
-2.285306,3,913.690901
-1.112501,2,913.736745
-2.252654,3,913.8234
-2.1896,3,913.915771
-2.183356,3,913.994684
-1.072798,2,914.045883
-0.042759,1,914.074921
-0.039994,1,914.110662
-2.175259,3,914.18786
-2.175154,3,914.267658
-0.023438,1,914.297704
-2.166305,3,914.37587
-2.219815,3,914.453644
-1.087347,2,914.503201
-1.13004,2,914.554885
-0.011612,1,914.594559
-2.192337,3,914.667777
-0.04289,1,914.687802
-1.113846,2,914.743386
-2.258671,3,914.829917
-1.110415,2,914.887654
-3.299657,4,914.994401
-3.350757,4,915.106778
-3.291814,4,915.226215
-0.030103,1,915.253352
-2.169607,3,915.338624
-2.21762,3,915.414728
-3.303139,4,915.554834
-3.329031,4,915.653152
-1.105733,2,915.707719
-3.295207,4,915.808682
-2.176861,3,915.888585
-2.232107,3,915.964797
-1.114246,2,916.026806
-3.297275,4,916.148646
-0.022965,1,916.170674
-1.131401,2,916.231259
-3.288408,4,916.336218
-2.178376,3,916.423784
-3.33346,4,916.54696
-3.276926,4,916.649936
-3.35283,4,916.749721
-1.12269,2,916.806807
-2.271765,3,916.892251
-0.029843,1,916.917791
-2.243216,3,916.993042
-3.359252,4,917.094939
-1.067441,2,917.144742
-2.184999,3,917.233363
-1.080351,2,917.292168
-0.020756,1,917.314198
-1.108086,2,917.375778
-0.047588,1,917.40582
-3.390373,4,917.51071
-2.197478,3,917.587675
-3.367231,4,917.700929
-2.228776,3,917.790724
-2.207694,3,917.867004
-1.108493,2,917.922194
-3.288698,4,918.025145
-1.097334,2,918.080599
-1.081641,2,918.149683
-2.195456,3,918.236811
-2.209038,3,918.325685
-3.304105,4,918.437828
-2.178915,3,918.509916
-3.276126,4,918.619759
-3.341951,4,918.734911
-0.013993,1,918.765984
-2.273061,3,918.853385
-0.044219,1,918.883006
-2.179171,3,918.964629
-1.123523,2,919.015861
-2.196703,3,919.091094
-0.036932,1,919.122276
-3.388208,4,919.240988
-1.1284,2,919.285762
-0.040907,1,919.3148
-2.265701,3,919.408173
-3.316557,4,919.515789
-2.155212,3,919.596899
-1.068703,2,919.650627
-1.07096,2,919.697695
-0.036448,1,919.729245
-3.336214,4,919.830194
-1.099586,2,919.888641
-1.092505,2,919.937796
-0.018095,1,919.969838
-2.277876,3,920.055626
-3.339843,4,920.159683
-2.201339,3,920.243355
-2.22103,3,920.329818
-2.227603,3,920.415472
-3.356606,4,920.517832
-2.243853,3,920.603726
-2.179803,3,920.690697
-2.172474,3,920.774678
-2.171015,3,920.856779
-0.022048,1,920.885818
-3.343931,4,921.007774
-3.305677,4,921.10991
-1.138607,2,921.164713
-2.273041,3,921.246832
-2.22257,3,921.32807
-1.118361,2,921.390821
-2.195873,3,921.467601
-0.029646,1,921.49788
-2.176185,3,921.57576
-2.268929,3,921.649851
-2.208909,3,921.7242
-0.048821,1,921.749817
-1.101644,2,921.810903
-3.31742,4,921.907822
-1.114964,2,921.962387
-3.360999,4,922.074982
-2.184251,3,922.172395
-1.11486,2,922.229761
-1.121406,2,922.280794
-1.077079,2,922.334876
-3.347537,4,922.438808
-2.254777,3,922.522944
-0.027338,1,922.544469
-3.310568,4,922.643802
-3.365223,4,922.75806
-0.008539,1,922.778743
-0.038074,1,922.808786
-2.241198,3,922.88314
-0.049787,1,922.917783
-2.284779,3,922.998886
-1.095454,2,923.059098
-2.168926,3,923.154873
-2.179999,3,923.236698
-2.220363,3,923.312292
-1.074011,2,923.362357
-2.21803,3,923.450706
-2.199215,3,923.559853
-2.168208,3,923.660563
-3.280982,4,923.78988
-2.24149,3,923.870726
-0.041267,1,923.90678
-1.107415,2,923.966864
-3.295853,4,924.083318
-3.347387,4,924.206802
-2.245683,3,924.292212
-1.133272,2,924.35594
-0.049201,1,924.377632
-0.008737,1,924.403167
-3.324176,4,924.515771
-3.377139,4,924.619609
-1.070017,2,924.670744
-3.376312,4,924.795635
-0.020544,1,924.826181
-2.242821,3,924.907857
-2.196524,3,924.978724
-2.235419,3,925.047904
-0.048792,1,925.081062
-2.208942,3,925.169876
-2.261708,3,925.25211
-2.230712,3,925.336803
-2.214961,3,925.418924
-2.212731,3,925.498741
-2.165771,3,925.589859
-3.289641,4,925.696656
-2.237886,3,925.780857
-2.218546,3,925.858605
-3.327563,4,925.965445
-3.302026,4,926.077757
-2.235936,3,926.172128
-2.243049,3,926.250827
-2.215466,3,926.342645
-0.025735,1,926.367903
-3.381498,4,926.494508
-2.180748,3,926.580756
-2.224295,3,926.670638
-2.237315,3,926.760864
-2.170528,3,926.858807
-0.047124,1,926.887847
-2.18585,3,926.967608
-3.367671,4,927.064265
-2.183306,3,927.15556
-0.017704,1,927.185844
-2.15733,3,927.267673
-2.250852,3,927.3563
-3.363389,4,927.469808
-3.285639,4,927.579719
-1.103986,2,927.636297
-0.043407,1,927.664879
-2.169703,3,927.750631
-1.125783,2,927.805704
-2.190386,3,927.887857
-2.245282,3,927.970706
-2.224572,3,928.055901
-2.25806,3,928.13994
-1.100309,2,928.195679
-1.132837,2,928.244932
-2.164516,3,928.327161
-1.098793,2,928.383393
-2.285272,3,928.453632
-0.041278,1,928.483164
-2.183859,3,928.566365
-0.041796,1,928.597018
-2.18724,3,928.672276
-3.31506,4,928.792113
-2.151362,3,928.88686
-3.37306,4,929.002155
-2.272237,3,929.170785
-3.38653,4,929.296621
-1.115431,2,929.36993
-0.02909,1,929.4007
-2.273916,3,929.501067
-2.251141,3,929.578893
-0.037373,1,929.609947
-2.161831,3,929.694642
-1.085108,2,929.745754
-1.106265,2,929.801317
-2.188651,3,929.892402
-2.159191,3,929.979761
-2.218564,3,930.05759
-2.17903,3,930.1362
-2.226,3,930.231348
-2.235603,3,930.312163
-1.118684,2,930.372958
-2.200826,3,930.453846
-0.034462,1,930.485013
-2.239885,3,930.564661
-2.218591,3,930.649959
-2.154757,3,930.740348
-2.239224,3,930.822289
-3.359292,4,930.932189
-4.497811,5,931.075633
-2.269387,3,931.152339
-3.33802,4,931.264759
-2.190867,3,931.356625
-0.02276,1,931.376651
-2.239814,3,931.45292
-1.139625,2,931.512141
-1.114164,2,931.558957
-3.287405,4,931.65533
-2.23986,3,931.744188
-2.215776,3,931.827898
-2.248144,3,931.915752
-0.013084,1,931.93791
-2.17186,3,932.02222
-2.236043,3,932.107646
-2.186223,3,932.188329
-3.29675,4,932.299821
-2.269919,3,932.384569
-1.080002,2,932.439934
-2.179525,3,932.520794
-2.188477,3,932.597719
-2.254363,3,932.680068
-3.339687,4,932.796725
-1.127563,2,932.84387
-1.108652,2,932.903052
-2.231949,3,932.98466
-1.123185,2,933.045009
-0.045769,1,933.07476
-2.234675,3,933.151351
-2.197187,3,933.232214
-3.357334,4,933.346146
-1.089924,2,933.404442
-1.10402,2,933.460908
-2.26201,3,933.535846
-2.2649,3,933.623654
-3.317001,4,933.750332
-0.040145,1,933.788095
-2.177289,3,933.87672
-2.220221,3,933.953361
-3.353118,4,934.064523
-3.325039,4,934.169642
-2.173905,3,934.253828
-2.218487,3,934.3426
-3.371417,4,934.452852
-0.018756,1,934.482213
-0.027302,1,934.513757
-2.251396,3,934.596912
-2.173814,3,934.679723
-2.227173,3,934.753321
-3.335739,4,934.857714
-3.306078,4,934.968693
-2.24421,3,935.0493
-2.252286,3,935.134295
-0.037617,1,935.155724
-1.092379,2,935.220806
-2.245764,3,935.306716
-2.220707,3,935.392571
-1.11855,2,935.443371
-1.13772,2,935.498632
-2.218783,3,935.579798
-2.235179,3,935.664755
-2.217196,3,935.746894
-1.115855,2,935.806042
-2.240594,3,935.878859
-2.189853,3,935.967708
-2.250567,3,936.042922
-2.23101,3,936.124744
-3.427267,4,936.238115
-2.213925,3,936.320811
-3.293282,4,936.424744
-2.220768,3,936.513803
-3.323489,4,936.623844
-2.260662,3,936.700797
-0.044709,1,936.726835
-2.190542,3,936.800675
-2.250638,3,936.890602
-3.396134,4,937.00781
-1.087444,2,937.060556
-0.047676,1,937.088602
-3.346858,4,937.185785
-2.231231,3,937.276615
-1.131393,2,937.326678
-3.393948,4,937.430165
-3.360147,4,937.533136
-3.315357,4,937.640892
-2.180216,3,937.717713
-2.182073,3,937.79673
-0.029885,1,937.824476
-1.118549,2,937.87074
-3.278162,4,937.966803
-1.109758,2,938.032482
-1.097481,2,938.078628
-1.144455,2,938.13421
-0.037835,1,938.155977
-2.213155,3,938.251055
-3.324795,4,938.355859
-1.134542,2,938.400906
-2.283245,3,938.485764
-2.245541,3,938.577058
-2.246166,3,938.654719
-2.237298,3,938.731308
-3.293147,4,938.827655
-3.305239,4,938.938092
-1.108131,2,938.99771
-3.271762,4,939.104716
-2.156623,3,939.184668
-2.171811,3,939.275792
-2.207989,3,939.356898
-1.077509,2,939.40764
-2.169675,3,939.486742
-1.139687,2,939.553831
-3.369355,4,939.656662
-2.170286,3,939.735762
-3.349223,4,939.840906
-2.186809,3,939.922228
-3.40227,4,940.029857
-2.218455,3,940.119739
-1.087485,2,940.171314
-1.141984,2,940.229804
-2.171647,3,940.313935
-2.169367,3,940.403327
-0.012449,1,940.432363
-2.202782,3,940.520658
-2.180416,3,940.593758
-0.033365,1,940.622293
-2.214162,3,940.692388
-1.092441,2,940.750889
-3.321037,4,940.855721
-2.247549,3,940.930814
-0.036007,1,940.960855
-2.151654,3,941.044034
-1.079232,2,941.093306
-3.284891,4,941.196577
-2.236873,3,941.277738
-2.240187,3,941.368859
-3.283591,4,941.478771
-1.091392,2,941.538973
-2.281145,3,941.610677
-3.370342,4,941.735846
-1.109033,2,941.782397
-2.188323,3,941.866715
-3.328296,4,941.969837
-0.024742,1,942.000874
-2.257584,3,942.089714
-2.224715,3,942.180825
-3.341884,4,942.290737
-0.049063,1,942.325798
-2.160231,3,942.408909
-2.208285,3,942.493787
-2.228058,3,942.575897
-1.093087,2,942.635736
-2.259878,3,942.718837
-1.088398,2,942.768904
-2.190264,3,942.853206
-0.008674,1,942.875744
-3.299156,4,942.980867
-2.195306,3,943.056033
-2.181499,3,943.125774
-2.234408,3,943.214934
-3.374737,4,943.31485
-3.298476,4,943.432152
-2.176231,3,943.502368
-2.23696,3,943.579711
-2.242848,3,943.653776
-2.203403,3,943.730875
-2.178492,3,943.810699
-3.357838,4,943.937222
-3.301296,4,944.056701
-1.12198,2,944.100751
-1.115901,2,944.156884
-2.172376,3,944.244221
-3.34714,4,944.345184
-2.176136,3,944.420851
-0.045301,1,944.439993
-1.134582,2,944.492217
-2.182363,3,944.569654
-2.243092,3,944.643247
-3.274183,4,944.745764
-2.213364,3,944.827869
-3.282646,4,944.960755
-3.373011,4,945.060693
-3.371238,4,945.166519
-2.243703,3,945.260916
-2.218232,3,945.338777
-1.118944,2,945.389843
-2.165294,3,945.464551
-2.163545,3,945.548805
-2.176138,3,945.626916
-3.364056,4,945.732176
-0.041875,1,945.757648
-1.124614,2,945.814731
-1.13276,2,945.867855
-2.189605,3,945.945684
-2.186305,3,946.017771
-1.129172,2,946.077701
-1.119307,2,946.137277
-0.043186,1,946.157034
-2.232013,3,946.237183
-0.047179,1,946.266079
-2.231114,3,946.352826
-2.163467,3,946.430586
-2.22155,3,946.503856
-2.182741,3,946.577686
-2.171274,3,946.663948
-2.26465,3,946.748805
-0.046756,1,946.779845
-2.258142,3,946.866585
-3.276609,4,946.967871
-1.116481,2,947.023647
-2.224053,3,947.096952
-2.225902,3,947.182318
-3.371044,4,947.292248
-0.049815,1,947.315784
-3.31157,4,947.420996
-3.337456,4,947.526821
-1.087879,2,947.577587
-3.312459,4,947.690831
-2.223485,3,947.766791
-0.020262,1,947.795835
-3.313327,4,947.905886
-2.165152,3,947.996656
-1.127854,2,948.043222
-2.229902,3,948.126807
-1.135547,2,948.180679
-3.381267,4,948.299728
-1.095892,2,948.355826
-2.182468,3,948.441565
-0.023642,1,948.469759
-1.081679,2,948.517822
-2.230583,3,948.603714
-2.199972,3,948.687903
-0.013093,1,948.712605
-2.279211,3,948.788835
-0.038625,1,948.809856
-3.315229,4,948.929848
-1.08052,2,948.986665
-2.184513,3,949.062443
-2.256465,3,949.133717
-3.383649,4,949.249153
-0.045799,1,949.2788
-1.10501,2,949.327858
-2.237013,3,949.402837
-3.332047,4,949.514727
-2.237358,3,949.590754
-3.321673,4,949.701027
-1.127624,2,949.75782
-2.23799,3,949.842925
-3.408587,4,949.945737
-1.116947,2,949.988784
-2.187392,3,950.07216
-3.331842,4,950.177531
-1.134782,2,950.232295
-0.036634,1,950.27313
-3.358759,4,950.384408
-3.374043,4,950.495652
-1.102464,2,950.545237
-1.083495,2,950.600867
-3.372859,4,950.703333
-1.114205,2,950.756504
-2.200032,3,950.842761
-2.201743,3,950.91605
-2.212288,3,950.986918
-1.079813,2,951.046766
-2.269111,3,951.12086
-2.212701,3,951.197636
-2.252074,3,951.288756
-1.075367,2,951.339821
-1.118028,2,951.390888
-0.049861,1,951.421581
-2.248138,3,951.506751
-2.227103,3,951.602394
-0.009278,1,951.623967
-1.096883,2,951.675684
-1.093709,2,951.73427
-2.165464,3,951.824305
-1.129998,2,951.870557
-1.125528,2,951.920717
-2.226898,3,952.00233
-2.247659,3,952.07957
-2.174773,3,952.159896
-3.357198,4,952.279926
-0.023989,1,952.305532
-2.206764,3,952.390703
-0.048085,1,952.41073
-1.074561,2,952.467801
-1.114471,2,952.51486
-3.285619,4,952.62227
-2.202081,3,952.70388
-2.270669,3,952.776753
-2.285172,3,952.854428
-2.242341,3,952.94586
-2.230642,3,953.025643
-0.027007,1,953.04867
-3.350918,4,953.152316
-2.237581,3,953.235075
-3.349297,4,953.354899
-1.129051,2,953.406087
-2.197018,3,953.494884
-1.107465,2,953.545639
-2.239962,3,953.622238
-2.201539,3,953.692329
-2.170209,3,953.766938
-1.113859,2,953.822231
-2.186923,3,953.906852
-3.306047,4,954.026385
-3.356818,4,954.151001
-2.191151,3,954.239014
-2.245787,3,954.336802
-0.044672,1,954.360829
-1.128734,2,954.408
-3.386595,4,954.503325
-2.172343,3,954.585721
-2.274228,3,954.656812
-3.279026,4,954.764261
-2.187479,3,954.845464
-3.335371,4,954.958825
-3.322489,4,955.06104
-2.266571,3,955.138768
-0.012375,1,955.164708
-3.279642,4,955.281557
-2.192012,3,955.366865
-0.021588,1,955.390892
-1.127848,2,955.453258
-2.194064,3,955.52685
-2.154715,3,955.595341
-2.226514,3,955.679704
-1.121966,2,955.744794
-2.219815,3,955.810872
-0.033723,1,955.842922
-2.18379,3,955.923737
-2.264254,3,956.00068
-3.328217,4,956.094822
-0.049615,1,956.124855
-3.292472,4,956.227699
-2.17685,3,956.322491
-3.311999,4,956.414633
-1.101729,2,956.460811
-2.263694,3,956.547144
-2.21194,3,956.636786
-3.419604,4,956.735616
-2.256544,3,956.809738
-3.327376,4,956.914485
-2.218552,3,957.003596
-2.258827,3,957.086824
-2.215405,3,957.15856
-2.230124,3,957.235717
-2.223382,3,957.328908
-3.388592,4,957.437662
-2.275328,3,957.516772
-1.137103,2,957.563862
-3.36831,4,957.673873
-0.042192,1,957.703912
-0.029394,1,957.734013
-2.190963,3,957.809866
-2.216802,3,957.902176
-2.201181,3,957.990864
-3.31885,4,958.093869
-2.217396,3,958.179742
-3.295598,4,958.295736
-3.376909,4,958.408713
-1.104513,2,958.465878
-3.396412,4,958.586792
-2.198431,3,958.673755
-2.165032,3,958.751355
-2.167005,3,958.832348
-2.22246,3,958.915731
-1.115394,2,958.980986
-2.23142,3,959.063175
-0.03459,1,959.088862
-2.225602,3,959.166641
-0.031657,1,959.193676
-3.314978,4,959.307822
-1.140143,2,959.354063
-2.275864,3,959.430762
-0.022999,1,959.466939
-2.206048,3,959.562515
-0.014499,1,959.592231
-2.216721,3,959.68761
-0.018623,1,959.718651
-3.342668,4,959.84486
-1.113441,2,959.905644
-1.078461,2,959.967577
-2.18935,3,960.057785
-2.231948,3,960.159506
-2.230336,3,960.245613
-2.249329,3,960.330842
-1.101629,2,960.390735
-2.196431,3,960.470859
-2.246451,3,960.546596
-0.010078,1,960.575823
-1.067771,2,960.629894
-2.237929,3,960.703872
-0.039555,1,960.732401
-2.227818,3,960.824699
-1.108373,2,960.888844
-0.020095,1,960.911607
-1.077471,2,960.961334
-2.238972,3,961.043227
-2.215619,3,961.125889
-3.330507,4,961.228669
-3.371191,4,961.343855
-3.425431,4,961.456282
-1.079662,2,961.512267
-0.048572,1,961.5358
-0.025092,1,961.563339
-2.242365,3,961.638709
-3.32044,4,961.745907
-2.213147,3,961.820676
-2.163419,3,961.900847
-0.027293,1,961.922378
-3.281998,4,962.033264
-2.222452,3,962.119755
-2.16769,3,962.197015
-2.182873,3,962.280808
-0.037599,1,962.312351
-1.125693,2,962.369024
-2.278738,3,962.439845
-3.309528,4,962.550378
-1.111703,2,962.605768
-2.225884,3,962.685659
-2.248828,3,962.762253
-2.25975,3,962.834697
-2.284323,3,962.919908
-2.227904,3,962.995847
-2.199982,3,963.073067
-0.048786,1,963.103828
-3.329278,4,963.215807
-1.073254,2,963.280819
-2.27789,3,963.367002
-2.229691,3,963.438675
-1.074915,2,963.485823
-2.248223,3,963.570086
-2.213521,3,963.651266
-3.396992,4,963.747738
-3.363685,4,963.860928
-2.219294,3,963.934725
-0.032858,1,963.96084
-2.259811,3,964.041018
-2.233145,3,964.124811
-3.278736,4,964.251222
-2.2778,3,964.343231
-1.10972,2,964.397892
-0.025416,1,964.43363
-3.371138,4,964.530912
-0.033215,1,964.55561
-1.08391,2,964.604674
-2.193487,3,964.682376
-0.03073,1,964.704915
-2.227057,3,964.77998
-1.135082,2,964.828729
-2.182511,3,964.908913
-0.032461,1,964.937785
-3.333519,4,965.047691
-2.235171,3,965.118866
-0.04947,1,965.153927
-2.205099,3,965.229754
-1.085133,2,965.294927
-2.180466,3,965.388806
-2.194367,3,965.470103
-3.317518,4,965.592156
-2.272559,3,965.667783
-2.218359,3,965.743379
-0.042407,1,965.778013
-2.202535,3,965.855103
-2.254869,3,965.932243
-2.219801,3,966.002439
-1.112542,2,966.057277
-1.094087,2,966.117807
-3.317814,4,966.218644
-2.19363,3,966.296826
-1.085453,2,966.3524
-2.181908,3,966.43072
-2.238487,3,966.513855
-2.264809,3,966.590708
-3.320463,4,966.710694
-2.168366,3,966.783889
-2.200353,3,966.866868
-2.233258,3,966.942187
-3.392196,4,967.047658
-0.009036,1,967.075784
-2.224161,3,967.152891
-3.307733,4,967.250304
-2.218965,3,967.34078
-0.049337,1,967.370861
-1.128762,2,967.422136
-3.361305,4,967.533901
-2.244049,3,967.619835
-1.103441,2,967.672464
-3.283628,4,967.77576
-1.090131,2,967.836845
-3.332424,4,967.952259
-3.282536,4,968.059799
-3.329844,4,968.16608
-1.121742,2,968.220719
-3.303923,4,968.338686
-2.265191,3,968.415596
-2.238128,3,968.483252
-0.01872,1,968.50779
-2.258884,3,968.587708
-1.078636,2,968.634203
-1.075337,2,968.688033
-1.131214,2,968.738732
-1.128022,2,968.794666
-0.046706,1,968.820698
-2.258922,3,968.893929
-2.20826,3,968.98292
-2.216608,3,969.065146
-2.22792,3,969.150387
-1.075454,2,969.203746
-1.131989,2,969.252807
-0.042678,1,969.285445
-1.087724,2,969.34383
-0.047317,1,969.373982
-1.126972,2,969.424691
-1.076445,2,969.484967
-0.039489,1,969.514842
-2.205567,3,969.590584
-1.066487,2,969.650169
-2.273087,3,969.730931
-2.186797,3,969.806675
-3.332621,4,969.903898
-1.126081,2,969.956657
-2.152484,3,970.034771
-3.321444,4,970.139915
-2.200922,3,970.230747
-1.094594,2,970.296537
-1.074394,2,970.352758
-1.113246,2,970.406963
-0.042931,1,970.436697
-2.228043,3,970.513809
-0.043733,1,970.548849
-3.31861,4,970.656682
-2.213507,3,970.742296
-2.22562,3,970.813396
-1.112385,2,970.868763
-2.215828,3,970.949871
-3.387519,4,971.069724
-2.226888,3,971.142314
-2.159084,3,971.21893
-0.032581,1,971.257793
-0.046323,1,971.289833
-2.189034,3,971.370675
-2.180206,3,971.452283
-2.165425,3,971.532253
-2.206397,3,971.607922
-2.179113,3,971.683306
-3.309718,4,971.78866
-2.229618,3,971.875385
-1.122873,2,971.930685
-3.352639,4,972.040994
-0.036208,1,972.075665
-3.302599,4,972.181063
-2.190312,3,972.260934
-3.318774,4,972.382154
-2.193537,3,972.464699
-3.307312,4,972.556819
-3.284793,4,972.664734
-2.231476,3,972.74383
-3.324077,4,972.846053
-1.1134,2,972.900646
-2.190092,3,972.980806
-2.238896,3,973.057927
-0.009741,1,973.0846
-2.184425,3,973.165703
-0.048814,1,973.18773
-0.024491,1,973.218768
-1.102236,2,973.274843
-2.244625,3,973.393716
-1.088832,2,973.437835
-3.327179,4,973.544622
-1.122626,2,973.606696
-3.367007,4,973.710832
-2.163489,3,973.780922
-2.180582,3,973.858855
-2.221018,3,973.937699
-3.43498,4,974.032142
-3.284841,4,974.139901
-2.215815,3,974.215676
-3.417302,4,974.347882
-2.231374,3,974.43065
-2.175396,3,974.513382
-2.263643,3,974.593233
-2.197685,3,974.677897
-2.207898,3,974.764197
-1.099788,2,974.819905
-1.133291,2,974.863126
-2.270941,3,974.946826
-1.104063,2,974.998631
-3.337837,4,975.104608
-1.099137,2,975.155814
-3.345599,4,975.26783
-2.260854,3,975.363178
-2.221554,3,975.447628
-0.049733,1,975.476741
-1.073804,2,975.542322
-2.270462,3,975.624501
-3.368905,4,975.744737
-1.103607,2,975.805659
-2.234016,3,975.887855
-1.077938,2,975.932926
-3.315971,4,976.038777
-2.22169,3,976.119632
-1.078183,2,976.171196
-1.105185,2,976.22782
-3.333874,4,976.330677
-2.224998,3,976.415528
-1.112372,2,976.485819
-2.28021,3,976.562913
-2.158731,3,976.644374
-1.079376,2,976.696837
-2.20977,3,976.783321
-3.346563,4,976.895636
-2.181979,3,976.983391
-2.249832,3,977.058485
-1.118046,2,977.119757
-1.099678,2,977.169935
-3.362286,4,977.280978
-2.237529,3,977.371206
-3.309421,4,977.47898
-2.260471,3,977.562697
-2.182083,3,977.63986
-2.261657,3,977.715631
-3.308917,4,977.82684
-3.328244,4,977.936656
-1.080201,2,977.995746
-2.190107,3,978.066014
-3.345138,4,978.184639
-2.244471,3,978.261243
-0.042686,1,978.292446
-2.245995,3,978.374486
-2.229692,3,978.454842
-2.243281,3,978.539638
-1.125923,2,978.593241
-1.134561,2,978.643818
-0.046448,1,978.672355
-2.222184,3,978.76877
-2.247079,3,978.843872
-3.326794,4,978.95573
-0.038689,1,978.99385
-3.348539,4,979.092142
-2.270841,3,979.168931
-3.293976,4,979.266308
-1.12959,2,979.328118
-2.18364,3,979.408608
-0.030553,1,979.437761
-2.218259,3,979.523736
-2.205027,3,979.608948
-0.049686,1,979.635125
-2.227933,3,979.710916
-0.008508,1,979.737035
-2.21705,3,979.836745
-0.019754,1,979.857774
-0.03036,1,979.886979
-2.215462,3,979.968255
-2.266827,3,980.057709
-2.230948,3,980.125579
-1.127774,2,980.180891
-2.260714,3,980.252156
-3.299088,4,980.36959
-2.215539,3,980.442186
-2.170432,3,980.524709
-1.135748,2,980.569262
-2.191485,3,980.65575
-3.278675,4,980.76154
-1.124666,2,980.814709
-1.140008,2,980.873283
-0.041785,1,980.903943
-2.254881,3,980.980831
-1.129451,2,981.033901
-2.208608,3,981.108684
-2.229404,3,981.185854
-2.261212,3,981.266028
-2.19137,3,981.358783
-2.183061,3,981.438896
-1.122772,2,981.49774
-0.022926,1,981.526784
-3.463838,4,981.634045
-2.169399,3,981.720779
-2.270273,3,982.045798
-1.092203,2,982.122274
-3.349092,4,982.228704
-3.309423,4,982.340048
-3.3534,4,982.45487
-2.173823,3,982.525686
-2.212392,3,982.600821
-2.213244,3,982.685743
-2.186695,3,982.775007
-0.041141,1,982.796718
-2.254423,3,982.88688
-0.048798,1,982.915916
-2.181909,3,983.047907
-1.114661,2,983.107928
-3.315758,4,983.215095
-2.279454,3,983.297647
-2.159033,3,983.386774
-0.042516,1,983.413807
-0.006827,1,983.440838
-3.286059,4,983.543168
-1.113333,2,983.596246
-3.335536,4,983.70105
-2.23465,3,983.780995
-0.035507,1,983.805672
-2.240047,3,983.888777
-2.219162,3,983.968878
-0.039854,1,983.99893
-0.036254,1,984.024261
-0.007212,1,984.055074
-3.332337,4,984.156719
-2.175665,3,984.234824
-2.200533,3,984.323094
-3.343038,4,984.449877
-3.294065,4,984.563771
-2.19789,3,984.648892
-2.179383,3,984.733727
-3.302683,4,984.844879
-2.175413,3,984.919657
-1.12273,2,984.979826
-2.158315,3,985.058524
-2.22629,3,985.149799
-2.239714,3,985.23602
-1.077827,2,985.296646
-1.113859,2,985.357733
-0.037572,1,985.388037
-0.042442,1,985.410735
-1.111801,2,985.46893
-2.176973,3,985.557798
-2.230499,3,985.649121
-3.312139,4,985.750656
-3.33059,4,985.856806
-1.069541,2,985.907872
-2.227334,3,985.999691
-3.38367,4,986.104869
-3.33248,4,986.210657
-1.118685,2,986.262236
-2.164236,3,986.353167
-2.235861,3,986.435903
-2.264778,3,986.517786
-3.332334,4,986.625641
-3.290146,4,986.72894
-2.238963,3,986.808851
-0.023354,1,986.829877
-0.047142,1,986.858931
-2.176924,3,986.937823
-2.20719,3,987.011078
-3.300731,4,987.108853
-1.137247,2,987.160916
-3.337102,4,987.258813
-1.136662,2,987.310991
-1.117521,2,987.362187
-3.363339,4,987.469275
-0.039292,1,987.512934
-2.172175,3,987.58976
-2.270397,3,987.664862
-3.355356,4,987.766286
-2.210639,3,987.843153
-2.169051,3,987.930806
-0.012294,1,987.953839
-3.273361,4,988.057801
-3.309171,4,988.164304
-1.096858,2,988.210884
-2.178767,3,988.285849
-1.136921,2,988.338998
-1.138488,2,988.40461
-0.034866,1,988.429641
-1.115118,2,988.485831
-3.294156,4,988.590661
-2.26154,3,988.681284
-2.262625,3,988.749642
-2.221784,3,988.830207
-1.142382,2,988.886007
-0.045739,1,988.915591
-3.290651,4,989.016591
-1.090931,2,989.072165
-3.350393,4,989.169361
-0.047373,1,989.204689
-2.266895,3,989.280825
-3.37215,4,989.393209
-2.28952,3,989.47805
-2.270395,3,989.556803
-3.364797,4,989.656783
-1.087302,2,989.706784
-1.102219,2,989.75084
-2.231791,3,989.828008
-2.207888,3,989.922335
-2.263645,3,990.0011
-0.04088,1,990.030723
-2.211458,3,990.120902
-3.410487,4,990.218726
-3.296187,4,990.332212
-2.266454,3,990.420082
-2.228377,3,990.50237
-3.329763,4,990.608731
-2.245618,3,990.687666
-3.34469,4,990.804862
-0.008315,1,990.835896
-3.303728,4,990.950793
-0.034404,1,990.981338
-0.025314,1,991.01065
-0.024788,1,991.045707
-0.020158,1,991.071241
-2.236289,3,991.153344
-2.21722,3,991.222139
-2.195008,3,991.31056
-0.035123,1,991.345731
-0.018519,1,991.375276
-2.203656,3,991.460705
-1.098466,2,991.525622
-1.105818,2,991.577194
-2.168012,3,991.653566
-3.351883,4,991.764924
-3.423026,4,991.877094
-2.255668,3,991.965827
-2.208117,3,992.043751
-2.262799,3,992.11646
-3.30881,4,992.226783
-2.261041,3,992.309225
-2.193685,3,992.399724
-3.336608,4,992.502378
-2.172785,3,992.587919
-3.316681,4,992.688984
-3.367319,4,992.796581
-1.065886,2,992.857659
-2.20766,3,992.939813
-2.195544,3,993.0289
-1.139011,2,993.089845
-2.196887,3,993.15694
-2.193955,3,993.232292
-2.234805,3,993.314702
-1.083732,2,993.367275
-3.304543,4,993.484332
-0.028513,1,993.514681
-1.126791,2,993.562227
-3.287586,4,993.667065
-2.188854,3,993.743718
-3.294359,4,993.846663
-2.27864,3,993.924751
-1.106947,2,993.97986
-2.172058,3,994.056704
-2.22045,3,994.140989
-2.181145,3,994.219826
-2.27324,3,994.302139
-1.118793,2,994.356707
-0.045037,1,994.387885
-2.17318,3,994.500862
-2.213985,3,994.588168
-2.193073,3,994.689034
-2.177513,3,994.793984
-0.023277,1,994.830653
-2.209086,3,994.922397
-2.193527,3,995.012077
-2.235578,3,995.105824
-1.091722,2,995.167417
-2.238154,3,995.250806
-2.195962,3,995.340682
-0.032859,1,995.379255
-2.272,3,995.465645
-0.045753,1,995.497188
-3.313014,4,995.596601
-1.093646,2,995.655685
-1.068452,2,995.710832
-0.041994,1,995.733869
-3.432207,4,995.842201
-2.222155,3,995.919689
-0.015802,1,995.939713
-1.11254,2,995.994859
-0.048027,1,996.024906
-1.116857,2,996.080119
-2.199811,3,996.156834
-2.214755,3,996.232217
-3.332712,4,996.3287
-1.105355,2,996.389864
-0.046313,1,996.4209
-1.097788,2,996.474215
-2.200013,3,996.548868
-1.130411,2,996.606755
-2.166494,3,996.687912
-3.309924,4,996.795698
-3.396558,4,996.905018
-3.2745,4,997.024634
-1.130293,2,997.067688
-2.188428,3,997.148869
-3.278949,4,997.259695
-2.198246,3,997.340718
-3.290167,4,997.460644
-0.031785,1,997.482258
-2.18422,3,997.570095
-2.229197,3,997.66588
-1.094066,2,997.716751
-0.040068,1,997.74432
-1.082391,2,997.79691
-1.124759,2,997.860854
-0.049856,1,997.889006
-3.337853,4,997.993068
-3.275772,4,998.095111
-2.209306,3,998.180012
-2.201944,3,998.259774
-2.207362,3,998.34079
-0.048084,1,998.366832
-0.038068,1,998.40241
-2.185894,3,998.478781
-2.195458,3,998.553912
-3.29686,4,998.65534
-3.286493,4,998.77785
-0.007468,1,998.800878
-2.213981,3,998.887918
-2.283284,3,998.970231
-3.307502,4,999.090994
-1.082057,2,999.142251
-3.327496,4,999.247673
-1.113231,2,999.295824
-3.298986,4,999.416721
-2.196563,3,999.497547
-1.118954,2,999.546768
-1.123743,2,999.596703
-2.240427,3,999.671308
-0.042992,1,999.69987
-2.261169,3,999.780816
-2.249779,3,999.869503
-0.044863,1,999.903111
-3.330819,4,1000.008744
-1.07632,2,1000.064819
-3.382976,4,1000.180671
-0.04784,1,1000.214721
-2.184642,3,1000.305831
-1.125427,2,1000.356893
-2.212317,3,1000.437718
-3.314537,4,1000.548862
-2.177584,3,1000.634729
-2.298276,3,1000.700801
-0.03448,1,1000.730846
-1.137215,2,1000.78299
-0.047803,1,1000.808707
-1.108624,2,1000.859769
-2.217704,3,1000.937638
-3.382211,4,1001.057733
-3.296269,4,1001.15887
-3.418494,4,1001.278792
-2.207396,3,1001.35989
-3.310638,4,1001.476896
-2.215336,3,1001.549624
-1.099019,2,1001.60386
-3.387605,4,1001.704647
-2.271535,3,1001.780737
-3.333929,4,1001.892385
-2.249499,3,1001.967797
-0.033526,1,1001.989819
-2.222454,3,1002.076496
-2.20283,3,1002.150661
-2.242458,3,1002.228537
-3.330719,4,1002.33781
-1.141997,2,1002.389876
-0.03963,1,1002.416924
-2.199873,3,1002.500834
-2.176022,3,1002.59768
-3.312381,4,1002.717852
-2.180401,3,1002.789536
-2.18731,3,1002.869673
-0.044445,1,1002.892523
-0.029517,1,1002.923817
-2.222196,3,1003.01096
-2.216042,3,1003.092214
-2.225485,3,1003.173322
-2.20913,3,1003.257807
-2.243467,3,1003.32997
-2.203836,3,1003.416906
-0.048075,1,1003.44665
-3.290403,4,1003.560798
-2.257441,3,1003.640648
-1.13615,2,1003.686718
-1.103209,2,1003.735781
-2.214338,3,1003.822389
-1.092929,2,1003.873634
-3.338786,4,1003.978416
-1.076762,2,1004.024624
-3.28012,4,1004.135772
-1.091328,2,1004.182326
-2.268861,3,1004.252203
-2.168391,3,1004.339975
-3.453481,4,1004.461074
-1.094486,2,1004.516914
-2.203308,3,1004.594875
-0.048236,1,1004.618898
-1.086337,2,1004.685968
-0.017096,1,1004.707556
-2.220876,3,1004.790886
-1.092111,2,1004.842094
-1.085231,2,1004.909766
-2.176911,3,1005.003062
-1.11474,2,1005.062346
-2.200521,3,1005.138766
-0.048516,1,1005.168805
-0.03318,1,1005.191088
-2.221124,3,1005.274372
-3.340118,4,1005.384894
-2.214502,3,1005.466693
-0.013714,1,1005.489784
-2.203519,3,1005.579523
-3.333502,4,1005.690909
-0.045444,1,1005.720044
-3.335352,4,1005.826833
-2.251817,3,1005.913
-2.186989,3,1005.984347
-0.015303,1,1006.015573
-0.047609,1,1006.045608
-2.264177,3,1006.126793
-0.025359,1,1006.156836
-2.182038,3,1006.253712
-3.329566,4,1006.367698
-3.284501,4,1006.469938
-2.201889,3,1006.55974
-2.20424,3,1006.650596
-2.188874,3,1006.730811
-2.175098,3,1006.813131
-2.224631,3,1006.901136
-1.129048,2,1006.960791
-2.180584,3,1007.042211
-2.166351,3,1007.118592
-3.419958,4,1007.215756
-2.233554,3,1007.297035
-2.205579,3,1007.37726
-1.126631,2,1007.432959
-1.129252,2,1007.483152
-1.097391,2,1007.542926
-1.084203,2,1007.592386
-1.078483,2,1007.647781
-1.078739,2,1007.697954
-1.134895,2,1007.752144
-1.093002,2,1007.804852
-2.197349,3,1007.884744
-2.2114,3,1007.966888
-1.126055,2,1008.022135
-2.181681,3,1008.104874
-2.158949,3,1008.181576
-2.252071,3,1008.253807
-3.3916,4,1008.357678
-2.223917,3,1008.439859
-2.215657,3,1008.5247
-3.471489,4,1008.62859
-3.346882,4,1008.737818
-1.114151,2,1008.79138
-0.027406,1,1008.82041
-3.391477,4,1008.923259
-1.067808,2,1008.97683
-2.237892,3,1009.058818
-2.253429,3,1009.140626
-3.37336,4,1009.245913
-2.170306,3,1009.322201
-2.221945,3,1009.40282
-0.04738,1,1009.423054
-2.232632,3,1009.513865
-2.21884,3,1009.599728
-3.356402,4,1009.700997
-2.22609,3,1009.790405
-2.210174,3,1009.866702
-1.089176,2,1009.936887
-1.108366,2,1009.98524
-2.178588,3,1010.060632
-1.074488,2,1010.106818
-0.041194,1,1010.142361
-0.020599,1,1010.167902
-2.176659,3,1010.250657
-2.187364,3,1010.340854
-1.102193,2,1010.421068
-2.251407,3,1010.516651
-1.126316,2,1010.563713
-2.239389,3,1010.647886
-2.186056,3,1010.733862
-3.331597,4,1010.837889
-3.358115,4,1010.937775
-2.226711,3,1011.016703
-3.348458,4,1011.12747
-3.309443,4,1011.23306
-2.21553,3,1011.3124
-0.040329,1,1011.338586
-2.16464,3,1011.416903
-2.184371,3,1011.500883
-0.042056,1,1011.529584
-2.223113,3,1011.610871
-1.10855,2,1011.669087
-1.064403,2,1011.718866
-1.080267,2,1011.767522
-0.036547,1,1011.798068
-3.307987,4,1011.917846
-1.098602,2,1011.967909
-2.241442,3,1012.045609
-1.142691,2,1012.095717
-1.136779,2,1012.154793
-2.1834,3,1012.235657
-2.234721,3,1012.312391
-3.328749,4,1012.418933
-2.21116,3,1012.510733
-2.219024,3,1012.592401
-2.224238,3,1012.667639
-3.314069,4,1012.773886
-2.189807,3,1012.859708
-1.125125,2,1012.920895
-1.129306,2,1012.981162
-2.209358,3,1013.060873
-2.257903,3,1013.158688
-1.07389,2,1013.217519
-1.130882,2,1013.276808
-3.376789,4,1013.384252
-3.324586,4,1013.496715
-0.009969,1,1013.525752
-1.077446,2,1013.580318
-1.099816,2,1013.628709
-2.19034,3,1013.715565
-2.244115,3,1013.794359
-2.268411,3,1013.875701
-2.230716,3,1013.946646
-1.100617,2,1014.010803
-2.205145,3,1014.101003
-2.16429,3,1014.170861
-2.248148,3,1014.250757
-1.112067,2,1014.314951
-2.260165,3,1014.406895
-2.239282,3,1014.489144
-2.230933,3,1014.59002
-1.130574,2,1014.666795
-1.128158,2,1014.717661
-2.27521,3,1014.800022
-3.377847,4,1014.90029
-3.26828,4,1015.017814
-3.303227,4,1015.138634
-1.125915,2,1015.195822
-0.010975,1,1015.216848
-2.250942,3,1015.307673
-3.31326,4,1015.413905
-3.3729,4,1015.515862
-3.332675,4,1015.622201
-3.279632,4,1015.735391
-2.172965,3,1015.807727
-3.295753,4,1015.920598
-0.04506,1,1015.950636
-2.270333,3,1016.034586
-1.097788,2,1016.091387
-3.379559,4,1016.190667
-0.03188,1,1016.215708
-2.247365,3,1016.296831
-1.129883,2,1016.355915
-2.220877,3,1016.433266
-2.238714,3,1016.524382
-1.115934,2,1016.590031
-2.224419,3,1016.669865
-3.299659,4,1016.779813
-3.292652,4,1016.894927
-2.174924,3,1016.98228
-2.189985,3,1017.063641
-0.039545,1,1017.089177
-0.009042,1,1017.110791
-1.138321,2,1017.182479
-1.13585,2,1017.233968
-2.195485,3,1017.31891
-1.112875,2,1017.376626
-2.162113,3,1017.453775
-0.027942,1,1017.477806
-1.114984,2,1017.533614
-2.241141,3,1017.620799
-2.190496,3,1017.716671
-1.099064,2,1017.764734
-2.179884,3,1017.854781
-1.110108,2,1017.900894
-0.014603,1,1017.936634
-0.033573,1,1017.969666
-2.241368,3,1018.046842
-1.098062,2,1018.093402
-2.235387,3,1018.183902
-3.305113,4,1018.293765
-3.297048,4,1018.402418
-2.191135,3,1018.484721
-1.132711,2,1018.545808
-3.337309,4,1018.655638
-1.118829,2,1018.710752
-3.304835,4,1018.8124
-0.032381,1,1018.84463
-3.370887,4,1018.944777
-1.118403,2,1018.994842
-1.100842,2,1019.044911
-3.360366,4,1019.156812
-2.238524,3,1019.240914
-0.027339,1,1019.267019
-2.256617,3,1019.345827
-1.094444,2,1019.4079
-2.158146,3,1019.508857
-3.34437,4,1019.62383
-3.322951,4,1019.730741
-2.273696,3,1019.810848
-2.26897,3,1019.905126
-2.303003,3,1019.980777
-3.333495,4,1020.087512
-1.125255,2,1020.139752
-1.152001,2,1020.194826
-3.324185,4,1020.298591
-0.036509,1,1020.326746
-3.293369,4,1020.434065
-2.233045,3,1020.520566
-1.110003,2,1020.579853
-2.269802,3,1020.666877
-1.105394,2,1020.721104
-2.219582,3,1020.808811
-3.337142,4,1020.919801
-2.18337,3,1020.992391
-2.218838,3,1021.073181
-2.217658,3,1021.157832
-2.217152,3,1021.232518
-2.234736,3,1021.308943
-3.402968,4,1021.415697
-2.175952,3,1021.495919
-2.177895,3,1021.577787
-3.308558,4,1021.689868
-0.034035,1,1021.720911
-2.251989,3,1021.798803
-2.219915,3,1021.875438
-1.114422,2,1021.930649
-1.135584,2,1021.986733
-3.33954,4,1022.092384
-2.234794,3,1022.167655
-2.272376,3,1022.244909
-0.020565,1,1022.279069
-2.23469,3,1022.360805
-3.37775,4,1022.470663
-1.109149,2,1022.540803
-2.268889,3,1022.622593
-2.177038,3,1022.696838
-2.209582,3,1022.774075
-2.266967,3,1022.85395
-2.275911,3,1022.930804
-2.235677,3,1023.01507
-2.207653,3,1023.091235
-2.173619,3,1023.168886
-1.121548,2,1023.22859
-1.132408,2,1023.279654
-2.23597,3,1023.360835
-3.350481,4,1023.466695
-2.221389,3,1023.55763
-1.088152,2,1023.604773
-1.131088,2,1023.663346
-2.169236,3,1023.737781
-3.306998,4,1023.856664
-3.328643,4,1023.960858
-2.209478,3,1024.042307
-3.305445,4,1024.149683
-3.313523,4,1024.264915
-3.360899,4,1024.383799
-1.120093,2,1024.431035
-0.021752,1,1024.454441
-2.23064,3,1024.539585
-0.028083,1,1024.560612
-2.219074,3,1024.640835
-2.280768,3,1024.719523
-2.177482,3,1024.79679
-2.180042,3,1024.876888
-2.159904,3,1024.960722
-3.364835,4,1025.063665
-1.089978,2,1025.122323
-3.312608,4,1025.229666
-0.040831,1,1025.259718
-2.158709,3,1025.344635
-2.227079,3,1025.440669
-2.266815,3,1025.512408
-2.230276,3,1025.605731
-3.427118,4,1025.679819
-2.180165,3,1025.765683
-3.324457,4,1025.890418
-2.242913,3,1025.980711
-2.192875,3,1026.062053
-2.232679,3,1026.152515
-1.082715,2,1026.199268
-2.242619,3,1026.289525
-2.195441,3,1026.363647
-2.19431,3,1026.450637
-3.30378,4,1026.562932
-1.123684,2,1026.622226
-3.305451,4,1026.728576
-3.38317,4,1026.835846
-2.218509,3,1026.917612
-1.125547,2,1026.963168
-2.242507,3,1027.04435
-2.255969,3,1027.126815
-3.376724,4,1027.234677
-1.071264,2,1027.29025
-2.207962,3,1027.374915
-2.166059,3,1027.462218
-1.069251,2,1027.505881
-2.271264,3,1027.594324
-0.037546,1,1027.623208
-1.132292,2,1027.6838
-3.420043,4,1027.790319
-3.361978,4,1027.891209
-2.222516,3,1027.969635
-2.238298,3,1028.047823
-3.387641,4,1028.145706
-2.182131,3,1028.222137
-2.213029,3,1028.304819
-0.028619,1,1028.335861
-2.225135,3,1028.417745
-3.277229,4,1028.531206
-1.091086,2,1028.600582
-2.269782,3,1028.696048
-3.401,4,1028.810874
-2.249765,3,1028.908761
-2.239412,3,1028.984871
-1.068149,2,1029.046838
-1.112753,2,1029.108695
-2.204018,3,1029.191319
-2.245599,3,1029.274793
-2.242392,3,1029.356624
-0.017479,1,1029.383154
-0.019479,1,1029.416815
-2.207211,3,1029.4985
-1.134739,2,1029.559664
-1.096101,2,1029.611264
-2.242769,3,1029.691142
-1.143883,2,1029.738867
-0.010702,1,1029.775923
-3.401461,4,1029.892779
-2.19234,3,1029.983674
-1.129099,2,1030.03807
-2.176548,3,1030.133025
-0.038486,1,1030.155166
-2.263033,3,1030.232553
-2.229095,3,1030.312353
-0.046822,1,1030.344902
-3.294277,4,1030.450608
-3.30238,4,1030.563831
-0.044459,1,1030.59137
-1.117036,2,1030.655663
-3.283352,4,1030.757906
-2.171212,3,1030.829722
-3.32898,4,1030.939663
-2.244819,3,1031.02654
-3.302212,4,1031.117786
-1.105963,2,1031.174877
-2.235969,3,1031.283238
-0.034136,1,1031.315289
-1.142282,2,1031.374735
-3.325302,4,1031.485607
-2.19018,3,1031.562357
-2.222149,3,1031.638612
-3.334374,4,1031.74235
-2.27124,3,1031.81404
-2.172619,3,1031.898243
-2.219408,3,1031.986891
-2.169895,3,1032.063138
-3.320324,4,1032.170884
-2.172617,3,1032.247725
-2.179614,3,1032.329827
-3.352964,4,1032.435708
-1.143753,2,1032.485769
-2.227215,3,1032.57238
-0.048717,1,1032.607559
-2.236421,3,1032.683288
-2.220667,3,1032.763391
-2.219925,3,1032.839639
-2.259822,3,1032.923861
-3.341103,4,1033.029705
-3.269405,4,1033.125062
-3.382515,4,1033.232205
-2.305635,3,1033.313339
-2.202184,3,1033.398933
-2.173804,3,1033.484786
-2.213165,3,1033.569779
-2.229662,3,1033.655685
-2.206393,3,1033.740855
-2.222965,3,1033.842266
-3.340266,4,1033.949628
-1.115611,2,1034.01322
-3.372464,4,1034.126813
-1.122127,2,1034.180882
-3.308654,4,1034.295892
-3.45321,4,1034.420942
-2.215902,3,1034.500247
-0.037538,1,1034.528546
-0.024748,1,1034.554219
-1.087535,2,1034.612363
-2.248101,3,1034.694721
-3.33148,4,1034.791345
-3.396584,4,1034.893178
-2.261442,3,1034.983171
-1.118131,2,1035.038792
-2.211817,3,1035.110892
-3.307965,4,1035.215688
-3.403049,4,1035.322322
-1.117027,2,1035.383409
-1.127185,2,1035.439629
-0.015404,1,1035.470679
-0.036662,1,1035.503737
-3.279664,4,1035.627743
-1.130753,2,1035.682317
-0.043697,1,1035.707857
-0.023285,1,1035.73383
-2.230992,3,1035.813593
-2.256752,3,1035.885696
-0.02407,1,1035.914551
-3.280792,4,1036.039664
-2.251605,3,1036.125785
-2.253082,3,1036.202387
-0.039783,1,1036.232442
-0.02993,1,1036.267799
-3.309804,4,1036.374007
-2.172601,3,1036.449711
-2.213228,3,1036.530815
-0.038407,1,1036.564867
-3.315725,4,1036.680825
-1.134514,2,1036.733914
-0.017871,1,1036.764482
-2.186951,3,1036.837846
-2.221115,3,1036.918663
-2.243562,3,1036.994703
-2.177496,3,1037.079813
-3.2874,4,1037.189727
-2.2227,3,1037.253353
-1.105303,2,1037.274588
-1.096283,2,1037.314039
-1.073399,2,1037.36488
-1.11749,2,1037.440789
-2.227573,3,1037.497187
-3.312884,4,1037.563877
-0.046905,1,1037.582405
-1.088742,2,1037.608084
-1.131649,2,1037.633309
-2.179782,3,1037.669868
-1.135171,2,1037.702476
-0.034881,1,1037.713639
-3.362522,4,1037.775282
-2.241512,3,1037.812342
-1.145275,2,1037.845911
-2.239877,3,1037.894835
-0.040168,1,1037.906854
-2.220699,3,1037.94492
-2.250904,3,1038.002327
-2.172261,3,1038.045887
-1.137173,2,1038.07372
-1.092898,2,1038.106282
-2.192815,3,1038.152243
-2.203874,3,1038.196074
-0.032551,1,1038.214839
-2.201671,3,1038.267015
-2.252805,3,1038.328062
-3.365487,4,1038.415904
-3.341286,4,1038.600905
-2.156416,3,1038.760036
-1.121181,2,1038.854065
-0.014629,1,1038.895902
-3.284613,4,1039.036309
-2.175886,3,1039.112457
-1.123719,2,1039.165891
-0.022918,1,1039.192438
-0.024298,1,1039.212179
-1.116483,2,1039.25089
-1.119673,2,1039.299258
-2.243142,3,1039.363297
-3.372591,4,1039.440657
-2.189561,3,1039.501258
-2.260968,3,1039.566669
-2.206953,3,1039.617982
-3.331057,4,1039.690052
-2.177504,3,1039.749876
-0.032061,1,1039.774531
-2.233693,3,1039.829977
-2.186053,3,1039.880733
-2.255869,3,1039.925585
-2.240402,3,1039.978658
-2.240573,3,1040.026227
-1.098386,2,1040.055875
-3.375975,4,1040.123671
-2.158232,3,1040.179246
-2.257992,3,1040.225578
-2.251785,3,1040.280718
-2.17969,3,1040.325579
-0.035762,1,1040.345603
-1.108327,2,1040.379646
-1.119545,2,1040.411191
-1.085355,2,1040.439804
-1.075064,2,1040.477866
-3.306285,4,1040.550735
-2.176841,3,1040.600316
-1.074747,2,1040.633031
-2.186668,3,1040.683658
-1.144299,2,1040.715777
-1.130596,2,1040.749816
-2.170674,3,1040.794459
-2.164444,3,1040.850708
-2.205785,3,1040.899275
-2.210846,3,1040.947801
-2.27486,3,1040.993365
-2.199557,3,1041.040647
-3.349797,4,1041.104242
-2.193736,3,1041.154861
-2.24881,3,1041.212125
-1.124276,2,1041.248682
-2.181425,3,1041.296136
-0.015682,1,1041.316686
-1.112369,2,1041.347724
-1.146154,2,1041.389772
-1.130035,2,1041.416841
-0.048411,1,1041.433862
-2.271155,3,1041.484516
-2.177173,3,1041.548754
-3.317891,4,1041.619002
-2.20975,3,1041.662527
-2.165388,3,1041.704268
-2.169403,3,1041.75487
-2.167819,3,1041.800437
-2.213594,3,1041.850669
-1.119189,2,1041.882208
-2.218959,3,1041.940894
-3.308271,4,1042.001464
-2.246975,3,1042.050637
-0.04844,1,1042.074583
-1.101015,2,1042.119837
-3.402115,4,1042.193938
-2.175321,3,1042.249629
-2.208097,3,1042.30522
-0.006209,1,1042.32778
-3.355997,4,1042.399388
-2.161553,3,1042.44676
-1.128779,2,1042.48701
-1.077119,2,1042.52765
-2.187171,3,1042.589039
-2.210299,3,1042.643681
-2.25071,3,1042.694555
-2.218597,3,1042.754023
-2.203454,3,1042.804625
-0.048472,1,1042.821338
-2.231748,3,1042.86753
-2.174036,3,1042.920888
-3.330423,4,1042.980698
-2.165495,3,1043.034452
-1.081283,2,1043.064834
-1.112588,2,1043.103388
-1.102174,2,1043.139631
-3.431151,4,1043.204219
-1.069928,2,1043.240886
-3.337413,4,1043.312998
-2.184959,3,1043.359718
-3.275602,4,1043.416849
-3.33052,4,1043.482944
-2.262346,3,1043.540783
-0.012501,1,1043.557808
-1.066296,2,1043.593851
-2.200154,3,1043.635866
-1.123942,2,1043.670982
-2.193397,3,1043.71772
-2.229007,3,1043.76915
-0.043094,1,1043.785168
-3.328996,4,1043.857774
-3.329039,4,1043.915059
-2.168127,3,1043.960666
-0.031703,1,1043.977693
-3.373588,4,1044.045849
-1.065586,2,1044.07489
-2.184786,3,1044.122989
-2.183001,3,1044.164665
-2.16466,3,1044.220854
-3.325414,4,1044.287046
-3.29922,4,1044.348609
-2.186032,3,1044.39767
-1.1376,2,1044.430802
-2.195766,3,1044.483372
-2.278586,3,1044.538653
-2.227971,3,1044.589713
-3.301922,4,1044.654889
-2.204746,3,1044.704066
-2.259875,3,1044.746756
-3.280464,4,1044.814081
-3.320003,4,1044.886778
-2.154217,3,1044.932992
-1.114228,2,1044.963817
-3.333955,4,1045.030605
-2.257498,3,1045.077675
-0.023122,1,1045.089688
-3.312991,4,1045.156902
-1.128637,2,1045.186066
-2.255603,3,1045.236793
-2.212783,3,1045.280843
-1.099273,2,1045.315067
-2.193223,3,1045.362195
-2.217197,3,1045.413887
-3.374051,4,1045.476736
-1.117481,2,1045.513287
-2.248418,3,1045.571006
-1.094308,2,1045.609255
-3.406911,4,1045.682267
-2.210363,3,1045.735658
-2.221258,3,1045.789737
-1.083808,2,1045.826886
-1.097199,2,1045.853927
-2.248962,3,1045.902634
-2.198856,3,1045.947854
-1.086744,2,1045.989904
-2.173542,3,1046.041108
-3.301652,4,1046.106288
-3.306057,4,1046.162402
-3.311619,4,1046.232262
-1.117302,2,1046.258801
-0.032382,1,1046.274831
-1.076431,2,1046.309946
-1.123864,2,1046.353191
-2.261476,3,1046.407031
-2.184428,3,1046.459713
-1.124114,2,1046.496768
-1.087026,2,1046.536958
-3.309664,4,1046.604823
-2.228348,3,1046.662398
-3.312395,4,1046.727682
-3.278407,4,1046.803786
-1.117959,2,1046.842331
-2.220732,3,1046.898906
-2.202657,3,1046.946781
-2.242158,3,1047.003059
-2.250764,3,1047.048665
-1.123388,2,1047.080647
-2.252412,3,1047.129861
-2.222757,3,1047.187101
-3.275529,4,1047.250899
-3.343695,4,1047.315922
-3.350063,4,1047.375634
-2.220476,3,1047.428854
-3.286662,4,1047.493737
-3.322486,4,1047.562394
-3.295495,4,1047.620729
-3.39384,4,1047.692343
-3.367981,4,1047.759701
-2.225042,3,1047.806266
-3.35564,4,1047.879868
-2.182228,3,1047.930663
-3.29953,4,1047.993753
-3.336775,4,1048.052367
-2.241437,3,1048.102995
-2.246791,3,1048.155698
-3.332922,4,1048.217777
-3.319944,4,1048.284523
-3.383195,4,1048.343686
-2.182321,3,1048.40175
-0.011092,1,1048.419771
-1.094268,2,1048.445804
-1.131238,2,1048.475837
-2.248684,3,1048.533906
-0.041691,1,1048.549514
-1.083923,2,1048.579177
-2.231985,3,1048.62498
-3.338464,4,1048.688943
-3.296623,4,1048.753842
-0.016127,1,1048.765857
-2.173672,3,1048.811022
-2.218085,3,1048.86575
-0.039584,1,1048.882265
-0.048468,1,1048.899784
-2.199322,3,1048.945851
-3.334017,4,1049.01459
-1.095113,2,1049.043142
-2.166067,3,1049.087702
-1.064213,2,1049.119019
-1.072992,2,1049.161111
-1.108398,2,1049.192347
-0.047708,1,1049.20687
-2.211951,3,1049.251474
-0.005583,1,1049.274097
-0.04504,1,1049.293345
-1.136309,2,1049.32389
-1.121893,2,1049.352924
-1.095536,2,1049.389658
-2.264774,3,1049.43071
-2.232244,3,1049.480772
-0.01106,1,1049.498795
-2.18296,3,1049.55488
-3.290913,4,1049.620963
-3.344344,4,1049.67456
-3.322103,4,1049.740859
-3.334636,4,1049.80775
-3.283939,4,1049.873333
-2.252028,3,1049.920891
-1.068285,2,1049.956812
-2.224326,3,1050.003873
-2.197765,3,1050.057732
-1.134267,2,1050.088764
-2.212497,3,1050.135825
-3.373888,4,1050.203403
-2.167391,3,1050.246713
-2.197827,3,1050.304683
-0.0306,1,1050.324062
-1.086159,2,1050.363679
-2.174258,3,1050.408743
-2.24562,3,1050.453293
-2.203453,3,1050.498763
-1.141882,2,1050.536825
-2.211949,3,1050.595898
-0.04751,1,1050.617524
-1.082173,2,1050.646681
-1.098351,2,1050.685728
-0.047518,1,1050.703246
-2.26474,3,1050.750803
-2.267304,3,1050.796874
-2.187421,3,1050.852343
-2.197983,3,1050.896907
-3.357903,4,1050.956753
-0.024135,1,1050.970762
-3.315042,4,1051.037857
-1.070309,2,1051.067892
-3.322648,4,1051.128754
-2.179342,3,1051.177809
-3.354393,4,1051.243716
-3.340002,4,1051.304284
-2.239806,3,1051.376729
-2.240064,3,1051.464458
-2.274637,3,1051.538608
-3.269217,4,1051.643203
-3.331378,4,1051.732126
-2.186072,3,1051.790717
-2.218852,3,1051.849875
-0.034882,1,1051.864899
-2.194824,3,1051.914869
-1.09004,2,1051.946907
-1.116776,2,1051.983611
-2.200966,3,1052.034726
-1.135204,2,1052.06461
-1.130156,2,1052.094804
-2.181861,3,1052.144579
-2.18953,3,1052.19665
-1.08796,2,1052.229933
-3.331784,4,1052.292207
-1.096175,2,1052.332439
-1.081155,2,1052.362027
-0.047583,1,1052.377049
-2.225758,3,1052.420987
-3.389552,4,1052.486601
-0.014754,1,1052.502115
-1.104483,2,1052.532156
-3.380048,4,1052.603249
-2.195722,3,1052.656825
-1.133173,2,1052.687866
-2.165336,3,1052.730915
-3.326732,4,1052.794587
-1.108718,2,1052.836648
-2.222045,3,1052.886715
-2.189992,3,1052.938906
-1.09123,2,1052.968799
-2.258701,3,1053.014553
-3.285512,4,1053.072119
-0.02976,1,1053.087642
-3.463917,4,1053.150767
-1.135458,2,1053.190817
-3.358462,4,1053.250648
-1.093,2,1053.28219
-2.231798,3,1053.330776
-3.397907,4,1053.395865
-3.405469,4,1053.45576
-3.355371,4,1053.51133
-1.08815,2,1053.545667
-2.267869,3,1053.603239
-1.115366,2,1053.63303
-0.014225,1,1053.648625
-0.042312,1,1053.664649
-2.213742,3,1053.71488
-3.33277,4,1053.773186
-0.046217,1,1053.787702
-3.278027,4,1053.84874
-1.134817,2,1053.883786
-3.339428,4,1053.944429
-1.110892,2,1053.976911
-0.014268,1,1053.993068
-3.28444,4,1054.064112
-3.286592,4,1054.12488
-2.180517,3,1054.174058
-2.240404,3,1054.219804
-2.191129,3,1054.27087
-1.104913,2,1054.307036
-0.029294,1,1054.32469
-2.251945,3,1054.373763
-2.18334,3,1054.430839
-2.182884,3,1054.479904
-2.175771,3,1054.524828
-1.142212,2,1054.554611
-2.249469,3,1054.61762
-2.239145,3,1054.666676
-0.040638,1,1054.682192
-1.136587,2,1054.712736
-1.095729,2,1054.749825
-1.08343,2,1054.777864
-0.03733,1,1054.796891
-1.086612,2,1054.831132
-2.211375,3,1054.882325
-3.299776,4,1054.944749
-3.30742,4,1055.009344
-1.092289,2,1055.039976
-3.293274,4,1055.109288
-2.250377,3,1055.152402
-1.072225,2,1055.183011
-2.254535,3,1055.230748
-2.218386,3,1055.280811
-2.174086,3,1055.324985
-2.223344,3,1055.369653
-3.329049,4,1055.437783
-2.226361,3,1055.487842
-2.165742,3,1055.532893
-3.333533,4,1055.603874
-1.09361,2,1055.635199
-2.223628,3,1055.687854
-2.216704,3,1055.73551
-0.047633,1,1055.753043
-2.202546,3,1055.804893
-2.217436,3,1055.865481
-2.238365,3,1055.918263
-2.228113,3,1055.980754
-0.00786,1,1055.996786
-1.143873,2,1056.034997
-2.243598,3,1056.080783
-1.099079,2,1056.111332
-2.270957,3,1056.156664
-2.226776,3,1056.205726
-1.125992,2,1056.236826
-1.082398,2,1056.26794
-2.182561,3,1056.311327
-1.125071,2,1056.353122
-2.204105,3,1056.400797
-0.009338,1,1056.418937
-3.325236,4,1056.480697
-3.308343,4,1056.548584
-3.301036,4,1056.619182
-2.257708,3,1056.665909
-1.119223,2,1056.694697
-2.193377,3,1056.749599
-3.351428,4,1056.809172
-2.225193,3,1056.858901
-3.340466,4,1056.917118
-3.359813,4,1056.983954
-1.114634,2,1057.017706
-2.20843,3,1057.063768
-2.272111,3,1057.105819
-2.206947,3,1057.16431
-2.211091,3,1057.214643
-1.125275,2,1057.242176
-0.02909,1,1057.259696
-1.133668,2,1057.298749
-3.396487,4,1057.360855
-3.278711,4,1057.422107
-2.185478,3,1057.467671
-2.253524,3,1057.522243
-3.289444,4,1057.597651
-2.227103,3,1057.647763
-0.009849,1,1057.66228
-1.115695,2,1057.702328
-2.200857,3,1057.744872
-2.235295,3,1057.78951
-2.270886,3,1057.837785
-2.167357,3,1057.88785
-2.259018,3,1057.936021
-2.25308,3,1057.976642
-3.321172,4,1058.042126
-2.216354,3,1058.087691
-2.214962,3,1058.134066
-3.379529,4,1058.194774
-3.36814,4,1058.259914
-2.273018,3,1058.304713
-1.125433,2,1058.336875
-1.066449,2,1058.366911
-2.175748,3,1058.417095
-1.071307,2,1058.462236
-2.198401,3,1058.508796
-3.322603,4,1058.570672
-2.231561,3,1058.627998
-0.044856,1,1058.64759
-1.135492,2,1058.68565
-2.256231,3,1058.7272
-0.02969,1,1058.744225
-2.240433,3,1058.802985
-2.279332,3,1058.857791
-2.167432,3,1058.907859
-1.083333,2,1058.939701
-2.165435,3,1058.989766
-2.224204,3,1059.03973
-2.246216,3,1059.093807
-1.108193,2,1059.129981
-2.235949,3,1059.180616
-2.251623,3,1059.226363
-0.032851,1,1059.242482
-2.185994,3,1059.289666
-3.384086,4,1059.356835
-3.309723,4,1059.416915
-2.2381,3,1059.468701
-2.227282,3,1059.518267
-0.038175,1,1059.538864
-0.044964,1,1059.554886
-2.233627,3,1059.602962
-2.196613,3,1059.652162
-1.074324,2,1059.699731
-2.178799,3,1059.740789
-0.04122,1,1059.758819
-3.349916,4,1059.826935
-3.367389,4,1059.898681
-1.086486,2,1059.930721
-1.086219,2,1059.962261
-1.081712,2,1059.992301
-0.042622,1,1060.008823
-3.350788,4,1060.073113
-2.253209,3,1060.118177
-2.194301,3,1060.163899
-1.107762,2,1060.198628
-2.222835,3,1060.242264
-2.265201,3,1060.288825
-0.049676,1,1060.319396
-0.033161,1,1060.345993
-2.230705,3,1060.397864
-0.045617,1,1060.414611
-1.094283,2,1060.44765
-2.204052,3,1060.504724
-2.265406,3,1060.554894
-3.393932,4,1060.630895
-3.327948,4,1060.705716
-1.134617,2,1060.74887
-2.238839,3,1060.80307
-2.175889,3,1060.863164
-3.276257,4,1060.938729
-3.410404,4,1061.018342
-2.21514,3,1061.064703
-3.346408,4,1061.133879
-0.049216,1,1061.149894
-1.075575,2,1061.197365
-2.258517,3,1061.248936
-3.298759,4,1061.315409
-2.245124,3,1061.374704
-3.403456,4,1061.437801
-1.07252,2,1061.465837
-0.033668,1,1061.482353
-1.140433,2,1061.515924
-2.199687,3,1061.57074
-1.137879,2,1061.603289
-1.091613,2,1061.642634
-0.031661,1,1061.657814
-0.043915,1,1061.673837
-2.191032,3,1061.727166
-2.216169,3,1061.773268
-2.26499,3,1061.818004
-2.173038,3,1061.877786
-2.23888,3,1061.923849
-0.048983,1,1061.938867
-1.088426,2,1061.968903
-3.389485,4,1062.034359
-2.23251,3,1062.07903
-2.177501,3,1062.122251
-3.289151,4,1062.18783
-1.09908,2,1062.225885
-1.124279,2,1062.258924
-1.134411,2,1062.294621
-1.085342,2,1062.32573
-3.296703,4,1062.394816
-0.017433,1,1062.408827
-0.030943,1,1062.425353
-2.183387,3,1062.469186
-1.125441,2,1062.504791
-2.18746,3,1062.549987
-0.030602,1,1062.569702
-0.032224,1,1062.58473
-2.18613,3,1062.639901
-2.188834,3,1062.686814
-2.284026,3,1062.735079
-1.088945,2,1062.764694
-3.284684,4,1062.834818
-1.12866,2,1062.868861
-3.336679,4,1062.931544
-3.342625,4,1062.993171
-2.159828,3,1063.045751
-1.08173,2,1063.074792
-2.234955,3,1063.122349
-3.301793,4,1063.183647
-2.190246,3,1063.233715
-2.233947,3,1063.282266
-1.084788,2,1063.312303
-1.121443,2,1063.343877
-2.264239,3,1063.400854
-2.195772,3,1063.447912
-2.159599,3,1063.495804
-1.122396,2,1063.528842
-2.185039,3,1063.578389
-0.046281,1,1063.593976
-3.347921,4,1063.660073
-1.130166,2,1063.68983
-2.255088,3,1063.739888
-2.274602,3,1063.789068
-2.191135,3,1063.836781
-2.192894,3,1063.883844
-2.226139,3,1063.934911
-1.113455,2,1063.964673
-2.216589,3,1064.010727
-2.214816,3,1064.056789
-3.42312,4,1064.125875
-1.131685,2,1064.15591
-0.047867,1,1064.171054
-3.369854,4,1064.228747
-1.101512,2,1064.262289
-2.266192,3,1064.310497
-0.038594,1,1064.326054
-3.353257,4,1064.387714
-2.197333,3,1064.442464
-3.275036,4,1064.502189
-2.255306,3,1064.547743
-3.341768,4,1064.614832
-2.210101,3,1064.672399
-2.192594,3,1064.718528
-2.206664,3,1064.763738
-2.203401,3,1064.807787
-2.224849,3,1064.859038
-3.294886,4,1064.924694
-2.225802,3,1064.966742
-3.301609,4,1065.024807
-3.303535,4,1065.087995
-2.266847,3,1065.134781
-2.185999,3,1065.178829
-1.117772,2,1065.208861
-2.160756,3,1065.26473
-1.131638,2,1065.292256
-3.362542,4,1065.358727
-3.312085,4,1065.420804
-1.100118,2,1065.454856
-1.101524,2,1065.484702
-2.273048,3,1065.534667
-3.320942,4,1065.593737
-1.09266,2,1065.638895
-3.441955,4,1065.704707
-3.347886,4,1065.76587
-2.231088,3,1065.815501
-3.338002,4,1065.88319
-1.125817,2,1065.923252
-2.24901,3,1065.974753
-2.25449,3,1066.027888
-2.27717,3,1066.085794
-2.213072,3,1066.140991
-1.078872,2,1066.176688
-3.300844,4,1066.235949
-1.117657,2,1066.273147
-2.175114,3,1066.320956
-2.250125,3,1066.370622
-3.371748,4,1066.430821
-1.094102,2,1066.468878
-3.333237,4,1066.526618
-3.29458,4,1066.59403
-3.320296,4,1066.659837
-1.144163,2,1066.696895
-3.310395,4,1066.757082
-3.274903,4,1066.818652
-1.104546,2,1066.848687
-0.048289,1,1066.868713
-2.193265,3,1066.915769
-2.21261,3,1066.959493
-2.177329,3,1067.008687
-1.098945,2,1067.039877
-2.213189,3,1067.08558
-0.049152,1,1067.103098
-3.336047,4,1067.162309
-2.264978,3,1067.220398
-3.36066,4,1067.280807
-1.141693,2,1067.312344
-1.068859,2,1067.340907
-0.039029,1,1067.366081
-0.044395,1,1067.382093
-1.088931,2,1067.412248
-1.107919,2,1067.444864
-3.300475,4,1067.507604
-2.253206,3,1067.568743
-1.137242,2,1067.603285
-2.177388,3,1067.663597
-1.134376,2,1067.764771
-1.087355,2,1067.797808
-1.082235,2,1067.827913
-2.166794,3,1067.877729
-3.369141,4,1067.945096
-1.113498,2,1067.976686
-2.21264,3,1068.024244
-3.318919,4,1068.088629
-1.12582,2,1068.12872
-3.375151,4,1068.186868
-2.267008,3,1068.233956
-1.127173,2,1068.265806
-3.344278,4,1068.3394
-2.219683,3,1068.388848
-2.226285,3,1068.438931
-0.033374,1,1068.459678
-2.204956,3,1068.510737
-2.276585,3,1068.556668
-2.273743,3,1068.600715
-0.014749,1,1068.621257
-2.194899,3,1068.680719
-2.166637,3,1068.733858
-2.251693,3,1068.775914
-2.241447,3,1068.821135
-3.327763,4,1068.897721
-2.212564,3,1068.943905
-1.127712,2,1068.97669
-0.031727,1,1068.993207
-2.205441,3,1069.04447
-2.247872,3,1069.093917
-0.04038,1,1069.109538
-3.328045,4,1069.170724
-3.340332,4,1069.240839
-3.357879,4,1069.305632
-1.088565,2,1069.334947
-1.107411,2,1069.367661
-0.040954,1,1069.388693
-1.108602,2,1069.419242
-2.256357,3,1069.466687
-2.226193,3,1069.518249
-2.242951,3,1069.570632
-3.313254,4,1069.634447
-0.030028,1,1069.650729
-0.036359,1,1069.670756
-2.235692,3,1069.729106
-0.026444,1,1069.74212
-2.277527,3,1069.788706
-1.098557,2,1069.815744
-2.244176,3,1069.874891
-3.327354,4,1069.941265
-1.07849,2,1069.976798
-2.184309,3,1070.023876
-2.241745,3,1070.084206
-1.132966,2,1070.114659
-2.180521,3,1070.164833
-2.219193,3,1070.214902
-0.03674,1,1070.235297
-2.16637,3,1070.279981
-3.302664,4,1070.340769
-3.311565,4,1070.405866
-0.016861,1,1070.426399
-0.03899,1,1070.446006
-2.221325,3,1070.49772
-2.215297,3,1070.542359
-2.174082,3,1070.590649
-1.10931,2,1070.626858
-1.068504,2,1070.664399
-1.133028,2,1070.702147
-2.167791,3,1070.754391
-1.130986,2,1070.783906
-3.281668,4,1070.845625
-2.237282,3,1070.890677
-1.119748,2,1070.922229
-0.013426,1,1070.93479
-2.22268,3,1070.979836
-0.018203,1,1070.993858
-2.162282,3,1071.044276
-2.168943,3,1071.089979
-1.128915,2,1071.118233
-1.077934,2,1071.147865
-2.1987,3,1071.195538
-2.182691,3,1071.246893
-3.364738,4,1071.318203
-2.247896,3,1071.367812
-1.102532,2,1071.407862
-0.046968,1,1071.420377
-3.41215,4,1071.477788
-2.228183,3,1071.528356
-3.27959,4,1071.592188
-2.228908,3,1071.637997
-1.078395,2,1071.672212
-1.098207,2,1071.703758
-2.183453,3,1071.758858
-1.092732,2,1071.789905
-2.267715,3,1071.836817
-2.20907,3,1071.883872
-3.316074,4,1071.952379
-3.275675,4,1072.010677
-2.181419,3,1072.063376
-1.130255,2,1072.089909
-0.042127,1,1072.114649
-3.36775,4,1072.179768
-2.237428,3,1072.224329
-2.209764,3,1072.274934
-2.16795,3,1072.327741
-1.109007,2,1072.356777
-2.242789,3,1072.407839
-2.197239,3,1072.452986
-2.168643,3,1072.507747
-2.241469,3,1072.553671
-0.029054,1,1072.568685
-3.34828,4,1072.627992
-2.163561,3,1072.684675
-2.261514,3,1072.733235
-2.192409,3,1072.776864
-0.049007,1,1072.790878
-2.274084,3,1072.84439
-2.195711,3,1072.887595
-2.171879,3,1072.932364
-2.219569,3,1072.976926
-0.0168,1,1072.993987
-1.070011,2,1073.035763
-2.233342,3,1073.080811
-2.240561,3,1073.125375
-2.26337,3,1073.180058
-2.173549,3,1073.225737
-2.255865,3,1073.27079
-3.295829,4,1073.335908
-3.384402,4,1073.39874
-2.220004,3,1073.450817
-2.293605,3,1073.502386
-1.078801,2,1073.543029
-3.340693,4,1073.612243
-3.309234,4,1073.677891
-1.121437,2,1073.710981
-2.205856,3,1073.75786
-3.326615,4,1073.820567
-2.265697,3,1073.86473
-1.134815,2,1073.895408
-3.28702,4,1073.955094
-2.278482,3,1074.01471
-2.166062,3,1074.057856
-3.36672,4,1074.118011
-1.109912,2,1074.150635
-3.307798,4,1074.232339
-0.044946,1,1074.243866
-0.02314,1,1074.258884
-3.287989,4,1074.321059
-2.172197,3,1074.369867
-1.136301,2,1074.398909
-2.231675,3,1074.450647
-0.032993,1,1074.467669
-3.359969,4,1074.533088
-2.179771,3,1074.577939
-2.248345,3,1074.620203
-2.251757,3,1074.673412
-2.164472,3,1074.726228
-3.294495,4,1074.789893
-2.263913,3,1074.834608
-2.163174,3,1074.884224
-2.208079,3,1074.932226
-2.248704,3,1074.97681
-2.180462,3,1075.024372
-3.3562,4,1075.08511
-1.122542,2,1075.124224
-3.345202,4,1075.179857
-3.326534,4,1075.242996
-2.241895,3,1075.288839
-1.10446,2,1075.323384
-2.187891,3,1075.368073
-1.06956,2,1075.399657
-0.030726,1,1075.415686
-0.041307,1,1075.433863
-2.1912,3,1075.484518
-0.030005,1,1075.498032
-1.074341,2,1075.527787
-1.120926,2,1075.56384
-2.272523,3,1075.604894
-2.175241,3,1075.656598
-2.242968,3,1075.706664
-2.224184,3,1075.75877
-1.096056,2,1075.794271
-2.180839,3,1075.843407
-0.021803,1,1075.858933
-2.25764,3,1075.908856
-0.01052,1,1075.924379
-2.265157,3,1075.968052
-3.404726,4,1076.036913
-0.037846,1,1076.057008
-2.212457,3,1076.109705
-1.111876,2,1076.144222
-2.2335,3,1076.196649
-2.172059,3,1076.253308
-1.101648,2,1076.286855
-3.291652,4,1076.354604
-2.18093,3,1076.400662
-2.246389,3,1076.453597
-1.101238,2,1076.483133
-2.183948,3,1076.535818
-0.023961,1,1076.548833
-2.21248,3,1076.602398
-3.30065,4,1076.664913
-2.300937,3,1076.724783
-2.250643,3,1076.770844
-2.251784,3,1076.828925
-0.0399,1,1076.845976
-3.293628,4,1076.91332
-2.213458,3,1076.960555
-2.271383,3,1077.0157
-1.128365,2,1077.047908
-1.088714,2,1077.078626
-3.408018,4,1077.139783
-3.286465,4,1077.214883
-1.104247,2,1077.242445
-2.164367,3,1077.289711
-3.317307,4,1077.352322
-2.219886,3,1077.410902
-1.076873,2,1077.439996
-3.32629,4,1077.49966
-1.114972,2,1077.530706
-1.071156,2,1077.565755
-1.077335,2,1077.595809
-3.393162,4,1077.660891
-1.076564,2,1077.695101
-2.235257,3,1077.748765
-2.188581,3,1077.793827
-3.296867,4,1077.865077
-2.178296,3,1077.910694
-3.307022,4,1077.978803
-3.314085,4,1078.043895
-2.189578,3,1078.090734
-1.102163,2,1078.121281
-1.1167,2,1078.155838
-1.085506,2,1078.186875
-2.214447,3,1078.228933
-2.226573,3,1078.274656
-3.304866,4,1078.342364
-1.090603,2,1078.375915
-2.212284,3,1078.418645
-1.117951,2,1078.446716
-3.366204,4,1078.516819
-0.028732,1,1078.532339
-2.244831,3,1078.580156
-2.28437,3,1078.623015
-1.122825,2,1078.657802
-2.228447,3,1078.708868
-1.069011,2,1078.743203
-3.279705,4,1078.808914
-2.245363,3,1078.864675
-1.136969,2,1078.894707
-2.168666,3,1078.94377
-2.223405,3,1078.988828
-2.257277,3,1079.046526
-3.330599,4,1079.102183
-1.078389,2,1079.140738
-2.218066,3,1079.189809
-3.329019,4,1079.265602
-2.248438,3,1079.308768
-1.120256,2,1079.339807
-2.275755,3,1079.386866
-3.36118,4,1079.454162
-2.229558,3,1079.503318
-3.353265,4,1079.559884
-0.021817,1,1079.572401
-2.256199,3,1079.628767
-1.08693,2,1079.657804
-2.167944,3,1079.70989
-1.136728,2,1079.742135
-1.110433,2,1079.774684
-3.388005,4,1079.838765
-2.176083,3,1079.890833
-2.205689,3,1079.934904
-3.355047,4,1079.994672
-2.187789,3,1080.043736
-2.211928,3,1080.088794
-1.072966,2,1080.118835
-2.27718,3,1080.170067
-3.331349,4,1080.240112
-3.332645,4,1080.305728
-2.222731,3,1080.362321
-1.091197,2,1080.408898
-3.34569,4,1080.478904
-3.302743,4,1080.539735
-2.23265,3,1080.590793
-3.352526,4,1080.658886
-1.121287,2,1080.690936
-2.207035,3,1080.739676
-0.009477,1,1080.754702
-0.034296,1,1080.776738
-1.135676,2,1080.814795
-1.082965,2,1080.845836
-1.133171,2,1080.874876
-2.233542,3,1080.925678
-0.042418,1,1080.94069
-1.127078,2,1080.969732
-2.252254,3,1081.009779
-1.098134,2,1081.046827
-3.287429,4,1081.103894
-1.108496,2,1081.134944
-3.346604,4,1081.196826
-2.284743,3,1081.246893
-2.245316,3,1081.295675
-2.249258,3,1081.346744
-1.136501,2,1081.38079
-2.227272,3,1081.434865
-2.269262,3,1081.484352
-2.247812,3,1081.527675
-2.19061,3,1081.579239
-1.108226,2,1081.621053
-1.133568,2,1081.649659
-2.205843,3,1081.699726
-3.315829,4,1081.759807
-2.188683,3,1081.813377
-2.178573,3,1081.861072
-2.190593,3,1081.907717
-3.327412,4,1081.967792
-1.090119,2,1082.003339
-2.225734,3,1082.047898
-3.424367,4,1082.110767
-2.201887,3,1082.158831
-3.295527,4,1082.220908
-2.184182,3,1082.26469
-0.03456,1,1082.279703
-1.104929,2,1082.307742
-2.216875,3,1082.359815
-1.08007,2,1082.389849
-2.189928,3,1082.439913
-0.005653,1,1082.452464
-3.29733,4,1082.512185
-3.2966,4,1082.576862
-2.240036,3,1082.626475
-2.26188,3,1082.6807
-3.392402,4,1082.756854
-2.264434,3,1082.810911
-2.180353,3,1082.864176
-3.300942,4,1082.928365
-0.032409,1,1082.946906
-3.355129,4,1083.010817
-2.270261,3,1083.056985
-2.226847,3,1083.108683
-0.009893,1,1083.133775
-1.13475,2,1083.165817
-3.374005,4,1083.227897
-1.131141,2,1083.259814
-1.103645,2,1083.303877
-2.267803,3,1083.352469
-3.358889,4,1083.414798
-2.166612,3,1083.462945
-1.075787,2,1083.500084
-2.241227,3,1083.549863
-2.276984,3,1083.595523
-1.117511,2,1083.629179
-2.274364,3,1083.679902
-3.33445,4,1083.749787
-3.316806,4,1083.810862
-0.013364,1,1083.827022
-1.136904,2,1083.875804
-1.065432,2,1083.905973
-2.253619,3,1083.957847
-2.168896,3,1084.003644
-1.126693,2,1084.04119
-2.186671,3,1084.093853
-1.080263,2,1084.120881
-2.232401,3,1084.170579
-3.341134,4,1084.238755
-2.235681,3,1084.288815
-3.311381,4,1084.356041
-1.13364,2,1084.383106
-1.114626,2,1084.42073
-2.2522,3,1084.470845
-3.319855,4,1084.535558
-3.379279,4,1084.602249
-2.19545,3,1084.650833
-1.103874,2,1084.679872
-2.166684,3,1084.731076
-3.336087,4,1084.79074
-1.096674,2,1084.82779
-3.2913,4,1084.88992
-2.233655,3,1084.938819
-2.214127,3,1084.989878
-3.348353,4,1085.059814
-2.164904,3,1085.108881
-2.206868,3,1085.157571
-3.361952,4,1085.218746
-2.213401,3,1085.272358
-3.356647,4,1085.335973
-0.006183,1,1085.350779
-3.3381,4,1085.423243
-2.236552,3,1085.469921
-3.310045,4,1085.530269
-2.227634,3,1085.573318
-2.273535,3,1085.625693
-3.302724,4,1085.694818
-0.015221,1,1085.712333
-1.105061,2,1085.749991
-1.105295,2,1085.781133
-1.121278,2,1085.81781
-2.261475,3,1085.866671
-2.156746,3,1085.916735
-1.093941,2,1085.949857
-3.298652,4,1086.021038
-1.089753,2,1086.054821
-1.090331,2,1086.086861
-3.391837,4,1086.147106
-1.108809,2,1086.18072
-1.119618,2,1086.214425
-2.20855,3,1086.269627
-0.028966,1,1086.28865
-1.072743,2,1086.334215
-2.21137,3,1086.393605
-0.047284,1,1086.410621
-2.209655,3,1086.459844
-3.377659,4,1086.536609
-3.312472,4,1086.600691
-2.193686,3,1086.646327
-1.109136,2,1086.680883
-3.390666,4,1086.752775
-2.2386,3,1086.795858
-3.318345,4,1086.86368
-1.133525,2,1086.893724
-3.335847,4,1086.962323
-2.216672,3,1087.008878
-3.3369,4,1087.071113
-0.030539,1,1087.086131
-1.109961,2,1087.118863
-3.291538,4,1087.183279
-2.167056,3,1087.233342
-2.19835,3,1087.277966
-0.01026,1,1087.293625
-1.105493,2,1087.329168
-2.238924,3,1087.374939
-2.233887,3,1087.417628
-3.275474,4,1087.656099
-1.122402,2,1087.693281
-2.212918,3,1087.7459
-1.111587,2,1087.775625
-2.190954,3,1087.825686
-3.347763,4,1087.89066
-2.21427,3,1087.936229
-0.03453,1,1087.948865
-1.085669,2,1087.97991
-3.446084,4,1088.045908
-1.087123,2,1088.074512
-3.325497,4,1088.134926
-0.03555,1,1088.156571
-2.215912,3,1088.20313
-2.202531,3,1088.246189
-2.218411,3,1088.290776
-3.299485,4,1088.366027
-1.094638,2,1088.394721
-2.178582,3,1088.43788
-0.019734,1,1088.453395
-3.320653,4,1088.516611
-0.04711,1,1088.531129
-0.028135,1,1088.546668
-2.221323,3,1088.595737
-1.130267,2,1088.63128
-2.236251,3,1088.677664
-2.166157,3,1088.729231
-0.02814,1,1088.745868
-2.235912,3,1088.798574
-2.182072,3,1088.849411
-2.219274,3,1088.896036
-1.135723,2,1088.926711
-1.090219,2,1088.987895
-3.337879,4,1089.052985
-3.343279,4,1089.114419
-2.225156,3,1089.159092
-2.252715,3,1089.210732
-1.109979,2,1089.244937
-2.258024,3,1089.289802
-3.332733,4,1089.350941
-2.169807,3,1089.399778
-2.231326,3,1089.446887
-1.089833,2,1089.477934
-2.226314,3,1089.524339
-0.02583,1,1089.540145
-2.270134,3,1089.586743
-3.351571,4,1089.649995
-0.024535,1,1089.667574
-2.208822,3,1089.718704
-2.25052,3,1089.774352
-2.182457,3,1089.824638
-2.207344,3,1089.866795
-1.121861,2,1089.902342
-2.218406,3,1089.946404
-2.206307,3,1089.9922
-1.113127,2,1090.023743
-3.387312,4,1090.088874
-2.176441,3,1090.135062
-3.350091,4,1090.19442
-3.289088,4,1090.2597
-0.045299,1,1090.279729
-3.280403,4,1090.343888
-3.349142,4,1090.407756
-3.329517,4,1090.468898
-2.197853,3,1090.516045
-2.146002,3,1090.55976
-2.21097,3,1090.599808
-1.138798,2,1090.630535
-1.100234,2,1090.664736
-3.301509,4,1090.725815
-0.04069,1,1090.745965
-2.236036,3,1090.795741
-1.091174,2,1090.82678
-0.049942,1,1090.845861
-2.263682,3,1090.892415
-1.130037,2,1090.92216
-2.157358,3,1090.983356
-2.206982,3,1091.02691
-1.129074,2,1091.056083
-0.022773,1,1091.070649
-2.271264,3,1091.124296
-2.198577,3,1091.169886
-0.045626,1,1091.185909
-2.268606,3,1091.234618
-3.324733,4,1091.297699
-3.323608,4,1091.356573
-1.124388,2,1091.383106
-2.28962,3,1091.430258
-3.317461,4,1091.493395
-3.316915,4,1091.556805
-3.28399,4,1091.615877
-1.141206,2,1091.645913
-3.31737,4,1091.71067
-2.222253,3,1091.762326
-1.101604,2,1091.790861
-2.251471,3,1091.836933
-1.117611,2,1091.872552
-2.193698,3,1091.912212
-1.094694,2,1091.943303
-1.080823,2,1091.979853
-0.043539,1,1092.0079
-2.247528,3,1092.058858
-3.32305,4,1092.122105
-0.03431,1,1092.136137
-2.242367,3,1092.188825
-2.222416,3,1092.232879
-2.199715,3,1092.288724
-2.265949,3,1092.333279
-3.344171,4,1092.404518
-2.264525,3,1092.446826
-2.211039,3,1092.493883
-2.17784,3,1092.538823
-2.185841,3,1092.58588
-2.189096,3,1092.633941
-2.172385,3,1092.678785
-2.203191,3,1092.724848
-1.100661,2,1092.774645
-2.245482,3,1092.8197
-1.139257,2,1092.854538
-2.192544,3,1092.897878
-1.135205,2,1092.933936
-2.22549,3,1092.978741
-1.120272,2,1093.007776
-2.238103,3,1093.053868
-2.255339,3,1093.100944
-2.183649,3,1093.153711
-3.385948,4,1093.217784
-1.117843,2,1093.25461
-2.233027,3,1093.306669
-2.240118,3,1093.357828
-3.355824,4,1093.416901
-3.400424,4,1093.476742
-1.140181,2,1093.512279
-0.014783,1,1093.524808
-0.010084,1,1093.539963
-2.228461,3,1093.586633
-1.126774,2,1093.62067
-2.211966,3,1093.66476
-1.086595,2,1093.695806
-3.282186,4,1093.765582
-1.098198,2,1093.800691
-3.389564,4,1093.883887
-2.190149,3,1093.946694
-3.292228,4,1094.02443
-3.423244,4,1094.104829
-3.352187,4,1094.180747
-1.126808,2,1094.217799
-2.251971,3,1094.282319
-2.200048,3,1094.343309
-1.100167,2,1094.382138
-1.076635,2,1094.415687
-1.092092,2,1094.457867
-1.106559,2,1094.494198
-3.35597,4,1094.570724
-2.168973,3,1094.624815
-1.141086,2,1094.65237
-2.249442,3,1094.705323
-0.039116,1,1094.719337
-2.183438,3,1094.7697
-2.193157,3,1094.814766
-3.353316,4,1094.879725
-0.017146,1,1094.899751
-0.010954,1,1094.916776
-2.22207,3,1094.966883
-1.134955,2,1095.007622
-3.372946,4,1095.071378
-2.25782,3,1095.118605
-2.26652,3,1095.163804
-2.247466,3,1095.216871
-2.210712,3,1095.259957
-2.243633,3,1095.304665
-1.080615,2,1095.336918
-3.274713,4,1095.407808
-1.080558,2,1095.443966
-3.277839,4,1095.514807
-1.108658,2,1095.546875
-1.118263,2,1095.585931
-2.17737,3,1095.633244
-2.182421,3,1095.680826
-3.356685,4,1095.744999
-0.020314,1,1095.769073
-2.244711,3,1095.818891
-2.254798,3,1095.864172
-1.125591,2,1095.897807
-3.299026,4,1095.961
-2.195588,3,1096.00985
-3.409505,4,1096.06901
-1.11073,2,1096.104818
-1.120687,2,1096.140967
-3.311562,4,1096.199813
-2.250154,3,1096.243369
-3.349378,4,1096.30767
-2.223362,3,1096.355806
-0.026814,1,1096.368815
-1.121783,2,1096.399857
-1.130913,2,1096.432909
-3.325968,4,1096.504675
-3.392694,4,1096.572321
-3.315542,4,1096.640412
-2.213416,3,1096.695668
-2.295977,3,1096.755824
-1.137149,2,1096.788865
-2.259646,3,1096.835941
-3.332555,4,1096.898708
-2.232108,3,1096.953284
-3.343467,4,1097.018591
-2.183173,3,1097.063205
-1.091227,2,1097.095379
-1.134391,2,1097.129417
-2.220494,3,1097.173711
-3.29979,4,1097.234128
-3.306404,4,1097.295822
-3.274967,4,1097.364913
-3.301013,4,1097.42864
-2.239073,3,1097.473762
-2.2252,3,1097.524825
-1.137111,2,1097.564295
-2.2397,3,1097.608911
-2.167695,3,1097.657836
-3.308094,4,1097.712404
-2.26378,3,1097.766159
-2.223546,3,1097.81477
-3.383574,4,1097.886528
-1.089514,2,1097.915102
-2.182633,3,1097.967871
-2.273706,3,1098.012944
-1.137021,2,1098.050626
-1.117214,2,1098.082167
-2.183269,3,1098.134244
-3.318243,4,1098.199856
-1.126227,2,1098.228894
-0.042318,1,1098.243918
-2.254888,3,1098.302162
-2.268861,3,1098.348722
-3.422537,4,1098.414807
-2.200308,3,1098.456862
-0.0155,1,1098.476887
-2.189103,3,1098.532144
-1.101781,2,1098.563187
-1.121328,2,1098.597737
-3.338053,4,1098.663822
-2.251885,3,1098.717897
-2.248138,3,1098.774627
-2.189791,3,1098.822181
-1.097091,2,1098.860821
-2.18478,3,1098.909889
-3.345248,4,1098.977506
-0.038765,1,1098.99405
-3.33113,4,1099.062215
-2.21982,3,1099.113782
-0.043741,1,1099.127798
-1.134318,2,1099.157838
-1.11541,2,1099.193379
-2.210267,3,1099.243672
-2.241732,3,1099.290691
-1.126621,2,1099.325745
-0.04957,1,1099.348775
-3.349045,4,1099.408845
-2.271995,3,1099.453906
-3.339445,4,1099.51866
-0.042224,1,1099.539683
-1.09137,2,1099.570718
-2.153137,3,1099.617779
-2.183643,3,1099.663335
-2.186742,3,1099.710888
-2.200385,3,1099.767712
-1.125843,2,1099.796124
-2.25478,3,1099.84678
-2.278729,3,1099.897841
-3.320161,4,1099.960662
-3.35192,4,1100.024286
-1.117712,2,1100.0547
-3.309762,4,1100.125611
-3.295152,4,1100.190686
-3.336296,4,1100.250758
-2.260361,3,1100.295823
-1.11893,2,1100.330861
-2.26493,3,1100.373943
-0.047105,1,1100.390687
-1.119836,2,1100.42675
-0.047268,1,1100.445774
-0.029179,1,1100.462289
-0.047272,1,1100.477815
-2.202081,3,1100.52988
-0.042693,1,1100.559565
-1.096932,2,1100.59873
-3.254977,4,1100.664459
-3.321826,4,1100.733905
-1.091848,2,1100.774679
-1.079859,2,1100.806716
-2.25051,3,1100.854784
-2.169924,3,1100.900835
-1.087208,2,1100.942396
-3.354356,4,1101.006757
-2.256924,3,1101.054712
-3.288065,4,1101.114781
-2.206715,3,1101.167834
-2.219095,3,1101.21138
-3.281573,4,1101.280733
-1.129227,2,1101.313776
-2.259562,3,1101.373853
-3.345491,4,1101.432166
-2.199626,3,1101.484731
-2.217112,3,1101.528786
-3.374655,4,1101.599874
-3.35325,4,1101.660095
-2.238605,3,1101.70573
-3.298834,4,1101.766555
-2.261071,3,1101.822191
-1.097007,2,1101.850798
-0.03134,1,1101.867823
-1.069294,2,1101.902368
-2.273646,3,1101.956019
-1.115768,2,1101.985726
-3.327345,4,1102.045938
-2.16429,3,1102.10224
-1.141272,2,1102.140136
-1.096052,2,1102.170703
-3.327304,4,1102.242338
-2.250761,3,1102.300934
-2.207311,3,1102.352798
-2.262907,3,1102.400765
-2.24174,3,1102.450009
-2.236044,3,1102.494658
-1.113173,2,1102.534508
-0.012051,1,1102.54902
-2.277202,3,1102.593606
-2.171406,3,1102.636667
-3.28905,4,1102.704192
-0.04558,1,1102.718873
-2.191582,3,1102.773741
-2.256883,3,1102.822295
-2.174355,3,1102.874867
-1.120219,2,1102.905907
-3.303257,4,1102.969699
-2.174784,3,1103.023767
-2.180545,3,1103.073999
-3.335833,4,1103.14067
-2.15382,3,1103.18222
-2.211333,3,1103.23379
-0.04125,1,1103.250871
-1.083613,2,1103.279922
-3.291145,4,1103.341125
-3.437954,4,1103.397775
-0.023534,1,1103.42482
-1.13236,2,1103.459871
-1.077812,2,1103.490952
-3.301045,4,1103.562313
-2.2265,3,1103.610876
-2.192191,3,1103.657051
-2.216891,3,1103.699698
-2.259636,3,1103.744257
-2.199298,3,1103.797908
-1.079996,2,1103.827606
-3.376449,4,1103.889815
-1.124061,2,1103.91486
-3.304455,4,1103.980102
-1.09248,2,1104.010697
-1.076122,2,1104.039834
-3.389562,4,1104.098734
-2.235386,3,1104.154619
-2.195671,3,1104.196669
-3.324859,4,1104.264905
-1.075394,2,1104.298013
-0.012487,1,1104.318606
-2.236147,3,1104.364742
-3.279476,4,1104.423957
-1.083862,2,1104.45412
-1.097825,2,1104.492226
-2.250894,3,1104.539438
-1.125116,2,1104.570745
-2.239298,3,1104.617809
-1.133894,2,1104.652535
-1.073688,2,1104.686615
-0.047672,1,1104.69762
-0.014776,1,1104.715647
-2.273061,3,1104.780891
-1.102769,2,1104.81296
-2.177732,3,1104.853838
-1.136454,2,1104.883875
-1.137042,2,1104.916927
-1.140032,2,1104.945565
-3.306785,4,1105.008637
-3.319861,4,1105.070786
-3.354667,4,1105.134875
-2.16901,3,1105.178677
-2.187951,3,1105.228739
-2.183832,3,1105.278879
-1.120302,2,1105.316928
-1.119542,2,1105.349043
-3.352419,4,1105.408728
-2.177409,3,1105.452983
-2.188368,3,1105.508666
-1.122978,2,1105.541205
-2.208902,3,1105.584271
-1.109448,2,1105.6166
-3.351835,4,1105.680688
-3.310243,4,1105.742782
-0.04517,1,1105.760922
-2.206769,3,1105.804886
-2.223227,3,1105.857897
-2.194217,3,1105.900771
-1.076229,2,1105.932306
-2.192844,3,1105.98329
-1.120883,2,1106.019832
-2.167286,3,1106.064069
-0.018579,1,1106.07909
-1.082194,2,1106.107707
-2.208545,3,1106.161079
-2.182843,3,1106.20483
-3.270164,4,1106.258974
-1.101133,2,1106.289698
-2.221323,3,1106.339265
-3.298242,4,1106.398656
-2.204035,3,1106.44577
-2.206231,3,1106.495835
-2.250334,3,1106.614584
-3.400708,4,1106.736006
-3.354772,4,1106.820766
-1.10967,2,1106.862328
-1.142813,2,1106.910111
-2.251378,3,1106.969865
-2.263137,3,1107.016682
-1.092855,2,1107.048224
-1.085086,2,1107.086539
-2.2019,3,1107.132211
-3.404872,4,1107.193889
-0.040444,1,1107.213105
-2.160345,3,1107.269086
-3.287262,4,1107.328789
-2.269139,3,1107.378978
-2.178219,3,1107.424766
-2.199155,3,1107.475092
-3.316226,4,1107.546238
-1.116487,2,1107.580817
-3.328714,4,1107.641403
-0.025833,1,1107.657491
-3.285254,4,1107.723835
-1.100528,2,1107.754376
-2.214305,3,1107.798756
-1.123888,2,1107.843316
-3.298021,4,1107.902537
-3.299408,4,1107.967961
-0.010473,1,1107.984042
-3.323209,4,1108.055786
-3.343279,4,1108.116871
-2.229662,3,1108.162958
-1.098468,2,1108.200642
-1.066673,2,1108.242705
-0.01611,1,1108.268837
-3.344815,4,1108.328913
-2.220498,3,1108.383703
-1.112706,2,1108.417748
-1.11891,2,1108.448846
-1.148853,2,1108.476881
-0.017316,1,1108.493908
-0.048172,1,1108.51244
-2.254459,3,1108.563269
-3.296754,4,1108.624297
-3.271095,4,1108.680932
-0.041213,1,1108.701017
-1.078505,2,1108.734686
-2.187796,3,1108.785895
-2.296774,3,1108.830648
-3.321485,4,1108.895826
-0.038257,1,1108.913344
-3.408846,4,1108.977137
-2.216661,3,1109.022255
-0.030284,1,1109.043295
-1.131613,2,1109.072237
-0.040616,1,1109.087759
-3.27784,4,1109.148338
-1.107169,2,1109.180605
-2.227279,3,1109.226664
-2.218905,3,1109.282237
-3.27554,4,1109.34232
-2.183049,3,1109.397126
-1.139844,2,1109.428744
-3.44665,4,1109.489481
-2.183784,3,1109.534692
-3.355988,4,1109.602221
-1.089453,2,1109.632259
-2.171951,3,1109.680881
-3.352144,4,1109.746825
-2.243834,3,1109.803396
-2.231092,3,1109.849105
-3.305517,4,1109.914793
-2.245823,3,1109.959388
-2.166339,3,1110.00767
-0.032654,1,1110.025693
-0.047752,1,1110.042718
-3.339742,4,1110.10884
-2.227004,3,1110.160404
-3.354145,4,1110.219834
-1.136224,2,1110.251384
-3.347398,4,1110.30861
-3.376689,4,1110.38081
-2.173011,3,1110.427878
-1.139431,2,1110.460917
-3.47022,4,1110.529696
-2.221084,3,1110.584425
-2.255547,3,1110.630515
-1.086309,2,1110.664652
-1.107026,2,1110.696696
-1.068683,2,1110.729737
-2.173623,3,1110.787594
-1.067574,2,1110.817634
-1.099374,2,1110.849177
-2.188152,3,1110.902343
-0.034059,1,1110.920863
-2.1753,3,1110.963013
-2.270245,3,1111.013739
-1.145348,2,1111.049875
-3.340722,4,1111.11097
-2.212767,3,1111.154851
-1.12928,2,1111.183901
-0.041399,1,1111.200918
-3.288612,4,1111.26576
-1.076421,2,1111.293797
-2.245003,3,1111.344954
-3.397809,4,1111.414748
-2.231993,3,1111.466981
-2.166159,3,1111.508716
-2.249093,3,1111.553448
-3.425102,4,1111.620637
-1.084063,2,1111.657859
-2.212559,3,1111.703942
-0.019156,1,1111.719532
-2.181517,3,1111.77876
-1.113692,2,1111.8088
-2.178546,3,1111.85937
-0.007638,1,1111.874999
-2.201436,3,1111.934741
-3.328978,4,1111.999573
-3.364989,4,1112.06078
-2.17888,3,1112.11085
-3.349317,4,1112.18103
-1.073795,2,1112.21226
-2.176307,3,1112.259843
-0.032413,1,1112.274871
-3.270399,4,1112.340562
-3.307653,4,1112.407721
-1.151855,2,1112.437758
-2.203285,3,1112.479883
-0.036398,1,1112.497914
-0.04727,1,1112.518049
-1.08428,2,1112.548266
-2.235516,3,1112.592364
-2.188692,3,1112.647627
-2.248455,3,1112.694341
-2.216598,3,1112.748108
-3.335994,4,1112.824756
-3.376264,4,1112.900046
-2.282935,3,1112.947708
-2.261453,3,1112.996772
-1.09517,2,1113.023809
-2.233131,3,1113.080694
-3.29566,4,1113.145931
-2.180511,3,1113.193151
-2.179125,3,1113.237706
-1.144006,2,1113.274865
-2.258969,3,1113.320915
-1.070975,2,1113.350277
-3.284964,4,1113.424664
-1.081829,2,1113.460921
-2.250223,3,1113.514754
-1.088135,2,1113.548831
-2.254177,3,1113.590877
-1.127608,2,1113.630933
-3.35397,4,1113.690762
-2.237244,3,1113.734821
-1.081322,2,1113.769896
-1.129566,2,1113.812247
-1.102698,2,1113.845834
-0.014115,1,1113.86796
-1.135463,2,1113.898106
-2.159634,3,1113.953314
-3.320931,4,1114.009092
-1.136443,2,1114.040282
-2.189702,3,1114.099002
-2.204212,3,1114.196729
-1.118037,2,1114.257128
-3.393165,4,1114.347401
-2.195916,3,1114.405684
-0.048804,1,1114.427712
-2.242585,3,1114.490689
-3.288412,4,1114.569859
-2.260597,3,1114.627625
-2.211765,3,1114.673737
-2.206745,3,1114.719789
-1.096225,2,1114.753858
-3.326014,4,1114.820978
-2.171949,3,1114.875742
-3.307451,4,1114.945345
-2.208548,3,1114.990461
-1.128079,2,1115.023243
-1.129122,2,1115.061035
-2.22791,3,1115.1057
-2.26025,3,1115.158942
-3.305312,4,1115.217616
-3.340641,4,1115.290912
-3.433976,4,1115.353205
-1.085686,2,1115.386852
-1.117969,2,1115.414888
-1.12443,2,1115.4485
-0.033975,1,1115.469648
-2.218573,3,1115.519844
-2.17573,3,1115.569972
-0.01633,1,1115.589052
-3.305032,4,1115.648219
-2.222268,3,1115.69599
-1.13467,2,1115.728692
-1.084665,2,1115.764863
-1.133942,2,1115.800909
-3.351846,4,1115.865711
-2.195809,3,1115.910766
-1.093615,2,1115.946317
-2.239925,3,1115.991367
-2.270395,3,1116.039093
-1.10215,2,1116.069631
-1.071,2,1116.102168
-2.275309,3,1116.154906
-1.133692,2,1116.180988
-3.311582,4,1116.24518
-3.320448,4,1116.316974
-1.119316,2,1116.350737
-2.173858,3,1116.398799
-3.407117,4,1116.459366
-3.286981,4,1116.519883
-2.165637,3,1116.572616
-2.193094,3,1116.620689
-3.289579,4,1116.67989
-2.165112,3,1116.730641
-2.159718,3,1116.773288
-1.116799,2,1116.815853
-2.189701,3,1116.861407
-2.23637,3,1116.924681
-2.185603,3,1116.978823
-2.252989,3,1117.034906
-1.127562,2,1117.066642
-3.347628,4,1117.14124
-0.049935,1,1117.156901
-2.162981,3,1117.19858
-1.086126,2,1117.229611
-1.108073,2,1117.260757
-2.219341,3,1117.304818
-2.2123,3,1117.353403
-3.318588,4,1117.41973
-0.018954,1,1117.438754
-2.253717,3,1117.488997
-1.094006,2,1117.518729
-2.236863,3,1117.564795
-1.118279,2,1117.600836
-2.268398,3,1117.658412
-3.339364,4,1117.718637
-2.269835,3,1117.765732
-2.257766,3,1117.822305
-2.254125,3,1117.867367
-2.156815,3,1117.917652
-3.395911,4,1117.97665
-1.092942,2,1118.010687
-0.019567,1,1118.025712
-2.249834,3,1118.070788
-1.13959,2,1118.100836
-0.043348,1,1118.124875
-2.206237,3,1118.172424
-2.179237,3,1118.243274
-2.247643,3,1118.289514
-3.31144,4,1118.356402
-2.166128,3,1118.40073
-2.24782,3,1118.449297
-1.112956,2,1118.476862
-1.11373,2,1118.517913
-2.195163,3,1118.564683
-3.323425,4,1118.65509
-2.206656,3,1118.751256
-1.075836,2,1118.805767
-1.119936,2,1118.850338
-1.1189,2,1118.89103
-3.308822,4,1118.970831
-2.204915,3,1119.036602
-2.263208,3,1119.086766
-3.395375,4,1119.14835
-3.384252,4,1119.207619
-3.405385,4,1119.275725
-2.248523,3,1119.318772
-3.321964,4,1119.379412
-2.237502,3,1119.427705
-1.083588,2,1119.462381
-1.096552,2,1119.492953
-2.217445,3,1119.541129
-2.186638,3,1119.599787
-3.353288,4,1119.670535
-0.025956,1,1119.684222
-2.204624,3,1119.728868
-2.181873,3,1119.779714
-2.274736,3,1119.835796
-2.257219,3,1119.88404
-2.281811,3,1119.928664
-2.202442,3,1119.976779
-1.125596,2,1120.015831
-2.167755,3,1120.057385
-1.115234,2,1120.088914
-2.258237,3,1120.133705
-0.04573,1,1120.149227
-2.201679,3,1120.196931
-2.207873,3,1120.24315
-3.341963,4,1120.305789
-0.005587,1,1120.329814
-3.314946,4,1120.388041
-3.29259,4,1120.447274
-0.04044,1,1120.46082
-1.118862,2,1120.494869
-1.087519,2,1120.532408
-1.106446,2,1120.563048
-2.233731,3,1120.605663
-2.217262,3,1120.655731
-2.231588,3,1120.69978
-3.316098,4,1120.762364
-0.049835,1,1120.780892
-2.244698,3,1120.835655
-3.33242,4,1120.899736
-1.073037,2,1120.930777
-2.196917,3,1120.978848
-2.207796,3,1121.038537
-0.045712,1,1121.054208
-2.190818,3,1121.102298
-3.357146,4,1121.164883
-0.04993,1,1121.188907
-3.25642,4,1121.24567
-3.29247,4,1121.306756
-2.248763,3,1121.35081
-0.032902,1,1121.368834
-0.048597,1,1121.38486
-2.254407,3,1121.428913
-2.291561,3,1121.482155
-1.145308,2,1121.517706
-2.224772,3,1121.562516
-2.203647,3,1121.604263
-2.198911,3,1121.650264
-1.117179,2,1121.685859
-2.176679,3,1121.727916
-2.209918,3,1121.777859
-2.162623,3,1121.820911
-2.185681,3,1121.869864
-1.093959,2,1121.898849
-2.171791,3,1121.954223
-2.193264,3,1121.996912
-2.239551,3,1122.048847
-2.225135,3,1122.093903
-2.158365,3,1122.138081
-2.179276,3,1122.183258
-1.125966,2,1122.218804
-1.128838,2,1122.24334
-2.231999,3,1122.291075
-1.115311,2,1122.326795
-2.189283,3,1122.376722
-1.086262,2,1122.40676
-2.211979,3,1122.448811
-1.113282,2,1122.478848
-1.132928,2,1122.515901
-1.099274,2,1122.546564
-2.2633,3,1122.593752
-2.25608,3,1122.647817
-1.074786,2,1122.683357
-2.226227,3,1122.73091
-2.216991,3,1122.783212
-0.024348,1,1122.798737
-0.014626,1,1122.824784
-1.123701,2,1122.857818
-1.128653,2,1122.885863
-1.118993,2,1122.915894
-0.033099,1,1122.93322
-2.17075,3,1122.977896
-2.259012,3,1123.024773
-0.009551,1,1123.042289
-2.228615,3,1123.094971
-3.368843,4,1123.155712
-3.312327,4,1123.220022
-2.299411,3,1123.26671
-2.168296,3,1123.320771
-2.233309,3,1123.367834
-3.395209,4,1123.428906
-0.023433,1,1123.44295
-2.257275,3,1123.494637
-2.211082,3,1123.540687
-3.344917,4,1123.603268
-2.186673,3,1123.648819
-1.111737,2,1123.684875
-2.199038,3,1123.733
-3.326402,4,1123.795772
-0.044645,1,1123.813791
-2.26171,3,1123.864899
-2.214631,3,1123.91562
-3.330851,4,1123.975765
-2.225161,3,1124.020813
-2.186359,3,1124.070896
-2.261141,3,1124.116646
-0.034607,1,1124.134671
-2.170809,3,1124.179791
-2.268513,3,1124.234691
-2.229726,3,1124.283117
-2.215932,3,1124.334687
-3.340573,4,1124.398769
-2.182221,3,1124.453841
-2.23521,3,1124.496893
-2.220873,3,1124.544642
-1.137871,2,1124.574349
-3.437969,4,1124.637651
-1.108635,2,1124.670689
-1.093392,2,1124.696722
-3.331348,4,1124.754801
-1.121284,2,1124.799853
-0.029987,1,1124.81488
-2.164702,3,1124.85951
-1.112126,2,1124.887701
-2.178856,3,1124.938764
-2.24501,3,1124.983317
-2.259117,3,1125.035882
-3.303832,4,1125.100695
-3.308319,4,1125.170785
-3.428535,4,1125.230869
-1.138339,2,1125.270101
-1.12874,2,1125.300762
-2.246636,3,1125.357353
-3.345371,4,1125.420043
-2.186234,3,1125.467684
-2.168722,3,1125.509738
-3.314952,4,1125.58885
-1.10896,2,1125.617885
-1.133675,2,1125.649109
-1.110791,2,1125.687716
-1.069865,2,1125.734802
-2.172188,3,1125.80012
-1.123604,2,1125.835721
-3.307845,4,1125.907889
-2.217705,3,1125.965004
-2.181362,3,1126.019729
-2.215186,3,1126.070842
-1.117762,2,1126.104893
-2.233187,3,1126.157633
-1.069448,2,1126.192174
-2.232606,3,1126.242237
-2.194712,3,1126.293857
-2.279372,3,1126.353134
-2.200779,3,1126.408816
-0.010136,1,1126.427834
-2.200024,3,1126.476556
-1.107655,2,1126.51066
-1.131978,2,1126.544708
-1.097331,2,1126.580047
-3.29099,4,1126.645824
-3.366556,4,1126.713014
-2.202134,3,1126.758215
-1.101145,2,1126.793824
-2.187204,3,1126.837874
-1.126592,2,1126.875569
-2.213575,3,1126.925399
-3.302668,4,1126.987675
-0.036389,1,1127.007705
-2.277445,3,1127.063281
-1.105013,2,1127.10394
-0.037302,1,1127.120627
-3.308446,4,1127.19296
-2.269823,3,1127.24913
-2.221329,3,1127.297709
-3.314148,4,1127.359285
-2.171311,3,1127.404849
-3.274343,4,1127.470026
-2.240534,3,1127.51473
-2.255253,3,1127.561288
-3.364374,4,1127.618634
-1.130691,2,1127.666948
-1.111447,2,1127.699043
-1.089666,2,1127.734646
-1.104553,2,1127.770813
-2.222851,3,1127.827892
-1.075839,2,1127.862439
-0.015199,1,1127.876607
-1.094417,2,1127.906139
-1.115834,2,1127.942246
-3.394548,4,1128.002985
-1.069847,2,1128.032113
-2.183457,3,1128.07782
-0.042233,1,1128.097845
-1.09419,2,1128.127883
-2.192084,3,1128.172992
-3.319781,4,1128.230678
-0.04934,1,1128.246702
-2.165142,3,1128.296848
-2.252542,3,1128.342399
-2.218632,3,1128.390621
-3.363991,4,1128.458885
-2.229684,3,1128.505575
-2.242025,3,1128.555143
-1.092761,2,1128.587839
-3.315603,4,1128.661069
-2.222048,3,1128.709733
-3.355648,4,1128.779756
-3.304569,4,1128.849401
-2.252589,3,1128.902209
-3.303407,4,1128.963221
-3.381329,4,1129.02788
-1.078502,2,1129.060547
-3.326937,4,1129.130746
-1.146396,2,1129.165854
-3.445468,4,1129.225668
-2.22226,3,1129.273232
-2.178746,3,1129.324589
-3.388111,4,1129.387017
-0.022771,1,1129.40668
-2.239971,3,1129.452403
-1.117744,2,1129.492206
-2.255812,3,1129.539767
-2.182258,3,1129.583404
-2.213127,3,1129.635703
-2.242934,3,1129.683137
-1.076315,2,1129.71868
-3.359406,4,1129.78404
-2.285062,3,1129.830845
-3.406215,4,1129.896061
-2.218756,3,1129.947671
-1.071189,2,1129.982183
-2.247199,3,1130.027743
-3.386933,4,1130.092369
-1.104308,2,1130.120902
-2.226207,3,1130.172238
-2.258021,3,1130.217802
-2.178403,3,1130.266362
-3.294656,4,1130.322173
-2.23666,3,1130.367816
-2.24657,3,1130.413884
-2.220404,3,1130.461092
-0.011734,1,1130.478743
-3.296982,4,1130.539823
-3.270234,4,1130.604079
-3.340869,4,1130.67104
-1.121249,2,1130.712167
-1.095166,2,1130.742205
-2.226056,3,1130.789585
-2.248542,3,1130.839845
-1.071684,2,1130.869935
-2.252828,3,1130.915771
-1.133647,2,1130.949308
-2.260066,3,1130.999654
-0.019645,1,1131.010662
-2.280498,3,1131.057229
-0.017804,1,1131.070858
-0.047426,1,1131.086881
-1.090401,2,1131.119109
-1.093484,2,1131.15791
-1.119393,2,1131.193249
-0.002613,1,1131.21378
-3.333355,4,1131.27962
-3.414999,4,1131.343702
-1.112937,2,1131.38
-0.03633,1,1131.396055
-2.216028,3,1131.445781
-2.260537,3,1131.490912
-1.136654,2,1131.520584
-2.248742,3,1131.573601
-2.261633,3,1131.619656
-2.17898,3,1131.664806
-2.211691,3,1131.72589
-0.034295,1,1131.744498
-3.290296,4,1131.81668
-1.084492,2,1131.846717
-1.102631,2,1131.876798
-1.109187,2,1131.913347
-2.247635,3,1131.958964
-1.091269,2,1131.992277
-1.086551,2,1132.024822
-2.238587,3,1132.072936
-1.08409,2,1132.108617
-2.185351,3,1132.154185
-2.158628,3,1132.196779
-2.162839,3,1132.251541
-2.24821,3,1132.295458
-2.246719,3,1132.344087
-2.169195,3,1132.392181
-1.100577,2,1132.428732
-2.283305,3,1132.476864
-3.393369,4,1132.538639
-3.386781,4,1132.603288
-3.330238,4,1132.674976
-3.29244,4,1132.734824
-2.16842,3,1132.785602
-1.123677,2,1132.819637
-1.11682,2,1132.859811
-1.069096,2,1132.890622
-2.227959,3,1132.934292
-2.199518,3,1132.985465
-1.133778,2,1133.021011
-1.129722,2,1133.050189
-0.013796,1,1133.063207
-2.224755,3,1133.110851
-1.148535,2,1133.15242
-2.229491,3,1133.20224
-2.193158,3,1133.251301
-3.355922,4,1133.312401
-1.082059,2,1133.351228
-2.258142,3,1133.393345
-2.194544,3,1133.44597
-2.23151,3,1133.491061
-2.210098,3,1133.54673
-3.313206,4,1133.616733
-2.238956,3,1133.673358
-2.250773,3,1133.716914
-2.194852,3,1133.768851
-0.036154,1,1133.788876
-0.044082,1,1133.805901
-2.179749,3,1133.854892
-3.31114,4,1133.916663
-1.115354,2,1133.946694
-2.244306,3,1133.997883
-2.2283,3,1134.044605
-2.207055,3,1134.102355
-2.26848,3,1134.152936
-1.136883,2,1134.182118
-2.190484,3,1134.234234
-2.269395,3,1134.296593
-1.099132,2,1134.32663
-1.115069,2,1134.357177
-1.128844,2,1134.389801
-3.305815,4,1134.457398
-1.076322,2,1134.488001
-3.274565,4,1134.547848
-1.08307,2,1134.578085
-1.113423,2,1134.613719
-2.256106,3,1134.665837
-2.250252,3,1134.713898
-3.305462,4,1134.777662
-2.236727,3,1134.83073
-2.248605,3,1134.880789
-3.317532,4,1134.944879
-3.314911,4,1135.010641
-0.047778,1,1135.026668
-1.117354,2,1135.062204
-1.127385,2,1135.093248
-3.327682,4,1135.149816
-3.393353,4,1135.226573
-2.211786,3,1135.270697
-2.173933,3,1135.318759
-2.21942,3,1135.367823
-1.123821,2,1135.399859
-2.239296,3,1135.446925
-3.312854,4,1135.508721
-2.267547,3,1135.554782
-2.244893,3,1135.602326
-1.13351,2,1135.63987
-3.284971,4,1135.704022
-3.312786,4,1135.76686
-2.169401,3,1135.826662
-0.028025,1,1135.842175
-2.268967,3,1135.892244
-2.203634,3,1135.940696
-3.29487,4,1136.007702
-1.1065,2,1136.037737
-3.328886,4,1136.103317
-2.198377,3,1136.147874
-3.338446,4,1136.21377
-1.131009,2,1136.243302
-2.155664,3,1136.290851
-3.335612,4,1136.351454
-2.15179,3,1136.400559
-2.211673,3,1136.446693
-3.279998,4,1136.507804
-2.203547,3,1136.555379
-1.14005,2,1136.593669
-3.297861,4,1136.654256
-0.036206,1,1136.671272
-3.372221,4,1136.740567
-3.340886,4,1136.820808
-2.205676,3,1136.86646
-1.114285,2,1136.896059
-2.244567,3,1136.940778
-2.245442,3,1136.99948
-2.164101,3,1137.044673
-1.077525,2,1137.080796
-2.262838,3,1137.126853
-1.118508,2,1137.162895
-2.227067,3,1137.217712
-2.273299,3,1137.269276
-2.254998,3,1137.324013
-3.406874,4,1137.405798
-0.013184,1,1137.424827
-2.159787,3,1137.469991
-2.186103,3,1137.514881
-2.222646,3,1137.564529
-1.141676,2,1137.598808
-2.243445,3,1137.644867
-1.139443,2,1137.674901
-2.213418,3,1137.727076
-2.222778,3,1137.774854
-3.341936,4,1137.845652
-0.006782,1,1137.860664
-2.16085,3,1137.91574
-1.08173,2,1137.946784
-1.096939,2,1137.975821
-3.333959,4,1138.042943
-3.269705,4,1138.112293
-1.122727,2,1138.145844
-3.366865,4,1138.206854
-2.206286,3,1138.251904
-0.046109,1,1138.273031
-3.411361,4,1138.333314
-2.224385,3,1138.38237
-1.125109,2,1138.413408
-3.318127,4,1138.480721
-3.43098,4,1138.538796
-2.238475,3,1138.586856
-1.073658,2,1138.617893
-3.314185,4,1138.681516
-3.303793,4,1138.745741
-2.213965,3,1138.796808
-1.081673,2,1138.826846
-3.348881,4,1138.892479
-1.139035,2,1138.922162
-2.209651,3,1138.970723
-1.103955,2,1139.002167
-2.23765,3,1139.054775
-2.16839,3,1139.102324
-3.389312,4,1139.164177
-1.098516,2,1139.193748
-1.093235,2,1139.233796
-1.097415,2,1139.267833
-3.311872,4,1139.330007
-3.285565,4,1139.386661
-3.353015,4,1139.447736
-3.400708,4,1139.512312
-0.047047,1,1139.527831
-1.112538,2,1139.556871
-2.23033,3,1139.606994
-2.251227,3,1139.645749
-1.068814,2,1139.680785
-2.158804,3,1139.735861
-1.094683,2,1139.7709
-2.2322,3,1139.828779
-3.31355,4,1139.885849
-1.076353,2,1139.916883
-2.267911,3,1139.967738
-1.118248,2,1139.998773
-1.080414,2,1140.032311
-2.272965,3,1140.074875
-2.182308,3,1140.128501
-0.025051,1,1140.143031
-1.07528,2,1140.172319
-2.211453,3,1140.217877
-2.171155,3,1140.273756
-0.048224,1,1140.288275
-3.302859,4,1140.352973
-3.373536,4,1140.41471
-1.105969,2,1140.459286
-2.253622,3,1140.513167
-2.180408,3,1140.564807
-2.2046,3,1140.609861
-2.263014,3,1140.66462
-2.230684,3,1140.710681
-2.1719,3,1140.756745
-1.130106,2,1140.786783
-3.382673,4,1140.86088
-2.194747,3,1140.900562
-1.097564,2,1140.935717
-3.371063,4,1140.994793
-2.169131,3,1141.052368
-0.036537,1,1141.067891
-1.134705,2,1141.099936
-2.215218,3,1141.143735
-0.048347,1,1141.163764
-3.324602,4,1141.224838
-1.105857,2,1141.259874
-3.323051,4,1141.320669
-2.159559,3,1141.369227
-1.078844,2,1141.400815
-0.020551,1,1141.413841
-1.104413,2,1141.446881
-1.137644,2,1141.480002
-2.232637,3,1141.526856
-2.175342,3,1141.576431
-2.211984,3,1141.62405
-0.022945,1,1141.644671
-3.359978,4,1141.706747
-2.231394,3,1141.750791
-0.011826,1,1141.770819
-2.232749,3,1141.827899
-0.036952,1,1141.845931
-3.401306,4,1141.907804
-1.095628,2,1141.937841
-2.260654,3,1141.987773
-0.042262,1,1142.007761
-2.237404,3,1142.053316
-3.308018,4,1142.113686
-1.139407,2,1142.149729
-2.217874,3,1142.195843
-3.435459,4,1142.259414
-2.281996,3,1142.305686
-2.22373,3,1142.359253
-0.029514,1,1142.3742
-0.039429,1,1142.387778
-2.268272,3,1142.438835
-1.128378,2,1142.474613
-0.029715,1,1142.490629
-2.17973,3,1142.535694
-1.127353,2,1142.569795
-0.013176,1,1142.585819
-0.04265,1,1142.604846
-1.12257,2,1142.638094
-2.255478,3,1142.686781
-3.36508,4,1142.757375
-1.112694,2,1142.79141
-3.325199,4,1142.85886
-2.21153,3,1142.908477
-2.210258,3,1142.955768
-1.081924,2,1142.984861
-0.026972,1,1143.000878
-2.219703,3,1143.042966
-1.08417,2,1143.084795
-1.135374,2,1143.120836
-3.404289,4,1143.179487
-3.316954,4,1143.245744
-2.191678,3,1143.297891
-2.210579,3,1143.345679
-3.295311,4,1143.405826
-2.258282,3,1143.449871
-3.282607,4,1143.513186
-3.346214,4,1143.572396
-2.277255,3,1143.617656
-2.231832,3,1143.663215
-2.265214,3,1143.709846
-2.187355,3,1143.758414
-2.170445,3,1143.814916
-1.070197,2,1143.855979
-1.092537,2,1143.896642
-0.036561,1,1143.910655
-1.103896,2,1143.940696
-0.02125,1,1143.955718
-0.032173,1,1143.976872
-0.03702,1,1143.990889
-1.078479,2,1144.023949
-2.157711,3,1144.070251
-2.177671,3,1144.122139
-2.23924,3,1144.167203
-2.167115,3,1144.210869
-2.170792,3,1144.253932
-2.249975,3,1144.310622
-1.126517,2,1144.344668
-2.182428,3,1144.398811
-2.276543,3,1144.446876
-2.189671,3,1144.497018
-3.349881,4,1144.556645
-0.023033,1,1144.572228
-1.107711,2,1144.602273
-3.315939,4,1144.663355
-1.105128,2,1144.698613
-2.165999,3,1144.745674
-2.216314,3,1144.792344
-3.316177,4,1144.867713
-1.077896,2,1144.898753
-3.363863,4,1144.967991
-2.187131,3,1145.014671
-1.118831,2,1145.049709
-1.094521,2,1145.080855
-1.087662,2,1145.108895
-3.335985,4,1145.170746
-2.26111,3,1145.219812
-1.093763,2,1145.249848
-1.139856,2,1145.280971
-3.344753,4,1145.350701
-0.029135,1,1145.369237
-2.164223,3,1145.420895
-2.213721,3,1145.460532
-2.259652,3,1145.513767
-0.031927,1,1145.533287
-3.333117,4,1145.594037
-1.111001,2,1145.626714
-2.231993,3,1145.669271
-2.190136,3,1145.718544
-2.226409,3,1145.762669
-1.12556,2,1145.790811
-2.196579,3,1145.849899
-2.199437,3,1145.908671
-2.27251,3,1145.954538
-3.330507,4,1146.01432
-3.332036,4,1146.076551
-3.293761,4,1146.144317
-2.23075,3,1146.189558
-2.18018,3,1146.239749
-2.201713,3,1146.284857
-3.355621,4,1146.349996
-2.210516,3,1146.398827
-0.026063,1,1146.414853
-3.307826,4,1146.477974
-2.19938,3,1146.530653
-2.235469,3,1146.577781
-2.219877,3,1146.622333
-1.09672,2,1146.649868
-2.214339,3,1146.703092
-2.256623,3,1146.745748
-1.143569,2,1146.779045
-2.188122,3,1146.828708
-2.206638,3,1146.884449
-2.188448,3,1146.929904
-2.219775,3,1146.976909
-2.26198,3,1147.024654
-2.231535,3,1147.070857
-2.164396,3,1147.12093
-2.214382,3,1147.170771
-1.118682,2,1147.198808
-0.018635,1,1147.215838
-2.203163,3,1147.267416
-3.401944,4,1147.334256
-2.199077,3,1147.389855
-2.242104,3,1147.439923
-0.045363,1,1147.467868
-3.332296,4,1147.552238
-2.227561,3,1147.608939
-3.329806,4,1147.679912
-1.098975,2,1147.711543
-3.292642,4,1147.777161
-1.109101,2,1147.814733
-2.232207,3,1147.870302
-3.286054,4,1147.932186
-2.254548,3,1147.978783
-2.174109,3,1148.030841
-3.39114,4,1148.111587
-3.351688,4,1148.172265
-2.232494,3,1148.213821
-1.087756,2,1148.245866
-2.261363,3,1148.298746
-2.242523,3,1148.349807
-3.285153,4,1148.412922
-2.236536,3,1148.463823
-2.235571,3,1148.518903
-2.17364,3,1148.564233
-0.017668,1,1148.578778
-2.201081,3,1148.622213
-0.010424,1,1148.640734
-3.294439,4,1148.69683
-2.202921,3,1148.743884
-2.28765,3,1148.792539
-3.308061,4,1148.867345
-1.069804,2,1148.905056
-1.10627,2,1148.938638
-2.172931,3,1148.990784
-1.117257,2,1149.02984
-2.27089,3,1149.070906
-0.041634,1,1149.08647
-2.224526,3,1149.134722
-2.219518,3,1149.192953
-0.047715,1,1149.211089
-1.125616,2,1149.243799
-2.168749,3,1149.295915
-1.0685,2,1149.368894
-1.098502,2,1149.432324
-2.211563,3,1149.497782
-1.125229,2,1149.536842
-1.123948,2,1149.582957
-2.261868,3,1149.64324
-2.160682,3,1149.708848
-2.239742,3,1149.768622
-2.238805,3,1149.864313
-1.100755,2,1149.927877
-2.173534,3,1150.008681
-2.186241,3,1150.069783
-1.071784,2,1150.114379
-3.280144,4,1150.178693
-1.098657,2,1150.234357
-1.109424,2,1150.268884
-2.174694,3,1150.326645
-2.178385,3,1150.373954
-3.365962,4,1150.439691
-1.091404,2,1150.470232
-1.118086,2,1150.505865
-0.034963,1,1150.523384
-3.343245,4,1150.585702
-2.277457,3,1150.632257
-3.30779,4,1150.704897
-2.189027,3,1150.751091
-2.210947,3,1150.794716
-2.24665,3,1150.852281
-2.221944,3,1150.906872
-3.272331,4,1150.962986
-3.396203,4,1151.025658
-2.178659,3,1151.071208
-2.261177,3,1151.123384
-2.193096,3,1151.167128
-1.10209,2,1151.195726
-0.042511,1,1151.21224
-2.186969,3,1151.264873
-2.189731,3,1151.316086
-1.081818,2,1151.350775
-3.312038,4,1151.410949
-3.302005,4,1151.476832
-2.176744,3,1151.523887
-0.037339,1,1151.538904
-2.205133,3,1151.586643
-2.254704,3,1151.642212
-3.330491,4,1151.702289
-2.204165,3,1151.74585
-2.218845,3,1151.7899
-2.233727,3,1151.849674
-3.300714,4,1151.915854
-1.109832,2,1151.947893
-1.122969,2,1151.980042
-2.17135,3,1152.033373
-2.211512,3,1152.075196
-2.216084,3,1152.117644
-3.372491,4,1152.18222
-1.135166,2,1152.215796
-3.272411,4,1152.274009
-3.314909,4,1152.33778
-2.243445,3,1152.385055
-3.412025,4,1152.446813
-2.204374,3,1152.492451
-0.007188,1,1152.509577
-3.320881,4,1152.567935
-2.252857,3,1152.618623
-0.031248,1,1152.633643
-2.217727,3,1152.679812
-2.17844,3,1152.724329
-1.076063,2,1152.758924
-2.175763,3,1152.803806
-1.133071,2,1152.844869
-2.224216,3,1152.894634
-2.23515,3,1152.959706
-2.25422,3,1153.011273
-2.285491,3,1153.062369
-2.241176,3,1153.112986
-2.203909,3,1153.164379
-3.301609,4,1153.224483
-0.047772,1,1153.240997
-2.175021,3,1153.294732
-3.330663,4,1153.374376
-2.205094,3,1153.420886
-2.178062,3,1153.468659
-3.478384,4,1153.533745
-0.033815,1,1153.552267
-1.111606,2,1153.584817
-3.317518,4,1153.645892
-0.046859,1,1153.660904
-1.13514,2,1153.699632
-2.193316,3,1153.74469
-2.233923,3,1153.78877
-2.21574,3,1153.843851
-1.114648,2,1153.881064
-2.287928,3,1153.928685
-3.320533,4,1153.987757
-2.225933,3,1154.037822
-2.218614,3,1154.085884
-2.188284,3,1154.133031
-2.223657,3,1154.179744
-2.166823,3,1154.224325
-3.294693,4,1154.299897
-3.283992,4,1154.359674
-0.012311,1,1154.374699
-2.216293,3,1154.420753
-2.24375,3,1154.484422
-0.038613,1,1154.499855
-2.230581,3,1154.542936
-3.347032,4,1154.609799
-2.264517,3,1154.660865
-3.351391,4,1154.727686
-2.244649,3,1154.778768
-2.214993,3,1154.833846
-1.111887,2,1154.870932
-1.142999,2,1154.9011
-0.012138,1,1154.915693
-3.357982,4,1154.979879
-2.18057,3,1155.032113
-2.187693,3,1155.073286
-2.162066,3,1155.116847
-2.232168,3,1155.164989
-1.099848,2,1155.196692
-2.174607,3,1155.247762
-2.25033,3,1155.2964
-3.291123,4,1155.360663
-3.328342,4,1155.428751
-1.147043,2,1155.464811
-2.181812,3,1155.510865
-2.255503,3,1155.556764
-2.224494,3,1155.608861
-2.274583,3,1155.650914
-1.118569,2,1155.680604
-3.280502,4,1155.740682
-2.160616,3,1155.797164
-2.233281,3,1155.86574
-1.137053,2,1155.900916
-1.101745,2,1155.934197
-3.345527,4,1156.013209
-2.255683,3,1156.060764
-2.246293,3,1156.110726
-3.303071,4,1156.175881
-3.376227,4,1156.254674
-2.281819,3,1156.300784
-3.322384,4,1156.376973
-2.173569,3,1156.423185
-2.176798,3,1156.478833
-1.112664,2,1156.514883
-3.288491,4,1156.586785
-2.230263,3,1156.630071
-1.081485,2,1156.666827
-3.44332,4,1156.729865
-2.265409,3,1156.77422
-2.263607,3,1156.82234
-0.032069,1,1156.844876
-2.180996,3,1156.896583
-2.165005,3,1156.942281
-1.118426,2,1156.972822
-0.047962,1,1156.99294
-3.378674,4,1157.055829
-0.006275,1,1157.069876
-1.123274,2,1157.102922
-0.008316,1,1157.121025
-2.279735,3,1157.164674
-1.105555,2,1157.19558
-0.04065,1,1157.210089
-3.310891,4,1157.2732
-2.217698,3,1157.317849
-3.388969,4,1157.379927
-2.264737,3,1157.424548
-3.313326,4,1157.492474
-3.317592,4,1157.569469
-0.026787,1,1157.585071
-1.107072,2,1157.615806
-3.383134,4,1157.700973
-2.174727,3,1157.748773
-2.268816,3,1157.804905
-1.145308,2,1157.843019
-2.248454,3,1157.906847
-3.340072,4,1157.968023
-1.110835,2,1158.000146
-3.327729,4,1158.056758
-2.177539,3,1158.099876
-3.395237,4,1158.164133
-2.172269,3,1158.212376
-3.319333,4,1158.274855
-3.382299,4,1158.339929
-1.131313,2,1158.374197
-1.136526,2,1158.402513
-1.105523,2,1158.432189
-2.257771,3,1158.481012
-2.232185,3,1158.52674
-0.04304,1,1158.542255
-2.220603,3,1158.58688
-2.252663,3,1158.639765
-2.17461,3,1158.683319
-1.120789,2,1158.712895
-1.096079,2,1158.742176
-0.01153,1,1158.76083
-2.231691,3,1158.806395
-3.333132,4,1158.875902
-1.129124,2,1158.911556
-2.18646,3,1158.96791
-3.27831,4,1159.026679
-0.014508,1,1159.044701
-2.232873,3,1159.093405
-2.206124,3,1159.143742
-1.099277,2,1159.174282
-2.203635,3,1159.223081
-2.216938,3,1159.268186
-0.042865,1,1159.290226
-2.20663,3,1159.337794
-1.112907,2,1159.367335
-3.416337,4,1159.430979
-0.013936,1,1159.447068
-1.1207,2,1159.483893
-1.134389,2,1159.512647
-2.210775,3,1159.554854
-2.223908,3,1159.603129
-2.170146,3,1159.647728
-2.202848,3,1159.694837
-2.175583,3,1159.740412
-2.266166,3,1159.793078
-1.098717,2,1159.822303
-1.098145,2,1159.862867
-2.235637,3,1159.907682
-3.336825,4,1159.980279
-2.211425,3,1160.024629
-3.401107,4,1160.085844
-2.161124,3,1160.135904
-2.16723,3,1160.188601
-1.118471,2,1160.217641
-2.218488,3,1160.260683
-2.189584,3,1160.30681
-3.329974,4,1160.369392
-3.366006,4,1160.432341
-2.214267,3,1160.475984
-1.120715,2,1160.509847
-3.305704,4,1160.578095
-3.353435,4,1160.637822
-3.295223,4,1160.695963
-1.13521,2,1160.730708
-1.086972,2,1160.769261
-0.044187,1,1160.783841
-3.293507,4,1160.837902
-2.231518,3,1160.887872
-1.14026,2,1160.925744
-3.291823,4,1160.987151
-2.209003,3,1161.030792
-2.268715,3,1161.077944
-1.098989,2,1161.110779
-3.400009,4,1161.175375
-2.266181,3,1161.220093
-1.12006,2,1161.25077
-3.359578,4,1161.317764
-0.02658,1,1161.33328
-3.439006,4,1161.393361
-1.125037,2,1161.423682
-2.207129,3,1161.473242
-2.252341,3,1161.5189
-3.319825,4,1161.578199
-2.190718,3,1161.623835
-2.156103,3,1161.670702
-3.373795,4,1161.730769
-0.015606,1,1161.743289
-2.158308,3,1161.788918
-2.240067,3,1161.839647
-0.046415,1,1161.858671
-1.121236,2,1161.896746
-1.096227,2,1161.925786
-1.080329,2,1161.962336
-2.206075,3,1162.00894
-2.254218,3,1162.062171
-3.362289,4,1162.130695
-2.25549,3,1162.184623
-1.078766,2,1162.214664
-3.284923,4,1162.282342
-3.303367,4,1162.343586
-2.260527,3,1162.392303
-3.339557,4,1162.453873
-3.304054,4,1162.510677
-2.269673,3,1162.555733
-1.103547,2,1162.592778
-2.177793,3,1162.634516
-1.098214,2,1162.663762
-2.212301,3,1162.709846
-2.176827,3,1162.757906
-2.195066,3,1162.80685
-3.324836,4,1162.874197
-2.210493,3,1162.924799
-2.214338,3,1162.975367
-0.043772,1,1162.990377
-3.356642,4,1163.055157
-0.047638,1,1163.070425
-3.369992,4,1163.140709
-2.250516,3,1163.183274
-0.036043,1,1163.197802
-3.367525,4,1163.260873
-1.089838,2,1163.296111
-2.268187,3,1163.343763
-2.190691,3,1163.393865
-1.140908,2,1163.422393
-0.026267,1,1163.443954
-0.034822,1,1163.461063
-3.311396,4,1163.524202
-0.046281,1,1163.539764
-3.296407,4,1163.608071
-2.24136,3,1163.6548
-2.249065,3,1163.697095
-2.207641,3,1163.742222
-2.171596,3,1163.792991
-2.211982,3,1163.836634
-2.202072,3,1163.890761
-2.193133,3,1163.932317
-2.247363,3,1163.984275
-2.244577,3,1164.030892
-0.038489,1,1164.044916
-2.243522,3,1164.086724
-3.363779,4,1164.149796
-3.287219,4,1164.210993
-2.243027,3,1164.258751
-3.341908,4,1164.320621
-3.287807,4,1164.389876
-2.207109,3,1164.439004
-2.249104,3,1164.538794
-1.088086,2,1164.592596
-2.24432,3,1164.67437
-1.093668,2,1164.713058
-3.372571,4,1164.778246
-2.215822,3,1164.837896
-2.188675,3,1164.908699
-2.278685,3,1164.960767
-1.103269,2,1164.995879
-2.202283,3,1165.039946
-2.178485,3,1165.086717
-2.18301,3,1165.133776
-3.372476,4,1165.196908
-0.044709,1,1165.217497
-2.277215,3,1165.26929
-3.384798,4,1165.329565
-3.325185,4,1165.388004
-2.201049,3,1165.444664
-1.069359,2,1165.48395
-3.337784,4,1165.548845
-0.040184,1,1165.563864
-2.224871,3,1165.610081
-2.240891,3,1165.675078
-2.251688,3,1165.724737
-2.231715,3,1165.7703
-2.246829,3,1165.815879
-2.213031,3,1165.86802
-0.024553,1,1165.887713
-0.027664,1,1165.900727
-0.046184,1,1165.915755
-0.031335,1,1165.936787
-2.161118,3,1165.987941
-0.014606,1,1166.002985
-3.387736,4,1166.067725
-3.273928,4,1166.135884
-1.107202,2,1166.165934
-3.328237,4,1166.229665
-2.194421,3,1166.27923
-3.339952,4,1166.349878
-0.033033,1,1166.364399
-2.167774,3,1166.408805
-2.211181,3,1166.458868
-2.20221,3,1166.512177
-1.119557,2,1166.542213
-2.219736,3,1166.588787
-2.164089,3,1166.643348
-0.017808,1,1166.65987
-1.149726,2,1166.693918
-1.092116,2,1166.72526
-2.178931,3,1166.773973
-1.126319,2,1166.808656
-1.109416,2,1166.839693
-1.09616,2,1166.87826
-1.120455,2,1166.912359
-3.340465,4,1166.98684
-0.029989,1,1166.999849
-1.09414,2,1167.029887
-1.136045,2,1167.055944
-1.085281,2,1167.087341
-2.180289,3,1167.134604
-2.234518,3,1167.181609
-0.024696,1,1167.196793
-3.344279,4,1167.25877
-1.127102,2,1167.290312
-2.168056,3,1167.335993
-3.362426,4,1167.396824
-3.364023,4,1167.464946
-3.323811,4,1167.52464
-2.272871,3,1167.571202
-3.307499,4,1167.634837
-2.249292,3,1167.696088
-1.09029,2,1167.737762
-1.083631,2,1167.773811
-0.049306,1,1167.794494
-2.187106,3,1167.858943
-1.069814,2,1167.894691
-3.305051,4,1167.983789
-2.23672,3,1168.038857
-1.121082,2,1168.074905
-3.304553,4,1168.134466
-2.177329,3,1168.185027
-3.31976,4,1168.242326
-2.244858,3,1168.298895
-2.234962,3,1168.344395
-2.202907,3,1168.387928
-3.340545,4,1168.44782
-2.169517,3,1168.498882
-2.250992,3,1168.54409
-1.112471,2,1168.570779
-2.286316,3,1168.617843
-2.18763,3,1168.674776
-1.140458,2,1168.705816
-1.072936,2,1168.735862
-3.408552,4,1168.789931
-1.07691,2,1168.836688
-2.275121,3,1168.891016
-1.085303,2,1168.921073
-2.214392,3,1168.966769
-0.029289,1,1168.992303
-3.275492,4,1169.054888
-2.270808,3,1169.103662
-0.038547,1,1169.118677
-2.276041,3,1169.17325
-3.314471,4,1169.233827
-2.265132,3,1169.282882
-2.152103,3,1169.328745
-0.040949,1,1169.354528
-2.174543,3,1169.399247
-2.189612,3,1169.443844
-2.173345,3,1169.499933
-3.294041,4,1169.563222
-3.393006,4,1169.624752
-3.314292,4,1169.68483
-3.408497,4,1169.748892
-1.087303,2,1169.780982
-0.038216,1,1169.793063
-0.037453,1,1169.810601
-2.242131,3,1169.853311
-1.132765,2,1169.894871
-2.222935,3,1169.940929
-1.080985,2,1169.969678
-1.09777,2,1170.000723
-2.167902,3,1170.054798
-3.289839,4,1170.117876
-2.201343,3,1170.162962
-3.310312,4,1170.22384
-2.210109,3,1170.280669
-2.181994,3,1170.330731
-2.2253,3,1170.375909
-2.253681,3,1170.575343
-1.076036,2,1170.613039
-2.224067,3,1170.658683
-0.012648,1,1170.669693
-2.243084,3,1170.717782
-3.321978,4,1170.776356
-2.181202,3,1170.822554
-1.096557,2,1170.852305
-3.380825,4,1170.924046
-3.341865,4,1170.993894
-2.169252,3,1171.039603
-2.182417,3,1171.086733
-1.137902,2,1171.117769
-2.181065,3,1171.165835
-2.186469,3,1171.21062
-2.297943,3,1171.262185
-2.160216,3,1171.306885
-2.218978,3,1171.358587
-1.142848,2,1171.385637
-2.175155,3,1171.433693
-3.320277,4,1171.497853
-2.215681,3,1171.552447
-3.332329,4,1171.61684
-2.21166,3,1171.664906
-1.134149,2,1171.697626
-0.028744,1,1171.714651
-2.258939,3,1171.760695
-1.065849,2,1171.790732
-2.262771,3,1171.83433
-2.251815,3,1171.898771
-1.098471,2,1171.930803
-2.199179,3,1171.97703
-3.367272,4,1172.042332
-0.030283,1,1172.059853
-0.008835,1,1172.079385
-2.268726,3,1172.124751
-3.356801,4,1172.182822
-2.200479,3,1172.228772
-0.023526,1,1172.243793
-1.062999,2,1172.272331
-3.339128,4,1172.33876
-3.36952,4,1172.413886
-3.385996,4,1172.479134
-2.230816,3,1172.523824
-1.10468,2,1172.558361
-1.112804,2,1172.595737
-1.102662,2,1172.626778
-2.18485,3,1172.671331
-1.128125,2,1172.698896
-1.091965,2,1172.735663
-0.033196,1,1172.750676
-2.237841,3,1172.797783
-2.254599,3,1172.840831
-3.369664,4,1172.912934
-2.267372,3,1172.959677
-3.286961,4,1173.024214
-3.378412,4,1173.08435
-3.355175,4,1173.148669
-2.270969,3,1173.194858
-3.353956,4,1173.259668
-2.245683,3,1173.306957
-2.187511,3,1173.359741
-2.212619,3,1173.403814
-1.092106,2,1173.435855
-2.251604,3,1173.477473
-2.244878,3,1173.534744
-3.296658,4,1173.590894
-3.336901,4,1173.654665
-2.236634,3,1173.697958
-2.222626,3,1173.746704
-0.040807,1,1173.760718
-2.241003,3,1173.805847
-2.210636,3,1173.858915
-1.136687,2,1173.898705
-2.178153,3,1173.944506
-0.029782,1,1173.962285
-3.326851,4,1174.026874
-2.2582,3,1174.076042
-2.181575,3,1174.116716
-3.316687,4,1174.176843
-2.251053,3,1174.220888
-2.243511,3,1174.265925
-1.081215,2,1174.297071
-2.235556,3,1174.343692
-2.259051,3,1174.398777
-3.302544,4,1174.459856
-2.183668,3,1174.508938
-3.318373,4,1174.572153
-1.131835,2,1174.607698
-2.270936,3,1174.662265
-2.231769,3,1174.707825
-0.048999,1,1174.724189
-1.088075,2,1174.757899
-1.093447,2,1174.791088
-2.184862,3,1174.835896
-2.182234,3,1174.883828
-2.206807,3,1174.933886
-1.112263,2,1174.973876
-3.313991,4,1175.038829
-1.089264,2,1175.071216
-3.304112,4,1175.130774
-3.305486,4,1175.196857
-2.157107,3,1175.239908
-1.089282,2,1175.270655
-2.174324,3,1175.315721
-2.160351,3,1175.36579
-3.283663,4,1175.429877
-3.332709,4,1175.490676
-2.198795,3,1175.536736
-2.279031,3,1175.589801
-1.118035,2,1175.618839
-0.045349,1,1175.633865
-2.266901,3,1175.680923
-2.213675,3,1175.735691
-3.309633,4,1175.796767
-2.224974,3,1175.845833
-1.079053,2,1175.876868
-3.313378,4,1175.950645
-1.135827,2,1175.980187
-2.231263,3,1176.036695
-1.11252,2,1176.070734
-2.270603,3,1176.12681
-3.322881,4,1176.186885
-3.329078,4,1176.245635
-1.123236,2,1176.279244
-2.204681,3,1176.326866
-1.089947,2,1176.360907
-1.13521,2,1176.397699
-2.228104,3,1176.442251
-3.342253,4,1176.507832
-1.131801,2,1176.539873
-2.239179,3,1176.58759
-3.310317,4,1176.648702
-2.263747,3,1176.697762
-1.134324,2,1176.727793
-1.080447,2,1176.758828
-3.385554,4,1176.820897
-1.118356,2,1176.852553
-2.211005,3,1176.910691
-1.094924,2,1176.944744
-1.123784,2,1176.977288
-3.323053,4,1177.066746
-2.159208,3,1177.115698
-2.199307,3,1177.167769
-1.110143,2,1177.198864
-2.251423,3,1177.250605
-3.313085,4,1177.310737
-3.372719,4,1177.374958
-3.298846,4,1177.433667
-3.340213,4,1177.497842
-1.095769,2,1177.53088
-2.2757,3,1177.574625
-3.303377,4,1177.634334
-2.173462,3,1177.690779
-2.165677,3,1177.735839
-1.138301,2,1177.765876
-1.090995,2,1177.800916
-1.124143,2,1177.836735
-1.129394,2,1177.867771
-3.357924,4,1177.944419
-1.069891,2,1177.978229
-2.220554,3,1178.040884
-1.13773,2,1178.078263
-1.133844,2,1178.11129
-3.310664,4,1178.174017
-2.23063,3,1178.23069
-2.165361,3,1178.274783
-2.23002,3,1178.323117
-0.049441,1,1178.342139
-1.129085,2,1178.38622
-0.02763,1,1178.405248
-3.285366,4,1178.470871
-1.122053,2,1178.499914
-3.331303,4,1178.570769
-1.086162,2,1178.602387
-0.020951,1,1178.616905
-2.278241,3,1178.670655
-3.358322,4,1178.736243
-2.252141,3,1178.781369
-3.393199,4,1178.846658
-2.265376,3,1178.897846
-3.322292,4,1178.975605
-1.124488,2,1179.00872
-2.279826,3,1179.059782
-1.069439,2,1179.086936
-3.340096,4,1179.158674
-1.115593,2,1179.187856
-3.363562,4,1179.246935
-1.087482,2,1179.275788
-2.249545,3,1179.329868
-2.181917,3,1179.373962
-1.075084,2,1179.402155
-0.025861,1,1179.418193
-0.036788,1,1179.439721
-1.105957,2,1179.470769
-1.09242,2,1179.499896
-2.249043,3,1179.550609
-3.330648,4,1179.620754
-2.217018,3,1179.668814
-1.141795,2,1179.695352
-3.289607,4,1179.760831
-0.031584,1,1179.782863
-0.014722,1,1179.799932
-0.023229,1,1179.823087
-2.25884,3,1179.874802
-1.101066,2,1179.914869
-2.168894,3,1179.965618
-1.114141,2,1179.99265
-3.318275,4,1180.054869
-1.122072,2,1180.088416
-2.167461,3,1180.132143
-2.235321,3,1180.175697
-2.156478,3,1180.222431
-3.321074,4,1180.287269
-2.223304,3,1180.330842
-2.207739,3,1180.375908
-2.208963,3,1180.425657
-2.206531,3,1180.476724
-0.046725,1,1180.492255
-2.214321,3,1180.544827
-1.078308,2,1180.570853
-2.202064,3,1180.626987
-2.238312,3,1180.674649
-1.086016,2,1180.704464
-3.28018,4,1180.764807
-3.383917,4,1180.82211
-1.129715,2,1180.856659
-2.254067,3,1180.897798
-2.224054,3,1180.954871
-3.406212,4,1181.033683
-0.045286,1,1181.0507
-1.140108,2,1181.081249
-3.38661,4,1181.140828
-3.289164,4,1181.203023
-2.241629,3,1181.244752
-2.264694,3,1181.287305
-2.272413,3,1181.33585
-3.386355,4,1181.409725
-3.291466,4,1181.46993
-2.171822,3,1181.519914
-2.174193,3,1181.564765
-3.326946,4,1181.632385
-2.212603,3,1181.680531
-2.258949,3,1181.728666
-2.217685,3,1181.780342
-1.100581,2,1181.812482
-2.192366,3,1181.860644
-2.242164,3,1181.906214
-2.176449,3,1181.955929
-3.341244,4,1182.023244
-0.036749,1,1182.039764
-0.035782,1,1182.055794
-3.305996,4,1182.117902
-2.266868,3,1182.173172
-2.193625,3,1182.217705
-1.105914,2,1182.245739
-1.12774,2,1182.282283
-0.005245,1,1182.303338
-3.326066,4,1182.364102
-0.030114,1,1182.378706
-3.32003,4,1182.442343
-2.171081,3,1182.496585
-3.275782,4,1182.562286
-1.134991,2,1182.59803
-1.115687,2,1182.627156
-3.30845,4,1182.693351
-2.206395,3,1182.73889
-1.099471,2,1182.764962
-1.083004,2,1182.794687
-1.091787,2,1182.83674
-2.242607,3,1182.884301
-0.04961,1,1182.898815
-1.121975,2,1182.933872
-0.029514,1,1182.954904
-2.201796,3,1183.007689
-2.235423,3,1183.056756
-1.096772,2,1183.086298
-2.185103,3,1183.134877
-2.205819,3,1183.180965
-1.079682,2,1183.211226
-1.123258,2,1183.24077
-2.229854,3,1183.292972
-2.176521,3,1183.337097
-1.076645,2,1183.372282
-2.211348,3,1183.414588
-2.303843,3,1183.467655
-0.032348,1,1183.484192
-0.023007,1,1183.496204
-3.409708,4,1183.563329
-1.081998,2,1183.598012
-1.072878,2,1183.62487
-2.195664,3,1183.667507
-1.140666,2,1183.697602
-0.048531,1,1183.716624
-4.548956,5,1183.790205
-2.22188,3,1183.837813
-2.272301,3,1183.883381
-2.275474,3,1183.937732
-2.195312,3,1183.978786
-1.135456,2,1184.010632
-3.360217,4,1184.082304
-2.262975,3,1184.13359
-3.390626,4,1184.198832
-3.33242,4,1184.258824
-1.118534,2,1184.29
-1.095308,2,1184.322141
-3.327963,4,1184.392228
-2.181111,3,1184.443839
-2.271847,3,1184.492393
-3.333881,4,1184.560758
-0.032817,1,1184.573781
-2.245631,3,1184.617909
-1.101759,2,1184.649634
-3.339278,4,1184.712235
-2.257105,3,1184.757796
-0.009905,1,1184.775824
-3.353246,4,1184.837614
-3.359884,4,1184.906793
-2.230259,3,1184.950846
-2.241814,3,1184.99441
-1.119236,2,1185.026741
-0.047127,1,1185.046768
-3.369818,4,1185.104883
-2.226777,3,1185.148515
-2.2357,3,1185.192384
-2.274387,3,1185.249659
-2.251574,3,1185.291215
-3.317411,4,1185.377799
-3.42398,4,1185.454685
-2.20482,3,1185.506785
-0.014749,1,1185.523304
-2.195807,3,1185.577881
-3.316343,4,1185.643801
-0.042128,1,1185.666829
-2.249185,3,1185.717633
-2.265598,3,1185.769665
-2.250129,3,1185.815762
-0.012584,1,1185.838788
-3.319056,4,1185.904081
-2.200947,3,1185.952261
-2.182314,3,1186.002959
-0.008284,1,1186.029654
-1.136936,2,1186.056688
-1.098839,2,1186.095294
-2.217644,3,1186.149712
-3.359943,4,1186.213896
-2.24404,3,1186.26005
-2.182229,3,1186.304719
-3.394969,4,1186.372296
-2.219466,3,1186.423
-1.15094,2,1186.453625
-1.104874,2,1186.484169
-3.321558,4,1186.542319
-1.142069,2,1186.577873
-3.354055,4,1186.636728
-1.091547,2,1186.669766
-2.190887,3,1186.712539
-1.105467,2,1186.743615
-2.202733,3,1186.788738
-3.300506,4,1186.849808
-1.104443,2,1186.884872
-2.279947,3,1186.935517
-1.103928,2,1186.974719
-1.067228,2,1187.005811
-2.233239,3,1187.050861
-1.123259,2,1187.095989
-2.254127,3,1187.140646
-3.292553,4,1187.199897
-3.334736,4,1187.260713
-0.011867,1,1187.275738
-2.272492,3,1187.327861
-3.389262,4,1187.38562
-3.29772,4,1187.458715
-1.092831,2,1187.495767
-2.199274,3,1187.542197
-0.034489,1,1187.55572
-3.301562,4,1187.628827
-0.046934,1,1187.650857
-1.129947,2,1187.689925
-1.086145,2,1187.720673
-2.222931,3,1187.765735
-2.217883,3,1187.815801
-1.129621,2,1187.844579
-0.043293,1,1187.860853
-3.29094,4,1187.918593
-2.254088,3,1187.975748
-1.116813,2,1188.020809
-2.18059,3,1188.080886
-2.231411,3,1188.130713
-1.106148,2,1188.172269
-2.230787,3,1188.223842
-2.229393,3,1188.269896
-2.204944,3,1188.324825
-2.17758,3,1188.379885
-2.188128,3,1188.424569
-0.03184,1,1188.439074
-2.260365,3,1188.486754
-3.303982,4,1188.553332
-2.18752,3,1188.599887
-2.203391,3,1188.643039
-2.228597,3,1188.688777
-1.092372,2,1188.728828
-1.115626,2,1188.758864
-2.223966,3,1188.80656
-2.246223,3,1188.856085
-2.260215,3,1188.910756
-2.223424,3,1188.956825
-3.406397,4,1189.024124
-0.04396,1,1189.038696
-0.030029,1,1189.060721
-0.049252,1,1189.077748
-2.263757,3,1189.1199
-3.292355,4,1189.180116
-2.23531,3,1189.227813
-2.189767,3,1189.273371
-1.123856,2,1189.302908
-1.127556,2,1189.333637
-2.164106,3,1189.386756
-1.118737,2,1189.418797
-3.351262,4,1189.482378
-2.234446,3,1189.529739
-2.1971,3,1189.584318
-1.090194,2,1189.619998
-1.098503,2,1189.64982
-2.184469,3,1189.697953
-2.167482,3,1189.74964
-1.076117,2,1189.777675
-0.042129,1,1189.792696
-2.245295,3,1189.843815
-3.435556,4,1189.910987
-1.109,2,1189.940099
-3.330828,4,1190.006511
-2.183741,3,1190.055671
-2.268039,3,1190.109802
-3.285783,4,1190.175893
-2.240574,3,1190.220608
-1.072308,2,1190.250642
-2.228118,3,1190.305864
-2.223781,3,1190.353943
-2.26073,3,1190.402285
-2.233506,3,1190.446846
-2.188203,3,1190.500907
-2.248086,3,1190.550703
-2.204867,3,1190.597771
-2.247916,3,1190.642323
-2.227986,3,1190.695895
-1.123085,2,1190.728668
-2.200512,3,1190.773229
-2.256975,3,1190.818785
-3.352463,4,1190.893308
-1.132539,2,1190.927504
-3.324088,4,1190.98985
-3.438798,4,1191.065038
-3.381202,4,1191.138738
-3.351686,4,1191.197811
-0.043441,1,1191.212328
-3.325757,4,1191.273911
-3.349168,4,1191.350699
-2.223522,3,1191.395761
-2.209578,3,1191.440813
-3.30903,4,1191.505898
-0.007909,1,1191.523962
-2.169877,3,1191.572144
-2.200297,3,1191.620707
-0.020751,1,1191.634731
-0.01697,1,1191.653753
-2.174203,3,1191.698805
-0.030942,1,1191.712319
-2.246134,3,1191.75788
-1.107977,2,1191.797503
-2.170161,3,1191.842193
-3.334123,4,1191.900773
-1.11226,2,1191.934823
-1.114534,2,1191.967861
-2.224145,3,1192.023993
-1.082993,2,1192.055727
-2.195155,3,1192.100776
-3.319214,4,1192.169913
-0.047925,1,1192.187508
-2.243344,3,1192.233192
-3.289213,4,1192.297872
-2.254954,3,1192.345062
-1.083351,2,1192.374651
-1.080594,2,1192.403387
-0.044485,1,1192.417923
-2.232504,3,1192.470635
-3.343443,4,1192.529717
-2.218994,3,1192.576781
-1.106131,2,1192.603817
-2.233857,3,1192.656888
-1.12791,2,1192.690454
-1.145023,2,1192.720561
-0.007781,1,1192.736746
-2.276066,3,1192.788808
-2.222018,3,1192.834286
-2.248691,3,1192.878854
-2.19235,3,1192.928243
-0.026937,1,1192.945263
-2.239865,3,1192.998665
-1.114299,2,1193.034577
-2.182236,3,1193.078766
-2.16634,3,1193.134843
-1.080022,2,1193.166884
-2.223819,3,1193.213052
-2.257679,3,1193.259723
-2.19684,3,1193.308812
-3.420569,4,1193.374897
-1.100947,2,1193.406047
-1.134954,2,1193.433094
-3.378757,4,1193.501209
-3.29637,4,1193.565804
-3.352003,4,1193.626889
-2.24716,3,1193.673047
-2.270019,3,1193.723222
-2.242321,3,1193.767779
-2.267701,3,1193.812335
-1.116668,2,1193.843879
-0.027756,1,1193.86391
-2.166953,3,1193.908747
-2.221003,3,1193.950789
-3.357407,4,1194.019887
-2.216903,3,1194.068694
-1.082298,2,1194.102235
-2.242175,3,1194.14784
-2.218923,3,1194.193878
-2.161986,3,1194.253671
-2.195748,3,1194.299757
-3.289957,4,1194.366839
-2.212114,3,1194.416402
-2.235417,3,1194.470687
-3.446334,4,1194.530857
-1.085048,2,1194.562398
-2.221577,3,1194.603063
-2.278207,3,1194.656765
-2.244381,3,1194.705993
-1.073373,2,1194.737128
-2.208297,3,1194.782263
-3.294389,4,1194.847879
-1.088813,2,1194.878931
-0.019434,1,1194.89305
-2.177307,3,1194.937703
-2.283442,3,1194.989825
-2.204185,3,1195.033974
-2.242271,3,1195.078711
-2.203683,3,1195.124854
-3.309755,4,1195.190012
-1.131433,2,1195.220657
-3.384385,4,1195.285753
-1.0764,2,1195.316559
-3.31359,4,1195.382163
-2.184037,3,1195.440848
-2.173496,3,1195.485904
-0.04301,1,1195.500918
-3.376782,4,1195.5673
-2.252393,3,1195.610674
-1.102795,2,1195.645724
-1.133266,2,1195.680766
-1.076644,2,1195.717327
-3.357733,4,1195.779611
-2.250103,3,1195.825749
-2.239011,3,1195.870799
-0.045981,1,1195.888326
-3.40601,4,1195.945626
-1.114355,2,1195.977196
-2.266458,3,1196.029769
-2.258991,3,1196.083347
-3.33518,4,1196.143976
-2.239976,3,1196.189193
-2.251806,3,1196.232305
-2.183918,3,1196.283873
-2.189736,3,1196.328646
-2.190704,3,1196.374705
-1.142662,2,1196.40123
-1.099034,2,1196.432381
-0.029809,1,1196.447902
-2.187382,3,1196.493035
-2.241444,3,1196.540642
-3.404,4,1196.604817
-2.220934,3,1196.649878
-2.184127,3,1196.696166
-2.206897,3,1196.7469
-3.314422,4,1196.814834
-1.124658,2,1196.847873
-3.312487,4,1196.908018
-2.177556,3,1196.958814
-3.353789,4,1197.027699
-3.288932,4,1197.099288
-2.260317,3,1197.144873
-2.166746,3,1197.18957
-1.070751,2,1197.223782
-3.358612,4,1197.28235
-1.136219,2,1197.308917
-1.11943,2,1197.337057
-2.209078,3,1197.390173
-0.039568,1,1197.405189
-2.1754,3,1197.448832
-0.04418,1,1197.463351
-2.264192,3,1197.516594
-2.273725,3,1197.558724
-1.09964,2,1197.586762
-2.162223,3,1197.62784
-0.027454,1,1197.647863
-2.201956,3,1197.700927
-2.23279,3,1197.746566
-2.177431,3,1197.790269
-1.136633,2,1197.8279
-1.071019,2,1197.863394
-0.04134,1,1197.878676
-2.15579,3,1197.927779
-3.292178,4,1197.999372
-3.293504,4,1198.064696
-0.036108,1,1198.07971
-2.285209,3,1198.124888
-3.279742,4,1198.267798
-2.255876,3,1198.350832
-1.093592,2,1198.393407
-1.084723,2,1198.436949
-1.099711,2,1198.482137
-3.38531,4,1198.56057
-1.142648,2,1198.599204
-0.02274,1,1198.61785
-0.028219,1,1198.639882
-3.33233,4,1198.706809
-1.140768,2,1198.73484
-2.218404,3,1198.778895
-1.140185,2,1198.826622
-1.107799,2,1198.854664
-3.361369,4,1198.92082
-2.197017,3,1198.964768
-1.099431,2,1198.998809
-3.285283,4,1199.069136
-2.186283,3,1199.113759
-1.119052,2,1199.147801
-2.180194,3,1199.202865
-2.167393,3,1199.249501
-1.100531,2,1199.280668
-2.196646,3,1199.322723
-3.35542,4,1199.390212
-2.209097,3,1199.432354
-1.098847,2,1199.468913
-2.268828,3,1199.514651
-3.278917,4,1199.580727
-0.041464,1,1199.595254
-2.240164,3,1199.640892
-2.249165,3,1199.691141
-1.107868,2,1199.728773
-2.178975,3,1199.793375
-3.359779,4,1199.854809
-2.220221,3,1199.904912
-2.185216,3,1199.957764
-2.170607,3,1200.000316
-1.094792,2,1200.038623
-2.199549,3,1200.086256
-2.249416,3,1200.139838
-3.325103,4,1200.200932
-1.1293,2,1200.24979
-2.231722,3,1200.362373
-1.115334,2,1200.42217
-2.236171,3,1200.487779
-2.242065,3,1200.533881
-1.092367,2,1200.577001
-3.379218,4,1200.664142
-2.226935,3,1200.710928
-3.405776,4,1200.77324
-2.179666,3,1200.818812
-2.222728,3,1200.869875
-3.364845,4,1200.929757
-1.123207,2,1200.959786
-3.362742,4,1201.026068
-2.229178,3,1201.089705
-1.105363,2,1201.117822
-2.257597,3,1201.164882
-0.043025,1,1201.180896
-1.087752,2,1201.217047
-1.088084,2,1201.249624
-1.082289,2,1201.279659
-3.465474,4,1201.340875
-2.247509,3,1201.392606
-2.191979,3,1201.4377
-2.258844,3,1201.483253
-3.325269,4,1201.539856
-1.107803,2,1201.575903
-3.284839,4,1201.634754
-1.091716,2,1201.665796
-2.179049,3,1201.710832
-3.373214,4,1201.782418
-2.249721,3,1201.827691
-2.232447,3,1201.872243
-3.308231,4,1201.930811
-3.424836,4,1202.00391
-2.233782,3,1202.056685
-2.248498,3,1202.103239
-2.249182,3,1202.149793
-2.187522,3,1202.200856
-1.098134,2,1202.2289
-2.186979,3,1202.280588
-0.048219,1,1202.293144
-1.099533,2,1202.329761
-0.024704,1,1202.344786
-2.163386,3,1202.38983
-3.329062,4,1202.449685
-0.038399,1,1202.467715
-3.284785,4,1202.53094
-3.292923,4,1202.591166
-3.364189,4,1202.656792
-3.326765,4,1202.718046
-1.137084,2,1202.750688
-3.324557,4,1202.805855
-3.30177,4,1202.877062
-0.025102,1,1202.894226
-2.198112,3,1202.942339
-3.318807,4,1203.003877
-2.213877,3,1203.048936
-1.076019,2,1203.087677
-2.180259,3,1203.135786
-1.084519,2,1203.165822
-2.159881,3,1203.211376
-1.117642,2,1203.254114
-1.112975,2,1203.284784
-3.360734,4,1203.343671
-2.233681,3,1203.389723
-0.027513,1,1203.406251
-0.019499,1,1203.419259
-1.087265,2,1203.447821
-2.170475,3,1203.491374
-2.169484,3,1203.540072
-2.278175,3,1203.5867
-0.012497,1,1203.600729
-2.263152,3,1203.647702
-0.044351,1,1203.664726
-3.329069,4,1203.733218
-2.209563,3,1203.777768
-2.197957,3,1203.821011
-3.304806,4,1203.893127
-2.235435,3,1203.936681
-2.240427,3,1203.977725
-1.085616,2,1204.009851
-3.30533,4,1204.083315
-3.342141,4,1204.144913
-2.230889,3,1204.189692
-1.132781,2,1204.219502
-0.046372,1,1204.235618
-2.184776,3,1204.286685
-1.12737,2,1204.316767
-3.312934,4,1204.376848
-2.220202,3,1204.426094
-2.270585,3,1204.470684
-0.045707,1,1204.486708
-3.306024,4,1204.550801
-3.450864,4,1204.623605
-1.082328,2,1204.656644
-0.042128,1,1204.672156
-2.271116,3,1204.717788
-0.044011,1,1204.738816
-1.100973,2,1204.77309
-2.176458,3,1204.821195
-2.154708,3,1204.874849
-2.2926,3,1204.925619
-2.223682,3,1204.97067
-2.196356,3,1205.01624
-3.322058,4,1205.080629
-3.282199,4,1205.149906
-0.045111,1,1205.163972
-2.246844,3,1205.210685
-1.080915,2,1205.243224
-2.273787,3,1205.292783
-1.101311,2,1205.320856
-1.078676,2,1205.357908
-1.135275,2,1205.396337
-1.093779,2,1205.445714
-1.109493,2,1205.480763
-2.19605,3,1205.525065
-2.200571,3,1205.570653
-0.033609,1,1205.589682
-2.27191,3,1205.633778
-2.290213,3,1205.676838
-0.034644,1,1205.691352
-2.305948,3,1205.744176
-1.142445,2,1205.791193
-2.217342,3,1205.885831
-1.095736,2,1205.938006
-3.290669,4,1206.030741
-2.165807,3,1206.082325
-0.037739,1,1206.101357
-1.126979,2,1206.141109
-1.119951,2,1206.187768
-2.277012,3,1206.237875
-2.232495,3,1206.282957
-3.373897,4,1206.347738
-2.221739,3,1206.398803
-2.256115,3,1206.443378
-0.027965,1,1206.458897
-1.134075,2,1206.495627
-1.089866,2,1206.533169
-2.204414,3,1206.578729
-3.314848,4,1206.636798
-3.339118,4,1206.698867
-1.107292,2,1206.734411
-2.249403,3,1206.776695
-0.04485,1,1206.790705
-1.120426,2,1206.822246
-1.106294,2,1206.864813
-0.038036,1,1206.880827
-3.434118,4,1206.947914
-2.249837,3,1206.993661
-2.281544,3,1207.04773
-2.175213,3,1207.097796
-2.213841,3,1207.143349
-0.042364,1,1207.157868
-2.234072,3,1207.210113
-2.179443,3,1207.260787
-3.286746,4,1207.32086
-3.303438,4,1207.386115
-1.088369,2,1207.419746
-2.185214,3,1207.464804
-1.089256,2,1207.493332
-2.242088,3,1207.539226
-2.196806,3,1207.60337
-2.238944,3,1207.647616
-3.374669,4,1207.712234
-2.234875,3,1207.756792
-2.24045,3,1207.812366
-2.247939,3,1207.854023
-2.255208,3,1207.905799
-2.253446,3,1207.949849
-0.043432,1,1207.964874
-2.252097,3,1208.017043
-2.191769,3,1208.06074
-3.324467,4,1208.130831
-1.110313,2,1208.164878
-2.212236,3,1208.216672
-2.218713,3,1208.267733
-0.03278,1,1208.283752
-1.108154,2,1208.324544
-2.167687,3,1208.370852
-1.075559,2,1208.398887
-1.104558,2,1208.430928
-1.133099,2,1208.469847
-0.048851,1,1208.48487
-1.146017,2,1208.518906
-2.208363,3,1208.573722
-3.328908,4,1208.647815
-3.301332,4,1208.719901
-2.187565,3,1208.770682
-0.040602,1,1208.787712
-1.091655,2,1208.820752
-0.024961,1,1208.836782
-0.019106,1,1208.852296
-0.021366,1,1208.867815
-3.306779,4,1208.948471
-0.013245,1,1208.966677
-3.306511,4,1209.032257
-1.128975,2,1209.060793
-2.165396,3,1209.123382
-2.228654,3,1209.162951
-2.175281,3,1209.208748
-1.093554,2,1209.238087
-2.231991,3,1209.288728
-2.220942,3,1209.33479
-1.075326,2,1209.367851
-3.305288,4,1209.431061
-0.049413,1,1209.45463
-0.039012,1,1209.470648
-2.28793,3,1209.514785
-1.119498,2,1209.543824
-2.249612,3,1209.595399
-3.337402,4,1209.653822
-2.170447,3,1209.697989
-0.038805,1,1209.715588
-3.309961,4,1209.789853
-2.214481,3,1209.838044
-2.219964,3,1209.883756
-1.100549,2,1209.915937
-1.138465,2,1209.949061
-2.223387,3,1209.99419
-1.127409,2,1210.023872
-2.205454,3,1210.069935
-2.23848,3,1210.122162
-1.088788,2,1210.154706
-0.021755,1,1210.169718
-1.127707,2,1210.198259
-3.284279,4,1210.266062
-2.223443,3,1210.312751
-3.367235,4,1210.382408
-3.329653,4,1210.446745
-3.319939,4,1210.512333
-2.259695,3,1210.560894
-2.202048,3,1210.609244
-1.104316,2,1210.639906
-1.062833,2,1210.675639
-2.191105,3,1210.723836
-3.350217,4,1210.784382
-3.312471,4,1210.844611
-1.082721,2,1210.882964
-2.263138,3,1210.92965
-3.28563,4,1210.992234
-2.199519,3,1211.039855
-0.045691,1,1211.057878
-2.217956,3,1211.110637
-1.115825,2,1211.140677
-2.290511,3,1211.184739
-3.288515,4,1211.255863
-1.117081,2,1211.286904
-2.15908,3,1211.330973
-2.211803,3,1211.375625
-3.310586,4,1211.445787
-1.127436,2,1211.476825
-2.208575,3,1211.522973
-1.089096,2,1211.553112
-2.174828,3,1211.604208
-1.088931,2,1211.637782
-2.18437,3,1211.684836
-1.142489,2,1211.715373
-2.17516,3,1211.765865
-1.107088,2,1211.798407
-2.248921,3,1211.844626
-3.365152,4,1211.903196
-2.240959,3,1211.959884
-2.209924,3,1212.006179
-1.10656,2,1212.03775
-2.176714,3,1212.085815
-2.241695,3,1212.14215
-1.125677,2,1212.170681
-2.214542,3,1212.214191
-1.128427,2,1212.244275
-1.089784,2,1212.278584
-2.175722,3,1212.327805
-2.233392,3,1212.373364
-2.268376,3,1212.42097
-2.247955,3,1212.470672
-3.289386,4,1212.536875
-0.042504,1,1212.553397
-0.035771,1,1212.573012
-0.009438,1,1212.593115
-2.238848,3,1212.642361
-1.120769,2,1212.673405
-3.329201,4,1212.733644
-3.37306,4,1212.798223
-3.369386,4,1212.863841
-2.271093,3,1212.914412
-1.11597,2,1212.947663
-1.123948,2,1212.978709
-1.123969,2,1213.009775
-1.104579,2,1213.039816
-2.154432,3,1213.086879
-3.366718,4,1213.160793
-1.124094,2,1213.189084
-2.183976,3,1213.239823
-3.349485,4,1213.305768
-3.3568,4,1213.374855
-0.039982,1,1213.390866
-2.236347,3,1213.434065
-0.012378,1,1213.448669
-2.185579,3,1213.501238
-1.096282,2,1213.532273
-1.093848,2,1213.560804
-2.239878,3,1213.608372
-1.123325,2,1213.647201
-2.24885,3,1213.693357
-3.404857,4,1213.758108
-2.176524,3,1213.80339
-2.189792,3,1213.858822
-2.177078,3,1213.907388
-2.24933,3,1213.954711
-2.229219,3,1213.996761
-1.106095,2,1214.045704
-3.32945,4,1214.105837
-3.288582,4,1214.174033
-0.009769,1,1214.18864
-2.173698,3,1214.239784
-2.214086,3,1214.284573
-2.194486,3,1214.329456
-1.091256,2,1214.36077
-1.079958,2,1214.40133
-2.181774,3,1214.446093
-2.223722,3,1214.495761
-2.269475,3,1214.556751
-1.124491,2,1214.608934
-3.279108,4,1214.676681
-1.091052,2,1214.716834
-2.189036,3,1214.766895
-1.109735,2,1214.812248
-1.087189,2,1214.847809
-0.026217,1,1214.863827
-3.286529,4,1214.937717
-2.174763,3,1214.989783
-2.28009,3,1215.045516
-3.278228,4,1215.114193
-2.257258,3,1215.16789
-2.238123,3,1215.226984
-1.104005,2,1215.26678
-2.176077,3,1215.312842
-1.084088,2,1215.346636
-2.279426,3,1215.397697
-0.042628,1,1215.41778
-2.205168,3,1215.47336
-1.109866,2,1215.502902
-2.242185,3,1215.558819
-1.136035,2,1215.593864
-3.347391,4,1215.650613
-2.23948,3,1215.696676
-2.242149,3,1215.754325
-2.211218,3,1215.806913
-3.443663,4,1215.866732
-1.080907,2,1215.897771
-1.117867,2,1215.932354
-2.18353,3,1215.977913
-3.326464,4,1216.040692
-1.069981,2,1216.072237
-2.282414,3,1216.12704
-1.093549,2,1216.160805
-2.261496,3,1216.20594
-1.104044,2,1216.237667
-2.189484,3,1216.288732
-2.228939,3,1216.340816
-2.27299,3,1216.388885
-2.245149,3,1216.431082
-3.328237,4,1216.49386
-2.176506,3,1216.541204
-0.023301,1,1216.557225
-1.095462,2,1216.58779
-0.041567,1,1216.60587
-2.240143,3,1216.652209
-2.276711,3,1216.700285
-3.314731,4,1216.757868
-2.245342,3,1216.811031
-2.221212,3,1216.866703
-2.250106,3,1216.913262
-0.028738,1,1216.92781
-0.030903,1,1216.946842
-3.338782,4,1217.009923
-2.241877,3,1217.057711
-1.100252,2,1217.087751
-3.344755,4,1217.157701
-3.358212,4,1217.219274
-0.039658,1,1217.234961
-2.223237,3,1217.275597
-2.173781,3,1217.327728
-2.172536,3,1217.378836
-2.22028,3,1217.423355
-3.347512,4,1217.484137
-2.189967,3,1217.5339
-3.309976,4,1217.601162
-1.068283,2,1217.633196
-3.41365,4,1217.694279
-3.30268,4,1217.762212
-2.251669,3,1217.806867
-1.146123,2,1217.836904
-2.192528,3,1217.889729
-0.037555,1,1217.915277
-3.301335,4,1217.977893
-1.070301,2,1218.014647
-2.203824,3,1218.058699
-1.094911,2,1218.095752
-1.081946,2,1218.124847
-0.016551,1,1218.144876
-2.167313,3,1218.196073
-2.210037,3,1218.263749
-1.103865,2,1218.298812
-1.130461,2,1218.329349
-2.176275,3,1218.376566
-2.24155,3,1218.435267
-2.233613,3,1218.479046
-2.157524,3,1218.52433
-3.363906,4,1218.587354
-3.325955,4,1218.659769
-1.130196,2,1218.693825
-1.120151,2,1218.733099
-1.121722,2,1218.769733
-2.270283,3,1218.825556
-0.005739,1,1218.842063
-1.102087,2,1218.880755
-1.097824,2,1218.914833
-2.196366,3,1218.962393
-2.206671,3,1219.009269
-0.021898,1,1219.023823
-2.271034,3,1219.075896
-2.206342,3,1219.127844
-2.159413,3,1219.180911
-3.411169,4,1219.24637
-3.318799,4,1219.320172
-0.024445,1,1219.338197
-2.197955,3,1219.395065
-2.246116,3,1219.440702
-2.218172,3,1219.485759
-2.205382,3,1219.538851
-3.322018,4,1219.601105
-3.331129,4,1219.663813
-3.298135,4,1219.723087
-3.318625,4,1219.787473
-2.175416,3,1219.843323
-0.030528,1,1219.860842
-2.223783,3,1219.907411
-1.132033,2,1219.94564
-1.120367,2,1219.983686
-2.195482,3,1220.032257
-1.073812,2,1220.062292
-2.292398,3,1220.113376
-1.098264,2,1220.139907
-2.214184,3,1220.192748
-1.126628,2,1220.223996
-3.287172,4,1220.288785
-3.317539,4,1220.355657
-1.108148,2,1220.384696
-2.205767,3,1220.429801
-2.240208,3,1220.480879
-3.303899,4,1220.539656
-2.252427,3,1220.584729
-2.274505,3,1220.62982
-2.219183,3,1220.690908
-0.025121,1,1220.705721
-3.313095,4,1220.765796
-2.248187,3,1220.806349
-2.162639,3,1220.862438
-0.011605,1,1220.877096
-2.241557,3,1220.927687
-0.016498,1,1220.947712
-3.385985,4,1221.017809
-3.349924,4,1221.083388
-2.180963,3,1221.127636
-2.214379,3,1221.177701
-3.430929,4,1221.25381
-2.249328,3,1221.298862
-1.11994,2,1221.328903
-3.297703,4,1221.393253
-2.169231,3,1221.44437
-3.287828,4,1221.514673
-2.225577,3,1221.556718
-2.190405,3,1221.609791
-1.133801,2,1221.640838
-0.012778,1,1221.654858
-2.213587,3,1221.703923
-3.304667,4,1221.7647
-1.086995,2,1221.801244
-2.247969,3,1221.845806
-2.173914,3,1221.890851
-1.111869,2,1221.920891
-3.313792,4,1221.985675
-0.013346,1,1222.00119
-0.026909,1,1222.015714
-3.318569,4,1222.093837
-1.068787,2,1222.139912
-2.23494,3,1222.194186
-3.334982,4,1222.258867
-2.209046,3,1222.313027
-2.214984,3,1222.370743
-0.04563,1,1222.390774
-2.183541,3,1222.437623
-1.094776,2,1222.473167
-3.32069,4,1222.546839
-1.129092,2,1222.580882
-3.356389,4,1222.650808
-2.235335,3,1222.699873
-2.206243,3,1222.759697
-0.048262,1,1222.776723
-3.288931,4,1222.838845
-2.237777,3,1222.883403
-3.298547,4,1222.950712
-1.10204,2,1222.978747
-1.123215,2,1223.045825
-2.177395,3,1223.146762
-2.187658,3,1223.240708
-1.108406,2,1223.275767
-3.415144,4,1223.345865
-2.175663,3,1223.399596
-2.276333,3,1223.462188
-1.115105,2,1223.500745
-1.10244,2,1223.530781
-2.252505,3,1223.577842
-2.183521,3,1223.634949
-1.110738,2,1223.664581
-3.329047,4,1223.728883
-0.049842,1,1223.742396
-2.176781,3,1223.797657
-2.234401,3,1223.843717
-2.214278,3,1223.885765
-2.233167,3,1223.934834
-0.048209,1,1223.953851
-3.280079,4,1224.015932
-1.080663,2,1224.045655
-3.298866,4,1224.100717
-0.04502,1,1224.124755
-1.128487,2,1224.155793
-1.120117,2,1224.190831
-2.1946,3,1224.23506
-2.282044,3,1224.286738
-2.165769,3,1224.336309
-3.384486,4,1224.400887
-3.300712,4,1224.46245
-0.034639,1,1224.47963
-2.166442,3,1224.532307
-3.352684,4,1224.594885
-2.235932,3,1224.636067
-2.205193,3,1224.689646
-0.028218,1,1224.704169
-1.1192,2,1224.733916
-2.201233,3,1224.776705
-2.211408,3,1224.830812
-2.235451,3,1224.87588
-2.162936,3,1224.920923
-2.207505,3,1224.964654
-1.087863,2,1225.000694
-2.220018,3,1225.046011
-2.205116,3,1225.088734
-2.176625,3,1225.133811
-1.127469,2,1225.180869
-1.085202,2,1225.214032
-0.022618,1,1225.235658
-3.306803,4,1225.295727
-0.038034,1,1225.315792
-2.175882,3,1225.360842
-1.093923,2,1225.390886
-0.024163,1,1225.406415
-3.322561,4,1225.471223
-2.219186,3,1225.515882
-0.045373,1,1225.530895
-2.192913,3,1225.586646
-3.337048,4,1225.65683
-1.11621,2,1225.687865
-3.32148,4,1225.744839
-1.117255,2,1225.775876
-2.253793,3,1225.822429
-0.03976,1,1225.841096
-2.210771,3,1225.892246
-3.341912,4,1225.94509
-2.216306,3,1225.997887
-2.206702,3,1226.040639
-1.130785,2,1226.070672
-3.295972,4,1226.133382
-3.306215,4,1226.204284
-2.212004,3,1226.247645
-3.364703,4,1226.306212
-0.034064,1,1226.322245
-1.07634,2,1226.355036
-2.159239,3,1226.398725
-2.200174,3,1226.444621
-2.242812,3,1226.490873
-2.241562,3,1226.538698
-1.068561,2,1226.573746
-0.044674,1,1226.588763
-2.275884,3,1226.634326
-0.048824,1,1226.6524
-2.170676,3,1226.695689
-2.226525,3,1226.745622
-2.231109,3,1226.78967
-2.187936,3,1226.837844
-3.378758,4,1226.899924
-3.461559,4,1226.960639
-3.396637,4,1227.02389
-1.104777,2,1227.056956
-1.136972,2,1227.089631
-1.093649,2,1227.120172
-2.15924,3,1227.174776
-1.110992,2,1227.210328
-1.10039,2,1227.240359
-0.03279,1,1227.255981
-2.229439,3,1227.300672
-2.189314,3,1227.360564
-1.139514,2,1227.392173
-2.196472,3,1227.439842
-2.226272,3,1227.483902
-1.127966,2,1227.522613
-1.081827,2,1227.556675
-1.071211,2,1227.586715
-2.242641,3,1227.63126
-1.118935,2,1227.670888
-2.253392,3,1227.714111
-1.109615,2,1227.744704
-1.078232,2,1227.781391
-3.376906,4,1227.846886
-3.344609,4,1227.913207
-0.042733,1,1227.929762
-1.120326,2,1227.960798
-2.241041,3,1228.018157
-1.066823,2,1228.099826
-1.068101,2,1228.163993
-3.396741,4,1228.254558
-2.185297,3,1228.323299
-1.116844,2,1228.366866
-3.432966,4,1228.43607
-3.371695,4,1228.494786
-1.107732,2,1228.531018
-3.302456,4,1228.589787
-2.225575,3,1228.634874
-1.115658,2,1228.663401
-3.315551,4,1228.73531
-0.030746,1,1228.74893
-2.21544,3,1228.789737
-1.092659,2,1228.824281
-2.166981,3,1228.884932
-0.011276,1,1228.903012
-2.19634,3,1228.963685
-2.246379,3,1229.02026
-3.352895,4,1229.087672
-1.113119,2,1229.121228
-2.270892,3,1229.175875
-3.273565,4,1229.23403
-3.320725,4,1229.305718
-3.341265,4,1229.366872
-1.116414,2,1229.399914
-1.070951,2,1229.430787
-2.184414,3,1229.477849
-2.236008,3,1229.526043
-3.375407,4,1229.583664
-0.044478,1,1229.598679
-2.236975,3,1229.648817
-2.198993,3,1229.698883
-3.323068,4,1229.76077
-0.04556,1,1229.775795
-2.247633,3,1229.824652
-2.187756,3,1229.8697
-0.044238,1,1229.883723
-0.042802,1,1229.898733
-3.294999,4,1229.96239
-1.080723,2,1229.993043
-1.065432,2,1230.0242
-3.326056,4,1230.089841
-2.232471,3,1230.144638
-1.109015,2,1230.175454
-1.070821,2,1230.210153
-2.165989,3,1230.257814
-1.083635,2,1230.289858
-3.310274,4,1230.356118
-3.332655,4,1230.417282
-2.188318,3,1230.4669
-2.188148,3,1230.51578
-2.200794,3,1230.557829
-3.377465,4,1230.619408
-1.109312,2,1230.64866
-2.190436,3,1230.705735
-1.124806,2,1230.7358
-2.215616,3,1230.777851
-3.348281,4,1230.843121
-2.155312,3,1230.893271
-0.029863,1,1230.907789
-2.225482,3,1230.958068
-1.143592,2,1230.988691
-1.143229,2,1231.032295
-2.189068,3,1231.074839
-2.186674,3,1231.12504
-0.023047,1,1231.14469
-2.22044,3,1231.203268
-2.196482,3,1231.256893
-2.220458,3,1231.304763
-1.134148,2,1231.33404
-3.321834,4,1231.400757
-2.257752,3,1231.448318
-2.221614,3,1231.497662
-3.406752,4,1231.557797
-2.257358,3,1231.609877
-3.338235,4,1231.66664
-0.012974,1,1231.682154
-3.301899,4,1231.742264
-1.13739,2,1231.776819
-3.330865,4,1231.850052
-0.025376,1,1231.873667
-2.174662,3,1231.917232
-3.363257,4,1231.990895
-1.114643,2,1232.023155
-1.089552,2,1232.055756
-2.242727,3,1232.104825
-1.117383,2,1232.143052
-2.162,3,1232.189708
-3.348397,4,1232.248852
-2.219522,3,1232.30455
-1.132506,2,1232.343647
-0.010858,1,1232.359664
-2.271847,3,1232.402208
-2.202135,3,1232.454226
-2.2139,3,1232.510053
-2.205603,3,1232.554708
-2.192003,3,1232.599761
-0.014886,1,1232.615291
-2.188131,3,1232.674654
-2.215976,3,1232.719747
-2.164043,3,1232.764809
-0.021707,1,1232.783828
-2.275848,3,1232.834953
-0.015874,1,1232.850513
-0.015941,1,1232.867629
-0.010867,1,1232.883654
-2.256764,3,1232.930735
-2.1944,3,1232.979801
-2.253987,3,1233.031007
-3.344376,4,1233.095647
-0.029261,1,1233.116773
-3.334321,4,1233.180857
-3.280915,4,1233.250628
-2.253679,3,1233.295691
-0.048778,1,1233.316793
-0.022017,1,1233.330806
-3.35836,4,1233.390882
-3.3347,4,1233.452675
-2.202288,3,1233.504064
-1.085617,2,1233.534217
-2.240926,3,1233.583278
-2.232011,3,1233.629338
-2.208444,3,1233.678598
-1.132409,2,1233.708634
-0.008961,1,1233.723752
-2.225191,3,1233.7698
-1.119593,2,1233.809862
-0.048447,1,1233.826044
-3.330396,4,1233.889677
-2.234739,3,1233.933239
-2.260022,3,1233.985927
-1.116947,2,1234.016601
-3.415214,4,1234.082182
-1.132904,2,1234.111224
-0.03958,1,1234.131242
-0.016494,1,1234.147833
-2.253986,3,1234.202924
-3.30027,4,1234.259658
-2.19236,3,1234.313245
-2.178247,3,1234.354594
-3.303772,4,1234.423078
-3.328008,4,1234.480664
-3.330054,4,1234.547984
-1.094995,2,1234.574668
-3.340961,4,1234.644925
-2.212369,3,1234.705744
-3.419786,4,1234.77087
-2.215611,3,1234.816119
-2.214006,3,1234.867739
-2.256761,3,1234.9133
-3.292724,4,1234.980699
-1.132996,2,1235.016758
-2.214811,3,1235.063821
-3.317507,4,1235.118393
-2.194766,3,1235.173671
-3.351827,4,1235.238767
-0.045155,1,1235.253285
-1.072061,2,1235.285825
-1.097484,2,1235.323378
-3.378181,4,1235.384826
-2.238964,3,1235.434937
-3.399052,4,1235.492246
-2.221282,3,1235.549895
-2.228251,3,1235.594614
-2.183179,3,1235.639818
-2.200058,3,1235.683878
-3.362944,4,1235.749737
-3.334362,4,1235.814696
-0.039772,1,1235.83472
-0.022463,1,1235.850257
-2.27065,3,1235.904882
-2.281719,3,1235.95466
-2.182283,3,1235.994536
-2.255072,3,1236.04377
-3.345268,4,1236.104848
-1.124006,2,1236.136887
-1.108621,2,1236.168549
-3.314414,4,1236.22972
-2.173206,3,1236.286803
-1.095462,2,1236.314334
-0.02815,1,1236.328355
-1.12532,2,1236.35911
-2.168369,3,1236.414297
-3.373935,4,1236.474
-1.151148,2,1236.503035
-0.029053,1,1236.518695
-3.281196,4,1236.583356
-2.256004,3,1236.627977
-0.016536,1,1236.643217
-2.256877,3,1236.693779
-2.247128,3,1236.7489
-3.305985,4,1236.813055
-3.333352,4,1236.872201
-1.089323,2,1236.904378
-2.172855,3,1236.95861
-1.086447,2,1236.993656
-0.048747,1,1237.013199
-2.186676,3,1237.063379
-2.245979,3,1237.113765
-3.309257,4,1237.178842
-0.037392,1,1237.194594
-2.19374,3,1237.239833
-3.46952,4,1237.319636
-2.17658,3,1237.374719
-3.285887,4,1237.433289
-3.336115,4,1237.492353
-0.031284,1,1237.507874
-2.245145,3,1237.554478
-2.226553,3,1237.600674
-2.172544,3,1237.645748
-2.194096,3,1237.697821
-2.232144,3,1237.742374
-2.236503,3,1237.786944
-1.084623,2,1237.820637
-3.351558,4,1237.883725
-3.351475,4,1237.946891
-0.045249,1,1237.960902
-2.260064,3,1238.008636
-1.129351,2,1238.046692
-2.158418,3,1238.089907
-2.21386,3,1238.136651
-1.079038,2,1238.173189
-1.063852,2,1238.210738
-0.036374,1,1238.226762
-2.228413,3,1238.274821
-1.133306,2,1238.305863
-1.135961,2,1238.344501
-2.282003,3,1238.387632
-1.125795,2,1238.416668
-1.124213,2,1238.447346
-2.216156,3,1238.498715
-2.172334,3,1238.540763
-2.241213,3,1238.590828
-2.173706,3,1238.633385
-3.294149,4,1238.698641
-2.166282,3,1238.742194
-1.073814,2,1238.770824
-2.24895,3,1238.82098
-0.039389,1,1238.83855
-2.193224,3,1238.885748
-1.067359,2,1238.919288
-2.207484,3,1238.960629
-0.049218,1,1238.978657
-0.047171,1,1238.997682
-2.271753,3,1239.04982
-2.175121,3,1239.099883
-3.328669,4,1239.174773
-2.228272,3,1239.235871
-3.347681,4,1239.296092
-2.267613,3,1239.350796
-1.075885,2,1239.390853
-1.092308,2,1239.420896
-2.192162,3,1239.464692
-3.300369,4,1239.524767
-0.027186,1,1239.547796
-3.27966,4,1239.606866
-2.25043,3,1239.650511
-1.137555,2,1239.684114
-2.176734,3,1239.730773
-2.274804,3,1239.774409
-3.286322,4,1239.833747
-0.024113,1,1239.848762
-0.038961,1,1239.874802
-0.014567,1,1239.893822
-3.316123,4,1239.955872
-2.238873,3,1240.007522
-3.292922,4,1240.070772
-2.216027,3,1240.116338
-1.130426,2,1240.147041
-2.163986,3,1240.190774
-1.131443,2,1240.230914
-2.291909,3,1240.275842
-1.081638,2,1240.305879
-1.143692,2,1240.341407
-2.237734,3,1240.392226
-1.091344,2,1240.428803
-2.249064,3,1240.47887
-2.189842,3,1240.524008
-3.276765,4,1240.585757
-1.113411,2,1240.615796
-1.102559,2,1240.650649
-3.359559,4,1240.710728
-2.217685,3,1240.76333
-3.304809,4,1240.822404
-1.080573,2,1240.852607
-1.120339,2,1240.884714
-2.236098,3,1240.929902
-0.020564,1,1240.94464
-0.041051,1,1240.958657
-3.395486,4,1241.029808
-2.2498,3,1241.078875
-1.11117,2,1241.112966
-2.219585,3,1241.154726
-2.222934,3,1241.202272
-0.033639,1,1241.229968
-2.255475,3,1241.274118
-2.210689,3,1241.322906
-2.288798,3,1241.369763
-2.200999,3,1241.424338
-3.29648,4,1241.476988
-3.350546,4,1241.545783
-2.250475,3,1241.58754
-3.356132,4,1241.664817
-0.022203,1,1241.679828
-1.13781,2,1241.708861
-2.250933,3,1241.754886
-3.295301,4,1241.820164
-1.068979,2,1241.850731
-2.268112,3,1241.896797
-1.120317,2,1241.925897
-2.252623,3,1241.977654
-1.106844,2,1242.007692
-2.197472,3,1242.053832
-3.296997,4,1242.118408
-2.204678,3,1242.165616
-2.251447,3,1242.218183
-0.046837,1,1242.233855
-1.113969,2,1242.264893
-2.20934,3,1242.314097
-2.22053,3,1242.358529
-0.031348,1,1242.374252
-2.240412,3,1242.42315
-2.277171,3,1242.474765
-2.231786,3,1242.520322
-2.290703,3,1242.56989
-3.314362,4,1242.632676
-3.279916,4,1242.704885
-1.116738,2,1242.742987
-3.313171,4,1242.805671
-3.280607,4,1242.870814
-2.228014,3,1242.921384
-3.29534,4,1242.985649
-2.166068,3,1243.031202
-0.040449,1,1243.047229
-2.191697,3,1243.102309
-0.037555,1,1243.117833
-0.045676,1,1243.130964
-2.18569,3,1243.177703
-2.264871,3,1243.233279
-2.233023,3,1243.279637
-2.201008,3,1243.325203
-3.415225,4,1243.388817
-3.335736,4,1243.450581
-2.2289,3,1243.495647
-3.297501,4,1243.559889
-2.249496,3,1243.60297
-2.218259,3,1243.650141
-2.236776,3,1243.694883
-2.237154,3,1243.74301
-0.016068,1,1243.757691
-2.209126,3,1243.805753
-1.142905,2,1243.836815
-1.078794,2,1243.868853
-2.235264,3,1243.92309
-0.009505,1,1243.949725
-2.215394,3,1243.992274
-0.012664,1,1244.012228
-1.133659,2,1244.055825
-2.204963,3,1244.114906
-3.288301,4,1244.184664
-2.229519,3,1244.240768
-0.021201,1,1244.256797
-1.131894,2,1244.290839
-2.242334,3,1244.342916
-2.243728,3,1244.392174
-2.163688,3,1244.436819
-2.215907,3,1244.496899
-3.381907,4,1244.563633
-2.220267,3,1244.664772
-1.091564,2,1244.730643
-2.184589,3,1244.807791
-3.319049,4,1244.896637
-2.208181,3,1244.964124
-1.082422,2,1245.008753
-3.301822,4,1245.083058
-1.097427,2,1245.113229
-2.182267,3,1245.159368
-2.208905,3,1245.214747
-1.147801,2,1245.252336
-1.092281,2,1245.283878
-1.084054,2,1245.313923
-1.093799,2,1245.345114
-0.039518,1,1245.366879
-3.387758,4,1245.429734
-1.12787,2,1245.459772
-2.175065,3,1245.505398
-3.327868,4,1245.572185
-2.282445,3,1245.617748
-2.214988,3,1245.66562
-2.231809,3,1245.713681
-0.014264,1,1245.734772
-2.213026,3,1245.785832
-3.357141,4,1245.845911
-2.190535,3,1245.893192
-3.300342,4,1245.957802
-3.294574,4,1246.017875
-3.329053,4,1246.077679
-3.382551,4,1246.144772
-1.084304,2,1246.178807
-1.107476,2,1246.213354
-2.261336,3,1246.26966
-1.11048,2,1246.299695
-2.268068,3,1246.346262
-0.045601,1,1246.364867
-2.251721,3,1246.402918
-2.236364,3,1246.449679
-2.287065,3,1246.50074
-0.020722,1,1246.516764
-3.384831,4,1246.578008
-2.166421,3,1246.62578
-2.270187,3,1246.672333
-1.100365,2,1246.702367
-2.161849,3,1246.748072
-1.137524,2,1246.775665
-3.280792,4,1246.834753
-3.330976,4,1246.894065
-1.097601,2,1246.923104
-1.099262,2,1246.950697
-2.284418,3,1247.00076
-1.124252,2,1247.032315
-2.222924,3,1247.079882
-0.044895,1,1247.099909
-2.178282,3,1247.148598
-3.32667,4,1247.212177
-1.110323,2,1247.243277
-3.308369,4,1247.307649
-2.234872,3,1247.362315
-3.348423,4,1247.425404
-2.224351,3,1247.472104
-2.19554,3,1247.515662
-3.305249,4,1247.586764
-2.230272,3,1247.640825
-2.177574,3,1247.680872
-1.135196,2,1247.710909
-1.079249,2,1247.743219
-2.234022,3,1247.790775
-1.063652,2,1247.821311
-2.280545,3,1247.877622
-1.078551,2,1247.913165
-3.426463,4,1247.97675
-2.184079,3,1248.030323
-2.201348,3,1248.070927
-2.176879,3,1248.124251
-1.125427,2,1248.152272
-0.0289,1,1248.167289
-2.211719,3,1248.220034
-3.28101,4,1248.289653
-2.233416,3,1248.340822
-2.269844,3,1248.383378
-1.098774,2,1248.415693
-2.252424,3,1248.466842
-2.230712,3,1248.514917
-2.207261,3,1248.564203
-2.22317,3,1248.643057
-1.097019,2,1248.722864
-2.186847,3,1248.792366
-0.035632,1,1248.809895
-0.049562,1,1248.829764
-1.125468,2,1248.875849
-1.095046,2,1248.918903
-0.005909,1,1248.937028
-3.301396,4,1249.010703
-2.170235,3,1249.063367
-0.040374,1,1249.078889
-2.189691,3,1249.128219
-3.363471,4,1249.198821
-2.231753,3,1249.25865
-2.198919,3,1249.319739
-2.211474,3,1249.370827
-2.228708,3,1249.428919
-2.197635,3,1249.480704
-2.267391,3,1249.527764
-0.040857,1,1249.548788
-3.289395,4,1249.613882
-1.091734,2,1249.650006
-2.167677,3,1249.697685
-2.249212,3,1249.740755
-0.038715,1,1249.756781
-2.220388,3,1249.808846
-1.120773,2,1249.838018
-3.274917,4,1249.900698
-2.179997,3,1249.943824
-2.217319,3,1249.995887
-3.290795,4,1250.054801
-3.371252,4,1250.119884
-3.295868,4,1250.17967
-0.006194,1,1250.205715
-1.104873,2,1250.238838
-3.335372,4,1250.296915
-2.169378,3,1250.34573
-1.122619,2,1250.380774
-1.110835,2,1250.412318
-0.042405,1,1250.428967
-2.212302,3,1250.473166
-2.207374,3,1250.523234
-1.120926,2,1250.55379
-1.089652,2,1250.584827
-1.129832,2,1250.619863
-2.21562,3,1250.676836
-2.227782,3,1250.721392
-2.157294,3,1250.770628
-3.356336,4,1250.832208
-1.131565,2,1250.876779
-0.028497,1,1250.892295
-1.123023,2,1250.92233
-0.041486,1,1250.940851
-2.199117,3,1250.992925
-1.145512,2,1251.023104
-0.041521,1,1251.038626
-1.075028,2,1251.073673
-1.137139,2,1251.113716
-2.171731,3,1251.158768
-0.03396,1,1251.17479
-1.105572,2,1251.204829
-2.207447,3,1251.258903
-0.037237,1,1251.276628
-3.291462,4,1251.344248
-3.344431,4,1251.409907
-1.120761,2,1251.444625
-2.160034,3,1251.489687
-2.180229,3,1251.53976
-2.274337,3,1251.585672
-2.234667,3,1251.636734
-3.342448,4,1251.704824
-2.216278,3,1251.754894
-3.376209,4,1251.815142
-1.12714,2,1251.850767
-2.207547,3,1251.898829
-2.262849,3,1251.9534
-3.275746,4,1252.011092
-2.169849,3,1252.063282
-1.101483,2,1252.093323
-2.225401,3,1252.142385
-2.184559,3,1252.189031
-3.317129,4,1252.265965
-1.134022,2,1252.295642
-3.377439,4,1252.354716
-2.22521,3,1252.403272
-1.130951,2,1252.436816
-0.045283,1,1252.450826
-3.317197,4,1252.514639
-1.06768,2,1252.546689
-3.308716,4,1252.610772
-2.234057,3,1252.660832
-2.271451,3,1252.705892
-2.25863,3,1252.749948
-2.202572,3,1252.804692
-2.179431,3,1252.850745
-3.279382,4,1252.913329
-2.194206,3,1252.96089
-1.109869,2,1252.999668
-3.349384,4,1253.223685
-2.233722,3,1253.27975
-2.161162,3,1253.320794
-2.190854,3,1253.374865
-1.131127,2,1253.400886
-2.206853,3,1253.445628
-3.345424,4,1253.506703
-2.23159,3,1253.556894
-2.231504,3,1253.604132
-0.040188,1,1253.619146
-2.194999,3,1253.666715
-1.116706,2,1253.705772
-2.205706,3,1253.747857
-2.193299,3,1253.78891
-2.212756,3,1253.836894
-2.256594,3,1253.889702
-3.36998,4,1253.946267
-0.043606,1,1253.959276
-3.323851,4,1254.017878
-2.242768,3,1254.068822
-0.025586,1,1254.08425
-2.233557,3,1254.134333
-1.120342,2,1254.169087
-2.254445,3,1254.229204
-2.23853,3,1254.276822
-0.028181,1,1254.290835
-2.253417,3,1254.337409
-3.326002,4,1254.404183
-1.13277,2,1254.436734
-1.077457,2,1254.463263
-1.102471,2,1254.495821
-2.24938,3,1254.544006
-1.092639,2,1254.576649
-1.141551,2,1254.609687
-3.296156,4,1254.670858
-1.118029,2,1254.71241
-3.328162,4,1254.770671
-2.23124,3,1254.82073
-2.229211,3,1254.866883
-2.197047,3,1254.917611
-0.04782,1,1254.930129
-2.216521,3,1254.976744
-2.244865,3,1255.023301
-1.079641,2,1255.053902
-2.231415,3,1255.104599
-1.120481,2,1255.142267
-3.39983,4,1255.207855
-2.169006,3,1255.25985
-2.228382,3,1255.314977
-2.237012,3,1255.360093
-2.220551,3,1255.402237
-3.356351,4,1255.463346
-2.245126,3,1255.508902
-3.307478,4,1255.579093
-2.204645,3,1255.624207
-2.170716,3,1255.673775
-3.295829,4,1255.734951
-3.343845,4,1255.792558
-1.118744,2,1255.822145
-2.188642,3,1255.867827
-1.06717,2,1255.900865
-3.401206,4,1255.960063
-3.317621,4,1256.029286
-0.04452,1,1256.050819
-2.218848,3,1256.094677
-1.06684,2,1256.124927
-1.066704,2,1256.155646
-2.196172,3,1256.206714
-2.168382,3,1256.255966
-3.318686,4,1256.318606
-1.132717,2,1256.353151
-1.111228,2,1256.390754
-3.326213,4,1256.453348
-3.309868,4,1256.518
-2.215952,3,1256.568729
-1.106461,2,1256.602269
-0.01106,1,1256.617793
-2.221463,3,1256.665914
-2.261825,3,1256.714766
-1.133695,2,1256.754293
-2.165143,3,1256.79688
-1.074934,2,1256.823935
-2.187361,3,1256.867647
-1.09965,2,1256.906696
-2.205125,3,1256.953246
-2.222625,3,1257.00292
-2.248461,3,1257.047633
-2.172763,3,1257.102327
-2.201452,3,1257.148078
-2.22952,3,1257.203868
-2.211026,3,1257.253632
-2.162166,3,1257.304696
-3.305136,4,1257.364924
-2.249907,3,1257.413768
-2.276245,3,1257.459848
-2.193113,3,1257.519937
-2.184546,3,1257.565773
-2.203625,3,1257.60883
-1.130054,2,1257.641379
-3.288814,4,1257.712253
-1.099111,2,1257.752367
-0.018367,1,1257.767894
-1.120241,2,1257.796591
-2.251793,3,1257.852244
-2.232419,3,1257.898802
-0.037563,1,1257.91439
-1.085524,2,1257.954148
-1.094378,2,1257.989838
-3.379404,4,1258.048995
-1.076784,2,1258.079669
-1.12306,2,1258.110705
-0.036543,1,1258.130236
-0.013551,1,1258.145261
-1.133871,2,1258.174808
-3.286759,4,1258.24603
-2.224219,3,1258.294219
-2.250403,3,1258.340786
-2.26801,3,1258.383343
-2.251936,3,1258.430405
-2.187352,3,1258.48113
-2.223249,3,1258.52675
-0.042699,1,1258.542267
-1.077118,2,1258.570818
-1.137499,2,1258.604869
-2.236795,3,1258.650992
-2.19573,3,1258.696751
-2.255858,3,1258.748973
-0.035615,1,1258.773066
-1.131074,2,1258.804735
-1.102887,2,1258.843281
-1.071063,2,1258.874337
-2.157133,3,1258.924619
-2.169323,3,1258.970716
-2.188418,3,1259.014771
-2.22995,3,1259.059843
-1.109317,2,1259.095896
-2.197947,3,1259.13714
-3.301176,4,1259.200745
-2.214694,3,1259.250958
-3.40309,4,1259.320625
-2.231618,3,1259.37674
-2.196579,3,1259.43433
-2.161237,3,1259.492061
-3.317551,4,1259.563775
-2.213671,3,1259.610825
-3.283868,4,1259.673663
-2.22224,3,1259.724322
-3.320431,4,1259.792343
-0.042123,1,1259.808864
-3.419788,4,1259.87569
-3.308242,4,1259.936858
-2.263211,3,1259.998596
-2.200074,3,1260.047678
-2.178937,3,1260.090726
-1.065799,2,1260.117761
-2.200904,3,1260.170857
-1.102009,2,1260.204075
-1.095695,2,1260.239146
-0.043944,1,1260.258738
-2.260899,3,1260.309801
-0.039516,1,1260.322315
-2.193255,3,1260.372975
-2.248463,3,1260.420599
-2.274899,3,1260.469694
-1.144216,2,1260.503735
-1.136211,2,1260.534269
-1.111043,2,1260.564893
-3.3824,4,1260.633195
-3.303066,4,1260.695867
-3.328342,4,1260.761058
-0.005012,1,1260.773659
-1.139119,2,1260.808702
-3.325285,4,1260.868843
-1.108386,2,1260.898879
-2.280509,3,1260.945091
-2.262183,3,1260.994811
-2.233424,3,1261.042366
-2.20006,3,1261.086607
-2.181604,3,1261.13923
-3.377701,4,1261.210985
-3.317618,4,1261.280728
-3.334066,4,1261.34332
-2.284269,3,1261.39055
-2.165307,3,1261.438192
-2.200868,3,1261.483901
-2.241679,3,1261.525691
-2.160008,3,1261.570834
-3.341516,4,1261.63592
-0.029146,1,1261.652578
-3.345262,4,1261.713173
-3.332305,4,1261.77907
-0.024298,1,1261.796621
-2.209467,3,1261.846207
-2.185935,3,1261.89228
-2.165174,3,1261.934335
-2.268583,3,1261.979901
-2.224858,3,1262.030613
-1.120689,2,1262.059649
-1.089099,2,1262.088689
-2.254089,3,1262.140966
-2.180949,3,1262.187711
-2.194684,3,1262.25236
-3.335385,4,1262.317641
-1.108978,2,1262.362268
-1.132183,2,1262.393809
-2.231708,3,1262.438944
-1.133733,2,1262.469706
-2.279578,3,1262.520772
-0.021162,1,1262.534859
-2.283253,3,1262.579909
-2.187217,3,1262.630586
-1.105061,2,1262.664279
-1.097099,2,1262.696696
-3.396595,4,1262.76228
-1.084986,2,1262.800832
-2.190371,3,1262.853406
-3.292368,4,1262.913702
-3.278759,4,1262.973785
-2.225875,3,1263.018841
-1.078527,2,1263.053882
-0.036286,1,1263.068897
-1.125415,2,1263.098742
-1.082559,2,1263.129078
-2.224094,3,1263.179666
-3.358728,4,1263.253241
-1.073417,2,1263.283872
-0.017553,1,1263.298886
-1.095629,2,1263.334989
-2.196791,3,1263.384677
-2.239479,3,1263.430767
-2.196951,3,1263.477828
-1.090788,2,1263.514597
-1.066797,2,1263.543913
-1.101154,2,1263.573999
-1.126754,2,1263.602151
-2.29602,3,1263.654724
-2.183028,3,1263.70479
-3.301431,4,1263.758861
-2.242476,3,1263.815546
-1.126774,2,1263.867809
-2.225913,3,1263.925906
-2.235646,3,1263.975659
-2.247427,3,1264.023721
-3.37063,4,1264.089785
-2.197995,3,1264.134505
-1.08858,2,1264.164874
-1.080739,2,1264.195908
-1.138588,2,1264.235683
-1.143293,2,1264.265727
-1.136646,2,1264.293256
-0.049401,1,1264.307771
-2.179178,3,1264.360835
-2.206896,3,1264.406903
-2.22965,3,1264.455655
-2.205569,3,1264.500704
-2.254298,3,1264.569855
-0.039435,1,1264.585879
-3.352906,4,1264.649081
-0.044067,1,1264.66713
-3.275181,4,1264.734945
-2.233316,3,1264.782136
-2.252189,3,1264.826692
-2.242075,3,1264.870739
-3.370069,4,1264.938817
-2.210895,3,1264.988205
-2.208735,3,1265.034817
-1.131783,2,1265.068855
-2.224926,3,1265.117483
-0.049411,1,1265.133002
-2.17263,3,1265.179682
-2.162723,3,1265.234761
-1.08085,2,1265.273819
-2.271537,3,1265.323374
-1.079569,2,1265.352972
-3.39359,4,1265.413125
-2.211495,3,1265.46081
-3.369183,4,1265.525895
-1.121813,2,1265.556053
-1.101906,2,1265.58519
-2.268378,3,1265.639916
-1.114771,2,1265.667064
-1.09102,2,1265.697664
-3.373338,4,1265.799195
-2.241839,3,1265.909934
-2.226956,3,1265.978624
-0.047242,1,1265.998656
-2.192083,3,1266.049727
-1.098222,2,1266.095806
-0.043273,1,1266.115833
-1.118651,2,1266.160896
-2.218055,3,1266.210649
-3.373808,4,1266.323846
-1.096361,2,1266.378592
-0.014316,1,1266.408754
-3.349202,4,1266.485883
-2.169049,3,1266.549606
-0.010768,1,1266.57064
-3.321305,4,1266.652307
-1.083152,2,1266.68084
-0.014269,1,1266.698867
-2.176204,3,1266.750638
-2.18168,3,1266.790688
-3.302368,4,1266.860785
-2.247637,3,1266.907845
-2.195351,3,1266.954335
-1.094426,2,1266.983106
-0.049679,1,1266.997651
-1.075974,2,1267.038207
-3.359131,4,1267.100816
-2.282509,3,1267.146956
-0.040581,1,1267.164127
-1.074477,2,1267.197762
-3.29777,4,1267.260737
-2.22531,3,1267.308793
-3.299261,4,1267.36873
-3.317623,4,1267.437328
-2.169317,3,1267.487631
-2.217888,3,1267.532183
-3.345335,4,1267.593261
-1.127472,2,1267.628828
-1.109522,2,1267.658608
-1.067696,2,1267.688644
-2.241199,3,1267.733699
-2.217326,3,1267.783823
-2.215012,3,1267.828887
-1.128755,2,1267.863081
-1.069064,2,1267.893746
-0.045405,1,1267.914772
-2.194242,3,1267.965881
-2.212665,3,1268.009071
-2.209907,3,1268.063402
-1.129891,2,1268.09462
-1.120495,2,1268.125656
-1.141661,2,1268.157792
-3.336325,4,1268.215862
-3.308119,4,1268.290678
-2.189026,3,1268.335743
-1.128304,2,1268.372324
-3.379207,4,1268.430899
-0.041865,1,1268.449574
-1.093461,2,1268.48579
-2.193082,3,1268.527842
-2.253145,3,1268.576682
-3.337718,4,1268.647273
-2.178332,3,1268.694057
-3.394956,4,1268.757738
-3.326763,4,1268.819188
-3.401778,4,1268.885796
-2.245427,3,1268.935857
-1.073386,2,1268.962991
-2.174544,3,1269.008648
-2.194938,3,1269.054216
-2.184516,3,1269.100843
-2.226681,3,1269.150413
-2.226028,3,1269.196646
-3.287338,4,1269.266955
-1.117971,2,1269.297121
-2.241206,3,1269.342204
-1.088273,2,1269.376728
-2.238896,3,1269.428796
-2.252074,3,1269.476618
-3.396107,4,1269.539505
-1.119366,2,1269.57959
-3.311685,4,1269.65995
-2.206182,3,1269.714614
-2.188292,3,1269.758676
-3.313321,4,1269.823767
-3.392257,4,1269.885573
-2.241297,3,1269.93814
-1.129689,2,1269.967697
-3.284654,4,1270.033282
-1.122643,2,1270.071038
-1.086372,2,1270.099162
-3.290723,4,1270.160031
-3.316884,4,1270.22077
-1.089565,2,1270.260329
-2.22895,3,1270.313658
-3.44506,4,1270.378584
-1.120804,2,1270.407623
-2.180403,3,1270.473719
-2.231979,3,1270.51877
-1.128295,2,1270.5488
-2.169227,3,1270.590851
-2.22636,3,1270.63709
-2.163963,3,1270.685674
-0.039884,1,1270.697684
-2.244919,3,1270.740726
-3.328943,4,1270.808819
-2.210448,3,1270.853373
-2.222128,3,1270.905651
-2.23502,3,1270.947699
-2.191281,3,1271.006778
-2.18933,3,1271.052327
-1.102745,2,1271.086873
-0.022788,1,1271.102387
-0.021637,1,1271.129038
-3.306045,4,1271.188796
-1.074716,2,1271.218834
-1.09889,2,1271.250731
-0.011497,1,1271.274771
-3.321477,4,1271.339835
-1.121831,2,1271.373376
-2.229585,3,1271.417645
-1.107307,2,1271.454326
-0.006746,1,1271.469705
-2.223657,3,1271.517862
-3.321531,4,1271.581136
-2.187819,3,1271.627736
-1.098851,2,1271.6578
-3.351353,4,1271.718882
-2.290383,3,1271.7641
-3.394004,4,1271.828855
-3.385656,4,1271.886646
-0.048875,1,1271.901155
-3.31185,4,1271.968071
-3.310696,4,1272.038836
-3.371822,4,1272.093408
-1.094327,2,1272.124039
-2.233439,3,1272.16487
-1.10888,2,1272.199904
-1.119266,2,1272.229589
-3.365281,4,1272.295725
-3.290299,4,1272.355797
-3.289625,4,1272.429881
-1.136045,2,1272.460464
-2.247776,3,1272.50571
-2.174043,3,1272.550757
-0.035952,1,1272.570788
-2.251328,3,1272.618411
-3.337763,4,1272.687682
-3.337017,4,1272.754767
-0.041956,1,1272.776792
-3.35302,4,1272.834235
-3.407049,4,1272.899669
-2.16885,3,1272.955755
-1.12138,2,1273.003839
-2.228564,3,1273.048897
-2.241091,3,1273.098653
-1.077731,2,1273.13069
-1.11315,2,1273.170739
-2.226855,3,1273.22081
-1.11685,2,1273.256857
-1.118129,2,1273.302936
-2.273093,3,1273.358726
-2.229731,3,1273.406793
-2.234081,3,1273.45335
-2.246347,3,1273.50295
-2.215572,3,1273.554392
-3.268268,4,1273.627889
-2.262749,3,1273.675498
-2.186164,3,1273.72798
-2.25532,3,1273.775881
-2.17432,3,1273.828609
-1.140736,2,1273.8602
-2.186394,3,1273.9023
-3.315049,4,1273.970892
-3.292306,4,1274.03213
-2.159979,3,1274.075689
-2.173347,3,1274.118741
-0.023447,1,1274.13677
-2.194466,3,1274.184827
-1.092325,2,1274.213861
-1.135478,2,1274.244481
-0.038758,1,1274.267023
-2.240466,3,1274.3188
-2.217342,3,1274.368868
-2.225172,3,1274.427603
-2.167505,3,1274.480733
-2.188531,3,1274.525691
-1.084201,2,1274.553899
-2.240868,3,1274.599718
-2.177283,3,1274.652278
-3.290506,4,1274.713897
-1.084796,2,1274.740968
-1.126375,2,1274.770618
-1.104377,2,1274.812177
-2.265225,3,1274.860737
-2.216508,3,1274.900788
-2.235688,3,1274.952359
-3.342658,4,1275.014616
-1.151073,2,1275.053912
-3.330235,4,1275.117739
-2.205995,3,1275.164543
-2.187585,3,1275.209848
-3.320099,4,1275.276557
-1.107246,2,1275.305717
-0.042452,1,1275.32073
-2.200862,3,1275.374816
-2.292453,3,1275.416864
-0.037826,1,1275.430875
-2.242918,3,1275.479122
-2.226995,3,1275.52471
-0.048158,1,1275.540723
-2.211317,3,1275.592349
-1.090771,2,1275.620885
-1.123768,2,1275.65758
-2.197961,3,1275.70317
-2.261337,3,1275.747136
-2.213465,3,1275.79078
-2.223435,3,1275.842339
-0.025447,1,1275.858958
-2.180433,3,1275.914621
-2.245169,3,1275.958719
-3.33402,4,1276.034826
-1.069698,2,1276.063365
-3.30695,4,1276.124446
-2.273539,3,1276.170646
-1.073929,2,1276.210704
-3.429186,4,1276.277843
-1.134896,2,1276.310879
-1.070685,2,1276.345515
-2.26466,3,1276.397672
-0.03951,1,1276.412184
-2.244893,3,1276.458246
-2.219516,3,1276.503746
-2.215913,3,1276.563338
-2.202278,3,1276.607893
-2.248703,3,1276.651304
-0.047477,1,1276.666944
-3.345112,4,1276.73773
-0.027971,1,1276.753251
-0.014244,1,1276.767826
-2.177904,3,1276.810877
-0.042452,1,1276.834411
-1.130589,2,1276.865984
-1.072194,2,1276.902206
-1.078428,2,1276.930737
-3.325488,4,1276.998938
-1.065346,2,1277.033838
-1.091189,2,1277.065107
-2.246955,3,1277.122256
-1.116663,2,1277.156959
-2.212186,3,1277.198568
-1.149447,2,1277.233111
-2.197928,3,1277.278688
-2.239271,3,1277.343783
-3.371523,4,1277.407645
-2.214822,3,1277.45421
-2.267377,3,1277.496911
-2.221764,3,1277.544568
-2.251401,3,1277.592247
-2.215217,3,1277.635803
-0.048749,1,1277.651323
-0.041369,1,1277.670965
-1.125136,2,1277.697592
-1.08074,2,1277.727636
-0.010411,1,1277.745656
-3.38069,4,1277.808752
-2.193654,3,1277.853315
-3.316776,4,1277.922051
-2.192512,3,1277.962106
-2.233956,3,1278.01079
-0.021281,1,1278.032315
-3.346338,4,1278.099642
-1.114792,2,1278.133686
-2.168366,3,1278.182531
-3.326843,4,1278.243137
-3.35706,4,1278.315791
-2.185983,3,1278.375094
-3.316061,4,1278.453273
-2.255605,3,1278.498881
-2.261135,3,1278.548166
-2.27199,3,1278.59878
-0.011833,1,1278.618805
-2.214015,3,1278.673979
-1.067216,2,1278.708679
-1.079922,2,1278.743606
-3.323315,4,1278.820722
-1.140877,2,1278.861004
-1.131181,2,1278.895717
-0.04929,1,1278.914744
-1.122047,2,1278.948287
-1.1046,2,1278.983049
-3.329188,4,1279.042159
-0.004273,1,1279.056184
-1.087725,2,1279.095772
-3.365873,4,1279.160938
-1.138467,2,1279.191032
-2.179265,3,1279.237718
-0.028149,1,1279.257252
-2.184463,3,1279.310149
-2.183687,3,1279.352756
-3.380769,4,1279.419611
-1.120692,2,1279.454657
-1.086217,2,1279.484149
-0.03632,1,1279.500746
-2.244168,3,1279.552351
-2.223252,3,1279.610507
-1.090572,2,1279.64664
-3.314766,4,1279.70815
-1.083326,2,1279.740988
-3.353517,4,1279.816722
-0.007902,1,1279.83575
-2.224235,3,1279.895031
-2.18234,3,1279.940627
-1.131315,2,1279.97718
-2.210984,3,1280.023753
-2.270616,3,1280.076863
-2.218264,3,1280.118913
-0.044733,1,1280.137527
-2.246697,3,1280.186705
-3.380158,4,1280.243278
-2.202291,3,1280.298626
-1.120167,2,1280.342186
-3.341068,4,1280.407813
-1.067133,2,1280.437849
-3.397567,4,1280.493647
-2.235149,3,1280.544276
-3.383478,4,1280.609818
-2.25311,3,1280.652874
-3.341327,4,1280.720605
-3.3158,4,1280.790804
-3.306132,4,1280.851376
-1.126726,2,1280.884115
-0.021628,1,1280.898647
-1.096108,2,1280.935702
-2.261193,3,1280.97679
-2.203666,3,1281.024849
-1.11105,2,1281.056994
-0.01526,1,1281.07558
-2.295596,3,1281.125698
-3.317238,4,1281.195815
-2.234112,3,1281.240867
-1.113758,2,1281.277106
-2.162814,3,1281.32672
-0.041965,1,1281.339735
-2.167744,3,1281.392298
-2.173953,3,1281.442364
-2.184684,3,1281.492144
-1.134948,2,1281.525681
-2.246128,3,1281.570919
-3.299056,4,1281.636821
-3.334344,4,1281.694565
-2.245356,3,1281.740946
-2.232548,3,1281.784656
-3.322701,4,1281.852302
-2.262955,3,1281.899111
-2.271698,3,1281.948725
-2.179654,3,1281.993046
-3.349098,4,1282.075786
-3.387607,4,1282.139868
-2.18959,3,1282.187604
-3.381535,4,1282.255206
-3.299269,4,1282.322961
-2.158032,3,1282.374648
-2.207739,3,1282.417699
-0.04152,1,1282.432212
-3.393792,4,1282.505037
-0.025955,1,1282.520066
-0.019402,1,1282.535089
-2.23824,3,1282.580274
-3.357568,4,1282.646737
-2.249386,3,1282.692287
-2.266641,3,1282.741089
-3.345559,4,1282.800772
-2.225335,3,1282.853354
-2.219168,3,1282.905679
-1.116346,2,1282.936717
-3.305753,4,1283.000819
-2.266964,3,1283.05692
-2.190447,3,1283.103649
-2.270878,3,1283.154228
-2.198997,3,1283.195943
-3.374735,4,1283.260935
-2.183333,3,1283.314472
-3.386526,4,1283.378772
-1.090639,2,1283.409805
-1.117019,2,1283.44585
-3.339848,4,1283.506038
-2.177464,3,1283.556817
-2.2396,3,1283.605884
-2.183339,3,1283.652612
-3.308477,4,1283.712196
-2.24463,3,1283.756255
-2.28043,3,1283.806514
-2.153303,3,1283.861202
-3.343355,4,1283.934848
-1.071295,2,1283.962532
-3.297194,4,1284.024262
-3.302253,4,1284.087079
-2.166285,3,1284.136772
-1.130328,2,1284.163307
-2.236491,3,1284.210694
-0.021707,1,1284.235739
-3.298554,4,1284.298862
-3.331335,4,1284.364153
-1.072925,2,1284.398738
-2.211014,3,1284.45331
-3.390841,4,1284.509117
-0.044328,1,1284.524646
-1.100306,2,1284.555183
-2.191289,3,1284.607774
-1.113622,2,1284.635811
-2.235724,3,1284.688567
-1.1357,2,1284.712264
-2.157688,3,1284.761331
-1.115379,2,1284.792094
-1.11128,2,1284.820625
-1.132614,2,1284.850161
-0.03594,1,1284.867753
-1.070663,2,1284.905802
-3.347036,4,1284.966005
-1.107939,2,1284.996707
-2.196024,3,1285.043263
-3.309944,4,1285.109874
-3.319023,4,1285.172113
-0.042075,1,1285.189637
-1.098585,2,1285.227694
-0.03647,1,1285.243214
-2.27631,3,1285.292336
-1.084952,2,1285.330885
-2.274491,3,1285.392589
-1.085089,2,1285.42375
-3.32185,4,1285.483833
-2.18538,3,1285.526885
-3.374456,4,1285.592632
-3.29134,4,1285.658774
-0.006194,1,1285.670786
-0.037187,1,1285.687809
-2.309823,3,1285.738789
-1.126246,2,1285.768827
-2.236415,3,1285.809873
-2.155053,3,1285.85862
-2.263635,3,1285.907682
-3.355273,4,1285.968806
-2.162464,3,1286.014866
-2.183862,3,1286.057915
-1.110875,2,1286.096141
-2.232123,3,1286.140704
-2.221802,3,1286.186785
-2.234045,3,1286.229833
-2.20008,3,1286.285661
-1.116513,2,1286.324402
-0.049107,1,1286.343738
-2.233683,3,1286.38584
-3.384896,4,1286.455495
-2.229878,3,1286.500664
-0.020773,1,1286.515694
-2.215544,3,1286.565255
-2.24491,3,1286.617007
-3.371991,4,1286.680821
-2.197223,3,1286.725893
-1.143353,2,1286.761527
-1.099852,2,1286.797658
-1.069387,2,1286.827693
-2.170943,3,1286.875756
-2.222867,3,1286.918809
-3.386999,4,1286.9839
-1.06933,2,1287.010557
-0.035759,1,1287.025757
-2.20652,3,1287.077818
-3.314558,4,1287.147899
-1.087536,2,1287.178505
-1.140762,2,1287.210721
-2.25338,3,1287.258778
-1.078556,2,1287.298826
-3.28401,4,1287.358898
-1.104518,2,1287.389964
-2.172264,3,1287.438782
-1.113184,2,1287.474835
-3.360084,4,1287.542411
-2.221557,3,1287.60866
-0.048268,1,1287.62569
-2.182402,3,1287.680825
-2.247683,3,1287.725886
-2.23124,3,1287.773134
-3.288595,4,1287.835751
-2.233079,3,1287.890814
-0.04077,1,1287.904839
-2.200758,3,1287.954902
-2.252014,3,1288.001054
-3.385213,4,1288.066977
-2.273733,3,1288.110628
-2.260252,3,1288.156694
-3.346852,4,1288.213763
-2.268014,3,1288.267803
-2.171366,3,1288.313857
-2.19956,3,1288.363924
-2.220606,3,1288.408819
-1.074172,2,1288.443858
-2.199367,3,1288.489401
-0.028744,1,1288.509519
-0.038482,1,1288.524742
-2.235832,3,1288.575803
-2.254428,3,1288.624861
-2.231114,3,1288.666911
-2.287167,3,1288.713213
-3.302712,4,1288.786883
-2.253488,3,1288.84252
-2.251846,3,1288.886727
-3.376304,4,1288.952301
-3.472255,4,1289.015088
-2.257689,3,1289.063996
-1.123679,2,1289.091039
-3.3069,4,1289.147673
-3.41652,4,1289.213793
-1.140624,2,1289.243829
-0.046208,1,1289.263359
-1.088125,2,1289.289996
-3.27948,4,1289.356714
-2.164831,3,1289.399763
-3.28199,4,1289.460837
-0.023445,1,1289.475858
-3.360634,4,1289.537996
-2.250303,3,1289.580745
-1.082441,2,1289.608781
-2.232214,3,1289.650824
-2.196614,3,1289.697578
-1.126314,2,1289.727618
-3.420978,4,1289.788784
-2.259969,3,1289.842356
-0.00811,1,1289.863386
-1.132934,2,1289.8976
-2.228573,3,1289.95302
-2.217777,3,1290.005845
-2.223166,3,1290.065065
-1.080105,2,1290.100711
-1.11391,2,1290.132254
-3.276353,4,1290.193043
-2.208035,3,1290.245637
-2.244015,3,1290.297601
-2.20756,3,1290.345658
-3.337189,4,1290.409801
-1.147391,2,1290.452356
-2.259594,3,1290.504624
-3.308527,4,1290.566203
-3.361473,4,1290.624255
-1.081546,2,1290.657076
-3.300509,4,1290.728825
-1.095706,2,1290.758371
-1.129014,2,1290.788624
-2.186958,3,1290.842214
-2.262558,3,1290.883819
-2.23268,3,1290.934884
-2.160946,3,1290.980668
-1.130229,2,1291.019719
-1.098703,2,1291.046903
-2.273219,3,1291.090704
-2.230133,3,1291.139766
-0.013891,1,1291.159298
-2.172469,3,1291.203076
-0.041012,1,1291.217636
-1.133256,2,1291.252182
-3.321627,4,1291.313804
-3.365692,4,1291.382913
-2.16628,3,1291.427712
-2.221526,3,1291.47927
-0.049047,1,1291.499905
-1.120244,2,1291.533155
-3.349763,4,1291.594305
-2.229285,3,1291.638834
-2.273332,3,1291.689078
-2.21758,3,1291.730718
-1.119622,2,1291.75831
-1.128484,2,1291.78899
-1.098458,2,1291.824771
-2.218865,3,1291.871332
-1.123419,2,1291.902188
-2.242329,3,1291.948746
-3.307551,4,1292.017843
-2.211175,3,1292.05939
-2.167192,3,1292.106644
-0.039455,1,1292.124173
-2.22068,3,1292.167871
-3.274491,4,1292.234672
-2.210877,3,1292.28325
-1.10875,2,1292.328827
-2.211558,3,1292.399105
-0.037211,1,1292.414746
-2.182073,3,1292.467918
-1.10249,2,1292.499072
-1.074956,2,1292.535358
-3.310024,4,1292.594784
-1.138779,2,1292.624823
-3.451678,4,1292.688733
-3.305864,4,1292.754823
-1.070241,2,1292.790364
-2.190874,3,1292.834641
-0.012787,1,1292.850657
-2.283391,3,1292.905833
-2.260953,3,1292.949885
-2.248321,3,1293.000005
-0.029414,1,1293.015759
-1.091899,2,1293.050801
-1.128467,2,1293.080971
-2.231105,3,1293.125641
-1.137093,2,1293.152171
-3.290015,4,1293.219845
-1.133837,2,1293.250884
-3.33699,4,1293.313116
-1.124664,2,1293.350838
-1.095058,2,1293.390001
-3.378088,4,1293.461245
-2.197515,3,1293.506847
-3.294948,4,1293.567925
-2.24781,3,1293.618131
-0.026464,1,1293.633229
-1.093743,2,1293.663289
-2.264745,3,1293.710701
-0.037032,1,1293.73874
-2.227958,3,1293.783297
-3.366444,4,1293.837867
-3.302439,4,1293.900643
-2.248549,3,1293.952206
-3.329978,4,1294.018714
-2.186325,3,1294.063269
-2.233257,3,1294.108002
-1.121962,2,1294.147671
-2.217692,3,1294.194753
-0.027399,1,1294.210768
-3.30711,4,1294.269526
-3.32652,4,1294.340748
-1.084076,2,1294.370289
-2.208287,3,1294.418058
-3.401214,4,1294.48669
-3.332453,4,1294.566318
-3.321544,4,1294.625806
-0.049396,1,1294.645829
-2.229188,3,1294.690659
-0.020024,1,1294.710684
-0.036371,1,1294.726709
-3.340852,4,1294.788797
-2.248167,3,1294.83587
-2.200685,3,1294.890998
-3.318528,4,1294.950694
-1.074849,2,1294.985813
-1.119347,2,1295.016849
-1.132147,2,1295.0539
-3.277947,4,1295.120645
-2.250692,3,1295.164208
-2.181407,3,1295.20993
-0.017303,1,1295.227583
-3.314283,4,1295.296705
-2.213238,3,1295.344392
-1.080495,2,1295.382475
-2.204375,3,1295.430661
-2.224007,3,1295.477732
-3.310105,4,1295.544826
-1.142637,2,1295.572941
-2.205035,3,1295.624116
-2.172017,3,1295.666782
-2.237636,3,1295.712339
-1.122869,2,1295.748892
-3.303327,4,1295.80771
-2.24661,3,1295.853771
-1.099269,2,1295.883308
-1.101616,2,1295.915586
-1.087049,2,1295.956635
-2.207416,3,1296.001209
-3.294879,4,1296.06286
-2.155718,3,1296.107038
-1.122798,2,1296.142153
-3.306675,4,1296.211488
-1.099284,2,1296.242152
-3.358556,4,1296.304837
-2.232202,3,1296.367916
-2.285323,3,1296.416692
-2.213854,3,1296.461243
-2.210539,3,1296.51082
-0.038833,1,1296.530846
-2.266045,3,1296.579079
-2.230041,3,1296.624203
-2.256114,3,1296.668218
-2.242894,3,1296.719733
-3.28396,4,1296.778313
-1.13929,2,1296.810929
-3.325595,4,1296.86966
-2.181303,3,1296.919731
-3.355841,4,1296.993959
-2.285337,3,1297.068343
-2.226562,3,1297.176983
-1.081918,2,1297.225814
-2.276248,3,1297.281075
-3.309392,4,1297.354716
-0.030757,1,1297.380045
-1.089342,2,1297.428772
-1.122679,2,1297.468893
-2.279846,3,1297.52007
-1.129201,2,1297.554713
-2.190721,3,1297.602835
-3.310016,4,1297.664117
-1.112352,2,1297.697713
-2.190091,3,1297.743263
-1.125067,2,1297.776312
-2.228527,3,1297.823025
-3.292896,4,1297.885692
-2.266758,3,1297.936746
-1.136234,2,1297.970793
-3.308673,4,1298.038896
-2.166657,3,1298.101031
-3.348171,4,1298.168722
-0.029167,1,1298.186748
-1.124768,2,1298.226812
-1.132061,2,1298.259358
-0.030133,1,1298.274377
-2.176184,3,1298.332274
-3.278972,4,1298.399694
-2.272482,3,1298.445807
-1.133098,2,1298.483069
-1.080543,2,1298.518666
-1.092253,2,1298.553714
-2.201481,3,1298.599997
-1.105158,2,1298.629583
-1.113991,2,1298.664835
-3.274027,4,1298.738773
-3.320652,4,1298.798553
-1.114858,2,1298.829589
-0.042958,1,1298.850614
-0.042793,1,1298.866721
-1.133253,2,1298.899756
-0.013862,1,1298.917391
-2.184559,3,1298.969067
-2.247771,3,1299.015689
-1.122325,2,1299.048727
-2.212136,3,1299.093818
-2.264666,3,1299.144707
-0.022096,1,1299.159391
-2.213851,3,1299.209614
-2.162663,3,1299.258193
-3.304358,4,1299.3288
-2.231948,3,1299.387022
-3.306179,4,1299.453983
-1.112779,2,1299.484759
-0.006726,1,1299.503982
-2.190082,3,1299.549241
-2.205091,3,1299.593409
-2.242664,3,1299.640659
-1.139292,2,1299.674203
-2.212788,3,1299.718926
-2.211073,3,1299.765178
-0.010707,1,1299.778189
-2.218222,3,1299.828784
-2.227081,3,1299.875003
-3.335698,4,1299.935714
-2.212027,3,1299.983893
-3.275187,4,1300.056615
-1.123916,2,1300.090695
-2.183805,3,1300.149772
-2.226972,3,1300.205597
-2.229696,3,1300.260174
-1.066057,2,1300.289986
-2.21458,3,1300.343631
-3.332188,4,1300.406762
-1.125494,2,1300.443809
-1.123743,2,1300.477044
-2.243256,3,1300.529756
-1.088063,2,1300.563227
-1.127916,2,1300.598107
-2.239621,3,1300.643756
-1.067893,2,1300.673882
-1.121931,2,1300.703934
-2.189404,3,1300.754594
-2.233073,3,1300.798749
-2.241688,3,1300.843395
-2.167666,3,1300.888033
-1.1107,2,1300.920664
-1.129143,2,1300.947698
-2.241131,3,1300.994888
-2.250158,3,1301.03995
-0.041549,1,1301.0576
-3.292661,4,1301.124735
-3.32903,4,1301.18293
-2.213572,3,1301.227602
-2.193061,3,1301.278183
-3.291298,4,1301.337828
-2.215115,3,1301.394616
-3.348926,4,1301.455692
-1.088492,2,1301.492304
-0.036802,1,1301.510006
-0.032936,1,1301.52555
-1.125208,2,1301.55909
-3.305353,4,1301.628722
-1.119619,2,1301.65926
-1.07461,2,1301.688896
-2.202993,3,1301.733608
-0.012643,1,1301.754038
-2.279135,3,1301.798594
-2.266884,3,1301.862702
-2.210043,3,1301.914562
-2.223581,3,1301.976743
-3.398787,4,1302.052339
-2.205969,3,1302.106585
-1.084958,2,1302.143636
-2.273466,3,1302.212216
-2.215631,3,1302.272296
-2.15758,3,1302.325873
-1.131986,2,1302.361414
-3.320855,4,1302.440761
-2.265618,3,1302.500848
-2.23769,3,1302.552938
-0.037546,1,1302.578337
-1.139052,2,1302.618606
-2.244546,3,1302.663849
-0.0057,1,1302.679863
-2.244382,3,1302.730558
-1.097938,2,1302.766363
-3.308595,4,1302.82571
-2.232247,3,1302.868262
-2.162957,3,1302.91506
-1.082635,2,1302.955705
-2.231139,3,1302.999892
-2.217865,3,1303.043077
-2.25116,3,1303.090663
-2.228855,3,1303.142233
-3.340235,4,1303.204929
-2.201404,3,1303.251555
-1.123675,2,1303.280662
-2.205421,3,1303.330722
-2.159226,3,1303.382289
-2.236674,3,1303.43085
-2.19102,3,1303.475987
-0.048217,1,1303.494709
-1.093878,2,1303.523746
-0.033958,1,1303.542266
-2.22351,3,1303.586838
-0.011848,1,1303.607866
-3.308141,4,1303.663962
-2.179595,3,1303.711104
-2.248845,3,1303.762209
-3.373884,4,1303.829894
-3.365387,4,1303.894655
-1.134156,2,1303.93069
-2.236398,3,1303.974557
-3.319757,4,1304.040679
-1.10532,2,1304.07322
-1.097404,2,1304.102259
-0.032122,1,1304.115783
-2.183458,3,1304.170842
-2.164439,3,1304.214907
-1.079469,2,1304.244556
-2.22665,3,1304.295894
-2.201607,3,1304.338985
-3.347467,4,1304.406932
-1.081584,2,1304.436046
-2.265009,3,1304.486645
-2.190868,3,1304.537712
-3.378294,4,1304.59979
-2.207158,3,1304.648841
-2.278387,3,1304.694903
-2.244383,3,1304.745661
-3.319043,4,1304.807737
-2.280677,3,1304.850786
-2.22175,3,1304.899847
-2.157184,3,1304.945914
-1.103099,2,1304.977987
-2.282128,3,1305.024726
-2.23939,3,1305.069779
-2.176796,3,1305.11984
-2.208474,3,1305.163893
-0.01339,1,1305.178909
-3.375346,4,1305.24071
-0.008132,1,1305.258731
-1.070834,2,1305.290876
-0.031251,1,1305.306898
-2.175937,3,1305.356587
-0.035884,1,1305.382151
-1.119843,2,1305.416698
-1.124216,2,1305.446733
-2.236966,3,1305.493786
-3.336296,4,1305.558867
-2.203291,3,1305.6045
-2.211551,3,1305.648691
-1.09069,2,1305.680721
-3.363684,4,1305.743308
-1.134883,2,1305.773342
-2.154883,3,1305.820902
-3.304306,4,1305.880614
-1.11739,2,1305.914666
-3.361923,4,1305.97877
-0.035806,1,1305.993793
-0.023833,1,1306.00881
-1.116461,2,1306.045861
-3.383235,4,1306.108639
-3.282796,4,1306.16671
-2.175451,3,1306.217762
-1.113723,2,1306.253811
-2.238757,3,1306.298864
-2.192946,3,1306.348926
-2.225571,3,1306.398909
-2.193002,3,1306.455632
-2.234366,3,1306.499772
-3.317727,4,1306.560842
-2.271888,3,1306.606956
-0.010362,1,1306.625988
-0.006447,1,1306.642532
-2.242278,3,1306.690249
-2.22667,3,1306.729598
-2.203886,3,1306.78225
-2.16812,3,1306.826808
-3.394868,4,1306.892404
-2.256904,3,1306.939691
-3.433456,4,1307.007957
-0.024522,1,1307.023096
-1.132568,2,1307.053633
-2.218652,3,1307.105573
-2.287679,3,1307.150618
-3.322995,4,1307.217808
-3.3242,4,1307.280608
-0.035351,1,1307.29763
-1.080656,2,1307.329668
-2.212863,3,1307.379238
-3.386017,4,1307.447862
-3.31021,4,1307.509221
-3.300183,4,1307.57392
-1.115521,2,1307.603653
-2.243542,3,1307.654717
-2.195926,3,1307.698925
-1.076621,2,1307.728524
-0.007892,1,1307.744045
-1.062795,2,1307.772717
-1.121638,2,1307.804815
-1.089012,2,1307.838852
-3.294837,4,1307.905122
-2.190279,3,1307.953197
-3.302877,4,1308.015022
-3.291104,4,1308.081233
-3.420521,4,1308.145853
-0.025252,1,1308.160865
-1.130941,2,1308.196563
-2.190563,3,1308.24367
-2.183223,3,1308.289795
-2.172021,3,1308.338856
-2.17989,3,1308.39308
-0.047905,1,1308.419262
-0.02052,1,1308.434283
-2.244394,3,1308.480016
-2.191413,3,1308.530611
-2.253358,3,1308.585779
-0.022235,1,1308.602299
-0.014012,1,1308.624838
-2.233639,3,1308.670395
-2.188156,3,1308.72862
-3.281878,4,1308.790197
-1.094275,2,1308.820904
-1.085462,2,1308.860595
-2.222874,3,1308.912187
-0.048957,1,1308.927711
-2.245321,3,1308.973274
-0.002282,1,1308.987063
-3.403046,4,1309.055703
-1.088817,2,1309.087847
-1.132296,2,1309.117883
-3.26706,4,1309.181549
-2.288495,3,1309.233207
-2.262837,3,1309.276819
-3.298185,4,1309.335902
-2.23963,3,1309.380275
-2.206977,3,1309.432925
-1.124279,2,1309.462981
-2.207239,3,1309.515338
-1.088904,2,1309.543162
-1.076364,2,1309.577922
-2.214206,3,1309.62772
-2.265018,3,1309.672777
-2.260544,3,1309.723392
-3.333087,4,1309.788141
-0.038618,1,1309.804883
-2.286777,3,1309.852476
-2.27634,3,1309.898671
-2.177497,3,1309.949741
-2.173967,3,1309.993296
-3.306685,4,1310.060707
-1.138401,2,1310.087763
-2.185887,3,1310.136828
-3.394266,4,1310.198631
-3.32082,4,1310.270223
-2.236451,3,1310.330643
-1.123871,2,1310.382743
-2.177146,3,1310.443179
-1.085429,2,1310.477856
-2.232363,3,1310.532478
-2.179745,3,1310.592159
-2.229201,3,1310.644483
-0.004729,1,1310.662939
-2.221434,3,1310.717803
-0.044225,1,1310.740339
-2.171203,3,1310.7942
-1.116871,2,1310.827714
-2.244548,3,1310.876284
-1.1075,2,1310.916946
-1.120084,2,1310.949047
-2.247081,3,1310.993715
-2.239953,3,1311.045778
-1.138337,2,1311.080919
-2.220692,3,1311.123038
-1.088141,2,1311.156756
-1.066842,2,1311.184292
-1.061167,2,1311.216987
-2.233733,3,1311.266708
-2.240893,3,1311.308041
-1.091946,2,1311.336679
-3.33938,4,1311.414945
-2.263621,3,1311.463638
-2.215269,3,1311.513315
-2.205567,3,1311.560872
-1.114005,2,1311.598065
-3.304248,4,1311.657763
-3.36244,4,1311.722417
-3.300493,4,1311.778649
-1.08619,2,1311.823718
-2.177454,3,1311.878292
-2.24185,3,1311.930099
-2.197539,3,1311.976218
-1.072913,2,1312.013932
-1.12113,2,1312.045099
-0.043789,1,1312.057749
-1.107884,2,1312.090285
-1.095228,2,1312.129967
-0.018768,1,1312.144723
-2.203008,3,1312.186272
-2.218431,3,1312.234936
-2.240439,3,1312.290118
-2.23812,3,1312.335706
-2.246175,3,1312.383271
-1.14797,2,1312.420971
-2.19689,3,1312.479285
-1.109979,2,1312.51095
-2.214876,3,1312.55314
-2.225551,3,1312.602362
-2.192006,3,1312.650641
-1.136467,2,1312.682273
-3.423798,4,1312.742343
-2.207855,3,1312.786939
-0.033143,1,1312.809622
-2.16653,3,1312.852173
-2.239677,3,1312.902231
-0.047385,1,1312.915855
-1.069146,2,1312.950894
-3.307356,4,1313.009734
-1.139849,2,1313.042387
-2.166242,3,1313.090971
-1.105259,2,1313.125638
-2.271884,3,1313.167688
-1.12292,2,1313.200229
-2.16411,3,1313.250651
-3.311405,4,1313.321246
-0.010182,1,1313.337851
-2.16125,3,1313.383912
-2.190008,3,1313.430665
-1.140995,2,1313.473275
-2.185332,3,1313.517831
-2.26269,3,1313.563885
-3.385224,4,1313.62308
-2.186365,3,1313.674257
-0.014443,1,1313.688788
-2.24661,3,1313.733897
-2.17871,3,1313.785147
-1.097495,2,1313.819867
-2.229656,3,1313.864602
-3.306857,4,1313.929749
-0.034136,1,1313.945783
-3.355422,4,1314.015033
-0.034359,1,1314.030076
-3.356729,4,1314.088717
-1.136528,2,1314.120751
-3.38466,4,1314.190858
-1.114569,2,1314.22591
-2.296368,3,1314.277647
-2.202137,3,1314.326629
-1.128448,2,1314.360667
-2.248394,3,1314.40591
-3.346809,4,1314.472589
-2.193682,3,1314.516675
-3.271053,4,1314.582257
-1.090567,2,1314.612793
-2.223674,3,1314.657908
-2.219191,3,1314.707678
-2.243511,3,1314.76124
-3.329274,4,1314.823929
-3.347871,4,1314.887877
-1.086982,2,1314.919917
-1.075997,2,1314.960901
-3.318702,4,1315.024593
-3.320682,4,1315.087663
-3.316732,4,1315.149734
-2.195382,3,1315.205818
-2.223843,3,1315.250866
-2.206208,3,1315.300467
-1.075607,2,1315.333059
-3.409154,4,1315.399908
-2.251733,3,1315.450612
-2.160817,3,1315.500896
-3.380656,4,1315.563736
-1.07657,2,1315.599773
-1.118585,2,1315.632315
-2.158906,3,1315.675876
-1.095155,2,1315.711547
-2.256258,3,1315.765759
-3.326087,4,1315.823828
-2.231348,3,1315.872388
-2.249261,3,1315.914568
-3.385608,4,1315.978664
-2.176673,3,1316.022221
-0.048192,1,1316.037743
-2.244854,3,1316.090806
-3.325245,4,1316.155029
-1.069262,2,1316.187775
-3.296356,4,1316.24684
-1.118157,2,1316.277876
-3.368847,4,1316.337058
-2.220576,3,1316.388733
-3.375035,4,1316.460341
-1.08379,2,1316.50096
-3.300521,4,1316.572189
-3.297816,4,1316.646642
-3.306948,4,1316.70872
-2.247379,3,1316.758793
-0.019935,1,1316.775823
-0.035338,1,1316.793844
-2.241931,3,1316.840899
-3.334957,4,1316.907648
-3.333669,4,1316.976733
-3.415518,4,1317.035813
-0.01569,1,1317.052328
-1.113227,2,1317.086883
-2.220328,3,1317.136033
-3.34531,4,1317.195564
-2.19998,3,1317.240666
-0.014957,1,1317.256691
-3.3794,4,1317.321018
-3.370665,4,1317.383189
-2.229555,3,1317.428737
-0.040045,1,1317.443759
-2.253849,3,1317.504877
-1.103763,2,1317.534695
-0.043249,1,1317.548935
-3.300652,4,1317.610166
-1.097399,2,1317.649722
-0.049775,1,1317.665746
-1.088633,2,1317.704354
-2.172413,3,1317.754864
-2.226024,3,1317.803964
-0.030975,1,1317.820502
-0.030483,1,1317.836622
-0.046216,1,1317.850635
-3.394868,4,1317.915756
-3.2903,4,1317.977326
-2.225808,3,1318.026654
-3.335803,4,1318.092753
-2.203548,3,1318.14244
-1.124108,2,1318.173651
-1.072815,2,1318.202296
-2.241808,3,1318.246853
-0.012248,1,1318.272392
-2.160326,3,1318.317673
-0.036433,1,1318.333193
-2.179097,3,1318.379258
-3.284812,4,1318.443765
-1.110009,2,1318.480872
-1.099046,2,1318.512933
-3.298692,4,1318.573149
-1.140482,2,1318.602383
-0.01573,1,1318.617904
-2.227767,3,1318.660656
-3.446583,4,1318.724743
-0.013141,1,1318.745767
-2.251944,3,1318.794512
-1.083703,2,1318.82463
-0.022893,1,1318.842145
-1.124207,2,1318.880205
-2.233278,3,1318.93079
-2.164162,3,1318.972344
-1.116332,2,1319.001024
-1.07976,2,1319.039642
-2.20198,3,1319.087206
-2.239746,3,1319.133368
-3.413842,4,1319.192976
-2.273767,3,1319.24686
-1.127716,2,1319.276397
-0.025363,1,1319.293144
-2.232009,3,1319.339729
-3.289915,4,1319.400934
-1.119756,2,1319.430968
-2.246893,3,1319.481121
-2.166567,3,1319.524789
-0.039286,1,1319.543312
-1.122017,2,1319.572351
-3.393014,4,1319.644405
-1.069779,2,1319.675709
-1.134207,2,1319.719918
-1.092106,2,1319.750569
-3.335653,4,1319.816872
-2.205787,3,1319.86093
-3.332259,4,1319.936775
-2.249646,3,1319.986701
-2.204052,3,1320.033252
-3.362524,4,1320.092319
-3.301855,4,1320.162247
-0.037784,1,1320.178273
-1.12762,2,1320.205895
-3.311168,4,1320.268644
-3.438277,4,1320.339895
-3.364621,4,1320.399869
-3.366216,4,1320.466671
-3.365466,4,1320.537915
-2.213391,3,1320.593254
-2.192828,3,1320.640812
-2.167825,3,1320.688385
-3.412505,4,1320.74572
-1.074869,2,1320.790287
-3.35394,4,1320.92577
-0.02119,1,1320.947804
-2.243626,3,1321.016685
-2.262306,3,1321.074265
-2.244189,3,1321.126878
-3.301782,4,1321.210669
-2.231996,3,1321.267753
-3.318731,4,1321.33333
-3.333417,4,1321.398977
-3.269739,4,1321.459759
-1.128974,2,1321.489794
-1.125618,2,1321.530848
-2.260714,3,1321.579408
-3.356614,4,1321.636739
-1.124371,2,1321.668782
-0.036427,1,1321.686319
-2.174325,3,1321.730882
-2.181324,3,1321.775035
-2.214074,3,1321.938751
-2.220818,3,1322.019691
-1.111737,2,1322.055746
-3.300759,4,1322.134705
-0.044957,1,1322.157739
-2.256643,3,1322.227898
-3.294914,4,1322.293138
-1.094219,2,1322.323333
-2.17977,3,1322.375492
-2.258733,3,1322.425815
-2.221639,3,1322.472371
-2.239689,3,1322.521098
-2.173681,3,1322.56876
-1.123286,2,1322.605903
-3.306804,4,1322.666721
-2.285895,3,1322.711267
-1.063738,2,1322.740891
-2.225932,3,1322.800026
-1.074048,2,1322.830681
-2.236053,3,1322.875744
-2.201533,3,1322.926913
-1.104517,2,1322.961497
-3.386869,4,1323.013372
-1.089755,2,1323.078204
-3.311945,4,1323.232996
-1.133634,2,1323.312385
-1.098915,2,1323.397769
-1.115982,2,1323.475747
-2.19774,3,1323.586311
-0.042455,1,1323.622117
-1.113076,2,1323.68122
-0.049795,1,1323.70903
-1.116031,2,1323.763241
-0.039784,1,1323.794918
-0.042065,1,1323.826619
-2.244142,3,1323.916876
-3.283351,4,1324.025648
-1.07399,2,1324.082379
-2.239425,3,1324.159639
-3.502007,4,1324.254607
-1.092645,2,1324.30505
-2.27267,3,1324.392345
-2.223005,3,1324.472134
-2.222326,3,1324.562345
-3.312111,4,1324.663751
-2.227314,3,1324.749677
-1.144311,2,1324.800841
-2.174554,3,1324.886061
-2.267414,3,1324.960716
-2.230855,3,1325.034913
-3.354905,4,1325.070639
-3.322689,4,1325.104702
-2.231619,3,1325.137738
-1.132079,2,1325.164788
-2.158066,3,1325.194314
-1.107497,2,1325.217943
-2.210899,3,1325.247076
-2.258922,3,1325.281123
-1.077065,2,1325.303653
-2.185818,3,1325.330653
-3.362815,4,1325.368655
-2.172425,3,1325.412162
-2.239539,3,1325.449162
-1.129914,2,1325.468162
-2.262849,3,1325.501162
-3.351177,4,1325.546163
-2.226544,3,1325.590167
-1.124521,2,1325.624162
-1.124752,2,1325.657162
-1.113384,2,1325.691163
-2.2478,3,1325.724165
-3.369303,4,1325.765675
-1.070549,2,1325.789675
-3.317577,4,1325.839677
-1.080704,2,1325.859674
-2.262008,3,1325.888675
-3.289182,4,1325.934673
-2.165535,3,1325.971674
-0.044797,1,1325.982675
-2.168647,3,1326.014674
-3.295036,4,1326.056674
-2.249821,3,1326.094677
-3.354587,4,1326.137674
-3.356083,4,1326.177674
-2.156238,3,1326.208674
-2.249294,3,1326.244674
-2.214032,3,1326.272674
-2.21315,3,1326.310675
-1.103822,2,1326.331674
-2.245977,3,1326.366673
-2.222293,3,1326.398673
-0.041183,1,1326.408674
-2.248808,3,1326.441674
-0.008943,1,1326.454674
-3.350649,4,1326.497674
-1.076376,2,1326.516674
-3.27346,4,1326.553674
-1.120492,2,1326.575674
-1.138961,2,1326.593673
-3.317547,4,1326.629673
-1.135477,2,1326.646674
-2.257184,3,1326.679674
-2.170601,3,1326.708675
-2.229398,3,1326.743674
-3.340448,4,1326.783674
-1.09906,2,1326.808675
-1.096475,2,1326.829674
-0.042663,1,1326.838674
-3.301483,4,1326.880183
-2.20089,3,1326.914185
-2.177362,3,1326.945185
-2.255824,3,1326.972183
-0.014121,1,1326.981184
-1.115577,2,1327.008184
-3.322426,4,1327.051906
-0.026399,1,1327.062163
-2.155189,3,1327.094376
-2.26212,3,1327.134376
-3.299634,4,1327.178521
-2.257193,3,1327.208522
-1.138614,2,1327.228629
-0.045277,1,1327.243751
-2.230574,3,1327.277181
-3.316799,4,1327.316177
-1.135427,2,1327.337178
-2.217399,3,1327.373177
-1.115468,2,1327.394177
-2.265174,3,1327.424177
-1.064872,2,1327.441921
-3.341882,4,1327.486106
-1.108373,2,1327.505106
-1.11031,2,1327.523106
-2.222747,3,1327.55529
-3.427037,4,1327.601543
-2.173782,3,1327.629541
-2.272827,3,1327.659637
-3.298227,4,1327.6972
-1.129591,2,1327.721201
-3.295563,4,1327.759201
-1.116913,2,1327.779277
-3.358718,4,1327.820277
-2.246981,3,1327.853276
-3.273381,4,1327.894597
-1.073652,2,1327.913954
-0.037583,1,1327.925033
-1.113231,2,1327.949033
-2.172294,3,1327.978033
-2.27377,3,1328.008544
-2.23243,3,1328.040544
-1.120179,2,1328.063544
-3.393023,4,1328.102545
-3.357464,4,1328.145063
-0.048568,1,1328.155064
-2.192133,3,1328.186064
-2.230905,3,1328.218063
-1.126439,2,1328.237158
-0.005083,1,1328.248159
-2.262145,3,1328.284251
-0.037629,1,1328.295252
-3.375592,4,1328.333252
-1.091647,2,1328.353252
-1.094121,2,1328.379251
-3.378834,4,1328.418251
-2.21081,3,1328.447251
-0.020044,1,1328.457251
-2.166031,3,1328.492251
-2.213317,3,1328.523251
-2.225665,3,1328.555427
-2.203746,3,1328.583836
-1.08002,2,1328.611058
-0.033764,1,1328.622057
-3.293109,4,1328.66112
-2.22336,3,1328.692327
-1.07197,2,1328.717327
-3.358483,4,1328.756327
-1.133319,2,1328.776327
-0.030318,1,1328.786327
-2.2254,3,1328.822327
-3.281408,4,1328.863327
-3.310688,4,1328.903949
-1.093993,2,1328.923101
-2.245343,3,1328.955101
-2.233269,3,1328.985101
-2.243056,3,1329.016149
-1.140751,2,1329.037148
-1.092885,2,1329.063148
-2.270439,3,1329.095148
-0.024433,1,1329.105298
-3.388353,4,1329.149298
-2.263735,3,1329.190809
-1.109135,2,1329.214921
-3.306614,4,1329.255353
-0.031797,1,1329.266353
-2.193265,3,1329.299353
-2.203988,3,1329.330589
-2.185069,3,1329.364707
-3.357329,4,1329.403782
-3.349195,4,1329.447004
-2.228363,3,1329.478125
-1.119538,2,1329.499125
-2.245617,3,1329.526125
-2.230933,3,1329.562125
-2.19119,3,1329.593219
-2.159995,3,1329.623219
-1.137737,2,1329.645219
-3.358741,4,1329.691393
-1.120291,2,1329.709393
-2.215847,3,1329.738497
-3.278419,4,1329.77771
-0.039332,1,1329.79371
-1.146927,2,1329.813949
-2.210317,3,1329.841949
-1.085308,2,1329.859949
-2.205911,3,1329.896477
-1.117391,2,1329.917476
-2.18621,3,1329.94762
-3.294812,4,1329.986973
-1.123361,2,1330.010973
-1.134459,2,1330.033063
-2.193726,3,1330.063428
-2.165408,3,1330.093846
-1.111782,2,1330.120916
-1.131402,2,1330.146916
-0.044653,1,1330.157917
-2.167339,3,1330.188915
-1.076997,2,1330.211915
-2.227317,3,1330.244915
-3.371673,4,1330.286917
-1.108174,2,1330.307424
-0.033256,1,1330.323533
-0.029308,1,1330.334533
-2.241714,3,1330.364531
-2.204855,3,1330.389636
-3.301528,4,1330.434635
-2.238777,3,1330.465889
-1.116221,2,1330.486889
-0.024952,1,1330.496889
-2.194831,3,1330.534964
-1.099947,2,1330.558312
-2.164729,3,1330.589392
-3.297676,4,1330.628838
-2.235285,3,1330.667138
-3.303982,4,1330.709255
-2.250624,3,1330.740623
-1.101187,2,1330.76262
-1.090787,2,1330.787826
-3.319957,4,1330.834642
-3.318041,4,1330.890775
-3.421417,4,1330.933777
-0.031183,1,1330.951776
-3.378173,4,1330.997968
-2.248047,3,1331.029968
-3.381323,4,1331.07309
-3.29113,4,1331.123178
-0.035957,1,1331.134179
-2.210469,3,1331.166178
-2.200735,3,1331.195397
-2.24531,3,1331.230395
-2.238464,3,1331.262395
-2.189986,3,1331.294394
-2.270293,3,1331.329462
-1.120529,2,1331.354461
-2.199137,3,1331.382462
-1.075847,2,1331.404463
-3.385643,4,1331.449971
-1.129184,2,1331.478972
-2.225976,3,1331.50719
-2.218043,3,1331.537349
-1.098825,2,1331.557347
-2.169831,3,1331.591348
-2.261927,3,1331.619694
-0.048318,1,1331.628815
-2.262859,3,1331.660815
-1.08568,2,1331.682993
-3.323802,4,1331.723335
-2.244827,3,1331.754789
-3.289822,4,1331.793025
-3.327917,4,1331.837025
-0.047856,1,1331.848025
-3.483741,4,1331.891118
-1.115761,2,1331.910366
-2.198102,3,1331.942579
-2.173508,3,1331.973695
-1.074018,2,1331.992824
-2.231218,3,1332.020898
-3.281072,4,1332.069897
-1.074684,2,1332.091897
-2.173647,3,1332.120148
-2.250867,3,1332.149488
-2.210076,3,1332.184757
-2.246997,3,1332.215821
-1.137109,2,1332.235965
-2.212911,3,1332.26727
-2.219539,3,1332.302273
-2.233415,3,1332.32927
-3.321729,4,1332.36827
-0.045305,1,1332.378486
-2.207512,3,1332.414731
-2.166381,3,1332.445799
-1.139507,2,1332.464927
-2.251147,3,1332.492034
-2.25184,3,1332.527037
-3.286105,4,1332.664929
-0.026883,1,1332.673927
-2.163507,3,1332.701927
-1.136543,2,1332.727928
-2.179533,3,1332.757928
-2.237141,3,1332.785928
-1.104101,2,1332.805927
-0.033847,1,1332.819927
-2.162263,3,1332.852928
-1.089271,2,1332.872926
-1.138642,2,1332.893144
-2.29362,3,1332.927366
-3.333565,4,1332.967364
-2.191162,3,1332.99849
-3.357101,4,1333.035608
-2.18864,3,1333.070609
-3.425984,4,1333.110699
-2.218533,3,1333.140019
-2.181371,3,1333.171111
-3.361203,4,1333.21611
-0.026937,1,1333.22311
-2.241755,3,1333.254109
-2.223817,3,1333.285294
-2.246446,3,1333.320294
-2.237041,3,1333.348459
-2.180038,3,1333.377626
-2.269143,3,1333.409625
-1.089339,2,1333.432625
-3.300647,4,1333.471814
-3.342211,4,1333.510813
-0.023971,1,1333.521816
-2.195112,3,1333.556813
-2.179329,3,1333.585814
-3.341953,4,1333.669859
-2.166707,3,1333.707173
-2.182059,3,1333.752682
-1.122665,2,1333.770681
-1.081545,2,1333.788794
-2.181356,3,1333.820794
-3.279116,4,1333.864795
-3.358855,4,1333.903107
-0.027332,1,1333.914239
-1.102273,2,1333.93624
-2.172443,3,1333.975239
-3.292324,4,1334.018083
-0.034917,1,1334.029313
-2.188585,3,1334.060433
-2.211187,3,1334.092433
-3.300223,4,1334.132983
-1.128703,2,1334.153983
-1.125684,2,1334.173982
-2.245497,3,1334.208985
-1.132472,2,1334.227983
-2.276511,3,1334.258985
-1.137295,2,1334.278123
-3.351089,4,1334.322123
-2.198142,3,1334.353389
-0.043889,1,1334.364388
-3.336951,4,1334.405388
-0.02533,1,1334.418388
-2.202412,3,1334.448547
-0.031242,1,1334.457625
-2.156023,3,1334.488624
-0.043813,1,1334.504625
-3.295374,4,1334.548625
-2.16641,3,1334.577627
-3.315637,4,1334.618739
-0.045958,1,1334.63292
-2.252182,3,1334.66292
-3.377975,4,1334.70343
-3.379516,4,1334.742647
-0.045889,1,1334.755647
-1.135264,2,1334.776715
-0.037944,1,1334.786716
-2.257031,3,1334.817717
-1.119674,2,1334.843718
-2.258219,3,1334.877315
-1.138283,2,1334.897579
-0.049736,1,1334.907736
-2.239059,3,1334.941855
-1.12352,2,1334.962854
-2.16208,3,1334.991936
-3.36089,4,1335.033134
-2.218186,3,1335.068134
-1.123294,2,1335.088135
-1.133033,2,1335.108134
-3.27443,4,1335.146136
-2.243114,3,1335.181134
-2.238757,3,1335.209225
-2.249621,3,1335.23756
-3.3366,4,1335.27956
-2.177079,3,1335.31256
-1.141067,2,1335.333693
-1.128427,2,1335.355692
-3.297467,4,1335.395693
-2.277628,3,1335.429692
-2.285155,3,1335.461772
-1.133946,2,1335.480772
-2.185637,3,1335.509924
-2.20047,3,1335.544923
-2.253828,3,1335.576923
-1.078601,2,1335.594923
-3.410951,4,1335.634923
-1.096209,2,1335.656095
-1.07089,2,1335.673094
-0.020363,1,1335.685094
-2.19659,3,1335.712093
-0.04563,1,1335.726094
-2.176617,3,1335.756094
-3.38175,4,1335.796095
-0.03384,1,1335.805168
-2.221963,3,1335.840169
-0.027418,1,1335.849168
-2.190059,3,1335.877602
-2.249284,3,1335.908665
-2.179497,3,1335.940794
-0.044286,1,1335.949882
-2.217534,3,1335.979136
-2.206345,3,1336.009016
-2.156066,3,1336.047015
-2.179517,3,1336.075013
-2.195811,3,1336.101014
-2.230223,3,1336.131152
-1.099067,2,1336.156151
-2.198255,3,1336.188318
-2.198492,3,1336.217515
-1.079198,2,1336.23869
-3.342312,4,1336.283692
-2.278528,3,1336.313395
-3.32615,4,1336.355578
-2.203408,3,1336.386579
-3.406303,4,1336.429579
-2.189306,3,1336.460578
-3.286705,4,1336.49884
-2.258715,3,1336.525909
-1.131989,2,1336.551136
-2.265514,3,1336.581134
-2.157699,3,1336.610133
-2.202495,3,1336.640242
-0.048193,1,1336.654241
-1.098925,2,1336.676387
-3.282722,4,1336.716525
-2.250877,3,1336.742781
-3.27655,4,1336.787783
-2.171422,3,1336.817936
-2.184363,3,1336.845155
-2.225865,3,1336.875462
-3.360753,4,1336.920599
-1.063795,2,1336.938663
-3.281966,4,1336.976906
-2.168373,3,1337.007907
-0.032456,1,1337.021907
-2.272351,3,1337.053031
-1.12893,2,1337.073175
-2.217043,3,1337.104175
-2.237365,3,1337.139682
-1.099453,2,1337.156966
-1.131581,2,1337.176966
-2.224062,3,1337.206187
-2.178791,3,1337.238185
-1.107655,2,1337.256185
-2.230305,3,1337.286186
-1.110646,2,1337.306185
-2.220987,3,1337.342185
-0.037403,1,1337.353188
-2.175974,3,1337.382185
-3.275389,4,1337.421185
-1.086562,2,1337.44543
-2.203021,3,1337.475429
-2.185087,3,1337.5037
-2.263014,3,1337.5337
-0.033561,1,1337.549985
-2.224163,3,1337.579985
-0.044144,1,1337.589985
-2.17312,3,1337.619985
-1.112226,2,1337.64511
-2.264391,3,1337.67711
-3.317881,4,1337.715309
-1.067987,2,1337.733377
-2.252206,3,1337.769379
-2.178853,3,1337.827756
-1.071811,2,1337.865755
-0.007348,1,1337.877089
-0.03639,1,1337.894089
-2.2319,3,1337.931089
-3.348586,4,1337.974088
-3.33893,4,1338.017413
-1.09568,2,1338.040539
-0.045044,1,1338.049539
-0.026617,1,1338.060538
-3.30828,4,1338.106537
-2.263912,3,1338.139637
-3.359806,4,1338.17978
-0.013041,1,1338.190781
-2.180312,3,1338.221781
-2.227338,3,1338.256292
-3.323023,4,1338.344714
-3.346719,4,1338.398716
-2.204167,3,1338.440716
-2.21657,3,1338.473712
-2.178119,3,1338.501712
-1.081366,2,1338.523932
-0.046069,1,1338.53602
-2.183661,3,1338.575019
-3.297688,4,1338.615019
-2.242871,3,1338.646019
-1.082318,2,1338.667019
-3.305759,4,1338.710196
-1.105153,2,1338.729193
-0.033039,1,1338.741287
-3.32373,4,1338.78037
-1.090974,2,1338.804371
-1.101294,2,1338.82537
-3.354257,4,1338.865371
-2.216379,3,1338.895371
-2.202296,3,1338.928585
-2.24798,3,1338.959029
-3.338089,4,1338.998529
-1.136872,2,1339.017787
-0.03716,1,1339.031861
-3.365903,4,1339.074928
-3.318972,4,1339.114989
-0.017687,1,1339.124989
-1.109708,2,1339.146991
-3.312426,4,1339.187274
-3.324483,4,1339.224272
-2.265211,3,1339.251411
-1.121712,2,1339.275411
-2.207737,3,1339.308411
-3.386129,4,1339.346605
-1.136392,2,1339.364605
-0.003514,1,1339.379605
-0.045448,1,1339.391605
-1.098627,2,1339.412369
-3.318075,4,1339.453722
-0.031595,1,1339.467721
-2.206974,3,1339.496723
-0.042596,1,1339.507859
-2.165788,3,1339.540862
-2.19388,3,1339.574944
-2.253664,3,1339.605943
-3.289777,4,1339.647944
-0.027238,1,1339.657943
-1.071214,2,1339.683101
-3.379823,4,1339.725101
-2.206193,3,1339.757272
-2.219514,3,1339.788271
-0.020646,1,1339.800362
-2.189798,3,1339.833362
-1.116173,2,1339.853363
-2.174758,3,1339.880362
-1.099763,2,1339.906363
-3.328858,4,1339.945362
-0.013003,1,1339.956362
-0.039215,1,1339.966364
-3.303622,4,1340.010607
-0.041891,1,1340.021753
-2.160157,3,1340.052174
-3.306058,4,1340.092348
-2.235249,3,1340.12835
-2.243897,3,1340.159348
-2.216775,3,1340.190351
-3.315768,4,1340.22643
-2.188274,3,1340.260499
-1.132996,2,1340.28055
-3.387667,4,1340.321694
-2.28008,3,1340.351009
-1.135698,2,1340.376221
-2.241094,3,1340.405372
-2.184131,3,1340.435437
-1.09448,2,1340.455641
-2.225137,3,1340.492641
-2.276083,3,1340.523641
-2.180978,3,1340.557303
-2.231964,3,1340.5883
-1.09241,2,1340.6123
-3.338694,4,1340.647556
-1.116583,2,1340.667756
-2.167094,3,1340.695999
-2.280375,3,1340.731998
-2.272057,3,1340.764146
-2.221774,3,1340.797405
-1.131036,2,1340.819404
-2.222922,3,1340.854405
-2.2629,3,1340.881765
-2.243004,3,1340.909103
-3.28062,4,1340.950103
-2.245535,3,1340.984104
-0.015068,1,1340.994103
-2.217047,3,1341.022106
-1.120943,2,1341.043103
-2.157426,3,1341.080191
-1.072511,2,1341.099323
-2.244474,3,1341.126432
-0.022061,1,1341.135433
-0.044438,1,1341.152432
-2.221098,3,1341.181432
-1.082433,2,1341.199653
-3.319892,4,1341.237759
-2.185194,3,1341.273836
-2.267775,3,1341.310836
-3.333606,4,1341.348836
-2.222267,3,1341.378836
-0.040094,1,1341.394835
-2.228573,3,1341.425836
-2.30559,3,1341.456905
-2.233474,3,1341.487046
-2.218725,3,1341.519305
-3.344142,4,1341.563463
-3.318489,4,1341.604035
-2.238086,3,1341.632116
-1.066808,2,1341.655116
-2.270383,3,1341.685622
-0.044246,1,1341.698448
-1.125034,2,1341.721446
-1.117015,2,1341.744687
-1.113763,2,1341.762687
-2.263837,3,1341.791688
-2.253002,3,1341.821939
-2.17074,3,1341.856187
-2.19243,3,1341.884531
-0.042773,1,1341.894531
-2.228362,3,1341.925531
-2.170357,3,1341.959085
-0.028114,1,1341.968085
-2.242791,3,1341.99517
-2.244768,3,1342.027539
-1.07057,2,1342.05154
-3.323955,4,1342.096928
-1.064163,2,1342.117928
-3.367232,4,1342.156928
-0.040012,1,1342.169028
-1.135411,2,1342.187315
-3.297512,4,1342.22945
-0.02609,1,1342.238556
-1.08942,2,1342.263556
-3.309035,4,1342.303861
-3.41257,4,1342.345035
-3.321468,4,1342.384281
-1.142276,2,1342.407575
-2.23215,3,1342.43766
-3.344435,4,1342.478776
-2.189172,3,1342.505154
-2.242781,3,1342.542223
-1.09299,2,1342.561221
-2.203806,3,1342.588222
-2.2301,3,1342.61763
-2.258742,3,1342.651631
-3.332026,4,1342.690919
-2.201026,3,1342.722171
-2.267787,3,1342.750731
-1.07301,2,1342.776944
-1.080003,2,1342.797948
-0.019444,1,1342.808449
-1.099147,2,1342.828927
-1.103771,2,1342.855925
-0.033033,1,1342.866004
-2.232233,3,1342.895236
-3.332997,4,1342.93358
-1.10479,2,1342.95758
-2.271157,3,1342.986944
-3.275205,4,1343.028123
-2.196957,3,1343.057227
-2.230052,3,1343.090348
-2.160123,3,1343.122459
-2.166865,3,1343.152641
-2.237371,3,1343.181641
-0.034255,1,1343.19664
-1.08005,2,1343.21864
-2.21052,3,1343.247907
-2.234493,3,1343.278018
-2.20258,3,1343.311018
-2.18118,3,1343.342019
-2.185198,3,1343.371233
-1.140508,2,1343.391233
-2.264364,3,1343.424233
-1.112235,2,1343.446233
-2.218119,3,1343.475292
-1.118031,2,1343.494292
-2.198473,3,1343.527368
-3.360969,4,1343.57174
-2.179701,3,1343.602833
-2.241401,3,1343.632833
-0.027527,1,1343.644833
-3.335846,4,1343.686833
-2.247697,3,1343.716834
-2.174416,3,1343.746833
-2.171339,3,1343.784007
-3.329126,4,1343.821006
-2.211817,3,1343.850007
-2.222999,3,1343.87911
-3.286419,4,1343.920335
-2.224954,3,1343.952843
-2.269186,3,1343.984844
-3.355743,4,1344.025069
-1.074367,2,1344.044069
-2.202751,3,1344.075069
-2.193484,3,1344.105125
-1.137448,2,1344.125324
-2.246446,3,1344.156751
-1.111031,2,1344.176751
-2.186807,3,1344.206952
-3.316826,4,1344.246236
-0.046101,1,1344.259302
-2.194123,3,1344.288302
-2.256878,3,1344.318409
-1.103853,2,1344.33841
-3.287784,4,1344.381549
-2.245664,3,1344.408634
-2.202549,3,1344.438753
-0.045467,1,1344.448753
-3.340176,4,1344.494753
-0.042197,1,1344.504754
-1.08854,2,1344.52382
-3.386924,4,1344.565895
-2.200293,3,1344.598892
-0.006643,1,1344.607965
-3.33222,4,1344.647966
-2.159668,3,1344.679965
-1.077671,2,1344.702965
-0.024653,1,1344.712965
-2.186078,3,1344.742965
-2.235297,3,1344.774295
-1.121881,2,1344.796541
-1.085584,2,1344.816542
-2.266972,3,1344.845609
-1.118599,2,1344.867772
-1.126779,2,1344.893902
-2.244161,3,1344.924089
-2.234927,3,1344.955089
-2.17928,3,1344.984285
-2.210508,3,1345.020285
-2.209037,3,1345.049368
-2.214142,3,1345.077547
-1.134015,2,1345.099287
-3.287916,4,1345.142287
-1.105988,2,1345.165287
-2.208816,3,1345.194287
-3.297866,4,1345.234287
-2.179027,3,1345.268345
-2.216946,3,1345.299345
-2.209466,3,1345.327651
-2.180312,3,1345.357651
-3.354069,4,1345.404006
-2.255192,3,1345.436075
-3.303028,4,1345.474296
-1.077961,2,1345.494488
-2.183766,3,1345.530619
-3.427634,4,1345.571792
-1.081977,2,1345.592329
-1.132562,2,1345.609577
-2.192837,3,1345.645761
-2.264644,3,1345.675762
-1.125007,2,1345.695762
-2.174398,3,1345.727761
-2.176039,3,1345.761761
-1.091954,2,1345.781761
-2.162826,3,1345.811942
-2.233248,3,1345.842295
-1.141661,2,1345.865293
-2.219042,3,1345.895293
-1.114903,2,1345.915293
-2.190842,3,1345.943677
-1.110594,2,1345.968772
-0.040266,1,1345.979775
-3.368498,4,1346.016089
-2.190247,3,1346.046188
-3.350131,4,1346.089187
-3.330225,4,1346.127439
-3.284791,4,1346.16744
-0.036798,1,1346.178439
-2.237911,3,1346.211543
-2.194068,3,1346.236273
-2.214835,3,1346.266467
-3.324052,4,1346.307551
-3.319894,4,1346.35055
-2.238324,3,1346.380753
-1.139201,2,1346.402754
-1.101661,2,1346.423753
-3.303535,4,1346.469821
-2.168168,3,1346.501822
-2.190907,3,1346.531823
-0.031067,1,1346.540065
-1.135616,2,1346.566067
-1.128652,2,1346.585066
-2.206731,3,1346.615275
-2.201281,3,1346.64652
-2.251875,3,1346.681631
-3.319268,4,1346.722631
-2.220716,3,1346.752631
-3.398833,4,1346.790796
-1.115411,2,1346.815795
-2.162045,3,1346.845873
-2.284319,3,1346.876147
-0.044173,1,1346.886147
-2.28909,3,1346.918288
-3.44427,4,1346.959436
-2.211996,3,1346.989852
-2.279521,3,1347.020852
-1.085521,2,1347.043851
-1.11845,2,1347.064852
-1.119525,2,1347.085977
-2.204202,3,1347.117228
-1.118213,2,1347.141299
-2.19441,3,1347.173387
-2.226023,3,1347.203385
-0.040288,1,1347.213386
-3.384396,4,1347.257459
-2.196114,3,1347.288574
-1.135313,2,1347.312708
-2.258045,3,1347.339792
-2.22896,3,1347.376484
-3.360549,4,1347.416911
-2.198792,3,1347.447912
-3.408112,4,1347.487909
-1.125899,2,1347.51191
-2.179131,3,1347.543909
-2.192242,3,1347.573909
-0.036832,1,1347.583909
-0.030223,1,1347.598078
-2.230248,3,1347.628201
-3.295461,4,1347.666204
-1.12445,2,1347.686202
-2.211179,3,1347.719201
-2.244593,3,1347.750266
-1.092441,2,1347.770266
-2.17192,3,1347.800352
-3.319317,4,1347.841561
-1.124849,2,1347.859969
-1.11675,2,1347.880057
-0.019852,1,1347.890056
-2.235696,3,1347.920216
-2.281634,3,1347.951508
-1.12048,2,1347.971795
-1.091973,2,1347.991797
-0.020496,1,1348.005795
-3.311574,4,1348.046795
-2.228678,3,1348.075897
-2.204168,3,1348.104897
-2.192709,3,1348.138001
-2.225388,3,1348.17
-0.011097,1,1348.18
-2.247209,3,1348.211
-0.010262,1,1348.225
-1.090445,2,1348.244
-3.328227,4,1348.285079
-2.241882,3,1348.313077
-1.093942,2,1348.336077
-1.109064,2,1348.357164
-1.130539,2,1348.376327
-1.117523,2,1348.396326
-2.217986,3,1348.430391
-3.303663,4,1348.472395
-2.248148,3,1348.505078
-1.132778,2,1348.523436
-2.210331,3,1348.558598
-2.249054,3,1348.590598
-3.338496,4,1348.632598
-1.11065,2,1348.650598
-3.315639,4,1348.695598
-2.247203,3,1348.726598
-3.358181,4,1348.765598
-3.380922,4,1348.80601
-2.172091,3,1348.839172
-3.284973,4,1348.877566
-0.037024,1,1348.887755
-1.066401,2,1348.907878
-0.031263,1,1348.920877
-1.078534,2,1348.940878
-1.096893,2,1348.96097
-1.109249,2,1348.98197
-2.23662,3,1349.01697
-1.101746,2,1349.038155
-2.232373,3,1349.067155
-3.301842,4,1349.103154
-0.036246,1,1349.116154
-2.280321,3,1349.148314
-3.393659,4,1349.186555
-1.081436,2,1349.207554
-2.243215,3,1349.240554
-2.255314,3,1349.270554
-2.233217,3,1349.300661
-2.195088,3,1349.33102
-2.184499,3,1349.36502
-2.258983,3,1349.396087
-3.356496,4,1349.432157
-3.372061,4,1349.472157
-1.133669,2,1349.495157
-3.354154,4,1349.534578
-2.270326,3,1349.56658
-1.119418,2,1349.587578
-2.172429,3,1349.622205
-0.028723,1,1349.632203
-0.035197,1,1349.643203
-2.215449,3,1349.672203
-2.183953,3,1349.707203
-2.206857,3,1349.734202
-1.09566,2,1349.754276
-2.223096,3,1349.784275
-1.07087,2,1349.807444
-1.082623,2,1349.825757
-2.199093,3,1349.855957
-2.19195,3,1349.884956
-1.135158,2,1349.909956
-2.159972,3,1349.940956
-2.21983,3,1349.968956
-2.245716,3,1350.000956
-2.202797,3,1350.033956
-0.049615,1,1350.043956
-2.252721,3,1350.072957
-3.293397,4,1350.109956
-1.103082,2,1350.132956
-2.205019,3,1350.16327
-3.358954,4,1350.203444
-2.253686,3,1350.234443
-3.395934,4,1350.279444
-2.177076,3,1350.309443
-2.186373,3,1350.33853
-2.163368,3,1350.369529
-1.083954,2,1350.39053
-2.226372,3,1350.419699
-2.279863,3,1350.449809
-2.211381,3,1350.476892
-0.020678,1,1350.490019
-0.047947,1,1350.501135
-3.308855,4,1350.544262
-3.346117,4,1350.584402
-1.080463,2,1350.607402
-0.009771,1,1350.618518
-2.162482,3,1350.655518
-2.264312,3,1350.692994
-1.12656,2,1350.715994
-1.099303,2,1350.736996
-3.325533,4,1350.778573
-1.083315,2,1350.799573
-1.121426,2,1350.824574
-1.091694,2,1350.847574
-3.365288,4,1350.887824
-3.331925,4,1350.924979
-2.200721,3,1350.96098
-3.328598,4,1351.005185
-3.347328,4,1351.045182
-3.321967,4,1351.084252
-3.343426,4,1351.127567
-0.02736,1,1351.137567
-2.230736,3,1351.167567
-2.166969,3,1351.197633
-1.110255,2,1351.219632
-2.229392,3,1351.248633
-0.029652,1,1351.259633
-2.171171,3,1351.288633
-1.134,2,1351.313704
-2.167039,3,1351.343847
-2.210584,3,1351.372848
-2.193408,3,1351.403205
-1.111086,2,1351.428261
-0.021835,1,1351.439261
-2.228889,3,1351.468457
-1.095312,2,1351.487457
-3.307492,4,1351.526457
-3.352595,4,1351.571457
-3.406329,4,1351.609457
-2.26696,3,1351.639458
-1.128751,2,1351.664637
-2.247247,3,1351.694637
-2.202806,3,1351.722636
-1.110801,2,1351.742638
-2.237695,3,1351.777637
-2.273061,3,1351.806637
-2.232098,3,1351.836638
-1.135515,2,1351.85778
-3.356615,4,1351.90052
-1.083773,2,1351.919613
-3.386663,4,1351.957613
-1.112146,2,1351.97876
-2.163468,3,1352.01376
-1.077601,2,1352.03276
-2.255975,3,1352.06076
-2.187714,3,1352.091762
-2.236522,3,1352.126916
-1.085918,2,1352.146917
-1.079778,2,1352.167052
-1.105568,2,1352.18905
-3.351856,4,1352.23135
-2.274645,3,1352.262349
-2.215786,3,1352.29335
-2.242679,3,1352.323595
-0.042615,1,1352.337594
-1.089771,2,1352.358593
-2.283455,3,1352.388593
-2.195043,3,1352.417898
-3.339561,4,1352.460088
-0.014371,1,1352.471088
-1.088351,2,1352.491088
-0.045938,1,1352.501089
-1.121982,2,1352.527088
-3.414829,4,1352.569089
-2.242328,3,1352.59716
-1.117504,2,1352.61516
-2.19023,3,1352.64949
-2.243842,3,1352.678591
-3.292806,4,1352.715698
-1.139702,2,1352.737698
-3.320547,4,1352.781698
-2.239198,3,1352.810699
-2.290717,3,1352.838698
-2.253334,3,1352.869849
-1.131289,2,1352.893849
-2.17402,3,1352.92407
-1.102998,2,1352.94407
-2.171386,3,1352.97507
-2.203722,3,1353.009325
-2.202941,3,1353.042833
-3.355461,4,1353.082832
-3.293532,4,1353.118832
-2.237646,3,1353.153944
-2.245869,3,1353.185003
-3.28385,4,1353.226177
-0.010705,1,1353.234177
-3.293368,4,1353.281257
-2.165161,3,1353.311355
-2.291564,3,1353.342452
-3.362979,4,1353.382912
-2.258424,3,1353.417069
-2.177766,3,1353.447345
-1.125999,2,1353.467526
-3.318851,4,1353.505526
-2.258519,3,1353.541526
-2.179871,3,1353.570525
-2.19424,3,1353.600525
-0.043955,1,1353.611525
-1.084654,2,1353.635525
-0.04699,1,1353.644525
-3.319008,4,1353.681805
-2.228556,3,1353.710371
-1.098864,2,1353.736484
-0.04812,1,1353.746482
-2.223865,3,1353.776482
-2.202814,3,1353.804483
-3.337804,4,1353.849483
-3.454873,4,1353.889482
-3.34009,4,1353.925694
-2.176704,3,1353.956694
-2.175144,3,1353.991694
-3.311937,4,1354.030867
-1.095842,2,1354.052986
-3.295453,4,1354.092988
-1.110649,2,1354.116987
-2.168568,3,1354.146989
-3.318506,4,1354.186496
-3.334102,4,1354.224567
-0.046767,1,1354.238644
-3.371347,4,1354.281644
-3.345165,4,1354.322644
-2.265979,3,1354.351782
-2.274111,3,1354.386849
-2.19705,3,1354.417932
-1.079398,2,1354.437273
-3.300256,4,1354.476273
-2.190705,3,1354.513337
-3.313071,4,1354.554469
-2.245709,3,1354.585465
-0.038926,1,1354.597631
-3.372056,4,1354.64163
-3.33995,4,1354.679631
-2.256047,3,1354.707931
-1.098847,2,1354.731931
-2.164811,3,1354.769931
-3.337573,4,1354.809146
-2.173934,3,1354.835267
-2.239437,3,1354.864267
-2.166291,3,1354.897457
-3.314002,4,1354.938756
-2.268342,3,1354.969756
-0.021925,1,1354.979759
-2.195086,3,1355.014893
-1.118614,2,1355.036895
-1.083039,2,1355.056894
-1.111542,2,1355.075893
-2.159216,3,1355.112992
-1.143146,2,1355.132376
-2.223825,3,1355.163722
-1.123305,2,1355.182823
-2.163556,3,1355.219003
-1.078183,2,1355.237229
-0.019301,1,1355.248312
-0.048003,1,1355.257414
-1.135166,2,1355.283925
-1.128488,2,1355.308925
-2.207814,3,1355.337252
-0.025716,1,1355.346251
-2.178595,3,1355.381252
-2.164865,3,1355.410567
-1.114881,2,1355.431806
-0.029827,1,1355.441804
-1.098975,2,1355.464881
-2.262738,3,1355.49626
-3.433452,4,1355.53738
-3.397993,4,1355.581377
-2.200008,3,1355.616376
-2.235387,3,1355.646376
-3.323674,4,1355.687737
-2.184352,3,1355.718825
-1.079205,2,1355.741166
-2.195828,3,1355.771338
-3.374474,4,1355.812338
-2.237443,3,1355.842339
-3.318429,4,1355.887397
-1.098822,2,1355.907488
-1.112817,2,1355.928489
-2.169621,3,1355.957628
-3.286224,4,1356.000075
-2.238159,3,1356.028073
-2.213545,3,1356.058074
-2.16458,3,1356.087074
-1.124334,2,1356.108073
-2.20073,3,1356.140147
-1.079346,2,1356.160401
-3.350175,4,1356.199836
-2.182303,3,1356.235837
-1.098065,2,1356.254961
-2.2584,3,1356.28296
-3.303849,4,1356.32096
-2.2415,3,1356.35796
-3.343741,4,1356.397323
-2.205989,3,1356.425049
-0.039106,1,1356.436123
-2.221221,3,1356.479254
-2.209685,3,1356.510256
-2.163441,3,1356.538486
-3.414415,4,1356.581487
-2.218989,3,1356.616592
-1.102128,2,1356.635659
-2.163029,3,1356.665733
-1.136247,2,1356.686965
-2.174268,3,1356.721086
-2.18283,3,1356.751594
-2.213105,3,1356.78268
-3.321155,4,1356.823105
-3.297523,4,1356.86717
-2.265747,3,1356.89728
-1.082839,2,1356.91828
-2.245743,3,1356.945653
-1.127486,2,1356.968814
-2.244349,3,1357.000814
-1.128297,2,1357.018814
-0.019698,1,1357.026815
-2.248564,3,1357.057813
-2.246664,3,1357.089814
-3.287493,4,1357.131913
-3.359674,4,1357.17307
-1.142646,2,1357.195143
-1.120761,2,1357.215143
-2.166412,3,1357.246143
-0.013744,1,1357.256146
-2.167148,3,1357.290143
-1.093895,2,1357.308143
-3.340259,4,1357.350143
-1.065356,2,1357.370236
-0.038431,1,1357.382324
-3.436455,4,1357.422324
-2.199284,3,1357.452531
-2.268312,3,1357.483762
-2.277395,3,1357.517925
-3.304386,4,1357.557596
-3.296198,4,1357.603447
-2.179861,3,1357.634447
-2.196009,3,1357.669447
-2.180082,3,1357.697724
-2.180444,3,1357.727781
-2.284538,3,1357.758866
-3.353216,4,1357.800867
-1.105849,2,1357.81803
-3.318459,4,1357.855139
-2.203139,3,1357.887139
-3.357681,4,1357.929228
-2.250581,3,1357.959229
-1.088946,2,1357.979335
-2.222779,3,1358.008443
-2.246031,3,1358.040444
-2.179653,3,1358.070443
-3.312159,4,1358.111444
-3.33698,4,1358.150946
-1.093192,2,1358.174947
-1.140478,2,1358.196946
-2.301967,3,1358.225946
-2.245782,3,1358.256649
-2.249718,3,1358.290896
-3.363988,4,1358.331983
-2.237904,3,1358.362404
-3.302327,4,1358.40917
-1.099541,2,1358.442171
-3.303792,4,1358.478283
-1.119351,2,1358.499285
-1.087781,2,1358.520282
-3.357474,4,1358.567284
-1.092972,2,1358.590282
-2.179863,3,1358.622282
-1.068681,2,1358.647283
-3.371254,4,1358.689789
-3.481009,4,1358.737791
-2.251074,3,1358.770791
-2.237104,3,1358.801791
-1.107393,2,1358.822791
-2.224068,3,1358.850791
-2.222344,3,1358.876792
-2.238349,3,1358.900791
-3.345523,4,1358.947965
-1.143686,2,1358.965967
-3.278414,4,1359.006965
-0.028374,1,1359.015965
-2.197684,3,1359.050965
-2.25197,3,1359.084965
-2.242235,3,1359.115965
-3.404148,4,1359.154315
-1.118238,2,1359.17947
-2.194976,3,1359.210469
-3.389445,4,1359.246681
-2.195368,3,1359.274757
-2.254402,3,1359.312836
-2.243578,3,1359.341961
-3.304806,4,1359.381298
-0.040301,1,1359.393298
-3.329568,4,1359.436557
-3.296271,4,1359.475911
-3.329717,4,1359.517056
-2.169122,3,1359.548056
-3.285966,4,1359.594057
-1.127927,2,1359.616057
-2.22319,3,1359.647057
-2.255039,3,1359.676208
-3.329272,4,1359.721209
-1.109745,2,1359.743211
-2.191198,3,1359.773266
-2.262528,3,1359.801718
-2.185158,3,1359.836494
-1.080696,2,1359.857486
-0.032578,1,1359.865486
-1.069705,2,1359.885553
-1.089867,2,1359.909553
-3.306287,4,1359.947642
-1.101513,2,1359.96864
-2.182813,3,1359.996046
-2.240759,3,1360.03716
-2.265263,3,1360.06916
-3.370967,4,1360.109304
-3.300231,4,1360.146755
-2.234745,3,1360.182927
-2.227971,3,1360.212056
-2.260499,3,1360.240055
-3.245943,4,1360.281056
-0.030073,1,1360.295055
-1.062366,2,1360.317055
-1.121598,2,1360.336056
-2.224532,3,1360.366055
-0.048058,1,1360.381058
-2.180121,3,1360.410136
-2.270747,3,1360.439137
-1.129413,2,1360.459136
-3.283935,4,1360.504528
-2.233088,3,1360.532615
-0.012058,1,1360.542616
-2.198249,3,1360.570805
-2.206801,3,1360.607805
-1.09917,2,1360.627929
-3.272849,4,1360.667008
-0.031478,1,1360.675008
-3.364752,4,1360.719008
-2.185144,3,1360.750009
-1.084725,2,1360.768086
-2.21076,3,1360.796197
-1.128057,2,1360.820197
-2.231554,3,1360.851197
-3.328654,4,1360.891734
-1.115136,2,1360.912129
-1.118917,2,1360.935127
-2.282328,3,1360.966227
-0.049877,1,1360.976733
-2.257716,3,1361.011733
-3.309801,4,1361.058733
-0.042493,1,1361.070732
-3.314707,4,1361.114732
-1.126811,2,1361.135732
-3.375301,4,1361.175732
-1.08548,2,1361.194732
-2.195776,3,1361.223878
-3.360085,4,1361.263879
-2.170172,3,1361.298879
-0.049815,1,1361.308879
-3.331647,4,1361.348878
-2.208467,3,1361.379991
-2.192829,3,1361.414201
-2.216868,3,1361.443401
-2.25542,3,1361.474401
-2.206106,3,1361.504399
-2.250633,3,1361.546401
-3.333087,4,1361.631616
-3.333431,4,1361.685125
-0.03554,1,1361.696125
-2.174157,3,1361.739125
-2.222293,3,1361.774416
-3.299575,4,1361.814414
-2.25148,3,1361.846417
-1.072295,2,1361.872414
-2.236123,3,1361.905599
-2.176488,3,1361.938928
-2.280141,3,1361.96893
-1.117078,2,1361.992929
-2.248221,3,1362.021296
-2.162768,3,1362.051983
-1.089048,2,1362.071212
-1.09219,2,1362.092495
-2.288817,3,1362.124
-3.415938,4,1362.167318
-2.256492,3,1362.197487
-3.272061,4,1362.237614
-2.184306,3,1362.268834
-3.363199,4,1362.307077
-1.089914,2,1362.328078
-2.18682,3,1362.3622
-2.1839,3,1362.392337
-2.207787,3,1362.421446
-1.094713,2,1362.440446
-3.2904,4,1362.486831
-3.30572,4,1362.52513
-2.219372,3,1362.55433
-2.269301,3,1362.587854
-3.348887,4,1362.634099
-2.181198,3,1362.664391
-1.117846,2,1362.68539
-1.097503,2,1362.704476
-2.219604,3,1362.738477
-1.130055,2,1362.758579
-2.237762,3,1362.785701
-0.019738,1,1362.7977
-2.182816,3,1362.8317
-3.421642,4,1362.870803
-2.251131,3,1362.902174
-0.037422,1,1362.911174
-1.133747,2,1362.936174
-2.205226,3,1362.967285
-2.24129,3,1362.996641
-2.219632,3,1363.025839
-1.109833,2,1363.048971
-2.229302,3,1363.076971
-3.395466,4,1363.115972
-1.065827,2,1363.137289
-2.28355,3,1363.172287
-2.236404,3,1363.203183
-3.353616,4,1363.243618
-2.261495,3,1363.275189
-2.181699,3,1363.307516
-3.324884,4,1363.348674
-0.032738,1,1363.357674
-0.031454,1,1363.367674
-2.221393,3,1363.401766
-2.192782,3,1363.431049
-1.120244,2,1363.452048
-2.184692,3,1363.48105
-2.27459,3,1363.515127
-3.328313,4,1363.556128
-1.123489,2,1363.576129
-2.244039,3,1363.609127
-3.311978,4,1363.652381
-2.250048,3,1363.682536
-2.22285,3,1363.712536
-1.129104,2,1363.731649
-2.231067,3,1363.765786
-2.165077,3,1363.797122
-1.135796,2,1363.818206
-2.21586,3,1363.850347
-3.300801,4,1363.896346
-3.323196,4,1363.937346
-1.096318,2,1363.955346
-3.308165,4,1363.997484
-2.202824,3,1364.028485
-2.248412,3,1364.057485
-0.047164,1,1364.067484
-1.08906,2,1364.086558
-3.332341,4,1364.132558
-2.252751,3,1364.161675
-2.176513,3,1364.191752
-3.359858,4,1364.232849
-2.22535,3,1364.26697
-1.133115,2,1364.28721
-3.351542,4,1364.326351
-1.148624,2,1364.346352
-1.133852,2,1364.369355
-1.113318,2,1364.390861
-1.08277,2,1364.410861
-1.077341,2,1364.430937
-2.253015,3,1364.462184
-1.135884,2,1364.480322
-0.04787,1,1364.488482
-3.37092,4,1364.52778
-1.10352,2,1364.55378
-3.338835,4,1364.59678
-1.074789,2,1364.61778
-2.173383,3,1364.64778
-1.1417,2,1364.670855
-0.032561,1,1364.681856
-0.025359,1,1364.692855
-2.220155,3,1364.720855
-2.220961,3,1364.753955
-0.047354,1,1364.764955
-2.206744,3,1364.794955
-1.132721,2,1364.815055
-1.132844,2,1364.838214
-2.182123,3,1364.868216
-1.13941,2,1364.887452
-3.302513,4,1364.927771
-2.19241,3,1364.960771
-1.070334,2,1364.982771
-2.218023,3,1365.012772
-2.276148,3,1365.041998
-3.337363,4,1365.087188
-0.033878,1,1365.098186
-1.118273,2,1365.118187
-1.112592,2,1365.137186
-2.160297,3,1365.16836
-2.258713,3,1365.198514
-1.084835,2,1365.218514
-2.239622,3,1365.248514
-2.265594,3,1365.281619
-2.181232,3,1365.309845
-3.340846,4,1365.354338
-0.037266,1,1365.365338
-2.170121,3,1365.397339
-2.220335,3,1365.427339
-2.20054,3,1365.458338
-3.30429,4,1365.496418
-1.065992,2,1365.518538
-2.2244,3,1365.550183
-0.044791,1,1365.561183
-3.333424,4,1365.598736
-1.096738,2,1365.621737
-2.20843,3,1365.653736
-2.220972,3,1365.683921
-2.170894,3,1365.713226
-2.285195,3,1365.748291
-2.266283,3,1365.776535
-1.069662,2,1365.796022
-1.073208,2,1365.815021
-2.202869,3,1365.848089
-1.126292,2,1365.868225
-3.345027,4,1365.908224
-2.270839,3,1365.935296
-2.282113,3,1365.971296
-2.236679,3,1366.001516
-1.134243,2,1366.021591
-2.215106,3,1366.049724
-0.031382,1,1366.061722
-2.242567,3,1366.091722
-1.080352,2,1366.112725
-1.101556,2,1366.132722
-0.012529,1,1366.145722
-0.049671,1,1366.156723
-2.177368,3,1366.188722
-1.129844,2,1366.209722
-1.063549,2,1366.23396
-3.408941,4,1366.272036
-2.257309,3,1366.300301
-1.108596,2,1366.3213
-3.372197,4,1366.36551
-2.244469,3,1366.39651
-2.207232,3,1366.427654
-2.20138,3,1366.45679
-2.197354,3,1366.490789
-2.274275,3,1366.522989
-2.161198,3,1366.554258
-1.076003,2,1366.572468
-2.26517,3,1366.608469
-2.252016,3,1366.638047
-2.223245,3,1366.672555
-3.389702,4,1366.711782
-2.163771,3,1366.744784
-2.224167,3,1366.773993
-3.279272,4,1366.811056
-3.391291,4,1366.850693
-3.385146,4,1366.893695
-2.192773,3,1366.920692
-0.046169,1,1366.930693
-1.105528,2,1366.94895
-1.12113,2,1366.970949
-2.196769,3,1367.001949
-2.184437,3,1367.028949
-2.20391,3,1367.059201
-0.042591,1,1367.0732
-2.207101,3,1367.105316
-2.226593,3,1367.133366
-1.079864,2,1367.152366
-2.229497,3,1367.187567
-2.264196,3,1367.215564
-2.253003,3,1367.244565
-1.133924,2,1367.265564
-0.017544,1,1367.278827
-1.131612,2,1367.300936
-1.078755,2,1367.321148
-3.337799,4,1367.361148
-2.252917,3,1367.394148
-1.094511,2,1367.415147
-3.273468,4,1367.453762
-0.018602,1,1367.463763
-2.195981,3,1367.500027
-1.075024,2,1367.521028
-2.216135,3,1367.550112
-3.373455,4,1367.590269
-2.245006,3,1367.659317
-2.162929,3,1367.703421
-1.136496,2,1367.72842
-3.378514,4,1367.778424
-1.143471,2,1367.806253
-1.133921,2,1367.828489
-2.280613,3,1367.860489
-0.02297,1,1367.869739
-2.240105,3,1367.908738
-2.223238,3,1367.940966
-0.0494,1,1367.953238
-2.178015,3,1367.987328
-2.185147,3,1368.024733
-2.205882,3,1368.054834
-2.164673,3,1368.084361
-2.16599,3,1368.114536
-0.028084,1,1368.129603
-0.036645,1,1368.139603
-3.353352,4,1368.181606
-3.311667,4,1368.217845
-2.213148,3,1368.253845
-0.010262,1,1368.265845
-1.138656,2,1368.285846
-3.296278,4,1368.326114
-2.226458,3,1368.360221
-2.183946,3,1368.391416
-2.170337,3,1368.421415
-1.117674,2,1368.440942
-2.172204,3,1368.476019
-1.121451,2,1368.497018
-1.081048,2,1368.519021
-3.284676,4,1368.556617
-1.140133,2,1368.58096
-2.203871,3,1368.614203
-2.225945,3,1368.645336
-2.243414,3,1368.675509
-1.094455,2,1368.69959
-1.072835,2,1368.72059
-3.326112,4,1368.761698
-1.102461,2,1368.782699
-2.199922,3,1368.817141
-2.242463,3,1368.848401
-2.212032,3,1368.877815
-1.13028,2,1368.896012
-1.103342,2,1368.921681
-2.246025,3,1368.957025
-1.144681,2,1368.975024
-2.229673,3,1369.00415
-0.037056,1,1369.017226
-2.176127,3,1369.046504
-2.212525,3,1369.077754
-2.215356,3,1369.107052
-0.022716,1,1369.120186
-2.177496,3,1369.154283
-3.465052,4,1369.192571
-1.106676,2,1369.212885
-0.047779,1,1369.227884
-2.165173,3,1369.258147
-0.045218,1,1369.268202
-2.250589,3,1369.298268
-3.4147,4,1369.339569
-1.089586,2,1369.359956
-0.024503,1,1369.371061
-2.252452,3,1369.401062
-0.025191,1,1369.415062
-3.351027,4,1369.456306
-0.027168,1,1369.46738
-2.191225,3,1369.496581
-2.240569,3,1369.528907
-2.209363,3,1369.557748
-0.014106,1,1369.567842
-2.222186,3,1369.602069
-2.207815,3,1369.634175
-2.218526,3,1369.664244
-2.224774,3,1369.693245
-1.089675,2,1369.715244
-2.207832,3,1369.746492
-0.011744,1,1369.756493
-0.030645,1,1369.766711
-1.108913,2,1369.786712
-0.00689,1,1369.800713
-1.10834,2,1369.822713
-0.045323,1,1369.831004
-2.259577,3,1369.861652
-2.251133,3,1369.895653
-2.240548,3,1369.927653
-3.297824,4,1369.965652
-2.242447,3,1369.9959
-2.291007,3,1370.029426
-2.224941,3,1370.058933
-2.242444,3,1370.088041
-2.183807,3,1370.115233
-2.237954,3,1370.146302
-1.127571,2,1370.165302
-1.112596,2,1370.185303
-0.044457,1,1370.196301
-0.024112,1,1370.210303
-1.106753,2,1370.234301
-2.168232,3,1370.265527
-1.124831,2,1370.286526
-1.083033,2,1370.311924
-3.34593,4,1370.352925
-3.35351,4,1370.394925
-2.195234,3,1370.421924
-2.299524,3,1370.460925
-1.140684,2,1370.487925
-3.30408,4,1370.527924
-2.27203,3,1370.559078
-3.288851,4,1370.606466
-0.047063,1,1370.614465
-1.104904,2,1370.63468
-0.03143,1,1370.644681
-0.003847,1,1370.657815
-2.185724,3,1370.690815
-0.008139,1,1370.700815
-1.077659,2,1370.721069
-1.127237,2,1370.74613
-3.363821,4,1370.787191
-2.187804,3,1370.816541
-3.362628,4,1370.855035
-0.047383,1,1370.871182
-2.216996,3,1370.902522
-2.260984,3,1370.932525
-1.093628,2,1370.951523
-3.303282,4,1370.997056
-1.086201,2,1371.017056
-2.166167,3,1371.047056
-1.070201,2,1371.066245
-2.272139,3,1371.103245
-2.176872,3,1371.134245
-3.342908,4,1371.176506
-3.343814,4,1371.22001
-2.264924,3,1371.25601
-1.085467,2,1371.274163
-3.301143,4,1371.314164
-0.025452,1,1371.326164
-2.181366,3,1371.362164
-2.254275,3,1371.390164
-2.162216,3,1371.420526
-2.189139,3,1371.452526
-2.273972,3,1371.488577
-1.0719,2,1371.506578
-3.403664,4,1371.546577
-1.08832,2,1371.566577
-2.266434,3,1371.602768
-2.229699,3,1371.676401
-1.069327,2,1371.7034
-1.125566,2,1371.7234
-2.166567,3,1371.766947
-1.135712,2,1371.789946
-3.445699,4,1371.834219
-1.098034,2,1371.856407
-2.190169,3,1371.889406
-1.134792,2,1371.909407
-2.166089,3,1371.937407
-1.125598,2,1371.958778
-2.215867,3,1371.995184
-1.114486,2,1372.016181
-1.089999,2,1372.037538
-2.237217,3,1372.066771
-2.204078,3,1372.128993
-2.168317,3,1372.179702
-2.187651,3,1372.217866
-2.183826,3,1372.260867
-2.169947,3,1372.296135
-1.087292,2,1372.319138
-1.11927,2,1372.342641
-2.209,3,1372.374331
-2.251761,3,1372.41133
-2.208524,3,1372.44333
-3.395834,4,1372.48403
-0.004006,1,1372.492169
-2.233658,3,1372.52642
-3.380884,4,1372.568502
-0.037188,1,1372.578504
-0.044421,1,1372.587831
-1.1105,2,1372.62083
-0.003692,1,1372.64383
-3.37473,4,1372.710124
-0.030188,1,1372.722124
-2.216461,3,1372.767238
-3.283025,4,1372.812357
-0.019477,1,1372.822356
-2.229257,3,1372.855629
-2.248211,3,1372.890943
-1.097046,2,1372.909529
-3.318391,4,1372.943622
-1.105245,2,1372.966908
-2.217862,3,1373.004084
-1.09056,2,1373.025311
-2.250031,3,1373.054573
-2.225071,3,1373.086648
-2.23807,3,1373.120843
-2.188917,3,1373.151843
-2.163429,3,1373.177941
-3.312382,4,1373.221941
-3.296033,4,1373.264378
-2.241945,3,1373.295549
-3.289201,4,1373.336622
-1.077122,2,1373.355622
-1.07701,2,1373.377984
-3.341095,4,1373.421462
-2.188026,3,1373.450464
-2.217056,3,1373.478462
-3.358895,4,1373.524583
-3.443797,4,1373.568297
-3.36217,4,1373.607588
-2.230047,3,1373.640038
-2.227631,3,1373.678038
-2.182792,3,1373.707416
-2.283293,3,1373.737917
-3.378545,4,1373.777017
-2.210182,3,1373.812017
-2.253882,3,1373.845139
-2.194556,3,1373.875283
-3.385158,4,1373.915512
-3.37942,4,1373.962572
-2.252844,3,1373.993572
-2.204807,3,1374.024651
-3.350031,4,1374.066065
-2.202099,3,1374.098065
-1.105402,2,1374.117163
-2.198987,3,1374.147726
-2.182221,3,1374.17715
-1.11688,2,1374.20115
-2.239468,3,1374.232151
-2.201972,3,1374.262691
-1.085732,2,1374.28401
-3.322975,4,1374.327079
-2.280729,3,1374.35735
-2.258046,3,1374.385498
-2.202967,3,1374.417625
-1.076576,2,1374.441625
-3.379242,4,1374.479625
-1.071354,2,1374.498058
-1.122517,2,1374.521124
-1.089964,2,1374.545125
-1.090501,2,1374.565124
-1.116577,2,1374.586124
-0.018085,1,1374.595195
-2.239361,3,1374.634707
-2.244409,3,1374.665217
-2.19189,3,1374.697217
-2.247325,3,1374.727217
-1.078661,2,1374.753217
-3.421232,4,1374.79141
-3.400885,4,1374.829972
-0.008935,1,1374.839972
-1.116537,2,1374.863972
-3.370871,4,1374.905113
-2.191347,3,1374.935243
-1.127087,2,1374.956521
-2.200425,3,1374.99152
-2.26539,3,1375.021666
-2.287365,3,1375.052935
-3.375251,4,1375.090007
-1.070124,2,1375.110006
-3.297632,4,1375.147353
-2.172259,3,1375.175564
-2.215901,3,1375.205562
-2.21169,3,1375.239562
-3.335761,4,1375.277224
-2.231039,3,1375.308223
-3.301445,4,1375.348371
-2.242578,3,1375.383777
-2.160769,3,1375.414777
-2.230953,3,1375.444778
-1.123657,2,1375.464777
-2.167157,3,1375.50078
-2.220052,3,1375.532778
-1.09816,2,1375.552777
-2.17494,3,1375.582778
-2.267013,3,1375.622777
-3.333934,4,1375.68878
-3.288198,4,1375.746779
-2.241579,3,1375.779778
-0.037972,1,1375.797144
-2.250515,3,1375.833862
-2.253404,3,1375.867862
-2.247339,3,1375.89727
-3.291362,4,1375.942629
-2.254718,3,1375.972628
-3.34935,4,1376.009742
-3.388982,4,1376.050071
-0.034371,1,1376.064072
-1.08966,2,1376.085071
-2.177546,3,1376.113071
-1.118771,2,1376.13607
-2.217749,3,1376.171461
-1.081628,2,1376.192529
-2.275606,3,1376.223529
-2.175243,3,1376.254529
-1.120579,2,1376.28053
-3.341543,4,1376.31869
-3.349496,4,1376.354908
-1.136427,2,1376.375125
-1.135107,2,1376.400125
-2.178264,3,1376.430125
-3.354522,4,1376.469458
-3.411279,4,1376.506746
-2.188402,3,1376.540926
-2.229288,3,1376.570179
-2.228861,3,1376.604235
-1.079956,2,1376.622235
-2.185448,3,1376.658233
-0.022394,1,1376.666232
-2.210448,3,1376.69664
-2.18483,3,1376.727714
-2.225424,3,1376.761713
-2.170167,3,1376.78785
-2.184233,3,1376.818061
-2.25398,3,1376.848061
-2.235961,3,1376.879061
-2.241294,3,1376.90847
-0.04837,1,1376.917747
-2.195481,3,1376.94775
-1.141186,2,1376.977255
-2.174445,3,1377.007257
-2.250806,3,1377.036255
-1.116828,2,1377.056255
-2.198434,3,1377.090255
-2.177279,3,1377.122353
-0.022533,1,1377.132355
-1.096941,2,1377.151353
-2.229373,3,1377.185353
-1.078918,2,1377.203352
-1.093966,2,1377.221352
-2.234265,3,1377.252513
-2.199523,3,1377.285512
-3.355683,4,1377.324775
-3.338686,4,1377.366827
-1.130989,2,1377.385905
-2.193886,3,1377.419905
-2.257335,3,1377.452022
-2.190175,3,1377.482024
-3.331467,4,1377.521302
-1.095911,2,1377.545476
-2.218404,3,1377.57555
-2.285362,3,1377.60755
-2.246004,3,1377.63255
-1.123938,2,1377.656678
-1.131571,2,1377.678678
-1.093611,2,1377.699678
-2.173585,3,1377.727811
-2.176518,3,1377.758329
-2.166588,3,1377.789328
-3.30279,4,1377.828431
-2.225016,3,1377.857432
-1.125249,2,1377.879572
-2.250111,3,1377.910572
-1.124443,2,1377.931572
-1.070727,2,1377.951572
-1.104033,2,1377.975572
-2.27716,3,1378.007573
-1.091523,2,1378.026573
-0.040019,1,1378.036572
-1.119851,2,1378.059572
-2.241439,3,1378.090759
-3.4004,4,1378.128948
-2.199112,3,1378.158081
-1.140748,2,1378.18008
-3.300523,4,1378.216582
-2.167298,3,1378.245581
-1.078626,2,1378.266581
-1.145323,2,1378.289582
-1.086598,2,1378.308708
-2.228647,3,1378.338828
-0.013617,1,1378.347827
-2.227519,3,1378.381827
-2.242984,3,1378.41105
-2.253848,3,1378.437495
-1.136654,2,1378.457614
-0.008762,1,1378.471612
-2.196803,3,1378.502612
-1.119979,2,1378.521612
-1.078025,2,1378.543614
-2.22803,3,1378.579612
-3.307041,4,1378.619613
-1.101812,2,1378.639923
-0.026569,1,1378.650055
-3.31103,4,1378.695189
-3.390314,4,1378.7325
-2.250417,3,1378.763624
-2.177318,3,1378.793959
-0.049459,1,1378.808125
-2.179045,3,1378.840124
-2.262754,3,1378.872383
-1.132085,2,1378.89146
-2.256362,3,1378.92546
-3.28837,4,1378.964599
-3.321097,4,1379.007923
-1.086621,2,1379.027998
-2.210128,3,1379.059998
-0.02487,1,1379.070138
-3.309617,4,1379.109138
-2.217642,3,1379.140138
-1.107361,2,1379.162138
-2.209168,3,1379.192138
-1.130164,2,1379.214143
-1.083156,2,1379.236645
-1.130576,2,1379.258753
-2.165567,3,1379.286902
-3.297124,4,1379.326901
-2.22871,3,1379.357233
-3.376146,4,1379.397389
-3.307221,4,1379.437585
-3.322086,4,1379.47669
-1.106169,2,1379.496688
-1.143875,2,1379.518822
-0.041994,1,1379.531825
-3.318567,4,1379.572822
-3.302049,4,1379.611823
-2.188204,3,1379.645903
-2.250609,3,1379.677053
-1.123566,2,1379.698053
-1.152218,2,1379.71728
-2.276259,3,1379.75328
-2.205133,3,1379.784281
-2.255975,3,1379.813281
-2.244156,3,1379.842579
-2.200159,3,1379.877579
-2.191165,3,1379.90858
-2.197941,3,1379.936815
-0.034701,1,1379.946814
-2.245341,3,1379.979814
-3.277877,4,1380.027922
-2.166524,3,1380.065921
-2.234172,3,1380.099921
-0.00958,1,1380.114921
-2.276502,3,1380.145168
-3.383226,4,1380.184369
-2.242892,3,1380.21437
-2.181785,3,1380.249369
-2.216616,3,1380.277369
-0.012413,1,1380.288369
-1.12794,2,1380.3095
-3.302447,4,1380.352306
-2.239957,3,1380.3865
-2.198556,3,1380.416735
-0.04948,1,1380.426736
-2.166623,3,1380.461735
-2.298454,3,1380.492318
-0.010759,1,1380.500521
-0.018675,1,1380.50852
-1.128811,2,1380.53152
-0.032103,1,1380.54252
-1.140529,2,1380.56174
-2.252078,3,1380.592202
-1.089696,2,1380.615271
-2.198668,3,1380.647271
-2.276293,3,1380.678419
-1.083418,2,1380.696708
-3.312617,4,1380.741133
-2.279631,3,1380.771134
-3.327683,4,1380.810135
-3.378798,4,1380.850134
-1.092729,2,1380.874134
-2.179961,3,1380.904135
-1.080776,2,1380.924335
-0.048068,1,1380.934335
-2.246107,3,1380.970336
-2.174306,3,1381.001337
-3.343153,4,1381.038566
-3.317099,4,1381.079566
-2.242587,3,1381.114568
-1.12656,2,1381.133567
-2.214347,3,1381.163727
-1.099624,2,1381.184724
-1.110082,2,1381.209055
-1.104861,2,1381.234055
-2.243541,3,1381.263056
-2.175537,3,1381.29821
-3.373876,4,1381.346214
-2.192755,3,1381.378377
-1.142065,2,1381.400377
-2.186321,3,1381.427378
-3.312947,4,1381.46803
-2.210086,3,1381.495304
-1.0781,2,1381.513302
-0.048213,1,1381.524302
-2.233405,3,1381.560886
-2.235717,3,1381.592079
-1.095232,2,1381.613079
-2.237244,3,1381.645081
-0.046905,1,1381.658081
-1.133101,2,1381.677419
-1.116916,2,1381.697508
-3.320932,4,1381.740616
-2.170923,3,1381.772729
-2.161522,3,1381.802729
-1.096091,2,1381.824051
-2.237755,3,1381.854052
-2.253932,3,1381.887185
-1.118082,2,1381.907448
-2.214987,3,1381.936652
-2.157564,3,1381.966651
-2.181294,3,1381.997909
-1.111258,2,1382.017117
-2.218044,3,1382.046174
-2.247155,3,1382.076174
-3.348867,4,1382.117464
-2.190828,3,1382.146941
-0.03033,1,1382.158941
-3.322655,4,1382.199242
-3.411712,4,1382.243381
-2.187715,3,1382.275595
-3.424374,4,1382.316595
-2.159597,3,1382.344658
-1.078611,2,1382.368881
-3.308107,4,1382.411881
-1.131815,2,1382.430881
-2.222974,3,1382.458197
-2.196855,3,1382.492583
-1.123434,2,1382.512583
-2.157174,3,1382.540583
-3.313379,4,1382.578583
-2.235439,3,1382.615583
-2.243217,3,1382.646761
-3.342588,4,1382.688358
-2.193334,3,1382.720277
-0.048415,1,1382.735274
-0.036317,1,1382.745275
-1.135693,2,1382.76443
-2.261233,3,1382.789917
-3.335176,4,1382.833917
-3.288972,4,1382.871103
-3.396875,4,1382.911338
-3.338815,4,1382.952338
-2.188469,3,1382.986439
-2.172642,3,1383.01707
-3.283149,4,1383.058185
-3.416673,4,1383.098185
-2.242552,3,1383.131185
-2.259664,3,1383.163184
-2.222221,3,1383.193286
-2.197059,3,1383.223584
-0.009322,1,1383.235646
-2.186376,3,1383.266913
-2.274998,3,1383.297992
-2.169906,3,1383.326994
-3.313361,4,1383.372238
-1.123153,2,1383.392449
-3.309055,4,1383.431176
-2.250542,3,1383.458369
-2.1644,3,1383.489719
-2.229152,3,1383.517033
-1.110008,2,1383.536033
-1.127282,2,1383.55514
-2.237454,3,1383.586391
-2.270225,3,1383.616391
-2.180268,3,1383.643523
-3.288479,4,1383.684891
-0.046549,1,1383.698074
-2.242438,3,1383.727345
-2.181011,3,1383.75546
-2.253019,3,1383.78283
-3.306559,4,1383.826898
-1.091234,2,1383.846403
-3.466543,4,1383.88387
-2.206428,3,1383.913275
-1.113471,2,1383.938618
-3.334419,4,1383.975619
-2.199246,3,1384.0049
-2.223983,3,1384.036989
-1.098882,2,1384.059989
-2.175747,3,1384.087988
-1.111315,2,1384.10799
-2.231156,3,1384.13999
-2.196157,3,1384.173989
-2.231586,3,1384.204052
-1.095102,2,1384.225288
-3.337149,4,1384.266407
-1.145989,2,1384.290623
-2.233828,3,1384.321722
-2.276141,3,1384.353721
-3.431744,4,1384.391721
-0.011844,1,1384.405721
-2.233126,3,1384.435721
-3.279159,4,1384.47706
-2.256521,3,1384.504059
-3.32314,4,1384.54806
-0.049315,1,1384.558059
-2.156795,3,1384.589156
-2.245852,3,1384.617156
-1.080574,2,1384.638156
-0.047875,1,1384.649156
-0.047189,1,1384.661368
-1.12616,2,1384.682367
-2.263897,3,1384.717367
-1.125402,2,1384.737429
-2.279534,3,1384.766429
-3.377317,4,1384.808429
-3.36225,4,1384.852621
-0.031365,1,1384.862621
-3.385264,4,1384.90408
-3.365674,4,1384.943482
-3.32665,4,1384.993222
-1.105918,2,1385.014224
-1.122482,2,1385.035222
-3.376194,4,1385.075341
-2.28,3,1385.10977
-3.350281,4,1385.149975
-0.019193,1,1385.159976
-2.239421,3,1385.186178
-2.252652,3,1385.219501
-2.228062,3,1385.256504
-1.10731,2,1385.279664
-2.180761,3,1385.312078
-2.245966,3,1385.348078
-3.348675,4,1385.389079
