#{"t_start": 1777837659.6582248, "env_id": "FetchReach-v4"}
r,l,t
-65.235395,50,0.870255
-61.595023,50,0.913533
-4.204327,5,0.917604
-56.573811,50,0.954679
-56.647022,50,0.991678
-57.30078,50,1.027817
-23.493538,23,1.045816
-56.767814,50,1.080816
-57.353146,50,1.120816
-56.439928,50,1.157031
-59.120297,50,1.195105
-56.166124,50,1.232807
-62.089272,50,1.273883
-55.09585,50,1.309963
-9.636624,10,1.318963
-29.060037,27,1.34209
-62.894788,50,1.385404
-57.559333,50,1.42448
-11.712719,12,1.433478
-61.047752,50,1.471906
-44.560892,41,1.508974
-55.821824,50,1.547053
-59.515342,50,1.589245
-61.523658,50,1.630324
-61.019356,50,1.671498
-56.200156,50,1.709726
-57.30891,50,1.747726
-56.887138,50,1.785726
-55.338263,50,1.836796
-65.872989,50,1.877893
-63.401531,50,1.916171
-64.261599,50,1.962237
-59.790854,50,2.003557
-55.840774,50,2.04261
-59.208083,50,2.08061
-60.97142,50,2.11961
-56.502566,50,2.162672
-60.785398,50,2.199746
-60.177945,50,2.237746
-65.124343,50,2.276889
-57.485844,50,2.31689
-55.294705,50,2.353112
-60.830949,50,2.394804
-10.491966,11,2.402804
-14.0848,14,2.415943
-54.862648,50,2.456088
-39.175706,36,2.488224
-60.524486,50,2.527442
-56.740649,50,2.573675
-61.167211,50,2.620996
-63.809718,50,2.657262
-55.070534,50,2.695393
-59.822055,50,2.737393
-55.486927,50,2.774711
-58.346499,50,2.815711
-61.438747,50,2.851797
-58.896249,50,2.892935
-58.86694,50,2.936164
-55.388255,50,2.973348
-60.728704,50,3.011418
-14.238469,14,3.025543
-48.242839,46,3.061701
-56.225732,50,3.098973
-56.881512,50,3.138042
-56.677669,50,3.179227
-57.504049,50,3.217226
-57.943795,50,3.255226
-64.234937,50,3.294301
-58.335179,50,3.334376
-58.373506,50,3.371661
-15.37504,15,3.38466
-57.127362,50,3.421659
-60.749679,50,3.463807
-63.55635,50,3.504969
-63.875395,50,3.545475
-61.064017,50,3.582625
-59.831931,50,3.630815
-57.242175,50,3.668888
-61.442524,50,3.708035
-57.273559,50,3.745106
-58.737157,50,3.786175
-56.482367,50,3.827363
-58.59939,50,3.867363
-54.63845,50,3.904508
-57.502615,50,3.949602
-60.552718,50,3.987602
-29.501522,27,4.009603
-18.39308,18,4.022602
-5.235386,6,4.030602
-63.453611,50,4.078605
-58.000385,50,4.182603
-56.600369,50,4.243694
-60.126889,50,4.294694
-56.143256,50,4.340852
-61.766274,50,4.38411
-57.880956,50,4.43638
-56.159945,50,4.488757
-61.026906,50,4.531834
-58.323364,50,4.569038
-58.888292,50,4.612151
-63.038383,50,4.653154
-14.08584,14,4.666703
-39.802223,37,4.695703
-63.232801,50,4.734705
-56.274701,50,4.77578
-61.528435,50,4.816912
-8.536241,9,4.823912
-63.576437,50,4.863977
-56.303752,50,4.907146
-60.737819,50,4.952467
-56.018049,50,6.614017
-62.913447,50,7.066367
-55.176882,50,7.539376
-64.022765,50,7.934488
-5.30017,6,7.991488
-55.435596,50,8.431334
-59.482048,50,8.843705
-55.599703,50,9.262674
-58.659827,50,9.6874
-63.379929,50,10.125705
-59.405,50,10.56313
-57.428932,50,10.966347
-58.23728,50,11.387066
-8.366505,9,11.456563
-57.527099,50,11.887956
-57.366265,50,12.30176
-62.922554,50,12.742688
-59.913883,50,13.210122
-62.275658,50,13.694248
-29.681477,29,14.2562
-61.460174,50,14.935233
-55.897632,50,15.521321
-39.087718,37,16.109091
-57.673389,50,16.647573
-55.720396,50,17.298467
-64.885,50,17.996137
-62.518512,50,18.540991
-56.592214,50,19.039533
-16.461317,16,19.180044
-55.573567,50,19.652347
-58.064011,50,20.145978
-62.660242,50,20.793909
-57.376482,50,21.265463
-54.865349,50,21.729253
-56.455441,50,22.212992
-54.963514,50,22.663622
-62.277395,50,23.140671
-60.037512,50,23.588416
-57.266128,50,24.074178
-59.256082,50,24.54522
-56.007514,50,24.984983
-19.903797,20,25.172997
-59.075489,50,25.654054
-58.29787,50,26.122089
-58.721375,50,26.602879
-68.257409,50,27.068881
-60.469833,50,27.538987
-63.284317,50,28.065608
-64.704223,50,28.561607
-4.281931,5,28.612607
0.0,1,28.630683
-5.24713,6,28.685682
-3.093892,4,28.73319
-0.013544,1,28.74219
0.0,1,28.756191
-58.702376,50,29.255328
-59.407392,50,29.758328
-58.966629,50,30.282376
-60.880569,50,30.805375
-63.865396,50,31.300969
-57.733964,50,31.771972
-62.563588,50,32.273557
-55.48768,50,32.741557
-57.940494,50,33.222557
-13.279345,13,33.348067
-22.350591,22,33.571067
-58.870719,50,34.069069
-10.556147,11,34.173067
-61.613238,50,34.672647
-61.51757,50,35.177644
-55.801155,50,35.639156
-29.533504,28,35.900155
-12.943585,13,36.026156
-6.390082,7,36.100157
-9.59782,10,36.194156
-60.981862,50,36.686155
-0.01378,1,36.697156
-55.879862,50,37.199808
-57.639518,50,37.713809
-60.036404,50,38.272622
-59.340307,50,38.760167
-59.497409,50,39.271673
-58.415137,50,39.766743
-48.208653,44,40.218251
-57.244666,50,40.764251
-54.206452,50,41.244251
-61.956176,50,41.745759
-54.392977,50,42.227818
-1.054526,2,42.244821
-60.077454,50,42.722403
-59.489202,50,43.194727
-59.144695,50,43.643233
-59.026649,50,44.107709
-7.324818,8,44.189708
-58.831346,50,44.649975
-57.447995,50,45.172104
-56.450929,50,45.693104
-57.775344,50,46.181611
-59.69029,50,46.651731
-60.3157,50,47.113237
-56.182211,50,47.574448
-62.847113,50,48.050719
-1.049704,2,48.07772
-54.769602,50,48.565338
-56.373478,50,49.028338
-54.50523,50,49.515957
-1.063143,2,49.537955
-60.165739,50,50.007014
-54.709739,50,50.47378
-60.964542,50,51.002854
-59.099898,50,51.512925
-61.799415,50,52.013553
-54.55757,50,52.482554
-58.571009,50,52.967061
-63.95024,50,53.432203
-59.145504,50,53.927873
-1.061586,2,53.952872
-53.40698,50,54.448018
-60.931422,50,54.950016
-61.045028,50,55.43679
-56.298017,50,57.296001
-7.450441,8,57.373001
-55.68791,50,57.829001
-55.858794,50,58.335001
-55.278778,50,58.842649
-60.936961,50,59.315804
-59.157463,50,59.77731
-57.094362,50,60.259313
-63.24844,50,60.73182
-56.761222,50,61.208817
-32.322662,30,61.514912
-59.651014,50,61.991609
-57.230333,50,62.467609
-14.888908,15,62.624609
-57.937628,50,63.132283
-17.44273,17,63.293282
-59.563706,50,63.753283
-23.742622,23,63.992283
-63.42657,50,64.48179
-37.684943,36,64.822893
-58.073487,50,65.291893
-58.899395,50,65.740399
-48.096467,45,66.165895
-55.883945,50,66.666404
-58.350639,50,67.167404
-56.808137,50,67.715274
-56.727321,50,68.221478
-4.180998,5,68.270665
-29.458064,29,68.593665
-56.454682,50,69.104173
-55.90106,50,69.579173
-5.359615,6,69.636172
-8.705037,9,69.720171
-59.579611,50,70.207132
-56.530502,50,70.694448
-54.715913,50,71.173957
-59.255923,50,71.649204
-14.097844,14,71.784203
-25.64094,25,72.035203
-18.169831,18,72.221203
-58.022687,50,72.693821
-21.034999,20,72.886959
-23.942191,23,73.123961
-29.845959,28,73.382962
-57.150125,50,73.864468
-8.665821,9,73.948469
-55.822759,50,74.450466
-55.020511,50,74.931974
-39.500456,38,75.3052
-54.418194,50,75.777705
-1.037673,2,75.801705
-34.626579,32,76.114705
-45.304546,43,76.528705
-56.215164,50,77.013212
-6.488123,7,77.087213
-50.424554,47,77.534213
-7.628242,8,77.608212
-4.162094,5,77.652212
-33.308957,32,77.966449
-4.270364,5,78.013449
-17.64638,17,78.194956
-55.213718,50,78.723958
-55.356139,50,79.245464
-4.181785,5,79.294465
-8.428394,9,79.389465
-56.404842,50,79.887586
-54.417776,50,80.388092
-17.270692,17,80.562092
-16.075094,16,80.708091
-11.566871,12,80.820092
-13.880421,14,80.956093
-55.078855,50,81.435224
-13.82467,14,81.575737
-22.160716,21,81.787736
-14.106785,14,81.936739
-0.012602,1,81.947736
-12.937012,13,82.071895
-49.592729,46,82.493003
-11.811034,12,82.601999
-20.390776,20,82.788506
-7.2572,8,82.861506
-4.293629,5,82.904505
-30.278449,29,83.203506
-3.206769,4,83.241505
-24.168756,23,83.470505
-16.997413,17,83.635508
-53.270344,50,84.10907
-41.585987,40,84.51007
-2.062936,3,84.538071
-27.566318,26,84.781072
-29.762457,29,85.061579
-41.781016,40,85.441579
-23.71556,23,85.647579
-9.682963,10,85.733579
-43.536223,42,86.112297
-34.12751,33,86.426376
-33.716085,33,86.727376
-18.336369,18,86.893376
-12.744514,13,87.025377
-29.113005,28,87.324888
-8.305584,9,87.421884
-18.535337,18,87.591884
-9.682386,10,87.687885
-5.497112,6,87.740884
-1.024752,2,87.759884
-5.353433,6,87.809884
-12.654394,13,87.938884
-17.432992,17,88.100885
-19.616202,19,88.275885
-21.338637,21,88.477394
-10.607968,11,88.586394
-13.826333,14,88.735478
-3.233867,4,88.776479
-2.070086,3,88.802478
-5.340849,6,88.87148
-10.529991,11,88.98884
-8.626396,9,89.06884
-31.09629,30,89.346838
-20.156973,20,89.549345
-3.173293,4,89.588503
-1.03253,2,89.608503
-5.363266,6,89.671503
-27.302027,27,89.9257
-11.809595,12,90.045699
-11.721473,12,90.163699
-5.333983,6,90.221701
-8.571871,9,90.314699
-14.064276,14,90.446699
-2.131432,3,90.475701
-22.206709,22,90.69621
-8.492911,9,90.797212
-6.284078,7,90.861209
-17.14796,17,91.01421
-6.465694,7,91.075211
-4.266404,5,91.134209
-45.256538,43,91.521209
-14.725083,15,91.656209
-23.487614,23,91.86572
-4.273219,5,91.918716
-5.32978,6,91.974801
-4.231301,5,92.027799
-9.55241,10,92.115798
-3.164321,4,92.1638
-2.083846,3,92.190799
-5.321555,6,92.245987
-2.102473,3,92.272987
-11.608502,12,92.383987
-5.283595,6,92.435987
-4.34935,5,92.479986
-23.154671,22,92.687988
-10.849963,11,92.796987
-10.626815,11,92.90399
-8.398305,9,92.987989
-7.459795,8,93.069501
-0.010951,1,93.082499
-4.319405,5,93.130499
-52.662741,50,93.591499
-5.165177,6,93.647499
-4.30903,5,93.6965
-5.363964,6,93.750566
-21.978875,22,93.946563
-2.148935,3,93.974564
-12.622154,13,94.098563
-16.950559,17,94.254071
-2.122206,3,94.283071
-12.734772,13,94.403071
-13.886082,14,94.532207
-2.10661,3,94.562205
-3.166757,4,94.597205
-4.21859,5,94.645206
-5.172099,6,94.703205
-0.005398,1,94.712205
-4.236289,5,94.759205
-9.458537,10,94.849205
-4.273284,5,94.899205
-15.817826,16,95.044205
-4.324233,5,95.090205
-13.796033,14,95.217205
-1.04342,2,95.238207
-3.160143,4,95.279208
-9.435691,10,95.375712
-14.821275,15,95.533712
-3.099598,4,95.576712
-12.773091,13,95.700713
-1.049389,2,95.718711
-5.54244,6,95.774711
-4.319678,5,95.827711
-4.27744,5,95.876713
-4.382118,5,95.919714
-3.252201,4,95.956712
-3.139321,4,95.999711
-3.153222,4,96.040713
-2.087398,3,96.068712
-5.37324,6,96.119715
-6.448913,7,96.194712
-3.126047,4,96.233712
-3.105632,4,96.269714
-16.907173,17,96.416712
-11.591718,12,96.534219
-3.238875,4,96.573219
-3.210579,4,96.61822
-5.418718,6,96.671218
-3.178198,4,96.713219
-14.608626,15,96.847219
-4.234713,5,96.88822
-13.844985,14,97.013219
-5.288044,6,97.081219
-3.189004,4,97.115219
-14.700141,15,97.254219
-2.151427,3,97.281219
-5.444567,6,97.341219
-10.487015,11,97.442219
-7.529242,8,97.518219
-3.299305,4,97.554219
0.0,1,97.567219
-3.177437,4,97.60722
-1.025959,2,97.624223
-2.109997,3,97.654727
-4.351221,5,97.709728
-2.137695,3,97.739728
-23.941525,24,97.955728
-2.09444,3,97.985729
-3.182144,4,98.026728
-2.100848,3,98.055728
-3.25592,4,98.09473
-4.234561,5,98.137727
-5.477976,6,98.207728
-3.310781,4,98.245729
-3.192303,4,98.286728
-10.649445,11,98.392728
-4.280051,5,98.464729
-6.428009,7,98.540728
-0.010608,1,98.549727
-5.213966,6,98.611727
-2.150289,3,98.650728
-3.302486,4,98.690728
-5.445819,6,98.745728
-1.027658,2,98.767729
-15.912902,16,98.956236
-38.091384,37,99.372236
-3.258399,4,99.410237
-3.259391,4,99.454236
-7.48119,8,99.534236
-2.114663,3,99.562235
-4.260335,5,99.615235
-6.27895,7,99.684236
-3.223206,4,99.722235
-4.351184,5,99.767236
-4.345137,5,99.823237
-4.286645,5,99.869318
-4.380832,5,99.92332
-7.419111,8,99.999828
-18.917834,19,100.197828
-2.12029,3,100.230828
-3.297778,4,100.271828
-22.24562,22,100.479827
-28.53638,28,100.740828
-7.532318,8,100.809827
-2.132434,3,100.841827
-3.168264,4,100.884828
-4.218538,5,100.928828
-2.129229,3,100.95783
-4.267502,5,101.012827
-1.06289,2,101.029828
-3.172243,4,101.066831
-11.542992,12,101.192342
-1.047674,2,101.21834
-11.616404,12,101.32434
-1.043913,2,101.34334
-9.523611,10,101.431427
-4.343996,5,101.480427
-7.552653,8,101.55453
-3.190766,4,101.589531
-2.113442,3,101.615633
-43.373603,42,102.017632
-0.017773,1,102.028632
-4.192464,5,102.082633
-36.863161,36,102.423138
-14.817906,15,102.574138
-6.461689,7,102.646139
-1.043816,2,102.663138
-1.06664,2,102.680138
-5.319844,6,102.754141
-3.189484,4,102.79814
-16.023806,16,102.945139
-2.178321,3,102.973138
-2.093537,3,103.005139
-1.030355,2,103.026139
-23.226959,23,103.249138
-3.200243,4,103.283141
-3.204776,4,103.324139
-2.149358,3,103.349138
-2.135912,3,103.375138
-18.479708,18,103.553711
0.0,1,103.567711
-16.263049,16,103.724821
-2.134452,3,103.753821
-3.246788,4,103.78782
-3.171811,4,103.829821
-3.198738,4,103.867821
-8.291576,9,103.955821
-3.198392,4,103.99282
-3.213294,4,104.037821
-2.14406,3,104.066821
-0.017391,1,104.076822
-7.438836,8,104.149988
-4.271062,5,104.210083
-1.074116,2,104.233084
-3.221997,4,104.269082
-3.114721,4,104.313082
-4.281358,5,104.368082
-5.172342,6,104.427082
-2.085826,3,104.453144
-2.115769,3,104.481143
-3.206332,4,104.526649
-2.140457,3,104.555653
-1.050648,2,104.574653
-2.182011,3,104.604654
-5.316399,6,104.668807
-5.365345,6,104.724862
-1.057027,2,104.743862
-1.037121,2,104.764005
-2.189071,3,104.808008
-3.17691,4,104.848006
-30.981955,30,105.128006
-6.332921,7,105.206005
-12.730057,13,105.344008
-2.130698,3,105.375007
-3.200526,4,105.413006
-3.218566,4,105.451006
0.0,1,105.468008
-4.339764,5,105.517006
-4.21222,5,105.561131
-3.197661,4,105.598131
-2.135203,3,105.631131
-1.045965,2,105.653134
-2.127502,3,105.686639
-1.072152,2,105.708638
-3.185338,4,105.754639
-3.190942,4,105.797638
-2.094578,3,105.93964
-3.224206,4,105.974638
-1.082785,2,105.998638
-1.054896,2,106.023745
-2.099191,3,106.057747
-3.320435,4,106.095745
-1.086954,2,106.118745
-2.087825,3,106.148746
-2.098617,3,106.183745
-2.106884,3,106.223746
-3.156501,4,106.27084
-17.955817,18,106.434945
-3.148063,4,106.472944
-2.151122,3,106.503945
-3.200639,4,106.548944
-2.077355,3,106.578945
-1.056072,2,106.597945
-3.155996,4,106.637944
-2.135984,3,106.670946
-4.203438,5,106.721172
-4.226075,5,106.766171
-2.131209,3,106.799173
-3.234619,4,106.845679
-3.27958,4,106.88968
-5.196649,6,106.952812
-1.038358,2,106.971812
-52.773707,50,107.457811
-3.153246,4,107.494811
-2.123599,3,107.521814
-2.101895,3,107.548813
-3.271247,4,107.594813
-2.11946,3,107.622811
-4.338052,5,107.670812
-1.045048,2,107.690813
-4.329661,5,107.743812
-3.186311,4,107.780811
-2.158599,3,107.809813
-3.294462,4,107.845814
-3.192657,4,107.892811
-2.091082,3,107.921812
-4.276685,5,107.965816
-4.247394,5,108.021322
-2.061973,3,108.054322
-54.733936,50,108.552323
-2.137234,3,108.581321
-2.163512,3,108.608324
-3.196002,4,108.652325
-2.073811,3,108.680321
-3.176824,4,108.716322
-2.092609,3,108.748321
-1.02787,2,108.772322
-2.089709,3,108.800323
-2.145309,3,108.831324
-3.255172,4,108.870321
-2.064787,3,108.906321
-3.120312,4,108.941322
-3.250958,4,108.982321
-2.113137,3,109.018321
-1.059432,2,109.044321
-3.127263,4,109.096325
-1.032249,2,109.122322
-3.191039,4,109.159326
-2.097914,3,109.201827
-7.283776,8,109.293827
-2.122162,3,109.331827
-2.14294,3,109.362828
-4.279547,5,109.415828
-4.247317,5,109.462828
-3.179454,4,109.504829
-3.244241,4,109.544828
-3.296212,4,109.588827
-0.006768,1,109.597827
-2.181589,3,109.624827
-4.33416,5,109.673827
-1.033454,2,109.696829
-3.265249,4,109.732827
-1.028935,2,109.755828
-4.243048,5,109.800828
-9.482236,10,109.906828
-2.123464,3,109.934828
-3.174017,4,109.970827
-0.01765,1,109.983829
-2.124791,3,110.015828
-1.067247,2,110.032827
-3.226896,4,110.069827
-3.240569,4,110.107827
-5.264686,6,110.167827
-1.056359,2,110.187828
-1.029047,2,110.206828
-4.245973,5,110.251827
0.0,1,110.272829
0.0,1,110.287827
-2.121674,3,110.325344
-5.337087,6,110.385341
-1.057176,2,110.412341
-53.983641,50,111.047443
-3.239376,4,111.096443
-5.368653,6,111.169444
-3.192855,4,111.224443
-1.044792,2,111.249444
-2.137971,3,111.293442
-1.067256,2,111.313442
-4.31064,5,111.363443
-4.286626,5,111.413443
-4.347886,5,111.467954
-2.108167,3,111.503954
-2.074411,3,111.540952
-3.203257,4,111.579951
-2.083651,3,111.608952
-0.015387,1,111.618951
-1.086623,2,111.642951
-3.179887,4,111.685952
-1.039954,2,111.706951
-6.319884,7,111.780951
-2.168748,3,111.812951
-4.207399,5,111.861951
-2.090158,3,111.888951
-2.068033,3,111.916951
-3.231644,4,111.960951
-1.039293,2,111.979951
-1.034572,2,111.998951
-3.164013,4,112.034952
-2.1468,3,112.075952
-1.036486,2,112.096951
-4.395641,5,112.143951
-1.046883,2,112.162951
-2.123321,3,112.195952
-3.210683,4,112.234952
-2.135847,3,112.262951
-4.272405,5,112.320951
-3.200467,4,112.366951
-3.241558,4,112.402953
-2.075386,3,112.430951
-1.071657,2,112.448951
-3.2225,4,112.490952
-2.1416,3,112.521952
-2.090346,3,112.548951
-3.180431,4,112.585954
-2.119202,3,112.619458
-2.080417,3,112.64946
-3.158295,4,112.688459
-3.146094,4,112.729459
0.0,1,112.743459
-3.196148,4,112.782459
-2.111997,3,112.81146
-3.358115,4,112.858532
-3.145713,4,112.904531
-2.166901,3,112.934532
-2.136124,3,112.961531
-10.556353,11,113.06353
-1.048357,2,113.08953
-5.338395,6,113.149531
-13.616442,14,113.284823
-0.006117,1,113.298821
-2.151593,3,113.335822
-4.249433,5,113.387821
-3.261079,4,113.425822
-4.293366,5,113.475822
-2.193419,3,113.509822
-1.072646,2,113.532824
-2.10136,3,113.561821
-2.176467,3,113.592822
-1.063317,2,113.614824
-1.052875,2,113.634822
-3.16565,4,113.669931
-1.038472,2,113.689931
-3.256681,4,113.73544
-2.074535,3,113.764439
-3.259867,4,113.808439
-2.15417,3,113.840442
-1.042391,2,113.864439
-1.032974,2,113.886593
-3.174008,4,113.935594
0.0,1,113.946595
-0.007933,1,113.960594
-1.033813,2,113.980593
-3.179807,4,114.017593
-1.07486,2,114.036595
-2.077211,3,114.070593
-0.006343,1,114.079593
-2.190029,3,114.107593
-3.156361,4,114.146596
-2.129625,3,114.180688
-3.21669,4,114.217688
-1.063618,2,114.236688
-2.080029,3,114.28069
-2.085891,3,114.325688
-3.209035,4,114.368688
-2.107982,3,114.395689
-2.183245,3,114.422689
-1.024663,2,114.448688
-3.182911,4,114.486691
-1.035957,2,114.504689
-18.077326,18,114.672689
-3.18371,4,114.717688
-1.020119,2,114.734689
-0.01313,1,114.746689
-3.24537,4,114.788688
-3.1805,4,114.830688
-1.043648,2,114.848688
-3.171415,4,114.890692
-0.016846,1,114.900688
-3.215771,4,114.949198
-3.180107,4,114.987195
-1.024629,2,115.010197
-3.152855,4,115.051195
-2.117997,3,115.084197
-3.231191,4,115.124195
-2.173863,3,115.154196
-2.125523,3,115.184197
-3.238967,4,115.229196
-3.166084,4,115.268195
-3.214054,4,115.316197
-3.260455,4,115.357196
-2.140482,3,115.390195
-2.147314,3,115.433196
-3.151365,4,115.481195
-2.149481,3,115.511196
-4.270437,5,115.574198
-2.173148,3,115.606196
-2.091487,3,115.635195
-2.116706,3,115.6652
-3.202679,4,115.706196
-3.244849,4,115.741196
-3.221029,4,115.782196
-2.081531,3,115.812195
-2.108397,3,115.845196
-2.116726,3,115.877196
-2.138209,3,115.906196
-2.091808,3,115.934196
-1.065308,2,115.962196
-3.234622,4,116.010198
-0.009516,1,116.020196
-3.2719,4,116.057198
-2.133691,3,116.107707
-1.022103,2,116.126707
-2.109986,3,116.153708
-1.04256,2,116.171708
-3.202248,4,116.221708
-2.098119,3,116.248707
-3.198605,4,116.284709
-3.203305,4,116.336709
-2.084664,3,116.369707
-2.098111,3,116.40271
-1.070901,2,116.424708
-1.076116,2,116.443707
-3.177549,4,116.485707
-1.073782,2,116.504707
-3.239434,4,116.543707
-2.126639,3,116.569916
-2.09644,3,116.602916
-3.198438,4,116.645917
-1.055674,2,116.664917
-4.361663,5,116.709917
-2.155667,3,116.745917
-1.038534,2,116.764916
-1.04424,2,116.783916
-3.194105,4,116.821918
-2.161364,3,116.857916
-3.204686,4,116.901919
-2.11795,3,116.930916
-4.305245,5,116.980916
-1.044537,2,117.001981
-3.19887,4,117.041982
-3.180766,4,117.082981
-3.230081,4,117.11998
-4.339863,5,117.169981
-2.089976,3,117.200981
-2.172628,3,117.229491
-3.171459,4,117.27149
-3.239702,4,117.326489
-3.182203,4,117.368489
-4.29678,5,117.41949
-1.061323,2,117.439489
-3.16329,4,117.480489
-4.283151,5,117.528491
-2.126867,3,117.558489
-6.333774,7,117.623489
-2.118633,3,117.655489
-2.094611,3,117.681489
-1.030384,2,117.700489
-3.17677,4,117.737489
-2.069787,3,117.77949
-0.002043,1,117.79149
-3.18038,4,117.831489
-2.107149,3,117.86149
-1.064776,2,117.88449
-3.159335,4,117.921489
-2.174836,3,117.950489
-2.122429,3,117.97949
-2.112129,3,118.013489
-3.260876,4,118.049489
0.0,1,118.05949
-3.171416,4,118.097489
-3.168386,4,118.138488
-3.177184,4,118.175489
-3.192132,4,118.211489
-3.230709,4,118.246489
-2.107719,3,118.280489
-1.070192,2,118.30349
-2.077737,3,118.339489
-3.199676,4,118.376998
-3.189947,4,118.425
-0.013138,1,118.435998
-2.114214,3,118.468997
-1.060644,2,118.486998
-2.113672,3,118.524997
-3.212024,4,118.560998
-2.156822,3,118.587997
-2.116854,3,118.617997
-3.236716,4,118.659999
-3.163843,4,118.697
-1.07013,2,118.719
-2.121472,3,118.748119
-1.038378,2,118.770118
-1.048012,2,118.788119
-1.024905,2,118.808119
-3.227459,4,118.847121
-2.073112,3,118.882118
-0.007083,1,118.891119
-2.131584,3,118.918118
-2.110028,3,118.94712
-1.027199,2,118.974119
-2.110631,3,119.002118
-1.030649,2,119.020118
-3.203944,4,119.059118
-2.07723,3,119.092119
-3.29514,4,119.126119
-1.037488,2,119.152184
-1.024318,2,119.176185
-3.272823,4,119.226185
-1.031198,2,119.252184
-3.222577,4,119.310186
-3.182974,4,119.359184
-1.048484,2,119.387265
-2.093807,3,119.420264
-2.119501,3,119.457265
-0.018862,1,119.470265
-2.116078,3,119.513265
-3.22431,4,119.560774
-1.052243,2,119.579773
-2.120164,3,119.612773
-3.181082,4,119.656773
-0.01222,1,119.666774
-2.116971,3,119.693772
-2.12805,3,119.721774
0.0,1,119.735774
-1.069732,2,119.756774
-3.166361,4,119.798773
-3.196866,4,119.841774
-11.471016,12,119.971774
-3.242661,4,120.010774
-0.016921,1,120.021773
-3.187508,4,120.058773
-0.01035,1,120.071773
-2.196911,3,120.101776
-2.169277,3,120.130773
-2.087461,3,120.158774
-1.021509,2,120.180773
-1.059547,2,120.199773
-3.183391,4,120.235774
-1.052915,2,120.256773
-2.089575,3,120.288957
-0.015368,1,120.298959
-3.183048,4,120.344958
-2.17897,3,120.375958
-1.028973,2,120.399958
-3.242634,4,120.437958
-2.096255,3,120.468957
-2.182,3,120.496957
-0.011299,1,120.508957
-3.25012,4,120.550958
-2.116523,3,120.581957
-2.098938,3,120.608958
-2.066935,3,120.642958
-4.323822,5,120.693651
-1.070855,2,120.715651
-0.014363,1,120.727654
-1.041276,2,120.751651
-2.141212,3,120.782651
-2.062142,3,120.816651
-2.179612,3,120.844651
-3.233051,4,120.887651
-2.120504,3,120.917652
-5.324973,6,120.977651
-2.152322,3,121.004652
0.0,1,121.017651
-0.009014,1,121.030651
-2.077208,3,121.058651
-3.193482,4,121.095651
-3.212215,4,121.138651
-2.086894,3,121.165652
-2.080994,3,121.192652
-1.063782,2,121.213652
-1.033019,2,121.239651
-3.200511,4,121.276651
-2.16176,3,121.304652
-2.06848,3,121.340651
-2.087709,3,121.376651
-4.187498,5,121.420651
-2.149907,3,121.449651
-2.083441,3,121.483652
-2.143395,3,121.515652
-1.07265,2,121.537652
-2.127081,3,121.565652
-3.192902,4,121.602651
-3.185265,4,121.648652
-2.157818,3,121.675651
-2.101729,3,121.704652
-3.262713,4,121.740652
-1.050969,2,121.763651
-2.091189,3,121.793651
-2.091394,3,121.82316
-2.152863,3,121.852158
-3.198876,4,121.89816
-2.167656,3,121.930158
0.0,1,121.940158
-2.12719,3,121.966159
-5.197256,6,122.029159
-3.255183,4,122.065158
-1.070527,2,122.084158
-1.049295,2,122.104161
-2.121833,3,122.136159
-2.081021,3,122.163158
-5.228152,6,122.219158
-4.338415,5,122.271158
-3.241791,4,122.312158
-2.096501,3,122.35216
-3.214281,4,122.391161
-3.185325,4,122.430161
-2.138918,3,122.463238
-2.113614,3,122.49124
-3.227994,4,122.532238
-0.013995,1,122.542238
-2.082129,3,122.587239
-1.025426,2,122.609238
-1.047099,2,122.631238
0.0,1,122.64224
-2.14477,3,122.677238
-2.165072,3,122.704239
-2.11297,3,122.731238
-5.262409,6,122.791324
-3.304708,4,122.837322
-1.065055,2,122.858324
-2.09025,3,122.889321
-3.161086,4,122.928321
-2.113206,3,122.960449
-2.084035,3,122.995953
-3.142495,4,123.033953
-2.078675,3,123.067955
-2.117762,3,123.105954
-3.142422,4,123.142954
-2.101162,3,123.168953
-3.180913,4,123.206956
-0.016923,1,123.220953
-2.158788,3,123.248955
-2.176045,3,123.274954
-1.063299,2,123.293954
-1.026644,2,123.320953
-3.116758,4,123.364954
-1.041687,2,123.383953
0.0,1,123.393954
-2.08145,3,123.432953
-6.373477,7,123.500954
-1.034269,2,123.526955
-3.180744,4,123.566955
-3.208647,4,123.617954
-2.115801,3,123.652953
-2.164937,3,123.680954
-1.038269,2,123.698954
-2.081049,3,123.737953
-3.21592,4,123.781954
-4.250355,5,123.829955
-1.06612,2,123.851954
-2.117229,3,123.883954
-3.242796,4,123.920954
-1.036144,2,123.939954
-1.062031,2,123.958953
-0.005059,1,123.972955
-1.035602,2,123.990953
-3.178659,4,124.033953
-4.25825,5,124.084956
-2.161928,3,124.11946
-3.196285,4,124.15746
-3.224034,4,124.203462
-1.061817,2,124.227461
-0.013934,1,124.241461
-2.163336,3,124.27146
-1.057493,2,124.29046
-3.240247,4,124.328462
-1.047126,2,124.35646
-0.012993,1,124.37046
-2.168171,3,124.40746
-2.10619,3,124.435461
-3.112192,4,124.47746
-3.194073,4,124.52246
-1.059059,2,124.541462
-2.060892,3,124.56846
-2.1146,3,124.60046
-2.089578,3,124.630835
-2.089035,3,124.658835
0.0,1,124.667835
-3.234282,4,124.7089
-2.162797,3,124.741902
-3.147907,4,124.7779
0.0,1,124.7869
0.0,1,124.7999
-2.129934,3,124.828901
-1.024888,2,124.8479
-3.230678,4,124.8859
-2.122508,3,124.9179
-1.044236,2,124.9409
-3.16757,4,124.9849
0.0,1,124.9939
-3.348741,4,125.0399
-2.091732,3,125.0699
-1.055615,2,125.089901
-2.111914,3,125.1219
-2.096908,3,125.154902
-3.128666,4,125.1929
-2.091388,3,125.2189
-4.32325,5,125.26741
-5.234708,6,125.33541
-0.010589,1,125.347409
-2.129447,3,125.378591
-2.151454,3,125.415591
-2.129835,3,125.447592
-3.170712,4,125.486591
-3.23774,4,125.525591
-1.057391,2,125.544592
-2.137735,3,125.577591
-3.241066,4,125.615592
-1.023164,2,125.633591
-3.272573,4,125.670591
-1.034324,2,125.694591
0.0,1,125.706591
-3.251144,4,125.744591
-3.145099,4,125.780591
-2.146462,3,125.81459
-3.166593,4,125.854593
-2.135559,3,125.881591
0.0,1,125.892592
-2.081915,3,125.930592
-1.050409,2,125.953591
-3.31199,4,125.989591
-3.274622,4,126.032591
-4.334404,5,126.081591
-3.187369,4,126.120591
-2.157748,3,126.153593
-3.171796,4,126.190655
-3.201819,4,126.231656
-1.048616,2,126.251656
-0.00531,1,126.261656
-3.21945,4,126.298656
-2.155397,3,126.330655
-3.337265,4,126.369657
-0.008531,1,126.381163
-3.268677,4,126.427163
-3.299443,4,126.477164
-2.079801,3,126.506164
-3.263369,4,126.542164
-2.135936,3,126.571163
-1.078401,2,126.600164
-2.120141,3,126.630165
-2.107752,3,126.657164
-2.14377,3,126.690164
-1.060135,2,126.713164
-4.232649,5,126.759164
-4.247902,5,126.806166
-1.067103,2,126.825164
-2.13773,3,126.862164
-5.444073,6,126.918164
-1.058601,2,126.938164
-2.102881,3,126.968164
-3.170509,4,127.010164
-2.179744,3,127.039163
-3.208496,4,127.079165
-7.326282,8,127.155165
-3.1751,4,127.197164
-0.016649,1,127.207164
-1.034558,2,127.225164
-2.127805,3,127.256164
-3.303295,4,127.298166
-1.024215,2,127.316165
-3.236535,4,127.353163
-3.195239,4,127.394166
-2.183847,3,127.430164
-1.026941,2,127.451164
-3.125577,4,127.492164
-3.288966,4,127.531674
-4.310732,5,127.597674
-2.116848,3,127.634676
-3.188472,4,127.671674
-2.133847,3,127.700674
-2.128473,3,127.733674
-2.173157,3,127.760676
-2.110448,3,127.793675
-3.338748,4,127.835675
-3.196469,4,127.880675
-1.020039,2,127.901674
-2.177048,3,127.930674
-2.174132,3,127.961674
-1.031804,2,127.983674
-0.016846,1,127.994674
-0.008853,1,128.004675
-1.026688,2,128.022674
-1.021485,2,128.045675
-2.106069,3,128.073676
-3.181876,4,128.111862
-3.238596,4,128.151861
-5.412072,6,128.212861
-2.097603,3,128.24101
-2.165616,3,128.269011
-3.186046,4,128.305011
-2.101353,3,128.339011
-1.03714,2,128.358011
-0.018219,1,128.367013
-1.049293,2,128.387011
-1.076848,2,128.41501
-2.107515,3,128.45101
-3.239417,4,128.492013
-1.068284,2,128.51001
-1.070838,2,128.532011
-0.012298,1,128.543011
-2.172904,3,128.573012
-3.228875,4,128.61001
-1.043328,2,128.635011
-3.175938,4,128.688652
-3.215,4,128.744652
-2.084431,3,128.788652
-1.068518,2,128.821652
-2.136157,3,128.856652
-3.220068,4,128.913652
-2.094106,3,128.954653
-1.044741,2,128.988652
-1.041568,2,129.018652
-3.202915,4,129.069652
-3.272313,4,129.113652
-3.197533,4,129.156652
-2.153589,3,129.183652
-2.108597,3,129.212652
-0.010566,1,129.222652
-2.081178,3,129.255653
-3.216816,4,129.291652
-2.150276,3,129.323653
-1.061455,2,129.347651
-3.255752,4,129.399652
-1.058659,2,129.426652
-2.117032,3,129.459652
-0.009034,1,129.472652
-3.195294,4,129.519652
0.0,1,129.529653
-2.086274,3,129.562653
-3.235718,4,129.609652
-4.268991,5,129.677652
-2.077717,3,129.706652
-1.050443,2,129.725652
-2.097341,3,129.762736
0.0,1,129.776735
-2.089702,3,129.804739
-1.024454,2,129.822243
-0.004358,1,129.832248
-3.274517,4,129.878243
0.0,1,129.888245
-2.098574,3,129.918243
-2.104143,3,129.947243
-1.075322,2,129.970243
-1.041614,2,129.990243
-5.219768,6,130.049244
-3.281919,4,130.086245
-0.001235,1,130.101243
-3.262518,4,130.136244
-3.220365,4,130.172492
-2.086805,3,130.201493
-2.109317,3,130.233493
-5.242473,6,130.287494
-2.147782,3,130.316493
-4.277777,5,130.362493
-3.195283,4,130.407492
-1.065006,2,130.428493
-1.040486,2,130.447493
-2.157546,3,130.474493
-1.073852,2,130.497493
-0.019114,1,130.508493
-2.097578,3,130.541493
-0.018001,1,130.551494
-2.165131,3,130.587493
-1.063236,2,130.606493
-3.234567,4,130.644494
-0.015776,1,130.655493
-3.173349,4,130.697493
-2.077848,3,130.725493
-1.039727,2,130.745493
-3.274159,4,130.785494
-1.035835,2,130.809494
-1.06859,2,130.834493
-1.048762,2,130.858494
-3.191727,4,130.897493
-3.215527,4,130.941494
-2.108436,3,130.976001
-3.219717,4,131.019001
-1.086366,2,131.041001
-2.133321,3,131.081002
-3.226934,4,131.120001
-3.165747,4,131.156001
-0.014686,1,131.166001
-2.175024,3,131.201006
-1.05618,2,131.219
-4.351995,5,131.273
-1.056978,2,131.292
-2.10631,3,131.324001
-3.16949,4,131.359001
-9.406846,10,131.460001
-1.067015,2,131.478
-2.107765,3,131.513
-3.134456,4,131.552
-3.141902,4,131.603003
-2.142364,3,131.646106
-3.193082,4,131.686108
-0.011484,1,131.696106
-2.079042,3,131.727503
-2.11458,3,131.756503
-2.125605,3,131.791503
-1.059795,2,131.809755
-1.060417,2,131.829756
-3.244799,4,131.870755
-3.227497,4,131.913755
-2.171702,3,131.943756
-5.426861,6,131.998756
-2.11511,3,132.025755
-3.191891,4,132.071755
-2.105702,3,132.099261
-3.188866,4,132.140267
-2.121911,3,132.170397
-3.201749,4,132.226398
-2.138662,3,132.259397
-5.168658,6,132.3174
-3.179348,4,132.353397
-2.121671,3,132.386397
-3.199888,4,132.431397
-3.199422,4,132.466397
-2.131068,3,132.495398
-1.033259,2,132.519397
-2.079078,3,132.550397
-0.002419,1,132.560747
-1.048468,2,132.577746
-2.086119,3,132.613747
-2.13611,3,132.641746
-1.041525,2,132.660747
-3.157687,4,132.698748
-1.027136,2,132.723748
-2.096598,3,132.750747
-2.165296,3,132.777746
-3.186264,4,132.817748
-3.203748,4,132.860747
-0.00873,1,132.869747
-3.251974,4,132.907749
-3.265551,4,132.945746
-2.1613,3,132.982748
-2.174629,3,133.010746
-3.206385,4,133.048748
-2.153395,3,133.081747
-3.261678,4,133.122746
-1.055761,2,133.141747
-2.109117,3,133.170747
-5.307233,6,133.22575
-3.162035,4,133.270256
-2.153451,3,133.297255
-2.089107,3,133.331256
-3.207033,4,133.373255
0.0,1,133.387256
-3.150184,4,133.437256
-2.14487,3,133.473255
-3.155835,4,133.521345
-1.042358,2,133.545345
-2.141969,3,133.575345
-3.215904,4,133.613345
-3.260706,4,133.650345
-3.18855,4,133.694498
-1.058582,2,133.714497
-2.11928,3,133.741498
-5.149913,6,133.795498
-2.102274,3,133.828562
-1.030282,2,133.847562
-7.287266,8,133.922636
-2.093591,3,133.953637
-3.226223,4,133.995636
-2.093589,3,134.024637
-2.146487,3,134.051637
-3.316503,4,134.089636
-2.092139,3,134.127719
-1.040507,2,134.146719
-2.112675,3,134.173721
-3.159828,4,134.209723
-2.099086,3,134.25272
-1.057007,2,134.27272
-1.060833,2,134.29072
-5.243271,6,134.35172
-3.182082,4,134.392724
0.0,1,134.405227
-2.119968,3,134.438226
-2.163614,3,134.470229
-2.099277,3,134.511227
-2.154378,3,134.538228
-1.054802,2,134.558226
-2.112089,3,134.589226
-2.107991,3,134.627226
-2.082472,3,134.654226
-3.198614,4,134.693292
-3.26607,4,134.728292
-2.093046,3,134.761291
-2.117016,3,134.791291
-2.142822,3,134.821293
-2.099315,3,134.849294
-2.126225,3,134.884294
-2.099975,3,134.916291
-5.350043,6,134.972292
-1.046943,2,134.993296
-2.133593,3,135.028291
-3.221484,4,135.064292
-3.21206,4,135.107292
-2.192256,3,135.136293
-1.040434,2,135.160292
-2.132827,3,135.189293
-2.152548,3,135.220291
-1.028986,2,135.244292
-2.12036,3,135.277291
-1.042878,2,135.296291
-2.126793,3,135.338292
-2.104409,3,135.366291
-3.107463,4,135.413292
-2.150237,3,135.451292
-3.21017,4,135.489292
-2.142499,3,135.516291
-3.269297,4,135.567919
-1.07103,2,135.586917
-2.171345,3,135.617917
-3.265779,4,135.654916
-2.112256,3,135.690916
-2.148328,3,135.717918
-2.125707,3,135.744916
-2.125843,3,135.775916
-3.253499,4,135.816916
-2.161787,3,135.843917
-2.164694,3,135.879916
-3.192422,4,135.916916
-2.159328,3,135.948918
-1.052237,2,135.967918
-2.134519,3,135.997916
-1.07085,2,136.016916
-2.150961,3,136.049917
-5.253937,6,136.103916
-3.195021,4,136.144917
-3.239775,4,136.181918
-3.228223,4,136.226916
-3.32183,4,136.262916
-3.220054,4,136.299916
-2.137412,3,136.328916
-5.222059,6,136.393917
-3.21827,4,136.436917
-3.216448,4,136.476916
-1.035434,2,136.494917
-2.151302,3,136.529916
-3.209322,4,136.566916
-2.13194,3,136.594916
-2.169249,3,136.620916
-3.223999,4,136.673921
-3.173878,4,136.712429
-2.17046,3,136.740429
-1.052398,2,136.763431
-6.260242,7,136.839429
-0.012441,1,136.85043
-3.232189,4,136.89243
-2.140283,3,136.920429
-3.204798,4,136.961488
-3.236326,4,137.000489
-3.179205,4,137.039488
-1.07205,2,137.058594
-2.131461,3,137.094594
-0.010086,1,137.104594
-0.010381,1,137.114594
-3.181378,4,137.150594
-2.135929,3,137.251662
-1.028047,2,137.305112
-2.140603,3,137.36411
-4.31228,5,137.433111
-3.19729,4,137.490109
-2.155197,3,137.52711
-2.116837,3,137.57033
-1.046343,2,137.597329
-2.15547,3,137.645329
-1.037898,2,137.665329
-3.215681,4,137.702329
-3.161595,4,137.743329
-3.222189,4,137.787328
-3.277695,4,137.823331
-2.178837,3,137.86184
-2.134194,3,137.890838
-1.022315,2,137.916837
-3.236913,4,137.960837
-1.02546,2,137.979837
-2.103512,3,138.008837
-3.2548,4,138.051837
-3.2896,4,138.090837
-3.174179,4,138.129837
-1.056591,2,138.153838
-2.171165,3,138.189838
-2.134198,3,138.222838
-2.133052,3,138.249837
-3.205181,4,138.284839
-2.084029,3,138.320837
-2.084654,3,138.346837
-0.001417,1,138.355919
-2.173692,3,138.382918
-1.051448,2,138.407918
-2.117002,3,138.442923
-3.172225,4,138.489315
-2.103834,3,138.520316
-2.167826,3,138.553314
-1.0497,2,138.571314
-3.249065,4,138.622314
-3.268428,4,138.661314
-2.075789,3,138.700315
-1.040147,2,138.722314
-4.235552,5,138.772314
-0.003452,1,138.780314
-1.024141,2,138.804314
-1.064255,2,138.822314
-3.243773,4,138.863314
-1.026224,2,138.881315
-5.375694,6,138.946314
-2.072234,3,138.979319
-3.207612,4,139.019825
-3.217868,4,139.057953
-1.069295,2,139.093953
-2.097016,3,139.126117
0.0,1,139.139117
-3.274196,4,139.179117
-0.012437,1,139.198118
-3.277875,4,139.234119
-3.149276,4,139.271117
-2.163853,3,139.300118
-2.123067,3,139.335319
-3.193662,4,139.372319
-3.198312,4,139.410319
-1.049358,2,139.43132
-1.048781,2,139.461319
-3.1713,4,139.503319
-0.018977,1,139.518322
-3.199548,4,139.567319
-3.226043,4,139.615319
-3.302368,4,139.658319
-3.168815,4,139.69432
-1.021225,2,139.71332
-3.226153,4,139.767321
-6.371611,7,139.85732
-2.15894,3,139.88432
-4.256384,5,139.929319
-3.252347,4,139.97332
-3.168405,4,140.009319
-2.106569,3,140.036322
-3.219481,4,140.074321
-2.085217,3,140.10632
-7.334745,8,140.196826
-2.097184,3,140.223826
-2.160807,3,140.253826
-3.20312,4,140.299827
-2.099658,3,140.326826
-1.050365,2,140.346826
-1.033485,2,140.365829
-2.158707,3,140.401826
-4.346782,5,140.455827
-2.093024,3,140.488827
-1.038873,2,140.515826
-2.192298,3,140.548826
-2.106779,3,140.575827
-0.006891,1,140.584826
-1.022358,2,140.604826
-1.067408,2,140.628826
-1.040071,2,140.647826
-1.045584,2,140.666826
-2.141071,3,140.692826
0.0,1,140.708826
-3.176203,4,140.744827
-3.197539,4,140.783826
-3.231868,4,140.823827
-2.139057,3,140.858827
-2.158394,3,140.884987
-3.302418,4,140.922987
-1.044634,2,140.941987
-3.235555,4,140.982987
-2.125588,3,141.010988
-1.030139,2,141.029987
-2.164006,3,141.058987
-3.204401,4,141.103054
-2.099897,3,141.130054
-2.132904,3,141.159054
0.0,1,141.169056
-3.275341,4,141.210055
-0.017929,1,141.220054
-2.186,3,141.248054
0.0,1,141.257054
-2.131879,3,141.29206
-3.192606,4,141.333562
-4.352574,5,141.384563
-3.198597,4,141.428563
-2.161096,3,141.468564
0.0,1,141.478562
-3.215517,4,141.515563
-1.071442,2,141.533563
-2.123622,3,141.566562
-2.152395,3,141.604563
-2.137768,3,141.631562
-2.164152,3,141.658563
-3.225628,4,141.701562
-2.181386,3,141.729565
-3.214361,4,141.768564
-1.043743,2,141.789563
-1.062641,2,141.812566
-2.109837,3,141.844564
-2.09442,3,141.886563
-1.028648,2,141.907562
-3.165458,4,141.951566
-0.002813,1,141.963563
-2.145754,3,141.995563
-3.213252,4,142.034563
-3.250367,4,142.078562
-3.190213,4,142.114563
-2.083383,3,142.144565
-2.103053,3,142.173563
-3.242079,4,142.215563
-1.028699,2,142.234563
-3.191796,4,142.271563
-3.231717,4,142.308562
-0.013131,1,142.321563
-3.313927,4,142.361562
-3.167805,4,142.397563
-2.100828,3,142.429565
-2.08682,3,142.472073
-1.067954,2,142.490073
-2.162458,3,142.517073
-3.189297,4,142.561073
-1.039729,2,142.585074
-1.058046,2,142.603073
-2.082413,3,142.630073
-1.076285,2,142.650074
-2.149679,3,142.686074
-2.147022,3,142.714073
-2.13654,3,142.742074
-1.038963,2,142.761073
-0.008921,1,142.776074
-3.197716,4,142.816073
-3.216819,4,142.853073
-4.297406,5,142.912073
-3.23842,4,142.953073
-1.063878,2,142.971073
-2.140155,3,142.999073
-0.004757,1,143.009073
-2.117484,3,143.041073
-2.163641,3,143.069073
-3.330181,4,143.106077
0.0,1,143.115074
-3.179935,4,143.165074
-2.105697,3,143.193073
-2.076755,3,143.221073
-2.077386,3,143.249073
-2.186973,3,143.285076
-3.296229,4,143.323073
-3.223573,4,143.361073
-3.193733,4,143.400074
-3.171207,4,143.451074
-2.175087,3,143.482074
-2.135122,3,143.512073
-1.027301,2,143.530073
-2.087799,3,143.565077
-2.130137,3,143.595583
-2.162781,3,143.624582
-3.161857,4,143.665582
-2.173866,3,143.701582
-3.228693,4,143.736583
-3.183176,4,143.776583
-4.297305,5,143.823582
-4.270341,5,143.878582
-2.128777,3,143.906586
-3.235218,4,143.943824
-3.207215,4,143.981822
-2.138151,3,144.013821
-3.265479,4,144.056822
-3.178539,4,144.097822
-2.097324,3,144.127822
-1.063801,2,144.153821
-3.250372,4,144.191821
-2.141663,3,144.222821
-2.113803,3,144.251822
-0.017783,1,144.265821
-3.201813,4,144.307822
-4.306012,5,144.360821
-0.00924,1,144.372824
-2.135015,3,144.413823
-1.026257,2,144.440821
-2.123825,3,144.472822
-2.119544,3,144.501821
-2.129512,3,144.537822
-3.209645,4,144.577821
-1.048873,2,144.595821
-2.108675,3,144.622821
-3.210672,4,144.670821
-2.158982,3,144.699821
-1.054494,2,144.719332
-1.022632,2,144.744331
-0.001049,1,144.75833
-2.154306,3,144.78933
-1.028389,2,144.80933
-2.149905,3,144.844399
-3.225698,4,144.891398
-3.273937,4,144.927398
-2.173292,3,144.952398
-1.056674,2,144.970398
-0.01399,1,144.98547
-3.218946,4,145.02047
-3.312048,4,145.05547
-2.084082,3,145.08447
-1.046648,2,145.109471
-2.154604,3,145.14647
-0.000897,1,145.15547
-2.114329,3,145.182471
-2.085395,3,145.21447
-2.168356,3,145.24047
-0.017,1,145.249469
-3.165862,4,145.28347
-2.138449,3,145.31847
-2.154898,3,145.34447
-1.075764,2,145.36147
0.0,1,145.373473
-3.190911,4,145.42147
-2.113336,3,145.454469
-2.07699,3,145.480469
-2.078394,3,145.507473
-3.21399,4,145.549469
-3.199718,4,145.587471
-2.196402,3,145.61547
-1.069305,2,145.63447
-0.016947,1,145.647469
-2.135637,3,145.67647
-2.170498,3,145.702469
-3.168313,4,145.738472
-3.256383,4,145.780469
-1.07063,2,145.80647
-2.157423,3,145.911081
-0.002538,1,145.928081
-1.054501,2,145.97908
-2.08128,3,146.020081
-0.003336,1,146.032081
0.0,1,146.042081
-3.243228,4,146.09808
-1.038538,2,146.12308
0.0,1,146.13708
-1.024727,2,146.16408
-2.081354,3,146.20808
-2.131596,3,146.243082
-1.072492,2,146.265082
-1.025769,2,146.28408
-1.025191,2,146.31208
-2.127732,3,146.34008
-2.129543,3,146.36708
-3.240143,4,146.40708
-2.162719,3,146.44808
-1.070106,2,146.469083
-2.150801,3,146.49608
-0.001707,1,146.50408
-3.181818,4,146.54708
-3.307107,4,146.585082
-2.162541,3,146.619083
-2.120359,3,146.653082
-6.40508,7,146.73408
-1.028658,2,146.75408
-3.25938,4,146.790081
-2.075144,3,146.864081
-1.061378,2,146.923082
-2.093088,3,146.974081
-0.004276,1,146.992084
-2.160951,3,147.028083
-2.108256,3,147.07659
-1.04254,2,147.096589
-2.094387,3,147.13159
-1.056381,2,147.15759
-3.207511,4,147.222589
-1.079146,2,147.242589
-3.253946,4,147.279589
-4.240257,5,147.339589
-2.090879,3,147.371589
-2.127397,3,147.398588
-1.06831,2,147.417588
-2.122661,3,147.449589
-3.178058,4,147.492588
-3.189027,4,147.529588
-3.173242,4,147.56459
-3.22996,4,147.598588
-2.144321,3,147.631681
-1.040682,2,147.650681
-2.095738,3,147.676681
-2.152536,3,147.70168
-3.197596,4,147.761681
-2.09193,3,147.794681
-3.165251,4,147.831682
-3.183804,4,147.875682
-1.050932,2,147.900682
-1.045638,2,147.919683
-1.061619,2,147.94168
-1.050242,2,147.96168
-0.005283,1,147.975681
-3.220492,4,148.011681
-2.128875,3,148.038681
-3.211633,4,148.078681
-2.144734,3,148.117683
-2.154271,3,148.143681
-2.152059,3,148.170751
-3.160212,4,148.217751
-3.189265,4,148.259362
-4.229025,5,148.319364
-2.114381,3,148.358462
-2.134055,3,148.391461
-2.108339,3,148.42846
-2.151458,3,148.46146
-1.046979,2,148.48146
-2.120068,3,148.51146
-1.069293,2,148.538463
-2.107978,3,148.56746
-3.270717,4,148.605463
-1.032268,2,148.625463
-2.117757,3,148.65746
-3.244145,4,148.69146
-1.057762,2,148.710461
0.0,1,148.719465
-3.220116,4,148.76046
-1.028459,2,148.77846
-2.106668,3,148.80446
-0.018675,1,148.81246
-2.164945,3,148.854544
-2.146772,3,148.880544
-1.072389,2,148.898544
-3.264809,4,148.934687
-3.198354,4,148.976687
-1.079558,2,148.992687
-2.081775,3,149.019688
-3.263615,4,149.054687
-3.250616,4,149.096687
-1.078159,2,149.112686
-3.247634,4,149.148687
-2.082097,3,149.180687
-2.135603,3,149.215687
-1.029143,2,149.232688
-4.294961,5,149.277687
-2.086004,3,149.304687
-2.097958,3,149.337687
-2.131586,3,149.373687
-2.10255,3,149.39969
-1.04896,2,149.423196
-3.171031,4,149.484196
-1.049102,2,149.502195
-2.136526,3,149.532199
-3.193928,4,149.579195
-2.150026,3,149.611196
-3.23485,4,149.650196
-1.064693,2,149.668195
-2.176591,3,149.708196
-2.10426,3,149.746196
-3.20831,4,149.795198
-3.208481,4,149.840196
-1.089906,2,149.861197
-3.251228,4,149.916196
-3.24111,4,149.957201
-1.060617,2,149.976197
-3.232521,4,150.024196
-3.248448,4,150.066196
-2.108827,3,150.094195
-1.069059,2,150.112196
-2.086695,3,150.140196
-2.103853,3,150.173196
-3.202164,4,150.210196
-3.201489,4,150.248196
-2.087723,3,150.278197
-3.202253,4,150.328196
-3.196894,4,150.367196
-2.111864,3,150.395196
-3.238099,4,150.436196
-3.1713,4,150.483196
-2.096211,3,150.511197
-1.034703,2,150.5322
-1.065384,2,150.555199
-3.171556,4,150.599199
-1.067198,2,150.622705
0.0,1,150.630705
-3.192602,4,150.670707
-3.163951,4,150.715705
-3.211648,4,150.750785
-1.071783,2,150.768783
-1.066381,2,150.785783
-4.332792,5,150.835783
-2.176568,3,150.867783
-3.224711,4,150.903783
-1.079612,2,150.922783
0.0,1,150.936783
-2.147663,3,150.963785
-2.162836,3,150.993786
-1.068226,2,151.011783
-2.117459,3,151.042783
-2.134628,3,151.067782
-4.31936,5,151.111783
-1.03243,2,151.130783
-2.095594,3,151.170784
0.0,1,151.179783
-3.270112,4,151.226784
-2.172647,3,151.256783
-1.065735,2,151.279783
-1.044564,2,151.296783
-4.242533,5,151.345784
-3.181684,4,151.388784
-3.231097,4,151.435784
0.0,1,151.447783
-2.102798,3,151.479783
-3.287723,4,151.514784
-3.233495,4,151.558783
-3.202699,4,151.594786
-3.188912,4,151.628783
-0.015162,1,151.641786
-0.000554,1,151.653843
-2.149391,3,151.683843
-2.120596,3,151.717843
-1.065553,2,151.735844
-0.006242,1,151.749845
-3.159878,4,151.793351
-1.069395,2,151.812352
-3.195691,4,151.854352
-0.002484,1,151.870352
-2.149745,3,151.900351
-3.258691,4,151.936351
-1.073068,2,151.954351
0.0,1,151.967351
-1.034846,2,151.986351
-0.001625,1,151.997351
-1.055782,2,152.016351
-3.186735,4,152.060351
-1.040407,2,152.077352
-2.153468,3,152.104351
-2.184485,3,152.131351
-2.103496,3,152.167351
-2.136802,3,152.192351
-2.129461,3,152.221351
-2.084566,3,152.248351
-2.175574,3,152.278351
-1.066128,2,152.299354
-3.247194,4,152.340351
-3.255986,4,152.376352
-2.143332,3,152.410552
-1.055222,2,152.438552
-3.191791,4,152.477549
-1.05185,2,152.494551
-2.104708,3,152.531549
-1.023727,2,152.549549
-2.098502,3,152.57655
0.0,1,152.58555
-3.192973,4,152.632551
-1.063888,2,152.652552
-2.079979,3,152.680549
-1.041766,2,152.698549
-2.100602,3,152.730549
0.0,1,152.73855
-1.031815,2,152.75755
-4.324978,5,152.805549
-0.002985,1,152.818549
-2.093424,3,152.850549
-2.179456,3,152.885549
-1.068877,2,152.907061
-3.215952,4,152.954059
-0.017293,1,152.96406
-3.168674,4,153.02006
-2.159458,3,153.051062
-3.228928,4,153.09906
-2.079348,3,153.12806
-1.045102,2,153.14606
-3.231367,4,153.18406
-2.143541,3,153.224061
-3.185941,4,153.259059
-2.146668,3,153.284125
-0.011933,1,153.293125
-3.20788,4,153.338187
-1.021596,2,153.355186
-3.187826,4,153.397186
-2.145259,3,153.426189
-3.213785,4,153.473191
-3.202312,4,153.513186
-2.076612,3,153.545187
-1.047248,2,153.563186
-2.080922,3,153.594186
0.0,1,153.603188
-3.18088,4,153.639189
-3.168525,4,153.675186
-2.147094,3,153.706187
-2.143448,3,153.732189
-0.01332,1,153.740186
-3.271897,4,153.777187
-1.069011,2,153.801189
-1.022829,2,153.819186
-2.160742,3,153.848186
-3.18312,4,153.890186
-3.196076,4,153.931186
-2.137018,3,153.956186
-3.178044,4,153.996187
-1.033436,2,154.013186
0.0,1,154.029189
-1.074762,2,154.04919
-2.102566,3,154.080693
-4.325515,5,154.126694
-1.025703,2,154.152694
-2.141637,3,154.180694
-3.283919,4,154.217693
-2.092119,3,154.242693
-1.047433,2,154.264695
-2.118365,3,154.292694
-1.046876,2,154.311694
-2.114336,3,154.346694
-2.17908,3,154.379694
-2.091902,3,154.409693
-3.283205,4,154.452696
-1.057533,2,154.472694
-2.120038,3,154.504693
-2.085373,3,154.533695
-3.181532,4,154.569695
-2.125207,3,154.594693
-2.169945,3,154.628694
-4.260427,5,154.673693
-2.130291,3,154.704696
-2.075945,3,154.732695
-3.173385,4,154.774693
-3.257031,4,154.807696
-3.268338,4,154.842694
-2.142507,3,154.873693
-3.29545,4,154.916693
-1.07443,2,154.934694
-3.180132,4,154.969693
-3.179659,4,155.005693
-4.42284,5,155.054694
-3.257138,4,155.091694
-2.170914,3,155.119694
-2.147326,3,155.145695
-2.108198,3,155.180694
0.0,1,155.189697
0.0,1,155.199205
-3.174318,4,155.236205
-1.034491,2,155.261293
-2.125027,3,155.290295
-3.211969,4,155.333295
-2.151761,3,155.362293
-1.055532,2,155.385293
-3.233624,4,155.429293
-2.154089,3,155.462293
-0.015909,1,155.471294
-2.168971,3,155.502296
-2.179471,3,155.530293
-3.19805,4,155.567379
-2.155205,3,155.596381
-2.172099,3,155.636379
-2.101961,3,155.66538
-3.15825,4,155.701383
-2.093725,3,155.730379
-3.225871,4,155.771379
-2.157383,3,155.802381
-2.102657,3,155.829379
-3.174823,4,155.868379
-1.043062,2,155.890379
-2.100459,3,155.919554
-2.176012,3,155.945558
-1.024433,2,155.964555
-1.076732,2,155.988554
-2.103788,3,156.015661
-3.222502,4,156.05266
0.0,1,156.06266
-2.087231,3,156.094661
-3.200745,4,156.12866
-2.090147,3,156.153661
-3.180596,4,156.189662
-2.077687,3,156.220662
-1.052897,2,156.23766
-3.154259,4,156.272761
-1.031725,2,156.292761
-2.133432,3,156.329761
-2.10444,3,156.355763
-3.227313,4,156.39627
-0.013622,1,156.405269
-2.09672,3,156.441269
-3.185351,4,156.485355
-1.062324,2,156.504418
-2.149294,3,156.534492
-3.192689,4,156.577492
-2.16719,3,156.608492
-1.029107,2,156.626493
-2.126455,3,156.653491
-3.157374,4,156.692491
-2.111501,3,156.719491
-1.026211,2,156.741492
-1.036303,2,156.765492
-2.125275,3,156.798491
-1.061724,2,156.816491
-2.134095,3,156.844491
-2.101701,3,156.875491
-2.177964,3,156.911494
-3.289789,4,156.951494
-1.047424,2,156.969491
-3.168944,4,157.004491
-3.167956,4,157.046553
-3.213759,4,157.083553
-1.03001,2,157.101555
-3.231534,4,157.134554
-2.109871,3,157.165554
0.0,1,157.176554
-2.178214,3,157.203553
0.0,1,157.211552
-1.056519,2,157.234553
-2.180667,3,157.262553
-2.175896,3,157.289553
-2.16178,3,157.317553
-2.087129,3,157.349553
-2.15031,3,157.376555
-2.158058,3,157.402636
-3.311327,4,157.443633
-2.097827,3,157.485636
-2.098553,3,157.514143
-3.187844,4,157.55014
-2.157713,3,157.57914
-2.149782,3,157.61614
-3.171754,4,157.65714
-2.098417,3,157.683141
-3.226235,4,157.71914
-2.147659,3,157.75114
-0.017972,1,157.761141
-3.285554,4,157.795143
-3.159345,4,157.834141
-2.133492,3,157.871142
-1.058703,2,157.88814
-3.257952,4,157.92314
-2.123887,3,157.95214
-2.141375,3,157.99114
0.0,1,158.00014
-2.148591,3,158.025141
-1.030927,2,158.04314
-1.048698,2,158.06714
-2.102547,3,158.09414
-3.222524,4,158.133141
-3.156161,4,158.17514
-1.03635,2,158.19914
0.0,1,158.208143
-2.128482,3,158.233142
-2.182905,3,158.37014
-2.123344,3,158.404141
-3.301952,4,158.447141
-2.116503,3,158.483144
-2.139772,3,158.51614
-1.027713,2,158.53814
-2.109867,3,158.56614
-1.081349,2,158.58514
-3.199129,4,158.624141
-2.166158,3,158.65714
-8.436135,9,158.749653
-0.0089,1,158.761652
-1.058728,2,158.784652
-2.165556,3,158.82265
-3.17755,4,158.858651
-3.348293,4,158.893765
-3.266879,4,158.929767
-2.142169,3,158.963766
-0.005297,1,158.971767
-2.137122,3,159.002769
-3.250716,4,159.037766
-0.019505,1,159.050766
-2.185364,3,159.079766
-2.167786,3,159.105766
-2.162419,3,159.133767
-3.236488,4,159.176768
-2.16857,3,159.203766
-1.028997,2,159.220767
-1.034891,2,159.237766
-2.12411,3,159.270769
-1.048335,2,159.287766
-2.092456,3,159.312766
-2.14035,3,159.340767
-3.224883,4,159.38284
-2.125064,3,159.412838
-2.092283,3,159.439838
-3.164248,4,159.486837
-3.19946,4,159.540838
-1.062952,2,159.559836
-1.037836,2,159.578837
-2.107035,3,159.605838
-3.184881,4,159.646837
0.0,1,159.655837
-2.101269,3,159.682839
-3.223071,4,159.722836
-3.197571,4,159.762836
-2.088297,3,159.787837
0.0,1,159.797836
-2.075042,3,159.829345
-2.099995,3,159.872345
-2.12959,3,159.905344
-2.148278,3,159.938345
-2.078924,3,159.969344
-3.256358,4,160.021345
-2.124963,3,160.052346
-1.044026,2,160.072346
-1.045562,2,160.099347
-0.011091,1,160.112345
-3.325941,4,160.165345
-2.17545,3,160.199346
-2.141049,3,160.229344
-2.16076,3,160.261344
-3.171986,4,160.295344
-1.067407,2,160.313344
-2.130928,3,160.343347
-1.022535,2,160.367345
-0.011965,1,160.376344
-1.027925,2,160.392344
-2.134712,3,160.418344
-3.286249,4,160.472346
-1.023461,2,160.498344
0.0,1,160.507344
-3.195314,4,160.545345
-3.185375,4,160.587344
-0.008981,1,160.595345
-3.228947,4,160.635344
0.0,1,160.644344
-3.188584,4,160.689346
-1.062537,2,160.706344
-2.112139,3,160.732344
-1.054419,2,160.750344
-3.275512,4,160.792344
-3.283496,4,160.828345
-0.018405,1,160.837344
-1.073131,2,160.854345
-2.134403,3,160.892344
-2.123101,3,160.919344
-2.085807,3,160.945345
-1.053507,2,160.962346
-3.213162,4,161.004855
-0.00668,1,161.013853
-3.210412,4,161.060853
-2.154188,3,161.091854
-3.192206,4,161.138854
-2.174462,3,161.166854
-1.069123,2,161.183854
-2.13632,3,161.211854
-1.077398,2,161.235854
-1.078981,2,161.253854
-0.01205,1,161.262854
-2.116218,3,161.289854
-3.197374,4,161.331854
-1.049455,2,161.350986
-2.096578,3,161.378988
-1.050703,2,161.395986
-1.06798,2,161.419985
-3.231208,4,161.463985
-3.168444,4,161.507986
-2.094326,3,161.536985
-2.11173,3,161.568985
-2.084576,3,161.604988
-3.201822,4,161.640986
-3.239098,4,161.680985
-1.07275,2,161.708986
-2.083427,3,161.734985
-1.057182,2,161.753985
-2.162394,3,161.783986
-3.236826,4,161.825986
-1.070089,2,161.843985
-2.093126,3,161.874985
-2.167848,3,161.906986
-3.189761,4,161.947985
-2.094812,3,161.976987
-2.1556,3,162.004985
-0.007326,1,162.014987
-1.068315,2,162.040986
-1.082048,2,162.059986
-2.107696,3,162.087986
-2.098675,3,162.11699
-3.241438,4,162.167494
-3.18525,4,162.215495
-0.01367,1,162.225495
-1.058254,2,162.248496
-2.137019,3,162.280494
-3.19909,4,162.318494
-0.009309,1,162.329494
-3.180636,4,162.366495
-3.180361,4,162.410494
-3.208188,4,162.448494
-3.315342,4,162.485495
-2.177709,3,162.519494
-3.233187,4,162.567497
-0.005756,1,162.577495
-3.225701,4,162.612496
-3.206701,4,162.654495
-3.213219,4,162.707495
-1.025847,2,162.727497
-0.013139,1,162.737494
-2.090015,3,162.768494
-1.076429,2,162.791494
-1.056088,2,162.810494
-1.066813,2,162.828495
-2.10499,3,162.857494
-3.196351,4,162.900494
-1.02431,2,162.918494
0.0,1,162.928495
-3.260728,4,162.968494
-2.123572,3,163.000494
-2.13532,3,163.030496
-2.165851,3,163.136496
-1.04327,2,163.174495
-2.115117,3,163.238494
-2.140398,3,163.277003
-1.028355,2,163.301002
-1.030353,2,163.327003
-3.203017,4,163.382004
-2.178876,3,163.427672
-2.163648,3,163.461672
-0.017876,1,163.471672
-2.140741,3,163.525672
-3.201916,4,163.563671
-0.002161,1,163.572674
-3.225877,4,163.609673
-1.071174,2,163.634672
-2.105802,3,163.661671
-1.057601,2,163.681674
-2.124766,3,163.712671
-1.06949,2,163.737672
-2.112869,3,163.766672
-3.21743,4,163.805671
-2.177451,3,163.832671
-1.023554,2,163.860671
-1.056549,2,163.878672
-1.021582,2,163.903673
-2.109918,3,163.945672
-2.105851,3,163.980671
-3.246324,4,164.019672
-2.132666,3,164.049671
-1.034938,2,164.071673
-3.18906,4,164.113672
-2.096276,3,164.142671
-3.277922,4,164.185672
-3.221534,4,164.222672
-1.053775,2,164.248671
-3.241291,4,164.289673
-2.157348,3,164.317672
-0.00909,1,164.326672
-2.113169,3,164.371674
-0.014721,1,164.384672
-1.057651,2,164.405672
-2.153885,3,164.439674
-2.11477,3,164.472674
-2.101619,3,164.51518
-3.200832,4,164.57318
-3.305154,4,164.61118
-2.146203,3,164.644179
-0.001742,1,164.654179
-2.152371,3,164.681179
-1.034883,2,164.69825
-4.307608,5,164.75725
-3.170829,4,164.79325
-2.163133,3,164.821251
-2.108536,3,164.85025
-2.153507,3,164.884518
-1.079097,2,164.902519
-0.012582,1,164.911518
-2.114335,3,164.940518
-1.06556,2,164.964518
-1.048367,2,164.983521
-3.21951,4,165.018517
-2.165292,3,165.049518
-2.147896,3,165.081793
-1.03184,2,165.100794
-1.050812,2,165.118793
-2.150311,3,165.145794
-1.041594,2,165.171794
-2.173076,3,165.204797
-1.079238,2,165.222793
-2.092324,3,165.250793
-1.028372,2,165.274793
-1.074097,2,165.292793
-2.076693,3,165.320795
-2.151612,3,165.347793
-3.195413,4,165.391794
-3.272035,4,165.431793
-3.177938,4,165.466793
-0.005672,1,165.477794
-3.206164,4,165.523795
-1.053843,2,165.549793
-3.185223,4,165.588793
-2.110878,3,165.616796
-2.083511,3,165.653303
-2.124473,3,165.683301
-3.22805,4,165.730301
-2.082431,3,165.763301
-2.146985,3,165.796303
-1.078078,2,165.817301
-2.087429,3,165.845302
-2.199974,3,165.876301
-2.170677,3,165.909303
-1.061602,2,165.930302
-3.255578,4,165.969301
-2.117699,3,165.996305
-2.090551,3,166.032301
-0.008443,1,166.042301
-2.14471,3,166.069301
-0.017066,1,166.079301
-1.027305,2,166.101301
-2.143963,3,166.130301
-3.193135,4,166.171303
-1.049647,2,166.191301
-2.154345,3,166.231302
-2.092015,3,166.261302
-1.036974,2,166.282303
-2.108541,3,166.323303
-3.2827,4,166.371303
-3.239652,4,166.408301
-3.234274,4,166.449407
-1.058064,2,166.470408
-0.015735,1,166.484408
-3.190194,4,166.524409
-2.147287,3,166.556407
-2.160568,3,166.584666
-2.121472,3,166.617666
-2.137179,3,166.645666
-3.253357,4,166.682665
-1.045465,2,166.701665
-0.001465,1,166.715667
-1.048474,2,166.735665
-1.056675,2,166.757665
-1.079257,2,166.779175
-2.115353,3,166.821176
-3.197291,4,166.865465
-3.205548,4,166.904462
-2.134894,3,166.937545
-2.105045,3,166.971547
-2.086859,3,166.998545
0.0,1,167.010546
-2.200665,3,167.04263
-1.071407,2,167.06663
-2.177636,3,167.09363
-2.114593,3,167.12263
-1.063007,2,167.14163
-2.10838,3,167.17363
-2.15058,3,167.204631
-2.086485,3,167.23363
-2.193224,3,167.261631
-2.071629,3,167.294631
-3.198007,4,167.335631
-2.116245,3,167.36363
-0.003539,1,167.372631
0.0,1,167.385631
-3.179643,4,167.427633
-2.170298,3,167.45563
-3.217056,4,167.492631
-3.256661,4,167.540631
-1.030226,2,167.56163
-1.058899,2,167.580631
-2.147995,3,167.61163
-1.057411,2,167.635631
-2.166639,3,167.66463
-1.034402,2,167.68363
-3.189248,4,167.719631
-1.020794,2,167.74463
-2.095476,3,167.778631
-2.134781,3,167.810632
-2.120793,3,167.83771
-1.058173,2,167.86271
0.0,1,167.871711
-2.176784,3,167.904711
0.0,1,167.91371
-2.129085,3,167.949713
-2.165534,3,167.977219
-3.183539,4,168.023219
-3.199599,4,168.068219
-2.100132,3,168.105219
-2.173862,3,168.133219
-3.30248,4,168.172219
-2.116446,3,168.199219
-0.019546,1,168.214219
-2.092522,3,168.24422
-3.295357,4,168.28522
-2.167236,3,168.312219
-2.171227,3,168.345219
-2.155859,3,168.373219
-3.250966,4,168.411219
-1.030714,2,168.432219
-2.170443,3,168.468219
-2.163944,3,168.49522
-3.24671,4,168.54422
-1.070151,2,168.568219
-3.199672,4,168.61222
-2.091968,3,168.639219
-3.201312,4,168.683219
-2.135661,3,168.713221
-3.207519,4,168.756219
-3.190077,4,168.79522
-2.09171,3,168.82322
-3.220135,4,168.860219
0.0,1,168.874219
-3.201457,4,168.912219
-2.162751,3,168.943219
-2.086187,3,168.97122
-1.024146,2,168.995219
-2.093664,3,169.023219
-0.010227,1,169.03322
-2.13101,3,169.063221
-2.114997,3,169.107207
-3.225463,4,169.148205
-2.116051,3,169.176205
0.0,1,169.187207
-3.203165,4,169.234206
-3.176446,4,169.270206
-2.106293,3,169.299205
-1.039679,2,169.318205
-0.017429,1,169.332205
-3.174368,4,169.372205
-1.042557,2,169.390207
-3.201612,4,169.428207
-2.103664,3,169.461205
-1.022686,2,169.479205
-2.131828,3,169.512205
-0.010872,1,169.525205
-2.164712,3,169.564205
-1.071278,2,169.583205
-1.078396,2,169.602205
-3.22238,4,169.639205
-1.02645,2,169.665206
-2.17717,3,169.694205
-2.172545,3,169.723205
-3.24546,4,169.761205
-3.206139,4,169.806205
-2.172925,3,169.832204
-1.023566,2,169.854207
-1.023725,2,169.873207
-2.101783,3,169.907206
-0.011882,1,169.917207
-3.284622,4,169.954206
-3.200938,4,170.000205
0.0,1,170.019205
-1.052656,2,170.040206
-2.181393,3,170.077205
-3.208796,4,170.121205
-2.145151,3,170.159208
-1.040663,2,170.187205
-2.098968,3,170.221205
-3.201808,4,170.261714
0.0,1,170.277713
-3.270429,4,170.328715
-2.126383,3,170.361714
-3.251448,4,170.400713
-2.100419,3,170.436713
-3.249283,4,170.473713
-3.16136,4,170.511713
-2.149483,3,170.542714
-3.295816,4,170.590716
-2.156263,3,170.622715
-0.000316,1,170.632713
-1.075199,2,170.651834
-2.14088,3,170.685904
-3.286063,4,170.722905
-3.205119,4,170.760906
-3.205785,4,170.807904
-0.0091,1,170.820904
-1.07863,2,170.842904
-2.177989,3,170.871908
-1.059342,2,170.889904
-2.136234,3,170.924905
-2.120751,3,170.953905
0.0,1,170.963904
-1.064083,2,170.981978
-2.144452,3,171.014979
-3.207679,4,171.052981
-3.204729,4,171.089458
-2.170531,3,171.11946
-1.03596,2,171.143458
0.0,1,171.154459
-3.223921,4,171.193457
-3.213841,4,171.230458
-1.025849,2,171.252457
-3.25415,4,171.292458
-2.121826,3,171.320457
-2.098758,3,171.349459
-2.147482,3,171.382458
-1.053837,2,171.402028
-1.033892,2,171.425027
-3.312131,4,171.46703
-2.174802,3,171.506029
-1.075184,2,171.529028
-2.093747,3,171.560029
-1.028206,2,171.581027
-2.092076,3,171.614027
-3.288567,4,171.656099
-2.117141,3,171.682099
-1.032576,2,171.7041
-3.232823,4,171.748099
-2.18106,3,171.775098
-3.212804,4,171.815101
-3.20298,4,171.857099
-2.161899,3,171.890098
-2.11041,3,171.918098
-2.156664,3,171.948099
-3.184868,4,171.984098
-1.063569,2,172.008098
-3.178357,4,172.046099
-2.10952,3,172.074098
-1.061159,2,172.094098
-1.025773,2,172.116167
-3.157321,4,172.157166
-3.188525,4,172.193166
-3.17227,4,172.231166
-2.144636,3,172.265167
-0.008997,1,172.274166
-0.010273,1,172.286165
0.0,1,172.295167
-2.092259,3,172.330167
-2.159647,3,172.361166
-3.23333,4,172.400275
-3.184812,4,172.435276
-3.308861,4,172.477275
-3.207955,4,172.518278
-1.062769,2,172.536277
-2.092327,3,172.570785
-3.246364,4,172.618783
-2.11476,3,172.645784
-0.011023,1,172.655785
-1.04197,2,172.674857
-1.031189,2,172.698857
-2.105423,3,172.734857
-2.107653,3,172.761856
-1.024588,2,172.780857
-1.083607,2,172.803857
-1.032612,2,172.823856
-3.161894,4,172.869856
-2.11508,3,172.899856
-3.211541,4,172.944856
-2.136452,3,172.971858
-3.265291,4,173.008126
-1.05692,2,173.027126
-2.139781,3,173.060129
-0.013426,1,173.069126
-3.199271,4,173.111127
-3.176397,4,173.149127
0.0,1,173.165127
-2.115793,3,173.195129
-3.258776,4,173.232126
-1.042547,2,173.253129
-2.1152,3,173.285127
-0.014545,1,173.294126
-2.121371,3,173.326128
-1.045717,2,173.344126
-3.196811,4,173.387126
-2.091959,3,173.414126
-2.180166,3,173.440213
-1.03639,2,173.459213
-3.255564,4,173.503278
-3.186926,4,173.550276
-1.048244,2,173.575276
-2.146605,3,173.605277
-0.007489,1,173.618276
-3.255834,4,173.662277
-3.180455,4,173.707276
-0.01571,1,173.717277
-1.081533,2,173.740278
-1.072777,2,173.769788
-3.172132,4,173.810788
-1.029518,2,173.831787
-1.028968,2,173.856787
-0.013304,1,173.867788
-3.180564,4,173.912789
-2.106913,3,173.940793
0.0,1,173.953788
-2.135886,3,173.982787
-3.167669,4,174.027787
-3.245236,4,174.064787
-3.190339,4,174.105787
-3.248522,4,174.142787
-2.09229,3,174.170787
-4.396279,5,174.221787
-3.179209,4,174.267788
-2.17002,3,174.294787
-2.126919,3,174.321787
-2.09387,3,174.358912
-2.103667,3,174.392912
-1.0496,2,174.412915
-3.226528,4,174.455912
-2.095839,3,174.487912
-1.022978,2,174.512912
-0.003949,1,174.521912
-2.129765,3,174.548912
-1.055428,2,174.573912
-3.219318,4,174.618912
-1.049927,2,174.636528
-1.050952,2,174.655529
-1.033528,2,174.675529
-2.142798,3,174.70953
-2.104483,3,174.744529
-1.054315,2,174.762529
-1.046199,2,174.785529
-2.158389,3,174.820529
-3.226578,4,174.865529
-2.165786,3,174.898041
-3.235835,4,174.94319
0.0,1,174.956189
-2.165589,3,174.988189
-1.047284,2,175.011189
-2.10904,3,175.039188
-1.082015,2,175.06219
-2.13477,3,175.090188
-2.111887,3,175.119188
-0.019953,1,175.130189
-2.122163,3,175.164256
-2.104742,3,175.194259
-2.124656,3,175.225258
-2.100505,3,175.257256
-0.007678,1,175.270256
-3.169017,4,175.307256
-3.200259,4,175.352256
-2.091336,3,175.379257
-2.075833,3,175.412256
-2.080978,3,175.44232
-2.138148,3,175.476318
-1.041747,2,175.498319
-3.169999,4,175.539319
-2.103417,3,175.576319
-1.045438,2,175.598319
0.0,1,175.607319
-0.016461,1,175.62532
-2.143301,3,175.653318
-2.174305,3,175.682319
-1.068627,2,175.701427
-1.064453,2,175.726428
-2.154771,3,175.756427
-2.090233,3,175.789427
-2.113381,3,175.817428
-2.089034,3,175.854428
-2.135455,3,175.885427
-2.11044,3,175.920427
-1.041941,2,175.938427
-3.180262,4,175.981427
-3.160075,4,176.022431
-1.088771,2,176.040939
-2.155592,3,176.070937
-2.117155,3,176.106937
-3.192471,4,176.146937
-2.0839,3,176.177937
-3.197124,4,176.216938
-3.322608,4,176.262937
-2.135008,3,176.289937
-3.241519,4,176.327939
-1.066305,2,176.351937
-0.01541,1,176.364937
-2.154034,3,176.396938
-3.354639,4,176.439941
-3.201235,4,176.476937
-2.096533,3,176.508937
-2.075467,3,176.537937
-1.022221,2,176.562938
-0.015936,1,176.572938
-1.079463,2,176.595938
-2.15998,3,176.622938
-2.11271,3,176.651937
-1.044787,2,176.670937
-2.12699,3,176.703938
0.0,1,176.711937
-3.175078,4,176.748938
-3.188138,4,176.788937
-3.270959,4,176.829937
-3.166292,4,176.866938
-1.033391,2,176.886937
-3.185787,4,176.923938
0.0,1,176.937937
-1.024743,2,176.958941
-0.002449,1,176.971937
-1.038519,2,176.991938
-1.060564,2,177.012938
0.0,1,177.022938
-3.227307,4,177.058937
0.0,1,177.068937
-2.157937,3,177.103938
-3.259843,4,177.139937
-3.294489,4,177.175937
-2.160707,3,177.20694
-3.255507,4,177.250445
-3.21491,4,177.293444
-2.168902,3,177.325444
-2.094549,3,177.355444
-1.0799,2,177.377444
-0.012488,1,177.38853
-3.213649,4,177.42853
-3.256465,4,177.464529
-2.107358,3,177.497601
0.0,1,177.506597
-1.03084,2,177.527597
-1.041353,2,177.5516
-1.061001,2,177.581597
-3.264765,4,177.621597
-2.103126,3,177.651597
-3.23135,4,177.693659
-1.044194,2,177.718658
-2.187102,3,177.747661
-2.107671,3,177.775659
-2.168888,3,177.80366
-3.20146,4,177.846659
-1.038916,2,177.866662
-2.178056,3,177.894659
-3.245768,4,177.93066
-1.043918,2,177.95566
-1.026006,2,177.976659
-1.030934,2,177.994659
-3.190618,4,178.030659
-2.150783,3,178.063659
-2.180757,3,178.093659
-3.18906,4,178.130659
-1.072666,2,178.151659
-2.152478,3,178.189659
-2.136426,3,178.217659
-1.086411,2,178.23566
-1.051433,2,178.253662
-1.04034,2,178.275659
-2.098917,3,178.305659
-3.201817,4,178.342661
-3.224231,4,178.382168
-2.101215,3,178.417234
-2.081577,3,178.447234
-2.10167,3,178.478234
0.0,1,178.489238
-3.196755,4,178.540234
-3.261396,4,178.583234
-3.195388,4,178.623236
-2.167355,3,178.651386
-1.077261,2,178.674388
-1.034945,2,178.692388
-3.214738,4,178.729388
-2.205579,3,178.758387
-2.163145,3,178.791389
-1.05887,2,178.809386
-2.121101,3,178.840386
-2.168823,3,178.869386
-3.192982,4,178.911388
0.0,1,178.921386
-2.184598,3,178.954388
-2.129464,3,178.981386
-1.034324,2,179.005387
-2.108417,3,179.032386
-1.052905,2,179.051386
-1.025719,2,179.071386
-3.215611,4,179.114386
0.0,1,179.123388
-2.166006,3,179.14945
-2.090961,3,179.178449
-2.097368,3,179.21145
-1.020567,2,179.23045
-2.074158,3,179.256563
-1.070659,2,179.279565
-2.123423,3,179.316566
-3.236038,4,179.359564
-1.075976,2,179.379566
-3.150717,4,179.418659
-2.094299,3,179.450658
-2.117497,3,179.477658
-1.023976,2,179.497661
-1.068554,2,179.517658
-3.185395,4,179.563164
0.0,1,179.572164
-3.219497,4,179.617165
-3.180466,4,179.665164
-3.212571,4,179.710166
-2.151611,3,179.742165
-1.062364,2,179.760168
-0.013068,1,179.769164
-2.116945,3,179.806165
-2.119899,3,179.835166
-2.1131,3,179.864164
-0.008531,1,179.874165
-2.101711,3,179.905165
-2.137973,3,179.936166
-2.114109,3,179.965164
-1.04855,2,179.983164
-2.147616,3,180.015164
-2.111079,3,180.044164
-1.042187,2,180.062165
-1.052142,2,180.081164
-1.030908,2,180.109166
-3.185778,4,180.168166
-1.038316,2,180.189164
-2.137884,3,180.227164
-2.168973,3,180.269164
-2.146032,3,180.306165
-2.085372,3,180.339164
-1.059206,2,180.365166
-2.089125,3,180.403165
-2.113699,3,180.434164
-1.041635,2,180.455165
-2.192512,3,180.492167
-2.137628,3,180.545165
-3.213262,4,180.583164
-3.156085,4,180.628164
-1.025483,2,180.647165
-2.169608,3,180.686165
-3.286234,4,180.72474
-1.024548,2,180.742741
-2.173697,3,180.785002
-2.15232,3,180.822002
-2.161074,3,180.855002
-2.140199,3,180.887002
-2.095339,3,180.916001
-3.189961,4,180.959001
-2.137168,3,180.987001
-3.238017,4,181.023003
-2.135786,3,181.052001
-2.079807,3,181.084001
-2.093608,3,181.111003
-2.126657,3,181.140001
-2.097515,3,181.169002
-3.289102,4,181.209001
-2.127292,3,181.238001
-2.194726,3,181.266001
-2.181867,3,181.294001
0.0,1,181.308001
-2.182909,3,181.338001
-3.228006,4,181.381001
-3.224086,4,181.418001
-1.03321,2,181.441001
-1.043314,2,181.467002
0.0,1,181.476001
-2.126261,3,181.505002
-1.027285,2,181.527001
-3.251891,4,181.566002
-1.038469,2,181.587004
-2.149098,3,181.618002
0.0,1,181.635002
-1.047163,2,181.656002
-1.078807,2,181.676001
-1.035515,2,181.697001
-2.093917,3,181.731002
-2.179661,3,181.757001
-4.299681,5,181.804001
-3.265605,4,181.84451
-3.279456,4,181.895511
-2.129055,3,181.927511
-2.093208,3,181.95851
-1.043406,2,181.97851
-3.310735,4,182.023511
-1.050429,2,182.043511
-1.027204,2,182.06251
-1.036448,2,182.080511
-3.249305,4,182.123511
-1.045382,2,182.142511
-3.263433,4,182.17751
-2.160966,3,182.204511
-0.013999,1,182.21951
0.0,1,182.229513
-2.153207,3,182.265512
-3.296215,4,182.315511
-2.096909,3,182.348512
-2.07514,3,182.379512
-3.158256,4,182.415511
-2.140695,3,182.44351
-0.018699,1,182.45851
-2.106195,3,182.48751
-3.278092,4,182.523511
-3.191965,4,182.565514
-2.14783,3,182.60851
-2.119426,3,182.64651
-2.138655,3,182.67651
-2.145457,3,182.710512
-2.173185,3,182.744511
-2.1434,3,182.77651
-1.046874,2,182.79551
-1.04382,2,182.81451
-2.115425,3,182.84551
-3.180201,4,182.88451
-3.223141,4,182.92551
-1.032302,2,182.94451
-1.02466,2,182.96651
-3.241954,4,183.01202
-3.231847,4,183.057019
-3.178788,4,183.102021
-0.018858,1,183.11602
-2.136794,3,183.146019
-1.041065,2,183.16302
-0.008641,1,183.172019
-1.033857,2,183.196125
-3.17986,4,183.234125
-2.110104,3,183.262125
-3.275908,4,183.297125
-3.231926,4,183.343318
-1.065317,2,183.362318
-3.239876,4,183.396317
-1.034311,2,183.418318
-3.264569,4,183.464318
-1.057197,2,183.482318
-1.02706,2,183.500318
-2.093808,3,183.532317
-1.057673,2,183.557317
-2.10551,3,183.584317
-1.024869,2,183.603318
-2.115907,3,183.639318
-2.173376,3,183.675318
-1.068811,2,183.694318
-3.198765,4,183.733317
-2.097073,3,183.763318
-1.066718,2,183.788318
-1.043248,2,183.806318
-1.052328,2,183.823319
-2.115214,3,183.852317
-2.13881,3,183.888318
-2.135205,3,183.921318
-3.214919,4,183.957318
-2.123014,3,183.986319
-2.125469,3,184.025318
-0.016845,1,184.034317
-2.165368,3,184.062318
-2.173476,3,184.094318
-3.198413,4,184.136827
-0.018202,1,184.151827
-3.241107,4,184.191912
-3.165232,4,184.233911
-2.087838,3,184.269912
-0.018718,1,184.282914
-3.2373,4,184.321911
-3.233033,4,184.359911
-3.232997,4,184.405912
-3.169879,4,184.446911
-0.006484,1,184.458911
-2.173208,3,184.485912
-2.133139,3,184.518911
-3.179145,4,184.562911
-0.009822,1,184.571912
-1.037047,2,184.589911
0.0,1,184.603911
-0.006372,1,184.613911
-3.228528,4,184.664911
-2.159949,3,184.691911
-3.210081,4,184.736912
-3.214565,4,184.774118
-2.168595,3,184.800256
-2.113512,3,184.828257
-1.080434,2,184.853257
-3.171601,4,184.890257
-2.144027,3,184.919257
-0.005062,1,184.931258
-2.111648,3,184.968259
-2.076656,3,184.998259
-0.00301,1,185.007257
-1.042301,2,185.025257
-2.153614,3,185.063257
-2.141707,3,185.094257
-2.136999,3,185.121257
-2.134075,3,185.147257
-2.172707,3,185.184257
-3.229983,4,185.225258
-1.068204,2,185.243258
-1.026906,2,185.26126
-2.127496,3,185.297764
-1.025486,2,185.317765
-2.203873,3,185.345764
-3.221487,4,185.388764
-2.124882,3,185.425764
-3.159947,4,185.461764
-1.03056,2,185.480765
-2.076679,3,185.510766
-1.06355,2,185.540766
-3.216372,4,185.588764
-2.123279,3,185.620765
-2.121209,3,185.657766
-1.030994,2,185.680766
-3.195488,4,185.718764
-3.276542,4,185.755764
-2.090487,3,185.782763
-0.016069,1,185.796765
-2.084783,3,185.825764
-3.158097,4,185.865765
-0.001267,1,185.875764
-3.22089,4,185.920766
-1.032366,2,185.940764
-3.273014,4,185.982764
-1.024832,2,186.000764
-2.101819,3,186.032764
-3.23816,4,186.075764
-2.212475,3,186.106764
-1.079218,2,186.125764
-3.159191,4,186.167767
-2.144543,3,186.201764
-2.153819,3,186.231764
-3.215739,4,186.267767
-3.173677,4,186.309767
-2.146527,3,186.340765
-1.046708,2,186.361765
-0.007361,1,186.372764
-2.090441,3,186.405769
-3.185771,4,186.445274
-2.148296,3,186.472274
-2.163823,3,186.508274
-1.076148,2,186.537276
-3.1747,4,186.573273
-2.097994,3,186.601274
-1.04279,2,186.621274
-2.125598,3,186.660274
0.0,1,186.670274
-0.00477,1,186.679274
-3.193851,4,186.717411
0.0,1,186.731408
-1.065435,2,186.751407
-3.241201,4,186.787408
-1.066973,2,186.807407
-3.199444,4,186.848407
-2.104831,3,186.882407
-2.136542,3,186.916407
-1.028264,2,186.935407
-3.189171,4,186.978407
-2.142378,3,187.012408
-1.030337,2,187.031409
-2.15831,3,187.060407
-2.106512,3,187.093407
-3.207737,4,187.136408
-1.049531,2,187.156407
-2.138976,3,187.18641
-3.157132,4,187.231409
-2.115062,3,187.260407
-2.15625,3,187.289407
-3.264013,4,187.326407
-2.130349,3,187.362407
-2.174682,3,187.393408
-2.138623,3,187.424407
-3.198364,4,187.460407
-0.013251,1,187.475408
-3.19944,4,187.514409
-1.040795,2,187.532407
-2.17699,3,187.560914
-2.148529,3,187.596914
-3.225427,4,187.643914
-2.101533,3,187.676914
-0.004433,1,187.687914
-2.07632,3,187.720914
-3.209425,4,187.761915
-3.319169,4,187.808915
-3.161128,4,187.850915
-3.203934,4,187.893915
-2.165629,3,187.926914
-3.210655,4,187.962915
-2.075554,3,187.989914
-3.184834,4,188.033915
-1.0565,2,188.052914
-2.078679,3,188.080917
-3.20166,4,188.117915
-2.162355,3,188.149915
-3.167804,4,188.192914
-1.062731,2,188.210914
-1.063354,2,188.230915
-1.073409,2,188.253914
-2.111891,3,188.281915
-2.166904,3,188.308914
-3.19017,4,188.346914
-0.004277,1,188.360914
-0.006784,1,188.370914
-0.010977,1,188.380916
-2.15572,3,188.414914
0.0,1,188.428915
-3.212642,4,188.472914
-3.287133,4,188.513914
-3.273698,4,188.557916
-2.159483,3,188.589914
-2.174198,3,188.617915
-3.211319,4,188.659914
0.0,1,188.670914
-3.203431,4,188.715424
0.0,1,188.728423
-2.142578,3,188.758423
-1.059737,2,188.780423
-3.212832,4,188.829423
-1.032023,2,188.849424
-3.322191,4,188.889423
-2.115614,3,188.920424
-2.145914,3,188.953423
-1.075381,2,188.971423
-3.188634,4,189.009543
-2.131669,3,189.038543
-1.043245,2,189.060543
-2.126024,3,189.089543
-2.130122,3,189.120543
-2.176691,3,189.148544
-2.156445,3,189.181545
-3.20276,4,189.219639
-3.235554,4,189.25764
-3.173226,4,189.29464
-3.167617,4,189.344642
-3.205521,4,189.38264
-1.03723,2,189.40164
-3.239146,4,189.441731
-1.045224,2,189.465732
0.0,1,189.474732
-1.037409,2,189.493732
-1.047697,2,189.511732
-1.052995,2,189.534731
-2.087454,3,189.563731
-2.093184,3,189.591731
-1.024397,2,189.608731
-3.220902,4,189.661733
-3.189397,4,189.702731
-2.151115,3,189.732731
-0.001183,1,189.741731
-1.020938,2,189.766731
-2.073911,3,189.795731
-1.024933,2,189.813731
-2.168023,3,189.842239
-0.003122,1,189.860239
-1.029951,2,189.88124
-2.112514,3,189.910239
-2.115776,3,189.93924
-2.15508,3,189.972239
-1.036232,2,189.994241
-2.103716,3,190.021314
-1.025712,2,190.039315
-1.030897,2,190.061315
-0.01818,1,190.072314
-1.068528,2,190.092314
-3.209098,4,190.132314
-3.226568,4,190.177314
-2.140868,3,190.206315
-2.091495,3,190.235314
-0.00549,1,190.245314
-1.055293,2,190.269413
-1.052432,2,190.288413
-2.118994,3,190.318415
-2.16009,3,190.346513
-2.136629,3,190.380514
-2.133286,3,190.413514
-0.012539,1,190.424513
-2.082242,3,190.455514
-2.128034,3,190.492515
-1.063816,2,190.515514
-2.097008,3,190.552513
-2.125996,3,190.586514
-1.037739,2,190.610513
-1.074842,2,190.636514
-3.244177,4,190.684513
-1.034947,2,190.703513
-2.0912,3,190.736517
-2.079804,3,190.765744
-0.006784,1,190.776746
-1.06273,2,190.800744
-2.113639,3,190.832744
-2.147238,3,190.863744
-2.120635,3,190.891744
-0.003798,1,190.901745
-2.141206,3,190.935823
-1.069949,2,190.953823
-2.160797,3,190.984331
-1.069394,2,191.004331
-2.103915,3,191.037332
0.0,1,191.047331
-1.025776,2,191.071332
-3.187442,4,191.114331
-3.175627,4,191.158331
-2.156181,3,191.186332
-2.076524,3,191.214332
-2.110286,3,191.243336
-2.165669,3,191.275333
-1.047139,2,191.294332
-2.108027,3,191.326331
-2.138897,3,191.353332
-2.184755,3,191.386331
-1.051668,2,191.407331
0.0,1,191.417331
-3.193997,4,191.455333
-2.109145,3,191.488332
0.0,1,191.498331
-2.171409,3,191.533433
-2.106083,3,191.565432
-2.165532,3,191.599435
-3.191919,4,191.639432
-3.281844,4,191.683432
-1.054308,2,191.702432
-1.025845,2,191.734432
-3.202924,4,191.782432
-1.060286,2,191.800433
-2.18027,3,191.827717
-3.212648,4,191.871717
-1.076007,2,191.891717
-2.073414,3,191.921717
-2.150428,3,191.949718
-3.176091,4,191.992718
-2.143886,3,192.023717
0.0,1,192.032717
0.0,1,192.041717
-3.215001,4,192.083801
-2.121414,3,192.110801
-2.111587,3,192.14031
-2.119226,3,192.17131
-0.013342,1,192.185309
-2.159885,3,192.215309
-2.138582,3,192.24631
-2.16516,3,192.27831
-2.101826,3,192.311309
-3.217197,4,192.34831
-1.023144,2,192.36631
-2.175665,3,192.39631
-3.252621,4,192.443311
-1.08163,2,192.46031
-2.131703,3,192.48731
-0.009449,1,192.497309
-1.026086,2,192.52131
-3.177607,4,192.55731
-0.013123,1,192.57031
-3.196799,4,192.612311
-2.107281,3,192.64531
-3.227158,4,192.68931
-0.01708,1,192.698309
-1.074606,2,192.719311
-1.037346,2,192.743387
0.0,1,192.753385
-2.094502,3,192.782385
-3.187812,4,192.818388
0.0,1,192.832457
-2.145557,3,192.859456
-1.066847,2,192.878456
0.0,1,192.887457
-2.147923,3,192.921456
-3.20226,4,192.961455
-2.132571,3,192.988456
-2.178549,3,193.014456
-3.264642,4,193.058456
-0.012963,1,193.068459
-3.244722,4,193.103456
-3.18054,4,193.138456
-3.197298,4,193.184455
-2.168879,3,193.210456
-3.245621,4,193.247456
-1.027808,2,193.266459
-2.121293,3,193.306321
-1.030478,2,193.326321
-2.10799,3,193.35532
-4.191752,5,193.40832
-2.170453,3,193.44732
-3.291002,4,193.48332
-2.085607,3,193.51132
-2.15402,3,193.53932
-3.298149,4,193.58632
-2.085052,3,193.61932
-2.154362,3,193.64732
-2.086364,3,193.68132
-2.090194,3,193.718322
-2.119136,3,193.74732
-0.000626,1,193.756321
-3.195462,4,193.791319
-3.256744,4,193.83732
-2.083508,3,193.86932
-2.201417,3,193.89632
-0.002229,1,193.90532
-0.000873,1,193.92032
-3.202088,4,194.038321
-3.298975,4,194.107322
-1.039231,2,194.13932
-1.069341,2,194.168322
-1.062739,2,194.19032
-1.032946,2,194.21432
-1.026857,2,194.244321
-2.181622,3,194.286323
-3.256244,4,194.338321
-2.07983,3,194.378321
-0.015551,1,194.39232
-2.173166,3,194.431831
-1.030166,2,194.450831
-3.23269,4,194.49083
-2.114887,3,194.52183
-2.101482,3,194.55883
-2.148214,3,194.59283
-2.086599,3,194.62283
-2.167816,3,194.649831
-3.251022,4,194.70283
-0.019687,1,194.71383
-3.198834,4,194.749831
-1.069612,2,194.76783
-1.020022,2,194.793831
0.0,1,194.80383
-0.018551,1,194.81483
-0.006162,1,194.824832
-3.270253,4,194.88283
-1.057311,2,194.90383
-1.038672,2,194.92283
-2.157031,3,194.95283
-1.026229,2,194.97783
-1.073428,2,194.997831
-0.013863,1,195.00883
-3.184316,4,195.049832
-3.172634,4,195.09083
-2.147727,3,195.11983
-1.058635,2,195.13883
-2.102007,3,195.16683
-2.151367,3,195.20083
-2.139223,3,195.22983
-2.132333,3,195.258831
-0.011873,1,195.26783
-2.184271,3,195.299831
-3.274341,4,195.337831
-2.097608,3,195.36683
-3.215967,4,195.40283
-2.188968,3,195.43883
-2.151048,3,195.48483
-1.02288,2,195.512832
-3.248394,4,195.570831
-3.273361,4,195.615339
-2.100212,3,195.64834
-2.12459,3,195.679339
-3.166797,4,195.725341
-0.019647,1,195.739339
-2.147153,3,195.767339
-2.074142,3,195.797338
-2.089269,3,195.825341
-1.053405,2,195.84934
-3.252251,4,195.88834
-0.012198,1,195.899339
-1.045915,2,195.920339
-1.036782,2,195.941339
-3.278579,4,195.986339
-1.026501,2,196.005339
-0.003874,1,196.016339
-2.12242,3,196.04934
-3.237749,4,196.085339
-3.186495,4,196.124338
-3.194146,4,196.160338
-2.110252,3,196.196339
-0.014739,1,196.205339
-0.010667,1,196.216338
-0.010241,1,196.226339
-3.197978,4,196.272339
-1.049245,2,196.29434
0.0,1,196.302339
-3.242399,4,196.341338
-2.117094,3,196.391339
-2.087459,3,196.426339
-2.094018,3,196.45734
-3.306856,4,196.51634
-1.034455,2,196.542338
-2.086836,3,196.573338
-1.027464,2,196.597339
-2.108595,3,196.625341
-1.060909,2,196.652339
-2.141682,3,196.690339
-1.055553,2,196.709339
-3.180008,4,196.762857
-1.074356,2,196.797857
-2.13298,3,196.829941
-1.039621,2,196.854942
-2.104559,3,196.884942
-3.278869,4,196.930945
-2.141863,3,196.957941
0.0,1,196.969942
-2.135221,3,197.013942
-3.228327,4,197.063942
-2.106697,3,197.091942
-2.106662,3,197.121941
0.0,1,197.130946
-2.093592,3,197.163941
-2.165533,3,197.190941
-0.017145,1,197.198941
-1.078998,2,197.223941
-1.062281,2,197.247943
-2.105991,3,197.276941
-1.032407,2,197.293942
-0.011564,1,197.301941
-1.038515,2,197.327941
-3.185217,4,197.374943
-2.107864,3,197.401941
-2.076116,3,197.430942
-2.105482,3,197.465942
-1.02622,2,197.483942
-1.027962,2,197.502942
-1.053359,2,197.520941
-3.171629,4,197.569943
-3.292679,4,197.606941
-2.100305,3,197.633942
-2.098122,3,197.662942
-1.026541,2,197.685944
-3.23427,4,197.732943
-3.25913,4,197.772941
-0.012916,1,197.785943
-2.137197,3,197.818943
-1.071362,2,197.836941
-3.180047,4,197.880222
-2.166524,3,197.918731
-3.287679,4,197.96173
-1.028142,2,197.983733
-2.121534,3,198.018732
-2.119721,3,198.046731
-2.144418,3,198.07973
-3.204434,4,198.12873
-2.097712,3,198.162732
-2.092622,3,198.19173
0.0,1,198.20573
-2.096635,3,198.23373
-2.089573,3,198.262731
-3.184069,4,198.300731
-1.059417,2,198.324732
-3.274386,4,198.369731
-2.149006,3,198.39773
-2.124627,3,198.42773
-2.15467,3,198.46773
-1.022519,2,198.487732
-2.154631,3,198.522731
-2.090798,3,198.55273
-2.115314,3,198.59173
-1.058808,2,198.60973
-2.127374,3,198.638731
-2.09627,3,198.666729
-2.161188,3,198.699732
-2.126696,3,198.73573
-2.194417,3,198.767731
-1.027405,2,198.785731
-2.179122,3,198.818733
-1.080983,2,198.83773
-3.166449,4,198.874731
-1.039632,2,198.893733
-0.000737,1,198.90773
-1.03271,2,198.92673
-2.150062,3,198.956732
-2.180594,3,198.985731
-3.259413,4,199.028243
-1.061256,2,199.055244
-2.091505,3,199.085243
-2.153747,3,199.118243
-2.091753,3,199.158243
-3.188695,4,199.196244
-2.168546,3,199.224243
-2.149463,3,199.253246
-2.147798,3,199.289243
-3.268955,4,199.326243
-2.096982,3,199.355244
-1.056133,2,199.374243
-2.136,3,199.409243
-4.312157,5,199.454315
-1.037613,2,199.472316
-3.179296,4,199.510315
-2.183863,3,199.546315
-1.037768,2,199.564317
-1.02727,2,199.583315
-3.18993,4,199.621315
-1.071158,2,199.644318
-2.167262,3,199.672315
0.0,1,199.683315
-1.036697,2,199.704315
-1.035082,2,199.735316
-1.056443,2,199.755316
-1.063012,2,199.774315
-3.312695,4,199.810377
-0.009298,1,199.826378
-2.157185,3,199.854377
-3.195411,4,199.892444
-3.198452,4,199.929527
-1.039881,2,199.95353
-3.245428,4,199.991528
-4.282752,5,200.042647
-2.13813,3,200.070647
-2.114879,3,200.106648
-2.110529,3,200.132648
-3.213883,4,200.174155
-2.179173,3,200.210155
-2.129913,3,200.245154
-2.156218,3,200.275306
-3.224619,4,200.317401
-2.10683,3,200.346401
-1.054653,2,200.376404
-2.140932,3,200.409401
-1.029957,2,200.432401
-1.059291,2,200.450402
-1.078117,2,200.473401
-2.123435,3,200.503401
-2.147577,3,200.533403
-2.160851,3,200.572401
-0.002272,1,200.589401
-2.083469,3,200.627401
-1.035591,2,200.647402
-1.049171,2,200.667401
-1.07993,2,200.697401
0.0,1,200.712403
-2.135348,3,200.74983
-2.148029,3,200.787833
-2.119071,3,200.827831
-2.114846,3,200.865831
0.0,1,200.874831
-1.074076,2,200.892831
-3.177302,4,200.937834
-2.145643,3,200.964831
0.0,1,200.973832
-0.01375,1,200.984832
-2.166503,3,201.021831
-1.021548,2,201.041832
-2.130549,3,201.070831
-3.172184,4,201.107831
-2.115264,3,201.140831
-1.077623,2,201.159831
-3.293381,4,201.199831
-2.112718,3,201.229831
-3.306601,4,201.275832
-1.023075,2,201.293832
-2.146619,3,201.323344
-0.003496,1,201.334347
-2.126522,3,201.373343
-2.175831,3,201.403413
-2.165536,3,201.437414
-3.175363,4,201.477413
-3.232613,4,201.519414
-0.014958,1,201.529413
-2.18183,3,201.557414
-2.133968,3,201.590414
-2.109179,3,201.622413
-2.128606,3,201.649413
-0.002598,1,201.659413
-3.314754,4,201.696413
-1.022384,2,201.721413
-2.07267,3,201.755414
-2.107738,3,201.783413
-1.047659,2,201.803414
-2.104957,3,201.836415
-3.22277,4,201.874413
-2.110954,3,201.90248
0.0,1,201.91248
-3.211104,4,201.95448
-1.070746,2,201.97448
-3.240964,4,202.01048
-3.191728,4,202.050611
-3.308251,4,202.099612
-3.160566,4,202.13761
-2.159415,3,202.168609
-1.05237,2,202.186678
-1.065928,2,202.209678
-2.127873,3,202.241678
-1.021788,2,202.261999
-2.152488,3,202.288999
-2.143473,3,202.323999
-3.224986,4,202.363002
-2.156884,3,202.389999
-3.208693,4,202.429999
-1.046256,2,202.453999
-2.128951,3,202.489602
-3.213429,4,202.527735
-3.284052,4,202.567734
-2.111448,3,202.633736
-2.115687,3,202.716735
-0.007611,1,202.735736
-2.081747,3,202.797734
-3.203838,4,202.859734
-3.193255,4,202.907735
-2.08316,3,202.941735
-0.015282,1,202.955735
-2.131431,3,203.002736
-3.23501,4,203.054017
-1.049669,2,203.080261
-2.172266,3,203.114262
-2.08965,3,203.147262
-2.088551,3,203.174261
-3.215337,4,203.209261
-2.091623,3,203.239263
-0.002761,1,203.253265
-2.172161,3,203.281261
-1.026389,2,203.300263
-2.137848,3,203.332262
-0.01856,1,203.346262
-2.131819,3,203.376262
0.0,1,203.385262
-3.209023,4,203.422261
-2.129063,3,203.460265
-3.206174,4,203.497262
-0.015762,1,203.506262
-2.118126,3,203.534262
-1.072568,2,203.560266
-3.269945,4,203.604266
-1.041479,2,203.625773
-1.027388,2,203.643772
-2.1335,3,203.678772
-1.038823,2,203.697772
-3.158524,4,203.740772
-2.094431,3,203.772772
-2.091516,3,203.807773
-1.065421,2,203.825773
-2.127701,3,203.852772
-3.196408,4,203.894773
-2.095584,3,203.929773
-3.22966,4,203.966772
-2.123738,3,203.995772
-3.166219,4,204.032906
-3.231866,4,204.074905
-3.201658,4,204.115905
-3.174781,4,204.152905
0.0,1,204.160904
-2.110307,3,204.193905
-3.223928,4,204.23598
-0.018807,1,204.247977
-2.103165,3,204.274977
-0.006799,1,204.287979
-3.184266,4,204.326977
-3.160927,4,204.370977
-1.048128,2,204.390099
-3.203118,4,204.437099
-2.082999,3,204.4691
-2.131273,3,204.499104
-2.07916,3,204.527099
-3.173968,4,204.573098
-3.170598,4,204.615099
-1.074369,2,204.633099
-0.008075,1,204.645102
-0.00596,1,204.6581
-3.262427,4,204.706099
-2.152973,3,204.739099
0.0,1,204.750098
-1.020358,2,204.777609
-2.1589,3,204.812608
0.0,1,204.825609
-2.10531,3,204.858609
-3.276842,4,204.906608
-0.017903,1,204.915608
-2.143784,3,204.942607
-3.17204,4,204.981608
-2.174912,3,205.014608
-1.061339,2,205.032608
-3.273168,4,205.068608
-2.136056,3,205.097608
0.0,1,205.11361
-1.031204,2,205.132609
-1.067341,2,205.152608
-2.114615,3,205.179608
-2.083504,3,205.21361
0.0,1,205.223608
-2.150286,3,205.251881
-2.081569,3,205.278881
-3.206364,4,205.323881
-3.260051,4,205.363882
-2.09088,3,205.391881
-2.127509,3,205.423883
0.0,1,205.437881
-2.098323,3,205.467882
-1.048331,2,205.487882
-3.189403,4,205.531883
-0.012846,1,205.548884
-1.055131,2,205.573884
-3.23363,4,205.609881
-3.310773,4,205.654881
-2.162456,3,205.686881
-3.188194,4,205.725884
-3.314561,4,205.767881
-1.081703,2,205.785883
-3.199919,4,205.827881
-2.114976,3,205.858882
-2.166785,3,205.903881
-2.143893,3,205.934392
-3.217343,4,205.982393
-2.115667,3,206.014393
-2.077381,3,206.051393
-3.198498,4,206.091394
-3.23087,4,206.136394
-2.148362,3,206.168393
0.0,1,206.179393
-1.053641,2,206.200393
-0.000311,1,206.213393
-1.021522,2,206.233393
-1.032302,2,206.253393
-3.189771,4,206.292396
-3.261214,4,206.334393
-2.094799,3,206.361393
-1.034103,2,206.384396
-2.108089,3,206.415396
-2.13591,3,206.448393
-2.142709,3,206.475393
-1.02857,2,206.493393
-2.147151,3,206.523393
-3.18497,4,206.566393
-2.144986,3,206.597393
-1.044058,2,206.616393
-3.257998,4,206.657394
-1.059632,2,206.681393
-3.153497,4,206.722393
-3.296688,4,206.764394
-1.037705,2,206.782394
-2.146747,3,206.818393
-1.022815,2,206.837393
-3.228114,4,206.874393
-0.013951,1,206.884393
-1.062449,2,206.908393
-2.162199,3,206.936393
-0.013331,1,206.949393
0.0,1,206.960393
-2.112083,3,206.997393
-2.137433,3,207.024393
-2.135057,3,207.053396
-1.035757,2,207.072901
-1.057763,2,207.097901
-3.235162,4,207.136901
-3.207048,4,207.179901
-3.166325,4,207.217901
-0.006965,1,207.232978
-1.039426,2,207.252976
-2.178656,3,207.280976
-2.083506,3,207.309978
-2.188371,3,207.342976
-1.029964,2,207.362976
-2.130299,3,207.391976
0.0,1,207.402976
-1.081665,2,207.426062
-2.150073,3,207.453059
-0.015397,1,207.463066
-3.283596,4,207.500059
-2.147902,3,207.53406
-3.244577,4,207.569059
-1.041868,2,207.587059
-2.089852,3,207.61606
-3.191771,4,207.666059
-3.22424,4,207.702061
-2.104385,3,207.73806
-2.120342,3,207.769059
-1.037313,2,207.793059
-1.079856,2,207.812059
-1.070284,2,207.83506
-3.221862,4,207.874059
-1.059652,2,207.897059
-2.137505,3,207.93006
-2.14723,3,207.95706
-3.17753,4,207.993136
-2.112882,3,208.028137
-1.036082,2,208.047137
-1.038979,2,208.067137
-2.100908,3,208.095137
-3.292616,4,208.137136
-2.174886,3,208.172137
-0.006949,1,208.181136
-3.255788,4,208.224647
-3.197257,4,208.27265
-1.035185,2,208.296646
-1.028504,2,208.317645
-3.285804,4,208.357647
-2.12375,3,208.394647
-1.054911,2,208.415646
-3.189654,4,208.451647
-2.125382,3,208.479645
-2.12622,3,208.512645
-3.17154,4,208.565646
-1.060209,2,208.592645
-4.334046,5,208.639646
-2.084536,3,208.674646
-3.193445,4,208.718645
-2.114174,3,208.752647
-1.061663,2,208.771646
-3.270531,4,208.815646
-3.232015,4,208.859646
-2.144646,3,208.887645
-1.036305,2,208.907646
-2.158746,3,208.941646
-2.140966,3,208.968645
-2.081592,3,208.996646
-1.08048,2,209.018647
-2.155967,3,209.052647
-1.044994,2,209.070646
-3.216796,4,209.107647
-2.09131,3,209.134646
-2.148337,3,209.171645
0.0,1,209.181645
-2.093076,3,209.214648
-1.07022,2,209.232648
-1.049382,2,209.257648
-1.076213,2,209.275646
-2.1465,3,209.301646
-2.1979,3,209.333648
-2.13666,3,209.372156
-3.179366,4,209.409156
-1.038629,2,209.429156
-3.252723,4,209.475159
-2.099595,3,209.513156
-3.237373,4,209.549156
-3.172603,4,209.589157
-3.179635,4,209.625156
-2.112537,3,209.657257
-1.034009,2,209.678257
-2.127569,3,209.707257
-1.060148,2,209.725256
-2.133485,3,209.759256
-3.257754,4,209.805257
-3.239252,4,209.848255
-1.040297,2,209.871256
-3.225294,4,209.915323
-2.122343,3,209.942323
-3.19215,4,209.992323
-2.1691,3,210.021325
-3.160289,4,210.063402
-3.201415,4,210.099495
-3.208192,4,210.139496
-2.167891,3,210.171495
0.0,1,210.187495
-2.116468,3,210.216495
-2.106215,3,210.245496
-3.27502,4,210.280494
-3.23897,4,210.323495
-2.127118,3,210.352495
-3.162411,4,210.391495
-0.004188,1,210.399494
-2.123219,3,210.443495
-3.166173,4,210.481497
-2.140635,3,210.512109
-2.18281,3,210.541107
-3.26634,4,210.58582
-2.162184,3,210.61282
-3.189729,4,210.659822
-1.043708,2,210.68082
-1.064265,2,210.707822
-1.041469,2,210.72982
-1.030115,2,210.75482
-2.151679,3,210.799821
-3.195796,4,210.854821
-3.192398,4,210.907822
-3.217301,4,210.94982
-0.006341,1,210.96082
-2.09565,3,211.00082
-3.184191,4,211.045821
-3.229327,4,211.091822
-0.001281,1,211.10382
-3.200147,4,211.14482
-2.086764,3,211.171821
-1.044487,2,211.19082
-3.221441,4,211.233821
-3.200721,4,211.37882
-3.161268,4,211.417823
-2.193354,3,211.449821
-2.162237,3,211.47882
0.0,1,211.49282
0.0,1,211.502821
-3.199217,4,211.54082
-2.164173,3,211.569821
-3.327681,4,211.613822
-2.145476,3,211.64182
-2.160245,3,211.671821
-1.062023,2,211.690824
-2.112286,3,211.729329
-1.061291,2,211.754329
-3.202298,4,211.80433
-3.245794,4,211.846405
-1.061069,2,211.874405
-1.041513,2,211.895406
-2.099439,3,211.923405
-3.196763,4,211.959404
-2.138992,3,211.995405
-1.051778,2,212.014405
-1.045929,2,212.031404
-1.031277,2,212.050496
-3.256568,4,212.094496
-1.054753,2,212.113496
-2.185821,3,212.141496
-2.198621,3,212.168496
-2.101052,3,212.207497
-1.045728,2,212.226497
-2.155374,3,212.258497
-3.275505,4,212.384497
-1.055897,2,212.425497
-1.078593,2,212.458497
-3.199528,4,212.509603
-2.133661,3,212.546602
-3.204741,4,212.599603
-1.07181,2,212.640603
0.0,1,212.658603
-3.198918,4,212.711602
0.0,1,212.730602
-2.167365,3,212.776605
-3.204457,4,212.817602
-2.110512,3,212.847111
-2.095111,3,212.886111
-0.019703,1,212.898113
-1.067377,2,212.918112
-0.013302,1,212.930113
-2.134836,3,212.972112
-3.199516,4,213.011112
-3.199423,4,213.049111
-2.120089,3,213.078112
-2.178316,3,213.113111
-1.080198,2,213.131111
-2.205467,3,213.158113
-1.026012,2,213.176112
-2.182396,3,213.215112
-3.273235,4,213.271112
-2.12566,3,213.301111
-2.124278,3,213.329111
-3.17491,4,213.370111
0.0,1,213.379112
-3.179577,4,213.416111
-1.074703,2,213.437112
-2.136994,3,213.474111
-1.024351,2,213.494112
-1.071853,2,213.514114
-2.108595,3,213.543112
-2.089904,3,213.578111
-3.184208,4,213.618112
-2.161519,3,213.648112
-1.062511,2,213.667112
-3.272879,4,213.709112
-2.11294,3,213.738114
-2.158266,3,213.773112
-0.018458,1,213.785112
-2.161778,3,213.820113
-3.147338,4,213.858114
-3.184601,4,213.899112
0.0,1,213.908113
-2.140122,3,213.942111
-1.027027,2,213.962111
-3.276818,4,214.000621
-3.216195,4,214.048621
-1.066592,2,214.07362
-1.078929,2,214.09362
-3.157824,4,214.136621
-2.120446,3,214.163621
-1.050725,2,214.18862
-0.004823,1,214.19862
-3.182319,4,214.237911
-2.101595,3,214.266911
-2.119813,3,214.306912
-1.068328,2,214.327912
-0.019885,1,214.341911
-1.044052,2,214.364912
-1.047047,2,214.385911
-0.01782,1,214.397911
-2.119788,3,214.426912
-3.212349,4,214.462911
-2.119194,3,214.497911
-2.121694,3,214.530914
-0.016474,1,214.542914
-1.031804,2,214.564912
-1.04638,2,214.586911
-1.050058,2,214.607912
-1.046908,2,214.626913
-2.165518,3,214.656911
0.0,1,214.672911
-1.04345,2,214.691911
-4.365897,5,214.738911
-2.141961,3,214.775914
-2.14056,3,214.810912
0.0,1,214.819911
-1.083245,2,214.840912
-2.080534,3,214.872912
-1.039981,2,214.897911
-1.088139,2,214.916912
-2.08536,3,214.951914
-3.182165,4,214.988916
-2.11842,3,215.022912
0.0,1,215.032914
-0.002024,1,215.042911
-1.027868,2,215.062911
-2.173923,3,215.095912
-0.019032,1,215.106913
-0.016443,1,215.121913
-1.034129,2,215.148424
-2.124261,3,215.185425
-1.045423,2,215.205426
-1.032539,2,215.224424
-3.231587,4,215.269424
-2.148964,3,215.303425
-3.196343,4,215.340425
-2.176537,3,215.374424
-3.262539,4,215.410424
-2.13086,3,215.445427
-2.12119,3,215.472425
-1.053059,2,215.492425
-3.289394,4,215.531424
-2.166148,3,215.564568
-3.166092,4,215.607566
-3.234386,4,215.647567
0.0,1,215.656566
-2.131559,3,215.689647
-1.066711,2,215.708645
-2.103047,3,215.739645
-1.040571,2,215.760894
-2.142932,3,215.798894
-2.13635,3,215.828896
-1.065785,2,215.847894
-3.244555,4,215.886894
-2.132747,3,215.920894
-1.043903,2,215.940895
-2.103356,3,215.969167
-0.003696,1,215.980167
-3.218972,4,216.021168
-2.097537,3,216.051167
-3.221366,4,216.088167
-1.070357,2,216.106515
-2.099577,3,216.140516
-3.213748,4,216.180515
-2.128712,3,216.208518
-1.080768,2,216.225516
-0.012519,1,216.243515
-2.09817,3,216.271519
-1.059067,2,216.294024
-3.199109,4,216.332024
-2.150771,3,216.369026
-1.042387,2,216.398024
-3.188683,4,216.436334
-2.193309,3,216.464335
-2.156033,3,216.496335
-3.2276,4,216.538334
-2.08062,3,216.566334
-3.164038,4,216.604335
-3.207357,4,216.646335
-2.185469,3,216.672335
-2.182426,3,216.701334
-3.194029,4,216.738334
-1.023947,2,216.767335
-1.046856,2,216.790335
-3.245819,4,216.833336
-3.171299,4,216.869334
-2.089928,3,216.904334
-2.139179,3,216.932334
-2.113889,3,216.959335
-2.176582,3,216.990335
-1.059698,2,217.015335
-0.013369,1,217.024334
-2.154414,3,217.052336
-2.112027,3,217.081336
0.0,1,217.094334
-3.181485,4,217.136335
-1.029738,2,217.156334
-3.210679,4,217.191334
-2.126865,3,217.223334
-1.0818,2,217.244335
-0.000398,1,217.254335
-1.044959,2,217.272335
-2.126612,3,217.306334
-2.074554,3,217.335335
-2.0986,3,217.364336
-2.198675,3,217.395334
-3.202379,4,217.440338
-2.117474,3,217.472841
-3.194939,4,217.512939
-1.075044,2,217.531939
-2.093883,3,217.567939
0.0,1,217.57894
-0.017284,1,217.59094
-0.012778,1,217.600939
-2.102135,3,217.634025
-1.077335,2,217.651023
-2.150438,3,217.680098
0.0,1,217.690099
-2.187663,3,217.7221
-3.163407,4,217.769098
-2.13869,3,217.802102
-2.138822,3,217.8331
-2.10234,3,217.867099
-3.172428,4,217.907098
-3.174728,4,217.953099
-2.166604,3,217.987101
-1.064451,2,218.014098
-3.226124,4,218.059099
-2.182346,3,218.088098
-1.068785,2,218.108098
-3.2347,4,218.151098
-1.058081,2,218.170184
-3.218809,4,218.205728
-3.202537,4,218.243728
-2.119774,3,218.277812
-2.092755,3,218.303812
-1.068353,2,218.326812
-2.089064,3,218.354813
-0.012601,1,218.367812
-1.051625,2,218.386814
-2.139352,3,218.412812
-3.241636,4,218.450894
-1.028097,2,218.475895
-2.094962,3,218.506894
-0.01156,1,218.51604
-3.203404,4,218.555039
-2.157942,3,218.59655
-3.27811,4,218.63655
-1.051481,2,218.657549
-0.001448,1,218.66755
-1.023514,2,218.69255
-3.235817,4,218.73155
-2.208296,3,218.76755
-2.128505,3,218.805552
-2.132073,3,218.84255
-3.169131,4,218.884552
-1.049221,2,218.904551
-1.02583,2,218.92355
0.0,1,218.93755
-2.095852,3,218.965551
-1.063283,2,218.98555
-3.228358,4,219.023549
-3.321601,4,219.064553
-3.195514,4,219.10155
-1.079843,2,219.12055
-2.170182,3,219.14855
-3.192387,4,219.19555
-3.258868,4,219.23655
-2.124075,3,219.262549
-1.038827,2,219.28155
-1.050388,2,219.30455
-2.09775,3,219.380552
-1.020002,2,219.443552
-2.121194,3,219.494552
-1.063929,2,219.533551
-2.152006,3,219.570549
-1.020022,2,219.595551
-1.08103,2,219.621553
-2.097991,3,219.666551
-1.068277,2,219.69355
-2.106556,3,219.736553
-2.207567,3,219.77655
-2.142304,3,219.825062
-0.002144,1,219.836062
-2.085558,3,219.869061
-2.13134,3,219.902063
-2.13438,3,219.940062
-2.138852,3,219.967061
-3.30281,4,220.006062
-3.182302,4,220.049242
-3.165746,4,220.091243
-3.202124,4,220.130242
-2.128475,3,220.157242
-3.197416,4,220.195322
-2.131183,3,220.228322
-2.179858,3,220.254322
-3.216442,4,220.291323
-3.166722,4,220.330321
-1.038556,2,220.357321
0.0,1,220.366322
-1.022223,2,220.386321
-2.175623,3,220.414321
-2.146303,3,220.448321
-2.134104,3,220.476322
0.0,1,220.488321
-3.265011,4,220.525321
-0.001323,1,220.540321
-2.113518,3,220.573323
-1.023038,2,220.592321
-0.006206,1,220.602323
-3.180461,4,220.651321
-3.216387,4,220.687321
-0.0192,1,220.697322
-1.07681,2,220.715322
-2.12707,3,220.751321
-2.110168,3,220.785391
-2.141905,3,220.81239
-2.193418,3,220.842508
-2.093819,3,220.878508
-0.015397,1,220.887507
-2.093443,3,220.916508
-2.113601,3,220.946509
-2.160021,3,220.988021
-3.18572,4,221.033019
-0.005855,1,221.048018
-0.00146,1,221.060018
-1.07374,2,221.091112
-2.145447,3,221.122117
-2.097849,3,221.158111
-1.069358,2,221.182197
-3.200146,4,221.230197
-1.041576,2,221.249197
-1.033567,2,221.267197
-3.23592,4,221.306198
-2.16202,3,221.340198
-2.175702,3,221.367198
-1.060238,2,221.390199
-3.207995,4,221.436197
-3.160174,4,221.478198
-2.115342,3,221.505197
-1.03406,2,221.525198
-3.190899,4,221.561197
-3.241077,4,221.604197
-2.106793,3,221.639197
-3.223456,4,221.676198
-1.052641,2,221.695197
-3.162379,4,221.738197
-1.047384,2,221.761197
-2.14829,3,221.795355
-0.018175,1,221.805355
-1.026679,2,221.828493
-2.104906,3,221.861492
0.0,1,221.871493
-2.148132,3,221.898492
-2.088585,3,221.931492
-2.111221,3,221.962492
-3.229301,4,221.998492
0.0,1,222.007492
-2.119945,3,222.041492
-2.16675,3,222.076493
-0.005552,1,222.087496
-1.077256,2,222.107
-3.190341,4,222.149001
-0.004642,1,222.159004
-2.145687,3,222.188
-2.150372,3,222.215002
-3.210035,4,222.259002
-2.123687,3,222.296
-0.014953,1,222.305001
-1.036903,2,222.324
-3.157073,4,222.364
-2.099624,3,222.401003
-3.189816,4,222.438
-1.079736,2,222.455001
-3.231681,4,222.501
-2.103514,3,222.53
-0.009759,1,222.538
-3.208019,4,222.575001
-2.092543,3,222.613002
-1.028475,2,222.642003
-3.302152,4,222.678002
-1.07205,2,222.698
-3.190142,4,222.746001
-1.057141,2,222.773003
-1.049235,2,222.798003
-2.147376,3,222.827
-2.089788,3,222.862
-3.187807,4,222.899
-3.267345,4,222.937
-2.153282,3,222.968001
-2.161406,3,223.001
-2.171366,3,223.029001
-2.112498,3,223.059003
-2.100836,3,223.086
-2.107298,3,223.118001
-1.026314,2,223.136
-2.164055,3,223.164
0.0,1,223.175004
-3.22629,4,223.22
-2.102142,3,223.248
-2.102602,3,223.285002
-0.00869,1,223.297001
-1.066362,2,223.320509
-2.183344,3,223.356509
-0.019513,1,223.367509
-1.068269,2,223.387509
-2.127091,3,223.42751
-2.144263,3,223.45451
-3.230519,4,223.495511
-3.245931,4,223.539509
-2.088459,3,223.631509
-2.131365,3,223.660628
-3.187662,4,223.69888
-3.179072,4,223.73988
-3.201094,4,223.78888
-2.095754,3,223.81788
-2.124088,3,223.845881
-1.023298,2,223.86488
-2.119774,3,223.89788
-2.14496,3,223.93088
-2.130538,3,223.95788
-1.062419,2,223.97588
-2.148645,3,224.008883
-1.078845,2,224.028881
-3.227078,4,224.06888
-2.091828,3,224.10088
-0.012295,1,224.11388
-3.240705,4,224.155881
-2.096305,3,224.182084
-3.285546,4,224.219084
-3.193226,4,224.262084
-3.196275,4,224.298084
-3.196155,4,224.336084
-2.141443,3,224.366085
-2.107548,3,224.397084
-3.185349,4,224.436084
-1.064079,2,224.456087
0.0,1,224.465594
-2.177239,3,224.504594
-3.241846,4,224.542596
-3.203766,4,224.585594
-0.009317,1,224.596595
-2.12132,3,224.630594
-2.111466,3,224.661593
-2.137623,3,224.692593
-3.199492,4,224.729838
-1.056862,2,224.753839
-2.18369,3,224.786838
-3.245067,4,224.830837
-3.241015,4,224.867837
-1.020479,2,224.891839
-2.143797,3,224.921838
-3.16343,4,224.957837
-3.182243,4,224.994837
-2.173098,3,225.028838
-3.197462,4,225.063837
0.0,1,225.073837
-3.320788,4,225.114837
-3.207392,4,225.156837
-2.155986,3,225.184992
-2.096337,3,225.211991
-0.014942,1,225.221994
-1.049933,2,225.245992
-2.171835,3,225.27399
-2.135022,3,225.301991
-1.051128,2,225.323992
-3.217045,4,225.367991
-1.024235,2,225.385991
-3.167945,4,225.423991
-3.287704,4,225.460993
-3.170794,4,225.503992
-3.279817,4,225.544991
-2.148491,3,225.574991
-2.148835,3,225.601993
-3.158523,4,225.6505
-2.094896,3,225.681501
0.0,1,225.692502
-2.119123,3,225.728501
-3.172015,4,225.77859
-1.0284,2,225.79859
-1.067156,2,225.81659
-2.098206,3,225.84359
-1.041916,2,225.867589
-3.337699,4,225.907589
-1.083652,2,225.926589
-2.106901,3,225.953591
-1.043171,2,225.97659
-3.237965,4,226.01759
-0.016821,1,226.029591
-1.068342,2,226.04859
-2.126788,3,226.08059
-3.177126,4,226.12059
-2.167361,3,226.14859
-3.349464,4,226.183739
-1.059996,2,226.207739
-2.115449,3,226.241739
-2.129141,3,226.269739
-3.296027,4,226.305739
-2.196641,3,226.339739
-3.210267,4,226.376739
-2.106788,3,226.40374
-3.253925,4,226.443739
-2.091147,3,226.475839
-2.077715,3,226.50484
0.0,1,226.514839
-3.191188,4,226.554936
-0.01114,1,226.568936
-3.245077,4,226.604937
-2.114921,3,226.632936
-3.19984,4,226.671938
-2.143228,3,226.704937
-1.032066,2,226.723936
-1.059734,2,226.742936
-3.22912,4,226.790444
-2.102716,3,226.823444
-3.278603,4,226.859445
-1.035259,2,226.879444
-2.13306,3,226.908444
-2.14144,3,226.946539
-2.095506,3,226.97554
-0.004884,1,226.984542
-0.012091,1,226.994539
-2.086621,3,227.031539
-3.182108,4,227.06854
-1.055095,2,227.088539
-3.176027,4,227.13154
-2.128582,3,227.16354
-0.016152,1,227.17354
-2.150261,3,227.200539
0.0,1,227.209542
-1.030717,2,227.232539
-2.140765,3,227.259542
-1.062038,2,227.27754
-1.03608,2,227.29554
-0.004772,1,227.31154
-2.154722,3,227.33954
-3.16219,4,227.376543
-3.241242,4,227.413539
-2.137597,3,227.449542
-3.179551,4,227.487539
-1.034515,2,227.505541
0.0,1,227.516541
-3.274885,4,227.559603
-2.158802,3,227.586601
-1.064701,2,227.604601
-1.024471,2,227.626604
-2.085689,3,227.659602
-3.235299,4,227.704602
-2.100644,3,227.735603
-2.09993,3,227.766603
-1.080345,2,227.794601
-2.137311,3,227.823601
-3.182383,4,227.862601
0.0,1,227.872603
-2.141466,3,227.919604
-2.169499,3,227.952603
-2.146725,3,227.988111
-2.123548,3,228.018217
-1.023844,2,228.041216
-1.064122,2,228.063214
-2.09213,3,228.096217
-2.153535,3,228.124215
-1.038953,2,228.148215
-2.152482,3,228.178216
-2.14133,3,228.208214
-3.201163,4,228.243214
-2.137891,3,228.278215
0.0,1,228.288217
-2.15472,3,228.317214
-2.19269,3,228.345215
-1.038318,2,228.368214
-2.178007,3,228.396214
-1.062957,2,228.415215
-2.097599,3,228.443214
-2.149581,3,228.475214
-2.117943,3,228.503216
-2.142683,3,228.536215
-3.257702,4,228.573216
-1.024591,2,228.596214
0.0,1,228.610215
-0.001808,1,228.619214
-0.019418,1,228.630214
0.0,1,228.646214
-2.08862,3,228.673214
-3.246783,4,228.710215
-2.074938,3,228.741216
-2.156106,3,228.774215
-0.008363,1,228.785215
-2.092531,3,228.829217
-1.031338,2,228.858216
-2.143786,3,228.894214
-3.197927,4,228.932214
-2.173668,3,228.963214
-2.086988,3,228.99222
-3.17543,4,229.035216
0.0,1,229.045214
-2.106741,3,229.077216
-3.209164,4,229.130727
-3.158357,4,229.178728
-3.176115,4,229.221727
-2.117132,3,229.252727
-1.064168,2,229.270727
-2.13925,3,229.304728
-0.016221,1,229.313727
-3.236509,4,229.351727
-3.27868,4,229.390729
-3.294942,4,229.434731
-3.303556,4,229.482727
-1.071298,2,229.502727
-1.049219,2,229.522728
-2.177329,3,229.557727
-3.172408,4,229.597728
-2.104067,3,229.629728
-0.008969,1,229.639727
-1.032247,2,229.662727
-2.093629,3,229.691728
-3.313835,4,229.736728
-2.14958,3,229.764727
-1.056231,2,229.789727
-1.070209,2,229.816729
-3.227576,4,229.855727
-2.104144,3,229.883727
-2.191037,3,229.915729
-3.318194,4,229.959729
-3.18181,4,229.995728
-3.288379,4,230.035728
-1.048445,2,230.060728
-2.149733,3,230.091728
-3.336627,4,230.127727
-1.035256,2,230.145728
-2.091268,3,230.179727
-1.037022,2,230.198727
-3.231513,4,230.23682
-1.057091,2,230.255822
-2.084607,3,230.292331
-2.145897,3,230.320329
-1.036116,2,230.33933
-2.077873,3,230.374331
-2.10987,3,230.40733
-1.073347,2,230.42533
0.0,1,230.43433
-2.147097,3,230.463333
-2.186457,3,230.497333
-1.046308,2,230.51833
-2.110347,3,230.54733
-2.086425,3,230.575331
-1.063814,2,230.603331
-3.195661,4,230.642733
-1.038254,2,230.661735
-3.219432,4,230.704734
-2.154898,3,230.737732
-2.124416,3,230.764733
-1.063994,2,230.789735
-3.301369,4,230.834735
-3.231153,4,230.876733
-1.054155,2,230.894733
-1.050614,2,230.912733
-2.146107,3,230.940732
-2.114798,3,230.972733
-2.122702,3,230.999732
-2.106093,3,231.028735
-3.247654,4,231.066733
-2.109076,3,231.107735
-1.039191,2,231.19392
-3.205056,4,231.290061
-1.067328,2,231.32006
-2.124047,3,231.36406
-3.179183,4,231.415699
-0.011181,1,231.430699
-2.100141,3,231.471699
-1.066748,2,231.504699
-2.104543,3,231.551698
-1.029217,2,231.577701
-1.062158,2,231.600698
-2.168335,3,231.633698
-2.114682,3,231.661698
-2.144438,3,231.690698
-2.143111,3,231.723699
-2.146887,3,231.756698
0.0,1,231.766699
-1.056737,2,231.788698
-2.074137,3,231.823699
-2.116715,3,231.855699
-2.143936,3,231.883698
-2.111296,3,231.911698
0.0,1,231.9237
-2.130529,3,231.956698
-2.095291,3,231.983698
-2.136342,3,232.011699
-2.135794,3,232.039699
-2.089995,3,232.0737
-2.174898,3,232.101698
-0.008798,1,232.112699
-2.168567,3,232.141699
-1.032209,2,232.168701
-1.076639,2,232.189698
-2.172534,3,232.217699
-0.006561,1,232.226698
-3.216353,4,232.2727
-2.100502,3,232.299698
-0.019906,1,232.308699
-1.044653,2,232.327698
-2.139334,3,232.361699
-2.076419,3,232.389698
-2.134784,3,232.417699
-0.012501,1,232.425698
-2.088349,3,232.458698
-3.255449,4,232.498878
-2.107439,3,232.525878
-1.040903,2,232.544883
-3.171543,4,232.591388
-2.079788,3,232.620387
-1.076362,2,232.646387
-2.127367,3,232.679388
-0.005996,1,232.695388
-2.138885,3,232.725387
-2.158339,3,232.752387
-2.101919,3,232.782387
-2.148663,3,232.825387
-2.162222,3,232.85639
-2.153542,3,232.893387
-2.09006,3,232.925388
-2.102887,3,232.958387
-2.166304,3,232.986535
-3.250835,4,233.024536
0.0,1,233.033535
-2.10353,3,233.066537
0.0,1,233.075536
-0.000534,1,233.084535
-2.090131,3,233.111536
-1.06421,2,233.136535
-2.085794,3,233.167536
-0.005445,1,233.176535
-2.137076,3,233.203535
-3.209736,4,233.250535
-1.046546,2,233.269535
-1.033735,2,233.287535
-3.171896,4,233.326536
-1.072046,2,233.350535
-1.02299,2,233.370535
-2.106051,3,233.399535
-2.195902,3,233.426702
-1.03196,2,233.448703
-2.120433,3,233.481703
-1.046809,2,233.499703
-1.033398,2,233.518703
-2.114062,3,233.550702
-3.276603,4,233.589702
-1.068996,2,233.614702
-3.199462,4,233.657705
-2.143895,3,233.694702
-1.066325,2,233.713705
-1.070899,2,233.733216
-2.193676,3,233.760211
-3.223109,4,233.81521
-1.034387,2,233.839213
-3.233892,4,233.88021
-3.182901,4,233.92621
-2.1853,3,233.963211
-2.172294,3,233.990209
-1.025432,2,234.010212
-1.051587,2,234.03121
-1.042981,2,234.05321
-3.253959,4,234.095211
-1.040027,2,234.114209
-2.140085,3,234.14321
-2.172053,3,234.175211
-0.001582,1,234.185213
-3.218658,4,234.22521
-3.266312,4,234.26221
-1.065132,2,234.285211
-2.077622,3,234.31321
-3.199075,4,234.36221
-1.046563,2,234.380211
-2.142327,3,234.41421
-2.111882,3,234.442211
-2.150859,3,234.47021
-2.102638,3,234.49721
-1.041779,2,234.52021
-3.215859,4,234.55821
-2.175845,3,234.596211
-2.129898,3,234.62821
0.0,1,234.648212
-3.204301,4,234.68721
-2.133053,3,234.71921
-2.158124,3,234.74721
-1.072934,2,234.773211
-3.217792,4,234.81821
-2.085755,3,234.850212
-3.161825,4,234.895719
-1.028977,2,234.923718
-2.146699,3,234.952717
-3.156006,4,234.995718
-2.125892,3,235.024717
-2.081132,3,235.058717
-2.119277,3,235.087717
-2.147045,3,235.116718
-3.276936,4,235.151786
-1.057926,2,235.174786
-2.143411,3,235.207786
-2.086594,3,235.237786
-1.075874,2,235.259786
-0.004488,1,235.274786
-0.015577,1,235.286787
-2.174617,3,235.314786
-2.108687,3,235.344786
-2.127635,3,235.377786
-1.047933,2,235.395786
-1.021784,2,235.414787
-3.252072,4,235.452786
-1.064059,2,235.474786
-3.22228,4,235.512786
-1.059042,2,235.530786
-0.011432,1,235.540786
-0.008174,1,235.556786
-2.094221,3,235.584786
-2.132052,3,235.611786
-3.23689,4,235.653787
-2.178643,3,235.685787
-3.277192,4,235.722788
-1.044114,2,235.743786
-3.183908,4,235.783786
-1.059904,2,235.812786
-2.136198,3,235.840786
-1.074807,2,235.862787
-1.031734,2,235.883788
-0.006646,1,235.897789
-2.125237,3,235.928786
-3.223855,4,235.964787
-3.296013,4,236.006789
-2.089016,3,236.045294
-1.083016,2,236.066297
-2.102222,3,236.096294
-0.017884,1,236.106293
0.0,1,236.123296
-1.024582,2,236.146294
-1.02842,2,236.165294
-2.072018,3,236.194293
-0.001061,1,236.208294
-1.048259,2,236.226294
-3.209577,4,236.264294
-0.008741,1,236.275295
-1.025236,2,236.299294
-2.112834,3,236.330294
-2.09088,3,236.357295
-3.239839,4,236.392294
-3.200256,4,236.438294
-2.075232,3,236.465294
-3.18082,4,236.506294
-2.100464,3,236.536294
-3.215558,4,236.579295
-0.009796,1,236.588294
-2.151657,3,236.618295
-1.026294,2,236.637293
-1.057026,2,236.664295
-1.022926,2,236.682294
-1.069006,2,236.700294
-2.210293,3,236.727294
-2.098669,3,236.764294
-2.157735,3,236.796293
-1.030319,2,236.817294
-3.235155,4,236.854366
-3.178276,4,236.900365
-2.073554,3,236.930366
0.0,1,236.939365
-2.144811,3,236.967433
-2.187836,3,237.000431
-2.128769,3,237.02843
-2.189748,3,237.055432
-0.016069,1,237.06443
-2.175503,3,237.097431
-2.115046,3,237.125431
-2.087251,3,237.157432
-3.24595,4,237.195941
-3.217651,4,237.23894
-2.145383,3,237.272942
-1.062957,2,237.29594
-2.101723,3,237.323941
-0.00417,1,237.33794
-1.074862,2,237.35694
-2.164142,3,237.38294
-1.029907,2,237.40194
-2.088263,3,237.435941
-2.172318,3,237.468296
-2.150809,3,237.509295
-2.160021,3,237.538296
-1.03484,2,237.561297
-2.086284,3,237.589295
-3.298242,4,237.626295
-3.202951,4,237.666296
-2.176353,3,237.699296
-2.149556,3,237.727296
-0.013051,1,237.736296
-1.035956,2,237.756295
-2.188049,3,237.797297
-3.193649,4,237.837296
-2.089745,3,237.868297
-3.21663,4,237.906296
-1.075637,2,237.928295
-2.137487,3,237.961297
-2.083686,3,237.995298
-2.159936,3,238.023298
-1.049136,2,238.046295
-2.138855,3,238.076295
-2.142811,3,238.103296
-0.012385,1,238.112296
-3.171952,4,238.156296
-2.129034,3,238.185295
-2.087324,3,238.213295
-2.160229,3,238.240297
-3.323411,4,238.294302
-2.135246,3,238.390508
-2.10183,3,238.445509
-3.223778,4,238.51051
-2.184521,3,238.547508
-3.163207,4,238.593508
-3.219273,4,238.642511
0.0,1,238.655509
-2.14297,3,238.699509
-2.08117,3,238.739507
-3.173287,4,238.798509
-2.141041,3,238.835509
-2.186233,3,238.875508
-2.164573,3,238.904508
-2.124607,3,238.933508
-2.083329,3,238.965508
-1.072672,2,238.99051
-2.144066,3,239.018507
-2.160471,3,239.046508
-3.260219,4,239.083508
-0.005124,1,239.096508
-2.127728,3,239.125508
-2.111347,3,239.155508
-1.052284,2,239.175508
-2.13072,3,239.208508
-2.170004,3,239.239509
-1.027971,2,239.260507
0.0,1,239.269507
-3.126539,4,239.313508
-2.114679,3,239.340508
-2.125924,3,239.370507
-2.13329,3,239.398509
-2.113517,3,239.433508
-2.136302,3,239.459507
-2.141208,3,239.490017
-2.11729,3,239.519081
-3.346853,4,239.569081
-3.33477,4,239.614081
-2.109972,3,239.644082
-3.221016,4,239.679081
-1.060222,2,239.703081
-1.064534,2,239.723082
-1.075191,2,239.742082
-2.144027,3,239.770083
-2.105634,3,239.811097
-2.076866,3,239.840093
-1.042205,2,239.860194
-0.016611,1,239.869194
-1.039664,2,239.892195
-3.362516,4,239.936194
-1.066138,2,239.955194
-2.168967,3,239.983194
-3.305837,4,240.025194
-3.171271,4,240.064194
-2.091856,3,240.091193
-2.10073,3,240.118194
-1.072815,2,240.142195
0.0,1,240.153196
-2.077887,3,240.182193
-3.18428,4,240.219193
-2.118437,3,240.253194
-3.169319,4,240.290194
-0.004067,1,240.300194
-2.077478,3,240.327194
-3.229866,4,240.371193
-2.146346,3,240.406194
-3.201983,4,240.444194
-1.047489,2,240.462194
-2.130902,3,240.495194
-1.037068,2,240.514194
-3.290059,4,240.551193
-1.023491,2,240.568194
-0.000137,1,240.584193
-1.046695,2,240.603194
-2.171194,3,240.631193
-2.140974,3,240.661705
-3.198778,4,240.717703
-2.099235,3,240.749703
-2.103732,3,240.782703
-2.149456,3,240.817704
-3.206642,4,240.863703
-3.310094,4,240.900703
-1.024956,2,240.920703
-1.06465,2,240.939703
-2.078258,3,240.972703
0.0,1,240.982702
-3.218023,4,241.020703
-2.129474,3,241.050704
-3.179953,4,241.092705
-2.086069,3,241.122703
-2.147956,3,241.151703
-2.127815,3,241.178703
-1.07841,2,241.201703
-2.110593,3,241.230704
-2.181066,3,241.259703
-1.035416,2,241.277703
-1.075992,2,241.304704
-3.182541,4,241.353703
-3.185426,4,241.401703
-1.050247,2,241.423705
-3.21959,4,241.475703
-0.016746,1,241.485703
-2.180785,3,241.520703
-2.114287,3,241.556703
-2.096458,3,241.601703
-1.023702,2,241.619703
-2.157875,3,241.649704
0.0,1,241.658703
-2.133172,3,241.690703
-3.275348,4,241.727703
-1.050797,2,241.746703
-1.069912,2,241.764703
0.0,1,241.779705
-3.167214,4,241.827214
-2.163891,3,241.859295
-1.022061,2,241.885295
-2.095551,3,241.927295
-1.035081,2,241.945295
-0.004341,1,241.956296
-2.115438,3,241.983295
-1.054704,2,242.008295
-3.173193,4,242.045295
-3.187197,4,242.082295
-3.231534,4,242.123296
-2.111396,3,242.159295
-2.170273,3,242.186296
-3.239818,4,242.223294
-3.164022,4,242.263295
-2.149439,3,242.295295
-3.252694,4,242.332295
-1.036142,2,242.351295
-2.173487,3,242.378295
-2.153617,3,242.413295
-2.136997,3,242.442297
-0.006084,1,242.451295
-1.062597,2,242.471441
-1.031602,2,242.49544
-0.004233,1,242.50444
-2.101336,3,242.532443
-1.055544,2,242.556442
-0.009427,1,242.57844
-2.12884,3,242.61544
-3.199357,4,242.65944
-1.021945,2,242.67944
-3.256573,4,242.72144
-1.036919,2,242.73844
-1.021184,2,242.75744
-0.004633,1,242.768441
-1.02798,2,242.796441
-0.014642,1,242.80944
-3.32143,4,242.849441
0.0,1,242.861442
-1.056498,2,242.885441
-2.128721,3,242.91644
-2.092953,3,242.945446
-2.097565,3,242.979954
-3.229803,4,243.024952
-3.183727,4,243.063951
-2.153919,3,243.096951
-1.025143,2,243.115952
-0.01262,1,243.131952
-2.132597,3,243.160952
-1.046364,2,243.178951
-2.175492,3,243.206951
0.0,1,243.224952
-2.132063,3,243.252951
-2.117427,3,243.280953
-3.173838,4,243.317954
-2.100373,3,243.350951
-1.037911,2,243.371951
-2.087563,3,243.398955
-1.05576,2,243.415951
-1.055694,2,243.444952
-1.081577,2,243.464951
-2.121505,3,243.492952
-1.068338,2,243.511952
-2.139625,3,243.547951
-2.113917,3,243.577951
-2.091053,3,243.603951
-3.174952,4,243.648952
-2.183796,3,243.689951
-3.215438,4,243.729955
-2.08917,3,243.756951
-2.084521,3,243.792952
-3.203242,4,243.843952
0.0,1,243.852952
-3.268387,4,243.891951
-1.054702,2,243.910951
-1.082908,2,243.933952
0.0,1,243.946952
-3.23769,4,243.983951
-1.067067,2,244.004953
-0.013161,1,244.018952
-0.002874,1,244.029954
-2.161259,3,244.057951
-2.149646,3,244.086952
-3.199167,4,244.137459
-3.188529,4,244.178459
-1.028964,2,244.198459
-2.104744,3,244.228458
-2.103365,3,244.261461
-1.059108,2,244.278665
-1.052631,2,244.297665
-2.135932,3,244.327665
-2.136364,3,244.364665
-3.264425,4,244.402665
-1.0247,2,244.423667
-2.120815,3,244.454665
-3.236872,4,244.499666
-2.09204,3,244.527665
-0.001792,1,244.537666
0.0,1,244.547666
-2.086729,3,244.579665
-1.054985,2,244.598668
-2.148582,3,244.625665
-2.12271,3,244.655666
-2.126238,3,244.688665
-3.210753,4,244.727665
-3.225643,4,244.768666
-2.102374,3,244.801666
-2.129489,3,244.844666
-2.180364,3,244.877665
-2.130521,3,244.906666
-3.166391,4,244.943667
-1.057802,2,244.971665
-2.164131,3,245.000666
-3.292607,4,245.057666
-1.056009,2,245.080667
-2.125859,3,245.114666
-1.020892,2,245.134665
-1.062688,2,245.156665
0.0,1,245.168667
-2.104024,3,245.205667
-2.161061,3,245.236671
-2.153017,3,245.270176
-2.111771,3,245.305176
-2.144855,3,245.342176
-1.03446,2,245.364175
-3.228289,4,245.405177
-2.099792,3,245.435175
-2.085118,3,245.484176
-2.136579,3,245.595177
-1.077715,2,245.628176
-0.001679,1,245.647174
-2.114983,3,245.689175
-1.037492,2,245.714175
-3.169411,4,245.780178
-2.164418,3,245.822176
-2.142388,3,245.874177
-3.239038,4,245.927175
0.0,1,245.936175
-3.191533,4,245.979175
-1.031085,2,246.007175
-2.148584,3,246.034175
-2.147963,3,246.066176
-1.020889,2,246.090175
-2.081919,3,246.123175
-1.037427,2,246.141175
-3.230768,4,246.176175
-0.000683,1,246.186175
-2.083487,3,246.220175
-3.201917,4,246.256176
-1.022321,2,246.274176
-2.107936,3,246.303175
-0.010579,1,246.322175
-2.134489,3,246.351175
-3.16719,4,246.388684
-2.092078,3,246.424684
-2.099032,3,246.466683
-3.167061,4,246.516684
-3.268118,4,246.554683
-0.012185,1,246.563683
-1.068111,2,246.586685
-2.164837,3,246.613683
-1.04516,2,246.633683
-2.106141,3,246.660683
-1.029914,2,246.689683
-3.244716,4,246.726683
-3.283679,4,246.766684
-3.247962,4,246.804683
-2.210944,3,246.845683
-3.178064,4,246.889683
-3.209198,4,246.926683
-1.042506,2,246.947683
-2.111126,3,246.980685
-0.015116,1,246.990684
-1.030864,2,247.008683
-2.161769,3,247.035683
-1.05114,2,247.061687
-1.067493,2,247.083684
-3.343185,4,247.133776
-2.128781,3,247.163776
-2.097495,3,247.196777
-2.131799,3,247.225776
-0.015893,1,247.236778
-3.179282,4,247.273776
-3.222895,4,247.316776
-2.174039,3,247.344777
-1.049924,2,247.362777
-3.167535,4,247.401776
-2.089757,3,247.433851
0.0,1,247.442853
-2.097346,3,247.475851
-1.078014,2,247.495852
-3.165433,4,247.538853
-2.090445,3,247.56936
-2.172632,3,247.602357
-2.137896,3,247.63136
-3.227959,4,247.67536
-2.115054,3,247.70436
-3.265765,4,247.742358
-2.174492,3,247.770357
-3.235965,4,247.81236
-2.111173,3,247.846358
-2.139239,3,247.876438
-0.010022,1,247.885438
-2.13525,3,247.92244
-2.140901,3,247.952438
-0.018669,1,247.962439
-1.031184,2,247.983439
-0.003177,1,247.997438
-3.195936,4,248.033437
-3.299701,4,248.073438
-2.176018,3,248.101438
-3.234659,4,248.142438
-2.099718,3,248.172438
-2.107053,3,248.202439
-2.130761,3,248.233438
-2.129867,3,248.271438
-1.083339,2,248.290438
-2.16776,3,248.318439
-2.131314,3,248.346439
-2.095363,3,248.381439
-3.187478,4,248.418439
-2.084218,3,248.445441
-2.11184,3,248.473438
-0.016883,1,248.489438
-2.17478,3,248.521441
-2.093561,3,248.548438
-2.133505,3,248.578441
-0.014456,1,248.593439
-2.176954,3,248.629438
-2.162855,3,248.659438
-1.058583,2,248.676438
-0.014524,1,248.695442
-1.030059,2,248.71795
-2.101125,3,248.745949
-2.088143,3,248.77695
-1.055297,2,248.802949
-2.156671,3,248.83895
-3.181373,4,248.880161
-2.095825,3,248.908161
-2.140321,3,248.943163
-2.116736,3,248.976161
-3.184534,4,249.012161
-1.062238,2,249.031161
-2.133848,3,249.064161
-2.135525,3,249.094161
-2.16613,3,249.122162
0.0,1,249.133161
-2.09857,3,249.166162
-2.170397,3,249.19416
-3.161565,4,249.230161
-1.041146,2,249.250162
-1.030411,2,249.274162
-1.022875,2,249.291161
-2.148094,3,249.320161
-2.123741,3,249.351161
-3.1693,4,249.392161
-3.210755,4,249.432161
-3.210525,4,249.47116
-3.227656,4,249.508161
-2.105921,3,249.543162
-1.050198,2,249.561161
-2.083519,3,249.596161
-2.123417,3,249.623161
-1.038788,2,249.646161
-2.190933,3,249.67623
-3.210504,4,249.71323
-2.131834,3,249.74023
-2.084842,3,249.77223
-2.096893,3,249.80123
-1.065414,2,249.823231
-1.066509,2,249.847234
-3.207303,4,249.900745
0.0,1,249.910744
-2.143761,3,249.939743
-0.000661,1,249.951742
-2.147242,3,249.989743
-2.165385,3,250.018743
-2.112268,3,250.046743
-3.164329,4,250.083803
-2.149835,3,250.118805
-2.150829,3,250.146802
-1.041904,2,250.165804
-2.135191,3,250.197804
-1.053363,2,250.222804
-2.147787,3,250.253803
-2.129357,3,250.279803
-2.124991,3,250.307802
-2.089499,3,250.341803
-1.080409,2,250.360803
-3.188784,4,250.395803
-1.02978,2,250.415873
-2.087256,3,250.453049
-2.114001,3,250.480049
-1.032077,2,250.499049
-1.03521,2,250.517153
-0.012286,1,250.531154
-3.155156,4,250.571153
-3.238398,4,250.607153
-2.151318,3,250.635153
-3.214966,4,250.679153
-0.011323,1,250.689153
-2.149832,3,250.716154
-1.081843,2,250.734153
-3.215419,4,250.778152
-2.114809,3,250.808153
-2.131606,3,250.839153
-2.093836,3,250.871153
-1.030151,2,250.897153
-2.138597,3,250.925218
-2.141802,3,250.951217
-2.136311,3,250.984217
-3.179071,4,251.030834
-1.039557,2,251.052832
-3.254232,4,251.089832
-2.157612,3,251.121831
-1.026214,2,251.145832
-2.151691,3,251.177831
-1.058991,2,251.196831
-2.080252,3,251.227832
-2.15874,3,251.263831
-2.190877,3,251.294833
-3.227895,4,251.346832
-2.09511,3,251.374833
-2.095578,3,251.408835
-2.092964,3,251.437833
-3.206365,4,251.483831
-2.120902,3,251.523831
-3.18009,4,251.575833
-1.079634,2,251.599834
-2.134742,3,251.640832
-3.216337,4,251.691832
-2.127981,3,251.728832
-3.227975,4,251.777832
-2.09672,3,251.805833
-3.208103,4,251.842833
-2.10312,3,251.887832
-1.045833,2,251.906833
-1.050575,2,251.923831
-0.014438,1,251.933895
-1.02597,2,251.957895
-1.05821,2,251.978896
-3.246571,4,252.019896
-1.054086,2,252.038897
0.0,1,252.051895
-2.171512,3,252.082896
-1.075798,2,252.101895
-2.140667,3,252.130897
-2.141487,3,252.162896
-2.115544,3,252.191403
-3.195466,4,252.232404
-1.030622,2,252.251403
0.0,1,252.265404
-1.039033,2,252.285403
-2.159429,3,252.319404
0.0,1,252.328403
-2.150001,3,252.360403
-3.221263,4,252.397403
-3.188425,4,252.437406
-3.167556,4,252.472403
-2.153472,3,252.509403
-3.344602,4,252.552403
0.0,1,252.561403
-1.080536,2,252.580403
-1.03089,2,252.603403
-1.045083,2,252.621403
-1.053395,2,252.641403
-1.029304,2,252.660403
-2.12942,3,252.692403
-2.097612,3,252.719404
-2.09467,3,252.749403
-0.010017,1,252.761406
-1.065209,2,252.783403
-3.196579,4,252.833403
-1.029906,2,252.854403
-1.050165,2,252.884405
-3.265114,4,252.928404
-3.179325,4,252.966402
-2.189488,3,252.995404
-1.03781,2,253.016403
-1.057577,2,253.041403
-1.084961,2,253.058403
-1.047205,2,253.077403
-2.142331,3,253.115404
-2.169123,3,253.148403
-1.02798,2,253.167403
-3.191504,4,253.207403
-1.045432,2,253.228405
-3.207952,4,253.269404
-2.123653,3,253.297403
-2.092993,3,253.328405
-2.123309,3,253.362912
-1.02559,2,253.385911
-2.149381,3,253.418913
-3.207023,4,253.464911
-2.09256,3,253.491017
-2.08348,3,253.530015
-2.17757,3,253.558016
-2.165226,3,253.584016
-3.263893,4,253.622015
-2.18483,3,253.658015
-2.147179,3,253.688107
-3.183511,4,253.723105
-1.062226,2,253.745106
-2.16641,3,253.779105
-2.099641,3,253.808107
-2.125171,3,253.839105
-1.02196,2,253.861107
-3.246547,4,253.909106
-2.087051,3,253.935105
-2.102247,3,253.965106
-2.136356,3,253.993105
-3.184077,4,254.039108
-2.159652,3,254.069107
-0.019837,1,254.078105
-1.041116,2,254.098105
-2.136626,3,254.134105
-2.140025,3,254.163106
-3.18042,4,254.205105
-3.271059,4,254.247108
-2.145817,3,254.280105
-2.129676,3,254.313106
-2.094196,3,254.342105
-2.157043,3,254.373108
-3.2442,4,254.417106
-2.085997,3,254.448106
-3.207711,4,254.490612
-1.0298,2,254.511611
0.0,1,254.525613
-3.191839,4,254.571612
-3.192864,4,254.613613
-2.168067,3,254.640612
-2.16033,3,254.672611
-2.081856,3,254.700613
-3.226184,4,254.739614
-0.005453,1,254.749611
-1.080218,2,254.773611
-2.175061,3,254.800614
-3.226481,4,254.839612
-1.072346,2,254.861612
-2.191563,3,254.899612
-1.069722,2,254.922614
-1.073599,2,254.943613
-2.161539,3,254.973611
-3.227539,4,255.017611
-2.121178,3,255.049612
-3.213562,4,255.088612
-1.051012,2,255.105612
-2.095854,3,255.137613
-3.176043,4,255.174612
-0.010973,1,255.185614
-3.215011,4,255.223611
-2.137083,3,255.257612
-1.062724,2,255.276612
-2.090946,3,255.304612
-2.123196,3,255.332612
0.0,1,255.345612
-2.163235,3,255.377612
-1.027596,2,255.396612
-2.149877,3,255.423611
-1.072438,2,255.446612
-2.103312,3,255.476612
-2.154816,3,255.505612
-1.03328,2,255.523611
-3.296713,4,255.572614
-1.058797,2,255.592611
0.0,1,255.602612
-1.066616,2,255.622615
-0.003913,1,255.638123
-3.15972,4,255.677123
-2.159204,3,255.715123
-2.082204,3,255.745122
-2.07571,3,255.780122
-2.086125,3,255.815125
-1.022532,2,255.835122
-2.131852,3,255.867125
0.0,1,255.884122
-1.029463,2,255.909122
-0.013657,1,255.921122
-2.099849,3,255.950125
-3.163299,4,255.990122
-2.098125,3,256.018122
-1.081221,2,256.039305
-2.164139,3,256.076305
-0.003649,1,256.090305
0.0,1,256.100306
-3.175417,4,256.138305
-2.093106,3,256.165388
-1.060678,2,256.189388
-2.091221,3,256.218387
-3.195564,4,256.261388
-1.058573,2,256.279388
-1.054579,2,256.303387
-2.131467,3,256.331389
-2.170432,3,256.360388
-3.193389,4,256.399388
-1.065321,2,256.423388
-3.235477,4,256.462388
-0.02,1,256.471388
-1.034251,2,256.491388
-1.043015,2,256.514388
-2.092837,3,256.542388
-1.048092,2,256.560388
-2.179273,3,256.593388
-1.03502,2,256.622388
-3.213811,4,256.660458
-1.051772,2,256.679456
-1.0206,2,256.700458
-2.111093,3,256.735459
-1.031805,2,256.754457
-0.014731,1,256.764457
-1.076984,2,256.782552
-1.032273,2,256.808552
-3.174423,4,256.847059
-3.174501,4,256.910059
-2.087757,3,256.948061
-1.036889,2,256.977059
-1.027102,2,256.99706
-3.191526,4,257.03806
-2.166987,3,257.06406
-0.003748,1,257.079061
-2.156796,3,257.109059
-2.169052,3,257.141059
-1.041575,2,257.160059
-3.235167,4,257.206061
-1.06768,2,257.226062
-3.242285,4,257.26606
-3.220356,4,257.301061
-1.054216,2,257.324059
-0.016224,1,257.334059
-1.066454,2,257.356059
-1.042069,2,257.379062
-3.223928,4,257.422059
-1.023213,2,257.440059
-3.210313,4,257.491061
-2.108338,3,257.53506
-2.167641,3,257.575061
-2.082957,3,257.605058
-2.127246,3,257.637059
-2.136855,3,257.670059
-3.249676,4,257.712059
-2.104401,3,257.74006
-2.190741,3,257.772061
-1.045055,2,257.791059
-2.074799,3,257.823059
-1.050158,2,257.840059
-2.132616,3,257.866059
-2.119637,3,257.903059
-2.093581,3,257.937059
-2.084783,3,257.962059
-2.151045,3,257.998568
-1.038814,2,258.021569
-2.121543,3,258.054652
-2.208926,3,258.086653
-3.182043,4,258.126653
-1.021372,2,258.147655
-0.018752,1,258.161652
-1.036058,2,258.181654
-3.207227,4,258.220653
-2.191099,3,258.24973
-1.025733,2,258.27173
-2.104386,3,258.29873
-1.024989,2,258.315729
-0.017199,1,258.328731
-3.317673,4,258.371729
-1.063679,2,258.389729
-3.215372,4,258.42673
-1.022172,2,258.44573
-3.257887,4,258.48573
-1.08521,2,258.50273
-1.076342,2,258.522731
-2.143294,3,258.549838
-3.19563,4,258.595841
-2.081639,3,258.627837
-2.10389,3,258.660838
-2.161396,3,258.689838
-2.170858,3,258.720838
-2.156597,3,258.747837
-2.200902,3,258.774837
-2.09357,3,258.801935
-3.20723,4,258.842935
-3.251128,4,258.880935
-2.098803,3,258.915936
-1.060406,2,258.934936
-1.052812,2,258.957936
-1.064587,2,258.976001
-2.118171,3,259.004
-3.208944,4,259.04
-2.123993,3,259.077003
-1.05461,2,259.096
-1.030095,2,259.120005
-2.127367,3,259.152621
-3.211281,4,259.203621
-1.046897,2,259.224622
-2.173378,3,259.258622
-0.015177,1,259.26662
-2.189479,3,259.29862
-2.093456,3,259.329621
-1.056208,2,259.350624
-2.169613,3,259.37762
-2.140645,3,259.408621
-2.103359,3,259.436621
-1.068307,2,259.45362
-1.021115,2,259.470621
-2.080965,3,259.503621
0.0,1,259.512621
-2.137947,3,259.544622
-3.279842,4,259.579621
0.0,1,259.59162
-1.076527,2,259.612623
0.0,1,259.626622
-2.167425,3,259.65462
-1.049382,2,259.677621
-2.15883,3,259.705621
-3.271453,4,259.741621
-3.162709,4,259.77962
-1.055104,2,259.804624
-0.011845,1,259.81262
-3.170962,4,259.854682
-2.158848,3,259.884685
-2.073882,3,259.923683
0.0,1,259.933682
-1.047137,2,259.952682
-2.115504,3,259.982683
-3.247994,4,260.024683
-2.090769,3,260.050685
-2.134333,3,260.078682
-3.247572,4,260.115685
-2.133366,3,260.153685
-3.166549,4,260.195683
-2.130744,3,260.221683
-2.100791,3,260.246682
-2.19377,3,260.285192
-1.03913,2,260.307191
-0.008747,1,260.316192
-3.172899,4,260.35019
-1.065463,2,260.377192
-1.072708,2,260.397191
-3.17436,4,260.437192
-3.155619,4,260.48119
-2.145849,3,260.514192
-2.120545,3,260.541191
-2.10562,3,260.567191
-1.05744,2,260.584191
-2.107881,3,260.617191
-0.00626,1,260.634193
-2.1232,3,260.718194
-3.252034,4,260.787192
0.0,1,260.807194
-2.1061,3,260.845191
-3.2205,4,260.891192
-1.024597,2,260.915193
0.0,1,260.932193
-3.204511,4,260.984192
-1.039579,2,261.010193
-2.168612,3,261.049191
-3.204482,4,261.109191
-2.123692,3,261.137191
-3.161852,4,261.180191
-2.138134,3,261.207192
-1.035974,2,261.231191
-0.014454,1,261.240191
-1.061983,2,261.25919
-2.146026,3,261.287691
-3.28954,4,261.33689
-2.101227,3,261.374889
-2.110574,3,261.403889
-1.036371,2,261.422891
-2.137975,3,261.464396
-2.129793,3,261.496398
-2.135484,3,261.531396
0.0,1,261.543396
-2.095158,3,261.574395
-3.197403,4,261.615396
-1.084765,2,261.636396
-2.15349,3,261.665396
-2.165116,3,261.697396
-2.11452,3,261.731395
-2.095477,3,261.767395
-1.060055,2,261.791396
-0.019539,1,261.807398
-2.091961,3,261.843397
-2.090677,3,261.879396
-2.105258,3,261.917398
-3.199855,4,261.968396
-1.036344,2,261.990399
-2.120304,3,262.028396
-2.138254,3,262.056395
-1.03476,2,262.079395
-2.109891,3,262.107398
-0.017334,1,262.115396
-2.102377,3,262.141396
-2.088828,3,262.177396
-2.07804,3,262.203396
-2.134283,3,262.229395
-2.089633,3,262.255396
-1.05605,2,262.278396
-2.104364,3,262.304396
-3.256989,4,262.339396
-3.311129,4,262.376398
-1.026326,2,262.398396
0.0,1,262.408397
-1.084048,2,262.427396
-2.135841,3,262.454395
-1.061248,2,262.477396
-1.047248,2,262.501398
-2.134575,3,262.532398
-2.113591,3,262.564401
-3.245879,4,262.613909
-1.071237,2,262.63491
-1.075863,2,262.65291
-2.167596,3,262.685909
-3.210708,4,262.729909
-1.063163,2,262.747909
-3.172897,4,262.783909
-3.210043,4,262.81991
-2.11041,3,262.854912
-2.120083,3,262.879908
-3.185836,4,262.917909
-2.080142,3,262.949908
-1.029586,2,262.971909
-2.124136,3,262.998909
-2.083519,3,263.023909
-3.176391,4,263.060909
-0.01917,1,263.072909
-1.02867,2,263.09291
-2.180806,3,263.125911
-1.025612,2,263.14391
-1.052125,2,263.166909
-1.057056,2,263.184909
-2.09229,3,263.209908
-2.131425,3,263.236909
-2.089843,3,263.271029
-2.078582,3,263.299029
0.0,1,263.308028
-2.125789,3,263.335029
-2.107708,3,263.368028
-1.052482,2,263.388281
-2.149773,3,263.415279
-2.171791,3,263.440279
-2.14941,3,263.471279
0.0,1,263.483279
-3.21392,4,263.530278
-1.025737,2,263.547279
-2.109665,3,263.580279
-2.136509,3,263.612279
-3.282997,4,263.647279
-1.028625,2,263.670279
-2.15185,3,263.703279
-1.047155,2,263.722281
-2.090854,3,263.753788
-3.23764,4,263.792788
-2.181392,3,263.829787
-3.179014,4,263.871789
-3.220398,4,263.905788
-2.115684,3,263.942788
-2.108213,3,263.974787
-2.116615,3,264.005788
-3.199838,4,264.042788
-2.071518,3,264.067788
-2.16379,3,264.09879
-3.173501,4,264.133787
-3.236833,4,264.171788
-0.018356,1,264.179788
-2.091307,3,264.214789
-2.097194,3,264.241788
-1.056895,2,264.259788
-1.071873,2,264.278788
-2.181817,3,264.310788
-2.125176,3,264.340788
-2.087813,3,264.373788
0.0,1,264.383788
-2.096572,3,264.417791
-2.122894,3,264.443788
-3.199432,4,264.479788
-2.103172,3,264.511788
-2.093475,3,264.544789
-2.114065,3,264.570788
-2.125355,3,264.597788
-1.039849,2,264.614788
-2.112752,3,264.64479
-1.046747,2,264.667788
-3.180217,4,264.806788
-3.234498,4,264.841788
-1.071631,2,264.863797
-3.206122,4,264.904298
-2.101532,3,264.936298
-3.176136,4,264.9783
-3.258684,4,265.021299
-2.090014,3,265.050298
0.0,1,265.059298
-2.175135,3,265.084299
-2.183322,3,265.118298
-3.218517,4,265.155301
-3.237185,4,265.200399
-2.08856,3,265.234399
-1.026003,2,265.257401
-1.054768,2,265.2744
-3.273632,4,265.3074
-3.177227,4,265.342399
-3.205968,4,265.385399
-2.090173,3,265.411398
-2.178653,3,265.439399
-3.201912,4,265.4764
-1.051389,2,265.499399
-3.214995,4,265.543399
-2.138065,3,265.5704
-1.036818,2,265.588399
-0.004706,1,265.601399
-3.214882,4,265.637398
-1.025464,2,265.654399
-2.145319,3,265.6824
-2.130394,3,265.718399
-2.143841,3,265.746399
0.0,1,265.755399
-3.235006,4,265.792399
-2.094297,3,265.824473
-3.227049,4,265.861473
-2.131696,3,265.891474
-2.139678,3,265.926474
-1.068063,2,265.955474
-2.145392,3,265.981473
-3.213572,4,266.021981
-1.055708,2,266.042981
-0.00766,1,266.054981
-3.17611,4,266.093981
-2.098593,3,266.124982
-1.056188,2,266.144983
0.0,1,266.156981
-2.125563,3,266.184982
-0.017939,1,266.193981
0.0,1,266.203981
-2.161443,3,266.238982
-1.054353,2,266.255981
-2.169703,3,266.281981
0.0,1,266.290981
-1.055251,2,266.312981
-2.138562,3,266.343983
-1.022832,2,266.361981
-3.191452,4,266.397981
-3.236475,4,266.439982
-1.072288,2,266.457983
-3.221646,4,266.491981
-1.066149,2,266.509981
-2.113739,3,266.540981
-1.073744,2,266.559981
-1.027607,2,266.577981
-1.07048,2,266.594983
-1.040899,2,266.616981
-1.039436,2,266.633982
-3.19427,4,266.670982
-2.165805,3,266.698981
-1.042329,2,266.722981
-3.240669,4,266.756981
-2.111249,3,266.784982
-0.011305,1,266.793981
-0.005679,1,266.806981
-2.13886,3,266.834982
-2.127272,3,266.865982
0.0,1,266.875982
-2.164949,3,266.909981
-2.111029,3,266.936983
-2.177368,3,266.968981
-3.160148,4,267.006981
-2.197715,3,267.045982
-3.185346,4,267.079982
-3.195234,4,267.116984
-2.136624,3,267.143981
-0.013977,1,267.156984
0.0,1,267.168489
-1.048939,2,267.19349
-2.100464,3,267.224686
-1.067927,2,267.258686
-3.201162,4,267.365687
0.0,1,267.37969
-3.177791,4,267.449687
-2.13959,3,267.493685
-3.225263,4,267.537686
-0.007337,1,267.549685
-1.041666,2,267.575687
-1.030213,2,267.609134
-2.149021,3,267.651132
-2.159237,3,267.688133
-3.195344,4,267.735133
-2.127979,3,267.771133
-2.101068,3,267.798132
-2.134993,3,267.825132
-3.253774,4,267.870136
-2.127109,3,267.900132
-2.143885,3,267.931134
-3.1967,4,267.974132
-2.15621,3,268.004133
-0.0159,1,268.016133
-3.229883,4,268.052134
-3.21443,4,268.087132
-0.011517,1,268.096133
-3.281193,4,268.137132
-2.179088,3,268.166132
-2.105896,3,268.193132
-1.062163,2,268.211132
-1.02024,2,268.234133
-2.141841,3,268.268133
-1.07577,2,268.326653
-3.184528,4,268.415654
-1.023603,2,268.457654
-2.117489,3,268.497652
-2.181494,3,268.531652
-3.246183,4,268.570653
-2.119629,3,268.621653
-2.120256,3,268.662826
-1.056336,2,268.685826
-3.18364,4,268.720827
-1.029738,2,268.746827
-3.231215,4,268.788826
-3.283144,4,268.822827
-3.198354,4,268.861826
-1.068655,2,268.884826
-2.136065,3,268.914827
-3.192128,4,268.950826
-3.179204,4,268.990826
-1.047879,2,269.018826
-1.06329,2,269.037829
-1.021646,2,269.054826
-2.163115,3,269.088826
-1.060324,2,269.109826
-2.104282,3,269.137826
-2.109362,3,269.168319
-1.03437,2,269.193318
-3.170378,4,269.237319
-2.093509,3,269.262317
-2.145194,3,269.29832
-2.122133,3,269.32641
-2.153812,3,269.359411
-1.062194,2,269.377411
0.0,1,269.38541
0.0,1,269.393409
-3.249229,4,269.43641
-3.210559,4,269.476409
-1.05258,2,269.493412
0.0,1,269.504916
-2.136434,3,269.543916
-3.215647,4,269.582918
-3.257925,4,269.627917
-3.292924,4,269.662916
-1.078751,2,269.691916
-2.096345,3,269.716916
-2.086537,3,269.744916
-2.146096,3,269.772
-1.033887,2,269.800001
-3.213488,4,269.838
-1.024501,2,269.858001
-1.077555,2,269.879
0.0,1,269.894003
-3.278489,4,269.931001
-2.131159,3,269.962001
-2.07884,3,269.997
-2.078932,3,270.032
-3.254959,4,270.067
-2.138129,3,270.094
-3.198332,4,270.133002
-3.285555,4,270.176
-3.21331,4,270.212
-1.06155,2,270.231002
-2.104775,3,270.257061
-3.268013,4,270.334065
-2.165061,3,270.412064
-2.127218,3,270.464162
-1.047696,2,270.491157
-3.289525,4,270.544157
-2.157089,3,270.577158
-3.274289,4,270.619159
-3.20058,4,270.673669
-1.074934,2,270.70367
-2.184586,3,270.748672
-3.188236,4,270.79367
-2.100139,3,270.821734
-1.037891,2,270.843733
-3.249252,4,270.879733
-3.166827,4,270.920733
-2.182389,3,270.949735
-0.010292,1,270.968733
-2.13478,3,271.000733
-1.055409,2,271.020735
-2.091416,3,271.052733
-0.005741,1,271.068734
-2.092751,3,271.095734
0.0,1,271.104733
-3.221104,4,271.139736
-3.192572,4,271.181733
-0.007577,1,271.190733
-1.074734,2,271.21095
-1.056233,2,271.227949
-3.207659,4,271.272951
-1.06758,2,271.293949
-2.174665,3,271.319949
-2.181101,3,271.348952
-2.12532,3,271.38195
-2.138308,3,271.40895
-2.137248,3,271.435004
-1.03075,2,271.452004
-3.197817,4,271.501003
-2.086423,3,271.527004
-2.100248,3,271.552006
-2.122904,3,271.584004
-2.158638,3,271.619004
-2.133802,3,271.650003
-2.145048,3,271.675004
-1.032339,2,271.693004
-2.132794,3,271.727081
-2.183993,3,271.753079
-2.141464,3,271.781589
-3.158193,4,271.82559
-1.020088,2,271.854589
-1.072315,2,271.87559
-2.20005,3,271.905589
-1.038141,2,271.92859
-1.025627,2,271.956589
-2.153281,3,271.99559
-0.000412,1,272.006589
-1.035623,2,272.031589
0.0,1,272.049589
-2.13654,3,272.08359
-0.009159,1,272.097589
-3.178114,4,272.139592
-2.115813,3,272.171589
-1.037951,2,272.188589
-3.221479,4,272.228589
-1.021798,2,272.24659
-0.008821,1,272.259589
-0.003748,1,272.27159
-1.062989,2,272.293589
-0.015998,1,272.302589
-2.132082,3,272.33459
-3.241258,4,272.373589
-2.104691,3,272.400589
0.0,1,272.410589
0.0,1,272.422589
-1.035833,2,272.443591
-2.087887,3,272.470591
-1.057473,2,272.49059
-1.023592,2,272.513589
-2.110202,3,272.541589
-2.100366,3,272.567589
0.0,1,272.578589
-1.07377,2,272.606589
-3.29963,4,272.641589
-0.017359,1,272.652589
-2.084562,3,272.678713
-2.138293,3,272.710713
-3.254835,4,272.748713
-2.126244,3,272.774713
-2.179807,3,272.805713
-3.199068,4,272.852714
-1.05627,2,272.870714
-3.215371,4,272.906717
-2.142104,3,272.943222
-2.148891,3,272.984223
-3.220169,4,273.027223
-1.046469,2,273.046223
-2.096131,3,273.072223
0.0,1,273.085225
-1.034582,2,273.104223
-2.120439,3,273.130482
-1.023866,2,273.149485
-2.141805,3,273.181482
-0.018623,1,273.189484
-1.03714,2,273.209485
-3.169747,4,273.245482
-2.094612,3,273.281485
-1.045208,2,273.299482
-2.083161,3,273.324482
-2.18146,3,273.350482
-1.061697,2,273.373482
-3.198237,4,273.413482
0.0,1,273.422482
-2.126101,3,273.449482
-2.176032,3,273.479481
-2.128472,3,273.507483
-1.037518,2,273.524482
-0.011614,1,273.532482
-2.163266,3,273.566482
-3.227177,4,273.603483
-2.079076,3,273.628482
-2.113491,3,273.653482
-2.136568,3,273.691482
-1.062079,2,273.708487
-3.241281,4,273.742482
-2.104086,3,273.767482
-1.059453,2,273.798482
-2.174673,3,273.823482
-1.061811,2,273.841482
-2.090296,3,273.866482
-1.048164,2,273.889485
-3.191477,4,273.926482
-2.142409,3,273.952483
-2.146653,3,273.979482
-2.133421,3,274.018482
-2.169275,3,274.045485
-3.18844,4,274.08199
-1.0482,2,274.09899
-3.233803,4,274.14199
-2.211579,3,274.17199
-1.073066,2,274.18899
-1.057836,2,274.205991
-2.114703,3,274.23799
-1.031105,2,274.258991
-0.006153,1,274.268991
-2.110044,3,274.313993
-2.140166,3,274.411592
-1.036103,2,274.44259
-0.007232,1,274.46159
-3.226033,4,274.515591
-0.014179,1,274.531588
-2.158411,3,274.567587
-2.134433,3,274.594588
-3.168411,4,274.641588
-2.111536,3,274.687588
0.0,1,274.699588
-2.142465,3,274.727588
-2.123969,3,274.752588
-2.08384,3,274.791589
-3.222486,4,274.90959
-2.133496,3,274.95959
-2.104054,3,275.000589
0.0,1,275.019589
-2.094265,3,275.057588
-3.186685,4,275.104588
-2.088423,3,275.141588
-3.173574,4,275.187592
-1.032068,2,275.208097
-3.231532,4,275.246098
-2.131271,3,275.277097
-2.115289,3,275.314097
-2.098935,3,275.341098
-1.038396,2,275.359097
-2.121232,3,275.384098
-2.114536,3,275.417096
-2.092363,3,275.444097
-0.017221,1,275.453098
-2.075653,3,275.478098
-2.130743,3,275.509099
-3.228971,4,275.547097
-3.19474,4,275.584097
-3.151351,4,275.619097
-2.16426,3,275.653098
-2.090209,3,275.680097
-2.141036,3,275.706097
-3.226497,4,275.739097
-3.17149,4,275.781169
-3.312298,4,275.819171
-2.168063,3,275.845168
-2.176861,3,275.881335
-3.204898,4,275.923334
-0.002833,1,275.933334
-3.171073,4,275.968335
-1.027016,2,275.989335
-0.005693,1,276.007335
-3.292822,4,276.045335
-3.208046,4,276.083334
-1.06042,2,276.102337
-3.187465,4,276.149337
-1.031704,2,276.173337
-1.041577,2,276.192334
-2.142834,3,276.219334
-2.113082,3,276.250335
-0.018499,1,276.260335
-2.143851,3,276.287492
0.0,1,276.298492
-3.24437,4,276.350002
-2.127858,3,276.376001
-1.041725,2,276.394001
-3.250169,4,276.432001
-2.117563,3,276.469002
-2.163534,3,276.496002
-2.118252,3,276.531003
0.0,1,276.541002
-0.004029,1,276.555002
-2.163403,3,276.582001
-0.018079,1,276.591002
-3.175287,4,276.627002
-3.160906,4,276.666146
-3.229164,4,276.701145
-2.15398,3,276.72825
-2.093164,3,276.755249
-3.200119,4,276.802249
-2.082193,3,276.83425
-2.128096,3,276.862249
-3.150808,4,276.89825
-2.124723,3,276.930249
0.0,1,276.938249
-3.236498,4,276.981249
-2.074131,3,277.013249
-3.320426,4,277.058249
-3.274327,4,277.094249
-2.121636,3,277.120249
-1.05875,2,277.137361
-2.130824,3,277.171363
-2.107333,3,277.198361
-1.070255,2,277.215512
0.0,1,277.223511
-3.160555,4,277.263511
-2.150187,3,277.292512
-1.079571,2,277.311511
-1.054713,2,277.328512
-1.076194,2,277.350511
-2.156587,3,277.380512
-2.161153,3,277.407511
-2.177784,3,277.434512
-2.194498,3,277.466512
-2.151516,3,277.49202
-2.072843,3,277.52502
-2.157312,3,277.554021
-1.078676,2,277.58202
-2.156401,3,277.631024
-2.090413,3,277.66202
-3.228813,4,277.697021
-2.146178,3,277.73002
-2.092213,3,277.763022
-3.195628,4,277.804021
-3.179773,4,277.844023
-1.037551,2,277.86902
-3.233495,4,277.91002
-2.111559,3,277.937021
-2.118177,3,277.966021
-2.12342,3,278.000022
-3.341497,4,278.04102
0.0,1,278.05102
-2.108634,3,278.08002
-2.128019,3,278.11402
-0.002787,1,278.12302
-2.158496,3,278.15002
-3.31696,4,278.191021
-2.154107,3,278.23602
-2.184185,3,278.26102
-2.124822,3,278.29302
-2.154274,3,278.32002
0.0,1,278.33202
-0.0129,1,278.34102
-2.10263,3,278.36802
-2.10765,3,278.399024
-2.150721,3,278.43002
-2.190601,3,278.45802
0.0,1,278.467021
-2.167085,3,278.49402
-1.056922,2,278.51802
-2.09758,3,278.54302
-0.018536,1,278.55202
-1.090919,2,278.57002
-1.040528,2,278.59302
-0.008819,1,278.60402
-1.02685,2,278.624025
-2.104379,3,278.658533
-1.051866,2,278.683531
-3.25495,4,278.722531
-2.157766,3,278.753532
-3.180943,4,278.794531
0.0,1,278.809532
-1.06296,2,278.830531
-1.02566,2,278.851531
-2.176926,3,278.879598
-3.23582,4,278.920787
-2.097883,3,278.949787
-2.150163,3,278.976787
0.0,1,278.985787
-1.072276,2,279.007787
-0.014307,1,279.017788
-1.044988,2,279.039787
-2.166168,3,279.068787
-1.031991,2,279.094787
-1.037709,2,279.111787
-2.177406,3,279.143787
-3.331207,4,279.180787
-3.168382,4,279.220787
-1.082929,2,279.237787
-2.147408,3,279.265787
0.0,1,279.275788
-2.114253,3,279.308788
-2.099036,3,279.347788
-0.011379,1,279.372789
-0.010101,1,279.422788
-2.08853,3,279.484789
-3.199927,4,279.545787
-1.030512,2,279.567787
-1.080739,2,279.591787
-2.166169,3,279.631787
-2.093924,3,279.667789
-1.067656,2,279.699787
0.0,1,279.71279
-1.061558,2,279.742787
-0.007451,1,279.75279
0.0,1,279.761787
-3.280062,4,279.799788
-2.173759,3,279.833295
-2.093008,3,279.869297
-2.13966,3,279.897343
-1.025878,2,279.922343
-2.141878,3,279.954343
-2.134985,3,279.979343
-2.181787,3,280.005342
-2.120521,3,280.035344
-1.038326,2,280.062344
-1.045021,2,280.080343
-3.247371,4,280.114343
-2.160589,3,280.142343
-2.125854,3,280.177345
-2.17165,3,280.203343
-3.194209,4,280.237343
-2.100155,3,280.272343
-1.042307,2,280.294343
-3.166267,4,280.329342
-1.054101,2,280.350343
-1.070496,2,280.370344
-3.217213,4,280.413342
-1.064061,2,280.430342
-3.166041,4,280.466343
-2.105962,3,280.493343
-0.015621,1,280.505343
-0.010206,1,280.515347
-2.156677,3,280.541343
-2.117744,3,280.567343
-0.009824,1,280.581342
-1.06972,2,280.605344
-1.031571,2,280.627342
-2.135269,3,280.656343
-1.024697,2,280.680343
0.0,1,280.690344
-1.089848,2,280.709344
-2.193099,3,280.734344
-1.082304,2,280.756343
-2.089869,3,280.782342
-2.096714,3,280.809343
-1.063301,2,280.828343
-1.05411,2,280.850344
-0.01608,1,280.863343
-3.193919,4,280.900343
-1.022184,2,280.920343
-2.129002,3,280.95185
-3.289378,4,280.99285
-3.238293,4,281.03685
0.0,1,281.049851
-3.23772,4,281.095851
-2.157617,3,281.122851
-2.07912,3,281.14985
-0.011149,1,281.15885
-2.096352,3,281.189194
-2.187991,3,281.215194
0.0,1,281.225194
-1.033655,2,281.245197
-2.096104,3,281.277194
-1.080054,2,281.297196
-0.014383,1,281.306194
-2.140687,3,281.336194
-2.177026,3,281.370194
-1.05188,2,281.387194
-2.138207,3,281.413194
-2.165888,3,281.442197
-0.015038,1,281.454195
-1.03302,2,281.473195
-3.159167,4,281.507194
-2.175489,3,281.533194
-2.195815,3,281.566197
-2.11342,3,281.593194
-1.072755,2,281.610196
-2.161779,3,281.637194
-2.089257,3,281.670194
-1.04909,2,281.689194
-3.230546,4,281.722401
-3.223289,4,281.758401
0.0,1,281.7734
-2.104628,3,281.8004
-2.122159,3,281.8264
-2.191731,3,281.858403
0.0,1,281.874402
-3.238879,4,281.920403
-3.193485,4,281.9534
-2.158161,3,281.9814
-1.060558,2,282.0074
-2.103687,3,282.048401
-3.1936,4,282.093404
-1.077999,2,282.120912
-3.258336,4,282.167912
-2.139159,3,282.197915
-0.008788,1,282.209913
-2.132292,3,282.249913
-1.080423,2,282.277914
-2.133416,3,282.307912
-3.183245,4,282.345912
-1.074962,2,282.363912
-2.089065,3,282.395913
-2.097784,3,282.421915
-3.170713,4,282.459913
-3.242177,4,282.493912
-3.273701,4,282.533912
-1.072059,2,282.552915
-1.049882,2,282.570912
-1.02527,2,282.588912
-1.048059,2,282.610913
-1.073626,2,282.628913
-1.023813,2,282.645912
-1.027666,2,282.670915
-1.040081,2,282.692912
-3.257806,4,282.728915
-2.183602,3,282.753913
-2.155846,3,282.781912
-2.089422,3,282.814915
-2.162004,3,282.840913
-1.05976,2,282.858912
-2.104896,3,282.900915
-3.163899,4,283.014292
-1.066769,2,283.053292
-1.072039,2,283.092293
-2.157504,3,283.133289
-2.176884,3,283.169291
-1.08143,2,283.195291
-1.035221,2,283.22329
-2.155656,3,283.261799
-1.079316,2,283.283798
-1.037573,2,283.307799
-2.132362,3,283.335977
-1.040674,2,283.35998
-2.104418,3,283.394976
-1.033853,2,283.413976
-3.203554,4,283.449976
-2.185166,3,283.474976
-3.177837,4,283.514976
-2.091723,3,283.543976
-1.042625,2,283.560977
-1.057924,2,283.578079
-1.047175,2,283.600078
-0.011367,1,283.610079
-2.157797,3,283.637304
-1.052556,2,283.655304
-2.172935,3,283.692304
-1.060563,2,283.710305
-2.143257,3,283.738304
-2.144692,3,283.766305
-0.018091,1,283.779305
-2.131486,3,283.806303
-1.076422,2,283.824304
0.0,1,283.833304
-2.17457,3,283.871304
-2.11335,3,283.902304
-3.239093,4,283.942304
-3.165737,4,283.978306
-1.046248,2,284.001304
-1.032927,2,284.020304
-2.155064,3,284.055304
-3.212859,4,284.098305
-1.060015,2,284.122307
-3.174014,4,284.157303
-1.04997,2,284.175304
-3.197087,4,284.212304
-1.055712,2,284.233304
-1.043403,2,284.251303
-2.174908,3,284.277303
-3.176856,4,284.315305
-0.010378,1,284.328305
-1.034164,2,284.348305
0.0,1,284.360305
-3.291807,4,284.403817
-2.073029,3,284.436815
-3.270256,4,284.470815
-1.051587,2,284.487815
-2.168548,3,284.514814
-1.07388,2,284.543817
-2.093723,3,284.568815
-3.269459,4,284.603816
-3.175341,4,284.643903
-2.174957,3,284.6769
-0.015252,1,284.6879
-1.024434,2,284.705899
-3.222208,4,284.7449
-1.045556,2,284.7679
-2.084053,3,284.7929
-2.094591,3,284.8199
-2.131551,3,284.8469
-2.112784,3,284.880903
-2.12313,3,284.91096
-2.104907,3,284.94396
-2.161104,3,284.971962
-0.019332,1,284.987963
-1.04263,2,285.00696
-3.262459,4,285.046962
-1.052156,2,285.06896
-1.084195,2,285.09296
-0.011195,1,285.10196
-2.104532,3,285.12796
-3.201893,4,285.16216
-2.090231,3,285.199164
-2.128987,3,285.232161
-2.189955,3,285.258162
-1.03458,2,285.27716
-3.18329,4,285.319161
-2.089788,3,285.34516
-3.214113,4,285.381367
-3.206725,4,285.421365
-2.118976,3,285.452365
-2.169367,3,285.477366
-3.214542,4,285.514365
-2.13639,3,285.539366
-3.208409,4,285.579874
-2.094315,3,285.608874
-2.183969,3,285.635874
-2.168805,3,285.667874
-1.023896,2,285.691875
-2.201089,3,285.721874
-2.09033,3,285.748874
-2.184415,3,285.774874
-1.023853,2,285.799874
-2.110973,3,285.826874
-1.027896,2,285.844873
-1.024542,2,285.863874
-3.235113,4,285.908952
-3.1981,4,285.944953
-2.090216,3,285.971952
-2.127881,3,285.999955
-1.046395,2,286.021953
-2.101824,3,286.057953
-3.219793,4,286.093953
-2.190647,3,286.119952
-3.239392,4,286.163955
0.0,1,286.175954
-2.076392,3,286.203953
-3.24118,4,286.237952
-1.023329,2,286.261952
-1.022396,2,286.280953
-0.001428,1,286.289953
-1.075538,2,286.307953
-3.211614,4,286.348953
-2.118298,3,286.375953
-2.133935,3,286.405054
-2.14366,3,286.430055
-2.133703,3,286.464121
-2.092367,3,286.492121
-3.230397,4,286.527121
-2.158163,3,286.55212
-2.101892,3,286.587121
-0.019199,1,286.596122
-3.200405,4,286.632121
-2.144608,3,286.659121
-2.086934,3,286.690121
-1.075131,2,286.715625
-3.278457,4,286.75363
-2.129894,3,286.780628
-2.1859,3,286.820628
0.0,1,286.83263
-2.102361,3,286.858628
-2.119928,3,286.884629
-3.256203,4,286.936628
-2.160718,3,286.963628
-1.074227,2,286.980628
-2.144654,3,287.006628
-2.135906,3,287.038628
-1.07338,2,287.061628
-2.111959,3,287.088628
-1.048706,2,287.105628
-2.101736,3,287.13963
-1.038915,2,287.158628
-0.006543,1,287.169628
-3.196162,4,287.210629
-2.170836,3,287.245627
-1.03689,2,287.26663
0.0,1,287.274629
-1.059909,2,287.293628
-1.06694,2,287.314628
-2.106203,3,287.342628
-3.234666,4,287.379629
-2.106326,3,287.408628
-2.087523,3,287.439628
-2.148325,3,287.467628
-2.092059,3,287.495628
-3.208713,4,287.529628
-0.005276,1,287.542939
-2.173809,3,287.571939
-2.105738,3,287.598939
-1.06829,2,287.615939
-0.002122,1,287.62794
-2.119891,3,287.654939
-2.107138,3,287.682939
-2.086884,3,287.720939
-3.194972,4,287.76094
-1.071101,2,287.77894
0.0,1,287.788939
-1.036519,2,287.807939
0.0,1,287.820939
-2.175383,3,287.847943
-3.207027,4,287.889446
-1.042388,2,287.909446
-1.061321,2,287.938446
-3.26598,4,287.973447
-2.150965,3,288.003447
-1.044349,2,288.022449
-1.058046,2,288.050543
-2.190344,3,288.081543
-0.011935,1,288.091545
-3.156114,4,288.127543
-3.194952,4,288.166847
-2.123691,3,288.192846
-2.152203,3,288.224846
-2.168848,3,288.254847
-1.024629,2,288.276846
-2.088741,3,288.303847
-2.117161,3,288.330846
0.0,1,288.340845
0.0,1,288.355846
-2.141046,3,288.380846
-2.143453,3,288.409847
-2.180738,3,288.436845
-2.150427,3,288.470845
-2.182451,3,288.496846
-0.011405,1,288.505846
-2.165471,3,288.532849
-1.039955,2,288.557846
-1.043691,2,288.576845
-2.178368,3,288.602846
-3.236413,4,288.636846
0.0,1,288.650846
0.0,1,288.659847
-2.110435,3,288.689846
-3.230702,4,288.726846
-2.084876,3,288.760847
-2.078231,3,288.788847
-2.158567,3,288.820847
-1.075435,2,288.837846
0.0,1,288.850846
-2.121939,3,288.877845
-0.003713,1,288.887846
-2.153222,3,288.917847
-2.156796,3,288.953846
-3.185783,4,288.994845
-1.06241,2,289.011845
-2.119863,3,289.039848
-3.163175,4,289.088356
-2.188833,3,289.122356
-3.215388,4,289.165356
-3.191973,4,289.20342
-2.141256,3,289.240419
0.0,1,289.249419
-1.071082,2,289.265419
-2.090442,3,289.291423
-0.00424,1,289.30642
-1.032001,2,289.327419
-3.251238,4,289.36542
-1.029745,2,289.382419
0.0,1,289.395484
-3.244362,4,289.436481
-2.078618,3,289.463481
-3.209408,4,289.496481
-2.1879,3,289.528481
-2.165203,3,289.555484
-2.10933,3,289.585482
-1.067592,2,289.602481
-2.159356,3,289.633481
-1.042063,2,289.655482
-1.041996,2,289.674481
-3.239847,4,289.708481
-2.119871,3,289.741482
-1.026155,2,289.763481
-2.167298,3,289.791571
-1.056413,2,289.80857
-3.200487,4,289.847573
-3.208433,4,289.887569
-1.041674,2,289.90657
-2.158191,3,289.93257
-1.074357,2,289.954653
-2.179929,3,289.988652
-2.112864,3,290.015653
-2.14332,3,290.041654
-2.126233,3,290.077729
-2.143348,3,290.11073
-2.106443,3,290.13973
-3.20896,4,290.171733
-3.178867,4,290.220237
-3.21195,4,290.256238
-2.179436,3,290.289238
-2.15918,3,290.318237
-1.035431,2,290.342238
-3.261649,4,290.376238
-0.017773,1,290.385241
-1.065918,2,290.40424
-2.169215,3,290.437238
-2.137718,3,290.465238
0.0,1,290.474238
-2.170801,3,290.513237
-2.171617,3,290.548238
-0.019806,1,290.557238
-2.111531,3,290.583237
-2.153715,3,290.608237
-1.06292,2,290.63724
-3.191963,4,290.673238
-2.171422,3,290.705238
-0.019748,1,290.714237
-1.035175,2,290.737238
-3.203902,4,290.774238
-2.079712,3,290.801237
-1.065319,2,290.818238
-0.015917,1,290.831238
-0.017169,1,290.841237
-3.170335,4,290.880238
-3.235731,4,290.915237
-2.152939,3,290.945237
-2.138535,3,290.971237
-0.008548,1,290.981237
-2.097925,3,291.010239
-2.160382,3,291.041237
-3.183274,4,291.081238
-2.150366,3,291.110239
-3.200833,4,291.14424
-2.101321,3,291.173238
-1.037275,2,291.193238
-1.025807,2,291.217239
-1.080123,2,291.241241
-2.094335,3,291.271237
-2.090438,3,291.298238
0.0,1,291.30824
-2.114156,3,291.338745
-2.167882,3,291.370745
0.0,1,291.379747
-3.238349,4,291.420745
-1.045883,2,291.442745
-2.094463,3,291.474746
-2.14003,3,291.500745
-2.141387,3,291.530745
-3.205176,4,291.569745
-1.075512,2,291.593747
-1.059478,2,291.613746
-1.029187,2,291.633745
-3.17641,4,291.668745
-1.022686,2,291.691747
-1.021703,2,291.708745
-0.004032,1,291.717746
-1.033664,2,291.735746
-2.159537,3,291.775746
-2.126783,3,291.805745
-2.160816,3,291.830745
-2.081713,3,291.862746
-2.087288,3,291.894746
-1.075524,2,291.920748
-2.100489,3,291.947747
-2.137567,3,291.975746
-1.038046,2,291.996745
-2.183161,3,292.023746
-1.052509,2,292.040745
-1.027633,2,292.062748
-3.170611,4,292.114748
-1.034428,2,292.132746
-1.06939,2,292.149745
-1.061374,2,292.174745
-2.136143,3,292.213745
-2.090231,3,292.244745
-2.105213,3,292.271745
-3.191493,4,292.318745
-1.068431,2,292.347747
-1.027875,2,292.373746
-2.146536,3,292.408745
0.0,1,292.421745
-2.109156,3,292.459864
-1.073379,2,292.48037
0.0,1,292.488368
-2.140578,3,292.519633
-1.022708,2,292.543633
-3.201091,4,292.583632
-1.057456,2,292.606704
-2.171032,3,292.633703
-2.109585,3,292.664703
-2.096044,3,292.690702
-1.02683,2,292.707702
-0.014703,1,292.720705
-0.012408,1,292.733702
-2.089218,3,292.760704
-2.087242,3,292.786702
0.0,1,292.795703
-2.080412,3,292.837703
-2.127096,3,292.866704
-1.027899,2,292.886705
-1.069733,2,292.904703
0.0,1,292.918702
-2.102826,3,292.950702
-0.01431,1,292.959703
-1.05469,2,292.979705
-2.167952,3,293.009702
-1.053356,2,293.026702
-3.184242,4,293.062702
-3.238006,4,293.111703
-3.180718,4,293.152702
-0.000127,1,293.161704
-1.088767,2,293.187702
-2.129357,3,293.216705
-3.186754,4,293.265704
-3.210704,4,293.306702
-1.045332,2,293.323703
-3.186362,4,293.357702
-2.088739,3,293.389702
-2.14351,3,293.415702
-1.049616,2,293.435706
-3.169232,4,293.469702
0.0,1,293.483702
-2.074087,3,293.514702
-3.174339,4,293.547702
-2.09355,3,293.576704
-3.211657,4,293.62521
-2.173012,3,293.65421
-3.235058,4,293.68821
-1.057646,2,293.71021
-3.190681,4,293.753211
-0.004844,1,293.76621
-2.15027,3,293.81421
-3.248703,4,293.865211
-0.018789,1,293.88321
-2.096356,3,293.91821
-1.027752,2,293.941211
0.0,1,293.95121
-1.048319,2,293.974211
-0.018582,1,293.98421
-3.254268,4,294.023212
-2.111509,3,294.05221
-3.262601,4,294.10121
-2.137177,3,294.12821
-2.116352,3,294.15821
-1.050293,2,294.17721
-3.173052,4,294.21921
-1.038084,2,294.236211
-1.0257,2,294.255211
-2.112327,3,294.28421
-2.122554,3,294.32221
-3.189863,4,294.360211
-2.091966,3,294.399211
-3.165346,4,294.434211
-3.213578,4,294.48221
0.0,1,294.492212
-2.192193,3,294.517211
-0.017027,1,294.526211
-2.090789,3,294.557211
-1.05885,2,294.57621
-2.103009,3,294.603211
-0.008899,1,294.61221
-3.276522,4,294.65221
-1.078053,2,294.66921
-0.007051,1,294.67821
-2.168824,3,294.70621
-3.211364,4,294.750211
-2.078753,3,294.776211
-1.023481,2,294.794214
-1.024255,2,294.81372
-0.012527,1,294.82772
-3.22128,4,294.86472
-1.036772,2,294.88372
-1.03108,2,294.90372
0.0,1,294.919721
-2.18679,3,294.949721
-3.238899,4,294.98772
-2.113082,3,295.016721
-2.136162,3,295.051722
-2.165437,3,295.07972
-3.238866,4,295.12672
-2.148753,3,295.15772
-2.093342,3,295.192722
-2.08455,3,295.21872
-2.085233,3,295.24672
0.0,1,295.255723
-3.226152,4,295.29672
-3.172111,4,295.330721
-2.082277,3,295.35872
-2.173176,3,295.385722
-2.129225,3,295.417722
-1.057146,2,295.43472
-2.110456,3,295.46572
0.0,1,295.47572
-2.088337,3,295.51272
-3.180503,4,295.54572
-2.118714,3,295.574721
-0.018265,1,295.58372
-1.038125,2,295.60672
-3.202699,4,295.647721
-1.057978,2,295.66572
-3.235825,4,295.70172
-2.092982,3,295.736722
-1.053707,2,295.754722
-1.051646,2,295.773721
-1.029799,2,295.793721
-3.239141,4,295.83872
-2.198224,3,295.870788
0.0,1,295.881788
-3.197649,4,295.920789
-3.232943,4,295.968296
0.0,1,295.979295
-0.006991,1,295.988296
-2.150018,3,296.017297
-0.019979,1,296.030298
-2.204213,3,296.062296
-1.034742,2,296.083299
-2.085701,3,296.115296
-2.090475,3,296.148297
-2.127794,3,296.174296
-0.018739,1,296.183295
-2.124286,3,296.210295
-2.099211,3,296.244297
-2.079748,3,296.270296
-2.150585,3,296.299297
-2.154821,3,296.331295
-1.021294,2,296.360299
-1.046834,2,296.382296
-2.18948,3,296.408295
-3.236904,4,296.443296
-2.15684,3,296.478296
-1.085586,2,296.496295
-0.016279,1,296.505296
0.0,1,296.513295
-3.21805,4,296.558298
-3.244502,4,296.597296
-1.020495,2,296.614296
-3.26518,4,296.650296
0.0,1,296.663296
-2.143833,3,296.692298
-2.10577,3,296.717298
-2.152058,3,296.742298
-1.020105,2,296.766296
-2.111953,3,296.793297
-2.1737,3,296.819296
-2.135436,3,296.848297
-2.117208,3,296.881295
-2.120089,3,296.912296
-1.077729,2,296.932297
-3.162223,4,297.020298
-2.143328,3,297.096812
-2.13482,3,297.146811
-3.223287,4,297.20181
-3.195467,4,297.24781
-2.141957,3,297.28381
-2.152404,3,297.324814
-2.127238,3,297.36481
0.0,1,297.377811
-3.253878,4,297.429812
-2.087032,3,297.45881
-2.129379,3,297.48481
-2.156125,3,297.51081
-2.092506,3,297.54381
-0.017992,1,297.552809
-2.100504,3,297.58081
-3.258939,4,297.61481
-2.11126,3,297.64681
0.0,1,297.65681
-1.069259,2,297.673812
-2.14755,3,297.69981
-3.239445,4,297.73881
-3.17237,4,297.77681
-1.058596,2,297.795811
-0.013836,1,297.80881
-2.084762,3,297.83881
-1.062925,2,297.85881
-2.105423,3,297.886811
-2.167565,3,297.913811
-2.124236,3,297.944811
-2.175736,3,297.97581
-1.039469,2,297.99481
-1.075857,2,298.011811
-2.076862,3,298.04181
-1.038939,2,298.05881
-3.199729,4,298.09681
-0.011918,1,298.10881
-2.105311,3,298.145812
-0.013115,1,298.154812
-2.098762,3,298.18181
-3.186117,4,298.217811
-1.070179,2,298.238812
-3.255417,4,298.283318
-2.182886,3,298.314319
-3.254182,4,298.353318
-1.065459,2,298.384318
-0.001624,1,298.397318
-2.187447,3,298.426319
-3.179137,4,298.465318
-0.00883,1,298.481319
-2.089673,3,298.514318
-1.033328,2,298.532318
-1.059473,2,298.552318
-2.098651,3,298.584428
-2.076489,3,298.609428
-2.129438,3,298.638429
-2.100232,3,298.664428
-2.135559,3,298.696428
-2.149052,3,298.731428
-1.058199,2,298.749429
-2.110658,3,298.776428
-0.003437,1,298.788428
-2.153448,3,298.815428
-2.125796,3,298.842428
-1.067525,2,298.864431
-2.147892,3,298.894428
-3.229858,4,298.931429
-3.326717,4,298.969428
-3.181137,4,299.010431
-3.20017,4,299.052644
-2.115993,3,299.081644
0.0,1,299.091644
-2.149004,3,299.124645
-2.083845,3,299.155644
-1.053124,2,299.173647
-3.17371,4,299.209644
-2.144643,3,299.235644
-2.133871,3,299.266644
-2.181053,3,299.298645
0.0,1,299.307643
-2.092671,3,299.338644
-2.139399,3,299.370644
-2.110572,3,299.397644
-3.170415,4,299.434461
-2.187999,3,299.461462
-1.025161,2,299.485461
-2.099127,3,299.516461
-2.100157,3,299.54646
-3.170158,4,299.580796
-3.2211,4,299.622795
-1.069715,2,299.640795
-1.044164,2,299.657795
-2.138027,3,299.683795
-1.061684,2,299.705797
-0.014178,1,299.715796
-2.145671,3,299.742796
-2.106077,3,299.772796
-3.233357,4,299.814795
-1.037167,2,299.832795
-1.042848,2,299.852795
-2.168046,3,299.881795
-2.173645,3,299.914796
-3.203477,4,299.954795
-0.009181,1,299.964796
-2.091189,3,299.992798
-2.135391,3,300.025797
-3.229996,4,300.066796
-3.206015,4,300.101795
-2.100024,3,300.135796
-2.160556,3,300.169796
-3.321571,4,300.207796
0.0,1,300.215795
0.0,1,300.225796
-2.154349,3,300.255797
-2.097143,3,300.286798
-2.134036,3,300.312797
-3.226825,4,300.346795
-3.18631,4,300.393796
-2.146399,3,300.419796
-2.157001,3,300.445796
-0.007671,1,300.453795
-1.035076,2,300.475796
-2.16708,3,300.509795
-2.136875,3,300.536798
-1.062039,2,300.553798
-1.072569,2,300.577304
-2.12954,3,300.607304
-2.145625,3,300.634304
-2.125335,3,300.666304
-1.049745,2,300.688304
-2.149619,3,300.719304
-2.09814,3,300.746304
-2.159579,3,300.771304
-2.142721,3,300.801304
-3.294094,4,300.842305
-2.119201,3,300.873304
-3.188408,4,300.907304
-2.131387,3,300.942304
-3.203666,4,300.978304
-2.16651,3,301.008304
-1.021965,2,301.027304
-2.105555,3,301.057304
-2.162245,3,301.084304
-3.271028,4,301.118383
-1.033886,2,301.140463
-1.022089,2,301.165463
-3.229922,4,301.200464
-2.15151,3,301.226463
-1.070853,2,301.244463
-3.261025,4,301.290463
-3.249742,4,301.325463
-3.203533,4,301.360463
-2.101429,3,301.388465
-2.096886,3,301.420463
0.0,1,301.429464
-1.059137,2,301.446463
-2.156316,3,301.476614
-1.048462,2,301.502614
-1.035561,2,301.521615
-1.073299,2,301.539614
0.0,1,301.547614
-2.118629,3,301.581677
-3.196153,4,301.618677
-2.079694,3,301.643677
-2.188408,3,301.669677
-2.150805,3,301.704183
-2.143017,3,301.736183
-2.146625,3,301.765183
-3.175313,4,301.805184
-3.200179,4,301.848183
-1.052747,2,301.865184
-3.168016,4,301.907183
-1.086136,2,301.926319
-2.106637,3,301.960319
-2.106828,3,301.988318
-1.027223,2,302.00732
-2.082545,3,302.036318
-2.084253,3,302.066319
-3.24185,4,302.101319
-2.082902,3,302.134318
-3.234924,4,302.175319
-2.105214,3,302.206319
-3.296296,4,302.242319
-2.131798,3,302.26932
-1.026647,2,302.286319
-1.079021,2,302.308319
-1.085739,2,302.328318
-2.091438,3,302.365319
0.0,1,302.378318
-2.111791,3,302.417319
-2.095154,3,302.452319
0.0,1,302.466318
-2.122842,3,302.503319
-1.026872,2,302.53454
-3.219958,4,302.588539
-2.151729,3,302.628539
-0.004613,1,302.638538
-1.064924,2,302.664538
-1.030037,2,302.684538
-2.171139,3,302.710538
-2.140527,3,302.736541
-2.142691,3,302.768539
-2.159587,3,302.797538
-1.037637,2,302.815538
-2.190957,3,302.841045
-3.271352,4,302.888046
-1.043634,2,302.906046
-2.101211,3,302.935045
-3.205868,4,302.974045
0.0,1,302.990047
-2.16474,3,303.020045
-2.132676,3,303.049046
-3.223786,4,303.082045
-0.015592,1,303.095045
-2.077369,3,303.125046
-2.123009,3,303.158045
-2.130983,3,303.184045
-1.038612,2,303.206047
-2.167387,3,303.235045
-1.029313,2,303.252045
-2.096543,3,303.277045
0.0,1,303.291045
-2.178898,3,303.318049
-2.103724,3,303.358045
-2.097428,3,303.384045
-2.133827,3,303.419046
-3.258107,4,303.460045
-3.183449,4,303.507045
-2.091214,3,303.535045
-2.16349,3,303.572045
-2.145147,3,303.597044
-2.130953,3,303.624045
-2.101031,3,303.652045
-3.235507,4,303.696118
-2.181146,3,303.725118
-1.064955,2,303.744119
-1.054113,2,303.762119
-2.096527,3,303.793118
-3.238187,4,303.828117
-2.085086,3,303.857117
-0.015194,1,303.868122
-1.07006,2,303.89212
-2.09899,3,303.921119
-2.156507,3,303.950119
-2.156197,3,303.97712
-2.139363,3,304.017624
-3.168357,4,304.063695
-3.261226,4,304.105694
-3.22854,4,304.148692
-2.139149,3,304.187693
-2.126502,3,304.215776
-1.051066,2,304.232776
-2.0813,3,304.258776
-1.072971,2,304.286778
-2.084233,3,304.313776
-3.264232,4,304.352776
-0.013885,1,304.361776
-1.064761,2,304.382776
-1.067967,2,304.406777
-2.09659,3,304.437777
-2.105713,3,304.464776
-1.068661,2,304.48678
-1.056981,2,304.503776
-0.01165,1,304.513776
-2.137057,3,304.540823
-0.01681,1,304.557822
-2.139481,3,304.586824
-2.085346,3,304.612824
-2.121271,3,304.639823
-2.092171,3,304.671823
-2.098158,3,304.697823
-2.177997,3,304.722822
-0.016604,1,304.734823
-2.167035,3,304.767823
-3.16695,4,304.801822
-1.061223,2,304.819824
-2.134094,3,304.844823
-2.131858,3,304.880824
-3.231395,4,304.915824
-1.022873,2,304.933822
-3.191855,4,304.968823
-3.23065,4,305.01189
-1.03084,2,305.029889
-3.192541,4,305.06889
-2.138841,3,305.096889
0.0,1,305.11289
-3.199386,4,305.160402
-2.075508,3,305.194402
-1.078648,2,305.219402
-2.137179,3,305.250404
-1.069688,2,305.273401
-3.234002,4,305.309401
-1.0347,2,305.327401
-2.094163,3,305.358401
0.0,1,305.3674
-1.030964,2,305.385401
-2.151712,3,305.415404
-2.122251,3,305.449402
0.0,1,305.460402
-2.197276,3,305.486401
-0.013456,1,305.495401
-3.194904,4,305.538401
-1.025426,2,305.557403
-2.098032,3,305.587405
-2.173022,3,305.612401
-3.260021,4,305.655407
-0.017596,1,305.664401
-1.052517,2,305.681403
-2.137409,3,305.707401
-3.218214,4,305.748401
-2.147283,3,305.775401
-3.204989,4,305.809403
-1.069539,2,305.833401
-2.141836,3,305.874403
-3.276317,4,305.908401
-1.054819,2,305.926401
-2.094334,3,305.953401
-3.204745,4,305.997402
-1.067167,2,306.017401
-0.003998,1,306.026401
-3.237084,4,306.065401
-3.245809,4,306.1084
-1.048344,2,306.126401
-1.030194,2,306.150404
-3.252224,4,306.188402
-1.051998,2,306.213402
-2.114358,3,306.239401
-2.107925,3,306.265401
-2.112954,3,306.298405
-1.029881,2,306.322913
-3.188216,4,306.360913
-2.119811,3,306.390913
-2.151485,3,306.421913
-1.022254,2,306.444913
-1.066656,2,306.464913
-1.020422,2,306.481913
-2.158115,3,306.511987
-2.111755,3,306.546985
0.0,1,306.554986
-1.035451,2,306.571985
-1.034769,2,306.589985
-1.074241,2,306.615047
-1.071514,2,306.63605
-1.068307,2,306.653047
-2.12235,3,306.679153
-3.1709,4,306.724154
-2.08681,3,306.752156
-3.229379,4,306.788154
0.0,1,306.797154
-2.106698,3,306.830153
-0.016947,1,306.839154
-1.032051,2,306.858229
-1.050966,2,306.876228
-3.176897,4,306.916228
-2.1111,3,306.944228
-2.188035,3,306.971228
-3.197683,4,307.00723
-2.149839,3,307.04023
-2.13197,3,307.074228
0.0,1,307.08523
-3.234138,4,307.12123
-2.146451,3,307.162231
-3.223585,4,307.201229
-1.072629,2,307.21823
-2.113638,3,307.247228
-1.042805,2,307.269229
-3.156644,4,307.315228
-2.110297,3,307.342228
-2.088735,3,307.371231
-1.051525,2,307.395229
-2.107081,3,307.431231
-3.190325,4,307.465739
-3.223002,4,307.504738
-2.104452,3,307.540737
-2.154775,3,307.569737
-0.019007,1,307.580737
-1.073704,2,307.601737
-3.286725,4,307.646742
-2.088074,3,307.673737
-2.200543,3,307.701739
-3.160389,4,307.738737
-2.102315,3,307.770737
-3.179835,4,307.807739
-2.176425,3,307.839737
-2.176651,3,307.865737
0.0,1,307.877737
-2.155868,3,307.904737
-2.098001,3,307.938738
0.0,1,307.947737
-1.064081,2,307.970737
-2.104186,3,307.997737
-2.079198,3,308.023737
-2.137208,3,308.051737
-1.067979,2,308.074739
-2.116079,3,308.100738
-0.001745,1,308.108737
-2.093358,3,308.146738
-2.172786,3,308.179736
-3.214423,4,308.214738
-1.025213,2,308.231738
-3.179025,4,308.267737
-2.093227,3,308.298737
-3.195101,4,308.332737
-1.039044,2,308.349739
-2.168691,3,308.377737
-2.126006,3,308.408737
-3.282931,4,308.45174
-3.179164,4,308.489738
-3.22079,4,308.525738
-2.121995,3,308.556737
-2.185884,3,308.582737
-2.137687,3,308.610739
-3.147099,4,308.650244
-2.13339,3,308.682244
-3.274498,4,308.723245
-2.179824,3,308.752244
-2.082352,3,308.77732
-3.253798,4,308.819321
-0.011232,1,308.82932
-0.008633,1,308.83932
-2.102587,3,308.870321
-2.13017,3,308.90132
-2.113951,3,308.92932
-3.204347,4,308.97032
-2.134557,3,308.99732
-3.174527,4,309.03932
-3.261758,4,309.07432
-1.057416,2,309.09132
-3.285148,4,309.12932
-2.103678,3,309.166319
-2.080851,3,309.19232
-2.0875,3,309.21732
-2.133032,3,309.24532
-1.053969,2,309.27632
-2.142544,3,309.306323
-0.008876,1,309.31532
-2.130575,3,309.34732
-0.002869,1,309.36232
-3.222227,4,309.39832
-2.086454,3,309.425323
-2.189263,3,309.453322
0.0,1,309.46832
-2.122106,3,309.49832
0.0,1,309.50732
-2.127421,3,309.533383
0.0,1,309.545597
-3.229562,4,309.589599
-1.053408,2,309.608597
-1.025009,2,309.628597
-2.102427,3,309.662599
-2.149915,3,309.690597
-2.153323,3,309.719598
-2.163838,3,309.750604
-1.043922,2,309.777224
-2.10968,3,309.810224
-2.159476,3,309.844227
0.0,1,309.856227
-1.026101,2,309.881224
-2.132764,3,309.911223
-0.009071,1,309.921223
-2.141956,3,309.953292
-1.052174,2,309.985291
0.0,1,309.999291
-1.024225,2,310.01929
-2.148798,3,310.04729
-2.120525,3,310.07829
-3.212872,4,310.122291
-3.250013,4,310.16729
-3.297085,4,310.203618
-1.025285,2,310.22562
-0.019856,1,310.23762
0.0,1,310.247618
-2.138961,3,310.273618
-3.200454,4,310.315618
-2.115616,3,310.344619
-2.08573,3,310.371618
0.0,1,310.380618
-2.166774,3,310.41262
-2.123045,3,310.443618
-2.081878,3,310.474619
-2.088992,3,310.500618
-0.01063,1,310.514619
-1.067464,2,310.533618
-2.183582,3,310.573618
-3.207773,4,310.610618
-1.054863,2,310.631619
-2.131168,3,310.66262
-2.150975,3,310.688618
-3.181976,4,310.724619
-2.192305,3,310.755619
-2.143264,3,310.783618
-2.116017,3,310.809618
-1.021743,2,310.826618
-3.203069,4,310.869619
-0.012703,1,310.879619
-3.191866,4,310.924623
-2.152295,3,310.954129
-1.025118,2,310.980221
-2.152465,3,311.013219
-2.13474,3,311.042218
-3.266684,4,311.076385
-3.243386,4,311.117701
-2.127969,3,311.153702
-0.004199,1,311.165701
-2.169826,3,311.190701
-2.133751,3,311.223701
-3.17373,4,311.260701
-2.186429,3,311.285702
-1.050544,2,311.302702
0.0,1,311.315701
-3.252765,4,311.353701
-0.002775,1,311.363702
-1.0275,2,311.380701
-2.111439,3,311.411701
0.0,1,311.420701
-2.139054,3,311.449702
-1.073405,2,311.467701
-2.099028,3,311.498701
-0.003037,1,311.508702
-3.212922,4,311.546702
-2.141832,3,311.572702
-0.019254,1,311.586701
-2.120474,3,311.612702
-1.039981,2,311.629702
-2.1023,3,311.658702
-2.105445,3,311.689703
-3.205326,4,311.724702
-2.195654,3,311.753702
-2.127477,3,311.782702
-0.012498,1,311.794703
-2.117371,3,311.821702
-2.160388,3,311.847703
-2.126437,3,311.875703
-1.059533,2,311.898701
-1.035832,2,311.915701
-3.208394,4,311.953704
-2.105354,3,311.980701
-1.034555,2,312.003702
-2.092682,3,312.029701
-2.13409,3,312.054701
-2.185644,3,312.086209
-2.189996,3,312.12121
-1.080465,2,312.147209
-2.112433,3,312.182209
-2.143588,3,312.213212
-3.286468,4,312.253209
0.0,1,312.262209
-2.135289,3,312.288211
-3.193684,4,312.324208
-2.12747,3,312.35521
-1.023402,2,312.374209
-1.063894,2,312.391209
-3.228502,4,312.429209
-2.145301,3,312.462209
-1.047783,2,312.479209
-2.174234,3,312.51421
-1.030721,2,312.536209
-3.220894,4,312.58221
-3.17356,4,312.631209
-3.210663,4,312.677209
-1.059019,2,312.697209
-3.190674,4,312.743209
-3.187379,4,312.792208
-2.14689,3,312.82021
0.0,1,312.829209
-2.156528,3,312.862209
-1.030068,2,312.884209
-1.024964,2,312.901209
-1.071469,2,312.918208
-1.066545,2,312.940211
-0.014683,1,312.95121
-2.166812,3,312.980208
-2.124922,3,313.005208
-2.128944,3,313.036209
-2.137333,3,313.061208
-1.029439,2,313.080209
-1.071533,2,313.099209
-0.010747,1,313.112208
-1.033851,2,313.135209
-0.018402,1,313.147404
-2.073579,3,313.176483
-1.037451,2,313.198485
-0.009188,1,313.208485
-2.11776,3,313.235989
-0.009549,1,313.247991
-2.18179,3,313.279989
-2.103026,3,313.312991
-3.224724,4,313.348989
-1.059523,2,313.366989
-2.075611,3,313.398989
-3.213092,4,313.433989
-2.119057,3,313.459989
-1.033013,2,313.476989
-1.020228,2,313.498989
-1.052063,2,313.519989
-0.014817,1,313.528989
-2.154196,3,313.553989
-0.011296,1,313.566989
-2.189662,3,313.592989
-2.115004,3,313.620989
-2.134065,3,313.648989
-1.056656,2,313.671989
-2.135126,3,313.696989
-3.275154,4,313.736989
-2.137139,3,313.763989
-2.081083,3,313.795991
-0.01254,1,313.80599
-0.014463,1,313.81499
-2.106297,3,313.840989
-1.091898,2,313.864989
-2.085831,3,313.893991
-2.118786,3,313.920989
-2.084486,3,313.946989
-3.205655,4,313.985989
-2.13189,3,314.012991
-1.062518,2,314.029989
-3.238344,4,314.06499
-0.005253,1,314.077989
-3.179914,4,314.11599
-2.10307,3,314.149989
-3.19964,4,314.18999
-2.11252,3,314.22099
-3.181048,4,314.253989
-3.180028,4,314.290989
-2.143786,3,314.315989
-3.200451,4,314.364498
-1.052059,2,314.383498
-2.10427,3,314.410498
-2.149708,3,314.439498
0.0,1,314.453498
-2.103485,3,314.485497
-0.019801,1,314.498498
0.0,1,314.508497
-1.050328,2,314.530497
-2.153791,3,314.558497
-1.033195,2,314.576498
-3.217198,4,314.612498
-1.067097,2,314.63564
-3.243214,4,314.669641
-2.075095,3,314.69664
-2.100624,3,314.725643
-2.135527,3,314.76764
-3.300775,4,314.801641
-3.163841,4,314.83664
-2.129637,3,314.863641
-3.297805,4,314.903641
-2.145584,3,314.92964
-2.08875,3,314.958641
-2.173066,3,314.98364
-2.107883,3,315.014641
-2.121885,3,315.04664
-1.047172,2,315.064641
-2.083159,3,315.090641
-3.187463,4,315.13564
-1.048417,2,315.157748
-3.220789,4,315.196217
-1.031106,2,315.214217
-3.213873,4,315.258218
-2.165272,3,315.285217
-2.13619,3,315.314217
-0.017188,1,315.323217
-1.020478,2,315.345218
-2.177228,3,315.378217
-3.246409,4,315.413219
-1.040486,2,315.430217
-2.142074,3,315.46422
-1.032673,2,315.483217
-3.196573,4,315.519223
-2.12724,3,315.545727
-1.021161,2,315.567727
-1.054259,2,315.590728
-3.211245,4,315.632728
-2.136776,3,315.659726
-1.05492,2,315.680727
-2.190356,3,315.711727
-2.076336,3,315.746727
-1.028412,2,315.763728
-2.120249,3,315.794729
-3.235195,4,315.834727
-2.095802,3,315.862728
-3.16366,4,315.897727
-1.054689,2,315.921727
-1.041012,2,315.940728
-3.237954,4,315.979838
-2.148343,3,316.004836
-3.196276,4,316.046836
-2.168005,3,316.072836
-2.089207,3,316.098032
-2.170687,3,316.125034
-3.206121,4,316.27718
-3.230022,4,316.31518
-1.025828,2,316.332262
-2.110142,3,316.357262
-3.243441,4,316.401264
-2.155618,3,316.427263
-0.012973,1,316.436261
-3.158199,4,316.471261
-2.126432,3,316.501262
-2.155952,3,316.527261
-1.06832,2,316.545262
-1.073463,2,316.562261
-0.015251,1,316.575262
-2.128638,3,316.608262
-2.150908,3,316.635261
-3.204301,4,316.669265
-0.013491,1,316.68477
-3.231936,4,316.725774
-2.174751,3,316.757836
-3.182326,4,316.798919
-2.076677,3,316.830014
-2.095713,3,316.861014
-0.000527,1,316.869014
-2.119394,3,316.897014
-2.106873,3,316.931014
-0.01905,1,316.941014
-2.13689,3,316.966014
0.0,1,316.975014
-2.127641,3,317.008014
0.0,1,317.018014
-0.00212,1,317.026014
-2.126228,3,317.053014
-2.185321,3,317.085015
-2.153035,3,317.110014
-1.059738,2,317.130015
-2.16677,3,317.165017
-2.180082,3,317.196014
-2.115351,3,317.223014
-1.078525,2,317.242163
-1.073716,2,317.264164
-2.100736,3,317.296166
-3.172159,4,317.334164
-1.062332,2,317.354164
-1.085783,2,317.373164
-0.011946,1,317.386164
-2.160709,3,317.414164
-1.06943,2,317.430163
-2.116851,3,317.458164
-2.152902,3,317.489166
-2.171335,3,317.518163
-2.115878,3,317.544163
-2.094594,3,317.571164
-1.064266,2,317.594164
0.0,1,317.603164
-3.359105,4,317.637447
-2.093242,3,317.664448
-3.186658,4,317.708449
-1.029558,2,317.728448
-3.232044,4,317.764448
-3.192457,4,317.801449
-3.239876,4,317.84696
-2.089275,3,317.876958
-2.124383,3,317.909961
-2.123909,3,317.941964
-2.101538,3,317.974958
-0.012231,1,317.982958
-2.167705,3,318.009958
-0.018761,1,318.018958
-2.093797,3,318.050958
-1.050662,2,318.067957
-2.194485,3,318.093957
-2.192837,3,318.123958
-1.076276,2,318.152957
-0.011222,1,318.161958
0.0,1,318.169958
-2.171984,3,318.197084
-1.055004,2,318.220086
-2.189739,3,318.248084
-2.125848,3,318.279084
-0.0159,1,318.288085
-2.145348,3,318.319084
-2.134546,3,318.346085
-0.010214,1,318.355084
-0.010582,1,318.365085
0.0,1,318.377084
-3.209937,4,318.414085
-2.103126,3,318.442084
-2.115884,3,318.474086
-3.226058,4,318.516084
-3.177553,4,318.550084
-2.128569,3,318.579084
-2.103617,3,318.608085
-3.189477,4,318.653203
-2.093387,3,318.684205
-1.060637,2,318.704203
-2.083907,3,318.730203
-2.134537,3,318.768206
-2.148795,3,318.798203
-1.023258,2,318.815203
-1.052471,2,318.832205
-0.006123,1,318.845204
-0.012489,1,318.854204
-1.054893,2,318.878203
-2.101974,3,318.906204
-2.137092,3,318.940204
-2.182376,3,318.967205
-3.218176,4,319.011713
-0.019241,1,319.021712
-2.128572,3,319.058713
-3.256303,4,319.095714
-3.212473,4,319.132713
-1.057939,2,319.156714
-2.079502,3,319.190712
-2.138254,3,319.218712
-2.16584,3,319.246712
-3.223445,4,319.283712
-3.184654,4,319.327713
-2.151806,3,319.356712
0.0,1,319.369715
-0.016942,1,319.378712
-2.090046,3,319.409711
-2.11611,3,319.437712
-2.185596,3,319.467712
-1.085354,2,319.485712
-3.227222,4,319.528713
-2.084048,3,319.555712
-1.055026,2,319.574712
-3.230513,4,319.612714
-0.007889,1,319.625712
-2.096167,3,319.652712
-2.185917,3,319.680712
-3.230058,4,319.717713
-2.129411,3,319.749713
-2.08681,3,319.776712
0.0,1,319.790713
-3.179946,4,319.824713
-3.211328,4,319.875713
-1.059939,2,319.894713
-2.099032,3,319.920712
-1.073353,2,319.937712
-1.078867,2,319.959712
-0.00462,1,319.969715
-1.051937,2,319.988714
-3.173986,4,320.023712
-2.186405,3,320.053711
-2.167626,3,320.081719
-2.137695,3,320.108712
-2.092735,3,320.136219
-0.01311,1,320.155221
-3.171135,4,320.198219
-1.033761,2,320.218219
-3.226195,4,320.25722
-0.017374,1,320.27122
-3.180183,4,320.316222
-3.263707,4,320.361219
-3.200717,4,320.399219
-2.18132,3,320.43922
-3.26942,4,320.476219
-1.029626,2,320.496219
-1.039874,2,320.513219
-2.13937,3,320.54822
-2.121507,3,320.575219
-2.170065,3,320.60222
-0.011402,1,320.610219
-2.124061,3,320.641219
-3.300483,4,320.691219
-2.188276,3,320.720223
-2.15886,3,320.745219
-2.143557,3,320.781219
-3.220386,4,320.818218
-2.148154,3,320.844219
-3.226897,4,320.885219
0.0,1,320.898219
-3.182616,4,320.934219
-0.00814,1,320.943219
0.0,1,320.951221
0.0,1,320.96422
0.0,1,320.97522
-2.139511,3,321.003219
-2.128146,3,321.029219
-2.086917,3,321.060219
-0.005407,1,321.068219
0.0,1,321.07722
-2.113785,3,321.109222
-1.044254,2,321.130222
-1.0448,2,321.154219
-1.082549,2,321.174219
-3.212667,4,321.214221
-3.2701,4,321.256219
-2.159151,3,321.281731
-2.11696,3,321.312727
-2.179695,3,321.342728
-3.19107,4,321.382728
-2.166493,3,321.417727
-2.09963,3,321.449727
-2.194292,3,321.477728
-2.094982,3,321.519727
-3.197786,4,321.557728
-3.264086,4,321.591727
-1.021834,2,321.609727
-2.099066,3,321.644727
-2.109221,3,321.672727
-1.08761,2,321.689728
-2.109195,3,321.715727
-2.098473,3,321.749728
-2.1323,3,321.778727
-1.028918,2,321.795727
-3.222002,4,321.83273
-0.00057,1,321.846728
-1.065927,2,321.866727
-3.170718,4,321.901729
-2.1002,3,321.927727
-2.182631,3,321.964728
-3.190883,4,321.999727
-1.048945,2,322.017727
-1.079076,2,322.034727
-2.12469,3,322.068727
-2.091109,3,322.096727
-2.174286,3,322.121727
-1.056004,2,322.138729
-0.015754,1,322.153727
-2.0829,3,322.192727
-2.132962,3,322.219727
-2.111766,3,322.244727
-2.094189,3,322.275727
0.0,1,322.287727
-2.109916,3,322.314728
-2.097522,3,322.343727
-3.149483,4,322.384727
-1.03315,2,322.403727
-2.15068,3,322.43373
-2.105882,3,322.462239
-0.001818,1,322.478239
-2.177113,3,322.506239
-1.020445,2,322.52524
-3.197738,4,322.560301
-1.031111,2,322.583303
-1.021947,2,322.605302
-0.012208,1,322.615303
-3.30402,4,322.652303
-2.138565,3,322.685302
0.0,1,322.695306
-1.049159,2,322.717302
-0.017153,1,322.729302
-1.06171,2,322.755302
-2.108967,3,322.787303
-2.122062,3,322.822302
-3.210083,4,322.871302
-1.043792,2,322.894302
-1.021682,2,322.916302
-1.034921,2,322.935302
-2.108318,3,322.970304
-1.066188,2,322.995304
-2.08715,3,323.022302
-2.186804,3,323.047302
-3.267271,4,323.084303
-2.16825,3,323.116302
-1.071228,2,323.136304
-2.109604,3,323.168301
-3.16628,4,323.209304
-2.103848,3,323.240381
-3.174413,4,323.276383
-0.00016,1,323.286381
-2.09562,3,323.312381
-2.132097,3,323.347383
-1.046751,2,323.368381
-0.011521,1,323.377382
-1.024611,2,323.397381
-1.062126,2,323.419381
-0.019644,1,323.429381
-3.216584,4,323.463381
-3.163094,4,323.49938
-2.122922,3,323.532381
-2.11356,3,323.55938
-2.112535,3,323.590384
-0.018895,1,323.600381
-0.012221,1,323.614382
-2.096042,3,323.640887
-2.121679,3,323.667887
-3.17752,4,323.703887
-3.181958,4,323.755887
0.0,1,323.766887
-2.130352,3,323.797887
-3.209498,4,323.83689
-2.181316,3,323.871888
-1.034596,2,323.889888
-3.20669,4,323.924887
-1.05602,2,323.942888
-2.177327,3,323.977888
-2.112723,3,324.002888
-1.059824,2,324.022889
-1.05712,2,324.045889
-2.161163,3,324.07689
-0.015868,1,324.085888
-2.16453,3,324.110888
-2.170519,3,324.136887
-0.01497,1,324.153888
-3.204675,4,324.193887
-1.025347,2,324.210888
-3.268255,4,324.243887
-0.01361,1,324.259887
-2.102741,3,324.290888
-1.063214,2,324.308888
-2.117774,3,324.334888
-2.199619,3,324.373888
-2.097454,3,324.402888
-2.19897,3,324.428887
-0.005618,1,324.437887
-2.088608,3,324.470889
-0.014361,1,324.48289
-1.046072,2,324.501888
-2.126504,3,324.528887
-3.269044,4,324.568887
-3.176159,4,324.605888
-3.296974,4,324.640888
-2.121651,3,324.666888
-3.204742,4,324.708888
-2.129982,3,324.734888
-1.035453,2,324.750887
-3.256984,4,324.784889
-2.179668,3,324.8234
-3.220295,4,324.861397
-2.164032,3,324.887397
-0.002096,1,324.899397
-2.141278,3,324.937397
-2.122124,3,324.963397
-3.160947,4,324.997397
-3.226352,4,325.032397
-1.08133,2,325.056397
-0.009795,1,325.066397
-2.107596,3,325.092397
-2.099037,3,325.118461
-3.219208,4,325.175463
-2.094388,3,325.20646
-2.108779,3,325.231459
-0.016243,1,325.24246
0.0,1,325.25546
-2.140144,3,325.281461
-2.126248,3,325.30746
-2.1465,3,325.332461
-2.128259,3,325.36646
-2.144496,3,325.39446
-2.120419,3,325.41946
-0.016619,1,325.42846
-3.174203,4,325.470462
-3.176688,4,325.508462
-1.072664,2,325.52546
-1.044721,2,325.54346
-2.129919,3,325.577461
-1.035897,2,325.59646
-3.215609,4,325.630459
-1.030986,2,325.64846
-2.162222,3,325.681461
-1.031809,2,325.70146
-3.1826,4,325.736461
-2.095272,3,325.761459
-3.341195,4,325.80646
-1.032163,2,325.82346
-2.126117,3,325.85146
-0.018375,1,325.861463
-1.028239,2,325.88553
0.0,1,325.899528
-2.132411,3,325.928529
-1.035841,2,325.946036
-1.030371,2,325.969035
-2.091039,3,325.999035
-1.050323,2,326.021036
-2.102429,3,326.050035
-1.020248,2,326.074034
-0.003623,1,326.084035
-2.133733,3,326.109035
-3.224723,4,326.159036
-2.131515,3,326.205034
0.0,1,326.215035
-2.123966,3,326.243034
-3.227086,4,326.280034
-1.023216,2,326.302116
-2.21251,3,326.330115
-2.149661,3,326.365117
-2.091458,3,326.447119
0.0,1,326.490117
-0.012756,1,326.507117
-2.158189,3,326.556116
0.0,1,326.571116
-2.095692,3,326.610485
-3.211916,4,326.646485
-3.172335,4,326.685484
-2.112063,3,326.716486
-2.116319,3,326.761485
-2.098367,3,326.800487
-2.087622,3,326.834564
-2.136963,3,326.874563
-1.070928,2,326.902564
-2.098464,3,326.928563
-2.085596,3,326.954563
-3.29095,4,326.988564
-2.135145,3,327.023563
-2.115984,3,327.049563
-1.055364,2,327.066563
-1.068688,2,327.083567
-1.039224,2,327.109072
-1.031078,2,327.130074
-1.029208,2,327.148072
-1.024041,2,327.170237
-1.074403,2,327.195238
-1.036954,2,327.216238
-2.115732,3,327.243237
-2.115451,3,327.268237
-2.072033,3,327.300237
-2.09996,3,327.329237
-2.083918,3,327.355237
-2.160313,3,327.386237
-3.266273,4,327.431239
-2.149675,3,327.462237
-2.127681,3,327.493237
-3.349278,4,327.534239
-3.233048,4,327.575238
-1.053097,2,327.593237
0.0,1,327.602241
-3.269855,4,327.636237
-0.019444,1,327.650237
-2.139841,3,327.679237
-2.16779,3,327.705237
-3.263788,4,327.740237
-2.082026,3,327.773237
-2.131624,3,327.800237
-0.01548,1,327.809238
-2.162565,3,327.838237
-2.11713,3,327.876238
-3.237687,4,327.912238
-2.120481,3,327.937237
-2.124023,3,327.962237
-1.03721,2,327.99524
-1.04849,2,328.014237
-2.090932,3,328.039238
-1.028157,2,328.056237
-0.011278,1,328.074237
0.0,1,328.085237
-2.08734,3,328.123237
-2.093441,3,328.155239
-1.04302,2,328.182237
-2.163205,3,328.21624
-1.064078,2,328.235239
-2.149772,3,328.266746
-2.1024,3,328.299744
-3.226471,4,328.341744
-3.237817,4,328.385745
-2.13998,3,328.411744
-3.235297,4,328.453744
-3.20372,4,328.487744
-2.128681,3,328.512744
-0.009287,1,328.523745
-2.078308,3,328.553745
-2.102736,3,328.580744
-0.012784,1,328.588745
-2.134577,3,328.613744
-1.044121,2,328.638744
-1.021245,2,328.656744
-1.024661,2,328.674744
-0.005668,1,328.684745
-3.194669,4,328.725744
-1.037152,2,328.751747
-2.151971,3,328.779745
-2.0844,3,328.805744
-1.076835,2,328.82982
-2.100405,3,328.862821
-2.141985,3,328.895823
-3.250079,4,328.930877
-2.129547,3,328.962878
-2.135458,3,328.995881
-2.124606,3,329.024877
-3.208855,4,329.066879
-2.093256,3,329.103877
-1.065347,2,329.120879
-1.0677,2,329.137877
-2.121325,3,329.17088
-3.171753,4,329.213878
-1.024065,2,329.230936
-1.073983,2,329.246936
-3.251982,4,329.280935
-3.228485,4,329.322936
0.0,1,329.331936
-1.03583,2,329.350937
-1.04224,2,329.368937
-2.101608,3,329.405445
-2.156287,3,329.437449
-2.173298,3,329.463445
-2.140248,3,329.496446
-1.040019,2,329.524445
-2.121792,3,329.550445
-2.095419,3,329.577448
-2.164086,3,329.603445
-1.049958,2,329.626445
-2.162547,3,329.654445
-2.149501,3,329.679445
-2.137527,3,329.705446
-1.065022,2,329.725445
-2.070024,3,329.757445
-2.182544,3,329.783446
-3.252381,4,329.816445
-2.146702,3,329.850446
-3.18075,4,329.894445
-1.076891,2,329.912446
0.0,1,329.921446
-3.162293,4,329.963445
-3.18576,4,329.998446
-3.243052,4,330.031445
-3.213888,4,330.068445
-3.16578,4,330.109446
-2.096406,3,330.135446
-3.189947,4,330.178446
-0.017083,1,330.191446
-3.18718,4,330.237447
-1.033496,2,330.256445
-3.258803,4,330.294447
-0.003151,1,330.305446
-2.154837,3,330.345446
-2.080386,3,330.374448
-2.120858,3,330.402448
-2.147871,3,330.429446
-1.048216,2,330.461446
-2.130516,3,330.493445
-3.186481,4,330.530446
-3.182919,4,330.564959
-2.088137,3,330.596956
-2.10296,3,330.626956
-0.007114,1,330.637956
0.0,1,330.653957
-2.093395,3,330.687956
-1.074777,2,330.704956
-2.115158,3,330.732955
-1.049201,2,330.751957
-1.079758,2,330.779958
0.0,1,330.788955
-1.056135,2,330.805956
-2.150135,3,330.832955
-2.097945,3,330.868016
-1.03778,2,330.888016
-2.090231,3,330.916017
-1.046674,2,330.935018
0.0,1,330.949016
-0.001512,1,330.958016
-2.140826,3,330.984019
-1.046496,2,331.001016
-2.146702,3,331.036016
-3.19012,4,331.074018
-3.169642,4,331.109017
-2.097781,3,331.144017
-1.069779,2,331.175066
-3.224233,4,331.213064
-1.058014,2,331.231065
-3.188592,4,331.266066
-0.002114,1,331.281065
-3.248117,4,331.317065
-1.06068,2,331.334065
-1.038744,2,331.351065
-3.239164,4,331.395065
-2.154477,3,331.423065
-0.005372,1,331.431064
-2.174592,3,331.461065
-1.03667,2,331.490066
-1.073885,2,331.508065
-3.23727,4,331.545065
-3.211339,4,331.580065
-2.18062,3,331.617067
-2.179008,3,331.645065
-2.21467,3,331.670064
-3.225406,4,331.705575
-1.058872,2,331.729573
-1.087326,2,331.751574
-3.204893,4,331.786574
-0.007612,1,331.795573
-3.181786,4,331.849576
-2.138922,3,331.881574
-1.0501,2,331.908575
-2.187884,3,331.941574
-1.045297,2,331.964574
-2.137318,3,331.991574
-3.205127,4,332.024573
-2.096819,3,332.058576
-2.123363,3,332.094574
-2.138719,3,332.119574
-2.135036,3,332.146575
-2.148437,3,332.180574
-3.281495,4,332.229574
-1.07799,2,332.247574
-2.085244,3,332.275574
-3.20021,4,332.316574
-0.002906,1,332.329575
-2.156192,3,332.356574
-2.128605,3,332.384575
-1.052377,2,332.403575
-1.07719,2,332.426574
-3.215629,4,332.463574
-2.138857,3,332.492575
-2.170679,3,332.520574
0.0,1,332.533576
-2.136691,3,332.560574
-3.254423,4,332.604574
-1.045316,2,332.623574
-2.17948,3,332.654574
-2.093347,3,332.685575
-2.118539,3,332.712573
-2.175112,3,332.739574
-2.189367,3,332.771574
-2.144468,3,332.803575
-2.118828,3,332.832574
-2.082006,3,332.866083
-1.06708,2,332.894083
-1.071378,2,332.920082
-2.148745,3,332.958082
-3.225605,4,333.000082
-2.129565,3,333.046083
-1.032221,2,333.073082
-2.072389,3,333.108084
-2.09938,3,333.140083
-3.201216,4,333.187082
-3.210609,4,333.223082
-2.128345,3,333.252082
-3.197679,4,333.291083
-2.198588,3,333.323082
-3.24317,4,333.359084
-1.062529,2,333.380082
0.0,1,333.389082
-2.137405,3,333.424082
-0.003222,1,333.439083
-2.122051,3,333.467082
-3.197569,4,333.515084
-2.09065,3,333.547083
-2.094306,3,333.574082
-1.070291,2,333.593082
-3.245254,4,333.628084
-1.031834,2,333.650082
-3.194738,4,333.687082
-0.011184,1,333.696082
-2.086661,3,333.723082
-2.132068,3,333.759085
-2.173973,3,333.787082
-2.149627,3,333.819082
-3.303771,4,333.856084
-2.101565,3,333.887082
-3.209217,4,333.932082
-2.157976,3,333.958082
-2.104154,3,333.984087
-2.143173,3,334.020594
-1.026177,2,334.038594
-2.148195,3,334.065595
-2.099572,3,334.094595
-2.10704,3,334.128596
-2.18856,3,334.156594
-1.061037,2,334.176641
-3.193253,4,334.218642
-3.25976,4,334.263641
-2.12566,3,334.289641
-1.059195,2,334.306642
-2.143001,3,334.331641
-2.165548,3,334.370641
-3.255044,4,334.406641
-1.020798,2,334.425697
-2.110688,3,334.452902
-2.090774,3,334.484899
-1.023214,2,334.501898
-2.172762,3,334.529898
-0.006623,1,334.538898
-2.078497,3,334.571899
-3.287992,4,334.606898
-3.237104,4,334.641898
-2.112285,3,334.672898
-2.144205,3,334.703898
-3.273553,4,334.737898
-2.092948,3,334.765898
-2.125594,3,334.794899
-0.000376,1,334.809899
-2.136384,3,334.842899
-3.172686,4,334.885898
-1.041351,2,334.904898
-2.183468,3,334.9409
-3.293455,4,334.974898
-2.164242,3,335.001898
-2.142957,3,335.029898
-1.025684,2,335.052902
-1.044584,2,335.069898
-2.114163,3,335.095898
-2.158238,3,335.1239
-2.145902,3,335.158409
0.0,1,335.167407
0.0,1,335.177406
-2.115696,3,335.213406
-1.076495,2,335.236407
-1.033909,2,335.254405
-2.150973,3,335.280406
-1.079735,2,335.300406
0.0,1,335.317407
-3.276123,4,335.357554
-2.11737,3,335.390556
-1.07077,2,335.418556
-2.088729,3,335.453554
-0.007367,1,335.462554
-2.169312,3,335.488554
-2.138409,3,335.513554
-0.010501,1,335.528555
-3.180563,4,335.569554
-3.179377,4,335.604555
-0.015276,1,335.613554
-1.054473,2,335.635555
-3.17202,4,335.674554
-2.082915,3,335.700554
-3.207469,4,335.738556
-2.155472,3,335.772555
-3.170557,4,335.808554
-1.043086,2,335.825708
-2.144908,3,335.851707
-0.003647,1,335.866709
-1.078422,2,335.885708
-3.204764,4,335.919707
-2.10713,3,335.947709
-2.129299,3,335.980809
-3.220688,4,336.01781
-2.174918,3,336.04281
-2.100352,3,336.06981
-2.126127,3,336.102812
-2.094329,3,336.128811
-3.216301,4,336.16181
-2.093235,3,336.189108
-2.096222,3,336.230108
-3.226117,4,336.265108
-2.083713,3,336.291109
-2.12848,3,336.317108
-0.018783,1,336.332112
-2.153436,3,336.362616
-2.134908,3,336.390617
-2.130269,3,336.422771
-2.1713,3,336.45677
-3.209872,4,336.490889
-2.163722,3,336.516888
-3.269456,4,336.553889
-2.211715,3,336.585888
-2.117646,3,336.61589
-2.094404,3,336.643888
-2.119639,3,336.673888
-2.145985,3,336.704888
-2.109143,3,336.732889
-2.132174,3,336.762888
-3.209358,4,336.797888
-1.055163,2,336.819888
-3.258058,4,336.862888
-1.055472,2,336.88589
-2.194079,3,336.917948
-3.313994,4,336.963948
-2.123628,3,336.992948
-0.005409,1,337.000947
0.0,1,337.009949
-1.035292,2,337.030948
-2.165263,3,337.059949
-3.21587,4,337.101948
-3.288282,4,337.136948
-2.174366,3,337.167948
-1.060229,2,337.187948
-2.116062,3,337.219948
-3.193788,4,337.257948
-3.287795,4,337.304948
-1.05792,2,337.324951
-1.063338,2,337.341949
0.0,1,337.350948
-0.011377,1,337.362948
-3.167387,4,337.400949
-1.069811,2,337.420042
-0.01643,1,337.430042
0.0,1,337.443042
-2.143431,3,337.474042
-2.163871,3,337.499548
0.0,1,337.511548
-3.171723,4,337.550548
-2.156457,3,337.577548
-2.170341,3,337.603549
-0.012082,1,337.613548
-0.004206,1,337.627549
-3.206724,4,337.672549
-2.081504,3,337.698548
-2.121635,3,337.724549
-0.010622,1,337.74055
-2.191585,3,337.768548
-2.083013,3,337.794548
0.0,1,337.803548
-2.104976,3,337.837619
-2.13028,3,337.866619
-2.154389,3,337.893619
-2.09664,3,337.919619
-3.17036,4,337.963619
-2.138553,3,337.99062
-1.041825,2,338.011619
-1.039885,2,338.02862
-1.022694,2,338.051701
-1.05322,2,338.072702
-2.127917,3,338.098701
-3.191036,4,338.139703
-0.017851,1,338.153702
-1.026321,2,338.173702
-1.067664,2,338.192701
-2.099075,3,338.224701
-1.077642,2,338.248701
-0.001604,1,338.257701
-3.239232,4,338.293701
-2.145871,3,338.321701
-2.093027,3,338.352701
-2.150049,3,338.380701
-0.01045,1,338.394702
-2.145907,3,338.428702
-3.170712,4,338.468702
-2.087332,3,338.495701
-1.082986,2,338.518701
-1.029706,2,338.535701
-2.107898,3,338.567703
-2.116819,3,338.593701
-0.000477,1,338.602701
-2.129435,3,338.636702
-2.157937,3,338.667701
-3.240815,4,338.701703
-3.205597,4,338.741212
-2.08097,3,338.775213
-1.064024,2,338.797213
0.0,1,338.808212
-2.157473,3,338.837211
-2.097119,3,338.866213
-1.061016,2,338.888212
0.0,1,338.898212
0.0,1,338.907211
-1.056705,2,338.925211
-1.058729,2,338.950212
-2.148812,3,338.979213
-3.242996,4,339.018212
-2.097368,3,339.047212
-2.159693,3,339.080212
-2.115924,3,339.105212
-3.214039,4,339.140212
-2.08996,3,339.168213
0.0,1,339.183214
-2.143092,3,339.216213
-2.097565,3,339.250212
-2.161727,3,339.277212
-2.157387,3,339.309211
-2.155501,3,339.338212
-1.032421,2,339.369212
-3.262635,4,339.412368
-1.069099,2,339.435369
-2.164314,3,339.461368
-2.158203,3,339.493369
-2.08823,3,339.524369
-0.004283,1,339.537368
-1.043044,2,339.555368
-1.069228,2,339.573368
-1.028902,2,339.590368
-0.019485,1,339.605368
-2.177855,3,339.633369
-2.092803,3,339.65937
-1.02835,2,339.676368
-2.09822,3,339.712368
-1.088351,2,339.730368
-1.069393,2,339.750368
-2.094384,3,339.776372
-1.07345,2,339.798369
-2.1145,3,339.825369
-2.152274,3,339.852876
-2.186357,3,339.880876
-2.115478,3,339.911949
-3.231755,4,339.951949
-2.109335,3,339.985949
-2.155285,3,340.012949
-1.060221,2,340.038004
-2.094194,3,340.068004
0.0,1,340.076005
-1.047668,2,340.093004
-2.090514,3,340.124004
-2.072233,3,340.151004
-0.016698,1,340.162004
-2.177291,3,340.190004
-2.096612,3,340.231004
-3.203059,4,340.272006
-2.117776,3,340.301008
-1.079374,2,340.326005
-2.084059,3,340.362004
-1.079841,2,340.381004
-2.124607,3,340.408004
-1.072558,2,340.426073
-2.122981,3,340.472072
-3.204054,4,340.50907
-2.162364,3,340.536136
-1.022483,2,340.553135
-1.0411,2,340.577137
-3.310385,4,340.617135
-2.094166,3,340.645135
-2.119877,3,340.671219
0.0,1,340.684219
-3.212798,4,340.72422
-1.083801,2,340.741222
-1.064817,2,340.758219
-0.019913,1,340.771219
-2.09364,3,340.800219
-2.120547,3,340.82822
-3.194624,4,340.86622
-2.135279,3,340.89922
-2.111883,3,340.92822
-0.018414,1,340.93822
-2.130954,3,340.96322
-2.08624,3,340.99691
-3.215855,4,341.039417
-1.087415,2,341.060418
-1.02647,2,341.078419
-1.050694,2,341.100417
-1.048929,2,341.118417
-3.317022,4,341.159417
-1.024748,2,341.181417
-3.237128,4,341.229575
-2.09769,3,341.258575
-2.1355,3,341.285575
-3.205987,4,341.321575
-2.17451,3,341.360576
0.0,1,341.372576
-1.024068,2,341.389575
-2.116291,3,341.418575
-1.069085,2,341.444575
-2.107874,3,341.472577
-2.137474,3,341.499574
-0.015406,1,341.511575
-3.217972,4,341.560576
-3.20382,4,341.598576
-2.085575,3,341.623575
-0.002895,1,341.632576
-3.245445,4,341.674575
-1.021432,2,341.694576
-2.097874,3,341.721575
-2.099877,3,341.747575
-1.084361,2,341.778576
-2.194076,3,341.813575
-3.187233,4,341.847577
-2.099564,3,341.873575
-1.070299,2,341.901575
-2.123948,3,341.934575
-2.186226,3,341.962576
-2.122746,3,341.992575
-3.181315,4,342.042575
-2.11343,3,342.068575
-2.173305,3,342.094575
-3.163669,4,342.132575
-3.196775,4,342.244081
-1.074175,2,342.266082
-1.057051,2,342.292082
-3.213283,4,342.336084
-2.17126,3,342.368082
0.0,1,342.379083
-3.183381,4,342.413082
-1.060809,2,342.431082
-2.167117,3,342.475083
-2.125739,3,342.510082
-1.042504,2,342.531083
-2.110687,3,342.565081
-2.122351,3,342.601082
-3.246105,4,342.639083
-1.061672,2,342.662082
-2.149209,3,342.695081
-1.035946,2,342.718082
-3.265121,4,342.754082
-2.122781,3,342.783082
-2.130135,3,342.811083
-1.034509,2,342.841085
-1.034931,2,342.866084
-2.159411,3,342.89818
-2.110415,3,342.927181
-1.032037,2,342.951179
-2.090886,3,342.97918
-2.178105,3,343.01118
-3.181187,4,343.05318
-3.211134,4,343.114182
-1.05421,2,343.137179
0.0,1,343.148182
-1.025916,2,343.170179
-1.05917,2,343.197179
-2.165972,3,343.234181
-2.099563,3,343.272178
-1.065745,2,343.296179
-1.033497,2,343.318179
-3.194683,4,343.356182
-2.142015,3,343.384688
-3.211549,4,343.422688
-2.149887,3,343.461687
-1.056665,2,343.478688
-2.124477,3,343.505687
-2.111916,3,343.530686
-2.156481,3,343.566689
-2.159316,3,343.593687
-1.05623,2,343.610687
-2.151578,3,343.636687
-2.130418,3,343.669687
-3.169167,4,343.709687
-3.228885,4,343.745687
-3.227198,4,343.785688
-2.13265,3,343.816688
-3.173802,4,343.854687
-3.215705,4,343.893688
-2.192117,3,343.919687
-3.291702,4,343.960687
-3.247927,4,343.996689
-2.123553,3,344.022689
-3.22957,4,344.055686
-2.092109,3,344.097689
-2.181822,3,344.125687
-3.231465,4,344.158687
-2.145937,3,344.184687
-2.156943,3,344.217687
-3.22052,4,344.260689
-3.199395,4,344.294686
-3.269243,4,344.332687
-2.096503,3,344.370687
0.0,1,344.379688
-1.037551,2,344.396686
-1.072192,2,344.413687
-2.150734,3,344.457687
-0.011351,1,344.465686
-1.027324,2,344.482689
-2.146852,3,344.510194
-3.223747,4,344.562195
-3.201026,4,344.644195
0.0,1,344.673196
-2.094044,3,344.728194
-2.132023,3,344.783193
-0.008336,1,344.794194
-0.018283,1,344.805194
-2.117372,3,344.839193
-3.210421,4,344.891318
-1.036025,2,344.916317
-2.082994,3,344.953317
-1.025142,2,344.983318
-1.027629,2,345.014316
-1.044501,2,345.038318
-0.018919,1,345.048316
-2.126853,3,345.084316
0.0,1,345.097316
-0.016803,1,345.106316
-2.079979,3,345.135319
-1.062443,2,345.159315
-1.039141,2,345.181316
-2.181482,3,345.211438
-2.140493,3,345.243438
0.0,1,345.253438
-2.096414,3,345.285438
-3.168266,4,345.323755
-3.237464,4,345.356754
-3.2078,4,345.392757
-3.196272,4,345.434754
-3.174935,4,345.469754
-3.17204,4,345.502754
-0.014381,1,345.511754
-2.130674,3,345.543754
-2.101996,3,345.574756
-1.073263,2,345.594754
-2.105358,3,345.621756
-3.261386,4,345.667265
-2.089631,3,345.700264
-2.104561,3,345.733421
0.0,1,345.747421
-1.031876,2,345.773421
-2.09634,3,345.805505
-2.159704,3,345.830505
-2.116999,3,345.858586
-2.083531,3,345.891587
-2.119501,3,345.921656
-0.01511,1,345.930656
-1.027047,2,345.948727
-1.035321,2,345.971727
-0.019843,1,345.981727
-2.178975,3,346.007727
-2.172511,3,346.032727
-2.099663,3,346.064727
-2.103273,3,346.097808
-3.227702,4,346.131805
0.0,1,346.140805
-3.201687,4,346.182805
-1.021426,2,346.200805
-3.210684,4,346.242805
-2.108236,3,346.271806
-3.266589,4,346.316808
-3.233685,4,346.350805
-2.150151,3,346.376805
-2.158479,3,346.402805
-2.168372,3,346.434805
-2.156545,3,346.459805
-3.218181,4,346.493935
-2.091563,3,346.520935
-2.128455,3,346.553936
-0.005873,1,346.562934
-2.101751,3,346.591936
-1.032912,2,346.609934
-1.062992,2,346.633934
-2.113818,3,346.659934
-1.079657,2,346.678935
-1.070598,2,346.695936
-2.09081,3,346.728935
-2.107614,3,346.760935
-1.031308,2,346.780935
-3.207636,4,346.814937
-1.04047,2,346.840442
-1.027116,2,346.865444
-1.021874,2,346.884442
-2.132067,3,346.914442
-3.27463,4,346.963442
0.0,1,346.972442
-1.065841,2,346.990442
-3.25799,4,347.024442
-2.111953,3,347.058443
-1.070893,2,347.077442
-1.089454,2,347.098443
-3.215606,4,347.132443
-1.048678,2,347.154443
-2.130317,3,347.187442
-2.10125,3,347.213442
-1.034804,2,347.231445
-2.169314,3,347.269442
-2.178386,3,347.298443
0.0,1,347.307442
-3.326819,4,347.340441
-1.073989,2,347.363442
-3.241591,4,347.404443
-1.040033,2,347.423443
-2.143484,3,347.449442
-3.27152,4,347.501442
-3.281779,4,347.540442
-3.250361,4,347.575442
-1.025643,2,347.592442
-2.185138,3,347.666442
-1.050319,2,347.683442
0.0,1,347.691442
-0.010021,1,347.701442
-2.119068,3,347.736442
-3.20681,4,347.773442
-0.017326,1,347.782442
-3.16467,4,347.817443
-1.079245,2,347.840442
-3.24333,4,347.877442
-1.058855,2,347.894442
0.0,1,347.903442
-3.180727,4,347.945442
-3.168704,4,347.988024
-2.091655,3,348.021024
-2.14379,3,348.057027
-2.101095,3,348.090024
-1.039835,2,348.107024
0.0,1,348.115024
-2.153284,3,348.150024
-2.10596,3,348.182024
-2.094006,3,348.207024
-2.101142,3,348.237098
-1.081465,2,348.263098
-2.157246,3,348.296098
-2.132716,3,348.321098
-0.010214,1,348.330099
-1.0672,2,348.346097
-1.029188,2,348.370098
-1.027791,2,348.397101
-0.006477,1,348.408098
-1.031462,2,348.426097
-2.124396,3,348.464098
-2.172754,3,348.4921
-3.197306,4,348.527098
-1.037302,2,348.545099
-3.178198,4,348.584098
-2.155031,3,348.618098
-1.029,2,348.638099
-3.172306,4,348.680099
-2.125594,3,348.713098
-2.095149,3,348.744098
-2.131857,3,348.771098
-3.216052,4,348.813098
-2.134793,3,348.844167
-2.082027,3,348.871167
-3.216493,4,348.905168
-1.040814,2,348.924167
-2.142806,3,348.955168
-2.128264,3,348.981167
-0.019734,1,348.989166
-2.115163,3,349.015167
-2.127293,3,349.04817
-2.152144,3,349.074167
-2.130053,3,349.100675
0.0,1,349.109928
-1.083805,2,349.137928
-3.155741,4,349.176928
-1.045515,2,349.196928
-2.183212,3,349.223929
-2.123979,3,349.262928
-1.068769,2,349.281928
-1.025883,2,349.299928
-2.101506,3,349.325928
-1.059499,2,349.352927
-2.112786,3,349.383928
0.0,1,349.393928
-3.213974,4,349.430928
-3.195626,4,349.471928
-3.193698,4,349.508928
-2.170106,3,349.541928
-1.056959,2,349.563052
-2.103845,3,349.596052
-3.230665,4,349.629052
-2.137788,3,349.658052
-3.222514,4,349.701053
-3.272311,4,349.743053
-1.053834,2,349.760052
-2.118836,3,349.786054
-2.177704,3,349.817053
-2.125594,3,349.850052
-2.112987,3,349.876052
-1.065265,2,349.894052
-0.002675,1,349.904052
-1.069547,2,349.927052
-3.271425,4,349.961116
-2.164845,3,349.990112
-2.103494,3,350.018113
-3.180694,4,350.063113
-3.166677,4,350.100116
-2.140535,3,350.127113
0.0,1,350.136115
-1.055906,2,350.162113
-2.110858,3,350.188113
-2.144916,3,350.215113
-2.171245,3,350.250619
-2.094975,3,350.28862
-2.181742,3,350.31662
-2.160915,3,350.345619
-2.209522,3,350.377619
-2.125186,3,350.408619
-2.118937,3,350.438622
-3.276418,4,350.47662
-3.251292,4,350.51162
-3.189072,4,350.551619
-1.063604,2,350.57062
-1.023066,2,350.588619
-2.096723,3,350.614
-1.032145,2,350.636002
-2.106273,3,350.666001
-3.205887,4,350.703
-2.141684,3,350.730001
-0.01617,1,350.744
-2.083154,3,350.775001
-2.152561,3,350.803001
-0.000367,1,350.813
-2.160662,3,350.844001
-3.200245,4,350.880001
-2.074217,3,350.909108
-1.028364,2,350.927106
-2.087369,3,350.959106
-2.138536,3,350.984105
-2.15831,3,351.012106
-1.051903,2,351.030106
-2.14531,3,351.059105
-2.17044,3,351.088106
-0.001886,1,351.097106
-2.104198,3,351.125105
-3.255171,4,351.164106
-2.187466,3,351.192106
-2.151533,3,351.219106
-2.143124,3,351.25311
-0.011407,1,351.272107
-0.013062,1,351.283106
-2.149481,3,351.310106
-2.103555,3,351.339106
-1.022564,2,351.362107
-2.089521,3,351.388109
-0.011318,1,351.397109
-3.227744,4,351.436616
-3.253652,4,351.480615
-1.029997,2,351.502614
-1.029383,2,351.522614
-1.027993,2,351.541614
-0.007748,1,351.555614
-3.223802,4,351.592615
-3.173566,4,351.627614
-2.110599,3,351.653614
-1.05571,2,351.677614
-2.130596,3,351.707614
-2.175992,3,351.739614
-1.020653,2,351.756614
-0.003047,1,351.773617
-2.140969,3,351.812614
-0.016529,1,351.821614
-1.035752,2,351.843615
-2.108813,3,351.876614
-2.18195,3,351.903614
-3.261887,4,351.938614
-3.207809,4,351.973616
-2.074852,3,352.005615
-2.156975,3,352.031614
-2.092408,3,352.056614
-2.156086,3,352.082614
-3.289792,4,352.125614
-2.122549,3,352.150614
-3.235697,4,352.185613
-0.019114,1,352.195615
-1.0271,2,352.220614
-2.166399,3,352.252618
-3.187701,4,352.293616
-3.160916,4,352.328613
-3.276097,4,352.370614
-1.028426,2,352.388614
-0.006447,1,352.396614
-1.075301,2,352.419614
-2.112375,3,352.450615
-1.07869,2,352.468615
-1.036209,2,352.487614
-0.005874,1,352.496614
-0.014566,1,352.508614
-2.098352,3,352.539616
-2.122568,3,352.574202
-2.166416,3,352.600203
-2.096946,3,352.632264
-2.151604,3,352.668265
-1.025408,2,352.686267
-1.03578,2,352.703265
-3.264777,4,352.764264
-2.152103,3,352.792266
-2.090165,3,352.826329
-3.178388,4,352.86533
-1.036876,2,352.889329
-1.0651,2,352.906329
-1.071722,2,352.92733
-1.028357,2,352.946329
-3.190317,4,352.99633
0.0,1,353.005332
0.0,1,353.014329
-2.091832,3,353.040329
-1.067093,2,353.062329
-2.100997,3,353.09033
0.0,1,353.10033
-0.00437,1,353.108329
-2.08886,3,353.139329
-2.103723,3,353.165329
-3.203519,4,353.218331
-1.03398,2,353.23933
-3.166598,4,353.295329
-1.063112,2,353.317331
-3.218635,4,353.361333
-3.228394,4,353.398329
-2.082977,3,353.433331
-1.024697,2,353.457329
-2.134281,3,353.483329
-3.18335,4,353.523331
-2.097645,3,353.555332
-2.142859,3,353.580332
-1.034739,2,353.597329
-1.066143,2,353.614329
-3.198594,4,353.661332
-2.105658,3,353.688106
-2.077705,3,353.715109
-1.063267,2,353.739111
-2.088171,3,353.771108
-0.015039,1,353.781109
-3.238853,4,353.827109
-1.064728,2,353.84911
-2.166825,3,353.882108
-2.190609,3,353.908109
-2.09903,3,353.934109
-2.105723,3,353.960108
-2.135143,3,353.994108
-1.05456,2,354.01211
-2.123925,3,354.037109
-2.124174,3,354.063108
-3.30205,4,354.106109
-2.078447,3,354.131109
-0.016374,1,354.140109
-3.250481,4,354.17511
-1.040218,2,354.19811
-2.17223,3,354.224111
-0.009363,1,354.233109
-3.240122,4,354.279109
-2.111522,3,354.313108
-2.159202,3,354.340109
-2.175621,3,354.366109
-3.235036,4,354.404109
-2.112739,3,354.435108
-2.111078,3,354.46111
-2.122198,3,354.488109
-2.10787,3,354.51511
-2.140072,3,354.54911
-2.182767,3,354.588109
-2.135392,3,354.616109
-3.178801,4,354.65511
-3.203102,4,354.694111
-2.173634,3,354.721108
-2.11126,3,354.753109
-1.054451,2,354.771109
-2.082717,3,354.801109
-1.074209,2,354.819113
-3.254461,4,354.859617
-3.205241,4,354.903618
-1.034866,2,354.926617
-1.043271,2,354.945618
-3.190792,4,354.98962
-2.191061,3,355.016618
-1.026257,2,355.039617
-3.31885,4,355.077618
-3.234946,4,355.111618
-2.145684,3,355.138618
-3.246344,4,355.180619
-1.064503,2,355.198619
-2.156696,3,355.223619
-2.158107,3,355.251619
-2.192679,3,355.296618
-2.124702,3,355.322618
-1.029309,2,355.338618
-3.18714,4,355.374618
-1.059749,2,355.398617
-2.086076,3,355.425617
-2.162511,3,355.451617
-3.244779,4,355.485618
-1.032146,2,355.508618
-3.218283,4,355.543618
-2.172354,3,355.569619
-3.206662,4,355.604618
-2.096409,3,355.637619
-3.201991,4,355.671618
-2.156256,3,355.699619
-1.040386,2,355.719618
-0.018367,1,355.733618
-2.105002,3,355.764618
-2.124057,3,355.790618
-1.085387,2,355.807618
-1.038753,2,355.832618
-2.124161,3,355.86162
-0.01597,1,355.870618
-3.221856,4,355.905619
-2.172043,3,355.937618
-3.239621,4,355.973619
-1.078499,2,355.991618
-1.024672,2,356.007619
-0.008652,1,356.021127
-0.015022,1,356.033126
-1.029619,2,356.053126
-1.05152,2,356.072127
-2.177581,3,356.106126
-2.187667,3,356.137126
-1.072674,2,356.156127
-2.105437,3,356.183125
-1.073668,2,356.206126
-1.033534,2,356.224129
-1.025613,2,356.241126
-1.089164,2,356.261126
-3.235369,4,356.308125
-1.056449,2,356.332129
-2.120173,3,356.361131
-3.215203,4,356.398126
-1.06592,2,356.422126
-3.275287,4,356.456127
-2.179762,3,356.483126
-1.074066,2,356.504126
-3.225768,4,356.545126
-2.138016,3,356.571126
-2.131359,3,356.600126
0.0,1,356.610126
-2.104274,3,356.641126
-2.189821,3,356.668129
-3.197581,4,356.706127
0.0,1,356.716126
-2.103727,3,356.747126
-2.094355,3,356.778126
-2.16657,3,356.804126
-2.140508,3,356.833126
-3.202286,4,356.875127
-2.119766,3,356.901126
-1.06744,2,356.921126
-0.00168,1,356.931127
-2.114685,3,356.962126
-2.153947,3,356.989127
-0.004423,1,356.998126
-3.216377,4,357.033126
-3.217079,4,357.074127
-3.236338,4,357.109125
-1.027901,2,357.127126
-1.047916,2,357.146126
0.0,1,357.15913
-1.049245,2,357.179639
-2.166921,3,357.214638
-2.130908,3,357.248638
-3.161748,4,357.298635
-3.183653,4,357.333635
-0.004046,1,357.342635
0.0,1,357.353635
-2.134281,3,357.388635
-0.00302,1,357.397635
-3.195654,4,357.434635
-1.04447,2,357.451636
-2.156805,3,357.487638
-2.167816,3,357.513635
-1.025637,2,357.535636
-2.091611,3,357.560635
-2.145193,3,357.593636
-2.081368,3,357.619636
-2.109553,3,357.644635
-2.134234,3,357.670635
-0.003333,1,357.684635
-2.092925,3,357.712636
-3.191805,4,357.747635
-3.205347,4,357.794747
0.0,1,357.808747
-0.011674,1,357.81775
-2.130017,3,357.842748
-2.119471,3,357.871747
-2.087649,3,357.906748
-1.050892,2,357.924748
-1.022868,2,357.942747
-1.071662,2,357.960747
-2.086577,3,357.994747
-1.073312,2,358.012748
-2.156546,3,358.039747
-2.13361,3,358.064748
-1.066598,2,358.087748
0.0,1,358.096747
-2.135976,3,358.122747
0.0,1,358.132747
-2.08343,3,358.163747
-2.083348,3,358.19475
-1.065152,2,358.212748
-1.029365,2,358.23375
-2.102559,3,358.264747
-2.095992,3,358.296747
-3.247779,4,358.340255
-2.157945,3,358.36826
-1.034176,2,358.391256
-0.013792,1,358.400256
-3.283662,4,358.441255
-2.145435,3,358.469255
-2.165251,3,358.501255
-2.136715,3,358.527255
-1.024221,2,358.545255
-1.043886,2,358.563255
-2.102832,3,358.596255
-1.031519,2,358.612257
-2.1744,3,358.639255
-2.124256,3,358.676255
-3.199731,4,358.729255
-2.151194,3,358.755257
-2.091784,3,358.784255
-1.063481,2,358.810255
-0.009108,1,358.824257
-3.243287,4,358.865255
-2.145565,3,358.894256
-2.113551,3,358.925256
-2.085041,3,358.961258
-1.050422,2,358.980255
-2.145954,3,359.010255
-2.108605,3,359.037256
-1.08471,2,359.063255
-2.130391,3,359.097255
0.0,1,359.108255
-3.231738,4,359.143256
-2.080144,3,359.175255
-2.168523,3,359.202255
-2.112942,3,359.235257
-1.027243,2,359.259256
-2.189538,3,359.309256
-2.102114,3,359.351256
-2.087797,3,359.379255
-2.130487,3,359.405257
0.0,1,359.418258
-1.025577,2,359.439258
-2.142273,3,359.468259
-2.145228,3,359.496762
-2.183408,3,359.527762
-2.086253,3,359.556763
-2.166764,3,359.589762
-3.183242,4,359.624765
-3.244216,4,359.666764
-2.12368,3,359.693763
-2.199652,3,359.718763
-1.028631,2,359.736765
-3.227656,4,359.776763
-3.190549,4,359.812762
-1.065144,2,359.832927
-2.11563,3,359.86193
-3.196893,4,359.905932
-2.170259,3,359.931928
-1.078703,2,359.948928
-3.175505,4,359.985928
-3.18981,4,360.025928
-2.101964,3,360.051927
-3.248964,4,360.087928
-1.049101,2,360.105928
-3.199818,4,360.150928
-0.016357,1,360.159927
0.0,1,360.168928
-3.182568,4,360.204927
-2.095742,3,360.235992
-1.082333,2,360.253992
-2.138939,3,360.279991
-0.001535,1,360.294992
-3.241722,4,360.350992
-2.099081,3,360.376992
-2.161186,3,360.403991
-2.183778,3,360.431993
-2.082089,3,360.463992
-2.179566,3,360.489991
-2.163611,3,360.516145
-2.083198,3,360.547145
-2.12976,3,360.579145
-2.165261,3,360.604146
-2.088687,3,360.631659
-3.248172,4,360.669653
-1.054317,2,360.694656
-3.218057,4,360.737654
-3.188036,4,360.774655
-2.15261,3,360.800653
-1.040256,2,360.821653
-2.093164,3,360.850653
-1.021086,2,360.873655
-4.7e-05,1,360.883653
-0.009322,1,360.896653
-2.09996,3,360.924655
0.0,1,360.933653
-1.026929,2,360.950654
-1.063033,2,360.974732
-2.18208,3,361.004731
-2.095843,3,361.030731
-2.161707,3,361.055732
-2.142929,3,361.091856
-1.033368,2,361.109856
-2.093237,3,361.141856
0.0,1,361.150857
-2.165473,3,361.184918
0.0,1,361.193919
-3.182002,4,361.232918
-3.295981,4,361.266917
-0.011332,1,361.281918
-2.117283,3,361.316918
-1.053099,2,361.333918
-2.133164,3,361.359917
-2.085566,3,361.389917
-1.045276,2,361.409917
-3.1704,4,361.444918
-2.098733,3,361.470917
-2.174623,3,361.501917
-1.042251,2,361.520918
-2.101761,3,361.547917
0.0,1,361.556918
-2.12093,3,361.588917
-2.177208,3,361.615918
-2.211675,3,361.643918
-3.179253,4,361.681918
-3.175379,4,361.722053
-0.005302,1,361.732054
-2.176658,3,361.759559
-2.136103,3,361.787564
-2.176296,3,361.818563
-1.061944,2,361.837562
-1.028952,2,361.858563
-3.273264,4,361.895562
-3.188733,4,361.937566
-1.04557,2,361.955562
-2.083398,3,361.989562
-3.218975,4,362.027561
-2.13397,3,362.059561
-1.023683,2,362.078561
-3.222239,4,362.112563
-1.054736,2,362.129562
-1.023783,2,362.150562
-1.026762,2,362.170561
-3.275884,4,362.208561
-1.022346,2,362.225562
-3.169718,4,362.265562
-2.093458,3,362.300563
-3.177119,4,362.338562
-2.095475,3,362.365562
-3.178864,4,362.407562
-2.179076,3,362.435562
-2.10391,3,362.460562
-1.047332,2,362.477561
-1.06017,2,362.501562
-1.02835,2,362.520562
-2.121678,3,362.546561
-3.154899,4,362.594562
-2.181089,3,362.629563
-1.032444,2,362.652561
-2.114179,3,362.678562
-1.054285,2,362.695562
-3.252154,4,362.745562
0.0,1,362.754562
-2.143959,3,362.785562
-2.200126,3,362.811561
-1.065481,2,362.836564
-2.133243,3,362.873561
-1.023618,2,362.890564
-3.168049,4,362.937069
-2.143555,3,362.971067
-1.072285,2,362.990068
-2.097313,3,363.021068
-2.13703,3,363.051068
-2.159915,3,363.087142
-3.213596,4,363.12114
-1.023267,2,363.14014
-2.135404,3,363.16814
-3.220646,4,363.213141
-2.167253,3,363.24014
-1.062217,2,363.25814
-2.190557,3,363.292222
-3.237317,4,363.337225
-2.136179,3,363.370223
-3.235781,4,363.419378
0.0,1,363.429375
-2.168805,3,363.469377
-1.03124,2,363.494376
-2.082682,3,363.525377
-1.077241,2,363.543377
-1.047197,2,363.571377
-3.285663,4,363.615375
-2.100311,3,363.643377
-2.100162,3,363.669376
-3.219516,4,363.711375
-2.117733,3,363.739375
-2.123175,3,363.765375
-1.031088,2,363.782376
-2.189554,3,363.819377
-3.210741,4,363.858375
-3.212122,4,363.896375
-2.132953,3,363.923375
-1.036321,2,363.947375
-3.237437,4,363.983375
-2.168903,3,364.008375
-2.162546,3,364.035378
-3.232911,4,364.079887
-1.069201,2,364.096888
-2.115359,3,364.127888
0.0,1,364.137892
-0.000986,1,364.15489
-2.080388,3,364.182888
-1.02917,2,364.201888
-1.06559,2,364.223887
-2.135464,3,364.257889
-0.013948,1,364.268889
-1.068939,2,364.292887
-2.159843,3,364.326887
-1.038388,2,364.354887
-3.187877,4,364.393889
-1.047638,2,364.413889
-3.230871,4,364.448887
-2.183073,3,364.486887
-2.156838,3,364.512888
-2.166699,3,364.538888
-1.066531,2,364.555887
-2.140326,3,364.589887
-2.171704,3,364.61789
-2.161456,3,364.645888
-2.113483,3,364.677887
-1.053688,2,364.699889
-1.074435,2,364.716887
-2.11796,3,364.742887
-3.200737,4,364.777887
-2.105999,3,364.815888
-2.10458,3,364.842889
-2.101071,3,364.872887
-3.202095,4,364.90989
-1.035123,2,364.931888
-2.130039,3,364.958888
-3.308596,4,364.997887
-2.113845,3,365.025889
-3.184575,4,365.066887
-2.095274,3,365.09989
-0.006845,1,365.108887
-1.038803,2,365.131888
-2.120436,3,365.164892
-1.025954,2,365.184396
-2.102757,3,365.218607
0.0,1,365.228606
-3.183849,4,365.273607
-3.192489,4,365.321609
-2.14195,3,365.349607
-2.179293,3,365.380606
-3.262322,4,365.420606
-2.151907,3,365.447607
-2.095361,3,365.476607
-3.175108,4,365.510607
-0.003962,1,365.523606
-3.238389,4,365.561606
-2.182103,3,365.588608
-2.137004,3,365.614607
0.0,1,365.628608
-1.072814,2,365.646606
-3.25095,4,365.683606
-2.09082,3,365.710606
-1.038483,2,365.732607
-2.175268,3,365.758606
-3.243206,4,365.794609
-2.098041,3,365.820606
-1.029938,2,365.844607
-2.14938,3,365.880606
-2.185302,3,365.910609
-1.049916,2,365.929606
-3.188722,4,365.968606
-3.221885,4,366.004606
-3.190712,4,366.039607
0.0,1,366.048606
-1.072901,2,366.071608
-1.020107,2,366.089607
-2.155538,3,366.117606
-2.093054,3,366.142607
-1.066406,2,366.165607
-2.101044,3,366.195608
-0.019703,1,366.210607
-2.146557,3,366.240607
-3.227571,4,366.280606
-2.130578,3,366.317606
-3.191088,4,366.356117
-2.084878,3,366.385115
-1.059363,2,366.411115
-2.177488,3,366.444117
-3.206273,4,366.480115
-3.260348,4,366.514116
-2.102628,3,366.546116
-1.045991,2,366.566116
-1.085843,2,366.583116
-3.20178,4,366.617115
-1.042248,2,366.642115
-2.169011,3,366.670116
-2.148748,3,366.695116
-2.141319,3,366.724115
-3.239514,4,366.765116
-2.082069,3,366.793115
-2.104245,3,366.821115
-3.245019,4,366.966119
-2.131523,3,367.001116
-3.232644,4,367.039116
0.0,1,367.049115
-3.235429,4,367.089117
-2.150627,3,367.123118
-3.185007,4,367.161115
-2.126345,3,367.191115
-3.198332,4,367.227116
-3.19131,4,367.267115
0.0,1,367.277116
-1.043701,2,367.304116
-1.044856,2,367.329117
-1.058558,2,367.354115
-2.171732,3,367.380115
-2.07414,3,367.406117
-1.039311,2,367.431116
-2.176867,3,367.467115
-1.030826,2,367.484118
-1.03204,2,367.503626
-3.278945,4,367.544628
-1.045356,2,367.568625
-1.058926,2,367.587628
-2.118839,3,367.614626
0.0,1,367.622625
-1.026392,2,367.648625
-2.115491,3,367.677626
-1.027352,2,367.694626
-2.131146,3,367.720627
-3.241141,4,367.761949
-3.198945,4,367.79795
-2.102275,3,367.823949
-1.042826,2,367.84095
-3.25245,4,367.883949
-2.150793,3,367.909949
-3.217251,4,367.946951
-2.091275,3,368.013952
-3.21944,4,368.110142
-2.13902,3,368.155138
-3.220028,4,368.20114
0.0,1,368.214139
-1.051577,2,368.24414
-3.167529,4,368.29914
-2.082395,3,368.340139
-2.116765,3,368.378139
0.0,1,368.396142
-1.04567,2,368.41914
-2.152931,3,368.452139
-2.128599,3,368.477139
-3.158967,4,368.524139
-1.065545,2,368.542138
-2.121408,3,368.568138
-1.047981,2,368.587141
-2.097699,3,368.62014
-3.235958,4,368.655139
-2.140148,3,368.68265
-0.00455,1,368.693649
-1.028383,2,368.716649
-3.324592,4,368.762649
-1.022165,2,368.78465
-3.200988,4,368.820649
-0.008942,1,368.840653
-2.124421,3,368.868714
-2.111006,3,368.894714
-2.127416,3,368.920714
-3.193235,4,368.967716
-1.038374,2,368.986714
-2.093929,3,369.014715
0.0,1,369.022714
-3.20756,4,369.064714
-1.02119,2,369.083714
0.0,1,369.092714
-2.134253,3,369.123714
-2.08056,3,369.154714
-2.143153,3,369.183714
-2.081281,3,369.209714
0.0,1,369.218714
-3.158815,4,369.258784
-2.088143,3,369.288871
-2.129978,3,369.322868
-1.074698,2,369.34296
-1.034711,2,369.364961
-3.22219,4,369.404961
-3.228194,4,369.440961
-2.135226,3,369.46696
-2.165183,3,369.499961
-1.04895,2,369.518962
-2.157946,3,369.544961
-3.225329,4,369.578961
-2.096846,3,369.612964
-2.142595,3,369.641961
-1.033599,2,369.658961
-2.131965,3,369.683961
0.0,1,369.696961
-2.17878,3,369.725961
-3.237002,4,369.760961
0.0,1,369.771964
-2.116211,3,369.802963
-2.169439,3,369.832469
-2.105316,3,369.860469
-2.118949,3,369.887469
-1.061975,2,369.910468
-2.132028,3,369.943468
-2.117984,3,369.973469
-1.042743,2,369.992471
-3.272579,4,370.031532
-2.087703,3,370.059531
-3.236788,4,370.100533
-3.163141,4,370.139532
-0.015907,1,370.152596
-3.168276,4,370.192597
-3.228335,4,370.229659
-3.207653,4,370.263659
-2.0959,3,370.304659
-1.071922,2,370.322659
-2.112473,3,370.347659
-1.077672,2,370.364659
-1.041555,2,370.388659
-3.181496,4,370.425661
-0.012326,1,370.434659
-2.160623,3,370.460659
-1.033096,2,370.48266
-0.01996,1,370.49566
-3.185147,4,370.535661
-1.069751,2,370.552659
-2.077896,3,370.58566
-2.114257,3,370.616659
-1.067483,2,370.634659
0.0,1,370.642659
-3.182516,4,370.684714
-2.115164,3,370.711714
-0.016314,1,370.720715
-3.185637,4,370.756804
-3.222055,4,370.795803
-2.193279,3,370.825885
-1.063532,2,370.843882
-2.203779,3,370.871882
-3.210707,4,370.911882
-3.198799,4,370.948885
-2.165843,3,370.97739
-2.093841,3,371.00739
-3.194197,4,371.05139
-2.131876,3,371.07839
-1.040333,2,371.09739
-2.161637,3,371.128389
-1.059493,2,371.15239
-2.112659,3,371.183389
-1.038185,2,371.201391
-1.030793,2,371.21839
-0.013574,1,371.23139
-2.152484,3,371.26539
-3.21133,4,371.30839
-0.005352,1,371.320391
-2.157304,3,371.352389
-2.15541,3,371.381389
-2.10982,3,371.40939
-2.186805,3,371.43439
-3.23425,4,371.47839
-2.180926,3,371.50639
-2.13,3,371.532393
-2.093152,3,371.55839
-2.10575,3,371.594393
-2.110313,3,371.62139
-2.07599,3,371.64739
-2.119934,3,371.673389
-1.046965,2,371.69639
-2.158306,3,371.72439
-1.083737,2,371.741389
-2.101444,3,371.769391
-1.075139,2,371.791389
-2.132652,3,371.82339
-1.054157,2,371.840389
-2.153168,3,371.867389
-2.163464,3,371.901391
-2.102523,3,371.932391
-3.258888,4,371.97739
-1.054782,2,371.998389
-2.148394,3,372.03039
-2.165962,3,372.059393
-3.228487,4,372.09439
-3.292381,4,372.13039
-2.095213,3,372.191898
0.0,1,372.2009
0.0,1,372.210897
-2.1454,3,372.2389
-1.067103,2,372.264898
-2.112369,3,372.298897
-1.028844,2,372.318897
-3.167736,4,372.358898
-1.035431,2,372.380898
-3.272731,4,372.417897
-2.110756,3,372.442898
-2.162189,3,372.474897
-3.324704,4,372.517897
-3.239352,4,372.551898
-1.078108,2,372.573897
-2.172387,3,372.601898
-2.115263,3,372.633898
-1.040569,2,372.651899
-1.023924,2,372.669898
-1.036454,2,372.689898
-1.04854,2,372.711897
-3.253336,4,372.745898
-2.083544,3,372.771898
-1.074365,2,372.791898
-2.156555,3,372.822897
-0.004972,1,372.831899
-2.104594,3,372.859002
-2.114557,3,372.885003
-3.243956,4,372.9273
0.0,1,372.937299
0.0,1,372.946299
-2.134726,3,372.974298
-1.070153,2,372.997299
-3.240345,4,373.035299
-2.160839,3,373.061298
-2.179801,3,373.087299
-2.17007,3,373.121299
-2.128545,3,373.149299
-2.144178,3,373.181298
-1.031381,2,373.199298
-3.160362,4,373.240299
-1.031862,2,373.261298
-3.172989,4,373.304811
-1.051583,2,373.324809
-1.062463,2,373.349808
-2.090918,3,373.378809
-2.098243,3,373.409809
-3.247302,4,373.446809
0.0,1,373.458809
-2.13554,3,373.486809
-2.175033,3,373.516808
-1.062002,2,373.535809
-3.189313,4,373.581809
-2.098221,3,373.618809
-3.317214,4,373.663812
-1.066328,2,373.684809
-1.065417,2,373.711809
-3.192648,4,373.755876
-2.162729,3,373.790875
-3.239259,4,373.831875
-2.13994,3,373.864876
0.0,1,373.873875
-1.062395,2,373.892875
-1.068329,2,373.914877
-3.210381,4,373.954875
-3.245434,4,373.988876
-3.203246,4,374.031876
-2.127594,3,374.059876
-2.206473,3,374.091875
-1.081377,2,374.110875
-2.170739,3,374.138876
-3.219129,4,374.171875
-2.151931,3,374.205877
-3.223081,4,374.250879
-2.099328,3,374.276876
-1.034434,2,374.299875
-1.078578,2,374.326878
-2.138846,3,374.356876
-2.189328,3,374.383876
-3.201475,4,374.417875
-3.162634,4,374.463386
-3.181592,4,374.500384
-2.1486,3,374.529385
-2.145198,3,374.559384
-2.085732,3,374.592384
-2.141267,3,374.617383
-2.098613,3,374.643384
-3.200436,4,374.680384
-2.17639,3,374.712384
-2.1256,3,374.738384
-3.215121,4,374.774384
-1.030688,2,374.792384
-2.102539,3,374.824385
-2.181985,3,374.855387
-1.078426,2,374.890385
-1.05448,2,374.913637
-2.100962,3,374.945637
-3.204718,4,374.993637
-1.069645,2,375.014637
-0.012317,1,375.028637
-2.169618,3,375.065637
-2.185597,3,375.094639
-3.301969,4,375.133637
-2.114979,3,375.159636
0.0,1,375.173637
-2.095993,3,375.203637
-1.038926,2,375.222636
-1.061061,2,375.240639
-3.213533,4,375.283637
-2.156178,3,375.317636
-2.171865,3,375.347636
-2.107391,3,375.374637
-1.03978,2,375.399639
-2.111641,3,375.427637
-3.236568,4,375.474636
-0.009058,1,375.484637
-3.20107,4,375.526637
-2.118306,3,375.554636
-0.011502,1,375.564638
-1.076293,2,375.584144
-1.057887,2,375.607145
-2.124334,3,375.635145
-2.135021,3,375.666143
-1.068855,2,375.685144
-1.02003,2,375.709143
-3.237972,4,375.743144
-2.168824,3,375.773222
-3.229694,4,375.808223
-0.012374,1,375.822223
-1.033793,2,375.840222
-1.073021,2,375.859223
-1.094232,2,375.878223
-2.097333,3,375.911223
-2.098126,3,375.937223
-1.061372,2,375.954223
-2.152302,3,375.981222
-2.180803,3,376.011334
-2.204135,3,376.041334
-3.228812,4,376.079334
-1.058442,2,376.097334
-3.2067,4,376.143334
-3.170838,4,376.183336
-3.218443,4,376.221336
-2.170615,3,376.246335
-1.064622,2,376.268335
-2.173994,3,376.303334
-0.015483,1,376.315336
-1.074911,2,376.335334
-0.016919,1,376.347334
-0.003789,1,376.357336
-0.017278,1,376.366334
-2.117297,3,376.392334
-0.013416,1,376.405424
-1.037799,2,376.425425
-3.158901,4,376.463423
-3.194125,4,376.497424
-1.029267,2,376.525425
-1.025382,2,376.547424
-2.148642,3,376.573424
-2.089319,3,376.598424
-1.034717,2,376.621425
-3.234419,4,376.665424
-2.156168,3,376.690424
-3.168696,4,376.725426
-2.116008,3,376.760933
-2.123214,3,376.790933
-3.173545,4,376.824933
-1.065351,2,376.841933
-2.161204,3,376.881933
-3.233952,4,376.918934
-2.120611,3,376.946933
-2.134908,3,376.973933
-3.248369,4,377.014933
-3.25748,4,377.056934
-2.158663,3,377.087933
-3.208109,4,377.125934
-2.162538,3,377.157934
-1.032805,2,377.180933
0.0,1,377.188935
-1.027046,2,377.208934
-3.191347,4,377.249933
-1.059045,2,377.268934
-3.199561,4,377.317932
-2.07734,3,377.343933
-1.086212,2,377.364933
-1.036074,2,377.386936
-3.21652,4,377.422933
-2.165335,3,377.448933
-2.118627,3,377.481936
-2.161859,3,377.510932
-2.152104,3,377.542933
-2.136099,3,377.568933
-1.05428,2,377.590933
0.0,1,377.602933
-2.192343,3,377.639933
-2.0927,3,377.671936
-3.180354,4,377.713933
-0.016493,1,377.723933
-2.097434,3,377.750932
-2.161122,3,377.780933
-1.090507,2,377.801933
-1.059016,2,377.821933
-3.19972,4,377.861934
-2.103071,3,377.887933
-2.10724,3,377.926446
-3.221589,4,377.977444
-2.089328,3,378.007444
-2.117547,3,378.036444
-0.010753,1,378.053445
-1.024402,2,378.074443
-3.17143,4,378.108445
-3.315173,4,378.141443
0.0,1,378.155443
-1.072346,2,378.175443
-1.022764,2,378.193443
-3.170093,4,378.231443
-2.141277,3,378.262443
-2.110168,3,378.296443
-2.124306,3,378.327444
-2.162851,3,378.356443
-2.112696,3,378.391443
-1.023121,2,378.410443
-3.247499,4,378.449536
-1.06146,2,378.466536
-3.183967,4,378.512539
-1.033232,2,378.531536
-1.028282,2,378.551539
-3.270877,4,378.587537
-2.143875,3,378.621538
-2.113054,3,378.65454
-3.221164,4,378.689538
-1.024963,2,378.706536
0.0,1,378.721537
-2.14074,3,378.754536
-2.160476,3,378.787539
-1.027033,2,378.805537
-1.03881,2,378.832538
-2.164771,3,378.862536
-1.057576,2,378.880537
-2.156514,3,378.906536
-1.0687,2,378.929537
-1.02708,2,378.949537
-1.021277,2,378.968536
0.0,1,378.977537
-3.184039,4,379.0216
-1.044375,2,379.040601
-2.091776,3,379.069603
-2.088766,3,379.097108
-1.081879,2,379.12011
-1.082647,2,379.137107
-3.197894,4,379.18111
-3.220287,4,379.217108
-3.237886,4,379.25811
-2.091127,3,379.287108
-2.102868,3,379.321109
-2.105618,3,379.356109
-1.060817,2,379.382108
-1.05696,2,379.404108
-3.23344,4,379.439111
-2.092395,3,379.46411
-2.102288,3,379.497108
-1.064225,2,379.517108
-2.117825,3,379.544108
-1.048541,2,379.561108
-3.221844,4,379.602108
-3.213024,4,379.638108
-0.015925,1,379.64911
-2.116727,3,379.675108
-2.13757,3,379.709108
-2.11663,3,379.736108
-1.024834,2,379.753109
-2.094582,3,379.78811
-1.065731,2,379.809108
-2.087512,3,379.83911
0.0,1,379.849108
-1.031776,2,379.867107
-2.116198,3,379.898108
-2.087354,3,379.926109
-2.153052,3,379.954108
-1.038464,2,379.971109
-2.136714,3,380.003108
-3.170292,4,380.040108
-2.127164,3,380.070335
-2.107719,3,380.098337
-2.154149,3,380.130334
-3.297165,4,380.167413
-3.236768,4,380.209414
-1.047111,2,380.234924
-1.082234,2,380.262927
-2.155425,3,380.292925
-2.178074,3,380.328926
-1.035982,2,380.350924
-1.025895,2,380.381924
-2.110588,3,380.408925
-3.277529,4,380.446059
-0.012533,1,380.457061
-2.07856,3,380.490058
-3.173519,4,380.527058
-2.180312,3,380.55806
-2.097573,3,380.589059
-2.121151,3,380.624058
-2.187883,3,380.649058
-1.068,2,380.666058
-3.212173,4,380.703327
0.0,1,380.719327
-3.170699,4,380.754326
-1.045352,2,380.771327
-2.120473,3,380.804329
-1.066414,2,380.828326
-3.178251,4,380.869327
-3.192491,4,380.906327
0.0,1,380.920327
-3.206273,4,380.966329
-3.239613,4,381.002326
-2.143222,3,381.029326
-1.034237,2,381.048327
-1.024422,2,381.071327
0.0,1,381.081326
-3.235376,4,381.115327
-2.123043,3,381.142326
-1.053718,2,381.166326
-1.061732,2,381.183326
-1.089361,2,381.201326
0.0,1,381.210327
-0.018666,1,381.223326
-2.161847,3,381.254329
-2.174785,3,381.283327
-2.16162,3,381.311326
-0.008905,1,381.328329
-1.026889,2,381.352328
-2.103626,3,381.379328
-2.206329,3,381.407835
-3.200976,4,381.453835
-0.004324,1,381.463835
-3.296854,4,381.506835
-2.123552,3,381.536943
-3.7e-05,1,381.551948
-1.077274,2,381.572943
-0.010715,1,381.580942
-3.170655,4,381.616943
-1.050239,2,381.639946
-2.141227,3,381.669943
-2.12682,3,381.698946
-3.178891,4,381.733943
-2.092212,3,381.765943
-1.077713,2,381.782945
-3.314588,4,381.820946
-2.104407,3,381.846943
-3.229719,4,381.897136
-1.033815,2,381.916136
-2.090829,3,381.946138
-3.241797,4,381.979136
-3.171012,4,382.023136
-2.141456,3,382.049136
-3.211008,4,382.087136
-2.153678,3,382.120137
-2.086555,3,382.155138
-0.001554,1,382.164135
-0.018894,1,382.173136
-3.183376,4,382.208138
-2.137561,3,382.241136
-3.23959,4,382.275136
-1.079984,2,382.292135
-3.225384,4,382.338137
-3.265497,4,382.387136
-2.090756,3,382.416138
-1.081309,2,382.435135
-3.337749,4,382.475136
-2.127231,3,382.507136
-2.165018,3,382.535645
-1.036799,2,382.555645
-1.051423,2,382.573645
-1.021121,2,382.596645
-2.084639,3,382.630645
-1.021663,2,382.652646
-1.041389,2,382.672719
-2.104283,3,382.704719
-0.0025,1,382.713718
-2.092784,3,382.739719
-3.192772,4,382.77772
-2.096529,3,382.808719
-3.235308,4,382.842719
-2.11739,3,382.869719
-1.069233,2,382.888718
-0.013857,1,382.903719
-2.178861,3,382.930718
-1.031099,2,382.947719
-2.149473,3,382.97272
-3.285423,4,383.014719
-2.142653,3,383.041719
-2.078154,3,383.066719
-2.177666,3,383.093718
-3.275798,4,383.134719
-1.022995,2,383.152719
-2.126097,3,383.178719
0.0,1,383.186718
-2.099487,3,383.219718
-1.050583,2,383.24372
-2.091313,3,383.274719
0.0,1,383.283719
-2.113243,3,383.317719
-3.230205,4,383.361719
-3.261297,4,383.395719
-2.091838,3,383.422722
-3.225387,4,383.462718
-0.018491,1,383.47172
-2.1001,3,383.497719
-0.002491,1,383.507719
-3.163116,4,383.548719
-3.190029,4,383.584719
-1.09042,2,383.602719
-2.122362,3,383.628719
-0.009414,1,383.641719
-1.020762,2,383.663223
-1.026544,2,383.687225
-2.151854,3,383.720225
-2.098703,3,383.759226
-2.158971,3,383.794227
-2.130782,3,383.829225
-3.216205,4,383.877228
-3.253439,4,383.926225
-3.192991,4,383.967299
-2.176843,3,383.995299
-1.036865,2,384.013299
-2.136435,3,384.0463
-3.181765,4,384.086298
-2.099747,3,384.117299
-2.097418,3,384.142298
-1.08149,2,384.164298
-2.173625,3,384.192299
-1.022688,2,384.210299
-3.175384,4,384.244299
-1.030389,2,384.266299
-2.156898,3,384.2943
-1.026398,2,384.314301
-2.165647,3,384.3493
-1.065136,2,384.378302
-3.225551,4,384.414298
-2.138063,3,384.441299
-1.032254,2,384.459301
-1.067915,2,384.481298
-1.045276,2,384.499299
0.0,1,384.508301
-1.064724,2,384.526299
-1.071146,2,384.548299
-3.19827,4,384.583301
-1.075456,2,384.601299
-2.08711,3,384.6293
-2.113765,3,384.6603
-1.050888,2,384.677299
-3.285736,4,384.713299
-2.117146,3,384.738299
-0.016905,1,384.7523
-2.130933,3,384.781298
-3.169734,4,384.816811
-2.154714,3,384.843808
-2.117884,3,384.882808
-2.113065,3,384.913808
-1.04015,2,384.934808
-3.209683,4,384.969808
-2.088868,3,385.000808
-3.202954,4,385.033809
-2.135684,3,385.059808
-1.066273,2,385.078808
-1.073154,2,385.101808
-2.138841,3,385.130808
-2.1666,3,385.156808
-3.176672,4,385.191869
-3.220202,4,385.230869
-3.318112,4,385.26587
-1.032997,2,385.282869
-1.054726,2,385.300869
-1.05247,2,385.326869
-0.005366,1,385.339872
-2.136613,3,385.372869
-2.095888,3,385.401869
0.0,1,385.413872
-3.189965,4,385.452872
-2.139723,3,385.484869
-1.082044,2,385.501869
-1.025983,2,385.526869
-1.071808,2,385.544869
-3.24368,4,385.581869
-2.1095,3,385.608871
-1.037199,2,385.633873
-2.154637,3,385.666869
-2.178462,3,385.691869
-1.04034,2,385.70887
-1.020153,2,385.735869
-2.188,3,385.763869
-1.072299,2,385.78387
-3.1988,4,385.817869
-3.206616,4,385.864872
-1.061044,2,385.882869
-2.093566,3,385.91087
-4.362274,5,385.97349
-3.177521,4,386.015488
-2.078282,3,386.041488
-2.10609,3,386.068487
-3.17788,4,386.110487
-1.085262,2,386.133489
-2.087219,3,386.165488
-1.047033,2,386.185487
-2.101758,3,386.215487
-2.151989,3,386.247487
-2.096017,3,386.274488
-2.163376,3,386.301487
-1.065288,2,386.318487
-3.243289,4,386.366488
-1.025977,2,386.384488
-1.078385,2,386.403488
-1.033871,2,386.422488
-1.046335,2,386.443487
-2.127464,3,386.470487
-2.109522,3,386.497488
-3.19706,4,386.532487
0.0,1,386.545488
-3.165161,4,386.581487
-1.033457,2,386.599487
-2.147438,3,386.627489
-1.057674,2,386.653489
-2.168625,3,386.681488
-3.210345,4,386.716488
-2.174912,3,386.743487
-3.175309,4,386.786487
-2.161452,3,386.814487
-2.071055,3,386.842488
-3.274067,4,386.882488
-1.03142,2,386.904488
0.0,1,386.913487
-2.156359,3,386.941487
-1.073604,2,386.960488
-0.010829,1,386.973487
-2.11558,3,387.000488
-2.104156,3,387.02749
-2.15697,3,387.054488
-3.207819,4,387.094487
-2.08874,3,387.12449
-2.158207,3,387.156995
-1.048577,2,387.176996
-1.051817,2,387.198995
-2.112091,3,387.226995
-3.219649,4,387.266995
-2.112109,3,387.293995
-1.027307,2,387.316995
-1.061538,2,387.341995
-1.063205,2,387.363997
-3.205769,4,387.402998
-2.11449,3,387.434996
-2.166913,3,387.460995
-3.256582,4,387.498995
-3.265798,4,387.532995
-3.287474,4,387.574995
-2.160809,3,387.602998
-3.196641,4,387.646996
-2.157598,3,387.675995
-1.030397,2,387.699995
-1.036574,2,387.719995
-2.127436,3,387.751995
-2.100318,3,387.779995
-3.242776,4,387.824996
0.0,1,387.833996
-2.116228,3,387.860995
-2.098752,3,387.887995
-2.179813,3,387.921999
-2.165037,3,387.950995
-2.184709,3,387.976995
-2.116055,3,388.005996
-1.064321,2,388.030995
-1.089437,2,388.048995
-1.052998,2,388.065998
-2.17212,3,388.090996
-0.01427,1,388.104995
-2.105967,3,388.134996
-2.118422,3,388.164998
-3.245624,4,388.204995
0.0,1,388.217995
-3.191403,4,388.254996
-3.178517,4,388.290001
-0.011023,1,388.299503
-1.06207,2,388.322504
-1.032181,2,388.345503
-1.045978,2,388.368503
-2.137997,3,388.405504
-2.121575,3,388.444616
-2.139999,3,388.471616
-3.198637,4,388.511613
-1.025531,2,388.528614
-2.152849,3,388.562613
-3.232372,4,388.599613
-1.027286,2,388.617613
-2.107597,3,388.641616
-2.124647,3,388.674613
-0.018553,1,388.684614
-2.105126,3,388.712613
-3.242643,4,388.745614
-1.024061,2,388.769613
-2.138964,3,388.796613
-3.173156,4,388.836616
-2.15955,3,388.870613
-0.006702,1,388.887613
-0.017019,1,388.897613
-2.166998,3,388.926613
-2.197398,3,388.952614
-2.083965,3,388.986613
-2.12443,3,389.013613
-2.12138,3,389.045614
-2.108416,3,389.077614
-1.055944,2,389.103614
-2.089284,3,389.131613
-2.113379,3,389.166613
-2.072086,3,389.194613
-2.096974,3,389.226613
-1.037224,2,389.245614
-2.08835,3,389.272614
-2.104405,3,389.297613
-2.141691,3,389.331613
-2.13759,3,389.372613
-2.07805,3,389.397613
-2.095736,3,389.424696
-1.070401,2,389.450697
-1.067476,2,389.473202
-2.155535,3,389.499201
-1.050167,2,389.517201
-2.093962,3,389.551201
-1.029852,2,389.573202
-2.121911,3,389.608202
-1.063903,2,389.625201
-1.06431,2,389.648201
-1.038851,2,389.665204
-2.168174,3,389.693201
-2.165655,3,389.722202
-1.024181,2,389.750202
-2.132783,3,389.781202
-2.133163,3,389.810202
-0.002572,1,389.818201
0.0,1,389.832201
-1.064523,2,389.853202
-1.062853,2,389.870201
-1.05825,2,389.887201
-0.004885,1,389.903204
-2.088986,3,389.931202
-2.161869,3,389.959204
0.0,1,389.969202
-2.140566,3,390.006202
-3.250368,4,390.042202
-3.188541,4,390.075202
-3.216089,4,390.120201
-2.092585,3,390.151201
-2.146865,3,390.177202
-3.276783,4,390.211201
0.0,1,390.223202
-2.163472,3,390.256202
-2.1086,3,390.287201
-3.222398,4,390.321201
-2.107541,3,390.351201
-1.054822,2,390.382201
-2.109645,3,390.411202
-3.200104,4,390.446201
-1.021004,2,390.468202
-3.176684,4,390.512201
-2.125179,3,390.539201
-3.212686,4,390.583204
-2.129237,3,390.612712
-2.1009,3,390.646715
-2.178816,3,390.677714
0.0,1,390.687712
-2.109231,3,390.717712
-2.175526,3,390.754713
-2.143048,3,390.786713
-2.121888,3,390.820714
-3.230001,4,390.862712
-2.097502,3,390.896713
-2.148042,3,390.923712
-2.133615,3,390.950712
-1.076563,2,390.967793
-3.315955,4,391.013794
-1.052356,2,391.031793
-1.033248,2,391.057793
-3.216615,4,391.103792
-1.066627,2,391.131791
0.0,1,391.139791
-2.084259,3,391.168791
-1.057621,2,391.187792
-2.093212,3,391.227793
-2.155755,3,391.268791
-2.163761,3,391.296792
-3.197712,4,391.344792
-2.186436,3,391.387792
-3.292099,4,391.428882
-1.079414,2,391.451881
-1.065075,2,391.469882
-2.157453,3,391.505881
-3.223089,4,391.54295
-2.107432,3,391.568949
-2.083772,3,391.59395
-3.209432,4,391.637952
-1.051023,2,391.66695
-1.065384,2,391.684951
-1.053777,2,391.701949
-0.01853,1,391.71895
-2.091524,3,391.749463
-1.061408,2,391.772461
-3.190386,4,391.80746
-2.137654,3,391.83846
-2.087752,3,391.86946
-2.108218,3,391.903462
-1.0562,2,391.92146
-2.141816,3,391.95246
-1.021832,2,391.96946
-2.142764,3,391.99946
-2.103259,3,392.02446
-2.195945,3,392.05546
-2.12136,3,392.080459
0.0,1,392.09246
-2.112218,3,392.11946
-1.055688,2,392.14246
-1.080632,2,392.159461
-1.041548,2,392.17646
-3.187149,4,392.215462
-3.252217,4,392.265464
-2.122267,3,392.29646
-1.043202,2,392.316461
-2.101012,3,392.34346
-1.065567,2,392.37046
-2.11343,3,392.39846
-3.177764,4,392.43646
-0.006136,1,392.44446
-2.185169,3,392.47546
-1.043226,2,392.49346
-0.003448,1,392.50246
-3.209856,4,392.54346
-2.186085,3,392.57446
-2.130753,3,392.60246
-3.203826,4,392.637459
-2.08813,3,392.66946
-3.16542,4,392.70946
-2.14761,3,392.736462
-2.163802,3,392.767462
-3.245236,4,392.80546
-1.066569,2,392.82746
-1.049671,2,392.84846
-1.030766,2,392.872461
-1.048427,2,392.891461
-2.139905,3,392.92697
-1.025685,2,392.94697
0.0,1,392.957969
-1.030909,2,392.97897
-1.061375,2,393.00097
-3.282078,4,393.042969
-1.025979,2,393.06197
-2.099644,3,393.09497
-0.009948,1,393.11297
-1.03541,2,393.132969
-2.100892,3,393.15897
-3.195302,4,393.20397
-0.016573,1,393.22297
-2.08041,3,393.250969
-2.159193,3,393.27997
-2.12083,3,393.308969
-3.239223,4,393.348969
-2.138762,3,393.38197
-2.147574,3,393.40997
-1.035651,2,393.42897
-3.202223,4,393.471973
-2.130433,3,393.495969
-3.265265,4,393.533969
-3.18942,4,393.57297
-2.166377,3,393.60797
-3.16785,4,393.649043
-3.251691,4,393.682042
-1.024756,2,393.700042
-3.202219,4,393.740042
-1.089233,2,393.76105
-3.334818,4,393.800043
-2.127821,3,393.827042
-2.0973,3,393.866045
-3.279037,4,393.905042
0.0,1,393.916171
-2.128332,3,393.947173
-1.058673,2,393.97717
-2.160642,3,394.005169
-2.10762,3,394.035171
-2.112375,3,394.069678
-2.147949,3,394.112677
-1.026874,2,394.130677
-3.241383,4,394.17668
-2.190528,3,394.208678
-3.283332,4,394.249677
-2.126942,3,394.279678
-1.022093,2,394.300677
-2.161954,3,394.33168
-3.260935,4,394.375678
-1.0408,2,394.40368
-2.136757,3,394.430678
-2.170997,3,394.457678
-2.096314,3,394.490679
-3.196915,4,394.53168
-2.141197,3,394.558677
-2.156505,3,394.588678
-2.129714,3,394.624677
0.0,1,394.635677
-3.176164,4,394.669677
-3.164391,4,394.704677
-3.233718,4,394.748677
-1.062515,2,394.765678
-1.03828,2,394.787677
-2.151798,3,394.813677
-2.163125,3,394.845678
-1.02333,2,394.866678
-2.159811,3,394.892677
-2.080234,3,394.918677
-2.16728,3,394.954677
0.0,1,394.963677
-2.191488,3,394.989677
0.0,1,394.998677
-0.019991,1,395.011677
-1.035084,2,395.029677
-1.035129,2,395.048677
-1.056521,2,395.074678
0.0,1,395.094677
-3.220202,4,395.129677
-3.296858,4,395.16974
-1.05518,2,395.188739
-0.008901,1,395.202245
-2.129502,3,395.230246
-2.166484,3,395.262247
-1.07831,2,395.281245
-2.164256,3,395.314245
-3.170179,4,395.351247
-2.088079,3,395.385249
-2.123715,3,395.416246
-0.003973,1,395.430246
-3.172887,4,395.465246
-1.032587,2,395.484245
-1.044694,2,395.503247
-1.047635,2,395.525246
-2.157677,3,395.552246
-1.033515,2,395.571246
-1.033213,2,395.590245
-2.135922,3,395.621245
-1.029746,2,395.641248
-2.104128,3,395.669245
-2.079958,3,395.695246
-2.084971,3,395.731245
-3.162921,4,395.766248
-2.163089,3,395.793246
-2.080306,3,395.820245
-1.036182,2,395.844246
-2.186142,3,395.871245
-3.278393,4,395.907245
-3.268431,4,395.944246
-3.203399,4,395.984245
-3.179536,4,396.018245
-2.081762,3,396.045245
-1.064096,2,396.063245
-1.057431,2,396.088246
-1.023594,2,396.109245
-2.138877,3,396.136245
-2.110753,3,396.163245
-1.069075,2,396.185247
-1.074654,2,396.204246
0.0,1,396.213246
-2.133157,3,396.242246
-1.086217,2,396.266249
-2.141119,3,396.295245
-2.104481,3,396.322248
-3.251461,4,396.358757
-1.026768,2,396.389756
-2.167394,3,396.416757
-2.101985,3,396.442758
-2.141006,3,396.474756
-2.120086,3,396.512756
-3.20016,4,396.547757
-2.140778,3,396.576756
-2.159103,3,396.605756
-2.101117,3,396.641757
-0.007119,1,396.650756
-0.016963,1,396.659757
-2.08725,3,396.686756
-3.202752,4,396.725756
-1.047837,2,396.744756
-2.152216,3,396.770756
-2.140047,3,396.801756
-2.119385,3,396.834758
-2.182223,3,396.862756
-1.072696,2,396.883756
-2.089974,3,396.911756
-3.202835,4,396.951756
-1.036369,2,396.969756
-1.056744,2,396.987756
-1.074876,2,397.006757
-3.188187,4,397.046756
-1.025399,2,397.063756
-2.158704,3,397.089756
-1.031468,2,397.106756
-1.058455,2,397.130756
-2.159711,3,397.157756
-2.153373,3,397.183756
-2.174239,3,397.209759
-2.144188,3,397.241759
-3.168565,4,397.281756
-3.205696,4,397.317756
-3.189974,4,397.353759
-1.020753,2,397.383756
-1.06394,2,397.402756
-2.070614,3,397.429756
-3.210802,4,397.465756
-3.269857,4,397.507264
-2.118548,3,397.536264
-2.089894,3,397.563264
-2.124469,3,397.591266
-1.072209,2,397.617265
-2.155221,3,397.644338
-3.217552,4,397.679338
-2.18228,3,397.706338
-2.156663,3,397.736338
-1.07375,2,397.754339
-3.197101,4,397.792341
-3.197077,4,397.828337
-2.088589,3,397.863338
-0.000115,1,397.874338
-2.181016,3,397.907341
-2.128602,3,397.934338
-3.192448,4,397.97234
-1.045975,2,397.992339
-3.204794,4,398.028337
-2.10802,3,398.053339
-3.212793,4,398.097339
-1.070522,2,398.11634
-2.073902,3,398.143337
-2.19424,3,398.169338
-1.070382,2,398.199338
-2.124152,3,398.226338
-3.164344,4,398.261339
-2.111972,3,398.286338
-2.086775,3,398.320338
-3.180263,4,398.357338
-0.008165,1,398.366341
-3.260994,4,398.41034
-3.215127,4,398.452338
-2.132961,3,398.481338
-1.054907,2,398.498338
-2.165924,3,398.529339
-3.161167,4,398.574339
-2.088459,3,398.600338
-1.028263,2,398.619338
-2.169287,3,398.651845
-1.053635,2,398.675847
-2.13772,3,398.701846
-2.171028,3,398.729848
-2.149554,3,398.759847
-3.286518,4,398.800845
0.0,1,398.813846
-2.090436,3,398.904847
-2.101844,3,398.957846
-2.128187,3,399.014849
-1.089049,2,399.037846
-2.158264,3,399.070846
-2.081936,3,399.096845
-2.12938,3,399.139845
-2.142746,3,399.176845
-3.236764,4,399.222848
0.0,1,399.234851
-2.085119,3,399.275848
-1.020103,2,399.293846
-1.038728,2,399.318849
-3.217034,4,399.356846
-3.163984,4,399.401846
-1.054836,2,399.425846
-3.278037,4,399.462846
-2.115693,3,399.487845
-0.013831,1,399.500845
-3.321208,4,399.537845
-2.121344,3,399.563845
-1.05652,2,399.581846
-3.197665,4,399.621845
-3.299896,4,399.665846
-2.138871,3,399.690845
-1.028598,2,399.707845
-3.195294,4,399.748846
-3.195775,4,399.784845
-2.137368,3,399.811357
-1.021046,2,399.830357
-3.236416,4,399.877357
-1.085903,2,399.894358
-2.115204,3,399.920357
-1.04349,2,399.938357
-2.151653,3,399.970356
-2.085374,3,400.002356
-3.284166,4,400.040357
-1.03996,2,400.057357
-1.038372,2,400.084358
-1.038369,2,400.107357
-3.175352,4,400.140357
-3.176349,4,400.175356
-3.229801,4,400.220356
-3.278885,4,400.254358
-0.018179,1,400.264357
-1.04422,2,400.280356
-2.130978,3,400.315357
-2.172136,3,400.343357
-0.017316,1,400.352357
-2.092331,3,400.384357
-1.035762,2,400.413358
-2.14611,3,400.448358
-3.205426,4,400.482357
-1.022332,2,400.499357
-2.179262,3,400.537357
-1.074549,2,400.554359
-1.02836,2,400.571357
-2.181089,3,400.596356
-2.098264,3,400.632468
-0.000317,1,400.644468
-1.022699,2,400.662467
-2.110861,3,400.688467
-2.090322,3,400.720468
-1.020161,2,400.740468
-3.196376,4,400.777468
-3.26003,4,400.812469
-1.051162,2,400.839468
-2.156123,3,400.86747
-2.085141,3,400.89353
-2.129214,3,400.922531
-2.159224,3,400.95453
-2.139205,3,400.982529
-2.095285,3,401.008531
-1.072563,2,401.025532
-3.25086,4,401.069036
-2.118752,3,401.100037
-1.030097,2,401.119037
-3.250173,4,401.159036
-2.081436,3,401.191036
-0.012355,1,401.201036
-1.07492,2,401.220038
-2.120769,3,401.250036
-0.017158,1,401.263036
-3.22231,4,401.302037
-1.048349,2,401.321036
-3.201174,4,401.358037
-2.081748,3,401.390037
-1.028976,2,401.413037
0.0,1,401.425037
-1.039935,2,401.444037
-1.079061,2,401.465036
-2.13895,3,401.493037
-2.091827,3,401.522037
-2.12488,3,401.547036
-0.000352,1,401.561037
-3.240822,4,401.597036
-2.139909,3,401.625037
0.0,1,401.635036
-2.147059,3,401.668037
-0.005955,1,401.677036
-3.281049,4,401.713039
-1.041392,2,401.734036
-2.176369,3,401.774037
-0.011526,1,401.783036
-2.148359,3,401.809036
-3.197985,4,401.852037
-1.070286,2,401.875037
-2.133753,3,401.901036
-3.315706,4,401.937037
-2.201587,3,401.964036
-2.140543,3,401.996037
0.0,1,402.005036
-0.008969,1,402.013036
-2.186395,3,402.040037
-1.068814,2,402.063036
0.0,1,402.072037
-2.094825,3,402.101038
-1.062458,2,402.119036
0.0,1,402.132037
-0.01194,1,402.141036
-1.048242,2,402.160039
-2.156497,3,402.189543
-3.249008,4,402.230543
-1.052218,2,402.251543
-3.197532,4,402.292544
-2.126773,3,402.319543
-2.120742,3,402.351543
-1.022146,2,402.370543
-0.004882,1,402.379544
-2.119578,3,402.410544
-1.028334,2,402.439543
-1.071592,2,402.458543
-3.283512,4,402.497546
-3.19447,4,402.532543
-2.102298,3,402.563543
-2.129075,3,402.590543
-3.180655,4,402.628544
-2.170943,3,402.654545
-2.158371,3,402.690544
-3.256746,4,402.729546
-2.179656,3,402.756543
-2.136115,3,402.783544
-2.180347,3,402.816546
-2.096228,3,402.842544
-2.085468,3,402.877544
-1.029408,2,402.896543
-1.035776,2,402.921543
-0.006497,1,402.932543
-1.042997,2,402.950543
0.0,1,402.958543
-0.001339,1,402.970543
-0.005094,1,402.980544
-1.025533,2,402.998544
-2.07769,3,403.028544
-2.098972,3,403.060546
-2.144826,3,403.087546
-2.091586,3,403.113543
-1.082416,2,403.131543
-2.164361,3,403.163543
-1.068511,2,403.181543
-2.09266,3,403.207543
-2.186809,3,403.231543
-2.098476,3,403.265544
-3.238904,4,403.302544
0.0,1,403.316544
-1.050998,2,403.337052
-3.209312,4,403.383052
-1.043844,2,403.403054
-2.082216,3,403.438052
-2.132594,3,403.471052
-3.194734,4,403.518053
-1.027375,2,403.536054
-3.238359,4,403.571052
-2.091349,3,403.598054
-1.060048,2,403.620052
-1.035214,2,403.638052
-1.033129,2,403.655052
-3.225895,4,403.690051
-2.169125,3,403.726052
-1.040156,2,403.744052
-1.066907,2,403.761054
-3.227552,4,403.799052
-1.9e-05,1,403.814052
-2.089504,3,403.842056
-2.122569,3,403.877052
-2.168992,3,403.912195
0.0,1,403.926194
-3.217955,4,403.962194
-1.049262,2,403.983194
-2.133591,3,404.015194
-2.116496,3,404.054196
-2.130305,3,404.088194
-1.065352,2,404.109194
-2.095246,3,404.147194
-2.109039,3,404.183194
-2.171768,3,404.220194
-3.218415,4,404.274195
-3.218005,4,404.311197
-3.187392,4,404.356194
-2.148238,3,404.384194
-2.091285,3,404.419195
-2.101084,3,404.448195
-3.23867,4,404.490705
-2.126656,3,404.516705
0.0,1,404.525702
-2.192178,3,404.556702
-2.105279,3,404.592704
-2.14544,3,404.618702
-2.123839,3,404.645702
-1.035996,2,404.663703
-2.122424,3,404.694702
-2.16991,3,404.720702
-2.095927,3,404.747702
-2.104319,3,404.775703
-2.116964,3,404.807702
-2.103723,3,404.832701
-2.128288,3,404.863702
-2.16773,3,404.891702
-2.153409,3,404.926702
-2.081609,3,404.952702
-2.128636,3,404.978703
-1.059126,2,404.999702
0.0,1,405.013702
-2.124369,3,405.042702
-3.260681,4,405.087702
-2.110384,3,405.114702
-2.154284,3,405.146702
-1.020829,2,405.163702
-3.232113,4,405.196702
-2.144697,3,405.224703
-3.209773,4,405.270702
-1.036166,2,405.288702
-3.191283,4,405.323703
-1.047594,2,405.341701
-2.148511,3,405.372703
-2.169756,3,405.399702
-2.163912,3,405.433702
-2.087439,3,405.462701
-3.275055,4,405.505702
-3.229158,4,405.541701
-2.142832,3,405.568703
-1.036911,2,405.586703
-2.176194,3,405.618708
-2.148961,3,405.646212
-2.166918,3,405.675212
-2.15348,3,405.706213
-2.14433,3,405.751212
-2.080612,3,405.782212
0.0,1,405.791212
-2.114322,3,405.818214
0.0,1,405.831213
-3.176868,4,405.870212
-2.126815,3,405.897212
-2.199345,3,405.928215
-2.185126,3,405.960213
-1.021749,2,405.980214
-1.048722,2,406.002212
-2.098255,3,406.027213
-1.054413,2,406.050212
-2.173235,3,406.078212
-0.012948,1,406.089212
-2.142359,3,406.116213
-2.131009,3,406.148216
-1.021121,2,406.169213
-1.069337,2,406.186213
-2.079875,3,406.214212
-1.021292,2,406.237212
-1.038049,2,406.257214
-2.126907,3,406.283212
-1.068543,2,406.301212
-1.063704,2,406.325212
-2.185426,3,406.351212
-2.086998,3,406.377212
-2.148957,3,406.407212
-2.141106,3,406.444213
-1.042189,2,406.461213
-2.098203,3,406.487213
-2.100881,3,406.513212
-1.025696,2,406.537213
-3.168389,4,406.573212
-1.038047,2,406.591212
-1.046139,2,406.608213
-2.08744,3,406.640212
-2.091951,3,406.668213
-3.244198,4,406.705215
-1.037072,2,406.722212
-1.054285,2,406.745212
0.0,1,406.755216
-2.214386,3,406.789721
-2.190997,3,406.819721
-3.178599,4,406.865721
-2.096914,3,406.89472
-2.116337,3,406.92572
-2.156864,3,406.95172
-2.138037,3,406.985721
-2.154367,3,407.013721
-3.285057,4,407.048723
-2.093965,3,407.07872
-2.172956,3,407.10972
-2.103457,3,407.13672
-1.039481,2,407.15272
-0.012646,1,407.161721
-2.106462,3,407.193721
-2.114044,3,407.22172
-1.029154,2,407.245722
-3.202449,4,407.298722
-2.182477,3,407.329721
-2.092955,3,407.35872
-0.004524,1,407.36872
-2.1201,3,407.40172
-2.171623,3,407.43972
-3.213403,4,407.479721
-2.124843,3,407.50672
-2.13153,3,407.54072
-2.146165,3,407.571721
-3.183762,4,407.605721
-1.051065,2,407.623723
-1.060094,2,407.64172
-2.078385,3,407.67172
-2.118558,3,407.698723
-2.124941,3,407.723723
-3.262876,4,407.76372
-1.067975,2,407.786721
-3.160185,4,407.834724
-3.203736,4,407.87672
-2.163398,3,407.902225
-3.281942,4,407.947227
-2.118832,3,407.977228
0.0,1,407.990227
-3.211129,4,408.029788
-2.15938,3,408.062787
-0.000799,1,408.071788
-2.125104,3,408.101788
-2.10392,3,408.127787
-1.032074,2,408.150787
-2.09676,3,408.178787
-1.067743,2,408.197787
-2.134581,3,408.222787
-2.129214,3,408.254788
-2.160779,3,408.281787
-2.190745,3,408.311789
-2.147553,3,408.337788
-2.116968,3,408.368788
-3.18758,4,408.404788
-0.018595,1,408.415788
-2.085361,3,408.449788
-3.211131,4,408.489787
-2.113229,3,408.520787
-2.105201,3,408.545787
-3.353759,4,408.579789
-0.000928,1,408.592788
-1.05461,2,408.612787
-3.207066,4,408.64879
-0.013929,1,408.657787
-1.057559,2,408.679788
-2.111845,3,408.706787
-2.156061,3,408.734787
-2.129758,3,408.760787
-1.054322,2,408.785788
-2.195287,3,408.811788
-3.216235,4,408.850787
-2.133049,3,408.878787
-2.110273,3,408.914787
-2.105349,3,408.94279
-2.132282,3,408.969787
-2.087243,3,408.995787
-3.180801,4,409.035865
-3.168952,4,409.073368
0.0,1,409.082369
-2.128318,3,409.110369
-3.233514,4,409.158369
-0.005045,1,409.168369
-2.146719,3,409.19437
-3.233268,4,409.23737
-2.170037,3,409.272372
-3.223548,4,409.31243
-2.141544,3,409.33943
-2.124134,3,409.37643
-1.047893,2,409.399431
-1.084592,2,409.419431
0.0,1,409.42943
-3.233921,4,409.474505
-2.103036,3,409.508506
-2.1005,3,409.541504
-2.075543,3,409.566821
-2.143536,3,409.592823
-1.042565,2,409.614821
-2.090102,3,409.639821
-2.160431,3,409.665821
-3.192845,4,409.706821
-3.216367,4,409.746821
-1.08202,2,409.763821
-2.092727,3,409.789822
-2.166655,3,409.817823
-2.135957,3,409.850821
-2.186033,3,409.877821
-1.056615,2,409.895821
-3.17396,4,409.931821
-1.085667,2,409.955822
-2.144072,3,409.98482
-1.079095,2,410.002821
-1.037554,2,410.019821
-3.235696,4,410.059821
-2.169631,3,410.085821
-3.167192,4,410.119821
-3.186999,4,410.154823
-3.244615,4,410.197329
-2.190904,3,410.222329
-3.208998,4,410.260329
-2.094865,3,410.290329
-2.085502,3,410.32541
-1.056895,2,410.343411
-3.16666,4,410.37941
-3.155937,4,410.41341
-1.027161,2,410.43741
-3.323686,4,410.48541
-2.177401,3,410.51349
-2.174518,3,410.542487
-0.000718,1,410.555491
-2.090838,3,410.584487
-2.085608,3,410.611489
-1.058847,2,410.627487
-0.01977,1,410.641487
-3.244374,4,410.677487
0.0,1,410.687488
-1.059205,2,410.706031
0.0,1,410.718032
-2.187996,3,410.74703
-1.041852,2,410.76403
-0.010288,1,410.773031
-3.196061,4,410.81503
-2.13146,3,410.84103
-3.251247,4,410.87603
-2.170947,3,410.90403
-3.204781,4,410.944031
-3.206221,4,410.983033
0.0,1,410.99203
-1.049932,2,411.01003
-3.26097,4,411.049031
-2.092419,3,411.07503
-2.183729,3,411.101031
-1.086911,2,411.118033
-2.161131,3,411.150031
-3.233959,4,411.18403
-1.04871,2,411.20103
-3.209297,4,411.23603
-2.096615,3,411.27103
-3.282131,4,411.305032
-2.097469,3,411.332033
-3.202835,4,411.37854
-3.278386,4,411.42154
-1.071394,2,411.44354
-1.07479,2,411.468543
-1.045983,2,411.489539
-2.17265,3,411.52454
-2.133864,3,411.552539
-0.01508,1,411.562711
-2.117334,3,411.58971
-2.172084,3,411.621772
-2.094964,3,411.647771
-1.056414,2,411.664773
-1.032967,2,411.685772
0.0,1,411.706774
-2.148715,3,411.735772
-3.213105,4,411.770772
-1.066643,2,411.789772
-2.089544,3,411.821772
-3.161925,4,411.860771
0.0,1,411.869771
-2.142232,3,411.896771
-2.128066,3,411.930772
-1.039935,2,411.947772
-2.118016,3,411.974772
-2.126359,3,412.001771
-0.009045,1,412.015772
-2.115176,3,412.042771
-1.056077,2,412.065772
-3.262622,4,412.099772
0.0,1,412.113772
-1.062863,2,412.133772
-1.074411,2,412.151772
-2.109963,3,412.177772
-2.136123,3,412.208771
-2.077982,3,412.234771
-2.106434,3,412.261772
-2.101328,3,412.293772
-2.170616,3,412.324772
-1.038861,2,412.343771
-1.046438,2,412.362774
-2.138836,3,412.388772
-3.218777,4,412.428771
-2.124173,3,412.462772
-3.275407,4,412.50828
-1.079732,2,412.52828
-2.090426,3,412.561279
-1.055195,2,412.58128
-2.113409,3,412.607279
-2.10014,3,412.639279
-3.223001,4,412.68128
-3.253167,4,412.716279
-2.127095,3,412.742279
-1.056178,2,412.759279
-3.183048,4,412.807373
-3.231958,4,412.841522
-2.169903,3,412.867522
-1.079315,2,412.885522
-1.032276,2,412.908522
-0.005467,1,412.917522
-3.191154,4,412.969523
-2.135828,3,412.996522
-1.077346,2,413.020522
-3.171919,4,413.053522
-2.131197,3,413.078522
-2.181491,3,413.105524
-1.04019,2,413.127522
-3.268822,4,413.163522
-2.172168,3,413.189522
-1.060846,2,413.208522
-3.236467,4,413.248522
0.0,1,413.257522
-3.307123,4,413.292522
-1.067163,2,413.309522
-2.107124,3,413.342522
-2.172804,3,413.368523
-3.22369,4,413.402522
-2.102414,3,413.431523
-2.078446,3,413.472522
-3.267591,4,413.510522
0.0,1,413.519523
-2.077188,3,413.545522
-2.152574,3,413.577522
-0.017593,1,413.586524
-1.063869,2,413.606524
-1.037773,2,413.632523
-1.025908,2,413.65572
-2.12008,3,413.693229
-2.159852,3,413.723227
-3.251012,4,413.763227
-2.172668,3,413.798227
-1.031006,2,413.816227
-3.173268,4,413.852228
-2.152347,3,413.884227
-2.170104,3,413.922227
-3.213804,4,413.966229
-3.185196,4,414.005228
-2.179222,3,414.031228
-1.044504,2,414.053226
-2.089147,3,414.082229
-1.04,2,414.099229
-2.122663,3,414.126228
-2.089273,3,414.160227
-2.106633,3,414.189227
-3.210922,4,414.235227
-2.121103,3,414.264227
-2.125777,3,414.308228
-0.01527,1,414.320227
-3.240312,4,414.362229
-0.015802,1,414.374228
-3.253913,4,414.427228
-2.155453,3,414.463228
-0.007632,1,414.472227
-3.244489,4,414.512229
-1.029505,2,414.536227
-2.179465,3,414.564227
-2.107602,3,414.590227
-2.092253,3,414.618229
0.0,1,414.632228
-0.005444,1,414.642227
-3.19683,4,414.678227
-0.016194,1,414.687227
-3.18068,4,414.726227
-2.144768,3,414.754227
-2.162588,3,414.782227
-2.118382,3,414.812737
-2.095042,3,414.845736
-2.126673,3,414.878736
-2.120224,3,414.909736
-2.112884,3,414.938738
-2.152672,3,414.970737
-2.158436,3,415.001737
-0.008308,1,415.011738
-2.151931,3,415.038736
-3.238601,4,415.079736
-3.164181,4,415.117739
-2.149978,3,415.147737
-3.225201,4,415.182736
-3.174394,4,415.221736
-2.114478,3,415.251737
-2.149428,3,415.277736
-1.034214,2,415.300736
-2.144819,3,415.335739
-1.033559,2,415.353736
-3.246126,4,415.388791
-2.125258,3,415.41579
-2.095354,3,415.456792
-3.209829,4,415.497791
-1.047911,2,415.517791
-2.116166,3,415.54591
-2.092414,3,415.577911
-2.100341,3,415.60891
-3.248663,4,415.64591
-0.015606,1,415.65491
-2.184472,3,415.686912
-3.262386,4,415.72291
-3.21499,4,415.75991
-2.111381,3,415.78891
-1.020216,2,415.811995
-3.239338,4,415.846993
-0.006338,1,415.857993
-2.130251,3,415.885993
-2.153576,3,415.926994
-2.164949,3,415.954501
-2.146878,3,415.982502
-2.148442,3,416.008502
-2.12148,3,416.040502
0.0,1,416.049502
0.0,1,416.060502
-0.013124,1,416.069502
0.0,1,416.084502
-1.076834,2,416.108501
0.0,1,416.117502
-3.285143,4,416.151501
-3.165248,4,416.197501
-1.053968,2,416.214502
-3.212549,4,416.247501
-2.105309,3,416.274504
-3.221788,4,416.314502
-0.002679,1,416.323501
-2.077739,3,416.353501
-2.115384,3,416.379501
-2.114689,3,416.414502
-1.060828,2,416.432504
-2.144406,3,416.464502
-2.082687,3,416.496501
0.0,1,416.510501
-2.09214,3,416.541501
-1.034693,2,416.562504
-2.083463,3,416.590501
-2.073028,3,416.625502
-1.055101,2,416.642501
-1.035819,2,416.659501
-1.06393,2,416.676502
-3.231664,4,416.719503
-0.001028,1,416.729501
-1.03662,2,416.747501
-1.067741,2,416.765501
-1.033377,2,416.790501
-2.101638,3,416.817501
-2.14124,3,416.851502
0.0,1,416.860502
-3.205232,4,416.903501
-1.063743,2,416.928502
-2.088533,3,416.954501
-3.239906,4,416.990502
-3.237416,4,417.034502
-3.220969,4,417.075501
-3.184555,4,417.116501
-3.183632,4,417.15701
-2.158212,3,417.18901
-1.036976,2,417.208009
-1.029113,2,417.22701
-1.020046,2,417.248009
-2.102287,3,417.284009
-1.02366,2,417.30701
-3.193403,4,417.347009
-2.140276,3,417.480009
-1.062222,2,417.50301
-2.184117,3,417.53101
-2.086646,3,417.56601
-3.222216,4,417.618102
-2.150721,3,417.661102
-2.156742,3,417.694103
-2.117309,3,417.730104
-3.224535,4,417.777102
-2.084695,3,417.816103
-2.15734,3,417.851103
-1.049488,2,417.871102
-2.1942,3,417.905102
-2.10578,3,417.941102
-1.076194,2,417.958101
-1.023307,2,417.976103
-3.269398,4,418.010173
-1.020433,2,418.039173
-2.161466,3,418.070174
-1.032919,2,418.087176
-2.126589,3,418.112175
0.0,1,418.125175
-3.167835,4,418.166173
-2.183239,3,418.192173
-0.016673,1,418.203175
-3.213277,4,418.247173
-3.203026,4,418.28568
-2.173603,3,418.317683
-1.070352,2,418.33568
-0.011457,1,418.349683
-2.082786,3,418.37968
-2.096988,3,418.40568
-2.097232,3,418.43268
-3.167747,4,418.484679
-3.277935,4,418.520679
-3.199917,4,418.568683
-3.282105,4,418.612683
-1.032682,2,418.637681
-0.002361,1,418.64568
-0.005858,1,418.65468
-2.154431,3,418.680681
-1.066679,2,418.704679
-2.136692,3,418.731681
-1.030898,2,418.74868
-1.036915,2,418.766679
-2.08126,3,418.80168
-2.159215,3,418.82868
-2.115973,3,418.859684
-3.189745,4,418.892679
-2.120327,3,418.931682
-2.088017,3,418.96068
-2.138372,3,418.986679
-2.156334,3,419.012682
-1.032126,2,419.035681
-2.129719,3,419.06468
0.0,1,419.07268
-2.150255,3,419.102683
-3.206943,4,419.15468
-2.095859,3,419.185682
-1.036006,2,419.20368
-3.249733,4,419.23968
-3.242774,4,419.27868
-2.092198,3,419.306681
-2.094826,3,419.33268
-1.089437,2,419.354679
-2.098064,3,419.38668
-2.098817,3,419.416681
-3.216084,4,419.45868
-2.081587,3,419.488685
-2.133188,3,419.52419
-2.08107,3,419.551193
-2.109611,3,419.582191
-3.196644,4,419.62119
-2.127614,3,419.652192
-3.227877,4,419.689191
-2.123938,3,419.716191
-1.065716,2,419.733278
0.0,1,419.747278
-2.162879,3,419.774279
-1.021265,2,419.793278
-2.161385,3,419.820279
-3.192949,4,419.861361
-1.035685,2,419.878361
-2.101665,3,419.906363
-3.253084,4,419.94336
-0.000109,1,419.957361
0.0,1,419.96636
-2.181503,3,419.996361
-3.227652,4,420.033361
-2.112324,3,420.065361
0.0,1,420.075361
-1.02202,2,420.09336
-3.208775,4,420.12836
-3.263486,4,420.170362
-3.271342,4,420.204616
-2.140761,3,420.231616
-1.04611,2,420.250616
-1.055594,2,420.272615
-1.041956,2,420.291101
-2.100705,3,420.3171
-1.063799,2,420.336101
-1.033984,2,420.3611
-0.002304,1,420.3701
-2.145353,3,420.399101
-2.156468,3,420.4241
-3.252653,4,420.470102
-2.175378,3,420.503101
-3.168931,4,420.536101
-3.241476,4,420.5731
-3.252009,4,420.617105
-2.185741,3,420.64761
-3.228885,4,420.685611
-2.13528,3,420.714611
-2.094485,3,420.752611
-2.12658,3,420.77961
-1.036962,2,420.79861
-2.154361,3,420.823611
-2.158375,3,420.856611
-2.16563,3,420.88461
-3.22074,4,420.920611
-2.141322,3,420.94661
-2.130573,3,420.98061
-0.00554,1,420.991611
-3.154634,4,421.027611
-2.121997,3,421.054614
-1.072858,2,421.076611
-2.091093,3,421.108611
0.0,1,421.11761
-3.207981,4,421.155611
-2.166077,3,421.18661
-2.094723,3,421.214611
-2.196164,3,421.24561
-2.16512,3,421.270611
-2.14917,3,421.303611
-1.031353,2,421.322611
-2.150482,3,421.34961
-3.171104,4,421.38561
-3.198782,4,421.425611
-2.100813,3,421.458612
-3.205268,4,421.497611
-1.071189,2,421.517613
-2.18574,3,421.54961
-2.152828,3,421.576611
-0.018472,1,421.585611
-1.038648,2,421.608611
-1.034087,2,421.63061
-2.09576,3,421.657611
-2.100494,3,421.684611
-2.108782,3,421.710611
-1.045971,2,421.732983
-3.203923,4,421.771987
-1.033944,2,421.792492
-3.179302,4,421.829495
-3.199214,4,421.873491
-1.071466,2,421.895492
-1.036636,2,421.913492
-2.092758,3,421.939608
-1.078064,2,421.963609
-2.176111,3,421.991608
-3.200883,4,422.028608
-2.106683,3,422.053608
-2.175653,3,422.086608
-1.053654,2,422.105608
-0.015239,1,422.114609
-2.190583,3,422.140608
-2.12317,3,422.175685
-3.200081,4,422.216685
-2.131844,3,422.241686
-1.031078,2,422.258685
-3.197165,4,422.299685
-1.073504,2,422.318689
-2.129407,3,422.345685
-1.063936,2,422.366686
-2.186309,3,422.397686
-3.208194,4,422.434685
-3.218999,4,422.479685
-1.067592,2,422.498685
-2.108172,3,422.531686
-1.030823,2,422.550687
-1.072057,2,422.570686
-2.133656,3,422.610797
-3.212022,4,422.660796
-1.071793,2,422.680796
-2.148853,3,422.708797
-3.21979,4,422.746796
-3.175047,4,422.786797
-1.072025,2,422.803796
-1.027119,2,422.821796
-3.248031,4,422.855796
-1.045886,2,422.879799
-2.128352,3,422.904799
-1.041732,2,422.92769
-1.06367,2,422.948689
-3.221674,4,422.994691
-2.083866,3,423.025692
-2.11054,3,423.055689
-1.047898,2,423.074689
-2.163082,3,423.10769
-3.203353,4,423.14181
-3.272207,4,423.176811
-2.178205,3,423.203811
-3.212822,4,423.244812
-1.036636,2,423.261811
-2.17933,3,423.286811
-3.184303,4,423.32381
-2.089472,3,423.354811
-2.087778,3,423.38081
-1.07818,2,423.408811
-1.036464,2,423.452812
-1.07087,2,423.488811
-1.058572,2,423.508812
-3.235655,4,423.54981
-1.025279,2,423.570811
-2.132827,3,423.606811
-1.077588,2,423.624811
-1.069612,2,423.64281
-3.211283,4,423.677811
-2.143084,3,423.70981
-2.091909,3,423.736811
-2.145078,3,423.76781
-0.018291,1,423.777811
-1.069534,2,423.801811
0.0,1,423.81081
-3.179339,4,423.848811
-1.058872,2,423.869811
-3.204504,4,423.909811
-1.031076,2,423.935814
0.0,1,423.947811
-3.187776,4,423.983811
-3.249068,4,424.036811
-2.165397,3,424.067322
-3.28135,4,424.106323
-2.17189,3,424.138325
-2.209434,3,424.176323
-1.068838,2,424.198322
-2.172263,3,424.223322
-1.022296,2,424.241323
-3.223365,4,424.286323
-1.060429,2,424.304322
-3.273353,4,424.346323
-1.033097,2,424.365322
-2.149745,3,424.403322
-2.095804,3,424.432325
-1.02382,2,424.459323
0.0,1,424.472322
-0.005775,1,424.488325
-1.048713,2,424.512437
-1.032538,2,424.535438
-2.165928,3,424.567437
-3.212135,4,424.622438
-2.130651,3,424.651437
-1.081511,2,424.669438
-3.175134,4,424.702437
0.0,1,424.717437
0.0,1,424.728436
0.0,1,424.739437
-2.165262,3,424.765437
-1.041233,2,424.787436
-2.088609,3,424.815437
-1.053847,2,424.834437
-2.200291,3,424.865439
-1.059857,2,424.886437
-2.079578,3,424.919439
-2.134513,3,424.946437
-1.075182,2,424.967439
-3.226453,4,425.009437
-2.152406,3,425.043437
-2.122718,3,425.073436
-2.117935,3,425.102437
-2.113937,3,425.136436
-1.021535,2,425.155437
-2.121917,3,425.182442
-1.020824,2,425.205947
-2.11361,3,425.241946
-2.152645,3,425.278948
-1.030581,2,425.298946
-2.163169,3,425.328945
-3.239988,4,425.372351
-1.072194,2,425.391351
-2.167319,3,425.417351
-2.138187,3,425.444352
-3.289128,4,425.495352
-0.014166,1,425.505352
-2.092563,3,425.532352
-3.253293,4,425.567351
-3.173751,4,425.609351
-2.150424,3,425.646352
-2.173209,3,425.677351
-3.188462,4,425.717351
-3.260024,4,425.758353
-3.181062,4,425.792352
-2.108869,3,425.820352
-2.085614,3,425.852353
-3.227134,4,425.89741
-2.133801,3,425.92741
-2.166159,3,425.95641
-2.120017,3,425.98141
-1.042158,2,426.00341
-2.107571,3,426.03041
-2.159444,3,426.057411
-2.102335,3,426.084411
-3.236328,4,426.12441
-0.009551,1,426.13641
-0.005418,1,426.14641
-2.191206,3,426.17341
-2.182513,3,426.20941
-2.126283,3,426.23541
-1.044161,2,426.25341
-2.073939,3,426.28041
0.0,1,426.29241
-3.222221,4,426.32841
0.0,1,426.337413
-3.205001,4,426.375919
-2.092757,3,426.407918
-3.163051,4,426.448023
-2.084782,3,426.485023
-1.056642,2,426.509025
-2.196235,3,426.545083
-2.118876,3,426.572082
-1.039083,2,426.591082
-1.028707,2,426.608082
-1.034737,2,426.631082
-2.154458,3,426.657085
-0.018205,1,426.669083
-1.054986,2,426.689083
0.0,1,426.703082
-2.104828,3,426.733082
-2.147856,3,426.760082
-1.036945,2,426.777083
-2.1085,3,426.811082
-2.118058,3,426.836082
-1.032491,2,426.855083
-1.06498,2,426.872082
-2.137593,3,426.905082
-2.099361,3,426.934082
-1.024564,2,426.951085
-2.112233,3,426.977083
-2.214906,3,427.016082
-0.001481,1,427.026083
0.0,1,427.035083
-3.294458,4,427.069082
-1.0291,2,427.093082
-1.023233,2,427.111082
-2.099623,3,427.141082
-1.077753,2,427.161083
-1.020841,2,427.187083
-3.378591,4,427.222082
-2.124922,3,427.251084
-2.183055,3,427.277083
-2.175026,3,427.309083
-2.102745,3,427.336083
-1.075808,2,427.357085
-3.244071,4,427.391082
-2.170906,3,427.422082
-3.262691,4,427.460082
-3.219676,4,427.504083
-1.064219,2,427.523082
-1.036398,2,427.545087
-3.230516,4,427.59359
-2.089891,3,427.63359
-2.190859,3,427.667591
-3.213965,4,427.70559
-0.0005,1,427.71459
-2.141593,3,427.741589
-1.034831,2,427.75859
-3.208765,4,427.807739
-2.158857,3,427.834738
0.0,1,427.843738
-3.22798,4,427.882739
-3.27266,4,427.922738
-2.143539,3,427.949738
-3.168911,4,427.983739
-1.055334,2,428.001739
-0.018271,1,428.015738
-3.234475,4,428.054738
-2.140646,3,428.080738
-2.133456,3,428.108739
-2.187094,3,428.140739
-2.157718,3,428.17074
-3.18794,4,428.203738
-3.306339,4,428.241738
-2.12551,3,428.273738
0.0,1,428.281742
-2.113331,3,428.307739
-3.210735,4,428.34574
-0.012557,1,428.357739
-2.172602,3,428.387738
-2.174209,3,428.41374
-2.145469,3,428.440739
0.0,1,428.454818
-3.213833,4,428.499817
-2.105243,3,428.531817
-2.099622,3,428.560817
0.0,1,428.573817
-1.071782,2,428.592817
-1.034956,2,428.610817
-2.125253,3,428.636817
-3.236108,4,428.680921
-3.166533,4,428.717426
-2.105186,3,428.747425
-3.264144,4,428.791427
-2.125284,3,428.825426
-2.093436,3,428.851426
-1.046228,2,428.871425
-2.155107,3,428.906426
-1.078356,2,428.933426
-3.269441,4,428.974425
-1.032995,2,428.995426
-2.091142,3,429.021425
-1.040391,2,429.044427
-2.109956,3,429.070427
-3.189575,4,429.106427
-1.046341,2,429.129426
-3.195947,4,429.170426
-1.039081,2,429.187425
-1.029053,2,429.206425
-2.142029,3,429.233426
-1.057756,2,429.255426
-3.18056,4,429.290425
-3.172054,4,429.333426
-3.217937,4,429.375426
0.0,1,429.387425
-2.18891,3,429.416425
-3.267094,4,429.454425
-3.19072,4,429.489426
-1.035251,2,429.520427
-2.109185,3,429.550426
-0.002891,1,429.559425
-3.198361,4,429.594425
-1.021515,2,429.617425
-1.06421,2,429.636425
-1.027733,2,429.657427
-2.136984,3,429.689426
-2.128095,3,429.720426
-1.068967,2,429.740426
-0.011976,1,429.748425
-3.182787,4,429.789426
-2.161061,3,429.822428
-1.059869,2,429.842934
-2.096234,3,429.874145
-2.136069,3,429.904147
-1.048265,2,429.928148
-2.138091,3,429.963145
-2.145059,3,429.992146
-2.125155,3,430.023145
-2.095348,3,430.055273
-2.106922,3,430.087272
-0.00295,1,430.096273
-2.166507,3,430.122272
-3.188965,4,430.168272
-2.090378,3,430.196272
-2.137707,3,430.222273
-2.136691,3,430.249272
-1.045905,2,430.270273
-1.052207,2,430.289273
-2.132779,3,430.320274
-3.160918,4,430.356332
-2.166595,3,430.387332
-2.140776,3,430.417333
-3.285839,4,430.451335
-0.01145,1,430.459332
-0.000367,1,430.472333
-0.019445,1,430.485332
-2.175236,3,430.522334
-3.185919,4,430.558333
-2.146462,3,430.590333
-2.105474,3,430.617332
-1.064666,2,430.635333
-1.067479,2,430.654333
-2.091868,3,430.687332
-1.059073,2,430.707336
-3.23251,4,430.742332
-2.130989,3,430.770335
-2.119694,3,430.802335
-1.036788,2,430.819332
-1.040176,2,430.836333
-2.107814,3,430.865333
-2.082213,3,430.89647
-1.028256,2,430.914471
-0.007992,1,430.923469
-2.157777,3,430.949535
-3.307469,4,430.997041
-1.044221,2,431.015042
-3.21183,4,431.050042
-2.103062,3,431.079041
-2.183276,3,431.115042
-2.165466,3,431.142041
-2.145286,3,431.170158
-1.026455,2,431.189157
-2.143774,3,431.221155
-2.133239,3,431.246155
-2.161806,3,431.272154
-2.156412,3,431.300153
-2.098433,3,431.331154
-2.167259,3,431.358154
-2.117563,3,431.383154
-2.173723,3,431.412154
-2.140262,3,431.443154
-1.065348,2,431.461153
-2.116514,3,431.487154
-2.166639,3,431.520155
-3.228874,4,431.566247
-1.072202,2,431.583248
-3.211243,4,431.625247
-3.318958,4,431.661247
-3.266815,4,431.701248
-3.234613,4,431.742247
-0.014343,1,431.750247
-3.211907,4,431.785247
-3.229822,4,431.82825
-2.135708,3,431.855247
-2.127013,3,431.882249
-3.216587,4,431.917248
0.0,1,431.930247
-2.09426,3,431.960247
-2.117683,3,431.986247
0.0,1,431.995248
0.0,1,432.008248
-2.084482,3,432.035247
0.0,1,432.045248
-2.157301,3,432.072248
-1.049617,2,432.094248
-2.082151,3,432.12225
-3.218486,4,432.167757
-1.056206,2,432.187755
-1.051794,2,432.211755
-2.137323,3,432.243755
-1.033538,2,432.260755
-2.102964,3,432.289757
-3.210151,4,432.332757
-0.015091,1,432.344755
-2.116876,3,432.368755
-3.168018,4,432.409755
-2.163317,3,432.441756
-1.030052,2,432.461755
-1.026211,2,432.477755
-0.013039,1,432.488756
-2.141807,3,432.530756
-3.209857,4,432.569755
-2.133402,3,432.597755
-1.045185,2,432.616755
-2.146511,3,432.651757
-1.069775,2,432.669756
-1.081716,2,432.689756
0.0,1,432.699756
-2.166065,3,432.735756
-2.133206,3,432.765755
-2.156863,3,432.791756
-2.100113,3,432.817755
0.0,1,432.831755
-2.142118,3,432.858756
-1.055133,2,432.877756
-2.105607,3,432.903756
-2.084786,3,432.939757
-1.02597,2,432.958757
-2.131509,3,432.985755
-2.165879,3,433.011755
-2.113523,3,433.046756
-3.304907,4,433.080755
-1.044025,2,433.098755
-1.075882,2,433.115755
-3.253751,4,433.156755
-2.176642,3,433.186755
-3.232399,4,433.221756
-2.15007,3,433.249755
-2.181471,3,433.284266
-2.151067,3,433.312266
-2.182137,3,433.339269
-1.054995,2,433.355266
0.0,1,433.369266
-2.077834,3,433.397266
-2.132042,3,433.425266
-3.22443,4,433.462265
-2.117116,3,433.495269
-1.026377,2,433.517375
-2.159855,3,433.548514
-2.125542,3,433.574514
-2.084415,3,433.609514
-2.109242,3,433.634515
-3.167471,4,433.671515
-2.131039,3,433.698514
-2.142333,3,433.730514
-3.3234,4,433.772515
-1.02537,2,433.792514
-2.125822,3,433.820516
-2.190498,3,433.853514
-2.153885,3,433.879514
-1.022047,2,433.896515
-2.132976,3,433.931517
-2.183522,3,433.968514
-1.035137,2,433.986514
0.0,1,433.995517
-2.101198,3,434.022515
-2.198012,3,434.053514
-2.126565,3,434.085789
-2.153557,3,434.111789
-2.117084,3,434.13979
-3.196613,4,434.18079
-1.068592,2,434.200861
-3.261036,4,434.23586
-1.030089,2,434.25386
-3.199457,4,434.29886
-2.10449,3,434.32386
-2.091896,3,434.355861
-0.014714,1,434.366861
-3.261293,4,434.4081
-2.162023,3,434.434099
-1.045391,2,434.452099
-2.077666,3,434.486609
-1.028847,2,434.522608
-3.256522,4,434.569608
-2.163108,3,434.603609
-2.146863,3,434.640608
-0.013756,1,434.656608
-3.267585,4,434.705608
-1.056811,2,434.729608
-2.176192,3,434.770612
-2.17351,3,434.808609
-2.211792,3,434.834608
-2.143752,3,434.861608
-2.151635,3,434.888608
-2.100775,3,434.919608
-2.109015,3,434.946609
-2.108942,3,434.975609
-1.078557,2,434.998608
-1.048994,2,435.022608
-0.001818,1,435.031608
-2.095377,3,435.055702
-2.164557,3,435.082705
-3.278606,4,435.125704
-2.135759,3,435.153702
-2.099673,3,435.178702
-2.123903,3,435.207703
-3.231879,4,435.249702
-1.056102,2,435.266702
-3.223261,4,435.302762
-2.098259,3,435.329761
-3.240595,4,435.369761
-3.174425,4,435.403763
-3.180391,4,435.438761
-2.08877,3,435.466761
-1.023352,2,435.488761
-3.235774,4,435.533899
-1.067557,2,435.554898
-1.062669,2,435.573898
-2.118259,3,435.605898
-0.008071,1,435.615901
-2.087871,3,435.647406
-0.014257,1,435.658408
-2.172899,3,435.693406
-2.181091,3,435.719406
-1.040426,2,435.743406
-2.082758,3,435.774405
0.0,1,435.789408
-2.119483,3,435.817405
-2.143249,3,435.845408
-2.099098,3,435.873405
-1.078368,2,435.896407
-1.02983,2,435.913405
-0.012129,1,435.922406
-1.076345,2,435.940407
-3.180296,4,435.983408
-3.184928,4,436.018405
-0.007773,1,436.027407
-3.197341,4,436.061405
-3.159956,4,436.107406
-2.148443,3,436.135406
-1.035358,2,436.152406
-1.028339,2,436.172407
-1.046827,2,436.196407
-3.275976,4,436.237406
-1.081599,2,436.254406
0.0,1,436.263405
0.0,1,436.277406
-3.225485,4,436.355588
-2.086036,3,436.427749
-2.134221,3,436.476751
-1.085171,2,436.508749
-1.048942,2,436.536749
-3.250139,4,436.58675
-2.110183,3,436.626752
-1.034374,2,436.659749
-3.167727,4,436.706748
-2.09856,3,436.738749
-1.054842,2,436.765259
-2.093377,3,436.802259
-1.086784,2,436.826259
-1.032332,2,436.844258
-2.110841,3,436.879259
-3.218422,4,436.922261
-2.116023,3,436.948259
-1.031863,2,436.966259
-2.193241,3,436.993259
-3.160897,4,437.038259
-0.009625,1,437.047259
-2.144152,3,437.073258
-2.158857,3,437.100259
-1.051765,2,437.123258
-2.09246,3,437.150259
-3.233144,4,437.189262
-2.143228,3,437.217258
-2.095156,3,437.252259
-1.084706,2,437.270264
-1.03301,2,437.289262
-2.114265,3,437.318259
-2.155619,3,437.354259
-3.21096,4,437.388258
-2.084175,3,437.417258
-2.130766,3,437.444258
-1.051881,2,437.467259
-2.146036,3,437.497259
-2.149191,3,437.532259
-1.033841,2,437.555259
-3.258801,4,437.599259
-2.138306,3,437.626259
-3.268095,4,437.662259
-2.096794,3,437.688258
-2.143867,3,437.726259
-3.238547,4,437.763258
-2.073825,3,437.78926
-3.244966,4,437.826261
-2.143605,3,437.86226
-1.048247,2,437.883263
-2.166375,3,437.909263
-0.013905,1,437.918767
-1.035461,2,437.942767
-1.033214,2,437.961767
-1.028258,2,437.980767
-3.312137,4,438.02177
-2.154874,3,438.054841
-2.119281,3,438.081841
-2.177283,3,438.107841
-3.213163,4,438.141841
-1.044263,2,438.170843
-3.179737,4,438.205841
-1.034794,2,438.22384
-2.098437,3,438.251844
-3.263032,4,438.29284
-2.148599,3,438.324841
-2.141383,3,438.35084
-3.195336,4,438.38584
-3.300862,4,438.429841
-2.144625,3,438.454842
-2.159656,3,438.488841
-2.162523,3,438.518915
-2.097256,3,438.554916
-1.037098,2,438.572913
-2.095602,3,438.601996
-0.017743,1,438.610992
-1.041533,2,438.633993
0.0,1,438.645995
-2.081061,3,438.675061
-3.219076,4,438.711187
-0.008123,1,438.724188
-3.169069,4,438.759189
-2.177031,3,438.790188
-3.249983,4,438.828251
-3.204903,4,438.88025
-2.083382,3,438.906249
-3.208449,4,438.943249
-2.185094,3,438.974249
0.0,1,438.987249
-2.109084,3,439.014249
-3.20564,4,439.050253
-2.126881,3,439.081947
-1.02931,2,439.104947
-2.103445,3,439.136043
-1.03931,2,439.158043
-1.07449,2,439.179044
-1.055134,2,439.200042
-1.06026,2,439.218043
-3.247895,4,439.256043
-2.148119,3,439.287046
0.0,1,439.300043
0.0,1,439.310043
-1.035572,2,439.333045
-1.083643,2,439.358044
-2.094362,3,439.390044
-3.201149,4,439.425043
0.0,1,439.434044
-2.173141,3,439.459172
-0.013181,1,439.474172
-3.20975,4,439.517172
-2.113118,3,439.548466
-2.109624,3,439.574465
-3.20397,4,439.619465
-2.142051,3,439.662466
-2.147047,3,439.695465
-1.026392,2,439.713465
-3.190143,4,439.752466
-3.228983,4,439.790465
-2.147897,3,439.821465
-1.072256,2,439.847466
-0.018252,1,439.861465
-2.097178,3,439.893465
-1.07329,2,439.914468
-3.20179,4,439.952467
-2.129192,3,439.990468
-2.182669,3,440.019465
-0.01591,1,440.028465
-3.188277,4,440.065466
-3.320427,4,440.106465
-1.029269,2,440.123465
-0.01176,1,440.133467
-2.178304,3,440.160465
-0.013959,1,440.172464
-1.044716,2,440.191467
-2.094518,3,440.221975
-1.076227,2,440.243972
-2.202306,3,440.294975
-2.133094,3,440.325973
-2.101087,3,440.354051
-3.211837,4,440.391051
-2.166012,3,440.426052
-0.013915,1,440.43905
-2.150537,3,440.469049
-1.032957,2,440.491051
-2.182405,3,440.528188
-1.040547,2,440.551188
-1.027101,2,440.57219
-1.077538,2,440.59419
-1.038235,2,440.617188
-1.045665,2,440.635188
-2.106649,3,440.660187
-2.104518,3,440.689187
-0.003474,1,440.704187
-2.179236,3,440.731187
-3.213642,4,440.766295
-0.003249,1,440.775295
-2.208559,3,440.808296
-1.079047,2,440.828295
-2.13006,3,440.854295
-1.033972,2,440.872295
-3.175534,4,440.915298
-2.089809,3,440.942295
-0.007212,1,440.950295
-1.069678,2,440.968295
-1.064078,2,440.991295
-2.18674,3,441.022296
-2.15419,3,441.049295
-3.267848,4,441.084296
-2.129468,3,441.117295
-2.155732,3,441.144295
-0.003553,1,441.153295
-1.078067,2,441.170295
-1.037221,2,441.192298
-2.115188,3,441.219295
-3.196687,4,441.257296
-3.225355,4,441.294295
-1.04302,2,441.316295
-3.160628,4,441.359814
-0.014934,1,441.369807
-1.055633,2,441.386806
-1.036437,2,441.409808
-0.007065,1,441.419808
-3.300409,4,441.458809
-2.168634,3,441.495807
-2.183288,3,441.529807
-2.099667,3,441.563807
-2.129395,3,441.591808
-0.015896,1,441.600807
-2.144888,3,441.635807
-2.101112,3,441.669807
-3.178004,4,441.706807
-3.194619,4,441.739809
-1.034933,2,441.761807
-2.104277,3,441.791807
-1.036894,2,441.810807
-2.144781,3,441.836807
-2.1136,3,441.872807
-2.1466,3,441.899807
-3.259285,4,441.935807
-2.1389,3,441.964808
-2.162055,3,441.99681
-2.16905,3,442.024807
-2.170013,3,442.051807
-2.156594,3,442.07781
-0.016165,1,442.090808
-2.16826,3,442.125808
-2.103484,3,442.152809
-3.200679,4,442.192807
-1.048904,2,442.21881
-2.123357,3,442.24981
-2.12237,3,442.275807
-0.000876,1,442.283809
-1.049301,2,442.304807
-2.08872,3,442.334808
-1.020921,2,442.353807
-1.045963,2,442.371809
-1.076409,2,442.397806
-0.018882,1,442.406807
-2.088916,3,442.434808
-2.125878,3,442.461807
-3.194085,4,442.513315
-2.18089,3,442.545318
-2.099639,3,442.579315
-0.016029,1,442.588315
-1.038089,2,442.618317
0.0,1,442.628316
0.0,1,442.637315
0.0,1,442.649318
-2.196272,3,442.682315
0.0,1,442.691316
-3.19888,4,442.727317
-1.063762,2,442.748316
-2.084785,3,442.781315
-2.131944,3,442.811315
-2.090049,3,442.836419
-1.041462,2,442.858419
-2.133118,3,442.892419
-2.133945,3,442.919419
-1.030335,2,442.936419
-2.196373,3,442.963419
-0.015884,1,442.975419
-0.009509,1,442.98842
-2.192612,3,443.018419
-1.062194,2,443.038678
-2.153771,3,443.068677
-3.217017,4,443.110678
-2.092279,3,443.136678
-0.007511,1,443.145678
-3.203714,4,443.185678
-2.133446,3,443.212678
-2.135157,3,443.245678
-1.044398,2,443.262678
-1.074164,2,443.284678
-2.134775,3,443.312678
-1.071155,2,443.330678
-2.123385,3,443.360678
-2.143877,3,443.39586
-1.029647,2,443.413859
0.0,1,443.42586
-1.068329,2,443.44386
-3.17011,4,443.488862
-2.135232,3,443.515861
-3.26192,4,443.565861
-3.200924,4,443.599859
-3.202173,4,443.640861
-2.153944,3,443.669457
-2.104914,3,443.697459
-1.047262,2,443.714458
-1.021308,2,443.740459
-2.0969,3,443.772459
-3.230315,4,443.807457
-3.212563,4,443.842457
-1.023952,2,443.869458
-3.193586,4,443.909459
-3.173069,4,443.943457
-2.103717,3,443.976457
-0.013431,1,443.989458
-2.148392,3,444.015458
-1.053738,2,444.032457
-2.199425,3,444.057457
-2.161542,3,444.090459
-1.059775,2,444.112458
-1.077524,2,444.13546
-2.125863,3,444.169457
-3.198226,4,444.211457
-1.069649,2,444.229528
-2.121652,3,444.255528
-1.03188,2,444.27259
-2.086601,3,444.30759
-1.033193,2,444.327593
-2.100678,3,444.361591
-2.086807,3,444.392592
-2.096559,3,444.43259
-1.046257,2,444.451592
-2.161384,3,444.477594
-3.253831,4,444.512593
-2.138495,3,444.552592
-2.12478,3,444.579591
-1.044558,2,444.597592
-2.096932,3,444.622591
-2.166549,3,444.663593
-2.071195,3,444.70059
-2.122118,3,444.734592
-1.06865,2,444.756591
-1.033886,2,444.784593
-2.088809,3,444.818098
-2.139666,3,444.856097
-2.180763,3,444.8901
-2.148451,3,444.936098
-3.180813,4,445.043099
-0.008255,1,445.0581
-0.006459,1,445.078099
0.0,1,445.103099
-2.144556,3,445.138098
-1.065462,2,445.163098
-3.217852,4,445.203099
-3.253443,4,445.250097
-3.26279,4,445.295098
-2.181257,3,445.336098
-1.057985,2,445.361098
-1.065812,2,445.389099
-1.062152,2,445.416098
-1.046186,2,445.438097
-2.074065,3,445.464097
-3.238801,4,445.503098
-1.060259,2,445.523098
-2.10704,3,445.558097
-3.226966,4,445.597098
-3.235587,4,445.640098
-0.011734,1,445.649098
-2.15015,3,445.675097
0.0,1,445.686098
-2.111287,3,445.716098
-1.040441,2,445.736098
-1.036314,2,445.754098
-2.147979,3,445.780098
-1.065518,2,445.801097
-2.160925,3,445.829098
-3.302962,4,445.871097
-2.090368,3,445.897098
-2.107066,3,445.930098
-2.088434,3,445.960098
-2.151315,3,445.988604
-2.156416,3,446.015607
-1.050413,2,446.037604
-3.214955,4,446.078678
-3.177984,4,446.113677
0.0,1,446.123677
-2.090799,3,446.162677
-2.127193,3,446.193677
-2.103841,3,446.226677
-1.037036,2,446.245677
-1.032309,2,446.266678
-2.090665,3,446.298677
-2.133996,3,446.325678
-2.167835,3,446.351677
-1.057016,2,446.373677
-3.171451,4,446.413677
-1.030909,2,446.430677
-2.102159,3,446.460679
-1.046989,2,446.483677
-1.034169,2,446.502676
0.0,1,446.513677
-3.1683,4,446.556677
-2.091022,3,446.587738
-2.193079,3,446.615838
-2.155083,3,446.644837
-2.163906,3,446.670837
-2.147936,3,446.703838
-1.049143,2,446.722837
-2.096572,3,446.749837
-1.029657,2,446.767837
-2.186227,3,446.798837
-0.014848,1,446.809837
-2.116665,3,446.83984
-1.049843,2,446.858837
-2.161457,3,446.889837
-1.078095,2,446.910839
-3.209222,4,446.950837
-2.145774,3,446.97784
-2.170678,3,447.008837
-2.154344,3,447.033837
-3.320714,4,447.070837
-1.033913,2,447.087837
-1.055973,2,447.108839
-2.095966,3,447.139345
-3.211832,4,447.181348
-1.022056,2,447.200345
-2.186177,3,447.233345
-1.05031,2,447.258347
-2.175458,3,447.287345
-1.043865,2,447.305345
-2.10342,3,447.338348
-2.140963,3,447.367345
-2.175174,3,447.399345
-2.153885,3,447.425346
-3.20546,4,447.469407
-2.095332,3,447.498407
0.0,1,447.507407
-1.038641,2,447.526407
-0.014436,1,447.539407
-2.155133,3,447.573407
-2.195113,3,447.603408
-3.198289,4,447.643566
-3.170061,4,447.683565
-2.136452,3,447.716567
-2.156413,3,447.744566
0.0,1,447.753567
-0.004699,1,447.766565
-3.231081,4,447.803566
-2.149537,3,447.830565
-1.038894,2,447.849566
-3.228131,4,447.899565
-3.240049,4,447.941565
-0.011563,1,447.951567
-2.148529,3,447.980565
-2.095458,3,448.012565
-2.090645,3,448.039689
-2.133559,3,448.065689
-3.232993,4,448.100688
-2.109513,3,448.131688
-3.199137,4,448.168688
-1.023384,2,448.185689
-3.295597,4,448.221688
-2.188566,3,448.25569
-2.165877,3,448.287195
-1.088867,2,448.308194
-2.108711,3,448.334197
-0.011533,1,448.347195
-3.189099,4,448.388194
-1.02524,2,448.409196
-2.113139,3,448.439194
-1.033521,2,448.463194
-1.028881,2,448.486195
0.0,1,448.495195
-1.072685,2,448.513195
-2.120044,3,448.544195
-1.041504,2,448.566197
-2.076254,3,448.598195
-2.083118,3,448.624194
-2.154188,3,448.655195
-2.139985,3,448.682197
-2.085309,3,448.711195
-3.238532,4,448.745195
-3.202661,4,448.785195
-1.070095,2,448.804195
-1.055883,2,448.823195
-1.069274,2,448.848195
-2.183466,3,448.879195
0.0,1,448.888194
-1.041334,2,448.907194
-1.038262,2,448.926195
-2.107189,3,448.962194
-2.111764,3,448.995195
0.0,1,449.004195
-2.184643,3,449.032196
-2.116298,3,449.065195
-1.073086,2,449.084195
-3.30108,4,449.123197
-3.187728,4,449.158195
0.0,1,449.174195
-2.098066,3,449.201194
-2.148895,3,449.226195
-2.130909,3,449.259195
-2.112569,3,449.295196
-3.205462,4,449.337196
-3.221566,4,449.377195
-3.18381,4,449.411197
-3.211583,4,449.46271
-2.092875,3,449.490707
0.0,1,449.501707
-2.137096,3,449.537707
-1.073626,2,449.561708
-1.068132,2,449.588707
-2.10326,3,449.619707
-1.023319,2,449.635707
-2.201078,3,449.678708
-1.039636,2,449.696706
-2.120829,3,449.723707
-1.064346,2,449.740709
-3.174326,4,449.782707
-3.203709,4,449.817707
-1.0513,2,449.836707
-2.116411,3,449.864707
-3.165248,4,449.913707
-3.198262,4,449.950709
-2.157207,3,449.976707
-2.183471,3,450.003708
-2.130425,3,450.040709
0.0,1,450.051707
-2.191264,3,450.07971
-3.164029,4,450.117825
-2.088573,3,450.148825
0.0,1,450.157825
-2.145882,3,450.182825
0.0,1,450.191826
-3.271969,4,450.232825
-3.244116,4,450.271824
-2.09199,3,450.297826
-2.113951,3,450.322825
-3.292679,4,450.363824
-2.154922,3,450.388824
-1.06027,2,450.405825
-3.186765,4,450.444824
-2.089888,3,450.476825
-3.171767,4,450.511825
-2.136648,3,450.538825
-2.101905,3,450.579339
-1.080985,2,450.603336
0.0,1,450.612336
-2.124611,3,450.641336
-3.172335,4,450.682336
-1.031497,2,450.705336
-2.174091,3,450.732336
-2.089811,3,450.761336
-1.053804,2,450.780336
-3.195845,4,450.821336
0.0,1,450.830335
0.0,1,450.839335
-3.23614,4,450.876336
-1.026158,2,450.901335
-2.150093,3,450.930337
-3.216466,4,450.964336
-2.125461,3,450.993337
-2.127705,3,451.025336
-0.014982,1,451.033335
-2.099789,3,451.064336
-1.037916,2,451.082335
-3.211355,4,451.132335
-1.062438,2,451.150336
-3.241028,4,451.185336
-2.143733,3,451.212336
-2.120452,3,451.244336
-0.01696,1,451.253338
-3.173066,4,451.287335
-2.147113,3,451.314336
-3.170495,4,451.354337
-1.04044,2,451.372338
-1.069433,2,451.389336
-2.101264,3,451.415336
-2.103189,3,451.447337
-1.047767,2,451.465336
-3.291939,4,451.504336
-2.09107,3,451.532336
-2.186138,3,451.564335
-1.049916,2,451.589337
-1.048392,2,451.610337
-2.162894,3,451.636336
-2.101901,3,451.668336
-1.049519,2,451.686337
-3.220677,4,451.725846
-0.019748,1,451.737847
-2.104879,3,451.770845
-2.139677,3,451.797848
-2.127223,3,451.826848
-2.148007,3,451.859848
-1.024383,2,451.883845
-3.173854,4,451.918845
-1.022898,2,451.935845
-3.187818,4,451.970845
-1.021613,2,451.993845
-1.067227,2,452.010846
-1.065495,2,452.028845
-2.10486,3,452.054846
-2.19517,3,452.086845
-2.084641,3,452.114845
-3.268606,4,452.148846
-3.176682,4,452.192845
-0.006792,1,452.208848
-1.079257,2,452.226845
-3.259427,4,452.269846
-2.153183,3,452.305845
-2.104129,3,452.345845
0.0,1,452.357845
-1.063058,2,452.376845
-2.115485,3,452.401845
-2.123607,3,452.437845
-2.143298,3,452.465846
-1.073628,2,452.483845
-2.112426,3,452.509845
-1.031803,2,452.533845
-2.127506,3,452.563847
-2.125467,3,452.600848
-2.101216,3,452.633845
-1.067233,2,452.659846
-1.031925,2,452.680845
0.0,1,452.689845
-3.181186,4,452.723846
-0.011557,1,452.737845
-2.09705,3,452.764845
-1.03356,2,452.783845
0.0,1,452.792845
-3.21491,4,452.841846
-2.127815,3,452.873846
-0.014424,1,452.88485
-2.096446,3,452.917357
-3.201568,4,452.960359
-1.058653,2,452.979358
-3.209666,4,453.017358
-1.051382,2,453.034356
-3.169911,4,453.075357
-0.011461,1,453.085359
-2.11759,3,453.111359
-3.238215,4,453.149357
-2.124364,3,453.186357
-2.11587,3,453.215357
-1.06558,2,453.232356
-2.19144,3,453.257357
-3.186993,4,453.300359
-2.122425,3,453.330357
-3.22916,4,453.365357
-0.0035,1,453.373357
-1.026012,2,453.397459
-2.081442,3,453.425457
-2.109439,3,453.451457
-2.143392,3,453.476456
-2.154398,3,453.511458
-0.017323,1,453.52246
-0.012272,1,453.532457
-2.193049,3,453.557457
-0.018389,1,453.569457
-2.0872,3,453.606457
-2.144893,3,453.638457
-2.144525,3,453.670457
-2.10143,3,453.701457
-3.248259,4,453.737457
-3.333703,4,453.772458
-3.291928,4,453.806456
-1.042709,2,453.831457
-1.075839,2,453.850456
-1.031907,2,453.874458
-2.077519,3,453.905457
-1.05617,2,453.927456
-1.051159,2,453.946456
-0.002507,1,453.962457
-2.138791,3,454.001456
-2.100663,3,454.034968
-1.079122,2,454.053967
-2.106849,3,454.081966
-2.13914,3,454.107966
-1.06922,2,454.138968
-1.027413,2,454.160969
-1.02397,2,454.179966
-2.148181,3,454.206966
-1.05688,2,454.226966
-2.159158,3,454.255966
-1.045674,2,454.273966
-1.03068,2,454.293966
-3.264942,4,454.33497
-3.213906,4,454.380966
-0.013601,1,454.389966
-1.059939,2,454.407966
-2.14837,3,454.438966
-1.022992,2,454.456966
-0.019098,1,454.464966
-3.275215,4,454.500966
-2.111991,3,454.536967
-1.04723,2,454.556966
-3.294503,4,454.597967
-3.250629,4,454.641968
-1.047851,2,454.663966
-3.205032,4,454.699966
-2.137304,3,454.726966
-1.046906,2,454.743966
-2.189228,3,454.776967
-0.00451,1,454.785967
-2.125623,3,454.812966
-1.037552,2,454.833966
-2.084911,3,454.869969
0.0,1,454.881966
-2.113661,3,454.918966
-2.163446,3,454.957968
-3.232891,4,455.005966
-1.055127,2,455.023966
-2.179881,3,455.054967
-2.160218,3,455.090967
-3.209886,4,455.140966
-3.234444,4,455.177968
-1.055224,2,455.195473
-1.024418,2,455.213472
-2.097416,3,455.250473
-2.150571,3,455.282473
-3.251727,4,455.324473
-0.015421,1,455.333472
-2.148506,3,455.366475
-2.101425,3,455.393473
-3.221747,4,455.429473
-0.013994,1,455.438473
-2.15826,3,455.471473
-2.107343,3,455.500472
-0.011084,1,455.509473
-0.012621,1,455.520474
-3.180338,4,455.561473
-1.028925,2,455.581473
-1.021475,2,455.604474
-3.208525,4,455.640534
-2.147238,3,455.676534
-1.047636,2,455.694534
-1.023696,2,455.712534
-2.082374,3,455.741537
-1.027669,2,455.762534
-3.196125,4,455.804535
-3.202731,4,455.857535
-2.105684,3,455.889625
-2.101949,3,455.930625
-2.112375,3,455.962625
-3.263224,4,456.000625
-1.049296,2,456.023626
-2.100379,3,456.055625
-1.066562,2,456.073625
-2.112261,3,456.101624
-3.226267,4,456.141626
-1.075453,2,456.166626
0.0,1,456.175625
-2.129132,3,456.202625
-1.082176,2,456.220626
-2.086855,3,456.253764
-2.108407,3,456.279763
-2.090601,3,456.307763
0.0,1,456.316764
-2.118058,3,456.35427
-2.110952,3,456.382269
-2.130791,3,456.41827
-1.079306,2,456.442271
-3.202119,4,456.492269
-2.17781,3,456.529272
-2.124624,3,456.556269
-3.293438,4,456.601269
-2.166689,3,456.637269
-3.206474,4,456.672269
0.0,1,456.682269
-3.179245,4,456.720269
-1.076092,2,456.741269
-3.216103,4,456.781269
0.0,1,456.79227
-2.096012,3,456.819269
-3.24249,4,456.859269
-1.066425,2,456.877269
-1.036733,2,456.894269
-2.136931,3,456.92327
-1.060729,2,456.946269
-2.081789,3,456.974276
-3.226051,4,457.009269
-2.132131,3,457.037269
-1.074004,2,457.060271
0.0,1,457.069269
-2.184992,3,457.101272
-2.113079,3,457.132269
-2.12605,3,457.165269
-2.114107,3,457.192269
-2.103541,3,457.218269
0.0,1,457.228269
-2.096903,3,457.259269
-2.126236,3,457.287269
-2.080111,3,457.313269
0.0,1,457.321268
-3.195701,4,457.365269
0.0,1,457.374269
0.0,1,457.383269
0.0,1,457.391269
-2.170299,3,457.42527
-2.11177,3,457.452269
-2.155412,3,457.480269
-3.21716,4,457.513268
0.0,1,457.526272
-3.199957,4,457.575781
-3.166475,4,457.618778
-2.166986,3,457.64878
-1.02002,2,457.674781
0.0,1,457.683779
-3.241536,4,457.722781
-3.213025,4,457.756778
-2.119937,3,457.789779
-1.033305,2,457.808779
-2.151362,3,457.833779
-2.131984,3,457.859779
-2.122991,3,457.89292
-2.079615,3,457.919919
0.0,1,457.928919
-2.131018,3,457.953919
-1.052027,2,457.976919
-0.013857,1,457.98592
-3.21585,4,458.02392
-2.15314,3,458.04992
-2.168256,3,458.083921
-1.058871,2,458.10892
-3.291636,4,458.14492
-1.064594,2,458.16592
-0.010652,1,458.178919
0.0,1,458.188919
-2.160691,3,458.21792
-3.171043,4,458.252919
-2.109492,3,458.283919
-2.093366,3,458.31092
-2.190075,3,458.339987
-2.209523,3,458.367987
-3.214777,4,458.406986
-1.037451,2,458.424986
-3.225614,4,458.469985
-2.119459,3,458.495986
-3.368389,4,458.541989
-2.135802,3,458.569986
-2.118969,3,458.601985
-2.177122,3,458.631986
-3.179158,4,458.676986
-2.077435,3,458.701987
-2.123052,3,458.726986
-3.192507,4,458.763577
-2.111894,3,458.797577
-3.255721,4,458.832577
-0.013458,1,458.841578
-1.02113,2,458.863578
-1.035887,2,458.889578
-3.27687,4,458.927578
-2.141805,3,458.952577
-3.260687,4,458.994578
-2.130871,3,459.030579
-2.124202,3,459.058577
-2.092967,3,459.090577
-2.1264,3,459.119577
-3.247496,4,459.166578
-3.199605,4,459.203577
-0.006954,1,459.212577
0.0,1,459.222577
-2.182009,3,459.253577
-2.197061,3,459.291578
-2.091036,3,459.319577
-2.170207,3,459.352577
-3.233592,4,459.393577
-1.072673,2,459.410578
-1.052588,2,459.42958
-3.213893,4,459.469577
-2.085745,3,459.501577
-1.037306,2,459.520577
0.0,1,459.53058
-1.066601,2,459.549578
-2.084258,3,459.58158
-3.254683,4,459.626577
-1.091733,2,459.645578
-0.002309,1,459.657577
-3.163777,4,459.699578
-2.162492,3,459.725577
0.0,1,459.734577
-2.167475,3,459.762577
-2.149853,3,459.794578
-3.179521,4,459.828577
-3.216823,4,459.864578
-1.032095,2,459.883577
-2.09131,3,459.918088
-1.030292,2,459.938087
-1.020216,2,459.955088
-2.092069,3,459.984087
-2.162145,3,460.022087
-3.198062,4,460.058087
-0.008793,1,460.067088
-2.099573,3,460.095088
-3.332688,4,460.139087
-2.097644,3,460.169087
-3.167112,4,460.206088
-3.226342,4,460.240087
0.0,1,460.252087
-2.159367,3,460.285087
-2.13717,3,460.313087
-2.092017,3,460.33915
-2.104122,3,460.370351
-2.133302,3,460.399351
-2.140978,3,460.42635
-1.031983,2,460.443351
-3.234449,4,460.48335
-3.222853,4,460.519351
-0.014936,1,460.529353
-3.18483,4,460.565351
-1.072554,2,460.589353
-2.07282,3,460.624352
-2.123904,3,460.656351
-1.025856,2,460.673353
-1.021121,2,460.694351
-0.003293,1,460.704353
-2.139209,3,460.732351
-2.079881,3,460.75935
-1.076942,2,460.782351
-3.210782,4,460.815351
-1.067912,2,460.834351
-1.061567,2,460.855351
-2.123203,3,460.888352
-2.083982,3,460.91335
-2.147932,3,460.93935
-2.080409,3,460.970351
-3.194329,4,461.01035
-2.080676,3,461.036353
-1.021485,2,461.054855
-2.149445,3,461.082859
-0.007337,1,461.095859
-2.101521,3,461.126858
-1.021424,2,461.14986
-2.122881,3,461.182858
-0.017919,1,461.195858
-0.013996,1,461.203858
-3.190079,4,461.239858
-2.098528,3,461.265932
-3.199849,4,461.307932
-2.130423,3,461.332933
-3.232085,4,461.367933
-2.187442,3,461.393932
-1.026574,2,461.417933
-1.033629,2,461.435935
-2.103093,3,461.461932
-2.178714,3,461.487932
0.0,1,461.500932
-3.172563,4,461.538932
-2.153643,3,461.564932
-1.079951,2,461.581932
-1.085379,2,461.607935
-3.189775,4,461.651932
-3.177319,4,461.689932
0.0,1,461.698934
-0.011106,1,461.714
0.0,1,461.724003
-3.209263,4,461.761002
-2.15037,3,461.79
-3.170797,4,461.83113
-2.123135,3,461.86513
-1.072286,2,461.882129
-2.083263,3,461.911131
-1.069954,2,461.936131
-2.203383,3,461.96413
-1.02558,2,461.98113
-1.085443,2,461.998129
-2.153106,3,462.03113
-1.038327,2,462.05113
-2.158066,3,462.077213
-2.097241,3,462.102213
-2.158873,3,462.133213
-1.049661,2,462.153213
-1.041636,2,462.172214
-3.237139,4,462.212722
-2.136775,3,462.243722
-3.188734,4,462.280723
-1.029076,2,462.301724
-1.055484,2,462.320725
-2.149392,3,462.351722
0.0,1,462.359722
-0.010731,1,462.370722
-3.256853,4,462.413722
-2.159103,3,462.444722
-1.051958,2,462.462722
-2.124645,3,462.491722
-2.11562,3,462.520723
-0.003159,1,462.532722
-2.168183,3,462.563722
-2.112778,3,462.590722
-3.208185,4,462.631722
-2.101084,3,462.673725
-2.184207,3,462.702723
-3.229519,4,462.738722
-2.165958,3,462.764722
-3.228392,4,462.807722
0.0,1,462.816725
-1.077872,2,462.835724
-2.16271,3,462.863723
-3.169352,4,462.903722
-1.026689,2,462.922722
-2.16999,3,462.954723
-1.061228,2,462.976723
-2.170858,3,463.007722
-1.041429,2,463.026722
-2.109818,3,463.054724
-2.167304,3,463.083722
-2.12262,3,463.118725
-2.16212,3,463.154725
-0.015596,1,463.164722
-1.053995,2,463.181722
-2.117375,3,463.212722
-2.130221,3,463.238722
-0.006183,1,463.249723
-2.147639,3,463.279722
-3.190185,4,463.319722
-2.143406,3,463.350727
-3.202068,4,463.388347
-3.197727,4,463.430348
-3.156955,4,463.477347
-1.053791,2,463.496347
-3.198103,4,463.531347
-2.156289,3,463.561349
-2.11563,3,463.594348
-3.179479,4,463.627347
-2.078977,3,463.664349
-0.010122,1,463.674349
-2.104814,3,463.706348
-0.007473,1,463.715348
-0.012047,1,463.723348
-2.106777,3,463.74935
-2.170058,3,463.782348
-2.140319,3,463.814347
-2.110109,3,463.840348
-3.286962,4,463.875666
-3.224859,4,463.918666
-2.141514,3,463.945666
-2.163337,3,463.970666
-2.159256,3,464.003666
-2.134147,3,464.035666
-2.145576,3,464.062667
-2.157987,3,464.088666
0.0,1,464.096665
-2.116578,3,464.132667
-1.082696,2,464.151666
-1.028327,2,464.172666
-2.149356,3,464.198667
0.0,1,464.213667
-2.140527,3,464.252666
0.0,1,464.261666
-1.06525,2,464.278666
-2.103883,3,464.309666
-3.166473,4,464.354666
-2.139572,3,464.380666
0.0,1,464.388666
-1.075103,2,464.411667
-2.143405,3,464.437666
-2.152444,3,464.464667
-1.081454,2,464.484176
-2.112261,3,464.518176
-3.257661,4,464.555176
-2.126838,3,464.590175
-1.033904,2,464.608175
-2.100323,3,464.643379
-3.205667,4,464.690381
-2.122107,3,464.717381
-1.029623,2,464.734378
-2.18199,3,464.76938
-1.034992,2,464.790378
-2.102426,3,464.817381
-2.122325,3,464.843379
-2.087163,3,464.874608
-1.036076,2,464.892608
-1.026204,2,464.911609
-1.03427,2,464.928607
-0.007509,1,464.944609
-3.290322,4,464.983608
-1.064271,2,465.008607
-2.09,3,465.038608
-3.214419,4,465.086607
-2.18296,3,465.123609
-2.132483,3,465.153607
-2.138825,3,465.187608
0.0,1,465.202607
-2.123976,3,465.235607
-3.23961,4,465.279607
-2.111081,3,465.305608
-3.181129,4,465.348609
-3.186193,4,465.389607
-2.192717,3,465.415608
-3.254217,4,465.451608
-1.030564,2,465.474608
-1.043552,2,465.492609
-2.160626,3,465.518608
-1.047908,2,465.535608
-2.180626,3,465.568607
-0.014866,1,465.577606
-2.162866,3,465.603611
-2.143949,3,465.632114
-3.21015,4,465.682116
0.0,1,465.694116
-3.264283,4,465.733116
-2.081999,3,465.758266
-2.185165,3,465.791266
-1.037586,2,465.814266
-1.075535,2,465.830267
-1.076553,2,465.848266
-3.170391,4,465.890266
-3.218394,4,465.927266
-1.036763,2,465.945266
-1.034319,2,465.965267
-3.197828,4,466.007266
-1.064934,2,466.026266
-2.131369,3,466.052266
-0.013541,1,466.061267
-2.092961,3,466.097266
-3.204066,4,466.137266
-1.040121,2,466.154266
-3.187301,4,466.195333
-2.140658,3,466.233332
-3.235132,4,466.267333
-2.153801,3,466.293459
-2.10671,3,466.32346
-3.186696,4,466.366459
-2.137038,3,466.393459
-2.099548,3,466.423459
-2.089899,3,466.45746
-1.024652,2,466.479459
-2.157164,3,466.505461
-1.023097,2,466.523459
-3.190009,4,466.560459
-1.026286,2,466.582459
-3.30232,4,466.61746
-2.120621,3,466.651459
-2.120963,3,466.684458
-2.092039,3,466.715458
-1.061188,2,466.734461
-0.001434,1,466.746966
-2.122138,3,466.778965
-3.166025,4,466.819966
-2.144873,3,466.848967
-3.190562,4,466.889966
-1.043131,2,466.907965
-3.176787,4,466.947966
-2.139868,3,466.974967
-2.113829,3,467.001966
-2.133155,3,467.026966
-1.039555,2,467.052967
-2.105226,3,467.087966
-0.007464,1,467.096966
-0.019879,1,467.106966
-1.064033,2,467.131966
-1.032336,2,467.151968
0.0,1,467.164966
-2.186993,3,467.194966
-2.083416,3,467.228966
-0.010689,1,467.237966
-2.100956,3,467.263965
-3.245278,4,467.298966
-2.168157,3,467.331967
-2.111774,3,467.358965
-2.118914,3,467.384965
-2.137132,3,467.411114
-2.104514,3,467.452116
-2.167708,3,467.481116
-0.011132,1,467.490114
-3.174969,4,467.525115
-1.034182,2,467.548115
-2.084723,3,467.573114
-3.163843,4,467.611117
-0.010615,1,467.621114
-2.131431,3,467.656116
-1.062942,2,467.683115
-2.157886,3,467.710115
-2.096134,3,467.736115
-2.129516,3,467.769116
-3.174582,4,467.804115
-3.248435,4,467.841115
-3.18524,4,467.881118
0.0,1,467.894622
-1.042973,2,467.915622
-3.226378,4,467.951622
-2.084521,3,467.986623
-1.061795,2,468.009621
-1.038149,2,468.028621
-0.014632,1,468.037622
-2.116993,3,468.062693
-2.125308,3,468.098693
-1.062272,2,468.115693
-1.032151,2,468.237694
-1.073324,2,468.254693
-2.129088,3,468.288693
-2.145519,3,468.316693
-2.075112,3,468.342695
-3.243552,4,468.375693
-2.076136,3,468.408693
-0.000558,1,468.422693
-1.063392,2,468.443695
-0.015727,1,468.452693
-2.106576,3,468.490763
-1.086446,2,468.509763
-0.011505,1,468.518764
-1.021198,2,468.535764
-1.070132,2,468.557763
-2.099261,3,468.584763
-0.003582,1,468.592764
-1.053705,2,468.610763
-2.129638,3,468.642765
-0.007766,1,468.653763
-2.165715,3,468.688848
-3.217137,4,468.729848
-1.059152,2,468.756848
-2.07554,3,468.785848
-2.096835,3,468.811849
-2.176663,3,468.842848
-3.156542,4,468.885929
-3.231432,4,468.920928
-2.129787,3,468.945927
-3.255459,4,468.982928
-1.063158,2,469.008931
-2.119503,3,469.036437
-2.167266,3,469.067441
-2.162252,3,469.096438
-2.098471,3,469.130438
-1.040053,2,469.147437
-2.139028,3,469.177437
-1.0875,2,469.198437
-3.197234,4,469.238438
-1.072404,2,469.259438
-3.25923,4,469.373439
-2.134268,3,469.423439
-1.070543,2,469.457529
-0.015371,1,469.468532
-3.200776,4,469.517529
-1.020289,2,469.538529
-3.204796,4,469.590528
-2.144199,3,469.629529
-2.185493,3,469.66953
-2.16666,3,469.707532
-2.116013,3,469.747529
-2.106228,3,469.775529
-3.17739,4,469.81453
-2.114152,3,469.841529
-1.051876,2,469.866529
-3.230667,4,469.901529
-2.14039,3,469.927529
-2.08035,3,469.955531
-2.113783,3,469.98553
-1.06844,2,470.00553
-2.11975,3,470.03153
-3.207739,4,470.071529
-2.136399,3,470.11153
-2.146109,3,470.139531
-0.013953,1,470.148532
-2.095676,3,470.178038
-1.056899,2,470.201038
-2.114442,3,470.231039
-2.112835,3,470.26004
-2.101096,3,470.292038
-2.15757,3,470.323038
-3.246844,4,470.357038
-0.013765,1,470.366038
-3.204127,4,470.402287
-2.151124,3,470.43729
0.0,1,470.445287
-2.145808,3,470.471287
-1.053693,2,470.490286
-2.160808,3,470.520287
-2.130671,3,470.546287
0.0,1,470.555287
-2.161508,3,470.581288
-2.204739,3,470.615287
-1.066995,2,470.634287
-1.034497,2,470.652287
-1.044178,2,470.67429
-2.161535,3,470.71829
-1.03287,2,470.737289
-2.087564,3,470.76229
-3.194989,4,470.800288
-1.05772,2,470.82429
-3.220303,4,470.860287
-2.141337,3,470.885287
-2.150449,3,470.913289
-2.113071,3,470.945287
-0.017335,1,470.954287
-2.13283,3,470.981289
-2.149716,3,471.006288
-1.028576,2,471.027287
-2.145383,3,471.056288
-1.054708,2,471.074289
-3.263775,4,471.108287
-2.082958,3,471.140287
-2.140722,3,471.169287
-2.146,3,471.199289
-2.129615,3,471.225288
-3.227219,4,471.268289
-2.155848,3,471.298797
-2.167005,3,471.325868
-2.116961,3,471.351866
-2.102199,3,471.386932
-3.170291,4,471.42893
-3.21927,4,471.468931
-1.060919,2,471.486931
-2.102992,3,471.518931
-1.020362,2,471.536932
-3.263566,4,471.57193
-3.207391,4,471.60993
-0.015418,1,471.62393
-2.138392,3,471.64993
-1.020239,2,471.671995
-1.023059,2,471.692994
-2.109454,3,471.725319
-2.086641,3,471.750319
-3.226338,4,471.78832
-1.074334,2,471.811319
-1.048958,2,471.835319
-3.217725,4,471.870319
-3.193433,4,471.907319
-2.138337,3,471.935319
-1.049862,2,471.959319
0.0,1,471.968321
-2.125989,3,472.002323
-2.179137,3,472.041319
-1.07396,2,472.064319
-1.075962,2,472.082319
-1.023319,2,472.098319
-2.099339,3,472.12832
-1.043855,2,472.15432
-2.116058,3,472.190319
-2.141425,3,472.218319
-2.160338,3,472.248319
-2.097116,3,472.281321
-2.104666,3,472.312322
-2.137077,3,472.340319
-2.113922,3,472.367319
-2.078563,3,472.40032
-3.192607,4,472.435321
-2.152582,3,472.470825
-3.191166,4,472.506826
-2.1096,3,472.542825
-2.096022,3,472.576828
-2.128678,3,472.611825
-1.065647,2,472.632825
-3.179454,4,472.680829
-1.041449,2,472.699826
0.0,1,472.708825
-1.060064,2,472.725826
-2.158519,3,472.759826
-2.138581,3,472.787826
-0.006802,1,472.796825
-1.033345,2,472.818826
-1.041478,2,472.847828
-3.261939,4,472.883825
-1.025388,2,472.901826
-1.060819,2,472.920825
-0.004042,1,472.933825
0.0,1,472.945825
-1.080922,2,472.963825
-3.194618,4,473.000825
-2.136205,3,473.033827
-2.144122,3,473.062826
-2.185382,3,473.088826
-2.163128,3,473.115826
-2.098324,3,473.147825
-2.129235,3,473.173825
-0.013531,1,473.182826
-1.026556,2,473.200825
-1.07377,2,473.224828
-2.151702,3,473.251825
-2.104801,3,473.281826
-2.164254,3,473.307826
-0.005949,1,473.325826
-1.075604,2,473.344826
-1.046732,2,473.361825
-0.01777,1,473.370825
-2.074156,3,473.401825
-2.085397,3,473.431826
-2.106755,3,473.462828
-2.141049,3,473.487825
-1.049539,2,473.509825
-2.111551,3,473.537826
-3.169591,4,473.576829
-2.127196,3,473.605335
-3.278006,4,473.646335
-2.135081,3,473.682334
-2.109823,3,473.713336
-2.076473,3,473.742337
-3.189016,4,473.784335
-2.141497,3,473.809335
-3.168928,4,473.850489
-2.133415,3,473.877488
-3.189817,4,473.917488
-0.013461,1,473.926488
-3.310113,4,473.960488
-3.198186,4,474.002488
-2.173105,3,474.033488
-2.107076,3,474.060488
-2.093016,3,474.087489
-1.025765,2,474.107489
-2.103254,3,474.139488
-1.043786,2,474.156492
-1.037078,2,474.17549
-0.012986,1,474.184488
-2.169815,3,474.216488
-0.010815,1,474.225489
-2.107721,3,474.251488
-3.164306,4,474.285488
-2.184193,3,474.318492
-2.08931,3,474.352489
-1.073181,2,474.369492
-1.048284,2,474.38749
-3.257841,4,474.428851
-3.179707,4,474.464849
-3.210409,4,474.502849
0.0,1,474.511849
-1.073436,2,474.536901
-2.215062,3,474.563902
-1.051437,2,474.580904
-2.184044,3,474.606902
-2.170719,3,474.639901
-2.146745,3,474.676903
-2.118141,3,474.704901
-2.104332,3,474.73541
-3.252792,4,474.782411
-3.201639,4,474.82441
-3.223768,4,474.863411
-2.187494,3,474.893411
-2.090393,3,474.925412
-2.110369,3,474.95141
-2.164023,3,474.97941
-2.079909,3,475.006412
-3.228654,4,475.04641
0.0,1,475.05441
-3.23394,4,475.09241
-3.232776,4,475.13041
0.0,1,475.14241
-2.125595,3,475.17741
-2.106085,3,475.21041
-2.082174,3,475.246411
-2.166114,3,475.28441
-2.142844,3,475.32241
-1.058591,2,475.346413
-1.034181,2,475.371412
-2.157457,3,475.40941
-2.094045,3,475.44141
-2.105689,3,475.46641
-3.194478,4,475.500411
-1.048655,2,475.52441
-1.070455,2,475.541409
-2.123295,3,475.566411
-1.073247,2,475.58441
-2.188674,3,475.61541
0.0,1,475.62541
-2.192285,3,475.65341
-2.105978,3,475.686411
-1.048544,2,475.70941
-1.030613,2,475.73041
-3.316098,4,475.76641
-1.028016,2,475.783459
-2.101345,3,475.819461
-2.168079,3,475.854458
-3.174265,4,475.892967
-2.139117,3,475.926967
-1.026698,2,475.951966
-0.005332,1,475.960967
-1.064748,2,475.981968
-1.027324,2,476.001965
-2.141286,3,476.033966
-3.267715,4,476.070966
-1.023945,2,476.089966
0.0,1,476.097965
-1.03215,2,476.119966
-2.115436,3,476.146966
-2.169665,3,476.173965
-2.106705,3,476.203968
-1.035984,2,476.226966
-0.019076,1,476.237968
-1.043653,2,476.254965
-1.06798,2,476.277965
-2.201566,3,476.312968
-2.098601,3,476.341965
-3.188097,4,476.376966
-2.147463,3,476.405965
-2.071225,3,476.437968
-2.135047,3,476.462968
-2.135879,3,476.488966
-2.164502,3,476.517965
-3.251989,4,476.559966
-2.110507,3,476.587966
-1.032082,2,476.606966
-1.02615,2,476.625966
-1.07628,2,476.648965
-1.084935,2,476.668967
-1.065731,2,476.699966
-0.017132,1,476.708966
-2.097111,3,476.744966
-2.11343,3,476.770967
-2.145646,3,476.796965
-2.119493,3,476.821966
-2.156756,3,476.856966
-0.011228,1,476.865966
-3.244486,4,476.900966
-0.014121,1,476.912968
-3.16506,4,476.955966
-2.157877,3,476.981968
-2.157717,3,477.007966
-2.149074,3,477.036475
-3.270061,4,477.078474
-2.126339,3,477.109476
-2.121928,3,477.139474
-1.073965,2,477.159475
-2.138071,3,477.190474
-0.016957,1,477.199474
-2.098879,3,477.227475
-2.085097,3,477.253474
-1.029264,2,477.280474
-2.178691,3,477.315476
-1.025801,2,477.336474
-3.256915,4,477.429478
-2.125628,3,477.497476
-3.257563,4,477.557475
-1.038602,2,477.579474
-1.044483,2,477.602475
-3.189874,4,477.653475
-1.058633,2,477.679475
-1.037382,2,477.705475
-3.244105,4,477.758475
-2.151747,3,477.800477
-2.124714,3,477.838476
-1.021518,2,477.861474
-2.121274,3,477.887474
-1.04088,2,477.912476
-0.016393,1,477.923475
-1.053937,2,477.942474
-2.12672,3,477.968474
-3.259506,4,478.008475
-1.042405,2,478.027726
0.0,1,478.036726
-3.239988,4,478.078725
-2.094412,3,478.110725
0.0,1,478.119727
-3.223387,4,478.159728
-1.025225,2,478.179242
0.0,1,478.192236
-2.083395,3,478.221236
-2.099326,3,478.252236
-3.184795,4,478.294236
-2.159464,3,478.328237
-2.113405,3,478.363236
-1.033394,2,478.382237
-0.019526,1,478.391236
-1.021189,2,478.414237
-3.257374,4,478.449236
-2.188985,3,478.477237
-0.011455,1,478.487236
-1.023486,2,478.509236
-3.174647,4,478.546236
-2.133705,3,478.574236
-3.173083,4,478.609236
-3.202727,4,478.652236
-1.084492,2,478.674236
-2.125983,3,478.709236
-3.251993,4,478.745238
-1.065391,2,478.768236
-1.047072,2,478.786236
-1.027022,2,478.806237
-2.14558,3,478.836236
-2.134215,3,478.871236
-2.12456,3,478.906235
-1.069661,2,478.927236
-0.014466,1,478.935236
-0.015809,1,478.949236
-2.113577,3,478.975238
-2.123948,3,479.002236
-2.117038,3,479.038239
-1.069004,2,479.060236
-1.064187,2,479.078236
-1.076731,2,479.095236
-3.218019,4,479.131237
-3.194756,4,479.176236
-2.10545,3,479.204236
-1.066762,2,479.225237
-3.263758,4,479.264237
-0.011694,1,479.278236
-1.033903,2,479.295238
-2.107743,3,479.327743
-2.163302,3,479.372743
-3.215415,4,479.498019
-2.106717,3,479.542019
-3.277098,4,479.59202
-3.212678,4,479.636019
-3.282553,4,479.699021
-3.163495,4,479.749021
-1.026288,2,479.768018
-2.092502,3,479.796019
-2.102919,3,479.827018
-2.10068,3,479.87002
-2.137038,3,479.967019
-2.136049,3,480.01902
-3.177166,4,480.077019
-1.053536,2,480.098019
-2.140899,3,480.13402
-1.036159,2,480.160021
-2.138255,3,480.20202
-2.154854,3,480.241021
-3.291725,4,480.277019
-1.056654,2,480.29402
-3.20398,4,480.337018
-2.113448,3,480.367018
-2.11091,3,480.392018
-3.184954,4,480.426021
-3.254303,4,480.470019
-2.152843,3,480.497528
-1.073363,2,480.521528
-3.181108,4,480.562528
-1.0707,2,480.58653
-1.036495,2,480.610528
-3.19131,4,480.65053
-3.194289,4,480.691528
-1.042084,2,480.716531
-2.139831,3,480.743529
-3.319552,4,480.784528
-1.064196,2,480.806528
-2.09736,3,480.837529
-2.148362,3,480.870529
-1.064929,2,480.89153
-2.083117,3,480.91953
-2.146976,3,480.950528
-2.0855,3,480.980528
-0.009239,1,480.989529
-2.143879,3,481.015632
-3.207997,4,481.055632
-2.119357,3,481.081634
-2.13646,3,481.109632
-2.14226,3,481.136631
-2.108566,3,481.167631
-2.11828,3,481.192631
-1.042797,2,481.211632
0.0,1,481.220632
0.0,1,481.233632
-3.195513,4,481.270632
-1.031529,2,481.287632
-1.041164,2,481.306634
0.0,1,481.319634
-3.216702,4,481.355631
-1.071152,2,481.373631
-2.141029,3,481.398632
-1.048354,2,481.422632
0.0,1,481.432632
-2.140083,3,481.458632
-3.18456,4,481.492631
-2.114732,3,481.528632
-1.036939,2,481.547984
-3.240642,4,481.581985
-2.211603,3,481.606986
-3.270949,4,481.654493
-3.258358,4,481.694491
-0.019238,1,481.707492
-2.193189,3,481.742492
-3.200786,4,481.788493
-3.256115,4,481.82249
-1.038242,2,481.840491
-2.139654,3,481.86849
-1.047393,2,481.894492
-1.058473,2,481.912491
-3.239896,4,481.946491
-2.170776,3,481.97349
-3.182234,4,482.026492
-1.07586,2,482.044492
-2.161253,3,482.071491
-2.096458,3,482.101492
-0.008436,1,482.114491
-2.146992,3,482.144491
-3.222698,4,482.18049
-3.22617,4,482.216491
-0.008816,1,482.22849
-3.240805,4,482.264612
-3.266599,4,482.299612
-2.084111,3,482.329611
-1.06109,2,482.350611
-2.140147,3,482.386611
-2.141795,3,482.413614
-1.02733,2,482.432614
-1.049301,2,482.454612
-2.136085,3,482.480611
-1.056855,2,482.497673
-1.044315,2,482.517674
-2.178679,3,482.549673
-2.148837,3,482.591674
-2.146527,3,482.625674
-2.15134,3,482.653673
-2.121501,3,482.684674
-2.153802,3,482.717673
-3.176588,4,482.755674
-2.099099,3,482.782674
-2.159879,3,482.816267
-2.087662,3,482.846267
-1.082491,2,482.868267
-2.100748,3,482.898267
-3.205718,4,482.938268
-3.172883,4,482.981267
-1.083247,2,483.000267
-2.096402,3,483.02827
0.0,1,483.042267
-2.105988,3,483.071271
-1.035465,2,483.093268
-1.078097,2,483.112267
-0.01134,1,483.124267
-2.147184,3,483.151269
-2.129201,3,483.178267
-2.13244,3,483.205267
-2.080253,3,483.244267
-2.110197,3,483.279268
-1.033418,2,483.300267
-2.149695,3,483.33227
-2.095942,3,483.372267
-3.17886,4,483.411267
-1.029814,2,483.429268
-1.069623,2,483.446541
-1.049148,2,483.46754
-2.177137,3,483.495541
-2.135703,3,483.52254
-2.146321,3,483.549541
-3.231864,4,483.59054
-1.087427,2,483.608541
-3.222093,4,483.644542
-2.114165,3,483.669542
-2.101562,3,483.70554
-3.203469,4,483.750543
-1.045087,2,483.769542
-0.012584,1,483.77854
-2.124443,3,483.81054
-3.20783,4,483.851541
-0.007083,1,483.86054
-2.154862,3,483.889541
-2.139259,3,483.92254
-0.018351,1,483.93054
-2.1224,3,483.95954
-1.038598,2,483.976541
-1.062122,2,483.99754
-2.109509,3,484.033049
-2.169336,3,484.061048
-2.117207,3,484.090049
-2.127519,3,484.125048
0.0,1,484.135049
-2.094466,3,484.161048
-2.154391,3,484.189051
-3.217275,4,484.230049
-1.024328,2,484.246048
-3.18779,4,484.284049
-2.184856,3,484.310048
-1.024113,2,484.334049
-3.330008,4,484.373048
-1.074246,2,484.394048
-1.024054,2,484.411048
-2.177073,3,484.444048
-0.006967,1,484.453048
-2.160111,3,484.484048
-2.128832,3,484.511048
-2.119091,3,484.543048
-2.115184,3,484.569048
-2.160955,3,484.596049
-0.018152,1,484.605048
-3.219186,4,484.645049
0.0,1,484.655049
0.0,1,484.664051
-2.095415,3,484.689051
-0.014116,1,484.704048
-1.06266,2,484.728049
-1.025019,2,484.749048
-1.027541,2,484.77005
-3.219089,4,484.812048
-1.025623,2,484.830049
-1.035527,2,484.849048
-2.160867,3,484.877125
-1.050177,2,484.900124
-2.126545,3,484.930125
-1.088523,2,484.951127
-2.097753,3,484.977124
-3.165323,4,485.017124
-3.250894,4,485.059189
-2.122718,3,485.086189
-2.175553,3,485.111267
-2.134913,3,485.141266
-2.157534,3,485.171773
-2.13652,3,485.200776
-0.016762,1,485.209773
-0.009497,1,485.222774
-1.0595,2,485.243773
-1.026236,2,485.263774
0.0,1,485.276774
-3.252327,4,485.315773
-2.106846,3,485.347775
-3.212343,4,485.392773
-2.105911,3,485.430774
-2.14384,3,485.469774
0.0,1,485.481773
-3.219847,4,485.528773
-1.055636,2,485.549773
-2.084844,3,485.588775
-3.261352,4,485.633774
-3.234543,4,485.674773
-2.097391,3,485.704774
-3.187986,4,485.760773
-2.165931,3,485.792774
-2.157965,3,485.819775
-3.184163,4,485.857775
0.0,1,485.870773
-2.098093,3,485.905773
-1.021804,2,485.925774
-1.033807,2,485.946774
-3.216297,4,485.996773
-1.074938,2,486.013774
-1.07151,2,486.032774
-1.020352,2,486.054773
-1.063149,2,486.077773
-1.039737,2,486.099774
-3.210795,4,486.134774
0.0,1,486.143773
-1.033003,2,486.168774
-3.25358,4,486.205774
-1.08029,2,486.228776
-2.103832,3,486.256774
0.0,1,486.270774
-2.096788,3,486.298775
-2.099746,3,486.329281
-3.261319,4,486.372282
-1.060009,2,486.395282
-1.036139,2,486.420282
-0.005821,1,486.434282
-2.171567,3,486.464281
-2.128748,3,486.499281
-1.033093,2,486.516281
-3.200211,4,486.549397
-1.025842,2,486.566397
-3.235185,4,486.609398
0.0,1,486.617397
-2.143278,3,486.642397
-2.101393,3,486.670398
-1.079314,2,486.694397
-2.126566,3,486.73147
-2.183707,3,486.756468
-2.138969,3,486.782468
-0.014958,1,486.797467
-2.155344,3,486.825467
-3.255261,4,486.86147
-2.116422,3,486.889468
-1.060632,2,486.915468
-3.225081,4,486.952468
-1.024203,2,486.975469
-3.280777,4,487.018467
-2.145263,3,487.049468
-3.265533,4,487.084468
-2.160446,3,487.110571
-3.233264,4,487.147572
-3.199323,4,487.188574
-3.19751,4,487.226572
-1.067921,2,487.245572
0.0,1,487.255571
-1.038507,2,487.277572
-2.168723,3,487.303571
-2.106013,3,487.329571
-1.051088,2,487.348571
0.0,1,487.364572
-3.219315,4,487.403573
-3.198883,4,487.439575
-2.155536,3,487.479138
-1.045584,2,487.508139
-2.086375,3,487.533137
-0.002251,1,487.544138
-2.097164,3,487.58114
-2.088548,3,487.621137
-2.093639,3,487.648136
-1.081505,2,487.666136
-2.15657,3,487.699136
-3.182481,4,487.749136
-3.20746,4,487.787137
-2.151682,3,487.820139
-2.13396,3,487.846137
-3.2022,4,487.887136
-2.17662,3,487.917199
-2.188117,3,487.943198
-2.093707,3,487.971199
-3.223164,4,488.014199
-3.259179,4,488.062197
-2.100516,3,488.092197
-3.251634,4,488.131267
-3.192389,4,488.183269
-1.07458,2,488.204268
-2.116813,3,488.234267
-0.013511,1,488.243267
-3.276295,4,488.289267
0.0,1,488.298267
0.0,1,488.308268
-2.148962,3,488.339268
-3.237471,4,488.382267
-2.16237,3,488.414269
-2.189481,3,488.441267
-3.231177,4,488.481392
-2.139541,3,488.515391
-2.132188,3,488.54239
-1.05843,2,488.56039
-3.193689,4,488.593392
-2.174174,3,488.629898
-2.100581,3,488.655898
-2.179443,3,488.682899
-2.109261,3,488.715898
-3.260514,4,488.775899
-2.102628,3,488.803898
-3.284088,4,488.841898
-1.036726,2,488.866898
-1.053737,2,488.889899
-3.231428,4,488.9359
-2.088457,3,488.963902
-2.151628,3,488.994899
-2.107773,3,489.031898
-3.218314,4,489.064898
-3.164252,4,489.103034
-2.192907,3,489.130034
-1.068906,2,489.159034
-3.221769,4,489.195034
-0.019934,1,489.203033
-2.17239,3,489.231033
-3.172858,4,489.271034
-2.087492,3,489.299033
-1.068887,2,489.319033
-2.148424,3,489.350033
0.0,1,489.367033
-3.171583,4,489.403033
-3.218522,4,489.443033
-1.027745,2,489.463033
-2.118505,3,489.497033
-3.260771,4,489.535034
-0.017403,1,489.545034
-1.041647,2,489.564035
-2.101475,3,489.605033
-1.05923,2,489.630033
-2.147992,3,489.657033
-1.071485,2,489.674034
-1.077204,2,489.695035
-1.058729,2,489.714034
-1.04983,2,489.734036
-1.07488,2,489.759543
-0.00872,1,489.775543
-1.021001,2,489.794542
-3.234223,4,489.839545
-1.044671,2,489.865544
-2.099544,3,489.900542
-3.189889,4,489.937542
-3.202186,4,489.973612
-0.01179,1,489.983613
-1.051823,2,490.005612
-0.006418,1,490.014612
-2.188327,3,490.055614
-1.027396,2,490.079612
-2.182212,3,490.115613
-1.032125,2,490.134613
-3.201915,4,490.16894
-2.099215,3,490.19494
-3.260096,4,490.23794
-3.180157,4,490.27194
0.0,1,490.28394
-0.011338,1,490.29394
-2.218563,3,490.326942
-1.062818,2,490.343939
-2.148656,3,490.369135
-2.077011,3,490.395136
-2.178864,3,490.431136
-3.251838,4,490.465135
-2.081141,3,490.492135
-2.091951,3,490.519135
-1.054234,2,490.543137
-2.152368,3,490.569134
-2.138798,3,490.594135
-2.142303,3,490.622135
-2.108938,3,490.661137
-1.062327,2,490.678135
-0.018761,1,490.687135
-2.138546,3,490.712134
-3.270101,4,490.764136
-2.145124,3,490.790135
0.0,1,490.800136
-2.129155,3,490.829136
-2.155232,3,490.866136
-3.255986,4,490.903643
-2.103221,3,490.934644
-1.089262,2,490.959356
-1.043624,2,490.984357
-1.020526,2,491.008356
-2.084558,3,491.033358
-2.150592,3,491.060356
-3.264738,4,491.101427
-1.023039,2,491.118427
-0.00471,1,491.126427
-2.12945,3,491.15843
-3.193278,4,491.205427
-1.028969,2,491.222427
-1.088282,2,491.240428
-2.1506,3,491.266427
-1.024072,2,491.289429
-3.172124,4,491.325427
-1.042682,2,491.342427
-2.085246,3,491.368427
-1.050481,2,491.392428
-3.24518,4,491.438427
-2.118953,3,491.465427
-1.021614,2,491.489428
-2.098002,3,491.523427
-2.148133,3,491.549427
-2.142321,3,491.574428
-3.179296,4,491.610427
-2.144852,3,491.647427
-0.015083,1,491.656427
-2.108118,3,491.681427
-2.153608,3,491.712427
-3.268141,4,491.759428
-2.19599,3,491.786427
-2.161334,3,491.811426
-3.227324,4,491.852429
-2.174944,3,491.884428
-2.092025,3,491.910427
-2.114457,3,491.940427
-2.11404,3,491.966427
-1.023134,2,491.988427
-2.100562,3,492.016429
0.0,1,492.025429
-0.007219,1,492.038939
-2.14395,3,492.070935
-2.162404,3,492.100935
-2.141526,3,492.130934
-2.19494,3,492.162936
-3.182837,4,492.204934
-2.150569,3,492.229934
-2.152322,3,492.254935
-3.272351,4,492.291935
-3.334542,4,492.331934
-2.161019,3,492.357936
-1.062509,2,492.379938
-3.173432,4,492.415935
-3.293166,4,492.457936
-1.077152,2,492.474935
-0.016292,1,492.485935
-1.027571,2,492.505935
-3.160559,4,492.548934
-2.09309,3,492.575935
-3.177766,4,492.612936
0.0,1,492.624233
-3.242803,4,492.664233
-2.166005,3,492.689234
-1.03177,2,492.708235
-2.143073,3,492.737233
-2.099751,3,492.777236
-1.06575,2,492.794232
-3.285338,4,492.834234
-2.167807,3,492.860233
0.0,1,492.872233
-1.075837,2,492.890236
-2.138145,3,492.919233
-2.128931,3,492.947235
-2.133046,3,492.980234
-1.028646,2,492.998233
-1.058417,2,493.015233
-3.158989,4,493.052235
-2.127874,3,493.084234
-2.150503,3,493.110233
-2.121093,3,493.137233
-3.233189,4,493.17676
-2.096238,3,493.208744
-2.161899,3,493.236743
-3.182856,4,493.279743
-3.238464,4,493.315744
-1.026491,2,493.339744
-2.179797,3,493.368743
-1.041165,2,493.386743
-1.069584,2,493.403744
-2.102864,3,493.443743
-2.172403,3,493.474744
-2.136381,3,493.500743
-2.078763,3,493.528744
-1.070047,2,493.552744
-1.038199,2,493.572743
-2.179281,3,493.599743
-2.13995,3,493.626745
0.0,1,493.639746
-2.099113,3,493.668744
-0.011016,1,493.677744
-1.075686,2,493.695748
-3.208069,4,493.735743
-3.252553,4,493.779744
-2.083141,3,493.809744
-2.135481,3,493.836744
-1.020915,2,493.861744
-1.057087,2,493.879744
-3.239925,4,493.915744
-2.13912,3,493.946744
-2.170797,3,493.978743
-2.133972,3,494.006745
-1.051114,2,494.030743
-1.061348,2,494.047744
-1.039958,2,494.068895
-2.13331,3,494.096895
-1.061693,2,494.112894
-2.1533,3,494.141895
-3.198689,4,494.183973
-2.121419,3,494.210069
-2.087633,3,494.237069
-0.011732,1,494.24707
-2.126517,3,494.27807
-3.162895,4,494.313577
-2.126025,3,494.344577
-1.049692,2,494.363577
-2.136901,3,494.399577
-0.008775,1,494.409578
-2.09062,3,494.439579
-1.04263,2,494.458579
-1.02189,2,494.482577
-3.21227,4,494.516577
-1.074276,2,494.537577
-3.33461,4,494.577579
-2.194379,3,494.606576
-1.024955,2,494.625577
-2.114599,3,494.650577
0.0,1,494.659578
-3.200059,4,494.704577
-3.181519,4,494.740579
-2.148626,3,494.776577
0.0,1,494.785578
-1.032965,2,494.808579
-1.071516,2,494.825577
-2.142333,3,494.851578
-1.084773,2,494.869577
-3.183744,4,494.911577
-2.084318,3,494.939579
-2.202888,3,494.97458
-1.064048,2,494.993577
-1.038197,2,495.016577
-3.254813,4,495.051577
-2.102196,3,495.077579
-3.18123,4,495.112577
-2.167674,3,495.146578
0.0,1,495.158578
-1.033017,2,495.175577
-2.171474,3,495.202577
-0.007904,1,495.217578
-2.130644,3,495.243577
-3.24735,4,495.277578
-3.184914,4,495.314579
-2.156362,3,495.346577
-3.214663,4,495.380577
-2.103281,3,495.405576
-2.139435,3,495.436581
-1.065296,2,495.461088
-2.130101,3,495.489088
-0.003593,1,495.50009
-2.198337,3,495.532088
-2.209276,3,495.571091
-1.030403,2,495.597168
-2.113831,3,495.632168
-3.270377,4,495.681168
-3.219721,4,495.728256
-3.203591,4,495.782255
-0.018651,1,495.792255
-2.138722,3,495.818255
0.0,1,495.831255
-0.00696,1,495.842255
-3.238232,4,495.879255
-2.161201,3,495.907255
-2.110551,3,495.944347
-3.218047,4,495.980657
-1.025273,2,496.000658
-1.062666,2,496.018657
-1.070667,2,496.043659
-3.174974,4,496.078657
-2.158934,3,496.107657
-2.09975,3,496.13366
0.0,1,496.14666
-3.203463,4,496.182657
-2.122948,3,496.21066
-1.020887,2,496.229658
-2.118104,3,496.261657
-2.123464,3,496.287657
-3.201864,4,496.326658
-1.079757,2,496.346658
-2.11342,3,496.376657
-2.088225,3,496.40266
-2.13535,3,496.43366
-1.06855,2,496.451657
-3.183746,4,496.494658
-2.154589,3,496.523658
-1.041874,2,496.542657
-1.042149,2,496.560658
-1.030042,2,496.58466
-2.127554,3,496.616316
-3.172114,4,496.654318
-2.074022,3,496.683317
-1.060039,2,496.710316
-2.194826,3,496.737315
-1.033918,2,496.765317
-3.256306,4,496.803316
-2.152507,3,496.841317
-2.192341,3,496.871317
-2.125655,3,496.901315
-2.121206,3,496.927318
-0.007472,1,496.944316
-2.177861,3,496.973317
-2.142002,3,496.999316
-2.152753,3,497.027468
-2.149449,3,497.057466
-3.169403,4,497.094465
-1.078934,2,497.111465
-3.210369,4,497.146469
-2.095272,3,497.179466
-3.238995,4,497.216466
-2.188548,3,497.246469
-2.131153,3,497.277467
-1.027687,2,497.301468
-2.181682,3,497.327468
-2.188143,3,497.352468
-0.002201,1,497.361466
-1.031411,2,497.382466
-1.069504,2,497.402467
-3.193271,4,497.437466
-1.073912,2,497.460467
-2.100151,3,497.556467
-2.191364,3,497.607466
-1.047825,2,497.643466
-2.110583,3,497.679468
-1.064115,2,497.706465
-2.134165,3,497.738469
-3.180128,4,497.790974
-2.174085,3,497.828973
-2.081865,3,497.874973
-3.197934,4,497.919974
-2.078423,3,497.954974
-3.230424,4,498.067977
-0.002284,1,498.093974
-1.069194,2,498.130974
-1.071358,2,498.157973
-0.001231,1,498.172974
-2.098199,3,498.219973
-3.158977,4,498.264978
-2.182435,3,498.302975
-1.076356,2,498.328976
-1.026159,2,498.361973
-1.03032,2,498.384975
-2.115326,3,498.411973
-1.045584,2,498.431976
-1.053139,2,498.455973
-3.168777,4,498.492973
-3.209507,4,498.528974
-1.05243,2,498.545973
-0.006554,1,498.558974
-0.014668,1,498.567973
-1.074937,2,498.585973
0.0,1,498.593973
-2.094351,3,498.627974
-2.162873,3,498.665974
-1.05949,2,498.681973
-2.14098,3,498.709974
-2.165908,3,498.745974
0.0,1,498.756974
-2.128041,3,498.792973
-2.091384,3,498.822973
-3.181172,4,498.862973
-2.138962,3,498.888973
-3.196655,4,498.927487
-1.058708,2,498.946484
0.0,1,498.961482
-2.109857,3,498.989482
-2.111279,3,499.017599
-2.159079,3,499.048599
-1.073678,2,499.081599
-2.117189,3,499.1096
-2.122011,3,499.138602
0.0,1,499.150599
-2.123603,3,499.180599
-2.136967,3,499.210599
-3.199541,4,499.244599
-2.118906,3,499.273683
-3.161464,4,499.318683
-1.067665,2,499.340684
-2.098379,3,499.368683
-2.139338,3,499.395683
-2.138337,3,499.428683
-1.021795,2,499.448684
-2.141404,3,499.483685
-3.209227,4,499.519682
-1.068226,2,499.545683
-1.060755,2,499.562682
-2.150238,3,499.589682
-1.02752,2,499.608684
-1.070297,2,499.630683
-2.153924,3,499.657682
-0.018457,1,499.666683
-1.065292,2,499.683685
-2.123259,3,499.718683
-2.140156,3,499.745683
-2.162853,3,499.771685
-2.088491,3,499.804682
-1.053233,2,499.827685
-1.069987,2,499.844683
-2.149957,3,499.874682
-2.161398,3,499.903684
-0.016117,1,499.918682
-3.174148,4,499.956682
-3.213363,4,499.991683
-2.124069,3,500.015683
-2.108296,3,500.048687
-3.170294,4,500.088194
-2.131884,3,500.114194
-3.250978,4,500.152194
-1.030855,2,500.179195
-0.005993,1,500.192195
-0.001232,1,500.200194
-1.065466,2,500.217194
-3.174883,4,500.258194
-1.055422,2,500.277194
-1.023605,2,500.295196
-2.111427,3,500.321194
0.0,1,500.334194
-3.192098,4,500.376196
-2.181149,3,500.405194
-2.112803,3,500.430194
-2.128482,3,500.466195
-3.27094,4,500.504196
-2.126113,3,500.530194
-1.032186,2,500.546194
-2.179696,3,500.582194
-2.134169,3,500.609195
-2.077603,3,500.637194
-2.077213,3,500.665195
-3.256892,4,500.710195
-2.168096,3,500.736194
-2.147756,3,500.762194
-0.006455,1,500.771194
-1.071767,2,500.800399
-3.183599,4,500.844399
0.0,1,500.856399
-2.155106,3,500.886399
-1.041836,2,500.909399
-2.18772,3,500.939399
-2.141397,3,500.966399
-2.084388,3,500.992399
-1.026792,2,501.019481
-2.136238,3,501.046481
-2.144,3,501.07748
-2.163721,3,501.107551
-2.158864,3,501.138549
-3.240638,4,501.176549
-2.109548,3,501.20655
-1.06677,2,501.224551
-2.11848,3,501.260057
-2.0801,3,501.287056
-2.145765,3,501.314056
-2.109732,3,501.342057
-0.018413,1,501.358056
-1.036308,2,501.380058
-0.007244,1,501.388056
-2.137957,3,501.415056
0.0,1,501.42806
-3.1967,4,501.468056
-2.097405,3,501.498056
-2.159793,3,501.524056
-3.252545,4,501.569056
-3.242548,4,501.604057
-2.080796,3,501.630057
-2.143394,3,501.660056
-2.207178,3,501.693056
-1.046049,2,501.711056
-1.043158,2,501.727056
-0.002916,1,501.736056
-2.089827,3,501.768056
-2.084253,3,501.804057
-1.026195,2,501.822059
-2.135988,3,501.848058
-2.113679,3,501.883056
-3.231121,4,501.922057
-1.027427,2,501.940062
-2.168353,3,501.969056
-2.112495,3,502.002057
-3.275468,4,502.048056
-2.124504,3,502.074056
-2.191453,3,502.102056
-2.153573,3,502.135057
-3.217237,4,502.169056
-2.196104,3,502.194056
-2.15022,3,502.221056
-1.070218,2,502.247058
-1.043956,2,502.264056
-2.195737,3,502.291057
-2.147832,3,502.321056
-2.097862,3,502.353059
-2.119981,3,502.380056
0.0,1,502.388059
-3.253844,4,502.429565
0.0,1,502.443564
-1.028836,2,502.464567
0.0,1,502.473564
-2.093328,3,502.499564
-0.004258,1,502.511564
-1.059181,2,502.535637
-1.06753,2,502.559637
-2.143626,3,502.584636
-3.213623,4,502.62373
-2.116585,3,502.65073
-2.135856,3,502.678007
-1.032601,2,502.694005
-3.248623,4,502.736005
-2.078868,3,502.764005
-2.074632,3,502.797006
-3.191451,4,502.832005
-1.054791,2,502.855006
-3.243827,4,502.897007
-0.005726,1,502.906005
0.0,1,502.914005
-1.05441,2,502.936005
-3.278209,4,502.971005
-3.176749,4,503.019086
-2.109097,3,503.045086
-1.053953,2,503.066087
-2.150039,3,503.096086
-2.097095,3,503.124086
-2.133117,3,503.149086
-2.097434,3,503.182085
-2.143684,3,503.213085
-3.22147,4,503.248086
-2.178675,3,503.274086
0.0,1,503.287085
0.0,1,503.297088
-2.147978,3,503.329087
-2.143833,3,503.354087
-2.131085,3,503.386086
-2.083394,3,503.418086
-3.272787,4,503.454085
-2.177855,3,503.480085
-3.292814,4,503.526161
0.0,1,503.536162
-2.077131,3,503.563161
-2.129805,3,503.588669
-3.202949,4,503.636669
-3.233956,4,503.672669
-3.210076,4,503.713669
-0.001971,1,503.721669
-1.025456,2,503.751671
-2.112062,3,503.785669
-3.256246,4,503.82367
-2.186987,3,503.85367
-2.140445,3,503.886669
-1.05686,2,503.90367
-2.161745,3,503.930669
-2.10775,3,503.957669
-1.030646,2,503.985672
0.0,1,503.99667
-0.019742,1,504.005669
-1.054816,2,504.02267
-1.031749,2,504.04967
-3.18012,4,504.08667
-2.11147,3,504.113669
-3.190258,4,504.149671
-3.174514,4,504.193669
-3.296901,4,504.22967
0.0,1,504.238669
-1.072549,2,504.255669
-2.104611,3,504.288669
-2.103319,3,504.315673
-2.082411,3,504.353673
-2.0951,3,504.390673
-0.017256,1,504.406669
0.0,1,504.42067
-2.150363,3,504.449669
-2.107182,3,504.479672
-2.149147,3,504.515671
0.0,1,504.52667
0.0,1,504.536671
-2.142384,3,504.563669
-2.097906,3,504.598669
-3.181925,4,504.63567
-1.035127,2,504.65267
-1.03233,2,504.668669
-2.13508,3,504.704672
-0.015192,1,504.716674
-2.150332,3,504.75018
0.0,1,504.760181
-3.278546,4,504.81418
-1.034907,2,504.84018
-1.071987,2,504.866181
-2.152165,3,504.89218
-3.196851,4,504.93318
-2.174119,3,504.964182
-3.18311,4,505.01418
-2.152945,3,505.04018
-2.121632,3,505.07718
-1.066592,2,505.09518
-2.116131,3,505.12118
-1.031316,2,505.13818
-1.023003,2,505.160182
-2.116323,3,505.192181
-2.169293,3,505.21818
-2.176885,3,505.244184
-3.227152,4,505.28618
-0.005814,1,505.295181
-2.177976,3,505.321273
-2.182459,3,505.354273
-2.100985,3,505.388273
-2.087517,3,505.418272
-3.184264,4,505.452272
-1.077214,2,505.476274
-2.101462,3,505.510273
-3.287736,4,505.546272
-3.213361,4,505.580273
-2.141601,3,505.607272
-1.065066,2,505.629273
-2.088113,3,505.657272
-1.031863,2,505.681273
-2.150296,3,505.713272
-2.103351,3,505.749272
-2.134941,3,505.782273
0.0,1,505.795272
-2.132825,3,505.829274
-0.01406,1,505.845275
-2.08666,3,505.883782
-1.057662,2,505.904783
-2.157603,3,505.944785
-1.041839,2,505.968782
-1.060478,2,505.991782
-2.149726,3,506.019781
-2.152252,3,506.047783
-1.076411,2,506.069782
-2.135614,3,506.095783
-1.030928,2,506.112782
-1.020455,2,506.130782
-0.018805,1,506.142782
-2.150416,3,506.172785
-2.153405,3,506.198782
-1.030766,2,506.215782
-3.2191,4,506.259784
-2.177318,3,506.287782
-2.1264,3,506.312782
-2.131783,3,506.338782
-1.053609,2,506.359785
-3.198214,4,506.399782
-3.252224,4,506.434786
-3.197038,4,506.467782
-1.027235,2,506.491783
-2.095086,3,506.519783
-2.153677,3,506.552783
-2.117392,3,506.584783
-1.026626,2,506.607782
-1.060217,2,506.625782
-0.013414,1,506.634785
-1.042553,2,506.651782
-1.037914,2,506.671782
0.0,1,506.683785
-2.117701,3,506.712782
-2.130184,3,506.741784
-2.153711,3,506.772784
-2.150779,3,506.803849
-2.162748,3,506.833846
-2.094068,3,506.859849
-2.120914,3,506.890848
-1.064121,2,506.907846
-2.136573,3,506.939846
-2.14411,3,506.965847
-2.101879,3,506.996846
-1.081021,2,507.015852
-3.306437,4,507.055359
-2.117972,3,507.081359
-0.004907,1,507.097361
-1.082737,2,507.118358
-2.160956,3,507.151358
-0.015739,1,507.160359
-0.018065,1,507.173359
-3.193851,4,507.210359
-2.085589,3,507.23636
-2.091598,3,507.264358
-1.042878,2,507.289359
-2.172732,3,507.315358
-1.063779,2,507.332358
-2.083274,3,507.363359
-3.195226,4,507.407358
0.0,1,507.416361
-2.077574,3,507.441358
-2.102602,3,507.469358
-2.082388,3,507.500358
-2.097218,3,507.532358
-2.174916,3,507.561359
-3.268039,4,507.601358
-2.095201,3,507.637358
0.0,1,507.645359
-2.148601,3,507.670358
-2.091208,3,507.698359
-1.041316,2,507.719358
-2.141911,3,507.748359
-3.201666,4,507.782358
-0.010739,1,507.796359
-3.235031,4,507.844359
-0.000791,1,507.853359
-3.2408,4,507.887358
-1.072998,2,507.908361
-3.249599,4,507.949359
-1.051864,2,507.966361
-2.208134,3,507.991359
-2.116593,3,508.021361
-1.062971,2,508.04536
-3.173135,4,508.086359
-3.229345,4,508.125358
-2.105264,3,508.157775
-2.160733,3,508.197283
-1.033889,2,508.215282
-2.133968,3,508.244281
-2.131133,3,508.276282
-2.14537,3,508.30828
-3.2069,4,508.344282
-3.224335,4,508.380528
-1.036024,2,508.404529
-0.016603,1,508.416529
-3.225099,4,508.454528
-3.197321,4,508.491529
-3.196352,4,508.525528
-2.10463,3,508.558528
-2.135581,3,508.586529
-2.114471,3,508.614528
-1.024625,2,508.631528
-3.285001,4,508.672532
-2.163795,3,508.698529
-1.079106,2,508.716529
-3.263169,4,508.750528
-1.022904,2,508.775531
-1.062121,2,508.793528
-2.078409,3,508.826528
-1.032631,2,508.845529
-2.184052,3,508.882528
-3.207498,4,508.919528
-2.150622,3,508.945528
-2.160147,3,508.974529
-3.266043,4,509.020529
-2.089207,3,509.049528
-0.019459,1,509.059528
-2.160919,3,509.085531
-3.212022,4,509.127527
-1.021601,2,509.146529
-2.182624,3,509.170528
-1.053088,2,509.188528
-3.265886,4,509.22953
-2.147309,3,509.256528
-3.24043,4,509.291531
-1.029935,2,509.310038
-3.173909,4,509.354037
-2.175553,3,509.384036
-3.197216,4,509.419036
-2.152416,3,509.453036
0.0,1,509.467037
-0.000156,1,509.476036
-2.15239,3,509.503036
-3.223122,4,509.539037
-3.216377,4,509.580036
-3.294931,4,509.617037
0.0,1,509.626036
-1.05197,2,509.644037
-2.132171,3,509.675037
-3.228242,4,509.712038
-2.116788,3,509.744036
0.0,1,509.755038
-3.268967,4,509.794036
-3.257446,4,509.834036
-2.139208,3,509.866037
-0.00703,1,509.875036
-2.162627,3,509.908036
-1.04982,2,509.926036
-0.013367,1,509.935037
-3.192455,4,509.977036
-1.035142,2,510.000036
-0.018345,1,510.008036
-1.034379,2,510.026036
-2.090909,3,510.053036
-2.134384,3,510.086037
0.0,1,510.095036
-0.000944,1,510.105036
-0.014994,1,510.115036
-3.281465,4,510.160038
-3.173535,4,510.196036
-2.131397,3,510.222036
-3.217834,4,510.262036
-2.118162,3,510.295037
-1.064105,2,510.31604
-1.020623,2,510.337036
-3.155834,4,510.373037
0.0,1,510.387036
-2.080923,3,510.418038
-0.007605,1,510.427036
-2.094683,3,510.460038
-3.169039,4,510.499544
-1.049866,2,510.520543
-1.039452,2,510.539545
-3.194951,4,510.591547
-2.08277,3,510.626544
0.0,1,510.636545
-2.138002,3,510.665545
-3.306067,4,510.699544
0.0,1,510.712712
-3.169101,4,510.748713
-1.027952,2,510.767714
0.0,1,510.776712
-1.066608,2,510.800713
-2.151786,3,510.838713
-2.085616,3,510.871712
-1.054359,2,510.889713
-1.029539,2,510.912712
-2.106788,3,510.940712
-2.161699,3,510.967713
-3.296886,4,511.003713
-2.181471,3,511.034712
-1.061515,2,511.054713
0.0,1,511.065712
-2.147484,3,511.092713
-3.180673,4,511.133712
-1.059722,2,511.150714
-2.157249,3,511.177712
-2.083522,3,511.204838
-0.010051,1,511.217838
-1.064511,2,511.238837
-3.268387,4,511.27284
-1.023689,2,511.290837
-1.077993,2,511.313837
-1.038025,2,511.331838
-3.215758,4,511.365837
-2.123411,3,511.391839
-3.212789,4,511.431837
-2.170922,3,511.458837
-2.111481,3,511.484837
-3.254838,4,511.524838
-3.19108,4,511.564838
-0.00636,1,511.577838
-1.064796,2,511.595838
-3.199312,4,511.632347
-3.29657,4,511.679348
-3.253008,4,511.726347
-3.246013,4,511.767348
-3.266057,4,511.811348
-2.108805,3,511.850348
-2.10513,3,511.887347
-2.088415,3,511.912346
-3.283833,4,511.948348
-1.022523,2,511.979416
-3.223916,4,512.017413
0.0,1,512.027414
-2.144372,3,512.056412
-2.180079,3,512.092413
-2.156414,3,512.118413
-3.180679,4,512.151412
-2.13984,3,512.179518
-3.205496,4,512.221515
-3.222041,4,512.256516
-2.158767,3,512.282515
-2.074244,3,512.309515
-1.076386,2,512.339515
-2.177218,3,512.370515
-3.230169,4,512.410518
-1.066031,2,512.427516
-0.007896,1,512.440516
-2.087353,3,512.470516
-2.100066,3,512.500515
-2.122414,3,512.528515
-2.123645,3,512.560518
-1.054715,2,512.579518
-3.194779,4,512.623603
-0.012396,1,512.632602
-2.174923,3,512.673603
-3.173296,4,512.708742
-1.037187,2,512.733741
-2.096805,3,512.762743
-2.172378,3,512.800247
-2.127597,3,512.831247
-2.148255,3,512.866248
-2.092643,3,512.900247
-1.060875,2,512.922247
-2.193004,3,512.952247
-3.21413,4,512.987247
-1.021201,2,513.004249
-2.139538,3,513.040247
-1.02461,2,513.058247
-2.147646,3,513.092249
-2.114283,3,513.118247
-1.045069,2,513.141249
-3.260984,4,513.17925
-1.031813,2,513.196247
-3.206686,4,513.23125
-2.076782,3,513.265248
-1.039636,2,513.283247
-1.050342,2,513.301247
-2.120406,3,513.327247
-0.006384,1,513.345249
-1.055841,2,513.366247
-1.020023,2,513.383247
-1.056694,2,513.401247
-0.010429,1,513.41625
-0.016704,1,513.426248
-2.148199,3,513.451247
-2.168391,3,513.478247
-1.028469,2,513.501247
-2.154242,3,513.528247
-3.362836,4,513.562247
-1.036707,2,513.585248
-2.175028,3,513.61925
-2.119184,3,513.655366
-2.128685,3,513.681364
-3.201311,4,513.718364
-2.134991,3,513.751364
-2.090269,3,513.777364
-2.09393,3,513.804365
-2.161902,3,513.831364
-2.143808,3,513.867366
-3.239446,4,513.90555
-3.20436,4,513.945056
-2.130191,3,513.971056
-1.066916,2,513.995056
-2.074779,3,514.027056
-1.047222,2,514.051057
-2.110576,3,514.080057
-2.172728,3,514.114056
-1.021847,2,514.133056
-2.096999,3,514.159056
-3.241959,4,514.196059
-2.089779,3,514.231057
-2.143396,3,514.260056
-1.072117,2,514.278056
-2.174778,3,514.307059
-3.232746,4,514.353056
-2.147158,3,514.380056
-1.065175,2,514.400056
-1.066647,2,514.418057
-1.061552,2,514.440056
-3.170778,4,514.479058
-3.256206,4,514.518059
-1.026197,2,514.535057
-3.195854,4,514.588057
-1.035794,2,514.626058
-2.171507,3,514.715448
-3.177198,4,514.77945
-1.083689,2,514.810448
-0.016751,1,514.822446
-2.091353,3,514.857449
-3.174201,4,514.909446
-2.148614,3,514.950448
-3.225926,4,514.999449
-3.250929,4,515.05045
-2.074163,3,515.083263
-2.165424,3,515.125263
-2.121844,3,515.157263
-2.128125,3,515.187262
-1.043727,2,515.205263
-2.151974,3,515.237265
-2.132168,3,515.263262
-0.010184,1,515.272261
-2.165413,3,515.297262
0.0,1,515.310261
-3.225574,4,515.350263
-1.03157,2,515.370262
-3.162173,4,515.404263
-1.053816,2,515.427262
-2.083964,3,515.455262
-2.193644,3,515.482262
-2.08663,3,515.507262
-2.165548,3,515.539262
-2.086644,3,515.568262
-2.137392,3,515.602263
-3.240675,4,515.641262
-1.040707,2,515.665264
-1.037681,2,515.685263
-0.009342,1,515.694262
-2.188798,3,515.719261
-2.108222,3,515.751261
-2.089356,3,515.780262
-3.174132,4,515.821262
0.0,1,515.830263
-1.056303,2,515.854263
-3.222523,4,515.899262
0.0,1,515.914262
-2.075627,3,515.943262
-2.167137,3,515.980262
-3.205866,4,516.025262
-2.163623,3,516.062263
-2.083538,3,516.097262
-0.016059,1,516.113262
-2.147585,3,516.140262
-3.191783,4,516.174262
-1.077077,2,516.191264
-2.124895,3,516.23277
-1.056013,2,516.25577
-2.173465,3,516.282769
-1.025243,2,516.302769
-3.220346,4,516.347769
-1.053922,2,516.36477
-1.054252,2,516.38177
-2.124932,3,516.40677
-3.284934,4,516.452773
-2.091344,3,516.481899
-2.182187,3,516.5069
-3.191058,4,516.5439
-1.072863,2,516.5669
-2.176205,3,516.5929
-1.068483,2,516.6149
-3.230157,4,516.6509
-2.171621,3,516.68096
-3.1609,4,516.71496
-1.024409,2,516.731959
-0.007508,1,516.740959
-1.047402,2,516.763959
-2.09574,3,516.79496
-2.18793,3,516.820959
-2.144937,3,516.845959
-1.06352,2,516.868959
-3.287208,4,516.913962
-3.245141,4,516.949961
-1.020243,2,516.966961
-2.105501,3,517.001959
-2.142987,3,517.02796
-1.067215,2,517.044959
0.0,1,517.052958
-2.162519,3,517.083959
-0.004805,1,517.094959
-3.254556,4,517.133959
-1.034267,2,517.150959
-1.034033,2,517.172959
-3.253219,4,517.208959
-2.128205,3,517.23696
0.0,1,517.245959
-2.086489,3,517.279961
-2.123025,3,517.314961
-2.154362,3,517.344472
-2.109361,3,517.371473
-1.024315,2,517.395472
-0.008815,1,517.403472
-3.189813,4,517.442474
-2.128412,3,517.471472
-0.019252,1,517.484472
-3.241336,4,517.520472
-1.077483,2,517.542473
0.0,1,517.553471
-2.134085,3,517.588472
-3.172332,4,517.623473
-3.213831,4,517.663472
-1.03217,2,517.679472
-2.162028,3,517.711473
-2.147441,3,517.737472
-2.14843,3,517.766472
-1.08338,2,517.784472
-1.031561,2,517.806472
-3.187873,4,517.842474
0.0,1,517.852472
-3.260955,4,517.889472
-2.158519,3,517.926472
-1.055058,2,517.945471
-3.201302,4,517.986473
-0.00145,1,517.995472
-2.09824,3,518.027472
-2.114622,3,518.052471
-2.09771,3,518.080472
-3.230268,4,518.117473
-3.258042,4,518.158623
-2.136386,3,518.183623
-1.063045,2,518.207623
-2.151535,3,518.236624
-2.132997,3,518.267624
-2.102047,3,518.293624
-2.080086,3,518.321623
-1.079544,2,518.339623
-3.244615,4,518.378623
-1.059485,2,518.400625
-2.129272,3,518.431626
-2.162364,3,518.457623
-0.01455,1,518.470623
-1.085777,2,518.489132
-2.112045,3,518.524132
-1.032856,2,518.545134
-2.123289,3,518.581133
-1.055966,2,518.601132
-2.106953,3,518.62922
-3.191658,4,518.664221
-1.062362,2,518.68922
-2.082855,3,518.71622
-2.108697,3,518.74222
-2.087891,3,518.77022
-1.058273,2,518.793221
-1.073428,2,518.81022
-0.015026,1,518.81922
-2.093131,3,518.84622
-1.024403,2,518.86922
-2.130499,3,518.89722
-3.259302,4,518.936223
-1.043014,2,518.95537
-0.003892,1,518.972371
0.0,1,518.986372
-2.15476,3,519.02537
-2.112777,3,519.052369
-3.186989,4,519.096369
-2.147807,3,519.121369
-1.05926,2,519.139369
0.0,1,519.147369
-2.11001,3,519.18237
-1.045663,2,519.202369
-2.094108,3,519.23237
-2.181169,3,519.26037
-2.152429,3,519.295369
-3.194386,4,519.33137
-3.153579,4,519.367373
-1.038184,2,519.38437
-1.029651,2,519.408369
-3.189867,4,519.442373
-2.172934,3,519.467369
-3.303888,4,519.503369
0.0,1,519.51837
-3.254166,4,519.648974
-2.176848,3,519.675973
-3.267519,4,519.710975
-2.153753,3,519.751973
-0.004574,1,519.761974
-2.121111,3,519.787973
-2.11658,3,519.812973
-2.156789,3,519.847973
-2.135872,3,519.873974
-2.111618,3,519.899974
-2.17203,3,519.931974
-1.057669,2,519.960975
-2.108719,3,519.987973
-1.023802,2,520.006974
-3.264884,4,520.046973
-1.067625,2,520.074974
-2.135791,3,520.100973
-2.12751,3,520.129976
-1.033045,2,520.146973
-2.104281,3,520.178973
-2.165855,3,520.204976
-0.017546,1,520.213974
-2.176382,3,520.239973
-1.032672,2,520.267974
-3.20983,4,520.304977
-2.153361,3,520.330975
-2.180594,3,520.356973
-3.229863,4,520.398976
-0.01576,1,520.408973
-3.307425,4,520.441973
-1.068173,2,520.458973
-2.117347,3,520.491973
-2.099469,3,520.521975
-1.027047,2,520.547974
-2.146839,3,520.583974
-3.181578,4,520.631973
-1.028659,2,520.647973
-2.088691,3,520.671973
-2.16379,3,520.697973
-2.118275,3,520.730976
-2.156462,3,520.757976
-1.079427,2,520.780485
-2.130203,3,520.810483
-2.141636,3,520.847485
-2.143521,3,520.877483
-2.200182,3,520.907483
-0.018262,1,520.916483
-2.119558,3,520.959483
-2.086198,3,520.986483
-1.07935,2,521.004482
-3.189999,4,521.040482
-2.159577,3,521.078482
-2.159469,3,521.104483
0.0,1,521.113482
-1.085582,2,521.130483
-1.082208,2,521.154483
-2.096355,3,521.192483
-2.160114,3,521.220482
-1.040525,2,521.237484
-0.003736,1,521.254485
-2.087067,3,521.284483
-1.03104,2,521.303483
-1.079759,2,521.321483
-3.214945,4,521.362484
-3.219582,4,521.397483
-2.105993,3,521.425483
-3.229311,4,521.459483
-2.107071,3,521.491482
-3.304345,4,521.527483
-2.147609,3,521.552482
-2.090111,3,521.580487
-3.22434,4,521.620483
0.0,1,521.629482
-2.146506,3,521.656483
-2.132202,3,521.683483
-2.142104,3,521.714483
-2.149065,3,521.741482
-2.090199,3,521.771485
-2.18162,3,521.800484
-1.035231,2,521.829484
-3.194288,4,521.869483
-3.217376,4,521.904482
0.0,1,521.913485
-2.109958,3,521.953992
-2.089918,3,521.982992
-3.235673,4,522.018992
-2.088533,3,522.051992
-2.095445,3,522.082992
-1.065602,2,522.102992
-1.027632,2,522.120992
-2.109159,3,522.147992
-3.17132,4,522.187992
-3.237014,4,522.222992
0.0,1,522.232992
-1.042884,2,522.251992
-2.093552,3,522.282992
-3.177798,4,522.322992
-0.002325,1,522.330992
-2.096671,3,522.358992
-2.12163,3,522.390992
-3.193404,4,522.427992
-1.073224,2,522.444995
-1.058894,2,522.467993
-2.155482,3,522.501992
-1.072178,2,522.519992
-2.190086,3,522.550992
-1.077544,2,522.568992
-3.235001,4,522.609992
-2.115381,3,522.635993
-0.018191,1,522.643993
-3.223662,4,522.679992
0.0,1,522.692993
-2.115775,3,522.718992
0.0,1,522.727991
-2.082807,3,522.756992
-0.002956,1,522.770992
-3.180906,4,522.810992
-2.083612,3,522.840991
-3.197105,4,522.880992
-0.015876,1,522.894992
-2.160621,3,522.924994
-3.257906,4,522.971992
-3.253339,4,523.006992
-0.015312,1,523.020992
-1.074742,2,523.038992
-0.000213,1,523.047992
-2.169546,3,523.0735
-1.05586,2,523.102503
-3.176792,4,523.1445
-1.078368,2,523.168502
-0.019777,1,523.1795
-2.15926,3,523.2105
-1.06068,2,523.2285
-2.080791,3,523.2565
-3.239099,4,523.294649
-2.132399,3,523.326648
-1.06384,2,523.344648
-1.078579,2,523.363711
-2.160009,3,523.391711
-2.14705,3,523.423711
-2.148458,3,523.450712
-2.158003,3,523.477711
-3.231873,4,523.511714
-2.105042,3,523.542712
-1.078905,2,523.561806
-2.072935,3,523.589804
-3.191139,4,523.628804
-3.189206,4,523.670804
-2.195,3,523.697803
-1.071705,2,523.717806
-2.105815,3,523.747804
-2.119529,3,523.780806
-2.160077,3,523.807804
-1.024003,2,523.824805
-3.278933,4,523.861805
-1.044416,2,523.882804
-0.018104,1,523.893804
0.0,1,523.902804
-2.108308,3,523.929805
-0.014051,1,523.941804
-2.095805,3,523.978804
-3.285698,4,524.019804
-0.00679,1,524.028804
-2.130518,3,524.060804
-0.001676,1,524.071804
-2.097912,3,524.097804
-2.148595,3,524.127804
-2.098706,3,524.159804
-0.012515,1,524.169804
-2.132405,3,524.195806
-2.110407,3,524.23231
-1.075315,2,524.25331
-2.0991,3,524.28531
-2.10709,3,524.315311
-2.143382,3,524.34831
-1.039572,2,524.369311
-2.109332,3,524.39731
-2.108825,3,524.42231
-1.024777,2,524.44131
-3.217375,4,524.484311
-2.187987,3,524.51031
-3.221917,4,524.54531
-2.117084,3,524.57331
-3.298301,4,524.61331
-2.089099,3,524.63931
-3.169132,4,524.67631
-2.162386,3,524.709313
-1.082414,2,524.73231
-2.173888,3,524.75931
-1.06995,2,524.77731
-2.117225,3,524.806313
-0.016646,1,524.818312
-1.043448,2,524.838311
-3.169022,4,524.880312
-2.17469,3,524.90731
-3.162562,4,524.94731
-2.096525,3,524.985311
-2.094892,3,525.018314
-2.13457,3,525.04531
-3.22645,4,525.087311
-1.020787,2,525.10731
-3.170533,4,525.14231
-2.084609,3,525.175312
0.0,1,525.187311
-2.168522,3,525.21831
-1.063964,2,525.235311
-2.122495,3,525.262314
-2.144383,3,525.29531
-1.041426,2,525.314311
-1.075252,2,525.337315
-2.138543,3,525.367819
-2.088402,3,525.403819
-1.049882,2,525.42882
-2.146664,3,525.458818
-1.051276,2,525.476819
-2.134565,3,525.51082
-0.008673,1,525.520818
-2.09076,3,525.548818
-3.169296,4,525.582818
-1.034048,2,525.60582
-2.121859,3,525.634818
-2.09963,3,525.662819
-3.175677,4,525.697819
-0.00669,1,525.71182
-2.134045,3,525.738819
-0.012582,1,525.748818
-2.08431,3,525.776819
-1.052555,2,525.800819
-2.17528,3,525.828925
-3.201251,4,525.867925
-1.020228,2,525.886925
-2.175121,3,525.916923
-2.096993,3,525.942925
-1.027924,2,525.959923
0.0,1,525.970924
-0.001709,1,525.988924
-2.126621,3,526.023028
-3.246945,4,526.066026
-3.249137,4,526.108027
-1.040435,2,526.137029
-0.017558,1,526.148027
0.0,1,526.160026
-3.190151,4,526.20915
-2.172215,3,526.24615
-3.234688,4,526.29015
0.0,1,526.299151
-2.104176,3,526.331152
-2.135983,3,526.362218
-3.204561,4,526.395216
-3.250172,4,526.433217
-2.113336,3,526.464725
-2.113141,3,526.514729
-2.098458,3,526.548728
-1.027414,2,526.572728
-0.014591,1,526.586729
-2.1011,3,526.624794
-3.180128,4,526.659793
-3.157806,4,526.692792
-1.027476,2,526.710793
-3.194703,4,526.756794
-1.053809,2,526.773793
-0.007907,1,526.781793
-3.221044,4,526.815794
-1.035861,2,526.842899
-1.039085,2,526.8619
-3.237161,4,526.897901
-2.126326,3,526.923899
-2.111434,3,526.963899
-2.157366,3,527.000899
-3.22985,4,527.034899
-1.071965,2,527.053899
-0.008098,1,527.066899
-3.251094,4,527.102899
-3.201737,4,527.137899
0.0,1,527.146899
-1.049982,2,527.1699
-3.203594,4,527.206898
-3.214557,4,527.2419
-2.166053,3,527.267899
-1.06577,2,527.289965
-2.116752,3,527.315965
-3.264794,4,527.403966
-1.072264,2,527.452966
0.0,1,527.474967
-0.017174,1,527.493968
-1.037763,2,527.527967
-3.214504,4,527.570965
0.0,1,527.583965
-2.111601,3,527.620971
-0.010253,1,527.634478
-2.084708,3,527.663477
-2.108307,3,527.708477
-2.167571,3,527.751477
-2.165236,3,527.787479
0.0,1,527.80048
-1.021492,2,527.831479
-3.288161,4,527.869477
-2.115481,3,527.895478
-2.141196,3,527.931479
0.0,1,527.947477
-2.106796,3,527.977477
-1.057398,2,527.999478
-2.097466,3,528.026477
-1.044029,2,528.05148
-3.209679,4,528.089477
0.0,1,528.097477
-0.01101,1,528.106478
-3.194042,4,528.145477
-0.01022,1,528.155477
-2.087626,3,528.183477
-3.186273,4,528.217478
-2.145144,3,528.251478
-2.158493,3,528.285477
-2.139146,3,528.312478
-3.209194,4,528.353477
-2.103301,3,528.384477
-1.073198,2,528.406478
-3.274917,4,528.441477
-2.185595,3,528.467477
-1.073066,2,528.491477
-2.152833,3,528.519477
-2.089141,3,528.544477
-1.037217,2,528.562478
-2.135443,3,528.595478
-2.17886,3,528.622477
-2.094572,3,528.648477
-2.130608,3,528.674478
-1.032467,2,528.69848
-3.231903,4,528.741477
-1.056229,2,528.76248
-2.081492,3,528.79505
-2.194362,3,528.831052
-3.189492,4,528.875051
-2.131868,3,528.909255
-1.060832,2,528.928253
-2.145199,3,528.959253
-2.177971,3,528.992253
-2.145417,3,529.022253
-3.177484,4,529.059252
-2.153211,3,529.098253
0.0,1,529.107254
-2.122005,3,529.131253
-1.057973,2,529.150256
-2.077141,3,529.181254
-1.020657,2,529.197253
-2.146295,3,529.224253
0.0,1,529.233253
-0.012757,1,529.246253
-2.123548,3,529.276254
-1.032988,2,529.299253
-2.202101,3,529.327327
-2.101835,3,529.369329
-2.154633,3,529.397326
-3.231006,4,529.432328
-2.129263,3,529.460326
-0.011023,1,529.475328
-2.144689,3,529.502326
-3.213637,4,529.536664
-2.132458,3,529.562667
-2.134191,3,529.594664
-3.24181,4,529.629663
-3.191443,4,529.666664
-2.153974,3,529.698664
-1.025767,2,529.720664
-2.185271,3,529.750665
-0.01492,1,529.759664
-1.071712,2,529.778664
-1.055752,2,529.802664
-1.047584,2,529.820664
-2.173588,3,529.848665
-2.165866,3,529.929182
-2.083427,3,530.006182
-2.10382,3,530.061182
-0.010475,1,530.075184
-2.125688,3,530.111181
-2.103619,3,530.150185
-0.001277,1,530.163183
-2.149796,3,530.20418
-2.150012,3,530.246182
-1.023889,2,530.275335
-3.218144,4,530.311332
-0.016256,1,530.319333
-3.260908,4,530.356424
-0.008407,1,530.371422
-1.075853,2,530.390422
-3.201492,4,530.424422
0.0,1,530.433422
-1.034315,2,530.457422
-3.192793,4,530.498424
-3.288639,4,530.532495
-3.189693,4,530.568497
-1.084799,2,530.590495
-2.133203,3,530.615495
-3.238285,4,530.650496
-2.105535,3,530.679495
-2.148621,3,530.710494
-1.03441,2,530.727495
-2.112962,3,530.753494
-2.105022,3,530.782495
-2.164341,3,530.814495
-3.223783,4,530.851495
-2.102453,3,530.878495
-2.172556,3,530.960498
-1.024392,2,531.019497
-1.025076,2,531.052496
0.0,1,531.0695
-1.037122,2,531.104012
-1.040965,2,531.135089
-0.003492,1,531.148087
-2.136391,3,531.18509
-3.216813,4,531.240089
-1.047329,2,531.266088
-2.18485,3,531.292087
-3.162731,4,531.327087
-2.110308,3,531.356089
-2.144326,3,531.386088
-2.076509,3,531.417088
-1.085923,2,531.434088
-2.139683,3,531.462087
-0.003655,1,531.476088
-1.028857,2,531.494088
-2.129699,3,531.520087
-2.140696,3,531.553087
-2.119973,3,531.585087
-2.091621,3,531.611088
-2.102536,3,531.63809
-1.078176,2,531.655087
-2.169844,3,531.687088
-1.052639,2,531.704088
-2.123506,3,531.729087
-1.053876,2,531.747087
-2.108503,3,531.779087
-3.239018,4,531.821089
-2.094275,3,531.854087
-2.153063,3,531.881087
0.0,1,531.896088
-3.217259,4,531.939088
-2.154638,3,531.965088
-2.096501,3,531.999087
-2.089475,3,532.034087
-3.207622,4,532.068087
-2.124822,3,532.098087
-2.137438,3,532.125089
-2.162871,3,532.160087
-2.142183,3,532.185088
-2.171518,3,532.21309
-3.263665,4,532.252599
-1.021308,2,532.274598
-2.119454,3,532.3006
-2.110514,3,532.329601
-1.075763,2,532.350601
-2.153583,3,532.382599
-1.054906,2,532.401598
-2.093796,3,532.4316
-3.21257,4,532.470599
-0.015018,1,532.482599
-2.112012,3,532.511598
-2.171108,3,532.541602
-1.048177,2,532.562601
-3.169532,4,532.606601
-2.160784,3,532.632599
-2.122001,3,532.659599
-1.020535,2,532.678714
-3.227432,4,532.717714
-0.009785,1,532.726714
-1.035611,2,532.743715
-3.278986,4,532.779714
-2.10689,3,532.810714
0.0,1,532.819716
-3.222892,4,532.855715
-2.079686,3,532.883714
-1.020263,2,532.907717
0.0,1,532.918716
-2.104295,3,532.944715
-2.151055,3,532.971714
-1.070057,2,533.022714
-1.028913,2,533.040714
-2.168474,3,533.064714
-1.057389,2,533.083714
-1.062827,2,533.105715
-2.154499,3,533.134717
-2.148185,3,533.171714
-2.098045,3,533.198714
-2.127986,3,533.230715
-2.117031,3,533.256718
-2.111957,3,533.281717
-1.074736,2,533.300715
-2.174891,3,533.333714
-1.048104,2,533.351714
-2.124032,3,533.379224
-3.196189,4,533.420225
-2.084299,3,533.453223
-2.125971,3,533.485224
-2.103294,3,533.515227
-2.108029,3,533.543224
-3.248076,4,533.583224
-2.157976,3,533.609224
-3.195471,4,533.646224
-1.029362,2,533.663226
-2.10286,3,533.693223
-3.309233,4,533.728225
-1.02662,2,533.749225
-2.0744,3,533.775226
-2.094677,3,533.806223
-2.171224,3,533.836224
-1.070247,2,533.856223
-2.087474,3,533.886227
-2.088125,3,533.916224
-1.045294,2,533.934224
-2.078414,3,533.961224
-2.142482,3,533.994224
-2.084271,3,534.031226
-2.129248,3,534.058224
-1.057236,2,534.081224
-2.102914,3,534.108224
-1.049516,2,534.130224
-0.005804,1,534.139227
-3.24248,4,534.178224
-2.101009,3,534.206224
-3.264448,4,534.245224
-3.21932,4,534.280224
-2.171591,3,534.309224
-0.002506,1,534.318224
-2.143485,3,534.354224
-2.106599,3,534.380224
-2.121631,3,534.408225
-2.204921,3,534.436224
-3.21612,4,534.483224
-2.153607,3,534.510227
-2.084317,3,534.539733
-1.041021,2,534.556736
-3.202776,4,534.596734
-2.095408,3,534.624733
-2.102744,3,534.656735
-0.001611,1,534.665733
-1.075228,2,534.692733
-1.073914,2,534.709733
-2.115143,3,534.736733
-2.110934,3,534.768734
-2.165885,3,534.799733
-3.205602,4,534.838733
-2.135706,3,534.866733
-3.270094,4,534.903733
-1.054275,2,534.932734
-1.074667,2,534.951736
-3.199211,4,534.994733
-0.006101,1,535.006736
-2.195288,3,535.042884
-3.323694,4,535.079884
-2.120192,3,535.105885
-2.186828,3,535.130947
-1.028073,2,535.152947
-1.058938,2,535.171947
-1.052179,2,535.191234
-2.113553,3,535.218233
-1.054638,2,535.246233
-2.107141,3,535.274233
-2.137392,3,535.304233
-0.009123,1,535.312232
-3.264697,4,535.353233
-2.11051,3,535.381233
-1.072808,2,535.399233
-2.173187,3,535.426233
-2.141663,3,535.458234
-3.248743,4,535.500237
-2.109118,3,535.529235
-3.263822,4,535.563234
-1.070718,2,535.592234
-2.105918,3,535.621233
-2.107274,3,535.648234
-0.007982,1,535.656233
0.0,1,535.673236
-2.144472,3,535.698232
-3.181121,4,535.743746
-1.062665,2,535.762744
-2.132517,3,535.797746
-3.16041,4,535.841744
-1.03491,2,535.863745
-2.094326,3,535.890744
-3.205666,4,535.931811
-1.066288,2,535.949809
-1.055486,2,535.968809
0.0,1,535.977809
-2.144667,3,536.01381
-2.190945,3,536.042809
-1.06003,2,536.061808
-1.028474,2,536.08181
0.0,1,536.093809
-3.191142,4,536.129809
-2.140134,3,536.160809
-2.130639,3,536.19481
-2.102156,3,536.235809
-2.141753,3,536.273811
0.0,1,536.286809
-2.162248,3,536.323809
0.0,1,536.33789
-1.034983,2,536.359889
-3.209094,4,536.405889
-2.154909,3,536.440889
-1.031525,2,536.466889
-1.04842,2,536.485889
-1.077167,2,536.505889
-1.056317,2,536.523889
-2.128928,3,536.553889
-3.193517,4,536.590889
-2.159665,3,536.618889
-1.072749,2,536.637889
-2.125341,3,536.671888
-2.151709,3,536.698888
-3.215887,4,536.734889
-1.052844,2,536.752892
-2.185251,3,536.810889
-2.153184,3,536.839889
-3.23856,4,536.878398
-3.267623,4,536.920396
-2.08324,3,536.955396
-2.15956,3,536.989396
-0.007122,1,537.006398
-1.02359,2,537.033396
0.0,1,537.048395
-1.027119,2,537.066395
-1.042508,2,537.085395
-1.050514,2,537.102395
-2.145115,3,537.135395
-1.042294,2,537.154395
-2.142382,3,537.186398
-3.190492,4,537.225397
-0.004834,1,537.240395
-3.205379,4,537.276395
-3.264641,4,537.310395
-1.030804,2,537.327395
-2.154744,3,537.359396
-2.160055,3,537.387395
-2.138448,3,537.422397
-2.106781,3,537.450395
-2.095316,3,537.482398
-3.17799,4,537.519398
-3.231046,4,537.552395
-3.269784,4,537.589396
-1.071951,2,537.616395
-3.241826,4,537.651395
-3.179155,4,537.694396
-1.06098,2,537.714396
-2.085957,3,537.746398
0.0,1,537.755395
-0.003751,1,537.764396
-2.115283,3,537.794398
-2.109611,3,537.825395
-2.125175,3,537.854397
-1.039975,2,537.875397
-2.138696,3,537.906398
-1.023243,2,537.929395
-1.032837,2,537.958397
-2.112982,3,537.989396
-2.103159,3,538.022906
-1.075909,2,538.050906
-2.076079,3,538.075905
-2.128706,3,538.102905
-2.152453,3,538.137904
-2.106963,3,538.170905
-0.016546,1,538.181906
-2.166028,3,538.212
-3.188829,4,538.254003
-1.040004,2,538.276001
-2.115477,3,538.302001
-3.234056,4,538.337999
-2.169732,3,538.367001
-3.275796,4,538.407002
-2.096966,3,538.433001
-2.092731,3,538.460356
-2.084989,3,538.486356
-1.031525,2,538.511355
-2.14657,3,538.537355
-2.181135,3,538.565356
-2.121449,3,538.591356
0.0,1,538.609356
-0.018437,1,538.620358
-3.198679,4,538.655355
-3.225748,4,538.692355
-1.027574,2,538.717358
0.0,1,538.725356
-2.077539,3,538.751356
-2.176977,3,538.778356
-1.066338,2,538.802356
-1.038367,2,538.824355
-2.200887,3,538.849356
-1.027677,2,538.868356
-1.065189,2,538.891356
-1.032637,2,538.909356
-3.258795,4,538.944356
-2.185479,3,538.969357
-2.113602,3,539.010355
-3.210912,4,539.056356
-3.228907,4,539.105357
-3.215706,4,539.143355
-3.241373,4,539.191863
0.0,1,539.200866
-2.143952,3,539.228863
-2.090701,3,539.257864
-1.049984,2,539.285864
-2.131727,3,539.313868
-0.002922,1,539.322863
-2.094451,3,539.352864
-1.06938,2,539.372864
-2.084528,3,539.399864
-2.116053,3,539.429864
-2.104348,3,539.459866
-1.050487,2,539.480864
0.0,1,539.491863
-2.140551,3,539.517863
-1.036996,2,539.536864
-3.198733,4,539.580863
-3.23632,4,539.614864
-3.27517,4,539.650866
-3.177912,4,539.685864
-1.068561,2,539.706863
-3.173817,4,539.742863
-2.120033,3,539.772864
-1.050251,2,539.790866
-2.137679,3,539.828864
-2.185904,3,539.855864
-2.151222,3,539.884864
-1.078276,2,539.906863
-3.233118,4,539.948864
-1.037317,2,539.965864
-3.282498,4,540.006865
-1.051621,2,540.029864
-2.082937,3,540.064865
-1.032674,2,540.087864
-2.171721,3,540.115864
-2.099978,3,540.140864
-2.13928,3,540.170864
-1.035709,2,540.196864
-1.031579,2,540.213864
-1.042402,2,540.232864
-3.229999,4,540.280863
-3.187995,4,540.318372
-2.124685,3,540.348371
-2.148021,3,540.373371
-0.011906,1,540.387371
-1.029967,2,540.411372
-3.203844,4,540.452372
-2.105791,3,540.477371
-3.221959,4,540.517371
0.0,1,540.527372
-1.031768,2,540.545375
-0.013971,1,540.555372
-1.058977,2,540.579371
-3.310095,4,540.614372
-2.150271,3,540.641371
-1.056136,2,540.659371
-2.099696,3,540.692372
-2.127698,3,540.721371
-3.168448,4,540.765371
-1.077735,2,540.783373
-3.207484,4,540.822371
-2.166404,3,540.847371
-2.193582,3,540.876372
-2.165242,3,540.904371
-2.075662,3,540.935371
-2.093014,3,540.964434
-1.044866,2,540.983433
-2.093353,3,541.012432
-2.1197,3,541.046433
-2.120715,3,541.076433
-3.243409,4,541.113433
-3.179173,4,541.146432
-2.142061,3,541.184432
-2.152897,3,541.211432
-3.168976,4,541.246432
0.0,1,541.255432
-3.186682,4,541.298432
-1.080986,2,541.316432
-2.206633,3,541.342432
-3.249425,4,541.377432
-2.170395,3,541.411432
-2.090664,3,541.439433
-1.068385,2,541.456432
-3.191263,4,541.493942
-2.169408,3,541.528016
-2.088455,3,541.555016
-2.098783,3,541.586019
-0.015188,1,541.599015
-1.02942,2,541.626017
-0.014899,1,541.637017
-3.218165,4,541.674018
-2.127714,3,541.700016
-1.041683,2,541.723016
-0.016857,1,541.734015
-2.136291,3,541.761015
-2.106971,3,541.786015
-3.235845,4,541.825015
-3.331421,4,541.865016
-3.223531,4,541.899015
-2.093262,3,541.929015
-2.089322,3,541.965016
-3.182239,4,542.003015
-1.038829,2,542.019016
-3.185002,4,542.062016
-1.050288,2,542.089017
-2.104752,3,542.116015
-3.202887,4,542.151018
-3.21837,4,542.191016
-0.016755,1,542.204015
-3.255481,4,542.244015
-3.227979,4,542.283017
-3.176195,4,542.322016
-2.185233,3,542.353015
-2.096225,3,542.380015
-1.026354,2,542.399015
-3.185887,4,542.438018
-2.104447,3,542.469015
-3.206753,4,542.505015
-2.151783,3,542.533019
-0.005526,1,542.541016
-3.254967,4,542.592016
-3.247393,4,542.635525
-2.165115,3,542.661523
-1.046041,2,542.678523
-1.08812,2,542.701525
-3.229765,4,542.744524
-2.081522,3,542.772526
-2.145506,3,542.799523
-2.082789,3,542.837525
-2.19312,3,542.865524
-2.180867,3,542.890523
0.0,1,542.901524
-2.114964,3,542.939524
-1.055408,2,542.957524
-1.028483,2,542.974523
-1.050999,2,542.994523
-1.077776,2,543.016591
-2.085163,3,543.04859
-2.142403,3,543.077591
-1.06478,2,543.09759
-2.083625,3,543.12859
-1.027799,2,543.145591
0.0,1,543.15559
-0.016039,1,543.164591
-1.07777,2,543.189591
-1.063433,2,543.207591
-2.113139,3,543.233591
0.0,1,543.24159
-2.095117,3,543.27459
-2.088985,3,543.301591
-1.056176,2,543.320592
0.0,1,543.328589
-1.035227,2,543.349591
-2.178127,3,543.37859
-3.308018,4,543.415591
-3.268832,4,543.44959
-2.101631,3,543.48159
-2.136682,3,543.508674
-3.245146,4,543.542674
-2.101755,3,543.568674
-1.025525,2,543.592674
-2.106554,3,543.621674
-3.247111,4,543.656673
-2.146412,3,543.682674
-3.229728,4,543.726678
-1.037342,2,543.743674
-1.056577,2,543.761676
-2.108526,3,543.792182
-2.175333,3,543.826181
-2.137604,3,543.857181
-2.13331,3,543.890181
-1.059598,2,543.90718
-1.064132,2,543.930181
-2.120662,3,543.95618
-1.02475,2,543.97418
-3.229446,4,544.008181
-2.096102,3,544.04718
-1.040617,2,544.073182
-2.167497,3,544.108181
-3.204095,4,544.14318
-2.15195,3,544.17418
-3.223508,4,544.20918
-2.12388,3,544.23518
-0.015425,1,544.24418
-2.11717,3,544.27418
-2.118428,3,544.30318
-2.084354,3,544.33118
-3.239425,4,544.370183
-2.13041,3,544.402182
-1.041367,2,544.420182
-2.079491,3,544.44718
-1.080962,2,544.46618
-2.091221,3,544.49918
-2.103486,3,544.525181
-2.131232,3,544.550179
-3.19987,4,544.586181
-3.192053,4,544.62818
-2.176572,3,544.65518
-1.031037,2,544.67218
-3.159728,4,544.708181
-1.059716,2,544.73118
-2.151322,3,544.759181
-1.066575,2,544.777182
0.0,1,544.786179
-2.160065,3,544.824181
-2.164219,3,544.85018
-2.170159,3,544.87818
-3.25747,4,544.914689
-1.072135,2,544.943688
-1.060905,2,544.964689
-2.089357,3,544.995689
0.0,1,545.004688
-2.086406,3,545.047689
-1.036825,2,545.07069
-3.22437,4,545.122833
-1.020275,2,545.184833
-0.004285,1,545.212834
-3.245431,4,545.278833
-2.105251,3,545.317832
-2.155811,3,545.357834
-2.191808,3,545.393832
-3.202585,4,545.435834
-3.194735,4,545.487832
-2.098219,3,545.520835
-2.127691,3,545.566832
-2.093685,3,545.595834
-2.094691,3,545.621832
-2.190543,3,545.654182
-3.237636,4,545.696181
-1.045995,2,545.71318
-2.185272,3,545.74118
-2.112564,3,545.766181
-3.234361,4,545.81318
-2.160542,3,545.839183
-1.039144,2,545.857181
-2.137407,3,545.88518
-2.160527,3,545.916181
-2.106076,3,545.948183
-3.191122,4,545.98618
-3.218078,4,546.02318
-1.034383,2,546.050183
-1.079444,2,546.07069
-2.212578,3,546.101694
-2.127969,3,546.129689
-3.163126,4,546.17469
-3.244085,4,546.212689
-2.126567,3,546.239691
-3.180935,4,546.278753
-1.043862,2,546.301812
-3.19903,4,546.339812
-1.060643,2,546.360809
-1.0307,2,546.384809
-3.219745,4,546.431809
-1.033352,2,546.45281
-2.092855,3,546.488809
-1.023281,2,546.512809
-3.246051,4,546.560809
-3.362214,4,546.607811
-3.170453,4,546.649809
-2.146033,3,546.679809
-1.045953,2,546.70281
-2.135353,3,546.730811
-2.140606,3,546.75881
-2.148977,3,546.786809
-3.230988,4,546.826812
-1.084066,2,546.84481
-3.163639,4,546.882812
0.0,1,546.892809
-2.111071,3,546.923809
-2.161679,3,546.96081
-2.144734,3,546.988809
-3.279246,4,547.024809
-1.051376,2,547.053811
-2.10036,3,547.081809
-3.264289,4,547.122809
-2.105653,3,547.159809
-2.170743,3,547.191809
-2.151468,3,547.221318
-3.181034,4,547.261316
-0.00838,1,547.270316
-3.212091,4,547.313316
-3.181754,4,547.352318
-3.214679,4,547.389318
-2.089816,3,547.416316
-2.167454,3,547.447316
-1.066923,2,547.464318
-2.131739,3,547.490318
-2.156737,3,547.516317
-3.224189,4,547.564317
-1.059991,2,547.580316
-2.09793,3,547.606316
-2.166648,3,547.636316
-2.100471,3,547.667316
-1.027761,2,547.684316
-0.002334,1,547.693316
-1.022661,2,547.712319
-1.037557,2,547.735319
-3.188893,4,547.773316
-1.036732,2,547.795316
-2.090727,3,547.822316
-2.149902,3,547.857316
-3.179521,4,547.894316
-3.257497,4,547.929316
-3.196056,4,547.968317
-2.142416,3,547.999316
-2.139501,3,548.025316
-2.169937,3,548.058317
-2.127514,3,548.093316
0.0,1,548.110319
-1.024216,2,548.132316
-1.060473,2,548.150316
-2.140233,3,548.176316
-0.017734,1,548.189317
-2.086268,3,548.216316
-2.181339,3,548.242316
-1.06838,2,548.260317
-3.168017,4,548.311316
-2.140085,3,548.34332
0.0,1,548.353321
-2.11896,3,548.387826
-2.129673,3,548.422828
-1.036795,2,548.440825
-3.165138,4,548.477827
-0.002957,1,548.489829
-3.241492,4,548.531826
-2.096509,3,548.557825
-1.034596,2,548.574826
-2.122147,3,548.600904
-1.071823,2,548.625906
-2.138552,3,548.653904
-3.224548,4,548.687905
-1.059738,2,548.704905
-1.051395,2,548.725904
-2.183025,3,548.758905
-0.017356,1,548.769907
-2.166808,3,548.795905
-3.201264,4,548.835904
-0.014166,1,548.845905
-3.196206,4,548.881904
-1.069516,2,548.899904
-3.269456,4,548.939907
-1.029871,2,548.959905
-2.108556,3,548.988906
-3.203805,4,549.024904
-2.085628,3,549.061904
-1.021756,2,549.082904
-3.201161,4,549.121905
-2.120019,3,549.149975
-2.103205,3,549.185975
-2.13063,3,549.211975
-2.174191,3,549.237975
-2.106552,3,549.262975
-2.174837,3,549.297975
-3.210945,4,549.336978
-2.180899,3,549.369975
-0.006008,1,549.378975
-2.083605,3,549.412975
-2.14419,3,549.439978
-3.18063,4,549.474094
-2.15466,3,549.499098
-1.022753,2,549.527045
-2.144203,3,549.555044
-2.089537,3,549.582117
-2.187453,3,549.615214
-1.053556,2,549.645216
-2.161465,3,549.675214
-1.070901,2,549.692214
-1.037828,2,549.710214
-1.031111,2,549.733215
-2.195278,3,549.765429
-3.313603,4,549.800428
-2.159781,3,549.825428
-2.145023,3,549.861431
-2.095538,3,549.893428
-3.24657,4,549.930428
-1.031824,2,549.95043
-2.094482,3,549.982428
-2.095944,3,550.02143
-2.112438,3,550.051428
-1.042485,2,550.074428
-2.158801,3,550.105428
-3.194554,4,550.141433
-2.13061,3,550.17143
-2.181986,3,550.199428
-3.218824,4,550.241429
-2.094564,3,550.269428
-1.056671,2,550.288428
-1.041701,2,550.305428
-2.129307,3,550.336428
-1.06571,2,550.356429
-2.159792,3,550.384429
0.0,1,550.393429
-2.103269,3,550.427431
-3.295592,4,550.462428
-2.157794,3,550.489431
-0.007578,1,550.498429
-2.082223,3,550.529428
-2.118055,3,550.555429
-2.144547,3,550.582428
-2.126558,3,550.608429
-1.049859,2,550.633434
-2.137796,3,550.663938
-3.264837,4,550.698937
-1.022013,2,550.718037
-2.1949,3,550.752041
-2.149829,3,550.78304
-3.246397,4,550.818037
-2.179506,3,550.849038
-2.103473,3,550.887037
-3.232864,4,550.923037
-0.004039,1,550.932037
-0.006415,1,550.942037
-2.130106,3,550.974037
-2.119007,3,551.000037
-1.056717,2,551.017038
-2.101379,3,551.044037
-2.181756,3,551.082037
-3.214552,4,551.120037
-1.066261,2,551.14104
-2.158308,3,551.173126
-3.193777,4,551.217125
-2.162692,3,551.243125
-2.131818,3,551.271127
-2.072327,3,551.298126
-2.138882,3,551.329126
-1.083875,2,551.346191
-1.077286,2,551.36419
-2.12615,3,551.396193
-3.213248,4,551.440191
-3.215011,4,551.477191
-1.039389,2,551.495191
-3.184685,4,551.53019
-2.105978,3,551.56219
-2.162183,3,551.590194
-0.015821,1,551.599192
-1.031709,2,551.61819
-3.224216,4,551.662192
-3.165756,4,551.69919
-2.09075,3,551.72619
-3.27069,4,551.761192
-2.133286,3,551.794698
-2.077694,3,551.825698
-3.22568,4,551.8687
-2.091298,3,551.901698
-1.081226,2,551.928698
-1.053986,2,551.947698
-1.025188,2,551.9647
-1.029117,2,551.981698
-2.167636,3,552.018698
-1.077467,2,552.038701
-0.019225,1,552.049698
-3.248562,4,552.097699
-1.042412,2,552.121701
-3.22082,4,552.163697
-1.023586,2,552.182698
-2.097118,3,552.208701
-1.078608,2,552.232699
-0.002746,1,552.249699
0.0,1,552.2617
-2.146467,3,552.287698
-2.130704,3,552.318698
-0.019617,1,552.3277
-2.117024,3,552.354698
-1.073294,2,552.373698
-1.073556,2,552.396699
-2.102293,3,552.422698
-2.08194,3,552.448698
-3.185251,4,552.488698
-2.105429,3,552.523698
-1.023452,2,552.540699
-2.143141,3,552.567698
-3.189689,4,552.608705
-3.228185,4,552.661698
-0.005953,1,552.671698
-1.065953,2,552.690699
-1.059914,2,552.7097
-2.10018,3,552.741698
-2.160957,3,552.766698
-1.027344,2,552.7837
-2.165352,3,552.811698
-3.184635,4,552.853698
-2.096821,3,552.879698
-3.216682,4,552.9197
-0.008356,1,552.929698
-2.088421,3,552.961701
-2.131238,3,552.994206
-2.117465,3,553.038207
-3.174606,4,553.079208
-1.020346,2,553.106207
-2.135982,3,553.135206
-0.014585,1,553.144206
-3.213998,4,553.183206
-1.038332,2,553.207205
-2.116712,3,553.237206
-2.136027,3,553.269208
-2.091438,3,553.296206
-3.198925,4,553.346209
-3.180607,4,553.385206
-0.019942,1,553.394206
-1.022054,2,553.412206
-2.121186,3,553.445206
-1.069867,2,553.465207
-2.210544,3,553.492205
-2.181213,3,553.518206
-2.186239,3,553.549206
-2.145022,3,553.577206
-1.0701,2,553.597206
-2.125743,3,553.623206
-0.006004,1,553.646208
-2.154529,3,553.678207
-1.028814,2,553.698206
-1.040396,2,553.716206
0.0,1,553.729208
-1.020017,2,553.747207
-2.099231,3,553.772207
-1.071014,2,553.790207
-0.019439,1,553.803207
-3.294887,4,553.838207
-2.169018,3,553.865208
-1.053019,2,553.882206
-3.255761,4,553.924206
-2.149559,3,553.950206
-2.110924,3,553.976301
-2.112926,3,554.002302
-2.111208,3,554.0363
-3.19563,4,554.071303
-2.081628,3,554.10781
-1.023179,2,554.12981
-2.184376,3,554.16681
-2.156277,3,554.19881
-2.132288,3,554.24181
-3.286496,4,554.27881
-2.085639,3,554.310812
-2.118526,3,554.34281
-2.157404,3,554.36881
-3.268936,4,554.40281
-3.28378,4,554.443809
-2.107509,3,554.473812
-0.017007,1,554.48281
-1.044395,2,554.50081
-1.058077,2,554.52481
-2.101091,3,554.552812
-2.10654,3,554.57981
-2.10595,3,554.608812
-0.013182,1,554.621811
-2.119832,3,554.64981
-2.128583,3,554.67681
-1.025005,2,554.69781
-2.148869,3,554.728812
-2.184799,3,554.75481
-2.160041,3,554.783
-1.072039,2,554.808001
0.0,1,554.822002
-1.072525,2,554.840002
-1.025419,2,554.860001
-3.222925,4,554.898
-3.166054,4,554.938
-1.041264,2,554.956001
-2.156395,3,554.983
0.0,1,554.992
-2.116074,3,555.024
-1.027771,2,555.043001
-2.115333,3,555.073001
-3.255306,4,555.121003
-2.147126,3,555.157003
-2.082088,3,555.184001
-1.07937,2,555.203002
-3.251166,4,555.242001
-1.086571,2,555.264004
-1.075059,2,555.282508
-2.189376,3,555.314508
0.0,1,555.324507
-2.143365,3,555.359509
-2.14013,3,555.392508
-1.02187,2,555.410508
-2.088559,3,555.439508
-2.097638,3,555.471511
-2.101913,3,555.499511
-2.088239,3,555.527508
-2.091637,3,555.554509
0.0,1,555.566508
0.0,1,555.57751
-3.241825,4,555.613508
-3.210055,4,555.654612
-2.121057,3,555.687612
0.0,1,555.696612
-2.081627,3,555.723611
-3.174924,4,555.761613
-2.141519,3,555.792611
-2.093486,3,555.819613
-2.084806,3,555.844612
-1.062107,2,555.864612
-2.091552,3,555.896723
-1.060863,2,555.914721
-1.024326,2,555.932721
-3.169548,4,555.967721
-1.079716,2,555.990722
-2.112718,3,556.015721
-2.145931,3,556.041721
-2.150801,3,556.066721
-1.03667,2,556.095721
-1.02335,2,556.116721
-3.206002,4,556.150721
-1.04261,2,556.169723
-2.108244,3,556.204723
-2.14685,3,556.244723
-2.119345,3,556.270721
-1.060716,2,556.287721
-1.053234,2,556.310721
-2.162531,3,556.335721
-2.085487,3,556.361721
-2.13306,3,556.38797
-0.010567,1,556.39997
-2.087792,3,556.433478
-2.126655,3,556.460478
-2.126074,3,556.487558
0.0,1,556.501558
-2.093053,3,556.535559
-3.347642,4,556.572559
-1.049902,2,556.594558
-0.017963,1,556.611558
-2.078573,3,556.64665
-0.015431,1,556.65965
-2.158298,3,556.687912
-3.2873,4,556.739912
-1.039207,2,556.766912
0.0,1,556.774912
-2.158103,3,556.804912
0.0,1,556.817911
-3.235442,4,556.859915
0.0,1,556.868911
-2.10401,3,556.898911
-2.150073,3,556.930911
-2.11753,3,556.957911
0.0,1,556.967911
-2.131533,3,556.994911
-2.114546,3,557.026911
-2.129328,3,557.052913
-2.125281,3,557.080911
-1.032572,2,557.102912
-2.119902,3,557.148912
0.0,1,557.160911
0.0,1,557.169306
-1.046816,2,557.188306
0.0,1,557.201306
-1.04603,2,557.223307
-0.017166,1,557.232306
-2.16109,3,557.262309
-2.161246,3,557.294306
-2.162976,3,557.32131
-3.194917,4,557.355306
-2.149605,3,557.380306
-2.190435,3,557.417372
-2.133851,3,557.442372
-2.150063,3,557.473372
-2.105215,3,557.500437
-2.144133,3,557.535512
-1.068944,2,557.557516
-1.04959,2,557.575023
-0.013981,1,557.587023
0.0,1,557.601023
-1.045866,2,557.621023
-1.084324,2,557.641024
-1.06267,2,557.660024
-1.030091,2,557.688023
-3.220982,4,557.722025
-3.232466,4,557.763023
-2.103324,3,557.788023
-2.209989,3,557.823023
-1.077695,2,557.841024
-3.187688,4,557.877023
-2.173741,3,557.905023
-3.172648,4,557.944023
-0.019075,1,557.955024
-1.044117,2,557.974023
-0.002899,1,557.983023
0.0,1,557.996023
-2.104648,3,558.023024
0.0,1,558.032023
-1.024472,2,558.049025
-1.070787,2,558.074023
-3.238562,4,558.117026
-2.104844,3,558.142023
-3.240158,4,558.178025
-1.023522,2,558.204024
-2.123008,3,558.232025
-2.173786,3,558.258023
-1.04322,2,558.277023
-3.183648,4,558.322117
-1.038417,2,558.339114
-2.08229,3,558.364114
-1.026793,2,558.381114
-2.176513,3,558.413114
-2.097626,3,558.447116
-3.236609,4,558.482114
-3.247196,4,558.521117
-2.172068,3,558.552114
-1.03108,2,558.570114
-3.204675,4,558.610115
0.0,1,558.619114
-2.09917,3,558.651114
-2.168061,3,558.678115
-2.08141,3,558.704116
-2.101987,3,558.732621
-3.19165,4,558.776621
-1.020638,2,558.795621
-3.297845,4,558.836621
-1.034088,2,558.855621
-3.195455,4,558.897622
-2.130036,3,558.923621
-1.028472,2,558.949623
-1.068142,2,558.967621
-2.078167,3,559.003622
-2.07604,3,559.029621
-3.335732,4,559.066622
-1.037557,2,559.089621
-2.105882,3,559.127621
-1.069425,2,559.150621
-2.086375,3,559.178623
-1.074239,2,559.195621
-2.129116,3,559.226621
-1.052968,2,559.244621
-1.030787,2,559.266622
-2.146446,3,559.295621
-2.112834,3,559.326621
-2.08212,3,559.360623
-2.106822,3,559.389621
-2.09549,3,559.415621
-2.085475,3,559.45175
-1.032496,2,559.469751
-1.059031,2,559.48875
-2.107822,3,559.52275
-2.165868,3,559.556749
-2.128053,3,559.582808
-3.287788,4,559.624809
0.0,1,559.633809
-2.1402,3,559.664856
-3.2763,4,559.704857
-0.007452,1,559.713856
-0.01448,1,559.725857
-1.069461,2,559.749856
0.0,1,559.761858
-3.245593,4,559.806856
0.0,1,559.814856
-2.143882,3,559.84686
-3.170069,4,559.886364
0.0,1,559.894364
-2.132898,3,559.924364
-2.153487,3,559.964364
-1.038473,2,559.983363
-3.196716,4,560.019364
-1.046105,2,560.037364
-2.123389,3,560.070364
-1.036639,2,560.092364
-2.160128,3,560.126364
-2.154019,3,560.153366
-2.148516,3,560.185365
-2.106657,3,560.211364
-2.08597,3,560.237364
-3.208594,4,560.273364
-3.184358,4,560.319364
-2.140724,3,560.349364
-3.176456,4,560.388365
-1.033077,2,560.405364
-1.024544,2,560.428365
-3.223307,4,560.463363
-2.105409,3,560.491364
-2.126698,3,560.517364
-3.24325,4,560.562364
-3.314448,4,560.605364
-3.247138,4,560.645364
-2.143069,3,560.671364
-2.141222,3,560.704364
-2.103558,3,560.729364
-2.179722,3,560.754364
-3.231486,4,560.789364
-2.134953,3,560.859366
-2.166274,3,560.948365
-2.098025,3,560.99337
-3.27394,4,561.051878
-3.26605,4,561.094876
-2.162363,3,561.130876
-2.114058,3,561.163878
-3.238318,4,561.211878
-2.105636,3,561.256878
-1.046036,2,561.282876
-2.108249,3,561.323877
-2.102597,3,561.359877
-1.057261,2,561.383876
-2.146784,3,561.411876
-2.117445,3,561.438876
-1.032809,2,561.458877
-3.193716,4,561.497876
-3.199969,4,561.531876
-2.159811,3,561.559877
-2.10759,3,561.588959
-1.026028,2,561.609962
-3.254566,4,561.649062
-1.024751,2,561.677061
-1.064069,2,561.697063
-1.034266,2,561.728289
-1.034838,2,561.751288
-1.061576,2,561.768288
0.0,1,561.780288
-2.150068,3,561.813288
-2.15169,3,561.84329
-2.105751,3,561.875287
-2.148876,3,561.906465
-1.030535,2,561.931463
-3.275251,4,561.966463
-3.293672,4,562.005463
0.0,1,562.014462
-1.055407,2,562.038463
-3.257922,4,562.074464
-2.095503,3,562.108463
-1.066498,2,562.127463
-2.105918,3,562.164975
-3.178416,4,562.210974
-3.202345,4,562.250974
-3.23829,4,562.292973
-1.023601,2,562.315976
-3.182654,4,562.352973
-2.090331,3,562.379973
-2.1252,3,562.404973
-2.120025,3,562.437973
-2.213588,3,562.467976
-2.134722,3,562.494973
-3.184939,4,562.529974
-3.1612,4,562.570973
-2.087359,3,562.597974
-2.128087,3,562.622974
-1.062162,2,562.639973
-2.087851,3,562.675973
-2.135434,3,562.703977
-1.041596,2,562.720973
-2.088065,3,562.747183
-3.195143,4,562.791184
-3.234049,4,562.826181
-3.169275,4,562.860185
-2.151487,3,562.893182
-0.009646,1,562.908184
-2.161602,3,562.937181
-2.172395,3,562.962181
-2.157703,3,562.990571
-2.171038,3,563.022575
-2.16041,3,563.048572
-3.22595,4,563.089571
-3.265349,4,563.134572
-0.001959,1,563.147573
-1.035138,2,563.165571
-2.099143,3,563.191572
-1.061031,2,563.212571
-2.117636,3,563.243571
-1.027878,2,563.260572
-3.192694,4,563.294574
-2.088691,3,563.329084
-1.067851,2,563.351083
-3.223226,4,563.387083
-3.230834,4,563.429085
-1.070867,2,563.446083
-1.072041,2,563.471085
-2.103096,3,563.497083
-3.245008,4,563.533082
-3.281517,4,563.571082
-2.103409,3,563.603082
-2.156984,3,563.629085
-2.147552,3,563.657083
-1.032962,2,563.678082
-2.098983,3,563.710086
0.0,1,563.722083
-2.118382,3,563.757082
-2.097951,3,563.786082
-2.130918,3,563.819082
-2.09921,3,563.845082
-2.102346,3,563.877082
-2.159737,3,563.913082
-2.147456,3,563.945083
-2.147288,3,563.971082
-0.019038,1,563.981082
-2.11546,3,564.009083
-1.076333,2,564.037083
-2.094355,3,564.065083
-2.162778,3,564.105083
-1.059843,2,564.126084
-2.121378,3,564.160084
-2.08888,3,564.188084
0.0,1,564.198082
-1.037276,2,564.216084
-2.132791,3,564.249083
-1.021151,2,564.266084
-1.035686,2,564.283082
-2.139696,3,564.310085
-2.116592,3,564.341084
-3.246188,4,564.380083
-3.232394,4,564.421082
-1.064496,2,564.442083
-2.104898,3,564.479592
-2.164203,3,564.509591
-2.103233,3,564.543592
-3.217595,4,564.588591
-1.033074,2,564.610592
-2.121374,3,564.638592
-3.198373,4,564.672594
-2.162906,3,564.698593
-1.063635,2,564.720592
-1.069389,2,564.738592
-1.041087,2,564.758592
-2.093685,3,564.785592
-2.097844,3,564.815592
-2.079973,3,564.841594
-3.189777,4,564.880592
-3.183271,4,564.916592
-1.069915,2,564.938591
-3.162376,4,564.975592
-1.066175,2,564.992592
-1.022826,2,565.010592
-1.043384,2,565.032592
-2.19067,3,565.062592
-1.03325,2,565.085593
-0.010751,1,565.095592
-1.060431,2,565.118592
-2.141601,3,565.144592
-3.284043,4,565.178592
-2.11256,3,565.208592
-1.082362,2,565.230592
-3.187621,4,565.269592
-2.085287,3,565.296592
-1.026804,2,565.315592
-1.086085,2,565.337593
-1.028291,2,565.356592
-2.140462,3,565.382591
0.0,1,565.390592
-2.152294,3,565.431592
-2.155527,3,565.463591
-2.178257,3,565.489591
-1.077614,2,565.506592
0.0,1,565.520592
-2.121004,3,565.548592
-1.054155,2,565.565592
-1.026166,2,565.587591
-2.145739,3,565.626102
-3.194235,4,565.667101
-1.035814,2,565.690103
-0.004134,1,565.7021
-3.195859,4,565.749101
-3.277715,4,565.783101
-2.157853,3,565.8081
-2.093448,3,565.8341
-1.020974,2,565.858101
-2.100616,3,565.8931
-2.177362,3,565.920101
-1.071952,2,565.942101
-2.143358,3,565.9771
-2.172046,3,566.0021
-3.213332,4,566.043101
-1.023049,2,566.0621
-2.126954,3,566.0961
0.0,1,566.1071
-3.218663,4,566.149101
-2.133058,3,566.1761
-1.053406,2,566.202104
-2.123489,3,566.229104
-1.074106,2,566.247101
-1.029557,2,566.2641
-1.071475,2,566.287101
-1.076481,2,566.3081
-3.191243,4,566.348101
-2.14014,3,566.374101
-3.258218,4,566.416101
-2.189567,3,566.444101
-3.209895,4,566.479103
-1.049844,2,566.498101
-2.084183,3,566.5331
-0.011375,1,566.5411
-3.199356,4,566.5761
-3.192305,4,566.6131
-2.104152,3,566.6441
-2.16281,3,566.673103
-1.063259,2,566.694101
-2.095714,3,566.726101
-2.178881,3,566.76561
-2.127118,3,566.797612
-2.16987,3,566.832611
-2.161501,3,566.868611
-2.110207,3,566.90661
-2.113337,3,566.941613
-2.110969,3,566.970611
-0.007761,1,566.979612
-2.169179,3,567.013613
-2.164487,3,567.04061
-2.082365,3,567.067611
-2.147709,3,567.092611
0.0,1,567.108611
-2.182348,3,567.144611
-3.261334,4,567.184612
-2.142868,3,567.210615
-2.095197,3,567.245613
-2.123624,3,567.272612
0.0,1,567.28161
-1.059392,2,567.299611
-2.19863,3,567.33161
-2.157588,3,567.35761
-2.102154,3,567.388613
-0.016103,1,567.398611
-2.086018,3,567.430612
-2.208232,3,567.458611
0.0,1,567.466611
0.0,1,567.477611
-1.074232,2,567.499611
-0.000477,1,567.508612
-1.079378,2,567.52861
-2.145486,3,567.554612
-1.029476,2,567.57661
-2.112833,3,567.607611
-3.187486,4,567.650725
-1.029057,2,567.669899
-3.194105,4,567.711899
-2.192739,3,567.736899
-3.225358,4,567.772901
-3.280665,4,567.806899
-1.03617,2,567.8319
-2.091996,3,567.857899
-1.024705,2,567.875901
-0.018174,1,567.883901
-2.150177,3,567.918407
-2.097825,3,567.949408
-3.232622,4,567.984407
-3.212707,4,568.021407
-2.162106,3,568.056407
-1.066244,2,568.07341
-2.124385,3,568.09841
-1.043152,2,568.115408
-1.050098,2,568.144408
-1.045993,2,568.167408
-2.159263,3,568.193407
-2.093174,3,568.219407
-3.25865,4,568.26041
-2.10264,3,568.287407
-1.081125,2,568.303407
-2.100384,3,568.32954
-3.207052,4,568.37054
-2.119804,3,568.400539
-1.029721,2,568.420539
-0.018653,1,568.43154
-2.1533,3,568.46554
-2.145159,3,568.491541
-1.037007,2,568.50954
-2.141784,3,568.53454
-0.01729,1,568.548543
-1.077987,2,568.571541
-1.055558,2,568.59054
-3.210819,4,568.627539
-2.078425,3,568.659539
-2.083897,3,568.68754
-1.038229,2,568.70554
-2.146928,3,568.732539
-2.164309,3,568.765617
-1.06097,2,568.783614
-2.125379,3,568.812675
-1.08436,2,568.830676
-2.094995,3,568.863676
-1.047207,2,568.881675
-2.128482,3,568.907746
-2.153862,3,568.933746
-3.230787,4,568.975747
-2.123109,3,569.000746
0.0,1,569.010752
-3.215117,4,569.048258
-3.284901,4,569.089256
-2.095585,3,569.118256
-3.304695,4,569.163256
-2.07594,3,569.195256
-1.028127,2,569.217256
-3.200074,4,569.271257
-1.070358,2,569.299256
-2.138967,3,569.328256
-2.116632,3,569.364257
-1.057346,2,569.383256
-2.07564,3,569.411257
-3.206435,4,569.455256
-2.146169,3,569.491258
-2.147242,3,569.518257
-3.230859,4,569.556257
-2.102721,3,569.582257
-0.018311,1,569.595256
-0.005194,1,569.607257
-2.082323,3,569.634257
-2.165995,3,569.659257
-3.221676,4,569.699256
-3.171343,4,569.734258
-3.277359,4,569.775256
-3.211772,4,569.812256
-2.10125,3,569.844256
-1.091578,2,569.873258
-3.177745,4,569.920258
-3.298774,4,569.954258
-2.147637,3,569.990255
-2.161741,3,570.019258
-2.12762,3,570.045256
-2.112561,3,570.070256
0.0,1,570.083255
-2.105408,3,570.112256
-2.185114,3,570.146256
-2.107734,3,570.176767
-3.20163,4,570.219766
-1.054954,2,570.239766
-3.195998,4,570.276766
-2.164553,3,570.304074
-2.07497,3,570.336077
-2.132353,3,570.362075
-1.045608,2,570.379074
-1.062967,2,570.39614
-3.154366,4,570.437141
-2.193006,3,570.465142
-2.097818,3,570.543748
-3.170275,4,570.620748
-0.016779,1,570.649749
-2.153822,3,570.687747
