#{"t_start": 1777807211.253108, "env_id": "FetchReach-v4"}
r,l,t
-58.367698,50,0.99367
-56.547511,50,1.040669
-4.177164,5,1.046669
-54.036905,50,1.086669
-54.073511,50,1.127671
-54.40039,50,1.16467
-23.091769,23,1.183671
-54.133907,50,1.218672
-54.426573,50,1.25818
-53.969964,50,1.295181
-55.310149,50,1.33518
-53.833062,50,1.37318
-56.794636,50,1.414181
-53.297925,50,1.450181
-9.468312,10,1.458181
-27.935019,27,1.47818
-57.197394,50,1.52018
-54.529667,50,1.556181
-11.53636,12,1.565181
-56.273876,50,1.607182
-42.895446,41,1.642181
-53.660912,50,1.67918
-55.507671,50,1.719181
-56.511829,50,1.756181
-56.259678,50,1.79818
-53.850078,50,1.837181
-54.404455,50,1.87318
-54.193569,50,1.91118
-53.419131,50,1.953182
-58.686494,50,1.99418
-57.450765,50,2.03018
-57.8808,50,2.070183
-55.645427,50,2.109181
-53.670387,50,2.147179
-55.354041,50,2.183181
-56.23571,50,2.222181
-54.001283,50,2.263181
-56.142699,50,2.29818
-55.838973,50,2.34218
-58.312172,50,2.379181
-54.492922,50,2.42018
-53.397353,50,2.456184
-56.165475,50,2.49569
-10.410983,11,2.50369
-13.7524,14,2.51669
-53.181324,50,2.55369
-37.627853,36,2.579689
-56.012243,50,2.62069
-54.120324,50,2.65969
-56.333606,50,2.698689
-57.654859,50,2.735689
-53.285267,50,2.77269
-55.661028,50,2.816689
-53.493464,50,2.854689
-54.923249,50,2.893691
-56.469373,50,2.92969
-55.198125,50,2.97069
-55.18347,50,3.00769
-53.444127,50,3.043691
-56.114352,50,3.07969
-13.827928,14,3.101689
-47.305586,46,3.13869
-53.862866,50,3.188689
-54.190756,50,3.23069
-54.088834,50,3.27069
-54.502025,50,3.306691
-54.721898,50,3.341689
-57.867469,50,3.376712
-54.917589,50,3.41569
-54.936753,50,3.45069
-14.91252,15,3.46369
-54.313681,50,3.49969
-56.12484,50,3.53869
-57.528175,50,3.57769
-57.687698,50,3.61769
-56.282009,50,3.654693
-55.665966,50,3.697199
-54.371087,50,3.735199
-56.471262,50,3.774199
-54.386779,50,3.812199
-55.118578,50,3.850199
-53.991184,50,3.888201
-55.049695,50,3.9252
-53.069225,50,3.960199
-54.501307,50,3.998199
-56.026359,50,4.037201
-28.155761,27,4.067199
-17.96654,18,4.1192
-5.207693,6,4.1412
-57.476806,50,4.235202
-54.750193,50,4.279199
-54.050185,50,4.318199
-55.813445,50,4.363201
-53.821628,50,4.4022
-56.633137,50,4.4452
-54.690478,50,4.4882
-53.829973,50,4.531199
-56.263453,50,4.568199
-54.911682,50,4.6042
-55.194146,50,4.640199
-57.269191,50,4.682201
-13.75292,14,4.692199
-38.456112,37,4.718199
-57.3664,50,4.754199
-53.887351,50,4.795203
-56.514217,50,4.833709
-8.40312,9,4.84071
-57.538219,50,4.87771
-53.901876,50,4.92071
-56.118909,50,4.95771
-53.759033,50,7.214378
-57.203245,50,7.852376
-53.343272,50,8.453012
-57.76617,50,9.057364
-5.239901,6,9.161364
-53.470013,50,9.767974
-55.476891,50,10.362178
-53.539678,50,10.944687
-55.073183,50,11.524686
-57.462882,50,12.117374
-55.469205,50,12.711509
-54.517584,50,13.302019
-54.840676,50,13.877019
-8.317247,9,13.987532
-54.506865,50,14.575858
-54.457709,50,15.163636
-57.277557,50,15.73808
-55.704373,50,16.31959
-56.904407,50,16.903357
-29.262397,29,17.241359
-56.495463,50,17.815416
-53.754321,50,18.39506
-38.140094,37,18.82805
-54.617704,50,19.41709
-53.615082,50,20.018599
-58.222426,50,20.605599
-56.917957,50,21.212592
-54.12675,50,21.819593
-12.895108,13,21.9791
-53.803966,50,22.584274
-6.280033,7,22.673404
-54.285011,50,23.294259
-54.902962,50,23.892336
-2.090119,3,23.928336
-8.350953,9,24.044334
-55.826112,50,24.624509
-55.029269,50,25.243047
-56.270238,50,25.86768
-54.64929,50,26.458747
-53.170016,50,27.087762
-2.103889,3,27.128763
-0.02336,1,27.142763
-55.329112,50,27.7628
-55.211423,50,28.377221
-53.11713,50,29.017732
-54.630917,50,29.622328
-54.001284,50,30.228835
-58.837306,50,30.849468
-56.126518,50,31.451034
-58.765652,50,32.043363
-53.810928,50,32.625155
-54.399928,50,33.224315
-0.021489,1,33.236315
-4.149099,5,33.298584
-53.359846,50,33.88733
-53.477523,50,34.481395
-57.583866,50,35.065904
-54.888715,50,35.629904
-57.011447,50,36.201586
-58.384216,50,36.812929
-55.243637,50,37.406542
-56.2692,50,37.989083
-4.170657,5,38.055594
-55.273632,50,38.643848
-56.545085,50,39.274938
-55.401332,50,39.850937
-54.046232,50,40.453836
-54.901885,50,41.051892
-55.761147,50,41.592403
-54.520394,50,42.127404
-54.052804,50,42.685915
-56.369156,50,43.323109
-55.32052,50,43.906018
-54.252934,50,44.501331
-55.410699,50,45.107338
-55.604401,50,45.699894
-36.044778,35,46.111759
-56.857686,50,46.68876
-54.831571,50,47.288269
-55.061964,50,47.875407
-54.973556,50,48.495321
-4.164361,5,48.556439
-29.625927,29,48.908698
-55.340485,50,49.533801
-55.578535,50,50.208312
-54.347558,50,50.863822
-56.694968,50,51.531316
-49.268933,47,52.147176
-53.053692,50,52.76946
-54.924629,50,53.399323
-56.945753,50,54.071321
-15.639034,16,54.275009
-55.822754,50,54.92647
-16.699179,17,55.13747
-54.567097,50,55.791377
-57.230886,50,56.398568
-54.122308,50,57.000696
-55.580749,50,57.600205
-54.775842,50,58.214929
-55.079819,50,58.850369
-57.354998,50,59.448076
-54.461304,50,60.057715
-52.363377,50,60.653191
-57.697163,50,61.272362
-54.969166,50,61.865362
-17.928023,18,62.07658
-56.952301,50,62.68216
-54.374936,50,63.377387
-54.314371,50,63.978781
-56.666383,50,64.553244
-55.230536,50,65.162438
-55.685277,50,65.792949
-55.837229,50,66.392641
-53.799832,50,66.998338
-57.516621,50,69.429913
-57.298487,50,70.024913
-12.680096,13,70.193913
-42.061395,41,70.68658
-54.400725,50,71.281993
-54.549753,50,71.891812
-53.136541,50,72.495661
-53.076459,50,73.102343
-56.963613,50,73.734
-53.414172,50,74.360999
-55.525582,50,74.952173
-56.55952,50,75.542417
-56.479047,50,76.167151
-54.02368,50,76.831496
-56.061134,50,77.416266
-56.632386,50,78.014572
-55.034973,50,78.617665
-54.638912,50,79.251664
-54.178967,50,79.85929
-54.861733,50,80.448137
-53.904206,50,81.063018
-56.799175,50,81.679642
-55.183178,50,82.265697
-27.505898,27,82.580077
-57.753774,50,83.182785
-57.610808,50,83.784883
-54.747481,50,84.384263
-50.6727,48,84.967261
-54.657472,50,85.582855
-55.346127,50,86.234111
-55.061546,50,86.836617
-58.533503,50,87.445587
-55.00007,50,88.059736
-54.870844,50,88.689162
-55.565231,50,89.29622
-55.25702,50,89.899729
-53.978976,50,90.53773
-52.862666,50,91.208844
-54.653176,50,91.824845
-53.981057,50,92.446944
-54.228981,50,93.066945
-34.94282,34,93.457452
-56.81341,50,94.057007
-24.470095,24,94.332838
-55.220276,50,94.934838
-0.021681,1,94.946838
-57.616254,50,95.527548
-57.165987,50,96.110376
-56.240424,50,96.716012
-6.293441,7,96.80056
-55.147796,50,97.388559
-54.777709,50,97.98407
-54.547811,50,98.566334
-57.658783,50,99.158352
-53.655447,50,99.740459
-55.28369,50,100.342592
-0.021265,1,100.356594
-57.321176,50,100.946592
-54.768801,50,101.537102
-56.509421,50,102.112163
-53.591091,50,102.680804
-53.732881,50,103.225804
-8.406333,9,103.319804
-54.994269,50,103.83071
-54.963076,50,104.348039
-54.532872,50,104.897218
-55.94811,50,105.457217
-55.226783,50,106.047864
-56.151897,50,106.62825
-53.294072,50,107.219197
-53.431185,50,107.793846
-53.74889,50,108.373433
-53.146863,50,108.970434
-53.561561,50,109.5496
-8.445009,9,109.6566
-28.539873,28,109.983778
-55.863579,50,110.576625
-56.223015,50,111.166624
-7.292207,8,111.258624
-54.29241,50,111.85825
-55.01957,50,112.45165
-1.052154,2,112.474651
-7.374897,8,112.569654
-57.125363,50,113.152404
-54.791677,50,113.733488
-18.169929,18,113.943997
-56.09913,50,114.527997
-7.332167,8,114.620996
-53.180281,50,115.218699
-54.280795,50,115.799202
-56.198979,50,116.396092
-0.024285,1,116.407091
-54.579058,50,117.014097
-52.861686,50,117.597955
-0.016673,1,117.611229
-54.97294,50,118.203228
-54.730808,50,118.795434
-54.014467,50,119.389434
-55.230195,50,119.978588
-53.772947,50,120.574678
-55.564537,50,121.20034
-54.49545,50,121.818469
-54.760638,50,122.42915
-54.270566,50,123.061797
-3.161362,4,123.113977
-54.578149,50,123.782679
-54.745444,50,124.408778
-56.290839,50,125.058779
-4.208944,5,125.122777
-54.076755,50,125.742656
-53.241236,50,126.357836
-53.706745,50,126.968986
-12.564589,13,127.135986
-4.236235,5,127.194987
-53.8851,50,127.764494
-54.637431,50,128.355207
-54.802538,50,128.945133
-9.518311,10,129.059133
-53.453233,50,131.264496
-0.021226,1,131.276495
-22.235122,22,131.527587
-11.45635,12,131.666588
-53.601119,50,132.257164
-3.189254,4,132.303163
-53.766179,50,132.893573
-27.460035,27,133.212573
-8.39055,9,133.317081
-52.68589,50,133.898525
-46.923063,45,134.424525
-12.686943,13,134.579033
-54.414741,50,135.161421
-3.161819,4,135.210422
-17.029634,17,135.412674
-43.509208,42,135.914558
-52.767102,50,136.492857
-53.596462,50,137.075432
-40.034968,39,137.525979
-30.949654,30,137.883979
-54.792172,50,138.455735
-53.226474,50,139.049798
-46.655375,45,139.576307
-53.870866,50,140.163307
-3.13445,4,140.218307
-10.496089,11,140.350953
-53.346186,50,140.949443
-38.948316,38,141.39409
-2.123193,3,141.42609
-11.49257,12,141.568091
-53.279997,50,142.165575
-4.161684,5,142.222575
-7.27804,8,142.321575
-47.31879,46,142.866151
-52.922963,50,143.460362
-22.138921,22,143.714364
-54.595554,50,144.289995
-56.860681,50,144.879542
-51.893858,49,145.472265
-54.032787,50,146.07658
-56.122325,50,146.738367
-57.182803,50,147.367488
-0.013338,1,147.390487
-42.306935,41,147.906597
-9.41805,10,148.027596
-56.035084,50,148.636402
-2.123604,3,148.675401
-54.503337,50,149.280734
-53.047932,50,149.869768
-3.185084,4,149.920768
-55.563971,50,150.513837
-3.155558,4,150.559836
-8.367053,9,150.669836
-55.526485,50,151.288297
-54.16883,50,151.891807
-12.481568,13,152.046208
-3.144139,4,152.092207
-45.003497,43,152.600474
-13.483988,14,152.773558
-45.32784,43,153.280437
-54.125786,50,153.867438
-4.181411,5,153.924438
-5.222123,6,154.001436
-6.214655,7,154.083436
-54.444833,50,154.668192
-36.394797,35,155.081413
-28.349009,28,155.417015
-5.197714,6,155.486016
-56.505537,50,156.087457
-53.989271,50,156.680256
-11.533735,12,156.826425
-39.809335,39,157.289669
-1.05022,2,157.31267
-54.751601,50,157.903179
-13.639036,14,158.073281
-52.738321,50,158.652845
-54.165082,50,159.24396
-15.806505,16,159.42296
-12.465735,13,159.577959
-18.708782,19,159.799959
-0.022212,1,159.81196
-48.219533,47,160.369969
-55.702354,50,161.059479
-5.214469,6,161.132478
-2.092374,3,161.16663
-4.180787,5,161.228838
-3.125035,4,161.282837
-53.409757,50,161.871218
-57.481444,50,162.452214
-54.937797,50,163.047214
-13.490506,14,163.214213
-3.130232,4,163.260213
-2.119352,3,163.300723
-2.109104,3,163.334833
-3.155865,4,163.383832
-7.326465,8,163.47624
-24.942694,25,163.752239
-6.285649,7,163.825241
-13.545094,14,163.978439
-18.821102,19,164.173439
-8.434923,9,164.273439
-54.684208,50,164.792283
-0.008307,1,164.808283
-39.848846,39,165.214923
-1.04433,2,165.239924
-2.083161,3,165.272925
-5.278906,6,165.334924
-2.114756,3,165.367923
-47.326406,45,165.889625
-19.994982,20,166.131624
-6.291457,7,166.216624
-7.248448,8,166.308726
-6.340644,7,166.388726
-3.163689,4,166.432726
-4.233424,5,166.495726
-13.631578,14,166.661726
-3.149534,4,166.711729
-54.286575,50,167.296517
-16.614576,17,167.496516
-23.018902,23,167.762518
-0.016631,1,167.776516
-3.147483,4,167.823518
-3.159147,4,167.88203
-6.328306,7,167.963029
-35.815753,35,168.374232
-5.173546,6,168.443233
-4.206533,5,168.503326
-2.132111,3,168.540327
-40.81232,39,169.002293
-53.592302,50,169.582724
-7.302381,8,169.681903
-2.087172,3,169.715903
-3.158406,4,169.762902
-2.104291,3,169.797903
-17.841262,18,170.013903
-52.692151,50,170.588631
-11.50482,12,170.730884
-4.193928,5,170.786884
-32.049926,31,171.164884
-6.322743,7,171.247884
-3.164325,4,171.297886
-3.120235,4,171.344394
-7.377195,8,171.440394
-22.218769,22,171.703393
-28.425663,28,172.015654
-40.858734,40,172.463363
-52.431711,50,173.064162
-3.172283,4,173.110162
-39.799981,39,173.542161
-22.748934,22,173.791671
-25.39109,25,174.069842
-6.238316,7,174.148842
-20.768793,21,174.375006
-5.223247,6,174.438006
-2.100004,3,174.479006
-6.252548,7,174.553007
-5.191432,6,174.624007
-2.114834,3,174.658007
-5.280002,6,174.732007
-6.310405,7,174.812516
-52.190836,50,175.379865
-11.4992,12,175.509865
-35.013617,34,175.903077
-2.074614,3,175.942583
-5.28689,6,176.010582
-6.314123,7,176.092581
-46.683398,46,176.611912
-2.117532,3,176.647911
-2.104468,3,176.679912
-2.096868,3,176.715912
-6.300594,7,176.803998
-22.137735,22,177.059644
-11.549142,12,177.201644
-6.311736,7,177.281645
-2.090051,3,177.319644
-19.707282,20,177.535769
-52.490501,50,178.112833
-2.109711,3,178.146834
-6.302812,7,178.237342
-3.167928,4,178.286341
-8.371238,9,178.386467
-8.395996,9,178.485466
-0.024422,1,178.503466
-1.039641,2,178.525467
-25.242917,25,178.815466
-4.220594,5,178.873466
-3.147896,4,178.924466
-9.406321,10,179.042466
-31.131793,31,179.403247
-6.259757,7,179.480671
-52.782183,50,180.05967
-2.118066,3,180.09367
-0.023936,1,180.104671
-5.223085,6,180.17867
-8.44143,9,180.28967
-2.082105,3,180.326987
-18.830176,19,180.547631
-2.093795,3,180.582631
-10.429559,11,180.718631
-1.049445,2,180.74263
-3.137761,4,180.787631
-3.131399,4,180.838631
-2.11279,3,180.879631
-3.171864,4,180.925631
-2.08917,3,180.960632
-3.173647,4,181.00784
-3.17766,4,181.060839
-3.152891,4,181.103839
-1.055182,2,181.12684
-1.056528,2,181.151839
-4.238251,5,181.21484
-20.898087,21,181.45584
-14.676295,15,181.64184
-4.190579,5,181.70335
-4.236199,5,181.76435
-41.838924,41,182.247058
-4.189179,5,182.303059
-8.399168,9,182.404058
-0.015345,1,182.418059
-54.390694,50,183.011285
-2.116569,3,183.047286
-7.287463,8,183.141286
-53.561972,50,183.731661
-54.124999,50,184.318147
-48.127584,47,184.855148
-2.100167,3,184.892148
-5.231062,6,184.963148
-17.686801,18,185.175748
-3.162903,4,185.224858
-3.155748,4,185.268182
-52.898521,50,185.846374
-54.437692,50,186.419146
-10.404459,11,186.544433
-31.455001,31,186.915543
-2.084818,3,186.960542
-2.085587,3,186.996542
-54.565288,50,187.576192
-52.605375,50,188.166389
-54.116811,50,188.753897
-55.462681,50,189.348094
-38.315228,37,191.082397
-2.127163,3,191.117397
-54.842001,50,191.718794
-1.057321,2,191.742795
-1.05222,2,191.765795
-54.464589,50,192.408457
-42.396093,41,192.931952
-3.150218,4,192.988952
-3.14959,4,193.036952
-3.157644,4,193.080952
-3.172574,4,193.135951
-3.176868,4,193.184952
-2.090909,3,193.227955
-4.201567,5,193.293461
-43.195184,42,193.814952
-2.089086,3,193.856951
-3.162602,4,193.911951
-54.181182,50,194.543458
-3.192172,4,194.594668
-5.213684,6,194.673668
-3.195275,4,194.724668
-38.999766,38,195.212249
-10.533905,11,195.365251
-2.125031,3,195.402249
-11.425001,12,195.549249
-24.047998,24,195.854758
-12.470815,13,196.017759
-7.312672,8,196.110919
-25.053529,25,196.434285
-4.216271,5,196.495283
-2.093681,3,196.537283
-6.298625,7,196.625283
-5.188449,6,196.704283
-4.201816,5,196.772288
-5.232445,6,196.851794
-2.094378,3,196.885793
-2.112877,3,196.928795
-3.126156,4,196.973794
-24.047106,24,197.292119
-2.095233,3,197.335119
-5.242025,6,197.417508
-27.071134,27,197.771508
-2.088579,3,197.813509
-2.099161,3,197.849509
-3.183593,4,197.897511
-9.308426,10,198.023017
-2.097083,3,198.067017
-3.12066,4,198.113017
-1.053968,2,198.139017
-4.196226,5,198.204156
-1.058258,2,198.240154
-2.11764,3,198.275154
-2.126652,3,198.310154
-5.236783,6,198.378154
-3.170335,4,198.424154
-8.343471,9,198.525154
-7.327048,8,198.620273
-9.424545,10,198.740271
-36.300424,36,199.175943
-0.019808,1,199.187944
-5.231035,6,199.259943
-4.230248,5,199.314943
-3.106058,4,199.36415
-3.185101,4,199.406275
-15.612913,16,199.592276
-6.217931,7,199.675344
-11.457579,12,199.823344
-1.044925,2,199.846344
-2.12233,3,199.882344
-0.018445,1,199.894346
-2.113693,3,199.937343
-2.099022,3,199.972344
-2.136795,3,200.008344
-52.284698,50,200.590237
-6.257701,7,200.676237
-1.061957,2,200.700236
-1.035203,2,200.724238
-3.164552,4,200.771237
-0.011233,1,200.786238
-0.005936,1,200.798237
-2.092794,3,200.831236
-13.518094,14,201.000237
-29.229945,29,201.353231
-26.09701,26,201.655732
-3.200001,4,201.707733
-9.377129,10,201.828733
-2.135927,3,201.867734
-1.044014,2,201.890733
-21.917815,22,202.155734
-2.101292,3,202.192734
-2.126543,3,202.232733
-4.211395,5,202.295733
-10.468221,11,202.419733
-2.092293,3,202.453242
-1.060517,2,202.481242
-3.180886,4,202.531242
-1.068451,2,202.556241
-0.02313,1,202.568356
-2.085564,3,202.607356
-10.339735,11,202.735677
-1.04794,2,202.760677
-4.222572,5,202.820674
-3.166637,4,202.873675
-18.87642,19,203.097676
-1.064412,2,203.119676
-5.193218,6,203.191838
-9.367484,10,203.312837
-3.117509,4,203.356837
-12.406701,13,203.507837
-3.156491,4,203.554838
-3.147303,4,203.609346
-1.05252,2,203.635347
-52.064038,50,204.238833
-0.023231,1,204.250833
-2.097621,3,204.289833
-3.190113,4,204.331833
-2.127997,3,204.365834
-52.686136,50,204.954342
-3.150392,4,205.009441
-9.392237,10,205.135687
-1.04526,2,205.158687
-2.09863,3,205.194686
-2.142113,3,205.240687
-3.15155,4,205.287687
-1.069211,2,205.308686
-8.382036,9,205.410687
-2.109167,3,205.448686
-3.130721,4,205.495121
-33.166329,32,205.893632
-2.098122,3,205.933633
-0.017372,1,205.947635
-5.230541,6,206.019633
-2.106177,3,206.053633
-4.263945,5,206.112633
-6.280244,7,206.199633
-3.163001,4,206.246817
-6.244442,7,206.327817
-11.458136,12,206.463818
-1.063736,2,206.492818
-9.385214,10,206.610818
-20.859262,21,206.870201
-1.044982,2,206.896201
-2.115599,3,206.936201
-3.168233,4,206.981201
-8.339608,9,207.094712
-3.1711,4,207.144711
-22.029196,22,207.400712
-2.087006,3,207.431712
-2.101645,3,207.464712
-15.5921,16,207.651093
-1.065546,2,207.682093
-2.074754,3,207.717094
-3.136941,4,207.771093
-0.023808,1,207.783092
-43.867797,43,208.305393
-1.059415,2,208.328393
-3.197927,4,208.373394
-3.153322,4,208.417393
-4.146528,5,208.479553
-1.038682,2,208.502552
-2.108083,3,208.540552
-0.01118,1,208.551551
-0.017588,1,208.567552
-2.088085,3,208.601552
-3.147211,4,208.652551
-2.100562,3,208.687552
-2.083242,3,208.726552
-0.020276,1,208.739551
-12.579027,13,208.895551
-2.12204,3,208.929552
-2.113019,3,208.965552
-44.416079,43,209.469892
-1.062471,2,209.494978
-2.084358,3,209.53307
-2.089896,3,209.577069
-19.767083,20,209.82314
-2.109074,3,209.863271
-4.189414,5,209.923271
-1.055735,2,209.951272
-23.152003,23,210.228273
-1.039524,2,210.251271
-23.884189,24,210.527778
-3.162848,4,210.576778
-0.024215,1,210.588778
-0.022409,1,210.600778
-14.515792,15,210.781889
-26.357264,26,211.103999
-1.054841,2,211.128999
-2.116555,3,211.163999
-0.016737,1,211.177999
-3.183944,4,211.228999
-2.128533,3,211.263088
-1.043625,2,211.286088
-9.400094,10,211.398189
-2.096809,3,211.434189
-31.040032,30,211.7987
-4.181069,5,211.858699
-4.1848,5,211.9207
-3.164489,4,211.975699
-6.223586,7,212.0607
-4.208589,5,212.118699
-7.322722,8,212.2117
-2.107635,3,212.2507
-3.155419,4,212.296701
-3.133716,4,212.342699
-4.214946,5,212.3977
-3.170269,4,212.4457
-2.131551,3,212.4797
-20.785813,21,212.724212
-16.747558,17,212.929285
-4.210355,5,212.992287
-3.183556,4,213.038286
-6.294702,7,213.117286
-2.085125,3,213.152286
-2.106788,3,213.192371
-3.144764,4,213.23937
-3.172096,4,213.287371
-2.086689,3,213.32137
-3.139998,4,213.37037
-4.237925,5,213.42737
-0.021196,1,213.43837
-7.34071,8,213.53337
-2.117556,3,213.573371
-7.302259,8,213.669508
-2.108377,3,213.707508
-2.080979,3,213.744508
-4.212829,5,213.809508
-14.606923,15,213.990412
-4.221696,5,214.051412
-5.216859,6,214.12251
-2.106239,3,214.168511
-1.061221,2,214.19251
-2.087804,3,214.22751
-2.107489,3,214.264509
-3.188898,4,214.31351
-2.095504,3,214.346509
-3.1728,4,214.391511
-6.253739,7,214.467814
-2.082765,3,214.506815
-52.081845,50,215.165707
-1.053597,2,215.188707
-50.941505,50,215.773027
-3.161786,4,215.826026
-2.077682,3,215.864027
-1.048508,2,215.886027
-3.170497,4,215.935026
-2.141095,3,215.976029
-3.150589,4,216.026026
-4.184831,5,216.083026
-5.277983,6,216.154029
-1.052098,2,216.184537
-5.228443,6,216.255537
-3.156627,4,216.297536
-4.228865,5,216.354828
-4.255732,5,216.414827
-2.099562,3,216.448829
-2.130704,3,216.483108
-17.711708,18,216.688109
-6.316719,7,216.779109
-2.109854,3,216.816109
-4.233347,5,216.872109
-1.060324,2,216.901109
-3.16926,4,216.952108
-14.579393,15,217.137109
-7.270168,8,217.231109
-5.248102,6,217.301112
-4.17412,5,217.36162
-13.503193,14,217.521712
-1.04918,2,217.546713
-3.152062,4,217.594713
-1.060639,2,217.620713
-1.045151,2,217.644713
-12.475869,13,217.801808
-2.097151,3,217.835891
-1.061145,2,217.862891
-3.149607,4,217.913979
-3.151884,4,217.96298
-7.297102,8,218.056527
-41.818618,41,218.55128
-31.186226,31,218.92528
-0.015298,1,218.93728
-3.142536,4,218.986281
-5.212842,6,219.059282
-13.529967,14,219.230281
-3.163634,4,219.27828
-5.220218,6,219.34528
-2.10854,3,219.38128
-2.089651,3,219.415281
-2.10172,3,219.449281
-4.194238,5,219.506281
-15.626646,16,219.701788
-0.023065,1,219.714788
-2.106192,3,219.751935
-5.191256,6,219.820027
-4.19144,5,219.885468
-4.230073,5,219.940468
-4.200041,5,220.002546
-3.134245,4,220.049546
-4.23082,5,220.117546
-3.150654,4,220.165546
-2.104043,3,220.202547
-2.108293,3,220.237547
-1.053346,2,220.263546
-2.086208,3,220.298546
-5.196211,6,220.366546
-5.286706,6,220.434546
-2.088469,3,220.470546
-1.04316,2,220.495546
-2.123192,3,220.532547
-18.7184,19,220.763057
-0.013057,1,220.778058
-2.122625,3,220.813057
-1.044026,2,220.838057
-2.138207,3,220.870057
-1.063725,2,220.899056
-3.175826,4,220.947202
-1.042962,2,220.970203
-1.045625,2,220.994202
-4.25802,5,221.058201
-0.015543,1,221.070202
-3.180489,4,221.119203
-2.125828,3,221.154202
-2.080854,3,221.195203
-2.09767,3,221.228202
-5.191547,6,221.300202
-0.024626,1,221.309201
-2.094555,3,221.347201
-3.200917,4,221.394202
-1.061221,2,221.415202
-2.087278,3,221.447203
-3.161149,4,221.50235
-0.020485,1,221.51335
-2.11092,3,221.550351
-2.121536,3,221.625351
-0.009545,1,221.650351
-1.06357,2,221.680351
-3.150628,4,221.73235
-3.175835,4,221.781351
-4.222951,5,221.84835
-5.27729,6,221.922354
-0.018449,1,221.938862
-3.175337,4,221.986862
-0.023063,1,222.004861
-4.234805,5,222.06286
-3.144278,4,222.111862
-2.093394,3,222.150861
-1.043862,2,222.17786
-3.112891,4,222.224861
-2.123768,3,222.25886
-1.05604,2,222.28286
-6.233848,7,222.368992
-0.021497,1,222.380994
-3.154273,4,222.423991
-2.134243,3,222.456133
-3.113886,4,222.511132
-3.208049,4,222.557301
-2.094866,3,222.594301
-3.183388,4,222.640301
-0.015106,1,222.654301
-4.213227,5,222.709301
-2.108995,3,222.743301
-2.105965,3,222.7783
-6.221042,7,222.863302
-4.244374,5,222.925301
-2.094296,3,222.960492
-0.022047,1,222.972492
-1.0608,2,222.999495
-3.149468,4,223.046493
-1.060654,2,223.070496
-4.206462,5,223.133001
-3.182748,4,223.183001
-2.095578,3,223.219003
-12.478102,13,223.36222
-2.114196,3,223.393373
-0.017211,1,223.409691
-1.054761,2,223.43369
-3.118841,4,223.48069
-3.153073,4,223.52769
-4.239814,5,223.59069
-2.092574,3,223.627691
-2.09339,3,223.66069
-2.097269,3,223.69669
-1.034824,2,223.755692
-3.181297,4,223.80369
-3.146774,4,223.851691
-2.080647,3,223.88969
-2.097111,3,223.92869
-9.336305,10,224.046689
-2.117542,3,224.08369
-1.069106,2,224.108689
-2.109884,3,224.149692
-1.062922,2,224.17269
-3.142179,4,224.215196
-5.265604,6,224.287199
-5.252666,6,224.353279
-4.180074,5,224.412281
-2.08843,3,224.447407
-8.382886,9,224.552655
-1.055712,2,224.579653
-2.114493,3,224.614653
-10.356024,11,224.795654
-3.171696,4,224.840653
-9.41198,10,224.952654
-4.207101,5,225.006655
-0.018699,1,225.017653
-2.100525,3,225.050654
-2.108264,3,225.085653
-6.303807,7,225.158653
-3.127018,4,225.198653
-1.058874,2,225.222653
-2.110661,3,225.259654
-1.06557,2,225.279653
-2.124288,3,225.309654
-4.229476,5,225.360653
-3.19748,4,225.410252
-2.098949,3,225.440361
-4.22343,5,225.492361
-3.166056,4,225.534361
-2.128446,3,225.570605
-3.148072,4,225.612607
-7.291034,8,225.700862
-0.016494,1,225.711862
-4.157842,5,225.769863
-1.042097,2,225.790868
-1.059021,2,225.813863
-0.014855,1,225.822863
-6.253032,7,225.900863
-5.21764,6,225.964862
-3.154247,4,226.009862
-7.294421,8,226.092863
-4.240444,5,226.146862
-2.089793,3,226.177862
-4.159087,5,226.237862
-3.140344,4,226.283862
-14.576414,15,226.458862
-2.086044,3,226.493863
-2.101055,3,226.529371
-2.097507,3,226.565371
-1.051143,2,226.595371
-2.106107,3,226.632372
-2.099458,3,226.671373
-3.171305,4,226.719372
-3.115332,4,226.772371
-3.14474,4,226.820495
-3.174244,4,226.871496
-3.11993,4,226.919496
-1.044839,2,226.947496
-2.081926,3,226.983779
-2.084653,3,227.01978
-0.010282,1,227.030779
-1.052322,2,227.058779
-3.179985,4,227.106779
-0.024942,1,227.117779
-3.167637,4,227.163779
-3.148216,4,227.215779
-3.137767,4,227.261779
-3.169603,4,227.309779
-2.079806,3,227.342779
-1.065376,2,227.367779
-3.166405,4,227.414778
-8.335537,9,227.515778
-1.063108,2,227.539778
-2.112649,3,227.58178
-5.247177,6,227.653092
-1.049499,2,227.681599
-2.106278,3,227.716598
-0.012503,1,227.731599
-5.196904,6,227.806599
-5.229704,6,227.8786
-6.257059,7,227.965711
-2.133639,3,228.006786
-17.702858,18,228.212785
-4.236749,5,228.269785
-2.088455,3,228.305785
-0.02016,1,228.320785
-2.119688,3,228.353785
-1.047476,2,228.377785
-3.176841,4,228.422893
-1.054867,2,228.448892
-0.010458,1,228.459892
-2.122667,3,228.493893
-2.081449,3,228.530893
-2.094253,3,228.570893
-3.171012,4,228.619893
-1.063769,2,228.643893
-1.049407,2,228.667185
-4.163822,5,228.730185
-2.113987,3,228.764186
-2.090259,3,228.799188
-0.012898,1,228.81069
-4.211165,5,228.878693
-13.463221,14,229.044693
-2.114253,3,229.081694
-0.012256,1,229.094693
-0.018702,1,229.109692
-3.161036,4,229.155693
-1.047306,2,229.179692
-3.177069,4,229.223693
-2.109244,3,229.260692
-1.053618,2,229.284693
-3.137943,4,229.329693
-0.010527,1,229.340693
-4.269114,5,229.401692
-2.08348,3,229.432693
-1.051915,2,229.452846
-2.099061,3,229.488846
-2.08869,3,229.529846
-7.269322,8,229.623062
-1.070548,2,229.64706
-4.251024,5,229.70506
-4.185214,5,229.76806
-0.019535,1,229.780061
-2.11338,3,229.814061
-3.160945,4,229.863378
-3.134474,4,229.914377
-3.150576,4,229.963887
-3.183385,4,230.008887
-1.063109,2,230.034886
-8.319458,9,230.150888
-20.880602,21,230.396959
-1.044239,2,230.41996
-3.204927,4,230.461959
-1.053044,2,230.49596
-0.014411,1,230.50896
-3.168881,4,230.55796
-7.296912,8,230.650138
-3.164152,4,230.706138
-3.145373,4,230.75214
-2.114413,3,230.785138
-0.018005,1,230.797139
-2.084932,3,230.840141
-1.054513,2,230.863139
-4.260193,5,230.92214
-5.274548,6,230.993397
-3.210963,4,231.048398
-3.14316,4,231.100907
-2.119319,3,231.137909
-5.234288,6,231.210907
-3.157715,4,231.262048
-1.051243,2,231.284049
-0.024163,1,231.296049
-3.189318,4,231.341049
-2.125503,3,231.379049
-3.225448,4,231.420049
-0.010796,1,231.431049
-3.200819,4,231.479049
-3.193692,4,231.530049
-1.066861,2,231.554049
-3.207734,4,231.602051
-3.135714,4,231.647048
-2.107694,3,231.688155
-2.108918,3,231.724155
-2.106178,3,231.757155
-2.111128,3,231.791155
-2.089682,3,231.834289
-4.202293,5,231.892289
-3.163684,4,231.94229
-2.09036,3,231.977291
-3.15086,4,232.03029
-19.810496,20,232.262316
-1.06714,2,232.285316
-1.065694,2,232.310317
-3.172106,4,232.358568
-3.150915,4,232.404567
-3.175929,4,232.449567
-3.168515,4,232.497654
-12.51669,13,232.656872
-1.045685,2,232.679871
-1.048505,2,232.704872
-7.308608,8,232.799871
-3.205911,4,232.851017
-1.043326,2,232.875015
-5.284804,6,232.945015
-3.157545,4,232.994015
-3.16398,4,233.045116
-0.022053,1,233.057116
-2.105742,3,233.095115
-4.241905,5,233.157259
-3.212031,4,233.206259
-2.105706,3,233.242259
-3.169581,4,233.286259
-2.115671,3,233.321479
-2.089056,3,233.359986
-3.161889,4,233.40499
-2.102891,3,233.439192
-4.287248,5,233.498192
-3.176859,4,233.546192
-1.041937,2,233.570192
-3.163972,4,233.617191
-6.264216,7,233.702192
-1.046107,2,233.729192
-0.020422,1,233.741191
-0.017509,1,233.753191
-1.044342,2,233.779192
-0.022796,1,233.795192
-2.110776,3,233.830193
-5.202185,6,233.948193
-7.321825,8,234.052192
-5.285139,6,234.128365
-2.097126,3,234.165364
-2.1279,3,234.205721
-4.189403,5,234.270721
-3.131102,4,234.321722
-1.051657,2,234.345721
-1.053467,2,234.368721
-5.207851,6,234.435845
-2.093695,3,234.479845
-2.110397,3,234.521353
-3.203355,4,234.569352
-1.065411,2,234.593354
-2.092622,3,234.631354
-0.019574,1,234.643353
-3.154006,4,234.692353
-3.168425,4,234.742621
-1.063493,2,234.770623
-3.164118,4,234.816622
-3.160042,4,234.86162
-2.093536,3,234.898621
-1.058975,2,234.926622
-2.133294,3,234.96262
-5.223741,6,235.033622
-2.098263,3,235.06862
-1.057818,2,235.094623
-1.055802,2,235.120621
-7.262543,8,235.214623
-3.192616,4,235.261623
-4.25918,5,235.31862
-4.217242,5,235.37262
-2.111804,3,235.406621
-0.020286,1,235.418621
-2.092747,3,235.456621
-3.188602,4,235.504621
-2.120896,3,235.542621
-1.057447,2,235.564621
-16.615009,17,235.772253
-6.259052,7,235.855471
-2.096097,3,235.89147
-0.019383,1,235.90247
-3.16199,4,235.95447
-0.009828,1,235.965471
-2.092652,3,236.00347
-3.170967,4,236.05047
-3.17317,4,236.10447
-2.088772,3,236.141471
-1.055812,2,236.16647
-2.107381,3,236.20447
-0.007777,1,236.22047
-2.097191,3,236.255471
-1.039716,2,236.279471
-0.02112,1,236.29147
-4.232182,5,236.352471
-0.014586,1,236.36347
-2.094231,3,236.399751
-2.091501,3,236.432752
-3.125178,4,236.481751
-1.042504,2,236.50475
-2.115184,3,236.542751
-3.198737,4,236.590751
-0.015537,1,236.607752
-4.237359,5,236.671752
-3.184268,4,236.717751
-3.12788,4,236.768751
-2.082124,3,236.805258
-3.171014,4,236.854258
-2.116577,3,236.889261
-5.224031,6,236.961258
-3.175488,4,237.020262
-2.088243,3,237.05726
-1.051652,2,237.081259
-4.16847,5,237.143259
-1.068694,2,237.170259
-0.023101,1,237.183259
-2.096428,3,237.21826
-1.050021,2,237.242258
-3.162077,4,237.293258
-1.064261,2,237.317259
-4.236641,5,237.37126
-1.042421,2,237.395261
-6.266587,7,237.479344
-2.090917,3,237.513343
-1.057204,2,237.538453
-3.185346,4,237.585453
-1.053072,2,237.613453
-2.090379,3,237.648453
-2.082344,3,237.685453
-3.171153,4,237.731558
-3.172007,4,237.779557
-2.094563,3,237.815558
-3.167086,4,237.866557
-2.089866,3,237.903558
-2.111594,3,237.940745
-3.17838,4,237.989937
-3.170841,4,238.038444
-0.022078,1,238.049444
-3.164011,4,238.103445
-1.04836,2,238.127552
-4.259855,5,238.185643
-1.058497,2,238.209644
-6.253913,7,238.297645
-3.139969,4,238.341644
-7.322051,8,238.436645
-2.096492,3,238.497645
-2.104601,3,238.556643
-2.109564,3,238.59476
-2.105292,3,238.632762
-3.133405,4,238.679029
-3.150798,4,238.735027
-0.022696,1,238.75203
-2.084862,3,238.794027
-2.111609,3,238.833028
-2.112664,3,238.873027
-1.062402,2,238.896028
-1.063496,2,238.917028
-6.268708,7,238.999027
-3.19024,4,239.054028
-3.156486,4,239.101027
-4.247683,5,239.161535
-1.070595,2,239.185535
-2.118488,3,239.224536
-3.126027,4,239.271536
-3.146714,4,239.315535
-2.117345,3,239.348536
-7.301714,8,239.444536
-2.115801,3,239.479536
-2.087247,3,239.515535
-3.151335,4,239.561535
-5.194426,6,239.639537
-3.176295,4,239.686535
-3.150178,4,239.735535
-2.122823,3,239.772536
-0.020971,1,239.787537
-2.07993,3,239.826537
-0.02006,1,239.838536
-1.052071,2,239.861536
-2.093013,3,239.900536
-2.115022,3,239.936536
-1.057229,2,239.960536
-2.118238,3,239.994535
-1.051317,2,240.022536
-4.159171,5,240.083536
-4.197155,5,240.140536
-2.129897,3,240.177536
-9.422455,10,240.297241
-0.014213,1,240.308241
-3.195268,4,240.35424
-3.183715,4,240.401241
-2.124884,3,240.43824
-3.157317,4,240.486241
-3.158009,4,240.53224
-2.127815,3,240.572241
-3.203781,4,240.627242
-1.04927,2,240.65024
-6.224825,7,240.73224
-4.196614,5,240.79524
-3.150099,4,240.84824
-3.155749,4,240.89924
-2.086778,3,240.936241
-3.168494,4,240.985242
-0.019927,1,241.00024
-1.069728,2,241.024241
-2.10963,3,241.058243
-2.125177,3,241.09324
-1.051153,2,241.122241
-3.163033,4,241.17224
-3.177904,4,241.21724
-3.186795,4,241.26624
-2.112261,3,241.30224
-1.061798,2,241.32324
-5.239983,6,241.39224
-1.048953,2,241.415243
-3.142325,4,241.466815
-0.016905,1,241.478816
-2.135584,3,241.515815
-2.100469,3,241.549814
-3.16832,4,241.602816
-3.124845,4,241.651817
-3.148092,4,241.701234
-4.249896,5,241.761233
-2.095137,3,241.802234
-1.043806,2,241.826232
-2.113975,3,241.861233
-5.20215,6,241.936234
-2.092451,3,241.975233
-2.088747,3,242.012233
-5.173325,6,242.082725
-2.114486,3,242.118725
-3.16304,4,242.171788
-0.013361,1,242.183788
-2.104858,3,242.221789
-2.129303,3,242.259788
-2.086146,3,242.297788
-2.12821,3,242.332788
-1.06227,2,242.355788
-2.101575,3,242.391788
-2.09464,3,242.428791
-2.082761,3,242.476477
-2.133731,3,242.523475
-3.184891,4,242.573987
-2.103241,3,242.617986
-2.100258,3,242.655294
-2.1122,3,242.696296
-2.1063,3,242.733486
-2.120691,3,242.776487
-2.100126,3,242.812487
-4.254011,5,242.873587
-1.056734,2,242.899589
-2.104324,3,242.935588
-3.172423,4,242.978588
-16.699072,17,243.170587
-3.17936,4,243.216588
-0.023637,1,243.233588
-4.186131,5,243.291768
-2.135535,3,243.322768
-1.052308,2,243.342872
-2.09313,3,243.378997
-1.049931,2,243.399996
-2.095857,3,243.428998
-6.241597,7,243.510998
-0.0228,1,243.526998
-2.119834,3,243.564998
-3.17205,4,243.611996
-2.110219,3,243.647998
-3.203718,4,243.700836
-1.053981,2,243.725837
-2.125811,3,243.757836
-7.350209,8,243.847835
-2.095184,3,243.889836
-2.119433,3,243.925835
-2.106938,3,243.957836
-2.12216,3,243.994836
-3.179078,4,244.047836
-2.127167,3,244.081835
-2.12835,3,244.119899
-3.192851,4,244.167899
-6.264291,7,244.247898
-2.07771,3,244.278899
-2.113826,3,244.311898
-1.065553,2,244.335899
-3.183524,4,244.379897
-6.245952,7,244.4519
-3.16392,4,244.4929
-3.179375,4,244.538899
-3.188481,4,244.587899
-4.234354,5,244.648048
-3.177925,4,244.692046
-5.204956,6,244.759047
-2.103908,3,244.798178
-2.143201,3,244.828181
-3.160797,4,244.879687
-1.04945,2,244.900686
-2.112806,3,244.939688
-3.169477,4,244.985686
-2.09448,3,245.022686
-3.157824,4,245.070687
-3.175641,4,245.123687
-2.113556,3,245.158688
-3.156624,4,245.206687
-2.090493,3,245.241687
-5.185952,6,245.315687
-0.020858,1,245.326686
-7.320332,8,245.411887
-2.125068,3,245.443887
-3.155094,4,245.492887
-3.176504,4,245.542886
-3.158408,4,245.588887
-2.094303,3,245.623887
-2.116045,3,245.658888
-0.021064,1,245.670888
-0.020959,1,245.681887
-2.126729,3,245.716888
-3.130483,4,245.767887
-2.081079,3,245.799887
-2.11302,3,245.834888
-3.191559,4,245.882887
-3.155462,4,245.928887
-2.116146,3,245.961888
-2.105303,3,246.000401
-1.037849,2,246.023401
-2.121278,3,246.065401
-2.081171,3,246.0974
-3.176565,4,246.144721
-2.109757,3,246.180721
-3.177748,4,246.230721
-4.24469,5,246.283721
-3.169059,4,246.321722
-2.117179,3,246.351722
-1.046659,2,246.377722
-6.310017,7,246.456722
-1.043518,2,246.480722
-2.099133,3,246.518721
-8.347479,9,246.629721
-3.190662,4,246.670724
-3.14497,4,246.711721
-2.083943,3,246.745721
-3.149733,4,246.795721
-2.127724,3,246.831722
-2.114618,3,246.866721
-4.222262,5,246.922721
-2.081613,3,246.960721
-2.094723,3,246.995721
-0.017099,1,247.008723
-3.158171,4,247.052721
-2.073976,3,247.097721
-5.229981,6,247.172346
-3.148205,4,247.215346
-2.089193,3,247.248345
-2.123683,3,247.284346
-1.044515,2,247.307412
-3.197059,4,247.349411
-3.2039,4,247.392412
-1.059357,2,247.416411
-1.051634,2,247.436412
-6.246845,7,247.512411
-0.018875,1,247.524411
-1.041189,2,247.553412
-1.049081,2,247.576411
-3.178617,4,247.622412
-1.046447,2,247.642411
-6.322581,7,247.723411
-2.095757,3,247.758719
-3.181081,4,247.801719
-5.225484,6,247.871719
-6.211496,7,247.958719
-2.096194,3,247.991719
-0.013794,1,248.003718
-3.194127,4,248.049933
-0.020015,1,248.072933
-7.325742,8,248.208933
-3.133735,4,248.254932
-3.149194,4,248.300445
-2.11436,3,248.33865
-3.181032,4,248.381649
-3.170013,4,248.434651
-1.052534,2,248.458652
-4.143275,5,248.52365
-3.150088,4,248.581804
-0.022536,1,248.607802
-3.154037,4,248.671802
-3.17084,4,248.728804
-3.228797,4,248.776802
-3.14423,4,248.828801
-2.088178,3,248.861802
-3.188037,4,248.919802
-3.197177,4,248.968802
-3.14882,4,249.015801
-5.224226,6,249.083802
-3.194008,4,249.131801
-2.125097,3,249.168801
-2.108077,3,249.20204
-3.165102,4,249.24804
-2.084416,3,249.28804
-7.319758,8,249.372042
-2.095307,3,249.40204
-2.12477,3,249.437548
-3.168849,4,249.486547
-2.09577,3,249.520548
-1.057873,2,249.543547
-1.041377,2,249.564547
-2.117434,3,249.605547
-4.251084,5,249.666778
-1.05878,2,249.689779
-1.042334,2,249.714777
-3.172935,4,249.766778
-2.091293,3,249.801003
-0.020169,1,249.814002
-1.043023,2,249.838002
-1.064325,2,249.864003
-2.06988,3,249.900002
-1.045861,2,249.926002
-2.113134,3,249.959002
-0.014947,1,249.974003
-2.115252,3,250.009003
-11.440923,12,250.147002
-5.264361,6,250.218004
-3.130348,4,250.269002
-2.120143,3,250.302002
-7.323151,8,250.392002
-1.058422,2,250.414002
-8.328225,9,250.524004
-2.119473,3,250.557002
-1.044969,2,250.579003
-2.122908,3,250.617513
-7.283771,8,250.714511
-2.096771,3,250.749513
-2.100927,3,250.784513
-0.006364,1,250.798512
-3.203493,4,250.850513
-1.042305,2,250.871614
-2.136281,3,250.906676
-0.01096,1,250.920675
-2.113425,3,250.960675
-3.160179,4,251.006675
-5.267906,6,251.075854
-2.130006,3,251.108853
-3.153474,4,251.163854
-0.015909,1,251.175854
-3.179911,4,251.221981
-2.087693,3,251.255978
-2.098664,3,251.29231
-2.117848,3,251.32631
-2.118453,3,251.361311
-2.127146,3,251.396309
-3.169638,4,251.443309
-3.160424,4,251.487309
-3.174121,4,251.534311
-1.059246,2,251.557311
-1.065107,2,251.58731
-2.110815,3,251.62331
-3.137337,4,251.66931
-1.046412,2,251.693309
-6.232175,7,251.777821
-0.012589,1,251.92482
-3.140715,4,251.96993
-8.337435,9,252.07493
-3.183423,4,252.125931
-3.166397,4,252.16993
-2.082318,3,252.20593
-2.087695,3,252.24293
-3.189914,4,252.291311
-1.050673,2,252.31331
-5.218196,6,252.376311
-3.166562,4,252.41731
-0.018098,1,252.432311
-3.216075,4,252.484312
-2.123525,3,252.519311
-2.097558,3,252.55731
-2.098051,3,252.594312
-2.089624,3,252.62931
-2.138087,3,252.66431
-3.166978,4,252.713311
-0.024192,1,252.730311
-1.059364,2,252.75531
-2.082433,3,252.790311
-2.089493,3,252.82631
-3.156286,4,252.877314
-2.10699,3,252.91782
-2.114376,3,252.95282
-1.053891,2,252.97682
-0.018173,1,252.992821
-3.15359,4,253.037819
-3.169094,4,253.083819
-3.195254,4,253.12882
-3.199646,4,253.17782
-1.060968,2,253.199819
-3.147619,4,253.24982
-0.020231,1,253.26182
-3.162832,4,253.31182
-3.154946,4,253.355821
-3.240355,4,253.396822
-0.018945,1,253.40782
-3.151178,4,253.456819
-2.103068,3,253.491933
-1.059101,2,253.514931
-1.057507,2,253.535933
-3.161682,4,253.586932
-4.241812,5,253.646932
-4.219387,5,253.711932
-2.135391,3,253.744014
-3.140003,4,253.797223
-4.219519,5,253.854572
-2.100674,3,253.890571
-0.024088,1,253.903572
-2.083983,3,253.944571
-6.280445,7,254.028574
-2.129993,3,254.063081
-3.133242,4,254.10921
-2.12537,3,254.150211
-3.208026,4,254.195209
-4.19181,5,254.253209
-4.197343,5,254.305209
-3.179166,4,254.35321
-3.13681,4,254.39921
-3.175684,4,254.445209
-3.174802,4,254.492211
-3.142567,4,254.54221
-3.183917,4,254.59121
-3.152903,4,254.640209
-1.074222,2,254.66621
-11.408676,12,254.810359
-3.168834,4,254.85836
-2.108733,3,254.89436
-2.106034,3,254.931359
-0.019062,1,254.946359
-3.163493,4,254.99536
-4.245719,5,255.052361
-0.020894,1,255.06436
-7.306973,8,255.164868
-1.052081,2,255.194001
-2.100934,3,255.229002
-4.162056,5,255.28512
-2.098973,3,255.32712
-5.239888,6,255.393119
-1.059425,2,255.417121
-2.099689,3,255.45112
-3.173042,4,255.500119
-2.120879,3,255.53512
-1.064103,2,255.55912
-1.046957,2,255.583119
-0.017472,1,255.59912
-2.120706,3,255.63412
-1.041574,2,255.65624
-3.133864,4,255.700472
-3.18415,4,255.750471
-4.240093,5,255.808471
-3.149164,4,255.856471
-1.059979,2,255.880471
-0.018831,1,255.897472
-3.168034,4,255.944472
-7.318127,8,256.040472
-2.094766,3,256.078472
-1.053829,2,256.104472
-2.11177,3,256.138472
-0.01719,1,256.149472
-2.103228,3,256.185472
-2.098846,3,256.225472
-3.148014,4,256.271473
-4.137998,5,256.327979
-3.141844,4,256.376979
-2.121112,3,256.418979
-2.116644,3,256.451041
-1.064319,2,256.474041
-0.017824,1,256.486042
-3.167806,4,256.539042
-2.108666,3,256.575041
-2.090457,3,256.612042
-2.093871,3,256.648042
-3.16784,4,256.698043
-3.157773,4,256.746041
-3.169264,4,256.795129
-1.065942,2,256.816129
-0.023887,1,256.832129
-4.1796,5,256.893303
-7.275143,8,256.987303
-3.155388,4,257.036304
-3.199694,4,257.088304
-2.087694,3,257.124304
-3.145407,4,257.172304
-0.01396,1,257.183304
-1.057249,2,257.213304
-2.098792,3,257.248305
-0.017996,1,257.261303
-0.007959,1,257.273303
-3.197226,4,257.323433
-1.049194,2,257.344431
-0.012222,1,257.355431
-1.046374,2,257.37743
-2.098853,3,257.416807
-9.343876,10,257.535317
-2.084367,3,257.567316
-1.049914,2,257.589316
-0.024766,1,257.606316
-2.110349,3,257.642316
-2.122287,3,257.676316
-5.264461,6,257.750406
-2.123724,3,257.793405
-5.184178,6,257.861404
-3.157862,4,257.909405
-0.01606,1,257.921405
-3.153864,4,257.972727
-10.440165,11,258.103727
-6.24745,7,258.187726
-2.098017,3,258.223728
-8.411119,9,258.331726
-1.039655,2,258.353727
-16.675369,17,258.550727
-2.092401,3,258.58773
-1.067265,2,258.617235
-2.094941,3,258.654236
-0.017107,1,258.665235
-15.551538,16,258.85432
-2.102723,3,258.889318
-1.056829,2,258.915319
-2.105704,3,258.951578
-1.058355,2,258.975578
-3.173121,4,259.027578
-2.096109,3,259.062578
-46.718905,46,259.589937
-3.157261,4,259.635939
-2.096912,3,259.674937
-3.136553,4,259.723939
-1.06453,2,259.744939
-2.103456,3,259.778941
-7.319802,8,259.885446
-3.162566,4,259.935447
-4.184296,5,259.992522
-3.188868,4,260.038521
-2.118266,3,260.076521
-1.054201,2,260.10152
-2.088609,3,260.140522
-3.142291,4,260.188521
-5.246459,6,260.262588
-5.217513,6,260.330587
-3.146917,4,260.375587
-3.158462,4,260.418587
-1.050412,2,260.446587
-1.054755,2,260.470641
-2.084805,3,260.502641
-1.053595,2,260.52664
-0.016402,1,260.541642
-3.191374,4,260.590641
-2.104317,3,260.624641
-3.15579,4,260.67064
-2.122115,3,260.709641
-2.123162,3,260.74273
-2.107071,3,260.779732
-6.267685,7,260.861731
-3.179341,4,260.914731
-2.127248,3,260.953238
-2.101455,3,260.989239
-4.186564,5,261.047328
-2.103577,3,261.085416
-2.123125,3,261.120415
-1.054198,2,261.144415
-2.10693,3,261.177415
-5.18491,6,261.249491
-2.090836,3,261.284492
-4.246371,5,261.343493
-1.043342,2,261.365491
-2.109662,3,261.403491
-6.266376,7,261.481958
-1.064732,2,261.506959
-0.010932,1,261.517959
-3.183288,4,261.569958
-1.044631,2,261.593959
-2.095327,3,261.630959
-0.022077,1,261.643958
-5.224435,6,261.721138
-2.111591,3,261.758138
-1.058663,2,261.783139
-4.228404,5,261.841138
-10.398456,11,261.974139
-2.100371,3,262.010139
-1.067431,2,262.034138
-10.425284,11,262.16665
-5.260347,6,262.239026
-2.092722,3,262.274027
-3.179497,4,262.316243
-2.105066,3,262.351243
-3.145318,4,262.399243
-1.047875,2,262.422244
-4.218797,5,262.483243
-2.098485,3,262.520243
-2.097418,3,262.563243
-2.103962,3,262.601243
-2.101184,3,262.634243
-1.059657,2,262.659243
-6.26754,7,262.747244
-1.055315,2,262.773244
-3.139856,4,262.822243
-5.240524,6,262.896244
-4.176525,5,262.957243
-3.179982,4,263.003243
-2.090021,3,263.039243
-3.143949,4,263.085244
-2.098847,3,263.127243
-3.161456,4,263.176244
-3.170002,4,263.225243
-2.105605,3,263.263753
-47.835385,47,263.814061
-3.177263,4,263.862061
-4.164904,5,263.922061
-3.157741,4,263.971061
-4.230175,5,264.046061
-2.096354,3,264.08206
-2.092693,3,264.119061
-2.083307,3,264.157061
-2.098802,3,264.20206
-23.933406,24,264.532571
-15.615313,16,264.729745
-1.0649,2,264.761743
-21.752436,22,265.044925
-6.24429,7,265.129927
-4.17499,5,265.197926
-11.544514,12,265.343006
-6.235638,7,265.425005
-2.093777,3,265.459006
-1.039777,2,265.482312
-2.088592,3,265.524313
-3.162164,4,265.586822
-2.101202,3,265.636823
-0.012566,1,265.648823
-17.673316,18,265.883339
-3.160427,4,265.940337
-9.373246,10,266.064338
-2.080783,3,266.126338
-1.060884,2,266.174338
-12.520795,13,266.353337
-3.164997,4,266.403338
-3.174322,4,266.449337
-2.095636,3,266.489676
-0.011044,1,266.506676
-3.140049,4,266.564676
-3.159886,4,266.614675
-1.063878,2,266.637676
-2.10646,3,266.680676
-2.114923,3,266.726186
-52.380384,50,267.385394
-2.068862,3,267.418393
-2.099798,3,267.455394
-0.006609,1,267.466393
-3.202134,4,267.514394
-3.157696,4,267.564394
-1.057309,2,267.596393
-1.046982,2,267.625393
-2.135353,3,267.660394
-3.155547,4,267.725393
-3.173663,4,267.780395
-0.009246,1,267.793394
-2.097333,3,267.828394
-20.786646,21,268.09526
-4.203485,5,268.17626
-4.204577,5,268.240383
-8.377243,9,268.347383
-0.024947,1,268.358383
-0.015303,1,268.375383
-3.145015,4,268.424384
-2.109389,3,268.460617
-1.062197,2,268.484617
-0.022229,1,268.501617
-3.152858,4,268.556618
-1.065473,2,268.582617
-3.163148,4,268.630619
-0.01794,1,268.649619
-7.278543,8,268.746033
-7.345376,8,268.850034
-1.067831,2,268.878033
-0.016321,1,268.897033
-1.046625,2,268.921033
-0.014846,1,268.933033
-1.057569,2,268.958033
-10.410097,11,269.115672
-3.102867,4,269.165673
-2.135299,3,269.233672
-3.172107,4,269.294672
-2.099463,3,269.334671
-3.142038,4,269.382672
-4.182723,5,269.439672
-5.201018,6,269.517672
-3.161613,4,269.576673
-1.062911,2,269.603672
-5.266888,6,269.689672
-9.395032,10,269.824672
-2.114874,3,269.867672
-1.062648,2,269.892672
-3.151341,4,269.945671
-2.077989,3,269.982672
-2.095532,3,270.026672
-1.047686,2,270.056673
-3.128776,4,270.102675
-0.012135,1,270.117181
-2.128502,3,270.164182
-3.113345,4,270.215182
-2.079551,3,270.256182
-1.058984,2,270.283183
-2.102635,3,270.327181
-0.004936,1,270.338181
-1.050197,2,270.362182
-14.559406,15,270.544182
-0.019308,1,270.564182
-2.097079,3,270.603182
-2.130388,3,270.637182
-1.061362,2,270.662182
-3.162724,4,270.714182
-1.033948,2,270.740182
-3.150374,4,270.786183
-2.11732,3,270.820182
-3.1873,4,270.874182
-2.088801,3,270.908181
-1.054743,2,270.931182
-9.362186,10,271.061737
-2.116216,3,271.103063
-11.425452,12,271.248065
-10.388122,11,271.372572
-0.024078,1,271.382937
-3.16892,4,271.430938
-0.02405,1,271.442937
-3.155961,4,271.488937
-2.11165,3,271.524938
-16.568134,17,271.725938
-3.161301,4,271.773938
-2.080831,3,271.810936
-1.057302,2,271.833938
-2.087906,3,271.874937
-0.017695,1,271.885936
-3.162602,4,271.933938
-3.144872,4,271.982938
-2.11928,3,272.021937
-3.150817,4,272.068937
-0.019753,1,272.080939
-3.209684,4,272.127937
-2.099356,3,272.165936
-0.024907,1,272.178937
-6.288655,7,272.258937
-3.160195,4,272.305938
-2.13107,3,272.343937
-3.151064,4,272.388447
-3.15151,4,272.435446
-1.042588,2,272.457446
-0.011738,1,272.474449
-2.097746,3,272.511446
-2.092141,3,272.543446
-13.539902,14,272.708715
-1.038193,2,272.736717
-8.332008,9,272.844716
-4.250497,5,272.902715
-2.099558,3,272.936717
-2.075732,3,272.980715
-2.100512,3,273.016714
-1.046146,2,273.040714
-4.162019,5,273.100913
-3.153795,4,273.152913
-3.12746,4,273.199913
-7.32746,8,273.361914
-1.065254,2,273.392915
-2.107793,3,273.429913
-2.090252,3,273.462913
-5.214591,6,273.53856
-2.108415,3,273.57756
-2.13044,3,273.61956
-17.675476,18,273.829754
-3.144986,4,273.874754
-2.093162,3,273.910756
-2.126014,3,273.950754
-3.202408,4,273.998838
-22.804232,23,274.267982
-2.121318,3,274.30198
-39.463511,39,274.763143
-2.08557,3,274.799142
-4.226647,5,274.858142
-3.1676,4,274.907143
-4.282174,5,274.972142
-3.197302,4,275.017717
-4.176558,5,275.073823
-2.118794,3,275.108822
-2.10827,3,275.156823
-0.00705,1,275.168824
-0.017404,1,275.179824
-3.155116,4,275.226066
-1.054048,2,275.254066
-2.124929,3,275.289068
-3.166222,4,275.33245
-2.11205,3,275.36445
-1.060514,2,275.39145
-3.17877,4,275.436457
-2.122991,3,275.474452
-0.017754,1,275.486449
-2.118742,3,275.52745
-2.131634,3,275.56245
-3.158931,4,275.611451
-2.117993,3,275.64545
-3.154226,4,275.695513
-2.102729,3,275.732513
-3.152317,4,275.780512
-2.088989,3,275.816512
-3.18316,4,275.869026
-2.128034,3,275.907118
-2.103777,3,275.944218
-3.145351,4,275.986217
-1.055175,2,276.016217
-2.090111,3,276.049217
-6.251409,7,276.131472
-1.046165,2,276.155471
-2.083005,3,276.192472
-2.098225,3,276.226471
-3.168002,4,276.274473
-0.005086,1,276.284471
-2.094102,3,276.323471
-11.40889,12,276.455574
-2.090993,3,276.489573
-3.150651,4,276.537575
-2.088357,3,276.576574
-5.166453,6,276.650575
-4.174069,5,276.712575
-1.043864,2,276.734574
-2.105787,3,276.774574
-5.253907,6,276.845574
-19.872031,20,277.077256
-2.08448,3,277.115256
-4.163568,5,277.176255
-3.170523,4,277.223255
-1.055776,2,277.247256
-2.120652,3,277.282255
-3.166687,4,277.334256
-3.175654,4,277.380256
-1.050156,2,277.402256
-2.100734,3,277.437257
-3.147813,4,277.487313
-2.110314,3,277.523313
-0.024468,1,277.534313
-1.051669,2,277.559313
-3.150798,4,277.609508
-2.086893,3,277.643507
-2.118035,3,277.680507
-2.102149,3,277.714507
-3.166576,4,277.765508
-4.252266,5,277.822507
-1.053562,2,277.845507
-4.193362,5,277.909507
-3.164954,4,277.958507
-3.174524,4,278.007508
-1.046714,2,278.030508
-3.167927,4,278.074507
-2.100757,3,278.114507
-0.019401,1,278.125508
-4.204897,5,278.182425
-0.01191,1,278.193427
-1.062959,2,278.224427
-3.158939,4,278.269425
-3.167153,4,278.315424
-2.130173,3,278.348424
-2.085747,3,278.385425
-2.122579,3,278.419425
-2.117284,3,278.452425
-4.248847,5,278.512425
-2.092111,3,278.553425
-2.107104,3,278.588424
-3.158579,4,278.636424
-3.141802,4,278.684425
-2.118244,3,278.721425
-4.18859,5,278.781425
-2.09612,3,278.815424
-4.220119,5,278.876426
-2.116132,3,278.913425
-0.023532,1,278.926425
-3.196443,4,278.976425
-4.180181,5,279.036425
-2.112968,3,279.072425
-1.070999,2,279.097426
-3.199779,4,279.143425
-3.144633,4,279.198425
-2.118349,3,279.239426
-0.010025,1,279.252607
-2.130877,3,279.287117
-1.042045,2,279.313117
-5.178291,6,279.382117
-4.154544,5,279.437251
-2.145303,3,279.472249
-3.142366,4,279.51825
-1.047471,2,279.546249
-0.00919,1,279.557248
-2.104637,3,279.593249
-2.133644,3,279.630248
-2.112035,3,279.672248
-4.235174,5,279.730355
-2.104831,3,279.766355
-2.111094,3,279.800356
-1.043898,2,279.828355
-2.103335,3,279.863355
-1.068391,2,279.886356
-3.170685,4,279.930355
-3.142111,4,279.984519
-3.204347,4,280.030519
-0.020383,1,280.043519
-1.062671,2,280.066652
-3.156449,4,280.118653
-3.143133,4,280.167652
-3.232841,4,280.215652
-3.203294,4,280.263653
-3.142879,4,280.314652
-0.018942,1,280.326653
-3.129978,4,280.370653
-3.183164,4,280.416655
-0.023924,1,280.43016
-3.163249,4,280.47616
-2.138465,3,280.512161
-2.125857,3,280.548161
-3.191566,4,280.600245
-2.127937,3,280.638246
-1.039512,2,280.662245
-1.054221,2,280.687245
-2.108434,3,280.726246
-3.122286,4,280.772245
-2.099064,3,280.807325
-3.13728,4,280.854325
-3.173946,4,280.908325
-2.121712,3,280.944326
-2.098829,3,280.980325
-2.130451,3,281.016325
-3.164033,4,281.069565
-1.060575,2,281.091565
-1.051233,2,281.114815
-2.090958,3,281.148814
-3.148409,4,281.202816
-0.016762,1,281.214815
-2.102678,3,281.248815
-3.176646,4,281.294815
-3.168624,4,281.343815
-1.070717,2,281.365815
-0.021679,1,281.377815
-1.066026,2,281.400815
-2.094949,3,281.436815
-3.145667,4,281.484815
-3.158544,4,281.533815
-2.079979,3,281.567817
-3.201092,4,281.619323
-2.108498,3,281.652323
-1.051434,2,281.674324
-1.056688,2,281.697323
-0.020712,1,281.714323
-4.260675,5,281.774323
-3.180377,4,281.823323
-2.118501,3,281.858323
-2.125579,3,281.898323
-3.150739,4,281.947323
-2.082134,3,281.981442
-2.108994,3,282.016588
-1.042127,2,282.045587
-0.021323,1,282.056587
-1.041775,2,282.080588
-3.134994,4,282.125588
-3.201299,4,282.176588
-1.037839,2,282.199587
-0.00204,1,282.211587
-3.148826,4,282.256588
-3.181745,4,282.307586
-0.019351,1,282.319587
-3.169525,4,282.365587
-0.006689,1,282.376586
-3.16525,4,282.426588
-1.06434,2,282.448587
-2.108115,3,282.484587
-1.06289,2,282.508587
-3.201722,4,282.557588
-4.239728,5,282.616586
-1.055611,2,282.639587
-1.065047,2,282.663985
-2.112301,3,282.704985
-2.12344,3,282.737985
-2.095779,3,282.776495
-2.083174,3,282.819495
-3.179638,4,282.872494
-0.018413,1,282.885494
-3.162756,4,282.936495
-2.127899,3,282.971495
-3.162902,4,283.022494
-3.144518,4,283.070495
-2.091691,3,283.103578
-3.154126,4,283.152577
-2.08261,3,283.197579
-2.097663,3,283.231753
-0.021359,1,283.244754
-3.135812,4,283.291074
-4.209914,5,283.351074
-1.063459,2,283.374074
-2.104086,3,283.406074
-1.057045,2,283.428074
-2.086878,3,283.466074
-3.19406,4,283.514075
-3.142651,4,283.561076
-2.100284,3,283.597075
-2.097189,3,283.637074
-2.085251,3,283.671074
-4.212398,5,283.734074
-4.206137,5,283.797074
-2.086696,3,283.837074
-2.085156,3,283.873074
-1.054026,2,283.895075
-2.124756,3,283.933583
-3.160443,4,283.984583
-2.09247,3,284.021905
-2.09877,3,284.056139
-2.130789,3,284.091137
-8.371151,9,284.198137
-2.106037,3,284.235137
-5.207715,6,284.304138
-1.041994,2,284.327137
-1.066933,2,284.354139
-2.084492,3,284.387137
-2.105979,3,284.418138
-2.098175,3,284.453137
-3.175365,4,284.503137
-3.168071,4,284.551138
-1.044695,2,284.577137
-1.065787,2,284.602137
-2.116861,3,284.640138
-3.180254,4,284.688138
-0.019405,1,284.699137
-3.141131,4,284.747137
-3.171634,4,284.798137
-3.19113,4,284.847137
-4.2596,5,284.910137
-10.400519,11,285.042137
-3.177337,4,285.092647
-0.020408,1,285.106937
-3.164013,4,285.153936
-3.161087,4,285.201936
-3.169762,4,285.251936
-1.048636,2,285.274936
-0.023311,1,285.286936
-2.089345,3,285.321936
-1.068817,2,285.346936
-2.074891,3,285.381936
-1.069005,2,285.403937
-2.09638,3,285.438936
-3.166387,4,285.487936
-1.055393,2,285.510936
-0.010215,1,285.522936
-3.200305,4,285.574032
-2.116461,3,285.614034
-2.12025,3,285.652295
-3.144411,4,285.700296
-1.051985,2,285.721294
-2.113482,3,285.760294
-3.155598,4,285.801295
-1.044317,2,285.821294
-1.045894,2,285.842294
-3.16553,4,285.890294
-2.133357,3,285.921293
-3.157916,4,285.962294
-1.045328,2,285.985295
-2.112347,3,286.021294
-3.15784,4,286.063294
-0.015772,1,286.075295
-3.17004,4,286.116294
-1.064051,2,286.142294
-2.097553,3,286.177294
-2.083812,3,286.209298
-2.108413,3,286.239806
-2.085922,3,286.274806
-2.078432,3,286.307806
-3.174658,4,286.349806
-3.15112,4,286.386805
-1.04226,2,286.413806
-1.054423,2,286.434805
-1.044939,2,286.456806
-2.093929,3,286.496807
-2.106061,3,286.536805
-5.244955,6,286.606806
-2.110927,3,286.644807
-1.042687,2,286.669807
-3.169707,4,286.721806
-3.143216,4,286.773062
-12.528575,13,286.931062
-5.245648,6,287.000062
-1.063655,2,287.029124
-3.193025,4,287.078396
-2.122218,3,287.113396
-0.021703,1,287.124395
-2.102503,3,287.163396
-0.023365,1,287.174492
-1.060926,2,287.207494
-3.165877,4,287.289497
-2.116266,3,287.353279
-2.096275,3,287.38728
-3.164177,4,287.435279
-4.235265,5,287.492279
-2.114795,3,287.53628
-0.016084,1,287.548279
-3.148278,4,287.599569
-1.053635,2,287.626569
-4.230854,5,287.690568
-2.127663,3,287.726569
-3.15608,4,287.774568
-2.092472,3,287.809568
-2.123926,3,287.849569
-2.112143,3,287.885568
-0.0233,1,287.897568
-3.122743,4,287.944569
-2.089222,3,287.981568
-1.048534,2,288.00457
-3.164124,4,288.051569
-3.14438,4,288.097568
-2.116676,3,288.137568
-1.048885,2,288.159568
-1.057514,2,288.185643
-3.139478,4,288.233644
-1.05922,2,288.261646
-3.1492,4,288.307643
-1.072654,2,288.329643
-3.132652,4,288.376643
-1.048788,2,288.405644
-2.089915,3,288.444645
-2.084737,3,288.477153
-2.123847,3,288.514152
-6.243903,7,288.601152
-21.816676,22,288.857358
-3.16618,4,288.902357
-0.015597,1,288.914357
-3.176906,4,288.969359
-1.062392,2,288.993356
-3.146543,4,289.041357
-2.114022,3,289.075356
-2.085365,3,289.120357
-3.137387,4,289.168356
-4.219038,5,289.228357
-2.08331,3,289.265357
-2.12288,3,289.302357
-2.09516,3,289.336356
-2.105375,3,289.370741
-3.172341,4,289.41674
-3.162931,4,289.46574
-1.059034,2,289.490741
-3.195109,4,289.538741
-2.109781,3,289.572743
-1.070512,2,289.60325
-0.022097,1,289.61525
-3.151698,4,289.65925
-1.037187,2,289.683251
-1.037389,2,289.71325
-2.115132,3,289.74825
-3.170157,4,289.79625
-1.059418,2,289.821521
-3.159776,4,289.871521
-2.09798,3,289.907523
-1.062706,2,289.930521
-2.097928,3,289.965521
-4.231577,5,290.029521
-4.220919,5,290.089521
-3.172201,4,290.138521
-2.081433,3,290.173521
-1.041567,2,290.202522
-3.14934,4,290.253521
-3.147464,4,290.29952
-2.12204,3,290.333522
-2.106697,3,290.371521
-2.124415,3,290.403521
-3.18851,4,290.447521
-1.055321,2,290.470523
-0.020582,1,290.488523
-1.056726,2,290.515521
-1.06003,2,290.540522
-1.069189,2,290.563521
-2.109922,3,290.607521
-3.160253,4,290.653521
-4.198234,5,290.715521
-2.120055,3,290.749521
-2.097549,3,290.792031
-2.09118,3,290.829149
-0.008027,1,290.84215
-2.133478,3,290.877151
-2.094346,3,290.920151
-2.134826,3,290.95515
-3.143408,4,291.00331
-2.090202,3,291.03631
-2.090012,3,291.07431
-2.123177,3,291.114311
-2.090795,3,291.15364
-2.137961,3,291.190638
-1.064925,2,291.217639
-3.157295,4,291.265639
-2.110435,3,291.298639
-0.023903,1,291.311638
-0.01546,1,291.328639
-3.149582,4,291.374639
-3.158312,4,291.427639
-19.763643,20,291.661638
-4.246481,5,291.72364
-1.052252,2,291.74664
-2.085189,3,291.780638
-2.112661,3,291.815639
-1.056139,2,291.842638
-2.126349,3,291.878638
-1.04625,2,291.901643
-5.214861,6,291.975148
-1.040714,2,292.005148
-2.101001,3,292.041148
-3.139498,4,292.088147
-2.1243,3,292.124147
-1.06048,2,292.152148
-0.012173,1,292.162148
-2.132978,3,292.198147
-0.003653,1,292.212148
-2.103199,3,292.251148
-3.145062,4,292.298147
-3.159859,4,292.346148
-3.186321,4,292.391147
-2.113776,3,292.427148
-3.153843,4,292.471148
-4.246161,5,292.529147
-2.113836,3,292.565147
-0.024663,1,292.582148
-2.082258,3,292.617147
-4.239648,5,292.680148
-2.127928,3,292.716148
-3.155941,4,292.766243
-3.152899,4,292.813243
-4.231193,5,292.869243
-1.039123,2,292.892243
-2.133058,3,292.932243
-2.130493,3,292.966243
-3.1818,4,293.014243
-1.068846,2,293.039777
-3.180243,4,293.105282
-2.086308,3,293.142282
-4.198293,5,293.205282
-2.114241,3,293.241282
-4.197629,5,293.303282
-3.153508,4,293.348282
-2.086792,3,293.381283
-3.171194,4,293.425282
-0.004792,1,293.440282
-3.171912,4,293.486283
-2.12956,3,293.524282
-2.082966,3,293.557282
-1.047363,2,293.585283
-2.103652,3,293.620285
-0.020932,1,293.633282
-2.115118,3,293.668282
-2.099162,3,293.708282
-5.252335,6,293.778283
-2.108088,3,293.814283
-0.013326,1,293.825281
-3.162553,4,293.876284
-3.152289,4,293.924384
-2.091932,3,293.959384
-1.05307,2,293.983385
-1.050556,2,294.010384
-4.191404,5,294.069384
-1.057166,2,294.093518
-3.173567,4,294.140519
-2.102457,3,294.183029
-1.032224,2,294.209029
-2.108398,3,294.244028
-0.020416,1,294.256028
-2.125742,3,294.298028
-1.064002,2,294.321029
-2.094683,3,294.35503
-3.184381,4,294.398028
-2.078976,3,294.436028
-2.136231,3,294.467028
-2.13481,3,294.501029
-3.184631,4,294.548028
-3.168792,4,294.601028
-3.154411,4,294.648028
-1.046059,2,294.670029
-0.023578,1,294.682028
-2.102271,3,294.721029
-0.02212,1,294.733028
-3.211537,4,294.780028
-3.168001,4,294.828029
-0.010997,1,294.846029
-1.057355,2,294.87003
-2.137687,3,294.911028
-3.162041,4,294.958029
-2.119036,3,294.999029
-1.048367,2,295.024029
-2.094275,3,295.062028
-2.142875,3,295.097029
-0.003289,1,295.114029
-3.197522,4,295.161029
-2.107974,3,295.194028
-7.317673,8,295.290029
-2.110779,3,295.327538
-3.183682,4,295.37167
-3.146381,4,295.418887
-2.125686,3,295.450886
-4.255548,5,295.512885
-2.128142,3,295.547887
-0.023718,1,295.560888
-2.100461,3,295.597887
-2.118864,3,295.640886
-3.223984,4,295.685886
-3.18532,4,295.734888
-3.158635,4,295.780887
-0.020606,1,295.795887
-1.067933,2,295.821888
-3.169249,4,295.867887
-1.063241,2,295.891887
-2.123561,3,295.932887
-2.105953,3,295.964888
-0.015531,1,295.977887
-2.083636,3,296.014887
-3.142208,4,296.067886
-3.165356,4,296.114887
-3.167364,4,296.164887
-2.135029,3,296.201886
-1.052279,2,296.229887
-0.00916,1,296.240887
-7.311052,8,296.330993
-3.191264,4,296.377993
-1.043104,2,296.403992
-3.20949,4,296.447995
-2.10926,3,296.485503
-2.098391,3,296.522502
-3.152135,4,296.571501
-1.059988,2,296.596631
-1.053504,2,296.620631
-39.498542,39,297.091016
-2.140769,3,297.132016
-2.093897,3,297.168015
-2.105184,3,297.205016
-1.043359,2,297.228016
-2.086072,3,297.268015
-3.213577,4,297.315016
-2.101914,3,297.346016
-1.049658,2,297.370015
-3.197162,4,297.418015
-2.135825,3,297.45108
-3.177425,4,297.49808
-3.160892,4,297.54408
-2.129682,3,297.585081
-2.111639,3,297.61908
-2.126884,3,297.652591
-2.139132,3,297.68859
-2.094681,3,297.728592
-3.164681,4,297.777729
-2.102595,3,297.811729
-1.062274,2,297.835729
-1.039586,2,297.862838
-3.154134,4,297.911838
-3.165516,4,297.957839
-3.144706,4,298.009841
-2.121536,3,298.051838
-0.018069,1,298.063838
-0.019483,1,298.075838
-0.009405,1,298.088838
-2.093885,3,298.128949
-2.129867,3,298.163949
-15.563302,16,298.35003
-3.148565,4,298.39703
-3.215288,4,298.446226
-4.206348,5,298.506225
-1.064799,2,298.531226
-2.092939,3,298.567225
-3.176016,4,298.620226
-2.101454,3,298.656394
-0.022258,1,298.670395
-2.07864,3,298.704393
-1.044739,2,298.731394
-2.106239,3,298.767394
-2.101021,3,298.804904
-1.035158,2,298.835904
-2.097043,3,298.874904
-1.059675,2,298.900904
-3.145639,4,298.948006
-2.109455,3,298.983121
-3.165101,4,299.033123
-3.132775,4,299.07912
-3.195806,4,299.130121
-2.079521,3,299.167258
-3.145717,4,299.21833
-0.023257,1,299.231329
-3.16733,4,299.27733
-3.149147,4,299.32133
-0.01361,1,299.33933
-2.106178,3,299.373627
-8.396344,9,299.475628
-1.055644,2,299.498628
-2.103295,3,299.57163
-1.040911,2,299.606629
-3.152848,4,299.664923
-1.063479,2,299.689923
-3.176757,4,299.741922
-2.100234,3,299.776922
-3.164773,4,299.822922
-1.042322,2,299.849922
-3.197965,4,299.904923
-2.131799,3,299.941055
-1.053911,2,299.963566
-2.120697,3,300.006564
-0.020243,1,300.036914
-3.193949,4,300.115913
-2.131124,3,300.160378
-0.023673,1,300.172377
-2.080642,3,300.216379
-3.120669,4,300.263376
-3.15626,4,300.307377
-1.048876,2,300.334378
-1.042583,2,300.363377
-0.021173,1,300.375379
-3.155794,4,300.421377
-2.106857,3,300.456379
-0.018859,1,300.472378
-2.118003,3,300.506377
-3.150327,4,300.554377
-4.211836,5,300.612377
-2.137356,3,300.652378
-3.205666,4,300.698377
-2.091361,3,300.733377
-5.314932,6,300.805377
-3.162229,4,300.857378
-2.143658,3,300.893378
-2.116908,3,300.929378
-2.090198,3,300.964556
-2.103339,3,301.005554
-1.063272,2,301.030554
-3.181696,4,301.080554
-2.096187,3,301.117064
-1.048348,2,301.146226
-0.018378,1,301.157225
-2.120457,3,301.192225
-1.055519,2,301.221226
-3.166839,4,301.271227
-1.06082,2,301.293226
-1.057818,2,301.317225
-1.058066,2,301.340326
-3.143849,4,301.390326
-2.106477,3,301.424326
-1.055008,2,301.44656
-1.060882,2,301.469559
-3.154357,4,301.52156
-3.177679,4,301.568559
-2.139391,3,301.60256
-3.181754,4,301.650559
-0.006211,1,301.667559
-2.12351,3,301.70456
-1.05771,2,301.728559
-2.108353,3,301.763559
-1.071436,2,301.791561
-2.108232,3,301.826559
-2.100442,3,301.864559
-0.024758,1,301.875559
-2.107899,3,301.912559
-2.106469,3,301.949559
-2.118024,3,301.98456
-2.085775,3,302.018559
-0.017148,1,302.03456
-2.126064,3,302.068559
-3.154463,4,302.11456
-2.082605,3,302.148559
-2.08234,3,302.18956
-2.093806,3,302.22756
-2.12212,3,302.262069
-1.051632,2,302.287068
-3.150063,4,302.33607
-2.104807,3,302.370069
-1.057275,2,302.392068
-0.011313,1,302.401068
-1.035897,2,302.428069
-2.104696,3,302.4612
-2.139042,3,302.496325
-1.063182,2,302.522329
-1.058898,2,302.554325
-4.222394,5,302.613324
-2.091899,3,302.649324
-2.11024,3,302.684476
-2.101335,3,302.721477
-2.118621,3,302.758479
-2.098968,3,302.792745
-1.052018,2,302.814745
-3.15884,4,302.868745
-3.153791,4,302.917745
-2.087827,3,302.956745
-2.125548,3,302.990745
-2.105122,3,303.027746
-3.175448,4,303.076745
-2.095345,3,303.113745
-3.152749,4,303.161744
-4.236773,5,303.224745
-2.119265,3,303.266745
-3.189854,4,303.310745
-1.065846,2,303.332745
-0.023223,1,303.347745
-2.124796,3,303.379745
-4.249705,5,303.442394
-3.15143,4,303.486394
-2.094822,3,303.527489
-2.082271,3,303.562487
-1.043603,2,303.584489
-0.024644,1,303.595488
-1.069504,2,303.626487
-2.130307,3,303.664488
-2.102502,3,303.701488
-1.054066,2,303.725488
-3.135915,4,303.777488
-0.008277,1,303.789488
-3.148434,4,303.835489
-3.173656,4,303.884488
-3.193214,4,303.940488
-3.152501,4,303.987488
-1.049911,2,304.010488
-3.154441,4,304.060488
-0.011471,1,304.076487
-1.055983,2,304.102488
-0.018685,1,304.114488
-1.04928,2,304.138488
-1.062415,2,304.168488
-0.005524,1,304.180488
-6.271523,7,304.262488
-0.009895,1,304.274488
-3.148387,4,304.322488
-3.196578,4,304.366599
-4.235971,5,304.422598
-2.125596,3,304.455874
-3.18008,4,304.512874
-4.204809,5,304.570386
-2.113073,3,304.607387
-2.090456,3,304.640385
-2.089875,3,304.685387
-0.02199,1,304.703884
-3.167376,4,304.784883
-3.194224,4,304.840884
-2.092732,3,304.882882
-0.015601,1,304.893883
-1.045447,2,304.916882
-1.047055,2,304.943882
-1.058015,2,304.969884
-5.253909,6,305.041883
-2.098125,3,305.078883
-3.182482,4,305.124882
-1.058589,2,305.151882
-2.136487,3,305.188884
-2.100539,3,305.223882
-3.148947,4,305.269883
-3.170061,4,305.320883
-1.049522,2,305.340883
-3.162955,4,305.386882
-4.256839,5,305.439882
-1.057877,2,305.466883
-1.044521,2,305.492884
-1.04314,2,305.515884
-3.16061,4,305.564018
-2.129907,3,305.606017
-3.1711,4,305.651017
-3.157745,4,305.696019
-1.065363,2,305.728528
-2.112565,3,305.768836
-3.133189,4,305.815837
-2.08768,3,305.850836
-1.061807,2,305.873836
-1.048577,2,305.901014
-2.098213,3,305.938014
-3.166878,4,305.985014
-3.175959,4,306.030014
-2.118879,3,306.068014
-1.067289,2,306.091015
-2.098847,3,306.125013
-0.016206,1,306.137013
-3.185021,4,306.193013
-3.204948,4,306.237014
-2.127652,3,306.271013
-3.151982,4,306.316015
-2.077125,3,306.353014
-1.046721,2,306.377015
-3.176926,4,306.418013
-3.164944,4,306.462013
-3.160029,4,306.516016
-1.058976,2,306.541014
-3.138101,4,306.587013
-3.155295,4,306.635014
-3.164292,4,306.689015
-0.017342,1,306.703015
-3.179353,4,306.751014
-2.111577,3,306.786014
-1.05301,2,306.815014
-2.098067,3,306.851017
-1.055223,2,306.873524
-1.04054,2,306.896523
-3.177228,4,306.947523
-0.014117,1,306.958524
-3.156492,4,307.002524
-2.095214,3,307.04167
-2.102957,3,307.078671
-1.035967,2,307.102672
-2.080154,3,307.13767
-1.062146,2,307.161671
-3.154957,4,307.21167
-3.180573,4,307.258669
-2.091581,3,307.293731
-3.132717,4,307.338731
-2.097875,3,307.378731
-2.107131,3,307.414731
-0.0241,1,307.425731
-2.089636,3,307.458731
-3.162317,4,307.510731
-0.007793,1,307.522731
-3.175132,4,307.569943
-3.175757,4,307.615945
-3.189328,4,307.665944
-3.147728,4,307.712942
-1.061854,2,307.736943
-1.038876,2,307.761943
-2.100768,3,307.801943
-2.103783,3,307.836943
-2.099318,3,307.872943
-0.018304,1,307.883943
-2.098222,3,307.924942
-3.145442,4,307.971944
-2.097787,3,308.007454
-1.055012,2,308.033454
-2.112735,3,308.072454
-2.105075,3,308.108453
-1.053421,2,308.132455
-1.06,2,308.157453
-1.041254,2,308.184454
-3.16634,4,308.230454
-1.061202,2,308.254453
-2.115253,3,308.286676
-3.171688,4,308.330677
-2.119403,3,308.364676
-2.084103,3,308.400676
-1.067506,2,308.422677
-2.090251,3,308.461677
-2.104111,3,308.497676
-1.049636,2,308.521677
-3.166658,4,308.571677
-3.148932,4,308.621677
-3.167063,4,308.663676
-4.199093,5,308.723676
-1.048077,2,308.747677
-4.195235,5,308.808676
-5.282109,6,308.875677
-1.039042,2,308.899677
-3.150672,4,308.946677
-2.127921,3,308.985777
-3.147478,4,309.035883
-2.122032,3,309.070883
-2.108635,3,309.106882
-3.163008,4,309.160883
-3.14414,4,309.20939
-3.187071,4,309.257391
-2.115302,3,309.29639
-2.083847,3,309.33839
-2.097891,3,309.37039
-2.122699,3,309.40339
-2.096049,3,309.43839
-6.330368,7,309.52439
-2.108537,3,309.56239
-3.159804,4,309.60839
-2.136933,3,309.64139
-0.012341,1,309.658391
-3.157579,4,309.70639
-3.18147,4,309.752389
-3.189393,4,309.80239
-1.056652,2,309.841391
-1.049852,2,309.883391
-0.007176,1,309.904391
-3.143452,4,309.965391
-1.039368,2,309.997391
-3.199888,4,310.046389
-1.056386,2,310.07039
-3.158448,4,310.11839
-0.01305,1,310.136391
-1.051208,2,310.16339
-2.085399,3,310.199389
-1.048601,2,310.22539
-2.087419,3,310.266391
-3.153641,4,310.320391
-4.23388,5,310.413907
-3.203994,4,310.467905
-7.326252,8,310.569905
-3.138861,4,310.619012
-2.10975,3,310.659373
-1.059692,2,310.685372
-3.225055,4,310.739372
-1.053358,2,310.763371
-1.043498,2,310.787374
-1.059034,2,310.812372
-3.180552,4,310.862372
-1.06499,2,310.887373
-3.182546,4,310.934373
-2.125556,3,310.969371
-0.022795,1,310.986373
-0.017747,1,311.000372
-3.139469,4,311.046371
-4.230715,5,311.10637
-2.10353,3,311.145372
-2.085208,3,311.180371
-3.143201,4,311.229372
-2.117797,3,311.263371
-0.024902,1,311.278372
-2.095912,3,311.312372
-3.194768,4,311.369372
-3.164052,4,311.436372
-3.138013,4,311.497373
-2.111962,3,311.538882
-2.116289,3,311.575882
-2.126936,3,311.611883
-3.176272,4,311.669035
-2.115154,3,311.706164
-1.056487,2,311.728165
-1.05356,2,311.752165
-2.104496,3,311.789165
-3.149679,4,311.836165
-3.190079,4,311.884165
-1.051756,2,311.907165
-1.040217,2,311.933165
-3.185807,4,311.980165
-3.196091,4,312.026165
-3.145578,4,312.074228
-0.024904,1,312.091342
-3.132681,4,312.137343
-1.053648,2,312.160343
-0.020162,1,312.172343
-1.052817,2,312.201342
-3.16589,4,312.248594
-2.102891,3,312.283594
-4.236723,5,312.339594
-3.193549,4,312.386595
-2.085638,3,312.422598
-4.222279,5,312.475594
-1.049515,2,312.499595
-3.202658,4,312.556594
-2.088314,3,312.593595
-1.048156,2,312.617595
-2.099117,3,312.655595
-1.060558,2,312.684108
-2.101248,3,312.719105
-1.052576,2,312.744106
-2.120666,3,312.779108
-3.149398,4,312.829106
-2.083344,3,312.869105
-3.167595,4,312.917106
-2.096092,3,312.953105
-1.0659,2,312.987105
-1.053074,2,313.010106
-1.056494,2,313.034106
-2.106811,3,313.070105
-2.113803,3,313.109105
-3.141389,4,313.155326
-3.192935,4,313.206325
-2.106852,3,313.245325
-2.121435,3,313.287431
-0.024317,1,313.30043
-2.133423,3,313.332431
-3.166318,4,313.37674
-3.16232,4,313.426739
-0.024019,1,313.43774
-3.19158,4,313.618739
-3.168648,4,313.66474
-2.086315,3,313.70174
-0.024001,1,313.712739
-3.189489,4,313.757739
-4.223318,5,313.813742
-3.180304,4,313.870248
-3.162887,4,313.917248
-0.018185,1,313.929249
-2.13571,3,313.964421
-2.108925,3,314.005419
-3.159667,4,314.051419
-0.023001,1,314.063419
-1.050868,2,314.086419
-0.011654,1,314.102419
-0.017892,1,314.114419
-3.179196,4,314.162418
-2.129183,3,314.197421
-3.184796,4,314.246418
-3.177548,4,314.295419
-3.158109,4,314.341419
-2.1041,3,314.376419
-2.084147,3,314.412419
-3.167188,4,314.457419
-2.119677,3,314.500419
-0.021574,1,314.513419
-2.100275,3,314.55442
-2.081164,3,314.588419
-0.015719,1,314.601419
-1.059118,2,314.624419
-2.128068,3,314.66642
-2.1216,3,314.701419
-2.124576,3,314.737419
-2.111287,3,314.772419
-3.166813,4,314.823419
-4.218997,5,314.875419
-1.065311,2,314.899419
-1.046583,2,314.923421
-3.150905,4,314.977929
-1.046202,2,315.000928
-3.171583,4,315.051929
-4.225647,5,315.105929
-2.106163,3,315.146928
-2.124137,3,315.180928
-1.043132,2,315.201928
-1.065446,2,315.224928
-2.084172,3,315.266928
-3.175525,4,315.311929
-2.108989,3,315.344929
-2.11234,3,315.375928
-1.046714,2,315.402928
-3.171437,4,315.44893
-3.213593,4,315.494928
-1.07131,2,315.519928
-0.022842,1,315.535928
-2.089577,3,315.571929
-3.135291,4,315.616928
-0.01739,1,315.627928
-3.166664,4,315.679929
-1.055443,2,315.702928
-3.202236,4,315.743928
-1.041067,2,315.763928
-2.092679,3,315.800928
-3.191073,4,315.844929
-4.220393,5,315.909929
-1.065988,2,315.933928
-3.149363,4,315.988928
-3.148713,4,316.036411
-3.14823,4,316.081413
-3.178474,4,316.126919
-2.130503,3,316.168919
-3.142597,4,316.216918
-1.057326,2,316.241919
-0.019424,1,316.251919
-2.079829,3,316.287919
-3.160375,4,316.325919
-2.124276,3,316.359919
-3.175132,4,316.402919
-1.059648,2,316.429919
-3.153085,4,316.474919
-2.091454,3,316.507919
-1.050924,2,316.52992
-3.137104,4,316.580919
-0.009953,1,316.59192
-0.017679,1,316.604919
-3.1476,4,316.650918
-0.020213,1,316.666919
-2.08356,3,316.703919
-4.227509,5,316.760919
-1.063159,2,316.787918
-3.170349,4,316.838918
-2.106121,3,316.873919
-2.116471,3,316.910919
-1.049146,2,316.932919
-3.154407,4,316.981918
-2.120297,3,317.014919
-0.022344,1,317.026918
-3.157635,4,317.07111
-2.089722,3,317.10911
-3.165841,4,317.15611
-1.055605,2,317.182109
-2.119394,3,317.221109
-2.123288,3,317.257619
-2.106575,3,317.29462
-3.151332,4,317.338618
-3.208644,4,317.383847
-2.110338,3,317.419847
-3.153635,4,317.461847
-3.154737,4,317.506847
-3.183419,4,317.554847
-0.020792,1,317.569847
-3.165417,4,317.635157
-1.056926,2,317.677156
-3.167532,4,317.734156
-3.171471,4,317.789156
-3.180762,4,317.835156
-2.097178,3,317.865156
-0.021427,1,317.877155
-2.088387,3,317.921157
-3.166457,4,317.972156
-5.348074,6,318.048156
-2.123854,3,318.080157
-4.213122,5,318.142157
-2.134099,3,318.176156
-3.170792,4,318.224156
-2.083363,3,318.258156
-3.175403,4,318.301156
-1.056577,2,318.326156
-1.066979,2,318.347156
-3.164186,4,318.389156
-2.125594,3,318.428666
-3.156728,4,318.477666
-1.064084,2,318.501666
-1.06563,2,318.525666
-2.085817,3,318.567666
-2.107971,3,318.601666
-2.120135,3,318.652667
-3.165922,4,318.722667
-0.020552,1,318.742667
-0.018507,1,318.760668
-0.024948,1,318.773667
-3.149342,4,318.820666
-0.004081,1,318.835666
-3.187219,4,318.884665
-4.278126,5,318.944666
-3.228262,4,318.995666
-3.158785,4,319.048667
-3.153468,4,319.097666
-3.192898,4,319.143832
-0.014633,1,319.155833
-3.162204,4,319.209832
-0.009389,1,319.221832
-3.16424,4,319.26805
-2.083156,3,319.297048
-3.168002,4,319.343047
-1.053116,2,319.364049
-3.22665,4,319.407048
-2.110963,3,319.440048
-2.1297,3,319.476049
-1.068326,2,319.498049
-3.154781,4,319.545564
-3.136888,4,319.588693
-1.046904,2,319.614693
-2.108614,3,319.649694
-2.115039,3,319.682693
-2.134159,3,319.715694
-3.165038,4,319.768693
-4.213012,5,319.826693
-3.177498,4,319.875692
-3.161091,4,319.921693
-3.15437,4,319.974874
-3.181238,4,320.015874
-1.050783,2,320.034873
-3.18551,4,320.081873
-1.051639,2,320.110875
-0.009801,1,320.122875
-1.062481,2,320.145873
-1.053463,2,320.175874
-1.063326,2,320.223877
-2.085159,3,320.275874
-2.088963,3,320.318873
-1.045956,2,320.341875
-3.169493,4,320.391874
-3.163745,4,320.436873
-3.155808,4,320.483874
-0.015273,1,320.500874
-0.024024,1,320.520875
-2.085694,3,320.556874
-1.042137,2,320.580009
-3.155482,4,320.625008
-0.019072,1,320.641009
-1.043488,2,320.669519
-2.112828,3,320.706519
-2.106792,3,320.736519
-2.124719,3,320.77952
-1.055257,2,320.801518
-2.099333,3,320.833519
-1.044692,2,320.860519
-1.046663,2,320.88852
-1.04305,2,320.910522
-1.065562,2,320.931519
-4.22361,5,320.99152
-4.230799,5,321.049598
-2.118411,3,321.087599
-2.103591,3,321.123598
-0.022602,1,321.135597
-1.059916,2,321.163597
-1.061323,2,321.189597
-2.105418,3,321.226597
-3.156544,4,321.273597
-2.124995,3,321.310599
-3.140264,4,321.35572
-0.024348,1,321.366719
-2.105047,3,321.399779
-2.116104,3,321.437778
-1.061872,2,321.460779
-2.101808,3,321.49678
-3.150405,4,321.544779
-1.053378,2,321.571778
-2.089887,3,321.608778
-3.18712,4,321.656779
-1.050276,2,321.67978
-2.103774,3,321.721778
-2.097694,3,321.756778
-0.022901,1,321.769779
-1.061503,2,321.791779
-2.106753,3,321.833289
-3.14562,4,321.880289
-2.110868,3,321.91729
-0.017449,1,321.92829
-2.11298,3,321.967289
-1.070005,2,321.99129
-2.125072,3,322.025388
-2.082408,3,322.062389
-2.092753,3,322.101388
-0.015245,1,322.11439
-1.043419,2,322.137389
-3.160271,4,322.181389
-3.163327,4,322.230389
-2.125609,3,322.26639
-1.067538,2,322.291388
-2.098223,3,322.325391
-3.150247,4,322.374389
-1.052267,2,322.398391
-2.116677,3,322.430388
-2.121113,3,322.46239
-3.172026,4,322.513389
-1.056635,2,322.535389
-0.005298,1,322.546389
-3.162055,4,322.591388
-2.111647,3,322.631389
-0.013595,1,322.642389
-3.140182,4,322.689389
-2.101408,3,322.726388
-2.129547,3,322.768389
-2.136604,3,322.804389
-3.201756,4,322.852389
-1.05749,2,322.873389
-1.048838,2,322.901388
-3.184658,4,322.950901
-1.065212,2,322.976899
-3.167946,4,323.022898
-3.179522,4,323.073899
-2.091215,3,323.105899
-2.09025,3,323.1389
-3.151,4,323.1869
-6.252732,7,323.273
-3.136428,4,323.316003
-0.017046,1,323.326
-0.011712,1,323.338001
-3.169269,4,323.390074
-2.10528,3,323.425075
-2.103494,3,323.457074
-2.103897,3,323.491218
-1.035047,2,323.520219
-2.118574,3,323.557218
-2.103898,3,323.596219
-2.13109,3,323.634218
-2.105512,3,323.671219
-3.171334,4,323.723219
-1.043876,2,323.746218
-5.216309,6,323.815317
-4.231019,5,323.878624
-2.081128,3,323.915623
-3.142926,4,323.960622
-0.01995,1,323.971622
-1.048978,2,324.000623
-3.149779,4,324.050624
-0.024312,1,324.062623
-3.180629,4,324.113263
-2.100992,3,324.154264
-3.179319,4,324.203264
-1.036526,2,324.229264
-2.086501,3,324.272264
-1.056297,2,324.300265
-0.011859,1,324.311264
-2.093326,3,324.345263
-3.139298,4,324.391264
-0.016255,1,324.406264
-2.125262,3,324.439263
-1.06303,2,324.463263
-0.018277,1,324.475265
-3.15025,4,324.526264
-3.164673,4,324.575332
-2.110761,3,324.611431
-3.149915,4,324.66043
-3.179299,4,324.711431
-0.021677,1,324.723432
-3.191712,4,324.77243
-3.162579,4,324.825676
-3.155311,4,324.879676
-3.141272,4,324.927675
-3.19491,4,324.974675
-1.049428,2,324.998676
-2.103655,3,325.039675
-1.047916,2,325.060675
-2.11291,3,325.094676
-2.133868,3,325.130675
-3.158057,4,325.181676
-3.209099,4,325.233279
-2.096052,3,325.272489
-2.127304,3,325.305492
-4.27463,5,325.366488
-2.103101,3,325.398491
-3.145164,4,325.44349
-2.092605,3,325.482489
-2.088856,3,325.520489
-2.121607,3,325.55576
-0.018775,1,325.567762
-3.162404,4,325.61476
-4.224457,5,325.67776
-2.086376,3,325.716759
-3.153588,4,325.762761
-0.014939,1,325.775761
-0.015712,1,325.79076
-3.175839,4,325.83876
-3.220599,4,325.912761
-1.052932,2,325.950761
-1.067214,2,325.98376
-1.061343,2,326.01376
-1.053771,2,326.03976
-1.047427,2,326.065759
-2.130406,3,326.10576
-4.25085,5,326.164759
-2.087177,3,326.20376
-0.02475,1,326.217761
-3.146975,4,326.27176
-1.041756,2,326.29776
-3.204287,4,326.343762
-2.113696,3,326.377764
-2.092074,3,326.41327
-2.118049,3,326.448269
-2.098559,3,326.48427
-3.158527,4,326.532271
-4.24402,5,326.60127
-1.049647,2,326.62627
-3.179633,4,326.67427
-1.063722,2,326.69627
-1.041495,2,326.72127
-0.006601,1,326.733269
-0.021572,1,326.74527
-0.018173,1,326.75927
-3.199377,4,326.81427
-1.060216,2,326.83527
-1.048397,2,326.858271
-3.138792,4,326.911272
-1.039498,2,326.939464
-1.065521,2,326.963466
-0.02292,1,326.975466
-3.155404,4,327.024465
-3.161027,4,327.072465
-2.121042,3,327.107584
-1.063275,2,327.128585
-2.098451,3,327.167664
-3.147046,4,327.221663
-3.148695,4,327.269664
-2.114501,3,327.307663
-0.021526,1,327.318664
-3.167064,4,327.366664
-4.22994,5,327.425664
-3.142572,4,327.468665
-3.172359,4,327.517663
-3.156584,4,327.578173
-2.117367,3,327.616173
-0.02396,1,327.627175
-3.195244,4,327.682251
-4.2329,5,327.746251
-2.104063,3,327.788346
-2.119221,3,327.824346
-3.145562,4,327.876347
-1.03419,2,327.907347
-3.150758,4,327.961514
-2.081632,3,327.996514
-2.099495,3,328.032515
-1.058409,2,328.059515
-3.192452,4,328.108584
-0.021004,1,328.120583
-1.058697,2,328.145583
-2.084887,3,328.183584
-3.203206,4,328.232786
-1.039035,2,328.255786
-0.014291,1,328.266786
-2.121592,3,328.303786
-3.179139,4,328.346786
-3.161704,4,328.392788
-3.160737,4,328.441786
-2.101219,3,328.479786
-0.023051,1,328.493034
-0.022683,1,328.505033
-0.019771,1,328.517033
-3.18482,4,328.568033
-1.060692,2,328.591033
-0.014981,1,328.603034
-3.199173,4,328.654033
-2.115604,3,328.696036
-2.099492,3,328.740542
-2.100739,3,328.775542
-4.241132,5,328.837097
-1.052138,2,328.869097
-2.09473,3,328.901096
-1.037514,2,328.924097
-2.103822,3,328.962097
-1.066193,2,328.990096
-2.118164,3,329.026096
-1.058384,2,329.050097
-3.150379,4,329.097097
-2.087061,3,329.136096
-2.11197,3,329.171097
-1.050259,2,329.199097
-2.096608,3,329.233097
-3.200807,4,329.281096
-3.148319,4,329.331096
-0.020008,1,329.342096
-3.131315,4,329.389098
-8.331281,9,329.497096
-2.104709,3,329.538097
-2.107107,3,329.576097
-0.005944,1,329.588097
-3.127046,4,329.643097
-3.162947,4,329.691097
-0.023641,1,329.703097
-2.081356,3,329.740096
-2.093795,3,329.780097
-2.104399,3,329.813097
-1.045222,2,329.837096
-1.039963,2,329.861611
-1.052719,2,329.888879
-3.164306,4,329.93688
-2.102946,3,329.972878
-2.086601,3,330.008879
-2.099806,3,330.048879
-2.086353,3,330.08688
-1.049368,2,330.111879
-1.05316,2,330.135031
-2.137237,3,330.175032
-3.199293,4,330.221032
-2.096029,3,330.258032
-2.099287,3,330.292031
-1.041726,2,330.319031
-3.189046,4,330.364031
-3.195033,4,330.411031
-1.041924,2,330.433032
-3.136131,4,330.484034
-2.097963,3,330.519033
-3.150357,4,330.564484
-3.151341,4,330.611486
-4.24556,5,330.672484
-1.039826,2,330.696484
-2.106293,3,330.733485
-2.10386,3,330.770485
-2.121445,3,330.808485
-3.162694,4,330.857485
-2.094547,3,330.891484
-2.104862,3,330.927484
-0.020983,1,330.944486
-2.091161,3,330.988492
-2.092728,3,331.022997
-3.163814,4,331.070998
-2.078089,3,331.109997
-3.205286,4,331.158998
-3.143081,4,331.205998
-2.119156,3,331.238997
-3.150311,4,331.290159
-1.047263,2,331.313159
-3.141765,4,331.358159
-2.098816,3,331.394396
-2.117938,3,331.432395
-1.059738,2,331.455394
-2.110396,3,331.493395
-2.088042,3,331.529394
-3.14729,4,331.580395
-2.107603,3,331.617394
-3.176052,4,331.664393
-1.03731,2,331.689393
-3.15113,4,331.74358
-2.098365,3,331.777579
-3.145358,4,331.827579
-1.051617,2,331.85058
-0.016584,1,331.86758
-1.048352,2,331.889579
-3.1436,4,331.940582
-3.151621,4,331.986579
-3.195117,4,332.040579
-2.081199,3,332.077579
-2.095155,3,332.112701
-3.1497,4,332.16521
-2.095777,3,332.206211
-3.155578,4,332.25721
-2.130463,3,332.290212
-3.135709,4,332.333211
-2.116317,3,332.37021
-3.207649,4,332.41721
-2.089475,3,332.45221
-1.062812,2,332.47621
-2.116749,3,332.516212
-3.222268,4,332.600214
-1.053178,2,332.624213
-3.156434,4,332.678212
-3.164917,4,332.733211
-1.061164,2,332.758212
-1.042855,2,332.782212
-3.152812,4,332.834212
-2.079884,3,332.877213
-2.127182,3,332.917301
-0.006744,1,332.928302
-1.06036,2,332.952301
-1.05191,2,332.983301
-1.060321,2,333.006302
-1.068197,2,333.031301
-3.222408,4,333.0783
-0.024487,1,333.096303
-3.151187,4,333.147301
-3.167825,4,333.196301
-3.171494,4,333.244641
-2.082197,3,333.285644
-4.236643,5,333.33715
-3.209574,4,333.38315
-2.120669,3,333.41626
-2.104139,3,333.451261
-2.109698,3,333.487263
-3.156003,4,333.536356
-3.153821,4,333.585356
-2.111463,3,333.62436
-3.139761,4,333.675355
-3.185369,4,333.727355
-2.11559,3,333.765355
-1.063316,2,333.794356
-2.118518,3,333.829355
-1.04809,2,333.853355
-1.064715,2,333.877356
-2.093461,3,333.919357
-2.112313,3,333.953355
-2.117097,3,333.990355
-3.154075,4,334.037355
-0.018572,1,334.053355
-1.069191,2,334.078354
-1.048462,2,334.102354
-1.050663,2,334.126355
-2.097954,3,334.167355
-0.015932,1,334.178355
-3.142625,4,334.226355
-2.122581,3,334.260355
-2.108423,3,334.297355
-2.110287,3,334.328355
-0.003588,1,334.341354
-2.082154,3,334.376354
-3.154807,4,334.425359
-2.126029,3,334.461865
-0.011399,1,334.473864
-0.024183,1,334.485863
-3.160845,4,334.552047
-1.036772,2,334.576048
-2.111783,3,334.615047
-3.161821,4,334.664047
-2.098816,3,334.702046
-2.112294,3,334.739048
-4.236903,5,334.805047
-3.130468,4,334.851047
-3.219549,4,334.905047
-0.024855,1,334.918047
-3.133418,4,334.965107
-0.015874,1,334.977107
-2.11587,3,335.016107
-3.164951,4,335.063108
-3.159557,4,335.114108
-3.163869,4,335.16222
-4.224555,5,335.221219
-1.042622,2,335.246313
-3.153006,4,335.294313
-2.113725,3,335.330314
-2.117038,3,335.368314
-2.118887,3,335.402313
-0.021568,1,335.414313
-4.248304,5,335.476376
-1.04122,2,335.505374
-2.087577,3,335.542374
-2.092067,3,335.577654
-1.056614,2,335.604162
-2.114063,3,335.643161
-3.178998,4,335.694225
-2.106313,3,335.728225
-0.017632,1,335.739225
-3.179326,4,335.793225
-1.055769,2,335.818225
-3.182417,4,335.864225
-3.169552,4,335.913378
-3.222092,4,335.962379
-2.125328,3,336.000379
-3.15503,4,336.046378
-1.060015,2,336.07047
-2.098023,3,336.112471
-2.117463,3,336.14947
-0.024535,1,336.167767
-2.123725,3,336.226766
-3.139153,4,336.294765
-3.167181,4,336.349766
-2.123457,3,336.389766
-3.180443,4,336.442765
-1.056729,2,336.476765
-2.109794,3,336.516765
-3.191975,4,336.562766
-8.366445,9,336.674767
-2.117079,3,336.715765
-3.131059,4,336.775275
-0.020464,1,336.788275
-2.0941,3,336.822275
-5.232966,6,336.901275
-3.159199,4,336.95244
-2.085546,3,336.990439
-0.02411,1,337.002439
-2.114111,3,337.041439
-3.210523,4,337.09144
-1.057537,2,337.114439
-3.146516,4,337.167442
-2.090129,3,337.215439
-2.092049,3,337.251531
-3.171773,4,337.299529
-2.087014,3,337.33353
-0.018054,1,337.347529
-3.148868,4,337.391786
-1.043289,2,337.414785
-2.11718,3,337.452786
-0.023881,1,337.467787
-2.113027,3,337.507785
-0.009129,1,337.521785
-3.17797,4,337.569785
-2.10963,3,337.612785
-3.170015,4,337.666785
-1.043897,2,337.690785
-2.10098,3,337.723786
-1.064484,2,337.752785
-4.23132,5,337.812786
-1.051778,2,337.837786
-1.041262,2,337.861788
-2.108915,3,337.903296
-1.055295,2,337.932297
-3.151126,4,337.981298
-2.106373,3,338.013296
-2.115829,3,338.054296
-1.062016,2,338.078296
-2.113762,3,338.116296
-3.166854,4,338.167362
-2.096575,3,338.208363
-3.180834,4,338.254464
-2.110575,3,338.288464
-2.126655,3,338.320465
-3.171845,4,338.379467
-3.167062,4,338.429561
-3.152049,4,338.477561
-0.01112,1,338.490561
-2.108748,3,338.535561
-3.192226,4,338.584561
-1.041109,2,338.609561
-2.100482,3,338.645767
-0.016884,1,338.660768
-3.159483,4,338.708945
-3.144095,4,338.758946
-1.059584,2,338.785946
-3.174194,4,338.840946
-2.091452,3,338.872946
-2.106219,3,338.906946
-2.083321,3,338.945946
-3.145935,4,339.004949
-3.161784,4,339.065455
-2.083655,3,339.102549
-0.021524,1,339.114549
-0.017582,1,339.129548
-4.21668,5,339.197548
-2.123959,3,339.234547
-0.004793,1,339.246548
-1.038265,2,339.279547
-2.121593,3,339.316547
-0.019319,1,339.329547
-2.098908,3,339.373548
-4.231647,5,339.435549
-0.024691,1,339.447548
-2.125137,3,339.483548
-3.148102,4,339.531548
-3.159947,4,339.581549
-1.065315,2,339.606688
-3.206038,4,339.659746
-2.117674,3,339.698745
-0.010023,1,339.715746
-1.042394,2,339.738747
-1.061553,2,339.766747
-2.106476,3,339.829747
-2.089637,3,339.886747
-0.006177,1,339.907747
-3.13995,4,339.965746
-2.089202,3,340.003746
-3.176127,4,340.057747
-4.248602,5,340.123746
-2.087521,3,340.167256
-2.120935,3,340.202257
-0.016344,1,340.217256
-2.109006,3,340.255258
-1.052006,2,340.277257
-3.161353,4,340.332258
-1.038057,2,340.361256
-1.063186,2,340.389257
-3.181823,4,340.435256
-3.216617,4,340.483256
-3.147104,4,340.540257
-3.157268,4,340.591257
-4.244522,5,340.662256
-1.067987,2,340.688257
-3.165659,4,340.741256
-2.100776,3,340.776257
-3.166206,4,340.823257
-3.150329,4,340.873257
-3.17924,4,340.927256
-2.110866,3,340.967257
-2.083927,3,341.002258
-3.167056,4,341.057256
-3.173765,4,341.110257
-2.119895,3,341.146257
-0.00576,1,341.159257
-1.058323,2,341.181257
-0.014792,1,341.198258
-1.039537,2,341.221256
-1.043404,2,341.247256
-3.158883,4,341.293259
-3.198795,4,341.352883
-2.088657,3,341.386882
-1.044304,2,341.406994
-3.136124,4,341.458991
-2.12498,3,341.507993
-2.124776,3,341.544992
-1.04934,2,341.570992
-2.112685,3,341.619992
-3.169564,4,341.680992
-3.153732,4,341.727992
-1.055839,2,341.752992
-3.184269,4,341.801992
-1.062121,2,341.834993
-2.122427,3,341.899992
-4.250481,5,341.976993
-1.05067,2,342.001991
-2.12042,3,342.043992
-1.034737,2,342.067992
-3.174531,4,342.122992
-0.024186,1,342.135992
-2.084725,3,342.179123
-2.130711,3,342.219325
-0.019121,1,342.233325
-0.002484,1,342.245326
-2.097527,3,342.286325
-2.120832,3,342.322327
-2.111588,3,342.384327
-1.045618,2,342.414327
-1.064391,2,342.448839
-3.177352,4,342.49884
-3.152542,4,342.547841
-2.128098,3,342.58384
-0.022653,1,342.599843
-1.059332,2,342.622842
-2.117554,3,342.662841
-2.093118,3,342.697841
-3.171853,4,342.751925
-1.047127,2,342.778925
-3.151991,4,342.827924
-0.015492,1,342.839926
-2.0929,3,342.878924
-2.123467,3,342.915925
-0.024739,1,342.927924
-3.206815,4,342.976123
-2.126117,3,343.017123
-3.193943,4,343.065123
-1.052001,2,343.089123
-2.095826,3,343.132228
-3.168085,4,343.184228
-3.185341,4,343.231228
-2.101196,3,343.268229
-3.130823,4,343.316498
-1.048166,2,343.343499
-2.090689,3,343.376498
-1.063965,2,343.399499
-3.18956,4,343.446498
-1.064139,2,343.47263
-2.115953,3,343.50763
-2.122837,3,343.54263
-3.15399,4,343.589141
-2.102236,3,343.62814
-1.045014,2,343.652305
-1.052511,2,343.680304
-2.103249,3,343.717304
-4.251972,5,343.781304
-3.159647,4,343.828304
-0.017439,1,343.840304
-3.198897,4,343.886304
-3.167549,4,343.938305
-1.055466,2,343.959305
-1.047147,2,343.984305
-4.231943,5,344.044558
-2.111543,3,344.087558
-1.06277,2,344.110559
-3.15783,4,344.159557
-2.103907,3,344.196654
-2.121786,3,344.236654
-3.146784,4,344.281654
-1.055756,2,344.305654
-4.295428,5,344.359654
-2.091365,3,344.397654
-3.151815,4,344.441654
-2.109422,3,344.473736
-2.090048,3,344.509737
-3.203832,4,344.562736
-3.184338,4,344.607737
-2.119388,3,344.646738
-1.048447,2,344.669736
-2.120276,3,344.710736
-3.140612,4,344.760402
-2.083207,3,344.798402
-2.086711,3,344.834403
-2.127809,3,344.876404
-1.054709,2,344.901405
-3.169955,4,344.945403
-2.087537,3,344.981402
-2.1239,3,345.021404
-0.006247,1,345.033403
-2.096597,3,345.068402
-1.065117,2,345.091402
-1.055825,2,345.119403
-1.069935,2,345.143402
-2.120294,3,345.179402
-3.162984,4,345.226402
-2.113262,3,345.266402
-3.16009,4,345.317402
-1.050082,2,345.340402
-3.196968,4,345.384404
-2.101498,3,345.422402
-3.195296,4,345.467403
-2.134584,3,345.503402
-3.145255,4,345.552404
-2.097383,3,345.590403
-1.048332,2,345.613403
-3.13369,4,345.660403
-1.06131,2,345.684403
-2.116593,3,345.724401
-3.208988,4,345.771403
-3.198534,4,345.818402
-1.057288,2,345.842402
-3.187412,4,345.892128
-2.11406,3,345.926637
-4.190094,5,345.987636
-2.133748,3,346.023637
-3.158351,4,346.073637
-3.160785,4,346.121637
-3.171963,4,346.166636
-2.135565,3,346.204636
-0.013156,1,346.220637
-2.115635,3,346.254636
-2.107993,3,346.289637
-3.197116,4,346.333637
-3.180951,4,346.382637
-2.114742,3,346.418637
-2.125913,3,346.450638
-0.020356,1,346.461637
-2.104956,3,346.504636
-3.14552,4,346.549637
-2.122609,3,346.584636
-3.163802,4,346.635637
-3.204613,4,346.686637
-2.128598,3,346.722636
-3.16566,4,346.770637
-1.057242,2,346.795639
-2.076823,3,346.836637
-1.05192,2,346.860636
-1.044539,2,346.881636
-3.142934,4,346.923638
-3.154705,4,346.969638
-3.164427,4,347.013636
-3.190556,4,347.053639
-0.018252,1,347.064641
-2.093103,3,347.102258
-3.159842,4,347.147259
-3.191056,4,347.205258
-0.0205,1,347.217258
-3.161217,4,347.270259
-2.089509,3,347.304258
-1.052014,2,347.326385
-3.185837,4,347.370385
-3.173141,4,347.419385
-2.122312,3,347.465947
-3.180458,4,347.539947
-2.128308,3,347.581185
-0.006129,1,347.599185
-0.008023,1,347.612186
-3.165411,4,347.660186
-2.121565,3,347.697185
-4.257341,5,347.765186
-2.115799,3,347.804403
-2.130605,3,347.842402
-1.068662,2,347.86741
-2.105291,3,347.904403
-1.058873,2,347.929402
-3.168931,4,347.976404
-3.18358,4,348.021403
-1.058922,2,348.051403
-1.044712,2,348.076403
-2.100001,3,348.110403
-3.164039,4,348.159403
-2.116497,3,348.200405
-1.057444,2,348.228913
-1.057839,2,348.253912
-1.042925,2,348.277912
-3.184184,4,348.327912
-1.059235,2,348.350913
-3.163733,4,348.397913
-3.169578,4,348.441912
-2.097442,3,348.479913
-1.05889,2,348.503913
-2.127072,3,348.539913
-3.203914,4,348.585912
-1.063254,2,348.612918
-2.094427,3,348.648913
-3.163497,4,348.695913
-2.117047,3,348.729914
-3.166254,4,348.779912
-2.091102,3,348.816912
-0.015099,1,348.827913
-3.16488,4,348.874913
-0.006518,1,348.890913
-3.149284,4,348.938913
-3.165627,4,349.001915
-2.103938,3,349.059914
-2.091,3,349.107913
-1.04144,2,349.136912
-2.095271,3,349.172913
-0.020601,1,349.185912
-2.114771,3,349.225913
-3.166048,4,349.275913
-3.176984,4,349.325912
-2.11224,3,349.360423
-3.178728,4,349.410422
-2.09803,3,349.442472
-3.170594,4,349.489474
-1.03965,2,349.512473
-3.170309,4,349.562472
-3.201584,4,349.610473
-2.11811,3,349.645473
-2.119809,3,349.682473
-3.149248,4,349.734647
-0.014938,1,349.746647
-3.157132,4,349.793647
-2.09056,3,349.828646
-3.156735,4,349.882646
-1.040648,2,349.907647
-1.066694,2,349.932647
-2.100996,3,349.966646
-2.086033,3,350.008646
-3.153805,4,350.053647
-3.147252,4,350.10077
-1.060279,2,350.126769
-3.187873,4,350.178059
-3.126928,4,350.223058
-2.12798,3,350.261058
-1.036914,2,350.286057
-2.12578,3,350.323058
-3.138482,4,350.370058
-3.159828,4,350.416058
-0.011097,1,350.428058
-2.126037,3,350.467057
-1.049831,2,350.492059
-3.204285,4,350.53757
-3.177198,4,350.585568
-1.06345,2,350.613569
-2.087832,3,350.64557
-3.145366,4,350.691569
-2.114052,3,350.729569
-1.055869,2,350.756571
-0.022019,1,350.767568
-3.150774,4,350.813568
-2.092138,3,350.849568
-2.120069,3,350.891569
-2.085406,3,350.926569
-1.035698,2,350.948568
-1.054413,2,350.971719
-1.060501,2,350.998719
-0.021491,1,351.010719
-2.114369,3,351.047844
-3.183388,4,351.099845
-2.111539,3,351.137845
-2.105847,3,351.173083
-1.040512,2,351.197083
-1.049786,2,351.221084
-1.059612,2,351.250084
-1.063798,2,351.276083
-1.046683,2,351.299083
-2.123571,3,351.334083
-0.013718,1,351.349083
-1.05247,2,351.373083
-4.273972,5,351.431083
-2.125499,3,351.466084
-2.113476,3,351.504083
-0.013553,1,351.517083
-2.0929,3,351.555082
-2.098898,3,351.593083
-1.051379,2,351.620084
-2.089013,3,351.656086
-2.085013,3,351.692592
-3.157957,4,351.754593
-2.119621,3,351.804593
-0.015071,1,351.816594
-0.015903,1,351.829592
-1.044502,2,351.853709
-3.148942,4,351.906708
-0.0215,1,351.919708
-0.022442,1,351.93271
-2.080172,3,351.968708
-2.117596,3,352.009708
-1.052896,2,352.039709
-1.051806,2,352.064708
-3.183562,4,352.117709
-2.124221,3,352.153708
-3.159668,4,352.202708
-3.158944,4,352.249708
-3.208748,4,352.298708
-2.117814,3,352.335708
-2.115466,3,352.369709
-1.055113,2,352.392044
-4.227417,5,352.447043
-2.126545,3,352.486043
-3.151584,4,352.532043
-3.185774,4,352.579043
-0.018016,1,352.591043
-3.13695,4,352.642043
-2.076614,3,352.676356
-2.087904,3,352.710427
-1.052854,2,352.733513
-2.131042,3,352.771513
-2.112704,3,352.801512
-1.062156,2,352.824514
-8.333833,9,352.929305
-2.117792,3,352.965305
-1.059291,2,352.990306
-2.105138,3,353.025306
-0.018674,1,353.036305
-3.169984,4,353.084307
-2.098077,3,353.121306
-3.175606,4,353.165306
-1.06817,2,353.187305
-2.108359,3,353.224305
-3.183612,4,353.269307
-2.114239,3,353.306305
-2.08807,3,353.340306
-0.021733,1,353.354306
-2.095042,3,353.388305
-1.059567,2,353.411306
-3.174179,4,353.458306
-2.115037,3,353.494305
-1.05381,2,353.516306
-3.171081,4,353.559307
-3.162616,4,353.603305
-2.124497,3,353.642305
-3.188077,4,353.686305
-2.085676,3,353.721305
-3.141133,4,353.767305
-3.171603,4,353.818305
-3.167424,4,353.866306
-3.147298,4,353.910306
-3.158824,4,353.955305
-1.037617,2,353.987814
-1.05128,2,354.010815
-3.187788,4,354.055906
-3.154756,4,354.101907
-2.092449,3,354.138011
-3.154758,4,354.185166
-2.11415,3,354.218166
-3.16055,4,354.263166
-1.062379,2,354.291166
-0.02024,1,354.303166
-2.125405,3,354.336165
-2.119975,3,354.370165
-0.015368,1,354.384166
-3.155561,4,354.426166
-1.047161,2,354.449166
-3.173018,4,354.491167
-2.121664,3,354.530165
-2.082471,3,354.565166
-0.015416,1,354.577166
-1.052893,2,354.599166
-2.110304,3,354.637167
-1.059989,2,354.659166
-2.095221,3,354.692271
-3.166444,4,354.739272
-3.168567,4,354.78827
-3.132103,4,354.83527
-3.15536,4,354.88427
-2.084478,3,354.91827
-2.091407,3,354.957344
-0.017477,1,354.968343
-1.047886,2,354.991344
-0.021479,1,355.003344
-2.107347,3,355.039344
-2.082825,3,355.072344
-3.138911,4,355.117347
-0.011953,1,355.130953
-2.135778,3,355.194955
-2.130649,3,355.245954
-2.111608,3,355.285953
-2.127282,3,355.323071
-2.088705,3,355.361071
-3.152516,4,355.405071
-3.154169,4,355.449071
-3.144665,4,355.495071
-1.06519,2,355.524071
-3.174005,4,355.571171
-3.157866,4,355.616169
-1.066077,2,355.636169
-3.193961,4,355.704172
-1.057042,2,355.740171
-3.184903,4,355.793172
-3.159497,4,355.842169
-2.11017,3,355.882169
-2.087684,3,355.915169
-2.094674,3,355.95117
-2.092875,3,355.98517
-0.023539,1,356.002172
-1.05919,2,356.026169
-2.122013,3,356.061169
-3.185942,4,356.106265
-1.045721,2,356.130266
-2.090193,3,356.164268
-0.021344,1,356.174265
-3.171313,4,356.221266
-3.148147,4,356.266266
-3.196036,4,356.317773
-1.05872,2,356.340773
-0.019763,1,356.353774
-1.045391,2,356.382773
-3.204517,4,356.426774
-3.173411,4,356.469868
-2.113919,3,356.503868
-3.139649,4,356.549867
-3.142565,4,356.593868
-1.057932,2,356.617868
-1.042944,2,356.64097
-0.015486,1,356.654969
-2.096777,3,356.68697
-2.081748,3,356.72197
-4.215765,5,356.77797
-4.261078,5,356.84197
-3.177509,4,356.88697
-2.090515,3,356.91997
-3.155751,4,356.967114
-3.157098,4,357.016115
-3.186527,4,357.063331
-2.112689,3,357.097559
-1.04656,2,357.118558
-1.061476,2,357.144558
-2.096687,3,357.181558
-0.023959,1,357.193558
-2.102607,3,357.227559
-1.063046,2,357.253558
-2.12131,3,357.288558
-1.034556,2,357.311558
-2.084848,3,357.345557
-2.098955,3,357.382558
-2.083125,3,357.415559
-2.098395,3,357.455295
-3.170062,4,357.502295
-2.122554,3,357.538295
-0.014635,1,357.548295
-2.095192,3,357.584296
-2.111201,3,357.619295
-2.105587,3,357.656355
-2.121914,3,357.687355
-4.243428,5,357.744356
-3.157348,4,357.787355
-3.14815,4,357.836799
-3.160923,4,357.8798
-2.112891,3,357.915799
-4.217477,5,357.973799
-2.117069,3,358.0088
-3.175015,4,358.055799
-3.183907,4,358.099799
-3.145336,4,358.1448
-2.087641,3,358.182799
-0.007557,1,358.194799
-1.035296,2,358.2158
-3.164908,4,358.259799
-2.121246,3,358.297799
-2.11711,3,358.332799
-0.01527,1,358.342798
-3.207375,4,358.388798
-0.019535,1,358.403799
-2.103473,3,358.436799
-1.04203,2,358.4598
-0.01948,1,358.470798
-3.148936,4,358.516799
-3.174849,4,358.5608
-1.046828,2,358.585309
-2.084559,3,358.621279
-2.113547,3,358.657278
-2.100093,3,358.690279
-2.118935,3,358.724279
-3.170654,4,358.771279
-2.102081,3,358.807277
-0.024407,1,358.818278
-2.088224,3,358.853716
-2.124075,3,358.886716
-3.153067,4,358.936715
-3.158644,4,358.981716
-0.017019,1,358.992715
-0.016153,1,359.004716
-2.085266,3,359.045715
-2.120105,3,359.080715
-2.098176,3,359.115716
-1.065386,2,359.138716
-3.155374,4,359.187715
-1.053097,2,359.207715
-1.0495,2,359.232715
-3.175799,4,359.275715
-3.150281,4,359.324717
-3.142292,4,359.369715
-1.063575,2,359.391716
-3.169157,4,359.436715
-3.142105,4,359.484716
-2.097747,3,359.518716
-1.05151,2,359.540716
-3.153493,4,359.585716
-4.210497,5,359.642716
-2.101282,3,359.678717
-3.177349,4,359.722717
-1.059754,2,359.745716
-3.145944,4,359.79579
-1.053379,2,359.818791
-3.139274,4,359.898735
-1.040501,2,359.932733
-1.039373,2,359.969917
-2.108979,3,360.006916
-0.004395,1,360.018916
-3.136876,4,360.064919
-2.100391,3,360.104917
-2.110115,3,360.139919
-3.1746,4,360.191917
-0.012235,1,360.203917
-3.132129,4,360.253917
-2.137462,3,360.284917
-0.018851,1,360.294917
-2.090448,3,360.327917
-2.13264,3,360.365917
-0.013029,1,360.377917
-3.142307,4,360.419919
-2.121955,3,360.451917
-3.162105,4,360.500916
-2.112281,3,360.533917
-1.038054,2,360.558918
-1.0506,2,360.580916
-3.143226,4,360.627917
-2.096953,3,360.663917
-2.135584,3,360.696917
-2.083604,3,360.730917
-3.185064,4,360.778917
-2.095023,3,360.811916
-0.023465,1,360.823917
-3.171814,4,360.867917
-2.091126,3,360.904917
-1.036772,2,360.927917
-3.211955,4,360.974425
-1.065382,2,360.999425
-3.155601,4,361.046426
-1.059585,2,361.067425
-1.056398,2,361.089425
-2.127601,3,361.125483
-2.096078,3,361.161484
-3.167368,4,361.206483
-3.208357,4,361.252485
-2.128177,3,361.285483
-2.125652,3,361.324483
-3.157444,4,361.370483
-2.115086,3,361.403484
-2.096862,3,361.435483
-2.10647,3,361.472483
-1.042026,2,361.494482
-3.149581,4,361.538483
-0.00173,1,361.550483
-3.181971,4,361.599483
-2.096928,3,361.633483
-2.092792,3,361.668572
-0.018989,1,361.68057
-2.087926,3,361.71757
-3.15858,4,361.76457
-1.039482,2,361.78657
-1.061069,2,361.80857
-2.117073,3,361.84557
-3.137193,4,361.890571
-3.179021,4,361.936571
-3.182889,4,361.982674
-2.090928,3,362.020675
-2.10789,3,362.056674
-3.157378,4,362.0994
-3.161945,4,362.148401
-3.185525,4,362.194401
-2.086548,3,362.228402
-2.109928,3,362.261497
-1.037261,2,362.283496
-2.105686,3,362.322497
-3.14059,4,362.367497
-2.110358,3,362.400604
-1.067764,2,362.424604
-2.126239,3,362.465837
-2.086253,3,362.49784
-3.18215,4,362.540838
-2.10589,3,362.574837
-0.02079,1,362.589838
-3.189605,4,362.634839
-2.097299,3,362.670162
-4.232676,5,362.726162
-3.161002,4,362.777162
-3.156872,4,362.819162
-3.159216,4,362.862162
-3.154832,4,362.906161
-2.1055,3,362.942161
-3.159701,4,362.990162
-1.060821,2,363.011162
-0.009304,1,363.023162
-3.159754,4,363.070162
-3.195936,4,363.116162
-3.164534,4,363.159162
-0.022426,1,363.170162
-2.111747,3,363.212162
-2.100973,3,363.24667
-2.113492,3,363.280669
-3.166572,4,363.34167
-1.060071,2,363.36667
-3.157746,4,363.40967
-3.197894,4,363.464671
-3.194054,4,363.53367
-0.02444,1,363.553671
-2.123418,3,363.58967
-3.143189,4,363.638749
-3.165492,4,363.684825
-3.157387,4,363.736123
-3.160527,4,363.785123
-0.014613,1,363.797123
-4.272698,5,363.853123
-3.159393,4,363.903378
-3.142364,4,363.945379
-2.09494,3,363.980378
-0.024302,1,363.992379
-1.053569,2,364.018378
-3.157771,4,364.060379
-2.111449,3,364.095379
-1.057295,2,364.118378
-3.168103,4,364.165379
-1.042642,2,364.190379
-3.152983,4,364.236379
-3.189713,4,364.280379
-3.144433,4,364.330378
-3.192836,4,364.376444
-2.11984,3,364.411949
-2.12142,3,364.44812
-2.122668,3,364.484119
-2.098923,3,364.517118
-0.007926,1,364.528119
-2.119829,3,364.561377
-3.146069,4,364.612376
-1.054146,2,364.633377
-2.088751,3,364.666378
-2.094536,3,364.699376
-1.059039,2,364.727378
-4.266591,5,364.782377
-2.090261,3,364.811377
-2.106815,3,364.846377
-1.047936,2,364.871377
-3.179683,4,364.916378
-0.02343,1,364.928378
-1.058272,2,364.952378
-2.119604,3,364.988377
-3.158227,4,365.031377
-2.131841,3,365.065377
-4.266075,5,365.121377
-2.084294,3,365.158377
-2.108615,3,365.192377
-2.109154,3,365.226377
-3.232738,4,365.272377
-3.173193,4,365.319377
-3.177688,4,365.364377
-2.102131,3,365.397377
-3.199683,4,365.443377
-2.096942,3,365.481377
-2.084968,3,365.51638
-0.021629,1,365.5279
-3.156172,4,365.571887
-0.022882,1,365.586884
-3.191199,4,365.630885
-2.107664,3,365.664966
-3.178296,4,365.708966
-2.116752,3,365.746966
-1.048908,2,365.769965
-1.060385,2,365.791033
-3.175068,4,365.837032
-2.098293,3,365.875436
-4.229983,5,365.932435
-1.04842,2,365.953438
-2.110183,3,365.984436
-2.113514,3,366.019435
-2.098414,3,366.053437
-0.01952,1,366.064436
-0.02245,1,366.074435
-2.088271,3,366.116438
-3.159646,4,366.164435
-1.063913,2,366.186436
-3.154494,4,366.229438
-2.116804,3,366.267436
-0.024625,1,366.278436
-2.125542,3,366.312435
-0.004871,1,366.324435
-1.051504,2,366.349435
-2.119339,3,366.387435
-2.086022,3,366.420435
-1.052869,2,366.442435
-0.021774,1,366.458435
-3.144461,4,366.504435
-2.12055,3,366.537435
-3.182638,4,366.579436
-2.115612,3,366.616436
-3.146976,4,366.66144
-1.054227,2,366.683944
-0.009763,1,366.695944
-3.206956,4,366.743944
-3.155399,4,366.784945
-1.066359,2,366.807944
-1.041064,2,366.827944
-2.090616,3,366.867944
-3.172514,4,366.913943
-2.089826,3,366.947944
-2.094345,3,366.981944
-2.102354,3,367.019944
-2.12072,3,367.054048
-3.144261,4,367.097159
-0.009575,1,367.107159
-2.111668,3,367.146162
-3.144956,4,367.19016
-2.126133,3,367.224161
-2.106315,3,367.25916
-1.034386,2,367.28616
-1.064225,2,367.308159
-2.094562,3,367.342161
-2.124302,3,367.376385
-1.053512,2,367.402386
-3.147298,4,367.446386
-2.11924,3,367.482385
-3.168765,4,367.524385
-2.127359,3,367.561386
-0.00988,1,367.573385
-3.148741,4,367.617385
-2.135493,3,367.648386
-1.050079,2,367.673385
-3.146495,4,367.721385
-2.085845,3,367.755386
-2.106577,3,367.790386
-2.122765,3,367.826894
-2.104753,3,367.857894
-2.123009,3,367.888894
-3.194675,4,367.932894
-1.042639,2,367.957894
-0.01574,1,367.969893
-0.019169,1,367.981894
-1.04227,2,368.004895
-0.012745,1,368.019894
-2.087301,3,368.053894
-3.190712,4,368.094894
-1.063637,2,368.117895
-2.125736,3,368.153894
-0.018472,1,368.164895
-2.091421,3,368.197895
-1.047367,2,368.221894
-2.115564,3,368.256894
-3.166089,4,368.302894
-2.13734,3,368.335895
-2.089796,3,368.369894
-3.142898,4,368.419033
-0.011411,1,368.432033
-2.106619,3,368.465099
-3.187464,4,368.512099
-3.140464,4,368.562243
-3.143925,4,368.605242
-2.104941,3,368.638242
-1.065653,2,368.662243
-2.117594,3,368.700243
-0.023819,1,368.712242
-3.19939,4,368.753245
-4.234117,5,368.812242
-3.211633,4,368.858242
-4.254438,5,368.917243
-2.08051,3,368.951751
-1.055691,2,368.974751
-3.1539,4,369.025752
-3.14223,4,369.068751
-2.102948,3,369.100752
-0.016934,1,369.113752
-1.053784,2,369.139752
-2.089755,3,369.171751
-4.251799,5,369.224751
-2.11765,3,369.255751
-1.061339,2,369.280752
-2.078003,3,369.313751
-3.204678,4,369.358751
-2.099739,3,369.391752
-3.159425,4,369.438751
-4.239538,5,369.494751
-3.155099,4,369.539751
-3.199279,4,369.584753
-1.053808,2,369.610752
-3.138916,4,369.656751
-3.20772,4,369.698751
-1.053074,2,369.721751
-1.071248,2,369.748752
-1.053013,2,369.771752
-3.186931,4,369.816752
-1.058166,2,369.838751
-2.092537,3,369.877751
-2.116255,3,369.910752
-1.048741,2,369.931751
-2.07857,3,369.962751
-2.109902,3,370.007752
-2.086283,3,370.040752
-0.005737,1,370.051753
-2.113658,3,370.085755
-3.170781,4,370.139262
-1.061274,2,370.161409
-2.10248,3,370.196409
-2.098163,3,370.227409
-2.074706,3,370.26641
-3.157714,4,370.312411
-1.051511,2,370.333412
-3.162843,4,370.378409
-2.128758,3,370.417409
-2.117117,3,370.447409
-2.083878,3,370.482479
-4.239219,5,370.540479
-3.174123,4,370.588479
-1.060431,2,370.61148
-1.0534,2,370.633481
-2.115484,3,370.66848
-2.108654,3,370.708479
-2.115342,3,370.742479
-2.102207,3,370.77548
-3.189647,4,370.821479
-2.099577,3,370.860479
-1.054208,2,370.882479
-3.160742,4,370.925479
-1.063308,2,370.948479
-2.111642,3,370.984574
-3.155784,4,371.031573
-1.038089,2,371.050573
-2.091477,3,371.086574
-1.06087,2,371.112573
-2.097926,3,371.145573
-1.042908,2,371.165575
-2.085568,3,371.200574
-2.13243,3,371.236573
-2.102432,3,371.266577
-3.13441,4,371.316086
-2.116678,3,371.348083
-2.12268,3,371.384084
-0.00679,1,371.396083
-1.070954,2,371.419083
-2.082907,3,371.453083
-2.102884,3,371.491084
-2.118009,3,371.525083
-2.095729,3,371.556083
-0.007699,1,371.567084
-2.115313,3,371.604085
-2.097825,3,371.638083
-2.121282,3,371.672085
-2.121377,3,371.707083
-2.10004,3,371.744083
-2.136161,3,371.778083
-0.021994,1,371.789083
-2.130883,3,371.822084
-1.044399,2,371.850085
-1.066587,2,371.872083
-3.152526,4,371.919083
-0.018897,1,371.931083
-3.162351,4,371.978084
-2.09898,3,372.011083
-1.044784,2,372.035083
-1.062351,2,372.058083
-2.122445,3,372.098083
-2.093465,3,372.129084
-2.12013,3,372.163083
-0.023305,1,372.175083
-2.084788,3,372.212083
-3.200572,4,372.258083
-2.099982,3,372.294084
-1.055,2,372.316083
-3.158964,4,372.367084
-2.087545,3,372.402086
-2.083455,3,372.435591
-2.111812,3,372.467591
-0.019061,1,372.482816
-2.117368,3,372.518015
-2.128999,3,372.554015
-2.098822,3,372.586014
-3.147494,4,372.635015
-2.130045,3,372.667014
-2.120734,3,372.699015
-2.101099,3,372.734015
-2.099472,3,372.772015
-2.127839,3,372.806015
-3.185632,4,372.851015
-0.008139,1,372.863015
-2.104695,3,372.900015
-0.010969,1,372.911015
-0.01369,1,372.923015
-2.092849,3,372.957015
-1.063549,2,372.984014
-2.089384,3,373.019014
-1.042242,2,373.043015
-2.128531,3,373.079014
-3.182099,4,373.124016
-1.048692,2,373.147014
-1.052297,2,373.170014
-3.144243,4,373.214015
-2.080115,3,373.251015
-1.042681,2,373.274015
-2.102222,3,373.306014
-3.158866,4,373.350014
-1.047934,2,373.378014
-2.108416,3,373.409014
-1.055894,2,373.431015
-1.04642,2,373.454015
-2.10322,3,373.490014
-3.194381,4,373.538018
-1.063121,2,373.558524
-3.16006,4,373.608523
-2.117817,3,373.646523
-1.057898,2,373.672524
-1.067467,2,373.698524
-3.167768,4,373.747524
-3.174481,4,373.795704
-1.043446,2,373.819809
-4.226359,5,373.871808
-3.168402,4,373.915807
-3.156915,4,373.965808
-2.136901,3,373.998807
-1.04786,2,374.019808
-1.055399,2,374.043808
-1.060166,2,374.069807
-3.195363,4,374.114992
-1.051926,2,374.137991
-3.140533,4,374.186992
-2.135204,3,374.223991
-0.016138,1,374.233991
-3.163027,4,374.280991
-3.212178,4,374.322992
-1.061459,2,374.347992
-2.08225,3,374.381991
-3.157733,4,374.429333
-1.049416,2,374.450334
-2.125018,3,374.487333
-2.108738,3,374.518333
-2.123074,3,374.552334
-2.101591,3,374.588333
-1.0533,2,374.733844
-3.17454,4,374.775844
-3.151298,4,374.822846
-3.142732,4,374.869296
-0.009637,1,374.884297
-3.162082,4,374.931298
-2.116308,3,374.964296
-2.123889,3,374.997296
-2.086163,3,375.036296
-3.176106,4,375.080296
-2.086787,3,375.113296
-3.142854,4,375.157297
-1.039502,2,375.182296
-2.11526,3,375.216295
-2.122943,3,375.251296
-2.119489,3,375.283296
-2.078375,3,375.320297
-2.109538,3,375.355296
-2.119561,3,375.389297
-3.19354,4,375.433296
-1.064915,2,375.459296
-2.117088,3,375.494296
-2.084743,3,375.527296
-2.086269,3,375.561296
-0.014059,1,375.576297
-0.022805,1,375.588296
-2.134467,3,375.621296
-2.097412,3,375.654298
-2.11562,3,375.693297
-1.054867,2,375.716296
-1.047995,2,375.739296
-3.199725,4,375.784296
-1.068333,2,375.812297
-3.160542,4,375.857295
-1.058405,2,375.880805
-0.018693,1,375.893806
-0.020831,1,375.909805
-2.096072,3,375.942804
-2.11506,3,375.976804
-3.178761,4,376.020805
-3.153066,4,376.068983
-3.221281,4,376.111983
-1.053371,2,376.134982
-3.158564,4,376.178987
-2.076694,3,376.216255
-2.117553,3,376.251256
-1.066996,2,376.274255
-1.050698,2,376.295255
-0.016858,1,376.310256
-2.116566,3,376.347255
-3.176639,4,376.3946
-4.262195,5,376.450599
-2.089683,3,376.488599
-2.087492,3,376.5216
-2.095209,3,376.553599
-1.037417,2,376.5766
-0.003876,1,376.590678
-1.036897,2,376.612677
-1.038478,2,376.636677
-2.081729,3,376.669677
-0.016496,1,376.685678
-1.055898,2,376.708677
-3.17464,4,376.750678
-0.022142,1,376.761678
-1.048106,2,376.789677
-3.143109,4,376.835678
-2.092647,3,376.869678
-3.171034,4,376.913677
-3.160589,4,376.961679
-2.083962,3,376.995679
-3.148623,4,377.040185
-2.10142,3,377.071186
-3.175859,4,377.120186
-0.017745,1,377.131186
-3.142448,4,377.176186
-1.036956,2,377.197186
-1.060834,2,377.222449
-1.038156,2,377.24545
-1.066548,2,377.27145
-3.167007,4,377.314449
-2.097121,3,377.351449
-3.141595,4,377.396449
-1.051613,2,377.418449
-2.141152,3,377.45545
-3.157849,4,377.504449
-2.086186,3,377.537449
-0.00268,1,377.54845
-2.118235,3,377.585449
-3.153036,4,377.631449
-2.123607,3,377.664449
-3.167785,4,377.708449
-1.033602,2,377.73145
-3.157905,4,377.78145
-2.108288,3,377.816448
-2.091192,3,377.847449
-3.183922,4,377.89345
-3.17428,4,377.942449
-2.133331,3,377.975449
-1.064145,2,377.998449
-2.098697,3,378.03045
-0.018874,1,378.045449
-2.083094,3,378.08045
-3.153158,4,378.12545
-1.04283,2,378.147959
-2.081749,3,378.186961
-3.163783,4,378.232038
-2.116352,3,378.265138
-3.142353,4,378.310432
-1.046464,2,378.339432
-1.067444,2,378.362432
-3.212429,4,378.409434
-3.161716,4,378.488434
-2.132022,3,378.538433
-2.119477,3,378.574432
-0.019887,1,378.585433
-1.049973,2,378.608432
-3.165596,4,378.661432
-3.18421,4,378.704432
-2.098453,3,378.735431
-3.171682,4,378.784432
-2.087409,3,378.826431
-2.120848,3,378.863433
-2.096657,3,378.898433
-3.155234,4,378.944434
-1.063915,2,378.969432
-2.11465,3,379.006432
-2.123138,3,379.039432
-0.016305,1,379.050433
-3.148918,4,379.099433
-2.110993,3,379.130432
-2.087128,3,379.163433
-3.141797,4,379.212432
-3.22628,4,379.260435
-2.118044,3,379.296941
-2.093919,3,379.332077
-3.170644,4,379.37508
-2.136674,3,379.411151
-3.13727,4,379.456151
-3.175621,4,379.501527
-0.018554,1,379.511527
-2.126553,3,379.549527
-2.088162,3,379.583527
-3.147352,4,379.626527
-2.119138,3,379.659527
-3.164731,4,379.707527
-2.13503,3,379.742527
-2.107674,3,379.777527
-2.085212,3,379.812526
-2.081457,3,379.848527
-2.119131,3,379.882527
-2.131228,3,379.916527
-3.194512,4,379.960527
-0.015931,1,379.976527
-3.137862,4,380.019527
-2.102695,3,380.052526
-1.057603,2,380.074528
-2.109016,3,380.113528
-3.153448,4,380.155528
-1.048373,2,380.176527
-0.006594,1,380.188527
-2.115555,3,380.227527
-2.098371,3,380.259526
-2.108205,3,380.292527
-2.115188,3,380.326526
-2.108666,3,380.363527
-2.11329,3,380.395527
-2.11741,3,380.431527
-2.104602,3,380.467531
-4.256166,5,380.528038
-4.251611,5,380.583038
-2.108761,3,380.617038
-3.184558,4,380.664037
-1.063407,2,380.692038
-1.06435,2,380.714037
-1.068522,2,380.736038
-3.133917,4,380.780039
-2.104277,3,380.818038
-2.079419,3,380.854038
-1.059966,2,380.875038
-0.023646,1,380.886038
-1.050417,2,380.913037
-4.262527,5,380.971128
-1.06006,2,380.993128
-3.141371,4,381.035128
-3.229008,4,381.085128
-3.145249,4,381.130129
-2.083879,3,381.163319
-2.106395,3,381.19832
-2.086799,3,381.24032
-0.017677,1,381.251319
-2.09486,3,381.285418
-3.156711,4,381.334419
-2.098615,3,381.373419
-3.147137,4,381.420419
-0.019313,1,381.431418
-1.06914,2,381.453419
-3.181174,4,381.502418
-2.12107,3,381.536419
-3.163506,4,381.579418
-1.053807,2,381.603419
-2.1195,3,381.636933
-1.049213,2,381.657927
-4.236581,5,381.713928
-1.034653,2,381.737928
-0.014626,1,381.752929
-1.051391,2,381.775929
-3.155659,4,381.819929
-3.133761,4,381.865929
-3.155233,4,381.913928
-2.103959,3,381.948928
-2.104269,3,381.981928
-2.125025,3,382.037928
-3.155808,4,382.10793
-4.275675,5,382.166929
-1.038518,2,382.193929
-1.068185,2,382.214929
-2.080773,3,382.253928
-0.009188,1,382.265928
-3.166477,4,382.312929
-2.111289,3,382.350928
-3.147411,4,382.401928
-2.08995,3,382.43593
-2.121855,3,382.470929
-2.11552,3,382.504929
-2.085071,3,382.541928
-2.104563,3,382.574928
-3.151036,4,382.621927
-1.049131,2,382.643928
-2.090892,3,382.681928
-3.153195,4,382.725928
-3.158726,4,382.773439
-1.058286,2,382.80044
-3.178088,4,382.847439
-0.023052,1,382.857439
-3.161838,4,382.902439
-2.106315,3,382.935562
-2.089356,3,382.976563
-1.041702,2,383.000649
-3.149258,4,383.043649
-0.011119,1,383.056649
-2.124395,3,383.093649
-3.220457,4,383.137649
-1.061276,2,383.161649
-2.089595,3,383.194649
-0.01328,1,383.208648
-3.141734,4,383.252649
-3.148206,4,383.297649
-1.040191,2,383.320649
-2.099164,3,383.360649
-1.05126,2,383.384648
-0.016567,1,383.396649
-2.107036,3,383.430649
-1.055644,2,383.457649
-3.159765,4,383.502726
-3.169612,4,383.545727
-3.184488,4,383.592727
-2.110626,3,383.630727
-3.146036,4,383.674726
-3.16377,4,383.719726
-3.146693,4,383.760802
-3.142892,4,383.807129
-4.220975,5,383.864129
-1.04822,2,383.887133
-3.146598,4,383.93164
-2.125736,3,383.968006
-2.119792,3,384.000005
-0.016821,1,384.012006
-1.066413,2,384.034005
-1.042554,2,384.061006
-0.015661,1,384.074006
-2.092203,3,384.107006
-1.057656,2,384.128006
-0.019989,1,384.143006
-2.117448,3,384.177005
-3.155264,4,384.222005
-1.036315,2,384.246005
-3.194969,4,384.300006
-1.058801,2,384.324007
-1.042421,2,384.347005
-0.012796,1,384.359006
-1.042088,2,384.386005
-0.022076,1,384.397005
-4.251602,5,384.454005
-0.015443,1,384.465006
-1.061606,2,384.494006
-2.114767,3,384.530005
-2.096509,3,384.569005
-2.092208,3,384.605006
-3.171971,4,384.653006
-3.161211,4,384.698005
-2.115993,3,384.732005
-1.042493,2,384.756005
-0.023052,1,384.772005
-2.110214,3,384.807005
-1.063245,2,384.830005
-3.153082,4,384.870005
-0.012775,1,384.885005
-2.116204,3,384.922006
-3.124912,4,384.967006
-3.142693,4,385.014006
-2.097152,3,385.055514
-1.050629,2,385.086514
-2.07939,3,385.123514
-1.058983,2,385.151514
-1.060019,2,385.179514
-1.070845,2,385.202677
-2.098776,3,385.238678
-1.068749,2,385.268677
-2.114962,3,385.306677
-2.106275,3,385.34084
-2.089363,3,385.376839
-3.14986,4,385.42084
-3.157094,4,385.47084
-3.173549,4,385.51484
-2.084182,3,385.54884
-2.100331,3,385.582839
-3.172567,4,385.635839
-0.007489,1,385.648839
-3.195704,4,385.695979
-1.061724,2,385.71898
-2.084777,3,385.76098
-0.010457,1,385.772979
-3.183047,4,385.821979
-1.063384,2,385.843979
-0.021906,1,385.858979
-0.01807,1,385.869979
-2.130862,3,385.902978
-3.133042,4,385.950982
-3.172711,4,385.998981
-3.152491,4,386.046043
-1.046079,2,386.070044
-2.096609,3,386.102043
-2.094169,3,386.142044
-1.063865,2,386.164044
-1.058766,2,386.187823
-2.118515,3,386.220822
-2.114283,3,386.261822
-3.192407,4,386.306821
-1.040145,2,386.327821
-2.107039,3,386.365926
-3.170254,4,386.414927
-2.088869,3,386.446925
-0.016883,1,386.462925
-0.005027,1,386.474926
-2.096272,3,386.511926
-1.06052,2,386.534008
-2.114456,3,386.573008
-2.108189,3,386.611008
-2.102448,3,386.649008
-3.158583,4,386.693009
-3.196948,4,386.74201
-2.098631,3,386.776008
-2.104037,3,386.814008
-3.155989,4,386.858008
-2.113144,3,386.890008
-3.141142,4,386.935008
-1.062052,2,386.960008
-3.139713,4,387.003133
-3.22079,4,387.049402
-2.07597,3,387.083402
-2.107233,3,387.123404
-1.039858,2,387.146402
-1.063795,2,387.168404
-0.017756,1,387.178402
-2.105109,3,387.218402
-3.142765,4,387.262403
-2.129073,3,387.297402
-2.105582,3,387.329911
-2.124035,3,387.371912
-1.048316,2,387.394912
-3.17887,4,387.442912
-2.103414,3,387.478912
-1.068334,2,387.503911
-2.115406,3,387.534911
-2.093423,3,387.566911
-0.011889,1,387.576912
-2.113285,3,387.616912
-1.056485,2,387.651456
-3.146404,4,387.718455
-2.127741,3,387.759455
-3.128657,4,387.812454
-3.194168,4,387.857455
-0.006675,1,387.868455
-3.163806,4,387.915454
-1.050847,2,387.943455
-2.112671,3,387.982454
-2.115508,3,388.020455
-1.035291,2,388.043455
-2.087897,3,388.084454
-1.048752,2,388.107454
-3.178913,4,388.147453
-0.015326,1,388.157454
-2.091464,3,388.195455
-3.164271,4,388.240454
-1.043116,2,388.261455
-2.098012,3,388.290454
-0.018456,1,388.308454
-2.112684,3,388.340454
-3.140634,4,388.382454
-2.088303,3,388.415455
-2.107056,3,388.457459
-3.148444,4,388.507964
-3.193512,4,388.558964
-0.021566,1,388.570964
-2.080792,3,388.608964
-2.134153,3,388.641964
-1.057072,2,388.665964
-2.099149,3,388.700964
-1.050788,2,388.728964
-4.220183,5,388.784113
-4.246412,5,388.840112
-3.191126,4,388.891112
-3.169677,4,388.947257
-3.163395,4,388.990257
-3.169835,4,389.038257
-1.052049,2,389.061257
-2.103642,3,389.098256
-0.023019,1,389.110257
-1.05008,2,389.13335
-3.146097,4,389.181351
-1.056069,2,389.21835
-1.066455,2,389.24035
-4.260731,5,389.293351
-2.114517,3,389.32735
-2.095327,3,389.364349
-2.116792,3,389.396351
-1.042108,2,389.41935
-3.151001,4,389.46335
-3.183567,4,389.51035
-2.136697,3,389.54535
-1.0646,2,389.56635
-2.127335,3,389.598349
-2.091735,3,389.63535
-0.014983,1,389.648349
-2.092532,3,389.681355
-2.082926,3,389.720861
-3.137314,4,389.772961
-2.085549,3,389.802961
-3.148893,4,389.841961
-2.114682,3,389.874962
-3.173721,4,389.920961
-3.125906,4,389.963048
-3.192701,4,390.006047
-3.152745,4,390.046273
-3.185705,4,390.093273
-2.111849,3,390.124272
-2.120895,3,390.154592
-0.018457,1,390.16459
-3.138315,4,390.213591
-2.110584,3,390.24659
-1.037886,2,390.268592
-1.039747,2,390.28959
-0.017811,1,390.305593
-3.17154,4,390.34759
-3.211027,4,390.393591
-3.155386,4,390.440591
-3.179643,4,390.490591
-2.104518,3,390.525591
-2.112998,3,390.55959
-2.114555,3,390.592591
-2.117499,3,390.62859
-2.087352,3,390.662591
-2.117156,3,390.69659
-2.109391,3,390.726591
-2.095827,3,390.765591
-3.169413,4,390.806591
-1.068187,2,390.827594
-2.098233,3,390.862105
-0.024329,1,390.878104
-3.154721,4,390.924104
-2.084598,3,390.960104
-2.114049,3,391.001106
-0.023095,1,391.017105
-3.160345,4,391.062106
-2.125954,3,391.096104
-1.061631,2,391.118104
-0.021499,1,391.134105
-1.042944,2,391.155105
-2.092444,3,391.190104
-2.083807,3,391.223104
-1.062256,2,391.249104
-3.145037,4,391.291104
-3.168155,4,391.334105
-2.090833,3,391.363227
-2.120855,3,391.403327
-2.111546,3,391.429327
-3.148252,4,391.476328
-1.062132,2,391.497326
-3.151953,4,391.548327
-2.109422,3,391.583327
-3.153019,4,391.629326
-0.00373,1,391.639327
-2.100531,3,391.677327
-2.133362,3,391.710328
-2.122189,3,391.745327
-1.050652,2,391.768329
-1.048019,2,391.793328
-1.039653,2,391.814327
-2.114992,3,391.845327
-2.103929,3,391.877327
-3.147383,4,391.926328
-3.160254,4,391.973838
-3.176668,4,392.01884
-3.181437,4,392.065839
-2.101678,3,392.101838
-1.056282,2,392.123838
-2.09039,3,392.157839
-2.105894,3,392.197839
-1.050042,2,392.223839
-3.156884,4,392.267839
-2.14598,3,392.301838
-2.107845,3,392.335838
-2.088112,3,392.371839
-2.09918,3,392.407839
-1.06309,2,392.429838
-2.094202,3,392.462839
-3.155309,4,392.511838
-0.014158,1,392.522839
-2.113618,3,392.554839
-0.015733,1,392.566838
-2.11891,3,392.604839
-3.152073,4,392.647839
-2.100548,3,392.679839
-3.138389,4,392.725839
-2.12032,3,392.76384
-2.121563,3,392.798841
-1.050395,2,392.819839
-2.104206,3,392.848839
-1.055384,2,392.87484
-2.121348,3,392.909839
-2.117398,3,392.941839
-2.103397,3,392.976838
-2.087361,3,393.014838
-2.089845,3,393.04884
-3.157099,4,393.093838
-1.046034,2,393.114841
-2.085728,3,393.154347
-2.095415,3,393.186347
-1.040648,2,393.207348
-1.045765,2,393.229348
-0.020166,1,393.245431
-2.121121,3,393.300434
-3.182799,4,393.35443
-3.138088,4,393.403646
-3.16518,4,393.451646
-0.0202,1,393.463646
-2.12259,3,393.496646
-2.089311,3,393.531908
-3.162524,4,393.58491
-2.102342,3,393.625907
-2.111045,3,393.660908
-2.095746,3,393.693907
-1.041988,2,393.723907
-2.116758,3,393.755908
-2.128471,3,393.788907
-2.121492,3,393.824908
-3.159735,4,393.871907
-1.051844,2,393.892908
-3.187035,4,393.938907
-2.123214,3,393.969907
-1.038914,2,393.997907
-2.125359,3,394.027907
-2.075829,3,394.060908
-1.064323,2,394.083907
-2.125835,3,394.119908
-2.14002,3,394.152907
-3.175857,4,394.194907
-2.101535,3,394.225907
-2.084937,3,394.268414
-2.098489,3,394.302415
-3.166653,4,394.348415
-2.106994,3,394.38285
-3.144239,4,394.432851
-2.095389,3,394.468852
-2.11725,3,394.501851
-3.169441,4,394.544851
-2.113536,3,394.583852
-3.186826,4,394.628851
-2.08774,3,394.662852
-3.16829,4,394.709851
-2.087419,3,394.748851
-1.05353,2,394.770083
-1.055089,2,394.792084
-0.020547,1,394.805084
-1.04197,2,394.831084
-1.061687,2,394.853084
-3.188969,4,394.897084
-1.061737,2,394.922084
-0.015016,1,394.936083
-3.154358,4,394.979084
-1.067459,2,395.002084
-3.146548,4,395.048084
-2.114584,3,395.087084
-2.120452,3,395.118083
-3.15402,4,395.164083
-1.052118,2,395.187086
-0.004233,1,395.203084
-1.055032,2,395.225084
-3.140882,4,395.271083
-0.012102,1,395.283083
-2.126296,3,395.321084
-3.168487,4,395.367084
-3.152068,4,395.411598
-3.145595,4,395.458595
-2.126372,3,395.496592
-3.227147,4,395.537757
-0.007799,1,395.548756
-2.088724,3,395.581756
-1.045009,2,395.607755
-1.04743,2,395.628756
-1.061298,2,395.649756
-1.050884,2,395.671757
-2.115122,3,395.709756
-2.101083,3,395.741755
-2.095073,3,395.773755
-0.020066,1,395.783757
-2.087956,3,395.822756
-3.156044,4,395.865756
-1.048573,2,395.887755
-1.054182,2,395.910756
-3.205284,4,395.959831
-3.151333,4,396.004832
-3.157204,4,396.056833
-1.048182,2,396.077832
-1.060133,2,396.103832
-2.101534,3,396.136831
-1.059799,2,396.158831
-2.111789,3,396.190831
-2.128006,3,396.228831
-1.034443,2,396.250833
-3.161626,4,396.296832
-1.057011,2,396.329178
-3.162696,4,396.399177
-2.111991,3,396.438177
-2.101071,3,396.473176
-2.111981,3,396.509176
-1.043514,2,396.535179
-2.119994,3,396.571685
-3.186203,4,396.615687
-2.082344,3,396.651685
-2.086634,3,396.693685
-3.148903,4,396.737686
-3.145256,4,396.783952
-3.199032,4,396.82995
-3.160128,4,396.88095
-2.122301,3,396.913951
-2.134576,3,396.94795
-1.063952,2,396.968952
-3.148764,4,397.02095
-2.093649,3,397.05195
-2.113066,3,397.08395
-1.034715,2,397.10795
-3.20326,4,397.15495
-2.084937,3,397.187951
-2.090624,3,397.22295
-2.114641,3,397.259066
-3.152738,4,397.307066
-2.122856,3,397.341065
-1.033362,2,397.363066
-1.048974,2,397.385065
-2.115679,3,397.420067
-2.119978,3,397.456067
-3.14656,4,397.501066
-3.193796,4,397.548068
-2.116743,3,397.583066
-2.107058,3,397.615406
-2.091623,3,397.649405
-2.130496,3,397.684015
-3.184348,4,397.735015
-2.081708,3,397.772016
-3.153147,4,397.816016
-1.046339,2,397.836015
-0.023139,1,397.852015
-3.157339,4,397.897016
-3.15585,4,397.941016
-2.134053,3,397.972016
-2.134866,3,398.012015
-2.088227,3,398.047016
-3.183553,4,398.091016
-0.017964,1,398.103015
-1.070825,2,398.129015
-2.138015,3,398.159015
-3.177065,4,398.204016
-1.067647,2,398.226016
-3.159973,4,398.273016
-1.066789,2,398.295015
-1.063821,2,398.318015
-2.129941,3,398.350015
-3.185324,4,398.397131
-2.104405,3,398.431131
-3.163288,4,398.473131
-1.056041,2,398.496132
-2.097726,3,398.533132
-3.157534,4,398.578132
-0.023466,1,398.588131
-3.172211,4,398.632133
-2.11122,3,398.671131
-1.063432,2,398.693131
-2.095978,3,398.724132
-2.106065,3,398.758134
-0.013375,1,398.773132
-3.145273,4,398.817136
-1.037441,2,398.841641
-2.124563,3,398.875642
-1.068759,2,398.907642
-2.103425,3,398.959642
-2.125913,3,399.005642
-1.046484,2,399.031853
-3.210129,4,399.080853
-1.057887,2,399.102853
-0.005594,1,399.113853
-1.064052,2,399.137852
-0.019509,1,399.153852
-3.141407,4,399.200852
-3.141608,4,399.252852
-2.088799,3,399.28496
-2.078323,3,399.322098
-2.089014,3,399.356098
-1.041114,2,399.379099
-2.109546,3,399.4231
-0.01014,1,399.491055
-1.041259,2,399.527055
-0.019625,1,399.541055
-2.090707,3,399.576055
-2.124556,3,399.614054
-2.092879,3,399.648055
-1.071063,2,399.670142
-2.129852,3,399.705142
-0.01977,1,399.724142
-0.013705,1,399.740143
-3.151737,4,399.786382
-2.090132,3,399.822382
-1.056444,2,399.855382
-2.092368,3,399.888382
-3.161361,4,399.933381
-1.06533,2,399.957383
-1.051068,2,399.983386
-2.113759,3,400.020892
-3.154283,4,400.066892
-3.157051,4,400.112891
-1.060173,2,400.139892
-3.179221,4,400.184891
-1.037347,2,400.210891
-1.050058,2,400.232051
-1.052785,2,400.26105
-2.091464,3,400.29605
-1.047639,2,400.320052
-3.159186,4,400.36405
-1.043804,2,400.393051
-3.185708,4,400.43705
-1.055293,2,400.45905
-1.035407,2,400.481411
-2.102791,3,400.521411
-1.047425,2,400.543411
-1.033567,2,400.566411
-1.068191,2,400.588411
-1.046981,2,400.61641
-2.129037,3,400.650411
-3.151799,4,400.694412
-2.084068,3,400.729411
-1.047642,2,400.757411
-1.045071,2,400.779412
-3.164225,4,400.824411
-2.131198,3,400.858411
-0.020352,1,400.875411
-2.128034,3,400.909411
-2.132331,3,400.945411
-1.047695,2,400.967411
-3.171827,4,401.016412
-1.064314,2,401.040411
-3.186508,4,401.089411
-3.167096,4,401.132921
-1.059628,2,401.16292
-1.037798,2,401.18492
-1.064966,2,401.20792
-1.050614,2,401.23192
-3.179498,4,401.278996
-1.041075,2,401.300997
-3.176587,4,401.346048
-2.10266,3,401.383129
-2.130303,3,401.421129
-2.077951,3,401.458129
-2.10884,3,401.4932
-2.114085,3,401.522201
-3.180707,4,401.5722
-2.105481,3,401.6062
-3.15802,4,401.6482
-1.053266,2,401.671298
-1.067248,2,401.698297
-1.058479,2,401.720297
-2.112099,3,401.753418
-2.110271,3,401.787417
-2.091783,3,401.826417
-2.089862,3,401.859417
-2.119535,3,401.892417
-1.051231,2,401.913418
-2.11365,3,401.951419
-3.173351,4,401.994688
-2.136977,3,402.026688
-1.035812,2,402.049687
-0.021968,1,402.063688
-1.044985,2,402.087688
-3.166351,4,402.130687
-2.135399,3,402.166687
-1.043567,2,402.191689
-2.097855,3,402.225687
-1.034932,2,402.248687
-1.037101,2,402.272687
-3.226352,4,402.322196
-2.08246,3,402.357198
-3.17736,4,402.400197
-1.046009,2,402.42131
-3.182966,4,402.471309
-2.090096,3,402.518311
-2.086109,3,402.570311
-3.135798,4,402.62731
-3.156772,4,402.67731
-2.084872,3,402.715309
-2.093085,3,402.750309
-2.130892,3,402.785309
-3.167152,4,402.84231
-2.125191,3,402.877312
-3.16452,4,402.92331
-2.097477,3,402.95831
-3.158553,4,403.010309
-3.199056,4,403.055429
-2.094177,3,403.08943
-1.065238,2,403.11143
-1.05874,2,403.140431
-1.066228,2,403.162431
-2.100488,3,403.195687
-3.167169,4,403.240687
-2.113414,3,403.277686
-1.061473,2,403.299687
-1.042123,2,403.323687
-2.11563,3,403.358687
-3.161334,4,403.404687
-1.058168,2,403.429689
-3.163924,4,403.481195
-1.03396,2,403.501198
-3.154803,4,403.551196
-2.083264,3,403.587195
-1.061666,2,403.609197
-3.157331,4,403.654196
-2.12224,3,403.691195
-2.092315,3,403.726303
-2.079681,3,403.759303
-1.03841,2,403.780304
-1.067569,2,403.807304
-0.004325,1,403.819303
-2.128161,3,403.851398
-3.214339,4,403.896398
-0.006133,1,403.913397
-1.068217,2,403.936397
-0.01686,1,403.948399
-2.116051,3,403.983398
-1.057218,2,404.010397
-3.138343,4,404.056397
-3.174592,4,404.101512
-3.13808,4,404.147511
-1.057291,2,404.171512
-0.020785,1,404.183513
-2.129742,3,404.220512
-2.124642,3,404.254512
-2.082836,3,404.292512
-0.00496,1,404.303512
-1.054536,2,404.325511
-2.106638,3,404.360512
-3.196406,4,404.409512
-2.086042,3,404.441511
-2.12137,3,404.475511
-3.172257,4,404.518511
-2.118974,3,404.557511
-2.123565,3,404.593021
-2.120467,3,404.627021
-2.095085,3,404.66202
-3.169364,4,404.708021
-1.050418,2,404.729021
-0.019899,1,404.740021
-3.14845,4,404.78802
-2.080971,3,404.82302
-1.062182,2,404.845022
-3.15059,4,404.88502
-3.137993,4,404.92802
-3.139701,4,404.976022
-2.106552,3,405.009023
-2.097443,3,405.040021
-1.054006,2,405.064021
-2.092137,3,405.102021
-0.018419,1,405.115022
-2.110271,3,405.150021
-3.175871,4,405.195021
-0.006774,1,405.209021
-2.102927,3,405.245021
-3.165815,4,405.289021
-1.040285,2,405.31102
-0.008126,1,405.327021
-3.168747,4,405.371021
-1.049201,2,405.396021
-3.153452,4,405.440021
-3.167238,4,405.48402
-2.110204,3,405.51402
-3.137725,4,405.55602
-2.116429,3,405.589022
-1.048451,2,405.616021
-1.037763,2,405.640021
-1.061768,2,405.662021
-2.118049,3,405.696021
-3.208142,4,405.744529
-2.097896,3,405.779529
-2.104368,3,405.80953
-1.05017,2,405.830529
-2.120712,3,405.866529
-2.108531,3,405.901783
-2.123169,3,405.935158
-0.008675,1,405.947158
-1.074828,2,405.973158
-3.165061,4,406.020158
-1.073996,2,406.043158
-2.124889,3,406.076158
-2.128199,3,406.114157
-2.09955,3,406.148157
-2.097921,3,406.182158
-1.056248,2,406.207157
-0.024796,1,406.221157
-2.086815,3,406.255157
-2.090508,3,406.290158
-2.093235,3,406.325158
-3.165845,4,406.375157
-1.054296,2,406.395159
-2.104643,3,406.431157
-2.114409,3,406.464158
-1.045927,2,406.491158
-2.110215,3,406.523156
-0.023848,1,406.535157
-2.095106,3,406.569157
-2.090448,3,406.605157
-2.090066,3,406.640157
-2.116554,3,406.675159
-2.086575,3,406.708158
-1.056796,2,406.734157
-2.095313,3,406.770161
-3.19598,4,406.815158
-3.221958,4,406.860158
-1.048368,2,406.88616
-0.014469,1,406.899666
-2.090405,3,406.934667
-2.11582,3,406.966908
-1.061624,2,406.995909
-1.05733,2,407.023908
-2.115109,3,407.055908
-2.11148,3,407.091908
-3.201518,4,407.138908
-1.068221,2,407.160908
-2.088731,3,407.194908
-2.132491,3,407.229148
-3.167791,4,407.278147
-2.082926,3,407.311146
-3.1435,4,407.356147
-3.164112,4,407.402147
-2.099348,3,407.439147
-2.104625,3,407.474146
-3.144543,4,407.519147
-2.086412,3,407.554148
-1.042454,2,407.578147
-2.107085,3,407.613147
-2.085914,3,407.649147
-3.183349,4,407.692147
-0.023711,1,407.706146
-1.042906,2,407.728146
-3.148134,4,407.772147
-1.044459,2,407.792147
-1.056562,2,407.819147
-1.061055,2,407.840147
-2.09857,3,407.874146
-2.116906,3,407.907147
-2.085126,3,407.943147
-2.07962,3,407.979148
-0.006524,1,407.991147
-2.106403,3,408.024149
-2.098091,3,408.062656
-1.056737,2,408.086862
-2.132055,3,408.119861
-2.128995,3,408.151966
-2.126396,3,408.191966
-0.005766,1,408.202966
-3.184302,4,408.245966
-1.044749,2,408.267965
-2.099604,3,408.307966
-2.118097,3,408.341967
-3.195255,4,408.387965
-1.048192,2,408.413965
-3.136471,4,408.461966
-1.054433,2,408.482966
-2.088889,3,408.515966
-3.183946,4,408.560029
-3.158341,4,408.614029
-3.15887,4,408.667029
-3.171193,4,408.712029
-2.106016,3,408.749029
-2.097696,3,408.78903
-2.105853,3,408.823029
-3.157628,4,408.874029
-1.062687,2,408.895029
-2.131427,3,408.934028
-2.129536,3,408.973029
-3.177728,4,409.028028
-0.023606,1,409.038029
-2.086783,3,409.078029
-2.092567,3,409.115029
-1.062009,2,409.137029
-1.06809,2,409.15803
-2.138733,3,409.203539
-2.10832,3,409.237776
-2.08745,3,409.271775
-0.002489,1,409.284775
-2.093017,3,409.320776
-2.114499,3,409.354776
-3.15461,4,409.399776
-2.094182,3,409.442775
-2.088728,3,409.479775
-2.107689,3,409.514775
-2.116484,3,409.546775
-1.051249,2,409.568775
-2.101507,3,409.607775
-1.055782,2,409.633775
-3.1591,4,409.681776
-3.184745,4,409.730776
-1.069578,2,409.754776
-3.165585,4,409.80988
-2.094921,3,409.86788
-3.154143,4,409.92945
-3.193976,4,409.98445
-2.094309,3,410.02245
-0.002819,1,410.034449
-3.149855,4,410.081553
-3.155774,4,410.131553
-3.174597,4,410.183553
-3.18213,4,410.231553
-2.086709,3,410.268552
-1.041963,2,410.295553
-1.063553,2,410.318061
-3.195306,4,410.371168
-2.123935,3,410.408167
-3.157015,4,410.458166
-1.070144,2,410.481286
-3.1912,4,410.528555
-3.163587,4,410.573555
-1.059591,2,410.611555
-3.173391,4,410.658556
-2.12278,3,410.689556
-1.047624,2,410.714557
-0.015936,1,410.729555
-3.174507,4,410.774555
-1.045877,2,410.794555
-2.119502,3,410.829556
-2.113957,3,410.865556
-2.120796,3,410.902556
-0.010647,1,410.916555
-3.18183,4,410.964556
-2.088659,3,411.001554
-3.16642,4,411.053557
-2.115172,3,411.095556
-2.115689,3,411.135556
-1.060546,2,411.164556
-2.128878,3,411.198555
-3.164192,4,411.247556
-1.059125,2,411.271556
-0.020284,1,411.285555
-3.149948,4,411.331555
-2.088952,3,411.370671
-1.061083,2,411.39367
-0.006105,1,411.408672
-2.109388,3,411.445803
-0.024445,1,411.457311
-0.013648,1,411.469308
-2.124972,3,411.513308
-1.057741,2,411.536308
-2.129479,3,411.571309
-0.013152,1,411.582309
-1.060832,2,411.614308
-2.120189,3,411.649308
-1.034767,2,411.671309
-3.15125,4,411.720309
-3.18561,4,411.770309
-1.068174,2,411.792308
-3.171492,4,411.839308
-1.06581,2,411.861309
-2.103747,3,411.895308
-1.063131,2,411.921397
-1.039592,2,411.942398
-1.063639,2,411.966397
-1.054115,2,411.990397
-1.049568,2,412.013397
-3.158877,4,412.060397
-2.125544,3,412.099396
-1.050402,2,412.125396
-3.187958,4,412.181397
-2.099088,3,412.215397
-0.021743,1,412.228397
-0.02007,1,412.246397
-2.11537,3,412.287397
-2.115309,3,412.324397
-0.013768,1,412.336397
-2.126007,3,412.381397
-2.104401,3,412.415397
-3.146751,4,412.461397
-3.145807,4,412.510397
-2.147887,3,412.551397
-3.160654,4,412.604907
-3.158814,4,412.652907
-2.113777,3,412.683908
-0.021661,1,412.699907
-0.008574,1,412.710907
-1.050647,2,412.738906
-2.094646,3,412.773906
-1.064302,2,412.805906
-3.155651,4,412.850907
-0.010273,1,412.862906
-3.141544,4,412.906907
-2.107844,3,412.945907
-3.174875,4,412.989239
-0.021293,1,412.999238
-1.044416,2,413.025238
-1.041091,2,413.05424
-2.118852,3,413.088538
-2.13166,3,413.120537
-3.169021,4,413.167537
-2.110939,3,413.205539
-2.101206,3,413.240538
-2.115062,3,413.276537
-3.1946,4,413.320538
-2.109357,3,413.368539
-2.124092,3,413.406538
-3.155467,4,413.449537
-2.124121,3,413.483537
-0.021537,1,413.498539
-3.17764,4,413.548537
-3.172864,4,413.599538
-0.023906,1,413.610537
-3.205073,4,413.662537
-2.127765,3,413.699537
-2.100583,3,413.737047
-1.063611,2,413.763047
-1.038433,2,413.793047
-2.113193,3,413.826047
-1.06714,2,413.848046
-3.150532,4,413.899047
-1.040256,2,413.927046
-2.108335,3,413.961047
-3.145566,4,414.008047
-3.179229,4,414.055046
-2.110008,3,414.099046
-2.111224,3,414.136047
-1.059809,2,414.161047
-3.160106,4,414.211048
-1.042638,2,414.245046
-3.162847,4,414.29005
-3.201773,4,414.344046
-3.152496,4,414.389047
-1.064609,2,414.416047
-2.11262,3,414.476714
-3.154273,4,414.535714
-3.161078,4,414.587714
-1.056878,2,414.617713
-1.065414,2,414.640714
-0.024921,1,414.653714
-2.122237,3,414.691714
-1.061425,2,414.722714
-2.103464,3,414.762714
-2.111288,3,414.798714
-1.051636,2,414.823714
-3.150857,4,414.871717
-2.087718,3,414.905223
-2.120578,3,414.939352
-2.10074,3,414.972351
-2.11607,3,415.011523
-1.060757,2,415.032523
-0.013052,1,415.044523
-0.007015,1,415.055523
-3.18184,4,415.106523
-3.161772,4,415.150524
-1.052116,2,415.172523
-0.015303,1,415.183525
-2.114344,3,415.221524
-3.1647,4,415.265523
-3.20464,4,415.30988
-3.211364,4,415.35588
-1.067304,2,415.38288
-2.09776,3,415.415881
-2.087656,3,415.44988
-2.115445,3,415.483884
-1.048103,2,415.51188
-3.153835,4,415.55688
-1.038542,2,415.57888
-1.062447,2,415.599879
-0.011286,1,415.61588
-3.197741,4,415.661881
-2.116328,3,415.693881
-2.085618,3,415.72688
-2.083905,3,415.766881
-3.198067,4,415.81288
-2.111076,3,415.84388
-3.163681,4,415.88888
-3.210706,4,415.93788
-3.172731,4,415.978879
-1.065523,2,415.999882
-2.099562,3,416.035389
-3.20632,4,416.085388
-2.127199,3,416.118388
-2.112388,3,416.152389
-1.053898,2,416.173389
-3.217545,4,416.223389
-2.124151,3,416.25739
-3.19894,4,416.302451
-3.1522,4,416.347451
-1.068348,2,416.37245
-3.154927,4,416.414569
-3.153981,4,416.456568
-2.101814,3,416.488568
-1.056222,2,416.514569
-3.185656,4,416.562569
-3.141247,4,416.607569
-3.154986,4,416.65357
-0.021208,1,416.66757
-2.119151,3,416.702569
-1.062372,2,416.724569
-2.093657,3,416.757569
-0.016222,1,416.770569
-2.094477,3,416.805568
-0.00427,1,416.817765
-3.172212,4,416.864765
-3.168173,4,416.912768
-0.018371,1,416.923765
-1.068052,2,416.943765
-1.056052,2,416.967766
-3.167637,4,417.016766
-1.068964,2,417.042766
-2.132994,3,417.107071
-2.125004,3,417.147076
-2.107023,3,417.189581
-2.115366,3,417.221582
-2.113945,3,417.256582
-1.046927,2,417.278583
-3.15454,4,417.331702
-2.090071,3,417.368703
-2.095531,3,417.402144
-2.106143,3,417.436145
-2.123375,3,417.479146
-2.115977,3,417.511144
-2.116691,3,417.544145
-1.05004,2,417.566145
-2.117024,3,417.602145
-2.13307,3,417.637146
-2.120133,3,417.671145
-3.14008,4,417.716145
-1.03738,2,417.749145
-1.069382,2,417.772145
-3.159868,4,417.818144
-1.045557,2,417.840145
-1.03909,2,417.867145
-2.119532,3,417.900145
-0.015721,1,417.911145
-1.04634,2,417.932144
-0.011735,1,417.945145
-2.112428,3,417.981144
-0.020591,1,417.992144
-3.155193,4,418.035145
-2.10318,3,418.070144
-1.049687,2,418.094144
-3.176466,4,418.137144
-1.040599,2,418.162144
-0.023656,1,418.178145
-0.013263,1,418.190145
-1.063615,2,418.212144
-0.021818,1,418.224145
-2.112144,3,418.261144
-3.18216,4,418.306656
-2.092514,3,418.344781
-0.005088,1,418.356782
-0.011369,1,418.373781
-1.045509,2,418.399781
-2.098016,3,418.433782
-2.076022,3,418.466783
-0.024815,1,418.481785
-2.095442,3,418.517782
-2.096608,3,418.551781
-0.009216,1,418.562051
-1.06376,2,418.60605
-3.214597,4,418.672236
-0.023802,1,418.684237
-2.090046,3,418.726236
-2.114754,3,418.765235
-3.194484,4,418.809236
-2.115444,3,418.845236
-2.132818,3,418.878236
-3.162117,4,418.931235
-1.06238,2,418.955235
-3.16647,4,418.999236
-2.117455,3,419.034235
-3.129673,4,419.081235
-3.180033,4,419.124235
-1.055047,2,419.146235
-2.094392,3,419.178236
-0.016023,1,419.194235
-1.047089,2,419.217235
-2.106355,3,419.250235
-1.041361,2,419.274235
-2.114996,3,419.312235
-0.024428,1,419.324235
-1.052851,2,419.344236
-3.148163,4,419.390235
-2.087403,3,419.427235
-1.053257,2,419.449745
-2.083539,3,419.482243
-3.163125,4,419.525243
-1.064873,2,419.552243
-3.163512,4,419.597244
-0.005684,1,419.609243
-2.111912,3,419.642242
-2.128575,3,419.680242
-2.117121,3,419.714242
-1.045677,2,419.736242
-0.020859,1,419.748242
-3.146796,4,419.794241
-3.173961,4,419.839241
-2.081497,3,419.870242
-2.104211,3,419.902242
-2.114468,3,419.939242
-1.061015,2,419.961244
-3.198475,4,420.006242
-2.097412,3,420.040242
-1.058724,2,420.067242
-2.131034,3,420.100242
-1.058502,2,420.123242
-2.090528,3,420.159242
-1.052629,2,420.184242
-3.162196,4,420.229244
-2.114961,3,420.264242
-2.113326,3,420.298242
-2.120584,3,420.335243
-2.131524,3,420.371242
-3.161249,4,420.415241
-1.060203,2,420.437242
-3.177385,4,420.488353
-3.168298,4,420.531352
-2.0844,3,420.564514
-1.058385,2,420.588514
-2.098098,3,420.62468
-1.042252,2,420.64619
-0.018821,1,420.659189
-2.099871,3,420.693187
-2.115326,3,420.730188
-1.048671,2,420.752187
-0.019749,1,420.764187
-3.161551,4,420.808545
-0.022349,1,420.825545
-2.121608,3,420.859664
-2.107672,3,420.893663
-3.139446,4,420.939664
-2.099029,3,420.975662
-0.010948,1,420.985664
-2.116938,3,421.018663
-2.105545,3,421.051662
-2.090564,3,421.089663
-3.171554,4,421.135665
-2.111724,3,421.167663
-2.099378,3,421.200663
-0.012949,1,421.215664
-2.085256,3,421.251663
-3.162329,4,421.300663
-2.09286,3,421.334664
-3.146453,4,421.384732
-1.051023,2,421.408732
-3.185494,4,421.449731
-2.112525,3,421.485816
-2.103437,3,421.522916
-2.09371,3,421.553917
-1.047987,2,421.577916
-2.101845,3,421.608915
-2.108436,3,421.648916
-2.084737,3,421.707916
-0.023689,1,421.725916
-2.0824,3,421.769916
-2.111122,3,421.818426
-3.183276,4,421.866428
-2.140981,3,421.902426
-2.115734,3,421.936426
-2.13656,3,421.976427
-2.088738,3,422.014426
-2.117518,3,422.048426
-3.179967,4,422.092426
-3.149892,4,422.141426
-3.2097,4,422.186426
-2.129289,3,422.219426
-2.130927,3,422.254426
-3.166549,4,422.303426
-0.016264,1,422.313425
-3.147392,4,422.356425
-1.034694,2,422.377425
-0.018316,1,422.394426
-3.203277,4,422.439425
-3.166517,4,422.483425
-1.059626,2,422.505426
-3.166375,4,422.554426
-1.047593,2,422.575426
-1.052037,2,422.597427
-2.1151,3,422.630425
-2.103555,3,422.669427
-1.03498,2,422.690426
-2.123932,3,422.72443
-0.005539,1,422.735426
-3.180665,4,422.785427
-2.109729,3,422.820426
-1.062881,2,422.842426
-3.192971,4,422.888425
-2.106293,3,422.923428
-2.127749,3,422.955935
-2.102542,3,422.990936
-0.008726,1,423.001934
-0.019053,1,423.017935
-2.124912,3,423.051986
-1.039476,2,423.075986
-2.129163,3,423.113087
-3.137728,4,423.162226
-3.179832,4,423.204226
-3.140326,4,423.250226
-2.091623,3,423.284225
-3.174452,4,423.335226
-2.079092,3,423.370226
-2.121337,3,423.404226
-3.137579,4,423.451226
-2.109041,3,423.487226
-0.014339,1,423.498226
-3.180008,4,423.545225
-1.06422,2,423.566226
-3.230895,4,423.617227
-3.201055,4,423.662227
-2.110012,3,423.695226
-1.065054,2,423.716225
-2.108898,3,423.751225
-2.096549,3,423.784642
-1.069987,2,423.807642
-0.001284,1,423.818641
-3.143912,4,423.868641
-2.123687,3,423.900641
-1.070355,2,423.924641
-1.058362,2,423.947642
-1.069495,2,423.974641
-2.131107,3,424.007642
-2.126007,3,424.041642
-2.136515,3,424.074151
-2.145008,3,424.11415
-2.119545,3,424.147151
-2.079558,3,424.177265
-2.12779,3,424.211267
-1.069912,2,424.235266
-2.120572,3,424.266266
-2.091829,3,424.297267
-3.187161,4,424.342369
-2.116626,3,424.380671
-2.094305,3,424.41467
-2.142321,3,424.449671
-2.130025,3,424.48367
-1.050383,2,424.50967
-3.183883,4,424.55167
-2.09972,3,424.584671
-2.104442,3,424.615671
-2.107695,3,424.649671
-3.23194,4,424.69067
-0.010192,1,424.70267
-2.098172,3,424.736671
-2.116393,3,424.775671
-0.017612,1,424.794671
-2.130372,3,424.848671
-4.243936,5,424.91767
-2.125501,3,424.96367
-3.151859,4,425.012671
-2.110582,3,425.04367
-2.118032,3,425.078673
-0.003328,1,425.09667
-0.022643,1,425.10867
-2.096457,3,425.143671
-2.108358,3,425.175671
-3.132739,4,425.226179
-2.140737,3,425.256177
-0.004772,1,425.268178
-2.126307,3,425.302178
-1.060647,2,425.329179
-2.098648,3,425.362177
-0.024524,1,425.373178
-1.075395,2,425.395177
-1.052581,2,425.422178
-0.020164,1,425.433178
-1.040853,2,425.457178
-2.100159,3,425.489177
-1.055521,2,425.519177
-3.195762,4,425.561259
-2.126964,3,425.594258
-3.146567,4,425.641259
-0.011524,1,425.657258
-1.057837,2,425.679259
-1.038138,2,425.702258
-2.138329,3,425.736258
-3.184273,4,425.784477
-2.108285,3,425.82048
-2.124555,3,425.876479
-0.013079,1,425.894479
-1.06795,2,425.932479
-0.020587,1,425.947479
-1.05156,2,425.973478
-2.13059,3,426.009478
-1.045676,2,426.035477
-1.048215,2,426.059479
-2.133665,3,426.094479
-3.222447,4,426.140478
-3.143391,4,426.195477
-1.070521,2,426.218568
-2.109488,3,426.250568
-0.011299,1,426.262568
-2.103056,3,426.302568
-2.09361,3,426.335569
-0.020965,1,426.347573
-0.019209,1,426.360077
-2.087914,3,426.401077
-3.157484,4,426.442077
-1.043228,2,426.463076
-2.082747,3,426.492077
-2.134222,3,426.533077
-2.095378,3,426.567077
-2.078985,3,426.601077
-0.01279,1,426.614077
-1.064145,2,426.64108
-0.019579,1,426.653076
-0.008853,1,426.664076
-3.19672,4,426.705077
-3.141563,4,426.755077
-2.086853,3,426.786145
-2.120856,3,426.818145
-1.040319,2,426.842146
-2.116967,3,426.880146
-2.109012,3,426.913145
-3.157241,4,426.960146
-2.111902,3,426.995147
-1.04863,2,427.021145
-1.049535,2,427.044145
-3.188299,4,427.091145
-2.128159,3,427.124146
-2.109217,3,427.164146
-3.147541,4,427.207145
-3.165574,4,427.251145
-2.09882,3,427.28422
-1.051058,2,427.311222
-3.139689,4,427.356221
-1.056888,2,427.397619
-1.065905,2,427.429617
-3.171616,4,427.487617
-1.060399,2,427.511131
-3.139575,4,427.558131
-2.107726,3,427.592131
-0.022687,1,427.60913
-0.020953,1,427.62113
-2.117513,3,427.655131
-2.102137,3,427.69413
-0.01837,1,427.711133
-1.068523,2,427.733131
-1.044822,2,427.75613
-2.116706,3,427.78913
-1.040836,2,427.818132
-0.006933,1,427.82913
-2.092689,3,427.86113
-2.140898,3,427.89413
-2.079015,3,427.932131
-2.093157,3,427.96313
-2.095512,3,427.99813
-2.0864,3,428.033131
-1.059122,2,428.060131
-0.021782,1,428.07213
-3.157501,4,428.117131
-1.035784,2,428.13813
-2.116999,3,428.17813
-3.210019,4,428.22313
-3.178438,4,428.267131
-0.008474,1,428.277131
-3.179932,4,428.32713
-2.125162,3,428.358131
-2.081789,3,428.393131
-0.021197,1,428.40413
-2.096534,3,428.44113
-3.153941,4,428.48913
-0.010738,1,428.500129
-1.04601,2,428.52213
-2.086883,3,428.55713
-2.088882,3,428.59413
-1.040058,2,428.623131
-2.114281,3,428.658639
-2.131893,3,428.693639
-1.059637,2,428.715639
-2.114907,3,428.745639
-3.157445,4,428.788639
-1.046857,2,428.81864
-1.048645,2,428.839641
-3.13395,4,428.88264
-2.121379,3,428.91864
-2.142697,3,428.955868
-2.103651,3,428.987869
-1.066862,2,429.010868
-3.148194,4,429.057868
-2.084719,3,429.093069
-1.059083,2,429.113069
-3.179079,4,429.159069
-3.182779,4,429.204072
-0.011762,1,429.219069
-2.0996,3,429.254068
-2.105946,3,429.288069
-3.154509,4,429.333068
-0.014856,1,429.348068
-3.184982,4,429.394069
-3.152618,4,429.433068
-2.118041,3,429.46707
-1.063255,2,429.495069
-2.098472,3,429.529069
-3.163005,4,429.572068
-2.084653,3,429.607068
-3.18748,4,429.655069
-2.115984,3,429.690068
-0.020768,1,429.701068
-2.107703,3,429.735068
-1.06895,2,429.762068
-2.111127,3,429.794576
-3.154836,4,429.839577
-1.059823,2,429.861577
-2.092866,3,429.895577
-2.099159,3,429.930578
-3.142046,4,429.999943
-3.184616,4,430.059942
-3.195737,4,430.114174
-2.080873,3,430.147175
-1.056084,2,430.171174
-1.050179,2,430.194175
-1.054749,2,430.220174
-1.06791,2,430.245174
-1.038175,2,430.268175
-1.047839,2,430.292176
-1.053972,2,430.320174
-3.186054,4,430.367174
-3.147873,4,430.412174
-2.122937,3,430.446174
-2.088791,3,430.483174
-2.126652,3,430.517174
-1.062536,2,430.540174
-2.101022,3,430.576174
-3.148659,4,430.624174
-1.068229,2,430.647173
-1.065634,2,430.669173
-2.126753,3,430.705174
-3.149521,4,430.753174
-2.079185,3,430.784174
-1.045257,2,430.805175
-2.131267,3,430.838174
-2.086869,3,430.875174
-1.049406,2,430.900175
-2.106298,3,430.932685
-1.051597,2,430.953685
-2.110527,3,430.993797
-1.047153,2,431.017797
-3.169697,4,431.063798
-2.125764,3,431.096796
-3.145413,4,431.147798
-2.090192,3,431.181797
-1.052756,2,431.202796
-1.062946,2,431.225031
-1.052686,2,431.251031
-0.02339,1,431.263031
-2.131747,3,431.298032
-1.059436,2,431.319031
-3.148288,4,431.370031
-1.062962,2,431.393031
-2.114183,3,431.429033
-2.116577,3,431.461032
-0.024427,1,431.476032
-2.113889,3,431.538032
-2.079979,3,431.586033
-0.004835,1,431.599032
-2.132271,3,431.643032
-2.114011,3,431.67912
-3.186704,4,431.72236
-3.137231,4,431.765624
-1.050846,2,431.793624
-1.045893,2,431.819624
-2.121745,3,431.857623
-3.159524,4,431.907623
-1.060703,2,431.932623
-3.15557,4,431.979624
-1.05548,2,432.006624
-3.179861,4,432.082139
-1.062643,2,432.119138
-1.047463,2,432.144139
-2.135789,3,432.181138
-3.149208,4,432.228137
-0.018422,1,432.242138
-1.044457,2,432.264137
-0.00551,1,432.276137
-3.21503,4,432.327138
-2.07687,3,432.366137
-3.199368,4,432.411138
-1.056395,2,432.433137
-3.147716,4,432.481137
-2.085469,3,432.531138
-2.084822,3,432.585138
-3.20481,4,432.637557
-3.148985,4,432.686557
-2.133797,3,432.726557
-0.022375,1,432.737623
-1.037925,2,432.760623
-3.1616,4,432.805623
-1.054987,2,432.833622
-2.080764,3,432.870622
-2.089203,3,432.907623
-2.114882,3,432.941622
-2.099748,3,432.979623
-2.109511,3,433.022624
-2.094196,3,433.077624
-2.120102,3,433.124724
-0.023978,1,433.144724
-1.055923,2,433.168723
-3.196701,4,433.213739
-1.053773,2,433.235739
-1.07088,2,433.261739
-0.02059,1,433.272738
-2.096975,3,433.306863
-3.164647,4,433.358861
-2.08278,3,433.398861
-2.110178,3,433.434038
-2.142728,3,433.468039
-1.043734,2,433.489038
-3.160008,4,433.540038
-2.087666,3,433.57504
-3.177122,4,433.62004
-3.159064,4,433.66557
-2.104413,3,433.70357
-2.131447,3,433.73557
-3.172127,4,433.782569
-2.114866,3,433.81757
-3.162664,4,433.86657
-2.089815,3,433.89557
-2.131767,3,433.929571
-2.128912,3,433.96457
-1.034718,2,433.99257
-3.173856,4,434.058572
-2.093816,3,434.108571
-3.149207,4,434.161571
-1.036762,2,434.191571
-2.098886,3,434.228569
-1.039781,2,434.250571
-1.037297,2,434.274571
-3.173335,4,434.329572
-3.152449,4,434.383083
-2.090447,3,434.419083
-2.109982,3,434.452082
-1.052081,2,434.602173
-2.097107,3,434.636173
-3.18109,4,434.682174
-2.139917,3,434.715173
-2.133452,3,434.754173
-0.011557,1,434.764173
-2.079754,3,434.797173
-3.189596,4,434.840173
-1.038826,2,434.866173
-1.035725,2,434.889173
-0.013466,1,434.900174
-1.070974,2,434.922335
-3.171647,4,434.970335
-2.104481,3,435.003335
-2.107237,3,435.034334
-2.114783,3,435.065335
-2.111988,3,435.10262
-2.086064,3,435.13462
-3.154867,4,435.18262
-3.142328,4,435.229622
-2.093242,3,435.27062
-0.024987,1,435.282621
-3.160777,4,435.32862
-2.117888,3,435.36562
-2.080599,3,435.40862
-1.06854,2,435.430622
-3.197556,4,435.472622
-2.10442,3,435.51213
-2.138292,3,435.55413
-0.013173,1,435.56413
-2.093643,3,435.59913
-2.111046,3,435.646131
-3.196951,4,435.71622
-3.141582,4,435.769334
-1.064553,2,435.797333
-2.119984,3,435.832334
-2.113933,3,435.869334
-2.081532,3,435.909334
-2.103347,3,435.947335
-1.061478,2,435.973336
-2.096769,3,436.013334
-1.050769,2,436.035333
-0.017389,1,436.048335
-3.160123,4,436.092334
-2.13069,3,436.131335
-1.048304,2,436.154333
-0.008197,1,436.166333
-1.057311,2,436.189334
-1.060795,2,436.216333
-2.088768,3,436.253334
-3.168591,4,436.300333
-2.091718,3,436.334333
-2.089582,3,436.373334
-2.119714,3,436.408334
-2.097251,3,436.441333
-3.177466,4,436.485333
-0.020604,1,436.501334
-3.147318,4,436.545335
-2.100749,3,436.580334
-2.085485,3,436.617334
-0.015115,1,436.630334
-2.107881,3,436.671842
-2.108436,3,436.702843
-2.089213,3,436.736842
-3.155481,4,436.783844
-1.060982,2,436.804844
-0.001987,1,436.815843
-1.05251,2,436.837843
-0.013169,1,436.852842
-3.154799,4,436.898843
-3.163295,4,436.945842
-1.050491,2,436.969842
-1.062455,2,436.994842
-3.221079,4,437.040842
-2.117133,3,437.077844
-1.050769,2,437.099842
-1.065269,2,437.124843
-2.142639,3,437.162842
-0.022309,1,437.176841
-2.122778,3,437.210842
-3.15188,4,437.2591
-2.112614,3,437.297101
-2.112333,3,437.331101
-2.120258,3,437.365101
-1.036945,2,437.394101
-2.08435,3,437.4281
-2.106057,3,437.4591
-0.013044,1,437.471101
-0.012426,1,437.491487
-2.120192,3,437.524487
-2.120509,3,437.558486
-2.134366,3,437.595487
-2.121189,3,437.632485
-3.148655,4,437.676487
-0.017769,1,437.688486
-2.128512,3,437.722486
-1.053473,2,437.752486
-1.051862,2,437.78049
-3.152331,4,437.826993
-3.179944,4,437.871994
-0.015571,1,437.885996
-0.014364,1,437.897994
-2.099346,3,437.934994
-3.175575,4,437.979994
-2.0855,3,438.016994
-2.085186,3,438.052994
-2.129827,3,438.084349
-1.070986,2,438.108349
-0.006353,1,438.125349
-2.103526,3,438.160349
-0.015293,1,438.17135
-2.12179,3,438.204349
-2.124727,3,438.242351
-3.154912,4,438.28544
-1.05895,2,438.307439
-2.108588,3,438.339439
-3.143562,4,438.39644
-3.158678,4,438.43944
-3.171039,4,438.484553
-3.15499,4,438.531554
-2.118864,3,438.568554
-0.00327,1,438.579553
-1.069904,2,438.604553
-2.095009,3,438.637553
-0.018201,1,438.651553
-1.046246,2,438.674556
-3.18879,4,438.719924
-1.039999,2,438.743922
-0.012156,1,438.759923
-3.184245,4,438.804923
-2.082353,3,438.841922
-3.162992,4,438.887923
-2.134116,3,438.925433
-2.12504,3,438.960432
-2.10362,3,438.996432
-2.076918,3,439.028432
-3.148044,4,439.077432
-1.052364,2,439.098432
-1.059873,2,439.120432
-3.173799,4,439.167795
-2.105318,3,439.203105
-1.037056,2,439.225106
-2.136603,3,439.264106
-1.06401,2,439.286105
-3.156617,4,439.337106
-3.162245,4,439.382107
-1.055501,2,439.405107
-2.128048,3,439.438107
-1.067081,2,439.467105
-3.156393,4,439.509107
-2.10187,3,439.541106
-2.118607,3,439.574107
-2.111116,3,439.611106
-2.121626,3,439.641106
-2.096006,3,439.675108
-3.161166,4,439.721106
-3.151347,4,439.770106
-3.165793,4,439.817106
-2.135778,3,439.850106
-2.121054,3,439.883106
-1.048645,2,439.912107
-3.193866,4,439.955106
-0.024662,1,439.966106
-1.064479,2,439.988107
-2.120234,3,440.027106
-2.11639,3,440.060615
-0.012865,1,440.074615
-2.124756,3,440.107615
-2.131411,3,440.148692
-1.034045,2,440.169693
-2.095892,3,440.20281
-2.124266,3,440.23481
-1.062128,2,440.261812
-3.157963,4,440.302811
-2.127723,3,440.33581
-1.039103,2,440.358811
-1.043073,2,440.38481
-3.155588,4,440.42981
-2.080416,3,440.461811
-1.059868,2,440.48481
-0.023035,1,440.501811
-0.020758,1,440.512812
-3.140535,4,440.55881
-3.199959,4,440.60381
-3.143937,4,440.650811
-2.121067,3,440.687811
-0.02383,1,440.698812
-2.09628,3,440.732918
-2.119143,3,440.772918
-3.149013,4,440.817919
-2.121616,3,440.85215
-3.159006,4,440.898149
-2.096682,3,440.93515
-1.051795,2,440.958149
-1.041679,2,440.98215
-2.086654,3,441.018151
-2.087909,3,441.05415
-2.087667,3,441.088151
-0.015312,1,441.09915
-2.10099,3,441.13315
-2.129967,3,441.17115
-0.013537,1,441.183151
-3.172984,4,441.23166
-1.05296,2,441.254661
-2.080423,3,441.295661
-2.130549,3,441.331661
-2.123574,3,441.36466
-3.154931,4,441.40766
-1.069788,2,441.43266
-1.058618,2,441.455661
-1.04384,2,441.479661
-3.156331,4,441.524761
-1.03783,2,441.55076
-1.037447,2,441.573761
-0.017996,1,441.58376
-1.04236,2,441.60476
-2.122104,3,441.64076
-2.106776,3,441.67576
-3.14133,4,441.718006
-2.085562,3,441.75119
-2.085919,3,441.79019
-1.068123,2,441.81519
-2.092917,3,441.849191
-2.10624,3,441.88519
-1.049,2,441.911191
-3.150742,4,441.954191
-1.056501,2,441.977191
-1.042653,2,442.001191
-3.14641,4,442.048191
-1.045831,2,442.07119
-1.062683,2,442.093191
-1.062158,2,442.11719
-2.106723,3,442.15419
-2.089541,3,442.18919
-2.100685,3,442.224191
-3.154106,4,442.26919
-1.063202,2,442.293191
-1.043776,2,442.318191
-2.120514,3,442.351786
-0.015156,1,442.362785
-2.089939,3,442.400784
-1.070811,2,442.423784
-0.012566,1,442.436785
-2.113842,3,442.470783
-1.03782,2,442.496862
-2.141385,3,442.533001
-1.058344,2,442.559001
-2.127091,3,442.593059
-2.101088,3,442.630059
-2.093945,3,442.665059
-1.038596,2,442.688059
-0.022859,1,442.69906
-0.023313,1,442.714059
-2.09033,3,442.750059
-2.091828,3,442.786059
-0.013295,1,442.797058
-2.086452,3,442.832058
-2.111103,3,442.864058
-1.042246,2,442.885058
-1.064721,2,442.908059
-0.003615,1,442.92406
-2.097936,3,442.95806
-0.022097,1,442.972059
-1.059367,2,442.993059
-2.129041,3,443.032059
-1.057168,2,443.056059
-3.165402,4,443.102058
-3.170747,4,443.148059
-3.153789,4,443.199058
-0.015477,1,443.210059
-1.071644,2,443.232058
-2.110834,3,443.265058
-3.148558,4,443.318059
-3.169623,4,443.361059
-1.05086,2,443.383059
-3.162355,4,443.43106
-2.090975,3,443.468059
-2.131977,3,443.499065
-1.05672,2,443.52157
-3.15115,4,443.567568
-0.015745,1,443.582569
-2.081603,3,443.614569
-3.151266,4,443.662569
-2.090784,3,443.696569
-3.166465,4,443.745569
-2.128382,3,443.77757
-3.176694,4,443.822568
-1.060028,2,443.843569
-2.135362,3,443.882912
-0.016025,1,443.894912
-2.122339,3,443.933913
-3.195798,4,444.007913
-1.041434,2,444.043913
-2.09185,3,444.081913
-1.04115,2,444.103912
-0.015598,1,444.114912
-1.053081,2,444.142912
-1.032378,2,444.165912
-3.192351,4,444.212912
-2.106308,3,444.248139
-3.193576,4,444.304252
-2.113733,3,444.338253
-2.108269,3,444.371251
-1.05962,2,444.395253
-3.154863,4,444.461253
-1.047187,2,444.495255
-1.043709,2,444.525253
-2.096894,3,444.568254
-2.103643,3,444.609254
-3.153943,4,444.656757
-2.087665,3,444.695759
-3.147248,4,444.74476
-3.165696,4,444.79576
-0.008294,1,444.80776
-2.133779,3,444.84476
-0.02341,1,444.85576
-2.092737,3,444.894761
-1.066464,2,444.917761
-2.10016,3,444.94876
-0.016972,1,444.96076
-3.19796,4,445.01076
-1.071989,2,445.03476
-0.021276,1,445.04776
-3.150726,4,445.09476
-3.169076,4,445.146759
-2.080432,3,445.18276
-1.035282,2,445.20476
-1.035411,2,445.226759
-0.019295,1,445.24176
-3.16633,4,445.28976
-1.049815,2,445.312761
-1.049321,2,445.34476
-0.010487,1,445.361762
-2.136221,3,445.39576
-3.169505,4,445.441759
-2.104074,3,445.474761
-2.11702,3,445.520761
-2.111815,3,445.55776
-3.174016,4,445.60176
-2.12189,3,445.63576
-2.093229,3,445.675845
-2.083545,3,445.708844
-2.088005,3,445.745845
-0.011337,1,445.757845
-3.178324,4,445.805355
-3.149128,4,445.854355
-1.067553,2,445.875354
-2.136554,3,445.907354
-2.127884,3,445.948355
-1.058171,2,445.976354
-2.100324,3,446.011355
-0.016703,1,446.026355
-2.084367,3,446.07256
-3.15186,4,446.118561
-2.106532,3,446.15256
-1.033797,2,446.17956
-1.049036,2,446.21056
-3.162922,4,446.25556
-1.061092,2,446.28056
-3.178018,4,446.32456
-2.085855,3,446.35956
-1.054536,2,446.38356
-1.061261,2,446.408561
-1.043305,2,446.430559
-3.178681,4,446.47956
-2.13257,3,446.51556
-0.015374,1,446.52756
-3.154005,4,446.57356
-3.19163,4,446.62156
-0.005769,1,446.63156
-0.019752,1,446.643561
-2.117212,3,446.675561
-0.024222,1,446.690562
-3.167876,4,446.737561
-1.051059,2,446.75956
-2.082068,3,446.79156
-2.088221,3,446.832561
-2.117763,3,446.865561
-1.034453,2,446.888561
-2.113559,3,446.92156
-2.095058,3,446.958157
-2.08144,3,446.997154
-3.141992,4,447.042156
-2.122217,3,447.076154
-0.020924,1,447.091154
-1.056235,2,447.114156
-3.157029,4,447.160685
-3.179129,4,447.212686
-2.123361,3,447.248685
-1.067139,2,447.272687
-0.021864,1,447.285685
-0.005912,1,447.296685
-3.16797,4,447.346686
-3.19319,4,447.393686
-1.039855,2,447.415685
-3.190409,4,447.459687
-0.008941,1,447.473686
-2.118389,3,447.512686
-2.104015,3,447.548685
-2.125005,3,447.580686
-0.024373,1,447.596687
-2.102563,3,447.631686
-2.125919,3,447.665686
-2.113954,3,447.699688
-2.111705,3,447.745685
-2.105521,3,447.778685
-2.082425,3,447.814685
-3.143069,4,447.859685
-2.117707,3,447.896686
-2.115413,3,447.932686
-3.177258,4,447.975686
-3.156054,4,448.023685
-2.120459,3,448.060686
-2.124915,3,448.094195
-2.109488,3,448.128194
-0.014498,1,448.142287
-3.199522,4,448.191287
-2.091407,3,448.223287
-2.114043,3,448.260288
-3.139336,4,448.304287
-2.081428,3,448.343287
-0.024171,1,448.354288
-2.102846,3,448.386287
-3.180115,4,448.431288
-2.095044,3,448.474288
-0.009193,1,448.486288
-1.066448,2,448.509288
-2.133318,3,448.543288
-3.179704,4,448.619288
-3.143539,4,448.684735
-1.055949,2,448.709733
-0.021228,1,448.720732
-2.08318,3,448.758732
-1.060773,2,448.781733
-2.096485,3,448.819733
-2.12742,3,448.850733
-2.113448,3,448.896733
-2.13224,3,448.934732
-1.050946,2,448.959733
-1.068062,2,448.986732
-2.082436,3,449.026733
-1.049058,2,449.048732
-3.159629,4,449.099739
-0.020896,1,449.109732
-2.101754,3,449.149732
-0.020271,1,449.161732
-2.095766,3,449.196732
-2.138917,3,449.232242
-1.064851,2,449.258241
-3.188824,4,449.306351
-2.131774,3,449.345351
-3.194408,4,449.386351
-1.060649,2,449.418351
-0.01617,1,449.429351
-3.155039,4,449.47641
-2.12651,3,449.51241
-0.019721,1,449.529411
-2.088471,3,449.56841
-1.044326,2,449.59241
-1.055999,2,449.614409
-2.095916,3,449.651409
-2.086299,3,449.684409
-2.114605,3,449.716409
-2.093451,3,449.748409
-2.113198,3,449.78741
-2.115463,3,449.82241
-1.060531,2,449.845409
-2.101822,3,449.878409
-0.01762,1,449.89341
-3.140067,4,449.93867
-2.104914,3,449.970923
-2.077352,3,450.007923
-2.124599,3,450.048923
-3.186061,4,450.091923
-4.257566,5,450.148924
-3.146263,4,450.194924
-3.165309,4,450.243924
-2.100535,3,450.275923
-0.011141,1,450.287926
-2.12252,3,450.321923
-1.068884,2,450.348924
-1.055889,2,450.370434
-3.145581,4,450.421433
-2.121982,3,450.454433
-2.109153,3,450.489434
-2.126225,3,450.524433
-0.004946,1,450.535434
-2.08461,3,450.572433
-2.113307,3,450.609433
-2.094136,3,450.644433
-3.149784,4,450.689539
-3.152786,4,450.734537
-1.045342,2,450.761538
-2.107031,3,450.794539
-2.091367,3,450.826538
-3.141302,4,450.874538
-3.180641,4,450.923538
-1.064196,2,450.948538
-1.054912,2,450.971682
-2.117843,3,451.014682
-1.061403,2,451.045922
-0.021435,1,451.061922
-2.120203,3,451.095922
-2.097209,3,451.131922
-3.177178,4,451.180922
-1.053296,2,451.204921
-1.050705,2,451.227921
-3.162543,4,451.273921
-2.13272,3,451.314921
-3.162827,4,451.361922
-0.020235,1,451.373921
-2.08891,3,451.407921
-2.114508,3,451.444922
-3.176595,4,451.490922
-3.162848,4,451.53943
-2.094281,3,451.573429
-2.133017,3,451.61143
-3.192409,4,451.655429
-0.008994,1,451.66743
-0.012595,1,451.67843
-2.127433,3,451.71143
-2.095849,3,451.74843
-2.114261,3,451.78243
-3.181582,4,451.828429
-3.165718,4,451.876429
-2.122349,3,451.911429
-2.124957,3,451.945557
-0.019107,1,451.956557
-1.047269,2,451.982557
-2.123156,3,452.014557
-2.112891,3,452.046556
-2.082304,3,452.081557
-2.083303,3,452.119558
-2.117255,3,452.154615
-3.138778,4,452.200616
-2.105104,3,452.234615
-1.054392,2,452.261616
-3.132123,4,452.308722
-2.093186,3,452.343723
-2.125329,3,452.377059
-2.121229,3,452.415284
-3.210169,4,452.460282
-2.105384,3,452.494283
-3.145941,4,452.541283
-2.111473,3,452.578284
-3.171711,4,452.625284
-2.129461,3,452.660792
-0.02377,1,452.672792
-2.097713,3,452.706792
-3.14051,4,452.754792
-3.201629,4,452.798791
-1.045508,2,452.821088
-1.035825,2,452.849088
-3.180248,4,452.895089
-2.12299,3,452.933089
-1.065388,2,452.956088
-3.190603,4,453.004089
-3.190272,4,453.050088
-3.160175,4,453.098088
-2.091091,3,453.132088
-2.092212,3,453.170329
-0.011196,1,453.181328
-1.06027,2,453.203328
-3.138753,4,453.248329
-1.060151,2,453.304329
-1.05117,2,453.336329
-1.067633,2,453.36433
-0.013689,1,453.378329
-2.101905,3,453.420329
-3.164641,4,453.467329
-2.083364,3,453.502328
-2.137267,3,453.53933
-2.121948,3,453.58533
-2.112353,3,453.620328
-2.122449,3,453.653328
-3.149759,4,453.701328
-3.154113,4,453.752329
-1.055754,2,453.789335
-3.137825,4,453.859843
-1.069292,2,453.891843
-2.095513,3,453.933843
-2.099444,3,453.971842
-1.040669,2,453.992842
-1.070983,2,454.013924
-2.091295,3,454.054924
-3.20337,4,454.101924
-2.085187,3,454.134923
-3.178184,4,454.182924
-2.099983,3,454.217923
-3.206975,4,454.263994
-2.114263,3,454.297995
-1.036405,2,454.320993
-1.070133,2,454.344994
-2.085464,3,454.376994
-2.090565,3,454.412994
-0.007436,1,454.424994
-2.098355,3,454.460993
-2.088402,3,454.497993
-0.010422,1,454.510993
-2.105319,3,454.545994
-1.038656,2,454.570994
-3.165548,4,454.616993
-2.124027,3,454.650993
-0.018785,1,454.661994
-1.063424,2,454.687995
-1.041456,2,454.711993
-3.153326,4,454.755995
-2.120191,3,454.789993
-2.123096,3,454.828996
-3.145352,4,454.873245
-1.053838,2,454.895246
-3.17137,4,454.941637
-3.193332,4,454.993144
-1.050666,2,455.013144
-2.10048,3,455.050143
-3.165748,4,455.094143
-0.009834,1,455.109144
-2.124476,3,455.141144
-2.112402,3,455.176143
-3.169702,4,455.220143
-0.023512,1,455.235145
-2.082483,3,455.271143
-2.104042,3,455.303144
-2.117517,3,455.336144
-1.050906,2,455.362144
-2.12517,3,455.394143
-1.045529,2,455.417143
-2.091023,3,455.450144
-0.006155,1,455.464222
-2.134888,3,455.502223
-2.094589,3,455.534222
-2.095377,3,455.565223
-2.114889,3,455.604222
-3.201649,4,455.651374
-3.153426,4,455.700374
-2.087853,3,455.733374
-2.119804,3,455.770377
-2.120811,3,455.808373
-2.100352,3,455.842373
-2.095784,3,455.876374
-3.179748,4,455.927373
-3.154302,4,455.971373
-1.060886,2,455.994374
-1.062851,2,456.018373
-2.09288,3,456.057374
-3.17926,4,456.106884
-2.088074,3,456.139883
-0.023002,1,456.150882
-1.066565,2,456.178882
-2.09162,3,456.212882
-2.11809,3,456.246882
-3.138747,4,456.292882
-2.110256,3,456.327942
-3.15124,4,456.372942
-3.19102,4,456.418036
-3.170165,4,456.464036
-2.115454,3,456.502189
-2.113892,3,456.535189
-1.061075,2,456.558189
-2.087971,3,456.594189
-1.0663,2,456.621189
-2.086185,3,456.654189
-3.187651,4,456.700189
-0.023189,1,456.712189
-1.061659,2,456.738192
-1.064173,2,456.76019
-2.093354,3,456.793523
-2.101357,3,456.828522
-1.063736,2,456.876523
-1.062056,2,456.917522
-0.021716,1,456.931522
-2.112001,3,456.970521
-0.024363,1,456.986521
-2.111821,3,457.023521
-2.084553,3,457.059521
-2.102919,3,457.094522
-2.091751,3,457.135522
-2.091084,3,457.172529
-3.149563,4,457.220521
-0.024511,1,457.232522
-2.131427,3,457.271034
-3.141829,4,457.312033
-1.05971,2,457.337033
-3.132404,4,457.384108
-2.111115,3,457.422108
-3.170414,4,457.470108
-1.040865,2,457.492109
-3.151479,4,457.536108
-3.174551,4,457.586109
-1.044435,2,457.609108
-3.156701,4,457.651109
-2.117639,3,457.684109
-0.011286,1,457.699109
-3.17415,4,457.743237
-2.085095,3,457.776237
-1.06565,2,457.800237
-2.111808,3,457.836236
-1.067099,2,457.857238
-3.180819,4,457.904237
-1.048315,2,457.927237
-2.088991,3,457.964237
-0.011782,1,457.975237
-1.044082,2,457.998238
-2.117269,3,458.030237
-2.105373,3,458.067237
-0.003586,1,458.078315
-2.138631,3,458.113316
-0.018432,1,458.124591
-3.158016,4,458.17359
-1.04177,2,458.195593
-2.094842,3,458.231591
-2.126467,3,458.266591
-3.184798,4,458.313591
-0.023443,1,458.326591
-1.056013,2,458.348591
-2.117302,3,458.382594
-3.163845,4,458.433101
-2.120191,3,458.465101
-3.161371,4,458.507102
-1.061658,2,458.529223
-2.117283,3,458.568222
-3.196711,4,458.612222
-1.058295,2,458.633222
-2.090007,3,458.665222
-3.173054,4,458.715224
-1.068852,2,458.737222
-0.017288,1,458.747222
-3.180664,4,458.791317
-3.189684,4,458.840319
-1.053491,2,458.862319
-1.048923,2,458.887405
-3.184745,4,458.945405
-1.053216,2,458.987405
-2.098983,3,459.035405
-2.100793,3,459.072404
-2.104006,3,459.107405
-1.041805,2,459.134404
-3.174634,4,459.179404
-2.106416,3,459.214404
-2.123248,3,459.248405
-1.04055,2,459.276405
-1.06143,2,459.299403
-1.03548,2,459.325403
-2.131891,3,459.359405
-2.111676,3,459.396404
-0.005731,1,459.407404
-1.056317,2,459.432404
-1.049222,2,459.453404
-2.081289,3,459.490404
-1.06551,2,459.512407
-1.061428,2,459.534912
-2.108288,3,459.569912
-3.139679,4,459.621912
-2.086214,3,459.653912
-3.169998,4,459.698912
-0.010495,1,459.710912
-2.096973,3,459.746913
-1.036297,2,459.769915
-1.04117,2,459.800912
-1.054378,2,459.820913
-2.130639,3,459.856913
-2.100162,3,459.884912
-3.157927,4,459.923912
-3.158901,4,459.966913
-3.144397,4,460.016912
-2.118007,3,460.050912
-0.015574,1,460.060912
-3.178784,4,460.106912
-3.136042,4,460.149913
-3.17421,4,460.190912
-1.069403,2,460.212912
-2.097971,3,460.247912
-1.053931,2,460.270913
-3.143947,4,460.313913
-2.100369,3,460.345913
-1.072033,2,460.368912
-1.056011,2,460.394913
-2.098482,3,460.428913
-3.153906,4,460.488914
-3.184257,4,460.552912
-2.095178,3,460.595914
-2.128113,3,460.633913
-0.023134,1,460.645914
-1.063544,2,460.669422
-3.193013,4,460.718421
-2.091115,3,460.753421
-2.141207,3,460.793422
-3.137304,4,460.836421
-2.089899,3,460.874563
-3.152547,4,460.913563
-3.146495,4,460.961563
-2.130979,3,460.992675
-0.007859,1,461.005675
-3.139174,4,461.049675
-2.09516,3,461.080676
-0.011439,1,461.091675
-1.06558,2,461.116675
-2.096344,3,461.147675
-2.082087,3,461.179675
-2.115303,3,461.211676
-1.064188,2,461.237675
-2.107645,3,461.269675
-0.016571,1,461.279888
-2.0926,3,461.31389
-2.139541,3,461.349888
-3.169448,4,461.390888
-0.024996,1,461.403888
-3.142789,4,461.447888
-2.09331,3,461.483889
-3.1601,4,461.529888
-1.050375,2,461.551888
-2.124726,3,461.583888
-2.11187,3,461.619888
-3.201784,4,461.658888
-2.130994,3,461.692888
-3.166271,4,461.739888
-2.106727,3,461.775889
-2.138054,3,461.806888
-2.111784,3,461.842888
-2.115243,3,461.874396
-2.113375,3,461.912399
-3.192293,4,461.956397
-2.132431,3,461.984396
-1.067689,2,462.005396
-3.183487,4,462.079399
-0.021079,1,462.098398
-0.016885,1,462.111397
-2.099265,3,462.152397
-2.113309,3,462.192397
-2.102081,3,462.226397
-3.168479,4,462.271583
-2.1134,3,462.302583
-3.158938,4,462.354582
-3.200852,4,462.402792
-1.052631,2,462.425792
-3.201589,4,462.467793
-2.105722,3,462.505793
-2.07987,3,462.539793
-2.085001,3,462.601794
-2.113558,3,462.647794
-1.058678,2,462.682793
-2.119965,3,462.718793
-0.016534,1,462.731793
-2.111953,3,462.766793
-0.01519,1,462.779793
-3.156091,4,462.825793
-2.083173,3,462.862792
-2.14179,3,462.897793
-0.011538,1,462.911792
-2.10747,3,462.946793
-0.007103,1,462.958794
-2.108745,3,462.991793
-0.010388,1,463.006795
-3.179319,4,463.060302
-1.056684,2,463.081302
-1.036606,2,463.104303
-2.093331,3,463.140303
-2.11989,3,463.175302
-2.116969,3,463.207302
-2.132241,3,463.236303
-1.049869,2,463.262302
-2.104247,3,463.297302
-2.126675,3,463.331303
-0.004801,1,463.342302
-1.036751,2,463.372303
-2.112089,3,463.403301
-0.020079,1,463.415304
-2.119112,3,463.444303
-1.060103,2,463.468303
-0.009689,1,463.480302
-1.043121,2,463.503302
-2.119829,3,463.531301
-2.111098,3,463.571303
-3.168157,4,463.615303
-3.185823,4,463.660302
-3.207226,4,463.708303
-1.038449,2,463.732302
-0.023636,1,463.744302
-0.010099,1,463.755302
-2.118145,3,463.787302
-3.158637,4,463.836302
-2.109722,3,463.870303
-2.082039,3,463.902302
-0.015543,1,463.915302
-2.127554,3,463.950302
-2.111172,3,463.978302
-2.085986,3,464.014303
-2.088077,3,464.048303
-0.019504,1,464.062303
-1.065591,2,464.084303
-3.160485,4,464.125303
-3.160987,4,464.167813
-1.056526,2,464.192813
-2.123146,3,464.224962
-2.125989,3,464.256962
-3.147703,4,464.299962
-3.154174,4,464.348962
-2.118116,3,464.379962
-2.100549,3,464.409138
-1.046741,2,464.430137
-3.175713,4,464.481136
-0.022816,1,464.491136
-3.157574,4,464.532136
-2.117099,3,464.562136
-1.033169,2,464.589345
-2.121703,3,464.623345
-2.108794,3,464.657346
-3.205249,4,464.701347
-3.183971,4,464.744345
-2.109348,3,464.770346
-0.013738,1,464.778345
-3.144143,4,464.814346
-2.110421,3,464.846346
-3.146442,4,464.884345
-2.138542,3,464.914346
-1.055752,2,464.937346
-0.016203,1,464.953346
-3.185249,4,464.998345
-0.01639,1,465.008345
-1.040872,2,465.031346
-2.102889,3,465.064348
-0.017267,1,465.076345
-2.123015,3,465.107345
-2.086946,3,465.137345
-2.09904,3,465.178345
-0.01717,1,465.190346
-3.165512,4,465.234345
-2.117754,3,465.267345
-1.034455,2,465.293347
-2.105772,3,465.324857
-1.047579,2,465.353856
-2.091021,3,465.389856
-2.101548,3,465.428856
-3.16556,4,465.472932
-2.140116,3,465.504933
-2.106652,3,465.534932
-0.020891,1,465.549933
-2.099316,3,465.584932
-2.130807,3,465.616933
-2.11101,3,465.648932
-1.059852,2,465.677933
-1.049127,2,465.699933
-3.160571,4,465.778934
-2.096409,3,465.826129
-1.044165,2,465.861128
-2.089221,3,465.899686
-3.129383,4,465.940686
-2.132527,3,465.973688
-2.140103,3,466.013686
-2.08347,3,466.052686
-2.104344,3,466.088783
-2.118293,3,466.125782
-3.207325,4,466.170784
-0.009735,1,466.182782
-2.113029,3,466.218938
-3.157409,4,466.258939
-2.107115,3,466.294938
-0.023111,1,466.305938
-1.066668,2,466.328099
-3.178099,4,466.372366
-2.116454,3,466.408365
-1.053501,2,466.432366
-2.13148,3,466.465875
-1.043741,2,466.492008
-3.174891,4,466.542007
-2.128386,3,466.575007
-3.152433,4,466.620007
-2.073421,3,466.654007
-3.152983,4,466.703007
-2.134748,3,466.736007
-2.120108,3,466.773008
-0.007714,1,466.786008
-2.126591,3,466.826119
-1.039974,2,466.848315
-1.035877,2,466.872315
-2.080758,3,466.905316
-1.065092,2,466.933316
-0.022636,1,466.943316
-2.136324,3,466.978315
-2.105663,3,467.011316
-2.120644,3,467.047315
-2.122543,3,467.081315
-1.043843,2,467.104315
-1.065041,2,467.125317
-0.022699,1,467.141317
-1.043213,2,467.163315
-1.036745,2,467.186315
-1.064611,2,467.208316
-1.042392,2,467.235399
-0.021471,1,467.247398
-2.099889,3,467.278398
-0.020497,1,467.289398
-2.135972,3,467.327398
-2.09851,3,467.359399
-3.178375,4,467.4024
-1.059791,2,467.425398
-1.068168,2,467.451396
-3.159705,4,467.495397
-2.112769,3,467.530397
-1.050339,2,467.555397
-0.024705,1,467.568397
-1.061373,2,467.591401
-0.020317,1,467.603909
-2.121252,3,467.641909
-0.020713,1,467.656909
-2.136499,3,467.68999
-2.10184,3,467.724046
-2.113916,3,467.759046
-1.05929,2,467.784046
-2.101763,3,467.817047
-3.196693,4,467.862101
-2.117657,3,467.897102
-2.082299,3,467.932101
-0.017216,1,467.942102
-0.023646,1,467.953104
-2.096234,3,467.993101
-2.08776,3,468.031103
-2.084082,3,468.06421
-2.103971,3,468.09821
-2.0902,3,468.132309
-3.168107,4,468.181308
-2.12189,3,468.215308
-1.058601,2,468.237307
-3.173237,4,468.280309
-0.017526,1,468.305308
-3.158916,4,468.381308
-2.093383,3,468.41862
-3.156813,4,468.466621
-2.100539,3,468.50562
-3.14886,4,468.553621
-3.167304,4,468.59862
-2.120784,3,468.63662
-3.163071,4,468.68962
-1.054542,2,468.708621
-2.103808,3,468.74413
-2.123172,3,468.779128
-0.00489,1,468.795129
-2.096978,3,468.830128
-0.023934,1,468.843128
-0.013491,1,468.855129
-1.052698,2,468.881129
-2.124097,3,468.914128
-1.042758,2,468.939129
-3.161806,4,468.97923
-2.083218,3,469.017229
-3.178473,4,469.063228
-2.077846,3,469.097229
-2.094482,3,469.129299
-2.106085,3,469.168299
-3.206817,4,469.211538
-3.139314,4,469.255538
-2.111935,3,469.289539
-3.202851,4,469.337538
-2.114659,3,469.371538
-2.080174,3,469.40554
-2.126996,3,469.439538
-2.103335,3,469.478538
-2.115749,3,469.511538
-1.047045,2,469.531538
-1.067618,2,469.554537
-2.135372,3,469.592538
-1.051593,2,469.614539
-3.165013,4,469.658538
-1.048664,2,469.680537
-3.165973,4,469.731538
-2.132422,3,469.762538
-2.110879,3,469.796538
-0.024107,1,469.808538
-1.036597,2,469.836538
-2.130965,3,469.870541
-3.190558,4,469.916049
-1.048348,2,469.94005
-2.117938,3,469.976048
-1.042719,2,469.996048
-3.154722,4,470.041048
-2.109818,3,470.075047
-1.036566,2,470.102049
-1.055328,2,470.125049
-3.17749,4,470.171048
-2.119836,3,470.203048
-1.061885,2,470.232048
-2.138969,3,470.266048
-2.084656,3,470.299047
-1.043611,2,470.320047
-2.111171,3,470.359048
-3.17599,4,470.405047
-2.095286,3,470.439047
-3.141184,4,470.490048
-1.057071,2,470.516047
-1.05216,2,470.539047
-3.176532,4,470.581048
-2.11881,3,470.616048
-3.159603,4,470.664049
-2.130323,3,470.700137
-2.084859,3,470.733137
-3.145129,4,470.778137
-3.157044,4,470.827137
-3.1773,4,470.872139
-1.040358,2,470.895137
-2.099299,3,470.931137
-3.171703,4,470.976137
-2.134306,3,471.007138
-0.020957,1,471.01814
-3.138345,4,471.063648
-2.106616,3,471.099647
-2.124116,3,471.129647
-1.064491,2,471.153647
-2.089372,3,471.187647
-0.024686,1,471.203894
-2.108751,3,471.240894
-2.120976,3,471.273894
-3.160549,4,471.318895
-0.020046,1,471.333895
-3.173737,4,471.379894
-2.137212,3,471.412895
-3.159381,4,471.453895
-1.064271,2,471.480896
-2.084223,3,471.520895
-0.015814,1,471.533895
-2.105883,3,471.569894
-2.095015,3,471.605895
-0.02443,1,471.617895
-2.117443,3,471.649895
-0.005712,1,471.662894
-2.113482,3,471.703895
-0.009157,1,471.714895
-0.016293,1,471.724894
-2.110277,3,471.756894
-3.16056,4,471.807894
-2.117169,3,471.841894
-1.060073,2,471.865895
-2.13261,3,471.902895
-2.132947,3,471.940895
-2.108906,3,471.975894
-2.078734,3,472.011895
-1.065078,2,472.030896
-2.099084,3,472.066894
-3.149683,4,472.110895
-1.061117,2,472.133895
-2.087261,3,472.167898
-0.021926,1,472.182405
-2.131618,3,472.216405
-1.066216,2,472.239404
-2.103971,3,472.273405
-2.119286,3,472.308405
-3.161023,4,472.353406
-2.100455,3,472.388404
-2.095733,3,472.421536
-1.06211,2,472.447536
-0.01061,1,472.460536
-4.263656,5,472.515538
-2.088955,3,472.548536
-2.134403,3,472.587803
-1.047176,2,472.608999
-3.179493,4,472.649998
-3.166927,4,472.694999
-3.182227,4,472.742998
-2.085335,3,472.778998
-2.105894,3,472.814999
-2.10647,3,472.848998
-2.09288,3,472.889998
-0.021016,1,472.902999
-2.133993,3,472.934998
-0.024908,1,472.946999
-2.089967,3,473.005
-1.057845,2,473.041999
-3.154891,4,473.097999
-3.157778,4,473.143997
-1.067908,2,473.171999
-0.021927,1,473.182998
-0.004691,1,473.192998
-2.130779,3,473.227999
-1.057419,2,473.254998
-3.160129,4,473.303998
-2.107319,3,473.340998
-0.018618,1,473.352999
-2.120904,3,473.389507
-2.110084,3,473.425561
-0.022859,1,473.435562
-0.018241,1,473.448562
-0.005195,1,473.467562
-3.168488,4,473.541563
-2.088692,3,473.588562
-2.097913,3,473.627561
-3.174223,4,473.678723
-3.147427,4,473.723723
-2.107403,3,473.755854
-2.097036,3,473.795853
-3.155023,4,473.846853
-2.084839,3,473.883853
-1.06044,2,473.906854
-1.071823,2,473.930854
-2.113305,3,473.971196
-2.117333,3,474.028197
-1.037714,2,474.057195
-1.05716,2,474.086195
-0.017751,1,474.105195
-0.022432,1,474.120195
-1.055346,2,474.144195
-2.090758,3,474.180195
-2.113492,3,474.219194
-3.150815,4,474.263195
-3.168028,4,474.312194
-0.024797,1,474.325196
-2.1121,3,474.364195
-3.200528,4,474.407194
-3.166365,4,474.454195
-1.060046,2,474.476194
-2.080425,3,474.514194
-2.122256,3,474.549194
-2.127906,3,474.583702
-3.175972,4,474.625823
-2.132607,3,474.665824
-2.12626,3,474.696824
-0.013457,1,474.708824
-0.024834,1,474.720824
-2.093713,3,474.756824
-2.103306,3,474.788824
-3.15439,4,474.833824
-2.08382,3,474.866823
-3.169571,4,474.916824
-2.081865,3,474.951885
-1.059336,2,474.974885
-3.184858,4,475.040888
-0.018415,1,475.063887
-2.090824,3,475.106888
-3.150099,4,475.157886
-3.17527,4,475.206887
-2.104018,3,475.243886
-2.08779,3,475.276886
-0.006835,1,475.287885
-2.12179,3,475.329888
-3.160579,4,475.381887
-1.047323,2,475.403886
-2.093906,3,475.438251
-1.065168,2,475.461252
-1.068487,2,475.485251
-0.017905,1,475.497253
-1.053682,2,475.520252
-3.139748,4,475.567251
-2.130364,3,475.602252
-2.132741,3,475.634252
-2.109401,3,475.669253
-2.09165,3,475.701251
-0.022022,1,475.718256
-3.149353,4,475.763762
-1.044988,2,475.784761
-3.178802,4,475.831763
-0.023796,1,475.846763
-2.132275,3,475.880762
-3.186082,4,475.925762
-3.163076,4,475.972866
-3.149469,4,476.021868
-3.197876,4,476.062964
-1.040909,2,476.084965
-1.05803,2,476.108964
-2.118803,3,476.147964
-2.103532,3,476.181965
-2.125272,3,476.218067
-0.020313,1,476.230067
-2.103606,3,476.267067
-3.210303,4,476.313068
-3.163416,4,476.357176
-2.123652,3,476.391428
-2.120767,3,476.430427
-3.163425,4,476.475427
-2.1182,3,476.509428
-3.175832,4,476.555427
-0.003573,1,476.570427
-2.134425,3,476.604428
-0.019431,1,476.615428
-0.014117,1,476.628428
-0.011221,1,476.643427
-0.011907,1,476.655427
-2.11665,3,476.687428
-2.10948,3,476.722428
-2.086761,3,476.762427
-0.017107,1,476.773427
-0.01229,1,476.784429
-2.103775,3,476.817428
-1.066181,2,476.842427
-1.052647,2,476.866062
-1.071059,2,476.892066
-3.171066,4,476.935065
-3.189336,4,476.983065
-3.133732,4,477.026172
-2.106399,3,477.056172
-2.133977,3,477.088173
-3.159253,4,477.135173
-2.133721,3,477.166173
-2.095317,3,477.199172
-2.145103,3,477.231172
-2.086842,3,477.270172
-3.152688,4,477.320173
-3.184784,4,477.364172
-1.034733,2,477.386172
-2.09493,3,477.424172
-2.102518,3,477.459174
-1.07005,2,477.481172
-2.096368,3,477.514172
-2.101686,3,477.552172
-2.112323,3,477.584172
-1.039666,2,477.607172
-3.153197,4,477.654172
-0.014819,1,477.668173
-1.063461,2,477.693173
-3.142812,4,477.742173
-2.094397,3,477.775172
-3.154483,4,477.825174
-3.152881,4,477.870302
-1.052492,2,477.892304
-2.085033,3,477.924304
-2.1136,3,477.962303
-2.091456,3,477.993305
-2.134819,3,478.025811
-1.057165,2,478.048811
-0.024969,1,478.063812
-2.089276,3,478.097812
-2.109294,3,478.127812
-2.10723,3,478.162916
-2.08679,3,478.199916
-0.011794,1,478.210917
-2.106597,3,478.246009
-2.099982,3,478.283007
-3.134899,4,478.333007
-1.046728,2,478.355007
-2.120258,3,478.391007
-2.099229,3,478.422007
-0.017435,1,478.437006
-2.127984,3,478.472099
-0.023726,1,478.484098
-3.161492,4,478.530098
-1.046158,2,478.558099
-1.03766,2,478.585099
-0.020113,1,478.60627
-3.225366,4,478.676402
-2.107114,3,478.724401
-0.009762,1,478.736401
-1.053917,2,478.761401
-0.024172,1,478.772401
-1.05646,2,478.8004
-2.101949,3,478.836401
-2.106091,3,478.870401
-3.167974,4,478.917403
-1.052026,2,478.948403
-0.023819,1,478.961401
-1.048702,2,478.9814
-2.102436,3,479.013401
-1.065684,2,479.041401
-2.085494,3,479.0744
-3.147041,4,479.117401
-3.199291,4,479.16447
-3.142412,4,479.213574
-1.067303,2,479.235574
-2.103053,3,479.271574
-3.142328,4,479.315574
-2.093761,3,479.353575
-3.144577,4,479.398574
-0.015037,1,479.410576
-2.094227,3,479.444574
-2.120758,3,479.481574
-1.049347,2,479.504574
-0.020153,1,479.515574
-1.041998,2,479.538574
-1.062758,2,479.565573
-1.036611,2,479.586575
-3.162399,4,479.633574
-3.138001,4,479.680574
-2.107228,3,479.718574
-2.110508,3,479.748574
-2.102802,3,479.782574
-1.034605,2,479.806574
-0.019611,1,479.821575
-2.099741,3,479.855574
-2.101642,3,479.888574
-3.151726,4,479.935574
-3.145812,4,479.982574
-0.0073,1,479.994574
-2.111021,3,480.030574
-2.142754,3,480.064574
-3.152877,4,480.112574
-1.045845,2,480.136574
-3.164369,4,480.180575
-1.055359,2,480.201575
-3.149551,4,480.253574
-2.101572,3,480.286574
-1.058931,2,480.308574
-1.059924,2,480.330086
-2.128307,3,480.369083
-0.023474,1,480.381084
-3.151196,4,480.428083
-2.125798,3,480.461083
-0.024498,1,480.475084
-3.160665,4,480.520084
-1.040488,2,480.541084
-3.195102,4,480.588084
-0.021212,1,480.603083
-2.089924,3,480.635085
-1.062407,2,480.658084
-2.110962,3,480.692189
-3.156596,4,480.738189
-1.073535,2,480.76019
-3.165857,4,480.806188
-0.017291,1,480.817189
-2.083007,3,480.854188
-0.02466,1,480.866191
-1.051467,2,480.889189
-2.115687,3,480.922188
-3.200054,4,480.971189
-3.144089,4,481.017189
-3.216521,4,481.061325
-2.109686,3,481.097325
-3.157395,4,481.145324
-2.107571,3,481.183324
-1.045751,2,481.211325
-3.191176,4,481.263324
-3.150869,4,481.313324
-3.168424,4,481.365324
-2.123364,3,481.399325
-0.016694,1,481.410326
-2.109741,3,481.458328
-2.104532,3,481.501834
-2.121626,3,481.532834
-3.175598,4,481.579834
-1.07018,2,481.605835
-0.021083,1,481.618835
-2.100953,3,481.662834
-2.091213,3,481.713834
-3.160087,4,481.766835
-2.093004,3,481.805835
-2.090329,3,481.840835
-0.022891,1,481.852834
-0.015692,1,481.874834
-2.114326,3,481.918835
-2.110265,3,481.955835
-2.118642,3,481.998834
-2.113112,3,482.035835
-2.122063,3,482.068835
-2.106103,3,482.105834
-0.023238,1,482.119834
-3.147159,4,482.173834
-2.131149,3,482.207834
-1.066547,2,482.230834
-1.058252,2,482.254836
-2.10664,3,482.293834
-1.047399,2,482.314834
-3.171095,4,482.373835
-1.037784,2,482.401836
-3.142323,4,482.456834
-1.046545,2,482.487834
-2.133801,3,482.533834
-2.08151,3,482.568834
-3.237275,4,482.627343
-1.048961,2,482.659343
-2.109237,3,482.699517
-0.024115,1,482.711517
-1.042257,2,482.747517
-0.011548,1,482.759516
-2.110604,3,482.816596
-1.048612,2,482.856595
-1.043012,2,482.890596
-2.096113,3,482.939594
-1.055489,2,482.961595
-2.106099,3,482.999595
-0.024262,1,483.014596
-0.015457,1,483.025594
-2.112523,3,483.060595
-3.167874,4,483.114595
-2.116119,3,483.158594
-0.000686,1,483.172595
-2.120182,3,483.211594
-3.177576,4,483.259898
-0.022591,1,483.277924
-3.169003,4,483.339923
-2.125678,3,483.374924
-2.091943,3,483.413923
-0.006598,1,483.431923
-0.023132,1,483.443924
-2.136629,3,483.477924
-0.011275,1,483.488924
-2.106386,3,483.533924
-3.166331,4,483.590925
-3.148014,4,483.637923
-2.101536,3,483.670924
-2.106892,3,483.714923
-2.093659,3,483.747926
-2.084974,3,483.788925
-2.112787,3,483.839439
-1.067105,2,483.880607
-2.094191,3,483.922606
-2.086007,3,483.963605
-3.218174,4,484.011606
-2.111444,3,484.055607
-2.102578,3,484.100761
-1.058878,2,484.13376
-1.063509,2,484.157761
-1.051196,2,484.184761
-1.040353,2,484.20976
-1.044583,2,484.231761
-1.03754,2,484.25376
-1.068251,2,484.281088
-1.050174,2,484.306088
-2.101092,3,484.340087
-2.105779,3,484.374087
-1.06431,2,484.402087
-2.093231,3,484.441088
-2.080329,3,484.474088
-2.131212,3,484.509087
-3.188945,4,484.561088
-2.116435,3,484.596088
-2.105889,3,484.641088
-3.231336,4,484.691087
-3.174871,4,484.744087
-1.057238,2,484.766088
-0.016459,1,484.777087
-3.194578,4,484.821088
-1.034751,2,484.846088
-2.113428,3,484.885088
-2.131022,3,484.921087
-3.205248,4,484.972716
-2.080327,3,485.010719
-2.111953,3,485.045715
-0.023948,1,485.057715
-2.119414,3,485.093839
-2.104499,3,485.137839
-3.180676,4,485.182839
-2.101303,3,485.223839
-2.110554,3,485.262839
-1.045327,2,485.291839
-1.051481,2,485.32284
-2.08949,3,485.355839
-1.040002,2,485.380838
-0.020824,1,485.401839
-0.011015,1,485.416839
-2.088087,3,485.452839
-2.088613,3,485.485839
-1.050882,2,485.516839
-2.1334,3,485.550839
-1.061775,2,485.572839
-2.123771,3,485.606839
-2.09345,3,485.65384
-2.147864,3,485.692841
-3.184242,4,485.741839
-2.115867,3,485.776839
-3.178927,4,485.830998
-3.163455,4,485.877997
-2.116754,3,485.916999
-0.021302,1,485.927998
-2.085612,3,485.967
-2.096802,3,486.0
-0.022002,1,486.011999
-2.114385,3,486.042999
-1.057566,2,486.074998
-1.035377,2,486.099998
-1.037062,2,486.124998
-0.019923,1,486.139
-3.15924,4,486.191509
-1.048573,2,486.215671
-2.124125,3,486.248672
-2.083262,3,486.295671
-1.068053,2,486.323672
-2.093298,3,486.35867
-2.120299,3,486.39567
-3.173609,4,486.441797
-2.122231,3,486.481934
-2.115375,3,486.516935
-2.104925,3,486.549935
-3.164771,4,486.601934
-2.092914,3,486.639934
-1.061526,2,486.663038
-1.064092,2,486.684039
-2.110492,3,486.719039
-2.13084,3,486.755039
-1.040221,2,486.777282
-2.079152,3,486.815283
-3.186759,4,486.859281
-3.153386,4,486.908282
-0.005234,1,486.919281
-1.046823,2,486.943281
-1.052925,2,486.965282
-2.097879,3,487.005281
-2.123097,3,487.044281
-2.131043,3,487.077283
-2.1177,3,487.110281
-1.05111,2,487.137282
-2.12042,3,487.175282
-2.086659,3,487.209282
-2.130266,3,487.243281
-1.057286,2,487.275281
-2.125814,3,487.308789
-2.120964,3,487.349791
-2.11322,3,487.387917
-2.074519,3,487.423917
-1.063783,2,487.446259
-3.147029,4,487.499259
-3.181395,4,487.54726
-3.131593,4,487.597259
-3.151934,4,487.64026
-1.067494,2,487.669259
-0.006307,1,487.68826
-3.145213,4,487.74226
-3.161476,4,487.796259
-3.188087,4,487.840434
-3.166742,4,487.882435
-3.136988,4,487.933435
-2.098085,3,487.968434
-3.153306,4,488.014435
-0.024263,1,488.027434
-3.159628,4,488.078434
-1.046639,2,488.101434
-3.197664,4,488.146434
-0.018645,1,488.157434
-2.130884,3,488.195435
-1.067494,2,488.218435
-2.103633,3,488.253433
-2.119751,3,488.285436
-1.055608,2,488.310435
-2.112449,3,488.341434
-3.150635,4,488.388435
-3.145155,4,488.432438
-2.086604,3,488.469944
-2.102023,3,488.501943
-0.018781,1,488.512944
-0.005458,1,488.523943
-1.071425,2,488.546942
-1.067386,2,488.571943
-2.103238,3,488.607942
-1.05195,2,488.629944
-2.083307,3,488.667943
-0.015024,1,488.679944
-1.057473,2,488.703943
-2.119576,3,488.738074
-2.092641,3,488.774073
-1.048086,2,488.798074
-2.08758,3,488.830073
-1.059464,2,488.855074
-0.008592,1,488.869073
-0.014842,1,488.881074
-2.119343,3,488.915172
-1.048745,2,488.938171
-2.123429,3,488.975171
-3.153265,4,489.022341
-3.141836,4,489.067708
-2.096505,3,489.100706
-2.08567,3,489.140707
-3.170939,4,489.186885
-2.082728,3,489.219884
-3.174266,4,489.263883
-0.015786,1,489.279884
-3.183936,4,489.323884
-1.057811,2,489.347883
-1.049291,2,489.370884
-3.176831,4,489.416995
-2.1178,3,489.450992
-0.015297,1,489.463993
-2.126384,3,489.496993
-1.052407,2,489.524153
-2.082201,3,489.565156
-3.179929,4,489.612663
-3.166074,4,489.654664
-3.150752,4,489.706664
-3.150136,4,489.75379
-2.149828,3,489.785789
-3.168376,4,489.830789
-1.064732,2,489.856788
-2.084417,3,489.892789
-3.169388,4,489.933862
-0.021543,1,489.945862
-3.146017,4,489.993862
-2.116135,3,490.031862
-1.058048,2,490.064862
-2.134335,3,490.122027
-1.053627,2,490.153026
-2.116358,3,490.192026
-3.160358,4,490.237026
-2.096371,3,490.269089
-2.106349,3,490.305089
-2.112287,3,490.339089
-2.110309,3,490.374089
-2.116746,3,490.41109
-3.201043,4,490.465089
-2.08291,3,490.497088
-2.085706,3,490.531194
-3.164407,4,490.574279
-0.019868,1,490.589278
-2.124119,3,490.622279
-2.106695,3,490.656278
-1.055907,2,490.68028
-1.067509,2,490.706282
-3.174261,4,490.751788
-2.116404,3,490.786788
-2.12998,3,490.819788
-0.008854,1,490.833292
-2.114577,3,490.866291
-3.190304,4,490.912292
-1.059225,2,490.935291
-2.139507,3,490.973293
-2.093633,3,491.008292
-2.10992,3,491.040294
-2.13459,3,491.073293
-2.138567,3,491.112435
-2.122667,3,491.147435
-2.106084,3,491.181435
-2.085962,3,491.216434
-1.060587,2,491.241435
-2.079099,3,491.272434
-2.122328,3,491.306434
-3.195289,4,491.351434
-2.120593,3,491.388435
-1.042608,2,491.411435
-2.079456,3,491.446435
-2.090133,3,491.480721
-3.157139,4,491.52672
-3.167833,4,491.57372
-2.108158,3,491.60672
-3.155502,4,491.653721
-3.162237,4,491.704722
-3.185765,4,491.749722
-1.06048,2,491.773721
-0.012755,1,491.78572
-2.11568,3,491.82372
-0.016205,1,491.83572
-2.109104,3,491.870229
-3.154491,4,491.916228
-2.09247,3,491.954228
-2.095276,3,491.989228
-1.065368,2,492.011229
-3.195363,4,492.054228
-1.045519,2,492.082228
-3.161604,4,492.128229
-0.020292,1,492.139335
-1.068791,2,492.162336
-2.113111,3,492.200337
-3.150403,4,492.243335
-2.118799,3,492.277335
-3.210577,4,492.324336
-2.096732,3,492.362335
-3.163915,4,492.410335
-2.122684,3,492.445335
-2.097289,3,492.478335
-2.128638,3,492.518409
-1.042585,2,492.542409
-3.136139,4,492.585499
-2.100288,3,492.618499
-2.099824,3,492.658498
-2.140433,3,492.691498
-1.061247,2,492.713498
-3.157266,4,492.762498
-3.184863,4,492.809498
-2.126623,3,492.841498
-1.059761,2,492.866498
-2.118246,3,492.900499
-2.129495,3,492.935498
-3.186735,4,492.980499
-1.036071,2,493.003499
-2.09915,3,493.037501
-2.083083,3,493.077007
-1.036621,2,493.099008
-2.132661,3,493.130007
-0.01714,1,493.141006
-1.064773,2,493.164007
-3.197161,4,493.212007
-3.178867,4,493.257238
-2.094417,3,493.291239
-2.120745,3,493.33024
-3.20093,4,493.376239
-2.089812,3,493.413242
-2.111229,3,493.449319
-0.014427,1,493.464319
-2.11274,3,493.498319
-3.139703,4,493.542319
-1.047274,2,493.565318
-3.157323,4,493.612319
-3.208947,4,493.658453
-2.134669,3,493.690453
-2.118429,3,493.721453
-1.035672,2,493.750453
-1.055889,2,493.773453
-2.108759,3,493.807529
-2.128309,3,493.83953
-2.12782,3,493.877529
-0.00944,1,493.888529
-0.005529,1,493.901529
-2.106184,3,493.933529
-1.068691,2,493.962529
-1.046914,2,493.985645
-2.124107,3,494.016646
-2.082713,3,494.049646
-0.00361,1,494.064646
-3.198093,4,494.108645
-2.100524,3,494.139645
-1.065635,2,494.160645
-2.090849,3,494.200449
-0.018817,1,494.212449
-2.129254,3,494.246449
-3.133769,4,494.29045
-0.020978,1,494.306449
-3.155603,4,494.350449
-3.147675,4,494.397449
-0.021995,1,494.410449
-1.057683,2,494.435449
-3.145205,4,494.479448
-2.088058,3,494.514449
-3.158421,4,494.559526
-2.121589,3,494.595527
-3.158126,4,494.641526
-1.0542,2,494.662526
-2.118589,3,494.696526
-0.020899,1,494.711642
-1.07305,2,494.853731
-3.159011,4,494.897731
-2.093544,3,494.932731
-2.111475,3,494.971731
-3.160998,4,495.015731
-2.133931,3,495.048732
-2.087885,3,495.083731
-2.107791,3,495.122731
-2.089768,3,495.151731
-3.172793,4,495.197986
-2.084558,3,495.230988
-2.088738,3,495.271986
-3.173434,4,495.316986
-2.081834,3,495.348986
-2.106455,3,495.381989
-0.024105,1,495.40143
-2.123108,3,495.438428
-2.112666,3,495.469429
-2.111565,3,495.504428
-2.131047,3,495.541428
-3.163528,4,495.584522
-3.146883,4,495.630522
-3.189266,4,495.676522
-3.166742,4,495.725523
-2.105766,3,495.760768
-2.089988,3,495.794768
-2.107714,3,495.831768
-2.120195,3,495.86777
-2.091241,3,495.92777
-2.110661,3,495.98577
-3.166437,4,496.039768
-1.056547,2,496.068769
-3.179291,4,496.116768
-1.061404,2,496.138769
-3.160965,4,496.184885
-3.227393,4,496.238235
-2.107164,3,496.275234
-0.02016,1,496.286234
-0.014155,1,496.298235
-1.045299,2,496.324235
-3.146298,4,496.374235
-3.172894,4,496.419234
-3.20945,4,496.461233
-2.131713,3,496.501233
-1.061191,2,496.522233
-2.104763,3,496.553234
-2.138949,3,496.583234
-3.19856,4,496.637742
-1.060884,2,496.661742
-1.059569,2,496.684869
-0.005953,1,496.695868
-0.01841,1,496.71287
-3.145063,4,496.758869
-2.078289,3,496.79287
-0.022474,1,496.803869
-0.010372,1,496.822868
-2.118264,3,496.856869
-2.132022,3,496.891869
-0.014088,1,496.901868
-3.149086,4,496.953869
-2.125207,3,496.986869
-2.125426,3,497.020868
-0.019071,1,497.031868
-0.013645,1,497.04887
-3.165982,4,497.088868
-2.082601,3,497.121868
-2.103737,3,497.158868
-0.019217,1,497.174869
-2.141798,3,497.20696
-2.082036,3,497.240035
-0.0107,1,497.252033
-2.094656,3,497.292033
-2.107465,3,497.326033
-2.120914,3,497.361033
-2.095626,3,497.396034
-3.149305,4,497.445033
-2.111079,3,497.481034
-1.053704,2,497.504034
-1.047819,2,497.526033
-1.033559,2,497.551036
-1.058769,2,497.575033
-2.11982,3,497.610282
-3.15643,4,497.65428
-0.024468,1,497.668281
-1.042473,2,497.69028
-1.063239,2,497.715281
-2.094064,3,497.750283
-2.079534,3,497.78579
-0.016192,1,497.796788
-3.175675,4,497.840789
-2.119922,3,497.873789
-2.084008,3,497.909861
-2.119758,3,497.943862
-0.020915,1,497.954861
-2.108669,3,497.988861
-3.151775,4,498.041861
-2.08259,3,498.07686
-2.091459,3,498.109862
-1.043156,2,498.133861
-2.101766,3,498.170861
-2.103972,3,498.204954
-0.015109,1,498.215954
-2.109392,3,498.251129
-2.12761,3,498.289359
-3.189775,4,498.332489
-3.15679,4,498.378489
-2.078354,3,498.40849
-1.059967,2,498.432489
-0.006761,1,498.444491
-2.124212,3,498.481489
-2.091963,3,498.51549
-1.061249,2,498.541489
-0.017159,1,498.55249
-0.013973,1,498.564489
-1.061966,2,498.588489
-1.060228,2,498.615489
-2.11615,3,498.648489
-3.186481,4,498.689488
-2.095965,3,498.72449
-2.126587,3,498.76349
-2.099445,3,498.795489
-3.171841,4,498.838573
-2.090347,3,498.870576
-0.016045,1,498.886082
-2.11837,3,498.926083
-2.100253,3,498.959082
-3.141789,4,499.002082
-2.128257,3,499.041083
-2.122598,3,499.074081
-1.045279,2,499.096192
-3.200536,4,499.139192
-1.066276,2,499.165192
-2.13022,3,499.197193
-2.120567,3,499.231193
-2.089191,3,499.261193
-0.018353,1,499.276194
-1.052266,2,499.300192
-1.061455,2,499.321193
-1.044662,2,499.346193
-1.037483,2,499.371192
-2.136237,3,499.407193
-2.087174,3,499.441192
-1.040496,2,499.465192
-2.085618,3,499.501192
-2.083128,3,499.533249
-2.079317,3,499.567248
-2.087527,3,499.601249
-1.065407,2,499.62625
-2.104317,3,499.660248
-2.107656,3,499.694249
-2.135814,3,499.72625
-2.105363,3,499.766249
-3.173133,4,499.812251
-2.104337,3,499.846249
-2.128395,3,499.880249
-1.060672,2,499.908249
-2.087544,3,499.940249
-0.004871,1,499.952249
-1.056021,2,499.972249
-2.083375,3,500.012252
-1.064438,2,500.034756
-0.023679,1,500.045757
-2.138848,3,500.078756
-2.089243,3,500.119757
-3.1527,4,500.16991
-2.101592,3,500.203909
-2.080885,3,500.240036
-2.08447,3,500.276036
-1.06939,2,500.299036
-2.107036,3,500.334036
-1.061429,2,500.355036
-2.103664,3,500.391036
-3.158576,4,500.435145
-2.128394,3,500.469144
-1.033374,2,500.490214
-1.051845,2,500.514215
-3.201823,4,500.560214
-2.087447,3,500.594332
-2.107702,3,500.628332
-0.001637,1,500.644332
-3.159274,4,500.692332
-1.071672,2,500.715332
-1.064716,2,500.735331
-1.037411,2,500.762332
-2.093011,3,500.796331
-2.106047,3,500.832332
-2.125319,3,500.865331
-2.113238,3,500.903331
-2.096725,3,500.932332
-1.034031,2,500.954332
-2.11429,3,500.983332
-2.086041,3,501.019332
-3.161201,4,501.064331
-2.085826,3,501.100332
-1.039971,2,501.123331
-1.064495,2,501.150332
-1.054144,2,501.173332
-3.223249,4,501.222945
-1.035074,2,501.244016
-3.162301,4,501.291015
-2.094868,3,501.326016
-2.113654,3,501.360015
-3.170291,4,501.407065
-2.132815,3,501.447066
-0.003182,1,501.458065
-0.024791,1,501.469065
-2.100105,3,501.504066
-1.066154,2,501.530065
-2.100322,3,501.566158
-2.118458,3,501.600158
-0.022268,1,501.611158
-3.168595,4,501.659158
-2.141593,3,501.691291
-2.086733,3,501.726292
-0.017374,1,501.738292
-3.184663,4,501.787292
-1.031915,2,501.809291
-2.0984,3,501.842291
-2.095264,3,501.87829
-1.06968,2,501.902291
-2.140721,3,501.934392
-3.152518,4,501.981393
-2.093772,3,502.014392
-1.065719,2,502.040393
-2.100096,3,502.076393
-3.157589,4,502.154394
-2.116929,3,502.192394
-3.151018,4,502.242627
-2.10487,3,502.278627
-2.128352,3,502.312627
-3.148271,4,502.360135
-3.15877,4,502.413136
-2.081072,3,502.449136
-1.058264,2,502.471135
-3.166969,4,502.518138
-2.137235,3,502.557329
-0.010703,1,502.568329
-3.15384,4,502.609329
-1.062126,2,502.632329
-2.128886,3,502.67133
-2.11324,3,502.702331
-1.054321,2,502.723331
-2.098648,3,502.761329
-2.103635,3,502.801331
-3.18227,4,502.84633
-1.058806,2,502.870331
-2.123647,3,502.902415
-1.048275,2,502.928414
-3.190731,4,502.975415
-2.104704,3,503.008648
-2.111426,3,503.043648
-1.044956,2,503.069648
-1.05087,2,503.093649
-2.124645,3,503.126648
-2.09773,3,503.160648
-1.049422,2,503.186648
-2.090443,3,503.222648
-3.155094,4,503.267648
-3.153096,4,503.315648
-3.168155,4,503.361648
-1.059064,2,503.382648
-0.017274,1,503.394648
-1.041486,2,503.418648
-1.060909,2,503.446648
-2.126823,3,503.478651
-2.093277,3,503.513352
-1.062466,2,503.536352
-1.045636,2,503.561351
-3.155707,4,503.608351
-2.111587,3,503.643351
-3.171023,4,503.687355
-2.123859,3,503.725352
-1.061528,2,503.749352
-2.104972,3,503.782691
-2.102375,3,503.81569
-2.125305,3,503.855691
-2.125454,3,503.889691
-1.057582,2,503.910691
-2.124877,3,503.944691
-2.111643,3,503.983691
-3.142894,4,504.02869
-3.171534,4,504.075691
-3.172805,4,504.127692
-2.111481,3,504.164691
-3.148857,4,504.21169
-3.169755,4,504.253691
-2.143724,3,504.28869
-3.204519,4,504.336691
-3.18097,4,504.381691
-2.111791,3,504.417691
-3.192798,4,504.462691
-2.092343,3,504.501691
-3.155909,4,504.54669
-3.179865,4,504.590691
-2.117819,3,504.625201
-2.122392,3,504.664202
-3.17377,4,504.708201
-3.152549,4,504.7532
-3.201233,4,504.7972
-2.086245,3,504.835201
-0.002709,1,504.848201
-1.04711,2,504.869297
-1.068792,2,504.893296
-2.122178,3,504.930297
-0.022092,1,504.940297
-1.041207,2,504.962297
-2.126618,3,504.994299
-3.170232,4,505.041297
-3.152388,4,505.087298
-0.015279,1,505.099297
-2.088971,3,505.133298
-2.110287,3,505.192298
-0.020753,1,505.210401
-0.023093,1,505.224401
-2.10085,3,505.267401
-3.162601,4,505.319401
-1.049909,2,505.3434
-2.08177,3,505.376654
-1.037446,2,505.401654
-1.041874,2,505.427653
-1.06017,2,505.450655
-1.034066,2,505.478654
-2.105418,3,505.515654
-0.00664,1,505.530654
-0.022599,1,505.543655
-1.068718,2,505.566653
-1.063969,2,505.590654
-1.046712,2,505.618654
-2.141251,3,505.650722
-2.117023,3,505.680721
-0.008238,1,505.691721
-2.092105,3,505.730721
-3.151113,4,505.77523
-3.182087,4,505.82423
-3.164462,4,505.872229
-3.152658,4,505.920231
-3.141574,4,505.966229
-2.123109,3,505.999229
-0.022293,1,506.010229
-2.113102,3,506.048229
-2.096656,3,506.082229
-1.07109,2,506.105229
-2.10474,3,506.13623
-3.198744,4,506.18723
-2.091933,3,506.22323
-2.095393,3,506.26023
-0.012723,1,506.27423
-1.04324,2,506.30023
-2.088923,3,506.334231
-2.125493,3,506.364229
-2.105423,3,506.399229
-1.069657,2,506.42523
-2.123117,3,506.45723
-0.021548,1,506.47123
-1.038255,2,506.49823
-1.047671,2,506.52623
-0.023984,1,506.53823
-2.133345,3,506.57223
-2.132692,3,506.60623
-2.098784,3,506.64523
-2.100004,3,506.678231
-3.179363,4,506.72523
-0.008622,1,506.73823
-3.156016,4,506.785229
-1.035666,2,506.809231
-3.17578,4,506.856229
-2.097324,3,506.890233
-3.180602,4,506.943739
-3.170027,4,506.989738
-2.119538,3,507.023738
-3.148347,4,507.069738
-2.127871,3,507.106738
-3.139364,4,507.157738
-3.168355,4,507.20688
-2.089248,3,507.266876
-2.124807,3,507.315878
-0.017499,1,507.329876
-2.099744,3,507.365877
-1.045902,2,507.391876
-1.060358,2,507.417875
-2.099038,3,507.45314
-2.077169,3,507.49214
-1.066317,2,507.519143
-2.087801,3,507.56714
-2.093317,3,507.60614
-1.047059,2,507.62814
-3.165946,4,507.679141
-1.052749,2,507.70714
-1.039322,2,507.73014
-0.023129,1,507.74314
-2.11148,3,507.777141
-3.188191,4,507.827141
-0.007089,1,507.838141
-1.052567,2,507.86114
-3.182317,4,507.907142
-2.094807,3,507.951142
-1.067326,2,507.97414
-2.091524,3,508.011141
-3.168209,4,508.05773
-1.058535,2,508.08473
-2.11819,3,508.119839
-2.103554,3,508.153837
-1.0454,2,508.176838
-2.128821,3,508.21484
-3.148368,4,508.287841
-0.013936,1,508.305838
-3.215427,4,508.365837
-1.066021,2,508.394839
-3.180581,4,508.442162
-1.048863,2,508.464163
-2.120619,3,508.500162
-3.198319,4,508.552162
-3.212334,4,508.601163
-3.184318,4,508.647162
-1.033953,2,508.671163
-3.144898,4,508.721163
-1.054582,2,508.744165
-0.008789,1,508.755162
-0.022192,1,508.766162
-2.105866,3,508.804163
-3.180224,4,508.848163
-0.024054,1,508.859163
-3.143134,4,508.908163
-1.069599,2,508.934162
-3.171149,4,508.979162
-1.055212,2,509.001163
-0.010405,1,509.012163
-3.14901,4,509.064162
-3.164939,4,509.110344
-2.096519,3,509.144347
-2.117276,3,509.182349
-2.096264,3,509.223854
-1.048167,2,509.247855
-0.013455,1,509.260854
-2.120633,3,509.295855
-2.093457,3,509.332855
-2.08764,3,509.367854
-2.087291,3,509.401854
-1.071128,2,509.425854
-2.128304,3,509.462856
-2.11387,3,509.496854
-0.021033,1,509.508855
-1.063661,2,509.530855
-1.043819,2,509.556855
-1.042965,2,509.581856
-0.018428,1,509.592854
-1.046719,2,509.612938
-2.103067,3,509.649935
-3.152471,4,509.696193
-3.150702,4,509.737192
-1.055976,2,509.759387
-3.149409,4,509.815387
-2.122474,3,509.846389
-1.044584,2,509.870387
-3.148737,4,509.914389
-2.108197,3,509.953387
-2.089705,3,509.987387
-2.110244,3,510.022387
-3.163309,4,510.068387
-2.115329,3,510.107388
-2.082258,3,510.143388
-3.174274,4,510.18848
-1.044142,2,510.212479
-2.109984,3,510.250482
-2.109606,3,510.283479
-0.022677,1,510.293478
-2.099627,3,510.325569
-2.114779,3,510.371074
-2.129705,3,510.405158
-2.114013,3,510.442158
-0.007075,1,510.457159
-2.078102,3,510.494159
-3.140126,4,510.543157
-1.053179,2,510.567256
-2.133242,3,510.601478
-2.112336,3,510.638478
-1.066582,2,510.663478
-1.036537,2,510.684478
-2.092155,3,510.720478
-1.061382,2,510.746478
-2.104714,3,510.778477
-0.006246,1,510.789478
-3.164711,4,510.854479
-3.161085,4,510.925678
-3.149103,4,510.971825
-3.148393,4,511.045823
-1.062566,2,511.069914
-2.094216,3,511.112916
-3.186246,4,511.164018
-2.1117,3,511.193019
-3.171931,4,511.239018
-3.185184,4,511.288126
-1.058635,2,511.316127
-2.10793,3,511.352337
-2.138429,3,511.387335
-2.109858,3,511.425335
-2.099886,3,511.459506
-1.063439,2,511.481015
-0.013948,1,511.494015
-1.067286,2,511.520016
-3.200737,4,511.567015
-3.142893,4,511.610015
-2.097393,3,511.646015
-2.129246,3,511.689016
-3.152167,4,511.735015
-2.120623,3,511.768017
-0.006796,1,511.782017
-2.078505,3,511.826016
-2.101783,3,511.866015
-2.115477,3,511.900015
-2.136229,3,511.933016
-2.088488,3,511.971016
-2.130832,3,512.008016
-3.138995,4,512.052118
-3.1723,4,512.096119
-2.104749,3,512.135118
-2.110829,3,512.170119
-3.197325,4,512.216118
-3.185901,4,512.262118
-2.138044,3,512.298118
-1.066166,2,512.324118
-1.038131,2,512.347119
-2.087809,3,512.379118
-1.039043,2,512.40712
-2.106738,3,512.441118
-3.159753,4,512.485178
-2.119884,3,512.517176
-0.02287,1,512.532177
-1.065609,2,512.556178
-2.125537,3,512.587177
-0.013994,1,512.598176
-2.119264,3,512.636686
-2.140403,3,512.672686
-2.07951,3,512.706685
-1.039859,2,512.725688
-2.087484,3,512.766686
-2.112002,3,512.801687
-2.117986,3,512.833686
-1.051919,2,512.856686
-2.12059,3,512.892686
-2.125411,3,512.925686
-0.017908,1,512.937685
-2.092732,3,512.970686
-3.187365,4,513.015685
-3.153144,4,513.060685
-2.119846,3,513.096686
-2.111899,3,513.130686
-0.019311,1,513.145686
-0.02198,1,513.156686
-2.118202,3,513.189686
-2.097482,3,513.226686
-1.036908,2,513.251687
-2.084921,3,513.285686
-0.020797,1,513.297686
-3.172556,4,513.344686
-3.181153,4,513.395687
-1.047581,2,513.429688
-1.037369,2,513.461688
-1.043723,2,513.487687
-0.01988,1,513.505687
-3.166527,4,513.555686
-2.127546,3,513.589688
-2.09934,3,513.622685
-1.055852,2,513.647686
-2.110235,3,513.682686
-3.147117,4,513.728686
-1.036369,2,513.75269
-0.015389,1,513.767195
-2.121461,3,513.801196
-0.022808,1,513.812196
-1.047193,2,513.833196
-2.100393,3,513.875196
-2.139547,3,513.907197
-3.195281,4,513.949195
-3.161651,4,513.996332
-2.078311,3,514.032332
-3.13909,4,514.079737
-2.088819,3,514.111737
-2.122038,3,514.144737
-3.196306,4,514.194736
-2.103315,3,514.228736
-3.177922,4,514.271736
-1.033993,2,514.294737
-1.042582,2,514.321736
-2.12876,3,514.357736
-3.153101,4,514.404735
-2.124796,3,514.438736
-3.204206,4,514.487736
-1.039096,2,514.510736
-0.017499,1,514.522736
-1.069241,2,514.545736
-2.098692,3,514.580739
-1.068682,2,514.602736
-1.047759,2,514.624737
-0.016796,1,514.636736
-0.024223,1,514.651736
-2.095716,3,514.683736
-2.110515,3,514.716735
-2.131102,3,514.750736
-2.09113,3,514.786736
-2.122892,3,514.819736
-1.033775,2,514.841736
-1.042844,2,514.864736
-3.19944,4,514.915245
-2.117107,3,514.949688
-2.085879,3,514.983689
-3.145736,4,515.028687
-1.044874,2,515.058688
-1.061351,2,515.081688
-1.069899,2,515.102688
-1.0417,2,515.122688
-3.158829,4,515.172688
-0.006254,1,515.185689
-0.012506,1,515.199688
-2.091521,3,515.235689
-1.061073,2,515.261688
-2.095718,3,515.297689
-0.01548,1,515.309689
-0.016896,1,515.320688
-2.088154,3,515.359688
-2.098252,3,515.393688
-3.167674,4,515.439689
-1.043155,2,515.459688
-3.149547,4,515.507688
-1.063801,2,515.530688
-3.16207,4,515.575688
-3.171249,4,515.623688
-2.083417,3,515.660687
-1.038081,2,515.682688
-3.131597,4,515.728688
-3.156194,4,515.771688
-2.097713,3,515.809688
-2.11698,3,515.844689
-1.044887,2,515.867688
-1.06352,2,515.889688
-3.150752,4,515.940688
-2.098489,3,515.975688
-2.085385,3,516.006688
-1.06325,2,516.029692
-2.08727,3,516.069199
-0.023162,1,516.080199
-3.176797,4,516.1262
-1.063371,2,516.148199
-2.128298,3,516.186198
-2.140127,3,516.218199
-2.106416,3,516.251199
-2.094738,3,516.286199
-2.120549,3,516.324199
-1.057806,2,516.348199
-2.111624,3,516.3842
-2.106453,3,516.419199
-4.263481,5,516.4842
-1.066309,2,516.5092
-0.021732,1,516.520201
-3.184137,4,516.5652
-1.048829,2,516.592199
-2.13725,3,516.628199
-0.020142,1,516.6392
-3.184225,4,516.688199
-2.101492,3,516.726201
-3.145291,4,516.7672
-2.13058,3,516.8012
-3.181278,4,516.843199
-2.100982,3,516.882199
-2.095668,3,516.914199
-2.105049,3,516.949199
-2.096964,3,516.986199
-2.123116,3,517.032684
-3.157412,4,517.106086
-2.11098,3,517.146087
-3.149575,4,517.193594
-3.162549,4,517.242595
-3.154716,4,517.288594
-2.098469,3,517.320596
-1.060088,2,517.343594
-2.083566,3,517.385595
-1.066389,2,517.410595
-3.187968,4,517.452657
-3.166583,4,517.497728
-1.047251,2,517.525728
-1.049026,2,517.545729
-3.155317,4,517.592728
-3.15108,4,517.638728
-1.038814,2,517.664729
-3.221875,4,517.708728
-3.18253,4,517.753728
-2.115622,3,517.784729
-3.174601,4,517.833729
-1.064354,2,517.856729
-2.124151,3,517.88873
-2.129049,3,517.922729
-2.140829,3,517.961728
-2.106653,3,517.994727
-1.044758,2,518.015728
-3.159469,4,518.073841
-1.061995,2,518.11684
-2.09177,3,518.162839
-2.131208,3,518.19684
-3.186406,4,518.24184
-1.04814,2,518.27184
-3.167044,4,518.317839
-2.132683,3,518.358583
-3.169153,4,518.409583
-2.092425,3,518.449582
-3.158376,4,518.494583
-3.13975,4,518.537582
-1.051418,2,518.559582
-0.024327,1,518.577711
-2.094815,3,518.61671
-2.107851,3,518.650711
-2.085451,3,518.68671
-1.049445,2,518.713997
-2.101477,3,518.748148
-0.023607,1,518.760147
-3.169953,4,518.805147
-2.13375,3,518.842149
-3.182905,4,518.888148
-1.069137,2,518.912147
-0.024711,1,518.923147
-0.018765,1,518.939148
-0.022542,1,518.950148
-1.044857,2,518.974147
-1.052995,2,518.998147
-2.135522,3,519.040148
-2.122774,3,519.073147
-1.06593,2,519.096148
-2.09416,3,519.132148
-2.07786,3,519.168147
-1.044629,2,519.189147
-1.039204,2,519.211148
-2.081481,3,519.246148
-3.174884,4,519.296149
-1.058194,2,519.319147
-2.103966,3,519.355147
-3.1629,4,519.398147
-1.062916,2,519.424147
-3.199732,4,519.470147
-2.134778,3,519.503149
-1.065371,2,519.525151
-3.174783,4,519.573658
-2.109951,3,519.605658
-2.120786,3,519.637658
-0.014846,1,519.647658
-2.096387,3,519.687659
-2.141818,3,519.722659
-2.135018,3,519.756658
-0.007068,1,519.766658
-2.095991,3,519.805659
-2.104033,3,519.839792
-2.127761,3,519.872859
-2.113432,3,519.90816
-3.162351,4,519.95516
-2.106787,3,519.989161
-1.065828,2,520.011159
-0.017983,1,520.02316
-2.10315,3,520.061161
-2.126296,3,520.09416
-0.018294,1,520.10916
-3.165196,4,520.15116
-3.168953,4,520.200475
-3.172721,4,520.247476
-1.042276,2,520.271475
-1.052444,2,520.294641
-0.01733,1,520.309643
-1.056123,2,520.334643
-2.126466,3,520.366642
-2.110754,3,520.397642
-2.122288,3,520.435642
-3.155352,4,520.48177
-0.019251,1,520.49277
-0.014146,1,520.504769
-2.113092,3,520.54377
-0.014762,1,520.55577
-3.154256,4,520.60077
-1.051638,2,520.62177
-2.123941,3,520.65577
-2.132188,3,520.68728
-1.036717,2,520.710278
-2.0973,3,520.742277
-2.119604,3,520.780278
-1.066854,2,520.802278
-2.093458,3,520.835278
-2.106441,3,520.870278
-0.017862,1,520.887278
-2.082529,3,520.920278
-3.149542,4,520.964279
-3.182573,4,521.011277
-0.005809,1,521.026279
-0.020766,1,521.039279
-2.110313,3,521.072279
-2.106344,3,521.107278
-2.087619,3,521.144278
-1.057438,2,521.165278
-1.034628,2,521.186278
-1.065497,2,521.209278
-2.08488,3,521.247278
-1.065193,2,521.269279
-2.127389,3,521.303277
-2.116035,3,521.338278
-1.061054,2,521.363279
-0.006288,1,521.375278
-2.117963,3,521.409279
-0.006833,1,521.420278
-2.080507,3,521.457279
-2.084648,3,521.491486
-2.079461,3,521.525486
-1.039584,2,521.550487
-2.098265,3,521.587486
-2.094299,3,521.620488
-3.183334,4,521.668486
-2.125431,3,521.702487
-1.046353,2,521.728487
-0.02177,1,521.740486
-3.204527,4,521.789486
-2.116151,3,521.821997
-3.148305,4,521.871998
-2.109986,3,521.905996
-1.039729,2,521.928996
-1.053412,2,521.949996
-2.089399,3,521.989996
-1.041595,2,522.011996
-2.134434,3,522.044996
-2.104158,3,522.077996
-3.16218,4,522.128996
-2.121586,3,522.160996
-2.095725,3,522.198284
-1.062353,2,522.220284
-0.020347,1,522.235284
-3.181448,4,522.279284
-2.116812,3,522.316285
-2.102013,3,522.346666
-2.086374,3,522.393666
-1.058912,2,522.422666
-2.127744,3,522.458667
-2.095392,3,522.493665
-2.08209,3,522.532665
-2.111844,3,522.573665
-0.016515,1,522.584665
-3.175156,4,522.630665
-2.080541,3,522.677666
-2.136841,3,522.710667
-2.099684,3,522.769668
-0.02315,1,522.787668
-2.139488,3,522.835784
-2.099775,3,522.872784
-2.091795,3,522.905784
-2.111313,3,522.939785
-0.007356,1,522.954788
-1.037072,2,522.982294
-2.119469,3,523.016293
-2.125162,3,523.055291
-2.13561,3,523.097292
-2.085415,3,523.128292
-2.131623,3,523.161292
-3.153935,4,523.21035
-3.180985,4,523.25735
-2.107327,3,523.29235
-2.146976,3,523.324644
-1.036606,2,523.347645
-3.17497,4,523.399644
-3.156018,4,523.442751
-1.061494,2,523.466751
-2.100354,3,523.499751
-3.16901,4,523.54975
-3.153295,4,523.59475
-1.068743,2,523.61975
-3.147431,4,523.66375
-2.138531,3,523.70175
-2.09524,3,523.73575
-3.193441,4,523.780752
-1.053167,2,523.801892
-3.15669,4,523.84989
-0.023743,1,523.86089
-0.011387,1,523.870891
-3.14625,4,523.911891
-2.091175,3,523.94822
-1.070795,2,523.97022
-2.122961,3,524.00422
-0.015701,1,524.015221
-3.182126,4,524.065221
-2.085015,3,524.10022
-2.12236,3,524.134221
-2.130975,3,524.16901
-2.083023,3,524.20601
-3.157138,4,524.250077
-2.131848,3,524.28616
-1.071364,2,524.309161
-2.104948,3,524.34316
-2.123321,3,524.37516
-2.086763,3,524.409161
-3.179708,4,524.453163
-1.064324,2,524.478161
-3.17533,4,524.52516
-3.150522,4,524.569162
-2.124241,3,524.605235
-1.048774,2,524.632236
-2.084599,3,524.667235
-1.037074,2,524.688235
-0.017257,1,524.699235
-0.019818,1,524.716235
-2.092617,3,524.748237
-0.014798,1,524.759236
-1.040283,2,524.779236
-1.062211,2,524.804235
-2.13833,3,524.838235
-2.087761,3,524.872307
-2.129803,3,524.903574
-2.111413,3,524.944574
-1.044024,2,524.966574
-2.096965,3,525.001574
-0.011516,1,525.014574
-2.126934,3,525.052576
-0.007272,1,525.062574
-3.155224,4,525.106573
-3.210605,4,525.152575
-0.01917,1,525.167574
-2.103353,3,525.202575
-1.057285,2,525.224573
-2.113035,3,525.260574
-2.086601,3,525.298081
-1.051136,2,525.321082
-3.148236,4,525.390083
-2.089667,3,525.43728
-2.119378,3,525.483279
-1.052148,2,525.50728
-2.087381,3,525.542462
-0.013141,1,525.553462
-2.10381,3,525.593462
-2.135041,3,525.626462
-3.174438,4,525.673461
-2.131868,3,525.719671
-3.143768,4,525.773667
-0.01965,1,525.786667
-2.140894,3,525.824667
-2.107246,3,525.861668
-2.136303,3,525.897668
-1.063373,2,525.922668
-1.039823,2,525.946668
-3.203825,4,525.991667
-3.142837,4,526.041667
-1.053545,2,526.063667
-1.071595,2,526.084667
-3.185188,4,526.127668
-2.110451,3,526.165668
-0.024686,1,526.178668
-3.163186,4,526.220667
-1.057477,2,526.242667
-1.034846,2,526.271667
-1.041429,2,526.293667
-3.20253,4,526.338667
-1.036775,2,526.360668
-2.12145,3,526.421668
-2.092728,3,526.453174
-3.14917,4,526.502178
-2.090595,3,526.532178
-3.142263,4,526.583177
-2.141341,3,526.616178
-2.098371,3,526.648177
-1.051304,2,526.671178
-1.059093,2,526.699178
-1.04307,2,526.721178
-2.107732,3,526.755178
-3.126077,4,526.804177
-3.144102,4,526.854177
-1.043682,2,526.875178
-2.103334,3,526.911179
-1.065343,2,526.941179
-3.183863,4,527.020178
-0.015213,1,527.034179
-2.117132,3,527.072178
-3.162702,4,527.118178
-1.063849,2,527.148177
-2.117781,3,527.184178
-1.035134,2,527.20818
-3.139003,4,527.264178
-2.119937,3,527.303179
-1.068305,2,527.324178
-2.083533,3,527.359178
-2.116616,3,527.397177
-2.125387,3,527.435177
-3.166219,4,527.48118
-1.040879,2,527.506177
-2.110181,3,527.544179
-3.173418,4,527.592324
-2.124333,3,527.624831
-1.063513,2,527.647831
-3.157327,4,527.691832
-3.180532,4,527.739832
-2.114493,3,527.772831
-3.174895,4,527.819831
-0.010182,1,527.830831
-2.132123,3,527.866833
-1.044514,2,527.889832
-1.070478,2,527.912832
-1.069292,2,527.934832
-1.056908,2,527.961831
-3.200769,4,528.008831
-2.086516,3,528.042831
-2.090748,3,528.07483
-3.171884,4,528.125831
-2.099341,3,528.158832
-2.106455,3,528.190832
-1.036182,2,528.212831
-3.152458,4,528.260831
-3.170347,4,528.305831
-3.165262,4,528.351831
-2.117399,3,528.386831
-1.0422,2,528.41108
-3.17196,4,528.457081
-2.130326,3,528.49008
-2.11467,3,528.522081
-3.177893,4,528.573081
-1.059489,2,528.59508
-2.104403,3,528.62608
-0.008564,1,528.63608
-0.016739,1,528.651081
-1.068502,2,528.67508
-1.041811,2,528.699081
-1.066716,2,528.72008
-2.115919,3,528.759083
-0.024256,1,528.770081
-1.063418,2,528.794082
-2.125234,3,528.828591
-1.052952,2,528.85459
-3.144637,4,528.90059
-1.053898,2,528.92059
-3.179228,4,528.96459
-2.139998,3,529.00359
-3.138692,4,529.04659
-2.125139,3,529.07959
-1.063724,2,529.10359
-2.117662,3,529.146821
-2.135273,3,529.180821
-3.139647,4,529.22805
-2.095662,3,529.262049
-1.058499,2,529.288049
-1.070358,2,529.31105
-2.098828,3,529.344049
-3.164542,4,529.389049
-2.095367,3,529.427049
-2.084836,3,529.46105
-2.093232,3,529.496049
-3.158728,4,529.541049
-1.042773,2,529.567049
-2.10489,3,529.598049
-3.199047,4,529.644049
-2.104894,3,529.677049
-3.150496,4,529.725049
-2.093513,3,529.76205
-0.01895,1,529.774049
-1.054414,2,529.796049
-2.108395,3,529.83305
-1.038456,2,529.854049
-2.092811,3,529.88905
-0.004284,1,529.900049
-3.15374,4,529.947054
-2.135039,3,529.986556
-2.113894,3,530.021557
-2.135476,3,530.055623
-3.199372,4,530.104623
-2.132271,3,530.136623
-2.088693,3,530.169623
-3.141282,4,530.212623
-0.01746,1,530.227625
-3.188279,4,530.272623
-2.141353,3,530.304624
-2.112341,3,530.338623
-0.010188,1,530.353624
-1.066339,2,530.376622
-3.186056,4,530.423623
-1.065285,2,530.446624
-1.050841,2,530.472624
-2.128463,3,530.506623
-3.191015,4,530.553623
-2.091246,3,530.609625
-1.036087,2,530.657758
-2.120195,3,530.694762
-3.154873,4,530.748759
-1.057896,2,530.772758
-3.168515,4,530.821924
-3.175915,4,530.866924
-3.164585,4,530.913218
-0.010721,1,530.927218
-1.066315,2,530.958219
-0.024448,1,530.970219
-3.137648,4,531.01522
-2.084321,3,531.050218
-1.062637,2,531.078219
-2.097597,3,531.109729
-1.035695,2,531.131728
-2.120695,3,531.165728
-3.167905,4,531.215728
-2.111227,3,531.250728
-3.160049,4,531.297728
-2.085959,3,531.332728
-1.05903,2,531.359728
-2.128335,3,531.392728
-3.160147,4,531.438728
-3.196864,4,531.485729
-2.097513,3,531.524728
-1.052836,2,531.546729
-2.089619,3,531.579728
-3.159762,4,531.627728
-1.046026,2,531.654728
-2.12548,3,531.687728
-2.117086,3,531.721729
-2.122409,3,531.758728
-3.175622,4,531.807728
-2.087843,3,531.841786
-2.095235,3,531.875785
-3.182606,4,531.920887
-2.108592,3,531.960887
-3.178077,4,532.003888
-0.003268,1,532.013887
-3.171263,4,532.058887
-2.118964,3,532.101105
-3.149335,4,532.145107
-2.111037,3,532.183105
-3.154541,4,532.229105
-3.156435,4,532.279616
-0.006331,1,532.291615
-1.057448,2,532.314617
-1.056788,2,532.337615
-1.059765,2,532.363617
-2.128537,3,532.404616
-2.078467,3,532.437616
-1.050418,2,532.459616
-2.132678,3,532.499616
-1.047101,2,532.522617
-1.047903,2,532.544616
-3.201961,4,532.589615
-1.054571,2,532.617615
-1.059234,2,532.639616
-2.110409,3,532.670617
-0.015153,1,532.681616
-1.038716,2,532.708616
-2.107335,3,532.741616
-0.024693,1,532.751616
-2.104905,3,532.784617
-3.183065,4,532.830616
-3.158573,4,532.874615
-2.088945,3,532.909617
-1.048515,2,532.930616
-3.194669,4,532.979616
-2.116386,3,533.011616
-3.167868,4,533.052616
-1.067424,2,533.074615
-3.176066,4,533.118616
-2.113943,3,533.148617
-3.176379,4,533.193617
-0.016829,1,533.205616
-1.055931,2,533.231615
-3.162438,4,533.276617
-2.082227,3,533.308615
-2.105455,3,533.343616
-0.006566,1,533.358616
-1.052484,2,533.383616
-2.123919,3,533.412616
-2.11269,3,533.442616
-3.138899,4,533.492222
-1.062159,2,533.513223
-2.105348,3,533.543221
-1.057548,2,533.565222
-2.097596,3,533.601222
-3.177658,4,533.644222
-2.111445,3,533.674222
-0.016828,1,533.684222
-1.043031,2,533.716223
-3.221918,4,533.755222
-1.034883,2,533.781222
-3.158691,4,533.826566
-0.018629,1,533.841566
-2.105536,3,533.872566
-2.104361,3,533.902565
-2.110295,3,533.934566
-3.151509,4,533.983567
-1.046396,2,534.005566
-2.094819,3,534.039567
-0.011545,1,534.048567
-3.17876,4,534.095711
-0.024544,1,534.10671
-0.020229,1,534.117711
-2.115298,3,534.15271
-1.068321,2,534.179712
-2.123401,3,534.21171
-2.081893,3,534.240711
-0.012805,1,534.25171
-3.130988,4,534.299711
-2.085952,3,534.33071
-2.110282,3,534.35871
-1.067218,2,534.379711
-1.045661,2,534.40471
-3.166276,4,534.446717
-3.168658,4,534.49071
-2.113384,3,534.52285
-2.123698,3,534.56185
-1.05833,2,534.584849
-2.127867,3,534.615355
-3.170575,4,534.657358
-2.100153,3,534.699358
-2.121676,3,534.728359
-1.044648,2,534.75336
-2.115092,3,534.80936
-0.013115,1,534.833359
-2.131615,3,534.87036
-3.185181,4,534.924359
-0.010407,1,534.936359
-2.106385,3,534.975359
-2.124731,3,535.008358
-2.098845,3,535.047359
-2.10423,3,535.081358
-1.062617,2,535.115359
-2.1145,3,535.155359
-2.11047,3,535.188359
-1.057866,2,535.207359
-3.202247,4,535.256359
-1.070891,2,535.279361
-3.177541,4,535.323358
-3.141138,4,535.366359
-0.022929,1,535.379359
-3.142027,4,535.421359
-3.17482,4,535.467518
-3.168475,4,535.505517
-2.095661,3,535.541518
-2.075131,3,535.573518
-2.102704,3,535.607517
-1.071568,2,535.629518
-1.049356,2,535.654517
-3.148119,4,535.703518
-0.020795,1,535.720517
-2.121162,3,535.75452
-1.045797,2,535.781025
-1.035975,2,535.804025
-3.149819,4,535.849157
-1.066175,2,535.872156
-2.08227,3,535.913156
-2.106739,3,535.946156
-1.064007,2,535.966156
-0.006516,1,535.977156
-3.156448,4,536.028232
-2.114376,3,536.056232
-1.031984,2,536.077326
-3.152424,4,536.120389
-3.167735,4,536.170581
-2.145319,3,536.201581
-1.06627,2,536.225581
-2.145993,3,536.258582
-3.163328,4,536.309582
-3.167622,4,536.357581
-3.149821,4,536.400581
-2.09004,3,536.431581
-3.162231,4,536.477582
-2.114335,3,536.510581
-1.051321,2,536.531582
-2.12723,3,536.567581
-1.063052,2,536.592581
-2.100742,3,536.622582
-1.04781,2,536.642581
-1.042792,2,536.665581
-0.021367,1,536.681581
-2.124227,3,536.717581
-3.174023,4,536.760583
-0.017453,1,536.771581
-3.138195,4,536.821581
-2.112554,3,536.854581
-2.099482,3,536.889581
-3.150348,4,536.93209
-3.176288,4,536.982091
-2.136556,3,537.018091
-2.105845,3,537.049091
-2.093219,3,537.079091
-2.095335,3,537.117091
-2.096947,3,537.148091
-2.078581,3,537.180091
-2.097631,3,537.215091
-1.053104,2,537.24209
-2.12276,3,537.274091
-1.07231,2,537.294091
-2.09622,3,537.329091
-1.067917,2,537.355091
-2.112379,3,537.38709
-1.057485,2,537.409092
-2.115131,3,537.443158
-3.148584,4,537.488157
-2.086809,3,537.521159
-3.195302,4,537.561157
-1.057533,2,537.582158
-2.116925,3,537.619157
-2.121459,3,537.651157
-3.17697,4,537.694157
-3.201185,4,537.736157
-2.084567,3,537.777157
-0.007716,1,537.788157
-0.005297,1,537.799157
-2.118622,3,537.828158
-1.061557,2,537.867158
-2.104424,3,537.920252
-1.042949,2,537.946253
-2.124392,3,537.98725
-1.04919,2,538.017252
-3.19847,4,538.063254
-2.095728,3,538.09976
-2.123021,3,538.13276
-3.221598,4,538.186761
-3.183162,4,538.23276
-1.061537,2,538.25476
-2.12606,3,538.287759
-2.098503,3,538.32676
-1.050398,2,538.348762
-1.043405,2,538.376762
-1.04963,2,538.41976
-1.052154,2,538.45876
-3.181618,4,538.51076
-2.094575,3,538.54676
-1.070229,2,538.571759
-2.126609,3,538.60976
-0.019406,1,538.62176
-2.094747,3,538.65776
-2.095001,3,538.69492
-3.178439,4,538.744919
-0.008439,1,538.756919
-0.004445,1,538.76892
-2.122224,3,538.80092
-1.065652,2,538.82792
-3.188971,4,538.871919
-2.128039,3,538.907919
-2.133408,3,538.93592
-2.125414,3,538.97192
-2.102036,3,539.00192
-3.12875,4,539.04792
-1.044237,2,539.07092
-3.138,4,539.121919
-1.051089,2,539.14392
-3.147513,4,539.18992
-1.052226,2,539.21392
-2.078558,3,539.250921
-2.086803,3,539.283427
-2.093874,3,539.319427
-3.178717,4,539.365426
-0.01176,1,539.379691
-2.1118,3,539.41669
-2.125776,3,539.44869
-1.066489,2,539.469692
-3.154535,4,539.518691
-2.090315,3,539.55269
-3.204819,4,539.59969
-1.058652,2,539.623692
-1.061394,2,539.650691
-3.161412,4,539.693691
-2.126736,3,539.72969
-3.183668,4,539.77469
-2.111625,3,539.81169
-0.016086,1,539.82269
-1.058998,2,539.846691
-1.064698,2,539.868691
-3.151216,4,539.91869
-3.180703,4,539.964691
-3.157687,4,540.00669
-2.105872,3,540.040691
-2.148285,3,540.079691
-1.068959,2,540.101691
-2.129104,3,540.13569
-3.168874,4,540.179692
-2.119137,3,540.219692
-3.17615,4,540.264691
-2.097566,3,540.29969
-1.047829,2,540.32069
-1.069642,2,540.347691
-2.114645,3,540.38169
-2.13723,3,540.418693
-3.156654,4,540.466198
-2.121362,3,540.504199
-3.150419,4,540.546198
-2.115214,3,540.580198
-2.112478,3,540.615197
-2.092534,3,540.652199
-2.111979,3,540.685201
-1.074068,2,540.7062
-3.15896,4,540.750199
-2.134254,3,540.788198
-2.115428,3,540.819199
-3.164587,4,540.8672
-1.050432,2,540.888199
-2.094366,3,540.925198
-2.136962,3,540.960201
-1.069301,2,540.981199
-1.061147,2,541.003199
-2.089278,3,541.041205
-3.160739,4,541.082199
-1.067265,2,541.104199
-0.022545,1,541.115198
-2.131446,3,541.150198
-2.133389,3,541.183198
-3.221257,4,541.226197
-2.100578,3,541.260201
-0.007577,1,541.275198
-2.092393,3,541.308198
-1.053637,2,541.330199
-1.060041,2,541.352198
-3.166514,4,541.3982
-2.128818,3,541.430198
-2.129053,3,541.462198
-2.106233,3,541.494197
-1.052219,2,541.521199
-2.098098,3,541.554202
-3.176567,4,541.599706
-0.019664,1,541.609709
-3.161712,4,541.655706
-2.106328,3,541.688706
-0.022061,1,541.700706
-1.068262,2,541.723706
-1.062206,2,541.748707
-2.105979,3,541.781124
-2.121913,3,541.815123
-1.070339,2,541.839123
-1.033269,2,541.864124
-3.184302,4,541.907123
-2.128745,3,541.941123
-3.177594,4,541.985123
-0.021612,1,542.000125
-1.048394,2,542.021123
-1.066413,2,542.045125
-1.075948,2,542.067124
-2.087115,3,542.105123
-2.091565,3,542.136124
-1.062981,2,542.161124
-2.137011,3,542.193124
-2.136348,3,542.229125
-3.166811,4,542.276123
-3.169613,4,542.321123
-1.058088,2,542.341123
-3.154199,4,542.390123
-3.146886,4,542.431124
-3.164756,4,542.475123
-2.129294,3,542.511335
-1.064784,2,542.556335
-2.132789,3,542.605334
-1.033402,2,542.633334
-1.061499,2,542.655334
-0.024438,1,542.671334
-0.015222,1,542.683334
-1.034974,2,542.707337
-2.10458,3,542.741987
-0.022095,1,542.756985
-1.047633,2,542.778987
-2.119503,3,542.816986
-3.156998,4,542.872986
-1.045143,2,542.900985
-1.035035,2,542.925986
-2.128834,3,542.958985
-2.087322,3,542.989986
-1.047312,2,543.017986
-3.169263,4,543.062101
-2.122864,3,543.0971
-3.14694,4,543.143308
-2.103705,3,543.180307
-2.10624,3,543.214307
-3.147112,4,543.260307
-1.06245,2,543.282307
-2.137807,3,543.320306
-3.175999,4,543.367307
-2.099726,3,543.401307
-2.114239,3,543.435307
-3.176138,4,543.484307
-3.173994,4,543.549308
-2.126062,3,543.607307
-2.140659,3,543.649309
-2.129239,3,543.695306
-1.044445,2,543.721307
-0.01788,1,543.732306
-1.034505,2,543.758306
-3.150437,4,543.811307
-1.057245,2,543.836307
-3.159319,4,543.886817
-2.085064,3,543.91994
-1.073438,2,543.94594
-1.046804,2,543.966942
-3.172005,4,544.00894
-3.143649,4,544.05394
-2.108358,3,544.09294
-2.123849,3,544.13094
-2.122187,3,544.162941
-2.116674,3,544.19494
-1.056506,2,544.221941
-0.002862,1,544.23494
-3.149461,4,544.279106
-2.087552,3,544.312109
-3.142402,4,544.363106
-0.02272,1,544.373106
-2.094953,3,544.407106
-2.132934,3,544.444106
-1.074162,2,544.470107
-1.062159,2,544.490107
-3.158,4,544.533107
-2.084687,3,544.567107
-2.092016,3,544.602106
-3.165192,4,544.646514
-2.084873,3,544.678514
-2.104654,3,544.714514
-0.020106,1,544.729515
-1.038936,2,544.751514
-3.14628,4,544.797515
-3.221667,4,544.841514
-0.012187,1,544.855515
-1.064557,2,544.881514
-0.024568,1,544.891515
-3.148376,4,544.935516
-2.112678,3,544.971514
-2.102286,3,545.010094
-2.112032,3,545.043093
-2.124923,3,545.075158
-2.098899,3,545.114158
-1.037201,2,545.137158
-3.190531,4,545.180159
-1.063672,2,545.203158
-3.155706,4,545.253158
-1.04576,2,545.273285
-1.040182,2,545.295285
-3.194077,4,545.343285
-2.117401,3,545.378285
-2.09838,3,545.413285
-3.168999,4,545.460284
-1.041866,2,545.481284
-0.006338,1,545.496284
-2.117309,3,545.532284
-3.13734,4,545.576284
-1.042175,2,545.598285
-1.048078,2,545.626284
-2.129354,3,545.660285
-1.059619,2,545.683285
-2.124543,3,545.716284
-1.064541,2,545.740285
-1.03898,2,545.762285
-1.033813,2,545.785285
-0.003583,1,545.795284
-3.149551,4,545.843284
-1.053663,2,545.867285
-2.089096,3,545.901285
-1.074019,2,545.924285
-1.069042,2,545.950444
-1.068463,2,545.974444
-3.157239,4,546.020444
-3.16109,4,546.065443
-3.17799,4,546.115443
-2.086173,3,546.162956
-2.102439,3,546.219956
-2.092692,3,546.258955
-1.060217,2,546.290955
-1.05976,2,546.314955
-3.185234,4,546.362105
-2.092256,3,546.395104
-2.090443,3,546.432106
-2.079901,3,546.466105
-2.104431,3,546.501105
-1.057844,2,546.526274
-3.163689,4,546.576276
-3.161059,4,546.622274
-0.023336,1,546.635275
-2.100904,3,546.666275
-2.110565,3,546.704275
-2.103903,3,546.740399
-1.038589,2,546.7644
-2.090255,3,546.797399
-1.060124,2,546.826399
-2.087299,3,546.862399
-0.009823,1,546.874399
-1.041067,2,546.894399
-2.104182,3,546.9304
-2.082324,3,546.967399
-2.118884,3,547.006399
-1.050474,2,547.029399
-2.114581,3,547.066399
-3.152711,4,547.113399
-2.11046,3,547.148619
-2.098301,3,547.185618
-2.121576,3,547.224619
-3.205977,4,547.270618
-3.179337,4,547.324126
-1.054145,2,547.346126
-2.084818,3,547.381126
-2.121591,3,547.412126
-3.149029,4,547.454125
-1.048169,2,547.476125
-1.042644,2,547.503126
-2.100641,3,547.537126
-3.212517,4,547.582299
-0.020287,1,547.593297
-2.083758,3,547.633298
-3.147133,4,547.677297
-2.135118,3,547.710297
-2.087049,3,547.744298
-2.103596,3,547.782297
-3.152196,4,547.826297
-1.060264,2,547.850298
-3.169765,4,547.894297
-0.011189,1,547.910297
-3.143631,4,547.956298
-1.053461,2,547.976297
-2.104855,3,548.008297
-1.063305,2,548.032297
-3.148642,4,548.079421
-3.14972,4,548.123421
-0.007001,1,548.134655
-3.165373,4,548.180655
-3.177413,4,548.228654
-2.1214,3,548.261655
-1.044485,2,548.285655
-1.040151,2,548.311655
-0.007299,1,548.322655
-3.184558,4,548.367658
-2.118589,3,548.400655
-1.058488,2,548.427658
-1.061258,2,548.449164
-2.090397,3,548.484165
-0.009909,1,548.495164
-0.022533,1,548.512164
-3.154537,4,548.556164
-2.134848,3,548.590164
-3.134176,4,548.635248
-0.018182,1,548.649249
-1.036979,2,548.670249
-2.09522,3,548.704248
-3.165645,4,548.746248
-3.159326,4,548.793249
-0.020128,1,548.804249
-3.209945,4,548.847249
-2.107868,3,548.877248
-0.015379,1,548.89125
-1.069432,2,548.915249
-0.020767,1,548.926249
-3.144542,4,548.973248
-1.056367,2,548.997251
-2.117972,3,549.03234
-2.112839,3,549.066648
-3.138791,4,549.111648
-2.090212,3,549.149649
-1.06945,2,549.172647
-3.226736,4,549.219648
-2.107282,3,549.254647
-3.173807,4,549.305649
-1.047381,2,549.325648
-2.083284,3,549.360647
-3.183122,4,549.405787
-2.121683,3,549.441786
-2.117098,3,549.473787
-3.166709,4,549.517787
-3.153061,4,549.56279
-2.08369,3,549.602296
-0.016,1,549.615295
-1.036269,2,549.635406
-3.152463,4,549.676406
-2.116852,3,549.716406
-3.175118,4,549.759514
-2.08973,3,549.805516
-3.173279,4,549.878515
-3.194168,4,549.941514
-2.086577,3,549.974515
-1.070397,2,549.996515
-3.232213,4,550.045514
-2.107571,3,550.082515
-2.129643,3,550.118514
-1.046819,2,550.143595
-1.054991,2,550.165595
-1.035493,2,550.192595
-2.086215,3,550.225595
-1.033013,2,550.248594
-1.04757,2,550.270594
-2.094765,3,550.317597
-0.017075,1,550.336595
-2.090138,3,550.409595
-3.147993,4,550.462594
-2.086547,3,550.500596
-3.174362,4,550.545594
-2.102637,3,550.578594
-1.06568,2,550.603594
-0.021356,1,550.621595
-2.133652,3,550.657594
-1.039913,2,550.682693
-2.117592,3,550.717696
-3.201324,4,550.769201
-2.118137,3,550.801341
-2.080535,3,550.835342
-2.11916,3,550.868341
-3.199948,4,550.91634
-1.04041,2,550.94134
-2.108384,3,550.97634
-0.008651,1,550.988438
-2.08927,3,551.027437
-1.0537,2,551.049438
-2.088968,3,551.081438
-0.005406,1,551.094437
-2.099183,3,551.130438
-3.166583,4,551.178437
-3.182304,4,551.222526
-2.087549,3,551.257525
-3.176055,4,551.306526
-0.024378,1,551.319526
-2.094104,3,551.376918
-0.018876,1,551.39592
-3.139977,4,551.455918
-3.158292,4,551.507917
-2.087602,3,551.542917
-2.108867,3,551.578917
-0.01984,1,551.593918
-0.023788,1,551.605918
-1.041914,2,551.631918
-2.118874,3,551.666917
-2.092467,3,551.705918
-2.12246,3,551.738917
-2.108828,3,551.769918
-3.170465,4,551.818918
-3.186661,4,551.869427
-3.149782,4,551.912508
-2.132027,3,551.949507
-1.053511,2,551.969506
-2.112585,3,552.007506
-3.146045,4,552.050507
-2.090803,3,552.083506
-2.088223,3,552.117506
-2.079395,3,552.154624
-2.128759,3,552.188736
-1.039033,2,552.211737
-3.146544,4,552.258736
-1.047034,2,552.284737
-2.126155,3,552.319927
-1.039793,2,552.344928
-2.12549,3,552.408928
-1.062701,2,552.442932
-3.172389,4,552.496927
-2.115585,3,552.534169
-1.042258,2,552.556165
-1.063322,2,552.583168
-1.051596,2,552.607165
-0.011508,1,552.618166
-1.061692,2,552.640165
-2.078212,3,552.683165
-3.154889,4,552.730166
-1.067887,2,552.753165
-2.087259,3,552.783166
-2.101468,3,552.820165
-1.059078,2,552.843166
-3.201025,4,552.888167
-2.102739,3,552.926166
-1.032844,2,552.953165
-2.112888,3,552.985169
-3.140857,4,553.034806
-2.12414,3,553.065805
-2.102714,3,553.100807
-2.104582,3,553.134805
-1.047271,2,553.158804
-3.163854,4,553.203873
-2.093131,3,553.245874
-3.16368,4,553.291873
-2.107582,3,553.324874
-1.062731,2,553.348873
-1.065782,2,553.376874
-2.115739,3,553.408874
-2.12988,3,553.443023
-3.148787,4,553.49002
-3.166602,4,553.538021
-3.214452,4,553.58502
-1.041096,2,553.60702
-1.061834,2,553.630019
-1.056281,2,553.656019
-0.017133,1,553.67102
-2.110384,3,553.70702
-2.083934,3,553.743021
-0.008775,1,553.75602
-2.137589,3,553.789019
-2.109297,3,553.82402
-1.070381,2,553.846109
-1.041144,2,553.874108
-1.066417,2,553.921108
-3.179261,4,553.983108
-2.100679,3,554.022107
-1.047847,2,554.049108
-2.116816,3,554.087108
-2.136124,3,554.122107
-1.050433,2,554.148617
-0.024402,1,554.164617
-2.135183,3,554.204618
-1.065944,2,554.229618
-3.154503,4,554.278618
-3.170933,4,554.327741
-1.061092,2,554.353858
-2.090772,3,554.391857
-3.205938,4,554.464858
-3.142423,4,554.537857
-2.081613,3,554.576858
-2.097126,3,554.61202
-3.147877,4,554.658295
-2.078175,3,554.816293
-2.086259,3,554.852293
-1.053164,2,554.883293
-2.096409,3,554.921294
-2.119,3,554.959504
-2.090343,3,554.992504
-2.13086,3,555.027505
-1.063826,2,555.052505
-3.182014,4,555.108504
-1.037616,2,555.131505
-1.070092,2,555.157504
-1.044279,2,555.187505
-1.052822,2,555.221504
-2.107311,3,555.256505
-2.098754,3,555.289012
-3.159667,4,555.340013
-0.008629,1,555.355013
-2.129414,3,555.392138
-1.043963,2,555.414138
-3.142627,4,555.465139
-1.059125,2,555.504138
-2.132823,3,555.557138
-3.168908,4,555.612139
-2.133985,3,555.649244
-2.129792,3,555.690243
-2.126088,3,555.723243
-2.081124,3,555.757243
-3.200843,4,555.807243
-1.046784,2,555.832243
-0.004874,1,555.844243
-2.123758,3,555.880243
-1.071333,2,555.902243
-0.019504,1,555.920243
-2.104093,3,555.957242
-2.091651,3,555.996243
-2.12724,3,556.035243
-3.158668,4,556.090242
-2.0884,3,556.126242
-2.12778,3,556.163243
-1.061445,2,556.187245
-1.054555,2,556.216242
-2.097162,3,556.251335
-3.168983,4,556.299339
-2.101629,3,556.342335
-1.037545,2,556.368338
-1.062165,2,556.398339
-1.062279,2,556.424845
-3.164971,4,556.470979
-2.106414,3,556.508978
-2.13464,3,556.54198
-3.190295,4,556.588978
-3.196244,4,556.63798
-3.206991,4,556.686979
-2.122841,3,556.720979
-3.15811,4,556.78098
-2.124436,3,556.81398
-1.045998,2,556.83798
-1.05049,2,556.865978
-2.110357,3,556.900979
-2.0967,3,556.933981
-3.179017,4,556.98898
-0.012595,1,557.000979
-2.100896,3,557.039979
-2.096306,3,557.07646
-3.154405,4,557.123461
-3.144163,4,557.16746
-2.138669,3,557.20246
-2.105375,3,557.23946
-1.06576,2,557.26546
-1.074489,2,557.290461
-1.056119,2,557.312461
-2.134524,3,557.349461
-0.022471,1,557.36546
-2.101552,3,557.401461
-2.103699,3,557.43646
-3.169797,4,557.481461
-0.003832,1,557.499461
-3.158145,4,557.559969
-3.14885,4,557.60297
-0.020467,1,557.616975
-1.059455,2,557.643971
-1.045603,2,557.669969
-1.051455,2,557.69215
-2.116214,3,557.73415
-2.105615,3,557.77415
-2.114484,3,557.81315
-3.159957,4,557.860203
-0.024352,1,557.871203
-2.127866,3,557.917202
-3.168773,4,557.964335
-1.035622,2,557.990335
-2.098645,3,558.029334
-2.101932,3,558.071335
-0.023056,1,558.084334
-2.100603,3,558.120334
-3.179841,4,558.165644
-1.033003,2,558.196645
-2.112391,3,558.234645
-3.144858,4,558.282644
-2.121026,3,558.318645
-0.019452,1,558.332645
-0.02356,1,558.345645
-2.134558,3,558.383644
-3.159997,4,558.438644
-2.081974,3,558.481645
-2.107264,3,558.517645
-2.103932,3,558.551645
-2.097089,3,558.588644
-1.056776,2,558.618646
-2.087891,3,558.654644
-2.10402,3,558.690645
-2.076926,3,558.726154
-2.095224,3,558.767153
-1.051404,2,558.789154
-2.087345,3,558.823154
-2.098081,3,558.858154
-2.116548,3,558.903326
-2.119681,3,558.938325
-2.081366,3,558.975327
-2.089326,3,559.007327
-1.064523,2,559.031326
-2.077473,3,559.068326
-2.118927,3,559.106326
-1.060931,2,559.131327
-2.0954,3,559.190328
-1.043669,2,559.221327
-2.103779,3,559.26643
-1.058322,2,559.290429
-1.063256,2,559.320429
-1.046394,2,559.342429
-3.150405,4,559.39343
-2.128971,3,559.428429
-1.040473,2,559.456429
-2.112429,3,559.49443
-2.115187,3,559.52743
-0.010801,1,559.542429
-0.009778,1,559.563429
-1.063217,2,559.590429
-1.062152,2,559.61443
-1.059373,2,559.635431
-0.016798,1,559.65243
-2.084028,3,559.69043
-2.128718,3,559.73143
-0.007844,1,559.743429
-2.114033,3,559.780431
-3.196276,4,559.829938
-3.151237,4,559.880939
-3.169364,4,559.92205
-2.088108,3,559.961051
-2.115622,3,559.999049
-3.197905,4,560.04605
-0.010969,1,560.05905
-2.126859,3,560.09905
-2.099666,3,560.136051
-3.180805,4,560.212051
-2.093097,3,560.254051
-1.057321,2,560.29205
-2.097862,3,560.32905
-3.159385,4,560.378186
-0.022963,1,560.390188
-2.131996,3,560.427187
-2.105723,3,560.464187
-3.167983,4,560.515186
-2.109442,3,560.547186
-2.093929,3,560.586186
-2.127186,3,560.622186
-0.012404,1,560.633187
-2.094323,3,560.668268
-2.137114,3,560.707438
-2.120801,3,560.739437
-2.10629,3,560.772438
-3.175335,4,560.817438
-2.093311,3,560.855438
-2.114138,3,560.886438
-2.114041,3,560.919438
-2.08898,3,560.952944
-3.224803,4,561.002946
-1.053991,2,561.027947
-1.045122,2,561.050947
-3.164539,4,561.091946
-1.060331,2,561.117947
-0.014781,1,561.128946
-2.081573,3,561.161947
-1.060836,2,561.184947
-2.08744,3,561.219948
-2.122692,3,561.255947
-2.128527,3,561.287947
-3.149491,4,561.329947
-3.154867,4,561.380947
-3.231304,4,561.425948
-2.081388,3,561.458947
-1.061679,2,561.483946
-2.125571,3,561.521946
-3.167513,4,561.564947
-2.092286,3,561.597947
-2.085423,3,561.631949
-3.162327,4,561.691947
-1.055973,2,561.71295
-2.079628,3,561.745946
-1.057224,2,561.768948
-0.020661,1,561.781947
-2.08879,3,561.815947
-1.063234,2,561.838947
-3.176532,4,561.885947
-2.114818,3,561.923947
-2.08826,3,561.956948
-2.101863,3,561.987948
-1.05937,2,562.010947
-2.118061,3,562.050947
-1.038448,2,562.075947
-2.111452,3,562.109579
-2.095136,3,562.144578
-2.140011,3,562.182577
-2.101652,3,562.216579
-0.004744,1,562.227577
-2.095254,3,562.262577
-1.052426,2,562.288793
-1.066887,2,562.310794
-1.055519,2,562.331793
-3.15381,4,562.378792
-3.185441,4,562.426793
-2.109754,3,562.459792
-1.051171,2,562.481794
-2.099391,3,562.517792
-1.063868,2,562.543794
-2.101907,3,562.579793
-3.151508,4,562.625793
-0.019109,1,562.635792
-3.155608,4,562.684794
-1.048165,2,562.708792
-0.017933,1,562.719794
-2.140059,3,562.769794
-3.157636,4,562.839793
-2.114704,3,562.875794
-3.160652,4,562.922792
-2.085567,3,562.955792
-2.127109,3,562.990792
-2.11778,3,563.026792
-2.123832,3,563.061793
-3.187461,4,563.108792
-1.062946,2,563.137793
-1.057639,2,563.159792
-1.05323,2,563.180792
-1.056034,2,563.203791
-2.109445,3,563.245304
-1.036902,2,563.267303
-0.007566,1,563.279303
-1.041743,2,563.302303
-1.060443,2,563.328302
-3.207999,4,563.374558
-1.039148,2,563.396558
-2.094474,3,563.430558
-0.02071,1,563.446559
-1.047347,2,563.470007
-2.103725,3,563.502007
-3.152995,4,563.544007
-1.037628,2,563.573008
-2.082671,3,563.607008
-2.123543,3,563.639007
-2.106468,3,563.675008
-3.17706,4,563.72301
-2.118586,3,563.755006
-2.121536,3,563.790006
-1.04548,2,563.813007
-3.154818,4,563.857007
-2.106825,3,563.892007
-3.184445,4,563.944007
-3.157532,4,563.988301
-2.124552,3,564.026301
-3.139717,4,564.0713
-3.196541,4,564.119302
-1.038234,2,564.1423
-3.160646,4,564.1933
-2.090905,3,564.2273
-3.219743,4,564.269301
-2.110768,3,564.301301
-2.096146,3,564.3393
-3.193622,4,564.387813
-0.011329,1,564.397812
-2.122264,3,564.435812
-1.066276,2,564.462812
-2.124493,3,564.495965
-2.093515,3,564.529965
-2.106711,3,564.563965
-2.120679,3,564.603965
-1.034151,2,564.622964
-3.183558,4,564.668966
-2.142125,3,564.700965
-3.201764,4,564.747967
-2.108436,3,564.781966
-1.036723,2,564.802966
-2.132716,3,564.834965
-3.185626,4,564.885965
-1.049476,2,564.909965
-2.116587,3,564.942966
-2.130964,3,564.978965
-2.092296,3,565.018965
-3.148232,4,565.065965
-2.12091,3,565.100965
-2.123532,3,565.133966
-2.112521,3,565.172964
-0.006459,1,565.182966
-3.153114,4,565.227965
-3.139159,4,565.271965
-3.165569,4,565.321965
-1.061265,2,565.345965
-1.048897,2,565.367965
-2.117082,3,565.398965
-2.124114,3,565.436965
-1.035541,2,565.458965
-2.127181,3,565.490965
-1.068501,2,565.513477
-3.147155,4,565.563478
-0.00817,1,565.574477
-2.143493,3,565.607477
-0.009903,1,565.618477
-0.022453,1,565.635479
-1.043417,2,565.657477
-1.045733,2,565.681477
-1.061115,2,565.702477
-0.006002,1,565.716477
-3.170591,4,565.761477
-3.210035,4,565.80648
-1.056692,2,565.829476
-0.019299,1,565.844477
-2.113724,3,565.881477
-2.130206,3,565.913478
-2.078596,3,565.947477
-2.126851,3,565.986476
-3.146029,4,566.031476
-2.090504,3,566.064477
-2.104232,3,566.100546
-0.014826,1,566.115546
-3.156883,4,566.157546
-1.044394,2,566.182547
-1.05353,2,566.203546
-1.058622,2,566.230546
-3.149368,4,566.274546
-1.0473,2,566.298546
-1.043039,2,566.320602
-2.121941,3,566.358603
-1.04385,2,566.389604
-2.092282,3,566.448604
-2.081726,3,566.491603
-2.085948,3,566.533606
-2.124523,3,566.568603
-2.124367,3,566.603602
-2.082243,3,566.639108
-1.047669,2,566.667113
-2.136637,3,566.704111
-3.195064,4,566.757113
-3.191329,4,566.801112
-3.167512,4,566.853111
-3.149068,4,566.900111
-2.085119,3,566.935111
-2.083999,3,566.972291
-1.05719,2,567.001291
-0.024939,1,567.01529
-2.11796,3,567.05029
-2.098186,3,567.084649
-1.06461,2,567.112648
-1.070835,2,567.136649
-0.005316,1,567.147649
-2.113035,3,567.180648
-1.071804,2,567.215648
-2.116318,3,567.247736
-2.101197,3,567.285736
-3.175399,4,567.332864
-1.04244,2,567.362864
-2.123217,3,567.401865
-2.097301,3,567.434865
-2.114325,3,567.465865
-2.105157,3,567.504864
-3.161006,4,567.549926
-2.121135,3,567.582927
-2.123544,3,567.620926
-2.092854,3,567.657926
-0.01857,1,567.668926
-0.022712,1,567.679076
-2.088791,3,567.716075
-3.151751,4,567.772184
-1.054671,2,567.804689
-2.128564,3,567.83869
-2.120395,3,567.872795
-2.102372,3,567.910795
-3.160875,4,567.958795
-1.066643,2,567.980795
-2.09009,3,568.015795
-2.13565,3,568.053795
-1.049018,2,568.074795
-1.056548,2,568.095796
-1.067054,2,568.120795
-3.155026,4,568.172795
-1.040209,2,568.196795
-3.138894,4,568.241795
-1.037026,2,568.265795
-1.057895,2,568.291795
-2.128972,3,568.326796
-2.126099,3,568.360795
-2.13202,3,568.395848
-2.125727,3,568.431847
-3.142691,4,568.476847
-3.161647,4,568.522847
-3.150091,4,568.566847
-0.022178,1,568.581847
-1.05993,2,568.606848
-1.062442,2,568.628927
-3.171208,4,568.675041
-3.197623,4,568.729041
-2.102689,3,568.762042
-2.089522,3,568.795042
-2.108868,3,568.829154
-1.062797,2,568.855155
-3.143605,4,568.902548
-3.170358,4,568.951057
-2.140618,3,568.985056
-2.120047,3,569.02517
-1.06435,2,569.049169
-3.142653,4,569.099281
-3.158472,4,569.145281
-2.089395,3,569.182281
-0.017485,1,569.194283
-3.149567,4,569.23728
-2.104667,3,569.267282
-3.152931,4,569.325282
-1.056687,2,569.348281
-2.145399,3,569.383406
-2.101788,3,569.416406
-3.166329,4,569.464407
-1.063611,2,569.507408
-2.07663,3,569.554408
-3.157752,4,569.607409
-2.083877,3,569.647634
-2.107898,3,569.681635
-3.139751,4,569.726635
-2.102604,3,569.759634
-2.082959,3,569.807635
-3.144938,4,569.853635
-0.019024,1,569.864635
-3.193259,4,569.911635
-3.165616,4,569.957635
-2.105464,3,569.988635
-1.057036,2,570.010635
-2.121008,3,570.048635
-3.140874,4,570.099143
-1.071987,2,570.120143
-1.039803,2,570.142143
-2.129121,3,570.178143
-1.059941,2,570.203142
-2.109239,3,570.239143
-2.135188,3,570.275142
-2.122164,3,570.309145
-3.206178,4,570.356143
-0.004918,1,570.367143
-2.083672,3,570.400144
-2.097666,3,570.433144
-2.109388,3,570.474144
-1.071291,2,570.496142
-2.123481,3,570.526144
-2.081449,3,570.560261
-2.10518,3,570.600262
-2.114033,3,570.633263
-3.167915,4,570.677369
-0.003105,1,570.691369
-2.084,3,570.728369
-1.035541,2,570.752369
-1.045232,2,570.77537
-3.165357,4,570.821369
-2.121832,3,570.858369
-1.059019,2,570.878501
-3.17577,4,570.9245
-2.097714,3,570.959501
-0.024399,1,570.978503
-3.203309,4,571.030501
-2.107262,3,571.0685
-1.058251,2,571.090818
-3.163461,4,571.140818
-3.216596,4,571.190818
-2.116007,3,571.231332
-1.0412,2,571.256331
-3.156798,4,571.307332
-3.152839,4,571.352408
-2.109159,3,571.390408
-1.036247,2,571.412407
-3.179654,4,571.461409
-1.071842,2,571.484408
-2.10256,3,571.515408
-1.05596,2,571.536408
-2.122329,3,571.578566
-2.092661,3,571.611567
-3.194001,4,571.656565
-1.053481,2,571.681568
-1.048234,2,571.709566
-1.049027,2,571.734567
-3.144929,4,571.782567
-3.148785,4,571.827568
-3.173677,4,571.876878
-3.206225,4,571.922878
-1.041577,2,571.944878
-1.052151,2,571.966878
-2.109519,3,572.006878
-2.130681,3,572.040879
-0.022078,1,572.053878
-2.088476,3,572.085877
-1.046555,2,572.112877
-2.126656,3,572.150878
-3.164198,4,572.196877
-1.037506,2,572.218878
-2.135807,3,572.256879
-1.062122,2,572.280878
-1.04399,2,572.302878
-2.135383,3,572.336878
-2.09348,3,572.375386
-0.017773,1,572.386385
-1.036451,2,572.410386
-2.101974,3,572.445631
-2.09075,3,572.481631
-1.035409,2,572.503631
-3.154609,4,572.54963
-3.183577,4,572.592631
-1.053556,2,572.619631
-2.123872,3,572.652632
-2.089531,3,572.687632
-2.102637,3,572.720632
-2.125515,3,572.761631
-2.11604,3,572.798631
-2.0883,3,572.833632
-1.064334,2,572.856632
-3.191459,4,572.906631
-2.099886,3,572.938631
-1.043163,2,572.958631
-3.186747,4,573.004632
-2.08394,3,573.041631
-0.021716,1,573.054631
-1.066958,2,573.076059
-2.104245,3,573.126061
-0.024234,1,573.14906
-3.166025,4,573.21106
-1.060117,2,573.237059
-3.156785,4,573.285059
-2.085047,3,573.324059
-1.038827,2,573.348058
-0.010793,1,573.359059
-1.056534,2,573.38106
-1.065619,2,573.40806
-2.118028,3,573.447059
-2.091952,3,573.48206
-2.10734,3,573.51406
-0.012504,1,573.531058
-3.180058,4,573.576061
-2.115061,3,573.612051
-0.00422,1,573.62305
-2.116539,3,573.66205
-0.017681,1,573.673051
-3.206308,4,573.71705
-1.05024,2,573.740052
-2.137034,3,573.778052
-0.020731,1,573.790051
-2.116526,3,573.824051
-3.150226,4,573.870051
-1.067111,2,573.897051
-2.111997,3,573.93205
-3.21513,4,573.980051
-2.146136,3,574.013051
-2.109876,3,574.052051
-0.012678,1,574.063051
-0.020904,1,574.076052
-2.129237,3,574.117051
-1.065827,2,574.145051
-0.014597,1,574.158051
-2.089891,3,574.193051
-1.061097,2,574.216051
-0.011392,1,574.231051
-0.021602,1,574.242051
-1.056472,2,574.26305
-2.126173,3,574.298051
-3.188434,4,574.345054
-1.056363,2,574.36805
-3.161598,4,574.415051
-2.105576,3,574.448051
-2.104864,3,574.486051
-1.038472,2,574.509051
-0.012535,1,574.522051
-2.10591,3,574.559051
-1.037909,2,574.586051
-1.06551,2,574.60905
-3.201039,4,574.658054
-3.160653,4,574.701051
-2.094773,3,574.742052
-2.111787,3,574.77756
-3.152846,4,574.819559
-2.127419,3,574.854637
-3.133728,4,574.901637
-3.174606,4,574.947638
-2.133805,3,574.983637
-2.112076,3,575.014638
-2.129789,3,575.050637
-2.092109,3,575.086701
-2.085012,3,575.120702
-1.037505,2,575.140953
-1.045807,2,575.170954
-0.02234,1,575.183954
-1.052244,2,575.205954
-0.010516,1,575.216953
-0.015585,1,575.229954
-0.017906,1,575.241954
-1.033821,2,575.264954
-2.083986,3,575.297953
-2.090812,3,575.336953
-2.117048,3,575.370954
-2.084781,3,575.407954
-1.070934,2,575.43204
-2.128789,3,575.468042
-1.064128,2,575.49104
-2.094277,3,575.525039
-3.150523,4,575.57104
-2.0936,3,575.60904
-3.178803,4,575.656039
-0.015769,1,575.66704
-1.056214,2,575.698042
-3.170467,4,575.778041
-1.05322,2,575.80504
-2.082928,3,575.84304
-2.111473,3,575.87704
-3.154465,4,575.927042
-1.041073,2,575.951548
-3.180934,4,575.998548
-2.092439,3,576.033548
-1.06019,2,576.063547
-1.047547,2,576.084547
-1.045147,2,576.107547
-3.175609,4,576.152664
-2.130173,3,576.192664
-1.049355,2,576.216665
-1.067219,2,576.238664
-3.165631,4,576.285664
-0.016954,1,576.300665
-1.071924,2,576.321665
-2.105997,3,576.354664
-2.127625,3,576.389664
-0.013505,1,576.404665
-3.171426,4,576.44875
-1.055757,2,576.468749
-2.11962,3,576.504749
-2.100905,3,576.541749
-2.11751,3,576.575833
-1.064545,2,576.596833
-2.093554,3,576.630833
-2.098461,3,576.664833
-2.128815,3,576.700835
-3.176088,4,576.781411
-3.174086,4,576.839411
-2.136717,3,576.88041
-2.11454,3,576.914412
-2.088762,3,576.94841
-2.096842,3,576.983412
-3.172943,4,577.037412
-2.109046,3,577.07541
-0.006741,1,577.08641
-2.141123,3,577.123064
-2.098279,3,577.161064
-2.129664,3,577.195066
-2.106961,3,577.225063
-1.04979,2,577.248064
-2.110381,3,577.288064
-2.135908,3,577.320065
-1.07172,2,577.344065
-2.094651,3,577.379064
-2.110155,3,577.422065
-2.09112,3,577.452066
-2.110041,3,577.486063
-2.130353,3,577.520065
-2.115886,3,577.557064
-2.086307,3,577.590175
-2.11151,3,577.624174
-1.060383,2,577.647176
-0.011214,1,577.661175
-2.106863,3,577.694175
-3.191915,4,577.741174
-2.101901,3,577.775174
-2.118723,3,577.813174
-0.02403,1,577.824174
-3.166631,4,577.867174
-2.121899,3,577.900175
-3.162024,4,577.948173
-1.046686,2,577.971288
-3.147945,4,578.014289
-1.057136,2,578.038288
-2.116402,3,578.074601
-2.129198,3,578.109602
-2.127112,3,578.143677
-2.084379,3,578.177678
-3.204,4,578.227678
-3.180641,4,578.275386
-2.117457,3,578.309386
-1.044186,2,578.333387
-2.132363,3,578.369386
-2.125599,3,578.403386
-2.127161,3,578.436387
-2.11872,3,578.471387
-2.115822,3,578.507386
-2.081994,3,578.538386
-0.009633,1,578.550386
-2.103099,3,578.585386
-0.006079,1,578.602387
-3.145562,4,578.645386
-2.098096,3,578.677388
-2.142616,3,578.711386
-2.136518,3,578.748386
-1.03452,2,578.769385
-1.05291,2,578.791386
-2.087287,3,578.826386
-1.061241,2,578.853387
-2.130486,3,578.886387
-0.022438,1,578.898386
-2.111287,3,578.934387
-2.112107,3,578.972387
-0.024466,1,578.982386
-1.063253,2,579.004388
-2.083031,3,579.039387
-1.037487,2,579.064388
-1.052164,2,579.088386
-2.110217,3,579.121387
-1.062516,2,579.145386
-1.064763,2,579.171387
-2.132215,3,579.205387
-2.082148,3,579.247386
-2.120397,3,579.281386
-2.113077,3,579.317386
-1.05186,2,579.340386
-2.088935,3,579.374387
-2.098883,3,579.41039
-1.038895,2,579.436897
-3.144136,4,579.486896
-1.051367,2,579.511093
-1.053951,2,579.533093
-2.082319,3,579.575093
-2.081417,3,579.609217
-3.182477,4,579.651345
-1.047527,2,579.680345
-1.05754,2,579.711345
-0.015801,1,579.723499
-3.161744,4,579.765498
-3.154785,4,579.809499
-3.149029,4,579.8615
-2.093649,3,579.897498
-2.103604,3,579.930497
-2.124182,3,579.965498
-2.110885,3,580.005498
-3.137775,4,580.048498
-3.207613,4,580.095497
-2.088929,3,580.129498
-2.128651,3,580.167497
-2.090785,3,580.200498
-1.050646,2,580.224498
-0.02234,1,580.235498
-2.114129,3,580.273497
-2.098284,3,580.307498
-1.041565,2,580.330498
-3.162615,4,580.374497
-3.148526,4,580.424498
-2.096462,3,580.460498
-0.019476,1,580.471498
-2.104688,3,580.505498
-2.131727,3,580.542497
-3.164527,4,580.590007
-2.099688,3,580.625006
-2.110806,3,580.657006
-2.113847,3,580.695006
-3.146958,4,580.737006
-1.058309,2,580.759073
-1.060815,2,580.780074
-2.085826,3,580.820074
-2.110459,3,580.856139
-2.111174,3,580.890333
-3.183741,4,580.933333
-1.067138,2,580.959333
-2.124477,3,580.995332
-3.159458,4,581.039333
-2.125779,3,581.073332
-3.211242,4,581.123332
-2.106607,3,581.158334
-0.000903,1,581.169333
-3.17223,4,581.215333
-2.125459,3,581.253333
-0.015297,1,581.263333
-2.108518,3,581.299333
-2.092562,3,581.340335
-1.03515,2,581.367332
-2.088667,3,581.401433
-1.067069,2,581.423433
-2.111785,3,581.458433
-2.12188,3,581.498433
-2.127501,3,581.532433
-3.147089,4,581.578433
-2.119674,3,581.611433
-2.100143,3,581.647433
-3.151693,4,581.693433
-1.032327,2,581.716944
-2.086167,3,581.752109
-3.168737,4,581.802109
-2.103908,3,581.835109
-2.099565,3,581.87111
-4.267436,5,581.965302
-0.016607,1,581.986302
-1.060899,2,582.012302
-2.148193,3,582.053301
-0.024156,1,582.064301
-1.062033,2,582.093302
-2.095232,3,582.129302
-2.115506,3,582.161302
-2.113019,3,582.191302
-1.060047,2,582.223302
-3.154651,4,582.27549
-2.148774,3,582.31249
-2.117733,3,582.34849
-2.101485,3,582.382489
-2.096862,3,582.419892
-2.112677,3,582.452893
-2.083196,3,582.486892
-3.151021,4,582.538893
-3.14097,4,582.580893
-0.007529,1,582.591892
-2.109885,3,582.624892
-2.120941,3,582.666892
-0.018095,1,582.678892
-2.11847,3,582.712892
-3.172844,4,582.761892
-2.129348,3,582.799892
-3.169669,4,582.843896
-2.115147,3,582.880402
-2.110621,3,582.928404
-1.058286,2,582.975403
-2.080895,3,583.018403
-0.003753,1,583.034403
-3.182364,4,583.086401
-2.089941,3,583.129403
-2.094701,3,583.160467
-2.086595,3,583.192467
-2.115591,3,583.226468
-1.049271,2,583.256468
-2.084939,3,583.296546
-2.123274,3,583.330545
-3.143596,4,583.376545
-3.16865,4,583.422545
-1.073596,2,583.442545
-2.091937,3,583.478546
-2.132076,3,583.510649
-2.114014,3,583.549646
-2.138477,3,583.583651
-1.061687,2,583.605646
-3.136824,4,583.651646
-2.081976,3,583.690902
-2.119082,3,583.723902
-1.071007,2,583.748901
-1.049585,2,583.771902
-3.169404,4,583.821902
-2.128604,3,583.855902
-3.145415,4,583.900902
-3.148576,4,583.942902
-3.179261,4,583.986903
-2.140049,3,584.017408
-3.161938,4,584.065411
-2.085893,3,584.096411
-2.089779,3,584.13041
-1.055367,2,584.154412
-3.134797,4,584.202411
-2.113749,3,584.236411
-1.042901,2,584.263411
-3.223136,4,584.308411
-2.133163,3,584.341411
-2.135363,3,584.37641
-0.015102,1,584.39441
-2.09117,3,584.42741
-2.08036,3,584.46241
-1.059902,2,584.484411
-1.041632,2,584.511411
-3.177767,4,584.558506
-0.005893,1,584.569558
-1.059321,2,584.590558
-0.005246,1,584.607557
-2.136845,3,584.643669
-1.049662,2,584.665669
-0.019193,1,584.677669
-3.161764,4,584.726808
-2.109932,3,584.758809
-3.194596,4,584.802049
-2.132637,3,584.836049
-3.169818,4,584.883049
-3.164303,4,584.927049
-0.012952,1,584.939049
-1.055354,2,584.963048
-3.18862,4,585.077417
-2.091041,3,585.119419
-2.132458,3,585.152925
-1.071714,2,585.179924
-3.137284,4,585.230059
-3.170275,4,585.276061
-1.054375,2,585.300059
-3.159991,4,585.349059
-2.091516,3,585.398059
-3.209449,4,585.443059
-2.087292,3,585.477059
-3.154504,4,585.524058
-3.199662,4,585.571059
-1.066107,2,585.593059
-1.06641,2,585.617059
-1.0515,2,585.640059
-2.136444,3,585.674059
-2.113307,3,585.709059
-0.02244,1,585.722059
-2.098209,3,585.755059
-2.129852,3,585.79206
-2.088746,3,585.823059
-1.059317,2,585.847059
-1.049401,2,585.870059
-0.009054,1,585.886058
-2.116705,3,585.918058
-3.15887,4,585.964058
-1.064066,2,585.98606
-2.094493,3,586.026059
-3.140399,4,586.07206
-0.008592,1,586.083059
-2.116061,3,586.116059
-2.110297,3,586.151059
-1.046386,2,586.177059
-2.10268,3,586.21106
-2.111686,3,586.244059
-0.019643,1,586.256058
-2.09976,3,586.291062
-1.058189,2,586.315567
-3.191817,4,586.359567
-0.006741,1,586.376567
-1.061878,2,586.398566
-2.080369,3,586.431567
-2.102291,3,586.465567
-2.11717,3,586.504567
-2.082291,3,586.537569
-2.101368,3,586.569567
-2.088377,3,586.601566
-2.129076,3,586.640568
-1.051267,2,586.661567
-1.054224,2,586.683567
-2.120443,3,586.717567
-3.173039,4,586.766567
-2.106928,3,586.801694
-3.197878,4,586.846693
-2.079403,3,586.879693
-2.08924,3,586.918694
-1.058394,2,586.942694
-2.101148,3,586.977694
-2.091851,3,587.010694
-3.169237,4,587.060694
-3.188232,4,587.104694
-2.106114,3,587.137693
-1.058547,2,587.160693
-3.147455,4,587.210693
-3.180264,4,587.258693
-3.149783,4,587.303808
-1.069691,2,587.326809
-1.04696,2,587.35281
-0.017928,1,587.365808
-3.151391,4,587.410807
-2.112193,3,587.443316
-1.062343,2,587.473316
-3.145267,4,587.517316
-2.106136,3,587.553317
-2.137668,3,587.588317
-1.047975,2,587.638317
-3.198679,4,587.713317
-2.12881,3,587.756316
-1.06158,2,587.781316
-3.174227,4,587.831316
-0.016551,1,587.843316
-3.210122,4,587.888316
-1.063305,2,587.913318
-2.099808,3,587.956316
-2.12799,3,587.993316
-3.165378,4,588.041317
-2.094654,3,588.074316
-2.079559,3,588.113316
-3.185464,4,588.160316
-0.008349,1,588.170316
-2.082236,3,588.203316
-2.120781,3,588.241317
-0.023229,1,588.253317
-1.060717,2,588.275316
-1.047747,2,588.296316
-1.039965,2,588.320316
-2.105115,3,588.356316
-3.143196,4,588.401316
-3.192454,4,588.447317
-2.131602,3,588.491316
-1.044417,2,588.513317
-3.14178,4,588.560316
-3.138434,4,588.612826
-2.125394,3,588.673827
-3.175143,4,588.741825
-2.138526,3,588.783826
-3.153494,4,588.833825
-1.050629,2,588.861997
-2.085793,3,588.896998
-1.047512,2,588.919998
-2.107264,3,588.956998
-2.089473,3,588.999998
-2.104127,3,589.035997
-3.159951,4,589.083301
-2.108977,3,589.117301
-2.109932,3,589.170303
-0.021664,1,589.188303
-3.171504,4,589.251304
-1.035888,2,589.278302
-3.18724,4,589.327301
-2.122312,3,589.363301
-0.019846,1,589.375302
-3.17722,4,589.421303
-1.050265,2,589.451302
-3.14589,4,589.499302
-2.09356,3,589.534303
-1.069761,2,589.558301
-0.017836,1,589.572302
-0.018588,1,589.583301
-3.160571,4,589.628303
-0.024133,1,589.640301
-3.146247,4,589.691302
-2.121262,3,589.724302
-2.125059,3,589.758301
-2.106893,3,589.791303
-2.089522,3,589.83481
-2.108277,3,589.865992
-2.104875,3,589.899992
-2.098408,3,589.932992
-2.121716,3,589.970993
-2.120873,3,590.006992
-0.019175,1,590.017993
-2.125966,3,590.052992
-3.185397,4,590.104069
-3.136611,4,590.14607
-2.120653,3,590.18207
-3.172167,4,590.25907
-3.147849,4,590.324072
-2.102374,3,590.356174
-2.120195,3,590.391177
-1.044951,2,590.412175
-2.118211,3,590.450175
-1.048888,2,590.471175
-3.182803,4,590.521263
-2.102982,3,590.557261
-2.092313,3,590.595262
-3.154107,4,590.641262
-1.052682,2,590.665262
-2.101232,3,590.699261
-2.091333,3,590.736262
-2.094037,3,590.769261
-3.184665,4,590.816361
-0.022644,1,590.826361
-2.140942,3,590.86336
-3.189726,4,590.90836
-3.162649,4,590.954365
-2.100266,3,590.988869
-1.037038,2,591.01787
-3.175946,4,591.05887
-0.019489,1,591.06987
-2.109459,3,591.103871
-2.122136,3,591.14287
-2.130322,3,591.174871
-2.115663,3,591.21187
-3.146437,4,591.25487
-2.108252,3,591.293991
-0.007897,1,591.305991
-0.015047,1,591.317991
-0.021287,1,591.329991
-0.014778,1,591.342992
-2.081471,3,591.377991
-0.005832,1,591.38999
-3.198872,4,591.436991
-3.14315,4,591.484991
-1.053856,2,591.50699
-3.166463,4,591.548991
-2.099492,3,591.582991
-3.175091,4,591.634991
-0.015993,1,591.647991
-1.068381,2,591.670991
-2.10464,3,591.702991
-2.101804,3,591.740991
-1.060117,2,591.766991
-2.111804,3,591.798991
-2.081131,3,591.831991
-0.007765,1,591.847992
-2.083772,3,591.882992
-1.046264,2,591.906991
-2.08946,3,591.940991
-1.063402,2,591.96799
-1.059889,2,591.991991
-1.04703,2,592.01399
-1.062961,2,592.037991
-3.172173,4,592.088991
-0.015531,1,592.099991
-1.048603,2,592.122589
-1.064107,2,592.143588
-1.040357,2,592.168589
-2.094369,3,592.207588
-2.117516,3,592.238588
-0.016571,1,592.249588
-3.164995,4,592.308589
-1.061869,2,592.332588
-2.087254,3,592.36659
-3.181569,4,592.411588
-3.18261,4,592.456588
-3.167488,4,592.50359
-2.136886,3,592.540589
-3.150812,4,592.585589
-2.124908,3,592.622589
-1.047332,2,592.645587
-1.041555,2,592.668747
-1.034135,2,592.692747
-2.091313,3,592.730747
-1.034965,2,592.753748
-3.155404,4,592.799747
-2.113993,3,592.833746
-1.061144,2,592.862747
-3.164872,4,592.906747
-2.083464,3,592.940747
-3.156292,4,592.988747
-2.122319,3,593.026747
-2.119299,3,593.060747
-2.10532,3,593.096747
-3.168644,4,593.145747
-2.085925,3,593.186748
-2.121482,3,593.219748
-1.056214,2,593.243749
-3.164662,4,593.317015
-2.090043,3,593.370016
-2.08147,3,593.414014
-1.039397,2,593.438014
-3.199328,4,593.482014
-0.02475,1,593.496015
-2.126151,3,593.532015
-1.046134,2,593.553015
-2.108189,3,593.592017
-0.012651,1,593.611015
-2.124803,3,593.651014
-2.135699,3,593.685015
-0.019688,1,593.696016
-3.155946,4,593.748017
-3.157503,4,593.811018
-3.153727,4,593.879015
-1.065601,2,593.906016
-0.01926,1,593.922014
-2.081356,3,593.961015
-2.096875,3,593.997015
-2.090152,3,594.032015
-3.148096,4,594.086015
-3.201498,4,594.142015
-3.158705,4,594.188015
-3.205268,4,594.232015
-1.04157,2,594.257015
-0.018082,1,594.267015
-0.017069,1,594.280015
-2.117007,3,594.310015
-1.064145,2,594.336014
-2.109524,3,594.368015
-1.044596,2,594.392015
-1.049905,2,594.415017
-2.084871,3,594.452523
-3.148534,4,594.496675
-2.099911,3,594.529859
-3.162382,4,594.575858
-2.104854,3,594.616858
-2.094852,3,594.651858
-2.113534,3,594.684859
-2.125708,3,594.719858
-1.039855,2,594.744858
-2.110196,3,594.779857
-0.004944,1,594.79086
-2.11859,3,594.823858
-3.163042,4,594.874857
-2.089884,3,594.906858
-1.043574,2,594.929858
-3.186806,4,594.974858
-3.166342,4,595.02286
-2.083291,3,595.055857
-2.097123,3,595.088857
-1.069844,2,595.111857
-2.094389,3,595.153859
-2.098944,3,595.186859
-3.165542,4,595.230858
-1.070069,2,595.252857
-2.119059,3,595.288857
-2.07866,3,595.323858
-2.088063,3,595.357858
-3.159698,4,595.405857
-2.105245,3,595.443858
-3.159156,4,595.491858
-2.107437,3,595.523858
-1.06462,2,595.545858
-0.015345,1,595.566367
-2.124015,3,595.601366
-1.031853,2,595.625365
-2.124611,3,595.657365
-2.124071,3,595.693365
-1.050009,2,595.716366
-2.089321,3,595.750366
-3.193772,4,595.795366
-0.017232,1,595.811366
-0.008685,1,595.822366
-2.134473,3,595.854366
-3.177145,4,595.898366
-2.101294,3,595.935365
-0.009597,1,595.945365
-1.03428,2,595.968577
-3.159112,4,596.012575
-3.196021,4,596.06066
-3.19304,4,596.10466
-2.115106,3,596.139659
-1.052578,2,596.161659
-1.056987,2,596.186661
-1.048722,2,596.20966
-2.092045,3,596.244659
-1.066702,2,596.268659
-1.044677,2,596.29666
-0.018935,1,596.30666
-2.11868,3,596.338659
-2.125018,3,596.37166
-3.195108,4,596.425659
-2.1305,3,596.45585
-3.144793,4,596.501849
-3.183867,4,596.547851
-3.1831,4,596.59885
-2.136591,3,596.63185
-3.176409,4,596.676849
-2.120725,3,596.712853
-2.092883,3,596.750358
-2.107378,3,596.784358
-1.045269,2,596.809358
-2.120568,3,596.84342
-2.121773,3,596.88042
-2.128568,3,596.91442
-3.171809,4,596.95942
-2.114509,3,596.993421
-2.110491,3,597.031421
-0.018545,1,597.04342
-2.1223,3,597.075643
-2.106325,3,597.109644
-1.066552,2,597.137644
-2.091263,3,597.170643
-0.012069,1,597.181643
-3.163347,4,597.226644
-3.146129,4,597.272644
-2.093094,3,597.305644
-3.154506,4,597.352643
-2.126392,3,597.387726
-2.120576,3,597.423726
-1.041085,2,597.448002
-2.11968,3,597.484001
-2.126686,3,597.518219
-3.152888,4,597.567221
-2.092834,3,597.600221
-3.175382,4,597.643219
-2.079311,3,597.68022
-3.151218,4,597.735224
-2.114172,3,597.766221
-0.024063,1,597.77522
-1.04653,2,597.80022
-1.044965,2,597.829222
-2.091062,3,597.86622
-2.091049,3,597.899224
-2.101493,3,597.934807
-1.055978,2,597.960807
-3.156446,4,598.007807
-1.04448,2,598.028807
-3.154222,4,598.07381
-3.15679,4,598.125807
-1.063613,2,598.147809
-1.046864,2,598.170807
-2.092691,3,598.204807
-2.07832,3,598.24292
-2.129169,3,598.27692
-3.16196,4,598.323921
-2.093114,3,598.35992
-2.135174,3,598.399998
-1.061513,2,598.421998
-0.022315,1,598.432998
-2.132909,3,598.478001
-2.100039,3,598.537999
-3.155526,4,598.592999
-2.111431,3,598.631
-1.038589,2,598.653
-3.160211,4,598.703001
-2.079564,3,598.735114
-2.109726,3,598.775116
-1.054961,2,598.801114
-2.135702,3,598.837114
-3.16037,4,598.882113
-3.170153,4,598.927114
-1.06807,2,598.950115
-2.097041,3,599.012114
-1.045234,2,599.044118
-1.067598,2,599.074625
-2.111401,3,599.116625
-3.175958,4,599.167625
-1.065564,2,599.189624
-2.116063,3,599.2247
-3.157498,4,599.270837
-2.131269,3,599.312837
-1.067439,2,599.336836
-1.040158,2,599.359836
-3.181689,4,599.402836
-1.053043,2,599.431836
-2.106336,3,599.464837
-1.047103,2,599.517519
-1.062311,2,599.558518
-3.166341,4,599.619518
-2.087259,3,599.653517
-2.097765,3,599.687517
-1.055588,2,599.710518
-2.12986,3,599.747518
-3.161816,4,599.796517
-3.19187,4,599.843517
-2.130855,3,599.879518
-3.162528,4,599.927517
-1.048297,2,599.948517
-3.146335,4,599.997518
-3.149869,4,600.043518
-2.093712,3,600.079519
-2.083506,3,600.114517
-2.080409,3,600.149518
-1.049076,2,600.171517
-1.064787,2,600.198518
-1.063992,2,600.220028
-3.180166,4,600.262028
-1.037411,2,600.286028
-2.112323,3,600.324028
-1.067745,2,600.344027
-1.064531,2,600.365028
-3.152592,4,600.407028
-2.114716,3,600.443027
-2.093538,3,600.477126
-2.126767,3,600.512125
-0.024759,1,600.525126
-2.079651,3,600.562125
-0.011723,1,600.574126
-3.146989,4,600.619125
-1.055886,2,600.643375
-3.159557,4,600.690375
-1.040394,2,600.712375
-0.013576,1,600.723375
-3.162507,4,600.765375
-3.180366,4,600.813375
-2.129324,3,600.848376
-3.196955,4,600.896375
-2.123728,3,600.928375
-3.172688,4,600.979376
-1.063356,2,601.003375
-2.133672,3,601.035375
-1.037303,2,601.058375
-3.179543,4,601.108374
-1.06124,2,601.130375
-3.179225,4,601.174375
-1.044671,2,601.198376
-2.117603,3,601.235374
-2.092621,3,601.268375
-1.038428,2,601.292375
-0.005036,1,601.304375
-0.018326,1,601.319375
-1.053724,2,601.342375
-1.050532,2,601.363375
-2.121986,3,601.399376
-3.155968,4,601.446885
-2.113852,3,601.47999
-2.091892,3,601.515991
-3.148794,4,601.55899
-0.012854,1,601.57499
-0.007505,1,601.586991
-0.009385,1,601.598991
-2.12943,3,601.633116
-1.048565,2,601.658116
-2.084986,3,601.691117
-1.054666,2,601.712184
-2.146587,3,601.746182
-1.058406,2,601.773184
-2.078986,3,601.805182
-2.121455,3,601.838183
-2.078393,3,601.869278
-3.173591,4,601.917279
-2.112454,3,601.952277
-2.105559,3,601.984277
-2.102705,3,602.018277
-2.104535,3,602.054279
-1.033482,2,602.077278
-2.109396,3,602.110497
-1.035305,2,602.133496
-2.106486,3,602.172496
-2.117891,3,602.207495
-1.045447,2,602.229496
-3.138058,4,602.275496
-3.18228,4,602.324496
-1.065254,2,602.347496
-2.124193,3,602.381496
-2.113246,3,602.417496
-3.207197,4,602.462496
-0.022574,1,602.474496
-2.0833,3,602.509497
-3.187844,4,602.553499
-3.142602,4,602.603006
-2.123835,3,602.637007
-2.127922,3,602.670006
-3.179494,4,602.713006
-3.191757,4,602.763007
-3.141557,4,602.807006
-2.086411,3,602.848006
-2.093046,3,602.881006
-3.172076,4,602.929006
-2.113576,3,602.961007
-3.148079,4,603.006007
-2.107874,3,603.041006
-1.04953,2,603.068007
-2.09324,3,603.115006
-2.127208,3,603.168008
-2.096163,3,603.212007
-3.182038,4,603.270006
-0.021836,1,603.284006
-0.017572,1,603.295007
-3.156265,4,603.351006
-2.132144,3,603.391007
-2.098324,3,603.430007
-1.052454,2,603.454007
-1.063571,2,603.476007
-0.004827,1,603.491007
-3.178728,4,603.535006
-0.013929,1,603.546006
-3.15867,4,603.589006
-2.087662,3,603.630006
-3.145484,4,603.679006
-1.070657,2,603.702005
-1.056671,2,603.726009
-3.154879,4,603.773721
-2.11143,3,603.80672
-1.049917,2,603.82872
-1.042916,2,603.853719
-1.044437,2,603.880721
-2.122077,3,603.91672
-0.023362,1,603.927719
-1.060955,2,603.95072
-0.012155,1,603.965719
-2.10651,3,604.00072
-2.115394,3,604.036721
-1.049878,2,604.05672
-2.099806,3,604.09272
-2.103109,3,604.12572
-1.042098,2,604.15072
-1.061398,2,604.172719
-2.115426,3,604.207719
-2.088601,3,604.23972
-1.037111,2,604.26372
-2.103566,3,604.295719
-3.15981,4,604.343719
-0.016593,1,604.356722
-0.013371,1,604.368719
-3.203774,4,604.41272
-1.040196,2,604.439721
-1.036601,2,604.46272
-2.099812,3,604.49672
-2.080164,3,604.52872
-0.024962,1,604.544719
-3.241761,4,604.58872
-2.1039,3,604.621722
-3.153486,4,604.665719
-2.133447,3,604.704721
-2.092301,3,604.73972
-1.072557,2,604.76172
-3.191824,4,604.80772
-2.131194,3,604.84472
-3.191509,4,604.890399
-3.166097,4,604.935399
-1.061674,2,604.956399
-1.046944,2,604.981399
-3.163073,4,605.026398
-2.087327,3,605.060399
-2.139127,3,605.093491
-3.15988,4,605.14049
-0.015441,1,605.15149
-2.118893,3,605.18249
-1.045069,2,605.205493
-3.161955,4,605.25649
-2.124514,3,605.28949
-0.006293,1,605.301492
-3.181681,4,605.343491
-3.184787,4,605.39057
-2.113047,3,605.42557
-2.129135,3,605.45857
-1.059604,2,605.47657
-1.039025,2,605.50057
-3.183216,4,605.53857
-2.115161,3,605.57157
-2.113255,3,605.60357
-2.135583,3,605.63957
-2.123709,3,605.67457
-3.159971,4,605.715569
-3.21889,4,605.75857
-2.10483,3,605.79957
-0.002944,1,605.81057
-2.098393,3,605.842571
-3.16353,4,605.88857
-0.020341,1,605.90357
-3.15301,4,605.94557
-2.133316,3,605.97557
-2.127694,3,606.006572
-0.001921,1,606.019081
-3.174617,4,606.064078
-2.101217,3,606.097078
-2.091753,3,606.128078
-0.003224,1,606.142078
-1.066494,2,606.163078
-1.0481,2,606.183078
-2.105546,3,606.219079
-3.18148,4,606.269079
-2.128997,3,606.299079
-2.093944,3,606.333078
-3.200746,4,606.37408
-2.109026,3,606.408079
-1.073714,2,606.428077
-1.054483,2,606.451078
-2.11654,3,606.485078
-2.084452,3,606.521079
-3.181355,4,606.56108
-1.050545,2,606.578078
-2.090675,3,606.609078
-1.048434,2,606.634078
-2.108811,3,606.664079
-3.156642,4,606.706079
-1.051595,2,606.752079
-3.157692,4,606.826081
-1.049522,2,606.854079
-1.038958,2,606.877078
-2.116639,3,606.92108
-1.057995,2,606.944079
-2.126656,3,606.97408
-3.152221,4,607.01808
-3.167472,4,607.062079
-0.005503,1,607.077078
-3.153495,4,607.124078
-3.195591,4,607.174587
-3.152181,4,607.215587
-1.046437,2,607.243587
-2.099019,3,607.273587
-0.019287,1,607.282587
-3.158726,4,607.323587
-0.024698,1,607.338587
-1.063501,2,607.360587
-1.043145,2,607.380587
-2.112988,3,607.410587
-2.115524,3,607.448587
-1.066663,2,607.471833
-0.020756,1,607.482071
-3.149733,4,607.527072
-2.123768,3,607.561071
-1.06507,2,607.584071
-2.093083,3,607.616071
-2.114394,3,607.644073
-1.055498,2,607.673071
-2.117215,3,607.705072
-2.115966,3,607.737072
-2.103427,3,607.772071
-2.091557,3,607.810071
-2.097759,3,607.842072
-0.015908,1,607.856072
-2.129124,3,607.890071
-3.156169,4,607.937072
-2.095162,3,607.964072
-2.109529,3,608.002071
-2.113725,3,608.036071
-1.052361,2,608.062072
-1.059093,2,608.085072
-2.114376,3,608.118072
-2.121354,3,608.146071
-2.129037,3,608.181072
-2.113613,3,608.213072
-3.206069,4,608.253076
-0.020715,1,608.266072
-0.015887,1,608.280073
-0.024657,1,608.294077
-2.132759,3,608.325584
-3.151683,4,608.369583
-2.115872,3,608.405583
-2.097531,3,608.438583
-1.063317,2,608.458582
-1.065247,2,608.477582
-2.085704,3,608.514584
-1.059853,2,608.535582
-3.175737,4,608.575675
-2.115412,3,608.606676
-2.099749,3,608.645675
-1.043084,2,608.667677
-1.04969,2,608.686677
-2.093979,3,608.720675
-2.084962,3,608.756675
-1.039738,2,608.776675
-0.021227,1,608.786675
-2.127381,3,608.818676
-3.218192,4,608.866675
-1.04971,2,608.888797
-3.166489,4,608.931381
-2.094025,3,608.96038
-2.137961,3,608.99638
-2.127706,3,609.02638
-2.12177,3,609.059438
-1.040249,2,609.082438
-2.115836,3,609.120438
-2.111871,3,609.153438
-2.129827,3,609.186439
-2.116374,3,609.217437
-2.097023,3,609.254437
-2.127466,3,609.287438
-2.100804,3,609.319439
-2.126293,3,609.352437
-2.115398,3,609.39344
-1.060895,2,609.415439
-2.099344,3,609.446438
-2.132028,3,609.479441
-3.17643,4,609.526947
-1.066206,2,609.549948
-3.168683,4,609.593948
-4.246153,5,609.648947
-3.194559,4,609.695949
-3.169804,4,609.735947
-0.023455,1,609.746948
-3.165168,4,609.791948
-3.17332,4,609.843949
-2.111389,3,609.877948
-2.109729,3,609.908948
-3.154241,4,609.951087
-0.004768,1,609.967088
-2.084686,3,610.000087
-2.100586,3,610.035087
-0.01228,1,610.046087
-0.008729,1,610.061088
-2.081657,3,610.093088
-0.013296,1,610.103088
-2.127644,3,610.131088
-1.056376,2,610.157087
-2.078663,3,610.190345
-3.166431,4,610.234345
-1.059113,2,610.255345
-1.059211,2,610.279344
-2.115524,3,610.312345
-1.045929,2,610.334347
-2.091623,3,610.369344
-3.158756,4,610.415345
-0.021859,1,610.427345
-2.099876,3,610.459345
-3.143975,4,610.502345
-3.144395,4,610.545346
-1.043425,2,610.567345
-1.041666,2,610.587346
-0.02311,1,610.598345
-2.119036,3,610.633855
-3.163175,4,610.677855
-2.11079,3,610.708856
-1.054887,2,610.735957
-2.1232,3,610.772957
-1.065783,2,610.795959
-1.073759,2,610.813958
-0.008176,1,610.827957
-2.128113,3,610.866958
-2.11407,3,610.896958
-2.126468,3,610.931957
-2.099858,3,610.965958
-0.014547,1,610.981958
-2.116419,3,611.012958
-1.058085,2,611.037031
-2.09177,3,611.07049
-2.084471,3,611.10649
-1.039713,2,611.128489
-2.11636,3,611.16149
-2.13282,3,611.19649
-2.103307,3,611.23249
-3.215535,4,611.273489
-1.051052,2,611.29549
-1.068003,2,611.31949
-3.186528,4,611.36449
-3.149706,4,611.40749
-3.17852,4,611.452489
-2.11814,3,611.48549
-2.132946,3,611.51749
-2.120284,3,611.546489
-2.134472,3,611.57949
-1.058814,2,611.60349
-0.014102,1,611.618491
-2.080852,3,611.650578
-2.112793,3,611.683577
-3.187344,4,611.722577
-2.107475,3,611.758577
-1.039193,2,611.781088
-3.136707,4,611.826089
-2.108275,3,611.859088
-1.070782,2,611.885088
-2.101623,3,611.916088
-3.142493,4,611.960088
-2.112122,3,611.993088
-2.11873,3,612.029088
-3.220925,4,612.067088
-1.041882,2,612.089088
-2.112398,3,612.125567
-3.152712,4,612.171567
-2.122116,3,612.204566
-1.035239,2,612.226567
-2.106305,3,612.259567
-3.147334,4,612.312567
-1.043745,2,612.333568
-0.00989,1,612.344568
-2.086656,3,612.379566
-3.165917,4,612.426567
-2.106858,3,612.45862
-2.123328,3,612.491618
-2.106105,3,612.521619
-3.158928,4,612.567619
-2.076189,3,612.602618
-3.195827,4,612.645619
-1.040707,2,612.667619
-3.152136,4,612.715619
-2.098814,3,612.747618
-2.089872,3,612.779619
-0.022515,1,612.789618
-3.199123,4,612.838619
-2.128657,3,612.873618
-1.05255,2,612.894618
-2.079426,3,612.931127
-1.039289,2,612.957127
-3.180359,4,613.001195
-2.117637,3,613.035195
-2.122999,3,613.067482
-0.021719,1,613.081484
-3.1953,4,613.128484
-1.059494,2,613.150483
-2.136244,3,613.180484
-2.138473,3,613.217483
-3.168356,4,613.260484
-2.121756,3,613.291484
-3.140875,4,613.334482
-2.095539,3,613.372483
-2.102492,3,613.405484
-2.100567,3,613.439483
-2.085716,3,613.472483
-1.049289,2,613.498483
-0.012508,1,613.510483
-2.092158,3,613.546484
-2.128607,3,613.579484
-3.198536,4,613.628485
-2.110814,3,613.661483
-2.096152,3,613.696482
-2.106036,3,613.730485
-3.162148,4,613.775484
-1.058196,2,613.799484
-3.154888,4,613.842484
-2.08857,3,613.874485
-3.182324,4,613.920483
-3.142651,4,613.966482
-2.130138,3,614.002484
-2.085502,3,614.064489
-1.03752,2,614.108
-3.178488,4,614.167998
-1.067002,2,614.190999
-1.055668,2,614.212126
-2.104688,3,614.250126
-0.019389,1,614.262127
-2.085621,3,614.296181
-0.022134,1,614.307296
-2.130873,3,614.346294
-2.13599,3,614.381295
-1.056985,2,614.405294
-2.081213,3,614.444293
-0.013725,1,614.461294
-2.101367,3,614.495294
-2.119627,3,614.527294
-2.093009,3,614.561293
-2.081513,3,614.599294
-1.040974,2,614.622294
-0.020865,1,614.633432
-1.069149,2,614.65664
-3.150443,4,614.70164
-3.148762,4,614.74364
-0.018651,1,614.753641
-3.152222,4,614.79864
-3.141875,4,614.961639
-2.126865,3,614.99664
-1.047515,2,615.017641
-1.042149,2,615.042641
-1.048495,2,615.084641
-3.202155,4,615.14764
-1.069664,2,615.177642
-0.012483,1,615.189641
-0.016371,1,615.206644
-3.158238,4,615.25315
-2.081844,3,615.289149
-2.119488,3,615.32315
-1.070956,2,615.350281
-1.054599,2,615.372283
-3.179243,4,615.42642
-2.108305,3,615.46242
-1.047928,2,615.486419
-3.140817,4,615.528421
-2.098203,3,615.56142
-1.058072,2,615.58342
-2.09471,3,615.61942
-1.073899,2,615.641419
-1.044553,2,615.66442
-2.100976,3,615.69742
-3.172338,4,615.75342
-2.098011,3,615.78642
-1.047295,2,615.80942
-2.134509,3,615.842421
-3.137723,4,615.89042
-0.020346,1,615.901419
-2.116633,3,615.93242
-2.125668,3,615.965422
-1.055493,2,615.993419
-2.095695,3,616.02642
-3.17452,4,616.070511
-2.110759,3,616.10251
-2.091373,3,616.138511
-1.066864,2,616.160512
-1.045516,2,616.179511
-2.104128,3,616.21151
-3.144624,4,616.257511
-3.163991,4,616.300511
-1.067745,2,616.32251
-2.109729,3,616.356514
-1.058743,2,616.384019
-2.120345,3,616.417019
-2.119558,3,616.450021
-1.047718,2,616.473018
-3.187855,4,616.521018
-2.113187,3,616.557019
-3.194042,4,616.628021
-2.086365,3,616.67602
-2.109794,3,616.72302
-3.180126,4,616.767018
-1.062305,2,616.789019
-3.183191,4,616.833019
-2.11576,3,616.87402
-1.052674,2,616.89902
-2.130035,3,616.937019
-0.021818,1,616.947019
-1.046728,2,616.97602
-1.050331,2,616.997019
-1.042206,2,617.020019
-4.259511,5,617.077019
-2.12455,3,617.114019
-2.100352,3,617.147019
-2.131821,3,617.183019
-3.175746,4,617.228019
-1.053218,2,617.252021
-3.148425,4,617.295019
-1.046126,2,617.316019
-2.090199,3,617.348019
-3.187748,4,617.39502
-2.124452,3,617.430019
-2.113498,3,617.462019
-3.154356,4,617.505024
-3.20723,4,617.55753
-2.11981,3,617.59053
-3.141643,4,617.640851
-3.140051,4,617.68985
-2.091283,3,617.727851
-1.04868,2,617.75385
-2.092623,3,617.786851
-0.023108,1,617.79785
-1.050196,2,617.823027
-0.01243,1,617.835028
-2.085951,3,617.871028
-3.161446,4,617.918027
-0.018899,1,617.934027
-3.142319,4,617.980027
-3.145311,4,618.026027
-3.177523,4,618.068026
-3.162255,4,618.118026
-1.071245,2,618.142027
-3.159518,4,618.190028
-3.151528,4,618.236027
-0.013601,1,618.252027
-2.097079,3,618.290027
-3.160651,4,618.333027
-2.10604,3,618.366027
-1.039655,2,618.394027
-2.089492,3,618.427026
-1.042945,2,618.449026
-2.087916,3,618.482026
-1.059321,2,618.510026
-1.057583,2,618.532027
-3.186634,4,618.578027
-2.117522,3,618.613027
-0.013348,1,618.63003
-0.010812,1,618.639029
-1.045456,2,618.662537
-2.089119,3,618.697536
-2.083894,3,618.737536
-2.13298,3,618.768536
-0.008172,1,618.779537
-3.147352,4,618.824872
-0.023299,1,618.841872
-3.163952,4,618.886872
-2.106174,3,618.920872
-2.09885,3,618.952872
-3.149171,4,619.002872
-3.145311,4,619.047872
-2.121048,3,619.081874
-1.045258,2,619.103873
-3.152287,4,619.152872
-3.178473,4,619.212874
-2.114593,3,619.264874
-1.063275,2,619.296873
-0.022921,1,619.313874
-2.093409,3,619.348872
-1.066059,2,619.370872
-3.163756,4,619.418875
-2.113521,3,619.453873
-2.138308,3,619.493873
-0.022163,1,619.506873
-3.156164,4,619.553872
-3.215282,4,619.602873
-1.040016,2,619.624873
-0.021582,1,619.636872
-2.133449,3,619.669873
-0.021956,1,619.684873
-1.055084,2,619.709873
-2.08777,3,619.742872
-1.070553,2,619.765875
-3.157152,4,619.817382
-2.110787,3,619.849381
-2.093534,3,619.884381
-3.167969,4,619.929381
-3.141272,4,619.978455
-0.022223,1,619.991455
-2.122124,3,620.024455
-1.042788,2,620.046454
-2.135071,3,620.083561
-1.048391,2,620.10656
-1.041108,2,620.12956
-1.07007,2,620.153699
-1.055008,2,620.1807
-1.054852,2,620.213855
-2.109912,3,620.275975
-2.097744,3,620.315976
-0.015856,1,620.333975
-3.149646,4,620.379975
-3.162368,4,620.422974
-0.017877,1,620.434974
-2.150326,3,620.473079
-2.079183,3,620.510079
-2.110735,3,620.547079
-1.047169,2,620.57108
-3.145325,4,620.620079
-2.08381,3,620.655078
-0.020271,1,620.668079
-1.067179,2,620.690079
-1.060899,2,620.717078
-3.151654,4,620.76233
-2.118594,3,620.796329
-3.191444,4,620.843329
-2.112313,3,620.87833
-2.12472,3,620.915329
-0.013805,1,620.92733
-1.066422,2,620.950839
-1.044039,2,620.978839
-2.1015,3,621.010838
-3.159601,4,621.059268
-3.176561,4,621.103269
-1.052692,2,621.131268
-2.123065,3,621.165268
-0.021809,1,621.17527
-1.058545,2,621.197268
-1.050813,2,621.230269
-0.020969,1,621.254268
-3.211706,4,621.316269
-2.124683,3,621.352269
-3.155307,4,621.405268
-2.096551,3,621.439269
-2.107705,3,621.475268
-0.022906,1,621.48727
-2.122154,3,621.524268
-2.094153,3,621.561268
-2.1327,3,621.601269
-3.160641,4,621.647268
-1.045051,2,621.673268
-2.093742,3,621.709269
-1.04846,2,621.739271
-2.119597,3,621.789269
-2.098765,3,621.838269
-2.118523,3,621.873268
-3.182683,4,621.920269
-2.115074,3,621.955422
-2.122039,3,621.994423
-2.126848,3,622.02969
-3.143011,4,622.078883
-2.125629,3,622.119389
-0.023526,1,622.134389
-2.120446,3,622.168389
-2.094998,3,622.199389
-3.162096,4,622.24339
-1.056852,2,622.271389
-2.101779,3,622.306389
-2.107267,3,622.339582
-0.018571,1,622.351583
-1.055914,2,622.375584
-1.070172,2,622.398582
-1.035224,2,622.420583
-1.055829,2,622.443582
-2.079919,3,622.480586
-0.024562,1,622.491584
-1.07228,2,622.515581
-2.102973,3,622.550582
-3.155806,4,622.601583
-3.14995,4,622.643582
-2.097024,3,622.679724
-0.01966,1,622.690724
-1.052077,2,622.716724
-0.01433,1,622.726724
-0.009483,1,622.739725
-0.012372,1,622.752724
-3.153015,4,622.803724
-0.005389,1,622.815723
-3.155858,4,622.861724
-1.06406,2,622.882724
-2.086805,3,622.920724
-2.114655,3,622.954724
-2.086981,3,622.988724
-1.05367,2,623.012724
-2.109263,3,623.050724
-2.109669,3,623.084724
-1.037707,2,623.107724
-3.158682,4,623.152723
-0.022914,1,623.167726
-0.018381,1,623.179724
-3.157623,4,623.224232
-1.06032,2,623.247232
-3.13845,4,623.296233
-3.170753,4,623.372233
-2.095208,3,623.422231
-0.020071,1,623.439232
-3.15639,4,623.490363
-2.116002,3,623.526365
-2.112637,3,623.557365
-1.052865,2,623.578364
-1.067142,2,623.607364
-2.108702,3,623.646363
-2.079182,3,623.682363
-2.099797,3,623.717363
-2.120868,3,623.756363
-1.042898,2,623.778363
-0.011669,1,623.790364
-1.063058,2,623.810364
-3.148064,4,623.857364
-2.116894,3,623.890363
-3.180637,4,623.935363
-3.162593,4,623.979363
-3.15702,4,624.029363
-2.121588,3,624.063363
-2.097577,3,624.095363
-1.054232,2,624.119365
-1.030784,2,624.146363
-2.092994,3,624.180364
-3.175918,4,624.227364
-3.165111,4,624.272363
-1.033925,2,624.298364
-2.131579,3,624.335364
-2.132895,3,624.393878
-2.096042,3,624.443063
-0.021792,1,624.462207
-2.111548,3,624.502208
-1.060787,2,624.52621
-2.152103,3,624.56436
-2.132658,3,624.601359
-1.061572,2,624.624358
-1.068839,2,624.646361
-2.110725,3,624.682525
-3.166096,4,624.734525
-1.066735,2,624.758524
-2.102744,3,624.791525
-1.045076,2,624.814525
-2.098893,3,624.849524
-1.044725,2,624.873524
-2.094554,3,624.905524
-2.081945,3,624.938525
-2.083956,3,624.977525
-1.053202,2,625.000525
-2.127534,3,625.034525
-3.182637,4,625.081524
-2.110309,3,625.122524
-2.112349,3,625.156525
-1.049618,2,625.176525
-2.08367,3,625.208525
-2.124853,3,625.248524
-1.061947,2,625.271525
-2.111215,3,625.305524
-1.066406,2,625.326525
-1.048051,2,625.352525
-2.086311,3,625.386524
-2.118524,3,625.419525
-2.133717,3,625.454524
-2.116833,3,625.491524
-3.157075,4,625.538527
-0.021768,1,625.550033
-0.018312,1,625.561033
-0.003717,1,625.576035
-2.120306,3,625.609033
-1.061182,2,625.634034
-3.166507,4,625.678034
-3.179763,4,625.728034
-3.186242,4,625.774033
-3.154388,4,625.820035
-1.057966,2,625.841033
-1.065617,2,625.870036
-1.065221,2,625.892034
-1.054113,2,625.933035
-2.08171,3,625.989034
-3.179736,4,626.049034
-1.06238,2,626.072034
-2.095356,3,626.108034
-3.16616,4,626.153034
-3.180346,4,626.202035
-0.020592,1,626.215034
-2.118923,3,626.252034
-0.003,1,626.266033
-2.095142,3,626.306123
-1.04975,2,626.327123
-1.047683,2,626.349123
-2.12507,3,626.385123
-1.063559,2,626.412122
-2.127058,3,626.444122
-3.206043,4,626.487122
-2.088333,3,626.519122
-2.094469,3,626.557122
-2.086756,3,626.589123
-2.121823,3,626.621123
-2.118047,3,626.657123
-1.055709,2,626.683768
-3.16718,4,626.739772
-3.145825,4,626.786772
-0.007212,1,626.800772
-2.103039,3,626.855771
-2.106686,3,626.899772
-2.089995,3,626.939771
-1.045749,2,626.969773
-1.036777,2,626.997771
-2.092775,3,627.034772
-2.121333,3,627.077771
-2.131667,3,627.118771
-1.06331,2,627.154771
-3.140219,4,627.207772
-1.043426,2,627.231772
-2.095202,3,627.263773
-1.053332,2,627.292772
-1.044202,2,627.316771
-0.012508,1,627.328771
-3.145581,4,627.373771
-2.087614,3,627.417771
-3.162081,4,627.467771
-3.141833,4,627.513771
-2.128307,3,627.547771
-2.115673,3,627.584772
-1.054632,2,627.611772
-2.086034,3,627.649771
-1.041572,2,627.678771
-2.14133,3,627.722772
-0.022969,1,627.733772
-2.102843,3,627.770772
-1.054602,2,627.799771
-2.123783,3,627.841282
-2.077342,3,627.877408
-3.161617,4,627.926408
-2.125936,3,627.969407
-2.123036,3,628.015407
-2.108251,3,628.055487
-3.232651,4,628.103487
-1.042169,2,628.128487
-1.06119,2,628.157487
-2.090773,3,628.194487
-3.165775,4,628.242586
-1.04018,2,628.272588
-2.138144,3,628.313588
-1.050945,2,628.341586
-2.133646,3,628.373588
-1.050537,2,628.394586
-2.094857,3,628.437586
-2.111856,3,628.470586
-2.138668,3,628.511585
-2.120391,3,628.546928
-3.160672,4,628.601928
-2.086705,3,628.641928
-0.012045,1,628.653928
-1.044767,2,628.681929
-0.021245,1,628.704928
-2.123908,3,628.740928
-2.136588,3,628.772928
-3.155324,4,628.822928
-2.122453,3,628.860928
-2.11544,3,628.892929
-2.127096,3,628.927929
-0.015077,1,628.938929
-0.017652,1,628.95993
-3.168862,4,629.015435
-2.117483,3,629.04856
-1.049055,2,629.07056
-3.173984,4,629.12556
-3.170873,4,629.168703
-0.017883,1,629.180703
-2.115195,3,629.214703
-2.091783,3,629.255703
-2.091416,3,629.300704
-2.110836,3,629.332795
-3.174478,4,629.386795
-2.103328,3,629.428795
-3.156408,4,629.478795
-1.036994,2,629.501796
-3.201844,4,629.550797
-3.150915,4,629.598795
-2.124578,3,629.631795
-1.07407,2,629.655795
-2.09764,3,629.694854
-0.018192,1,629.708854
-3.156108,4,629.750854
-1.037365,2,629.775079
-2.102662,3,629.824079
-1.044487,2,629.852079
-1.037816,2,629.877079
-0.004707,1,629.888078
-1.069254,2,629.921078
-2.106074,3,629.960078
-1.052255,2,629.983079
-2.077527,3,630.030079
-2.08259,3,630.063079
-3.139277,4,630.122591
-2.117458,3,630.17659
-1.070175,2,630.208591
-3.177592,4,630.268683
-3.162194,4,630.320802
-1.065814,2,630.346801
-1.059278,2,630.369801
-1.061094,2,630.390801
-2.137965,3,630.435801
-0.004761,1,630.454801
-1.048481,2,630.4848
-1.047381,2,630.506801
-2.097813,3,630.554801
-2.105331,3,630.5918
-0.010645,1,630.604801
-2.134458,3,630.644801
-2.107122,3,630.690866
-2.081036,3,630.724865
-3.212515,4,630.773866
-3.165766,4,630.823865
-0.012906,1,630.840867
-2.097448,3,630.881867
-2.123772,3,630.915866
-2.107596,3,630.958967
-2.099336,3,631.009967
-3.156724,4,631.056967
-3.168074,4,631.105967
-3.153893,4,631.148967
-3.16259,4,631.195968
-2.091288,3,631.229967
-0.011491,1,631.241967
-2.112796,3,631.276817
-1.066127,2,631.319815
-1.060821,2,631.341034
-2.099551,3,631.377189
-1.036269,2,631.40419
-2.145905,3,631.446189
-1.050787,2,631.468188
-2.105432,3,631.50219
-1.062894,2,631.527189
-3.146422,4,631.58419
-3.163445,4,631.643189
-1.053933,2,631.66419
-2.10601,3,631.701189
-2.124353,3,631.741191
-3.158362,4,631.794189
-2.12604,3,631.831189
-2.13635,3,631.875189
-2.111531,3,631.916189
-0.01187,1,631.930189
-2.13981,3,631.98019
-3.144012,4,632.024189
-1.070772,2,632.052189
-0.009299,1,632.06519
-2.12674,3,632.109462
-0.008883,1,632.125463
-3.190858,4,632.196464
-3.180931,4,632.260463
-2.087193,3,632.305462
-2.100931,3,632.343463
-3.205281,4,632.398465
-3.139983,4,632.455971
-1.058801,2,632.480972
-3.15142,4,632.531971
-2.088695,3,632.56597
-3.143798,4,632.618973
-2.114055,3,632.665971
-2.091992,3,632.70497
-1.066568,2,632.733971
-0.006484,1,632.746971
-2.109005,3,632.77997
-3.154048,4,632.827091
-1.046468,2,632.85509
-2.12426,3,632.890091
-2.084586,3,632.934091
-1.05589,2,632.962093
-3.156668,4,633.023091
-0.00605,1,633.036091
-0.009675,1,633.048092
-3.1598,4,633.095091
-1.034647,2,633.128092
-2.123573,3,633.16609
-3.168354,4,633.220237
-2.105517,3,633.255412
-2.111977,3,633.300413
-0.022331,1,633.310412
-2.091313,3,633.346412
-1.047387,2,633.370414
-3.16517,4,633.419413
-1.066361,2,633.441413
-3.17886,4,633.485413
-2.124459,3,633.520412
-2.106896,3,633.558414
-0.023736,1,633.569415
-3.150291,4,633.610227
-2.122046,3,633.644227
-3.136577,4,633.694227
-1.054444,2,633.717227
-1.061237,2,633.741227
-2.088052,3,633.779227
-2.092549,3,633.821227
-1.058694,2,633.843226
-3.208606,4,633.888226
-2.088693,3,633.921227
-2.138529,3,633.959227
-1.055276,2,633.982227
-1.051897,2,634.004229
-3.168288,4,634.047227
-2.093097,3,634.083228
-1.058334,2,634.104228
-3.166576,4,634.150227
-1.038659,2,634.171227
-2.089519,3,634.211226
-2.114558,3,634.245228
-2.108955,3,634.280227
-2.118228,3,634.315228
-0.024236,1,634.329361
-3.144284,4,634.375361
-1.03989,2,634.397361
-3.15073,4,634.441362
-0.02259,1,634.45736
-1.06416,2,634.47936
-1.060934,2,634.502361
-2.09927,3,634.536361
-3.16221,4,634.58536
-2.08391,3,634.621361
-3.196294,4,634.666361
-3.155971,4,634.711363
-0.016185,1,634.727876
-1.06843,2,634.75187
-3.187108,4,634.794944
-2.116326,3,634.826945
-2.106566,3,634.865945
-0.015711,1,634.876945
-1.059413,2,634.897943
-2.099098,3,634.929945
-2.110587,3,634.976945
-2.113899,3,635.010944
-2.082399,3,635.044944
-2.097483,3,635.079944
-1.043619,2,635.106943
-2.10788,3,635.141017
-2.10784,3,635.176017
-2.087878,3,635.211017
-1.064637,2,635.238017
-1.045927,2,635.261018
-0.012164,1,635.27208
-2.135232,3,635.309079
-0.020912,1,635.324079
-2.087987,3,635.359079
-1.045466,2,635.383182
-0.013592,1,635.394179
-3.162998,4,635.443259
-2.106395,3,635.476259
-0.022638,1,635.48726
-2.095446,3,635.523261
-3.157151,4,635.57126
-1.05818,2,635.592259
-3.161078,4,635.637259
-1.059725,2,635.660259
-3.142064,4,635.706262
-0.020156,1,635.71526
-2.106618,3,635.750259
-3.17103,4,635.79657
-2.116149,3,635.83357
-2.104067,3,635.86857
-1.06851,2,635.89157
-2.139629,3,635.923079
-3.162857,4,635.97008
-2.108268,3,636.004079
-3.18352,4,636.047079
-0.018181,1,636.05808
-1.041612,2,636.085081
-2.081917,3,636.117081
-2.098357,3,636.149079
-2.12053,3,636.186079
-2.127841,3,636.223079
-0.024202,1,636.241082
-0.024216,1,636.254079
-2.137169,3,636.292079
-0.023676,1,636.309081
-2.085701,3,636.369081
-2.120927,3,636.42308
-2.120108,3,636.46458
-2.094144,3,636.506586
-3.190403,4,636.55258
-3.228097,4,636.605579
-3.204547,4,636.655579
-1.052964,2,636.68258
-1.06719,2,636.70458
-1.050744,2,636.72858
-2.082598,3,636.76158
-1.05765,2,636.788579
-1.049604,2,636.81558
-0.016656,1,636.83058
-2.111475,3,636.86558
-2.088949,3,636.90358
-1.069076,2,636.92658
-2.101809,3,636.964582
-2.114711,3,636.99658
-2.077942,3,637.03458
-1.041819,2,637.057582
-1.045581,2,637.081583
-2.123815,3,637.117089
-1.065611,2,637.144089
-2.129928,3,637.18009
-1.051138,2,637.20409
-1.039973,2,637.22609
-3.19331,4,637.277093
-3.158666,4,637.32109
-0.022903,1,637.33309
-1.061306,2,637.35509
-3.133228,4,637.403091
-0.024953,1,637.41609
-0.024063,1,637.42809
-3.199641,4,637.47209
-2.089518,3,637.51209
-1.059719,2,637.53409
-3.21011,4,637.578092
-3.184624,4,637.623089
-1.055179,2,637.649091
-3.153575,4,637.693089
-2.119213,3,637.727089
-1.052255,2,637.74909
-2.138489,3,637.786089
-0.015958,1,637.798089
-2.111903,3,637.833089
-1.048236,2,637.85609
-2.091832,3,637.908092
-0.009866,1,637.92609
-2.098665,3,637.97609
-2.123062,3,638.015661
-3.175999,4,638.06666
-1.059771,2,638.089661
-2.134715,3,638.123661
-3.138714,4,638.170662
-3.161177,4,638.223665
-3.169165,4,638.280301
-1.058694,2,638.301389
-1.041094,2,638.32439
-2.094088,3,638.363389
-2.125577,3,638.405391
-3.186241,4,638.487622
-0.021998,1,638.501622
-2.120419,3,638.546623
-2.097677,3,638.584622
-3.16512,4,638.632622
-0.023028,1,638.643624
-2.120904,3,638.680621
-2.093543,3,638.718623
-0.020117,1,638.731624
-0.021714,1,638.743623
-3.147438,4,638.796943
-1.040719,2,638.820943
-1.031831,2,638.843944
-3.166764,4,638.887943
-2.117823,3,638.956944
-1.054291,2,638.986944
-1.036183,2,639.013943
-2.084373,3,639.055943
-1.04161,2,639.083945
-3.153793,4,639.129944
-3.158254,4,639.175943
-2.09687,3,639.211944
-2.093183,3,639.256943
-2.10157,3,639.290945
-3.18579,4,639.331943
-1.056092,2,639.356943
-2.096754,3,639.394454
-1.062459,2,639.418455
-2.096366,3,639.453455
-3.174747,4,639.499455
-2.078675,3,639.535455
-0.015384,1,639.546455
-2.113817,3,639.581454
-1.076963,2,639.604455
-2.087368,3,639.641455
-2.097759,3,639.673455
-2.092332,3,639.710455
-0.012365,1,639.724455
-2.104949,3,639.760455
-2.097622,3,639.798455
-2.115372,3,639.831455
-1.070914,2,639.853455
-3.158219,4,639.901454
-2.132492,3,639.936454
-2.101682,3,639.971761
-3.212326,4,640.018045
-2.127572,3,640.055045
-3.158009,4,640.100045
-0.006582,1,640.112045
-3.146962,4,640.161046
-2.079328,3,640.197047
-3.163745,4,640.244045
-0.013638,1,640.256046
-2.086875,3,640.290046
-3.180532,4,640.337046
-1.058513,2,640.361046
-1.04728,2,640.383046
-2.116346,3,640.416046
-1.060307,2,640.443046
-2.079412,3,640.498047
-3.175288,4,640.565864
-2.110475,3,640.603864
-2.077806,3,640.644865
-0.006917,1,640.655863
-3.156761,4,640.704863
-2.095515,3,640.737864
-2.11307,3,640.781864
-2.095939,3,640.817863
-2.093569,3,640.854864
-0.009076,1,640.865864
-2.098039,3,640.905863
-2.110894,3,640.937864
-1.066173,2,640.959864
-0.009424,1,640.970864
-2.136744,3,641.010864
-0.007737,1,641.021864
-0.010298,1,641.033865
-0.005496,1,641.044336
-2.130998,3,641.084338
-2.097264,3,641.118337
-2.121021,3,641.153339
-3.168208,4,641.199337
-0.014333,1,641.216337
-3.160104,4,641.260337
-3.145543,4,641.301493
-2.126447,3,641.337493
-1.036587,2,641.36261
-0.011971,1,641.373611
-3.18045,4,641.41761
-3.167822,4,641.462671
-2.103432,3,641.511673
-1.04308,2,641.551674
-2.120169,3,641.595672
-2.110265,3,641.636673
-2.106245,3,641.681186
-1.06596,2,641.704185
-0.006204,1,641.716185
-2.115206,3,641.749185
-1.0577,2,641.776185
-0.0219,1,641.788185
-3.16793,4,641.838185
-2.115819,3,641.873185
-3.149673,4,641.923186
-1.059072,2,641.946184
-3.20742,4,641.991186
-1.064473,2,642.013185
-0.019967,1,642.028186
-0.008471,1,642.041185
-2.135769,3,642.075185
-2.129655,3,642.111186
-2.095402,3,642.147185
-2.086472,3,642.181185
-3.151169,4,642.226185
-2.148746,3,642.257185
-3.167565,4,642.307185
-1.050076,2,642.331185
-3.167017,4,642.375185
-2.103098,3,642.408185
-3.208278,4,642.460186
-2.112267,3,642.491185
-2.11342,3,642.525186
-2.133694,3,642.559186
-3.148039,4,642.608185
-2.083006,3,642.643185
-2.10828,3,642.678185
-3.15128,4,642.724185
-2.099349,3,642.762185
-3.173281,4,642.807187
-0.021651,1,642.817694
-1.03593,2,642.842777
-1.048591,2,642.868777
-3.199882,4,642.915777
-2.117469,3,642.949927
-3.193635,4,642.995926
-2.109316,3,643.031927
-2.106525,3,643.064927
-2.087856,3,643.099927
-2.104059,3,643.133927
-3.182235,4,643.181234
-3.161,4,643.225233
-0.020035,1,643.236234
-0.011705,1,643.246407
-2.128984,3,643.284512
-2.146486,3,643.318736
-2.089829,3,643.352737
-2.134415,3,643.387736
-4.2379,5,643.448829
-1.058781,2,643.473829
-1.056475,2,643.495828
-3.167855,4,643.541829
-2.089365,3,643.579829
-1.046438,2,643.600986
-0.013817,1,643.612988
-1.06506,2,643.634987
-2.085865,3,643.671988
-3.193476,4,643.717987
-1.072974,2,643.739986
-0.015012,1,643.750988
-3.144127,4,643.80024
-2.124849,3,643.833239
-0.008817,1,643.845535
-3.152804,4,643.893534
-3.13433,4,643.942535
-3.15123,4,643.989042
-3.173571,4,644.033152
-1.047477,2,644.055153
-2.092222,3,644.095152
-1.044657,2,644.133152
-1.036111,2,644.166154
-2.095862,3,644.214152
-2.131599,3,644.260151
-3.154263,4,644.305151
-0.018976,1,644.317152
-2.098625,3,644.351152
-3.223813,4,644.402152
-2.097676,3,644.439152
-3.139994,4,644.487525
-3.17986,4,644.530526
-0.012307,1,644.543525
-2.125097,3,644.570526
-2.111013,3,644.601526
-2.086436,3,644.633525
-2.099012,3,644.667526
-2.115296,3,644.698526
-2.114492,3,644.729526
-1.038883,2,644.750526
-3.180268,4,644.791676
-3.171736,4,644.830675
-0.021763,1,644.842675
-2.131585,3,644.872675
-1.065588,2,644.894675
-2.077448,3,644.923675
-2.107448,3,644.956674
-1.04035,2,644.975675
-1.034134,2,645.000675
-0.016813,1,645.010674
-2.11327,3,645.040675
-1.065434,2,645.062675
-1.069905,2,645.088678
-2.14083,3,645.120184
-1.064956,2,645.142185
-1.059795,2,645.164186
-2.104787,3,645.204186
-2.087359,3,645.234186
-2.120299,3,645.264185
-2.077529,3,645.296186
-3.156846,4,645.339185
-1.067659,2,645.360252
-1.037673,2,645.381252
-2.129995,3,645.413252
-0.018045,1,645.427252
-2.101616,3,645.455252
-1.036455,2,645.474252
-2.101225,3,645.504351
-1.037307,2,645.529353
-0.022714,1,645.539351
-2.134453,3,645.570351
-2.086081,3,645.599657
-3.171276,4,645.644657
-2.111412,3,645.673658
-3.181256,4,645.713657
-2.13461,3,645.745657
-1.038305,2,645.770658
-1.045125,2,645.791658
-2.090376,3,645.821657
-2.133166,3,645.85366
-0.014429,1,645.866658
-3.146453,4,645.906657
-2.130697,3,645.934659
-1.066687,2,645.954658
-2.088585,3,645.988657
-2.138699,3,646.019657
-3.148369,4,646.06066
-0.012724,1,646.070657
-0.021772,1,646.083658
-0.008219,1,646.093657
-3.168679,4,646.133657
-3.135537,4,646.173658
-3.146283,4,646.218657
-2.111466,3,646.251165
-1.063488,2,646.273165
-2.079673,3,646.299165
-1.064985,2,646.324166
-2.14166,3,646.354165
-1.040463,2,646.376164
-1.072873,2,646.396165
-2.115772,3,646.431165
-1.047715,2,646.449165
-2.128175,3,646.481168
-2.095675,3,646.512165
-3.14136,4,646.557165
-1.055365,2,646.578169
-1.053694,2,646.598165
-3.178271,4,646.637165
-2.107991,3,646.669164
-2.133625,3,646.701165
-1.038466,2,646.722166
-1.058022,2,646.741166
-2.117116,3,646.773247
-0.010594,1,646.784245
-0.018782,1,646.794245
-3.182426,4,646.835246
-2.127547,3,646.868246
-1.056219,2,646.889245
-2.109456,3,646.92235
-2.105553,3,646.953351
-0.018027,1,646.966605
-2.126506,3,646.996605
-2.104468,3,647.027605
-3.162312,4,647.068605
-2.093764,3,647.102605
-2.136497,3,647.131604
-3.168665,4,647.174606
-2.128373,3,647.206605
-3.173148,4,647.251605
-0.01415,1,647.261605
-1.068548,2,647.281605
-2.122779,3,647.311605
-3.144328,4,647.357605
-1.034131,2,647.377115
-2.12625,3,647.410115
-1.06258,2,647.430115
-2.124186,3,647.462115
-1.050407,2,647.483114
-2.09884,3,647.512115
-2.128615,3,647.542172
-2.104716,3,647.577172
-3.139853,4,647.616173
-0.023025,1,647.627172
-1.056159,2,647.647173
-2.102828,3,647.681172
-2.111299,3,647.712172
-0.016086,1,647.723172
-2.12106,3,647.753173
-2.137955,3,647.785173
-2.121223,3,647.815172
-2.143391,3,647.849173
-3.153652,4,647.893351
-3.135809,4,647.943351
-1.055789,2,647.962351
-3.16106,4,648.001351
-2.124452,3,648.032351
-2.105256,3,648.066352
-3.147935,4,648.106351
-2.083048,3,648.137351
-0.019509,1,648.147352
-2.098236,3,648.181353
-0.018658,1,648.195352
-0.020882,1,648.219353
-2.093929,3,648.26993
-2.130568,3,648.31193
-2.110195,3,648.344928
-2.095584,3,648.378933
-3.210851,4,648.417928
-3.174617,4,648.464928
-2.113524,3,648.496928
-3.149112,4,648.539928
-2.122897,3,648.572189
-2.109955,3,648.607189
-2.120208,3,648.637187
-2.122177,3,648.666317
-0.009735,1,648.679316
-2.10567,3,648.709317
-1.074052,2,648.728315
-1.03895,2,648.746316
-2.116626,3,648.775713
-0.005387,1,648.790713
-2.10972,3,648.818713
-0.005071,1,648.827713
-1.064497,2,648.848713
-2.098331,3,648.881713
-3.140621,4,648.922714
-2.113171,3,648.953715
-0.01016,1,648.963713
-1.066499,2,648.984714
-2.121646,3,649.015714
-2.12178,3,649.045714
-1.069967,2,649.066714
-2.101995,3,649.100713
-3.194476,4,649.143713
-2.113011,3,649.173713
-1.048049,2,649.199714
-2.09454,3,649.266715
-3.161849,4,649.324715
-2.105086,3,649.362714
-1.040417,2,649.384715
-3.155252,4,649.429714
-1.049962,2,649.451713
-2.097984,3,649.481713
-2.110848,3,649.509715
-1.072861,2,649.534714
-1.048616,2,649.556713
-1.040329,2,649.579714
-1.047359,2,649.599713
-0.018513,1,649.611715
-3.198637,4,649.64922
-1.062264,2,649.674222
-2.092282,3,649.704226
-3.157034,4,649.749222
-2.140855,3,649.779223
-2.110603,3,649.810223
-2.113186,3,649.838224
-0.006004,1,649.850225
-2.108127,3,649.878222
-3.178291,4,649.919222
-2.101045,3,649.949222
-2.133636,3,649.982224
-3.153653,4,650.024223
-2.140807,3,650.053223
-3.187442,4,650.090225
-1.041003,2,650.116223
-1.053821,2,650.136222
-2.128443,3,650.163223
-1.052601,2,650.183222
-3.165511,4,650.227222
-0.022659,1,650.238224
-2.127103,3,650.289547
-2.130372,3,650.333546
-2.145215,3,650.375545
-0.006752,1,650.385548
-3.192457,4,650.422548
-2.083372,3,650.454545
-3.156445,4,650.496887
-1.048432,2,650.516889
-1.069171,2,650.536889
-2.085261,3,650.571887
-3.14159,4,650.619888
-3.164347,4,650.659889
-1.049058,2,650.679888
-1.050065,2,650.699887
-2.140842,3,650.734888
-1.063317,2,650.752888
-2.110891,3,650.780894
-0.021852,1,650.7904
-2.089912,3,650.8224
-3.156703,4,650.854401
-1.050028,2,650.8764
-3.156246,4,650.912401
-2.117882,3,650.9464
-3.175608,4,650.9874
-2.112321,3,651.017474
-2.099915,3,651.046475
-3.154358,4,651.091474
-2.115225,3,651.122476
-2.095965,3,651.150033
-1.067821,2,651.170032
-1.038388,2,651.194032
-2.108267,3,651.222032
-1.037699,2,651.242033
-2.135859,3,651.271033
-1.04284,2,651.295032
-3.228018,4,651.335033
-2.09385,3,651.364033
-2.098264,3,651.394032
-2.090007,3,651.429033
-1.061573,2,651.448035
-0.014073,1,651.457033
-2.101023,3,651.487032
-3.141409,4,651.534033
-2.115463,3,651.561033
-2.134658,3,651.591033
-1.053228,2,651.611033
-2.127895,3,651.647032
-2.12228,3,651.677032
-2.105007,3,651.710036
-2.120985,3,651.747032
-1.053872,2,651.770032
-2.093996,3,651.799033
-0.017381,1,651.809032
-1.034854,2,651.830034
-1.064335,2,651.850034
-1.042729,2,651.870032
-0.006564,1,651.879035
-2.14078,3,651.908033
-2.087447,3,651.940035
-0.022018,1,651.950549
-2.09773,3,651.981542
-3.186041,4,652.021542
-2.108195,3,652.052543
-2.099141,3,652.081632
-2.107497,3,652.112632
-2.112144,3,652.144789
-2.094744,3,652.181789
-2.132114,3,652.212122
-0.020654,1,652.223122
-3.145497,4,652.26412
-1.047667,2,652.28812
-2.084169,3,652.31512
-2.124993,3,652.346121
-0.018833,1,652.35712
-3.13606,4,652.404122
-1.063974,2,652.42112
-3.13439,4,652.460122
-2.086086,3,652.486121
-2.109208,3,652.52212
-3.148994,4,652.561121
-3.185972,4,652.60212
-3.154438,4,652.645119
-0.009051,1,652.660121
-1.054227,2,652.68112
-3.167334,4,652.721121
-2.084262,3,652.75312
-1.062728,2,652.77812
-1.050467,2,652.801121
-0.022523,1,652.811121
-2.104732,3,652.84412
-2.104282,3,652.879121
-1.060556,2,652.90012
-1.047642,2,652.92012
-1.064087,2,652.941119
-2.112248,3,652.98112
-2.111868,3,653.011121
-2.078559,3,653.04112
-3.176522,4,653.08263
-2.078415,3,653.119631
-0.015663,1,653.128631
-1.065726,2,653.147632
-0.020624,1,653.15663
-2.103964,3,653.19363
-1.073116,2,653.21363
-0.021525,1,653.223631
-1.037945,2,653.243629
-1.067285,2,653.26963
-2.092551,3,653.30163
-0.017105,1,653.31263
-1.052768,2,653.330631
-2.107032,3,653.36963
-0.019506,1,653.380759
-2.131285,3,653.41076
-3.173794,4,653.44576
-1.061992,2,653.471759
-2.078937,3,653.50276
-2.088368,3,653.526759
-2.132254,3,653.553759
-2.122472,3,653.586759
-3.169942,4,653.629947
-2.116516,3,653.660947
-3.217714,4,653.703948
-1.062386,2,653.729947
-2.111559,3,653.760947
-3.147574,4,653.796946
-3.140417,4,653.838946
-2.086286,3,653.875946
-1.050926,2,653.895947
-2.111255,3,653.926946
-2.083267,3,653.957946
-3.151452,4,654.000946
-1.067067,2,654.021946
-3.190871,4,654.061947
-2.120288,3,654.086946
-1.065885,2,654.113947
-1.032725,2,654.135948
-3.160231,4,654.180946
-1.035431,2,654.202946
-3.156947,4,654.251456
-2.123977,3,654.287457
-2.137866,3,654.319458
-2.131842,3,654.349456
-2.101194,3,654.388456
-2.09317,3,654.424457
-3.147154,4,654.470634
-2.101054,3,654.505634
-1.053641,2,654.530733
-3.172111,4,654.574874
-2.114096,3,654.609191
-1.066636,2,654.633191
-2.096087,3,654.671192
-1.065547,2,654.693192
-2.105964,3,654.728416
-3.160282,4,654.773416
-2.112126,3,654.815418
-2.118167,3,654.850416
-0.023343,1,654.862416
-2.098229,3,654.894743
-1.058775,2,654.920742
-2.106031,3,654.954742
-2.101346,3,654.986827
-2.092309,3,655.018827
-2.136015,3,655.061893
-3.189923,4,655.107173
-0.022117,1,655.118173
-3.16307,4,655.163174
-2.120466,3,655.200172
-0.011993,1,655.211174
-2.122266,3,655.244173
-1.054371,2,655.267173
-2.128639,3,655.305173
-2.114383,3,655.338173
-0.011462,1,655.349173
-3.147594,4,655.395683
-3.155572,4,655.448684
-1.063511,2,655.471682
-1.046203,2,655.495682
-1.053568,2,655.517684
-2.123952,3,655.555684
-1.047829,2,655.578683
-2.083374,3,655.612683
-3.150628,4,655.657682
-1.059088,2,655.682682
-3.171092,4,655.729683
-2.12013,3,655.763683
-2.116288,3,655.795682
-2.097973,3,655.834684
-0.023643,1,655.846683
-2.105845,3,655.87876
-3.134867,4,655.92385
-1.041935,2,655.95185
-2.115003,3,655.986004
-1.060142,2,656.010004
-3.191548,4,656.055077
-1.069645,2,656.082076
-2.115292,3,656.115076
-2.120509,3,656.151077
-2.108956,3,656.185133
-3.174833,4,656.233133
-2.123062,3,656.268132
-2.135451,3,656.302132
-2.102196,3,656.335132
-2.091142,3,656.374133
-3.143037,4,656.420133
-3.168308,4,656.466134
-1.059991,2,656.488368
-2.095851,3,656.524875
-0.02327,1,656.53756
-3.191758,4,656.58356
-3.154287,4,656.62856
-0.022929,1,656.64556
-2.106083,3,656.68056
-1.03787,2,656.70456
-1.042988,2,656.726559
-2.100236,3,656.76656
-2.080516,3,656.80156
-3.157161,4,656.84856
-2.079073,3,656.88156
-1.052142,2,656.91056
-3.157567,4,656.954561
-3.152366,4,656.99856
-2.11092,3,657.03356
-1.051527,2,657.06156
-0.005254,1,657.07256
-2.107245,3,657.10656
-2.133513,3,657.141561
-1.064697,2,657.16856
-1.068021,2,657.19056
-1.045207,2,657.21256
-2.09471,3,657.24456
-1.054943,2,657.277561
-2.100784,3,657.309561
-2.114291,3,657.342561
-3.132648,4,657.38756
-2.091758,3,657.42856
-2.097597,3,657.46256
-2.119825,3,657.49556
-2.101138,3,657.52956
-2.079549,3,657.56856
-3.154628,4,657.610559
-2.126414,3,657.642564
-3.153953,4,657.688071
-2.096727,3,657.724071
-2.097113,3,657.760071
-2.103772,3,657.792176
-1.066583,2,657.815175
-3.140037,4,657.862175
-1.051683,2,657.884175
-0.008141,1,657.898175
-1.061558,2,657.919175
-2.126667,3,657.956178
-2.119908,3,657.988177
-0.02159,1,658.001176
-1.042361,2,658.024175
-1.04716,2,658.051175
-3.188747,4,658.097175
-1.037842,2,658.120176
-1.062035,2,658.144176
-0.017459,1,658.159175
-0.005161,1,658.169175
-1.068236,2,658.192176
-3.14448,4,658.240175
-2.112,3,658.275258
-2.121134,3,658.308258
-3.150565,4,658.354381
-2.125183,3,658.388557
-2.090792,3,658.426557
-2.111345,3,658.462557
-0.021076,1,658.474557
-1.040729,2,658.498557
-1.066674,2,658.525556
-2.118571,3,658.558556
-2.09756,3,658.589557
-3.142656,4,658.632556
-0.019775,1,658.646557
-1.067261,2,658.670557
-1.054394,2,658.695557
-1.031916,2,658.720558
-2.080333,3,658.757557
-2.081803,3,658.789557
-2.095544,3,658.81856
-2.115154,3,658.856671
-1.057996,2,658.883672
-2.105533,3,658.918672
-3.141691,4,658.964673
-2.115341,3,659.001671
-3.206038,4,659.065672
-2.113372,3,659.117672
-2.098709,3,659.156672
-2.083611,3,659.192672
-3.154094,4,659.244671
-2.109119,3,659.279672
-3.141366,4,659.325672
-2.113762,3,659.361672
-3.165329,4,659.413671
-0.02065,1,659.424673
-3.222212,4,659.471672
-3.156089,4,659.516672
-2.133974,3,659.554672
-2.095497,3,659.587672
-2.100218,3,659.620671
-1.041142,2,659.641671
-2.09565,3,659.680672
-1.050547,2,659.703671
-1.047453,2,659.726671
-0.024969,1,659.737671
-2.141825,3,659.774673
-0.019423,1,659.787673
-2.098804,3,659.819671
-2.124244,3,659.853671
-2.140559,3,659.890671
-1.071697,2,659.911672
-1.066601,2,659.934671
-1.0546,2,659.956674
-3.18371,4,660.00518
-2.13025,3,660.037179
-3.171946,4,660.085179
-0.00712,1,660.09718
-1.068801,2,660.123179
-3.160462,4,660.164179
-1.053587,2,660.18618
-2.137198,3,660.222179
-3.144975,4,660.2693
-2.117382,3,660.3023
-2.098375,3,660.338419
-2.092445,3,660.372416
-3.184043,4,660.425418
-3.155756,4,660.470417
-3.166659,4,660.514416
-2.143459,3,660.552495
-2.081972,3,660.591495
-2.10417,3,660.625496
-2.120505,3,660.658777
-2.080822,3,660.694778
-3.16757,4,660.743779
-0.01225,1,660.755778
-3.163353,4,660.799779
-3.169623,4,660.843778
-0.015349,1,660.859778
-2.112233,3,660.896778
-2.108611,3,660.932778
-2.082346,3,660.965779
-2.135292,3,661.003778
-2.114409,3,661.038779
-1.060027,2,661.061778
-1.044929,2,661.08478
-2.120508,3,661.121287
-2.092079,3,661.155288
-2.094619,3,661.19134
-3.155143,4,661.235339
-1.055376,2,661.26134
-2.076438,3,661.296339
-2.116843,3,661.329339
-1.068787,2,661.35234
-2.139178,3,661.38934
-0.011208,1,661.402339
-3.159746,4,661.448444
-2.090133,3,661.482443
-1.053754,2,661.511444
-1.046181,2,661.534569
-3.202727,4,661.578569
-1.043714,2,661.599569
-2.095378,3,661.639571
-2.129483,3,661.672569
-3.143059,4,661.716569
-2.105479,3,661.751569
-1.036854,2,661.777568
-0.018693,1,661.787568
-1.06245,2,661.808568
-1.042305,2,661.831569
-2.11013,3,661.871569
-3.174851,4,661.918569
-1.038008,2,661.941671
-0.011068,1,661.952671
-1.052254,2,661.977671
-2.096599,3,662.008672
-2.126881,3,662.041671
-2.09515,3,662.076671
-1.048659,2,662.10367
-0.024554,1,662.115671
-1.051589,2,662.137671
-1.064248,2,662.160671
-2.147469,3,662.200671
-2.090949,3,662.235181
-3.155244,4,662.282255
-2.116136,3,662.313255
-1.0623,2,662.337256
-2.112547,3,662.372255
-2.112723,3,662.408255
-3.135959,4,662.453255
-3.187312,4,662.503357
-2.099542,3,662.537357
-1.041136,2,662.558356
-1.042327,2,662.578357
-1.067716,2,662.604357
-2.08435,3,662.637358
-1.061568,2,662.660357
-0.022875,1,662.671356
-2.086887,3,662.710436
-2.104944,3,662.745555
-2.115404,3,662.778555
-2.105498,3,662.811782
-2.129575,3,662.849782
-0.022485,1,662.860782
-3.173036,4,662.906782
-0.020944,1,662.918782
-3.150181,4,662.965782
-2.117991,3,662.999018
-2.124414,3,663.034018
-2.119132,3,663.069018
-3.199633,4,663.12002
-2.107622,3,663.176019
-2.104674,3,663.219019
-2.077625,3,663.258017
-2.120266,3,663.299018
-0.02233,1,663.311018
-2.087934,3,663.345021
-1.072746,2,663.370529
-1.042091,2,663.401691
-3.151747,4,663.451692
-1.039254,2,663.478691
-3.191525,4,663.524692
-2.110404,3,663.56192
-3.190184,4,663.607919
-1.049177,2,663.630919
-1.05226,2,663.652919
-2.130041,3,663.68892
-1.059616,2,663.713919
-1.046353,2,663.736921
-3.187326,4,663.78192
-2.116294,3,663.81892
-2.105837,3,663.854919
-0.022928,1,663.864921
-2.101978,3,663.897919
-1.050355,2,663.92492
-0.022241,1,663.93692
-1.060963,2,663.95892
-3.139351,4,664.00392
-3.192738,4,664.05692
-1.047845,2,664.078919
-0.006191,1,664.090168
-3.178013,4,664.135168
-2.083369,3,664.172168
-0.003605,1,664.184168
-3.169478,4,664.23017
-1.036902,2,664.253167
-0.003686,1,664.269168
-2.085766,3,664.304168
-2.093217,3,664.338168
-3.147313,4,664.384168
-2.123298,3,664.421168
-2.098312,3,664.455169
-1.048771,2,664.480175
-0.022898,1,664.491676
-1.036547,2,664.518675
-3.184941,4,664.563677
-3.147605,4,664.608675
-0.022197,1,664.619675
-1.034512,2,664.648675
-3.149688,4,664.694675
-2.110433,3,664.730676
-3.140069,4,664.775676
-3.155692,4,664.823675
-1.074218,2,664.845675
-2.106436,3,664.878675
-3.170322,4,664.924676
-1.065396,2,664.951675
-1.052797,2,664.973675
-1.0378,2,664.994797
-2.117404,3,665.031798
-2.114831,3,665.070797
-2.109066,3,665.104798
-1.065464,2,665.128798
-0.022342,1,665.139854
-0.02159,1,665.155854
-2.098265,3,665.189854
-2.110631,3,665.222009
-2.101599,3,665.256273
-2.077437,3,665.295273
-1.063369,2,665.318274
-1.072854,2,665.340273
-3.171267,4,665.386272
-3.160266,4,665.436273
-2.09413,3,665.470274
-1.060513,2,665.493275
-3.198859,4,665.537273
-0.021012,1,665.553273
-1.044763,2,665.574273
-2.097062,3,665.609275
-2.12391,3,665.64178
-3.166843,4,665.69178
-2.087317,3,665.72778
-3.197066,4,665.769857
-3.161549,4,665.813857
-3.199217,4,665.860857
-3.140249,4,665.905857
-1.035688,2,665.931857
-2.08781,3,665.964856
-2.098718,3,666.001858
-2.089289,3,666.038857
-2.120898,3,666.071856
-2.110562,3,666.105857
-3.144073,4,666.157857
-1.057347,2,666.181856
-3.135315,4,666.226858
-1.04576,2,666.250925
-2.116748,3,666.287925
-2.122054,3,666.321924
-3.203712,4,666.367926
-1.057156,2,666.389994
-3.165636,4,666.437994
-2.100542,3,666.471993
-2.099253,3,666.506244
-3.155603,4,666.550442
-3.188344,4,666.598441
-2.121911,3,666.630442
-1.065627,2,666.654442
-3.14498,4,666.700535
-2.078358,3,666.73754
-1.044585,2,666.759853
-2.132195,3,666.79497
-3.160286,4,666.839969
-1.044475,2,666.864117
-2.116839,3,666.899203
-3.22114,4,666.943203
-1.061793,2,666.966203
-2.09153,3,667.006204
-2.120418,3,667.037204
-1.063087,2,667.060203
-2.080446,3,667.094203
-2.113115,3,667.132204
-2.087869,3,667.167204
-0.017645,1,667.179203
-2.114915,3,667.211203
-3.16245,4,667.260203
-2.102919,3,667.294204
-2.115223,3,667.327203
-2.113335,3,667.361204
-2.098312,3,667.398203
-2.099839,3,667.432204
-1.056063,2,667.457203
-0.012944,1,667.469204
-0.010629,1,667.485204
-3.152391,4,667.533203
-1.039958,2,667.556203
-1.051443,2,667.580202
-0.010506,1,667.595203
-3.164915,4,667.641204
-1.059965,2,667.665202
-2.121591,3,667.699203
-1.058406,2,667.726204
-0.007426,1,667.737204
-2.114586,3,667.774204
-3.151137,4,667.820203
-2.093254,3,667.857203
-1.048096,2,667.881715
-3.169714,4,667.928715
-2.140548,3,667.961714
-3.201096,4,668.009713
-3.188085,4,668.05379
-0.024418,1,668.06479
-2.143474,3,668.096791
-3.163687,4,668.14679
-3.187792,4,668.19279
-1.046587,2,668.21579
-2.117187,3,668.246791
-1.058566,2,668.27279
-1.059657,2,668.29579
-3.174518,4,668.34079
-2.129609,3,668.374874
-3.154944,4,668.421873
-2.083309,3,668.456876
-2.12115,3,668.490874
-2.085174,3,668.523874
-0.019128,1,668.541873
-2.126146,3,668.585874
-3.178187,4,668.630873
-3.174798,4,668.676873
-0.021422,1,668.69196
-3.181054,4,668.736961
-3.190522,4,668.784039
-2.081935,3,668.818039
-1.06134,2,668.843156
-2.115478,3,668.878155
-2.112694,3,668.913155
-1.037534,2,668.937312
-1.053835,2,668.964312
-2.125597,3,668.998399
-1.058139,2,669.019907
-1.053846,2,669.043908
-2.138057,3,669.078907
-2.117212,3,669.112907
-2.115977,3,669.144908
-2.12295,3,669.178056
-2.110208,3,669.215057
-2.121462,3,669.249056
-3.140591,4,669.292056
-2.090461,3,669.331057
-2.127841,3,669.369137
-2.083237,3,669.402136
-2.084674,3,669.437136
-2.098051,3,669.472137
-3.163752,4,669.521137
-3.139966,4,669.566245
-1.070831,2,669.588245
-2.082301,3,669.622246
-0.008909,1,669.637247
-2.094987,3,669.671246
-1.046549,2,669.694345
-1.068099,2,669.717345
-0.020317,1,669.731345
-2.121164,3,669.770545
-2.109847,3,669.806545
-2.114953,3,669.839545
-2.083767,3,669.876545
-2.096341,3,669.908544
-1.041347,2,669.932545
-2.121139,3,669.967545
-2.091803,3,670.005545
-3.147725,4,670.051544
-1.04127,2,670.073545
-1.062802,2,670.096545
-1.054251,2,670.123544
-2.136297,3,670.158052
-2.10857,3,670.192053
-2.12501,3,670.225053
-3.175954,4,670.272053
-1.073275,2,670.298054
-3.163733,4,670.341053
-2.103212,3,670.374053
-2.093395,3,670.413054
-3.158849,4,670.458053
-1.053129,2,670.481054
-0.021124,1,670.492053
-2.10323,3,670.535053
-2.14609,3,670.570054
-0.016711,1,670.581055
-2.122354,3,670.615052
-2.112118,3,670.653054
-1.034766,2,670.674052
-2.102006,3,670.70814
-1.041358,2,670.732141
-1.061239,2,670.75914
-2.095487,3,670.79214
-3.147632,4,670.83614
-2.103999,3,670.870141
-2.10781,3,670.908141
-0.013663,1,670.919141
-2.088904,3,670.950354
-3.139681,4,670.994355
-3.172317,4,671.043355
-1.036059,2,671.067353
-3.163166,4,671.110354
-2.143089,3,671.145353
-1.037309,2,671.172438
-3.214673,4,671.216806
-1.070133,2,671.238806
-1.040612,2,671.261807
-2.134618,3,671.300318
-0.021517,1,671.312317
-2.128108,3,671.346441
-2.112881,3,671.38044
-2.107828,3,671.417441
-2.104929,3,671.45044
-2.127182,3,671.48244
-0.02431,1,671.49444
-3.173229,4,671.54244
-0.015942,1,671.55344
-0.005006,1,671.563441
-2.089698,3,671.59744
-0.021893,1,671.612441
-1.06061,2,671.63544
-1.035471,2,671.65844
-1.037431,2,671.68044
-3.158798,4,671.731441
-1.03579,2,671.75344
-1.047885,2,671.77444
-2.125973,3,671.808439
-1.056464,2,671.83744
-2.10974,3,671.869441
-1.074927,2,671.891441
-2.092951,3,671.925441
-2.118503,3,671.964439
-3.18456,4,672.008519
-2.107367,3,672.042519
-2.132494,3,672.07752
-2.112545,3,672.114519
-2.124183,3,672.145519
-2.109787,3,672.179519
-0.023336,1,672.190519
-0.021252,1,672.204518
-1.060067,2,672.226519
-1.037065,2,672.249519
-0.005916,1,672.262521
-3.179524,4,672.310519
-2.098661,3,672.342519
-3.175126,4,672.387521
-2.096347,3,672.419027
-2.120291,3,672.457028
-0.011846,1,672.468027
-3.168808,4,672.515026
-1.057047,2,672.539026
-2.086242,3,672.576027
-3.166585,4,672.622026
-3.176841,4,672.668026
-2.092833,3,672.702026
-3.149017,4,672.753026
-2.131528,3,672.785027
-2.127595,3,672.821027
-2.135933,3,672.856027
-0.006042,1,672.872028
-2.094902,3,672.907027
-1.039759,2,672.932029
-1.043298,2,672.954026
-3.161358,4,673.000027
-2.081601,3,673.033026
-1.064567,2,673.057027
-0.024722,1,673.069026
-1.062422,2,673.096026
-1.04886,2,673.120027
-3.159022,4,673.165026
-0.002531,1,673.177026
-1.041962,2,673.203026
-3.189684,4,673.248026
-1.069515,2,673.271027
-2.095541,3,673.306027
-0.01415,1,673.319028
-2.093212,3,673.349027
-2.090664,3,673.384026
-3.192666,4,673.430026
-1.061758,2,673.456027
-1.04411,2,673.479026
-0.017938,1,673.490026
-2.123978,3,673.522027
-2.109191,3,673.559535
-1.044724,2,673.584366
-2.141452,3,673.62048
-1.040801,2,673.641479
-3.177025,4,673.68948
-0.004924,1,673.703479
-2.113537,3,673.736479
-2.091486,3,673.771479
-1.069422,2,673.799479
-2.114099,3,673.833479
-2.134197,3,673.86748
-2.10913,3,673.902478
-0.022544,1,673.918478
-2.122211,3,673.950695
-3.193604,4,673.994696
-2.105595,3,674.030696
-1.059792,2,674.055696
-3.16901,4,674.101696
-1.034795,2,674.124696
-3.198333,4,674.170696
-2.118506,3,674.206698
-3.192265,4,674.248696
-2.122539,3,674.279696
-3.171067,4,674.334084
