#{"t_start": 1777832128.0688667, "env_id": "FetchReach-v4"}
r,l,t
-66.821503,50,0.885989
-62.652007,50,0.933993
-4.396726,5,0.937992
-58.156906,50,0.97599
-58.346199,50,1.014086
-58.514469,50,1.050225
-24.084377,23,1.068227
-57.812515,50,1.104225
-59.147438,50,1.144227
-58.383962,50,1.180227
-60.982825,50,1.219225
-58.087303,50,1.257225
-63.643989,50,1.298299
-56.278666,50,1.336297
-9.970819,10,1.343297
-30.055536,27,1.362297
-64.14046,50,1.403299
-58.751818,50,1.439296
-11.989145,12,1.448297
-62.937493,50,1.48737
-45.936433,41,1.522371
-57.38551,50,1.55837
-60.936052,50,1.594434
-62.691075,50,1.632035
-62.531107,50,1.673035
-57.523849,50,1.7091
-59.127371,50,1.746171
-58.037199,50,1.782249
-56.976712,50,1.822336
-67.806181,50,1.862392
-64.926227,50,1.897533
-66.014849,50,1.933532
-61.126328,50,1.974532
-57.783717,50,2.011657
-60.978073,50,2.046728
-62.611613,50,2.086869
-57.857815,50,2.12694
-61.903675,50,2.162003
-62.03595,50,2.200066
-66.312903,50,2.235069
-58.638424,50,2.273069
-56.847129,50,2.309066
-62.596973,50,2.345268
-10.753522,11,2.35327
-14.60601,14,2.365341
-56.349823,50,2.404342
-40.562143,36,2.430413
-62.162563,50,2.466412
-58.003195,50,2.506414
-63.088196,50,2.544469
-64.987992,50,2.578471
-56.479705,50,2.614469
-61.490787,50,2.654648
-56.676478,50,2.690725
-59.945924,50,2.728863
-62.807786,50,2.765373
-60.804345,50,2.805371
-60.603975,50,2.844374
-57.209075,50,2.880437
-62.349754,50,2.916437
-14.756887,14,2.929438
-49.712993,46,2.964437
-57.542499,50,2.999437
-58.591748,50,3.034527
-58.360184,50,3.075525
-58.706348,50,3.110528
-59.835236,50,3.145635
-65.339843,50,3.182633
-59.66503,50,3.221705
-59.479422,50,3.256781
-15.745695,15,3.268781
-59.006155,50,3.304852
-62.543642,50,3.343922
-65.412393,50,3.382996
-65.369818,50,3.419996
-62.666025,50,3.456065
-61.333973,50,3.495136
-58.988915,50,3.532232
-62.585371,50,3.5674
-59.017077,50,3.604403
-59.942066,50,3.647489
-58.14437,50,3.684812
-60.125731,50,3.721808
-56.166596,50,3.756808
-59.439345,50,3.795808
-62.150668,50,3.834973
-30.389228,27,3.853974
-18.845957,18,3.866976
-5.377769,6,3.873976
-64.91062,50,3.912551
-59.504899,50,3.951684
-58.227698,50,4.057779
-61.808536,50,4.124778
-57.848218,50,4.166947
-63.589027,50,4.203945
-59.152379,50,4.239943
-58.023163,50,4.281944
-62.116669,50,4.318943
-59.754368,50,4.354946
-60.635621,50,4.394943
-64.8602,50,4.434943
-14.611307,14,4.444946
-40.88368,37,4.473945
-64.597383,50,4.509945
-58.098215,50,4.550943
-62.903598,50,4.589009
-8.764155,9,4.596009
-65.071231,50,4.632009
-58.002429,50,4.670072
-62.397009,50,4.707421
-57.886923,50,6.323611
-64.273506,50,6.813456
-56.745512,50,7.313845
-65.427221,50,7.798569
-5.520811,6,7.854749
-56.718321,50,8.330446
-60.705911,50,8.819159
-56.792979,50,9.331702
-59.792039,50,9.854973
-65.291938,50,10.300714
-61.30856,50,10.741277
-58.941164,50,11.24311
-59.682399,50,11.745574
-8.573913,9,11.828852
-59.28723,50,12.326714
-59.23941,50,12.848289
-64.420542,50,13.40644
-60.963184,50,13.948603
-63.906782,50,14.501253
-30.397211,29,14.773867
-63.346426,50,15.27616
-57.681206,50,15.743884
-40.457224,37,16.088396
-58.985765,50,16.554497
-57.132867,50,17.045764
-66.67831,50,17.569814
-63.686649,50,18.212031
-58.217987,50,18.74627
-17.009224,16,18.897907
-57.371242,50,19.392097
-59.733413,50,19.939878
-63.739398,50,20.467653
-58.827591,50,20.988927
-56.559369,50,21.472796
-58.115279,50,21.955984
-56.419325,50,22.540344
-63.42812,50,23.046815
-61.617298,50,23.52825
-58.702605,50,24.063442
-60.732248,50,24.546313
-57.58031,50,25.040898
-20.564613,20,25.221824
-60.671034,50,25.735913
-59.690703,50,26.262528
-59.981157,50,26.789791
-69.750673,50,27.35411
-61.975125,50,27.936026
-64.455671,50,28.468254
-66.111845,50,28.982693
-4.413619,5,29.032112
-0.016185,1,29.047112
-5.39741,6,29.104474
-3.223173,4,29.143568
-0.045796,1,29.156568
-0.028497,1,29.201651
-60.162595,50,29.682711
-60.618336,50,30.168886
-60.48084,50,30.674606
-62.100057,50,31.241468
-65.502392,50,31.813511
-59.462982,50,32.359434
-64.214682,50,32.901551
-56.743553,50,33.480785
-59.375842,50,34.022238
-13.60131,13,34.160799
-22.970595,22,34.39203
-60.504093,50,34.842206
-10.920239,11,34.963484
-62.950935,50,35.412941
-63.015182,50,35.851253
-57.592943,50,36.346886
-30.481672,28,36.625295
-13.256663,13,36.759395
-6.639765,7,36.836396
-9.86895,10,36.940393
-62.432556,50,37.461666
-0.049916,1,37.470667
-57.480004,50,37.955665
-59.02922,50,38.448191
-61.423128,50,38.985784
-60.70165,50,39.462687
-60.784183,50,39.954406
-60.135259,50,40.415711
-57.37221,50,40.889087
-59.632573,50,41.345584
-56.169215,50,41.836164
-61.582452,50,42.301384
-56.590845,50,42.759937
-55.607715,50,43.223856
-56.121036,50,43.671961
-65.297379,50,44.167587
-1.112874,2,44.1907
-60.172412,50,44.701396
-57.942211,50,45.155491
-61.412508,50,45.625453
-56.633388,50,46.089544
-57.98755,50,46.557127
-57.441808,50,47.025658
-16.925454,16,47.174955
-58.400312,50,47.645705
-56.867681,50,48.12303
-63.891176,50,48.646356
-58.538446,50,49.170704
-31.202706,29,49.435452
-58.769482,50,49.942978
-59.780253,50,50.407548
-58.95995,50,50.909134
-56.57987,50,51.385595
-58.781456,50,51.878772
-67.77584,50,52.377453
-59.239489,50,52.876715
-56.347299,50,53.361488
-7.609371,8,53.446488
-7.779979,8,53.525713
-63.194343,50,54.032191
-62.846367,50,54.588738
-3.257085,4,54.636738
-56.337318,50,55.134313
-60.13558,50,55.622112
-63.387274,50,56.12706
-59.887105,50,58.039144
-54.651321,50,58.505791
-59.182849,50,59.023962
-60.305435,50,59.525575
-1.123753,2,59.542811
-61.411039,50,60.061814
-60.288072,50,60.567438
-59.051233,50,61.138298
-63.973031,50,61.69005
-58.787074,50,62.20731
-31.643683,29,62.504984
-61.344607,50,63.122241
-53.75115,47,63.577034
-13.139132,13,63.710545
-58.38411,50,64.222543
-16.734032,16,64.376542
-58.711262,50,64.922054
-46.391435,43,65.384054
-65.923158,50,65.870561
-55.371444,50,66.533561
-59.371429,50,67.134068
-56.888988,50,67.637069
-13.429,13,67.775069
-57.68116,50,68.296576
-58.558599,50,68.789087
-32.688703,30,69.095089
-2.219284,3,69.138088
-57.012519,50,69.802111
-57.468307,50,70.527625
-29.120442,27,70.845133
-64.213196,50,71.370136
-56.399226,50,71.978155
-13.156344,13,72.222156
-57.77589,50,73.16034
-57.668996,50,74.173671
-56.82997,50,75.115005
-56.714923,50,75.997381
-4.445958,5,76.095356
-16.796685,16,76.397362
-0.035398,1,76.417404
-58.308303,50,77.34346
-39.720177,36,78.107487
-22.307572,21,78.622918
-19.357291,18,79.320567
-56.824343,50,80.653463
-45.443223,41,81.512471
-53.290305,48,82.587444
-56.714863,50,83.973403
-25.427038,24,84.447375
-56.174401,50,85.408843
-5.406737,6,85.536185
-5.50041,6,85.667358
-13.226586,13,85.924859
-10.181015,10,86.134319
-37.758735,35,86.828908
-15.734122,15,87.14267
-40.437719,37,87.887311
-53.786101,50,88.882508
-15.919591,15,89.206338
-50.141937,46,90.181184
-11.182759,11,90.397313
-42.62009,39,91.17642
-20.370468,19,91.576449
-50.367719,46,92.487485
-4.427238,5,92.586543
-57.452898,50,93.68885
-13.239939,13,93.959735
-21.425126,21,94.387167
-17.513998,17,94.747704
-32.181128,30,95.372349
-22.3593,21,95.806482
-46.600902,43,96.699619
-2.172281,3,96.766493
-18.673612,18,97.149527
-54.867101,50,98.206496
-0.054676,1,98.230412
-21.144722,20,98.640431
-39.892691,35,99.332505
-29.693607,28,99.855684
-11.026705,11,100.127522
-12.896888,13,100.434449
-13.09183,13,100.743349
-28.512101,27,101.422454
-3.359224,4,101.502334
-55.493751,50,102.499769
-4.242959,5,102.601167
-18.843677,18,102.963502
-9.949274,10,103.159936
-9.971725,10,103.342277
-52.021757,48,104.317298
-7.907891,8,104.514552
-8.666935,9,104.708829
-45.387072,43,105.765784
-9.940517,10,106.031531
-14.350693,14,106.445271
-7.824115,8,106.697478
-5.466104,6,106.870491
-7.719522,8,107.099832
-3.272477,4,107.225978
-42.102913,39,108.197403
-3.287809,4,108.287295
-26.761292,25,108.845716
-6.539685,7,108.983324
-23.80989,23,109.447284
-1.106997,2,109.485368
-5.523995,6,109.60548
-27.202924,26,110.112353
-4.444049,5,110.286438
-5.622878,6,110.406374
-11.199728,11,110.614475
-9.904439,10,110.885328
-5.519807,6,111.054592
-3.330709,4,111.171268
-9.80696,10,111.447452
-9.951743,10,111.690314
-28.257707,27,112.253677
-4.549965,5,112.368779
-21.106037,20,112.775467
-14.349758,14,113.044727
-55.378588,50,114.215394
-1.094253,2,114.271308
-7.646107,8,114.469589
-10.08186,10,114.745389
-7.818482,8,114.93636
-10.008021,10,115.1946
-21.799479,21,115.718899
-4.414425,5,115.856485
-9.920615,10,116.083382
-7.692448,8,116.262385
-5.540774,6,116.422473
-2.194582,3,116.497424
-17.469541,17,116.852224
-12.891355,13,117.141325
-7.721044,8,117.334455
-19.641947,19,117.781462
-29.717527,28,118.460427
-8.752955,9,118.684485
-5.603391,6,118.834638
-5.492793,6,118.987475
-13.114353,13,119.29655
-21.66394,21,119.745921
-3.39021,4,119.840998
-2.156874,3,119.911532
-3.309627,4,119.99146
-19.323316,19,120.506339
-26.032585,25,121.322242
-6.598211,7,121.512499
-5.5964,6,121.672544
-23.388267,22,122.217388
-11.261226,11,122.518858
-20.457823,20,123.043781
-8.90921,9,123.304483
-21.715088,21,123.798951
-5.470525,6,123.928915
-0.038321,1,123.958984
-31.258806,30,124.611495
-11.134671,11,124.852486
-4.408282,5,124.959643
-3.332438,4,125.059689
-4.472806,5,125.169241
-4.434063,5,125.276234
-10.006487,10,125.49363
-5.529979,6,125.636435
-3.344556,4,125.726383
-9.677706,10,125.944264
-16.478378,16,126.298918
-3.366447,4,126.391314
-1.140039,2,126.431394
-2.248435,3,126.498786
-8.623998,9,126.728923
-2.208507,3,126.82557
-1.09865,2,126.874733
-13.034717,13,127.197266
-7.644764,8,127.375248
-27.456451,26,127.955883
-1.0931,2,127.99544
-6.74934,7,128.143979
-2.135454,3,128.201329
-4.367026,5,128.320369
-3.337968,4,128.409943
-7.618935,8,128.581732
-17.442497,17,128.92447
-11.722316,12,129.202244
-7.56657,8,129.390579
-2.180794,3,129.452825
-24.017218,23,129.979976
-4.465711,5,130.106353
-5.470846,6,130.242478
-16.511634,16,130.579838
-22.966599,22,131.066283
-9.736983,10,131.298825
-10.955703,11,131.525506
-1.115311,2,131.561517
-4.415715,5,131.675515
-5.584551,6,131.81135
-2.207632,3,131.872459
-1.132574,2,131.913283
-2.25571,3,131.98235
-6.485423,7,132.144385
-7.642181,8,132.312365
-15.161673,15,132.616054
-7.915779,8,132.791561
-5.53723,6,132.925428
-3.313972,4,133.008942
-2.217895,3,133.07371
-6.415059,7,133.231198
-5.439115,6,133.370629
-2.237722,3,133.434531
-0.054403,1,133.455779
-3.277913,4,133.545386
-7.730423,8,133.718908
-10.830763,11,133.947008
-15.435205,15,134.282394
-3.478731,4,134.363447
-0.040009,1,134.397519
-6.508397,7,134.539956
-1.10184,2,134.581541
-1.104626,2,134.620734
-3.31845,4,134.715329
-8.75894,9,134.901014
-28.955171,28,135.526469
-2.188963,3,135.593351
-1.120099,2,135.645459
-2.160731,3,135.707452
-14.325815,14,136.006397
-8.70338,9,136.199975
-3.326663,4,136.298882
-5.612602,6,136.431232
-3.252625,4,136.504296
-34.031623,32,137.182448
-3.248135,4,137.274721
-4.546997,5,137.391296
-0.040073,1,137.415307
-2.231641,3,137.480443
-4.450378,5,137.597464
-4.469523,5,137.703461
-8.851583,9,137.896473
-0.032625,1,137.921212
-4.433354,5,138.037326
-4.496586,5,138.140696
-27.320534,26,138.697417
-13.046519,13,139.04229
-22.991638,22,139.60183
-2.17584,3,139.665919
-5.55575,6,139.836488
-3.305607,4,139.936232
-2.267844,3,140.032309
-5.526812,6,140.197392
-6.615317,7,140.393389
-32.829999,31,141.145424
-18.268536,18,141.614565
-4.433892,5,141.743405
-4.326688,5,141.873932
-3.251068,4,141.979941
-3.392981,4,142.097714
-15.032301,15,142.459992
-6.526531,7,142.628987
-4.429515,5,142.74976
-3.264602,4,142.853935
-3.324327,4,142.959805
-5.379092,6,143.123416
-3.273853,4,143.223368
-5.565403,6,143.374628
-7.5381,8,143.576787
-4.367251,5,143.696671
-4.460474,5,143.820627
-2.155667,3,143.903349
-5.526503,6,144.052264
-1.099319,2,144.105457
-18.712048,18,144.538901
-4.442467,5,144.677172
-5.474803,6,144.825395
-3.349614,4,144.921434
-2.207776,3,144.991035
-4.378632,5,145.125743
-1.10372,2,145.176222
-3.29596,4,145.269096
-8.6977,9,145.486427
-17.625772,17,145.921557
-4.307733,5,146.036428
-1.106944,2,146.085279
-1.11486,2,146.137991
-2.23737,3,146.228755
-5.525623,6,146.383283
-5.662651,6,146.527477
-4.431726,5,146.651157
-2.16573,3,146.744454
-2.177623,3,146.815871
-5.662209,6,146.962863
-2.182522,3,147.028925
-7.68503,8,147.18992
-3.290517,4,147.282777
-13.027743,13,147.598867
-3.264861,4,147.691479
-0.050056,1,147.724419
-6.468575,7,147.894251
-5.401684,6,148.053643
-6.624303,7,148.229742
-4.416039,5,148.36568
-4.382005,5,148.490526
-2.249499,3,148.559551
-4.461932,5,148.681774
-3.347836,4,148.788778
-4.395826,5,148.905383
-12.895301,13,149.23113
-3.326219,4,149.327311
-9.821908,10,149.582899
-2.229543,3,149.652287
-12.000736,12,149.945146
-2.165557,3,150.031506
-4.409116,5,150.163273
-2.135601,3,150.236423
-2.198079,3,150.316399
-2.191115,3,150.386241
-3.321741,4,150.49519
-2.219611,3,150.568972
-2.127003,3,150.636361
-4.367817,5,150.751432
-5.420965,6,150.903375
-7.632396,8,151.092989
-1.098185,2,151.140299
-1.118867,2,151.197696
-3.305564,4,151.307263
-2.267199,3,151.393479
-5.419458,6,151.552544
-4.364731,5,151.676634
-4.539414,5,151.797473
-3.316185,4,151.902488
-3.291627,4,152.005463
-3.346816,4,152.109857
-0.016677,1,152.141435
-3.407607,4,152.244412
-2.188789,3,152.323293
-4.371875,5,152.440252
-2.166684,3,152.525358
-1.123915,2,152.57646
-5.455642,6,152.720489
-1.122451,2,152.768909
-4.402686,5,152.889793
-3.320892,4,152.98903
-9.829543,10,153.244588
-3.353777,4,153.349611
-3.299928,4,153.45425
-2.193649,3,153.531732
-9.718022,10,153.790765
-3.453284,4,153.88337
-2.157172,3,153.966291
-3.239533,4,154.071288
-2.213315,3,154.144444
-2.214335,3,154.221392
-2.180611,3,154.301357
-37.549948,35,155.184491
-3.331742,4,155.280715
-3.321917,4,155.390658
-19.746006,19,155.880729
-2.20104,3,155.945227
-1.093709,2,155.993371
-3.274773,4,156.089982
-3.291289,4,156.202702
-3.311244,4,156.627491
-4.369541,5,156.761079
-2.200538,3,156.831312
-4.387029,5,156.961437
-3.421138,4,157.067011
-2.193319,3,157.136453
-1.116647,2,157.189345
-16.264766,16,157.612254
-2.184598,3,157.677883
-4.333599,5,157.80896
-2.20399,3,157.881317
-4.438732,5,158.014332
-2.223569,3,158.08989
-3.383043,4,158.180624
-2.169647,3,158.247471
-3.450558,4,158.369912
-3.297448,4,158.477736
-2.200163,3,158.552401
-4.496894,5,158.67792
-3.334859,4,158.791019
-2.172418,3,158.857433
-4.405437,5,158.969492
-7.573018,8,159.167006
-2.19525,3,159.247501
-55.158406,50,160.529614
-2.181397,3,160.605321
-3.310119,4,160.707537
-3.377117,4,160.814502
-3.235995,4,160.90765
-4.361978,5,161.075255
-2.224298,3,161.141584
-1.096677,2,161.195812
-2.171602,3,161.27193
-2.217869,3,161.345741
-4.514109,5,161.472992
-2.214962,3,161.558926
-2.192356,3,161.633455
-3.393083,4,161.731014
-2.193291,3,161.80342
-3.221662,4,161.89765
-1.125398,2,161.935725
-2.141549,3,162.007316
-3.333906,4,162.094738
-3.203341,4,162.204526
-2.229165,3,162.270831
-2.177671,3,162.337495
-2.163692,3,162.413457
-3.401658,4,162.525277
-3.384661,4,162.635435
-3.312748,4,162.739008
-4.485113,5,162.856957
-4.460009,5,162.991476
-0.048953,1,163.016387
-2.265444,3,163.098744
-4.494826,5,163.225618
-1.104626,2,163.286785
-3.352697,4,163.384965
-2.16968,3,163.463446
-2.148187,3,163.54076
-3.404488,4,163.643548
-0.051378,1,163.668956
-3.283737,4,163.76764
-0.032639,1,163.793491
-2.177309,3,163.871715
-1.115583,2,163.920419
-4.402959,5,164.052577
-4.495107,5,164.175294
-3.291921,4,164.297405
-2.177534,3,164.375391
-1.125471,2,164.429532
-5.374353,6,164.583327
-0.018626,1,164.616882
-0.025017,1,164.646728
-2.208086,3,164.716454
-3.39237,4,164.823627
-2.213325,3,164.903395
-3.355824,4,165.00644
-3.354681,4,165.09898
-3.330853,4,165.197234
-3.329912,4,165.309994
-1.079575,2,165.368929
-2.224093,3,165.453473
-1.12403,2,165.509925
-3.346125,4,165.614013
-3.363578,4,165.705484
-4.542709,5,165.824145
-2.214431,3,165.903351
-2.153952,3,165.982876
-3.333222,4,166.081122
-2.199625,3,166.151061
-1.105896,2,166.197496
-2.193787,3,166.277488
-3.295607,4,166.376437
-4.258205,5,166.492119
-3.352737,4,166.584252
-3.33937,4,166.676318
-4.387154,5,166.800295
-3.250358,4,166.899518
-1.118443,2,166.952348
-3.331249,4,167.061641
-1.110591,2,167.111289
-1.092786,2,167.15738
-3.337507,4,167.251639
-3.260426,4,167.348916
-1.100149,2,167.394145
-5.64612,6,167.521379
-0.048578,1,167.543422
-3.293869,4,167.642316
-3.338713,4,167.732338
-2.212427,3,167.79727
-2.261373,3,167.860415
-3.265205,4,167.960374
-3.334158,4,168.043504
-1.085726,2,168.085538
-2.213562,3,168.147446
-4.441275,5,168.261246
-3.312628,4,168.346428
-2.18103,3,168.411135
-3.336686,4,168.504583
-2.207052,3,168.575981
-3.272315,4,168.658759
-2.166014,3,168.729916
-2.187284,3,168.791451
-0.028091,1,168.81959
-3.318104,4,168.909031
-2.203408,3,168.973248
-3.442905,4,169.058937
-4.431171,5,169.170621
-2.233495,3,169.240708
-5.486991,6,169.36042
-3.336076,4,169.441688
-1.10903,2,169.489037
-5.521037,6,169.619846
-2.196607,3,169.686481
-0.044907,1,169.703567
-2.205494,3,169.774988
-3.373652,4,169.867491
-3.348629,4,169.947397
-3.375119,4,170.071365
-2.255106,3,170.240688
-2.175698,3,170.354383
-2.198479,3,170.415575
-3.330468,4,170.509917
-1.112269,2,170.559132
-2.2014,3,170.628957
-3.337537,4,170.719938
-0.041111,1,170.745491
-3.319726,4,170.851405
-2.186982,3,170.931493
-3.407776,4,171.02674
-6.497847,7,171.176874
-1.121446,2,171.223606
-4.314227,5,171.323015
-3.270391,4,171.414635
-0.048888,1,171.44537
-0.031137,1,171.475948
-1.076647,2,171.522289
-4.347998,5,171.62156
-5.37657,6,171.740466
-3.2027,4,171.833368
-0.034804,1,171.85741
-11.971963,12,172.094839
-4.333222,5,172.19662
-2.220379,3,172.269687
-3.325305,4,172.363495
-1.107719,2,172.409884
-7.627404,8,172.585878
-2.232049,3,172.663352
-3.360961,4,172.742173
-2.214014,3,172.804543
-3.28034,4,172.890664
-1.103403,2,172.942482
-4.429829,5,173.053368
-1.058355,2,173.096952
-4.39526,5,173.201683
-3.31653,4,173.293955
-1.061645,2,173.336756
-0.045523,1,173.354501
-3.414976,4,173.445718
-3.339625,4,173.537385
-1.091831,2,173.574968
-3.284604,4,173.661031
-1.074789,2,173.714717
-3.313173,4,173.803275
-3.267257,4,173.886944
-1.074832,2,173.933487
-2.217962,3,173.996654
-3.299908,4,174.08734
-3.359219,4,174.175735
-2.202984,3,174.24237
-3.27177,4,174.327435
-3.320002,4,174.4236
-2.19913,3,174.487526
-4.446029,5,174.590266
-3.428067,4,174.674502
-2.206045,3,174.74092
-3.339652,4,174.826435
-2.223661,3,174.885607
-2.270659,3,174.942421
-3.335143,4,175.037438
-3.291797,4,175.117452
-1.107721,2,175.16032
-2.219721,3,175.223545
-3.358564,4,175.31337
-4.421278,5,175.422382
-2.311514,3,175.491556
-2.191187,3,175.555333
-2.180104,3,175.631447
-2.202531,3,175.698752
-2.238803,3,175.761413
-2.126641,3,175.824468
-1.127728,2,175.872658
-3.381757,4,175.963317
-0.041076,1,175.982547
-4.435712,5,176.08396
-4.307068,5,176.194279
-4.294319,5,176.297654
-2.14221,3,176.35746
-1.123636,2,176.392614
-3.279642,4,176.485539
-2.169057,3,176.550474
-3.374082,4,176.635354
-3.376576,4,176.717445
-1.145807,2,176.772363
-1.129923,2,176.809937
-2.208311,3,176.879834
-2.200722,3,176.946467
-3.374555,4,177.039941
-2.204884,3,177.105312
-3.335566,4,177.186489
-2.21783,3,177.248716
-1.132297,2,177.297333
-3.291664,4,177.381633
-2.189212,3,177.443801
-3.430078,4,177.52967
-2.286592,3,177.597683
-0.042664,1,177.617428
-1.097101,2,177.662563
-3.307757,4,177.747759
-2.243976,3,177.819584
-3.348765,4,177.911482
-3.285286,4,177.996917
-3.398397,4,178.084868
-0.051458,1,178.112672
-3.318194,4,178.196634
-3.30975,4,178.276407
-3.323811,4,178.360899
-3.406551,4,178.450959
-11.858868,12,178.871635
-2.268412,3,179.002421
-2.221868,3,179.123374
-3.411881,4,179.253399
-2.253322,3,179.327282
-3.351034,4,179.434281
-2.142861,3,179.510474
-2.248794,3,179.593258
-3.322577,4,179.695
-2.193654,3,179.775446
-3.316756,4,179.861475
-2.219546,3,179.950465
-2.177535,3,180.041061
-1.112346,2,180.112315
-3.338591,4,180.252369
-1.100599,2,180.322569
-0.047223,1,180.34344
-2.241883,3,180.425386
-2.159642,3,180.521529
-1.130596,2,180.589895
-3.251864,4,180.692536
-2.259727,3,180.763634
-2.188692,3,180.82804
-2.232555,3,180.899963
-3.415741,4,181.005498
-0.015654,1,181.029793
-5.445466,6,181.186443
-4.361825,5,181.321246
-3.314165,4,181.419002
-2.288158,3,181.499531
-3.339186,4,181.606387
-2.227921,3,181.688825
-1.131866,2,181.750468
-2.200663,3,181.828918
-3.364242,4,181.935329
-4.365616,5,182.06765
-0.039671,1,182.09279
-2.22265,3,182.17124
-1.117454,2,182.219828
-2.203592,3,182.307495
-2.296195,3,182.382638
-2.263766,3,182.477377
-2.192506,3,182.690696
-3.381022,4,182.857472
-3.29537,4,182.967412
-1.113939,2,183.01612
-2.205,3,183.097404
-1.081549,2,183.157672
-1.111932,2,183.20966
-1.084753,2,183.253431
-3.376156,4,183.357329
-1.13258,2,183.422622
-0.047979,1,183.444705
-2.238033,3,183.518864
-2.159771,3,183.589215
-0.038604,1,183.619085
-2.209872,3,183.700732
-1.104898,2,183.749671
-6.448963,7,183.925311
-3.263057,4,184.033604
-3.427666,4,184.134342
-1.075829,2,184.18967
-1.071214,2,184.232432
-4.408272,5,184.366003
-0.032385,1,184.393542
-3.304779,4,184.527313
-3.285865,4,184.720473
-1.088865,2,184.793527
-2.17864,3,184.914605
-2.187631,3,185.014652
-1.098173,2,185.064477
-2.221087,3,185.146528
-3.339027,4,185.243458
-1.088891,2,185.287865
-2.249634,3,185.356462
-3.332572,4,185.459872
-0.04413,1,185.486939
-2.211977,3,185.559709
-2.182264,3,185.64029
-0.014881,1,185.668844
-1.130835,2,185.717533
-2.202818,3,185.796993
-3.301015,4,185.895963
-4.383306,5,186.027439
-3.357567,4,186.127596
-0.042218,1,186.151786
-2.2975,3,186.219127
-0.039854,1,186.253422
-3.335618,4,186.353402
-3.261139,4,186.44898
-2.176004,3,186.537328
-1.102781,2,186.592607
-1.111462,2,186.646412
-3.299244,4,186.74588
-1.112445,2,186.797667
-1.146324,2,186.857379
-0.040663,1,186.882444
-3.304783,4,186.977428
-3.273314,4,187.075405
-1.071805,2,187.131487
-3.41967,4,187.229249
-2.186315,3,187.295681
-3.35695,4,187.397657
-0.044176,1,187.4354
-3.315516,4,187.55534
-2.21524,3,187.639927
-2.175018,3,187.707349
-1.122851,2,187.771499
-3.399963,4,187.871061
-2.193817,3,187.94344
-0.026858,1,187.989046
-1.108383,2,188.044165
-2.259414,3,188.117718
-1.109483,2,188.161293
-2.269401,3,188.233911
-3.349531,4,188.339788
-2.190486,3,188.416665
-3.304265,4,188.514753
-2.244973,3,188.58248
-0.033373,1,188.630439
-0.048434,1,188.65749
-2.17237,3,188.729828
-3.313422,4,188.822534
-3.338935,4,188.930782
-2.167016,3,189.01631
-1.145929,2,189.064414
-1.124274,2,189.108963
-1.07954,2,189.164452
-3.309407,4,189.251715
-2.286562,3,189.327323
-1.097127,2,189.377894
-2.172344,3,189.456071
-2.170921,3,189.547405
-2.194971,3,189.622339
-2.210754,3,189.699995
-2.220164,3,189.777503
-1.151318,2,189.829041
-2.209494,3,189.896573
-3.313285,4,189.986475
-3.303015,4,190.07895
-3.282234,4,190.157403
-2.180355,3,190.215647
-3.402326,4,190.30262
-1.072627,2,190.353316
-2.208585,3,190.422753
-1.125302,2,190.472383
-2.214748,3,190.537419
-3.303538,4,190.637399
-2.282725,3,190.706604
-0.03257,1,190.727348
-2.180345,3,190.787942
-2.18008,3,190.859909
-3.378845,4,190.942481
-1.130563,2,190.987831
-1.141105,2,191.034373
-2.22642,3,191.104327
-2.194082,3,191.173483
-2.227804,3,191.23736
-4.511244,5,191.339848
-3.414224,4,191.424676
-2.150191,3,191.49522
-3.359686,4,191.563334
-3.310454,4,191.656459
-2.197787,3,191.729815
-2.183906,3,191.796568
-3.305262,4,191.877425
-0.053026,1,191.894974
-2.177336,3,191.971446
-1.076016,2,192.017737
-1.088791,2,192.062456
-0.034053,1,192.082496
-2.233743,3,192.157359
-2.254248,3,192.215685
-2.219209,3,192.277782
-2.258555,3,192.344441
-3.473945,4,192.433338
-1.114476,2,192.480433
-2.142607,3,192.545328
-3.312469,4,192.630306
-2.224869,3,192.702441
-2.14933,3,192.768835
-2.151333,3,192.843666
-2.193394,3,192.925472
-2.197581,3,193.010916
-2.244729,3,193.084419
-2.1962,3,193.152642
-2.254118,3,193.232398
-0.050508,1,193.268959
-2.269119,3,193.330778
-2.246327,3,193.391717
-2.159459,3,193.455592
-1.085496,2,193.506629
-1.120985,2,193.546274
-1.095769,2,193.589872
-0.025708,1,193.610587
-1.096144,2,193.662493
-3.412283,4,193.744486
-1.100559,2,193.790972
-3.335726,4,193.872389
-3.299586,4,193.962546
-2.175949,3,194.026917
-2.284972,3,194.091936
-1.095695,2,194.135345
-2.175085,3,194.217678
-3.368821,4,194.30374
-3.310617,4,194.385426
-1.11065,2,194.42753
-2.229666,3,194.496666
-3.392488,4,194.577303
-1.106605,2,194.619529
-1.138962,2,194.662402
-0.024409,1,194.695643
-1.095641,2,194.742373
-3.303376,4,194.831467
-3.316417,4,194.919385
-2.222335,3,194.996252
-3.334523,4,195.081313
-3.352894,4,195.169881
-1.146173,2,195.217633
-0.030835,1,195.244382
-2.267141,3,195.310691
-1.107017,2,195.357383
-3.349982,4,195.445437
-1.134166,2,195.505652
-0.040638,1,195.527428
-2.213947,3,195.585538
-1.137218,2,195.63102
-2.161884,3,195.699475
-3.361791,4,195.77667
-1.14477,2,195.812773
-1.108922,2,195.857863
-2.216021,3,195.928829
-2.226349,3,195.992526
-2.183274,3,196.061038
-0.014998,1,196.088956
-3.377527,4,196.187031
-2.255883,3,196.250434
-2.232276,3,196.327351
-0.008389,1,196.347395
-0.022946,1,196.387985
-2.235006,3,196.44735
-1.10492,2,196.497966
-3.359535,4,196.585706
-2.238891,3,196.659541
-1.089526,2,196.698966
-3.311937,4,196.782336
-0.02212,1,196.802382
-3.481144,4,196.892557
-2.147884,3,196.96346
-1.124435,2,197.005633
-2.229855,3,197.075499
-2.214794,3,197.146353
-2.20078,3,197.216503
-1.110254,2,197.257535
-3.43196,4,197.341386
-3.283003,4,197.432275
-0.035692,1,197.457319
-2.190306,3,197.543478
-2.284714,3,197.610684
-3.297495,4,197.865417
-3.2548,4,197.986317
-3.344053,4,198.075377
-1.109,2,198.134381
-2.250356,3,198.215523
-3.359466,4,198.336329
-1.092797,2,198.386439
-3.36893,4,198.477466
-1.069316,2,198.527272
-0.041675,1,198.547314
-2.276824,3,198.627399
-2.217997,3,198.694399
-2.224252,3,198.775272
-3.245372,4,198.859949
-3.330971,4,198.943479
-0.021117,1,198.963214
-2.142935,3,199.03889
-1.117332,2,199.083475
-3.460289,4,199.165441
-3.422285,4,199.252452
-3.378525,4,199.342483
-3.34274,4,199.437523
-2.220672,3,199.512534
-3.282721,4,199.594435
-3.288278,4,199.691483
-1.096074,2,199.745337
-0.03559,1,199.768895
-3.349742,4,199.860808
-3.275351,4,199.961354
-3.501683,4,200.047404
-0.036224,1,200.066438
-3.372049,4,200.147381
-3.406812,4,200.244075
-1.136925,2,200.281546
-3.44109,4,200.370416
-2.235949,3,200.434369
-1.139325,2,200.489694
-2.240813,3,200.548952
-2.201424,3,200.613747
-2.263565,3,200.682401
-1.113793,2,200.809722
-2.251198,3,200.910578
-3.328116,4,200.995085
-1.118004,2,201.041437
-2.263193,3,201.120886
-4.517603,5,201.233312
-1.120351,2,201.270382
-1.133649,2,201.308013
-3.331744,4,201.403978
-3.32389,4,201.491423
-3.298774,4,201.582379
-3.296781,4,201.669605
-2.2356,3,201.744636
-0.051775,1,201.765485
-1.070798,2,201.813501
-2.223524,3,201.874245
-3.3855,4,201.966524
-1.10533,2,202.014634
-3.352621,4,202.103244
-3.349439,4,202.194167
-2.280262,3,202.266415
-1.065221,2,202.30472
-2.192198,3,202.36977
-3.383933,4,202.461663
-3.384037,4,202.563446
-2.196938,3,202.624396
-3.350078,4,202.719833
-2.259408,3,202.783017
-2.18209,3,202.852381
-3.340947,4,202.941442
-2.198148,3,203.010725
-4.533902,5,203.120885
-2.260104,3,203.190447
-0.03951,1,203.209675
-2.266801,3,203.265383
-2.262981,3,203.329729
-1.099028,2,203.379769
-0.044389,1,203.404322
-0.033944,1,203.424361
-1.075541,2,203.468943
-0.039363,1,203.49801
-2.184776,3,203.561799
-3.3005,4,203.64548
-3.355699,4,203.734401
-3.492688,4,203.821312
-2.169288,3,203.893454
-2.232271,3,203.954483
-3.346301,4,204.040743
-2.196544,3,204.11514
-1.119253,2,204.157366
-1.092936,2,204.205978
-1.106287,2,204.250393
-1.132278,2,204.300504
-2.189679,3,204.36901
-3.338149,4,204.456409
-2.183908,3,204.524362
-1.128732,2,204.575623
-0.028858,1,204.596009
-3.317542,4,204.713643
-3.309724,4,204.79977
-1.105392,2,204.857259
-2.238906,3,204.916903
-3.356677,4,204.996994
-2.19055,3,205.066353
-1.092667,2,205.118966
-2.200957,3,205.18448
-3.306714,4,205.267346
-2.173967,3,205.32755
-1.088093,2,205.381415
-1.119334,2,205.424439
-3.282705,4,205.504992
-3.344428,4,205.584353
-3.356109,4,205.67442
-2.249961,3,205.741474
-2.213085,3,205.80353
-0.034398,1,205.825258
-1.113245,2,205.871356
-2.263974,3,205.942749
-3.323811,4,206.028798
-1.119261,2,206.071395
-3.322215,4,206.169693
-1.121763,2,206.21123
-1.130376,2,206.254317
-0.045813,1,206.27887
-2.197315,3,206.352452
-0.021201,1,206.373492
-2.189203,3,206.437323
-3.317826,4,206.527213
-3.332558,4,206.617641
-2.179791,3,206.682508
-1.107143,2,206.721275
-2.161063,3,206.782399
-0.023041,1,206.814676
-2.192047,3,206.872479
-1.08728,2,206.911318
-0.028017,1,206.932362
-3.366878,4,207.027477
-0.023863,1,207.051676
-2.212118,3,207.114264
-2.165557,3,207.17536
-1.137989,2,207.225777
-1.073723,2,207.26351
-2.213092,3,207.321432
-3.457317,4,207.410908
-0.017788,1,207.44739
-3.356004,4,207.532336
-3.355642,4,207.619648
-2.214336,3,207.688192
-2.226004,3,207.758197
-3.295567,4,207.838832
-3.235608,4,207.922797
-7.641657,8,208.091191
-3.279558,4,208.191428
-1.129169,2,208.241184
-1.102095,2,208.284427
-2.224598,3,208.352219
-1.147915,2,208.396812
-0.035747,1,208.426569
-2.172604,3,208.49038
-1.073741,2,208.53779
-2.244736,3,208.606572
-1.150175,2,208.65346
-3.344357,4,208.754375
-1.093183,2,208.79697
-3.305613,4,208.90732
-2.163752,3,208.982863
-1.080765,2,209.033728
-3.412634,4,209.140848
-1.090438,2,209.198944
-1.142338,2,209.23743
-1.106203,2,209.277998
-3.346017,4,209.382415
-3.348066,4,209.612672
-2.219893,3,209.729672
-2.270161,3,209.807298
-2.197934,3,209.914304
-2.189765,3,210.083388
-3.329964,4,210.228821
-3.297011,4,210.340486
-0.042578,1,210.364333
-2.257726,3,210.456451
-1.098632,2,210.5076
-3.451924,4,210.617429
-1.106278,2,210.671719
-1.126102,2,210.731534
-3.327033,4,210.841446
-2.25534,3,210.911552
-1.131812,2,210.961438
-2.210931,3,211.046401
-2.192253,3,211.11886
-2.213889,3,211.200554
-2.272116,3,211.274383
-3.285224,4,211.3914
-0.03147,1,211.421678
-2.130788,3,211.495536
-2.200352,3,211.57639
-2.252672,3,211.660489
-1.132827,2,211.70533
-1.110091,2,211.753527
-3.314862,4,211.844439
-3.359076,4,211.954478
-2.23654,3,212.026492
-3.472682,4,212.117446
-2.191758,3,212.192291
-2.248747,3,212.277625
-1.132655,2,212.327891
-3.337752,4,212.43242
-2.210267,3,212.520627
-3.329205,4,212.632501
-2.213547,3,212.704987
-2.213496,3,212.776394
-3.297494,4,212.880958
-2.207564,3,212.964391
-3.334491,4,213.05279
-3.320705,4,213.149276
-2.242999,3,213.228904
-0.052801,1,213.265481
-2.199421,3,213.338713
-0.050552,1,213.361547
-1.087982,2,213.411482
-2.211866,3,213.507181
-2.221721,3,213.587292
-1.101811,2,213.643473
-3.304924,4,213.745466
-1.082385,2,213.798842
-2.195333,3,213.87249
-2.255873,3,213.947399
-2.285834,3,214.022415
-3.28427,4,214.128982
-0.037629,1,214.152394
-3.430478,4,214.257429
-3.349327,4,214.356268
-2.253561,3,214.4436
-2.263912,3,214.516629
-2.263374,3,214.587414
-3.235711,4,214.684367
-3.385443,4,214.797267
-1.104375,2,214.851298
-2.208757,3,214.919966
-4.374303,5,215.045403
-2.233252,3,215.125268
-2.254497,3,215.198915
-2.149888,3,215.276365
-3.35459,4,215.38358
-0.024096,1,215.414583
-2.194783,3,215.49706
-3.300739,4,215.593716
-2.229471,3,215.669832
-1.079676,2,215.725616
-2.227179,3,215.805855
-3.335439,4,215.919972
-3.323854,4,216.020514
-2.207838,3,216.104873
-1.136872,2,216.146463
-2.213566,3,216.21451
-1.127299,2,216.255352
-2.193801,3,216.327281
-1.107657,2,216.374379
-3.280116,4,216.467607
-2.192266,3,216.5324
-3.287278,4,216.622631
-2.185758,3,216.687484
-3.271577,4,216.777278
-3.403045,4,216.865261
-2.167696,3,216.937668
-1.125147,2,216.986596
-2.194232,3,217.050921
-3.293985,4,217.131729
-2.230841,3,217.206016
-1.107909,2,217.246484
-1.106716,2,217.288876
-2.229007,3,217.355429
-2.255178,3,217.42455
-0.018189,1,217.447345
-2.206654,3,217.506974
-2.238218,3,217.570574
-2.135995,3,217.640491
-2.263773,3,217.702392
-1.111716,2,217.748848
-2.196783,3,217.809493
-2.187183,3,217.886428
-1.144817,2,217.927275
-3.277675,4,218.03444
-3.361848,4,218.135622
-2.209812,3,218.21753
-2.235274,3,218.294459
-2.266124,3,218.359791
-2.187341,3,218.429607
-2.242902,3,218.504887
-2.162647,3,218.56901
-4.471765,5,218.684503
-1.103216,2,218.724633
-2.184929,3,218.788735
-3.333858,4,218.875546
-3.346055,4,218.954495
-2.286068,3,219.013285
-1.086393,2,219.068893
-2.220843,3,219.128736
-2.229939,3,219.203406
-1.085415,2,219.240653
-2.179827,3,219.306757
-1.090783,2,219.352111
-1.157,2,219.388977
-2.198759,3,219.451467
-0.053473,1,219.481559
-3.234498,4,219.57124
-3.280481,4,219.652352
-2.204152,3,219.716986
-3.359979,4,219.809582
-1.121595,2,219.851407
-2.211586,3,219.913222
-3.393985,4,219.99791
-2.184873,3,220.077282
-2.20588,3,220.133124
-3.302126,4,220.216558
-2.230223,3,220.303538
-3.375605,4,220.41699
-2.264196,3,220.489592
-3.268368,4,220.5743
-3.328888,4,220.657494
-2.252224,3,220.733926
-1.135813,2,220.777613
-2.230665,3,220.840972
-2.2033,3,220.905043
-2.246183,3,220.97348
-3.358886,4,221.060256
-3.327636,4,221.149222
-3.393797,4,221.236486
-3.306019,4,221.327651
-4.540035,5,221.428928
-3.387884,4,221.512417
-2.223376,3,221.570597
-2.22623,3,221.638755
-3.351099,4,221.717911
-3.403151,4,221.796794
-1.099627,2,221.841393
-2.232975,3,221.91625
-3.332464,4,221.997409
-2.239856,3,222.066568
-3.273188,4,222.148933
-3.364057,4,222.231115
-2.217381,3,222.300877
-2.260869,3,222.374432
-1.124259,2,222.416607
-2.234124,3,222.494418
-0.033424,1,222.517567
-3.340963,4,222.608005
-2.223622,3,222.661486
-3.314099,4,222.75893
-7.654409,8,222.927215
-3.348129,4,223.007896
-1.135266,2,223.052541
-2.25491,3,223.126633
-0.030443,1,223.147393
-0.029348,1,223.174459
-2.274961,3,223.227293
-2.262279,3,223.295464
-1.097576,2,223.334392
-2.253441,3,223.403591
-3.387709,4,223.493633
-3.341989,4,223.591807
-2.263201,3,223.642936
-2.223482,3,223.70721
-1.066143,2,223.745533
-2.230691,3,223.81659
-1.104783,2,223.859947
-3.353231,4,223.944042
-2.228495,3,224.011987
-3.370548,4,224.104353
-3.427708,4,224.18737
-2.258611,3,224.252655
-2.212321,3,224.320565
-1.061642,2,224.3688
-3.343256,4,224.452491
-1.078386,2,224.495743
-2.159718,3,224.562387
-3.372303,4,224.650313
-4.415104,5,224.753434
-3.32388,4,224.834721
-1.1086,2,224.87065
-2.278668,3,224.940711
-2.215606,3,225.009593
-2.232141,3,225.071485
-3.340576,4,225.160413
-2.186564,3,225.231425
-2.17344,3,225.291249
-0.04949,1,225.31748
-2.275703,3,225.383365
-1.108958,2,225.431471
-2.195752,3,225.494439
-3.298055,4,225.579856
-2.193055,3,225.64549
-3.277655,4,225.734491
-1.097123,2,225.779216
-3.398564,4,225.86135
-3.34918,4,225.941677
-1.108106,2,225.9905
-1.098813,2,226.034317
-2.233506,3,226.095432
-0.032337,1,226.114479
-1.084345,2,226.169543
-1.129618,2,226.215374
-3.329782,4,226.301803
-1.069412,2,226.344502
-3.398415,4,226.443343
-2.18724,3,226.505471
-3.360014,4,226.590451
-3.331068,4,226.677305
-1.144507,2,226.727645
-2.188493,3,226.791616
-0.012762,1,226.814893
-3.394629,4,226.904468
-0.034883,1,226.931427
-4.505169,5,227.034487
-2.213978,3,227.101189
-2.274728,3,227.161304
-2.252069,3,227.23363
-3.28391,4,227.319048
-3.346298,4,227.40635
-1.105473,2,227.445444
-1.08778,2,227.502399
-3.305547,4,227.586503
-0.040909,1,227.60745
-2.262845,3,227.66984
-3.359745,4,227.771449
-3.447131,4,227.855608
-2.247984,3,227.915588
-0.04762,1,227.936677
-3.371798,4,228.024297
-3.377694,4,228.106452
-3.316924,4,228.189608
-3.340028,4,228.265433
-3.354636,4,228.35936
-2.269103,3,228.427415
-2.176769,3,228.49877
-3.366875,4,228.578935
-1.121394,2,228.63639
-3.304417,4,228.723411
-2.15394,3,228.782382
-2.27388,3,228.855273
-3.32225,4,228.950811
-2.21761,3,229.010385
-1.093824,2,229.054502
-1.073796,2,229.096292
-3.272179,4,229.190476
-3.462417,4,229.27437
-1.134423,2,229.315954
-1.094226,2,229.350554
-3.324235,4,229.442406
-1.140397,2,229.489521
-0.029378,1,229.511324
-1.087852,2,229.548887
-1.133921,2,229.606437
-1.099069,2,229.646375
-1.103743,2,229.68745
-2.216703,3,229.747394
-0.025474,1,229.776462
-2.229878,3,229.841826
-3.292355,4,229.930899
-3.339959,4,230.011929
-2.230706,3,230.0815
-2.226453,3,230.151079
-4.500357,5,230.254476
-1.102786,2,230.289809
-3.394721,4,230.378867
-2.215303,3,230.436681
-1.09317,2,230.483264
-2.227838,3,230.549056
-3.334439,4,230.641352
-2.197404,3,230.709512
-2.20405,3,230.771138
-0.038197,1,230.792486
-3.418416,4,230.890438
-0.047623,1,230.912992
-2.240944,3,230.970311
-0.024619,1,230.991357
-2.252946,3,231.061402
-3.323421,4,231.147343
-4.510693,5,231.250629
-2.238155,3,231.307496
-3.319869,4,231.407574
-0.027859,1,231.426885
-3.325271,4,231.516919
-2.185081,3,231.581292
-2.217942,3,231.655359
-3.229991,4,231.740685
-2.247738,3,231.805542
-2.250503,3,231.869579
-3.322847,4,231.955427
-2.287299,3,232.014786
-3.325087,4,232.104955
-1.102476,2,232.14459
-1.147578,2,232.196417
-2.222578,3,232.251822
-2.188314,3,232.323292
-1.096863,2,232.366369
-3.29042,4,232.458755
-0.028112,1,232.482311
-2.266151,3,232.551419
-2.269021,3,232.611366
-3.341508,4,232.709595
-3.326083,4,232.80027
-2.134285,3,232.865655
-2.189454,3,232.932504
-3.410436,4,233.023932
-1.086175,2,233.06772
-3.29909,4,233.153393
-3.321415,4,233.237307
-0.057372,1,233.263368
-3.450376,4,233.354329
-2.213215,3,233.42097
-2.199445,3,233.483297
-2.198073,3,233.557739
-1.134524,2,233.597442
-2.2505,3,233.663291
-3.284986,4,233.751577
-0.05136,1,233.777753
-1.127754,2,233.816802
-1.127182,2,233.861233
-1.138965,2,233.900694
-2.267426,3,233.970677
-3.286203,4,234.057457
-2.258198,3,234.12166
-1.121323,2,234.162536
-0.032157,1,234.189687
-2.252439,3,234.254534
-3.350279,4,234.339039
-3.376927,4,234.427545
-3.328231,4,234.524275
-1.115573,2,234.570355
-2.250085,3,234.631649
-0.052129,1,234.64926
-2.214855,3,234.717892
-3.330707,4,234.800391
-3.435258,4,234.887403
-0.024244,1,234.906443
-2.263863,3,234.977458
-2.244519,3,235.04556
-1.133009,2,235.083466
-1.1242,2,235.124437
-2.316447,3,235.200311
-3.46244,4,235.284466
-3.379869,4,235.372653
-3.287261,4,235.461364
-3.251985,4,235.565536
-2.248963,3,235.63529
-2.191302,3,235.706429
-0.039652,1,235.729167
-2.168665,3,235.80154
-2.223606,3,235.865473
-3.317242,4,235.944731
-2.204095,3,236.005349
-2.228747,3,236.078968
-3.343595,4,236.161037
-2.236144,3,236.223001
-3.380399,4,236.313397
-3.331362,4,236.404153
-2.231944,3,236.467559
-3.346085,4,236.549271
-3.346329,4,236.636521
-2.228471,3,236.71957
-3.347256,4,236.794552
-3.303383,4,236.8823
-2.156091,3,236.947737
-2.185957,3,237.014504
-3.384146,4,237.098915
-2.21818,3,237.171284
-2.206763,3,237.243804
-0.038777,1,237.274498
-3.36193,4,237.360429
-9.706967,10,237.565329
-0.056847,1,237.586368
-4.346353,5,237.700475
-1.075902,2,237.739817
-2.224414,3,237.80347
-2.189423,3,237.85744
-2.228752,3,237.926883
-3.332162,4,238.005495
-1.099871,2,238.050433
-2.17584,3,238.12181
-3.370515,4,238.216924
-2.252281,3,238.2812
-1.136511,2,238.322312
-0.047747,1,238.346351
-0.021225,1,238.381438
-2.231325,3,238.443329
-1.101407,2,238.488929
-3.250156,4,238.575459
-3.346917,4,238.666758
-3.41909,4,238.746278
-2.275725,3,238.817862
-1.132646,2,238.85544
-0.03005,1,238.889036
-3.343552,4,238.970482
-3.402158,4,239.055626
-2.202536,3,239.123312
-1.128027,2,239.173407
-2.248842,3,239.23526
-0.036109,1,239.256301
-2.208625,3,239.32246
-2.208106,3,239.396455
-2.244383,3,239.46231
-0.050445,1,239.486422
-3.248366,4,239.582473
-2.239022,3,239.655572
-2.226087,3,239.716414
-1.103198,2,239.75743
-0.012447,1,239.778988
-2.270119,3,239.853721
-2.212313,3,239.914352
-2.180074,3,239.977462
-2.201554,3,240.043582
-3.333879,4,240.140729
-2.261977,3,240.206574
-3.364063,4,240.288898
-1.127599,2,240.329683
-0.040279,1,240.35453
-2.217745,3,240.425746
-2.259289,3,240.495259
-3.334007,4,240.57642
-3.358728,4,240.66953
-2.185643,3,240.728954
-2.254131,3,240.790443
-0.031417,1,240.815495
-1.11886,2,240.866386
-2.224242,3,240.931229
-0.038488,1,240.957263
-0.014433,1,240.983317
-3.354543,4,241.079566
-1.080875,2,241.122365
-0.017025,1,241.147402
-1.085421,2,241.191987
-2.208039,3,241.258976
-2.233273,3,241.324715
-2.166945,3,241.386307
-1.068642,2,241.427682
-0.041816,1,241.45744
-2.206154,3,241.535743
-2.204765,3,241.595222
-3.336299,4,241.67735
-2.240037,3,241.759516
-1.132114,2,241.796334
-2.262009,3,241.871636
-0.018229,1,241.891503
-3.301508,4,241.989563
-3.453818,4,242.075426
-2.242586,3,242.142407
-2.19357,3,242.208869
-4.421015,5,242.331474
-1.137676,2,242.372286
-3.412213,4,242.445412
-2.172502,3,242.511606
-1.14549,2,242.566443
-2.196651,3,242.628882
-0.036278,1,242.648921
-3.331342,4,242.735766
-2.197643,3,242.811384
-1.126551,2,242.856467
-2.229491,3,242.916574
-1.142171,2,242.958954
-3.352369,4,243.053423
-2.214052,3,243.118944
-3.353913,4,243.207435
-3.273276,4,243.288822
-2.18675,3,243.357458
-2.204044,3,243.416733
-1.132652,2,243.457315
-2.183463,3,243.517429
-3.336433,4,243.607587
-3.267106,4,243.686404
-3.308862,4,243.771472
-3.346416,4,243.860338
-2.236545,3,243.942994
-1.090153,2,243.993357
-2.196633,3,244.067412
-2.27454,3,244.141443
-3.301528,4,244.258939
-2.172931,3,244.337486
-3.291033,4,244.434537
-3.314783,4,244.539644
-1.094355,2,244.609523
-1.118374,2,244.659159
-1.137612,2,244.71145
-1.111047,2,244.757569
-0.037262,1,244.791354
-3.394455,4,244.890493
-2.230215,3,244.964448
-2.294134,3,245.037668
-2.207859,3,245.124946
-2.263924,3,245.194479
-3.25814,4,245.302573
-3.305849,4,245.395547
-3.339187,4,245.511403
-2.232614,3,245.587501
-2.17107,3,245.663225
-2.209717,3,245.732906
-2.206618,3,245.81103
-2.269146,3,245.884379
-1.109906,2,245.931131
-2.183975,3,245.999071
-1.129531,2,246.062577
-2.163399,3,246.14132
-3.41127,4,246.255657
-1.071623,2,246.307505
-2.199875,3,246.39136
-3.355894,4,246.497284
-1.138431,2,246.54156
-0.02392,1,246.566303
-3.344876,4,246.674385
-1.110701,2,246.718978
-2.178815,3,246.799883
-0.040282,1,246.826946
-2.260918,3,246.908962
-2.231013,3,246.982262
-1.117889,2,247.026862
-3.406302,4,247.127727
-3.310173,4,247.229877
-1.147291,2,247.285512
-1.122694,2,247.337879
-3.393153,4,247.430974
-3.405532,4,247.542221
-2.139704,3,247.615371
-3.324698,4,247.703587
-2.173463,3,247.774322
-2.239526,3,247.860766
-1.104165,2,247.91339
-3.364259,4,248.021506
-1.141989,2,248.074352
-2.188964,3,248.151737
-2.190465,3,248.219844
-2.18638,3,248.298891
-1.108147,2,248.356216
-3.281917,4,248.466429
-1.093019,2,248.521494
-2.239045,3,248.590386
-3.325542,4,248.688789
-3.289548,4,248.786678
-3.380435,4,248.881041
-1.121335,2,248.933974
-3.259741,4,249.040749
-2.178624,3,249.129876
-3.290161,4,249.230958
-3.349009,4,249.33167
-2.196568,3,249.407411
-3.396971,4,249.52334
-3.364177,4,249.618977
-1.112539,2,249.668817
-3.29668,4,249.77879
-3.381864,4,249.897367
-2.176466,3,249.987421
-1.139621,2,250.031595
-1.151029,2,250.103487
-2.161426,3,250.211364
-3.359133,4,250.318893
-3.325328,4,250.423389
-1.11566,2,250.463338
-3.31096,4,250.609904
-2.251187,3,250.828818
-2.200261,3,250.904347
-3.355443,4,251.017393
-3.330655,4,251.137005
-2.162089,3,251.20113
-0.041001,1,251.223432
-1.110248,2,251.270393
-3.32284,4,251.360325
-1.146974,2,251.403433
-0.033825,1,251.422472
-3.297386,4,251.503336
-2.254594,3,251.577442
-3.372491,4,251.664495
-1.110391,2,251.710437
-1.106822,2,251.748156
-4.499563,5,251.863465
-3.29978,4,251.957372
-3.329171,4,252.044357
-2.18261,3,252.107481
-0.025386,1,252.135716
-2.254799,3,252.196661
-3.303788,4,252.281349
-1.129126,2,252.322443
-2.223361,3,252.395412
-2.252697,3,252.46634
-3.404373,4,252.541529
-1.088392,2,252.593324
-2.172309,3,252.675267
-0.009867,1,252.698815
-3.363158,4,252.783496
-3.284916,4,252.867355
-1.143488,2,252.921472
-1.118486,2,252.96136
-3.266814,4,253.046276
-3.29526,4,253.132457
-3.326232,4,253.232582
-0.016104,1,253.253359
-2.188953,3,253.318975
-3.382155,4,253.403488
-3.332128,4,253.504624
-3.360766,4,253.596467
-2.250225,3,253.658965
-0.057676,1,253.681487
-0.042661,1,253.710306
-2.223711,3,253.770378
-2.255762,3,253.833505
-1.142316,2,253.872337
-0.038707,1,253.901404
-3.278705,4,253.987384
-1.134672,2,254.029975
-3.360801,4,254.116428
-0.038545,1,254.144621
-2.22946,3,254.217481
-3.395594,4,254.316374
-1.137509,2,254.353729
-0.010892,1,254.378951
-1.113614,2,254.433243
-0.048204,1,254.452527
-1.095246,2,254.499643
-3.306845,4,254.595381
-0.049086,1,254.617416
-2.245748,3,254.691501
-2.299842,3,254.757394
-2.21488,3,254.825715
-2.223538,3,254.887338
-2.207182,3,254.951766
-2.17181,3,255.017373
-2.253752,3,255.087488
-1.123827,2,255.130888
-3.336797,4,255.222501
-3.415081,4,255.304468
-2.233212,3,255.372388
-1.131053,2,255.419985
-3.288072,4,255.513298
-1.11398,2,255.562417
-2.199501,3,255.637567
-1.10551,2,255.679464
-2.179897,3,255.748952
-0.050108,1,255.76951
-3.324152,4,255.865396
-2.172618,3,255.924805
-1.116019,2,255.967418
-1.119589,2,256.0075
-2.218336,3,256.086375
-0.012305,1,256.106417
-1.072441,2,256.146496
-5.55879,6,256.27048
-0.037842,1,256.299802
-2.218583,3,256.363472
-3.301096,4,256.455671
-1.099611,2,256.503421
-3.329971,4,256.592361
-0.053763,1,256.619911
-3.279745,4,256.700626
-2.220932,3,256.766668
-3.367655,4,256.873529
-2.175897,3,256.936888
-1.102639,2,256.976449
-3.320436,4,257.059895
-2.205957,3,257.132393
-3.288883,4,257.21983
-2.270563,3,257.284461
-1.09299,2,257.326304
-2.314476,3,257.392948
-1.079155,2,257.44045
-2.287442,3,257.512591
-2.218829,3,257.57154
-3.344524,4,257.663835
-3.336543,4,257.746663
-2.17343,3,257.813487
-1.118471,2,257.85534
-1.127203,2,257.905441
-0.047903,1,257.931639
-3.299645,4,258.008889
-3.252239,4,258.094395
-2.201648,3,258.164649
-3.320992,4,258.250282
-0.030291,1,258.272938
-3.364193,4,258.356388
-1.132927,2,258.403499
-1.065572,2,258.446383
-2.237486,3,258.51882
-3.320384,4,258.605575
-2.250635,3,258.676462
-2.255856,3,258.741
-3.284313,4,258.824225
-1.086942,2,258.867303
-0.022526,1,258.896362
-1.115142,2,258.941484
-2.152541,3,259.00235
-3.414276,4,259.085232
-1.056194,2,259.138754
-2.209657,3,259.202388
-3.456393,4,259.287364
-2.219735,3,259.351158
-1.138071,2,259.39914
-2.185892,3,259.464469
-1.093458,2,259.507589
-2.194226,3,259.568931
-2.251998,3,259.642324
-2.181634,3,259.705488
-3.403441,4,259.790603
-1.11228,2,259.83652
-2.197802,3,259.909927
-1.154291,2,259.955235
-2.277451,3,260.02156
-2.217819,3,260.087419
-2.267606,3,260.157583
-5.450372,6,260.285005
-2.228628,3,260.353376
-2.168508,3,260.412495
-2.2211,3,260.487306
-3.43031,4,260.576251
-3.303983,4,260.66174
-2.251916,3,260.720395
-5.497647,6,260.863323
-1.129602,2,260.90641
-3.311534,4,260.987427
-2.254032,3,261.055275
-4.578111,5,261.170821
-3.36185,4,261.25759
-2.279645,3,261.326333
-2.207063,3,261.387431
-2.182282,3,261.457667
-0.015872,1,261.483413
-0.039213,1,261.507454
-2.252133,3,261.584431
-1.093391,2,261.636095
-2.232524,3,261.699957
-3.301189,4,261.791219
-2.190865,3,261.856424
-1.12177,2,261.909735
-3.368669,4,261.994268
-2.229042,3,262.064332
-0.032216,1,262.089885
-2.227487,3,262.159515
-2.259383,3,262.225424
-3.315704,4,262.313438
-3.297517,4,262.395412
-2.290059,3,262.473506
-2.171561,3,262.54361
-3.294129,4,262.628976
-2.182023,3,262.690336
-3.382567,4,262.782497
-3.317563,4,262.864265
-2.190729,3,262.929894
-3.255655,4,263.012494
-1.113189,2,263.063838
-2.164094,3,263.124342
-3.325628,4,263.210459
-1.087847,2,263.249911
-1.127734,2,263.299701
-2.168154,3,263.359866
-3.381319,4,263.444762
-0.020286,1,263.467505
-2.178599,3,263.54561
-3.30634,4,263.638877
-1.143665,2,263.678965
-3.275705,4,263.767437
-2.170615,3,263.835419
-1.12193,2,263.873499
-2.22778,3,263.932387
-1.090159,2,263.976465
-2.21114,3,264.048962
-2.184519,3,264.109975
-3.307495,4,264.201416
-0.046678,1,264.225456
-2.180065,3,264.310368
-3.308007,4,264.3916
-1.100814,2,264.434644
-2.236075,3,264.500446
-3.350053,4,264.598817
-3.312158,4,264.687739
-1.084303,2,264.724306
-2.178792,3,264.790412
-3.317286,4,264.875334
-2.237005,3,264.937954
-1.063576,2,264.977633
-1.080285,2,265.021461
-2.210644,3,265.09151
-1.121126,2,265.134817
-2.22765,3,265.196686
-2.211775,3,265.262412
-2.289371,3,265.339523
-3.443397,4,265.429904
-1.10755,2,265.474472
-3.307762,4,265.568871
-3.319854,4,265.666401
-3.360268,4,265.753458
-1.0836,2,265.801383
-3.290677,4,265.886492
-2.210515,3,265.953508
-0.035566,1,265.971292
-3.317904,4,266.061713
-0.028229,1,266.081403
-1.126061,2,266.135103
-3.341242,4,266.229516
-2.276433,3,266.293501
-2.254483,3,266.351464
-2.149277,3,266.421004
-2.231136,3,266.494466
-2.230442,3,266.56153
-3.402886,4,266.649545
-2.171821,3,266.720454
-2.20543,3,266.784475
-3.302175,4,266.871308
-3.291315,4,266.953701
-2.214383,3,267.026462
-2.242038,3,267.08648
-2.186857,3,267.148833
-3.384014,4,267.230484
-2.237489,3,267.297498
-0.041359,1,267.322749
-3.365964,4,267.399518
-2.230543,3,267.46444
-3.29413,4,267.555352
-1.139082,2,267.596436
-3.35137,4,267.683289
-2.241303,3,267.753551
-2.249497,3,267.822461
-0.024498,1,267.848184
-2.248831,3,267.911474
-1.074344,2,267.950897
-1.105705,2,268.000389
-2.190486,3,268.059673
-2.252979,3,268.124317
-3.282812,4,268.20736
-1.091912,2,268.254658
-0.026319,1,268.273484
-2.193746,3,268.337801
-2.283578,3,268.40046
-2.182544,3,268.471324
-3.385839,4,268.577276
-2.176866,3,268.65395
-2.215394,3,268.732541
-1.092916,2,268.787498
-2.214614,3,268.865889
-1.122102,2,268.916448
-2.304282,3,268.993367
-2.226816,3,269.069933
-3.40367,4,269.180733
-0.047855,1,269.202471
-1.139531,2,269.247878
-2.280408,3,269.336037
-2.280782,3,269.414421
-3.432485,4,269.512314
-3.40102,4,269.606572
-2.230743,3,269.687444
-0.02883,1,269.716545
-3.302708,4,269.818923
-3.35643,4,269.920336
-0.039679,1,269.957658
-3.334535,4,270.057273
-2.246671,3,270.129971
-2.264048,3,270.205547
-3.348034,4,270.308722
-2.246793,3,270.379802
-1.086689,2,270.431414
-1.103659,2,270.488734
-2.196114,3,270.57075
-1.10949,2,270.629981
-2.214259,3,270.709892
-2.228052,3,270.783382
-3.341105,4,270.891285
-2.240745,3,270.96745
-2.186021,3,271.047508
-2.238974,3,271.132678
-3.326454,4,271.230218
-1.125497,2,271.2745
-1.120124,2,271.32746
-2.175982,3,271.404757
-3.248811,4,271.518749
-0.027701,1,271.542461
-2.218834,3,271.623384
-3.327528,4,271.718038
-3.331465,4,271.834546
-2.148736,3,271.90895
-0.028399,1,271.933525
-1.137446,2,271.981109
-2.181272,3,272.068848
-2.232099,3,272.144538
-2.256768,3,272.212823
-2.146688,3,272.296447
-3.408215,4,272.420457
-2.23605,3,272.496685
-1.126776,2,272.548849
-1.111434,2,272.597441
-0.049428,1,272.634533
-3.464726,4,272.743942
-2.271544,3,272.870656
-2.228405,3,273.047526
-3.288811,4,273.164373
-3.298714,4,273.277588
-1.130575,2,273.339441
-2.245157,3,273.416605
-1.080018,2,273.48173
-0.040855,1,273.507564
-1.074908,2,273.557656
-2.222975,3,273.634272
-3.361735,4,273.739569
-1.075755,2,273.797456
-0.02031,1,273.820574
-3.285865,4,273.922462
-3.338292,4,274.032471
-0.030859,1,274.057279
-3.350035,4,274.166689
-0.017934,1,274.193427
-2.287205,3,274.27737
-1.122114,2,274.326484
-2.202754,3,274.401393
-1.106009,2,274.452227
-3.360255,4,274.567501
-4.474725,5,274.687389
-1.084631,2,274.734486
-2.149656,3,274.807472
-2.211467,3,274.895433
-2.254932,3,274.967672
-1.160763,2,275.020442
-1.132696,2,275.071712
-3.357876,4,275.182386
-0.031571,1,275.206426
-2.257179,3,275.275371
-3.254993,4,275.388883
-2.263107,3,275.551677
-2.251771,3,275.723449
-1.138866,2,275.799693
-2.262313,3,276.166388
-1.116205,2,276.228998
-1.148902,2,276.276986
-0.036662,1,276.305973
-2.220058,3,276.373412
-3.35574,4,276.468925
-1.106853,2,276.52329
-2.197961,3,276.598944
-1.106947,2,276.648868
-2.159154,3,276.735265
-3.367458,4,276.841263
-3.259699,4,276.944542
-2.178644,3,277.030456
-2.230208,3,277.200468
-2.177695,3,277.324556
-3.344663,4,277.447264
-3.388335,4,277.557519
-1.132896,2,277.6924
-2.154533,3,277.844425
-1.132089,2,277.926367
-2.240297,3,278.038038
-3.30893,4,278.271245
-1.115161,2,278.334373
-2.201519,3,278.407368
-2.24611,3,278.497373
-3.31013,4,278.625201
-2.227245,3,278.699563
-3.259779,4,278.79149
-0.049386,1,278.817317
-1.104852,2,278.874438
-2.181797,3,278.942423
-2.216681,3,279.020602
-2.23348,3,279.136327
-3.377546,4,279.298981
-3.313535,4,279.439527
-0.049394,1,279.49038
-1.105918,2,279.556516
-2.230246,3,279.706339
-2.272147,3,279.869979
-0.04266,1,279.896332
-3.232326,4,280.008805
-3.301345,4,280.201113
-3.374045,4,280.385535
-3.465428,4,280.534418
-2.239555,3,280.619724
-3.33396,4,280.748907
-0.025987,1,280.772468
-3.297092,4,280.867418
-3.344207,4,280.978838
-3.344457,4,281.088953
-1.086123,2,281.147308
-0.049081,1,281.17037
-2.165193,3,281.253438
-1.115544,2,281.313513
-1.136995,2,281.364395
-1.141638,2,281.406834
-2.16519,3,281.490484
-2.281854,3,281.573378
-1.077481,2,281.617479
-0.022358,1,281.643695
-3.402355,4,281.851298
-2.214199,3,281.971519
-2.221294,3,282.070578
-2.236753,3,282.15546
-1.107037,2,282.245388
-2.220743,3,282.377418
-2.237788,3,282.479726
-1.07126,2,282.539881
-1.098797,2,282.594498
-3.347032,4,282.717451
-2.260343,3,282.823326
-2.262823,3,282.90346
-1.086007,2,282.959852
-2.227732,3,283.055471
-3.307206,4,283.162053
-0.022986,1,283.189001
-3.324615,4,283.288952
-1.111532,2,283.353439
-2.183313,3,283.427376
-1.121435,2,283.478729
-2.188843,3,283.547273
-1.128708,2,283.607415
-1.156651,2,283.649519
-3.343643,4,283.742845
-2.271946,3,283.81735
-1.077646,2,283.872478
-1.097712,2,283.9263
-1.080709,2,283.973476
-2.167597,3,284.049584
-2.181889,3,284.141052
-3.352268,4,284.232246
-2.248624,3,284.292361
-1.077015,2,284.333454
-3.285061,4,284.440326
-2.212322,3,284.513563
-4.417958,5,284.628951
-3.358255,4,284.724951
-1.14234,2,284.786463
-3.402646,4,284.865278
-3.242856,4,284.960328
-0.024613,1,284.983605
-2.163856,3,285.068905
-0.041549,1,285.096116
-1.134479,2,285.146989
-2.274103,3,285.223444
-2.197004,3,285.304964
-2.212473,3,285.373306
-2.258389,3,285.443474
-3.457448,4,285.537399
-2.197335,3,285.607469
-0.051516,1,285.63571
-3.284624,4,285.715468
-1.097405,2,285.759294
-3.428608,4,285.849881
-2.262782,3,285.914443
-2.260287,3,285.97631
-2.171173,3,286.039996
-2.260516,3,286.116393
-2.190444,3,286.17976
-1.083222,2,286.223339
-2.206928,3,286.286406
-1.147315,2,286.33553
-1.121525,2,286.376709
-3.298583,4,286.462748
-2.280618,3,286.527545
-2.219804,3,286.595371
-1.091725,2,286.640487
-1.105716,2,286.681274
-2.227253,3,286.744916
-1.129575,2,286.790378
-2.243601,3,286.857515
-1.136496,2,286.901355
-2.175407,3,286.969511
-1.087791,2,287.023455
-2.190266,3,287.085298
-2.165936,3,287.143418
-2.257778,3,287.208925
-2.24215,3,287.281283
-3.364774,4,287.363981
-3.33958,4,287.449884
-0.04053,1,287.471431
-3.3513,4,287.579046
-1.138254,2,287.631941
-3.279696,4,287.731284
-2.211486,3,287.796506
-2.206333,3,287.868025
-2.231882,3,287.916356
-3.349133,4,287.98897
-2.149144,3,288.036403
-2.199633,3,288.119169
-2.216099,3,288.185277
-2.205331,3,288.254527
-2.300531,3,288.318845
-2.252354,3,288.396462
-1.116324,2,288.440443
-3.397411,4,288.529009
-2.197225,3,288.580955
-1.126148,2,288.628864
-0.034094,1,288.647909
-2.268025,3,288.717659
-0.051405,1,288.740496
-0.038262,1,288.771284
-2.213746,3,288.840449
-3.320945,4,288.924316
-1.100698,2,288.961396
-2.267162,3,289.031286
-2.189279,3,289.091159
-1.092868,2,289.127527
-2.175774,3,289.184477
-3.450388,4,289.275625
-3.362372,4,289.366596
-3.38319,4,289.452965
-1.135864,2,289.496576
-0.049792,1,289.526264
-3.267415,4,289.613269
-2.245762,3,289.666667
-3.244948,4,289.746766
-2.222827,3,289.821288
-2.202706,3,289.884404
-3.349007,4,289.963734
-1.118013,2,289.999861
-0.030873,1,290.02791
-1.114923,2,290.067313
-1.117987,2,290.108892
-1.126576,2,290.150985
-2.204039,3,290.21334
-3.300707,4,290.294005
-3.292923,4,290.377462
-2.238909,3,290.438872
-2.213613,3,290.514492
-2.175757,3,290.583742
-0.024846,1,290.60449
-2.256814,3,290.670564
-1.145193,2,290.720304
-2.260992,3,290.790388
-2.234524,3,290.854518
-1.138174,2,290.898932
-2.210048,3,290.980356
-2.237267,3,291.051526
-2.187012,3,291.125256
-2.26023,3,291.25751
-2.134631,3,291.365238
-3.301648,4,291.466965
-2.224787,3,291.543315
-0.034254,1,291.567592
-0.03414,1,291.597406
-3.258563,4,291.70437
-2.286998,3,291.78746
-3.325669,4,291.914439
-3.41096,4,292.060945
-1.109264,2,292.157785
-1.125543,2,292.206554
-2.213949,3,292.312397
-1.133713,2,292.393356
-2.263332,3,292.516467
-1.073998,2,292.578817
-3.331352,4,292.68736
-1.075516,2,292.752615
-2.189506,3,292.825405
-2.244553,3,292.906318
-2.232669,3,292.974471
-2.186259,3,293.053371
-0.01937,1,293.076412
-2.24163,3,293.14332
-0.016883,1,293.164373
-2.202178,3,293.237271
-2.287238,3,293.300337
-3.304956,4,293.383185
-3.306542,4,293.460626
-2.213383,3,293.532495
-3.276878,4,293.649519
-4.504773,5,293.837452
-2.24427,3,293.93339
-1.079826,2,293.993525
-2.203615,3,294.056408
-3.445171,4,294.135333
-2.233837,3,294.193467
-2.293349,3,294.278854
-2.251449,3,294.346324
-3.411284,4,294.428987
-1.073983,2,294.47742
-3.301845,4,294.567671
-2.245277,3,294.631393
-3.331549,4,294.721375
-1.108041,2,294.769724
-3.324003,4,294.865547
-2.15474,3,294.937441
-3.323449,4,295.024441
-2.225221,3,295.089829
-3.354966,4,295.172449
-3.26983,4,295.249562
-2.150624,3,295.29431
-3.344292,4,295.363626
-0.02065,1,295.386685
-3.326157,4,295.454556
-2.236976,3,295.50544
-2.159516,3,295.551635
-1.078401,2,295.586486
-2.197157,3,295.632345
-0.034794,1,295.64636
-2.241454,3,295.693648
-2.212417,3,295.765348
-3.330733,4,295.824462
-2.2433,3,295.862206
-0.023785,1,295.878727
-3.368395,4,295.946547
-3.290035,4,296.006454
-2.181041,3,296.053316
-1.085925,2,296.083374
-0.04628,1,296.102408
-3.276634,4,296.157481
-1.107124,2,296.187152
-3.367139,4,296.246451
-2.224946,3,296.297204
-1.062018,2,296.325264
-2.208046,3,296.362317
-0.035832,1,296.375331
-2.231755,3,296.429923
-1.130313,2,296.459768
-1.14336,2,296.490347
-3.344134,4,296.544435
-1.097187,2,296.577485
-3.330262,4,296.63994
-2.243147,3,296.681533
-3.334502,4,296.737273
-3.321547,4,296.811421
-3.293464,4,296.874271
-1.092241,2,296.900321
-1.061551,2,296.927352
-2.213449,3,296.983447
-0.038392,1,296.995462
-3.434729,4,297.054284
-3.286887,4,297.111367
-0.024583,1,297.132405
-1.115103,2,297.164452
-2.256998,3,297.207254
-2.296767,3,297.248325
-2.263935,3,297.29891
-1.090357,2,297.322462
-2.149509,3,297.365638
-3.286783,4,297.423375
-0.028666,1,297.441413
-3.414545,4,297.512716
-2.199334,3,297.556446
-3.351877,4,297.615256
-2.20727,3,297.661332
-3.364208,4,297.715403
-3.282942,4,297.765466
-2.237761,3,297.806377
-3.380931,4,297.869989
-2.275109,3,297.912334
-0.04168,1,297.927343
-2.185844,3,297.963561
-2.206038,3,298.016415
-3.442676,4,298.074122
-3.38212,4,298.126421
-3.294686,4,298.181186
-0.046568,1,298.201368
-1.118359,2,298.231426
-3.323433,4,298.288843
-1.112116,2,298.313391
-2.229456,3,298.365472
-2.204562,3,298.407225
-0.032616,1,298.418742
-1.121199,2,298.443286
-2.232133,3,298.495364
-3.297551,4,298.548945
-2.283842,3,298.589538
-2.260613,3,298.63538
-1.106913,2,298.669935
-0.025372,1,298.683461
-3.335323,4,298.740714
-3.325611,4,298.800468
-1.085797,2,298.834277
-3.40175,4,298.889868
-2.177196,3,298.940474
-2.168984,3,298.983362
-2.230599,3,299.029936
-1.116472,2,299.061499
-1.113119,2,299.088892
-3.402144,4,299.144491
-2.249268,3,299.192307
-1.140719,2,299.220351
-2.19568,3,299.256399
-1.086245,2,299.285475
-2.14238,3,299.330348
-3.436371,4,299.387434
-2.172625,3,299.433625
-1.086346,2,299.462288
-3.389998,4,299.528893
-3.281773,4,299.587484
-3.367177,4,299.642396
-3.313926,4,299.697688
-3.288361,4,299.757219
-2.197195,3,299.79528
-2.265099,3,299.833335
-2.267138,3,299.875392
-1.122574,2,299.912461
-3.346823,4,299.965292
-2.181518,3,300.005345
-1.118041,2,300.036388
-1.092374,2,300.072464
-2.249386,3,300.113648
-3.300761,4,300.164271
-2.256489,3,300.201332
-2.240171,3,300.247397
-0.04729,1,300.262564
-0.035964,1,300.276184
-0.020707,1,300.290211
-2.197453,3,300.341312
-2.221179,3,300.383379
-3.334814,4,300.434465
-3.310107,4,300.497314
-3.426657,4,300.561425
-3.302637,4,300.617404
-1.11915,2,300.645461
-2.175349,3,300.691704
-3.354903,4,300.751459
-2.175421,3,300.795632
-0.044985,1,300.811298
-1.122664,2,300.837322
-1.073353,2,300.870384
-2.19654,3,300.912456
-2.221658,3,300.953144
-1.067247,2,300.982304
-1.152962,2,301.015346
-1.094748,2,301.046397
-3.279074,4,301.102487
-2.228764,3,301.1454
-3.323434,4,301.220261
-2.238668,3,301.26032
-3.408003,4,301.307384
-1.13896,2,301.335433
-2.250495,3,301.38119
-0.044755,1,301.395704
-3.364817,4,301.456436
-3.254334,4,301.517657
-0.031568,1,301.539864
-2.198919,3,301.592468
-3.374699,4,301.647381
-1.092652,2,301.677425
-2.175046,3,301.724157
-0.04562,1,301.740684
-2.222209,3,301.786577
-1.125526,2,301.816269
-3.339474,4,301.883395
-2.180849,3,301.930479
-2.291396,3,301.974698
-1.075701,2,302.006466
-3.382206,4,302.070419
-3.290687,4,302.129561
-1.096503,2,302.156188
-2.24857,3,302.20046
-0.038699,1,302.2255
-3.404105,4,302.281283
-3.274405,4,302.337356
-0.043934,1,302.353388
-1.120162,2,302.385434
-2.165725,3,302.421491
-3.329396,4,302.485303
-1.061829,2,302.514351
-1.106799,2,302.551413
-0.054393,1,302.566428
-3.352724,4,302.62516
-2.232712,3,302.671326
-0.033854,1,302.691357
-2.23252,3,302.734426
-3.326367,4,302.797148
-3.372041,4,302.855478
-2.250354,3,302.907356
-3.397188,4,302.971489
-2.152942,3,303.026345
-4.604574,5,303.125262
-3.354529,4,303.198901
-2.302117,3,303.258228
-2.224631,3,303.31545
-2.14249,3,303.366568
-2.203635,3,303.431345
-1.116747,2,303.466703
-3.394648,4,303.543195
-2.224692,3,303.595428
-1.075494,2,303.638997
-0.021392,1,303.657289
-2.220143,3,303.70356
-1.092067,2,303.737474
-3.33312,4,303.812484
-1.101754,2,303.840246
-1.09349,2,303.878886
-1.100596,2,303.914451
-3.301944,4,303.98126
-2.204428,3,304.021315
-1.125865,2,304.055655
-1.126206,2,304.088896
-2.262036,3,304.142567
-3.328153,4,304.202462
-3.314597,4,304.257122
-3.378047,4,304.3173
-0.011492,1,304.338836
-2.248849,3,304.385442
-1.105871,2,304.417495
-2.216119,3,304.465371
-1.147653,2,304.509952
-2.181006,3,304.549179
-2.20006,3,304.591366
-1.062575,2,304.619907
-2.186524,3,304.669492
-2.192785,3,304.711275
-2.246422,3,304.758862
-2.157962,3,304.795437
-0.035168,1,304.814466
-2.236667,3,304.858182
-3.285354,4,304.913375
-2.17075,3,304.956952
-2.168234,3,305.008824
-2.184498,3,305.051399
-2.203161,3,305.098863
-1.118858,2,305.130421
-3.279813,4,305.1963
-2.20995,3,305.240392
-1.113641,2,305.272568
-0.011618,1,305.288769
-0.040975,1,305.31062
-2.214395,3,305.356855
-2.303181,3,305.400452
-1.122805,2,305.428992
-1.099377,2,305.467417
-2.240228,3,305.5165
-2.148819,3,305.55488
-2.231966,3,305.60022
-2.20211,3,305.643292
-2.221623,3,305.684593
-2.170482,3,305.735322
-1.098157,2,305.764874
-3.315897,4,305.846295
-3.285481,4,305.913567
-1.129123,2,305.955928
-2.285413,3,306.006603
-2.186204,3,306.076613
-3.335731,4,306.148731
-2.203229,3,306.201323
-3.331825,4,306.272607
-3.448104,4,306.338936
-2.213548,3,306.385559
-3.422488,4,306.456941
-1.119759,2,306.501027
-0.042498,1,306.526433
-2.255733,3,306.575622
-3.492128,4,306.636432
-3.291913,4,306.701297
-1.139134,2,306.734341
-2.167879,3,306.775489
-1.100785,2,306.797587
-0.050342,1,306.811406
-1.13935,2,306.844593
-2.258912,3,306.887224
-2.211976,3,306.929469
-1.10093,2,306.955469
-2.221716,3,306.995771
-0.025497,1,307.00977
-3.309259,4,307.056189
-3.284169,4,307.101433
-3.37374,4,307.16272
-3.282208,4,307.208102
-1.104738,2,307.235226
-3.34366,4,307.278627
-0.039379,1,307.292898
-1.089228,2,307.316094
-0.024594,1,307.325342
-1.080158,2,307.344687
-1.117178,2,307.369687
-0.009631,1,307.381687
-3.362752,4,307.430792
-0.022335,1,307.44812
-2.260383,3,307.495123
-3.409317,4,307.53038
-3.446916,4,307.578886
-2.244197,3,307.616558
-3.37891,4,307.683557
-3.333036,4,307.73372
-2.247717,3,307.76172
-2.164834,3,307.794859
-1.158139,2,307.820098
-0.046078,1,307.829099
-2.279588,3,307.856848
-3.432899,4,307.900195
-2.181209,3,307.934194
-0.042347,1,307.943194
-1.082738,2,307.961283
-1.11971,2,307.978283
-1.133615,2,308.005718
-3.368894,4,308.042721
-2.172581,3,308.071795
-3.344663,4,308.107795
-1.109219,2,308.130796
-2.25752,3,308.158795
-2.203762,3,308.185117
-3.309829,4,308.226237
-3.358924,4,308.273238
-1.114123,2,308.29245
-2.268089,3,308.319583
-3.367125,4,308.360903
-1.10474,2,308.382902
-1.079608,2,308.400903
-1.057146,2,308.418902
-3.318869,4,308.456902
-2.263543,3,308.498903
-2.274036,3,308.528905
-3.324692,4,308.567136
-2.129842,3,308.5932
-2.224572,3,308.629285
-2.236282,3,308.657283
-2.18036,3,308.684285
-1.123384,2,308.706791
-1.120978,2,308.729791
-2.176071,3,308.758791
-2.286606,3,308.796791
-3.361411,4,308.832791
-2.223618,3,308.872081
-2.176112,3,308.901191
-2.169464,3,308.939692
-0.034155,1,308.949796
-3.309544,4,308.993875
-3.379898,4,309.032959
-2.232358,3,309.058024
-2.250753,3,309.084132
-1.112249,2,309.108205
-1.100174,2,309.126204
-3.294979,4,309.167206
-3.349261,4,309.218496
-2.242148,3,309.254666
-2.13007,3,309.286664
-2.223975,3,309.320664
-2.247835,3,309.350762
-3.26983,4,309.394878
-0.039073,1,309.411879
-2.278887,3,309.456072
-2.214717,3,309.497073
-1.107374,2,309.527073
-2.166887,3,309.563074
-1.094835,2,309.594073
-1.102403,2,309.622074
-3.344726,4,309.676071
-0.026134,1,309.686208
-3.309709,4,309.728384
-2.205392,3,309.769383
-2.207532,3,309.805477
-1.066655,2,309.833987
-2.142715,3,309.879084
-1.101137,2,309.907082
-2.246072,3,309.950081
-3.322122,4,310.001082
-2.190769,3,310.035081
-3.315574,4,310.082081
-2.200343,3,310.13117
-2.206455,3,310.161293
-1.072836,2,310.187693
-2.180632,3,310.233695
-3.260644,4,310.283693
-0.008987,1,310.296692
-3.353247,4,310.350693
-3.333748,4,310.395693
-3.36471,4,310.487694
-2.255205,3,310.551695
-1.105029,2,310.591694
-0.049822,1,310.608695
-2.197304,3,310.669695
-2.189135,3,310.717693
-2.193521,3,310.762692
-0.02976,1,310.775694
-2.179019,3,310.823696
-3.277484,4,310.878693
-2.160564,3,310.922693
-1.097132,2,310.948699
-2.260494,3,310.990205
-2.214754,3,311.027206
-1.124337,2,311.059205
-1.111903,2,311.086205
-1.078941,2,311.116205
-2.291546,3,311.150205
-1.092173,2,311.177206
-2.214553,3,311.212205
-2.2377,3,311.255205
-2.257827,3,311.295208
-2.163088,3,311.329207
-1.134724,2,311.353205
-2.174982,3,311.402206
-2.229313,3,311.437207
-1.070837,2,311.463205
-2.273826,3,311.500329
-2.255784,3,311.5364
-3.328687,4,311.577399
-2.26479,3,311.613574
-1.080441,2,311.636577
-2.285274,3,311.673577
-3.437491,4,311.722994
-1.106182,2,311.750993
-3.318249,4,311.802119
-2.245773,3,311.851118
-2.241696,3,311.894121
-2.250622,3,311.939119
-2.221547,3,311.990119
-3.356176,4,312.044118
-2.260214,3,312.081122
-3.366176,4,312.134629
-2.208842,3,312.176629
-2.195964,3,312.22463
-2.168734,3,312.25763
-2.226396,3,312.298632
-2.1574,3,312.344629
-3.392183,4,312.406629
-2.206866,3,312.44863
-2.294783,3,312.496629
-2.280007,3,312.534629
-0.01988,1,312.552629
-2.303851,3,312.592632
-3.329965,4,312.640629
-3.379245,4,312.683629
-1.104929,2,312.71263
-1.096294,2,312.73963
-0.021343,1,312.751632
-2.210174,3,312.78863
-1.071009,2,312.81963
-3.363917,4,312.866629
-1.083179,2,312.888629
-2.25901,3,312.927629
-0.006958,1,312.94363
-1.107745,2,312.972629
-1.145204,2,312.997629
-1.11077,2,313.02563
-2.164452,3,313.070629
-3.301567,4,313.123631
-3.43252,4,313.16763
-3.372826,4,313.219631
-3.401558,4,313.285631
-2.249811,3,313.32163
-2.192512,3,313.360632
-1.105367,2,313.385632
-3.423742,4,313.439629
-1.110606,2,313.46863
-1.100217,2,313.503629
-1.117925,2,313.527629
-3.338866,4,313.57963
-1.117099,2,313.599631
-3.340801,4,313.640629
-2.243288,3,313.67063
-0.03617,1,313.690629
-0.036977,1,313.701631
-3.317106,4,313.745631
-3.442234,4,313.78763
-2.185997,3,313.829631
-1.128046,2,313.85663
-2.251917,3,313.891631
-2.229541,3,313.92763
-0.051126,1,313.941629
-2.172205,3,313.977629
-3.357408,4,314.025629
-3.334043,4,314.065629
-2.24209,3,314.101629
-2.243075,3,314.141629
-2.26053,3,314.185632
-2.262594,3,314.219631
-2.273024,3,314.25563
-2.212205,3,314.290629
-1.10087,2,314.311633
-1.093967,2,314.329632
-2.207137,3,314.364637
-3.308308,4,314.41014
-3.326989,4,314.46014
-1.093476,2,314.490142
-1.084422,2,314.523582
-3.37806,4,314.569582
-3.336198,4,314.609581
-3.311388,4,314.649582
-0.04807,1,314.664582
-2.226113,3,314.699582
-1.094277,2,314.719581
-0.04156,1,314.729582
-1.114673,2,314.756582
-2.252059,3,314.788581
-2.181626,3,314.821582
-3.364395,4,314.862581
-3.333225,4,314.912581
-1.139638,2,314.934581
-3.39371,4,314.984581
-1.107058,2,315.013583
-3.397262,4,315.133582
-1.131342,2,315.168582
-1.094171,2,315.203583
-2.190235,3,315.257581
-1.110339,2,315.289581
-2.172345,3,315.329583
-1.080612,2,315.357583
-2.236202,3,315.401583
-2.262986,3,315.447584
-1.14771,2,315.470584
-3.313529,4,315.517089
-2.20943,3,315.545088
-2.170158,3,315.577089
-1.088708,2,315.594089
-1.128166,2,315.612088
-2.204596,3,315.638089
-2.215313,3,315.676088
-2.236617,3,315.704088
-3.304205,4,315.747088
-2.236995,3,315.779089
-2.215736,3,315.815089
-1.057635,2,315.834089
-2.245525,3,315.865089
-3.321874,4,315.91209
-3.330421,4,315.958088
-0.048253,1,315.969089
-3.354714,4,316.016091
-3.318603,4,316.052088
-2.182431,3,316.086089
-0.039445,1,316.095088
-2.280308,3,316.126088
-3.370064,4,316.159088
-3.330651,4,316.202088
-3.330094,4,316.240089
-0.043869,1,316.249089
-2.265001,3,316.29138
-2.230577,3,316.327379
-3.297573,4,316.368381
-0.039722,1,316.38338
-1.082576,2,316.406379
-0.031283,1,316.421379
-0.034135,1,316.432379
-3.319257,4,316.472379
-2.264147,3,316.508379
-3.339271,4,316.557379
-3.360831,4,316.591379
-3.334248,4,316.628894
-2.230895,3,316.657889
-1.123611,2,316.67989
-3.308021,4,316.715889
-2.220017,3,316.74389
-0.047044,1,316.752889
-2.214236,3,316.782889
-2.192163,3,316.809889
-0.038391,1,316.81889
-1.114998,2,316.835891
-2.282921,3,316.871892
-2.237886,3,316.902889
-2.236258,3,316.92889
-2.234155,3,316.954892
-2.250427,3,316.98789
-3.317255,4,317.025889
-1.155171,2,317.042892
-1.077465,2,317.058889
-2.250833,3,317.096892
-1.091292,2,317.11889
-3.352029,4,317.159889
-3.308199,4,317.199891
-2.182988,3,317.23489
-3.284941,4,317.275891
-1.084099,2,317.29689
-2.153864,3,317.32689
-1.13685,2,317.353891
-3.33104,4,317.41289
-2.234927,3,317.448891
-2.233747,3,317.480891
-1.086691,2,317.506889
-3.330037,4,317.547889
-3.426514,4,317.588889
-1.141865,2,317.606889
-0.04706,1,317.621889
-2.170835,3,317.65189
-2.263334,3,317.681889
-0.045154,1,317.690889
-3.353125,4,317.74089
-1.105266,2,317.76389
-3.403805,4,317.803893
-1.062574,2,317.828396
-2.15168,3,317.866101
-3.337143,4,317.907607
-2.279844,3,317.937607
-1.136705,2,317.958607
-2.276393,3,317.994607
-2.245579,3,318.024607
-3.311209,4,318.066607
-3.311658,4,318.106607
-2.262652,3,318.140607
-2.25822,3,318.169607
-1.099932,2,318.190607
-0.047072,1,318.200607
-1.121967,2,318.224607
-2.274148,3,318.253607
-2.237673,3,318.285608
-2.244337,3,318.316607
-1.114947,2,318.346607
-3.320417,4,318.385607
-2.168445,3,318.415607
-1.115631,2,318.434608
-2.241046,3,318.470607
-0.028308,1,318.483607
-0.041957,1,318.496607
-2.252707,3,318.529607
-0.030268,1,318.546608
-1.122641,2,318.570607
-3.404811,4,318.609607
-1.112012,2,318.630607
-3.361283,4,318.674607
-2.215601,3,318.705609
-2.24583,3,318.73661
-1.098214,2,318.753608
-3.307331,4,318.793608
-2.254821,3,318.822607
-0.050701,1,318.831607
-2.269786,3,318.858607
-2.154156,3,318.889607
-3.306816,4,318.925613
-1.113791,2,318.952118
-2.23314,3,318.980119
-3.277979,4,319.025119
-2.184972,3,319.05512
-2.231693,3,319.090117
-3.35588,4,319.128118
-2.244069,3,319.175118
-2.268548,3,319.205119
-2.245004,3,319.234118
-3.345573,4,319.279119
-0.050477,1,319.294118
-2.246842,3,319.323118
-1.120029,2,319.341118
-2.287128,3,319.374118
-2.222699,3,319.410118
-3.332582,4,319.447118
-2.163685,3,319.484118
-0.038745,1,319.500118
-1.15094,2,319.524121
-3.307772,4,319.565119
-4.480909,5,319.623118
-2.247058,3,319.654118
-2.306904,3,319.694118
-2.279372,3,319.727118
-3.334496,4,319.770118
-2.185929,3,319.798117
-2.25465,3,319.834117
-1.118362,2,319.85212
-1.119373,2,319.87412
-3.308485,4,319.915119
-2.25364,3,319.958118
-3.298564,4,319.995118
-1.120211,2,320.016118
-1.141253,2,320.037118
-1.133905,2,320.084632
-2.209222,3,320.131631
-2.246183,3,320.164631
-3.316237,4,320.206633
-0.041627,1,320.221633
-0.025206,1,320.232631
-0.049842,1,320.242633
-2.248598,3,320.273631
-0.005713,1,320.286633
-3.384546,4,320.331631
-3.383565,4,320.37663
-3.384199,4,320.419632
-3.288086,4,320.470632
-2.23874,3,320.515631
-3.330858,4,320.559632
-0.025354,1,320.571632
-3.320879,4,320.626631
-0.027365,1,320.638632
-2.256531,3,320.678631
-2.180409,3,320.719632
-3.317907,4,320.773631
-1.104174,2,320.797631
-3.472231,4,320.846631
-2.207398,3,320.882631
-2.25223,3,320.920632
-1.115096,2,320.942632
-3.276372,4,320.993632
-2.229985,3,321.031634
-1.08229,2,321.064631
-2.236093,3,321.114631
-2.191121,3,321.149633
-2.260529,3,321.179631
-2.271348,3,321.226141
-3.358471,4,321.271141
-3.326179,4,321.314141
-3.299556,4,321.35414
-3.29105,4,321.403143
-2.263106,3,321.442141
-1.102458,2,321.468141
-3.332088,4,321.521143
-1.099813,2,321.549144
-0.017194,1,321.564142
-1.11137,2,321.59214
-1.109706,2,321.612141
-1.120403,2,321.638143
-2.142248,3,321.67214
-2.150981,3,321.709142
-1.100941,2,321.737142
-3.328939,4,321.795141
-3.301324,4,321.844154
-3.302599,4,321.89614
-0.025467,1,321.90814
-0.038606,1,321.92214
-1.124774,2,321.944143
-1.087836,2,321.963141
-2.266147,3,321.99714
-0.032994,1,322.01414
-1.064171,2,322.033141
-2.204261,3,322.06114
-2.20288,3,322.093141
-2.222926,3,322.136141
-1.095312,2,322.15714
-2.194651,3,322.193143
-1.083325,2,322.218141
-1.061235,2,322.25114
-1.078081,2,322.275141
-1.112216,2,322.29814
-3.367619,4,322.353145
-3.361108,4,322.403652
-2.231712,3,322.435653
-2.196526,3,322.475652
-0.045617,1,322.491652
-1.126915,2,322.520654
-1.107815,2,322.541652
-2.207488,3,322.572652
-2.274947,3,322.600652
-2.220193,3,322.635651
-2.25312,3,322.663651
-0.037486,1,322.673651
-2.207412,3,322.702652
-2.199417,3,322.734651
-1.147577,2,322.754654
-2.216844,3,322.787652
-2.24902,3,322.815651
-1.083492,2,322.844652
-2.164765,3,322.871652
-3.349678,4,322.915654
-1.10375,2,322.941651
-2.190717,3,322.979652
-1.118994,2,323.004651
-0.037364,1,323.015652
-1.1218,2,323.040654
-2.212451,3,323.073651
-2.2357,3,323.109653
-2.212176,3,323.138651
-0.034093,1,323.147651
-2.189235,3,323.177651
-1.140068,2,323.195651
-2.260455,3,323.223651
-1.128681,2,323.246651
-2.171775,3,323.277651
-0.025723,1,323.286652
-1.080302,2,323.305949
-3.315947,4,323.343946
-3.295387,4,323.384946
-2.262554,3,323.416949
-1.123821,2,323.437947
-2.171695,3,323.468946
-2.233046,3,323.510946
-1.107916,2,323.528948
-2.212165,3,323.562454
-2.24169,3,323.592452
-2.283254,3,323.629452
-1.109095,2,323.649452
-0.018978,1,323.662454
-3.334558,4,323.697452
-2.229959,3,323.728452
-0.029823,1,323.740453
-2.24703,3,323.777452
-2.194626,3,323.808452
-2.263141,3,323.839455
-3.285076,4,323.877455
-3.387222,4,323.913453
-1.096831,2,323.930454
-1.092482,2,323.955454
-3.348914,4,323.993454
-1.133145,2,324.014453
-2.290813,3,324.044453
-3.367089,4,324.087452
-1.137439,2,324.107453
-1.140771,2,324.128453
-2.243073,3,324.154452
-3.26551,4,324.196452
-2.266033,3,324.225453
-0.026694,1,324.234452
-0.014415,1,324.243453
-3.312404,4,324.284452
-2.216603,3,324.312453
-2.22837,3,324.342453
-2.217588,3,324.369453
-0.042271,1,324.388453
-2.214589,3,324.416452
-2.236652,3,324.444455
-2.236727,3,324.473453
-2.212901,3,324.511452
-3.330628,4,324.553452
-1.097232,2,324.573453
-2.256059,3,324.602453
-3.399569,4,324.646453
-2.159709,3,324.696965
-2.224567,3,324.754967
-0.034463,1,324.778966
-1.104759,2,324.819966
-3.282502,4,324.886969
-0.049781,1,324.901967
-3.322324,4,324.946965
-2.206888,3,324.993967
-3.308477,4,325.044967
-0.043059,1,325.056967
-1.154679,2,325.084966
-1.119227,2,325.122968
-0.030213,1,325.134967
-2.159576,3,325.173966
-2.225182,3,325.263967
-0.018286,1,325.295966
-2.223439,3,325.345966
-1.148913,2,325.383968
-0.028067,1,325.401965
-2.237948,3,325.443967
-3.322683,4,325.493966
-2.223183,3,325.530966
-3.273734,4,325.576966
-3.326959,4,325.630966
-0.044612,1,325.644968
-3.39366,4,325.689966
-3.34224,4,325.726965
-2.276333,3,325.759965
-2.228778,3,325.786967
-3.390797,4,325.820968
-1.107652,2,325.841475
-2.185658,3,325.873475
-1.088753,2,325.891475
-2.213405,3,325.918477
-3.300704,4,325.961477
-2.237662,3,325.994476
-3.434862,4,326.030475
-2.193891,3,326.067477
-2.230017,3,326.099476
-3.345014,4,326.140475
-2.194633,3,326.173475
-2.239719,3,326.205475
-2.180061,3,326.231477
-1.140315,2,326.253475
-2.1845,3,326.282475
-0.039611,1,326.295475
-3.279015,4,326.330475
-3.41456,4,326.371475
-1.133396,2,326.390477
-2.278321,3,326.423477
-0.039152,1,326.434477
-0.025792,1,326.448475
-3.352542,4,326.496475
-3.395542,4,326.540478
-1.092361,2,326.559475
-1.136641,2,326.582476
-1.11937,2,326.606476
-1.119596,2,326.628476
-1.109173,2,326.646475
-2.264306,3,326.685476
-3.379366,4,326.722477
-1.146944,2,326.746477
-0.04834,1,326.757475
-3.316512,4,326.801475
-1.080722,2,326.825479
-3.387939,4,326.870475
-2.23307,3,326.898475
-2.178186,3,326.938476
-2.202413,3,326.968476
-2.192718,3,326.995475
-2.28399,3,327.023984
-3.392407,4,327.069983
-0.054221,1,327.078982
-3.322358,4,327.122983
-1.128925,2,327.145983
-0.052051,1,327.158983
-0.007071,1,327.170982
-0.038428,1,327.182982
-0.041155,1,327.193983
-3.400376,4,327.240982
-1.102319,2,327.261982
-1.085993,2,327.281983
-3.283794,4,327.317982
-1.065256,2,327.341982
-1.118445,2,327.366982
-0.04097,1,327.376983
-2.272975,3,327.410982
-3.301889,4,327.455983
-3.235711,4,327.501983
-1.112895,2,327.519983
-2.192778,3,327.545982
-2.277574,3,327.577982
-2.261322,3,327.609982
-2.235009,3,327.635982
-0.041559,1,327.645982
-3.314211,4,327.692983
-3.417316,4,327.729982
-2.184617,3,327.755983
-3.343149,4,327.790982
-2.278758,3,327.827984
-3.235636,4,327.863983
-0.046814,1,327.875984
-3.352167,4,327.916982
-3.356821,4,327.957982
-2.186951,3,327.985984
-2.230375,3,328.011982
-3.282972,4,328.049983
-0.045081,1,328.062983
-2.236361,3,328.090982
-2.165036,3,328.117982
-2.149967,3,328.145983
-1.115838,2,328.169491
-3.358919,4,328.206494
-0.033768,1,328.215492
-1.117549,2,328.232491
-1.103697,2,328.257492
-3.355724,4,328.300492
-1.065079,2,328.318496
-0.035416,1,328.328491
-2.211472,3,328.361491
-3.334543,4,328.398491
-3.327546,4,328.432491
-3.284974,4,328.484491
-2.1771,3,328.536494
-0.041755,1,328.550492
-0.050031,1,328.569495
-0.034559,1,328.586493
-3.342614,4,328.646491
-1.104307,2,328.671492
-0.022675,1,328.686493
-3.345462,4,328.744492
-2.21459,3,328.797493
-2.171471,3,328.836491
-2.185217,3,328.876492
-3.43581,4,328.929492
-1.098518,2,328.957494
-2.206206,3,328.992491
-1.085614,2,329.019495
-2.179295,3,329.059494
-1.124945,2,329.090492
-2.205596,3,329.136492
-1.096483,2,329.167491
-3.311302,4,329.218491
-1.154462,2,329.253494
-2.219378,3,329.294492
-1.081924,2,329.319496
-2.172518,3,329.365006
-3.415102,4,329.431005
-2.241709,3,329.471004
-0.031713,1,329.485004
-2.222744,3,329.526007
-3.33093,4,329.578003
-2.20525,3,329.605005
-2.180119,3,329.633004
-0.016599,1,329.642004
-2.212731,3,329.681004
-2.283145,3,329.709006
-0.047638,1,329.718003
-1.139929,2,329.736003
-1.138137,2,329.760004
-2.173793,3,329.796005
-1.0655,2,329.814003
-0.049321,1,329.824005
-1.118269,2,329.847003
-3.332445,4,329.889004
-2.194861,3,329.921004
-2.166236,3,329.948004
-2.195501,3,329.982004
-1.087788,2,330.004005
-1.101217,2,330.028003
-1.102387,2,330.048004
-2.277975,3,330.088006
-3.355883,4,330.131003
-2.180905,3,330.157004
-2.169275,3,330.184004
-1.094825,2,330.205003
-3.355739,4,330.299005
-3.406964,4,330.384004
-0.04771,1,330.400006
-2.253062,3,330.460007
-1.131042,2,330.489514
-3.250418,4,330.534517
-2.258672,3,330.578515
-3.429706,4,330.636514
-1.059595,2,330.659514
-2.23031,3,330.688515
-2.191341,3,330.717514
-2.246053,3,330.750515
-3.341393,4,330.795514
-2.166562,3,330.823517
-2.176666,3,330.852515
-0.037465,1,330.864515
-2.153523,3,330.896514
-2.193546,3,330.926516
-3.332712,4,330.966514
-1.135675,2,330.998514
-3.420055,4,331.035514
-2.270415,3,331.062518
-2.234222,3,331.090514
-2.244371,3,331.126514
-1.079893,2,331.150517
-2.252956,3,331.189515
-2.180705,3,331.220515
-2.17865,3,331.255514
-1.101179,2,331.276516
-2.217049,3,331.308514
-2.183309,3,331.337515
-2.245187,3,331.372514
-2.235342,3,331.399515
-2.293887,3,331.428516
-1.076323,2,331.447515
-2.258479,3,331.489515
-1.148098,2,331.512516
-3.246485,4,331.559516
-1.112564,2,331.582515
-0.037015,1,331.597516
-1.086705,2,331.623532
-2.258979,3,331.66753
-3.315299,4,331.71653
-3.409465,4,331.778529
-1.126844,2,331.797529
-1.151697,2,331.815528
-2.229536,3,331.845531
-2.207948,3,331.879528
-3.311042,4,331.919531
-2.25531,3,331.954528
-2.261122,3,331.99253
-2.233524,3,332.04153
-3.379705,4,332.096529
-2.156968,3,332.129528
-1.126958,2,332.155528
-2.235483,3,332.19853
-3.434126,4,332.249529
-1.111475,2,332.27953
-3.335846,4,332.342528
-2.286462,3,332.376531
-1.11149,2,332.40853
-1.086147,2,332.435531
-3.334054,4,332.491529
-1.129451,2,332.530529
-2.219609,3,332.56953
-0.004392,1,332.584531
-1.105501,2,332.608533
-1.080166,2,332.641042
-1.132389,2,332.667044
-1.117654,2,332.694045
-3.412209,4,332.746047
-0.040483,1,332.763557
-3.293907,4,332.818554
-3.295041,4,332.879555
-3.292967,4,332.931554
-1.107359,2,332.967554
-3.383239,4,333.022555
-3.35512,4,333.076555
-2.260776,3,333.118554
-2.190179,3,333.162556
-2.200563,3,333.209554
-3.279026,4,333.261555
-2.299082,3,333.302556
-2.213768,3,333.362554
-2.277643,3,333.409555
-3.35018,4,333.457554
-2.211129,3,333.506556
-1.1267,2,333.545554
-2.222794,3,333.589555
-1.092612,2,333.624067
-1.11574,2,333.662066
-2.154415,3,333.705066
-2.209514,3,333.757066
-2.211543,3,333.807066
-2.257875,3,333.859066
-0.035595,1,333.886065
-2.142183,3,333.94158
-1.1044,2,333.985579
-1.080142,2,334.019579
-1.131853,2,334.063581
-0.038153,1,334.08058
-2.251069,3,334.12658
-2.263076,3,334.169583
-2.197394,3,334.217578
-2.213766,3,334.255579
-0.002776,1,334.266578
-1.151764,2,334.291579
-3.308677,4,334.337578
-2.273514,3,334.367578
-0.025778,1,334.377579
-0.045543,1,334.38658
-2.299308,3,334.431579
-1.053302,2,334.456579
-2.176662,3,334.495579
-2.266331,3,334.538579
-2.226137,3,334.582579
-1.122342,2,334.601582
-3.439446,4,334.655089
-2.231714,3,334.699092
-3.420655,4,334.759087
-0.053884,1,334.769088
-2.233293,3,334.796086
-0.030422,1,334.808088
-2.198703,3,334.842086
-2.275434,3,334.872086
-2.23406,3,334.902086
-3.283618,4,334.936087
-3.386063,4,334.978087
-0.048774,1,334.988089
-2.254493,3,335.015087
-2.202351,3,335.042087
-2.214044,3,335.085091
-2.216215,3,335.1246
-0.03917,1,335.155349
-3.453437,4,335.318554
-1.076459,2,335.378723
-1.132669,2,335.419428
-2.169079,3,335.493085
-1.102945,2,335.533131
-2.223624,3,335.587408
-3.303476,4,335.656046
-2.210311,3,335.708515
-0.016293,1,335.727321
-3.35241,4,335.806135
-1.120812,2,335.846184
-3.326105,4,335.920777
-2.243998,3,335.997913
-3.414049,4,336.088662
-2.24025,3,336.151936
-2.263934,3,336.206036
-1.1181,2,336.289802
-1.144664,2,336.346872
-2.216135,3,336.420674
-1.067684,2,336.520102
-2.242554,3,336.570541
-2.209064,3,336.672983
-3.317943,4,336.872752
-2.248374,3,336.952512
-3.335689,4,337.034546
-1.111104,2,337.084707
-2.216562,3,337.146624
-3.324987,4,337.221924
-3.385355,4,337.296342
-2.22007,3,337.361656
-2.225962,3,337.422436
-0.035957,1,337.446015
-2.169887,3,337.507498
-3.291643,4,337.599286
-3.281485,4,337.681551
-2.151354,3,337.748324
-0.039961,1,337.768347
-2.217826,3,337.835989
-3.336424,4,337.920088
-1.10901,2,337.967731
-2.246094,3,338.027861
-2.171298,3,338.099064
-2.180851,3,338.161693
-3.307874,4,338.246859
-2.190267,3,338.303843
-0.042775,1,338.333922
-2.273519,3,338.401788
-1.089058,2,338.449885
-2.218263,3,338.511778
-0.049709,1,338.538846
-2.195784,3,338.597897
-0.01002,1,338.61972
-3.332392,4,338.701881
-2.209265,3,338.777573
-3.329301,4,338.865934
-0.05378,1,338.887741
-2.184156,3,338.950704
-1.133454,2,338.996872
-3.364496,4,339.085354
-1.079708,2,339.128821
-1.065319,2,339.178948
-2.192259,3,339.248834
-1.092618,2,339.29198
-3.310995,4,339.369295
-2.16422,3,339.425377
-2.206266,3,339.493709
-2.130924,3,339.558861
-2.218886,3,339.621814
-3.31066,4,339.701242
-2.174542,3,339.765982
-3.355515,4,339.849873
-2.203978,3,339.910653
-3.243147,4,339.978726
-3.344373,4,340.065918
-3.341033,4,340.143852
-3.324949,4,340.230579
-0.016234,1,340.252151
-2.225623,3,340.32116
-3.324621,4,340.407764
-0.055316,1,340.433804
-2.192349,3,340.492979
-0.04347,1,340.522113
-2.243206,3,340.586968
-3.277485,4,340.663612
-1.107701,2,340.699025
-3.299779,4,340.796206
-1.145624,2,340.83528
-2.186766,3,340.896958
-2.190109,3,340.957809
-3.243585,4,341.043733
-3.321873,4,341.131042
-1.141915,2,341.175372
-0.025802,1,341.193908
-0.034103,1,341.223687
-3.328311,4,341.299984
-2.234954,3,341.3579
-0.021583,1,341.374483
-1.053373,2,341.422815
-2.243179,3,341.482258
-0.028776,1,341.503294
-2.211997,3,341.563855
-3.432817,4,341.650934
-0.052039,1,341.668654
-2.236348,3,341.729824
-3.295171,4,341.812115
-2.28959,3,341.888925
-1.149311,2,341.927645
-3.373619,4,342.013791
-2.239863,3,342.075689
-0.013005,1,342.103879
-1.078374,2,342.145304
-1.105354,2,342.186099
-2.229332,3,342.248886
-2.183752,3,342.317856
-0.033215,1,342.339899
-2.234595,3,342.398987
-1.152846,2,342.443836
-3.356032,4,342.535292
-3.402762,4,342.610887
-2.167434,3,342.672379
-2.22947,3,342.731838
-0.014164,1,342.763899
-2.198326,3,342.82194
-1.09863,2,342.867802
-3.341889,4,342.960587
-0.040645,1,342.98815
-1.122195,2,343.025484
-3.380612,4,343.11289
-3.406354,4,343.193719
-2.259469,3,343.257742
-3.329906,4,343.333785
-3.470695,4,343.412867
-1.145789,2,343.448984
-2.271491,3,343.495373
-2.204564,3,343.535572
-2.246992,3,343.569707
-2.254929,3,343.606022
-3.374697,4,343.66785
-2.210553,3,343.698025
-2.167703,3,343.731718
-2.264785,3,343.771782
-2.319505,3,343.806369
-2.232927,3,343.843941
-0.01228,1,343.857579
-1.12463,2,343.880686
-0.031109,1,343.897715
-1.089202,2,343.919741
-1.105086,2,343.939762
-3.330662,4,343.986327
-3.358764,4,344.04771
-2.160741,3,344.085261
-1.091681,2,344.109978
-2.201678,3,344.14623
-2.225094,3,344.190094
-2.246031,3,344.227784
-1.092479,2,344.247808
-2.207435,3,344.292932
-3.335144,4,344.34623
-2.250252,3,344.38428
-1.110526,2,344.417585
-3.403422,4,344.483779
-1.126819,2,344.519838
-2.241137,3,344.562445
-3.449731,4,344.613784
-1.082754,2,344.644337
-2.243702,3,344.687808
-1.089798,2,344.716852
-3.340073,4,344.765429
-0.052879,1,344.776016
-1.134906,2,344.803785
-2.276266,3,344.837837
-0.042629,1,344.848849
-0.012132,1,344.861864
-2.210916,3,344.903053
-2.249399,3,344.937627
-2.253175,3,344.968661
-1.066357,2,344.989737
-1.137865,2,345.013761
-3.34678,4,345.068846
-2.276921,3,345.106987
-2.26023,3,345.145185
-0.039586,1,345.161704
-1.093184,2,345.186243
-2.234784,3,345.230807
-2.173617,3,345.267863
-2.294558,3,345.306417
-1.097388,2,345.331552
-2.251621,3,345.367754
-0.039604,1,345.384055
-1.157663,2,345.41368
-2.228211,3,345.460766
-0.055101,1,345.477481
-3.394955,4,345.547052
-2.221007,3,345.630779
-3.383451,4,345.713758
-1.090715,2,345.752842
-2.195879,3,345.813873
-3.295267,4,345.893837
-3.314226,4,345.939905
-2.196261,3,345.970628
-2.213112,3,345.999001
-1.080134,2,346.022098
-1.135655,2,346.041116
-1.128743,2,346.059659
-3.331899,4,346.097186
-1.122438,2,346.120735
-2.197794,3,346.152778
-2.25092,3,346.180811
-3.291149,4,346.215342
-2.204469,3,346.253892
-1.078348,2,346.276954
-1.118146,2,346.296586
-2.159726,3,346.329631
-3.39387,4,346.380723
-2.278327,3,346.40976
-0.035795,1,346.418772
-3.39874,4,346.466833
-3.341699,4,346.520696
-1.09353,2,346.542735
-1.075105,2,346.568778
-3.407221,4,346.613867
-2.227838,3,346.647929
-1.130174,2,346.670034
-3.267139,4,346.713769
-2.228045,3,346.745314
-2.231878,3,346.78291
-3.252876,4,346.839103
-1.094764,2,346.861669
-3.410593,4,346.906227
-2.147862,3,346.94483
-3.327918,4,346.985947
-2.199288,3,347.022707
-2.176715,3,347.057767
-3.398278,4,347.101839
-3.347492,4,347.141883
-2.256457,3,347.176004
-1.084639,2,347.193542
-2.243667,3,347.232847
-2.245368,3,347.266934
-2.168858,3,347.29311
-2.167565,3,347.320733
-2.225079,3,347.357352
-1.104832,2,347.379829
-3.367098,4,347.420875
-2.151857,3,347.452043
-2.251106,3,347.496915
-0.02518,1,347.509964
-2.178493,3,347.541754
-1.118177,2,347.563775
-1.104445,2,347.595335
-1.144893,2,347.615355
-2.257065,3,347.646909
-2.304452,3,347.679767
-2.218822,3,347.717826
-3.34208,4,347.77194
-1.097798,2,347.796626
-3.428192,4,347.837677
-2.223342,3,347.873719
-3.347756,4,347.916768
-3.291069,4,347.957535
-3.333023,4,347.997867
-2.164883,3,348.041502
-1.095173,2,348.062027
-2.246071,3,348.093632
-1.131276,2,348.11516
-2.213449,3,348.151708
-3.404242,4,348.195251
-3.377801,4,348.236804
-1.124187,2,348.253817
-3.339523,4,348.29888
-2.216851,3,348.326953
-3.31389,4,348.362644
-2.237861,3,348.387678
-3.323309,4,348.437336
-3.303731,4,348.487693
-3.344179,4,348.533746
-2.233976,3,348.565279
-0.02889,1,348.581802
-2.182776,3,348.620862
-2.208512,3,348.65594
-3.384415,4,348.700705
-3.384117,4,348.746759
-2.242151,3,348.77935
-2.251786,3,348.812792
-0.050724,1,348.822803
-2.184773,3,348.85886
-3.250357,4,348.900924
-2.251579,3,348.928638
-2.294274,3,348.960676
-3.373199,4,349.005217
-2.222047,3,349.033747
-3.307284,4,349.079803
-1.107237,2,349.099823
-1.132097,2,349.127868
-1.104755,2,349.15089
-1.091334,2,349.171945
-2.24245,3,349.198652
-3.296079,4,349.251967
-3.308203,4,349.297639
-3.365785,4,349.339691
-0.02855,1,349.349701
-2.167817,3,349.381734
-3.330668,4,349.417777
-3.375696,4,349.456818
-0.045134,1,349.467833
-2.273477,3,349.512887
-2.182784,3,349.544533
-1.087982,2,349.563055
-3.370498,4,349.61065
-3.309532,4,349.660708
-3.232023,4,349.702818
-3.304519,4,349.74386
-2.256039,3,349.773893
-0.019559,1,349.787925
-0.006164,1,349.799949
-3.352424,4,349.842792
-2.245639,3,349.876842
-3.428911,4,349.922654
-2.207403,3,349.950701
-2.245451,3,349.986837
-1.136094,2,350.008866
-2.212876,3,350.049623
-1.121831,2,350.072644
-3.348234,4,350.113819
-3.378932,4,350.155373
-1.127179,2,350.182444
-1.068907,2,350.203036
-2.214948,3,350.237255
-2.262163,3,350.267711
-2.189894,3,350.303752
-1.110588,2,350.321772
-1.109058,2,350.343798
-1.069306,2,350.368191
-3.403416,4,350.412165
-1.099723,2,350.429847
-3.276865,4,350.473552
-2.271952,3,350.509716
-2.171764,3,350.54075
-1.111548,2,350.557769
-2.255431,3,350.583295
-3.351639,4,350.627916
-1.123273,2,350.652674
-1.149303,2,350.672693
-3.348714,4,350.716825
-2.231113,3,350.751887
-3.35655,4,350.797026
-1.150718,2,350.819695
-0.011239,1,350.832712
-3.307455,4,350.871749
-0.012246,1,350.885326
-2.235487,3,350.917876
-3.321968,4,350.971653
-2.206817,3,351.001775
-1.157196,2,351.026318
-0.051585,1,351.037835
-1.135563,2,351.057856
-0.032601,1,351.070869
-2.22851,3,351.10895
-3.280848,4,351.153726
-3.345724,4,351.201854
-2.221184,3,351.231909
-2.295569,3,351.279142
-1.156044,2,351.304174
-2.312203,3,351.333745
-1.077343,2,351.352766
-2.277348,3,351.396388
-3.405253,4,351.438633
-2.209538,3,351.47067
-2.21415,3,351.505323
-3.290752,4,351.552893
-0.019736,1,351.561913
-3.314215,4,351.609721
-1.151491,2,351.629718
-2.249114,3,351.665262
-1.081932,2,351.690861
-1.141197,2,351.712882
-2.177916,3,351.745474
-2.143128,3,351.783188
-2.25986,3,351.816738
-2.243717,3,351.855309
-1.123713,2,351.875336
-3.371048,4,351.928015
-2.232157,3,351.959729
-2.206755,3,351.993793
-1.068825,2,352.018837
-2.263711,3,352.067151
-2.236409,3,352.101018
-3.297649,4,352.148689
-0.015091,1,352.1617
-2.226183,3,352.197248
-1.087251,2,352.217999
-3.371077,4,352.267408
-3.368004,4,352.313541
-1.114678,2,352.339574
-1.155386,2,352.363599
-3.276507,4,352.411776
-2.236103,3,352.448826
-1.115307,2,352.480373
-0.028058,1,352.494387
-3.308122,4,352.545064
-2.181762,3,352.576605
-2.237297,3,352.609918
-1.129325,2,352.628044
-1.087123,2,352.65359
-1.107118,2,352.674195
-1.123056,2,352.701741
-0.048358,1,352.716762
-2.234111,3,352.748121
-3.350654,4,352.790293
-2.234382,3,352.828854
-2.208858,3,352.860887
-0.05173,1,352.87094
-1.113782,2,352.892131
-1.118894,2,352.920797
-1.127245,2,352.943831
-1.082572,2,352.963849
-2.242685,3,352.999038
-0.022169,1,353.126987
-1.102215,2,353.148033
-4.494624,5,353.202162
-2.220286,3,353.231871
-2.226243,3,353.277736
-0.024253,1,353.295481
-1.152323,2,353.332881
-2.162295,3,353.398012
-1.096984,2,353.445358
-2.161846,3,353.512973
-2.179474,3,353.56982
-3.277759,4,353.652003
-2.194472,3,353.725248
-0.031401,1,353.746298
-0.039071,1,353.763833
-1.077732,2,353.80602
-2.234741,3,353.873897
-0.050904,1,353.892956
-0.051139,1,353.91874
-1.118611,2,353.9598
-2.217908,3,354.029182
-1.102222,2,354.06668
-1.094118,2,354.110081
-3.354415,4,354.194195
-2.249698,3,354.258952
-3.333881,4,354.333839
-2.28215,3,354.399222
-3.385765,4,354.47866
-2.226436,3,354.546868
-2.195002,3,354.609904
-1.100024,2,354.648718
-3.437711,4,354.731135
-2.228456,3,354.798379
-3.316709,4,354.881399
-3.386558,4,354.965879
-0.032896,1,354.983987
-2.218456,3,355.053874
-1.105981,2,355.092955
-2.173816,3,355.152759
-1.098925,2,355.194
-2.227232,3,355.26183
-2.204432,3,355.318744
-1.102733,2,355.362822
-3.352856,4,355.443854
-2.233432,3,355.518811
-1.093388,2,355.56389
-2.202771,3,355.626146
-0.035822,1,355.645918
-3.307373,4,355.739843
-2.179258,3,355.80074
-3.31859,4,355.879948
-1.13257,2,355.913746
-2.20345,3,355.975364
-3.350117,4,356.058831
-2.237723,3,356.125278
-2.190502,3,356.182393
-0.03604,1,356.211709
-2.184528,3,356.266319
-1.115529,2,356.306192
-3.356215,4,356.381396
-2.233169,3,356.451884
-1.096499,2,356.491032
-2.287276,3,356.556078
-2.263586,3,356.615258
-2.220964,3,356.679893
-3.383372,4,356.752845
-2.172088,3,356.81076
-3.249278,4,356.890952
-3.365078,4,357.018703
-3.344026,4,357.143723
-2.259856,3,357.204135
-3.343197,4,357.285349
-1.08326,2,357.339864
-1.099713,2,357.384206
-3.349196,4,357.473903
-3.288316,4,357.55887
-2.198015,3,357.621542
-2.24547,3,357.655169
-2.206162,3,357.687217
-3.338662,4,357.727959
-1.121,2,357.756207
-0.040555,1,357.767721
-2.279427,3,357.80283
-2.224826,3,357.843885
-0.026974,1,357.862935
-3.293693,4,357.90366
-1.113583,2,357.928703
-3.340798,4,357.968745
-2.230966,3,358.007942
-1.135774,2,358.026999
-0.041968,1,358.03605
-1.097884,2,358.05286
-2.190256,3,358.087912
-1.138701,2,358.107716
-2.204193,3,358.138749
-2.304769,3,358.167781
-3.297172,4,358.211996
-2.220549,3,358.24172
-3.333381,4,358.276253
-1.14997,2,358.299821
-2.182887,3,358.337868
-0.029355,1,358.347406
-0.04764,1,358.356885
-0.054863,1,358.369472
-2.213739,3,358.410645
-1.156664,2,358.433668
-3.255903,4,358.47874
-0.031606,1,358.492262
-2.261314,3,358.534333
-3.305248,4,358.575534
-2.225709,3,358.607589
-2.233987,3,358.642629
-2.152948,3,358.684185
-3.325075,4,358.732786
-3.260949,4,358.777845
-2.278641,3,358.807006
-2.17245,3,358.84773
-3.3292,4,358.913076
-3.286735,4,358.986071
-1.150467,2,359.030704
-3.367167,4,359.119106
-1.113978,2,359.160794
-3.362687,4,359.205937
-3.327368,4,359.247069
-2.207158,3,359.287161
-2.148372,3,359.316249
-1.142686,2,359.333766
-1.14647,2,359.358807
-0.052618,1,359.373821
-1.128167,2,359.399888
-2.202357,3,359.450078
-3.368229,4,359.503797
-1.093132,2,359.532841
-2.160093,3,359.56789
-0.031156,1,359.583118
-3.308158,4,359.635303
-2.263365,3,359.688616
-3.392367,4,359.739684
-1.110669,2,359.767724
-0.033275,1,359.77974
-1.082383,2,359.812874
-3.362688,4,359.860743
-2.310733,3,359.895785
-2.209068,3,359.927861
-2.234702,3,359.975532
-3.245389,4,360.018704
-1.130817,2,360.045229
-1.087775,2,360.070765
-0.039864,1,360.089351
-2.205846,3,360.122497
-1.141702,2,360.145542
-3.376306,4,360.188819
-3.471389,4,360.230867
-3.345117,4,360.278109
-2.145735,3,360.307715
-3.290664,4,360.347762
-3.289541,4,360.39732
-3.338647,4,360.450988
-2.242699,3,360.515909
-1.114146,2,360.55677
-1.0996,2,360.582795
-2.178895,3,360.62203
-0.052247,1,360.632783
-2.18334,3,360.668831
-1.125904,2,360.695984
-2.234503,3,360.731675
-1.083851,2,360.756709
-1.134055,2,360.780262
-2.218829,3,360.827892
-1.134573,2,360.848922
-2.216465,3,360.882665
-2.279193,3,360.927876
-2.249107,3,360.975109
-0.027629,1,360.985128
-2.20385,3,361.025251
-2.21719,3,361.059795
-2.190168,3,361.100915
-2.22155,3,361.139033
-3.448652,4,361.184226
-3.338674,4,361.227278
-3.284809,4,361.277854
-3.317729,4,361.315158
-2.23833,3,361.349706
-3.348409,4,361.398896
-2.239601,3,361.432647
-2.275925,3,361.462677
-3.322033,4,361.51324
-3.287269,4,361.557975
-1.106892,2,361.584545
-0.015662,1,361.597737
-1.073766,2,361.617759
-2.247562,3,361.651797
-2.245629,3,361.694356
-2.206327,3,361.735216
-0.031059,1,361.747741
-3.430708,4,361.791293
-0.044411,1,361.81087
-2.218611,3,361.85554
-1.072597,2,361.880669
-0.038086,1,361.89291
-3.290259,4,361.948627
-3.363026,4,361.996202
-0.045843,1,362.007215
-1.156812,2,362.032833
-2.223213,3,362.075392
-2.202465,3,362.112984
-2.258213,3,362.145037
-3.342205,4,362.193611
-2.193044,3,362.231665
-0.054535,1,362.249696
-2.171178,3,362.295245
-2.185255,3,362.33079
-2.240917,3,362.371843
-3.332046,4,362.427966
-0.038914,1,362.440984
-0.043488,1,362.450005
-1.139839,2,362.481715
-2.253643,3,362.51525
-2.18789,3,362.549791
-1.112726,2,362.57281
-3.316481,4,362.625376
-1.103371,2,362.646952
-1.097562,2,362.677658
-3.336198,4,362.732805
-2.278558,3,362.775366
-3.274057,4,362.825219
-1.138127,2,362.848754
-3.298884,4,362.896309
-3.278737,4,362.948887
-2.176881,3,362.982527
-1.073925,2,363.009757
-3.296878,4,363.057815
-3.373664,4,363.116004
-2.173266,3,363.149748
-3.343897,4,363.205312
-1.124127,2,363.22885
-2.279282,3,363.273529
-1.111185,2,363.29709
-2.276314,3,363.336362
-0.045299,1,363.350883
-1.080459,2,363.378645
-2.212907,3,363.40968
-0.010917,1,363.421693
-2.253329,3,363.461747
-2.188351,3,363.501804
-2.21642,3,363.533843
-3.365867,4,363.593346
-0.018325,1,363.606363
-2.214873,3,363.652709
-2.245956,3,363.695278
-0.029198,1,363.709807
-1.133761,2,363.738847
-2.266198,3,363.788717
-0.019248,1,363.80373
-2.240918,3,363.848922
-3.223305,4,363.907774
-3.295592,4,363.977663
-2.228129,3,364.023737
-0.050663,1,364.04377
-1.110542,2,364.074304
-3.319158,4,364.145677
-2.166538,3,364.203867
-2.246362,3,364.285925
-2.189081,3,364.363837
-3.344113,4,364.478223
-2.198477,3,364.545916
-0.038429,1,364.57069
-3.3428,4,364.657872
-2.151135,3,364.733856
-1.082811,2,364.781699
-3.392567,4,364.858902
-1.131332,2,364.903746
-3.263183,4,364.997877
-1.134406,2,365.038771
-1.086745,2,365.082843
-2.247263,3,365.145768
-2.21229,3,365.216907
-3.314594,4,365.291111
-3.354185,4,365.382176
-2.273766,3,365.44761
-2.246012,3,365.516242
-2.265288,3,365.586386
-2.197108,3,365.646288
-2.164705,3,365.705919
-2.19843,3,365.773803
-1.074002,2,365.81592
-2.259691,3,365.880799
-0.016794,1,365.90084
-3.34,4,365.99689
-2.157952,3,366.058893
-2.155823,3,366.123737
-0.03279,1,366.143777
-1.123648,2,366.199901
-3.298098,4,366.277694
-0.040686,1,366.302994
-1.128468,2,366.350986
-2.225924,3,366.425627
-2.247243,3,366.488471
-3.38542,4,366.573954
-3.40416,4,366.657754
-2.215424,3,366.725095
-2.198611,3,366.790269
-2.262339,3,366.860849
-3.356179,4,366.940217
-3.298262,4,367.02869
-2.188964,3,367.081773
-2.216857,3,367.125203
-1.082957,2,367.15676
-2.233572,3,367.210091
-3.31007,4,367.269715
-2.221647,3,367.32189
-1.137737,2,367.353839
-2.229085,3,367.404368
-1.147813,2,367.432661
-3.324377,4,367.490258
-2.193136,3,367.545167
-0.040069,1,367.566204
-3.369652,4,367.622992
-2.188062,3,367.67076
-3.432848,4,367.72296
-2.27862,3,367.76515
-3.272188,4,367.813814
-3.336971,4,367.87089
-2.217942,3,367.915231
-2.217679,3,367.965316
-3.30471,4,368.015188
-1.112669,2,368.038731
-0.01238,1,368.055254
-3.340582,4,368.181729
-3.387156,4,368.293373
-3.314861,4,368.408544
-0.037901,1,368.441851
-2.230558,3,368.547875
-2.195942,3,368.623128
-2.196551,3,368.705555
-3.304004,4,368.810639
-1.102973,2,368.870386
-2.243919,3,368.952857
-3.322798,4,369.043164
-3.414303,4,369.152919
-0.052494,1,369.189806
-2.239419,3,369.265694
-3.24629,4,369.369938
-3.351493,4,369.493315
-2.28925,3,369.583878
-3.335149,4,369.697701
-0.026942,1,369.729776
-3.482906,4,369.837934
-3.286001,4,369.947658
-2.276171,3,370.027393
-2.189169,3,370.099993
-0.047592,1,370.125971
-1.105881,2,370.192365
-2.293803,3,370.280094
-2.208876,3,370.354021
-1.122091,2,370.41403
-3.337401,4,370.527861
-1.101616,2,370.586806
-3.325358,4,370.686363
-3.374438,4,370.787962
-3.285133,4,370.907791
-3.364756,4,371.018785
-2.231828,3,371.09825
-2.256601,3,371.171876
-3.236072,4,371.294662
-2.205595,3,371.378854
-0.016169,1,371.401633
-2.210624,3,371.488833
-3.297409,4,371.613094
-1.100745,2,371.661877
-1.139323,2,371.720094
-2.200295,3,371.799085
-1.11749,2,371.851884
-3.490147,4,371.942873
-1.160422,2,371.980814
-2.210094,3,372.044041
-1.102549,2,372.091694
-3.385317,4,372.179888
-0.056674,1,372.202215
-1.127149,2,372.248179
-2.210954,3,372.320837
-3.311972,4,372.40815
-2.280769,3,372.473788
-3.458214,4,372.575377
-1.139735,2,372.626836
-2.20267,3,372.697232
-2.185476,3,372.760879
-3.400243,4,372.846291
-3.366238,4,372.937111
-3.367027,4,373.025566
-2.192021,3,373.080907
-3.345627,4,373.163835
-1.155708,2,373.225337
-2.198845,3,373.291718
-0.031651,1,373.314085
-3.299398,4,373.405313
-0.036276,1,373.435961
-3.40132,4,373.560334
-2.198733,3,373.643984
-3.319387,4,373.758128
-2.227775,3,373.848841
-1.089276,2,373.909769
-1.106685,2,373.958879
-3.359375,4,374.069654
-2.18389,3,374.150192
-3.419661,4,374.260259
-1.081062,2,374.313889
-2.22295,3,374.386988
-2.221587,3,374.477868
-2.181926,3,374.56526
-0.048358,1,374.594325
-0.042943,1,374.626909
-2.1608,3,374.718891
-3.349343,4,374.833877
-1.105192,2,374.897378
-3.27446,4,375.00589
-2.203456,3,375.097008
-0.056435,1,375.122152
-2.226767,3,375.188309
-0.017243,1,375.212858
-1.09242,2,375.268795
-2.223972,3,375.346019
-1.137112,2,375.397189
-1.106464,2,375.447814
-0.039876,1,375.482636
-2.243323,3,375.56532
-3.248146,4,375.666288
-3.342686,4,375.782741
-2.251336,3,375.885378
-3.259325,4,375.981305
-1.089212,2,376.024102
-0.017793,1,376.045136
-3.388774,4,376.16682
-2.27092,3,376.236871
-1.135073,2,376.292721
-1.095003,2,376.343824
-2.181702,3,376.456015
-3.339703,4,376.572991
-2.160556,3,376.663973
-2.159053,3,376.750954
-1.131517,2,376.812044
-2.221123,3,376.887888
-2.282577,3,376.976965
-0.012475,1,376.999927
-2.192615,3,377.08534
-3.292078,4,377.185517
-2.25379,3,377.258977
-2.213885,3,377.336348
-1.064352,2,377.392246
-1.137439,2,377.433736
-2.214619,3,377.520672
-2.243521,3,377.596922
-1.096323,2,377.658188
-2.270487,3,377.727087
-2.222783,3,377.799721
-3.363113,4,377.903884
-2.252613,3,377.992892
-0.015749,1,378.01972
-3.291258,4,378.120705
-2.271829,3,378.203873
-1.115405,2,378.265186
-2.27249,3,378.343725
-1.132507,2,378.399646
-2.216006,3,378.471105
-2.235118,3,378.566933
-2.184601,3,378.643821
-2.249793,3,378.728843
-3.385853,4,378.829954
-1.092341,2,378.892756
-0.018657,1,378.915308
-0.038116,1,378.943868
-0.052927,1,378.968025
-0.015796,1,379.003769
-2.150534,3,379.079837
-3.357031,4,379.193727
-1.144025,2,379.243549
-2.25491,3,379.319858
-0.046502,1,379.343899
-2.180258,3,379.415302
-1.091495,2,379.462916
-2.222381,3,379.552907
-3.364544,4,379.663702
-2.269695,3,379.748793
-2.17281,3,379.823709
-2.267043,3,379.919137
-0.034363,1,379.9454
-2.178254,3,380.030113
-3.334004,4,380.130664
-2.219695,3,380.22268
-3.304551,4,380.331375
-2.1851,3,380.404002
-1.136658,2,380.45287
-2.224889,3,380.539083
-0.044985,1,380.56428
-3.398393,4,380.675348
-3.445023,4,380.771715
-3.401825,4,380.881794
-3.404168,4,380.98239
-1.131585,2,381.035552
-1.118566,2,381.07786
-2.252675,3,381.161848
-3.244051,4,381.26784
-2.199032,3,381.342803
-0.040207,1,381.366354
-1.090068,2,381.419684
-2.20949,3,381.493815
-3.46415,4,381.597683
-2.20994,3,381.673936
-1.117478,2,381.732648
-1.132072,2,381.777772
-3.33209,4,381.867677
-2.207647,3,381.93775
-2.261355,3,382.02211
-3.457994,4,382.131586
-3.301892,4,382.217966
-3.393331,4,382.321053
-1.091893,2,382.378779
-3.311666,4,382.478962
-3.418754,4,382.591682
-1.093183,2,382.645352
-1.138346,2,382.707391
-1.099305,2,382.754521
-3.320326,4,382.855544
-1.114549,2,382.914299
-2.183405,3,383.001026
-2.203643,3,383.073886
-1.108945,2,383.133731
-2.137881,3,383.216389
-2.198084,3,383.308076
-1.130142,2,383.362961
-0.011693,1,383.38978
-2.22444,3,383.469084
-3.350015,4,383.576651
-1.102468,2,383.630994
-2.220827,3,383.708609
-2.192504,3,383.785266
-1.118211,2,383.840783
-3.328844,4,383.942104
-1.097839,2,383.989764
-3.311089,4,384.083877
-2.249939,3,384.172808
-2.238544,3,384.259306
-1.124368,2,384.31369
-3.400852,4,384.427063
-3.333372,4,384.547071
-1.110444,2,384.598181
-1.121824,2,384.647022
-2.233611,3,384.720135
-2.237584,3,384.802063
-2.216566,3,384.887705
-2.193736,3,384.967573
-3.364339,4,385.077654
-2.206541,3,385.166285
-1.07415,2,385.216901
-2.285252,3,385.302563
-1.117326,2,385.353849
-2.231795,3,385.433967
-3.329995,4,385.538737
-0.040339,1,385.563779
-2.156941,3,385.639821
-1.103253,2,385.695994
-2.193666,3,385.780943
-1.096321,2,385.840869
-1.127574,2,385.884056
-2.2565,3,385.978973
-2.232393,3,386.061682
-2.256638,3,386.136848
-2.197284,3,386.215145
-2.254931,3,386.307481
-0.008743,1,386.329902
-1.129749,2,386.379684
-2.156717,3,386.450771
-2.212322,3,386.54286
-2.259462,3,386.620751
-2.18888,3,386.68691
-0.024631,1,386.719772
-2.233556,3,386.805244
-2.160844,3,386.880897
-2.23562,3,386.963807
-2.218273,3,387.035272
-1.158991,2,387.094381
-2.231197,3,387.169878
-0.039427,1,387.197723
-2.230886,3,387.269872
-1.090478,2,387.327238
-2.161642,3,387.403496
-2.283789,3,387.482344
-0.040282,1,387.506095
-2.313633,3,387.583818
-2.208248,3,387.658649
-0.053289,1,387.687006
-1.108828,2,387.737638
-2.221409,3,387.822509
-1.150021,2,387.877703
-2.23402,3,387.963901
-0.050304,1,387.989683
-2.177283,3,388.084011
-3.392814,4,388.195376
-2.202999,3,388.291205
-1.123972,2,388.349894
-3.320398,4,388.48289
-2.141361,3,388.566229
-1.155935,2,388.617858
-2.238963,3,388.697382
-0.048193,1,388.732813
-2.245822,3,388.803823
-2.27328,3,388.876998
-2.195735,3,388.95784
-2.267279,3,389.04832
-2.220284,3,389.121668
-2.254467,3,389.199837
-2.18541,3,389.273845
-2.175384,3,389.35183
-2.227081,3,389.428677
-3.398738,4,389.532114
-0.025841,1,389.557688
-2.208444,3,389.642652
-0.024147,1,389.66972
-0.034055,1,389.695169
-2.185698,3,389.776891
-1.141367,2,389.848736
-2.184817,3,390.06972
-0.045557,1,390.115309
-2.251788,3,390.211855
-3.362023,4,390.358654
-1.11076,2,390.475926
-1.099908,2,390.543863
-3.299988,4,390.741871
-1.116024,2,390.821841
-0.05068,1,390.846895
-2.209472,3,390.932776
-2.295097,3,391.021456
-1.119549,2,391.087646
-2.17885,3,391.18001
-1.119285,2,391.246835
-1.098276,2,391.295168
-2.205403,3,391.380889
-3.368668,4,391.507891
-1.139101,2,391.561717
-3.328747,4,391.664144
-2.225181,3,391.736646
-1.118052,2,391.786245
-1.139891,2,391.840738
-2.273902,3,391.919985
-3.316065,4,392.025903
-1.10831,2,392.069788
-3.409352,4,392.178719
-3.341428,4,392.279815
-3.288359,4,392.391806
-2.256355,3,392.475221
-1.079466,2,392.535514
-1.104724,2,392.585458
-1.095852,2,392.657686
-3.359698,4,392.758616
-1.097527,2,392.807713
-2.260683,3,392.990834
-2.289069,3,393.146261
-0.0302,1,393.175318
-2.283776,3,393.342088
-3.410234,4,393.493823
-1.128278,2,393.568877
-2.160382,3,393.651743
-3.353854,4,393.749698
-1.103856,2,393.789777
-2.231551,3,393.870686
-2.208992,3,393.946353
-2.258019,3,394.022029
-2.183603,3,394.09792
-1.109074,2,394.158735
-3.320397,4,394.261745
-2.277051,3,394.347008
-2.236558,3,394.486286
-0.011943,1,394.59373
-2.311171,3,394.730016
-2.231271,3,394.814566
-2.215635,3,394.895277
-2.167324,3,394.978679
-3.336321,4,395.079844
-2.148628,3,395.153683
-3.296749,4,395.253927
-1.060409,2,395.319122
-2.215611,3,395.393726
-2.238854,3,395.478891
-2.236592,3,395.551906
-1.135402,2,395.619149
-2.236498,3,395.69375
-2.224798,3,395.763984
-3.410716,4,395.861803
-1.134354,2,395.913182
-2.235757,3,395.988057
-2.184439,3,396.062875
-1.137624,2,396.11316
-0.023743,1,396.153894
-0.053836,1,396.1818
-2.27724,3,396.259096
-2.231615,3,396.335995
-2.239766,3,396.417283
-1.125253,2,396.46788
-1.082194,2,396.528885
-3.394342,4,396.637289
-1.124001,2,396.699857
-3.351307,4,396.812359
-1.108587,2,396.868376
-0.047502,1,396.890953
-0.033521,1,396.918963
-2.173989,3,396.995952
-2.221496,3,397.079109
-3.329761,4,397.188079
-2.282613,3,397.278665
-3.365989,4,397.395362
-1.105205,2,397.47393
-3.33528,4,397.593796
-1.121049,2,397.652202
-2.222676,3,397.732096
-1.139872,2,397.779891
-1.090981,2,397.830066
-0.037863,1,397.861801
-2.219804,3,397.932011
-3.342473,4,398.023053
-3.406232,4,398.120226
-2.183596,3,398.21335
-2.187005,3,398.296967
-2.177468,3,398.378
-0.053478,1,398.401548
-0.013413,1,398.43901
-1.090293,2,398.502097
-1.073035,2,398.556736
-2.168615,3,398.634061
-0.038715,1,398.679837
-1.110949,2,398.730615
-3.336757,4,398.831161
-0.051077,1,398.859792
-1.076886,2,398.916932
-2.241607,3,398.990739
-2.179154,3,399.062999
-3.373154,4,399.159915
-3.344824,4,399.268931
-2.130697,3,399.34607
-3.310009,4,399.539792
-2.225378,3,399.706308
-3.314568,4,399.846063
-0.041139,1,399.879872
-2.256476,3,399.951906
-0.051014,1,399.981942
-1.121737,2,400.041994
-1.086527,2,400.092344
-1.147211,2,400.148634
-2.308585,3,400.219778
-2.192635,3,400.306989
-2.271533,3,400.38798
-1.085564,2,400.438839
-3.307643,4,400.548229
-3.333106,4,400.656878
-2.157718,3,400.737995
-0.011112,1,400.766775
-2.210394,3,400.845268
-2.25996,3,400.929772
-2.234307,3,400.999146
-3.336424,4,401.106885
-0.041854,1,401.133698
-2.29247,3,401.228791
-2.189328,3,401.301374
-2.163422,3,401.388764
-3.342733,4,401.488789
-3.37129,4,401.604236
-2.223559,3,401.689053
-1.143455,2,401.737841
-2.209143,3,401.813751
-0.02407,1,401.852843
-1.113211,2,401.911747
-2.259123,3,401.988204
-1.102313,2,402.034119
-1.140955,2,402.090173
-2.275858,3,402.176888
-2.205681,3,402.256851
-2.239912,3,402.340887
-1.071602,2,402.400916
-1.150726,2,402.451793
-3.374558,4,402.558836
-3.327239,4,402.662614
-2.242806,3,402.743679
-2.251365,3,402.819847
-0.03882,1,402.846927
-1.106731,2,402.898913
-2.297683,3,402.992199
-2.300923,3,403.069775
-2.152968,3,403.153839
-3.330815,4,403.27459
-1.150239,2,403.347665
-2.227568,3,403.434259
-2.194773,3,403.517118
-2.252689,3,403.593754
-1.108751,2,403.653378
-2.21832,3,403.739735
-2.265224,3,403.807637
-0.030082,1,403.831787
-3.292252,4,403.951778
-2.221137,3,404.016983
-2.180759,3,404.090059
-2.245725,3,404.159764
-3.404519,4,404.273252
-2.233854,3,404.351333
-2.203955,3,404.432718
-3.323788,4,404.549826
-2.272571,3,404.63106
-3.245651,4,404.731156
-3.351791,4,404.823481
-0.030054,1,404.851754
-2.275126,3,404.929253
-2.192832,3,404.997938
-3.29698,4,405.09186
-2.243044,3,405.16885
-2.306953,3,405.251715
-2.262736,3,405.322071
-2.209874,3,405.398869
-2.18596,3,405.486207
-1.117377,2,405.554044
-2.215313,3,405.673914
-2.244371,3,405.7899
-3.391201,4,405.942387
-0.0222,1,405.993705
-2.249607,3,406.115219
-2.198272,3,406.222919
-1.09071,2,406.312691
-2.191786,3,406.438785
-3.318799,4,406.609603
-1.069435,2,406.704039
-0.011833,1,406.742928
-2.238862,3,406.866003
-2.226068,3,406.987382
-2.200794,3,407.103694
-2.212742,3,407.227254
-2.182237,3,407.355339
-2.251811,3,407.485114
-2.237348,3,407.593881
-2.216618,3,407.69876
-3.471405,4,407.869842
-3.487327,4,408.028097
-2.206332,3,408.152927
-2.273926,3,408.276325
-1.13383,2,408.356013
-1.144586,2,408.438767
-1.127709,2,408.52892
-2.256941,3,408.652535
-2.186799,3,408.78063
-2.165706,3,408.901596
-1.120084,2,408.986356
-1.091625,2,409.066375
-1.096934,2,409.140758
-3.488721,4,409.297915
-1.138308,2,409.379781
-3.291102,4,409.551887
-3.472589,4,409.724089
-3.29848,4,409.900159
-2.144254,3,410.02431
-2.21281,3,410.135244
-1.127022,2,410.215202
-0.040745,1,410.258844
-2.169642,3,410.381727
-3.317782,4,410.548777
-2.194614,3,410.686798
-3.289509,4,410.852669
-0.037506,1,410.895227
-1.113978,2,410.980683
-3.340218,4,411.138273
-2.224987,3,411.240825
-3.326716,4,411.408881
-1.088218,2,411.495326
-2.210536,3,411.627364
-1.101992,2,411.708873
-3.44918,4,411.887481
-1.053119,2,411.973768
-0.017231,1,412.023345
-1.093357,2,412.109246
-2.292663,3,412.218082
-2.199864,3,412.348886
-2.29539,3,412.489703
-2.187675,3,412.609678
-2.186677,3,412.737175
-2.251969,3,412.850685
-2.293938,3,412.978797
-3.472265,4,413.153702
-1.079171,2,413.219812
-1.14788,2,413.298657
-2.163467,3,413.433985
-0.008096,1,413.476196
-2.281452,3,413.600766
-2.213233,3,413.709599
-3.297034,4,413.872777
-2.175696,3,413.991764
-2.231666,3,414.102719
-2.21261,3,414.221234
-2.147286,3,414.336183
-2.180214,3,414.465287
-3.332921,4,414.625201
-1.074883,2,414.713643
-1.15311,2,414.804144
-2.258091,3,414.945484
-3.25642,4,415.107729
-1.129283,2,415.181877
-3.335181,4,415.340785
-0.050411,1,415.379845
-3.301531,4,415.558847
-2.22078,3,415.679646
-2.186557,3,415.806777
-1.089816,2,415.900714
-2.272333,3,416.022665
-0.031338,1,416.062844
-2.22735,3,416.195274
-3.440943,4,416.353876
-1.130909,2,416.434169
-1.14691,2,416.51264
-0.027882,1,416.560845
-3.250264,4,416.724383
-2.277327,3,416.846375
-1.07973,2,416.928552
-2.180204,3,417.065302
-1.107998,2,417.150937
-0.028401,1,417.182742
-2.207998,3,417.313746
-1.115173,2,417.393848
-3.288167,4,417.572901
-3.363193,4,417.75301
-3.341432,4,417.912807
-2.225235,3,418.048044
-2.258528,3,418.171915
-3.321182,4,418.327223
-3.292119,4,418.489675
-2.23069,3,418.625774
-3.401398,4,418.780882
-1.067215,2,418.873691
-2.245188,3,418.993691
-2.220851,3,419.127222
-2.216429,3,419.235337
-0.03569,1,419.276905
-1.135821,2,419.349739
-1.086892,2,419.437191
-0.027485,1,419.481877
-2.184141,3,419.60986
-1.098786,2,419.69167
-0.049429,1,419.734238
-2.226434,3,419.851817
-2.252563,3,419.981817
-1.063558,2,420.063602
-3.342496,4,420.225375
-1.119145,2,420.300872
-1.092991,2,420.3718
-0.017718,1,420.409865
-1.086216,2,420.501728
-0.045113,1,420.544308
-3.455001,4,420.701725
-0.026169,1,420.742297
-1.128934,2,420.83187
-2.248721,3,420.95399
-2.166017,3,421.079876
-2.173266,3,421.213568
-3.324542,4,421.377822
-3.338889,4,421.549966
-2.251689,3,421.667865
-1.077837,2,421.744054
-0.050865,1,421.803084
-2.197361,3,421.91962
-1.134285,2,422.005916
-3.318963,4,422.17865
-0.013029,1,422.223207
-2.211123,3,422.33524
-2.237755,3,422.453635
-3.259247,4,422.616697
-2.202367,3,422.745191
-1.104841,2,422.828827
-2.165251,3,422.959704
-1.120676,2,423.042941
-1.111509,2,423.13227
-1.131351,2,423.207718
-2.178057,3,423.333616
-1.137224,2,423.411746
-2.19832,3,423.555217
-2.230243,3,423.667403
-2.190514,3,423.793802
-3.34101,4,423.955268
-2.269078,3,424.103781
-3.346077,4,424.266799
-2.16393,3,424.377676
-2.206492,3,424.512861
-3.351141,4,424.691846
-0.02242,1,424.727915
-3.400356,4,424.893851
-1.114087,2,424.973703
-2.189377,3,425.10706
-0.015743,1,425.150831
-3.335887,4,425.306825
-1.112992,2,425.383596
-0.045387,1,425.425163
-0.039277,1,425.466731
-2.216876,3,425.593674
-3.304494,4,425.763631
-3.289512,4,425.929896
-2.264132,3,426.043851
-1.075298,2,426.123682
-2.191035,3,426.248773
-2.175838,3,426.345218
-1.132435,2,426.400826
-1.128136,2,426.450991
-2.225929,3,426.552847
-2.245251,3,426.692849
-3.405841,4,426.857102
-1.078458,2,426.933814
-2.191642,3,427.050672
-3.347183,4,427.218637
-2.18046,3,427.338828
-0.030423,1,427.377727
-0.015865,1,427.415282
-2.19181,3,427.552832
-1.097018,2,427.647041
-2.255094,3,427.775306
-2.208488,3,427.897731
-2.208886,3,428.017531
-3.326149,4,428.192768
-3.365015,4,428.349718
-2.192753,3,428.468891
-2.209446,3,428.597827
-3.332355,4,428.775308
-2.244902,3,428.897809
-3.290071,4,429.065981
-1.121697,2,429.157679
-3.323712,4,429.317821
-3.454962,4,429.473878
-1.13961,2,429.562547
-2.185229,3,429.69973
-1.069224,2,429.777184
-1.118338,2,429.853852
-0.025799,1,429.897647
-2.204648,3,430.01188
-3.271078,4,430.180673
-2.246304,3,430.308706
-2.194896,3,430.435368
-2.255693,3,430.571054
-1.090209,2,430.662066
-3.336394,4,430.832239
-2.20151,3,430.963713
-1.149566,2,431.054545
-2.220393,3,431.193915
-1.131542,2,431.290848
-0.031847,1,431.329529
-2.231133,3,431.450957
-1.103121,2,431.534302
-3.28031,4,431.693642
-2.232957,3,431.811651
-2.231166,3,431.956678
-3.395279,4,432.129123
-0.018161,1,432.166256
-3.355031,4,432.339972
-1.091975,2,432.421708
-2.237874,3,432.54889
-2.23384,3,432.660071
-1.055926,2,432.756238
-2.154542,3,432.877736
-1.090309,2,432.950768
-3.352042,4,433.115335
-0.032559,1,433.15858
-1.145724,2,433.247743
-3.285707,4,433.401787
-1.080849,2,433.482779
-2.163707,3,433.591753
-0.027779,1,433.642055
-2.205745,3,433.769714
-3.29894,4,433.940022
-2.18998,3,434.063717
-2.170535,3,434.192673
-3.282136,4,434.348959
-3.349915,4,434.483734
-0.035898,1,434.530879
-1.14823,2,434.59274
-2.275814,3,434.686812
-1.112683,2,434.743027
-2.208488,3,434.815514
-1.088509,2,434.89393
-3.401339,4,435.089834
-3.387703,4,435.271798
-3.376395,4,435.436392
-2.323966,3,435.557824
-3.341308,4,435.707839
-3.353318,4,435.862737
-1.084004,2,435.952872
-2.225831,3,436.080741
-0.048189,1,436.128818
-1.107235,2,436.210651
-3.278312,4,436.362896
-1.11715,2,436.442744
-1.123724,2,436.530923
-3.456917,4,436.689869
-2.242926,3,436.821789
-2.207505,3,436.956331
-2.216037,3,437.079664
-0.047007,1,437.130961
-3.301067,4,437.303854
-3.377927,4,437.47057
-2.238237,3,437.587788
-1.116304,2,437.669919
-2.244693,3,437.792682
-2.167026,3,437.915445
-0.039717,1,437.960701
-2.162513,3,438.075361
-1.151622,2,438.156748
-3.293229,4,438.326243
-2.159817,3,438.447709
-3.292719,4,438.606116
-2.21777,3,438.7353
-3.328365,4,438.911748
-2.206606,3,439.03195
-3.337734,4,439.187805
-2.247141,3,439.313848
-3.342958,4,439.481718
-2.232242,3,439.596055
-2.246974,3,439.716267
-0.042246,1,439.753825
-2.254266,3,439.875213
-2.223024,3,440.000619
-0.039807,1,440.038868
-1.064632,2,440.12295
-0.043222,1,440.172797
-3.351283,4,440.326205
-3.402111,4,440.485202
-2.293046,3,440.601628
-3.342154,4,440.773637
-2.202312,3,440.893685
-2.204832,3,441.016253
-2.200796,3,441.127701
-2.210697,3,441.253266
-2.195545,3,441.358615
-2.235468,3,441.447024
-2.239868,3,441.525228
-2.159716,3,441.663848
-3.338945,4,441.823692
-1.14622,2,441.900884
-2.199738,3,442.020854
-0.05867,1,442.065195
-2.245286,3,442.196125
-2.162648,3,442.325204
-2.213917,3,442.446777
-0.04077,1,442.504262
-3.265996,4,442.683515
-2.240946,3,442.807694
-1.133203,2,442.887243
-0.03953,1,442.93222
-1.104193,2,443.018649
-2.212521,3,443.141909
-2.183858,3,443.257967
-1.118911,2,443.348833
-2.27745,3,443.476884
-3.332191,4,443.62364
-2.189831,3,443.743865
-2.253593,3,443.868719
-2.211548,3,443.986666
-2.274321,3,444.107561
-1.108369,2,444.195259
-2.251955,3,444.321686
-2.226237,3,444.448785
-2.252012,3,444.573769
-0.018547,1,444.611838
-2.175857,3,444.748841
-2.280427,3,444.877973
-2.222448,3,444.997748
-1.095732,2,445.080591
-1.098925,2,445.15083
-1.094829,2,445.223662
-2.236827,3,445.345404
-2.172209,3,445.48118
-3.329333,4,445.662878
-3.328132,4,445.809625
-3.360296,4,445.967659
-3.352169,4,446.11972
-2.205754,3,446.24387
-1.127982,2,446.336185
-2.16842,3,446.455924
-2.214302,3,446.583651
-1.084508,2,446.660836
-2.296477,3,446.77878
-2.276307,3,446.897759
-2.184589,3,447.028461
-2.166841,3,447.156826
-2.195851,3,447.278693
-1.125714,2,447.361975
-1.101387,2,447.457867
-3.295605,4,447.619635
-0.024126,1,447.660893
-2.200256,3,447.778803
-0.031104,1,447.817865
-2.211886,3,447.940224
-2.27036,3,448.060946
-2.186505,3,448.18287
-3.24383,4,448.357821
-2.243581,3,448.491714
-2.206756,3,448.612677
-1.099044,2,448.685357
-2.18594,3,448.796702
-1.123648,2,448.878893
-2.233811,3,449.006309
-2.21844,3,449.123744
-2.189402,3,449.255954
-2.165272,3,449.388722
-1.157353,2,449.48275
-3.311815,4,449.638273
-1.09056,2,449.71766
-2.138423,3,449.82879
-2.208321,3,449.960935
-1.072068,2,450.043813
-1.101079,2,450.117095
-0.039479,1,450.16387
-2.207803,3,450.286133
-3.358599,4,450.441749
-3.325633,4,450.605945
-3.295936,4,450.764556
-0.042754,1,450.79973
-2.208038,3,450.933349
-2.159643,3,451.070643
-3.312466,4,451.244186
-2.218195,3,451.36885
-2.239843,3,451.495331
-2.154792,3,451.617464
-1.09177,2,451.696022
-2.196125,3,451.821706
-2.242974,3,451.95911
-2.229657,3,452.077432
-3.33107,4,452.255719
-1.089408,2,452.346123
-3.356827,4,452.529668
-2.220986,3,452.647738
-1.093982,2,452.735876
-2.250324,3,452.859933
-1.13393,2,452.943001
-1.13215,2,453.015224
-2.237621,3,453.151793
-3.30483,4,453.322783
-3.353043,4,453.483698
-2.190147,3,453.603664
-2.206524,3,453.74019
-2.20835,3,453.852206
-3.302029,4,454.026937
-2.185386,3,454.156993
-3.317333,4,454.339266
-2.169522,3,454.461825
-2.257358,3,454.591828
-3.318938,4,454.748019
-2.243415,3,454.89167
-3.333128,4,455.059014
-2.173729,3,455.187812
-3.283567,4,455.349932
-2.178093,3,455.483669
-1.113848,2,455.571885
-1.110833,2,455.647506
-0.03821,1,455.685301
-1.088011,2,455.762999
-1.121934,2,455.82788
-3.344539,4,456.002779
-1.116378,2,456.088082
-0.027095,1,456.146344
-2.262115,3,456.272877
-1.136608,2,456.351523
-2.241146,3,456.470661
-2.201615,3,456.601002
-2.252681,3,456.719885
-2.260602,3,456.829837
-1.099227,2,456.906107
-0.010239,1,456.949844
-1.111199,2,457.036267
-2.239296,3,457.148849
-0.030018,1,457.200593
-2.250435,3,457.328668
-3.328606,4,457.48765
-3.301392,4,457.651932
-3.249101,4,457.803896
-2.212575,3,457.92749
-3.424,4,458.100781
-0.007147,1,458.146145
-1.125942,2,458.227805
-1.086579,2,458.32878
-1.07991,2,458.407113
-1.141584,2,458.496214
-1.106028,2,458.578778
-2.218407,3,458.703697
-2.191095,3,458.81387
-2.189284,3,458.941343
-0.027277,1,458.983184
-1.139262,2,459.073814
-3.286216,4,459.257047
-1.08826,2,459.343945
-1.115648,2,459.428857
-3.41086,4,459.617247
-3.342418,4,459.767824
-3.345819,4,459.917817
-1.075679,2,460.007769
-1.106642,2,460.096698
-2.199816,3,460.217764
-1.112153,2,460.297716
-2.221961,3,460.423645
-2.263404,3,460.566987
-1.0583,2,460.649919
-3.334221,4,460.803738
-1.127482,2,460.876112
-3.306711,4,461.041782
-2.188663,3,461.168801
-2.192651,3,461.292642
-2.249614,3,461.413664
-1.087084,2,461.511632
-2.246243,3,461.635919
-3.344516,4,461.79089
-2.183276,3,461.905939
-2.198452,3,462.039905
-2.273305,3,462.153786
-2.257735,3,462.279773
-3.403674,4,462.442909
-3.333422,4,462.612695
-2.262089,3,462.733147
-2.234356,3,462.84599
-1.116157,2,462.918805
-2.264635,3,463.061325
-2.157931,3,463.193769
-2.219114,3,463.321843
-1.074713,2,463.409849
-3.396444,4,463.586673
-2.179735,3,463.707724
-2.170538,3,463.813919
-2.257056,3,463.926705
-2.299812,3,464.049716
-2.2605,3,464.142957
-0.046765,1,464.156001
-1.11288,2,464.180707
-2.228948,3,464.219845
-2.198843,3,464.251943
-3.297309,4,464.299702
-3.390763,4,464.349833
-2.237061,3,464.390882
-2.217493,3,464.429624
-2.181268,3,464.463686
-2.25101,3,464.505242
-3.346741,4,464.556302
-2.153389,3,464.588851
-3.314242,4,464.63798
-1.112772,2,464.663038
-0.038419,1,464.680643
-3.331358,4,464.729706
-3.270502,4,464.772858
-2.2509,3,464.805945
-2.252102,3,464.841834
-1.141352,2,464.870868
-3.369983,4,464.92016
-0.027976,1,464.932196
-1.153449,2,464.958947
-2.255723,3,464.991617
-3.308173,4,465.03918
-1.131966,2,465.068841
-2.259011,3,465.118882
-1.134987,2,465.14596
-1.142076,2,465.177731
-2.279696,3,465.247376
-3.359204,4,465.346115
-2.178689,3,465.403748
-3.323516,4,465.467687
-1.099343,2,465.495222
-2.181775,3,465.55689
-3.298436,4,465.613665
-0.036851,1,465.628693
-3.354418,4,465.730981
-2.234352,3,465.850978
-1.139613,2,465.926739
-2.20513,3,466.035609
-2.1795,3,466.169848
-0.018353,1,466.212583
-2.249999,3,466.296314
-1.074174,2,466.31985
-2.265897,3,466.357754
-1.119724,2,466.396316
-2.223743,3,466.442049
-2.246764,3,466.482777
-1.102782,2,466.538395
-3.388345,4,466.587283
-1.112738,2,466.613694
-0.018608,1,466.626718
-2.171886,3,466.657761
-0.04713,1,466.671774
-3.31465,4,466.722846
-2.248439,3,466.755509
-1.143452,2,466.774037
-1.107231,2,466.799648
-2.201515,3,466.840207
-1.07611,2,466.858953
-2.225499,3,466.887069
-0.024732,1,466.901667
-1.076368,2,466.920686
-0.036403,1,466.936217
-2.164734,3,466.966324
-3.281781,4,467.008872
-2.182884,3,467.037905
-1.121197,2,467.05898
-2.229902,3,467.09517
-0.034784,1,467.11171
-0.024679,1,467.123723
-3.334749,4,467.179964
-2.183891,3,467.262979
-1.082652,2,467.311662
-2.147877,3,467.368885
-3.291907,4,467.428709
-1.104652,2,467.453911
-1.117101,2,467.491609
-2.192316,3,467.539194
-2.284174,3,467.585299
-3.306876,4,467.63738
-1.108302,2,467.666056
-3.340814,4,467.712106
-0.057364,1,467.722703
-1.098327,2,467.74682
-1.10481,2,467.777855
-2.182577,3,467.812446
-1.111029,2,467.839061
-3.319614,4,467.882625
-1.083702,2,467.911658
-3.361566,4,467.953206
-1.106128,2,467.971834
-0.058656,1,467.981847
-2.225293,3,468.013884
-1.107483,2,468.035423
-0.043637,1,468.045942
-1.115551,2,468.066609
-1.097517,2,468.093635
-2.231529,3,468.128703
-3.305377,4,468.17177
-2.177409,3,468.200802
-1.081733,2,468.227344
-1.090427,2,468.248355
-3.34037,4,468.290577
-2.234539,3,468.328621
-0.034371,1,468.343638
-2.257492,3,468.380681
-2.256275,3,468.41672
-1.095286,2,468.440757
-3.366227,4,468.503841
-1.146893,2,468.527874
-3.33369,4,468.570043
-3.292366,4,468.620659
-1.106826,2,468.650734
-0.042641,1,468.661746
-1.117339,2,468.682774
-1.086289,2,468.706304
-3.347654,4,468.761997
-1.074651,2,468.78366
-3.334106,4,468.831692
-2.204347,3,468.865266
-2.285884,3,468.908846
-2.12906,3,468.946889
-2.230917,3,468.978611
-2.225413,3,469.011646
-3.358043,4,469.058795
-2.186856,3,469.085315
-2.296564,3,469.115345
-1.100814,2,469.134366
-2.149396,3,469.17154
-1.105752,2,469.190835
-2.225479,3,469.218864
-2.231001,3,469.249892
-2.190115,3,469.287656
-2.170414,3,469.317234
-2.232914,3,469.352786
-1.105037,2,469.373813
-2.231306,3,469.411867
-3.355349,4,469.464001
-3.290984,4,469.521732
-1.089201,2,469.545257
-0.047532,1,469.562276
-1.077646,2,469.586832
-3.304837,4,469.628881
-2.274622,3,469.667628
-1.083143,2,469.695154
-2.205172,3,469.728696
-1.05107,2,469.748216
-0.051431,1,469.761227
-3.468208,4,469.812889
-1.115873,2,469.834512
-3.373531,4,469.879668
-1.098178,2,469.907706
-3.335232,4,469.962859
-1.16006,2,469.992013
-1.142904,2,470.019656
-2.267019,3,470.058816
-3.288958,4,470.115376
-1.154041,2,470.137978
-2.214277,3,470.173088
-2.276115,3,470.203663
-2.286991,3,470.242717
-2.243624,3,470.269745
-2.299574,3,470.307801
-2.192511,3,470.34635
-3.299201,4,470.391589
-3.35085,4,470.446676
-2.165006,3,470.486729
-1.139067,2,470.512758
-1.132741,2,470.545298
-1.139726,2,470.568829
-2.204839,3,470.608894
-3.326211,4,470.66065
-2.222365,3,470.705209
-1.113755,2,470.728743
-1.099737,2,470.749781
-2.251313,3,470.785319
-3.296626,4,470.832879
-1.112231,2,470.855406
-2.278506,3,470.892038
-0.053287,1,470.905237
-3.313443,4,470.955297
-2.168328,3,470.991842
-1.139931,2,471.017885
-3.339773,4,471.06196
-3.29245,4,471.116096
-2.206802,3,471.149645
-1.149744,2,471.175177
-1.066148,2,471.209742
-1.13194,2,471.257845
-0.003156,1,471.288931
-2.252576,3,471.340743
-3.378656,4,471.401832
-0.016806,1,471.425369
-1.14808,2,471.460742
-0.015816,1,471.473756
-2.225508,3,471.517828
-1.122372,2,471.559388
-2.239341,3,471.606657
-3.357802,4,471.656712
-2.253888,3,471.689747
-1.115664,2,471.716276
-0.034529,1,471.727793
-3.289441,4,471.776851
-3.271143,4,471.817467
-1.154859,2,471.843531
-0.021914,1,471.858103
-1.110532,2,471.881684
-2.206163,3,471.916737
-3.383714,4,471.969689
-1.158057,2,471.996219
-2.251026,3,472.03076
-3.328998,4,472.083804
-2.22241,3,472.11955
-3.248871,4,472.157642
-2.205371,3,472.197182
-2.190128,3,472.231726
-2.300829,3,472.273285
-1.07809,2,472.296313
-0.034829,1,472.307316
-3.301563,4,472.350543
-1.14695,2,472.378608
-1.107324,2,472.401629
-3.253255,4,472.442808
-2.245333,3,472.473837
-2.246926,3,472.517051
-2.207213,3,472.545094
-2.190963,3,472.572619
-1.113739,2,472.590639
-2.157311,3,472.631689
-0.047636,1,472.642201
-2.221177,3,472.671815
-3.375758,4,472.715369
-0.01314,1,472.729889
-2.173985,3,472.76506
-3.3319,4,472.806609
-1.060079,2,472.829641
-0.015949,1,472.84667
-3.322081,4,472.892717
-1.10444,2,472.913739
-2.259712,3,472.947789
-3.294293,4,473.001853
-2.224268,3,473.033888
-2.246208,3,473.069087
-2.226474,3,473.101693
-1.076892,2,473.126728
-0.045669,1,473.139244
-1.118581,2,473.158879
-2.217758,3,473.200606
-3.38709,4,473.24714
-2.175736,3,473.278842
-2.190405,3,473.30987
-1.096389,2,473.338463
-2.259276,3,473.373048
-2.188357,3,473.407641
-2.248591,3,473.441192
-0.023624,1,473.455257
-1.137109,2,473.481876
-3.348582,4,473.539191
-1.140206,2,473.557207
-2.248162,3,473.589759
-2.27885,3,473.628812
-2.176348,3,473.663986
-2.197942,3,473.69406
-1.128526,2,473.716158
-0.055721,1,473.732675
-2.194963,3,473.760854
-2.18896,3,473.789881
-2.168817,3,473.822746
-3.310476,4,473.877295
-1.108,2,473.899857
-2.223028,3,473.941431
-2.229217,3,473.978034
-1.061271,2,474.006584
-2.21072,3,474.04213
-0.041433,1,474.057117
-2.199739,3,474.089801
-2.186834,3,474.126351
-2.167643,3,474.157465
-2.222021,3,474.196088
-1.147738,2,474.216624
-1.129578,2,474.242153
-2.193836,3,474.286252
-3.412195,4,474.326801
-3.418678,4,474.375856
-1.078108,2,474.400937
-0.020085,1,474.411061
-1.157906,2,474.438605
-2.199874,3,474.47315
-1.116256,2,474.50772
-1.111695,2,474.5338
-2.246925,3,474.569963
-2.183709,3,474.603594
-3.393619,4,474.652155
-1.142689,2,474.670887
-2.169323,3,474.703959
-2.245753,3,474.735208
-3.368505,4,474.782504
-1.131553,2,474.802529
-3.291056,4,474.851624
-3.306514,4,474.887657
-2.179623,3,474.927229
-2.180868,3,474.965339
-3.305007,4,475.015942
-2.170461,3,475.058791
-1.085011,2,475.089826
-2.225369,3,475.131881
-2.167727,3,475.172588
-3.25303,4,475.226674
-0.051742,1,475.243194
-1.080032,2,475.267835
-3.330868,4,475.318894
-1.084666,2,475.350206
-1.096938,2,475.388637
-1.118432,2,475.416676
-2.184667,3,475.461239
-2.228373,3,475.508611
-1.134149,2,475.541153
-2.129838,3,475.577797
-0.008975,1,475.593808
-2.230327,3,475.640384
-2.176522,3,475.694223
-1.093031,2,475.720666
-2.235622,3,475.753204
-2.262236,3,475.79279
-2.246969,3,475.83284
-0.01344,1,475.844358
-3.318095,4,475.88952
-1.10165,2,475.910627
-2.225293,3,475.949182
-2.234183,3,475.985301
-3.394811,4,476.033858
-1.098557,2,476.057431
-2.247351,3,476.109624
-1.085904,2,476.133645
-2.158978,3,476.168818
-3.31977,4,476.215371
-2.291507,3,476.261629
-3.303904,4,476.311685
-3.315712,4,476.361795
-2.224678,3,476.393827
-2.226742,3,476.436381
-2.223886,3,476.479067
-3.35763,4,476.538766
-1.128373,2,476.568888
-2.248589,3,476.611631
-3.275482,4,476.666788
-3.311632,4,476.725368
-0.046233,1,476.737895
-2.165923,3,476.785158
-2.199731,3,476.826322
-1.132674,2,476.848905
-1.122793,2,476.874509
-3.273259,4,476.925131
-2.237505,3,476.957172
-2.179071,3,476.989755
-0.010893,1,477.001766
-2.191748,3,477.045321
-2.237851,3,477.076929
-3.28734,4,477.130754
-2.190525,3,477.166811
-2.178616,3,477.207862
-2.230516,3,477.242394
-2.189067,3,477.275955
-1.117338,2,477.293975
-2.201858,3,477.339604
-1.107013,2,477.36669
-3.28669,4,477.409742
-3.318133,4,477.459302
-1.146655,2,477.489511
-3.313682,4,477.532577
-2.192565,3,477.57213
-3.335665,4,477.616206
-3.358074,4,477.667799
-2.164674,3,477.701833
-0.011995,1,477.713847
-2.261718,3,477.744385
-3.276886,4,477.792997
-3.36983,4,477.83762
-3.372169,4,477.873737
-1.154194,2,477.895262
-1.085393,2,477.918797
-1.11704,2,477.942322
-3.355055,4,477.982772
-2.242746,3,478.015305
-3.291087,4,478.061878
-1.147796,2,478.079908
-2.288325,3,478.106986
-3.314486,4,478.14456
-1.112601,2,478.173665
-3.327843,4,478.223736
-2.23251,3,478.259289
-1.080478,2,478.285817
-0.027243,1,478.302341
-3.33015,4,478.349523
-1.099677,2,478.371573
-2.254783,3,478.403613
-2.218263,3,478.440655
-2.242777,3,478.475224
-0.023748,1,478.489747
-3.32063,4,478.532787
-2.194577,3,478.573339
-3.312471,4,478.620587
-2.224048,3,478.654126
-2.212943,3,478.687693
-1.126021,2,478.720743
-2.241773,3,478.760298
-3.336357,4,478.807059
-1.120874,2,478.829082
-0.052536,1,478.842598
-2.257637,3,478.876637
-2.170864,3,478.911673
-1.093712,2,478.933697
-0.02433,1,478.949223
-2.211402,3,478.980763
-0.033629,1,478.990772
-0.025104,1,479.000783
-2.259799,3,479.037833
-1.099177,2,479.065424
-2.238482,3,479.093515
-0.020419,1,479.106034
-1.112221,2,479.137165
-2.237538,3,479.170738
-0.044801,1,479.181747
-3.323155,4,479.238593
-3.378625,4,479.369815
-1.146106,2,479.401868
-3.355937,4,479.461806
-1.146272,2,479.492854
-2.216796,3,479.543196
-1.124258,2,479.572807
-1.073161,2,479.600846
-1.138299,2,479.626377
-1.100375,2,479.659077
-1.07601,2,479.688648
-3.342512,4,479.731685
-2.265359,3,479.765222
-1.077297,2,479.792752
-3.375311,4,479.833793
-2.200819,3,479.865329
-0.046926,1,479.875339
-0.027499,1,479.892858
-2.238987,3,479.925903
-2.228113,3,479.95802
-0.024299,1,479.967636
-2.269985,3,480.007682
-2.223367,3,480.044227
-2.267035,3,480.079788
-3.320456,4,480.128858
-2.272529,3,480.159911
-3.313278,4,480.208047
-3.282132,4,480.257201
-2.219907,3,480.291801
-0.041613,1,480.310829
-0.009701,1,480.326853
-1.109996,2,480.349921
-2.16706,3,480.382018
-1.110016,2,480.410582
-3.335854,4,480.457641
-0.015985,1,480.470653
-3.242476,4,480.520705
-2.210226,3,480.565263
-3.324567,4,480.607822
-0.036462,1,480.62083
-1.093035,2,480.64285
-1.075106,2,480.673553
-2.214706,3,480.70719
-2.224877,3,480.740669
-3.324327,4,480.782713
-2.232452,3,480.821764
-2.168832,3,480.8553
-2.221485,3,480.891845
-3.372739,4,480.932886
-2.226848,3,480.976003
-2.250142,3,481.011815
-3.277728,4,481.05788
-2.250295,3,481.20368
-0.038788,1,481.222708
-3.353276,4,481.266761
-3.316662,4,481.308813
-0.048292,1,481.321829
-3.381537,4,481.366381
-2.266018,3,481.393993
-2.194376,3,481.426217
-1.143441,2,481.449797
-1.074939,2,481.478832
-2.227101,3,481.523888
-1.118702,2,481.545999
-3.261184,4,481.587696
-1.078685,2,481.611718
-2.211414,3,481.649769
-2.28257,3,481.681799
-3.329052,4,481.725344
-2.213758,3,481.775944
-2.231714,3,481.846012
-1.10497,2,481.89083
-2.259392,3,481.952793
-1.079565,2,481.992863
-3.283174,4,482.050228
-3.390533,4,482.112848
-3.314153,4,482.16662
-1.125376,2,482.193643
-2.223374,3,482.236202
-3.303185,4,482.28276
-3.259711,4,482.323801
-1.089997,2,482.349837
-1.120443,2,482.371857
-0.048326,1,482.382866
-2.233532,3,482.411022
-1.128802,2,482.437777
-2.206249,3,482.47533
-2.210291,3,482.508868
-1.097939,2,482.52989
-3.32154,4,482.578737
-2.187375,3,482.616776
-2.23776,3,482.653811
-2.187022,3,482.686343
-2.205046,3,482.725916
-1.123292,2,482.755525
-0.022724,1,482.765544
-0.007639,1,482.775552
-3.364628,4,482.825146
-3.351051,4,482.87422
-1.098262,2,482.89624
-0.029493,1,482.907778
-2.229558,3,482.948328
-3.350074,4,482.992932
-3.428329,4,483.041126
-3.405764,4,483.091751
-1.118193,2,483.1228
-2.178478,3,483.156849
-2.168396,3,483.191882
-2.238729,3,483.228027
-1.088285,2,483.259174
-3.28534,4,483.30376
-1.079554,2,483.321779
-1.10309,2,483.340795
-0.024437,1,483.355815
-3.397709,4,483.407953
-2.237877,3,483.43867
-2.170906,3,483.473212
-2.180502,3,483.517836
-3.409962,4,483.55537
-2.24814,3,483.582915
-3.307781,4,483.622049
-3.430669,4,483.674194
-3.341112,4,483.722808
-1.12731,2,483.745346
-2.198917,3,483.787557
-3.400625,4,483.839611
-2.270636,3,483.869794
-2.193569,3,483.899824
-1.088452,2,483.922843
-3.436449,4,483.972925
-2.235436,3,484.004028
-3.347139,4,484.049153
-3.276165,4,484.099802
-1.114239,2,484.126339
-3.351329,4,484.177007
-3.346976,4,484.222777
-2.195982,3,484.260125
-1.120972,2,484.290723
-3.398667,4,484.332765
-3.319371,4,484.37685
-3.299133,4,484.415899
-0.045466,1,484.42954
-2.253366,3,484.462078
-1.13585,2,484.486134
-2.205019,3,484.517671
-0.031808,1,484.531679
-2.19158,3,484.568243
-0.021009,1,484.577249
-3.371891,4,484.620823
-3.343332,4,484.661891
-0.049358,1,484.671911
-1.14612,2,484.695976
-1.118894,2,484.723677
-3.289963,4,484.774246
-1.145137,2,484.798361
-2.23976,3,484.837545
-3.274746,4,484.88764
-2.206331,3,484.933696
-2.236727,3,484.970862
-2.254648,3,485.00244
-1.096124,2,485.025032
-3.304764,4,485.082783
-2.175612,3,485.113821
-2.167387,3,485.149869
-2.21506,3,485.189642
-2.232035,3,485.2327
-2.252109,3,485.271861
-2.233273,3,485.30604
-1.090598,2,485.326655
-2.221977,3,485.375249
-2.244039,3,485.41179
-2.255873,3,485.456364
-2.269041,3,485.492045
-1.078579,2,485.520629
-1.151998,2,485.542648
-2.273896,3,485.582736
-1.098624,2,485.602754
-1.099957,2,485.632795
-2.243891,3,485.665978
-0.035214,1,485.675999
-1.092872,2,485.694016
-0.020352,1,485.7076
-2.23276,3,485.736628
-0.038987,1,485.747641
-2.275224,3,485.783179
-2.19108,3,485.825295
-1.109482,2,485.846342
-3.365329,4,485.889894
-0.054006,1,485.901923
-0.032823,1,485.916975
-0.031793,1,485.92804
-1.127956,2,485.952073
-0.033821,1,485.966123
-2.227689,3,486.011691
-3.39815,4,486.059256
-2.167605,3,486.09081
-0.022786,1,486.103819
-0.024722,1,486.123844
-1.096103,2,486.143865
-2.179354,3,486.176913
-1.117055,2,486.20356
-0.039738,1,486.221585
-2.185105,3,486.257131
-2.187494,3,486.287731
-0.016699,1,486.298736
-1.123324,2,486.333782
-3.393397,4,486.385367
-0.04038,1,486.393877
-2.172239,3,486.438023
-2.26082,3,486.488128
-3.360368,4,486.543717
-2.248633,3,486.573785
-2.273901,3,486.601814
-3.318532,4,486.648866
-1.126255,2,486.667363
-3.305016,4,486.70402
-2.227499,3,486.732789
-2.265088,3,486.770337
-3.355642,4,486.807367
-1.097291,2,486.82588
-2.192343,3,486.857931
-0.025518,1,486.87545
-1.098436,2,486.898602
-2.239721,3,486.928629
-1.090447,2,486.949648
-2.222516,3,486.990724
-0.04104,1,487.001735
-1.098193,2,487.023756
-3.293373,4,487.07183
-2.171958,3,487.1099
-1.093841,2,487.135474
-2.1702,3,487.17513
-2.291426,3,487.212677
-1.135628,2,487.237716
-3.266231,4,487.281796
-0.01816,1,487.292807
-2.216688,3,487.326351
-2.253592,3,487.372483
-2.243774,3,487.407611
-1.111008,2,487.432635
-0.039962,1,487.443645
-2.284403,3,487.493835
-3.30731,4,487.545975
-2.171445,3,487.576058
-2.180557,3,487.611674
-2.224316,3,487.651717
-1.135163,2,487.671237
-3.388091,4,487.708806
-2.170208,3,487.738838
-1.121214,2,487.765871
-2.241782,3,487.791943
-1.134695,2,487.810975
-2.180382,3,487.842074
-1.105024,2,487.8661
-3.30843,4,487.90513
-2.197997,3,487.932724
-2.218801,3,487.960753
-2.244489,3,487.995284
-2.241719,3,488.02682
-3.339903,4,488.070875
-1.138624,2,488.089921
-3.341626,4,488.14262
-3.30586,4,488.190724
-1.137428,2,488.216256
-1.117668,2,488.238801
-2.181478,3,488.27735
-1.082706,2,488.303906
-0.049341,1,488.315502
-2.203087,3,488.35273
-2.223404,3,488.390782
-1.100881,2,488.420833
-0.036597,1,488.431841
-2.283487,3,488.46732
-0.052324,1,488.483333
-2.231832,3,488.522563
-2.22216,3,488.557616
-3.242955,4,488.605163
-2.192989,3,488.642703
-0.031683,1,488.653713
-2.247804,3,488.69277
-2.20917,3,488.731821
-2.194886,3,488.769872
-3.31696,4,488.810969
-2.201795,3,488.847633
-2.169214,3,488.877664
-0.030582,1,488.890671
-1.161603,2,488.908699
-3.312294,4,488.948746
-2.170744,3,488.982788
-3.288853,4,489.027845
-1.106189,2,489.048861
-3.365162,4,489.089973
-2.242218,3,489.120604
-2.175316,3,489.157876
-2.186088,3,489.192033
-1.082462,2,489.220638
-2.234016,3,489.256686
-2.222343,3,489.295228
-2.150332,3,489.328772
-0.035891,1,489.340784
-2.171225,3,489.373325
-2.249046,3,489.415918
-3.380476,4,489.457524
-3.283014,4,489.51088
-2.220375,3,489.541935
-2.281952,3,489.582599
-2.215393,3,489.616639
-2.217882,3,489.649676
-3.351362,4,489.691714
-3.33616,4,489.739776
-3.405299,4,489.782821
-2.28316,3,489.811856
-2.246197,3,489.849932
-3.361907,4,489.89258
-0.04912,1,489.90259
-3.274559,4,489.941623
-1.085874,2,489.962151
-0.04099,1,489.977176
-3.408306,4,490.01675
-3.339208,4,490.055287
-1.115643,2,490.075808
-3.262451,4,490.119884
-1.105571,2,490.140496
-1.117262,2,490.16255
-2.215567,3,490.196095
-2.202428,3,490.233643
-0.039201,1,490.248676
-2.213269,3,490.288729
-0.014444,1,490.29974
-3.364571,4,490.3498
-2.224899,3,490.388852
-1.111303,2,490.409871
-3.361808,4,490.457982
-2.210362,3,490.503062
-2.25485,3,490.536617
-2.184553,3,490.566211
-0.013713,1,490.57622
-0.033895,1,490.592743
-2.232331,3,490.629791
-0.056431,1,490.640805
-2.2568,3,490.673932
-3.254772,4,490.725042
-3.323585,4,490.769104
-2.214397,3,490.80714
-2.171088,3,490.848708
-3.355758,4,490.909857
-2.134431,3,490.949466
-2.240967,3,490.982571
-2.265025,3,491.0096
-2.220874,3,491.045133
-0.035086,1,491.057656
-3.37172,4,491.092953
-1.1096,2,491.110988
-3.472753,4,491.155065
-3.371203,4,491.199122
-2.216494,3,491.229146
-1.121866,2,491.24816
-2.227572,3,491.290708
-2.201533,3,491.321743
-1.13046,2,491.34176
-0.02832,1,491.357316
-2.219723,3,491.396845
-2.246249,3,491.428883
-1.147848,2,491.453933
-1.110351,2,491.478539
-1.152915,2,491.516096
-2.237516,3,491.548631
-2.274982,3,491.583721
-2.248171,3,491.617263
-2.267883,3,491.657816
-2.237881,3,491.692375
-2.186371,3,491.726585
-2.266029,3,491.76014
-1.136566,2,491.787704
-2.268762,3,491.823746
-2.168191,3,491.855286
-3.398637,4,491.899038
-2.241136,3,491.937119
-2.181122,3,491.975684
-3.295519,4,492.019232
-2.253809,3,492.054262
-1.103414,2,492.077791
-3.379878,4,492.11783
-2.18725,3,492.145351
-2.2362,3,492.173383
-2.216511,3,492.215068
-3.492765,4,492.257619
-0.005135,1,492.267126
-2.180869,3,492.303693
-2.229183,3,492.337735
-0.038986,1,492.348747
-2.271544,3,492.386312
-3.446208,4,492.426281
-2.230616,3,492.466327
-2.264872,3,492.505377
-2.187544,3,492.538998
-2.260092,3,492.57313
-0.013268,1,492.58971
-0.047286,1,492.599722
-2.187322,3,492.632758
-2.204194,3,492.661292
-2.246498,3,492.699337
-3.296552,4,492.743959
-0.017687,1,492.757055
-2.24221,3,492.79168
-1.145926,2,492.821719
-2.160257,3,492.856258
-1.071793,2,492.876281
-2.197684,3,492.909817
-1.086477,2,492.941859
-0.040436,1,492.95638
-1.064135,2,492.981457
-2.161306,3,493.012017
-1.108416,2,493.040632
-3.369949,4,493.082767
-2.276167,3,493.115311
-3.290132,4,493.157857
-0.015107,1,493.175397
-1.102972,2,493.195493
-1.066759,2,493.214036
-2.27765,3,493.244089
-3.399771,4,493.295169
-2.201296,3,493.323715
-2.26938,3,493.351744
-0.021853,1,493.360756
-2.166674,3,493.39882
-0.051965,1,493.407834
-1.118793,2,493.426347
-2.256416,3,493.457887
-1.108242,2,493.490999
-1.077081,2,493.520642
-2.243371,3,493.552668
-3.459983,4,493.598223
-3.243919,4,493.648274
-1.126756,2,493.673323
-2.220112,3,493.708893
-0.027553,1,493.719983
-2.214882,3,493.758605
-2.152594,3,493.795141
-0.034012,1,493.80766
-0.042125,1,493.818674
-2.153156,3,493.856214
-2.265811,3,493.887749
-1.086055,2,493.908767
-1.157108,2,493.935292
-2.256316,3,493.975334
-2.176519,3,494.01089
-1.112385,2,494.036992
-0.018382,1,494.046006
-1.127285,2,494.075081
-0.029765,1,494.089604
-0.015968,1,494.10262
-3.371704,4,494.143673
-2.27076,3,494.195431
-2.193219,3,494.233037
-2.251655,3,494.268102
-1.089335,2,494.291764
-2.251031,3,494.325305
-2.205839,3,494.356338
-2.282172,3,494.385454
-2.213848,3,494.415018
-1.10724,2,494.441549
-1.114988,2,494.466083
-3.378949,4,494.522666
-2.267127,3,494.553707
-2.216114,3,494.591766
-3.296951,4,494.637824
-2.286222,3,494.671859
-2.206341,3,494.708506
-1.121595,2,494.736641
-2.21838,3,494.771681
-1.116544,2,494.793703
-1.137903,2,494.82175
-3.376605,4,494.871811
-1.100803,2,494.892834
-3.321734,4,494.941477
-2.209599,3,494.976623
-0.058776,1,494.993638
-0.034323,1,495.007667
-2.258819,3,495.0407
-2.176443,3,495.076622
-0.046698,1,495.090637
-1.105574,2,495.117167
-1.095944,2,495.145206
-2.243388,3,495.179896
-1.074873,2,495.210973
-0.024853,1,495.223642
-2.147494,3,495.258694
-2.250401,3,495.298748
-1.124429,2,495.327798
-2.189579,3,495.383877
-2.217854,3,495.427202
-1.139906,2,495.449799
-1.112722,2,495.482849
-0.042653,1,495.49888
-3.343975,4,495.549622
-1.083885,2,495.575155
-2.247263,3,495.608695
-3.375188,4,495.655251
-3.379009,4,495.709825
-0.016816,1,495.722845
-3.360424,4,495.779649
-2.227653,3,495.819701
-2.201506,3,495.849734
-0.044437,1,495.859744
-2.15036,3,495.898833
-3.293288,4,495.943883
-0.025112,1,495.953894
-1.091924,2,495.976087
-2.149211,3,496.013711
-1.14957,2,496.033728
-0.046306,1,496.04374
-2.231579,3,496.077789
-2.252667,3,496.115328
-1.113724,2,496.140862
-2.244183,3,496.175433
-2.240645,3,496.21212
-0.042768,1,496.226662
-1.085987,2,496.250694
-3.323444,4,496.303954
-2.27016,3,496.34012
-2.254833,3,496.381804
-2.214909,3,496.418859
-1.124001,2,496.439876
-3.317524,4,496.481945
-2.144467,3,496.52169
-1.128647,2,496.539714
-3.346223,4,496.580263
-3.315533,4,496.616841
-0.032888,1,496.635359
-2.176914,3,496.667593
-2.180718,3,496.69681
-3.301204,4,496.738856
-0.034716,1,496.758882
-3.359405,4,496.810109
-3.282983,4,496.855174
-2.237322,3,496.892763
-1.119743,2,496.91529
-2.187744,3,496.943819
-3.278982,4,496.986372
-1.11338,2,497.007574
-3.347697,4,497.053703
-2.215837,3,497.086909
-0.044684,1,497.101941
-2.202358,3,497.134073
-1.130092,2,497.159639
-2.224418,3,497.197439
-3.322943,4,497.242765
-1.121447,2,497.260787
-1.130616,2,497.291864
-2.220572,3,497.330501
-3.244819,4,497.381621
-3.363569,4,497.430175
-3.387595,4,497.487911
-1.13181,2,497.516018
-1.087743,2,497.539638
-1.080252,2,497.556654
-1.095739,2,497.581204
-1.142142,2,497.600764
-1.084113,2,497.622786
-1.099268,2,497.641805
-1.10918,2,497.663828
-3.404505,4,497.701932
-2.253356,3,497.731035
-2.208285,3,497.757596
-2.20962,3,497.800148
-2.254416,3,497.830175
-1.120179,2,497.848193
-2.172329,3,497.881261
-3.327188,4,497.92685
-1.140808,2,497.949876
-1.127504,2,497.971937
-2.257422,3,498.000762
-3.300727,4,498.053828
-1.152143,2,498.075353
-1.086945,2,498.098511
-2.270098,3,498.139671
-1.154656,2,498.173213
-1.094193,2,498.193919
-2.199457,3,498.226048
-1.106306,2,498.24768
-2.193934,3,498.28775
-1.101248,2,498.308773
-3.351428,4,498.350815
-2.243999,3,498.389885
-3.293077,4,498.440732
-2.172565,3,498.47893
-1.100291,2,498.507078
-1.107415,2,498.527643
-1.108274,2,498.554175
-0.044167,1,498.56778
-2.269836,3,498.601883
-2.173192,3,498.633517
-2.280479,3,498.673108
-1.101606,2,498.69765
-2.212729,3,498.726678
-2.197021,3,498.757254
-0.048544,1,498.772241
-2.222291,3,498.805306
-1.149606,2,498.827425
-0.026088,1,498.836845
-2.236588,3,498.875895
-2.198621,3,498.901965
-3.39047,4,498.943051
-3.262868,4,498.987206
-1.085744,2,499.012862
-1.097198,2,499.044516
-2.213118,3,499.083915
-2.293332,3,499.115463
-1.12323,2,499.1436
-3.318898,4,499.193791
-1.126688,2,499.212808
-3.302653,4,499.259868
-1.098167,2,499.29404
-1.082256,2,499.31518
-3.329641,4,499.366261
-2.271681,3,499.397615
-0.028419,1,499.421653
-1.080468,2,499.44969
-0.006403,1,499.460703
-3.410567,4,499.516838
-2.185212,3,499.556378
-3.37035,4,499.606068
-1.085137,2,499.631728
-2.251588,3,499.663768
-1.134252,2,499.691646
-2.176709,3,499.722676
-3.375644,4,499.763728
-3.326389,4,499.807457
-2.261436,3,499.846081
-0.050596,1,499.855083
-1.080907,2,499.873216
-3.303292,4,499.91181
-1.098636,2,499.935341
-1.137433,2,499.956369
-2.17889,3,499.984428
-2.250931,3,500.011993
-2.205241,3,500.046637
-2.238379,3,500.078144
-2.198951,3,500.119857
-2.268583,3,500.153887
-0.045746,1,500.17215
-1.102192,2,500.193735
-3.395613,4,500.238786
-1.122194,2,500.26381
-1.150845,2,500.293892
-0.049038,1,500.305932
-2.207273,3,500.338591
-3.331979,4,500.387151
-1.138487,2,500.413718
-2.197574,3,500.448762
-2.306356,3,500.488911
-1.073442,2,500.511491
-3.292026,4,500.560654
-2.186968,3,500.599964
-3.362608,4,500.641591
-3.316501,4,500.682912
-2.201527,3,500.721686
-2.255886,3,500.751718
-3.347422,4,500.813862
-2.234198,3,500.888264
-3.345423,4,500.965317
-2.198861,3,501.010685
-2.25281,3,501.051739
-2.269668,3,501.082277
-0.053245,1,501.097845
-2.306635,3,501.138921
-2.189228,3,501.183302
-2.267228,3,501.227606
-1.077141,2,501.261665
-2.203095,3,501.296808
-1.079782,2,501.317832
-1.051146,2,501.338855
-3.329003,4,501.387531
-2.259764,3,501.426673
-2.181253,3,501.463719
-2.205157,3,501.503874
-1.116866,2,501.529927
-2.195501,3,501.571652
-3.366458,4,501.615108
-2.273851,3,501.649654
-2.253038,3,501.694216
-0.022823,1,501.705729
-2.163902,3,501.735302
-3.322259,4,501.782359
-1.076335,2,501.810538
-1.069846,2,501.836754
-0.039998,1,501.846261
-1.144045,2,501.866785
-3.379648,4,501.91387
-2.202451,3,501.943606
-2.215738,3,501.970636
-2.236837,3,501.999977
-2.221153,3,502.036706
-1.159512,2,502.053718
-2.286402,3,502.088518
-2.260949,3,502.127289
-2.214183,3,502.16076
-0.050543,1,502.170773
-3.323735,4,502.213582
-2.22872,3,502.251647
-2.170314,3,502.290802
-1.117532,2,502.31082
-3.425232,4,502.359873
-2.198606,3,502.390932
-2.273062,3,502.431685
-0.034494,1,502.4452
-2.184623,3,502.481249
-2.249083,3,502.520822
-3.381951,4,502.579526
-3.274998,4,502.621648
-1.150154,2,502.648679
-2.260668,3,502.684218
-2.252382,3,502.732873
-1.132761,2,502.756944
-2.215343,3,502.789692
-1.119699,2,502.811708
-2.163404,3,502.851758
-1.115823,2,502.871778
-0.023911,1,502.882942
-3.34633,4,502.929082
-2.283237,3,502.966648
-1.083298,2,502.989719
-0.015731,1,503.000727
-1.115948,2,503.021753
-1.127308,2,503.047282
-2.205139,3,503.079329
-3.335072,4,503.119405
-2.183525,3,503.153955
-2.182799,3,503.187641
-2.253267,3,503.228693
-2.189928,3,503.255216
-3.330659,4,503.308812
-0.037736,1,503.323816
-2.284067,3,503.36087
-2.208898,3,503.39351
-2.183306,3,503.431689
-0.037439,1,503.447718
-2.219654,3,503.486276
-2.189412,3,503.523826
-2.185886,3,503.556363
-3.271167,4,503.607069
-1.125703,2,503.629625
-0.017639,1,503.640639
-1.101301,2,503.661655
-0.020738,1,503.678186
-2.250511,3,503.710724
-3.300722,4,503.756794
-1.094945,2,503.785928
-1.130817,2,503.81098
-3.403961,4,503.857212
-2.249571,3,503.890242
-1.109719,2,503.911259
-1.136691,2,503.943828
-2.284776,3,503.976376
-0.047789,1,503.987328
-3.287781,4,504.033613
-3.293837,4,504.08167
-2.213357,3,504.113706
-2.218692,3,504.139737
-2.226059,3,504.171772
-1.077872,2,504.1963
-2.169312,3,504.223839
-2.183787,3,504.249871
-0.028072,1,504.259877
-0.035169,1,504.276938
-2.250456,3,504.312742
-2.205078,3,504.341783
-2.259094,3,504.375322
-2.251118,3,504.417431
-2.229969,3,504.452008
-0.043208,1,504.46178
-2.279926,3,504.500835
-1.103301,2,504.527872
-1.121866,2,504.553911
-2.287911,3,504.590718
-3.34199,4,504.640789
-0.031244,1,504.6553
-0.016798,1,504.666818
-2.198492,3,504.699864
-3.364689,4,504.740932
-2.170675,3,504.777034
-2.190276,3,504.811128
-2.222329,3,504.846206
-1.140861,2,504.872735
-0.017964,1,504.885252
-2.20819,3,504.920793
-0.039417,1,504.930803
-2.273924,3,504.969852
-2.206966,3,505.011468
-2.244,3,505.044057
-1.101523,2,505.064104
-2.180369,3,505.096888
-3.316475,4,505.150702
-3.336228,4,505.190745
-3.35372,4,505.230789
-3.307161,4,505.271831
-2.247488,3,505.307875
-0.030127,1,505.316883
-2.138116,3,505.343959
-2.17515,3,505.37709
-0.037042,1,505.391117
-1.095299,2,505.410644
-3.355465,4,505.452683
-1.066676,2,505.481727
-0.020625,1,505.503758
-3.395301,4,505.55082
-1.140964,2,505.571837
-3.32204,4,505.627691
-2.246708,3,505.668739
-2.265364,3,505.710795
-2.175332,3,505.75636
-1.137918,2,505.777884
-2.277918,3,505.818568
-1.115606,2,505.846147
-1.107974,2,505.868677
-3.367916,4,505.916798
-2.211161,3,505.966712
-1.068311,2,505.98976
-2.294851,3,506.022798
-1.121378,2,506.046325
-3.345726,4,506.094142
-3.355005,4,506.143715
-1.105863,2,506.169755
-2.272795,3,506.20535
-2.156812,3,506.239892
-3.330696,4,506.284175
-2.191136,3,506.31775
-2.241573,3,506.346782
-2.225126,3,506.387336
-2.2519,3,506.416359
-2.158093,3,506.443477
-3.310824,4,506.490934
-3.294666,4,506.539736
-3.320765,4,506.588707
-2.26274,3,506.632761
-2.237817,3,506.672815
-1.112443,2,506.697852
-3.364692,4,506.751073
-0.057029,1,506.762685
-1.12737,2,506.787726
-2.211358,3,506.828777
-2.229325,3,506.860804
-0.023632,1,506.871814
-2.274013,3,506.903851
-2.231382,3,506.940905
-1.079225,2,506.961013
-2.165332,3,506.994075
-2.269222,3,507.023744
-1.115852,2,507.055294
-3.305084,4,507.100354
-2.228519,3,507.134028
-0.046733,1,507.145548
-1.074686,2,507.173678
-3.321049,4,507.21531
-2.200753,3,507.246844
-1.11221,2,507.26766
-1.093972,2,507.294387
-0.037689,1,507.309035
-3.255068,4,507.35072
-3.337911,4,507.38997
-3.321186,4,507.43408
-2.219444,3,507.463117
-0.048975,1,507.477125
-2.185092,3,507.51167
-2.239906,3,507.553719
-3.345214,4,507.598839
-2.267185,3,507.626866
-3.314762,4,507.669098
-2.215358,3,507.711892
-1.104914,2,507.733024
-1.104166,2,507.761683
-1.141382,2,507.787222
-1.164197,2,507.815337
-2.2073,3,507.853888
-0.035009,1,507.87051
-2.1767,3,507.903085
-2.251471,3,507.948691
-0.026239,1,507.961705
-3.322574,4,508.002887
-1.108688,2,508.024553
-2.157303,3,508.065203
-2.245542,3,508.099001
-2.263884,3,508.130609
-3.324648,4,508.181179
-2.194084,3,508.222775
-1.105563,2,508.246303
-1.095241,2,508.271839
-3.291473,4,508.318706
-1.073812,2,508.350743
-1.079342,2,508.371759
-0.028456,1,508.383274
-1.093683,2,508.405329
-2.241327,3,508.440886
-2.236698,3,508.471587
-2.248504,3,508.511826
-2.170943,3,508.543856
-2.19812,3,508.580052
-1.127611,2,508.599707
-2.221895,3,508.635247
-2.192721,3,508.666788
-1.121267,2,508.689042
-2.296738,3,508.717266
-1.100395,2,508.736762
-1.081938,2,508.76079
-3.289912,4,508.811495
-1.073332,2,508.835141
-1.13713,2,508.856164
-1.133763,2,508.877698
-2.218593,3,508.921817
-2.175507,3,508.966376
-2.165579,3,509.00673
-3.267436,4,509.049778
-1.102438,2,509.079318
-1.072732,2,509.100927
-2.248893,3,509.136267
-0.034654,1,509.147786
-2.214358,3,509.185835
-1.159058,2,509.205976
-0.022814,1,509.217
-2.249685,3,509.249659
-1.074229,2,509.277524
-3.327479,4,509.320481
-1.112761,2,509.343603
-2.242662,3,509.373637
-2.211645,3,509.413733
-2.204087,3,509.451782
-1.07252,2,509.484334
-0.034973,1,509.500986
-0.043311,1,509.518042
-2.213306,3,509.547718
-2.180757,3,509.579829
-0.038392,1,509.589845
-2.169135,3,509.623878
-2.257275,3,509.653976
-1.070507,2,509.674041
-1.143761,2,509.694234
-0.018687,1,509.708779
-2.219516,3,509.736304
-0.046654,1,509.746817
-1.098135,2,509.765341
-2.254893,3,509.798963
-1.135047,2,509.824024
-3.301773,4,509.867646
-3.35143,4,509.911719
-3.303702,4,509.957771
-0.031752,1,509.968287
-2.171389,3,510.00661
-2.209891,3,510.041656
-3.285939,4,510.093734
-3.321397,4,510.147818
-1.105181,2,510.167839
-3.313778,4,510.21011
-2.180527,3,510.245197
-2.234344,3,510.278748
-1.115199,2,510.298846
-3.28681,4,510.345392
-0.03167,1,510.36097
-1.152369,2,510.387171
-3.28673,4,510.427732
-2.200164,3,510.463768
-3.315888,4,510.520645
-2.254039,3,510.557203
-3.347007,4,510.600825
-1.13711,2,510.620846
-2.295061,3,510.655393
-0.041688,1,510.66592
-2.243779,3,510.694551
-3.387736,4,510.747717
-1.084717,2,510.770737
-2.18908,3,510.80629
-1.084904,2,510.83286
-0.02237,1,510.840871
-1.124218,2,510.865392
-1.054676,2,510.884431
-3.361026,4,510.929662
-2.221212,3,510.966699
-3.368421,4,511.02026
-2.238082,3,511.050738
-2.21508,3,511.082275
-1.127894,2,511.10339
-3.317876,4,511.153598
-1.105573,2,511.178635
-1.091863,2,511.201741
-2.195573,3,511.237787
-2.182285,3,511.283347
-3.300723,4,511.336106
-2.173635,3,511.367118
-3.291055,4,511.419712
-3.36639,4,511.468773
-0.014859,1,511.48179
-2.284716,3,511.518924
-0.03685,1,511.528943
-2.20749,3,511.56865
-1.125808,2,511.590172
-2.200085,3,511.629808
-0.027584,1,511.640818
-3.389597,4,511.689936
-1.147372,2,511.710649
-0.041207,1,511.719659
-2.240875,3,511.748691
-3.322286,4,511.791239
-1.135338,2,511.810786
-1.091362,2,511.829806
-1.070188,2,511.849825
-0.030153,1,511.863836
-3.313881,4,511.912929
-1.100059,2,511.935542
-1.101868,2,511.9611
-0.021898,1,511.975247
-2.301295,3,512.0063
-3.34584,4,512.046342
-2.220072,3,512.086903
-2.226432,3,512.127602
-2.235361,3,512.163637
-3.383548,4,512.211195
-3.256251,4,512.255303
-2.209773,3,512.298011
-2.167897,3,512.337647
-2.171855,3,512.373683
-0.02635,1,512.385203
-3.351597,4,512.435351
-3.304745,4,512.490103
-1.150219,2,512.519705
-2.293784,3,512.552739
-2.197148,3,512.593912
-1.139396,2,512.616961
-2.207854,3,512.64959
-0.027606,1,512.663606
-2.143292,3,512.705182
-2.25654,3,512.738729
-2.210114,3,512.773771
-0.049642,1,512.786299
-1.115424,2,512.812909
-3.363307,4,512.856703
-1.115632,2,512.877509
-3.367763,4,512.92028
-2.174698,3,512.959992
-1.133876,2,512.982098
-1.122635,2,512.999812
-1.09775,2,513.018833
-3.392849,4,513.062871
-2.269658,3,513.091036
-0.020168,1,513.100701
-2.256424,3,513.127733
-3.31353,4,513.173776
-0.022583,1,513.187305
-0.046946,1,513.199315
-2.233886,3,513.229338
-0.058194,1,513.244351
-3.338859,4,513.291265
-1.0944,2,513.315387
-2.167459,3,513.348741
-2.213278,3,513.387804
-2.204296,3,513.422845
-1.048942,2,513.445367
-2.22322,3,513.481547
-2.172851,3,513.522755
-2.169417,3,513.555291
-2.244452,3,513.59593
-2.261106,3,513.628591
-0.042772,1,513.645097
-1.092346,2,513.670671
-2.284094,3,513.700816
-3.362231,4,513.748873
-2.247649,3,513.783432
-1.145822,2,513.803522
-0.046704,1,513.819047
-0.010154,1,513.830059
-3.309632,4,513.87973
-3.393807,4,513.927448
-1.076464,2,513.946886
-3.357523,4,513.983508
-0.009024,1,513.997046
-2.21166,3,514.026657
-2.213015,3,514.056688
-2.23005,3,514.085716
-1.086485,2,514.112831
-2.211249,3,514.139865
-2.263746,3,514.177051
-2.203306,3,514.202654
-2.202316,3,514.237702
-2.182954,3,514.276743
-2.181951,3,514.307818
-3.333514,4,514.349868
-2.256197,3,514.390021
-2.209223,3,514.422633
-3.301405,4,514.473718
-3.298073,4,514.520777
-2.23291,3,514.565355
-2.281673,3,514.600914
-2.220776,3,514.635151
-0.032614,1,514.646671
-3.406165,4,514.703738
-2.169806,3,514.739789
-2.231139,3,514.769822
-2.255392,3,514.806871
-2.152722,3,514.844006
-0.039482,1,514.854026
-2.194357,3,514.888123
-3.363603,4,514.933161
-2.194381,3,514.972791
-0.025561,1,514.985315
-1.125805,2,515.003944
-2.243295,3,515.033602
-3.385113,4,515.080668
-3.327744,4,515.117822
-1.103884,2,515.13985
-0.04296,1,515.152862
-2.141981,3,515.190499
-1.142869,2,515.210606
-2.198071,3,515.237641
-2.281735,3,515.26767
-2.226971,3,515.306722
-2.252641,3,515.339771
-1.106016,2,515.36379
-1.116574,2,515.385316
-1.117056,2,515.411844
-1.081388,2,515.43387
-2.297849,3,515.473724
-0.032377,1,515.490751
-2.158027,3,515.533803
-0.042301,1,515.545319
-2.216903,3,515.580872
-3.266863,4,515.623573
-2.182537,3,515.660614
-3.402664,4,515.710836
-3.279212,4,515.755381
-3.416719,4,515.807011
-1.113433,2,515.838636
-0.033127,1,515.849646
-2.279259,3,515.882679
-2.257816,3,515.925234
-0.046948,1,515.945259
-2.150472,3,515.97839
-1.097083,2,516.003527
-1.121748,2,516.031664
-2.202064,3,516.07071
-2.169502,3,516.101739
-2.219713,3,516.136786
-2.191854,3,516.168819
-2.19394,3,516.202851
-2.233163,3,516.230875
-1.119523,2,516.2529
-2.215263,3,516.289723
-0.034953,1,516.305241
-2.249391,3,516.336786
-2.191083,3,516.370826
-1.12953,2,516.393849
-2.264361,3,516.428891
-3.385654,4,516.485249
-3.436209,4,516.530803
-2.255311,3,516.560829
-3.353895,4,516.611886
-2.191433,3,516.64069
-0.031596,1,516.652698
-3.333464,4,516.703757
-2.154925,3,516.74081
-1.098267,2,516.768857
-3.307879,4,516.810605
-2.265352,3,516.849762
-2.189722,3,516.885302
-2.234078,3,516.921856
-0.023392,1,516.93387
-2.177816,3,516.963929
-2.216374,3,517.002621
-2.212355,3,517.034234
-3.333686,4,517.077805
-3.324255,4,517.120858
-1.0805,2,517.147891
-2.189697,3,517.177046
-2.170333,3,517.203145
-2.254365,3,517.231749
-3.365955,4,517.277807
-1.132098,2,517.296321
-1.122119,2,517.317291
-2.228511,3,517.351884
-1.128613,2,517.382991
-0.035548,1,517.394542
-2.264023,3,517.432701
-2.165132,3,517.46875
-3.382285,4,517.522813
-1.096011,2,517.543835
-1.118592,2,517.565354
-2.280304,3,517.603949
-2.238123,3,517.640646
-3.275944,4,517.690407
-0.049157,1,517.706945
-2.208167,3,517.737664
-2.190046,3,517.772695
-3.365204,4,517.817832
-3.293799,4,517.868978
-2.19604,3,517.903632
-2.219731,3,517.94068
-3.351324,4,517.986371
-0.018149,1,517.998386
-0.031639,1,518.011899
-2.270526,3,518.053609
-2.212426,3,518.088666
-2.204201,3,518.122701
-3.352653,4,518.166247
-3.33997,4,518.212797
-2.206137,3,518.249844
-2.25619,3,518.281423
-0.040111,1,518.290432
-1.105396,2,518.317555
-2.239582,3,518.353698
-2.225825,3,518.386242
-1.131136,2,518.403757
-1.137323,2,518.427787
-2.214052,3,518.461825
-2.267259,3,518.49988
-2.182726,3,518.530975
-1.088367,2,518.554057
-3.341656,4,518.602711
-2.160375,3,518.632738
-3.250307,4,518.680798
-2.241499,3,518.718848
-3.396199,4,518.763972
-2.219839,3,518.803701
-3.312285,4,518.847759
-2.223202,3,518.883792
-3.338113,4,518.948018
-2.289594,3,518.988886
-0.052749,1,519.002906
-2.21934,3,519.039597
-3.276052,4,519.082634
-3.421351,4,519.128242
-1.10914,2,519.150843
-0.044526,1,519.167864
-3.390813,4,519.221624
-2.261233,3,519.256165
-1.112249,2,519.277701
-3.352356,4,519.336315
-3.358938,4,519.373854
-3.297414,4,519.414033
-2.190997,3,519.450607
-2.197757,3,519.492165
-0.028265,1,519.505203
-1.109576,2,519.53074
-2.219473,3,519.560767
-1.111869,2,519.585294
-1.100218,2,519.603899
-1.128567,2,519.623023
-0.036603,1,519.635207
-2.20686,3,519.670739
-3.352758,4,519.718856
-1.133778,2,519.738879
-2.268915,3,519.778588
-2.271928,3,519.820712
-2.209261,3,519.860754
-2.233318,3,519.8943
-3.297225,4,519.939931
-3.301825,4,520.002154
-1.12363,2,520.023719
-3.312509,4,520.066775
-1.151164,2,520.091309
-2.20055,3,520.130913
-2.204243,3,520.1597
-1.058886,2,520.186742
-2.143759,3,520.220816
-1.139862,2,520.253202
-3.391315,4,520.299348
-2.156663,3,520.340056
-3.346675,4,520.387725
-2.188688,3,520.427874
-3.397269,4,520.477246
-2.238703,3,520.518845
-1.062014,2,520.539868
-1.155857,2,520.565938
-1.162924,2,520.586155
-2.18137,3,520.615381
-0.012524,1,520.627408
-2.193777,3,520.670619
-2.156821,3,520.698758
-0.014888,1,520.709766
-2.21042,3,520.740824
-1.095264,2,520.76886
-3.311059,4,520.820091
-2.223306,3,520.86989
-0.027746,1,520.881454
-1.104051,2,520.909657
-1.105839,2,520.933679
-3.323183,4,520.980755
-2.218606,3,521.015365
-2.214587,3,521.053039
-2.24864,3,521.089754
-1.089726,2,521.112276
-2.248809,3,521.14351
-3.373465,4,521.202808
-1.098325,2,521.226344
-2.191991,3,521.259891
-3.313996,4,521.307214
-0.017903,1,521.323811
-2.250208,3,521.35886
-2.238435,3,521.391409
-3.362539,4,521.43754
-0.052309,1,521.458654
-2.189174,3,521.503822
-2.18559,3,521.541879
-2.245289,3,521.578974
-1.079904,2,521.603164
-2.247534,3,521.635271
-1.110889,2,521.656295
-2.199558,3,521.685326
-0.025457,1,521.698346
-2.256238,3,521.728755
-2.19945,3,521.762703
-2.18711,3,521.79224
-2.243976,3,521.830829
-3.356349,4,521.876878
-3.298048,4,521.921823
-2.152856,3,521.958874
-2.264634,3,522.000074
-2.20741,3,522.027694
-2.196789,3,522.062728
-2.168834,3,522.099899
-3.385349,4,522.146617
-3.328689,4,522.193177
-1.132679,2,522.212749
-1.114,2,522.231769
-2.174233,3,522.269817
-3.373461,4,522.312369
-2.172332,3,522.348016
-0.037101,1,522.36281
-1.13074,2,522.38985
-2.155748,3,522.427997
-2.240082,3,522.460617
-3.274739,4,522.511774
-2.20718,3,522.552776
-3.330719,4,522.608907
-3.407716,4,522.659662
-3.368469,4,522.703894
-2.264717,3,522.739713
-2.221061,3,522.769746
-1.126358,2,522.78977
-2.190235,3,522.829421
-2.144772,3,522.863993
-2.196041,3,522.893081
-3.345577,4,522.929625
-0.048108,1,522.941636
-1.104717,2,522.969677
-1.122142,2,522.991524
-2.183904,3,523.022607
-2.197078,3,523.055146
-1.135871,2,523.080675
-1.114476,2,523.103751
-0.043634,1,523.11276
-2.20873,3,523.143798
-1.06777,2,523.175339
-2.203441,3,523.208933
-2.175649,3,523.240582
-2.227953,3,523.272614
-2.190403,3,523.310751
-2.186886,3,523.343789
-2.265962,3,523.376327
-0.055679,1,523.388846
-2.276198,3,523.428633
-3.281127,4,523.472679
-1.097961,2,523.497217
-2.226177,3,523.532831
-2.222809,3,523.575933
-3.330592,4,523.621716
-1.069002,2,523.645238
-3.30847,4,523.689696
-2.287411,3,523.730795
-1.110173,2,523.753835
-3.330907,4,523.797895
-2.249786,3,523.82605
-0.017871,1,523.847203
-3.306158,4,523.885214
-2.166477,3,523.912768
-1.128891,2,523.93279
-2.235638,3,523.966332
-1.139229,2,523.986357
-3.371814,4,524.02389
-1.115705,2,524.042583
-2.153537,3,524.078632
-0.034329,1,524.094152
-1.088287,2,524.121754
-2.230334,3,524.156797
-2.211897,3,524.196347
-0.018093,1,524.207359
-2.293407,3,524.239044
-0.027051,1,524.24807
-3.332208,4,524.300167
-1.075253,2,524.320744
-2.18182,3,524.363945
-2.257283,3,524.443619
-3.363208,4,524.53636
-0.037191,1,524.553886
-1.103282,2,524.589663
-2.218189,3,524.629089
-3.316648,4,524.688221
-2.243989,3,524.736289
-3.311376,4,524.795867
-1.110699,2,524.820917
-2.235936,3,524.857692
-3.366324,4,524.899794
-1.110283,2,524.92083
-2.1765,3,524.949863
-3.339803,4,524.994174
-1.135269,2,525.015248
-0.029012,1,525.025258
-3.364815,4,525.071824
-3.34559,4,525.118952
-1.086188,2,525.142039
-1.088361,2,525.166712
-3.38588,4,525.210217
-1.095043,2,525.24056
-2.222245,3,525.276182
-2.200951,3,525.305716
-2.198837,3,525.341881
-1.063966,2,525.370079
-2.289764,3,525.399202
-2.199007,3,525.428803
-2.248476,3,525.469857
-1.076161,2,525.502895
-1.105845,2,525.523943
-1.059213,2,525.547009
-2.265297,3,525.578618
-2.21004,3,525.620861
-0.024042,1,525.635376
-1.112287,2,525.660459
-1.103019,2,525.679644
-2.166594,3,525.716781
-1.118549,2,525.736802
-1.140314,2,525.756321
-2.193825,3,525.78986
-2.258241,3,525.824014
-2.178005,3,525.858627
-3.346361,4,525.906559
-0.021013,1,525.915063
-2.204595,3,525.954105
-0.046766,1,525.965619
-1.075666,2,525.994213
-1.118108,2,526.01975
-2.285265,3,526.059805
-2.16758,3,526.096851
-2.296316,3,526.130889
-3.280532,4,526.177608
-2.242178,3,526.215276
-2.239572,3,526.253822
-0.031408,1,526.265334
-3.318977,4,526.315396
-2.246704,3,526.357897
-3.371488,4,526.404066
-2.144856,3,526.433656
-2.190494,3,526.470706
-1.108237,2,526.502746
-2.26965,3,526.542797
-2.190321,3,526.577362
-2.189708,3,526.611891
-1.111627,2,526.642528
-2.189752,3,526.678657
-3.350763,4,526.725209
-3.38866,4,526.776787
-2.188514,3,526.81182
-2.234763,3,526.846867
-0.04341,1,526.858883
-1.115287,2,526.886059
-3.41752,4,526.928639
-2.1802,3,526.960669
-2.258623,3,526.995207
-3.315474,4,527.032745
-2.171607,3,527.063776
-3.309925,4,527.110838
-2.293386,3,527.139948
-2.258536,3,527.175086
-0.02168,1,527.19061
-3.275034,4,527.235305
-2.191528,3,527.263831
-0.023026,1,527.273841
-1.131161,2,527.302874
-2.219997,3,527.337056
-2.167709,3,527.367653
-2.233311,3,527.396183
-1.130757,2,527.425216
-2.233701,3,527.461808
-0.022997,1,527.477854
-2.214173,3,527.511886
-2.247191,3,527.554079
-3.325372,4,527.593735
-1.06908,2,527.613755
-3.287798,4,527.660384
-2.18135,3,527.696647
-3.308461,4,527.742696
-1.106576,2,527.763714
-2.251122,3,527.793746
-2.217658,3,527.832797
-3.432573,4,527.877411
-2.228752,3,527.909887
-3.332465,4,527.958629
-2.189896,3,528.005181
-2.275176,3,528.033712
-2.196271,3,528.065247
-2.263465,3,528.096659
-2.248667,3,528.129702
-3.370803,4,528.186778
-3.322559,4,528.225318
-1.146518,2,528.245347
-3.369898,4,528.294524
-0.031498,1,528.306037
-0.033867,1,528.316605
-2.204435,3,528.356669
-2.242248,3,528.395214
-2.201366,3,528.427868
-3.317642,4,528.480571
-2.222005,3,528.516728
-3.30855,4,528.563771
-3.405983,4,528.611347
-1.1054,2,528.637387
-3.411394,4,528.679649
-2.228988,3,528.716818
-2.157748,3,528.747853
-2.171452,3,528.777882
-2.237449,3,528.806597
-1.115887,2,528.83722
-2.212507,3,528.871672
-0.030667,1,528.881683
-2.192368,3,528.920863
-0.04423,1,528.936886
-3.313251,4,528.979641
-2.194308,3,529.009747
-2.267519,3,529.041783
-0.025812,1,529.059813
-2.240099,3,529.093857
-0.008962,1,529.103926
-2.192988,3,529.137078
-0.02787,1,529.151645
-3.374546,4,529.193684
-1.123104,2,529.212833
-1.089683,2,529.230854
-2.18248,3,529.261883
-2.229233,3,529.293001
-2.225001,3,529.320067
-2.282335,3,529.346618
-1.099605,2,529.370165
-2.195076,3,529.405999
-2.275963,3,529.436051
-0.010576,1,529.445056
-1.067996,2,529.476201
-2.213274,3,529.512619
-0.030335,1,529.526638
-2.230346,3,529.557674
-1.105889,2,529.588664
-0.012287,1,529.600186
-1.092076,2,529.620806
-2.238949,3,529.649842
-2.214104,3,529.69089
-3.294342,4,529.736098
-3.350992,4,529.776144
-3.399163,4,529.82778
-1.085778,2,529.856808
-1.08271,2,529.879838
-0.026618,1,529.890847
-2.236335,3,529.935983
-3.312417,4,529.978792
-2.19135,3,530.010823
-2.154088,3,530.053718
-0.031929,1,530.066239
-2.250093,3,530.102786
-2.183707,3,530.138836
-2.160271,3,530.171867
-2.205424,3,530.202458
-0.029026,1,530.216031
-1.112189,2,530.237067
-2.287544,3,530.272737
-3.307486,4,530.310273
-1.087917,2,530.336308
-2.24973,3,530.368568
-2.256133,3,530.397261
-2.266788,3,530.427803
-3.31394,4,530.478885
-2.226751,3,530.515574
-2.20473,3,530.545258
-1.066587,2,530.563812
-3.343292,4,530.612918
-0.057171,1,530.625962
-2.264275,3,530.657096
-2.214681,3,530.689664
-1.062015,2,530.723823
-2.22004,3,530.756288
-2.217056,3,530.788481
-3.409195,4,530.830631
-3.387894,4,530.880691
-2.249815,3,530.912794
-0.036439,1,530.927816
-2.259796,3,530.960849
-2.233737,3,530.995387
-2.247405,3,531.036146
-2.259138,3,531.066683
-1.111557,2,531.086707
-0.029131,1,531.098716
-3.416069,4,531.145902
-0.045736,1,531.157965
-1.097527,2,531.178641
-2.219251,3,531.215313
-0.038958,1,531.226326
-2.229922,3,531.270885
-1.154753,2,531.295481
-2.196011,3,531.336261
-0.035396,1,531.34527
-3.353085,4,531.391824
-2.265096,3,531.41988
-1.051406,2,531.444549
-2.186842,3,531.480089
-1.067258,2,531.504199
-2.173309,3,531.532746
-2.198735,3,531.569792
-2.280979,3,531.605837
-2.305497,3,531.632936
-2.189507,3,531.660506
-0.048611,1,531.677564
-2.185,3,531.714105
-2.271895,3,531.748745
-2.22221,3,531.781786
-1.096634,2,531.811859
-1.117832,2,531.837919
-3.315118,4,531.8786
-2.184979,3,531.922687
-1.079952,2,531.948727
-2.183464,3,531.978765
-2.228721,3,532.016323
-2.281836,3,532.047619
-2.255566,3,532.087036
-2.159578,3,532.117578
-2.198246,3,532.161642
-2.197378,3,532.203216
-3.384887,4,532.2498
-0.012809,1,532.261811
-2.255505,3,532.299879
-3.283227,4,532.348018
-2.179887,3,532.395094
-0.050957,1,532.406117
-1.12589,2,532.426143
-3.328003,4,532.477742
-2.199675,3,532.51379
-1.10721,2,532.532812
-3.273114,4,532.576366
-1.102215,2,532.597523
-3.333692,4,532.639632
-3.286339,4,532.678672
-3.282692,4,532.718725
-1.118639,2,532.736743
-3.340506,4,532.7888
-2.267489,3,532.826132
-2.218695,3,532.861709
-0.026159,1,532.871719
-2.233785,3,532.914303
-1.087629,2,532.940545
-1.091464,2,532.965076
-1.121851,2,532.98962
-1.113382,2,533.025298
-0.046667,1,533.037163
-2.245601,3,533.065241
-2.230315,3,533.102299
-2.241476,3,533.147911
-2.236446,3,533.198609
-1.063432,2,533.223722
-1.132003,2,533.248248
-0.045183,1,533.262806
-1.083747,2,533.286834
-0.048839,1,533.297852
-1.135187,2,533.319898
-1.097618,2,533.349693
-0.034316,1,533.359703
-2.170673,3,533.393743
-0.04784,1,533.405257
-2.264586,3,533.445342
-2.159588,3,533.482908
-3.34749,4,533.526364
-1.110361,2,533.545382
-1.111771,2,533.57203
-3.333043,4,533.6131
-2.177531,3,533.641647
-1.094216,2,533.661665
-0.049853,1,533.67769
-1.130385,2,533.696706
-0.039985,1,533.707874
-2.230357,3,533.736046
-0.04252,1,533.748057
-2.261228,3,533.77966
-2.193568,3,533.809821
-2.218228,3,533.836052
-1.126942,2,533.859361
-2.20967,3,533.898009
-3.38633,4,533.941682
-2.224133,3,533.977791
-1.157213,2,534.008336
-0.034748,1,534.021353
-0.046448,1,534.029904
-2.206092,3,534.066102
-2.183172,3,534.108722
-2.140731,3,534.140773
-2.230134,3,534.1708
-2.174472,3,534.204349
-3.346103,4,534.253687
-2.206651,3,534.28272
-1.10011,2,534.307257
-3.336398,4,534.356052
-0.031794,1,534.373619
-3.285854,4,534.420761
-2.18908,3,534.455314
-3.303279,4,534.508905
-2.209208,3,534.549009
-3.343771,4,534.590636
-3.287461,4,534.631706
-2.235813,3,534.665243
-3.338791,4,534.710827
-1.101333,2,534.729849
-2.197266,3,534.760885
-2.248255,3,534.788655
-0.016871,1,534.803168
-2.177224,3,534.830833
-0.046637,1,534.841845
-0.034374,1,534.851852
-1.103352,2,534.877889
-2.232022,3,534.907361
-1.108833,2,534.926941
-3.351505,4,534.966614
-1.124953,2,534.99364
-3.37744,4,535.037783
-1.137747,2,535.056801
-2.196601,3,535.090851
-2.215787,3,535.137055
-3.402289,4,535.181669
-3.234632,4,535.230239
-2.22452,3,535.265919
-3.385477,4,535.32072
-2.244372,3,535.349755
-1.127216,2,535.369773
-2.248087,3,535.403313
-2.19426,3,535.445366
-2.222577,3,535.482606
-1.102591,2,535.508179
-1.119249,2,535.536351
-2.256042,3,535.571892
-1.134804,2,535.591447
-3.369388,4,535.637114
-1.094155,2,535.659784
-3.354792,4,535.70584
-2.24289,3,535.735385
-2.218734,3,535.769076
-0.039706,1,535.777705
-0.040528,1,535.792717
-2.246125,3,535.823785
-3.346975,4,535.866846
-1.108649,2,535.890276
-2.200501,3,535.923836
-1.084474,2,535.945361
-3.35116,4,535.988816
-2.20138,3,536.016342
-1.056154,2,536.039934
-1.102647,2,536.059069
-3.374999,4,536.106239
-2.228378,3,536.139506
-1.113214,2,536.166621
-2.266725,3,536.207203
-2.15591,3,536.239855
-1.095235,2,536.265388
-2.21071,3,536.308558
-3.34847,4,536.361795
-2.185719,3,536.399605
-2.252866,3,536.436768
-1.108588,2,536.470817
-1.102434,2,536.495149
-3.330923,4,536.53952
-2.243162,3,536.57008
-3.278897,4,536.619204
-2.265748,3,536.652875
-2.178171,3,536.680929
-3.308195,4,536.727053
-3.286876,4,536.773679
-3.355909,4,536.812717
-1.081163,2,536.837417
-2.179988,3,536.869792
-3.348426,4,536.916345
-2.248868,3,536.9569
-0.042668,1,536.969462
-2.248451,3,536.99774
-2.191367,3,537.029772
-2.220591,3,537.062803
-1.127913,2,537.089201
-1.137567,2,537.109797
-0.055036,1,537.126823
-2.249337,3,537.163868
-2.231992,3,537.210096
-3.314103,4,537.263701
-0.039763,1,537.28708
-3.309529,4,537.338604
-2.267407,3,537.370639
-3.295363,4,537.431803
-1.145706,2,537.459862
-2.155553,3,537.504547
-0.022416,1,537.519722
-2.219593,3,537.562776
-2.171215,3,537.605331
-0.0396,1,537.615343
-2.210188,3,537.661047
-0.009209,1,537.673629
-2.185269,3,537.716696
-0.026148,1,537.726711
-0.028768,1,537.737725
-2.234304,3,537.771764
-2.258226,3,537.811814
-2.201761,3,537.845334
-1.121634,2,537.863853
-2.28247,3,537.892891
-3.294408,4,537.943626
-2.172358,3,537.973655
-1.127564,2,537.990674
-1.112003,2,538.008691
-2.215685,3,538.047738
-3.326559,4,538.088781
-1.120894,2,538.106295
-1.151631,2,538.123813
-0.043772,1,538.139832
-2.269531,3,538.171859
-1.147975,2,538.19088
-2.208303,3,538.21896
-2.242488,3,538.25705
-2.259152,3,538.290736
-2.224008,3,538.325276
-2.20305,3,538.357962
-1.122832,2,538.383595
-0.031538,1,538.393608
-3.461047,4,538.438674
-2.186727,3,538.481749
-3.287284,4,538.536147
-1.098629,2,538.558692
-3.341625,4,538.602739
-3.318644,4,538.649798
-3.313405,4,538.699863
-2.145242,3,538.728904
-2.198098,3,538.762662
-2.217851,3,538.797184
-2.158157,3,538.831744
-0.041776,1,538.842757
-2.238206,3,538.871786
-1.060926,2,538.89381
-2.192715,3,538.932863
-1.097482,2,538.955389
-3.353471,4,538.995498
-3.306327,4,539.04166
-2.143572,3,539.076198
-0.047891,1,539.086206
-0.010244,1,539.096217
-2.264824,3,539.125816
-1.093474,2,539.152959
-2.305594,3,539.181621
-2.200638,3,539.210648
-0.031861,1,539.219661
-2.252341,3,539.261716
-2.215655,3,539.290745
-0.040668,1,539.298755
-0.037619,1,539.308762
-0.014994,1,539.322772
-3.343279,4,539.375368
-2.190263,3,539.405939
-2.180686,3,539.434
-3.336291,4,539.493869
-3.287687,4,539.537042
-2.179016,3,539.565568
-2.174077,3,539.598682
-3.345076,4,539.652745
-2.186594,3,539.687002
-1.120888,2,539.709568
-1.12865,2,539.728748
-2.25236,3,539.769794
-2.262804,3,539.807856
-1.092713,2,539.829882
-1.127414,2,539.848458
-0.045432,1,539.861965
-0.049371,1,539.873567
-1.099158,2,539.895093
-2.183556,3,539.926145
-2.200148,3,539.959681
-2.275186,3,539.996727
-3.303047,4,540.039807
-0.055917,1,540.050818
-2.213308,3,540.092872
-3.3448,4,540.138008
-3.364337,4,540.177729
-1.101413,2,540.196746
-2.193104,3,540.237004
-2.247002,3,540.265113
-2.234412,3,540.29267
-3.361583,4,540.332741
-2.291683,3,540.36678
-2.267779,3,540.393805
-0.016419,1,540.403813
-0.053489,1,540.417334
-2.197519,3,540.570702
-2.205389,3,540.60876
-2.279216,3,540.640796
-1.149808,2,540.660815
-3.353949,4,540.706872
-1.136797,2,540.726913
-1.110594,2,540.753552
-3.333391,4,540.797644
-0.041276,1,540.816674
-2.199155,3,540.848707
-3.273457,4,540.899778
-3.340291,4,540.943867
-2.210357,3,540.985058
-2.174424,3,541.021665
-0.019196,1,541.031673
-2.247843,3,541.061705
-3.289122,4,541.11183
-1.082755,2,541.133854
-2.19546,3,541.162892
-1.134702,2,541.187152
-1.123329,2,541.209289
-0.046236,1,541.220868
-1.091298,2,541.238902
-3.288254,4,541.282995
-2.250646,3,541.319934
-2.259414,3,541.348032
-2.22019,3,541.378619
-2.1743,3,541.40985
-0.047244,1,541.423867
-3.309799,4,541.467495
-1.105822,2,541.492633
-3.332612,4,541.536784
-0.058581,1,541.553797
-3.289597,4,541.597853
-3.360524,4,541.641909
-2.284718,3,541.673663
-2.293175,3,541.708947
-3.368079,4,541.749686
-1.061604,2,541.772706
-1.112826,2,541.79373
-2.243153,3,541.833823
-2.210404,3,541.863858
-2.233759,3,541.895909
-0.043423,1,541.907578
-2.208349,3,541.944153
-3.439171,4,541.992807
-2.281301,3,542.023343
-2.266048,3,542.061614
-2.257875,3,542.103661
-3.368741,4,542.147799
-2.243496,3,542.183836
-3.319849,4,542.22395
-0.016368,1,542.2385
-3.334619,4,542.279613
-0.035939,1,542.289627
-0.032445,1,542.29864
-0.03327,1,542.313155
-0.034253,1,542.322787
-2.204945,3,542.350818
-2.184155,3,542.382854
-2.20356,3,542.414393
-0.036082,1,542.4239
-0.025254,1,542.432919
-2.200884,3,542.466093
-1.108528,2,542.497669
-1.097328,2,542.517151
-2.198252,3,542.547216
-3.36134,4,542.583824
-3.414229,4,542.642806
-2.252832,3,542.673837
-2.176206,3,542.710389
-2.243187,3,542.742063
-3.347192,4,542.793771
-2.271673,3,542.830978
-2.21475,3,542.865141
-3.289692,4,542.907691
-2.182324,3,542.945994
-3.33267,4,542.9876
-3.365925,4,543.0367
-1.05255,2,543.057731
-2.157365,3,543.097784
-2.193855,3,543.132325
-1.148614,2,543.159913
-2.202894,3,543.19878
-2.201398,3,543.233862
-2.24711,3,543.265946
-1.08489,2,543.289051
-3.2997,4,543.330865
-0.028578,1,543.345381
-1.146603,2,543.365923
-3.290014,4,543.407623
-2.208155,3,543.436682
-3.297726,4,543.487744
-3.341467,4,543.530052
-1.087116,2,543.548602
-2.161289,3,543.576633
-2.220643,3,543.613175
-2.198545,3,543.643719
-2.290877,3,543.672751
-1.102933,2,543.690772
-0.046245,1,543.705285
-2.193326,3,543.739944
-2.220332,3,543.771696
-2.192644,3,543.800733
-2.173277,3,543.839467
-0.020911,1,543.852976
-2.201813,3,543.881566
-2.189142,3,543.912101
-2.238917,3,543.955183
-1.088242,2,543.976207
-3.317593,4,544.020263
-2.179163,3,544.050842
-0.03212,1,544.071872
-2.238433,3,544.106577
-0.049732,1,544.120709
-3.323816,4,544.160756
-1.072396,2,544.193794
-1.093618,2,544.215333
-0.044011,1,544.23086
-3.471828,4,544.277012
-2.219809,3,544.320168
-0.024151,1,544.329767
-1.112375,2,544.350788
-0.04956,1,544.360798
-1.107813,2,544.388831
-2.203648,3,544.428387
-2.190409,3,544.460497
-3.301733,4,544.506666
-1.105672,2,544.537819
-0.048035,1,544.546826
-1.088711,2,544.570851
-2.205256,3,544.596644
-1.14847,2,544.621172
-2.201446,3,544.650757
-2.270388,3,544.678787
-3.403159,4,544.722341
-2.248739,3,544.76246
-1.135552,2,544.781603
-2.200649,3,544.809634
-3.317714,4,544.847694
-2.192616,3,544.887744
-3.325948,4,544.928831
-0.020822,1,544.941842
-2.1933,3,544.980896
-2.202811,3,545.018265
-1.083196,2,545.038876
-0.044502,1,545.050886
-1.078334,2,545.071967
-1.140572,2,545.103698
-0.049249,1,545.115716
-3.32242,4,545.16592
-3.317581,4,545.214234
-2.216849,3,545.249833
-2.206308,3,545.280862
-2.195808,3,545.313939
-1.089214,2,545.337013
-0.050492,1,545.354157
-2.188247,3,545.391742
-2.177983,3,545.427802
-3.292201,4,545.473851
-3.295746,4,545.526033
-0.015455,1,545.538063
-2.221941,3,545.570696
-2.269537,3,545.600725
-2.251144,3,545.633816
-1.084108,2,545.653836
-3.365476,4,545.69088
-1.091911,2,545.711001
-3.309282,4,545.758721
-2.200717,3,545.793763
-1.144251,2,545.820308
-1.131307,2,545.843886
-2.251078,3,545.882089
-0.044316,1,545.892618
-3.338474,4,545.93268
-2.236655,3,545.963718
-0.055697,1,545.97874
-3.295376,4,546.029872
-1.092808,2,546.055393
-3.40773,4,546.097665
-0.040276,1,546.112182
-2.175794,3,546.142375
-1.145935,2,546.163975
-2.235295,3,546.19806
-2.310074,3,546.235271
-2.159538,3,546.268819
-2.274416,3,546.29885
-0.034648,1,546.312371
-1.142824,2,546.345562
-0.043754,1,546.361642
-1.091322,2,546.38768
-2.214621,3,546.420811
-3.426026,4,546.477437
-3.328531,4,546.531768
-3.407195,4,546.590849
-2.241832,3,546.632547
-3.335271,4,546.683716
-2.18803,3,546.721815
-1.098328,2,546.742838
-3.402388,4,546.780879
-2.293994,3,546.814463
-3.334022,4,546.85767
-2.246587,3,546.886696
-0.030615,1,546.8952
-2.249947,3,546.930819
-2.176615,3,546.962853
-2.248706,3,546.993885
-3.353081,4,547.04005
-1.146917,2,547.066607
-0.037191,1,547.07762
-2.210394,3,547.112165
-2.157936,3,547.148745
-3.30111,4,547.203806
-2.179594,3,547.236348
-2.195377,3,547.278029
-0.043374,1,547.289051
-0.037243,1,547.30517
-2.219891,3,547.335223
-2.240333,3,547.36626
-2.244929,3,547.401803
-2.217886,3,547.445362
-2.211105,3,547.48407
-2.225547,3,547.527169
-1.059775,2,547.549816
-2.271255,3,547.593862
-2.263327,3,547.626019
-1.151716,2,547.652621
-1.120073,2,547.675141
-2.22493,3,547.715199
-1.106704,2,547.740836
-3.365852,4,547.788419
-1.078329,2,547.809496
-3.29563,4,547.861811
-1.091678,2,547.87983
-2.270738,3,547.908861
-2.144594,3,547.937402
-3.421523,4,547.980087
-1.105646,2,548.005137
-2.199103,3,548.037716
-0.043066,1,548.049748
-1.082783,2,548.071767
-0.017544,1,548.081778
-2.204236,3,548.121334
-1.110446,2,548.146369
-1.103041,2,548.182052
-2.179509,3,548.215682
-1.090561,2,548.240215
-2.226978,3,548.276778
-1.076918,2,548.300804
-0.021366,1,548.311821
-2.196244,3,548.344111
-3.321817,4,548.392675
-2.212705,3,548.430846
-0.010404,1,548.443862
-2.215854,3,548.48107
-3.309746,4,548.535412
-0.036497,1,548.55066
-2.316418,3,548.582691
-2.246098,3,548.621834
-2.151777,3,548.651872
-0.028264,1,548.671925
-0.045772,1,548.682488
-2.272581,3,548.719095
-0.020765,1,548.729103
-2.179909,3,548.771307
-3.328476,4,548.813857
-3.333675,4,548.859023
-2.204804,3,548.895104
-2.205613,3,548.941863
-2.215281,3,548.970944
-2.195297,3,548.99858
-2.198102,3,549.026772
-1.118897,2,549.055305
-2.183504,3,549.082831
-2.16793,3,549.111862
-3.377342,4,549.155179
-2.215783,3,549.190723
-2.224777,3,549.221882
-1.130463,2,549.243416
-1.135424,2,549.26394
-1.082856,2,549.292591
-1.071785,2,549.316128
-1.082487,2,549.337714
-1.056255,2,549.361748
-1.14372,2,549.389782
-1.098124,2,549.413313
-2.194558,3,549.455085
-2.18705,3,549.49263
-1.145453,2,549.521169
-2.197436,3,549.555712
-2.154815,3,549.590835
-2.27595,3,549.625378
-3.356913,4,549.675997
-2.245448,3,549.707654
-2.222697,3,549.737687
-3.501817,4,549.77972
-3.350782,4,549.830787
-1.114221,2,549.853809
-0.036058,1,549.863819
-3.441568,4,549.91088
-1.092837,2,549.93998
-2.229508,3,549.979796
-2.259026,3,550.015337
-3.394721,4,550.055384
-2.13053,3,550.090663
-2.247065,3,550.123706
-0.045735,1,550.133716
-2.233269,3,550.163745
-2.204506,3,550.198804
-3.330244,4,550.241852
-2.20256,3,550.270884
-2.231623,3,550.29804
-1.104683,2,550.322717
-1.090898,2,550.346753
-2.184965,3,550.37678
-1.096662,2,550.396802
-0.041694,1,550.412814
-0.027305,1,550.428899
-2.19512,3,550.46403
-2.212451,3,550.497579
-1.102181,2,550.527789
-2.280769,3,550.56383
-1.103536,2,550.587862
-2.251302,3,550.615889
-2.209783,3,550.657021
-3.306151,4,550.696656
-3.395162,4,550.737699
-2.2202,3,550.773732
-3.331337,4,550.822791
-3.283862,4,550.863834
-2.234899,3,550.90189
-0.039156,1,550.910943
-2.19126,3,550.948741
-2.206132,3,550.980773
-0.051562,1,550.993788
-2.251935,3,551.032839
-1.117394,2,551.05888
-1.080485,2,551.083419
-1.099938,2,551.106017
-0.037902,1,551.11703
-3.352227,4,551.157692
-1.094286,2,551.183725
-2.216344,3,551.226788
-1.128813,2,551.247818
-1.134989,2,551.270837
-2.187226,3,551.29887
-2.234074,3,551.331527
-3.305599,4,551.368649
-2.23405,3,551.39968
-2.222892,3,551.433714
-2.203284,3,551.476777
-3.320192,4,551.528838
-2.216534,3,551.570885
-1.122402,2,551.590936
-2.151601,3,551.62404
-2.231409,3,551.661679
-3.285087,4,551.708739
-1.079467,2,551.729762
-2.168684,3,551.763793
-3.411211,4,551.803835
-3.29055,4,551.853892
-0.004035,1,551.864483
-1.079805,2,551.887607
-1.097952,2,551.90863
-2.218387,3,551.948692
-3.306144,4,551.993737
-2.278317,3,552.026277
-2.239781,3,552.062834
-1.094226,2,552.092871
-2.212801,3,552.126028
-2.152505,3,552.15971
-2.27341,3,552.193745
-1.105601,2,552.217278
-2.220895,3,552.255373
-2.236358,3,552.287927
-2.206636,3,552.321579
-1.126216,2,552.34762
-1.148079,2,552.367113
-2.273723,3,552.396667
-3.355148,4,552.435206
-2.209978,3,552.473759
-3.30463,4,552.522823
-1.123999,2,552.543846
-0.014059,1,552.555359
-2.254742,3,552.591511
-3.307045,4,552.638597
-3.404319,4,552.681637
-3.306304,4,552.725185
-3.33076,4,552.775311
-2.174048,3,552.810856
-3.317129,4,552.861548
-0.055956,1,552.874056
-3.307119,4,552.921171
-1.06988,2,552.946779
-3.385392,4,552.990827
-0.041279,1,552.999838
-2.233077,3,553.0359
-1.112896,2,553.056937
-2.203278,3,553.09737
-2.2417,3,553.133722
-1.121588,2,553.163771
-2.224184,3,553.198819
-3.259363,4,553.244359
-3.290385,4,553.288406
-2.163324,3,553.32957
-2.19078,3,553.36111
-0.027368,1,553.373117
-0.01771,1,553.383647
-1.131579,2,553.409683
-2.154961,3,553.441742
-2.189261,3,553.475299
-1.112034,2,553.497824
-2.157005,3,553.549574
-0.034882,1,553.589653
-1.116502,2,553.633901
-2.236863,3,553.691762
-2.207357,3,553.756089
-1.084757,2,553.780685
-2.207,3,553.811717
-1.087094,2,553.833245
-0.017353,1,553.851883
-0.042044,1,553.866929
-2.226217,3,553.908643
-1.108417,2,553.938822
-2.247472,3,553.988514
-3.320403,4,554.042212
-3.326055,4,554.087858
-2.159262,3,554.117892
-1.143251,2,554.142467
-3.358889,4,554.21087
-1.118575,2,554.238927
-2.269736,3,554.283721
-0.02112,1,554.300749
-3.361618,4,554.346366
-1.102358,2,554.365897
-1.099249,2,554.390936
-3.390662,4,554.432354
-2.205398,3,554.463593
-0.02768,1,554.473603
-2.261757,3,554.512723
-1.111756,2,554.536253
-2.157699,3,554.567865
-3.379945,4,554.616618
-3.326175,4,554.655295
-2.261178,3,554.687831
-2.248513,3,554.717856
-2.279909,3,554.753979
-3.33656,4,554.793639
-1.12467,2,554.824178
-1.137598,2,554.853834
-3.314025,4,554.891875
-0.035868,1,554.903884
-3.327514,4,554.956131
-2.229972,3,554.996192
-1.108504,2,555.017174
-2.280552,3,555.052871
-1.119224,2,555.07953
-2.196311,3,555.118689
-3.302568,4,555.163757
-2.184609,3,555.198808
-2.234147,3,555.237861
-2.224358,3,555.271891
-2.22599,3,555.305299
-2.250067,3,555.342878
-3.368278,4,555.39364
-1.13302,2,555.422183
-2.142912,3,555.457784
-3.307008,4,555.510849
-0.039279,1,555.526369
-2.264002,3,555.558635
-2.216104,3,555.588666
-1.11294,2,555.615199
-1.114136,2,555.645816
-3.360801,4,555.688877
-2.238053,3,555.728108
-2.24474,3,555.755216
-0.011087,1,555.76773
-2.198634,3,555.805268
-3.40098,4,555.843912
-1.112136,2,555.863958
-2.264473,3,555.905199
-2.204952,3,555.939853
-2.212365,3,555.971887
-3.304362,4,556.013571
-2.269716,3,556.057754
-2.238101,3,556.086781
-2.22739,3,556.121333
-2.171912,3,556.161374
-1.118079,2,556.199603
-1.132296,2,556.22513
-2.209528,3,556.258791
-3.339994,4,556.303843
-2.222225,3,556.343391
-1.112533,2,556.364474
-1.134295,2,556.388016
-2.200988,3,556.421581
-3.340692,4,556.475149
-3.360007,4,556.528765
-2.214073,3,556.566309
-3.321763,4,556.637928
-2.299331,3,556.683619
-3.343136,4,556.732199
-1.124048,2,556.751286
-0.014063,1,556.763298
-2.229867,3,556.806966
-0.035896,1,556.81703
-2.186426,3,556.847269
-2.284643,3,556.875247
-2.181478,3,556.916304
-2.176918,3,556.947342
-1.139448,2,556.968127
-3.383846,4,557.013162
-1.096517,2,557.041706
-3.362929,4,557.088767
-0.047055,1,557.097776
-1.147136,2,557.127848
-2.220654,3,557.167439
-2.292002,3,557.207579
-2.231738,3,557.241644
-3.45354,4,557.285187
-2.199993,3,557.326253
-3.346401,4,557.368808
-3.272487,4,557.409852
-2.224142,3,557.444388
-2.22347,3,557.488585
-1.060794,2,557.509607
-2.246592,3,557.546203
-2.190518,3,557.582741
-2.222445,3,557.621811
-3.333813,4,557.67295
-1.122018,2,557.692018
-3.270939,4,557.739762
-3.352536,4,557.788821
-2.238566,3,557.816345
-1.111761,2,557.834362
-2.234098,3,557.86344
-2.244636,3,557.905057
-3.364495,4,557.946711
-1.072919,2,557.965228
-2.171945,3,558.006285
-2.191591,3,558.042999
-1.07745,2,558.064059
-2.278735,3,558.101649
-0.02624,1,558.115165
-1.127904,2,558.138764
-3.391955,4,558.180808
-3.349846,4,558.230366
-2.168684,3,558.261552
-2.250343,3,558.303825
-3.426884,4,558.355459
-2.185457,3,558.386074
-2.221238,3,558.42173
-0.03424,1,558.438857
-2.199934,3,558.470887
-3.274914,4,558.517112
-1.084098,2,558.540133
-2.273294,3,558.573794
-3.394639,4,558.619854
-2.234056,3,558.655969
-2.208446,3,558.688654
-1.082153,2,558.712673
-1.097293,2,558.738211
-2.20861,3,558.767795
-2.218078,3,558.796328
-2.239821,3,558.83238
-0.018011,1,558.84296
-0.026549,1,558.850971
-2.225509,3,558.888737
-1.133599,2,558.915269
-1.09205,2,558.942318
-2.263845,3,558.977369
-1.121268,2,558.997388
-0.013474,1,559.010505
-3.376267,4,559.05811
-2.184313,3,559.096689
-1.14518,2,559.121722
-2.195473,3,559.158943
-0.036872,1,559.171991
-2.290249,3,559.215143
-2.23922,3,559.255708
-0.035511,1,559.27176
-2.270631,3,559.313818
-3.288232,4,559.356898
-0.052199,1,559.369507
-1.098477,2,559.405078
-3.323092,4,559.455137
-2.197554,3,559.492693
-3.325394,4,559.538763
-2.274274,3,559.57881
-3.291202,4,559.62536
-1.100236,2,559.649894
-2.258899,3,559.683056
-0.035384,1,559.696608
-1.153386,2,559.721642
-3.2906,4,559.769199
-2.212156,3,559.800836
-2.245891,3,559.838908
-3.299962,4,559.88266
-2.255868,3,559.911689
-2.168787,3,559.939232
-2.212882,3,559.975334
-2.190849,3,560.003863
-3.317206,4,560.045958
-2.19,3,560.075133
-2.178179,3,560.109255
-3.379413,4,560.145805
-1.156142,2,560.164319
-2.249115,3,560.202863
-0.040597,1,560.218887
-2.223024,3,560.250614
-2.228156,3,560.288653
-2.192149,3,560.329781
-2.290903,3,560.365315
-3.34827,4,560.417459
-2.256951,3,560.450027
-3.343482,4,560.500628
-3.304962,4,560.555193
-2.2374,3,560.589737
-2.186495,3,560.620766
-2.200971,3,560.655305
-2.239211,3,560.69285
-2.175101,3,560.728949
-2.244529,3,560.761615
-3.2993,4,560.803656
-1.124889,2,560.828693
-3.346827,4,560.873738
-1.128806,2,560.893758
-3.307921,4,560.94082
-3.465186,4,560.993894
-2.221284,3,561.029573
-0.040818,1,561.039583
-0.029136,1,561.047594
-1.095608,2,561.071613
-2.25713,3,561.100648
-3.334369,4,561.135732
-3.381955,4,561.177705
-2.297454,3,561.211733
-1.117936,2,561.230751
-2.233669,3,561.257786
-3.293625,4,561.29883
-3.428645,4,561.347944
-1.117063,2,561.366976
-1.10168,2,561.390609
-0.007991,1,561.405129
-0.037861,1,561.422649
-3.294827,4,561.469707
-2.154374,3,561.506759
-0.041962,1,561.517303
-0.020502,1,561.52978
-2.230042,3,561.561812
-2.239002,3,561.593845
-0.022835,1,561.605364
-3.326062,4,561.659586
-3.277028,4,561.701625
-2.24507,3,561.736163
-0.039839,1,561.745235
-0.028786,1,561.766264
-3.337334,4,561.807809
-2.140551,3,561.840339
-2.188729,3,561.873365
-0.040322,1,561.888384
-2.298686,3,561.920993
-1.137813,2,561.943037
-0.016765,1,561.953056
-2.192701,3,561.98862
-2.183794,3,562.017227
-2.252859,3,562.050681
-2.185406,3,562.082717
-3.248103,4,562.126775
-2.197584,3,562.163829
-1.111972,2,562.183851
-1.096371,2,562.201874
-1.085131,2,562.222946
-1.105188,2,562.242006
-2.23311,3,562.273586
-3.312396,4,562.311626
-0.044638,1,562.325139
-1.08744,2,562.343748
-1.134221,2,562.362767
-2.210314,3,562.40082
-1.133452,2,562.426855
-0.041932,1,562.438932
-3.332123,4,562.484203
-2.269815,3,562.524251
-2.164301,3,562.561779
-2.215675,3,562.599831
-0.030732,1,562.610841
-2.236574,3,562.641881
-2.252675,3,562.682569
-2.173763,3,562.718619
-1.139143,2,562.74066
-1.106925,2,562.76168
-2.17357,3,562.802728
-2.185805,3,562.837275
-0.030756,1,562.847796
-2.227688,3,562.879834
-2.241194,3,562.922884
-3.401109,4,562.96536
-3.303334,4,563.012044
-2.163338,3,563.048908
-1.140719,2,563.077234
-0.02447,1,563.088773
-2.280074,3,563.123812
-2.199894,3,563.15888
-1.124488,2,563.188734
-0.03439,1,563.201757
-0.024941,1,563.212767
-1.115843,2,563.232297
-1.102579,2,563.265907
-2.214871,3,563.297646
-3.376009,4,563.339714
-2.159426,3,563.370754
-2.278505,3,563.411803
-2.20189,3,563.448972
-3.318468,4,563.509649
-2.178496,3,563.543202
-0.037632,1,563.559799
-2.212998,3,563.595336
-2.186035,3,563.630895
-2.239024,3,563.663717
-2.261783,3,563.71278
-2.238848,3,563.750873
-1.094273,2,563.77194
-3.376687,4,563.827761
-1.15159,2,563.863305
-2.248693,3,563.905219
-2.232226,3,563.946816
-2.189596,3,563.992872
-0.03335,1,564.012374
-1.099328,2,564.039678
-1.105039,2,564.067723
-1.088886,2,564.093746
-1.0897,2,564.130305
-2.296234,3,564.162977
-2.145017,3,564.191685
-1.091712,2,564.217716
-2.200161,3,564.279215
-1.152739,2,564.297829
-1.134829,2,564.317419
-2.148538,3,564.347016
-1.14375,2,564.375647
-2.214055,3,564.402725
-2.222629,3,564.430256
-2.303434,3,564.457989
-2.177072,3,564.508699
-3.323821,4,564.549806
-2.186784,3,564.60188
-2.22583,3,564.640781
-1.116117,2,564.67784
-2.199093,3,564.732313
-0.018053,1,564.745826
-1.102109,2,564.769347
-2.164416,3,564.815312
-2.132005,3,564.851945
-0.039262,1,564.862994
-2.282553,3,564.902753
-2.188818,3,564.939895
-3.341461,4,564.982747
-2.208194,3,565.023802
-1.148106,2,565.048337
-2.165769,3,565.092975
-1.124018,2,565.12011
-2.238972,3,565.156363
-1.117433,2,565.178916
-2.200462,3,565.218614
-3.288259,4,565.263666
-2.252877,3,565.293697
-0.050353,1,565.302705
-1.10836,2,565.332255
-3.424951,4,565.379122
-2.198601,3,565.406819
-2.212515,3,565.438354
-0.012169,1,565.453001
-2.276919,3,565.487067
-2.145761,3,565.521679
-1.142272,2,565.54622
-0.049679,1,565.566982
-2.185133,3,565.607616
-2.218211,3,565.639713
-3.275781,4,565.695267
-2.230132,3,565.733316
-2.187325,3,565.769544
-0.050086,1,565.783052
-2.228034,3,565.820718
-2.188709,3,565.855754
-3.357241,4,565.902848
-1.164119,2,565.928381
-1.090294,2,565.953032
-1.110375,2,565.978667
-1.088733,2,566.00269
-3.42178,4,566.05426
-1.089702,2,566.075341
-3.353889,4,566.136059
-2.177657,3,566.167711
-2.226718,3,566.202746
-3.300674,4,566.24785
-2.286015,3,566.288927
-0.0303,1,566.302564
-0.049988,1,566.315083
-2.216275,3,566.348757
-1.13623,2,566.375286
-2.190498,3,566.410831
-2.205797,3,566.439372
-0.044814,1,566.451174
-3.297372,4,566.503759
-3.31998,4,566.549328
-2.200888,3,566.582537
-0.042095,1,566.593045
-3.336339,4,566.639944
-0.039999,1,566.650001
-2.169777,3,566.69365
-2.214896,3,566.734213
-2.178342,3,566.780825
-2.276588,3,566.821873
-3.337728,4,566.878715
-2.190683,3,566.917776
-1.106715,2,566.947016
-2.213221,3,566.986627
-2.275922,3,567.022667
-2.204504,3,567.062784
-3.255475,4,567.121827
-2.235197,3,567.156
-2.272667,3,567.205376
-3.324832,4,567.259746
-3.282984,4,567.318817
-2.15688,3,567.353353
-1.130286,2,567.375905
-3.351202,4,567.421604
-2.261187,3,567.461774
-0.027885,1,567.471786
-3.315371,4,567.518849
-1.132003,2,567.543032
-2.242638,3,567.579692
-2.24582,3,567.60973
-1.104147,2,567.630749
-2.220305,3,567.665944
-2.244813,3,567.701728
-3.340277,4,567.747768
-1.120103,2,567.76731
-2.234836,3,567.802852
-1.097585,2,567.828902
-3.420553,4,567.877678
-2.209527,3,567.910709
-2.220088,3,567.946246
-1.08221,2,567.976805
-1.103596,2,567.997829
-2.272297,3,568.036386
-2.196521,3,568.087037
-1.086726,2,568.116627
-2.170902,3,568.15017
-2.292678,3,568.183758
-3.31689,4,568.230727
-2.286507,3,568.276315
-1.116558,2,568.303854
-0.040916,1,568.323885
-1.075828,2,568.352619
-1.119733,2,568.385159
-2.26385,3,568.419703
-2.158686,3,568.456142
-1.125926,2,568.482675
-1.085993,2,568.52274
-3.36484,4,568.577366
-2.209784,3,568.608513
-3.31575,4,568.651767
-2.274957,3,568.686315
-1.116663,2,568.70634
-2.224299,3,568.735877
-2.205448,3,568.765928
-2.220824,3,568.804179
-2.240475,3,568.83727
-1.127746,2,568.861826
-2.25549,3,568.887856
-2.230236,3,568.927585
-3.317074,4,568.976678
-3.333628,4,569.021732
-3.318976,4,569.076345
-2.202353,3,569.115394
-3.360639,4,569.158763
-3.322733,4,569.202808
-2.293831,3,569.237348
-3.411901,4,569.287787
-3.410819,4,569.336355
-2.24822,3,569.369901
-3.323691,4,569.417608
-2.201606,3,569.462736
-3.334899,4,569.517271
-3.360775,4,569.565933
-2.237803,3,569.600601
-2.279109,3,569.643155
-3.363534,4,569.699875
-3.327155,4,569.752598
-3.417166,4,569.812683
-2.205876,3,569.852915
-0.023077,1,569.863955
-1.097167,2,569.88608
-1.112512,2,569.912675
-2.210825,3,569.947772
-0.049184,1,569.958789
-1.100969,2,569.97781
-2.228736,3,570.017349
-3.354495,4,570.066028
-3.310297,4,570.111687
-0.024023,1,570.121701
-2.173077,3,570.159769
-2.243903,3,570.201819
-0.050936,1,570.216851
-0.045587,1,570.228863
-2.200018,3,570.260897
-3.320935,4,570.317649
-1.114205,2,570.337677
-2.167638,3,570.378723
-1.051755,2,570.401747
-1.086229,2,570.428779
-1.089242,2,570.451799
-0.043919,1,570.462825
-2.216586,3,570.501876
-0.016338,1,570.516908
-0.047065,1,570.529526
-1.141974,2,570.553643
-1.14248,2,570.579683
-1.11596,2,570.60972
-2.268625,3,570.642263
-2.217772,3,570.677302
-0.015143,1,570.686825
-2.157813,3,570.725367
-3.292739,4,570.769046
-3.347259,4,570.813694
-3.327426,4,570.851851
-3.307295,4,570.905575
-3.305055,4,570.948807
-2.251717,3,570.986849
-0.05467,1,571.006873
-2.229654,3,571.048745
-2.180112,3,571.088782
-1.151118,2,571.112808
-2.215453,3,571.155949
-3.376818,4,571.208658
-2.180402,3,571.25075
-2.193521,3,571.28178
-0.02429,1,571.297412
-1.098553,2,571.326336
-2.200993,3,571.373671
-2.260103,3,571.410726
-2.198986,3,571.451288
-1.152426,2,571.481929
-2.219801,3,571.52263
-0.05103,1,571.538165
-1.072301,2,571.567817
-1.102886,2,571.595351
-0.056076,1,571.608872
-2.273914,3,571.64447
-2.262412,3,571.689704
-1.139109,2,571.716345
-2.164519,3,571.760911
-3.385875,4,571.812704
-0.029738,1,571.825217
-3.346703,4,571.87889
-1.072583,2,571.901659
-3.35858,4,571.949803
-2.168504,3,571.981731
-3.337546,4,572.032945
-3.324381,4,572.088679
-2.213236,3,572.122713
-2.240583,3,572.157243
-2.256229,3,572.202859
-2.242588,3,572.239123
-3.360402,4,572.29108
-2.175619,3,572.329663
-2.195153,3,572.37672
-0.040892,1,572.389737
-2.186652,3,572.433794
-1.073758,2,572.469857
-1.131575,2,572.511672
-2.217275,3,572.551725
-1.139014,2,572.577342
-1.125049,2,572.599416
-2.191588,3,572.653655
-2.193159,3,572.707742
-1.092108,2,572.740787
-3.31841,4,572.79185
-1.081015,2,572.820034
-1.081094,2,572.84616
-0.048985,1,572.858699
-2.208644,3,572.966869
-3.355255,4,573.123856
-0.017527,1,573.163038
-1.106878,2,573.247765
-3.396736,4,573.42386
-2.200332,3,573.561818
-1.121544,2,573.64081
-1.132707,2,573.740233
-3.343015,4,573.895945
-1.108772,2,573.991793
-2.23065,3,574.113703
-2.18965,3,574.229895
-1.107407,2,574.313724
-2.283878,3,574.423922
-2.281953,3,574.533
-0.034821,1,574.575319
-3.457584,4,574.736702
-2.160701,3,574.873706
-3.379853,4,575.038765
-1.108933,2,575.116931
-2.247995,3,575.233641
-3.421324,4,575.389663
-3.378982,4,575.563879
-3.352419,4,575.749762
-1.058296,2,575.835654
-2.258908,3,575.981097
-1.090305,2,576.050782
-0.012247,1,576.09798
-0.038704,1,576.136747
-2.213082,3,576.271527
-3.334442,4,576.435208
-0.040238,1,576.478836
-3.282925,4,576.646265
-1.142795,2,576.739778
-3.337909,4,576.896269
-1.118362,2,576.98071
-0.020433,1,577.025286
-3.251562,4,577.200778
-2.248027,3,577.315163
-2.18794,3,577.443145
-2.269338,3,577.582812
-2.226709,3,577.717715
-1.109219,2,577.807709
-0.020785,1,577.847282
-2.243678,3,577.979078
-2.17442,3,578.106831
-2.189661,3,578.208694
-2.209844,3,578.352048
-1.145586,2,578.437771
-2.274565,3,578.574154
-2.193714,3,578.701721
-0.051204,1,578.743293
-2.167143,3,578.86399
-1.074259,2,578.956888
-1.080097,2,579.043342
-0.04377,1,579.076039
-1.088303,2,579.16397
-2.215462,3,579.277915
-3.309594,4,579.436684
-3.345827,4,579.607826
-1.076901,2,579.698874
-3.307265,4,579.900839
-2.2735,3,580.022692
-1.063292,2,580.102865
-2.253019,3,580.206645
-2.221011,3,580.313829
-2.179296,3,580.42604
-2.217905,3,580.570985
-3.330388,4,580.730787
-2.208856,3,580.870878
-2.160025,3,580.990602
-3.326621,4,581.147362
-1.110046,2,581.229903
-2.218627,3,581.349342
-2.233466,3,581.477923
-0.057912,1,581.537707
-2.196651,3,581.662826
-2.216394,3,581.793789
-2.209234,3,581.922822
-2.209453,3,582.044226
-0.007935,1,582.088811
-1.130437,2,582.185212
-2.242724,3,582.311749
-1.107882,2,582.393831
-2.262175,3,582.532819
-2.211534,3,582.673931
-1.142278,2,582.7642
-1.075894,2,582.851895
-2.161961,3,582.983087
-1.112316,2,583.071757
-2.209881,3,583.19186
-0.008399,1,583.22997
-3.284392,4,583.385206
-3.310165,4,583.559831
-3.293615,4,583.734537
-2.255462,3,583.849916
-1.122291,2,583.937774
-2.206613,3,584.063826
-3.343089,4,584.219846
-2.224205,3,584.327682
-3.326894,4,584.47205
-3.384299,4,584.649795
-1.136908,2,584.732984
-2.207895,3,584.857283
-2.269546,3,584.979865
-2.220048,3,585.113814
-2.176691,3,585.226344
-1.129052,2,585.29775
-0.029372,1,585.339802
-1.116522,2,585.419646
-3.413385,4,585.589514
-3.295511,4,585.751975
-2.200988,3,585.869503
-2.249,3,585.961103
-3.291323,4,586.077332
-2.200498,3,586.12514
-0.011351,1,586.145679
-1.113462,2,586.229734
-2.177162,3,586.382895
-2.232579,3,586.506293
-3.28215,4,586.667876
-2.182505,3,586.806843
-3.314977,4,586.96598
-2.217848,3,587.089798
-3.34733,4,587.253843
-2.183561,3,587.40371
-2.207782,3,587.521643
-3.354766,4,587.677649
-3.347964,4,587.842196
-2.296911,3,587.973803
-1.123328,2,588.059067
-1.065332,2,588.13871
-2.182133,3,588.26388
-1.064544,2,588.357853
-2.206328,3,588.469771
-3.325336,4,588.625245
-2.256579,3,588.742446
-0.043669,1,588.791652
-1.145624,2,588.869784
-3.284343,4,589.033698
-0.037267,1,589.068805
-2.241335,3,589.205132
-3.343238,4,589.378716
-2.158129,3,589.490686
-1.102246,2,589.570883
-2.17091,3,589.706823
-2.254997,3,589.821771
-2.238246,3,589.940757
-1.097715,2,590.018667
-2.239183,3,590.143381
-2.231758,3,590.267985
-0.036306,1,590.306664
-2.177548,3,590.421026
-3.406081,4,590.585241
-2.3028,3,590.69266
-2.231958,3,590.802863
-2.243628,3,590.915334
-0.043898,1,590.962503
-0.035503,1,591.000731
-2.233535,3,591.118683
-2.225648,3,591.247178
-1.074301,2,591.339035
-2.165924,3,591.438785
-0.03336,1,591.48051
-3.316401,4,591.638693
-3.39993,4,591.79284
-1.091603,2,591.869042
-1.088653,2,591.951245
-1.082579,2,592.035383
-0.045414,1,592.078716
-3.376211,4,592.245614
-2.284266,3,592.366695
-2.203467,3,592.46391
-1.115146,2,592.536714
-2.232686,3,592.595807
-2.254985,3,592.761938
-0.050592,1,592.798695
-0.042451,1,592.851275
-2.257597,3,592.963759
-0.046821,1,593.00983
-1.102119,2,593.09059
-2.230276,3,593.22865
-2.300071,3,593.358069
-3.417187,4,593.533891
-3.36355,4,593.687834
-1.133902,2,593.763736
-2.238002,3,593.895161
-2.19307,3,594.031919
-2.246699,3,594.14278
-3.441271,4,594.219922
-2.196919,3,594.343398
-3.357425,4,594.511818
-1.092152,2,594.593652
-1.077772,2,594.682496
-2.273493,3,594.805916
-3.342991,4,594.966686
-2.252681,3,595.083723
-3.397172,4,595.252847
-1.067831,2,595.338728
-0.027169,1,595.375399
-1.127827,2,595.460327
-2.225761,3,595.58376
-1.151907,2,595.667009
-1.101043,2,595.746264
-0.04034,1,595.788894
-0.039496,1,595.83516
-2.200282,3,595.954392
-2.186525,3,596.07747
-2.252503,3,596.208846
-2.156622,3,596.335993
-2.21142,3,596.478799
-1.073239,2,596.550625
-1.10714,2,596.633747
-3.418548,4,596.790801
-2.248138,3,596.908703
-2.202063,3,597.033754
-3.288314,4,597.206806
-1.106328,2,597.286651
-1.1436,2,597.376879
-1.150682,2,597.432717
-1.095248,2,597.496881
-3.301043,4,597.667145
-0.012053,1,597.708817
-0.037635,1,597.75541
-2.186292,3,597.87309
-1.103884,2,597.975554
-2.181645,3,598.110715
-0.029257,1,598.15531
-0.034837,1,598.199877
-2.210213,3,598.335262
-2.193562,3,598.478861
-3.311088,4,598.646338
-1.08558,2,598.733728
-3.3203,4,598.883312
-1.140965,2,598.965999
-3.346572,4,599.119087
-3.321946,4,599.275363
-2.162803,3,599.377898
-1.057554,2,599.457812
-2.197447,3,599.568139
-3.30985,4,599.718683
-2.220142,3,599.836252
-2.258379,3,599.945651
-1.06879,2,600.02192
-1.131682,2,600.10175
-2.27319,3,600.233715
-2.208742,3,600.350266
-2.168359,3,600.466356
-1.113071,2,600.555735
-2.177862,3,600.687693
-0.044215,1,600.730752
-3.331162,4,600.893605
-1.149084,2,600.968812
-2.260409,3,601.100791
-2.264207,3,601.231752
-2.198517,3,601.356774
-2.19119,3,601.477787
-2.211837,3,601.609776
-1.117668,2,601.687051
-2.2048,3,601.79785
-2.215183,3,601.928756
-3.439148,4,602.113658
-2.134896,3,602.245214
-0.043495,1,602.283042
-3.366201,4,602.458955
-1.109364,2,602.557244
-2.244046,3,602.677613
-0.044022,1,602.712651
-3.337158,4,602.878108
-2.197812,3,603.007806
-2.254962,3,603.122676
-2.256615,3,603.255347
-3.326368,4,603.432816
-2.231039,3,603.570794
-2.222949,3,603.687638
-2.231769,3,603.822974
-2.214736,3,603.961637
-2.195813,3,604.096847
-3.306676,4,604.265353
-2.241127,3,604.390795
-3.323774,4,604.560856
-3.318796,4,604.739916
-3.302734,4,604.8911
-2.181645,3,605.017735
-1.1207,2,605.105385
-2.189675,3,605.226877
-2.18457,3,605.366025
-3.335983,4,605.542822
-3.349598,4,605.700857
-1.074742,2,605.781688
-1.119307,2,605.856299
-2.290616,3,605.985141
-3.281827,4,606.139723
-1.088539,2,606.232671
-3.415016,4,606.409855
-3.343958,4,606.590651
-2.230416,3,606.70604
-3.369888,4,606.871843
-1.119287,2,606.95126
-2.219253,3,607.081967
-2.229189,3,607.198757
-2.301521,3,607.338674
-2.220154,3,607.465357
-1.077875,2,607.548654
-3.260556,4,607.712512
-1.138483,2,607.805419
-2.178315,3,607.936271
-2.273798,3,608.056717
-3.346443,4,608.220682
-1.092588,2,608.302814
-3.328652,4,608.49284
-2.246098,3,608.62284
-3.326356,4,608.785379
-2.180749,3,608.918841
-3.311281,4,609.08988
-2.255501,3,609.223751
-1.101566,2,609.29186
-1.083933,2,609.380713
-2.193378,3,609.502987
-2.18481,3,609.617807
-1.16352,2,609.700784
-1.1177,2,609.786634
-2.189373,3,609.889785
-0.054431,1,609.927572
-3.366517,4,610.096884
-2.283847,3,610.22284
-3.344335,4,610.372802
-1.124573,2,610.46368
-0.051316,1,610.516772
-0.047554,1,610.573849
-0.048351,1,610.604261
-1.111827,2,610.691905
-1.110654,2,610.776848
-3.275561,4,610.941822
-2.259768,3,611.078819
-1.155138,2,611.159073
-2.185728,3,611.284358
-2.183066,3,611.433897
-1.065603,2,611.527838
-1.079759,2,611.617306
-1.130412,2,611.693825
-3.392989,4,611.859851
-1.109863,2,611.933671
-2.207569,3,612.067891
-3.315509,4,612.236847
-1.103799,2,612.31877
-3.394642,4,612.486981
-2.254289,3,612.619869
-1.121081,2,612.702715
-3.319762,4,612.875312
-2.237031,3,612.99879
-2.22714,3,613.129711
-0.028601,1,613.178789
-2.170644,3,613.313718
-2.258865,3,613.437929
-2.292123,3,613.557384
-0.007565,1,613.597538
-2.201042,3,613.727872
-2.177637,3,613.837719
-2.270039,3,613.95639
-2.207198,3,614.09381
-3.33268,4,614.267957
-2.202585,3,614.397704
-1.132865,2,614.475351
-0.031149,1,614.516061
-2.177665,3,614.669957
-2.259935,3,614.796382
-0.041645,1,614.832088
-3.304878,4,615.003865
-3.304075,4,615.190093
-3.381857,4,615.373808
-1.107377,2,615.476787
-1.118534,2,615.573065
-0.027694,1,615.619774
-1.111403,2,615.718058
-2.225604,3,615.839482
-2.229539,3,615.961308
-2.236652,3,616.103861
-3.339247,4,616.275365
-0.022203,1,616.323647
-0.038688,1,616.369621
-2.258868,3,616.506578
-0.027501,1,616.55216
-2.259813,3,616.6725
-1.105551,2,616.755706
-3.312759,4,616.902039
-2.27368,3,617.021574
-1.073918,2,617.108816
-2.180602,3,617.230649
-2.225429,3,617.360192
-1.143709,2,617.440581
-2.171508,3,617.565361
-2.215763,3,617.685291
-0.033554,1,617.743881
-2.176341,3,617.876363
-3.297226,4,618.015366
-3.303643,4,618.203048
-0.004858,1,618.247808
-0.044029,1,618.288717
-2.225536,3,618.42108
-2.180906,3,618.525286
-2.169796,3,618.669076
-1.109616,2,618.731688
-1.059118,2,618.810882
-1.148205,2,618.903994
-2.170396,3,619.017725
-1.122235,2,619.107916
-2.290722,3,619.231821
-2.230507,3,619.370872
-1.113802,2,619.465376
-0.01414,1,619.495259
-2.240235,3,619.608041
-0.024776,1,619.64531
-1.158573,2,619.738821
-2.202316,3,619.846177
-1.128885,2,619.930861
-1.061963,2,620.010658
-2.189949,3,620.123739
-2.187313,3,620.252287
-3.37764,4,620.433675
-2.277092,3,620.517715
-1.103385,2,620.608068
-0.045509,1,620.658844
-3.427018,4,620.838646
-2.226175,3,620.953871
-2.255567,3,621.087371
-2.255574,3,621.197714
-1.054272,2,621.267187
-1.082112,2,621.368615
-2.15901,3,621.490873
-1.088102,2,621.563834
-2.250408,3,621.702787
-2.197884,3,621.840883
-3.317405,4,622.013728
-2.214496,3,622.117668
-2.191859,3,622.223777
-1.125701,2,622.305133
-0.034547,1,622.355721
-3.360748,4,622.488837
-2.221411,3,622.617818
-2.21167,3,622.758174
-2.173841,3,622.903776
-1.091214,2,622.983188
-2.223481,3,623.107896
-2.22269,3,623.250809
-2.187612,3,623.391822
-2.248868,3,623.511741
-0.03776,1,623.557848
-3.337671,4,623.745171
-2.167508,3,623.874031
-2.24785,3,623.996736
-2.187442,3,624.117698
-0.056154,1,624.160894
-2.276753,3,624.29816
-2.192459,3,624.436042
-2.177291,3,624.540761
-2.231179,3,624.669732
-0.012755,1,624.718814
-1.078015,2,624.806781
-2.249046,3,624.92668
-2.235849,3,625.059919
-2.296586,3,625.17602
-2.146711,3,625.306847
-2.277755,3,625.443884
-3.300042,4,625.569038
-3.332728,4,625.746812
-2.223303,3,625.833749
-2.272586,3,625.967839
-1.085785,2,626.048709
-3.312575,4,626.202849
-3.340164,4,626.360508
-1.126658,2,626.43877
-2.237067,3,626.571338
-3.331524,4,626.746279
-2.270064,3,626.871832
-1.154349,2,626.958251
-3.312181,4,627.113869
-2.280599,3,627.2407
-2.166658,3,627.366256
-3.370353,4,627.532886
-1.087253,2,627.62385
-2.266479,3,627.757326
-0.056468,1,627.803062
-0.023321,1,627.842849
-3.260828,4,628.005317
-2.160578,3,628.142054
-1.127056,2,628.202876
-2.230621,3,628.345228
-0.041982,1,628.393792
-3.392778,4,628.559272
-2.153819,3,628.682876
-2.268473,3,628.813693
-2.264132,3,628.943608
-2.16945,3,629.072057
-2.238037,3,629.193595
-2.251998,3,629.329635
-1.136282,2,629.413843
-2.208904,3,629.567064
-2.261163,3,629.68888
-2.204252,3,629.816037
-3.340524,4,629.98389
-1.120374,2,630.067722
-3.373277,4,630.223667
-3.313004,4,630.388665
-2.243917,3,630.527209
-1.092738,2,630.59367
-2.196634,3,630.725203
-1.051468,2,630.807693
-0.033398,1,630.853266
-0.043051,1,630.900893
-2.21931,3,631.0188
-0.037947,1,631.05636
-1.068096,2,631.129672
-1.108589,2,631.221573
-3.336316,4,631.375989
-2.203505,3,631.506737
-2.224461,3,631.639769
-2.220488,3,631.771999
-1.072011,2,631.863871
-2.188987,3,632.000669
-0.031788,1,632.031708
-2.276302,3,632.150972
-0.008679,1,632.196695
-2.267235,3,632.32709
-3.443807,4,632.500892
-0.048496,1,632.550199
-2.227576,3,632.708636
-1.113362,2,632.777874
-2.221409,3,632.913854
-2.158929,3,633.048719
-1.086974,2,633.129018
-3.290801,4,633.30063
-2.150877,3,633.428609
-2.236132,3,633.581587
-1.101136,2,633.666249
-2.167053,3,633.786321
-0.03092,1,633.832962
-2.21019,3,633.960356
-2.247329,3,634.10665
-2.28242,3,634.22507
-2.222848,3,634.346234
-3.273384,4,634.510926
-0.033828,1,634.552112
-2.264768,3,634.690766
-2.251062,3,634.820769
-2.305202,3,634.964238
-2.174887,3,635.10174
-1.101984,2,635.188733
-3.381168,4,635.362824
-3.250773,4,635.545272
-1.108324,2,635.632084
-1.151946,2,635.733782
-3.328276,4,635.907836
-2.252502,3,636.040793
-0.039385,1,636.075562
-2.324169,3,636.199701
-1.109414,2,636.271879
-1.089404,2,636.370882
-1.076275,2,636.458295
-3.411811,4,636.634012
-1.097883,2,636.705112
-2.26693,3,636.837893
-2.185784,3,636.965314
-3.255381,4,637.119708
-2.172182,3,637.243895
-3.294943,4,637.401756
-2.256914,3,637.532712
-2.188844,3,637.664472
-1.084724,2,637.757389
-1.117891,2,637.838733
-1.062946,2,637.921781
-2.218351,3,638.043791
-2.237431,3,638.160352
-3.316762,4,638.349858
-1.091926,2,638.422813
-2.205942,3,638.548084
-1.115112,2,638.636005
-3.384593,4,638.810722
-0.027439,1,638.870959
-2.206227,3,639.000833
-2.301736,3,639.133746
-1.132366,2,639.220705
-2.233785,3,639.345201
-1.067981,2,639.41989
-3.280921,4,639.583777
-2.259622,3,639.708654
-1.132673,2,639.793964
-2.210342,3,639.918858
-2.231078,3,640.040381
-2.260014,3,640.161824
-3.35247,4,640.318873
-1.083798,2,640.400749
-2.230893,3,640.542615
-3.383698,4,640.726743
-2.270754,3,640.857295
-1.121924,2,640.932817
-2.277421,3,641.051957
-3.392816,4,641.213849
-2.225367,3,641.318053
-3.341625,4,641.418265
-0.01556,1,641.448898
-2.259305,3,641.535271
-1.080857,2,641.610724
-1.160058,2,641.703764
-1.131855,2,641.761536
-1.118123,2,641.845307
-3.384496,4,642.000627
-2.184351,3,642.129027
-2.165968,3,642.241653
-3.363391,4,642.396205
-2.223179,3,642.525212
-2.226252,3,642.666909
-1.08149,2,642.749795
-2.26927,3,642.880216
-3.340025,4,643.07611
-3.327293,4,643.243029
-2.242123,3,643.342805
-1.10768,2,643.428743
-3.373858,4,643.625187
-2.277858,3,643.754396
-2.230455,3,643.886878
-3.331518,4,644.054371
-1.116615,2,644.123823
-2.23018,3,644.228729
-0.014275,1,644.263773
-0.032334,1,644.31085
-2.159823,3,644.411809
-1.066339,2,644.491743
-1.149445,2,644.569864
-2.240654,3,644.68193
-0.045114,1,644.71873
-1.116692,2,644.79987
-2.242964,3,644.926825
-1.101236,2,645.005236
-3.304042,4,645.171818
-1.110512,2,645.28184
-3.373681,4,645.441089
-3.366651,4,645.551001
-2.246456,3,645.651915
-2.223657,3,645.735293
-1.126171,2,645.806991
-2.199396,3,645.905461
-2.2899,3,645.986676
-2.253414,3,646.103885
-2.193817,3,646.201807
-1.110821,2,646.25725
-1.132474,2,646.328964
-2.227498,3,646.427592
-3.313274,4,646.535234
-2.17773,3,646.644278
-2.201167,3,646.746908
-2.202789,3,646.866654
-3.357381,4,647.003828
-1.098994,2,647.087374
-2.201327,3,647.199728
-3.387784,4,647.336721
-2.202255,3,647.439877
-3.341961,4,647.583073
-2.153051,3,647.683156
-0.033426,1,647.722782
-1.101704,2,647.795502
-2.21067,3,647.909804
-1.081281,2,647.990618
-2.213275,3,648.105344
-0.009702,1,648.160021
-3.299925,4,648.32596
-3.283338,4,648.471853
-2.261177,3,648.555441
-2.245834,3,648.632745
-3.420363,4,648.763557
-2.263626,3,648.845387
-2.210051,3,648.963777
-3.300816,4,649.12984
-0.034103,1,649.176962
-3.354528,4,649.352899
-2.277394,3,649.463772
-2.253476,3,649.594379
-0.017625,1,649.640649
-2.188961,3,649.767885
-3.407002,4,649.933549
-1.125581,2,650.00885
-1.098714,2,650.099771
-2.282761,3,650.2508
-3.380806,4,650.397301
-2.146582,3,650.50399
-1.089858,2,650.570848
-2.23246,3,650.697834
-2.293793,3,650.8252
-1.117648,2,650.912387
-2.280451,3,651.048343
-3.333342,4,651.160255
-3.34064,4,651.319682
-0.01279,1,651.33724
-1.149219,2,651.417522
-0.05824,1,651.458127
-2.24921,3,651.561221
-2.140202,3,651.690634
-1.104671,2,651.771946
-2.172769,3,651.889642
-1.088701,2,651.946237
-2.259696,3,652.057353
-2.326168,3,652.193725
-2.230101,3,652.305262
-3.315017,4,652.496666
-1.118727,2,652.587857
-1.114254,2,652.6778
-2.240935,3,652.815516
-3.284863,4,652.988057
-3.37186,4,653.146204
-2.203157,3,653.293749
-1.126895,2,653.367378
-2.161981,3,653.480763
-3.367554,4,653.646241
-1.071519,2,653.738662
-2.250131,3,653.873135
-2.200419,3,653.981365
-2.233775,3,654.113662
-3.364614,4,654.272297
-2.187912,3,654.395163
-2.158486,3,654.495831
-3.353844,4,654.652083
-2.189244,3,654.77302
-3.328184,4,654.953824
-0.011068,1,654.992044
-3.362566,4,655.142757
-2.237604,3,655.272223
-3.284585,4,655.453883
-2.208662,3,655.577271
-2.291435,3,655.702903
-3.352919,4,655.882822
-0.010432,1,655.922902
-1.109092,2,655.999762
-1.103552,2,656.084005
-1.123002,2,656.165856
-2.271438,3,656.274557
-2.129246,3,656.3908
-1.091788,2,656.471201
-3.315825,4,656.608875
-1.094635,2,656.682952
-1.110603,2,656.760167
-3.405295,4,656.92075
-1.105226,2,657.009768
-1.097408,2,657.099691
-2.228109,3,657.22523
-0.034975,1,657.262293
-1.06789,2,657.352982
-2.215835,3,657.458687
-0.057292,1,657.490924
-2.20371,3,657.615124
-3.343526,4,657.785934
-3.342025,4,657.968795
-2.189828,3,658.08766
-1.094477,2,658.183313
-3.365676,4,658.373239
-2.224281,3,658.511821
-3.311319,4,658.698725
-2.166034,3,658.794114
-3.33671,4,658.921948
-2.244596,3,659.017835
-3.3458,4,659.168161
-0.034797,1,659.219809
-1.119113,2,659.304045
-2.265254,3,659.449033
-2.201143,3,659.56337
-2.219902,3,659.686288
-0.010817,1,659.733868
-1.106119,2,659.818885
-3.279425,4,659.988918
-2.24883,3,660.135202
-3.230261,4,660.26283
-1.102615,2,660.336246
-2.186945,3,660.424128
-1.115128,2,660.483625
-2.179531,3,660.574277
-3.324636,4,660.722717
-2.21202,3,660.809978
-0.026319,1,660.847635
-1.088327,2,660.906889
-3.481799,4,661.050824
-1.074147,2,661.117694
-3.313425,4,661.253721
-0.037521,1,661.298967
-2.244335,3,661.413867
-2.224958,3,661.500833
-2.239509,3,661.575766
-2.259383,3,661.653861
-1.080748,2,661.699075
-2.183785,3,661.815215
-0.020294,1,661.847773
-3.315935,4,661.959743
-0.040084,1,661.988879
-0.027396,1,662.018185
-2.219118,3,662.107792
-1.136532,2,662.183573
-2.204511,3,662.281883
-2.193904,3,662.379948
-0.016094,1,662.414494
-3.284415,4,662.558734
-2.189735,3,662.663288
-2.210882,3,662.762233
-2.191568,3,662.85363
-1.080605,2,662.928895
-3.305871,4,663.066121
-3.362909,4,663.192153
-2.217366,3,663.279332
-2.246803,3,663.388958
-1.129103,2,663.456711
-2.232212,3,663.539586
-3.34733,4,663.694149
-2.157803,3,663.799762
-2.251721,3,663.902745
-1.067347,2,663.965852
-2.242931,3,664.052587
-0.036811,1,664.088798
-2.260272,3,664.180769
-3.392388,4,664.32272
-0.01852,1,664.362296
-2.186408,3,664.465397
-3.282083,4,664.616649
-2.191557,3,664.709896
-2.225347,3,664.798736
-1.11837,2,664.853827
-2.19597,3,664.936827
-2.211224,3,665.025342
-1.087711,2,665.07764
-3.403397,4,665.201387
-1.161371,2,665.2803
-3.379833,4,665.413625
-3.321714,4,665.54367
-0.04868,1,665.576779
-3.278206,4,665.706766
-3.383385,4,665.877973
-3.332616,4,666.033776
-2.162006,3,666.147807
-2.129039,3,666.247451
-2.225557,3,666.377509
-1.156532,2,666.478512
-1.122009,2,666.548767
-3.264459,4,666.712195
-0.037265,1,666.751866
-2.218025,3,667.240891
-1.094165,2,667.321606
-0.050234,1,667.365687
-2.265469,3,667.490792
-1.12449,2,667.556637
-2.13256,3,667.674064
-2.214286,3,667.799096
-1.12959,2,667.881027
-0.0244,1,667.91966
-2.286884,3,668.047074
-2.210609,3,668.14085
-0.053207,1,668.186101
-3.288251,4,668.310712
-3.32551,4,668.45079
-3.333947,4,668.575199
-1.110066,2,668.652074
-2.307564,3,668.787628
-3.361008,4,668.980273
-2.263434,3,669.067
-3.315787,4,669.179702
-1.142938,2,669.253803
-3.320184,4,669.418678
-2.227264,3,669.527108
-1.101444,2,669.618684
-3.290887,4,669.783877
-1.121174,2,669.876805
-2.188351,3,670.000793
-1.089098,2,670.108716
-1.075623,2,670.19385
-0.039611,1,670.250065
-2.24419,3,670.392689
-3.323941,4,670.586208
-0.024889,1,670.626272
-2.248523,3,670.762677
-2.231131,3,670.908027
-2.199817,3,671.027876
-2.261261,3,671.155243
-3.369582,4,671.330714
-2.258745,3,671.456153
-2.192079,3,671.562696
-2.147129,3,671.693102
-2.199055,3,671.825099
-2.206317,3,671.943821
-2.130914,3,672.069117
-2.214203,3,672.190121
-1.102176,2,672.282815
-2.233213,3,672.38869
-1.12723,2,672.459799
-2.202891,3,672.555131
-1.131806,2,672.625241
-2.222938,3,672.729023
-1.137274,2,672.820737
-2.226499,3,672.92278
-2.251537,3,673.035316
-1.162144,2,673.11307
-3.407037,4,673.272829
-1.107048,2,673.353752
-2.228975,3,673.482623
-2.246734,3,673.597814
-3.388011,4,673.733808
-3.386192,4,673.897893
-1.143881,2,673.989802
-0.013939,1,674.035373
-0.022306,1,674.066138
-2.243116,3,674.197868
-1.127313,2,674.279807
-2.200278,3,674.366259
-1.113804,2,674.440876
-3.280067,4,674.585319
-1.095596,2,674.661617
-3.406004,4,674.813848
-2.200408,3,674.935315
-2.25163,3,675.061719
-3.469938,4,675.236878
-3.360436,4,675.366804
-1.128922,2,675.418718
-2.248197,3,675.51888
-2.192008,3,675.64141
-1.098269,2,675.733126
-1.075753,2,675.793754
-1.117894,2,675.879963
-1.125467,2,675.968793
-3.326206,4,676.083376
-2.169146,3,676.201806
-1.137481,2,676.298782
-2.274554,3,676.413279
-0.029252,1,676.448636
-2.175924,3,676.551832
-2.188391,3,676.686346
-3.345351,4,676.847712
-0.024034,1,676.88992
-0.009329,1,676.935223
-2.229824,3,677.067411
-1.133224,2,677.159787
-3.39874,4,677.326045
-2.2426,3,677.449833
-2.276619,3,677.580722
-2.233193,3,677.722113
-2.217634,3,677.849779
-2.266503,3,677.959807
-1.070283,2,678.038676
-3.270568,4,678.182614
-1.076568,2,678.251817
-3.283666,4,678.392803
-1.112594,2,678.459054
-1.118282,2,678.521804
-2.179986,3,678.636271
-2.212327,3,678.753692
-3.369311,4,678.921692
-0.02311,1,678.969773
-2.251715,3,679.08376
-2.258677,3,679.195374
-1.134685,2,679.257699
-3.338447,4,679.38862
-2.18985,3,679.483022
-3.368724,4,679.622046
-1.123508,2,679.703797
-2.167222,3,679.845276
-3.319516,4,680.029691
-2.249993,3,680.165126
-3.356073,4,680.347706
-2.238999,3,680.485511
-0.022291,1,680.523943
-1.111587,2,680.601026
-1.145335,2,680.67985
-3.337239,4,680.864129
-3.422864,4,681.026733
-3.355014,4,681.180548
-2.209081,3,681.28262
-2.289062,3,681.435387
-1.149036,2,681.528656
-2.258645,3,681.618715
-3.360258,4,681.774431
-2.227937,3,681.901961
-3.317308,4,682.059479
-2.198001,3,682.170246
-1.093528,2,682.233598
-1.124894,2,682.326361
-2.2281,3,682.411769
-2.29634,3,682.497804
-3.335656,4,682.623227
-2.2416,3,682.725314
-3.333963,4,682.871335
-2.260055,3,682.995483
-2.253624,3,683.112835
-1.153602,2,683.192208
-2.198065,3,683.318886
-2.151055,3,683.422631
-3.351583,4,683.562839
-2.258563,3,683.657701
-2.199681,3,683.736144
-3.370279,4,683.844085
-1.090182,2,683.925183
-2.203564,3,684.055325
-2.249349,3,684.182289
-1.134695,2,684.27632
-1.130408,2,684.352045
-2.176859,3,684.48785
-3.352474,4,684.646836
-1.136736,2,684.718748
-0.042056,1,684.761816
-2.254397,3,684.880278
-2.264972,3,684.986796
-3.428365,4,685.111658
-2.220554,3,685.20296
-0.023816,1,685.241666
-2.179353,3,685.353644
-1.099663,2,685.420845
-1.110236,2,685.497977
-3.383071,4,685.633886
-2.24793,3,685.729438
-3.27596,4,685.882995
-2.190377,3,685.992289
-1.108408,2,686.061738
-2.208402,3,686.183854
-3.317403,4,686.357858
-0.048614,1,686.382888
-3.356485,4,686.492275
-2.235482,3,686.561638
-0.032701,1,686.586269
-1.135798,2,686.646868
-1.117992,2,686.716753
-2.243017,3,686.810046
-2.248502,3,686.919824
-1.134241,2,686.987539
-1.073292,2,687.085277
-3.373153,4,687.225401
-2.277834,3,687.321693
-3.338291,4,687.45273
-0.039243,1,687.487968
-1.092613,2,687.548669
-1.136242,2,687.608891
-2.159151,3,687.707472
-2.204654,3,687.817764
-2.206407,3,687.917656
-1.120848,2,687.991993
-2.26999,3,688.095856
-2.258289,3,688.212732
-3.3024,4,688.338767
-3.300915,4,688.472865
-1.115597,2,688.531626
-3.302873,4,688.669518
-3.290602,4,688.809996
-3.360974,4,688.95705
-2.252483,3,689.076271
-1.107036,2,689.166052
-2.236507,3,689.256371
-0.04627,1,689.303056
-1.111167,2,689.367748
-0.059206,1,689.415852
-0.037562,1,689.448677
-0.04586,1,689.478773
-2.194271,3,689.565434
-0.047722,1,689.601747
-1.122529,2,689.663852
-2.244253,3,689.756714
-3.309216,4,689.902858
-1.098517,2,689.975226
-1.05179,2,690.04893
-2.275885,3,690.155605
-2.167946,3,690.273159
-1.090908,2,690.365194
-3.341721,4,690.540257
-2.252393,3,690.657572
-3.250195,4,690.811695
-2.242156,3,690.941804
-2.241463,3,691.036028
-3.292866,4,691.191829
-1.105,2,691.266203
-2.271905,3,691.374172
-3.343942,4,691.523106
-2.196248,3,691.64373
-2.220461,3,691.765235
-3.339991,4,691.937515
-3.379402,4,692.061703
-2.268493,3,692.152692
-3.290165,4,692.293297
-2.269766,3,692.406014
-1.096988,2,692.46756
-0.037669,1,692.502294
-1.075457,2,692.551731
-3.298431,4,692.703726
-1.098154,2,692.75983
-3.340839,4,692.897691
-2.168238,3,692.985924
-1.1297,2,693.053768
-1.107158,2,693.116118
-3.299582,4,693.262769
-2.246652,3,693.375298
-2.214051,3,693.493585
-2.281872,3,693.593311
-2.251729,3,693.701847
-2.23953,3,693.802483
-1.127111,2,693.897705
-0.012268,1,693.927758
-3.291633,4,694.080337
-2.202818,3,694.201853
-3.252123,4,694.3638
-0.043921,1,694.407888
-2.182255,3,694.515863
-2.254139,3,694.619856
-2.166613,3,694.743876
-1.117126,2,694.817891
-3.277031,4,694.953862
-2.179344,3,695.047816
-2.188046,3,695.158729
-3.371016,4,695.304142
-2.183739,3,695.410675
-2.205229,3,695.513688
-0.047123,1,695.557893
-1.085583,2,695.636705
-3.340153,4,695.782831
-3.422971,4,695.917707
-0.022135,1,695.958774
-1.140895,2,696.023062
-0.040349,1,696.051848
-3.332689,4,696.200841
-2.262077,3,696.333791
-2.223354,3,696.456045
-2.215039,3,696.583182
-2.253989,3,696.717645
-2.217938,3,696.833897
-1.066741,2,696.920659
-3.395453,4,697.093217
-1.12089,2,697.174301
-3.321095,4,697.335287
-1.112599,2,697.417201
-1.086743,2,697.518714
-3.40061,4,697.675168
-2.257584,3,697.813762
-2.211547,3,697.961755
-3.287951,4,698.121675
-1.094961,2,698.19998
-0.016007,1,698.248718
-2.243431,3,698.369839
-3.248463,4,698.519835
-1.07504,2,698.583338
-1.098363,2,698.648752
-2.271267,3,698.76371
-1.097797,2,698.823846
-2.209802,3,698.937122
-1.150251,2,699.030777
-1.07476,2,699.101619
-0.053147,1,699.143691
-0.020641,1,699.193864
-3.330589,4,699.363791
-1.105981,2,699.463894
-2.15451,3,699.579816
-1.130611,2,699.669779
-1.122606,2,699.741839
-1.132716,2,699.79252
-3.31901,4,699.906772
-3.288957,4,700.022655
-3.329813,4,700.20071
-2.177422,3,700.310868
-2.167563,3,700.438799
-2.187344,3,700.5377
-1.107401,2,700.632837
-1.132772,2,700.729748
-3.353833,4,700.900766
-2.206823,3,701.016092
-2.206161,3,701.146837
-1.132209,2,701.209093
-2.203326,3,701.320772
-1.106956,2,701.386371
-3.311965,4,701.542826
-2.263789,3,701.672709
-0.037962,1,701.719779
-2.213056,3,701.842017
-2.21282,3,701.973626
-2.218808,3,702.092781
-1.05915,2,702.172938
-2.149752,3,702.302841
-1.105981,2,702.375118
-2.136226,3,702.484299
-0.018114,1,702.519616
-1.102399,2,702.583711
-2.202944,3,702.698909
-2.206399,3,702.782821
-2.265981,3,702.912752
-1.109153,2,702.976356
-2.208538,3,703.080606
-3.329403,4,703.219684
-2.227834,3,703.360895
-2.205077,3,703.466749
-2.273156,3,703.575941
-3.393463,4,703.681077
-3.347827,4,703.820748
-1.130408,2,703.903415
-2.145864,3,704.000823
-2.263127,3,704.132857
-2.271152,3,704.260762
-1.106603,2,704.325352
-1.084398,2,704.418736
-2.206618,3,704.530171
-3.375202,4,704.670514
-0.043429,1,704.708713
-2.17535,3,704.840727
-3.298687,4,705.001949
-2.27137,3,705.11207
-2.167887,3,705.232734
-2.22386,3,705.34537
-3.353179,4,705.461761
-1.099082,2,705.52288
-3.343765,4,705.621612
-0.01777,1,705.647663
-3.283857,4,705.777596
-1.107145,2,705.871829
-2.241883,3,705.94375
-1.138554,2,706.002145
-3.333844,4,706.120323
-3.340222,4,706.212726
-0.013218,1,706.252789
-3.31737,4,706.370692
-3.352924,4,706.493727
-2.240659,3,706.600743
-1.077093,2,706.646826
-1.07397,2,706.713
-0.029122,1,706.751741
-3.367157,4,706.895998
-2.220359,3,706.999939
-1.131456,2,707.067715
-1.108032,2,707.146708
-2.195255,3,707.245275
-0.021683,1,707.278835
-0.045636,1,707.326759
-2.267849,3,707.416896
-3.337683,4,707.521664
-2.274488,3,707.607028
-0.049011,1,707.639707
-1.055142,2,707.686279
-2.212592,3,707.769736
-2.311033,3,707.860795
-3.305321,4,707.989967
-0.034966,1,708.021709
-3.442433,4,708.140129
-2.211509,3,708.219813
-0.036728,1,708.247862
-1.13815,2,708.309992
-0.040795,1,708.330015
-3.281082,4,708.441895
-1.109511,2,708.502791
-2.221919,3,708.58704
-2.209325,3,708.684605
-3.276549,4,708.792612
-2.188769,3,708.886638
-1.134789,2,708.949754
-3.468712,4,709.06617
-2.187044,3,709.155256
-3.380925,4,709.271813
-1.095997,2,709.326763
-2.182971,3,709.415374
-3.355779,4,709.522748
-2.212828,3,709.607999
-2.261849,3,709.686329
-3.32707,4,709.789771
-2.249592,3,709.895302
-2.188008,3,709.989268
-0.021403,1,710.015442
-0.050637,1,710.039451
-3.306432,4,710.150642
-2.226037,3,710.233843
-3.342429,4,710.33975
-1.137975,2,710.402006
-3.349239,4,710.517638
-3.368495,4,710.662913
-2.141822,3,710.75984
-1.130289,2,710.829745
-3.480514,4,710.982198
-2.234922,3,711.110016
-2.248243,3,711.200783
-1.084912,2,711.268929
-1.112655,2,711.33884
-1.077678,2,711.413584
-2.201882,3,711.528643
-1.064391,2,711.591242
-1.093862,2,711.669729
-2.184145,3,711.781775
-0.030621,1,711.832662
-2.177396,3,711.943865
-3.282505,4,712.1167
-2.141918,3,712.231709
-3.32932,4,712.345235
-2.185582,3,712.440684
-1.109475,2,712.505973
-0.039096,1,712.537647
-3.26351,4,712.668713
-1.078457,2,712.726923
-2.250726,3,712.822689
-3.366,4,712.965305
-2.229841,3,713.056824
-2.195342,3,713.142689
-2.253686,3,713.238831
-3.376439,4,713.355205
-1.085748,2,713.41607
-2.221687,3,713.494296
-0.025201,1,713.522048
-2.193813,3,713.610757
-1.130758,2,713.659842
-2.17673,3,713.732201
-0.00344,1,713.759236
-2.204258,3,713.856765
-3.333798,4,713.966751
-3.370868,4,714.074048
-2.18851,3,714.153869
-3.378312,4,714.265961
-0.050917,1,714.293623
-2.173983,3,714.392238
-0.031542,1,714.421633
-3.315627,4,714.541833
-3.310455,4,714.667612
-2.15176,3,714.753742
-2.227346,3,714.849797
-0.029543,1,714.888863
-0.038178,1,714.917922
-1.079135,2,714.975247
-2.242715,3,715.059604
-2.216987,3,715.175296
-2.258194,3,715.271755
-2.219205,3,715.383704
-3.313411,4,715.520138
-3.391913,4,715.667769
-2.280172,3,715.783876
-2.254593,3,715.903747
-1.103348,2,715.968859
-2.250906,3,716.090696
-3.294171,4,716.202876
-2.209696,3,716.297781
-2.163594,3,716.413811
-1.132893,2,716.50674
-2.259236,3,716.633786
-1.071682,2,716.715983
-3.29138,4,716.863747
-1.088449,2,716.945915
-2.252611,3,717.069748
-1.082708,2,717.145377
-2.219267,3,717.264549
-1.122897,2,717.335188
-3.38241,4,717.460979
-2.252964,3,717.56149
-1.093421,2,717.629717
-1.121059,2,717.698826
-1.116889,2,717.765239
-0.018271,1,717.815326
-1.126146,2,717.89627
-1.152369,2,717.987666
-2.309099,3,718.147286
-1.132543,2,718.233682
-2.169165,3,718.368538
-2.207754,3,718.500919
-1.131119,2,718.581714
-3.375825,4,718.770796
-2.197565,3,718.904037
-0.04478,1,718.948891
-2.203152,3,719.087298
-3.326419,4,719.263788
-2.257134,3,719.387963
-2.213133,3,719.50995
-2.209515,3,719.620761
-1.084223,2,719.718617
-3.312344,4,719.899579
-2.191742,3,720.030025
-2.288225,3,720.153686
-2.204489,3,720.248659
-2.180136,3,720.339589
-1.152059,2,720.408217
-2.219597,3,720.489286
-2.253059,3,720.58684
-3.340948,4,720.743021
-3.370237,4,720.904254
-3.464724,4,721.043679
-1.095857,2,721.103997
-1.118668,2,721.168673
-1.109856,2,721.249822
-0.034742,1,721.285747
-2.249023,3,721.386197
-2.19567,3,721.491248
-0.008854,1,721.530035
-2.280071,3,721.632665
-2.246957,3,721.750739
-1.144187,2,721.839647
-1.081585,2,721.938941
-1.134399,2,722.020864
-3.342799,4,722.182872
-2.184085,3,722.309932
-1.106139,2,722.399838
-2.247409,3,722.518723
-2.281822,3,722.623996
-1.096332,2,722.712294
-0.038271,1,722.765182
-2.275248,3,722.883782
-1.114566,2,722.968718
-3.29323,4,723.120862
-3.312101,4,723.293243
-1.138503,2,723.373652
-2.184803,3,723.499338
-3.378243,4,723.643869
-3.257864,4,723.815192
-2.13865,3,723.901336
-2.22464,3,723.99131
-3.292385,4,724.10324
-2.146129,3,724.197126
-2.209043,3,724.265324
-1.111313,2,724.323618
-2.166543,3,724.398937
-2.238442,3,724.483831
-2.152641,3,724.5787
-2.268997,3,724.653703
-1.140074,2,724.702917
-3.342383,4,724.823981
-1.081121,2,724.880872
-1.157495,2,724.919576
-1.090484,2,724.973191
-1.118229,2,725.017266
-2.182419,3,725.100227
-2.179831,3,725.17062
-3.359618,4,725.265236
-0.018692,1,725.29795
-3.293265,4,725.415562
-1.109741,2,725.463727
-2.233972,3,725.54618
-1.115633,2,725.592256
-2.29327,3,725.671075
-3.346288,4,725.762795
-2.268297,3,725.836681
-2.26918,3,725.928948
-2.248058,3,726.023661
-1.130662,2,726.082955
-3.383191,4,726.216137
-1.090994,2,726.286299
-0.01581,1,726.310077
-2.231745,3,726.395174
-1.135177,2,726.456043
-0.049465,1,726.495195
-2.23513,3,726.571009
-2.156318,3,726.659793
-2.261117,3,726.743989
-3.290265,4,726.858817
-1.162289,2,726.916026
-2.282949,3,727.000351
-1.118926,2,727.063882
-1.118052,2,727.121097
-2.205757,3,727.222679
-3.34274,4,727.347601
-2.23289,3,727.421857
-1.103912,2,727.480629
-1.135075,2,727.540773
-1.125203,2,727.593368
-3.321898,4,727.720051
-2.218154,3,727.819692
-2.268701,3,727.905995
-3.409319,4,728.026071
-3.407615,4,728.153703
-3.384953,4,728.279886
-2.223848,3,728.363737
-3.329375,4,728.469774
-2.22632,3,728.562545
-1.085082,2,728.632863
-1.093135,2,728.695609
-2.217047,3,728.775343
-2.187838,3,728.86516
-3.389695,4,729.023685
-0.025245,1,729.063959
-2.206573,3,729.190852
-2.174368,3,729.319148
-2.280958,3,729.465348
-2.256681,3,729.600898
-3.27912,4,729.757869
-2.185497,3,729.903259
-1.12231,2,730.000261
-2.18971,3,730.123465
-1.115991,2,730.207317
-2.267898,3,730.332069
-0.042298,1,730.378769
-2.198718,3,730.486703
-2.243164,3,730.567437
-3.321439,4,730.662725
-0.011941,1,730.695802
-3.345502,4,730.806823
-3.323701,4,730.930691
-0.031303,1,730.951721
-1.099783,2,731.023044
-1.083066,2,731.097858
-1.117976,2,731.173627
-2.223438,3,731.292795
-2.204951,3,731.400901
-2.234677,3,731.505742
-3.303815,4,731.639893
-0.056353,1,731.675112
-2.247878,3,731.770694
-3.355816,4,731.923762
-1.05686,2,732.009989
-2.16364,3,732.11797
-2.180751,3,732.223041
-0.040031,1,732.251818
-2.220229,3,732.359793
-3.395679,4,732.495228
-1.065253,2,732.567882
-2.22501,3,732.663809
-3.261216,4,732.779747
-2.270134,3,732.881233
-0.034683,1,732.919808
-1.079976,2,732.989743
-2.276964,3,733.087591
-3.301665,4,733.223625
-2.179896,3,733.317116
-2.191404,3,733.38514
-2.204582,3,733.478801
-2.225589,3,733.563956
-1.109744,2,733.639836
-2.166068,3,733.718923
-2.235189,3,733.826847
-2.164936,3,733.910659
-2.186496,3,734.007814
-1.098762,2,734.078923
-2.145852,3,734.180854
-2.218043,3,734.273772
-2.23618,3,734.367577
-2.21871,3,734.452736
-2.164776,3,734.598991
-2.188949,3,734.696301
-1.127748,2,734.757876
-2.147967,3,734.8378
-2.220145,3,734.935638
-1.10471,2,734.999679
-2.194519,3,735.116859
-1.084334,2,735.168036
-2.241069,3,735.263811
-1.11323,2,735.32116
-1.146128,2,735.381803
-1.101567,2,735.44987
-2.265972,3,735.548856
-2.264067,3,735.653481
-1.084456,2,735.732791
-2.24753,3,735.845861
-2.247844,3,735.954066
-0.019622,1,735.996813
-0.024054,1,736.026171
-1.137175,2,736.072821
-1.131798,2,736.125649
-1.12046,2,736.172762
-0.038206,1,736.205825
-2.142253,3,736.262169
-2.273388,3,736.324075
-0.016396,1,736.345258
-2.25641,3,736.411366
-3.34905,4,736.486934
-3.352894,4,736.546709
-2.287607,3,736.589107
-2.145763,3,736.630822
-2.225852,3,736.689719
-3.427234,4,736.768933
-0.019206,1,736.780603
-2.254355,3,736.836955
-2.203264,3,736.893662
-3.338037,4,736.973606
-2.154699,3,737.042628
-1.112038,2,737.098238
-2.176582,3,737.163847
-3.329867,4,737.242613
-0.054759,1,737.263652
-3.285844,4,737.400251
-2.218555,3,737.497038
-3.301796,4,737.595326
-2.221076,3,737.663624
-2.182225,3,737.748357
-2.244821,3,737.796914
-0.034001,1,737.831547
-2.169516,3,737.905658
-2.287149,3,737.978776
-2.227808,3,738.049958
-2.220367,3,738.122829
-3.361773,4,738.21873
-2.185171,3,738.300858
-2.21527,3,738.377735
-2.195373,3,738.476171
-1.132887,2,738.5416
-3.415617,4,738.657284
-1.116869,2,738.712658
-1.108687,2,738.765933
-3.362644,4,738.872571
-1.139154,2,738.934077
-0.019391,1,738.958649
-2.179829,3,739.046542
-1.140187,2,739.102143
-2.148167,3,739.193661
-2.285421,3,739.266614
-2.278701,3,739.337856
-3.307047,4,739.446193
-3.313272,4,739.56364
-3.43501,4,739.666387
-1.155206,2,739.715599
-1.106246,2,739.763664
-2.246502,3,739.848604
-3.301116,4,739.94657
-2.168024,3,740.023856
-2.168284,3,740.105135
-3.333565,4,740.212034
-1.110827,2,740.258841
-1.128737,2,740.30716
-1.105712,2,740.361655
-0.04715,1,740.393704
-2.152257,3,740.476625
-1.125449,2,740.522709
-3.350612,4,740.631067
-2.219411,3,740.710188
-2.201921,3,740.787904
-2.200806,3,740.853837
-1.12266,2,740.904319
-2.232533,3,740.987745
-1.073536,2,741.035386
-2.22981,3,741.111204
-2.218304,3,741.17934
-2.290233,3,741.270481
-2.185714,3,741.348812
-0.013787,1,741.371843
-2.219902,3,741.448791
-1.102438,2,741.497863
-1.132038,2,741.545339
-1.104122,2,741.589922
-3.312678,4,741.685287
-3.353914,4,741.789966
-2.229029,3,741.87134
-1.124118,2,741.929119
-2.171352,3,742.006222
-1.124112,2,742.058616
-2.176151,3,742.137973
-3.295332,4,742.233835
-0.025077,1,742.25688
-3.269395,4,742.363024
-1.098946,2,742.411094
-0.036658,1,742.445216
-3.274356,4,742.546677
-2.262119,3,742.626856
-2.236052,3,742.699651
-3.302949,4,742.782936
-2.207299,3,742.837988
-3.250118,4,742.988793
-2.236385,3,743.093736
-2.259035,3,743.177021
-3.35706,4,743.297947
-1.141892,2,743.362716
-1.110122,2,743.422994
-1.091237,2,743.473719
-1.09196,2,743.532882
-2.211945,3,743.640929
-1.076504,2,743.68511
-0.020463,1,743.722814
-1.095149,2,743.792955
-1.103958,2,743.861744
-3.369035,4,744.004209
-1.059916,2,744.062015
-2.213882,3,744.155217
-0.048812,1,744.19678
-1.079768,2,744.263865
-2.210556,3,744.359692
-3.311142,4,744.49885
-0.052025,1,744.531103
-2.168047,3,744.633622
-2.238386,3,744.735444
-2.204087,3,744.836141
-3.34535,4,744.993725
-2.250187,3,745.101713
-2.240127,3,745.197673
-1.080303,2,745.244264
-2.266028,3,745.332886
-2.228992,3,745.427154
-3.320851,4,745.538097
-3.266142,4,745.726013
-2.242759,3,745.858817
-3.28004,4,746.020992
-3.353421,4,746.191446
-1.084014,2,746.282772
-3.361435,4,746.443661
-1.15629,2,746.517035
-3.414527,4,746.663629
-2.257799,3,746.782559
-2.173848,3,746.936733
-3.404464,4,747.067699
-0.016109,1,747.108274
-2.245327,3,747.222798
-1.119754,2,747.307165
-2.275991,3,747.442643
-2.186507,3,747.545281
-2.185963,3,747.648662
-2.260744,3,747.778709
-1.080767,2,747.830627
-3.345118,4,747.998868
-2.303176,3,748.122984
-3.421647,4,748.278571
-2.227998,3,748.37004
-1.073808,2,748.43693
-2.220045,3,748.508019
-3.417473,4,748.638791
-1.101144,2,748.696887
-2.231325,3,748.808974
-2.275885,3,748.93747
-2.164669,3,749.072687
-3.294883,4,749.234054
-2.240445,3,749.359624
-2.221504,3,749.503218
-2.245779,3,749.636105
-0.026243,1,749.685256
-3.29648,4,749.875247
-3.281444,4,750.036021
-3.330736,4,750.219954
-1.131177,2,750.315754
-1.095932,2,750.403285
-2.218115,3,750.52986
-2.254575,3,750.66192
-1.066886,2,750.743849
-2.264662,3,750.882879
-1.131809,2,750.950867
-3.323046,4,751.102837
-0.022535,1,751.127889
-2.308272,3,751.246746
-0.023301,1,751.288821
-0.037178,1,751.331666
-1.104769,2,751.405283
-1.10794,2,751.457662
-1.118804,2,751.541581
-0.014884,1,751.593576
-3.297654,4,751.727695
-3.445161,4,751.89522
-1.116747,2,751.987855
-0.04336,1,752.039623
-2.218952,3,752.19907
-2.291788,3,752.344063
-1.114432,2,752.43399
-2.251562,3,752.56269
-3.285532,4,752.759617
-2.212731,3,752.895083
-2.237793,3,753.021794
-0.040353,1,753.06887
-3.290954,4,753.22989
-1.089308,2,753.316857
-1.114981,2,753.403974
-1.108176,2,753.489786
-2.255685,3,753.621002
-1.098185,2,753.723936
-1.083498,2,753.828095
-2.243809,3,753.976323
-1.088144,2,754.069711
-2.186397,3,754.237035
-2.171268,3,754.38171
-2.174337,3,754.49793
-3.234952,4,754.647934
-2.277925,3,754.762694
-2.196459,3,754.895975
-1.076553,2,754.980004
-2.303465,3,755.098664
-3.419395,4,755.27194
-3.365756,4,755.448844
-3.319385,4,755.621783
-3.299837,4,755.801745
-2.166552,3,755.94068
-1.129243,2,756.015297
-1.094382,2,756.100737
-0.054994,1,756.147608
-2.226996,3,756.273994
-2.193201,3,756.379946
-1.14935,2,756.470733
-1.148924,2,756.551712
-0.019934,1,756.582763
-2.19626,3,756.700892
-2.157836,3,756.833818
-2.253034,3,756.962882
-2.197008,3,757.097826
-3.381779,4,757.236864
-1.088383,2,757.335671
-2.251713,3,757.482915
-2.192789,3,757.622845
-2.255617,3,757.745929
-2.244223,3,757.889871
-3.298916,4,758.050705
-2.234283,3,758.182759
-2.260168,3,758.310288
-2.195885,3,758.456104
-0.046485,1,758.502814
-0.03602,1,758.546232
-2.205072,3,758.68066
-3.321723,4,758.863666
-1.11577,2,758.955369
-2.254241,3,759.0797
-2.230931,3,759.203688
-2.194202,3,759.3193
-2.277519,3,759.440223
-1.143769,2,759.515121
-2.150947,3,759.635102
-2.262655,3,759.760981
-1.096366,2,759.849781
-1.10295,2,759.944047
-1.121986,2,760.023267
-3.298162,4,760.182603
-1.07316,2,760.258062
-3.238982,4,760.406934
-1.067942,2,760.495372
-1.097898,2,760.590659
-2.258941,3,760.718821
-2.222278,3,760.852712
-3.304085,4,761.038761
-2.2323,3,761.175344
-2.247703,3,761.267715
-3.350777,4,761.381859
-2.288997,3,761.500807
-0.049919,1,761.53807
-1.133605,2,761.643947
-1.145231,2,761.733003
-3.34747,4,761.922917
-3.423033,4,762.093114
-2.227856,3,762.221263
-2.171897,3,762.358998
-2.220659,3,762.503968
-1.114882,2,762.58782
-3.307624,4,762.769809
-3.296595,4,762.9525
-2.260201,3,763.089792
-2.237201,3,763.215245
-1.139399,2,763.299469
-3.250172,4,763.466135
-3.296059,4,763.628877
-2.167052,3,763.730994
-0.024081,1,763.769837
-2.267037,3,763.891852
-2.218753,3,764.008684
-3.339895,4,764.182799
-1.110188,2,764.268744
-3.320868,4,764.397377
-2.202763,3,764.492792
-3.352587,4,764.679458
-1.115375,2,764.747852
-2.186446,3,764.838806
-2.263107,3,764.926957
-1.151086,2,764.986873
-2.209796,3,765.089754
-3.311295,4,765.242669
-2.196625,3,765.323562
-2.198097,3,765.459818
-3.30595,4,765.58985
-0.032991,1,765.622898
-3.39918,4,765.752852
-3.362621,4,765.897629
-2.185569,3,765.978465
-1.114636,2,766.048142
-2.25359,3,766.145379
-2.252238,3,766.233793
-2.151183,3,766.343068
-1.059578,2,766.422395
-3.318928,4,766.573805
-1.114897,2,766.6626
-2.251643,3,766.747767
-2.262344,3,766.848706
-2.226593,3,766.97784
-3.430357,4,767.151069
-0.002498,1,767.190823
-2.162463,3,767.310755
-2.186992,3,767.407527
-2.226856,3,767.53254
-1.154495,2,767.599785
-2.24069,3,767.711694
-1.138785,2,767.766706
-2.244573,3,767.868658
-2.235002,3,767.995281
-3.355431,4,768.118794
-0.013694,1,768.148838
-2.168253,3,768.229078
-1.082623,2,768.301845
-1.111622,2,768.37064
-3.361386,4,768.469633
-2.221583,3,768.55771
-1.109626,2,768.621311
-3.336605,4,768.75695
-2.209837,3,768.857791
-0.049736,1,768.894344
-3.403779,4,769.032496
-2.223054,3,769.149801
-1.117249,2,769.238604
-2.261373,3,769.367774
-3.400691,4,769.547128
-2.222437,3,769.661854
-1.065611,2,769.745366
-3.304199,4,769.89176
-2.285817,3,769.976823
-2.243586,3,770.081558
-1.086755,2,770.140632
-3.334467,4,770.263081
-1.135588,2,770.32338
-2.205503,3,770.420556
-1.106283,2,770.483791
-2.237365,3,770.571824
-1.142589,2,770.621264
-3.3725,4,770.733215
-1.094286,2,770.789029
-1.108573,2,770.863856
-1.125994,2,770.919271
-2.231191,3,771.005309
-3.297485,4,771.136015
-3.376069,4,771.265656
-3.38429,4,771.369677
-1.078635,2,771.418863
-1.087957,2,771.464054
-2.244539,3,771.555156
-2.252855,3,771.622909
-0.050089,1,771.653713
-2.165895,3,771.729356
-1.072864,2,771.790945
-2.250146,3,771.87195
-3.318064,4,771.991872
-1.081758,2,772.053758
-2.261125,3,772.144053
-1.116079,2,772.208886
-1.086336,2,772.270847
-2.286548,3,772.356876
-2.158205,3,772.452194
-0.029171,1,772.490672
-1.07758,2,772.550781
-2.206628,3,772.641563
-2.173433,3,772.736779
-0.043714,1,772.762158
-3.295078,4,772.892019
-3.389149,4,773.019008
-1.090763,2,773.093166
-2.266888,3,773.181748
-2.139529,3,773.27711
-2.209133,3,773.366869
-2.266394,3,773.477007
-2.230508,3,773.569724
-2.175821,3,773.652866
-1.139555,2,773.72443
-3.387538,4,773.86383
-2.180319,3,773.976793
-1.088289,2,774.045973
-3.392805,4,774.16195
-2.162399,3,774.25774
-0.025182,1,774.288345
-1.148385,2,774.352876
-2.222499,3,774.448798
-0.05139,1,774.497878
-3.311078,4,774.627865
-1.095265,2,774.70196
-3.350697,4,774.826008
-2.14218,3,774.933962
-1.094831,2,774.98978
-0.022851,1,775.023828
-1.099962,2,775.081997
-1.145156,2,775.160995
-2.242555,3,775.247833
-2.189713,3,775.328646
-2.22207,3,775.416785
-0.030583,1,775.455346
-3.339778,4,775.572771
-2.259515,3,775.659974
-0.00489,1,775.693606
-2.245487,3,775.779757
-0.04465,1,775.810804
-3.430029,4,775.947452
-1.081466,2,776.003893
-2.262655,3,776.09782
-0.051158,1,776.122852
-2.229003,3,776.209838
-2.302476,3,776.301724
-1.134349,2,776.370835
-2.220171,3,776.480768
-3.416051,4,776.621838
-2.272932,3,776.720802
-2.261103,3,776.836759
-0.025083,1,776.870167
-0.038519,1,776.908875
-2.252057,3,777.0137
-2.154778,3,777.130786
-0.027908,1,777.16684
-2.181765,3,777.280804
-1.131654,2,777.349771
-0.01274,1,777.38382
-0.046555,1,777.418941
-1.118889,2,777.497895
-2.243211,3,777.627087
-3.399752,4,777.796952
-1.124703,2,777.867708
-3.305116,4,778.034577
-2.213448,3,778.163946
-2.208851,3,778.260713
-1.083536,2,778.326319
-0.03472,1,778.360598
-2.208385,3,778.45289
-1.061033,2,778.508645
-1.118641,2,778.575262
-3.379825,4,778.703808
-3.367319,4,778.822188
-2.227465,3,778.954481
-2.187321,3,779.05409
-3.34092,4,779.211649
-2.284975,3,779.324136
-2.215444,3,779.436197
-3.355215,4,779.59975
-3.273138,4,779.76522
-2.197628,3,779.895134
-3.268815,4,780.065187
-2.212556,3,780.188723
-2.143475,3,780.299701
-1.071556,2,780.386602
-1.098445,2,780.469728
-0.0361,1,780.509783
-1.107315,2,780.578748
-0.021023,1,780.617801
-0.030131,1,780.665967
-0.025721,1,780.701614
-1.070801,2,780.777697
-2.155946,3,780.900682
-2.200001,3,780.99383
-2.212133,3,781.107618
-2.163392,3,781.213793
-1.156945,2,781.268779
-2.236269,3,781.357502
-1.107944,2,781.413029
-2.190119,3,781.4967
-3.302945,4,781.610027
-2.187263,3,781.681777
-3.328114,4,781.78271
-0.021511,1,781.808757
-1.12175,2,781.857014
-3.29832,4,781.970038
-1.099458,2,782.040104
-2.196952,3,782.149677
-2.237488,3,782.25133
-3.325775,4,782.373017
-1.058605,2,782.445905
-3.337562,4,782.571915
-2.182353,3,782.6737
-1.112773,2,782.74239
-1.096959,2,782.810328
-1.1067,2,782.866214
-3.338087,4,782.995594
-2.26949,3,783.09804
-1.118997,2,783.167002
-1.12103,2,783.225891
-3.386417,4,783.345107
-0.037467,1,783.379726
-1.128528,2,783.439934
-2.212567,3,783.539011
-2.276674,3,783.616308
-0.037756,1,783.659686
-3.304027,4,783.774228
-1.099958,2,783.849829
-2.201554,3,783.94771
-2.193888,3,784.048888
-2.220433,3,784.145324
-1.130328,2,784.202913
-2.188851,3,784.310854
-2.176928,3,784.426026
-2.261128,3,784.522389
-3.33196,4,784.66172
-3.333348,4,784.795337
-3.291206,4,784.940017
-2.259768,3,785.043967
-2.189916,3,785.169955
-2.203299,3,785.268739
-3.334987,4,785.366693
-2.200002,3,785.469081
-0.023732,1,785.501745
-2.277941,3,785.607826
-2.227512,3,785.73792
-2.236374,3,785.860947
-2.232081,3,786.001858
-1.099706,2,786.096815
-2.219294,3,786.218792
-2.237662,3,786.326309
-1.137643,2,786.406363
-2.167102,3,786.524257
-2.216332,3,786.63697
-2.207996,3,786.752529
-2.216524,3,786.856684
-2.23372,3,786.959783
-2.251138,3,787.078597
-2.1668,3,787.219784
-2.212546,3,787.318741
-1.130676,2,787.384037
-0.02693,1,787.416286
-2.213201,3,787.52965
-3.359873,4,787.673823
-2.203891,3,787.797745
-2.231702,3,787.920948
-0.05203,1,787.962693
-3.37325,4,788.128883
-2.224032,3,788.238021
-3.322036,4,788.396743
-1.102828,2,788.472616
-3.299824,4,788.615899
-1.105553,2,788.70183
-2.232866,3,788.783674
-2.25427,3,788.905913
-2.247964,3,789.017349
-2.176899,3,789.130511
-3.357358,4,789.313809
-3.346357,4,789.513852
-2.264932,3,789.61757
-1.090025,2,789.719983
-3.289675,4,789.880811
-2.235247,3,790.027336
-2.28313,3,790.161688
-2.220141,3,790.279817
-2.232261,3,790.408755
-2.164564,3,790.536176
-0.024143,1,790.56685
-2.243388,3,790.685301
-0.007703,1,790.742018
-3.293996,4,790.905283
-2.225486,3,791.039911
-2.280709,3,791.155999
-2.294452,3,791.318261
-1.093622,2,791.415072
-1.117688,2,791.515357
-2.164788,3,791.642015
-1.114934,2,791.717772
-2.273982,3,791.829281
-0.046234,1,791.866865
-2.226023,3,791.962997
-2.224941,3,792.061828
-0.038088,1,792.086872
-1.124685,2,792.149973
-2.12846,3,792.255333
-0.0498,1,792.311704
-1.10014,2,792.397862
-2.211691,3,792.526287
-2.118311,3,792.636259
-1.109808,2,792.725515
-2.279353,3,792.839848
-2.145564,3,792.971881
-3.275399,4,793.172983
-2.256875,3,793.295275
-1.081945,2,793.380739
-2.14665,3,793.513715
-2.198054,3,793.621912
-1.078363,2,793.69779
-3.288522,4,793.837751
-1.097483,2,793.903859
-1.088968,2,793.972392
-2.169215,3,794.075907
-2.163397,3,794.175847
-3.39616,4,794.288817
-1.077315,2,794.345967
-1.113872,2,794.408725
-0.039138,1,794.44291
-3.31261,4,794.570733
-3.314959,4,794.697727
-3.326946,4,794.871674
-2.186704,3,794.962045
-2.221035,3,795.075378
-2.232073,3,795.197785
-2.253244,3,795.315232
-3.317822,4,795.473158
-3.375511,4,795.585195
-2.183808,3,795.699767
-2.262229,3,795.816793
-2.192107,3,795.929204
-1.081688,2,795.990679
-0.0436,1,796.032261
-2.190819,3,796.17669
-2.179505,3,796.283813
-1.088632,2,796.349988
-3.311477,4,796.475164
-2.27549,3,796.566286
-2.17579,3,796.668685
-0.042401,1,796.709754
-2.21274,3,796.825048
-2.257211,3,796.87889
-3.339903,4,796.993775
-2.207811,3,797.088697
-2.230173,3,797.17883
-2.262976,3,797.2738
-3.328565,4,797.396866
-1.132788,2,797.469818
-1.120355,2,797.52694
-2.162668,3,797.622763
-2.200123,3,797.736672
-2.218227,3,797.806117
-3.358902,4,797.924346
-1.133961,2,797.991888
-2.247225,3,798.085327
-3.311374,4,798.201426
-2.233916,3,798.280875
-3.449022,4,798.389698
-2.212541,3,798.486344
-0.017707,1,798.516389
-3.333866,4,798.646995
-2.239304,3,798.756336
-0.035518,1,798.785382
-2.212082,3,798.875262
-2.183649,3,798.968985
-1.08172,2,799.027798
-2.179325,3,799.107687
-1.108538,2,799.16879
-2.189717,3,799.266132
-2.234202,3,799.349735
-2.239073,3,799.443888
-3.336148,4,799.576826
-2.249416,3,799.663056
-2.224057,3,799.755343
-3.297641,4,799.861652
-0.046867,1,799.892697
-2.163272,3,799.983678
-3.353531,4,800.1038
-2.216548,3,800.197888
-2.171894,3,800.30767
-3.505804,4,800.446313
-0.047502,1,800.488888
-1.111474,2,800.543997
-3.291244,4,800.665417
-0.044063,1,800.692662
-1.127502,2,800.752921
-2.226315,3,800.853968
-2.250372,3,800.949874
-2.225669,3,801.03831
-1.134057,2,801.092895
-3.349907,4,801.211815
-2.314917,3,801.303169
-2.230413,3,801.392684
-2.208879,3,801.491761
-2.189755,3,801.592733
-2.19369,3,801.706189
-1.16149,2,801.793869
-3.290213,4,801.927425
-3.295175,4,802.077466
-0.019751,1,802.103543
-2.197459,3,802.183778
-2.220975,3,802.273653
-0.036343,1,802.296701
-2.232,3,802.370713
-3.322158,4,802.487725
-2.253326,3,802.581728
-3.313929,4,802.693646
-2.211315,3,802.783945
-2.245712,3,802.863998
-1.093505,2,802.927689
-2.169354,3,803.013917
-0.015258,1,803.046201
-3.353815,4,803.17161
-2.185198,3,803.258683
-2.1926,3,803.354016
-2.164787,3,803.441911
-2.268609,3,803.526787
-1.095141,2,803.60265
-2.201119,3,803.685519
-2.219748,3,803.780788
-3.292079,4,803.923729
-3.361843,4,804.069689
-1.164061,2,804.134312
-2.187267,3,804.23078
-2.283128,3,804.330055
-2.251643,3,804.428754
-2.252663,3,804.518743
-1.114844,2,804.58866
-3.288215,4,804.728816
-1.144505,2,804.79772
-2.241981,3,804.898788
-1.126308,2,804.966195
-1.091203,2,805.029806
-3.324644,4,805.147298
-2.238401,3,805.245464
-2.2587,3,805.331813
-3.300833,4,805.427489
-3.393156,4,805.554004
-2.304963,3,805.637386
-3.305675,4,805.755961
-2.174132,3,805.844242
-2.199998,3,805.937307
-1.132171,2,805.98598
-2.281152,3,806.068592
-2.231389,3,806.161855
-1.082048,2,806.216122
-3.42679,4,806.325181
-2.251526,3,806.423913
-3.276558,4,806.528705
-0.035595,1,806.566027
-2.182257,3,806.6641
-2.185567,3,806.766176
-1.122852,2,806.828928
-0.049201,1,806.859629
-3.352772,4,806.996706
-0.009972,1,807.027892
-1.117648,2,807.087652
-0.013032,1,807.137848
-2.278208,3,807.235172
-1.122941,2,807.291271
-0.047245,1,807.327095
-3.31163,4,807.460974
-2.227726,3,807.559633
-3.382374,4,807.690459
-2.280724,3,807.790088
-3.328281,4,807.908862
-3.34662,4,808.059118
-0.027306,1,808.092772
-1.096509,2,808.156094
-3.390225,4,808.287668
-2.161988,3,808.385195
-2.244888,3,808.479855
-1.128165,2,808.53739
-2.246142,3,808.659894
-3.317664,4,808.797787
-1.116464,2,808.854004
-3.359647,4,808.988714
-2.213689,3,809.105258
-3.381334,4,809.243898
-2.177805,3,809.350748
-3.346253,4,809.476703
-3.379364,4,809.606324
-1.115767,2,809.660993
-1.138714,2,809.730851
-1.102358,2,809.805237
-3.296308,4,809.95792
-2.253041,3,810.05337
-0.045248,1,810.090629
-2.229991,3,810.209675
-2.277113,3,810.320794
-2.199487,3,810.435494
-1.134084,2,810.498082
-1.094236,2,810.548839
-0.015431,1,810.583884
-2.234149,3,810.686889
-3.311313,4,810.846178
-1.13007,2,810.926884
-2.212562,3,811.042946
-2.24667,3,811.146238
-0.012732,1,811.187027
-2.205849,3,811.293679
-2.236692,3,811.416762
-1.111011,2,811.491646
-2.219348,3,811.59189
-2.230035,3,811.698836
-0.046266,1,811.730885
-2.232793,3,811.827781
-1.116437,2,811.893617
-3.398751,4,812.035242
-0.023807,1,812.071668
-1.129215,2,812.156376
-1.142859,2,812.223867
-2.21129,3,812.334288
-2.222172,3,812.423781
-2.163584,3,812.500386
-2.20432,3,812.579873
-2.184586,3,812.643763
-2.291739,3,812.792838
-1.095803,2,812.872757
-1.085536,2,812.926351
-2.240389,3,812.997514
-3.300986,4,813.120805
-2.181455,3,813.217097
-3.416228,4,813.353741
-2.181213,3,813.442903
-2.165722,3,813.554025
-1.112569,2,813.621779
-2.231187,3,813.740385
-2.192071,3,813.84225
-3.371725,4,814.017013
-3.376203,4,814.167673
-2.208133,3,814.283807
-1.115604,2,814.377714
-3.337029,4,814.567718
-3.326075,4,814.73333
-2.253448,3,814.835742
-1.135832,2,814.928741
-1.097755,2,815.007571
-0.045926,1,815.039934
-3.291539,4,815.183836
-2.262458,3,815.300742
-1.115709,2,815.409581
-3.28161,4,815.578874
-2.180459,3,815.715378
-2.241455,3,815.857844
-1.092387,2,815.945181
-3.374086,4,816.11724
-2.251514,3,816.236847
-1.100636,2,816.323856
-3.388139,4,816.491688
-0.031619,1,816.531756
-3.471574,4,816.695257
-1.125996,2,816.765365
-2.206802,3,816.891974
-2.241962,3,817.006337
-3.337619,4,817.170878
-2.176662,3,817.307827
-2.171102,3,817.418892
-3.331446,4,817.573843
-0.012916,1,817.61556
-2.185998,3,817.747137
-2.237683,3,817.876817
-0.038257,1,817.90887
-1.09659,2,817.974149
-1.100725,2,818.040884
-1.057928,2,818.099759
-2.222029,3,818.184577
-2.256514,3,818.272766
-3.349707,4,818.385225
-2.264296,3,818.48793
-1.094107,2,818.543992
-3.280445,4,818.655264
-2.241388,3,818.728018
-2.245088,3,818.815899
-3.295079,4,818.931852
-2.262569,3,819.010991
-3.296971,4,819.106261
-1.099286,2,819.159853
-2.168789,3,819.236663
-1.096548,2,819.297781
-2.180726,3,819.380565
-2.180852,3,819.47692
-2.173559,3,819.553888
-3.371415,4,819.671769
-2.213325,3,819.748919
-2.213625,3,819.841823
-0.048154,1,819.871866
-3.383072,4,819.99527
-0.045406,1,820.030834
-3.421687,4,820.162294
-2.275107,3,820.261775
-0.04074,1,820.294064
-3.337024,4,820.429679
-1.085846,2,820.498805
-3.286635,4,820.602674
-2.174098,3,820.708864
-2.189164,3,820.836823
-0.035744,1,820.87893
-0.037173,1,820.915582
-3.352336,4,821.046923
-0.038802,1,821.091715
-3.340237,4,821.228089
-2.232266,3,821.333833
-2.276265,3,821.427714
-2.202842,3,821.526876
-2.151193,3,821.621729
-2.192891,3,821.715402
-2.226474,3,821.797724
-2.202625,3,821.897476
-2.215031,3,822.002246
-2.232093,3,822.092686
-0.038395,1,822.118747
-2.260666,3,822.228676
-3.367322,4,822.380804
-3.292876,4,822.560818
-2.269752,3,822.64465
-3.323327,4,822.756713
-3.298047,4,822.869913
-2.216694,3,822.953814
-2.239191,3,823.047334
-1.068187,2,823.142845
-2.231525,3,823.252961
-1.079366,2,823.323803
-3.399029,4,823.461549
-2.212024,3,823.571639
-2.210593,3,823.685986
-2.25773,3,823.780874
-1.105512,2,823.843937
-2.207881,3,823.937245
-2.163174,3,824.018637
-2.192868,3,824.09285
-3.330665,4,824.197688
-0.044122,1,824.228738
-2.301561,3,824.338258
-3.384664,4,824.449997
-3.339933,4,824.569716
-2.189899,3,824.659874
-1.079669,2,824.739691
-3.325399,4,824.862895
-0.029596,1,824.898114
-2.237815,3,824.987581
-3.247851,4,825.099576
-2.226527,3,825.203728
-2.217301,3,825.329771
-2.210356,3,825.442927
-2.246435,3,825.541147
-0.020347,1,825.571837
-0.028118,1,825.602379
-0.046017,1,825.620097
-0.02902,1,825.670668
-2.17202,3,825.768935
-0.026421,1,825.797671
-3.402243,4,825.933849
-3.27849,4,826.074136
-1.119196,2,826.150004
-3.352638,4,826.242272
-2.22758,3,826.309686
-3.339462,4,826.424461
-0.03657,1,826.458913
-2.192953,3,826.530849
-2.182394,3,826.615762
-2.181415,3,826.72574
-1.122227,2,826.799704
-2.21787,3,826.900634
-1.121742,2,826.959814
-0.023126,1,826.987856
-2.200895,3,827.079435
-1.106516,2,827.147538
-2.178059,3,827.22699
-1.147666,2,827.285348
-1.118363,2,827.331074
-1.094799,2,827.385382
-1.120349,2,827.443416
-3.364531,4,827.56452
-0.021978,1,827.589778
-1.103952,2,827.638857
-1.119624,2,827.701845
-1.0939,2,827.763763
-2.182384,3,827.833946
-2.209227,3,827.903804
-0.025765,1,827.92183
-3.370745,4,828.035959
-1.129968,2,828.089791
-2.161831,3,828.177079
-3.403596,4,828.28381
-3.354889,4,828.387899
-3.359977,4,828.483814
-3.331527,4,828.588798
-3.341807,4,828.686795
-2.247559,3,828.777851
-1.094199,2,828.82895
-1.109884,2,828.876832
-0.051722,1,828.899864
-2.217406,3,828.981652
-1.076134,2,829.043262
-3.333834,4,829.145217
-2.241796,3,829.235309
-1.12542,2,829.303832
-3.303987,4,829.410755
-2.140713,3,829.507625
-3.347903,4,829.613653
-2.241478,3,829.719042
-2.213398,3,829.804368
-2.231494,3,829.880578
-3.323825,4,829.980807
-2.163841,3,830.066633
-2.218083,3,830.13772
-1.111021,2,830.195965
-2.298134,3,830.277585
-2.204751,3,830.363821
-1.145579,2,830.418949
-1.053772,2,830.461895
-3.423992,4,830.566849
-1.068438,2,830.614036
-2.278568,3,830.695181
-1.095675,2,830.745763
-2.22966,3,830.816131
-0.030841,1,830.853191
-3.243421,4,830.965645
-2.271131,3,831.045894
-0.03303,1,831.085174
-2.263712,3,831.199631
-3.350115,4,831.310831
-2.276826,3,831.408805
-1.130247,2,831.476075
-0.042493,1,831.507697
-2.180657,3,831.605205
-2.195403,3,831.703753
-2.189678,3,831.813693
-3.250083,4,831.970674
-3.420396,4,832.100822
-3.304655,4,832.253289
-3.403046,4,832.378604
-1.095702,2,832.444273
-0.032853,1,832.473996
-0.036623,1,832.510626
-2.253249,3,832.607674
-1.144814,2,832.675156
-2.234735,3,832.759987
-1.086148,2,832.825359
-1.090585,2,832.877108
-2.193533,3,832.961263
-3.24735,4,833.071665
-2.193897,3,833.144301
-3.312108,4,833.26953
-2.208102,3,833.361854
-2.189058,3,833.458986
-2.238572,3,833.571591
-2.231951,3,833.673868
-1.066173,2,833.75288
-2.202493,3,833.873931
-0.028995,1,833.921661
-3.306926,4,834.076853
-3.34006,4,834.198908
-2.182898,3,834.30263
-1.077639,2,834.368925
-3.340773,4,834.485375
-3.321737,4,834.609725
-2.163703,3,834.705098
-2.193385,3,834.783832
-1.127597,2,834.850875
-2.183237,3,834.933846
-2.183412,3,835.010746
-2.28964,3,835.115296
-2.181407,3,835.202753
-2.221613,3,835.316746
-2.188175,3,835.423806
-2.192915,3,835.520719
-3.311801,4,835.656227
-2.223842,3,835.760532
-3.358128,4,835.905305
-2.233691,3,836.002667
-1.111748,2,836.069935
-0.02778,1,836.108644
-2.259404,3,836.203891
-1.07374,2,836.273989
-2.27002,3,836.403626
-2.239241,3,836.512881
-1.116924,2,836.577301
-2.204163,3,836.673985
-3.40674,4,836.818827
-0.035979,1,836.864084
-0.018168,1,836.895404
-2.252984,3,836.993377
-3.363971,4,837.124062
-2.179105,3,837.251145
-0.023964,1,837.291874
-1.06778,2,837.362823
-3.366187,4,837.533718
-3.35357,4,837.682621
-3.37834,4,837.813784
-2.259789,3,837.936735
-1.108893,2,838.016677
-1.104526,2,838.113584
-1.114975,2,838.189915
-2.153019,3,838.321753
-1.128163,2,838.41616
-1.076328,2,838.502629
-0.036532,1,838.536684
-2.260838,3,838.64159
-2.224847,3,838.767647
-3.367963,4,838.989662
-2.277371,3,839.120758
-3.275958,4,839.283811
-3.391268,4,839.427758
-3.356044,4,839.616339
-2.298454,3,839.747855
-3.363846,4,839.936246
-2.228819,3,840.066154
-2.179176,3,840.168766
-2.201903,3,840.277038
-1.087527,2,840.346311
-2.236945,3,840.452281
-2.216386,3,840.558531
-2.285773,3,840.659332
-3.305801,4,840.805313
-2.233051,3,840.915448
-2.221317,3,841.389674
-0.035689,1,841.426739
-2.243629,3,841.5368
-2.18709,3,841.652032
-1.148545,2,841.745714
-2.153741,3,841.849236
-0.026711,1,841.890863
-3.327802,4,842.065602
-2.258658,3,842.212822
-2.182215,3,842.351312
-2.30419,3,842.474008
-2.273785,3,842.598032
-2.264868,3,842.721879
-1.076837,2,842.809828
-2.23655,3,842.959638
-2.254059,3,843.108838
-3.302358,4,843.250292
-2.193663,3,843.331075
-3.298321,4,843.460265
-2.149475,3,843.597811
-2.272925,3,843.737636
-2.234049,3,843.863944
-0.052645,1,843.907706
-1.102549,2,844.013872
-1.087882,2,844.108633
-2.152484,3,844.242838
-2.174859,3,844.370805
-2.226982,3,844.499761
-1.0991,2,844.588908
-3.289817,4,844.75985
-1.069458,2,844.856775
-3.347082,4,845.033693
-3.275234,4,845.209788
-1.131409,2,845.290699
-1.085674,2,845.361303
-2.152456,3,845.456906
-1.158341,2,845.537558
-3.298614,4,845.707413
-3.315146,4,845.867011
-2.193606,3,845.993815
-2.246993,3,846.135271
-1.1144,2,846.226821
-0.047806,1,846.266078
-2.285082,3,846.39879
-2.21156,3,846.53385
-3.372887,4,846.712806
-2.19372,3,846.831776
-1.095272,2,846.930714
-3.293424,4,847.120887
-1.150663,2,847.20887
-2.223852,3,847.345238
-1.128205,2,847.4267
-3.341617,4,847.571867
-3.316759,4,847.730753
-3.337991,4,847.900739
-1.124427,2,847.961718
-2.203746,3,848.078927
-1.092912,2,848.1452
-1.110446,2,848.22382
-2.196403,3,848.347442
-3.355633,4,848.467676
-1.127262,2,848.536169
-2.213311,3,848.630525
-3.28265,4,848.75739
-2.23134,3,848.858777
-1.14062,2,848.931896
-1.061355,2,849.012745
-3.36058,4,849.141383
-1.102587,2,849.226336
-2.212028,3,849.333697
-1.112051,2,849.398812
-1.1372,2,849.461373
-3.308796,4,849.596831
-1.139952,2,849.663986
-2.194048,3,849.781663
-1.109268,2,849.854558
-2.246373,3,849.955572
-3.350676,4,850.123715
-3.371092,4,850.253743
-2.248277,3,850.340679
-3.370566,4,850.455916
-1.113228,2,850.50797
-2.29777,3,850.59793
-3.331908,4,850.736007
-2.173191,3,850.846889
-1.160612,2,850.915976
-1.153416,2,850.98084
-1.095694,2,851.059951
-1.143649,2,851.136868
-1.132225,2,851.22532
-3.33154,4,851.363907
-1.089196,2,851.445362
-2.228533,3,851.549368
-1.119042,2,851.618863
-1.137237,2,851.676858
-3.290501,4,851.802819
-2.227247,3,851.93853
-2.177518,3,852.053765
-2.240958,3,852.143677
-0.04849,1,852.172962
-1.134273,2,852.237776
-0.023699,1,852.271042
-3.310167,4,852.410825
-1.122662,2,852.470514
-3.358697,4,852.604043
-1.081512,2,852.661939
-0.015705,1,852.701641
-3.302418,4,852.871567
-3.328444,4,853.048856
-2.243821,3,853.176671
-3.399294,4,853.332732
-2.276945,3,853.429846
-3.314221,4,853.55521
-1.134425,2,853.613801
-2.243201,3,853.701766
-1.08469,2,853.780996
-3.344939,4,853.942569
-1.121603,2,854.019893
-3.389969,4,854.177586
-1.098117,2,854.233776
-2.268057,3,854.359327
-2.145232,3,854.44624
-1.077082,2,854.513737
-0.017728,1,854.545297
-0.027383,1,854.586669
-1.122376,2,854.655715
-1.076671,2,854.729541
-2.244183,3,854.849916
-3.352006,4,855.010874
-2.242492,3,855.108765
-1.134253,2,855.173109
-3.297888,4,855.319827
-0.025356,1,855.357907
-0.021584,1,855.387822
-0.017938,1,855.426888
-2.265187,3,855.533763
-1.11933,2,855.612025
-2.199759,3,855.722693
-1.106898,2,855.806843
-3.283036,4,855.960225
-1.116299,2,856.03066
-2.168036,3,856.133868
-2.217984,3,856.235198
-2.159616,3,856.335278
-3.324749,4,856.48374
-2.208625,3,856.58016
-2.178265,3,856.676045
-2.218074,3,856.78374
-2.237907,3,856.898816
-0.053082,1,856.932967
-2.229392,3,857.039156
-1.084673,2,857.097501
-2.204986,3,857.206866
-2.250843,3,857.313627
-1.092799,2,857.385931
-2.253275,3,857.4955
-3.374055,4,857.623794
-1.109474,2,857.695517
-2.244818,3,857.798632
-2.219579,3,857.907218
-3.39879,4,858.023768
-0.047694,1,858.055324
-1.148614,2,858.127687
-3.347403,4,858.248889
-3.260186,4,858.391657
-2.239376,3,858.490726
-2.244277,3,858.58708
-3.299357,4,858.739792
-3.413547,4,858.923806
-3.341791,4,859.092655
-2.196834,3,859.176953
-2.173024,3,859.296797
-3.324992,4,859.463253
-2.217646,3,859.573879
-2.272422,3,859.715593
-2.249339,3,859.827814
-1.092825,2,859.903649
-2.196561,3,860.006139
-2.250159,3,860.121875
-2.169689,3,860.25792
-3.380599,4,860.399638
-0.050104,1,860.449706
-0.035206,1,860.491587
-3.292649,4,860.633373
-2.282428,3,860.764372
-2.212695,3,860.878618
-1.114211,2,860.950724
-1.149233,2,861.03375
-0.013229,1,861.073955
-3.322397,4,861.235122
-0.02729,1,861.267965
-3.301187,4,861.427461
-1.158723,2,861.515228
-2.254405,3,861.628822
-1.133109,2,861.698684
-1.133144,2,861.765282
-2.273331,3,861.875899
-2.230318,3,862.001508
-1.096936,2,862.082958
-1.09403,2,862.165281
-1.101759,2,862.24672
-2.252254,3,862.395211
-0.056448,1,862.435272
-1.135963,2,862.535135
-0.027387,1,862.577512
-2.168136,3,862.693897
-2.260614,3,862.797808
-1.084981,2,862.883651
-2.210531,3,863.012523
-2.180853,3,863.133834
-1.088896,2,863.233734
-1.127465,2,863.315225
-2.221629,3,863.426851
-2.195057,3,863.557935
-1.077858,2,863.62375
-2.18471,3,863.713671
-2.31956,3,863.811647
-0.026854,1,863.841703
-0.020922,1,863.87397
-3.38558,4,864.02373
-1.095381,2,864.106261
-1.07486,2,864.193887
-2.231725,3,864.333776
-1.140738,2,864.435234
-1.070297,2,864.530671
-4.509302,5,864.722666
-2.228172,3,864.857259
-3.263267,4,865.025214
-2.256743,3,865.154316
-2.208344,3,865.253299
-1.12558,2,865.318831
-3.353266,4,865.443652
-2.282053,3,865.569706
-3.415082,4,865.761064
-3.308167,4,865.942212
-1.119972,2,866.017745
-1.099501,2,866.111712
-3.340123,4,866.281034
-2.161984,3,866.407654
-2.250249,3,866.546326
-3.361948,4,866.742782
-0.019829,1,866.786629
-2.220321,3,866.913703
-1.105735,2,866.9996
-3.348933,4,867.17994
-2.280045,3,867.301984
-0.018687,1,867.34278
-3.323306,4,867.524091
-3.334741,4,867.702759
-2.243431,3,867.845353
-2.244374,3,868.00066
-1.117478,2,868.080853
-0.049383,1,868.127638
-3.319842,4,868.293295
-2.232404,3,868.421739
-2.206733,3,868.523677
-2.290807,3,868.655329
-2.233984,3,868.793599
-3.355529,4,868.941754
-3.41228,4,869.133611
-2.220424,3,869.262928
-0.013302,1,869.308688
-2.210509,3,869.444208
-3.310678,4,869.589805
-0.052683,1,869.632872
-2.250296,3,869.748773
-2.263115,3,869.867935
-2.246601,3,869.988808
-0.011026,1,870.033878
-3.321787,4,870.180857
-2.192234,3,870.322721
-2.185728,3,870.43531
-0.014822,1,870.481956
-1.154017,2,870.559065
-1.074602,2,870.621722
-2.229605,3,870.739868
-3.329112,4,870.90537
-2.256417,3,871.020863
-2.170127,3,871.146814
-3.408222,4,871.312758
-2.212245,3,871.439246
-2.184766,3,871.551672
-1.104082,2,871.631888
-2.235345,3,871.773212
-1.149781,2,871.842983
-3.340115,4,871.972839
-1.093141,2,872.046811
-2.215734,3,872.195217
-1.089058,2,872.289643
-2.20247,3,872.418748
-3.295886,4,872.565442
-1.107599,2,872.660216
-2.274507,3,872.780739
-1.085588,2,872.883742
-1.067756,2,872.965724
-2.258133,3,873.081742
-1.139897,2,873.177646
-2.238953,3,873.318643
-3.30703,4,873.486837
-3.301893,4,873.683728
-0.006689,1,873.73881
-2.293127,3,873.855232
-3.396674,4,873.990726
-3.315647,4,874.145232
-1.108059,2,874.241731
-2.233172,3,874.388706
-0.035733,1,874.437808
-3.308309,4,874.61802
-0.044946,1,874.67682
-1.133685,2,874.760728
-1.092439,2,874.84787
-2.228852,3,874.956263
-2.228238,3,875.002623
-1.127516,2,875.082886
-0.040129,1,875.125288
-3.272757,4,875.298815
-2.239781,3,875.4062
-1.122287,2,875.461291
-2.18423,3,875.503689
-2.246616,3,875.545248
-1.121022,2,875.591997
-2.232723,3,875.657372
-2.228978,3,875.718667
-2.182883,3,875.790865
-2.199436,3,875.860173
-2.159767,3,875.918093
-0.038703,1,875.937749
-2.246757,3,875.988684
-3.34026,4,876.073949
-2.178146,3,876.146151
-2.207758,3,876.208033
-2.229543,3,876.277647
-1.08806,2,876.325211
-1.121007,2,876.36903
-2.251264,3,876.433816
-2.267956,3,876.496273
-2.250367,3,876.5669
-2.220044,3,876.638654
-3.42978,4,876.740827
-0.03201,1,876.766371
-0.031672,1,876.796237
-0.042776,1,876.816772
-3.28443,4,876.918721
-3.254821,4,877.023883
-2.204646,3,877.112768
-2.166385,3,877.183937
-1.119783,2,877.240673
-1.116591,2,877.293825
-1.142117,2,877.350682
-1.126334,2,877.397632
-3.390126,4,877.483843
-2.226191,3,877.550734
-2.174593,3,877.621701
-1.085771,2,877.670841
-1.120387,2,877.712539
-2.216641,3,877.782012
-2.201093,3,877.846776
-1.080072,2,877.893083
-0.04883,1,877.911766
-2.247196,3,877.98671
-3.463949,4,878.087598
-1.115675,2,878.143771
-3.328261,4,878.231806
-2.188596,3,878.30771
-2.260878,3,878.385975
-2.259479,3,878.46121
-2.24918,3,878.529893
-1.080638,2,878.571634
-2.226716,3,878.63673
-2.257696,3,878.700862
-2.259485,3,878.778836
-2.204728,3,878.857316
-2.187953,3,878.950275
-2.222135,3,879.025391
-2.222188,3,879.119722
-3.323846,4,879.217728
-2.233093,3,879.298932
-1.105878,2,879.345181
-2.236701,3,879.406772
-2.256429,3,879.488671
-3.349946,4,879.586831
-1.149313,2,879.632891
-3.31814,4,879.756139
-3.466019,4,879.89355
-3.418982,4,880.026158
-3.377402,4,880.132082
-0.047379,1,880.166791
-3.335143,4,880.298645
-3.309152,4,880.425349
-2.247914,3,880.506797
-2.211543,3,880.593786
-3.309476,4,880.68764
-0.023792,1,880.70666
-2.192613,3,880.801761
-2.205344,3,880.955722
-0.028135,1,880.98386
-0.009994,1,881.022638
-2.170366,3,881.103875
-0.035663,1,881.137106
-2.276389,3,881.221785
-1.110176,2,881.305359
-2.13453,3,881.436312
-3.311618,4,881.593718
-1.114296,2,881.665834
-1.12288,2,881.747778
-2.237805,3,881.87699
-1.083448,2,881.962236
-2.186819,3,882.088617
-3.345769,4,882.261291
-0.051683,1,882.309666
-2.201488,3,882.446721
-3.29399,4,882.612645
-2.253294,3,882.713629
-1.08663,2,882.795384
-1.081595,2,882.880979
-0.048206,1,882.929605
-2.242226,3,883.037301
-3.36677,4,883.16639
-2.249175,3,883.269052
-1.10146,2,883.318735
-2.233257,3,883.430733
-1.118893,2,883.522768
-1.138521,2,883.598897
-0.011278,1,883.635592
-2.272872,3,883.770933
-2.227691,3,883.896345
-2.271846,3,884.038725
-2.18868,3,884.129983
-0.028197,1,884.167842
-2.223989,3,884.257872
-1.11153,2,884.322857
-2.150102,3,884.437775
-2.165348,3,884.537774
-1.080379,2,884.60888
-2.242616,3,884.729859
-2.25352,3,884.863882
-2.191763,3,884.992922
-3.460025,4,885.156091
-1.117308,2,885.242888
-1.1276,2,885.329755
-3.401528,4,885.501753
-3.295327,4,885.661674
-3.353782,4,885.841762
-2.228008,3,885.968719
-2.242894,3,886.086952
-2.254333,3,886.237579
-3.304866,4,886.411834
-1.115406,2,886.491702
-0.019955,1,886.532776
-2.164399,3,886.6688
-2.213841,3,886.789871
-3.343084,4,886.970846
-2.200621,3,887.106836
-1.105751,2,887.189653
-2.241448,3,887.32086
-2.21754,3,887.446766
-2.159985,3,887.572892
-2.169901,3,887.71452
-3.287619,4,887.899498
-2.216605,3,888.03989
-2.203762,3,888.185155
-3.46631,4,888.37203
-1.080029,2,888.462027
-2.209812,3,888.563034
-3.298541,4,888.711769
-2.239635,3,888.828842
-1.083921,2,888.900786
-2.239853,3,888.977748
-2.245215,3,889.076041
-1.098516,2,889.123769
-0.03334,1,889.14531
-2.164926,3,889.223724
-2.300779,3,889.326095
-2.191818,3,889.42378
-2.244968,3,889.503787
-2.217861,3,889.602837
-3.309154,4,889.748817
-2.164736,3,889.843752
-3.388748,4,889.970788
-1.083644,2,890.045388
-3.362137,4,890.177174
-2.187361,3,890.27183
-2.187254,3,890.37086
-0.052347,1,890.402584
-3.384378,4,890.50292
-2.22979,3,890.592717
-1.127137,2,890.657377
-2.164261,3,890.757488
-1.074136,2,890.830827
-3.328143,4,890.975894
-2.232862,3,891.072906
-2.241678,3,891.187772
-0.04949,1,891.232851
-3.35768,4,891.34632
-1.122484,2,891.397751
-2.263735,3,891.456837
-2.250428,3,891.538844
-3.349049,4,891.631713
-2.263219,3,891.712242
-2.248048,3,891.773111
-2.181742,3,891.875763
-2.198223,3,891.941674
-2.19519,3,892.023719
-2.16374,3,892.121806
-1.097753,2,892.17908
-0.035972,1,892.213681
-2.217891,3,892.296106
-2.218839,3,892.395153
-3.422496,4,892.55019
-2.254152,3,892.65757
-2.172894,3,892.768867
-2.207327,3,892.873882
-3.306466,4,893.011726
-1.129852,2,893.071003
-3.354853,4,893.160975
-2.197458,3,893.233756
-3.349633,4,893.362263
-3.247831,4,893.458771
-2.270393,3,893.523896
-2.157176,3,893.602705
-1.081925,2,893.662305
-3.32039,4,893.752891
-1.127146,2,893.807798
-1.135263,2,893.859775
-2.230396,3,893.948792
-0.049914,1,893.972327
-2.176741,3,894.071033
-0.05109,1,894.106312
-2.285147,3,894.190798
-2.267635,3,894.293053
-1.099784,2,894.355286
-2.198653,3,894.436933
-0.032669,1,894.468027
-2.194795,3,894.546902
-2.22946,3,894.656048
-2.170546,3,894.772785
-1.137414,2,894.875874
-1.085498,2,894.975533
-0.043395,1,895.02394
-1.124673,2,895.128716
-3.293081,4,895.291904
-3.291446,4,895.432774
-0.036694,1,895.475853
-2.255663,3,895.58598
-3.320464,4,895.730779
-2.247403,3,895.853608
-1.117513,2,895.925356
-1.089702,2,895.993755
-1.088266,2,896.069855
-3.366264,4,896.195565
-1.134455,2,896.264378
-0.023224,1,896.300794
-0.030741,1,896.338862
-3.316058,4,896.453189
-2.190614,3,896.546762
-2.208765,3,896.636243
-2.155486,3,896.736801
-1.122955,2,896.802566
-3.396793,4,896.943026
-2.211313,3,897.05786
-1.078984,2,897.129999
-3.320974,4,897.251741
-2.18915,3,897.346368
-1.138013,2,897.415286
-2.180965,3,897.531718
-1.166523,2,897.587256
-1.11398,2,897.64748
-2.193729,3,897.73075
-3.359607,4,897.858847
-2.218407,3,897.948773
-1.11295,2,898.005538
-2.259804,3,898.080998
-3.293999,4,898.207093
-0.048721,1,898.229368
-2.226727,3,898.308566
-2.267547,3,898.396032
-1.110196,2,898.462821
-2.177674,3,898.538396
-3.390584,4,898.639787
-2.218929,3,898.727813
-2.179797,3,898.83382
-1.150827,2,898.890635
-1.091068,2,898.963257
-2.187934,3,899.057446
-2.244,3,899.157723
-2.267922,3,899.252778
-1.121929,2,899.317739
-2.257799,3,899.4117
-1.113531,2,899.488983
-2.247323,3,899.57988
-2.258397,3,899.666277
-1.099554,2,899.729838
-3.411554,4,899.850812
-2.231078,3,899.933754
-3.378816,4,900.051864
-2.20706,3,900.146721
-2.237598,3,900.229852
-3.39918,4,900.341841
-1.143118,2,900.405199
-3.354932,4,900.513855
-2.260234,3,900.601406
-1.128052,2,900.656242
-2.234031,3,900.741036
-0.044296,1,900.765324
-1.103294,2,900.83178
-1.088968,2,900.891886
-1.098,2,900.953748
-3.416091,4,901.085921
-3.286755,4,901.233262
-2.196766,3,901.313784
-2.252165,3,901.405168
-3.331746,4,901.513854
-1.113958,2,901.571306
-3.278465,4,901.70781
-1.113216,2,901.761888
-2.168943,3,901.873911
-3.390651,4,902.017386
-2.225742,3,902.131553
-2.225001,3,902.229153
-3.349117,4,902.379872
-3.450522,4,902.517786
-2.227293,3,902.627023
-3.275608,4,902.769764
-3.288024,4,902.88785
-2.178681,3,902.99899
-1.099061,2,903.056191
-2.158051,3,903.173287
-0.050662,1,903.200687
-1.098576,2,903.271331
-0.027079,1,903.305107
-2.174021,3,903.426634
-3.306405,4,903.566252
-0.03616,1,903.615487
-3.303018,4,903.747753
-2.256922,3,903.842989
-3.330441,4,903.953802
-3.356165,4,904.083744
-2.142215,3,904.189766
-3.355192,4,904.324094
-3.333249,4,904.450349
-0.027555,1,904.492091
-2.189284,3,904.578872
-3.357891,4,904.690826
-2.210132,3,904.760775
-1.088599,2,904.815628
-2.177588,3,904.908854
-1.078223,2,904.963047
-1.142217,2,905.038787
-1.121378,2,905.117556
-1.113955,2,905.187816
-3.366439,4,905.349701
-2.262238,3,905.435339
-0.028703,1,905.478592
-0.026621,1,905.50518
-1.089567,2,905.570794
-2.166163,3,905.671723
-2.194439,3,905.778887
-2.287391,3,905.888741
-0.012985,1,905.922786
-2.256591,3,906.025301
-0.045023,1,906.065374
-3.367535,4,906.202934
-2.203899,3,906.316909
-2.221534,3,906.435271
-3.288414,4,906.59987
-2.234071,3,906.743791
-2.214281,3,906.862628
-1.082695,2,906.957805
-3.320525,4,907.146149
-3.31393,4,907.313694
-2.220702,3,907.463755
-1.130787,2,907.55073
-0.05206,1,907.592841
-2.165604,3,907.695378
-1.137871,2,907.792081
-3.329332,4,907.947726
-2.25843,3,908.053771
-2.274585,3,908.175925
-0.046553,1,908.21664
-3.297308,4,908.37132
-3.467202,4,908.556721
-1.076686,2,908.661895
-0.035745,1,908.703938
-2.272551,3,908.802941
-0.035637,1,908.842361
-1.105148,2,908.920507
-2.145853,3,909.053735
-1.135555,2,909.137933
-2.279646,3,909.277768
-2.19725,3,909.401161
-2.21693,3,909.549803
-3.284911,4,909.650731
-3.324763,4,909.765129
-0.054194,1,909.799822
-2.268055,3,909.895386
-1.092056,2,909.999874
-2.25147,3,910.113437
-1.121058,2,910.202681
-1.08024,2,910.296108
-1.153914,2,910.376948
-1.09538,2,910.472255
-1.108807,2,910.542973
-2.198502,3,910.667823
-2.167287,3,910.799039
-0.022634,1,910.835342
-3.31869,4,910.991942
-3.313332,4,911.165116
-0.0345,1,911.208813
-2.284814,3,911.312616
-1.1407,2,911.391923
-2.212475,3,911.510249
-1.096337,2,911.578837
-3.292293,4,911.728693
-2.147176,3,911.839653
-0.044378,1,911.889295
-1.121948,2,911.938942
-1.117913,2,912.003987
-2.279899,3,912.128907
-2.240124,3,912.256368
-3.358614,4,912.418895
-2.203464,3,912.550837
-2.264287,3,912.662704
-0.024586,1,912.69285
-1.133315,2,912.783975
-1.073799,2,912.849883
-2.231869,3,912.946701
-3.311708,4,913.073925
-3.330724,4,913.201634
-1.111481,2,913.274265
-2.214821,3,913.371363
-0.041316,1,913.389002
-1.12339,2,913.458737
-1.10187,2,913.520617
-0.035661,1,913.551664
-3.44409,4,913.67891
-2.253937,3,913.795252
-2.263824,3,913.919784
-2.16803,3,914.032798
-2.220157,3,914.126735
-0.043191,1,914.16279
-2.25222,3,914.255219
-2.187561,3,914.357855
-3.2961,4,914.49407
-3.291323,4,914.60871
-1.082668,2,914.685481
-2.197173,3,914.774365
-1.093678,2,914.827542
-2.218207,3,914.890702
-2.177084,3,914.962846
-2.239522,3,915.026108
-3.412351,4,915.13624
-2.24607,3,915.217042
-2.232178,3,915.326842
-2.279966,3,915.406845
-2.247819,3,915.486223
-2.278713,3,915.589259
-0.039337,1,915.629003
-2.22467,3,915.729924
-2.161976,3,915.821587
-3.310165,4,915.948808
-1.11135,2,916.024395
-2.226998,3,916.11985
-2.206427,3,916.224039
-0.039865,1,916.25876
-1.130494,2,916.332798
-1.149392,2,916.398631
-1.08728,2,916.468783
-1.102528,2,916.53871
-1.140128,2,916.608881
-0.05754,1,916.650722
-1.162681,2,916.739636
-2.210375,3,916.832656
-3.352036,4,916.97412
-3.316427,4,917.106239
-2.185259,3,917.202986
-0.031062,1,917.233725
-1.097258,2,917.308689
-0.02368,1,917.343738
-0.017386,1,917.376304
-0.029688,1,917.420913
-3.336461,4,917.545297
-0.017177,1,917.586376
-3.34799,4,917.707897
-1.130332,2,917.776217
-2.144468,3,917.885356
-2.239869,3,917.996871
-2.169975,3,918.119806
-1.110703,2,918.193599
-2.251544,3,918.342611
-2.198947,3,918.443623
-1.10032,2,918.499888
-2.290682,3,918.598829
-0.039354,1,918.637908
-0.047852,1,918.673217
-3.290482,4,918.822611
-1.122028,2,918.904069
-2.24908,3,919.009573
-3.358504,4,919.168623
-2.167493,3,919.299032
-0.038185,1,919.340679
-3.277947,4,919.506998
-2.218441,3,919.623123
-2.19242,3,919.729807
-1.102052,2,919.809836
-1.118282,2,919.896162
-2.189324,3,920.031904
-1.10758,2,920.130027
-2.200869,3,920.244357
-2.213592,3,920.363892
-1.09492,2,920.439876
-0.02377,1,920.472047
-1.140715,2,920.534049
-3.284136,4,920.670762
-2.233784,3,920.769801
-3.33885,4,920.901755
-3.367107,4,921.007099
-3.354977,4,921.11616
-2.220273,3,921.227841
-2.211213,3,921.322956
-1.104116,2,921.391854
-1.044181,2,921.458646
-2.157849,3,921.542277
-3.367731,4,921.667367
-3.316379,4,921.785362
-1.054629,2,921.848802
-2.273982,3,921.928722
-3.310423,4,922.079772
-2.19932,3,922.196832
-0.044695,1,922.247598
-2.231032,3,922.368805
-1.119827,2,922.45205
-2.312879,3,922.579891
-2.280702,3,922.674329
-1.136735,2,922.736122
-2.193239,3,922.845913
-2.23415,3,922.981665
-3.307075,4,923.155172
-1.120894,2,923.223019
-2.236311,3,923.346824
-1.113923,2,923.440809
-2.148367,3,923.53524
-1.112828,2,923.625209
-2.193071,3,923.696366
-2.169507,3,923.771363
-2.197459,3,923.856952
-1.120546,2,923.906021
-2.228469,3,924.005554
-3.395988,4,924.15886
-2.232657,3,924.255295
-2.176966,3,924.366671
-1.083863,2,924.427605
-2.185143,3,924.527866
-2.23448,3,924.657594
-1.142794,2,924.72183
-2.220561,3,924.808735
-1.145627,2,924.883842
-1.072401,2,924.966723
-2.172679,3,925.040513
-2.226494,3,925.11378
-2.270042,3,925.179044
-2.272539,3,925.25386
-3.29812,4,925.362817
-0.041725,1,925.383848
-0.046064,1,925.421916
-0.015752,1,925.451582
-2.268302,3,925.535933
-1.145264,2,925.616679
-3.325845,4,925.742932
-3.403876,4,925.916617
-3.371478,4,926.087866
-2.26202,3,926.20375
-1.122595,2,926.286985
-1.148713,2,926.388893
-1.120652,2,926.467495
-1.126525,2,926.543896
-2.152015,3,926.631897
-3.357643,4,926.770799
-1.124682,2,926.831892
-2.19249,3,926.933864
-3.34226,4,927.057884
-3.353137,4,927.169001
-0.04866,1,927.200744
-2.211416,3,927.275871
-0.020216,1,927.309697
-2.1863,3,927.401994
-1.098294,2,927.469091
-1.096535,2,927.528784
-2.241388,3,927.618672
-1.140255,2,927.689797
-2.255588,3,927.807781
-3.400255,4,927.93282
-2.170109,3,928.043335
-2.226132,3,928.157486
-2.14792,3,928.272841
-2.239866,3,928.365307
-2.204096,3,928.44805
-1.112229,2,928.514109
-3.337338,4,928.628801
-3.288396,4,928.750761
-0.014824,1,928.781754
-2.14999,3,928.890042
-2.19201,3,928.975555
-2.221181,3,929.070732
-1.075119,2,929.135342
-1.099871,2,929.201687
-2.177902,3,929.309673
-2.221396,3,929.410843
-2.26213,3,929.512228
-1.141122,2,929.580764
-3.285339,4,929.697332
-1.094925,2,929.7763
-2.198743,3,929.863741
-1.08721,2,929.94387
-1.073312,2,930.005255
-0.022785,1,930.0338
-3.322736,4,930.157053
-2.208247,3,930.243873
-2.262625,3,930.32382
-3.280327,4,930.463615
-2.248357,3,930.571503
-2.232928,3,930.673911
-1.137762,2,930.738801
-2.192616,3,930.835113
-1.071977,2,930.900877
-2.258264,3,931.011761
-0.034706,1,931.047312
-2.230933,3,931.142714
-1.114468,2,931.212682
-2.255205,3,931.355333
-1.151131,2,931.417993
-3.349433,4,931.570587
-2.250116,3,931.690776
-3.320652,4,931.836338
-2.184268,3,931.938798
-3.40964,4,932.107549
-1.083761,2,932.186159
-1.11567,2,932.267761
-2.210788,3,932.386681
-3.32181,4,932.558268
-1.081635,2,932.645218
-2.298833,3,932.779571
-1.093803,2,932.859764
-2.265213,3,932.977525
-1.10452,2,933.05886
-2.220282,3,933.185531
-2.241095,3,933.314068
-2.292423,3,933.446125
-2.240728,3,933.582251
-3.317806,4,933.726342
-2.150177,3,933.858886
-0.034954,1,933.899734
-1.10809,2,933.97686
-0.05086,1,934.031901
-2.242441,3,934.149895
-2.26803,3,934.259716
-3.351182,4,934.436693
-2.278682,3,934.57533
-2.220605,3,934.703818
-2.246935,3,934.830665
-0.026844,1,934.87994
-0.034107,1,934.928939
-3.310864,4,935.092079
-2.213552,3,935.213033
-1.107121,2,935.275378
-3.396965,4,935.423848
-3.324256,4,935.599914
-0.048753,1,935.641655
-2.259682,3,935.77727
-1.159937,2,935.866235
-2.151332,3,935.986302
-2.201757,3,936.113953
-3.374613,4,936.286279
-2.189238,3,936.426733
-3.314401,4,936.608631
-1.053993,2,936.691844
-3.436349,4,936.861796
-2.272114,3,937.002084
-2.237675,3,937.133894
-1.153494,2,937.211932
-2.216986,3,937.336772
-0.038595,1,937.390367
-3.306134,4,937.548619
-1.060986,2,937.633654
-2.2055,3,937.729699
-1.069896,2,937.812675
-1.097137,2,937.899062
-0.02445,1,937.928828
-1.114321,2,938.001011
-2.218244,3,938.113343
-1.107131,2,938.192814
-1.153311,2,938.271788
-2.138519,3,938.368932
-2.244907,3,938.481842
-2.206801,3,938.565171
-1.156343,2,938.62785
-3.335449,4,938.754048
-3.335209,4,938.920677
-1.143182,2,938.989322
-1.120506,2,939.072781
-1.139483,2,939.153627
-2.290816,3,939.273688
-0.015557,1,939.312867
-1.079826,2,939.360724
-1.078668,2,939.421811
-2.198409,3,939.507346
-2.202643,3,939.587288
-0.025374,1,939.615905
-3.331738,4,939.746699
-2.201285,3,939.84374
-2.157085,3,939.937745
-3.401145,4,940.052814
-3.320529,4,940.175266
-0.029728,1,940.212909
-2.160109,3,940.298926
-2.236525,3,940.382369
-2.222976,3,940.481774
-2.219534,3,940.586247
-3.344827,4,940.712888
-3.378428,4,940.849877
-3.340396,4,940.965194
-3.313351,4,941.110925
-2.207624,3,941.22393
-0.019935,1,941.265322
-2.24287,3,941.373128
-1.123798,2,941.448793
-1.119197,2,941.519783
-2.194742,3,941.649801
-1.072021,2,941.713892
-2.303793,3,941.841767
-1.079701,2,941.911237
-2.204383,3,942.031769
-1.143723,2,942.120649
-3.296804,4,942.305262
-3.327623,4,942.436774
-1.129181,2,942.529787
-2.206816,3,942.626745
-2.244898,3,942.718937
-3.322156,4,942.820209
-2.261554,3,942.922794
-3.332337,4,943.040776
-2.247136,3,943.128778
-0.033727,1,943.156316
-3.311105,4,943.296028
-2.2474,3,943.377007
-2.141779,3,943.471973
-0.013954,1,943.505353
-2.236963,3,943.595497
-0.01271,1,943.631515
-3.398291,4,943.758852
-3.35546,4,943.920635
-2.197601,3,944.036783
-2.216943,3,944.155233
-3.413178,4,944.293861
-2.222105,3,944.409954
-1.10077,2,944.500841
-3.302411,4,944.636858
-2.182501,3,944.741862
-3.31977,4,944.91057
-2.214114,3,944.98889
-2.216113,3,945.093793
-2.142767,3,945.202731
-0.011848,1,945.241807
-2.213241,3,945.366781
-3.300695,4,945.459842
-1.086601,2,945.518137
-2.227821,3,945.597062
-2.181479,3,945.671741
-1.131313,2,945.745344
-3.297503,4,945.891166
-0.01451,1,945.930822
-0.032341,1,945.955355
-3.291815,4,946.092106
-1.072263,2,946.210856
-2.243903,3,946.292299
-3.320973,4,946.410824
-2.217382,3,946.546818
-2.205427,3,946.665203
-0.039621,1,946.709797
-2.157211,3,946.830878
-1.109922,2,946.913891
-3.330908,4,947.086615
-1.125789,2,947.159732
-3.390714,4,947.313618
-2.23673,3,947.418796
-2.21094,3,947.530593
-1.080127,2,947.613879
-3.289837,4,947.745126
-2.238493,3,947.856304
-3.282192,4,948.037843
-1.107575,2,948.119719
-1.149624,2,948.185266
-2.205031,3,948.303731
-2.211421,3,948.433118
-1.102513,2,948.512065
-3.431696,4,948.688244
-2.190147,3,948.791894
-2.285595,3,948.908638
-1.131337,2,948.990375
-1.087916,2,949.055905
-2.236478,3,949.156185
-2.184306,3,949.280866
-1.111843,2,949.375353
-3.364431,4,949.523953
-1.088741,2,949.612994
-2.148572,3,949.737874
-2.214343,3,949.876246
-2.198216,3,949.975934
-2.235691,3,950.092775
-0.049545,1,950.155378
-3.292264,4,950.328921
-1.083348,2,950.405117
-3.299373,4,950.572718
-0.050541,1,950.622706
-1.148576,2,950.706974
-1.112496,2,950.785266
-2.213595,3,950.903857
-3.326174,4,951.021896
-2.176987,3,951.071687
-3.387063,4,951.291251
-3.292397,4,951.563992
-0.023768,1,951.612668
-1.144982,2,951.68221
-3.336295,4,951.813948
-2.245316,3,951.953768
-2.197597,3,952.089336
-0.018805,1,952.148777
-1.139652,2,952.238697
-2.232102,3,952.363829
-2.205797,3,952.507897
-2.213651,3,952.623787
-2.172294,3,952.742762
-2.205856,3,952.863716
-1.086779,2,952.93907
-2.224004,3,953.057653
-2.226721,3,953.169794
-2.21034,3,953.273698
-1.128278,2,953.369776
-1.087916,2,953.443779
-0.024085,1,953.487854
-3.295713,4,953.652834
-0.039136,1,953.690404
-2.162492,3,953.789294
-1.115423,2,953.866273
-0.023813,1,953.899368
-3.334103,4,954.049801
-2.197538,3,954.166723
-0.037538,1,954.211979
-2.176193,3,954.349738
-3.341456,4,954.509957
-1.116663,2,954.592177
-3.351683,4,954.743679
-1.120674,2,954.825972
-2.251822,3,954.913875
-0.031979,1,954.94095
-2.212584,3,955.038737
-3.333821,4,955.165159
-2.215641,3,955.263725
-2.221238,3,955.359701
-1.122753,2,955.419661
-2.248239,3,955.502399
-3.313706,4,955.630009
-2.177702,3,955.708371
-3.344078,4,955.811943
-0.033053,1,955.837668
-1.072995,2,955.907773
-1.133775,2,955.99042
-2.204113,3,956.138598
-2.25474,3,956.246062
-2.251823,3,956.365935
-0.054028,1,956.400615
-0.052291,1,956.436681
-2.265345,3,956.553736
-0.046432,1,956.59995
-2.17869,3,956.694342
-2.23341,3,956.787425
-2.22387,3,956.88077
-2.181604,3,957.006959
-3.377872,4,957.1602
-3.48334,4,957.27292
-3.39332,4,957.396104
-1.103592,2,957.452799
-1.152717,2,957.537457
-1.096118,2,957.617315
-2.13334,3,957.706894
-1.119805,2,957.772785
-1.118132,2,957.842527
-0.031956,1,957.878736
-2.241406,3,957.983753
-2.201325,3,958.085332
-1.147229,2,958.156322
-2.184112,3,958.259708
-2.231821,3,958.367132
-1.133087,2,958.455272
-1.082995,2,958.534113
-1.073119,2,958.618643
-2.246812,3,958.722665
-1.112135,2,958.817329
-2.26719,3,958.934293
-1.090024,2,958.999244
-1.071434,2,959.085215
-3.414063,4,959.224512
-3.376712,4,959.368731
-0.051132,1,959.397285
-1.133381,2,959.48874
-3.310591,4,959.662637
-0.048731,1,959.697199
-1.074288,2,959.772942
-3.431299,4,959.926609
-2.202187,3,960.047498
-1.123315,2,960.123813
-3.44497,4,960.28091
-3.37106,4,960.438664
-1.115958,2,960.52379
-3.270223,4,960.701343
-2.196521,3,960.82786
-1.109326,2,960.927004
-2.282193,3,961.057697
-0.038316,1,961.104055
-2.218317,3,961.222273
-1.103427,2,961.292414
-2.176706,3,961.3979
-0.010569,1,961.43744
-2.239079,3,961.55774
-2.266439,3,961.676801
-3.388253,4,961.811542
-1.109453,2,961.883811
-2.251847,3,961.988769
-3.248334,4,962.11558
-3.353222,4,962.255439
-3.376007,4,962.37552
-1.137577,2,962.440855
-1.085816,2,962.513865
-2.190543,3,962.615957
-2.236884,3,962.703876
-3.344318,4,962.829634
-0.04741,1,962.860685
-2.218626,3,962.9568
-2.223814,3,963.06877
-3.326859,4,963.191306
-0.04647,1,963.221088
-2.263937,3,963.328663
-2.199998,3,963.429609
-0.033809,1,963.468683
-0.052116,1,963.510908
-3.334949,4,963.65281
-1.065242,2,963.710974
-1.053195,2,963.763823
-3.319726,4,963.878759
-2.216729,3,963.985265
-1.091556,2,964.053793
-1.079513,2,964.116137
-2.17945,3,964.218069
-1.083081,2,964.287024
-3.349223,4,964.413633
-2.281805,3,964.51194
-2.16974,3,964.641759
-2.16048,3,964.753793
-2.20327,3,964.818714
-3.38903,4,964.929759
-1.12295,2,964.977842
-2.165082,3,965.076186
-1.127703,2,965.129651
-2.189311,3,965.2123
-3.304068,4,965.377764
-2.164895,3,965.476676
-0.016016,1,965.509808
-2.250579,3,965.607797
-1.134714,2,965.67744
-1.149084,2,965.7487
-2.205623,3,965.85077
-2.150467,3,965.938666
-0.020564,1,965.962699
-2.215574,3,966.046852
-2.194905,3,966.139628
-2.23155,3,966.247685
-1.136647,2,966.335083
-3.366441,4,966.462718
-2.257836,3,966.578799
-2.241045,3,966.689664
-3.385589,4,966.843647
-2.250402,3,966.958646
-3.341991,4,967.103185
-0.008658,1,967.133946
-3.336246,4,967.246897
-1.138171,2,967.31875
-3.306609,4,967.455369
-0.0302,1,967.50166
-2.17938,3,967.632582
-3.401065,4,967.799888
-1.112855,2,967.847754
-1.072586,2,967.937789
-2.231636,3,968.023647
-1.116543,2,968.094294
-2.160552,3,968.176677
-3.327101,4,968.285414
-2.220992,3,968.367552
-1.136887,2,968.431974
-0.013384,1,968.459756
-2.284617,3,968.531711
-2.208543,3,968.627663
-2.234425,3,968.72599
-2.186786,3,968.812974
-2.187063,3,968.925453
-0.017232,1,968.965322
-2.190849,3,969.068804
-2.225659,3,969.176646
-1.140271,2,969.243883
-0.030942,1,969.279072
-2.255445,3,969.390976
-0.015349,1,969.423676
-0.02053,1,969.456739
-0.014795,1,969.487792
-2.26409,3,969.601375
-2.196634,3,969.696066
-3.296265,4,969.819641
-3.386289,4,969.994447
-0.033373,1,970.043842
-3.354609,4,970.15751
-3.241503,4,970.287854
-2.256742,3,970.393203
-1.078454,2,970.458992
-0.024292,1,970.49428
-3.348489,4,970.629684
-3.308463,4,970.767
-2.197966,3,970.862076
-1.069173,2,970.935622
-2.239414,3,971.03816
-2.240859,3,971.152734
-2.226442,3,971.268718
-1.128833,2,971.349641
-0.014034,1,971.387701
-2.227306,3,971.508922
-1.12194,2,971.579883
-0.047016,1,971.619702
-3.344154,4,971.77684
-2.219949,3,971.868794
-2.264284,3,971.978812
-1.116484,2,972.057773
-3.440466,4,972.18856
-1.128776,2,972.259869
-0.050121,1,972.30163
-0.010371,1,972.336692
-2.246093,3,972.436879
-3.324028,4,972.566679
-2.167271,3,972.699892
-2.181779,3,972.806845
-3.329833,4,972.943689
-3.295584,4,973.099745
-3.333865,4,973.250869
-1.092027,2,973.326708
-3.360232,4,973.451529
-2.212428,3,973.558882
-3.390646,4,973.727861
-2.193044,3,973.838884
-2.23963,3,973.947925
-2.27232,3,974.067657
-3.32934,4,974.214071
-2.157705,3,974.330876
-2.213995,3,974.442751
-3.279404,4,974.575346
-2.209771,3,974.689763
-3.380167,4,974.828881
-0.045402,1,974.868612
-0.051129,1,974.896159
-1.093252,2,974.966839
-3.361605,4,975.133793
-2.259173,3,975.260713
-3.379495,4,975.399627
-2.188776,3,975.521845
-2.243794,3,975.651817
-2.204295,3,975.780867
-2.192953,3,975.913827
-3.340134,4,976.079891
-3.361712,4,976.208272
-0.025713,1,976.239878
-0.033562,1,976.271661
-2.285296,3,976.385346
-2.293717,3,976.509917
-2.214763,3,976.643017
-2.251599,3,976.768864
-3.34089,4,976.959682
-1.124028,2,977.037807
-1.091851,2,977.122603
-3.31509,4,977.310898
-2.182618,3,977.455329
-1.118827,2,977.550705
-0.03469,1,977.596284
-1.125426,2,977.67987
-2.167786,3,977.812614
-3.357772,4,977.990499
-1.164112,2,978.053799
-0.025473,1,978.092864
-3.28861,4,978.258701
-2.235386,3,978.403621
-0.016985,1,978.463717
-2.265145,3,978.60041
-2.23757,3,978.726286
-3.302532,4,978.877789
-3.324928,4,979.062743
-1.091796,2,979.14736
-2.173806,3,979.266865
-1.089687,2,979.353758
-0.048334,1,979.387836
-2.210105,3,979.532781
-2.27291,3,979.671862
-3.349227,4,979.827461
-0.028887,1,979.859928
-2.211104,3,979.961494
-3.438255,4,980.130898
-2.181993,3,980.259789
-3.29541,4,980.441004
-3.352444,4,980.622772
-0.023404,1,980.672858
-2.266772,3,980.811027
-2.240423,3,980.927904
-2.182997,3,981.045916
-2.203699,3,981.181809
-2.201548,3,981.315371
-2.249915,3,981.471745
-1.095497,2,981.561633
-3.335346,4,981.738822
-3.374535,4,981.899855
-0.056105,1,981.942437
-2.232737,3,982.08978
-1.129482,2,982.183649
-1.131851,2,982.269693
-2.202669,3,982.407267
-1.087035,2,982.491765
-1.068628,2,982.57623
-0.034873,1,982.633851
-2.217196,3,982.77667
-1.153673,2,982.862558
-1.138274,2,982.96867
-2.290513,3,983.095401
-1.144851,2,983.189842
-1.127215,2,983.271178
-2.233405,3,983.363829
-2.163262,3,983.477647
-2.259893,3,983.584573
-2.137222,3,983.710924
-2.275331,3,983.826035
-1.152597,2,983.918913
-1.076379,2,983.996858
-2.259086,3,984.10727
-0.04334,1,984.141882
-2.191546,3,984.267884
-0.052188,1,984.304139
-2.236088,3,984.416425
-0.049626,1,984.457838
-0.058626,1,984.51879
-3.324976,4,984.666222
-2.168569,3,984.762705
-3.343947,4,984.94389
-2.231486,3,985.080786
-3.358601,4,985.240946
-2.274009,3,985.359585
-1.057381,2,985.446814
-1.109816,2,985.536287
-2.176077,3,985.66066
-2.288204,3,985.788833
-0.030082,1,985.849717
-3.29953,4,986.037483
-2.251481,3,986.115335
-1.15406,2,986.133895
-1.162485,2,986.160592
-2.282732,3,986.196139
-3.294793,4,986.283761
-0.031212,1,986.306304
-0.044614,1,986.338986
-0.018362,1,986.369683
-3.344817,4,986.466889
-2.248026,3,986.536856
-3.325336,4,986.617798
-2.239668,3,986.672869
-1.127724,2,986.695934
-2.155275,3,986.735267
-1.134773,2,986.790863
-2.301567,3,986.856655
-1.093935,2,986.902236
-1.146659,2,986.943876
-2.222392,3,987.004122
-1.082262,2,987.057893
-2.240958,3,987.10893
-2.185617,3,987.172615
-3.27753,4,987.267198
-1.12069,2,987.314039
-1.105385,2,987.368826
-3.388344,4,987.487547
-2.23755,3,987.577406
-2.275071,3,987.641743
-1.070258,2,987.701349
-1.132968,2,987.745096
-2.238417,3,987.841887
-0.020558,1,987.875346
-0.046893,1,987.899964
-3.393865,4,988.023008
-2.258808,3,988.093794
-1.117006,2,988.164035
-2.21752,3,988.263675
-2.210331,3,988.365914
-0.042091,1,988.410603
-2.253919,3,988.480707
-2.207719,3,988.565824
-3.335579,4,988.676283
-2.159189,3,988.753993
-3.277212,4,988.851796
-3.37841,4,988.977403
-2.234789,3,989.056958
-3.349527,4,989.157929
-0.025519,1,989.180657
-1.125167,2,989.241826
-2.243943,3,989.320635
-3.279286,4,989.411898
-1.052615,2,989.459753
-2.264081,3,989.534353
-1.108977,2,989.585128
-2.2551,3,989.682881
-1.08964,2,989.731752
-2.222035,3,989.817049
-2.286202,3,989.90589
-2.219165,3,989.999663
-2.254952,3,990.086857
-0.049182,1,990.115512
-1.132178,2,990.163749
-2.208467,3,990.261663
-2.21399,3,990.340962
-0.027473,1,990.362628
-2.22261,3,990.436103
-2.286393,3,990.529858
-2.23731,3,990.599643
-3.29317,4,990.707834
-3.287526,4,990.833661
-3.3206,4,990.968649
-1.116978,2,991.020946
-3.321489,4,991.138894
-3.267303,4,991.275243
-2.199743,3,991.367939
-3.334403,4,991.505367
-2.195008,3,991.608299
-0.039252,1,991.651608
-2.174279,3,991.76387
-0.037078,1,991.806221
-0.045855,1,991.839868
-2.206258,3,991.931939
-3.286505,4,992.06858
-2.198022,3,992.16873
-2.226535,3,992.270641
-3.437767,4,992.41224
-3.318738,4,992.562651
-2.223453,3,992.63638
-2.266057,3,992.673642
-2.23844,3,992.790925
-2.22293,3,992.923745
-2.231824,3,993.091719
-2.258511,3,993.200825
-0.010942,1,993.251698
-2.23383,3,993.377712
-1.129415,2,993.45987
-1.103806,2,993.516355
-2.261068,3,993.645902
-0.011342,1,993.702269
-2.185853,3,993.836845
-0.008648,1,993.873902
-1.138254,2,993.981701
-2.218644,3,994.131041
-3.321635,4,994.289649
-2.238234,3,994.423631
-0.007275,1,994.443658
-1.131616,2,994.537604
-2.232375,3,994.680845
-2.236594,3,994.7933
-1.123133,2,994.88174
-2.232134,3,995.003269
-3.398243,4,995.163659
-2.198612,3,995.295149
-1.099527,2,995.367868
-2.160768,3,995.502341
-3.332221,4,995.683814
-2.210492,3,995.824587
-1.094607,2,995.892726
-2.273315,3,995.991628
-1.096269,2,996.061769
-2.175032,3,996.165592
-2.223614,3,996.269897
-1.16237,2,996.335396
-1.092573,2,996.390032
-1.113877,2,996.449498
-1.090849,2,996.522053
-0.027662,1,996.550739
-3.376569,4,996.653926
-1.14629,2,996.707237
-2.172262,3,996.789953
-3.276509,4,996.886807
-2.286395,3,996.962734
-2.223433,3,997.031767
-2.226971,3,997.1233
-0.023007,1,997.156889
-2.220645,3,997.230797
-3.358777,4,997.360778
-2.199053,3,997.457726
-2.275346,3,997.532335
-3.291728,4,997.661674
-2.305244,3,997.775352
-3.369169,4,997.943681
-1.064882,2,998.023823
-1.109036,2,998.108663
-2.250701,3,998.197505
-1.129929,2,998.257501
-2.249498,3,998.36562
-0.050726,1,998.398758
-2.266958,3,998.493891
-2.241058,3,998.607342
-2.266673,3,998.704148
-0.013252,1,998.730572
-3.405751,4,998.846205
-2.176574,3,998.958626
-2.294231,3,999.070399
-1.099917,2,999.15186
-1.132597,2,999.233815
-1.127831,2,999.303324
-3.279171,4,999.425314
-3.327003,4,999.540748
-1.097272,2,999.58682
-1.092996,2,999.642077
-2.270634,3,999.72297
-1.120292,2,999.777789
-2.225505,3,999.845207
-0.047726,1,999.871751
-2.15229,3,999.962777
-3.355349,4,1000.078784
-1.122836,2,1000.133914
-3.317358,4,1000.236098
-2.225435,3,1000.320569
-3.383958,4,1000.431988
-2.20926,3,1000.514287
-2.195757,3,1000.599846
-3.311095,4,1000.706339
-2.246548,3,1000.791727
-2.205282,3,1000.870114
-1.140343,2,1000.925402
-1.058706,2,1000.995308
-2.19431,3,1001.075144
-1.075906,2,1001.122944
-2.276792,3,1001.228015
-1.08173,2,1001.288704
-3.424921,4,1001.401752
-2.219373,3,1001.485574
-2.233397,3,1001.595181
-2.182482,3,1001.695355
-1.120417,2,1001.757701
-0.038178,1,1001.800854
-2.234187,3,1001.88195
-3.319714,4,1002.017092
-2.209519,3,1002.125205
-3.306562,4,1002.270874
-1.092363,2,1002.345254
-2.226772,3,1002.448641
-2.227681,3,1002.542876
-2.194034,3,1002.636667
-2.220082,3,1002.718806
-1.100835,2,1002.786655
-2.185342,3,1002.88159
-0.028202,1,1002.90642
-1.090247,2,1002.962815
-1.10731,2,1003.030076
-1.106247,2,1003.085314
-0.016233,1,1003.112863
-2.298469,3,1003.208425
-2.170517,3,1003.299801
-0.031154,1,1003.326842
-2.200861,3,1003.429752
-3.348022,4,1003.550738
-2.244364,3,1003.653908
-2.165361,3,1003.753827
-2.214267,3,1003.863852
-2.234799,3,1003.953879
-2.216173,3,1004.048799
-2.283482,3,1004.144112
-0.039093,1,1004.179848
-3.290374,4,1004.30526
-1.095279,2,1004.370214
-2.168191,3,1004.471206
-3.275601,4,1004.582792
-0.041892,1,1004.606837
-2.236416,3,1004.703873
-1.138707,2,1004.783731
-2.277764,3,1004.881398
-2.204742,3,1004.978765
-2.21084,3,1005.086838
-3.288752,4,1005.226317
-3.407623,4,1005.35281
-3.296883,4,1005.479724
-0.008493,1,1005.518782
-1.115093,2,1005.593896
-3.343566,4,1005.741001
-2.202381,3,1005.810967
-1.108261,2,1005.881767
-1.10313,2,1005.938624
-0.041123,1,1005.971668
-2.211516,3,1006.047938
-2.18824,3,1006.143807
-1.132827,2,1006.202558
-1.08999,2,1006.26678
-1.148527,2,1006.32391
-2.21749,3,1006.420902
-2.195076,3,1006.521791
-2.159844,3,1006.624461
-3.333559,4,1006.755077
-1.131226,2,1006.820903
-0.037439,1,1006.848739
-1.143275,2,1006.895311
-0.031315,1,1006.922041
-2.214643,3,1007.01232
-1.161407,2,1007.070667
-0.041521,1,1007.102713
-1.06567,2,1007.179646
-1.148607,2,1007.268662
-2.173743,3,1007.376376
-0.036079,1,1007.406957
-1.09334,2,1007.482872
-2.228128,3,1007.576664
-0.028794,1,1007.606709
-2.253212,3,1007.710573
-3.348679,4,1007.838821
-1.139693,2,1007.912118
-2.187169,3,1008.008708
-2.170124,3,1008.089897
-2.263314,3,1008.171754
-2.263255,3,1008.268746
-3.363611,4,1008.400874
-2.219771,3,1008.489752
-3.347657,4,1008.605292
-1.11607,2,1008.656108
-2.205703,3,1008.745965
-2.252244,3,1008.849634
-2.261618,3,1008.946997
-2.154471,3,1009.054009
-1.097019,2,1009.119851
-2.233823,3,1009.215961
-1.162753,2,1009.278099
-3.282536,4,1009.406687
-1.133231,2,1009.469875
-3.385952,4,1009.588842
-2.247274,3,1009.685207
-1.144604,2,1009.750813
-0.045819,1,1009.781858
-3.328156,4,1009.905126
-1.06172,2,1009.960843
-3.303231,4,1010.093719
-2.231741,3,1010.182669
-2.250934,3,1010.273872
-2.261929,3,1010.366824
-2.179969,3,1010.476733
-2.165685,3,1010.560057
-3.282798,4,1010.69749
-2.170058,3,1010.781555
-1.123691,2,1010.855257
-3.38379,4,1010.977738
-2.226512,3,1011.071625
-1.149727,2,1011.14609
-2.211984,3,1011.246027
-1.148214,2,1011.311209
-2.191822,3,1011.413552
-3.317564,4,1011.476804
-2.21181,3,1011.530042
-2.23427,3,1011.591781
-0.044396,1,1011.612925
-2.213979,3,1011.69381
-1.102034,2,1011.747934
-2.177716,3,1011.806823
-2.204329,3,1011.870659
-2.185798,3,1011.932258
-2.25917,3,1011.991859
-3.378988,4,1012.085264
-0.049226,1,1012.107514
-3.359205,4,1012.192728
-2.262954,3,1012.253088
-0.027341,1,1012.280739
-2.254947,3,1012.337872
-1.106618,2,1012.371993
-3.307691,4,1012.469709
-2.241804,3,1012.540134
-0.030423,1,1012.561846
-2.258387,3,1012.627694
-3.350019,4,1012.716333
-1.131251,2,1012.757153
-1.077117,2,1012.791787
-1.114782,2,1012.840082
-2.254873,3,1012.897771
-1.094522,2,1012.936057
-2.160648,3,1012.999757
-3.268694,4,1013.091794
-1.123544,2,1013.14201
-3.310836,4,1013.22393
-2.211195,3,1013.300591
-2.234317,3,1013.369804
-2.18761,3,1013.457621
-0.047304,1,1013.483651
-2.198216,3,1013.560839
-2.245051,3,1013.626627
-1.081042,2,1013.688075
-2.213276,3,1013.771848
-1.112377,2,1013.832903
-3.41501,4,1013.943029
-2.196755,3,1014.027346
-2.228148,3,1014.112213
-2.261577,3,1014.187056
-2.221085,3,1014.26772
-3.371554,4,1014.381713
-2.274054,3,1014.468601
-2.272513,3,1014.537491
-2.224203,3,1014.620653
-2.163938,3,1014.703788
-3.331529,4,1014.808705
-3.373108,4,1014.889815
-1.118189,2,1014.937865
-2.189425,3,1015.011844
-0.049425,1,1015.033059
-3.384677,4,1015.111673
-3.311281,4,1015.207894
-0.036529,1,1015.242784
-2.204406,3,1015.305377
-1.075641,2,1015.342048
-1.070066,2,1015.387834
-2.172123,3,1015.455148
-2.197986,3,1015.524574
-3.301661,4,1015.621906
-2.18744,3,1015.685276
-1.091799,2,1015.735966
-3.350464,4,1015.822711
-3.310659,4,1015.900805
-2.192637,3,1016.209831
-1.096656,2,1016.266213
-0.017211,1,1016.29375
-2.229354,3,1016.37371
-3.305041,4,1016.481717
-1.145104,2,1016.537821
-1.149659,2,1016.589536
-1.076938,2,1016.65981
-2.217723,3,1016.740652
-1.094687,2,1016.80526
-2.219701,3,1016.888077
-2.237722,3,1016.93778
-3.313868,4,1017.033053
-2.149279,3,1017.161683
-2.230658,3,1017.31065
-2.239295,3,1017.414216
-2.237001,3,1017.509788
-2.166769,3,1017.630937
-3.308153,4,1017.803966
-2.218387,3,1017.873813
-3.334792,4,1017.996377
-2.209143,3,1018.100718
-2.163885,3,1018.195297
-2.213197,3,1018.281756
-1.140734,2,1018.332321
-3.300086,4,1018.445112
-1.083729,2,1018.507204
-0.017839,1,1018.541983
-1.12868,2,1018.614228
-2.270789,3,1018.726719
-2.232741,3,1018.838083
-0.040392,1,1018.862736
-1.08407,2,1018.950593
-1.124816,2,1019.031852
-3.409247,4,1019.142951
-1.086643,2,1019.195251
-1.140151,2,1019.270918
-0.0234,1,1019.315695
-0.01382,1,1019.353875
-1.140278,2,1019.432945
-3.323457,4,1019.57179
-2.2156,3,1019.693854
-2.247811,3,1019.807255
-3.269958,4,1019.990733
-2.272075,3,1020.0916
-2.198478,3,1020.221161
-2.204395,3,1020.348813
-0.051393,1,1020.379866
-1.052475,2,1020.452679
-1.149298,2,1020.55078
-2.239904,3,1020.657674
-2.184303,3,1020.771531
-2.257696,3,1020.869773
-0.036568,1,1020.910218
-1.125977,2,1020.995355
-1.118955,2,1021.06763
-0.041479,1,1021.102686
-2.174206,3,1021.247835
-2.20106,3,1021.371909
-2.198269,3,1021.472887
-2.248931,3,1021.587878
-1.111636,2,1021.671693
-2.211742,3,1021.793638
-3.304145,4,1021.917891
-2.190591,3,1021.945973
-3.406823,4,1021.988665
-2.232746,3,1022.035346
-2.228588,3,1022.102114
-2.159115,3,1022.167641
-3.295721,4,1022.249836
-2.230915,3,1022.330792
-3.285429,4,1022.418102
-2.232989,3,1022.481131
-3.292663,4,1022.571697
-0.03926,1,1022.59523
-3.411914,4,1022.677593
-3.317936,4,1022.77367
-2.28294,3,1022.832788
-2.162658,3,1022.885361
-2.169724,3,1022.933057
-1.067761,2,1022.976691
-2.17004,3,1023.061884
-1.123369,2,1023.116171
-1.098423,2,1023.160849
-0.054315,1,1023.183893
-2.271643,3,1023.26968
-0.040412,1,1023.291065
-2.204137,3,1023.365936
-2.221134,3,1023.433895
-3.325079,4,1023.536335
-2.170421,3,1023.621001
-1.125616,2,1023.676161
-1.117184,2,1023.72781
-3.367463,4,1023.807729
-2.292625,3,1023.846913
-3.292504,4,1023.893775
-0.011494,1,1023.902787
-1.148685,2,1023.941349
-3.305557,4,1023.985088
-1.11616,2,1024.002789
-2.316862,3,1024.033889
-3.322862,4,1024.093652
-2.263993,3,1024.145357
-2.205191,3,1024.187021
-2.208873,3,1024.225229
-3.387461,4,1024.277809
-3.301246,4,1024.332371
-3.310939,4,1024.382775
-2.289659,3,1024.42132
-2.185515,3,1024.472334
-2.204378,3,1024.512228
-2.21821,3,1024.557354
-2.13691,3,1024.59786
-3.369028,4,1024.657668
-0.029762,1,1024.673678
-3.329718,4,1024.722255
-3.305751,4,1024.773841
-0.023965,1,1024.792867
-2.222047,3,1024.827034
-2.20335,3,1024.862743
-2.157824,3,1024.897795
-2.260521,3,1024.940348
-2.22032,3,1024.975964
-1.101962,2,1024.997719
-1.07898,2,1025.02425
-2.247322,3,1025.072927
-2.193773,3,1025.120777
-2.187985,3,1025.227877
-3.340277,4,1025.325802
-1.122515,2,1025.375141
-1.127753,2,1025.407701
-2.211535,3,1025.449805
-1.132849,2,1025.473829
-2.253973,3,1025.529099
-0.018882,1,1025.545666
-3.343108,4,1025.609461
-2.201688,3,1025.656245
-1.110431,2,1025.690812
-1.07705,2,1025.720895
-3.396924,4,1025.770664
-1.089729,2,1025.799701
-2.19252,3,1025.840801
-3.303867,4,1025.895377
-3.316168,4,1025.946738
-2.217115,3,1025.986288
-1.074341,2,1026.019902
-0.043761,1,1026.030939
-1.122615,2,1026.054035
-1.092503,2,1026.077713
-2.21324,3,1026.133014
-3.331214,4,1026.197771
-1.078344,2,1026.222291
-0.023011,1,1026.235371
-1.093984,2,1026.259032
-2.209386,3,1026.29161
-2.238203,3,1026.32314
-2.202402,3,1026.360837
-1.093616,2,1026.390871
-0.039905,1,1026.405385
-1.104081,2,1026.431035
-1.136743,2,1026.458806
-2.31553,3,1026.511886
-2.210516,3,1026.553641
-3.297776,4,1026.605211
-2.241497,3,1026.639854
-1.109109,2,1026.675938
-2.220397,3,1026.71958
-2.227252,3,1026.753615
-3.283386,4,1026.808724
-3.399632,4,1026.865353
-2.204666,3,1026.905412
-1.100196,2,1026.928818
-1.088285,2,1026.95786
-1.129147,2,1026.998954
-1.154926,2,1027.025078
-1.139508,2,1027.053612
-0.053038,1,1027.069643
-2.196519,3,1027.115198
-2.204167,3,1027.152747
-2.215066,3,1027.188793
-2.207502,3,1027.23085
-2.244429,3,1027.273449
-0.044843,1,1027.288975
-3.380007,4,1027.337304
-0.050558,1,1027.346886
-3.278425,4,1027.402659
-2.240528,3,1027.447734
-2.273858,3,1027.495288
-2.231669,3,1027.536844
-3.368681,4,1027.598024
-2.219288,3,1027.641637
-2.216467,3,1027.683694
-1.110649,2,1027.716254
-2.252794,3,1027.762835
-0.055415,1,1027.775352
-2.182426,3,1027.808642
-1.131101,2,1027.832774
-1.062205,2,1027.868832
-2.247172,3,1027.903368
-1.097573,2,1027.925999
-3.411376,4,1027.979675
-2.20952,3,1028.022783
-3.363491,4,1028.072848
-1.099666,2,1028.098892
-1.104823,2,1028.123987
-2.268598,3,1028.17667
-1.132514,2,1028.203699
-1.124452,2,1028.225225
-3.342792,4,1028.268785
-2.23273,3,1028.306829
-2.238911,3,1028.338866
-0.049904,1,1028.348878
-2.217007,3,1028.382496
-1.076383,2,1028.407591
-0.046325,1,1028.4196
-1.097833,2,1028.442624
-2.220218,3,1028.491694
-3.410242,4,1028.546263
-1.096748,2,1028.569792
-0.011053,1,1028.579807
-3.374412,4,1028.631884
-2.171851,3,1028.672023
-0.012216,1,1028.686183
-3.305288,4,1028.743765
-1.07927,2,1028.768804
-0.016171,1,1028.785318
-2.197976,3,1028.827364
-2.196768,3,1028.862978
-3.309985,4,1028.909713
-2.248668,3,1028.94976
-2.214621,3,1028.981802
-1.095779,2,1029.005332
-0.053753,1,1029.019852
-1.077605,2,1029.046887
-3.390145,4,1029.099666
-2.277668,3,1029.136714
-0.046038,1,1029.152731
-1.050152,2,1029.181776
-3.304654,4,1029.226325
-2.252123,3,1029.260873
-3.285204,4,1029.305948
-3.352792,4,1029.351642
-1.156677,2,1029.373667
-2.221276,3,1029.408715
-3.360629,4,1029.447832
-1.110321,2,1029.473859
-1.11884,2,1029.493881
-1.08252,2,1029.519997
-2.208061,3,1029.565201
-2.202368,3,1029.608764
-2.217457,3,1029.643801
-1.10989,2,1029.66884
-0.053473,1,1029.67785
-0.050075,1,1029.695368
-2.186384,3,1029.735974
-2.226028,3,1029.77164
-2.227647,3,1029.806692
-1.133375,2,1029.836742
-1.114653,2,1029.85877
-1.150822,2,1029.879795
-3.319013,4,1029.925345
-3.312525,4,1029.978614
-2.197725,3,1030.019168
-1.140343,2,1030.043984
-3.379058,4,1030.097733
-0.040928,1,1030.117257
-1.114864,2,1030.142876
-2.164064,3,1030.186602
-2.24286,3,1030.226833
-3.350515,4,1030.288572
-2.193688,3,1030.327743
-3.373871,4,1030.368785
-3.362458,4,1030.41835
-3.391057,4,1030.46516
-2.246988,3,1030.501707
-1.091775,2,1030.52876
-2.177258,3,1030.563802
-2.222271,3,1030.601855
-2.185053,3,1030.635501
-2.221926,3,1030.672069
-2.267249,3,1030.707677
-3.294899,4,1030.762742
-1.113512,2,1030.786281
-2.238962,3,1030.818822
-1.085144,2,1030.842844
-2.204151,3,1030.887936
-2.215993,3,1030.920125
-3.385747,4,1030.971771
-1.115839,2,1030.993793
-3.323524,4,1031.052881
-2.204415,3,1031.088589
-2.210486,3,1031.128151
-3.340945,4,1031.186828
-3.342504,4,1031.236067
-2.266474,3,1031.280704
-1.132518,2,1031.306747
-3.336551,4,1031.354318
-1.131263,2,1031.385943
-1.090485,2,1031.408532
-2.253919,3,1031.443659
-3.270429,4,1031.492729
-1.105337,2,1031.527286
-2.228283,3,1031.55784
-3.458233,4,1031.597888
-1.128533,2,1031.620436
-2.184924,3,1031.669678
-2.228694,3,1031.711739
-1.127086,2,1031.742895
-2.196095,3,1031.779727
-2.215806,3,1031.823273
-2.132482,3,1031.860852
-0.038948,1,1031.872864
-2.252723,3,1031.907063
-3.354288,4,1031.961752
-2.213842,3,1031.99529
-2.253804,3,1032.029927
-2.256457,3,1032.06407
-2.170441,3,1032.107816
-2.189096,3,1032.146362
-1.102505,2,1032.177497
-0.020633,1,1032.189006
-0.030329,1,1032.206641
-2.299555,3,1032.252779
-1.065248,2,1032.282823
-1.111904,2,1032.30737
-0.009472,1,1032.322387
-3.313512,4,1032.369684
-1.11399,2,1032.393704
-2.25094,3,1032.430257
-1.102677,2,1032.462561
-0.012086,1,1032.477062
-2.22433,3,1032.51373
-3.340393,4,1032.558834
-2.159464,3,1032.609746
-1.101702,2,1032.630272
-3.388674,4,1032.675324
-2.273384,3,1032.706359
-3.427932,4,1032.753006
-3.372664,4,1032.805131
-1.0477,2,1032.850871
-2.296183,3,1032.883656
-3.304231,4,1033.033037
-3.413985,4,1033.210771
-1.085844,2,1033.295298
-2.224329,3,1033.425784
-1.112408,2,1033.515339
-1.138192,2,1033.600742
-3.389297,4,1033.760882
-2.235967,3,1033.887842
-3.256181,4,1034.05182
-1.136137,2,1034.127232
-2.218469,3,1034.269853
-2.191208,3,1034.387695
-0.036718,1,1034.437248
-2.249013,3,1034.560843
-3.368753,4,1034.711815
-3.317696,4,1034.857713
-0.047969,1,1034.908791
-3.388287,4,1035.072033
-3.412429,4,1035.23896
-2.188556,3,1035.368848
-1.127374,2,1035.456124
-2.229024,3,1035.576722
-2.255486,3,1035.698768
-1.096006,2,1035.777968
-1.125463,2,1035.856784
-2.237724,3,1035.977645
-1.118872,2,1036.056925
-1.108047,2,1036.151783
-3.289991,4,1036.336918
-2.233806,3,1036.470722
-2.253469,3,1036.599713
-2.222613,3,1036.715904
-2.223549,3,1036.836998
-2.271545,3,1036.959436
-3.302323,4,1037.123477
-2.204361,3,1037.25074
-2.238124,3,1037.387077
-2.172611,3,1037.519885
-1.151917,2,1037.601737
-2.188629,3,1037.735191
-3.325951,4,1037.904053
-3.279278,4,1038.072696
-2.183623,3,1038.199792
-2.195553,3,1038.328268
-0.022509,1,1038.371528
-2.17286,3,1038.503673
-1.074876,2,1038.58389
-1.139685,2,1038.667802
-0.047924,1,1038.715361
-2.260135,3,1038.828242
-2.198457,3,1038.945997
-2.249021,3,1039.068653
-2.161276,3,1039.20675
-2.178411,3,1039.325144
-1.104827,2,1039.408703
-2.243548,3,1039.555557
-2.166221,3,1039.686733
-3.302619,4,1039.831228
-1.098687,2,1039.908703
-1.117297,2,1039.991858
-1.105494,2,1040.080773
-2.268096,3,1040.206827
-2.213369,3,1040.318063
-2.255926,3,1040.450786
-3.35344,4,1040.639832
-1.163165,2,1040.702607
-3.322246,4,1040.856802
-2.245875,3,1040.97374
-2.228445,3,1041.112815
-3.336356,4,1041.276659
-1.112356,2,1041.360749
-0.049618,1,1041.405351
-2.230751,3,1041.537389
-3.28302,4,1041.712762
-0.036503,1,1041.750334
-2.255868,3,1041.865266
-2.200081,3,1041.98976
-1.075872,2,1042.07613
-2.230667,3,1042.193761
-1.094706,2,1042.276676
-1.119605,2,1042.356386
-2.215292,3,1042.481629
-2.257857,3,1042.60517
-2.184784,3,1042.726276
-2.256649,3,1042.851763
-0.033727,1,1042.893833
-2.147526,3,1042.995159
-3.286814,4,1043.170764
-3.320355,4,1043.342614
-1.054907,2,1043.401708
-3.299188,4,1043.583893
-2.293379,3,1043.701763
-1.094989,2,1043.788572
-3.389757,4,1043.951868
-1.135825,2,1044.02615
-1.071753,2,1044.095945
-2.254516,3,1044.208774
-0.041789,1,1044.245932
-2.242484,3,1044.364009
-2.238619,3,1044.489626
-2.24438,3,1044.617546
-2.203513,3,1044.745305
-2.251954,3,1044.871853
-0.049322,1,1044.912993
-3.379418,4,1045.077672
-0.01796,1,1045.12426
-0.006827,1,1045.166108
-2.186834,3,1045.294042
-0.046387,1,1045.341826
-1.140969,2,1045.419678
-1.078064,2,1045.478068
-1.090016,2,1045.60375
-3.30079,4,1045.702076
-1.057326,2,1045.783664
-1.097597,2,1045.88168
-2.278641,3,1046.011073
-1.111451,2,1046.100724
-2.230993,3,1046.240934
-1.142999,2,1046.325273
-2.192516,3,1046.455957
-2.210504,3,1046.586656
-3.402784,4,1046.745497
-2.241125,3,1046.873269
-2.242863,3,1046.986806
-2.191191,3,1047.110748
-2.261323,3,1047.238754
-2.20579,3,1047.367174
-0.04527,1,1047.401691
-0.038916,1,1047.445311
-1.131488,2,1047.518696
-1.090783,2,1047.600622
-0.0143,1,1047.642806
-3.354764,4,1047.809832
-2.180274,3,1047.930351
-3.293082,4,1048.090938
-2.192751,3,1048.223119
-2.244122,3,1048.353585
-0.030038,1,1048.407679
-3.321732,4,1048.576235
-1.122812,2,1048.660057
-2.15986,3,1048.797742
-3.323611,4,1048.945302
-3.353925,4,1049.099801
-2.208066,3,1049.216207
-3.322921,4,1049.383841
-2.28373,3,1049.510747
-2.270809,3,1049.629708
-3.281719,4,1049.79368
-0.012371,1,1049.841809
-2.151749,3,1049.956606
-1.062953,2,1050.034217
-1.075695,2,1050.105369
-3.356848,4,1050.269657
-1.155367,2,1050.343801
-2.157756,3,1050.462748
-0.039751,1,1050.50531
-1.135476,2,1050.588592
-1.082261,2,1050.666827
-3.330439,4,1050.818848
-0.01201,1,1050.858633
-1.111799,2,1050.94225
-3.408241,4,1051.091758
-1.133186,2,1051.182996
-2.183541,3,1051.309824
-0.038452,1,1051.35392
-2.155947,3,1051.478876
-2.195202,3,1051.600707
-3.370442,4,1051.772801
-1.118391,2,1051.853652
-1.072104,2,1051.936808
-0.043827,1,1051.97285
-2.239005,3,1052.089803
-2.250843,3,1052.211707
-1.091634,2,1052.293882
-3.341586,4,1052.462247
-1.074194,2,1052.535961
-3.380795,4,1052.709734
-0.012416,1,1052.749295
-2.203783,3,1052.867231
-2.172492,3,1052.985142
-1.120521,2,1053.064257
-2.188195,3,1053.184059
-2.277816,3,1053.318886
-2.206514,3,1053.436256
-0.036411,1,1053.487466
-2.265766,3,1053.601816
-3.400389,4,1053.757784
-2.224513,3,1053.876675
-1.11999,2,1053.956295
-3.368425,4,1054.095349
-1.053684,2,1054.171065
-3.426652,4,1054.335198
-2.235578,3,1054.463994
-3.404531,4,1054.616691
-2.268822,3,1054.740034
-3.318299,4,1054.893927
-3.331314,4,1055.048456
-3.273262,4,1055.210865
-1.126529,2,1055.293652
-0.028546,1,1055.332969
-1.081717,2,1055.427199
-2.257982,3,1055.5518
-2.196597,3,1055.67262
-1.118505,2,1055.759734
-0.008635,1,1055.805298
-3.331614,4,1055.981716
-3.329987,4,1056.115974
-2.213333,3,1056.225739
-1.122586,2,1056.320891
-2.168588,3,1056.478824
-0.041717,1,1056.52059
-2.147744,3,1056.645986
-2.169179,3,1056.769811
-2.208434,3,1056.889682
-1.123844,2,1056.968805
-2.250134,3,1057.085227
-3.292983,4,1057.237728
-3.350883,4,1057.38905
-2.241035,3,1057.509896
-2.232007,3,1057.629838
-3.344799,4,1057.798853
-2.25825,3,1057.921743
-2.261405,3,1058.040612
-2.191537,3,1058.159776
-3.352801,4,1058.333812
-3.426325,4,1058.500742
-2.19189,3,1058.626056
-3.351236,4,1058.789195
-3.303123,4,1058.968714
-1.150524,2,1059.043811
-2.216922,3,1059.160696
-0.052656,1,1059.196241
-3.374175,4,1059.36522
-0.02609,1,1059.406783
-0.012352,1,1059.44685
-2.244149,3,1059.572722
-3.357316,4,1059.735617
-2.258129,3,1059.861087
-2.255181,3,1059.979865
-3.330191,4,1060.126825
-2.203515,3,1060.258773
-2.226293,3,1060.378826
-1.129597,2,1060.455945
-3.349043,4,1060.611688
-2.277065,3,1060.7653
-2.177601,3,1060.888851
-2.300077,3,1061.022804
-2.198709,3,1061.14284
-3.39511,4,1061.299846
-2.154939,3,1061.427699
-3.362412,4,1061.586288
-1.098325,2,1061.664006
-1.132749,2,1061.747865
-3.335691,4,1061.917436
-2.19893,3,1062.03017
-2.275791,3,1062.153952
-2.1705,3,1062.277791
-3.306893,4,1062.44628
-2.277845,3,1062.56961
-2.302074,3,1062.691745
-1.132983,2,1062.775236
-3.371229,4,1062.917781
-0.049634,1,1062.978003
-3.275019,4,1063.146012
-3.249249,4,1063.337357
-2.19087,3,1063.461977
-1.139763,2,1063.540872
-2.265758,3,1063.661042
-0.017982,1,1063.710791
-3.276908,4,1063.867944
-3.338355,4,1064.053757
-1.089307,2,1064.141471
-2.191482,3,1064.276738
-3.408227,4,1064.458594
-0.041507,1,1064.502743
-1.122587,2,1064.58976
-2.155374,3,1064.726775
-1.095531,2,1064.8167
-2.237635,3,1064.950521
-1.145968,2,1065.038291
-1.136536,2,1065.13024
-1.135636,2,1065.205134
-1.11265,2,1065.285345
-1.14293,2,1065.36878
-0.037719,1,1065.418859
-1.062272,2,1065.520743
-3.339471,4,1065.691624
-1.124966,2,1065.786876
-2.1901,3,1065.872734
-3.349444,4,1066.039869
-3.336271,4,1066.207671
-0.041775,1,1066.24323
-1.101235,2,1066.319597
-0.039939,1,1066.365299
-2.252097,3,1066.493686
-1.087639,2,1066.57283
-2.248227,3,1066.705379
-1.075812,2,1066.798774
-3.365028,4,1066.957353
-2.183276,3,1067.074012
-3.3754,4,1067.242262
-3.316579,4,1067.403615
-0.010874,1,1067.450705
-0.03449,1,1067.491767
-3.353009,4,1067.67686
-1.118122,2,1067.755332
-2.212035,3,1067.885378
-2.164749,3,1068.011872
-2.280234,3,1068.145273
-3.391414,4,1068.29368
-1.14392,2,1068.381655
-2.179992,3,1068.50871
-1.123301,2,1068.599764
-2.260052,3,1068.742272
-2.245833,3,1068.870706
-2.239203,3,1069.006652
-2.213689,3,1069.141122
-1.117526,2,1069.212789
-0.046677,1,1069.252989
-2.229135,3,1069.371606
-3.380365,4,1069.545158
-2.222642,3,1069.67951
-0.026891,1,1069.704069
-2.238123,3,1069.837196
-2.256704,3,1069.973619
-3.349821,4,1070.117719
-2.191279,3,1070.239737
-1.131754,2,1070.329888
-1.118607,2,1070.413806
-1.078718,2,1070.492113
-2.174607,3,1070.625344
-2.214606,3,1070.760932
-3.358991,4,1070.941081
-0.052853,1,1070.98378
-0.039527,1,1071.022846
-2.190267,3,1071.160575
-3.343637,4,1071.322189
-1.093068,2,1071.402844
-1.137843,2,1071.488643
-2.268895,3,1071.627745
-1.097168,2,1071.736191
-3.286257,4,1071.906731
-1.136527,2,1071.991621
-2.200067,3,1072.126745
-1.119349,2,1072.227654
-3.357333,4,1072.393899
-2.218361,3,1072.525227
-1.084398,2,1072.607615
-2.164298,3,1072.743621
-2.220699,3,1072.862615
-2.24813,3,1072.987928
-3.297032,4,1073.169707
-2.250317,3,1073.288616
-0.049659,1,1073.31767
-2.205851,3,1073.445453
-2.247835,3,1073.593885
-3.420071,4,1073.751009
-2.300218,3,1073.865194
-2.24004,3,1073.996246
-3.36363,4,1074.182746
-2.247383,3,1074.319722
-2.141154,3,1074.44388
-2.168049,3,1074.559033
-2.214863,3,1074.670655
-1.049544,2,1074.753323
-2.204005,3,1074.882911
-0.036912,1,1074.927659
-0.035389,1,1074.956255
-2.227448,3,1075.062563
-2.260513,3,1075.140194
-2.230235,3,1075.251828
-2.261547,3,1075.357857
-3.32788,4,1075.497921
-2.258451,3,1075.599718
-2.228598,3,1075.706249
-3.350531,4,1075.868611
-3.435895,4,1076.020666
-2.222333,3,1076.141235
-1.123563,2,1076.233241
-3.283614,4,1076.351954
-3.444327,4,1076.501674
-1.134776,2,1076.577658
-0.045699,1,1076.611706
-1.076979,2,1076.699649
-3.325067,4,1076.877932
-2.174759,3,1077.005329
-3.275586,4,1077.191607
-0.029634,1,1077.229696
-3.349558,4,1077.396949
-2.267001,3,1077.531451
-1.085853,2,1077.612822
-2.243658,3,1077.749931
-2.192399,3,1077.901557
-1.126316,2,1077.989885
-3.391114,4,1078.153675
-2.235717,3,1078.295215
-0.00637,1,1078.336291
-1.111006,2,1078.399726
-2.229591,3,1078.478687
-2.217891,3,1078.560887
-2.220386,3,1078.702945
-1.07927,2,1078.806389
-1.122474,2,1078.876749
-3.310327,4,1079.040301
-2.190009,3,1079.187843
-2.242995,3,1079.306808
-2.220217,3,1079.437907
-3.343343,4,1079.599852
-1.13135,2,1079.696786
-2.279632,3,1079.829794
-3.346945,4,1080.033389
-3.369691,4,1080.181865
-1.05933,2,1080.252877
-3.288014,4,1080.384087
-1.107823,2,1080.451941
-1.132495,2,1080.533312
-2.194226,3,1080.676121
-2.278221,3,1080.829763
-2.232027,3,1080.942316
-2.17479,3,1081.076123
-1.143172,2,1081.173944
-1.108727,2,1081.250859
-2.285519,3,1081.363892
-2.236031,3,1081.483776
-0.022544,1,1081.532368
-2.188937,3,1081.665265
-0.043554,1,1081.716135
-1.135446,2,1081.801759
-3.320914,4,1081.970547
-3.405812,4,1082.129819
-2.17054,3,1082.253326
-2.210707,3,1082.366683
-1.05867,2,1082.466327
-1.118273,2,1082.545678
-3.371634,4,1082.726707
-2.241456,3,1082.853891
-2.241921,3,1083.003724
-2.223234,3,1083.138313
-1.114676,2,1083.238264
-1.100665,2,1083.329839
-1.081091,2,1083.42891
-2.215872,3,1083.547831
-1.128568,2,1083.658727
-2.225779,3,1083.786268
-3.340122,4,1083.962616
-2.216142,3,1084.081867
-2.152476,3,1084.202785
-0.04516,1,1084.245363
-2.21388,3,1084.383685
-3.285177,4,1084.543204
-2.229267,3,1084.672813
-1.107208,2,1084.760859
-2.219994,3,1084.883628
-0.036546,1,1084.926701
-2.181519,3,1085.070902
-1.088074,2,1085.166054
-1.081456,2,1085.256667
-3.318704,4,1085.410621
-1.15061,2,1085.497793
-3.473263,4,1085.662532
-3.30966,4,1085.848995
-1.076938,2,1085.937893
-2.177262,3,1086.052994
-0.017102,1,1086.107577
-2.302583,3,1086.251842
-3.27195,4,1086.379777
-2.267113,3,1086.502682
-0.020108,1,1086.537775
-1.084049,2,1086.630203
-1.148072,2,1086.696309
-2.231333,3,1086.813717
-2.187516,3,1086.936242
-3.293242,4,1087.10173
-2.163599,3,1087.233281
-3.335074,4,1087.38106
-1.138189,2,1087.470932
-1.092917,2,1087.542727
-3.366969,4,1087.703718
-2.186922,3,1087.826721
-3.300037,4,1088.013871
-2.246031,3,1088.147867
-0.036867,1,1088.191099
-1.104361,2,1088.299758
-2.264466,3,1088.421571
-0.043291,1,1088.486829
-2.23813,3,1088.611802
-3.365283,4,1088.735377
-3.284771,4,1088.903731
-3.277208,4,1089.082585
-3.348929,4,1089.272358
-2.207961,3,1089.390701
-2.26137,3,1089.500758
-1.123023,2,1089.59375
-2.213884,3,1089.715298
-0.038841,1,1089.768764
-2.275022,3,1089.90377
-2.322834,3,1090.068789
-1.104843,2,1090.156096
-2.232528,3,1090.289864
-3.377397,4,1090.460527
-3.350485,4,1090.630698
-3.321707,4,1090.823709
-0.053826,1,1090.865357
-2.23694,3,1090.99972
-0.021547,1,1091.053943
-0.038817,1,1091.109678
-3.321754,4,1091.298763
-2.27611,3,1091.427838
-2.204266,3,1091.553825
-3.359255,4,1091.72085
-1.072064,2,1091.812876
-1.106075,2,1091.906359
-1.126632,2,1092.015234
-3.245996,4,1092.195156
-3.331005,4,1092.36977
-2.1783,3,1092.487674
-0.027271,1,1092.534269
-3.305979,4,1092.701646
-2.243875,3,1092.819794
-1.062137,2,1092.901735
-2.179361,3,1093.060946
-2.248538,3,1093.192157
-3.346544,4,1093.356737
-1.136283,2,1093.443393
-2.204976,3,1093.585535
-2.182992,3,1093.709588
-2.226835,3,1093.848119
-1.104585,2,1093.93758
-3.310492,4,1094.111704
-2.267203,3,1094.223721
-1.110386,2,1094.29881
-1.114314,2,1094.391702
-1.072287,2,1094.483286
-2.184918,3,1094.605955
-3.288169,4,1094.767159
-1.136708,2,1094.848594
-1.125748,2,1094.920703
-3.335902,4,1095.083629
-1.11019,2,1095.170779
-3.34076,4,1095.343794
-2.227412,3,1095.465323
-3.33176,4,1095.643844
-2.226526,3,1095.769891
-2.210016,3,1095.909852
-0.046144,1,1095.953958
-2.293798,3,1096.086336
-2.205056,3,1096.23268
-2.24162,3,1096.355415
-2.247727,3,1096.465263
-3.26734,4,1096.622837
-1.122537,2,1096.698714
-3.326551,4,1096.865381
-2.171759,3,1097.005633
-3.400634,4,1097.154298
-2.302978,3,1097.283877
-2.226689,3,1097.387856
-1.082748,2,1097.459748
-2.29223,3,1097.567706
-3.336336,4,1097.71889
-0.019306,1,1097.7587
-1.090315,2,1097.816208
-1.102547,2,1097.875376
-2.275943,3,1097.99782
-1.109845,2,1098.086676
-2.185782,3,1098.205168
-2.312609,3,1098.351871
-1.124742,2,1098.432789
-2.21543,3,1098.540178
-1.14146,2,1098.616068
-2.254631,3,1098.735792
-3.313936,4,1098.9003
-3.282693,4,1099.030818
-2.158734,3,1099.170718
-3.354382,4,1099.339029
-2.155785,3,1099.467731
-3.330285,4,1099.625312
-0.019828,1,1099.668653
-1.128288,2,1099.748842
-1.134848,2,1099.829733
-0.020644,1,1099.870854
-2.19429,3,1099.973628
-2.246872,3,1100.07708
-2.280994,3,1100.201895
-1.127646,2,1100.285246
-1.086281,2,1100.380777
-1.091253,2,1100.447631
-2.227153,3,1100.558821
-1.101882,2,1100.639923
-1.130663,2,1100.717538
-2.22059,3,1100.839327
-3.356584,4,1101.003695
-1.096625,2,1101.108848
-0.04974,1,1101.159657
-0.039153,1,1101.210743
-2.151066,3,1101.340023
-0.025085,1,1101.383677
-2.215067,3,1101.495276
-2.279655,3,1101.631804
-1.139967,2,1101.719779
-2.228599,3,1101.842257
-2.275469,3,1101.967779
-0.016212,1,1102.012839
-2.209922,3,1102.149579
-2.158191,3,1102.28078
-3.319888,4,1102.441297
-2.229318,3,1102.58078
-3.364352,4,1102.723781
-1.099186,2,1102.812693
-0.010253,1,1102.875945
-2.212189,3,1103.011732
-2.20689,3,1103.139087
-2.215929,3,1103.282668
-1.139368,2,1103.385398
-2.215747,3,1103.529797
-2.202745,3,1103.676722
-0.012213,1,1103.712778
-2.21333,3,1103.841925
-2.230778,3,1103.980926
-3.341555,4,1104.156026
-2.21414,3,1104.301886
-3.278423,4,1104.480683
-1.118456,2,1104.571867
-2.194289,3,1104.692964
-2.240997,3,1104.815345
-2.241334,3,1104.963658
-1.073501,2,1105.048817
-2.196622,3,1105.180667
-3.348899,4,1105.347028
-1.130627,2,1105.440068
-1.125657,2,1105.530864
-2.25247,3,1105.64374
-1.088282,2,1105.725352
-1.147297,2,1105.811792
-2.250574,3,1105.938689
-0.052788,1,1105.979751
-1.12243,2,1106.078893
-2.170081,3,1106.220793
-2.225437,3,1106.347872
-2.217841,3,1106.488837
-2.162042,3,1106.613869
-1.130827,2,1106.708967
-1.12582,2,1106.801772
-2.217477,3,1106.92076
-3.282908,4,1107.103814
-0.046491,1,1107.148897
-3.291287,4,1107.326913
-3.322476,4,1107.52207
-2.190565,3,1107.676103
-2.185469,3,1107.800974
-2.256926,3,1107.922889
-2.213869,3,1108.043845
-3.324001,4,1108.200918
-1.097851,2,1108.316321
-0.044102,1,1108.360592
-0.030883,1,1108.403827
-1.121121,2,1108.485168
-3.288404,4,1108.668701
-1.118826,2,1108.753842
-1.07679,2,1108.827387
-2.236087,3,1108.94987
-0.02725,1,1108.993704
-3.327916,4,1109.121699
-2.290624,3,1109.220674
-2.209531,3,1109.31765
-2.234335,3,1109.456923
-3.432084,4,1109.622555
-2.189092,3,1109.755134
-1.082136,2,1109.845308
-2.25155,3,1109.986778
-2.234281,3,1110.126847
-2.129756,3,1110.254184
-1.14993,2,1110.333858
-3.312868,4,1110.492855
-2.23084,3,1110.615189
-2.256739,3,1110.735379
-0.043483,1,1110.780711
-1.12403,2,1110.870144
-2.254532,3,1111.003895
-0.013602,1,1111.034122
-2.23752,3,1111.167827
-1.113533,2,1111.264496
-3.329624,4,1111.433855
-2.234215,3,1111.53629
-2.14091,3,1111.653815
-1.105787,2,1111.762672
-2.224054,3,1111.897633
-2.249427,3,1112.012655
-2.236871,3,1112.163919
-2.21639,3,1112.262366
-3.345735,4,1112.45809
-2.220461,3,1112.517238
-1.128487,2,1112.562036
-2.229038,3,1112.673769
-2.194026,3,1112.840257
-2.244629,3,1112.952501
-2.205566,3,1113.061654
-0.057213,1,1113.11524
-1.087301,2,1113.204569
-0.024889,1,1113.238121
-2.213301,3,1113.361129
-0.017796,1,1113.400798
-2.277171,3,1113.503875
-2.180554,3,1113.649014
-2.277681,3,1113.75432
-3.394161,4,1113.940672
-3.324198,4,1114.126791
-1.134161,2,1114.208881
-2.263672,3,1114.343351
-2.311868,3,1114.458514
-1.090269,2,1114.545638
-1.102235,2,1114.628881
-0.041713,1,1114.674033
-2.213369,3,1114.796359
-1.155199,2,1114.880629
-1.084495,2,1114.974287
-2.228517,3,1115.092061
-2.231438,3,1115.228848
-3.403499,4,1115.385285
-1.081467,2,1115.452914
-2.245339,3,1115.56536
-2.201533,3,1115.667109
-3.409854,4,1115.813876
-2.188553,3,1115.920792
-2.263538,3,1116.024123
-2.241331,3,1116.143434
-3.309044,4,1116.317768
-2.261843,3,1116.396333
-2.208336,3,1116.491332
-1.137399,2,1116.55384
-1.100599,2,1116.613073
-2.296168,3,1116.691064
-2.21583,3,1116.779876
-2.176235,3,1116.885362
-2.181939,3,1116.982638
-0.014549,1,1117.007679
-3.39974,4,1117.129907
-0.012091,1,1117.163782
-1.069281,2,1117.216882
-0.042284,1,1117.242469
-2.158322,3,1117.319481
-0.031121,1,1117.357912
-1.102446,2,1117.419804
-1.129103,2,1117.515243
-2.254818,3,1117.613643
-3.375107,4,1117.764063
-2.199778,3,1117.833633
-2.242014,3,1117.920864
-1.096093,2,1117.983803
-3.331963,4,1118.101674
-1.135119,2,1118.169174
-2.158832,3,1118.255396
-3.330824,4,1118.371665
-1.109101,2,1118.440788
-3.401585,4,1118.54832
-0.034999,1,1118.586862
-0.014922,1,1118.618629
-1.11198,2,1118.69964
-3.373859,4,1118.839647
-3.294883,4,1118.987625
-2.184807,3,1119.079881
-1.128081,2,1119.138907
-2.263079,3,1119.236813
-2.220126,3,1119.333782
-2.252668,3,1119.41519
-2.191379,3,1119.503706
-2.232197,3,1119.595381
-3.381706,4,1119.716973
-2.297022,3,1119.806714
-0.020882,1,1119.860989
-0.008256,1,1119.898663
-2.229309,3,1120.006858
-2.231068,3,1120.12088
-2.178858,3,1120.254215
-2.141285,3,1120.329636
-3.418259,4,1120.449896
-2.259643,3,1120.54321
-3.386697,4,1120.681934
-0.023815,1,1120.709632
-1.13014,2,1120.781513
-2.232145,3,1120.896794
-2.29925,3,1121.001719
-3.304967,4,1121.133695
-3.322402,4,1121.27322
-0.035859,1,1121.308833
-1.088986,2,1121.373031
-2.22194,3,1121.487671
-3.349767,4,1121.629627
-2.29569,3,1121.74047
-2.244199,3,1121.847222
-1.123724,2,1121.927639
-2.266726,3,1122.058864
-2.202917,3,1122.17386
-1.078037,2,1122.249978
-0.008682,1,1122.280687
-0.041341,1,1122.302734
-1.132624,2,1122.362923
-1.069954,2,1122.429683
-3.294344,4,1122.539682
-2.169238,3,1122.618061
-3.327094,4,1122.72987
-3.2999,4,1122.844135
-3.396613,4,1122.954147
-0.02856,1,1122.976187
-1.151564,2,1123.027817
-2.196734,3,1123.109041
-2.191582,3,1123.183927
-2.200152,3,1123.276337
-2.197214,3,1123.356188
-0.043519,1,1123.393544
-0.031163,1,1123.415247
-2.225598,3,1123.491879
-2.177105,3,1123.580032
-2.26736,3,1123.669879
-0.026082,1,1123.700987
-0.025628,1,1123.733683
-2.213285,3,1123.820735
-2.216225,3,1123.916823
-3.296868,4,1124.042868
-1.089145,2,1124.10374
-1.10114,2,1124.166128
-2.222202,3,1124.245289
-0.044985,1,1124.277633
-2.251832,3,1124.364559
-0.008151,1,1124.391135
-3.424729,4,1124.520176
-1.098649,2,1124.573916
-1.152934,2,1124.621709
-3.271526,4,1124.729878
-3.307633,4,1124.835314
-2.278422,3,1124.911944
-3.295461,4,1125.021199
-2.249517,3,1125.092852
-2.21593,3,1125.17914
-1.125141,2,1125.245317
-2.230291,3,1125.326745
-1.09164,2,1125.377837
-1.059965,2,1125.446726
-2.167953,3,1125.531312
-2.235703,3,1125.625312
-2.284068,3,1125.708684
-3.347412,4,1125.830027
-0.038014,1,1125.863886
-2.292045,3,1125.949808
-2.276025,3,1126.036096
-2.147647,3,1126.138824
-2.203223,3,1126.235208
-3.337335,4,1126.34861
-1.138245,2,1126.407386
-2.184528,3,1126.507892
-3.428294,4,1126.618131
-3.293015,4,1126.730751
-2.232996,3,1126.827702
-1.12645,2,1126.908866
-2.190961,3,1127.012725
-1.08635,2,1127.076869
-2.228255,3,1127.186676
-2.172032,3,1127.283778
-2.227978,3,1127.380723
-0.004215,1,1127.415282
-2.240835,3,1127.500788
-0.053315,1,1127.539866
-2.166241,3,1127.623704
-1.097447,2,1127.678809
-3.287202,4,1127.815397
-1.098547,2,1127.897756
-1.110806,2,1127.965284
-2.274041,3,1128.04865
-3.293636,4,1128.141786
-1.148836,2,1128.203892
-2.231612,3,1128.277696
-1.090945,2,1128.332058
-1.072114,2,1128.367697
-0.043919,1,1128.400755
-2.216734,3,1128.490201
-2.242673,3,1128.568817
-1.109333,2,1128.612668
-3.298696,4,1128.722841
-2.259935,3,1128.808922
-2.228691,3,1128.876235
-2.185347,3,1128.957891
-1.134351,2,1129.013762
-3.312021,4,1129.130766
-3.3556,4,1129.237031
-3.269702,4,1129.365572
-1.079168,2,1129.450826
-2.201466,3,1129.538631
-2.237288,3,1129.628806
-2.182531,3,1129.717246
-1.091789,2,1129.778783
-1.145121,2,1129.837877
-0.048208,1,1129.857961
-1.108436,2,1129.921839
-1.096229,2,1129.998687
-0.021177,1,1130.028743
-2.203117,3,1130.123891
-2.221422,3,1130.216745
-2.230534,3,1130.339646
-2.242045,3,1130.449838
-2.226227,3,1130.568774
-1.134888,2,1130.648433
-2.2082,3,1130.76301
-1.092872,2,1130.831726
-2.228389,3,1130.925307
-2.234005,3,1131.019827
-2.165207,3,1131.116224
-2.196027,3,1131.219728
-3.451219,4,1131.335596
-2.23877,3,1131.4217
-0.04308,1,1131.459258
-1.146082,2,1131.512726
-2.232297,3,1131.615324
-0.041157,1,1131.650393
-0.050615,1,1131.69084
-3.307777,4,1131.80275
-1.13063,2,1131.867865
-2.147449,3,1131.965301
-1.101832,2,1132.030941
-2.234748,3,1132.117738
-1.123382,2,1132.169818
-2.168559,3,1132.263742
-2.280558,3,1132.353397
-0.024029,1,1132.379723
-2.130854,3,1132.472888
-2.18558,3,1132.556253
-1.127314,2,1132.615277
-2.181642,3,1132.71523
-2.255917,3,1132.811674
-3.362004,4,1132.929732
-2.185454,3,1133.029737
-0.009043,1,1133.058289
-2.247928,3,1133.146863
-2.18175,3,1133.246701
-1.106815,2,1133.323006
-2.257297,3,1133.417067
-3.342584,4,1133.548224
-0.01991,1,1133.576106
-3.354478,4,1133.70685
-0.035678,1,1133.737919
-3.361474,4,1133.85334
-1.134789,2,1133.921676
-3.392017,4,1134.044031
-1.101986,2,1134.108636
-2.315297,3,1134.203658
-2.236606,3,1134.302731
-1.114977,2,1134.361344
-2.244626,3,1134.450125
-3.318949,4,1134.571711
-2.196143,3,1134.676891
-3.271084,4,1134.826693
-1.092247,2,1134.903966
-2.234922,3,1135.016195
-2.225072,3,1135.116671
-2.248176,3,1135.208701
-3.317335,4,1135.330729
-3.365359,4,1135.45232
-1.086737,2,1135.529784
-0.055977,1,1135.560992
-3.352058,4,1135.703333
-3.335572,4,1135.851145
-3.280399,4,1136.007783
-2.163199,3,1136.113155
-2.248227,3,1136.218623
-2.228491,3,1136.341774
-1.067993,2,1136.40534
-3.418583,4,1136.557191
-2.238535,3,1136.667318
-2.163891,3,1136.788108
-3.367524,4,1136.958306
-1.072619,2,1137.050733
-1.12899,2,1137.118867
-2.190226,3,1137.246272
-1.110333,2,1137.308725
-2.271511,3,1137.39605
-3.358264,4,1137.506194
-2.223718,3,1137.593841
-2.263057,3,1137.673962
-3.351815,4,1137.803687
-2.208264,3,1137.883089
-1.093468,2,1137.955806
-2.219632,3,1138.043728
-3.32896,4,1138.170032
-1.071532,2,1138.227471
-2.28571,3,1138.309826
-1.11083,2,1138.387092
-3.347022,4,1138.527185
-2.228078,3,1138.613497
-3.351948,4,1138.7321
-1.088644,2,1138.799664
-3.341274,4,1138.931675
-2.283517,3,1139.03399
-3.296488,4,1139.153325
-2.222421,3,1139.229852
-0.008096,1,1139.265408
-0.032771,1,1139.292655
-2.212849,3,1139.355276
-3.345383,4,1139.434078
-3.366956,4,1139.543742
-3.42633,4,1139.629024
-0.01945,1,1139.660837
-1.129675,2,1139.710029
-2.21808,3,1139.783835
-3.350365,4,1139.869988
-2.197196,3,1139.940874
-0.015708,1,1139.964546
-3.347742,4,1140.083837
-3.395131,4,1140.216756
-2.239293,3,1140.329084
-0.026667,1,1140.357252
-2.217843,3,1140.441137
-1.114816,2,1140.490948
-0.051474,1,1140.524019
-3.275302,4,1140.6452
-1.105904,2,1140.709826
-0.049631,1,1140.73085
-1.097321,2,1140.794576
-2.187213,3,1140.876372
-2.224573,3,1140.963689
-0.031701,1,1141.00376
-0.038574,1,1141.040825
-0.046988,1,1141.081683
-3.42292,4,1141.192689
-3.299577,4,1141.330977
-2.266827,3,1141.408689
-3.30634,4,1141.515179
-2.193823,3,1141.596112
-1.123824,2,1141.655227
-1.079486,2,1141.698953
-2.241128,3,1141.783343
-0.014886,1,1141.8187
-2.175137,3,1141.900801
-0.037007,1,1141.928225
-2.174477,3,1141.993921
-3.301694,4,1142.102838
-1.121884,2,1142.155647
-1.09713,2,1142.216273
-3.331364,4,1142.358726
-2.176721,3,1142.458905
-0.013045,1,1142.489066
-2.256599,3,1142.590815
-3.436759,4,1142.749756
-0.016852,1,1142.793946
-2.251812,3,1142.890703
-1.094247,2,1142.981142
-0.015687,1,1143.026303
-1.136051,2,1143.113857
-2.221088,3,1143.227717
-2.195997,3,1143.336715
-1.10714,2,1143.403246
-1.101717,2,1143.4867
-2.228377,3,1143.60775
-2.239542,3,1143.732753
-3.41527,4,1143.913713
-2.263044,3,1144.028692
-1.14359,2,1144.094294
-0.028533,1,1144.127918
-2.209348,3,1144.242704
-3.3323,4,1144.40399
-1.101905,2,1144.473238
-2.237246,3,1144.569731
-2.177428,3,1144.667454
-0.033614,1,1144.710679
-1.141437,2,1144.796109
-3.374023,4,1144.93593
-1.05414,2,1145.002902
-1.117151,2,1145.086882
-1.104587,2,1145.155149
-3.358871,4,1145.307463
-2.182592,3,1145.40268
-3.371314,4,1145.529716
-2.231006,3,1145.62872
-2.204661,3,1145.727119
-3.359543,4,1145.856296
-2.26919,3,1145.978163
-0.039401,1,1146.013212
-1.10745,2,1146.090725
-2.281083,3,1146.201951
-3.44545,4,1146.335167
-3.370251,4,1146.466186
-3.407396,4,1146.510751
-3.347434,4,1146.561314
-2.207085,3,1146.611883
-2.199196,3,1146.679708
-2.150593,3,1146.738061
-3.369454,4,1146.831769
-1.08001,2,1146.886966
-3.338898,4,1146.966266
-0.023858,1,1146.981936
-2.261115,3,1147.031154
-2.265068,3,1147.098763
-2.246868,3,1147.160356
-3.286369,4,1147.250692
-2.2326,3,1147.317728
-2.312337,3,1147.386111
-3.320309,4,1147.466238
-2.28165,3,1147.535385
-1.111306,2,1147.571738
-1.111135,2,1147.623817
-3.298966,4,1147.716819
-3.310481,4,1147.808791
-1.14279,2,1147.846851
-0.043639,1,1147.872955
-2.164187,3,1147.939227
-2.188897,3,1148.013942
-2.209197,3,1148.086291
-2.219486,3,1148.166415
-1.102844,2,1148.216965
-3.305739,4,1148.308732
-0.041938,1,1148.336274
-3.299049,4,1148.434137
-3.248904,4,1148.510876
-1.092033,2,1148.562688
-2.21004,3,1148.646327
-2.268092,3,1148.736776
-2.241487,3,1148.817698
-2.254649,3,1148.886811
-2.194456,3,1148.959789
-1.122419,2,1149.012888
-2.264296,3,1149.081813
-3.290067,4,1149.180034
-0.041407,1,1149.202118
-2.200622,3,1149.281027
-1.080978,2,1149.323774
-2.258433,3,1149.395213
-2.204482,3,1149.462139
-1.117173,2,1149.520932
-3.414455,4,1149.591683
-1.094885,2,1149.63776
-3.31298,4,1149.732892
-1.139123,2,1149.783717
-1.081108,2,1149.828795
-1.112598,2,1149.873852
-2.183879,3,1149.944132
-0.031877,1,1149.966347
-1.116131,2,1149.999777
-1.059888,2,1150.031818
-1.09965,2,1150.080345
-0.05187,1,1150.10814
-0.030997,1,1150.132733
-2.264094,3,1150.190821
-3.29033,4,1150.275348
-1.063369,2,1150.335582
-2.246575,3,1150.411867
-3.464339,4,1150.497893
-1.0759,2,1150.549331
-2.275571,3,1150.6281
-2.230264,3,1150.69173
-2.222141,3,1150.766162
-3.332468,4,1150.851815
-2.232313,3,1150.943679
-1.128112,2,1150.993753
-2.170874,3,1151.065364
-2.263043,3,1151.14366
-2.252236,3,1151.236818
-3.348497,4,1151.333386
-3.315586,4,1151.443154
-2.219216,3,1151.516173
-1.111318,2,1151.570054
-2.128676,3,1151.635254
-1.088458,2,1151.682826
-2.202579,3,1151.745935
-2.277848,3,1151.818645
-1.064643,2,1151.869853
-2.188867,3,1151.941225
-3.334643,4,1152.037702
-2.142738,3,1152.117507
-2.203287,3,1152.192986
-1.13173,2,1152.247678
-2.241691,3,1152.337799
-3.354631,4,1152.447072
-2.209868,3,1152.508781
-1.132293,2,1152.556348
-1.146347,2,1152.611656
-1.112501,2,1152.664236
-2.248898,3,1152.73591
-3.367249,4,1152.835357
-1.0917,2,1152.883634
-3.307995,4,1152.995374
-1.087615,2,1153.04518
-2.271197,3,1153.11266
-2.232716,3,1153.183465
-2.160069,3,1153.268843
-0.040413,1,1153.293888
-2.170968,3,1153.369907
-3.288714,4,1153.473851
-2.234234,3,1153.557764
-3.322005,4,1153.658643
-3.383209,4,1153.752686
-2.153439,3,1153.822813
-2.246316,3,1153.902832
-2.217533,3,1153.966962
-2.208525,3,1154.042744
-1.107632,2,1154.088053
-2.213493,3,1154.167335
-2.219944,3,1154.246044
-0.041292,1,1154.269794
-2.266279,3,1154.340951
-0.018594,1,1154.373192
-3.352092,4,1154.471861
-1.073985,2,1154.53069
-3.283337,4,1154.61709
-1.135562,2,1154.651761
-1.137573,2,1154.691121
-2.259121,3,1154.768154
-1.147297,2,1154.838827
-3.302308,4,1154.986357
-2.199818,3,1155.107776
-2.235472,3,1155.235137
-3.331148,4,1155.370159
-1.101805,2,1155.431635
-1.106775,2,1155.481765
-0.050439,1,1155.512817
-2.259679,3,1155.606663
-2.184693,3,1155.689041
-2.185636,3,1155.785297
-2.249037,3,1155.874259
-0.012119,1,1155.904001
-1.119464,2,1155.987102
-3.355065,4,1156.095572
-0.037817,1,1156.123755
-2.167003,3,1156.205335
-2.263513,3,1156.283568
-2.266365,3,1156.378244
-2.262574,3,1156.460381
-1.151132,2,1156.515133
-0.040188,1,1156.545178
-2.239951,3,1156.628927
-3.303395,4,1156.736722
-1.116802,2,1156.79384
-2.221839,3,1156.919626
-1.107989,2,1156.977977
-2.260097,3,1157.046652
-1.061784,2,1157.111859
-3.34827,4,1157.246254
-1.087345,2,1157.30686
-1.117023,2,1157.364192
-2.260016,3,1157.445197
-3.440751,4,1157.580769
-2.184923,3,1157.680429
-2.285393,3,1157.789557
-2.262928,3,1157.925217
-1.127269,2,1158.020744
-3.286586,4,1158.136794
-1.103817,2,1158.208793
-3.349049,4,1158.350998
-2.223825,3,1158.452865
-3.274553,4,1158.598831
-1.079048,2,1158.68611
-0.037882,1,1158.727723
-1.124427,2,1158.805546
-2.174368,3,1158.916906
-3.271771,4,1159.072864
-2.216852,3,1159.200806
-1.120434,2,1159.296316
-3.421785,4,1159.464371
-3.387259,4,1159.629594
-0.039932,1,1159.666163
-2.188642,3,1159.786293
-2.199874,3,1159.926802
-1.11591,2,1160.01075
-0.014871,1,1160.052817
-2.277647,3,1160.169369
-0.0375,1,1160.209862
-3.351837,4,1160.345288
-1.092093,2,1160.400157
-1.090053,2,1160.491101
-3.389299,4,1160.670431
-2.191347,3,1160.778953
-0.01629,1,1160.82272
-2.161112,3,1160.936999
-2.184437,3,1161.06938
-2.203796,3,1161.182061
-2.179022,3,1161.29629
-1.079149,2,1161.383563
-0.027569,1,1161.418758
-3.33202,4,1161.570546
-2.194565,3,1161.691043
-1.071976,2,1161.771333
-3.359876,4,1161.924268
-1.113565,2,1161.993823
-0.024328,1,1162.041527
-2.216317,3,1162.180896
-3.294589,4,1162.347051
-3.289854,4,1162.511735
-1.094934,2,1162.585357
-2.235952,3,1162.6976
-2.251093,3,1162.835209
-2.241251,3,1162.960272
-1.144389,2,1163.039811
-1.074037,2,1163.109637
-2.29461,3,1163.217809
-0.027319,1,1163.264373
-3.384287,4,1163.409832
-3.321868,4,1163.562827
-1.103012,2,1163.632532
-3.346509,4,1163.785792
-0.031517,1,1163.822757
-2.200456,3,1163.9553
-2.203065,3,1164.082948
-2.16712,3,1164.188865
-3.389077,4,1164.346965
-3.313762,4,1164.506821
-2.256262,3,1164.616739
-1.113893,2,1164.680991
-2.240713,3,1164.788642
-2.251992,3,1164.913024
-2.204039,3,1165.053684
-2.135681,3,1165.162872
-1.1496,2,1165.229843
-3.391594,4,1165.397029
-1.122951,2,1165.479781
-2.221667,3,1165.616808
-2.250965,3,1165.763792
-0.03069,1,1165.822895
-1.130206,2,1165.909767
-2.22085,3,1166.032772
-1.084311,2,1166.123085
-2.245982,3,1166.257794
-1.129744,2,1166.34961
-2.178747,3,1166.512069
-3.345675,4,1166.665312
-1.139395,2,1166.75876
-1.134683,2,1166.842889
-2.218847,3,1166.960675
-2.167949,3,1167.076369
-1.107748,2,1167.163811
-2.18916,3,1167.282815
-0.045185,1,1167.318876
-2.172704,3,1167.422349
-1.08997,2,1167.517874
-2.251716,3,1167.632744
-3.34298,4,1167.760762
-1.081705,2,1167.839887
-0.029916,1,1167.877519
-0.033123,1,1167.901714
-2.239667,3,1168.005284
-2.215334,3,1168.111148
-3.308526,4,1168.236308
-2.240771,3,1168.335166
-1.137737,2,1168.405273
-0.025271,1,1168.439837
-2.18717,3,1168.529778
-1.112734,2,1168.592568
-2.14679,3,1168.680013
-2.298227,3,1168.767386
-2.216404,3,1168.858713
-3.295727,4,1168.992089
-2.273167,3,1169.083923
-1.101514,2,1169.143687
-1.095324,2,1169.202663
-2.265305,3,1169.285487
-2.269127,3,1169.361846
-3.40706,4,1169.478673
-0.034599,1,1169.513724
-3.413556,4,1169.639601
-2.247549,3,1169.725245
-3.369573,4,1169.83855
-2.213713,3,1169.929651
-0.042713,1,1169.962698
-2.213681,3,1170.063578
-2.22065,3,1170.156657
-2.224063,3,1170.252625
-2.238593,3,1170.35078
-2.195011,3,1170.436085
-2.272144,3,1170.518992
-1.117548,2,1170.574003
-2.201858,3,1170.645909
-1.055245,2,1170.692641
-3.364057,4,1170.863725
-1.146965,2,1170.908856
-2.22536,3,1170.989644
-2.238309,3,1171.062938
-1.070103,2,1171.115182
-1.132555,2,1171.17628
-2.262444,3,1171.260204
-0.056873,1,1171.295347
-2.253305,3,1171.38128
-1.090267,2,1171.445266
-3.300775,4,1171.563752
-2.270885,3,1171.669366
-3.295438,4,1171.803946
-3.343295,4,1171.930144
-1.076356,2,1171.984029
-3.461603,4,1172.102984
-1.122912,2,1172.16874
-2.17973,3,1172.266832
-2.186729,3,1172.360769
-1.058602,2,1172.425666
-2.232268,3,1172.537181
-3.256996,4,1172.690989
-1.07627,2,1172.769259
-2.201855,3,1172.861779
-2.257006,3,1172.937974
-2.216715,3,1173.029689
-2.208638,3,1173.104223
-1.137384,2,1173.147649
-2.21345,3,1173.231699
-2.219313,3,1173.320666
-2.212777,3,1173.396199
-2.278691,3,1173.482102
-0.045701,1,1173.513722
-2.184812,3,1173.607668
-2.162972,3,1173.70016
-1.148766,2,1173.763874
-2.227143,3,1173.851694
-2.279121,3,1173.95875
-2.254601,3,1174.04369
-0.025801,1,1174.068736
-1.14181,2,1174.127667
-1.14686,2,1174.202553
-2.186141,3,1174.307879
-2.215139,3,1174.403974
-1.094283,2,1174.457896
-0.041917,1,1174.492223
-2.165379,3,1174.577227
-1.084075,2,1174.626808
-1.151292,2,1174.679893
-2.287044,3,1174.776309
-3.358743,4,1174.898808
-2.194213,3,1174.985186
-3.373347,4,1175.095978
-2.222754,3,1175.190004
-3.450321,4,1175.311526
-2.197684,3,1175.400819
-2.182343,3,1175.495137
-3.329514,4,1175.62188
-0.024444,1,1175.641788
-2.253004,3,1175.739803
-2.214946,3,1175.825223
-2.25358,3,1175.930113
-2.216298,3,1176.016765
-2.20782,3,1176.097496
-2.261256,3,1176.17992
-1.102618,2,1176.24367
-3.28954,4,1176.356072
-3.318418,4,1176.457716
-0.033061,1,1176.491939
-2.21379,3,1176.585918
-2.167379,3,1176.685906
-3.325737,4,1176.811598
-2.134197,3,1176.905288
-2.1897,3,1177.000154
-1.114554,2,1177.055352
-1.065131,2,1177.123676
-2.172042,3,1177.213579
-3.292642,4,1177.336693
-3.361601,4,1177.453712
-0.032031,1,1177.486367
-1.093146,2,1177.547111
-2.197745,3,1177.647828
-3.294453,4,1177.763758
-0.026269,1,1177.793038
-2.18645,3,1177.871169
-2.216685,3,1177.956826
-3.280079,4,1178.070305
-1.130916,2,1178.112654
-1.139703,2,1178.17025
-2.272897,3,1178.25797
-1.131956,2,1178.310765
-2.266898,3,1178.394103
-1.125814,2,1178.456799
-3.337458,4,1178.553822
-2.198507,3,1178.637764
-0.038791,1,1178.665298
-3.312197,4,1178.771441
-0.023302,1,1178.803758
-2.226727,3,1178.884382
-0.034594,1,1178.906003
-2.165063,3,1179.001727
-0.022467,1,1179.0377
-2.239603,3,1179.119491
-2.143051,3,1179.195935
-3.314745,4,1179.289242
-0.048676,1,1179.320517
-2.250573,3,1179.387382
-3.380482,4,1179.493525
-3.389275,4,1179.596821
-0.034051,1,1179.636384
-1.147652,2,1179.689781
-0.03073,1,1179.712812
-2.244506,3,1179.785959
-1.091192,2,1179.836283
-2.249917,3,1179.916662
-1.118012,2,1179.965233
-1.090343,2,1180.017954
-2.216834,3,1180.102789
-1.141057,2,1180.145357
-2.135588,3,1180.219701
-3.337741,4,1180.315229
-2.232293,3,1180.398664
-1.139961,2,1180.722668
-1.117673,2,1180.778285
-3.268022,4,1180.882902
-2.272041,3,1180.957773
-2.236543,3,1181.043609
-2.269715,3,1181.11285
-3.288823,4,1181.239872
-2.172363,3,1181.31982
-1.136973,2,1181.368113
-1.114282,2,1181.430252
-3.267878,4,1181.537812
-2.299469,3,1181.622831
-2.264763,3,1181.70522
-1.132901,2,1181.752793
-2.181792,3,1181.818892
-2.184747,3,1181.897795
-2.27016,3,1181.980611
-1.08118,2,1182.038737
-3.425749,4,1182.152971
-1.113823,2,1182.202773
-0.052963,1,1182.232816
-0.016277,1,1182.269895
-2.198389,3,1182.351767
-0.024678,1,1182.393035
-2.188376,3,1182.470804
-3.36976,4,1182.57586
-0.034414,1,1182.601992
-2.223112,3,1182.696944
-0.035101,1,1182.727064
-2.17668,3,1182.803002
-2.265645,3,1182.890317
-2.164339,3,1182.999363
-0.043156,1,1183.024204
-2.225319,3,1183.111622
-2.201725,3,1183.197836
-2.166441,3,1183.318017
-2.198026,3,1183.387291
-2.196874,3,1183.479826
-2.221822,3,1183.572518
-1.110287,2,1183.638808
-2.200718,3,1183.72121
-2.206967,3,1183.797526
-1.079582,2,1183.851363
-3.330597,4,1183.991801
-3.275849,4,1184.11979
-3.309176,4,1184.233749
-2.225251,3,1184.3288
-3.431938,4,1184.442742
-2.216348,3,1184.538655
-3.285668,4,1184.650628
-2.283127,3,1184.736884
-1.128331,2,1184.801756
-2.278395,3,1184.889921
-1.133189,2,1184.939714
-2.212013,3,1185.028795
-0.055631,1,1185.07237
-1.087373,2,1185.141679
-3.278756,4,1185.272298
-2.252992,3,1185.372223
-3.317401,4,1185.493882
-2.188669,3,1185.596928
-2.184557,3,1185.691171
-2.229738,3,1185.797086
-3.353235,4,1185.921589
-0.050735,1,1185.948549
-3.280219,4,1186.083717
-2.147202,3,1186.166363
-0.038392,1,1186.211581
-2.271258,3,1186.297211
-1.14167,2,1186.359712
-2.216099,3,1186.477593
-2.251943,3,1186.590549
-1.086382,2,1186.64514
-1.157299,2,1186.709013
-2.254873,3,1186.791839
-2.170804,3,1186.884187
-1.103321,2,1186.940816
-2.240544,3,1187.03088
-1.129508,2,1187.083606
-2.193408,3,1187.166234
-0.036247,1,1187.189858
-2.179878,3,1187.267488
-3.247272,4,1187.384162
-1.073708,2,1187.450813
-2.248079,3,1187.540035
-2.155952,3,1187.623173
-2.290437,3,1187.698629
-0.025033,1,1187.733678
-2.227921,3,1187.814008
-0.052329,1,1187.845173
-2.180464,3,1187.921623
-1.124388,2,1187.976238
-2.295499,3,1188.051168
-3.28198,4,1188.156244
-0.051314,1,1188.182291
-2.275876,3,1188.275221
-2.177997,3,1188.371392
-1.090207,2,1188.436788
-0.011512,1,1188.471911
-0.041199,1,1188.516621
-2.239565,3,1188.618879
-3.378693,4,1188.740814
-3.372117,4,1188.857687
-1.083146,2,1188.922949
-0.053908,1,1188.958675
-0.020487,1,1188.987971
-3.306235,4,1189.111821
-3.268473,4,1189.22357
-3.365289,4,1189.368829
-0.019625,1,1189.400883
-2.197382,3,1189.518182
-2.228637,3,1189.62971
-3.320092,4,1189.743881
-3.370856,4,1189.86073
-2.20479,3,1189.943563
-2.200892,3,1190.043876
-2.171593,3,1190.137376
-1.077453,2,1190.217376
-0.045261,1,1190.247746
-2.185695,3,1190.333806
-3.300939,4,1190.468851
-2.249137,3,1190.553892
-1.088991,2,1190.609792
-2.28424,3,1190.681063
-1.106884,2,1190.728837
-0.029568,1,1190.765915
-3.283976,4,1190.889961
-1.091596,2,1190.943699
-1.096751,2,1190.989789
-3.345838,4,1191.087372
-2.190428,3,1191.161859
-2.221763,3,1191.255237
-2.245256,3,1191.336999
-3.315714,4,1191.4659
-1.15898,2,1191.506613
-0.037778,1,1191.546174
-3.379916,4,1191.67187
-3.363592,4,1191.801597
-0.013761,1,1191.840665
-1.122695,2,1191.917746
-3.280149,4,1192.021105
-3.30086,4,1192.122539
-2.274266,3,1192.201676
-1.134749,2,1192.266799
-2.209682,3,1192.337005
-3.376119,4,1192.450733
-1.148545,2,1192.500807
-0.00963,1,1192.536863
-0.038488,1,1192.568926
-1.098174,2,1192.631727
-3.299315,4,1192.760891
-0.020927,1,1192.788718
-2.206657,3,1192.871246
-0.038273,1,1192.893803
-2.193264,3,1192.979117
-2.214471,3,1193.058943
-2.253756,3,1193.146774
-2.261596,3,1193.223224
-0.014413,1,1193.249568
-1.0688,2,1193.308713
-3.371613,4,1193.418876
-2.206628,3,1193.495224
-2.232066,3,1193.575341
-0.011208,1,1193.608489
-2.20359,3,1193.683763
-1.115621,2,1193.74788
-2.174273,3,1193.829815
-1.116536,2,1193.922134
-3.339236,4,1194.060892
-0.025203,1,1194.09767
-0.036095,1,1194.137214
-3.296717,4,1194.281
-0.05101,1,1194.317686
-2.161169,3,1194.424095
-2.246335,3,1194.540784
-2.240644,3,1194.656833
-2.23269,3,1194.752711
-2.199575,3,1194.872512
-3.359062,4,1195.038884
-2.178993,3,1195.161818
-2.154577,3,1195.297501
-3.429748,4,1195.4453
-2.299863,3,1195.547992
-1.128884,2,1195.626138
-2.26933,3,1195.726829
-2.171086,3,1195.83074
-1.100743,2,1195.901861
-2.251498,3,1196.022966
-2.256487,3,1196.146219
-2.176995,3,1196.277996
-2.240187,3,1196.391201
-1.09322,2,1196.488873
-3.297681,4,1196.634028
-1.127254,2,1196.71479
-2.174205,3,1196.810678
-3.268851,4,1196.966239
-3.305025,4,1197.112649
-2.213141,3,1197.225915
-1.136623,2,1197.31292
-2.249855,3,1197.429755
-2.247002,3,1197.527637
-2.258448,3,1197.608956
-3.252942,4,1197.711868
-2.249647,3,1197.802038
-0.023589,1,1197.831871
-2.215256,3,1197.928718
-1.11612,2,1197.99332
-2.162877,3,1198.087294
-1.073719,2,1198.138759
-2.234567,3,1198.2177
-0.028659,1,1198.246366
-0.051579,1,1198.280437
-2.234877,3,1198.365547
-1.098342,2,1198.417002
-2.316369,3,1198.505447
-2.21222,3,1198.621793
-2.261974,3,1198.728644
-3.308979,4,1198.861842
-2.263031,3,1198.958702
-0.033032,1,1198.998061
-2.259957,3,1199.062025
-2.276371,3,1199.143624
-2.226241,3,1199.233922
-2.187584,3,1199.323786
-3.361864,4,1199.438276
-3.322106,4,1199.57986
-2.26167,3,1199.663394
-1.078566,2,1199.737612
-2.259194,3,1199.833999
-0.045022,1,1199.866624
-1.140569,2,1199.913779
-1.117116,2,1199.986356
-1.135858,2,1200.055309
-2.289415,3,1200.143642
-2.254288,3,1200.2218
-2.166189,3,1200.312665
-2.165683,3,1200.378785
-0.050053,1,1200.411628
-2.232025,3,1200.480729
-2.168169,3,1200.571068
-0.016224,1,1200.598682
-2.245814,3,1200.679717
-2.265066,3,1200.77296
-1.090534,2,1200.836781
-3.351797,4,1200.956663
-0.04613,1,1200.986219
-3.340812,4,1201.089198
-0.040457,1,1201.116806
-2.150594,3,1201.193178
-3.302955,4,1201.303872
-0.016549,1,1201.319971
-1.094596,2,1201.390006
-3.310329,4,1201.496327
-3.430615,4,1201.593532
-2.28596,3,1201.679719
-1.148481,2,1201.751101
-2.243542,3,1201.835166
-3.339683,4,1201.948877
-2.189745,3,1202.031948
-2.249446,3,1202.132828
-1.10627,2,1202.194533
-2.202471,3,1202.27983
-2.191964,3,1202.382803
-2.270795,3,1202.4667
-3.35527,4,1202.561886
-2.223987,3,1202.649755
-2.278564,3,1202.714015
-1.075848,2,1202.78357
-1.103122,2,1202.828762
-0.016059,1,1202.863814
-1.097289,2,1202.915631
-1.086173,2,1202.989333
-0.03278,1,1203.033698
-2.225601,3,1203.137078
-3.305095,4,1203.269695
-1.108542,2,1203.344076
-3.294755,4,1203.449794
-3.322035,4,1203.556776
-2.195879,3,1203.637191
-2.264295,3,1203.73517
-2.167136,3,1203.819671
-2.184563,3,1203.913651
-2.249251,3,1203.994294
-0.040805,1,1204.02559
-1.083986,2,1204.08828
-2.224982,3,1204.176295
-2.224731,3,1204.319762
-2.203994,3,1204.42513
-2.154602,3,1204.508689
-2.18419,3,1204.587346
-1.153507,2,1204.648741
-2.282149,3,1204.728657
-1.126868,2,1204.783242
-2.214578,3,1204.871653
-1.13109,2,1204.927682
-2.169958,3,1205.028623
-3.389822,4,1205.156824
-2.190454,3,1205.246871
-2.224229,3,1205.33378
-0.037348,1,1205.363832
-3.330573,4,1205.466084
-2.270421,3,1205.553763
-2.177855,3,1205.633889
-2.170431,3,1205.705322
-3.327557,4,1205.809656
-2.206832,3,1205.8978
-2.225071,3,1205.978765
-2.260616,3,1206.067751
-2.231676,3,1206.151453
-2.284573,3,1206.247778
-3.324926,4,1206.363023
-1.074972,2,1206.42746
-2.226154,3,1206.506078
-2.197389,3,1206.595515
-1.134275,2,1206.642513
-2.253428,3,1206.741051
-1.112788,2,1206.800166
-2.215161,3,1206.889852
-3.305389,4,1207.033853
-0.044325,1,1207.076037
-2.163553,3,1207.165302
-2.235152,3,1207.258712
-1.094342,2,1207.318818
-3.297188,4,1207.450742
-2.260559,3,1207.553962
-2.229598,3,1207.650822
-0.04216,1,1207.696911
-3.364674,4,1207.861838
-0.039512,1,1207.911938
-1.093066,2,1207.996139
-3.415538,4,1208.15368
-2.17244,3,1208.283881
-0.016847,1,1208.320074
-3.326167,4,1208.442719
-2.192198,3,1208.546889
-0.058508,1,1208.584188
-0.03421,1,1208.620755
-2.162444,3,1208.721989
-2.228866,3,1208.807749
-1.116798,2,1208.867888
-1.104408,2,1208.921775
-2.29437,3,1209.018351
-1.117412,2,1209.096875
-1.118855,2,1209.168159
-2.244338,3,1209.260359
-2.246627,3,1209.339723
-2.166011,3,1209.446157
-2.208074,3,1209.540533
-2.188749,3,1209.618765
-2.201196,3,1209.705102
-1.113528,2,1209.767701
-2.287918,3,1209.870856
-1.120575,2,1209.92876
-2.214074,3,1210.015954
-3.274616,4,1210.127781
-2.178065,3,1210.211445
-2.23151,3,1210.297828
-2.201087,3,1210.393484
-2.187404,3,1210.497252
-3.331543,4,1210.629685
-2.257168,3,1210.723819
-3.347752,4,1210.843694
-1.0924,2,1210.907975
-2.182221,3,1210.991313
-3.451861,4,1211.107013
-1.08136,2,1211.161788
-2.157908,3,1211.252727
-2.219558,3,1211.337112
-2.241651,3,1211.429705
-1.144017,2,1211.479783
-2.181512,3,1211.576791
-2.181946,3,1211.677367
-1.112183,2,1211.737486
-2.170937,3,1211.83167
-2.228622,3,1211.921111
-2.185701,3,1212.029222
-2.208612,3,1212.127612
-1.111506,2,1212.198216
-2.196729,3,1212.275972
-1.107233,2,1212.301056
-0.046445,1,1212.312093
-3.399966,4,1212.377574
-2.202097,3,1212.437762
-3.32724,4,1212.525625
-3.331079,4,1212.620952
-2.245273,3,1212.686676
-0.04046,1,1212.706769
-2.213302,3,1212.770858
-2.208297,3,1212.805921
-2.182913,3,1212.869687
-3.302249,4,1212.970761
-3.303897,4,1213.072735
-2.251713,3,1213.136081
-2.166277,3,1213.187407
-1.083391,2,1213.236045
-2.285447,3,1213.303768
-2.15506,3,1213.37388
-2.183845,3,1213.436726
-0.03272,1,1213.467773
-1.145929,2,1213.522933
-1.130304,2,1213.561256
-2.214211,3,1213.640682
-2.200835,3,1213.682735
-2.232094,3,1213.757793
-3.322702,4,1213.846149
-2.233994,3,1213.916359
-3.420704,4,1214.025265
-1.129212,2,1214.080852
-1.134982,2,1214.133687
-2.282843,3,1214.202991
-0.02744,1,1214.230704
-2.295037,3,1214.299905
-3.466915,4,1214.396328
-2.206635,3,1214.462836
-2.2578,3,1214.533822
-1.065297,2,1214.583898
-1.120635,2,1214.628654
-1.130686,2,1214.672716
-2.209742,3,1214.745151
-1.113711,2,1214.797252
-2.216235,3,1214.873691
-2.227183,3,1214.951666
-0.036599,1,1214.972702
-3.407146,4,1215.073645
-2.184344,3,1215.14379
-1.121505,2,1215.190871
-2.285425,3,1215.256269
-2.232324,3,1215.330884
-3.382343,4,1215.415265
-2.1965,3,1215.483874
-3.410043,4,1215.579682
-1.127957,2,1215.637692
-2.172775,3,1215.723897
-2.196941,3,1215.785133
-0.037721,1,1215.803164
-0.029133,1,1215.827863
-2.242652,3,1215.898429
-3.315554,4,1215.982692
-1.144194,2,1216.028823
-2.21212,3,1216.107611
-2.252526,3,1216.165187
-1.090344,2,1216.203984
-2.151872,3,1216.270834
-3.348056,4,1216.368636
-1.108509,2,1216.416214
-1.114994,2,1216.457942
-0.034258,1,1216.481726
-2.211366,3,1216.555331
-2.270664,3,1216.619766
-1.116743,2,1216.667835
-1.086572,2,1216.713559
-0.006693,1,1216.742678
-3.348227,4,1216.827881
-2.216924,3,1216.895192
-2.215868,3,1216.965239
-2.170116,3,1217.039863
-2.230606,3,1217.115537
-0.003785,1,1217.139734
-2.272661,3,1217.211798
-0.01172,1,1217.238867
-1.101531,2,1217.292717
-3.329247,4,1217.380664
-2.243102,3,1217.447843
-1.096921,2,1217.499886
-1.114099,2,1217.542666
-1.110185,2,1217.590889
-1.134877,2,1217.637715
-2.225958,3,1217.71734
-3.297024,4,1217.810119
-2.276385,3,1217.878807
-1.116391,2,1217.92702
-2.219327,3,1217.999227
-2.239074,3,1218.072849
-3.356171,4,1218.169737
-1.12651,2,1218.212927
-2.26266,3,1218.283825
-2.239932,3,1218.351932
-3.374307,4,1218.438642
-3.379478,4,1218.527532
-2.165546,3,1218.585215
-2.273637,3,1218.648834
-0.035149,1,1218.676876
-1.061918,2,1218.727618
-0.031651,1,1218.757729
-1.088556,2,1218.778752
-1.09383,2,1218.80591
-1.122166,2,1218.857948
-2.267185,3,1219.003695
-1.083872,2,1219.133806
-2.237344,3,1219.267747
-3.302451,4,1219.440698
-0.042512,1,1219.497803
-2.272509,3,1219.596639
-3.361376,4,1219.74719
-1.06324,2,1219.838888
-2.252785,3,1219.986309
-2.259204,3,1220.115285
-2.261237,3,1220.240753
-2.200349,3,1220.370691
-2.196464,3,1220.486385
-3.281635,4,1220.688061
-3.354123,4,1220.809486
-3.353726,4,1220.95759
-1.124813,2,1221.012126
-3.320725,4,1221.155934
-2.262843,3,1221.287974
-1.125313,2,1221.382135
-2.17432,3,1221.426651
-0.029896,1,1221.440669
-0.036574,1,1221.453682
-2.241675,3,1221.588912
-2.161981,3,1221.740873
-2.210056,3,1221.840282
-1.105499,2,1221.926198
-2.224762,3,1222.06391
-1.054954,2,1222.133942
-1.075282,2,1222.199871
-2.180869,3,1222.302162
-2.184468,3,1222.400699
-1.122308,2,1222.456792
-2.183731,3,1222.524172
-2.230059,3,1222.611657
-2.263871,3,1222.705291
-2.182021,3,1222.796575
-0.044204,1,1222.817902
-2.235048,3,1222.915734
-3.259528,4,1223.037984
-1.105128,2,1223.095152
-2.227339,3,1223.180848
-3.342989,4,1223.342217
-2.24677,3,1223.437775
-3.426243,4,1223.577561
-2.184754,3,1223.666308
-2.191972,3,1223.75519
-2.171714,3,1223.83613
-1.089385,2,1223.896773
-2.244237,3,1223.990762
-2.263487,3,1224.104175
-2.193828,3,1224.228004
-0.01889,1,1224.263605
-0.048015,1,1224.303179
-2.270164,3,1224.41117
-3.369228,4,1224.55362
-1.088149,2,1224.616868
-0.012008,1,1224.653688
-2.19084,3,1224.770056
-2.251099,3,1224.848888
-1.123728,2,1224.927673
-1.102888,2,1225.00015
-3.365092,4,1225.153759
-1.084898,2,1225.238572
-1.128987,2,1225.327558
-1.114683,2,1225.410198
-3.336634,4,1225.563703
-2.275134,3,1225.683758
-2.184795,3,1225.821946
-3.332795,4,1226.000291
-3.320207,4,1226.16861
-3.32659,4,1226.34867
-3.368236,4,1226.523989
-0.036727,1,1226.567605
-2.262961,3,1226.70717
-2.168758,3,1226.839647
-1.091869,2,1226.914296
-2.252282,3,1227.030908
-0.027878,1,1227.06767
-2.154148,3,1227.191678
-2.1559,3,1227.317957
-2.178444,3,1227.453615
-2.20966,3,1227.582629
-2.190873,3,1227.700184
-1.132161,2,1227.783067
-0.021349,1,1227.816237
-2.224161,3,1227.9261
-1.103548,2,1227.991205
-3.30463,4,1228.129152
-3.348379,4,1228.273741
-3.429801,4,1228.417348
-3.311471,4,1228.55081
-1.148631,2,1228.615931
-2.242678,3,1228.714261
-2.208,3,1228.81304
-1.116962,2,1228.879024
-2.248988,3,1228.985303
-2.283945,3,1229.091701
-2.239902,3,1229.205921
-1.120003,2,1229.26364
-3.357522,4,1229.392711
-1.076229,2,1229.449569
-3.416026,4,1229.60588
-1.135778,2,1229.670145
-2.195262,3,1229.779179
-1.061201,2,1229.862708
-2.282807,3,1229.993731
-2.150606,3,1230.11888
-2.237731,3,1230.258646
-1.109414,2,1230.32346
-1.072108,2,1230.397817
-1.100036,2,1230.468842
-3.380105,4,1230.598847
-2.298479,3,1230.687596
-2.218057,3,1230.778845
-2.249476,3,1230.869737
-0.041109,1,1230.910309
-1.087777,2,1230.967962
-2.310371,3,1231.048534
-2.202288,3,1231.136194
-3.334968,4,1231.251354
-0.01207,1,1231.282043
-1.090729,2,1231.343729
-0.053191,1,1231.367543
-1.111581,2,1231.442867
-3.458291,4,1231.551082
-2.225752,3,1231.643284
-1.123129,2,1231.698704
-2.222248,3,1231.804324
-2.217814,3,1231.870702
-3.304038,4,1231.987815
-1.133172,2,1232.045243
-3.352461,4,1232.177493
-2.210916,3,1232.243319
-2.297294,3,1232.353201
-2.238428,3,1232.457707
-2.172097,3,1232.538596
-2.181857,3,1232.628495
-1.09432,2,1232.678699
-2.201601,3,1232.779767
-2.189931,3,1232.878974
-2.187134,3,1232.992229
-3.34984,4,1233.143617
-3.290503,4,1233.279831
-2.256565,3,1233.395238
-2.257674,3,1233.48788
-3.315272,4,1233.623788
-0.004191,1,1233.663849
-3.311258,4,1233.793846
-2.181506,3,1233.87878
-2.304572,3,1233.962923
-3.340445,4,1234.086601
-2.278553,3,1234.199804
-2.173811,3,1234.311705
-1.128104,2,1234.385315
-3.330529,4,1234.513781
-2.235012,3,1234.626991
-2.187551,3,1234.728765
-2.179894,3,1234.83278
-0.05453,1,1234.863831
-1.073499,2,1234.949612
-0.046332,1,1234.977674
-3.331981,4,1235.079858
-2.217988,3,1235.170851
-1.105467,2,1235.237046
-0.047587,1,1235.282891
-2.24586,3,1235.367082
-2.175298,3,1235.462797
-3.320336,4,1235.60015
-3.469018,4,1235.714129
-2.320369,3,1235.798667
-2.16453,3,1235.881799
-2.173588,3,1235.968728
-2.278187,3,1236.046864
-1.098471,2,1236.10538
-3.315001,4,1236.223814
-1.126608,2,1236.298614
-2.201989,3,1236.394039
-3.295445,4,1236.549887
-3.301952,4,1236.731838
-0.045519,1,1236.7823
-3.382295,4,1236.949863
-3.386364,4,1237.056808
-2.276792,3,1237.142895
-2.280236,3,1237.239802
-2.159984,3,1237.328865
-1.084464,2,1237.373121
-3.265671,4,1237.479354
-2.188072,3,1237.57435
-3.343786,4,1237.707326
-2.256342,3,1237.792766
-0.028083,1,1237.813793
-3.414024,4,1237.941872
-3.322016,4,1238.051429
-2.245527,3,1238.137956
-1.09775,2,1238.199867
-1.155718,2,1238.265165
-3.371293,4,1238.40511
-2.186987,3,1238.486783
-2.226817,3,1238.558733
-2.170288,3,1238.639979
-3.287395,4,1238.737748
-2.275269,3,1238.811862
-0.011707,1,1238.839931
-2.194599,3,1238.929867
-1.12095,2,1238.981088
-1.06708,2,1239.039831
-1.130359,2,1239.08094
-2.174882,3,1239.161566
-2.169503,3,1239.250988
-2.24297,3,1239.33108
-1.120196,2,1239.376196
-2.13919,3,1239.455928
-1.077374,2,1239.500712
-0.024293,1,1239.523876
-0.055016,1,1239.548007
-2.177697,3,1239.629937
-1.141201,2,1239.687659
-2.199894,3,1239.766688
-0.013423,1,1239.785212
-2.17274,3,1239.877859
-2.180233,3,1239.956108
-1.118637,2,1240.006697
-0.032829,1,1240.037981
-1.115503,2,1240.087111
-2.267456,3,1240.170735
-3.384375,4,1240.277673
-3.417234,4,1240.385533
-2.198281,3,1240.473846
-2.258441,3,1240.542527
-3.322291,4,1240.6399
-2.21635,3,1240.738915
-1.108317,2,1240.807927
-2.198733,3,1240.903095
-3.367961,4,1241.027309
-2.264579,3,1241.127051
-3.349182,4,1241.295293
-1.091526,2,1241.363721
-1.111429,2,1241.440896
-2.177241,3,1241.542146
-3.318559,4,1241.69383
-2.229703,3,1241.785953
-2.219581,3,1241.878761
-1.13386,2,1241.935858
-1.143017,2,1241.996161
-2.183163,3,1242.077813
-1.075102,2,1242.137794
-3.365219,4,1242.247692
-2.16917,3,1242.344008
-1.099111,2,1242.422951
-2.287208,3,1242.509855
-3.26421,4,1242.64769
-2.264348,3,1242.74147
-3.319436,4,1242.880724
-2.241826,3,1242.968687
-0.030599,1,1243.002742
-2.217278,3,1243.083896
-2.22924,3,1243.168609
-2.16081,3,1243.264041
-3.334514,4,1243.380867
-2.22419,3,1243.471677
-1.118856,2,1243.521259
-2.190937,3,1243.602702
-1.129165,2,1243.646587
-2.182709,3,1243.763866
-2.199207,3,1243.84383
-2.19196,3,1243.945308
-3.353828,4,1244.048719
-3.320103,4,1244.169724
-2.271008,3,1244.260403
-1.066743,2,1244.318796
-3.267086,4,1244.445156
-1.140847,2,1244.518298
-2.279424,3,1244.592889
-1.1278,2,1244.641949
-0.02258,1,1244.672818
-2.239138,3,1244.74982
-2.246391,3,1244.818845
-2.260371,3,1244.903085
-3.344612,4,1244.996829
-1.134484,2,1245.049656
-1.121229,2,1245.105248
-1.146057,2,1245.158917
-0.015474,1,1245.187133
-2.155885,3,1245.273736
-1.090145,2,1245.319948
-3.328026,4,1245.42618
-1.06631,2,1245.473787
-0.024474,1,1245.499834
-3.40718,4,1245.612738
-2.170133,3,1245.703734
-2.248933,3,1245.79288
-2.25496,3,1245.877309
-3.282151,4,1245.992919
-3.262573,4,1246.111827
-2.212886,3,1246.199663
-2.207523,3,1246.288879
-2.194138,3,1246.390647
-2.149962,3,1246.476776
-3.322723,4,1246.597653
-3.352302,4,1246.716852
-1.1065,2,1246.775193
-3.339472,4,1246.917424
-2.174057,3,1247.012975
-3.344399,4,1247.133856
-2.221634,3,1247.217598
-1.077562,2,1247.273893
-2.22407,3,1247.368637
-2.249317,3,1247.468648
-2.18873,3,1247.567821
-3.358001,4,1247.692974
-3.351432,4,1247.827733
-1.081888,2,1247.891828
-2.170167,3,1247.973847
-2.294194,3,1248.071693
-2.210509,3,1248.19374
-3.271777,4,1248.379753
-3.356674,4,1248.52172
-2.199091,3,1248.617873
-3.336716,4,1248.742868
-1.111352,2,1248.813092
-2.263297,3,1248.917723
-1.104746,2,1248.975315
-1.083291,2,1249.032128
-3.360124,4,1249.168822
-1.072671,2,1249.235688
-2.147955,3,1249.333665
-1.073999,2,1249.397407
-3.333001,4,1249.527251
-3.508892,4,1249.64977
-2.244112,3,1249.793673
-2.225177,3,1249.932598
-1.102452,2,1250.027005
-2.254318,3,1250.185912
-2.221492,3,1250.318654
-2.205382,3,1250.466991
-3.377042,4,1250.660771
-1.151403,2,1250.743522
-3.27858,4,1250.92063
-0.016528,1,1250.962806
-2.195371,3,1251.09609
-2.217947,3,1251.246072
-2.264422,3,1251.371844
-4.498961,5,1251.597912
-1.096006,2,1251.697829
-2.193186,3,1251.819421
-3.40027,4,1252.00178
-2.232893,3,1252.131737
-2.262483,3,1252.263656
-2.259451,3,1252.358771
-3.340105,4,1252.49895
-0.03947,1,1252.548749
-3.342306,4,1252.719774
-3.333902,4,1252.881766
-3.29285,4,1253.048808
-2.173156,3,1253.179832
-2.223129,3,1253.318784
-1.121396,2,1253.399004
-2.224012,3,1253.530883
-2.263856,3,1253.647871
-3.301624,4,1253.800752
-1.110905,2,1253.886056
-2.195259,3,1254.001845
-2.252606,3,1254.137102
-2.196689,3,1254.265364
-1.088067,2,1254.368118
-0.032496,1,1254.407816
-1.062488,2,1254.48976
-1.102921,2,1254.589763
-3.288304,4,1254.759912
-1.106961,2,1254.842863
-2.208358,3,1254.94782
-2.272874,3,1255.063847
-2.235977,3,1255.177451
-3.404884,4,1255.371661
-3.351748,4,1255.563874
-2.231932,3,1255.668631
-2.206255,3,1255.80178
-2.274764,3,1255.925156
-2.182652,3,1256.039558
-0.037038,1,1256.086136
-1.080575,2,1256.181559
-1.144483,2,1256.262866
-2.247443,3,1256.375495
-0.049504,1,1256.410676
-2.159144,3,1256.4854
-2.298139,3,1256.573574
-1.147953,2,1256.674478
-3.289163,4,1256.813791
-2.207435,3,1256.925154
-0.01572,1,1256.962384
-2.219981,3,1257.048872
-2.185932,3,1257.166876
-1.09563,2,1257.240034
-3.315244,4,1257.397778
-0.042094,1,1257.444113
-3.373628,4,1257.627319
-2.184057,3,1257.767639
-1.093648,2,1257.862892
-2.204507,3,1258.002736
-1.113701,2,1258.085172
-2.24309,3,1258.237051
-3.320923,4,1258.431057
-1.102205,2,1258.50371
-1.128098,2,1258.589686
-2.267849,3,1258.708883
-0.050637,1,1258.757669
-2.281801,3,1258.916192
-3.281633,4,1259.092742
-0.037449,1,1259.137318
-3.357137,4,1259.313864
-1.133395,2,1259.392669
-3.397059,4,1259.554073
-1.09294,2,1259.641997
-2.224011,3,1259.766683
-3.291054,4,1259.939935
-2.158499,3,1260.072835
-1.068826,2,1260.158682
-3.337994,4,1260.340774
-2.209532,3,1260.421445
-2.212039,3,1260.536028
-2.254161,3,1260.659742
-2.293631,3,1260.775987
-2.22762,3,1260.901894
-2.258299,3,1261.024343
-3.331032,4,1261.218671
-2.269339,3,1261.343789
-0.030354,1,1261.385355
-2.135411,3,1261.526267
-2.225711,3,1261.648686
-3.336556,4,1261.799887
-2.254467,3,1261.927905
-1.077235,2,1262.006227
-2.247101,3,1262.087844
-2.175338,3,1262.16808
-2.30092,3,1262.264123
-1.111587,2,1262.33337
-2.242053,3,1262.423649
-1.124745,2,1262.485258
-1.076148,2,1262.528341
-1.091294,2,1262.586728
-2.29809,3,1262.662009
-3.41785,4,1262.77276
-2.249047,3,1262.866675
-2.26611,3,1262.958047
-2.176202,3,1263.049508
-3.331859,4,1263.160111
-1.10047,2,1263.222225
-2.147421,3,1263.311831
-2.182533,3,1263.383842
-2.231882,3,1263.462866
-1.093493,2,1263.509112
-2.269426,3,1263.590683
-3.317835,4,1263.691382
-2.246345,3,1263.769722
-2.252553,3,1263.83988
-3.361601,4,1263.944197
-2.140952,3,1264.025336
-1.117586,2,1264.073537
-1.088789,2,1264.13218
-2.188913,3,1264.217004
-1.13492,2,1264.292832
-2.207798,3,1264.373107
-0.016902,1,1264.413215
-2.202866,3,1264.507756
-3.408756,4,1264.631827
-2.259466,3,1264.709792
-0.048025,1,1264.738005
-1.135765,2,1264.802027
-2.206061,3,1264.887691
-2.256895,3,1264.975151
-2.229426,3,1265.074111
-1.090032,2,1265.143954
-2.229894,3,1265.219718
-3.376024,4,1265.359983
-1.078373,2,1265.417306
-2.29222,3,1265.493852
-2.260717,3,1265.58518
-3.341966,4,1265.681635
-2.258148,3,1265.781816
-2.195388,3,1265.869586
-3.325756,4,1265.996296
-0.037968,1,1266.024341
-0.034501,1,1266.057338
-2.19834,3,1266.153722
-2.204139,3,1266.249826
-1.13081,2,1266.295393
-2.200962,3,1266.359664
-2.28126,3,1266.466848
-3.308005,4,1266.580792
-1.127044,2,1266.641888
-2.254283,3,1266.723787
-3.310699,4,1266.837765
-2.253952,3,1266.929655
-2.233139,3,1267.016378
-1.128039,2,1267.067789
-2.237902,3,1267.158917
-1.153964,2,1267.213762
-1.154529,2,1267.263846
-2.212859,3,1267.352078
-2.261743,3,1267.445532
-3.368829,4,1267.559122
-1.120258,2,1267.621852
-3.347019,4,1267.725343
-2.206402,3,1267.813856
-2.246756,3,1267.9087
-0.045042,1,1267.944422
-1.11013,2,1268.006716
-3.325633,4,1268.130633
-2.252931,3,1268.211769
-2.150088,3,1268.298804
-3.3689,4,1268.414418
-2.250565,3,1268.51089
-1.140764,2,1268.566296
-3.348412,4,1268.677821
-2.156054,3,1268.752759
-1.13439,2,1268.813894
-1.095335,2,1268.856609
-1.099703,2,1268.916716
-1.094397,2,1268.972618
-2.254767,3,1269.046334
-1.137645,2,1269.096039
-0.049776,1,1269.126763
-3.390047,4,1269.238871
-1.104348,2,1269.299659
-3.344362,4,1269.398763
-1.079891,2,1269.44598
-2.149511,3,1269.508699
-1.124751,2,1269.566383
-0.033334,1,1269.596197
-0.025824,1,1269.621546
-2.240125,3,1269.697678
-2.243768,3,1269.780992
-0.056736,1,1269.80765
-2.205159,3,1269.881113
-1.138071,2,1269.939065
-1.118675,2,1270.003514
-2.188515,3,1270.086799
-1.138113,2,1270.144078
-3.303945,4,1270.263803
-2.177177,3,1270.359608
-1.068007,2,1270.416717
-2.21632,3,1270.491778
-3.348707,4,1270.598658
-3.3038,4,1270.70688
-0.032613,1,1270.725929
-1.127697,2,1270.776215
-1.100549,2,1270.823967
-2.153271,3,1270.907087
-2.283209,3,1270.975333
-1.085621,2,1271.027632
-2.247753,3,1271.106857
-3.29294,4,1271.235759
-2.17575,3,1271.317697
-3.344243,4,1271.429853
-0.039829,1,1271.461471
-2.139857,3,1271.561366
-2.251411,3,1271.65395
-2.194575,3,1271.741385
-3.294535,4,1271.843885
-1.0639,2,1271.893831
-2.224659,3,1271.960639
-0.049137,1,1271.986688
-3.293405,4,1272.086061
-1.084659,2,1272.14803
-2.2043,3,1272.23116
-2.196964,3,1272.325317
-2.149581,3,1272.405531
-3.307423,4,1272.518557
-3.297895,4,1272.619785
-1.071792,2,1272.664064
-1.095896,2,1272.703859
-2.20595,3,1272.772784
-1.137324,2,1272.80885
-3.308386,4,1272.898716
-2.277349,3,1272.963962
-2.279596,3,1273.047318
-2.235189,3,1273.122662
-1.133875,2,1273.171596
-2.194978,3,1273.239994
-0.034742,1,1273.27617
-2.24729,3,1273.348821
-1.079852,2,1273.397558
-1.090043,2,1273.442853
-0.016287,1,1273.475971
-1.081725,2,1273.529786
-2.173754,3,1273.615327
-1.141388,2,1273.656311
-0.047439,1,1273.682853
-3.450612,4,1273.79575
-2.264044,3,1273.872408
-1.107695,2,1273.90258
-3.403777,4,1274.006906
-2.23572,3,1274.093986
-2.178616,3,1274.173147
-2.176341,3,1274.247611
-2.200209,3,1274.333272
-2.299352,3,1274.412852
-2.17142,3,1274.507751
-1.068456,2,1274.565967
-2.26148,3,1274.661407
-2.226148,3,1274.755949
-2.221548,3,1274.850007
-3.336077,4,1274.952933
-1.13502,2,1275.009616
-2.212,3,1275.100846
-2.279441,3,1275.191807
-3.355797,4,1275.318811
-3.382271,4,1275.430635
-2.191289,3,1275.495328
-0.0502,1,1275.52538
-1.122754,2,1275.59036
-1.132453,2,1275.653786
-2.199729,3,1275.732422
-2.178985,3,1275.818888
-2.200243,3,1275.894331
-0.044393,1,1275.927233
-2.184756,3,1276.000855
-2.247045,3,1276.070677
-1.097717,2,1276.126777
-2.229085,3,1276.207849
-2.248256,3,1276.288879
-2.263358,3,1276.367873
-1.121931,2,1276.423868
-0.018399,1,1276.470861
-2.131285,3,1276.541243
-1.058782,2,1276.596116
-3.318277,4,1276.687883
-2.280644,3,1276.768696
-1.100143,2,1276.816775
-2.245626,3,1276.86785
-0.015863,1,1276.885372
-2.179893,3,1276.962467
-1.070842,2,1277.017577
-2.228706,3,1277.096636
-3.327284,4,1277.203861
-2.287259,3,1277.288859
-2.163671,3,1277.36068
-1.135561,2,1277.410769
-3.339216,4,1277.51287
-1.157445,2,1277.570268
-1.118614,2,1277.617113
-3.342345,4,1277.709718
-0.018584,1,1277.731744
-2.234418,3,1277.812628
-2.220039,3,1277.894222
-1.064649,2,1277.941588
-2.171207,3,1278.030774
-2.182519,3,1278.116644
-2.209877,3,1278.197567
-2.186443,3,1278.272623
-2.17124,3,1278.350916
-0.028066,1,1278.37865
-0.044126,1,1278.406191
-3.353705,4,1278.515916
-3.352549,4,1278.63166
-2.209578,3,1278.719005
-0.012019,1,1278.751127
-2.162484,3,1278.827653
-3.299198,4,1278.956184
-2.229951,3,1279.063705
-2.201915,3,1279.147866
-2.167625,3,1279.238781
-1.121833,2,1279.285341
-2.168711,3,1279.370663
-1.14162,2,1279.426266
-1.098994,2,1279.463931
-3.276375,4,1279.575151
-2.178088,3,1279.664
-2.212505,3,1279.735216
-2.200555,3,1279.816603
-2.26116,3,1279.913618
-1.118422,2,1279.981732
-1.081585,2,1280.047351
-3.322324,4,1280.156698
-1.115296,2,1280.213787
-2.202614,3,1280.305649
-2.205669,3,1280.39086
-2.208843,3,1280.486337
-1.13778,2,1280.550092
-1.129867,2,1280.615339
-2.251332,3,1280.707753
-2.182171,3,1280.793808
-2.248368,3,1280.877586
-0.044102,1,1280.908823
-2.206109,3,1280.982322
-2.222321,3,1281.064026
-2.251269,3,1281.140764
-0.018805,1,1281.172814
-2.207949,3,1281.248796
-3.48077,4,1281.349573
-1.124176,2,1281.403792
-0.048814,1,1281.441855
-2.16898,3,1281.526339
-0.04526,1,1281.555381
-2.258038,3,1281.646353
-3.428671,4,1281.76383
-1.091282,2,1281.82401
-0.030614,1,1281.847818
-2.273165,3,1281.943211
-0.023823,1,1281.979137
-3.385797,4,1282.081621
-0.034094,1,1282.10418
-2.201547,3,1282.186355
-2.21663,3,1282.276829
-2.208796,3,1282.354042
-0.025359,1,1282.383811
-2.200059,3,1282.471688
-2.212785,3,1282.549803
-2.228657,3,1282.63058
-2.227356,3,1282.707886
-1.107729,2,1282.759656
-2.223168,3,1282.850799
-0.008234,1,1282.876848
-0.024807,1,1282.91151
-1.111683,2,1282.959805
-0.011714,1,1282.992873
-1.10871,2,1283.04683
-0.04749,1,1283.072866
-2.274958,3,1283.145662
-3.281328,4,1283.262771
-2.244491,3,1283.336914
-2.259951,3,1283.417402
-2.229697,3,1283.501775
-2.26402,3,1283.587598
-2.224699,3,1283.657757
-2.25162,3,1283.728093
-2.170762,3,1283.796208
-2.236097,3,1283.87634
-1.131576,2,1283.911894
-1.112771,2,1283.958845
-0.033049,1,1283.981873
-0.016714,1,1284.010024
-1.129093,2,1284.054149
-2.172361,3,1284.147264
-1.133444,2,1284.203163
-1.090372,2,1284.256185
-3.35648,4,1284.358739
-3.393659,4,1284.457009
-2.221441,3,1284.516113
-2.274848,3,1284.577852
-2.174597,3,1284.65974
-3.310259,4,1284.743867
-2.25159,3,1284.816332
-3.301585,4,1284.912137
-0.04996,1,1284.934797
-1.091003,2,1284.986064
-0.033122,1,1285.00866
-0.019104,1,1285.033693
-2.164721,3,1285.099811
-0.00744,1,1285.117242
-1.080353,2,1285.158946
-1.13776,2,1285.221341
-3.345644,4,1285.321782
-2.193586,3,1285.402941
-3.361727,4,1285.493579
-0.050339,1,1285.528848
-2.232966,3,1285.599823
-2.24775,3,1285.66512
-1.081315,2,1285.706189
-3.34301,4,1285.805275
-1.075399,2,1285.846169
-2.137895,3,1285.920001
-1.068208,2,1285.960746
-2.270272,3,1286.036327
-2.196712,3,1286.108881
-3.315988,4,1286.189808
-3.369825,4,1286.283636
-2.275382,3,1286.350742
-1.100312,2,1286.399829
-3.269278,4,1286.497284
-0.025672,1,1286.513698
-2.212111,3,1286.596327
-2.282138,3,1286.670697
-2.158862,3,1286.739799
-2.196808,3,1286.793868
-2.304705,3,1286.876794
-1.069822,2,1286.921857
-3.37556,4,1287.011747
-1.107822,2,1287.059825
-2.265761,3,1287.125191
-2.2197,3,1287.189795
-1.072788,2,1287.22635
-1.131472,2,1287.296119
-2.160635,3,1287.396918
-2.131408,3,1287.472725
-3.426362,4,1287.57999
-1.09941,2,1287.625314
-2.214543,3,1287.714063
-1.15004,2,1287.760912
-2.134008,3,1287.826281
-1.137062,2,1287.870338
-2.216207,3,1287.952738
-1.105098,2,1288.018852
-1.092589,2,1288.066981
-2.242056,3,1288.138767
-2.211488,3,1288.215885
-2.205472,3,1288.291154
-2.201815,3,1288.387782
-2.187358,3,1288.468011
-1.147588,2,1288.529659
-1.095174,2,1288.597802
-1.122988,2,1288.67254
-2.198522,3,1288.777807
-2.259887,3,1288.869135
-2.185748,3,1288.979871
-3.423106,4,1289.155909
-0.006663,1,1289.189744
-2.269805,3,1289.303074
-3.368562,4,1289.461709
-0.040116,1,1289.490252
-0.054357,1,1289.525095
-1.115151,2,1289.590247
-0.010158,1,1289.615454
-3.339438,4,1289.739014
-0.028715,1,1289.768106
-2.223032,3,1289.865906
-3.284777,4,1289.980789
-0.024178,1,1290.009838
-2.208828,3,1290.116183
-2.247148,3,1290.22616
-1.097121,2,1290.27277
-2.282897,3,1290.367654
-1.097754,2,1290.429684
-2.186721,3,1290.523775
-1.102119,2,1290.590722
-2.272743,3,1290.681929
-2.232999,3,1290.753976
-2.238727,3,1290.859813
-2.166242,3,1290.949959
-2.165915,3,1291.039103
-3.357895,4,1291.16873
-3.286565,4,1291.285241
-2.238881,3,1291.391877
-3.301526,4,1291.525342
-1.075605,2,1291.607698
-1.075786,2,1291.676003
-3.374246,4,1291.811822
-2.163353,3,1291.923798
-2.220447,3,1292.026737
-3.378568,4,1292.171931
-3.459167,4,1292.296641
-3.360921,4,1292.457092
-2.243699,3,1292.558968
-2.236238,3,1292.705152
-2.157222,3,1292.830437
-2.280184,3,1292.957943
-3.355358,4,1293.116629
-2.212863,3,1293.213795
-2.251897,3,1293.282782
-2.158711,3,1293.355929
-3.364934,4,1293.478652
-3.40565,4,1293.613671
-2.234518,3,1293.733708
-2.188788,3,1293.862008
-3.387571,4,1294.001728
-2.197225,3,1294.105165
-1.106774,2,1294.165906
-2.195172,3,1294.261906
-2.207081,3,1294.359978
-1.119543,2,1294.422787
-2.222885,3,1294.526805
-2.201346,3,1294.623809
-1.077445,2,1294.693867
-3.310557,4,1294.826124
-2.269565,3,1294.929841
-2.274222,3,1295.032573
-2.165658,3,1295.125171
-1.077462,2,1295.203016
-3.349347,4,1295.348982
-1.072723,2,1295.42858
-1.120108,2,1295.507058
-1.076349,2,1295.59749
-1.098441,2,1295.686189
-1.102248,2,1295.77202
-0.016147,1,1295.823832
-2.257123,3,1295.945906
-2.213902,3,1296.07178
-2.191088,3,1296.190772
-2.235032,3,1296.305647
-1.078409,2,1296.396683
-3.390252,4,1296.593885
-3.382907,4,1296.768051
-0.017645,1,1296.813914
-1.12003,2,1296.917566
-3.387696,4,1297.09727
-2.195389,3,1297.242399
-1.133364,2,1297.325199
-2.223914,3,1297.441275
-3.323572,4,1297.617934
-2.309477,3,1297.740381
-3.338666,4,1297.908775
-1.080282,2,1297.997893
-3.310199,4,1298.16388
-2.186655,3,1298.31369
-2.2182,3,1298.421847
-2.221467,3,1298.544302
-3.313465,4,1298.720722
-2.224752,3,1298.863845
-3.297472,4,1299.075469
-3.268143,4,1299.253767
-2.148975,3,1299.377542
-2.228105,3,1299.503617
-1.122484,2,1299.585317
-2.153452,3,1299.718554
-2.217414,3,1299.847188
-1.102115,2,1299.932393
-2.202041,3,1300.052911
-2.283644,3,1300.185386
-3.336699,4,1300.35139
-3.279372,4,1300.516885
-2.221663,3,1300.628838
-0.045645,1,1300.666932
-2.2476,3,1300.789698
-2.260637,3,1300.935326
-2.225189,3,1301.07895
-3.338921,4,1301.252897
-2.276456,3,1301.36609
-3.37885,4,1301.529875
-3.420565,4,1301.702771
-0.032291,1,1301.755486
-1.075177,2,1301.850281
-2.201443,3,1301.980763
-1.140774,2,1302.060051
-2.222699,3,1302.182763
-1.0804,2,1302.268949
-3.30416,4,1302.433845
-2.148637,3,1302.554354
-1.116164,2,1302.646302
-3.356555,4,1302.84636
-3.358236,4,1303.036356
-1.136088,2,1303.123886
-1.125999,2,1303.223651
-2.164235,3,1303.322051
-3.352095,4,1303.446314
-3.407453,4,1303.563979
-2.214948,3,1303.678622
-2.22837,3,1303.805978
-2.252254,3,1303.907723
-1.087211,2,1303.985187
-2.185657,3,1304.105326
-0.016123,1,1304.135373
-2.224357,3,1304.235335
-2.157462,3,1304.343286
-2.234757,3,1304.497314
-2.15516,3,1304.649608
-2.184992,3,1304.786021
-2.235588,3,1304.897808
-2.26586,3,1305.011831
-2.209951,3,1305.150348
-0.046757,1,1305.199692
-2.194207,3,1305.308728
-2.173772,3,1305.396063
-2.200381,3,1305.506047
-2.258507,3,1305.630675
-1.100987,2,1305.703759
-2.16868,3,1305.840578
-2.185909,3,1305.953927
-0.028306,1,1305.973977
-1.11467,2,1306.050267
-2.257666,3,1306.183219
-1.047862,2,1306.261731
-1.097941,2,1306.333852
-2.208402,3,1306.453359
-2.209704,3,1306.567673
-3.351547,4,1306.727357
-3.366828,4,1306.853748
-1.145096,2,1306.929868
-2.20389,3,1307.057748
-2.279527,3,1307.166707
-2.211901,3,1307.287121
-2.281864,3,1307.393767
-1.107248,2,1307.463394
-2.212575,3,1307.575259
-3.279575,4,1307.677749
-2.216169,3,1307.76287
-1.132013,2,1307.832764
-1.134008,2,1307.905612
-1.08608,2,1307.97872
-2.172214,3,1308.100717
-2.187131,3,1308.212866
-2.198544,3,1308.313777
-3.310537,4,1308.451967
-2.257427,3,1308.549714
-1.12635,2,1308.638881
-3.275038,4,1308.767368
-1.130375,2,1308.820859
-0.040081,1,1308.859626
-1.082502,2,1308.919722
-2.261715,3,1309.027032
-1.114114,2,1309.097018
-0.04238,1,1309.130817
-1.122834,2,1309.210068
-2.253909,3,1309.317239
-3.427863,4,1309.490935
-2.201682,3,1309.621846
-2.145363,3,1309.748775
-3.296007,4,1309.89273
-2.165575,3,1310.020817
-1.098382,2,1310.100824
-2.193367,3,1310.22346
-1.068113,2,1310.292224
-2.232298,3,1310.38629
-0.006445,1,1310.422846
-2.21252,3,1310.533786
-2.232788,3,1310.635353
-2.247712,3,1310.76398
-1.125004,2,1310.850894
-0.018901,1,1310.893701
-2.188236,3,1310.991793
-1.134954,2,1311.061905
-1.060648,2,1311.127357
-2.241136,3,1311.238785
-3.306275,4,1311.367025
-1.091414,2,1311.436828
-0.016889,1,1311.461925
-3.27654,4,1311.601841
-3.425529,4,1311.750706
-2.273725,3,1311.873074
-2.1837,3,1312.005291
-1.072699,2,1312.082098
-2.169289,3,1312.191974
-2.252338,3,1312.291793
-1.138161,2,1312.356033
-2.214859,3,1312.462665
-2.245622,3,1312.580836
-3.344727,4,1312.736749
-1.073062,2,1312.817106
-2.232447,3,1312.943193
-0.031372,1,1312.976922
-3.289971,4,1313.125212
-2.218374,3,1313.241854
-1.107574,2,1313.321815
-2.235486,3,1313.42404
-1.13979,2,1313.497807
-1.086342,2,1313.573765
-1.143527,2,1313.63789
-2.154934,3,1313.717672
-3.269287,4,1313.826241
-2.249704,3,1313.923877
-3.391576,4,1314.073684
-2.266017,3,1314.179857
-3.330269,4,1314.310857
-1.108533,2,1314.373745
-2.184936,3,1314.488683
-0.040178,1,1314.525239
-3.350487,4,1314.643917
-3.308785,4,1314.745243
-2.203363,3,1314.839292
-2.254665,3,1314.908604
-1.124875,2,1314.962041
-2.194383,3,1315.040805
-2.252083,3,1315.131685
-2.210377,3,1315.207796
-2.249484,3,1315.30374
-2.242325,3,1315.383882
-2.212631,3,1315.471786
-2.199727,3,1315.558964
-2.199714,3,1315.670801
-0.044755,1,1315.711861
-3.280777,4,1315.879854
-2.283633,3,1316.006718
-2.192897,3,1316.141811
-2.245317,3,1316.273815
-0.015432,1,1316.323891
-2.241165,3,1316.435308
-3.343097,4,1316.589869
-2.241748,3,1316.701796
-2.18659,3,1316.811862
-2.240698,3,1316.933611
-0.007835,1,1316.97376
-1.115237,2,1317.047976
-2.299413,3,1317.160892
-2.217131,3,1317.283778
-2.234319,3,1317.368959
-0.045247,1,1317.419691
-1.158534,2,1317.513817
-2.318841,3,1317.62983
-0.013308,1,1317.673001
-0.016917,1,1317.718734
-1.152738,2,1317.798806
-0.033259,1,1317.844371
-1.13433,2,1317.940679
-2.227873,3,1318.070707
-1.09917,2,1318.17568
-2.183351,3,1318.309201
-2.252554,3,1318.413695
-1.105056,2,1318.47279
-3.334357,4,1318.596827
-2.277885,3,1318.678036
-3.315004,4,1318.822907
-3.353435,4,1318.982898
-1.079648,2,1319.076675
-2.179869,3,1319.230839
-1.08299,2,1319.306142
-0.052852,1,1319.346334
-2.271844,3,1319.480922
-2.177744,3,1319.613893
-3.329824,4,1319.776862
-3.319472,4,1319.941261
-2.242897,3,1320.073888
-1.126737,2,1320.168953
-2.209836,3,1320.306691
-1.10636,2,1320.390627
-1.111383,2,1320.496724
-1.117545,2,1320.57235
-3.241836,4,1320.731058
-2.178769,3,1320.841836
-3.404384,4,1321.008796
-2.207804,3,1321.132748
-1.137267,2,1321.213724
-2.163918,3,1321.332832
-3.310772,4,1321.488882
-2.208735,3,1321.609691
-1.073569,2,1321.691815
-1.087314,2,1321.778024
-2.267349,3,1321.933681
-2.23508,3,1322.077563
-1.075793,2,1322.183734
-2.24863,3,1322.327725
-0.046932,1,1322.377519
-1.118909,2,1322.475178
-1.115533,2,1322.556104
-3.312731,4,1322.745292
-1.155607,2,1322.828665
-2.135321,3,1322.969783
-1.100422,2,1323.055364
-3.329158,4,1323.259768
-2.258727,3,1323.39686
-1.118921,2,1323.502836
-2.206396,3,1323.633857
-1.157315,2,1323.711718
-2.177124,3,1323.847747
-1.129228,2,1323.918077
-2.209446,3,1323.999676
-2.242492,3,1324.072366
-3.363708,4,1324.246825
-2.215712,3,1324.381815
-0.027901,1,1324.420881
-3.34922,4,1324.547673
-3.439542,4,1324.692896
-2.161495,3,1324.813659
-3.407286,4,1324.946874
-2.159422,3,1325.076906
-1.061208,2,1325.158746
-3.352196,4,1325.311768
-1.142995,2,1325.377077
-2.228406,3,1325.464105
-2.20226,3,1325.571946
-1.121915,2,1325.646242
-2.159027,3,1325.74928
-3.345041,4,1325.890984
-2.211292,3,1326.012735
-2.253032,3,1326.100779
-3.320066,4,1326.253411
-2.217922,3,1326.35893
-1.078822,2,1326.422771
-0.043439,1,1326.45048
-1.129923,2,1326.506634
-2.284758,3,1326.62045
-3.303295,4,1326.715362
-3.274549,4,1326.820768
-3.398268,4,1326.900794
-3.398992,4,1327.015247
-2.201045,3,1327.094121
-2.188017,3,1327.173018
-3.292547,4,1327.283726
-3.442497,4,1327.384005
-2.257346,3,1327.477059
-2.278442,3,1327.561076
-2.218686,3,1327.650997
-2.208548,3,1327.753341
-0.012043,1,1327.794231
-2.168464,3,1327.892765
-2.293608,3,1327.994549
-2.163546,3,1328.117708
-3.300152,4,1328.297785
-1.117327,2,1328.374031
-3.354027,4,1328.518574
-2.258275,3,1328.635257
-2.165099,3,1328.761049
-2.244707,3,1328.894074
-1.120847,2,1328.969966
-1.146791,2,1329.065966
-2.216737,3,1329.19267
-2.256349,3,1329.31677
-2.181002,3,1329.441758
-3.29127,4,1329.605208
-0.054057,1,1329.643782
-2.241685,3,1329.753325
-2.193366,3,1329.878899
-2.240038,3,1329.996775
-3.33556,4,1330.16099
-1.087217,2,1330.247482
-3.443823,4,1330.412827
-2.223647,3,1330.530758
-1.117863,2,1330.633817
-3.297395,4,1330.825222
-2.222499,3,1330.955853
-2.204703,3,1331.069268
-1.092059,2,1331.168898
-2.192273,3,1331.303885
-1.088545,2,1331.406925
-2.22061,3,1331.523688
-2.188586,3,1331.655274
-2.202676,3,1331.767658
-1.099992,2,1331.863304
-2.328354,3,1331.988831
-1.150786,2,1332.083748
-2.221924,3,1332.225373
-2.260194,3,1332.368116
-3.41832,4,1332.538795
-0.02373,1,1332.591913
-2.25211,3,1332.69289
-3.278937,4,1332.857256
-2.25408,3,1332.982579
-3.355176,4,1333.168912
-0.044162,1,1333.216058
-2.164751,3,1333.353196
-2.276922,3,1333.447777
-1.075392,2,1333.537721
-0.036837,1,1333.575366
-0.053093,1,1333.611013
-1.142648,2,1333.698104
-2.25476,3,1333.828765
-1.131438,2,1333.929971
-2.270203,3,1334.06137
-3.407073,4,1334.168346
-3.390379,4,1334.303799
-0.035887,1,1334.326851
-3.36961,4,1334.467617
-3.389978,4,1334.626626
-3.36583,4,1334.746184
-1.128371,2,1334.835228
-1.118568,2,1334.895278
-3.374934,4,1334.971993
-2.301838,3,1335.065126
-3.370685,4,1335.199895
-0.019239,1,1335.236819
-2.269512,3,1335.352373
-2.249453,3,1335.446795
-2.231808,3,1335.525326
-1.110084,2,1335.587919
-2.19915,3,1335.695193
-2.247919,3,1335.801253
-3.336502,4,1335.938724
-2.21947,3,1336.039308
-3.331073,4,1336.180789
-2.267651,3,1336.295228
-1.073723,2,1336.397001
-3.260015,4,1336.554586
-3.355453,4,1336.752422
-0.048813,1,1336.787741
-1.123386,2,1336.889735
-3.305575,4,1337.048133
-2.205674,3,1337.177053
-1.075866,2,1337.280972
-3.295936,4,1337.442821
-0.027433,1,1337.476041
-1.088346,2,1337.549776
-0.025942,1,1337.589774
-2.237108,3,1337.716795
-2.24679,3,1337.855166
-2.17463,3,1337.970939
-2.250653,3,1338.103715
-1.121904,2,1338.19376
-2.229616,3,1338.30739
-3.267325,4,1338.456233
-3.351636,4,1338.622913
-2.263258,3,1338.757929
-2.212694,3,1338.86777
-2.234391,3,1338.995422
-2.143979,3,1339.118793
-1.128528,2,1339.210907
-2.226711,3,1339.332794
-3.351352,4,1339.492839
-1.122971,2,1339.588716
-1.076729,2,1339.678858
-2.24229,3,1339.803068
-0.033604,1,1339.841758
-3.33002,4,1340.013807
-2.154222,3,1340.132721
-1.100623,2,1340.222117
-1.105278,2,1340.30675
-2.173781,3,1340.413938
-2.243996,3,1340.522861
-3.337682,4,1340.688822
-2.230402,3,1340.82072
-2.219173,3,1340.96783
-2.263383,3,1341.087393
-2.2203,3,1341.221759
-2.257918,3,1341.333835
-2.263001,3,1341.460304
-2.185564,3,1341.559686
-1.144041,2,1341.62781
-1.107319,2,1341.715264
-2.194522,3,1341.843739
-2.250032,3,1341.940747
-2.254972,3,1342.047822
-3.334675,4,1342.195996
-1.138495,2,1342.280644
-1.096197,2,1342.362283
-1.132933,2,1342.432765
-0.031775,1,1342.467866
-2.172968,3,1342.561919
-2.225408,3,1342.656335
-2.268091,3,1342.755777
-3.289711,4,1342.922934
-2.237081,3,1343.035347
-0.029926,1,1343.071561
-2.225774,3,1343.196734
-3.369324,4,1343.354397
-2.203474,3,1343.458802
-2.206982,3,1343.577601
-1.103684,2,1343.654877
-1.112787,2,1343.719004
-2.202737,3,1343.817793
-3.357894,4,1343.971695
-1.143131,2,1344.052827
-2.194131,3,1344.161741
-3.347942,4,1344.292336
-0.050161,1,1344.322638
-2.198398,3,1344.398776
-2.283526,3,1344.469897
-3.271562,4,1344.582278
-2.301694,3,1344.67993
-0.015434,1,1344.723698
