#{"t_start": 1777833476.9558475, "env_id": "FetchReach-v4"}
r,l,t
-66.51685,50,1.525786
-63.216451,50,1.59536
-4.358588,5,1.60238
-58.394901,50,1.666764
-58.304416,50,1.727241
-59.120751,50,1.786715
-24.122319,23,1.816771
-58.365355,50,1.876383
-58.729213,50,1.941836
-57.991157,50,2.00005
-60.406013,50,2.058283
-57.526149,50,2.129735
-63.926129,50,2.189092
-56.376961,50,2.242815
-9.864174,10,2.252829
-29.738778,27,2.284387
-64.693467,50,2.348924
-59.059023,50,2.405916
-12.002092,12,2.418955
-62.486307,50,2.478308
-45.832491,41,2.529257
-56.917149,50,2.590368
-61.492169,50,2.650474
-62.894256,50,2.705114
-63.002141,50,2.766794
-58.103615,50,2.822738
-58.509,50,2.878203
-58.491794,50,2.9383
-57.217568,50,3.007047
-67.179602,50,3.06982
-65.193802,50,3.131765
-66.051658,50,3.182934
-61.598169,50,3.242778
-57.367127,50,3.295086
-61.021922,50,3.356896
-62.588039,50,3.414804
-58.325716,50,3.480482
-62.308579,50,3.53674
-61.592855,50,3.602049
-66.790884,50,3.662804
-58.962156,50,3.726737
-56.544836,50,3.787071
-62.251838,50,3.846813
-10.862422,11,3.859838
-14.53344,14,3.879375
-56.726315,50,3.934864
-40.094685,36,3.972476
-62.349302,50,4.024954
-58.566484,50,4.084857
-62.672437,50,4.143704
-65.141382,50,4.193941
-56.324471,50,4.243677
-61.307879,50,4.299004
-56.801154,50,4.348308
-60.311826,50,4.396045
-62.492229,50,4.450673
-60.569222,50,4.513918
-60.380824,50,4.568192
-57.203174,50,4.688316
-62.595879,50,4.80233
-14.649388,14,4.839882
-49.948015,46,4.910826
-58.091967,50,4.978487
-57.986032,50,5.074049
-58.001689,50,5.150601
-58.734518,50,5.206955
-59.31523,50,5.258273
-65.736808,50,5.313965
-59.69894,50,5.368229
-59.727044,50,5.416659
-15.836275,15,5.431692
-58.375235,50,5.489305
-62.114373,50,5.553735
-65.346582,50,5.619031
-64.985033,50,5.685078
-62.951345,50,5.752848
-60.85463,50,5.821681
-58.497333,50,5.89104
-63.007805,50,5.946748
-58.970361,50,6.002704
-60.409392,50,6.062802
-58.337704,50,6.118151
-60.416244,50,6.174256
-55.974956,50,6.224936
-59.125958,50,6.283128
-62.376583,50,6.335269
-30.554513,27,6.36375
-19.023113,18,6.386051
-5.410176,6,6.397073
-64.758034,50,6.455717
-59.834686,50,6.516667
-57.73614,50,6.575275
-61.72173,50,6.646901
-57.944145,50,6.702984
-63.516235,50,6.762776
-59.297455,50,6.824713
-57.394756,50,6.884326
-62.795384,50,6.938237
-59.551488,50,6.994081
-60.551385,50,7.052852
-64.705418,50,7.116719
-14.518157,14,7.13175
-41.043647,37,7.176329
-64.57325,50,7.227015
-57.550421,50,7.286422
-62.944754,50,7.333701
-8.879173,9,7.341716
-65.4443,50,7.396885
-57.516369,50,7.45
-61.806266,50,7.512898
-57.32175,50,14.156735
-63.995709,50,15.852683
-56.880951,50,17.722767
-65.039189,50,19.583933
-5.522628,6,19.740706
-56.705508,50,20.999738
-61.274439,50,22.311353
-57.374492,50,23.622756
-60.166578,50,24.987293
-64.761273,50,25.941829
-60.709322,50,26.955873
-58.682524,50,28.115627
-59.632953,50,29.165813
-8.674426,9,29.333803
-59.325122,50,30.250208
-58.678839,50,31.350823
-64.354234,50,32.433813
-61.555916,50,34.065294
-64.170594,50,35.822661
-30.730675,29,36.5667
-63.085497,50,37.832927
-57.518111,50,39.196749
-40.143808,37,40.12288
-58.875682,50,41.434926
-56.898385,50,42.604076
-66.339462,50,43.881758
-64.048037,50,45.591766
-58.424361,50,47.25475
-16.990865,16,47.801021
-57.263391,50,49.11707
-59.622045,50,50.51405
-64.250298,50,52.136902
-59.064681,50,53.616102
-56.448652,50,55.022056
-58.135618,50,56.67908
-56.627483,50,57.974806
-63.732355,50,59.523818
-61.915668,50,60.752082
-59.062013,50,62.360389
-60.545142,50,63.445865
-57.752744,50,64.442877
-20.444562,20,64.900231
-60.34599,50,66.098981
-59.720561,50,67.261827
-60.28851,50,68.234951
-69.582408,50,69.225093
-62.204507,50,70.421018
-64.746181,50,72.023928
-66.487081,50,74.046805
-4.405836,5,74.25053
-0.022753,1,74.298884
-5.4326,6,74.481918
-3.179374,4,74.633697
-0.038059,1,74.66824
-0.03323,1,74.710315
-60.305289,50,76.806284
-60.964073,50,78.792768
-60.701639,50,80.686887
-62.238175,50,82.598354
-65.530997,50,84.586812
-59.202386,50,86.32471
-63.993959,50,87.888285
-57.013531,50,89.203756
-59.239915,50,90.58735
-13.625187,13,90.923093
-23.088336,22,91.465885
-60.425636,50,92.797132
-10.959468,11,93.14302
-62.912773,50,94.634007
-62.832456,50,96.316236
-57.232822,50,97.99679
-30.459449,28,98.963682
-13.396484,13,99.391816
-6.566784,7,99.644062
-9.892571,10,99.765911
-62.709256,50,100.615786
-0.048221,1,100.63581
-57.254558,50,101.585909
-58.935458,50,102.639181
-61.547928,50,103.775753
-60.639719,50,104.964123
-60.857821,50,106.179745
-59.891721,50,107.700706
-49.605045,44,109.058262
-58.770929,50,110.68084
-55.496195,50,112.521891
-63.314713,50,114.294643
-55.968726,50,116.354885
-1.112744,2,116.450931
-61.670419,50,118.21757
-60.936197,50,119.724271
-60.812096,50,121.156711
-60.527162,50,122.596817
-7.543896,8,122.823895
-60.22983,50,124.275742
-58.916613,50,126.090793
-57.932491,50,127.87694
-59.174879,50,129.499288
-61.282288,50,130.772141
-61.889144,50,132.172269
-57.744226,50,133.687344
-64.220572,50,135.302915
-1.112336,2,135.36827
-56.243903,50,137.384738
-57.846184,50,139.118187
-55.970466,50,140.796634
-1.107199,2,140.856658
-61.86512,50,142.481666
-56.315981,50,144.262725
-62.307042,50,145.810726
-60.713929,50,147.074943
-63.439728,50,148.341967
-56.132882,50,149.600875
-59.912139,50,151.0908
-65.569497,50,152.402952
-60.58543,50,153.846943
-1.138826,2,153.911849
-54.767022,50,155.656738
-62.539807,50,157.580858
-62.561085,50,158.910081
-57.814769,50,165.406102
-7.727516,8,165.657154
-57.150359,50,167.3194
-57.170118,50,169.276216
-56.90349,50,171.247573
-62.120312,50,173.28476
-60.678007,50,175.215141
-58.562452,50,177.214721
-64.532845,50,179.211648
-58.109851,50,180.655729
-33.21669,30,181.479105
-61.103847,50,183.045804
-58.269683,50,184.640655
-11.165905,11,184.982815
-58.719902,50,186.301713
-54.844006,50,187.604713
-38.485014,35,188.569246
-7.604898,8,188.792773
-64.963435,50,190.16331
-48.282787,45,191.55863
-58.229068,50,193.26568
-58.580407,50,194.705144
-52.343518,48,196.126778
-38.875015,35,197.056302
-59.053893,50,198.41162
-56.834089,50,199.650012
-58.144824,50,200.803942
-8.760924,9,201.03972
-27.080141,26,201.731504
-57.150716,50,203.087303
-57.56745,50,204.453808
-60.297525,50,205.92667
-57.873274,50,207.380718
-43.110978,39,208.496834
-57.784051,50,209.85282
-4.24681,5,209.969716
-56.547976,50,211.366184
-2.163614,3,211.444691
-19.014938,18,211.983673
-51.48376,48,213.245741
-58.185568,50,214.823917
-52.101311,48,216.591368
-56.954342,50,218.194927
-55.886239,50,219.653657
-4.400778,5,219.778806
-27.989554,26,220.479322
-40.359084,38,221.382539
-57.961707,50,222.69188
-21.314473,20,223.168308
-11.089772,11,223.428165
-2.164095,3,223.498933
-16.881303,16,223.887391
-19.755688,19,224.402778
-32.968889,30,225.231722
-47.005736,42,226.374882
-56.707518,50,227.796915
-12.38719,12,228.191914
-6.511844,7,228.421731
-29.25516,27,229.316717
-9.73907,10,229.62676
-17.001337,16,230.119091
-43.390779,39,231.476704
-56.244705,50,233.067802
-13.51449,13,233.453096
-5.547772,6,233.655856
-57.070861,50,235.299045
-48.56566,44,236.437207
-31.660525,29,237.204748
-14.526233,14,237.55691
-8.730485,9,237.81293
-18.63984,18,238.276944
-48.310814,44,239.380925
-13.960575,14,239.730399
-19.221736,18,240.176538
-22.226665,21,240.662743
-0.035171,1,240.680852
-15.241645,15,241.014318
-50.182741,45,242.003713
-34.089215,32,242.741755
-9.881324,10,242.945802
-32.671381,31,243.619004
-19.859813,19,244.085493
-8.932753,9,244.301079
-16.256082,16,244.607059
-53.404888,48,245.653912
-14.179185,14,245.971896
-5.387892,6,246.113913
-54.761247,50,247.345774
-0.053789,1,247.363804
-13.484339,13,247.718165
-8.885818,9,247.943616
-4.306188,5,248.083332
-48.421428,44,249.179213
-5.457555,6,249.336878
-6.532255,7,249.532884
-13.485779,13,249.905207
-55.173801,50,251.358281
-25.494593,24,252.075396
-2.240077,3,252.166868
-54.744309,50,254.169297
-0.030865,1,254.209026
-42.784737,40,255.781299
-14.192843,14,256.335749
-8.916447,9,256.713919
-0.037182,1,256.755665
-15.149703,15,257.357581
-22.079509,21,258.068269
-6.596583,7,258.307045
-18.627313,18,258.946724
-47.198959,44,260.448187
-23.179734,22,261.101585
-5.537491,6,261.269392
-6.604364,7,261.458347
-0.031161,1,261.478888
-4.441222,5,261.603091
-4.29715,5,261.742865
-35.974227,34,262.683467
-22.045673,21,263.1682
-1.110658,2,263.214908
-10.730307,11,263.468202
-5.368803,6,263.610872
-19.725549,19,264.036717
-8.81768,9,264.224949
-8.845657,9,264.41589
-3.34956,4,264.506722
-23.38713,22,265.004841
-6.573502,7,265.176863
-4.497867,5,265.330586
-7.570039,8,265.589874
-54.779722,50,266.992847
-6.491436,7,267.155759
-13.934605,14,267.498285
-14.222575,14,267.858156
-6.590904,7,268.050809
-23.399076,22,268.73861
-17.918365,17,269.271287
-17.375515,17,269.780784
-4.407999,5,269.938989
-8.850608,9,270.16482
-10.928101,11,270.450703
-4.505535,5,270.576785
-10.884932,11,270.860127
-16.435023,16,271.265895
-2.186157,3,271.360213
-9.744726,10,271.586856
-8.709757,9,271.797563
-7.786688,8,272.003168
-6.584606,7,272.167017
-9.048521,9,272.38528
-15.536316,15,272.836651
-12.243314,12,273.152655
-13.229959,13,273.475702
-7.532437,8,273.709671
-15.288112,15,274.203833
-1.073381,2,274.258971
-7.807849,8,274.47824
-2.189281,3,274.560949
-5.39577,6,274.716799
-12.067119,12,275.059226
-23.693412,23,275.855554
-4.415301,5,276.020523
-34.992928,33,277.068331
-24.957442,24,277.764904
-4.393692,5,277.936899
-13.098185,13,278.380655
-6.835184,7,278.562738
-15.752975,15,278.976798
-20.987674,20,279.589379
-3.29434,4,279.726856
-6.577776,7,279.944822
-2.151181,3,280.036678
-4.289669,5,280.185912
-3.3147,4,280.296905
-8.558284,9,280.564552
-7.69826,8,280.780685
-2.1306,3,280.86487
-7.839711,8,281.032893
-10.988071,11,281.284884
-0.054446,1,281.309943
-6.452183,7,281.447004
-4.340652,5,281.544805
-4.495858,5,281.650629
-2.199152,3,281.731757
-3.300919,4,281.816882
-0.045424,1,281.838973
-7.746009,8,282.011552
-11.232251,11,282.237401
-4.367808,5,282.331767
-4.496101,5,282.512864
-22.655615,22,283.089267
-3.219699,4,283.179319
-4.42934,5,283.299315
-4.396369,5,283.40922
-8.826591,9,283.645664
-10.798502,11,283.926944
-14.965373,15,284.273672
-1.093839,2,284.325081
-12.962411,13,284.618987
-8.758876,9,284.859362
-4.448117,5,284.980189
-10.737997,11,285.289363
-8.776227,9,285.586857
-7.689413,8,285.872853
-3.333281,4,286.02267
-2.224233,3,286.126869
-11.007243,11,286.451866
-4.403493,5,286.587072
-8.623974,9,286.817025
-1.071615,2,286.870819
-20.352091,20,287.426943
-9.717158,10,287.72815
-3.28489,4,287.838223
-8.778964,9,288.114985
-5.64446,6,288.303554
-0.035963,1,288.342018
-3.34012,4,288.473704
-1.127609,2,288.536056
-14.327301,14,288.845831
-5.50727,6,288.918962
-5.415954,6,288.988216
-10.80364,11,289.110269
-2.192111,3,289.145917
-3.276667,4,289.200178
-1.109591,2,289.222803
-8.639125,9,289.323941
-6.532184,7,289.39233
-5.560438,6,289.458412
-5.543103,6,289.520729
-3.274292,4,289.560775
-54.577531,50,290.112602
-4.361872,5,290.175681
-9.827386,10,290.29067
-0.028728,1,290.300778
-16.188066,16,290.489179
-2.237248,3,290.523755
-21.747276,21,290.743546
-19.855881,19,290.96082
-0.04829,1,290.97383
-5.471181,6,291.046911
-22.639064,22,291.307175
-5.563538,6,291.375875
-5.478968,6,291.458167
-4.505314,5,291.5201
-1.124202,2,291.543728
-4.443734,5,291.602304
-3.308925,4,291.643053
-4.318381,5,291.695211
-3.41065,4,291.736787
-5.61166,6,291.809407
-3.32623,4,291.851688
-5.586585,6,291.918363
-3.341694,4,291.960924
-5.513637,6,292.034013
-2.178877,3,292.069683
-5.548828,6,292.150985
-2.182603,3,292.193756
-5.511113,6,292.272643
-3.42237,4,292.324842
-8.772579,9,292.436825
-4.38259,5,292.492903
-22.037917,21,292.733678
-6.470291,7,292.817285
-3.315578,4,292.860982
-1.089074,2,292.883615
-2.201947,3,292.912799
-7.636624,8,292.999969
-1.122513,2,293.024781
-3.356102,4,293.066832
-2.187662,3,293.101007
-6.535837,7,293.173696
-11.010729,11,293.316748
-5.493646,6,293.383836
-5.434683,6,293.456773
-2.253546,3,293.490337
-2.26151,3,293.533881
-1.105555,2,293.555833
-14.063587,14,293.716877
-3.263983,4,293.77071
-15.581111,15,293.938936
-4.469923,5,293.99168
-4.249697,5,294.04183
-9.662519,10,294.143681
-3.3207,4,294.189737
-10.90996,11,294.328298
-20.947787,20,294.559698
-3.320189,4,294.604819
-2.199501,3,294.643869
-5.373166,6,294.721664
-4.4722,5,294.783756
-5.418559,6,294.856892
-3.315438,4,294.908893
-3.331329,4,294.959136
-4.402296,5,295.011764
-2.253223,3,295.042801
-1.108699,2,295.066823
-1.070797,2,295.090869
-2.227357,3,295.121402
-3.336672,4,295.166782
-2.192247,3,295.204342
-4.383683,5,295.273076
-2.19597,3,295.304855
-2.287354,3,295.33991
-10.901683,11,295.466668
-5.448691,6,295.540804
-1.091952,2,295.566822
-3.347885,4,295.610389
-4.458173,5,295.677049
-3.296739,4,295.726751
-4.397929,5,295.790846
-1.145742,2,295.812894
-5.46577,6,295.889115
-1.098388,2,295.912671
-2.15233,3,295.950727
-8.749408,9,296.058366
-4.385977,5,296.118361
-17.305214,17,296.29275
-1.09891,2,296.317282
-4.383889,5,296.367076
-3.324914,4,296.424825
-3.335196,4,296.474891
-1.119834,2,296.500247
-3.221054,4,296.542838
-5.562583,6,296.61596
-2.27154,3,296.65264
-3.40201,4,296.700702
-3.306353,4,296.750342
-4.531706,5,296.819848
-3.27372,4,296.865897
-4.360649,5,296.928192
-3.289102,4,296.973814
-0.022888,1,296.993843
-4.52551,5,297.06397
-2.22516,3,297.096759
-3.354839,4,297.141822
-3.298444,4,297.185871
-1.129019,2,297.205891
-2.202227,3,297.239943
-3.29416,4,297.279105
-3.303095,4,297.322737
-3.317724,4,297.376808
-2.205814,3,297.562737
-3.361085,4,297.611807
-2.146559,3,297.652863
-2.182863,3,297.6894
-4.385547,5,297.744706
-4.479851,5,297.815795
-2.198976,3,297.864876
-3.24886,4,298.039011
-3.290651,4,298.210798
-2.175688,3,298.319815
-6.519259,7,298.586694
-3.373275,4,298.731045
-9.600828,10,299.190124
-2.236238,3,299.318383
-5.52584,6,299.565845
-4.297078,5,299.778351
-5.326336,6,300.020896
-2.259443,3,300.142687
-20.680768,20,300.944856
-4.325235,5,301.166819
-3.304347,4,301.332855
-3.324296,4,301.486091
-3.34975,4,301.645709
-3.409191,4,301.808317
-2.180088,3,301.929991
-1.072784,2,302.01177
-2.26927,3,302.135093
-2.198826,3,302.269806
-5.35488,6,302.519932
-3.22491,4,302.689855
-9.86982,10,303.131852
-19.583074,19,303.919222
-3.408418,4,304.103208
-1.110387,2,304.179115
-4.452895,5,304.404254
-3.305874,4,304.560805
-2.255794,3,304.683685
-5.601401,6,304.930319
-4.304695,5,305.140633
-2.208461,3,305.269896
-3.321884,4,305.435833
-3.302595,4,305.586658
-2.175265,3,305.721083
-4.514792,5,305.935851
-2.217422,3,306.056755
-3.299742,4,306.203783
-3.328559,4,306.364734
-2.178955,3,306.476048
-3.29761,4,306.624022
-3.292775,4,306.792762
-1.101182,2,306.885399
-3.208919,4,307.048212
-2.253463,3,307.17283
-4.480048,5,307.388324
-1.122964,2,307.480848
-2.203255,3,307.602888
-4.45364,5,307.794912
-3.23414,4,307.970904
-2.17607,3,308.105091
-1.127666,2,308.188356
-1.100301,2,308.271724
-3.307282,4,308.430817
-4.315436,5,308.628493
-2.22967,3,308.764912
-2.231536,3,308.875815
-2.270655,3,309.003911
-3.372122,4,309.192819
-3.322274,4,309.362494
-4.35167,5,309.53928
-5.574142,6,309.801691
-4.542446,5,310.008106
-0.042595,1,310.062821
-3.318179,4,310.212867
-4.469914,5,310.426273
-1.123182,2,310.526822
-3.399034,4,310.686767
-1.082783,2,310.781154
-2.215665,3,310.891816
-3.386853,4,311.064779
-1.107968,2,311.149948
-2.219222,3,311.275032
-0.033656,1,311.307336
-2.224049,3,311.446638
-3.319287,4,311.600766
-3.325204,4,311.744375
-3.370898,4,311.913375
-2.242988,3,312.050731
-2.180898,3,312.176826
-1.081958,2,312.26274
-3.303038,4,312.416816
-0.047855,1,312.459897
-0.025672,1,312.49902
-3.272588,4,312.693887
-3.423654,4,312.856806
-4.271149,5,313.078586
-4.529148,5,313.278573
-3.372288,4,313.446712
-14.35089,14,314.017501
-4.403694,5,314.234292
-2.119355,3,314.365887
-3.242316,4,314.521876
-2.147807,3,314.636773
-4.439713,5,314.852954
-4.43458,5,315.052962
-5.596681,6,315.320833
-1.127684,2,315.402512
-1.123869,2,315.492841
-3.329044,4,315.651651
-2.182412,3,315.758352
-0.041606,1,315.796904
-2.184902,3,315.934621
-2.237667,3,316.074831
-1.10242,2,316.158255
-3.340596,4,316.314726
-3.353734,4,316.490336
-3.251193,4,316.636714
-2.167312,3,316.749899
-2.149619,3,316.876796
-3.386697,4,317.041859
-1.100049,2,317.128253
-1.083186,2,317.213878
-2.26033,3,317.326833
-3.303223,4,317.502831
-1.087824,2,317.579972
-55.396979,50,319.594737
-0.050531,1,319.631807
-3.255452,4,319.802741
-4.451468,5,320.00739
-3.260033,4,320.16893
-3.320064,4,320.333911
-3.326144,4,320.524872
-3.312693,4,320.693827
-1.102224,2,320.770128
-2.20232,3,320.895856
-3.312633,4,321.069201
-3.267733,4,321.231929
-1.137746,2,321.308286
-4.378782,5,321.525943
-2.224557,3,321.66382
-2.237126,3,321.788386
-2.23977,3,321.899239
-2.209051,3,322.025735
-0.027335,1,322.071807
-3.351328,4,322.232387
-2.226227,3,322.362957
-5.62799,6,322.60716
-8.514001,9,322.978361
-3.29052,4,323.121732
-2.215586,3,323.263979
-3.399082,4,323.436953
-1.077663,2,323.528754
-4.393394,5,323.758453
-2.204788,3,323.880939
-1.108661,2,323.971812
-3.262763,4,324.145783
-3.372264,4,324.327074
-3.388514,4,324.515666
-3.341076,4,324.681713
-3.383867,4,324.852719
-2.16202,3,324.922821
-2.189716,3,325.089718
-3.278074,4,325.320455
-2.147957,3,325.468364
-2.159935,3,325.606642
-5.388789,6,325.842945
-1.083304,2,325.90572
-55.289716,50,327.913326
-2.172823,3,328.024501
-4.447404,5,328.212311
-3.292203,4,328.359855
-1.085865,2,328.44365
-1.098393,2,328.529286
-3.289627,4,328.708334
-0.020833,1,328.746129
-0.012638,1,328.801799
-1.102751,2,328.87065
-3.295409,4,329.032598
-1.15662,2,329.11075
-2.173381,3,329.271863
-0.036516,1,329.316094
-3.289714,4,329.496766
-3.274314,4,329.681827
-2.249573,3,329.823273
-3.369652,4,329.980825
-2.215077,3,330.09186
-1.121308,2,330.175786
-1.149159,2,330.259017
-3.317924,4,330.4269
-2.204076,3,330.545173
-2.265567,3,330.668148
-1.10443,2,330.764772
-3.307788,4,330.932927
-1.088598,2,331.019298
-3.325603,4,331.203966
-9.763609,10,331.638999
-0.05029,1,331.679714
-1.067288,2,331.777095
-3.356658,4,331.950035
-3.355285,4,332.113311
-2.149226,3,332.239877
-2.245568,3,332.363863
-0.042565,1,332.407543
-4.421731,5,332.634885
-2.260456,3,332.751658
-1.093894,2,332.842109
-2.204937,3,332.95083
-2.214864,3,333.068229
-5.510687,6,333.300215
-2.253688,3,333.435855
-4.290928,5,333.653112
-3.309075,4,333.845644
-2.166018,3,333.980699
-3.322611,4,334.155535
-4.433292,5,334.386721
-2.230317,3,334.466883
-2.256451,3,334.575417
-3.264352,4,334.76177
-2.258095,3,334.912045
-3.357132,4,335.083101
-3.307861,4,335.251836
-1.142923,2,335.348169
-2.194602,3,335.468323
-3.326396,4,335.656836
-3.373491,4,335.803899
-3.318784,4,335.971654
-2.168501,3,336.105069
-2.209818,3,336.245852
-3.301461,4,336.394759
-2.2246,3,336.540726
-2.179089,3,336.676749
-2.175952,3,336.803768
-3.361911,4,336.965877
-0.051408,1,337.002075
-3.393398,4,337.172991
-2.22553,3,337.298259
-1.086239,2,337.386686
-2.21802,3,337.517254
-1.125692,2,337.599718
-3.347806,4,337.781764
-2.184773,3,337.908297
-3.392762,4,338.068371
-3.311312,4,338.220844
-1.15258,2,338.311697
-1.119642,2,338.380072
-2.179807,3,338.488271
-2.173474,3,338.614265
-3.366166,4,338.804708
-2.169956,3,338.93853
-3.408062,4,339.092754
-2.248139,3,339.206968
-2.14884,3,339.34985
-3.337751,4,339.514837
-1.132083,2,339.594765
-4.557847,5,339.77285
-2.261382,3,339.894906
-0.05582,1,339.943938
-1.125181,2,340.035882
-3.332891,4,340.186701
-2.260264,3,340.32829
-3.324821,4,340.490467
-3.236353,4,340.681729
-4.426524,5,340.890878
-2.163191,3,341.012786
-3.323975,4,341.176746
-3.288485,4,341.356865
-3.380603,4,341.515228
-4.489905,5,341.732938
-2.20169,3,341.848107
-2.268685,3,341.970817
-3.334319,4,342.160762
-3.39476,4,342.331002
-3.283318,4,342.526265
-4.393029,5,342.746319
-1.118082,2,342.823183
-3.346119,4,343.010776
-4.488567,5,343.22174
-2.195204,3,343.322926
-4.383709,5,343.526325
-3.274868,4,343.703936
-2.224635,3,343.822922
-1.089879,2,343.90984
-3.31623,4,344.069692
-1.120231,2,344.158586
-0.042667,1,344.204838
-3.356022,4,344.404809
-2.222278,3,344.53179
-1.116994,2,344.630109
-3.283892,4,344.782762
-3.313545,4,344.952814
-2.181188,3,345.069223
-2.198374,3,345.184672
-4.408427,5,345.366926
-0.015314,1,345.417293
-3.274366,4,345.586904
-3.263959,4,345.766631
-3.315695,4,345.92429
-3.337166,4,346.091851
-3.30564,4,346.264737
-2.214517,3,346.400691
-2.198912,3,346.529734
-2.210526,3,346.660757
-3.331449,4,346.84662
-4.315653,5,347.049855
-0.037897,1,347.094952
-2.219619,3,347.223927
-1.144029,2,347.320331
-2.190262,3,347.456809
-3.322418,4,347.636706
-3.339978,4,347.765716
-2.197285,3,347.895826
-3.358308,4,348.047069
-3.266074,4,348.196883
-1.144523,2,348.266164
-2.199709,3,348.372104
-1.100097,2,348.453123
-2.204926,3,348.578261
-1.089517,2,348.659935
-3.325294,4,348.806852
-2.182458,3,348.893761
-0.036937,1,348.92335
-3.236604,4,349.066503
-2.240607,3,349.163879
-0.027844,1,349.221173
-2.222602,3,349.299379
-0.049831,1,349.331976
-3.318137,4,349.479364
-2.175963,3,349.578629
-3.369196,4,349.750745
-1.091643,2,349.832932
-1.072112,2,349.901825
-3.38166,4,350.0749
-0.03467,1,350.121176
-3.378917,4,350.280685
-3.284979,4,350.410825
-1.103988,2,350.488295
-2.197128,3,350.60907
-2.244812,3,350.72237
-2.14282,3,350.827209
-2.207274,3,350.95287
-3.384232,4,351.102731
-2.163436,3,351.20282
-2.213265,3,351.311942
-7.604206,8,351.649035
-0.049589,1,351.684855
-2.174485,3,351.798259
-2.217792,3,351.921907
-0.018422,1,351.980772
-2.175264,3,352.105714
-2.253594,3,352.235208
-3.32815,4,352.396658
-3.297815,4,352.572818
-3.342573,4,352.769252
-0.041753,1,352.816335
-3.305397,4,353.01089
-0.036923,1,353.07073
-2.304473,3,353.190736
-3.301683,4,353.352834
-2.165686,3,353.4668
-0.046403,1,353.501878
-2.196353,3,353.594839
-2.263842,3,353.73499
-1.10657,2,353.81374
-2.189425,3,353.961621
-1.069351,2,354.051626
-3.289242,4,354.229695
-3.329184,4,354.386782
-1.074744,2,354.486767
-3.411817,4,354.680723
-2.173539,3,354.808167
-3.321157,4,354.962645
-0.034492,1,355.027253
-3.374909,4,355.209691
-2.214222,3,355.320167
-2.214067,3,355.461641
-1.078577,2,355.564897
-4.484972,5,355.76193
-3.248612,4,355.938221
-1.066942,2,356.018925
-1.097183,2,356.113832
-2.271534,3,356.241961
-1.128357,2,356.330362
-5.487921,6,356.590446
-3.340944,4,356.770295
-2.186986,3,356.892818
-3.377423,4,357.058404
-2.256815,3,357.178927
-0.031727,1,357.244875
-0.047582,1,357.288569
-1.083963,2,357.370781
-3.310833,4,357.561812
-3.308943,4,357.725321
-2.164212,3,357.845962
-2.171115,3,357.969819
-1.111819,2,358.040343
-0.052955,1,358.093741
-3.350449,4,358.273841
-2.271524,3,358.410842
-1.115238,2,358.523414
-2.209432,3,358.639153
-2.225926,3,358.749325
-2.239127,3,358.865004
-2.192072,3,358.995277
-2.248825,3,359.150749
-1.131472,2,359.232393
-2.220451,3,359.345689
-2.264299,3,359.378231
-3.31649,4,359.504515
-3.287804,4,359.640648
-2.18016,3,359.728744
-3.365966,4,359.840075
-2.169312,3,359.916837
-2.198887,3,360.005132
-2.148645,3,360.104875
-2.243807,3,360.210825
-3.27499,4,360.36681
-2.249644,3,360.502837
-0.034121,1,360.525875
-2.179484,3,360.613828
-2.189567,3,360.710518
-3.355393,4,360.806902
-2.163322,3,360.886778
-1.118616,2,360.95381
-2.177603,3,361.052787
-1.110577,2,361.096847
-2.215121,3,361.184751
-3.396869,4,361.322222
-3.421341,4,361.482659
-2.187624,3,361.600884
-3.327698,4,361.765355
-3.329832,4,361.936
-2.261574,3,362.054805
-2.183216,3,362.181835
-3.311779,4,362.351928
-0.047517,1,362.389126
-2.193557,3,362.526917
-1.08478,2,362.609696
-1.132203,2,362.6994
-0.039081,1,362.760407
-3.329617,4,362.932909
-3.296908,4,363.084702
-2.207069,3,363.213554
-3.263827,4,363.382804
-3.437368,4,363.549785
-2.142633,3,363.673709
-2.21473,3,363.771887
-3.286636,4,363.919399
-2.225232,3,364.044698
-2.168621,3,364.179744
-2.218184,3,364.327112
-2.199225,3,364.443682
-1.090827,2,364.5257
-2.221519,3,364.643884
-2.213772,3,364.767576
-2.280913,3,364.893916
-1.07159,2,364.98894
-3.301778,4,365.17468
-2.259584,3,365.293866
-1.144794,2,365.385711
-0.038945,1,365.434784
-2.128219,3,365.549694
-1.096184,2,365.629818
-0.010272,1,365.673884
-1.091056,2,365.762842
-4.401867,5,365.987087
-2.178186,3,366.128195
-3.34361,4,366.295836
-3.333488,4,366.469833
-2.216368,3,366.58682
-3.330347,4,366.763867
-1.11608,2,366.864794
-2.178303,3,366.997038
-3.345394,4,367.146861
-3.273099,4,367.332015
-1.138217,2,367.418318
-2.217791,3,367.540166
-3.36821,4,367.712707
-1.085012,2,367.785822
-2.156597,3,367.871625
-0.031363,1,367.920197
-1.080632,2,368.00497
-3.333904,4,368.199255
-3.35642,4,368.380838
-2.274477,3,368.509868
-3.345423,4,368.666897
-3.346506,4,368.826842
-1.142532,2,368.90468
-0.047392,1,368.955794
-2.221413,3,369.088268
-1.107907,2,369.165859
-3.347688,4,369.341131
-1.122943,2,369.429772
-0.03743,1,369.470798
-3.293506,4,369.615892
-1.127366,2,369.712768
-2.138275,3,369.846838
-3.345972,4,370.010789
-2.175827,3,370.130854
-1.105023,2,370.209304
-2.204388,3,370.332989
-2.202944,3,370.446827
-2.190974,3,370.578387
-0.042194,1,370.630259
-3.377941,4,370.790814
-2.228024,3,370.910271
-2.24085,3,371.032854
-0.024504,1,371.072982
-0.041114,1,371.120545
-2.247514,3,371.256716
-1.108735,2,371.342066
-3.324057,4,371.530776
-2.214702,3,371.684747
-1.132391,2,371.778162
-3.293111,4,371.91444
-0.010872,1,371.947042
-4.493084,5,372.146876
-2.176617,3,372.276696
-1.119246,2,372.368395
-2.215751,3,372.49067
-2.195387,3,372.611837
-2.176291,3,372.754918
-2.193572,3,372.861895
-4.431642,5,373.050047
-3.270531,4,373.201643
-0.026636,1,373.234766
-2.218668,3,373.327204
-2.277229,3,373.432202
-3.250249,4,373.583785
-3.290904,4,373.761849
-4.449935,5,373.939987
-2.168578,3,374.030358
-2.231218,3,374.126336
-3.337817,4,374.251792
-1.103035,2,374.326336
-3.419086,4,374.462814
-1.087786,2,374.523414
-0.028527,1,374.552939
-3.290526,4,374.712902
-2.201607,3,374.823707
-2.232614,3,374.941895
-2.253716,3,375.066908
-2.248312,3,375.193821
-0.023661,1,375.242103
-1.124529,2,375.313793
-1.11561,2,375.403775
-4.511709,5,375.609972
-3.376129,4,375.768491
-4.448217,5,375.995863
-3.310994,4,376.163811
-3.296509,4,376.315746
-6.477904,7,376.556112
-3.326924,4,376.682662
-1.067955,2,376.740799
-0.048875,1,376.76486
-3.368971,4,376.873915
-2.249089,3,376.971311
-3.478862,4,377.098284
-0.025483,1,377.122832
-3.371264,4,377.266751
-4.425061,5,377.410789
-1.117403,2,377.475737
-3.406573,4,377.589818
-2.228195,3,377.685125
-1.127727,2,377.74032
-2.221592,3,377.812696
-2.208585,3,377.886843
-3.274311,4,377.984832
-1.113218,2,378.042694
-2.231666,3,378.106782
-3.326073,4,378.208299
-1.140351,2,378.264191
-2.261203,3,378.351669
-4.588767,5,378.48667
-1.116427,2,378.538754
-1.122288,2,378.59377
-3.3188,4,378.691755
-3.295767,4,378.788233
-3.365937,4,378.888157
-3.296349,4,378.986326
-2.222392,3,379.066896
-0.054723,1,379.100638
-1.086207,2,379.146817
-2.243961,3,379.223968
-4.455524,5,379.336104
-1.105697,2,379.375723
-3.375828,4,379.450963
-3.329018,4,379.544682
-2.284065,3,379.62733
-1.085646,2,379.661925
-2.21736,3,379.722889
-3.405712,4,379.808246
-4.48317,5,379.917216
-2.238699,3,380.000007
-3.339443,4,380.10299
-2.247759,3,380.176483
-2.208514,3,380.255881
-3.332612,4,380.361651
-2.164628,3,380.426248
-4.49417,5,380.556917
-3.323818,4,380.678468
-1.083265,2,380.732248
-2.253586,3,380.813661
-3.271281,4,380.90581
-1.097468,2,380.969107
-0.04021,1,380.99484
-0.036264,1,381.020563
-1.087087,2,381.075032
-0.040108,1,381.112776
-2.217179,3,381.193654
-4.344511,5,381.330429
-3.335294,4,381.439345
-5.538911,6,381.568317
-2.156733,3,381.646564
-2.25835,3,381.705864
-3.320429,4,381.801853
-2.19669,3,381.856133
-1.108124,2,381.896851
-1.089241,2,381.940089
-1.075894,2,381.982788
-1.132597,2,382.032377
-2.201545,3,382.099396
-3.389699,4,382.184717
-2.173684,3,382.254979
-2.151218,3,382.330253
-0.038835,1,382.361869
-3.346556,4,382.456763
-3.346914,4,382.55176
-1.102577,2,382.601835
-3.256956,4,382.709222
-3.339352,4,382.79475
-2.207,3,382.852518
-1.101896,2,382.900312
-2.237585,3,382.979676
-3.326244,4,383.069961
-2.169852,3,383.153469
-1.11975,2,383.202687
-1.130907,2,383.252932
-3.346666,4,383.359029
-3.384882,4,383.463806
-2.290465,3,383.527315
-2.212128,3,383.608311
-2.170279,3,383.701752
-0.044722,1,383.731833
-1.153107,2,383.793815
-3.372428,4,383.900607
-3.292779,4,384.008193
-1.121625,2,384.062936
-3.324639,4,384.169792
-1.127445,2,384.226375
-1.153011,2,384.273707
-0.038831,1,384.296739
-2.274032,3,384.382074
-0.024153,1,384.40921
-2.159384,3,384.492741
-3.352816,4,384.599334
-3.302681,4,384.710675
-2.150943,3,384.786692
-1.105552,2,384.833999
-1.119716,2,384.886103
-0.01888,1,384.916702
-2.197026,3,385.000706
-1.062409,2,385.04835
-0.051288,1,385.071893
-4.392204,5,385.205018
-0.04025,1,385.234164
-2.20395,3,385.310904
-2.170191,3,385.400776
-1.122484,2,385.460152
-1.109391,2,385.511781
-2.245819,3,385.598351
-3.419584,4,385.702853
-0.048876,1,385.736912
-3.377327,4,385.84066
-3.309037,4,385.943188
-2.224485,3,386.024891
-2.199177,3,386.114144
-3.382916,4,386.224786
-2.234406,3,386.299836
-3.321956,4,386.416752
-3.312143,4,386.536179
-1.119959,2,386.586126
-1.101392,2,386.644811
-2.213321,3,386.719106
-2.178918,3,386.810139
-0.053248,1,386.839791
-2.22529,3,386.906904
-0.056673,1,386.936697
-2.290581,3,387.016593
-1.137928,2,387.075814
-3.360885,4,387.175833
-0.054689,1,387.209392
-3.280844,4,387.320709
-1.153072,2,387.37829
-1.106291,2,387.433885
-4.445603,5,387.571917
-1.106225,2,387.64204
-1.142275,2,387.68977
-1.100378,2,387.746855
-3.330682,4,387.851781
-3.324037,4,387.978244
-3.25397,4,388.094188
-3.270438,4,388.193702
-2.155554,3,388.280068
-2.242467,3,388.361858
-4.364165,5,388.483859
-3.348268,4,388.58388
-0.050403,1,388.608935
-2.271293,3,388.691821
-1.092819,2,388.752037
-5.525859,6,388.93996
-1.105048,2,388.993791
-1.153858,2,389.064684
-5.417956,6,389.241031
-3.297829,4,389.348396
-1.129947,2,389.404695
-2.189928,3,389.494085
-2.224169,3,389.560091
-2.175076,3,389.645092
-3.309819,4,389.759148
-3.310638,4,389.88383
-0.050725,1,389.908364
-2.165239,3,389.988266
-2.180979,3,390.066908
-2.239154,3,390.159817
-1.140871,2,390.216904
-1.123374,2,390.276729
-2.250634,3,390.353491
-3.386793,4,390.461648
-2.262797,3,390.537022
-4.512815,5,390.67892
-2.182024,3,390.762034
-2.215769,3,390.852819
-2.230244,3,390.937158
-3.304419,4,391.044355
-2.223326,3,391.131168
-3.368597,4,391.272821
-2.234196,3,391.349059
-3.263259,4,391.462096
-3.297802,4,391.561802
-2.199766,3,391.642523
-3.363446,4,391.762885
-3.279724,4,391.871119
-2.229969,3,391.954095
-0.045526,1,391.986825
-2.185582,3,392.057582
-1.095606,2,392.108365
-1.10991,2,392.156681
-2.225669,3,392.248163
-2.232758,3,392.334408
-1.101573,2,392.39471
-3.294499,4,392.513696
-1.08568,2,392.582739
-2.177718,3,392.672675
-2.281637,3,392.7533
-3.27979,4,392.866848
-3.319806,4,392.984799
-0.032871,1,393.014847
-3.41724,4,393.127407
-3.363854,4,393.257075
-2.248401,3,393.354505
-2.238144,3,393.461048
-3.314448,4,393.579154
-3.278091,4,393.685911
-3.412811,4,393.793759
-1.11283,2,393.848963
-2.212755,3,393.926847
-3.309633,4,394.053059
-2.25702,3,394.141298
-2.241562,3,394.230698
-2.180301,3,394.320747
-4.384147,5,394.468131
-0.026515,1,394.49818
-2.168408,3,394.570127
-3.289113,4,394.675696
-2.244508,3,394.754339
-1.122369,2,394.813785
-2.21827,3,394.890143
-3.333782,4,395.00893
-3.371683,4,395.10976
-2.242913,3,395.193699
-2.169113,3,395.276603
-2.214828,3,395.348835
-1.124216,2,395.404675
-2.154873,3,395.493858
-1.090008,2,395.551135
-3.339373,4,395.66914
-2.211915,3,395.750123
-2.292438,3,395.836287
-1.135641,2,395.890552
-2.236774,3,395.964691
-3.423227,4,396.069895
-2.163126,3,396.151989
-3.215722,4,396.266225
-2.244705,3,396.354939
-3.280191,4,396.45857
-2.207346,3,396.554087
-1.094661,2,396.608341
-1.121878,2,396.663624
-3.252248,4,396.786829
-2.2452,3,396.876792
-0.024275,1,396.905843
-2.233827,3,396.989762
-3.277594,4,397.096776
-2.201943,3,397.179044
-2.260418,3,397.266356
-1.129314,2,397.314634
-2.206992,3,397.412965
-2.216568,3,397.509904
-1.12049,2,397.563819
-3.311625,4,397.703811
-9.696521,10,398.023726
-2.183668,3,398.107305
-3.264706,4,398.221906
-2.248209,3,398.312875
-2.199126,3,398.402851
-2.248317,3,398.495824
-2.205207,3,398.584616
-4.521931,5,398.743286
-1.130086,2,398.806838
-2.22587,3,398.903733
-3.29671,4,399.033015
-3.365361,4,399.157091
-3.309126,4,399.294719
-0.039812,1,399.330784
-2.210096,3,399.424746
-2.251019,3,399.513207
-1.104463,2,399.578304
-2.193576,3,399.675782
-1.111847,2,399.735405
-2.166593,3,399.832541
-2.213827,3,399.925874
-1.080341,2,399.99079
-2.24259,3,400.067122
-3.310401,4,400.153915
-2.230657,3,400.238826
-3.402674,4,400.357106
-1.095389,2,400.414068
-2.260967,3,400.493104
-3.42016,4,400.595361
-2.197019,3,400.676781
-2.237685,3,400.762608
-3.264636,4,400.873037
-2.241458,3,400.943599
-4.415204,5,401.102671
-2.242739,3,401.189761
-3.297625,4,401.292825
-2.29679,3,401.392876
-2.210556,3,401.48284
-1.125656,2,401.543549
-2.207337,3,401.636247
-2.174751,3,401.722732
-2.223336,3,401.814938
-4.397723,5,401.958353
-2.30013,3,402.058598
-3.376009,4,402.170643
-3.327512,4,402.279352
-3.468324,4,402.392608
-3.366735,4,402.503786
-2.232634,3,402.578404
-2.189377,3,402.668806
-3.362402,4,402.773738
-3.329093,4,402.884958
-1.094815,2,402.938247
-3.263753,4,403.040631
-3.367323,4,403.1406
-3.244267,4,403.236773
-3.339202,4,403.335688
-3.379461,4,403.442885
-2.210142,3,403.514742
-4.379948,5,403.625047
-1.140564,2,403.672824
-2.214625,3,403.754131
-0.043651,1,403.781761
-3.365272,4,403.88291
-2.218245,3,403.96684
-3.314321,4,404.073782
-8.642942,9,404.300004
-4.361978,5,404.409353
-1.120749,2,404.455932
-2.244835,3,404.535693
-0.040574,1,404.563375
-0.038391,1,404.590089
-2.25403,3,404.667556
-2.203122,3,404.739689
-1.095919,2,404.785766
-3.284655,4,404.880038
-3.385813,4,404.97581
-3.332884,4,405.091809
-2.232641,3,405.174717
-2.206533,3,405.262862
-1.092142,2,405.315668
-2.250181,3,405.414827
-1.109542,2,405.476616
-3.354563,4,405.575673
-2.216312,3,405.661827
-3.351257,4,405.774512
-5.49874,6,405.934744
-2.267716,3,406.008152
-2.229354,3,406.086771
-1.074122,2,406.149369
-3.383899,4,406.260896
-1.09136,2,406.308311
-2.223953,3,406.386658
-3.347379,4,406.488321
-4.437196,5,406.621004
-3.282564,4,406.714885
-1.09376,2,406.768207
-2.291333,3,406.850842
-2.202151,3,406.922723
-2.240974,3,407.000779
-3.327793,4,407.096695
-2.163433,3,407.176825
-2.160648,3,407.256828
-0.045121,1,407.280876
-2.289988,3,407.352712
-2.146499,3,407.45158
-2.205727,3,407.524888
-2.272349,3,407.599285
-1.137604,2,407.653874
-3.327075,4,407.769275
-2.126561,3,407.854936
-3.385937,4,407.974785
-3.383784,4,408.099717
-2.202018,3,408.198436
-1.113188,2,408.253022
-2.199729,3,408.326779
-0.025978,1,408.364847
-0.054868,1,408.407001
-1.12391,2,408.466686
-5.523777,6,408.673705
-1.103817,2,408.740819
-4.491439,5,408.89815
-2.166896,3,408.982727
-3.359918,4,409.097528
-8.630785,9,409.350181
-1.154284,2,409.41485
-2.152401,3,409.504701
-0.029891,1,409.526732
-3.375055,4,409.639747
-0.044347,1,409.676889
-4.400377,5,409.816709
-2.193189,3,409.913717
-3.319148,4,410.035555
-2.239381,3,410.136813
-3.312054,4,410.247321
-3.352256,4,410.356137
-1.106769,2,410.401824
-1.09591,2,410.484614
-3.288957,4,410.601801
-0.036718,1,410.628333
-3.306854,4,410.737043
-3.33473,4,410.852925
-3.480242,4,410.982849
-3.324596,4,411.105843
-0.048999,1,411.144415
-3.355082,4,411.263036
-4.523317,5,411.381585
-5.400469,6,411.513134
-3.35192,4,411.622773
-3.35944,4,411.730823
-3.324733,4,411.849276
-2.21396,3,411.935714
-2.297869,3,412.014988
-1.143606,2,412.070568
-5.510421,6,412.209781
-2.160613,3,412.284684
-3.319572,4,412.37541
-3.321355,4,412.500743
-2.206806,3,412.568405
-1.114493,2,412.622652
-1.088685,2,412.676228
-3.314473,4,412.793771
-3.460333,4,412.872585
-1.11596,2,412.92571
-1.100124,2,413.003856
-3.316789,4,413.135893
-1.155929,2,413.18816
-0.034753,1,413.21671
-1.094139,2,413.26409
-2.181154,3,413.349403
-1.095698,2,413.403678
-1.081439,2,413.456981
-2.205871,3,413.566794
-0.008956,1,413.600872
-2.245478,3,413.685905
-3.331121,4,413.78685
-4.418788,5,413.915622
-2.201529,3,414.001829
-2.254628,3,414.069967
-6.518793,7,414.2442
-1.092836,2,414.302782
-3.360204,4,414.410026
-2.196925,3,414.488159
-1.091693,2,414.54875
-3.310723,4,414.641662
-3.298962,4,414.746972
-2.192215,3,414.819757
-3.249803,4,414.931855
-0.021159,1,414.958394
-4.436077,5,415.08681
-0.054402,1,415.110974
-3.301476,4,415.206856
-0.021814,1,415.234901
-2.246153,3,415.31575
-3.318296,4,415.401713
-6.616148,7,415.567073
-3.349924,4,415.659993
-2.258593,3,415.745626
-0.041279,1,415.769168
-3.306686,4,415.875751
-1.128171,2,415.924838
-3.302052,4,416.039022
-2.246689,3,416.123815
-2.242996,3,416.196138
-3.347315,4,416.298542
-3.363386,4,416.396837
-3.317403,4,416.49419
-3.321001,4,416.594664
-2.160599,3,416.670883
-2.163777,3,416.754762
-2.220485,3,416.821885
-2.170146,3,416.893812
-1.095528,2,416.950413
-3.334894,4,417.0549
-0.027474,1,417.07559
-3.286522,4,417.177064
-3.283977,4,417.279119
-3.34946,4,417.396757
-3.336094,4,417.502587
-2.165728,3,417.570827
-2.182713,3,417.63977
-3.36228,4,417.746514
-1.118581,2,417.79685
-3.286821,4,417.892719
-3.358735,4,417.993885
-0.051069,1,418.023952
-4.486257,5,418.146331
-2.254207,3,418.219867
-2.162269,3,418.29271
-2.179112,3,418.373695
-1.115322,2,418.424768
-2.258372,3,418.496787
-3.29666,4,418.580223
-0.057634,1,418.612727
-1.131003,2,418.652091
-2.171186,3,418.718379
-1.146671,2,418.761046
-2.244802,3,418.836803
-2.218696,3,418.90983
-3.277728,4,418.996758
-1.115301,2,419.051369
-0.033488,1,419.07916
-3.307137,4,419.180133
-3.353662,4,419.278194
-3.381495,4,419.370735
-3.334577,4,419.475328
-1.130892,2,419.525791
-2.227798,3,419.603852
-0.044889,1,419.62588
-4.302486,5,419.750264
-3.319221,4,419.846336
-3.425427,4,419.936797
-0.024195,1,419.955332
-3.273649,4,420.055255
-2.189197,3,420.129741
-2.141679,3,420.209388
-2.14744,3,420.278361
-2.299498,3,420.368256
-3.451303,4,420.462653
-4.405066,5,420.581187
-3.31965,4,420.679732
-2.245206,3,420.761039
-2.226608,3,420.838251
-2.227258,3,420.913714
-1.108198,2,420.961886
-2.169529,3,421.035702
-2.25604,3,421.105629
-3.29505,4,421.200895
-3.308753,4,421.296752
-2.259309,3,421.373013
-3.330334,4,421.464884
-2.219675,3,421.536723
-6.475218,7,421.701692
-3.379961,4,421.803853
-2.214318,3,421.872638
-3.347588,4,421.976901
-3.361006,4,422.070913
-3.318516,4,422.184829
-3.386675,4,422.300714
-3.337073,4,422.420832
-2.180972,3,422.492848
-3.25748,4,422.62076
-5.479891,6,422.784289
-2.221423,3,422.863354
-2.214842,3,422.951242
-0.042607,1,422.990748
-3.331527,4,423.104528
-4.525048,5,423.238151
-0.045242,1,423.267506
-2.21204,3,423.355775
-0.053198,1,423.389832
-2.209169,3,423.462676
-2.190942,3,423.544795
-3.266227,4,423.635998
-3.356699,4,423.746273
-1.104691,2,423.78687
-2.20547,3,423.851092
-3.341735,4,423.971101
-3.283739,4,424.085894
-2.161003,3,424.151814
-1.087617,2,424.20189
-0.045238,1,424.234135
-2.240386,3,424.315763
-1.102127,2,424.368343
-2.246191,3,424.442696
-3.339835,4,424.550871
-3.416329,4,424.668411
-3.300221,4,424.784792
-1.137564,2,424.840884
-0.041124,1,424.870023
-3.344254,4,424.985713
-4.412181,5,425.135959
-2.203356,3,425.201782
-1.109194,2,425.261875
-2.230103,3,425.330297
-0.041311,1,425.360802
-2.204096,3,425.424891
-2.195966,3,425.508236
-2.255176,3,425.578342
-1.072672,2,425.634556
-3.294925,4,425.724744
-2.223952,3,425.814724
-2.271177,3,425.889336
-1.133783,2,425.927038
-0.021109,1,425.951772
-3.346023,4,426.062959
-2.195955,3,426.142739
-2.189904,3,426.231876
-2.168683,3,426.309015
-3.345905,4,426.418405
-3.31583,4,426.512898
-3.355712,4,426.621916
-1.136215,2,426.676791
-0.050448,1,426.704844
-3.277561,4,426.804707
-3.282591,4,426.913727
-3.29239,4,427.021711
-3.340232,4,427.136696
-2.164079,3,427.221699
-2.264467,3,427.3129
-0.024823,1,427.337589
-1.109737,2,427.396197
-2.197244,3,427.476828
-0.044877,1,427.504876
-0.013967,1,427.526912
-3.335546,4,427.632586
-1.099373,2,427.687325
-0.031307,1,427.714067
-1.095338,2,427.76591
-2.183283,3,427.854274
-2.191556,3,427.926976
-2.165545,3,428.005697
-1.094242,2,428.069051
-1.087215,2,428.12667
-2.212452,3,428.224803
-3.312089,4,428.33728
-5.525465,6,428.500148
-3.349655,4,428.619978
-2.168734,3,428.708387
-2.244377,3,428.796987
-0.034831,1,428.823646
-3.329571,4,428.93362
-4.490582,5,429.069623
-3.345849,4,429.177035
-2.193848,3,429.25183
-7.702538,8,429.49086
-1.068945,2,429.541028
-3.375745,4,429.645897
-2.192505,3,429.725655
-1.125849,2,429.782062
-2.168653,3,429.881217
-0.042544,1,429.905749
-3.293215,4,430.016755
-2.191907,3,430.102079
-1.105515,2,430.151757
-2.204027,3,430.2399
-1.131328,2,430.296773
-3.362252,4,430.421777
-2.210835,3,430.502861
-4.425921,5,430.660863
-3.382854,4,430.778994
-2.172463,3,430.886395
-2.216063,3,430.976867
-2.212825,3,431.063325
-2.207534,3,431.156187
-3.329818,4,431.271842
-3.33579,4,431.38401
-3.267789,4,431.48585
-3.368308,4,431.589288
-2.254042,3,431.684164
-1.10539,2,431.735902
-2.189564,3,431.814704
-3.291822,4,431.922694
-3.356389,4,432.031744
-2.18747,3,432.112803
-3.330448,4,432.221664
-3.28748,4,432.323884
-1.090112,2,432.378987
-1.113339,2,432.422686
-1.127114,2,432.479316
-1.130535,2,432.534967
-0.027969,1,432.561284
-3.388576,4,432.674186
-2.19922,3,432.762035
-3.296591,4,432.8701
-2.237659,3,432.960285
-2.27024,3,433.033625
-2.235313,3,433.149337
-2.23142,3,433.259358
-3.362037,4,433.36892
-2.290563,3,433.439283
-2.234787,3,433.52285
-2.204574,3,433.604851
-2.200355,3,433.699335
-2.249755,3,433.771141
-1.134143,2,433.828505
-3.301033,4,433.933277
-1.125745,2,433.988138
-2.194999,3,434.076858
-3.390567,4,434.183641
-1.089721,2,434.244222
-2.21453,3,434.329704
-3.353317,4,434.454949
-1.129843,2,434.512185
-0.024307,1,434.545764
-2.308981,3,434.630623
-1.102054,2,434.693837
-2.204555,3,434.781714
-1.092452,2,434.836803
-2.239407,3,434.928992
-2.229227,3,435.006846
-1.100389,2,435.051981
-3.365275,4,435.167075
-3.368122,4,435.279172
-1.153763,2,435.335918
-2.157078,3,435.408225
-3.384232,4,435.495109
-3.360482,4,435.605911
-2.184966,3,435.683856
-3.381163,4,435.78065
-2.198764,3,435.870279
-2.268195,3,435.967035
-1.091498,2,436.020653
-3.437879,4,436.139086
-2.208627,3,436.221778
-2.208474,3,436.30994
-2.244277,3,436.421821
-2.192901,3,436.512858
-1.100831,2,436.576555
-3.288402,4,436.730948
-1.09654,2,436.784682
-2.257791,3,436.880847
-3.315835,4,436.993938
-2.237868,3,437.102864
-3.381384,4,437.236686
-1.116245,2,437.335858
-3.296964,4,437.519986
-2.193774,3,437.621883
-3.311606,4,437.744732
-3.325301,4,437.856113
-2.202901,3,437.942903
-3.353728,4,438.070728
-3.392368,4,438.199102
-1.108023,2,438.262926
-3.324735,4,438.394062
-3.398144,4,438.52278
-2.157017,3,438.606917
-3.235436,4,438.722816
-1.146855,2,438.778407
-2.206717,3,438.88384
-4.367172,5,439.031999
-3.325887,4,439.145749
-2.140653,3,439.233905
-3.27903,4,439.374577
-3.282439,4,439.510478
-2.206188,3,439.605687
-3.357831,4,439.738389
-3.344846,4,439.878962
-2.192413,3,439.981642
-1.090666,2,440.072787
-1.101683,2,440.14986
-2.254437,3,440.255794
-2.190052,3,440.379273
-0.044331,1,440.412815
-3.369579,4,440.5476
-2.279406,3,440.663869
-9.639269,10,441.026972
-1.128565,2,441.096729
-1.125158,2,441.172904
-3.396588,4,441.330409
-2.246378,3,441.460814
-3.324862,4,441.589021
-1.154995,2,441.66925
-0.028479,1,441.709114
-2.227698,3,441.793988
-3.309437,4,441.911798
-2.207453,3,442.00989
-2.225622,3,442.102854
-2.253186,3,442.222733
-4.430517,5,442.381749
-1.072237,2,442.449852
-2.170499,3,442.570361
-0.023345,1,442.602743
-3.394088,4,442.725795
-3.26228,4,442.835892
-1.116782,2,442.907305
-1.086793,2,442.967232
-3.347698,4,443.113905
-2.269035,3,443.242762
-3.377595,4,443.370237
-0.020854,1,443.398511
-2.176593,3,443.486846
-4.424007,5,443.679055
-3.355756,4,443.83823
-3.323501,4,444.007049
-2.24628,3,444.120211
-0.048637,1,444.159895
-0.030772,1,444.201651
-2.23323,3,444.280871
-2.210162,3,444.375198
-1.123629,2,444.429348
-0.038609,1,444.456883
-3.236808,4,444.574476
-1.120493,2,444.636667
-3.315998,4,444.747544
-0.036429,1,444.778745
-2.223173,3,444.866272
-4.419957,5,444.988472
-2.165834,3,445.060961
-0.020328,1,445.092672
-1.101266,2,445.151538
-0.028672,1,445.186634
-1.115656,2,445.249735
-3.309166,4,445.351646
-1.069962,2,445.414765
-2.240166,3,445.516631
-3.349832,4,445.631663
-2.177063,3,445.716731
-2.226567,3,445.801318
-2.210019,3,445.882227
-2.210921,3,445.963974
-2.250876,3,446.066352
-2.197144,3,446.150836
-3.332459,4,446.283915
-3.361073,4,446.423783
-2.23563,3,446.524633
-1.138683,2,446.582054
-3.318579,4,446.700595
-1.105573,2,446.759633
-2.197992,3,446.876978
-0.054604,1,446.915231
-2.163101,3,447.032805
-0.03391,1,447.076973
-6.448001,7,447.349303
-2.136862,3,447.456766
-1.124227,2,447.519672
-1.117761,2,447.591
-2.208858,3,447.695037
-0.018312,1,447.73822
-1.085414,2,447.810262
-4.436895,5,448.028207
-0.03348,1,448.07029
-2.199003,3,448.182928
-2.29101,3,448.318388
-1.118157,2,448.422059
-3.291383,4,448.603806
-1.075571,2,448.713817
-3.338981,4,448.853779
-2.260855,3,448.935389
-3.399712,4,449.066578
-2.204798,3,449.189029
-1.122133,2,449.281302
-4.451021,5,449.49103
-2.235658,3,449.62672
-3.364511,4,449.805873
-3.272108,4,449.996701
-0.053719,1,450.04478
-3.348766,4,450.228392
-0.041315,1,450.271643
-3.284992,4,450.442772
-2.241833,3,450.586239
-3.322355,4,450.769309
-3.317619,4,450.9337
-2.146214,3,451.067191
-1.108578,2,451.145876
-2.18715,3,451.269149
-0.030504,1,451.320742
-3.340344,4,451.486475
-3.304455,4,451.645801
-3.306504,4,451.805843
-2.23837,3,451.938256
-0.053785,1,451.989245
-3.352619,4,452.176934
-1.133856,2,452.294801
-1.101674,2,452.373937
-2.227446,3,452.514138
-3.306699,4,452.703961
-3.347262,4,452.873801
-2.268331,3,452.992845
-3.306903,4,453.159165
-1.099644,2,453.267263
-0.030641,1,453.329256
-1.115293,2,453.409652
-2.201514,3,453.530609
-4.44398,5,453.750779
-1.074736,2,453.834696
-2.253389,3,453.969249
-3.439836,4,454.142709
-2.196773,3,454.278264
-1.109262,2,454.363613
-2.211612,3,454.476343
-1.110195,2,454.551753
-2.202782,3,454.6701
-2.25164,3,454.800924
-2.17705,3,454.923792
-4.415848,5,455.154972
-1.143641,2,455.239207
-2.194377,3,455.346918
-2.207572,3,455.471954
-2.231325,3,455.606823
-2.200477,3,455.719719
-2.259373,3,455.8369
-4.468058,5,455.988571
-3.293464,4,456.095602
-2.141103,3,456.202644
-3.308799,4,456.350987
-4.423122,5,456.506835
-4.45346,5,456.669375
-2.230033,3,456.771933
-5.603429,6,456.990593
-2.179564,3,457.075043
-4.335289,5,457.197166
-2.236974,3,457.261918
-6.640625,7,457.556844
-3.425062,4,457.659653
-2.263229,3,457.749058
-2.23177,3,457.83989
-2.208279,3,457.924334
-0.022047,1,457.95269
-0.025959,1,457.973716
-3.261785,4,458.100138
-1.078542,2,458.162807
-2.231962,3,458.235988
-3.284148,4,458.344839
-2.2492,3,458.428151
-1.116961,2,458.489869
-3.336006,4,458.609742
-2.229081,3,458.69356
-0.047822,1,458.721648
-2.240865,3,458.815803
-2.25267,3,458.897624
-3.311632,4,459.008441
-2.242532,3,459.089718
-2.291463,3,459.172353
-2.241875,3,459.260135
-3.318401,4,459.366105
-2.220494,3,459.44381
-3.370627,4,459.555792
-3.271967,4,459.656868
-2.196699,3,459.736081
-3.290436,4,459.839792
-1.097244,2,459.895879
-2.223731,3,459.969772
-3.299683,4,460.072422
-1.120397,2,460.126712
-1.131787,2,460.193808
-2.194442,3,460.263914
-3.349826,4,460.373688
-0.025086,1,460.401732
-2.215543,3,460.482863
-3.276134,4,460.589741
-2.19793,3,460.67939
-3.319913,4,460.793827
-2.154908,3,460.886753
-1.137366,2,460.94835
-2.262868,3,461.029743
-1.067441,2,461.091856
-2.247441,3,461.175831
-2.167514,3,461.269862
-5.5006,6,461.440717
-0.052556,1,461.463749
-2.179176,3,461.550646
-3.326448,4,461.660394
-1.121336,2,461.715272
-2.243213,3,461.803788
-3.313568,4,461.925784
-3.284361,4,462.033815
-1.105307,2,462.083904
-2.211597,3,462.175832
-3.287152,4,462.316761
-2.212226,3,462.404913
-1.072272,2,462.474805
-1.099769,2,462.558479
-2.236673,3,462.669912
-1.09964,2,462.740771
-2.209362,3,462.850179
-2.196299,3,462.968438
-3.314712,4,463.116223
-3.448016,4,463.270902
-2.141966,3,463.391909
-3.281006,4,463.50886
-3.29134,4,463.652964
-3.33425,4,463.788351
-1.088975,2,463.847116
-3.379328,4,463.975176
-2.18688,3,464.066634
-0.031981,1,464.085729
-2.296871,3,464.187131
-0.024344,1,464.228241
-1.120939,2,464.292843
-3.337221,4,464.39981
-3.29111,4,464.489201
-2.244829,3,464.581196
-2.197844,3,464.672021
-2.270496,3,464.756752
-2.273635,3,464.83691
-3.384607,4,464.965674
-2.194788,3,465.100908
-2.208387,3,465.170795
-2.283766,3,465.263424
-3.274425,4,465.380987
-2.234925,3,465.478331
-2.254222,3,465.576171
-2.211678,3,465.669667
-3.337566,4,465.801095
-2.253032,3,465.906745
-0.038496,1,465.933793
-3.374496,4,466.356771
-3.245091,4,466.460683
-2.220827,3,466.543782
-1.142592,2,466.592077
-3.329726,4,466.710193
-2.244808,3,466.792083
-2.225448,3,466.882255
-0.022308,1,466.912596
-2.237609,3,467.000985
-1.089426,2,467.048753
-1.098042,2,467.107038
-2.190293,3,467.196996
-3.357616,4,467.297037
-3.323921,4,467.410997
-1.081381,2,467.471796
-0.033011,1,467.496948
-2.219537,3,467.581313
-2.29092,3,467.671712
-2.220023,3,467.74989
-5.579761,6,467.906759
-2.212255,3,467.982391
-2.199326,3,468.079394
-1.096319,2,468.138197
-2.217986,3,468.216802
-2.200862,3,468.301043
-3.319248,4,468.405593
-3.330264,4,468.526658
-3.429603,4,468.633875
-0.045839,1,468.665563
-1.128307,2,468.726816
-2.289573,3,468.81374
-3.300132,4,468.931626
-3.441136,4,469.042714
-3.376973,4,469.156702
-2.26623,3,469.235887
-0.037095,1,469.264956
-3.266243,4,469.365916
-3.377226,4,469.471711
-1.059301,2,469.53989
-3.284207,4,469.636785
-3.308709,4,469.766738
-2.225949,3,469.856699
-3.323489,4,469.988513
-2.258911,3,470.070864
-1.083933,2,470.13381
-1.084456,2,470.196627
-2.247596,3,470.305676
-1.131588,2,470.359777
-2.176381,3,470.436837
-2.205024,3,470.534636
-3.325736,4,470.656712
-2.223944,3,470.754574
-2.176593,3,470.849817
-2.211082,3,470.934688
-3.316787,4,471.056823
-1.122219,2,471.109004
-1.095306,2,471.168951
-2.182075,3,471.25579
-3.305465,4,471.369782
-0.03988,1,471.406955
-2.21322,3,471.496023
-3.365939,4,471.613115
-3.345537,4,471.73918
-2.18005,3,471.832902
-0.035591,1,471.869066
-2.155669,3,471.95826
-2.150401,3,472.064791
-2.189315,3,472.149982
-3.278698,4,472.283966
-2.164068,3,472.372109
-4.429661,5,472.529304
-2.221087,3,472.62679
-1.114008,2,472.692943
-1.103474,2,472.758298
-0.053847,1,472.791957
-4.476988,5,472.956068
-2.246898,3,473.05273
-2.24612,3,473.143869
-3.246061,4,473.27076
-3.285871,4,473.400016
-1.115004,2,473.463683
-2.228584,3,473.549667
-1.060764,2,473.61585
-0.03145,1,473.644904
-1.07697,2,473.699189
-2.21594,3,473.783824
-3.424816,4,473.908364
-1.074719,2,473.969633
-0.01532,1,474.002694
-3.348722,4,474.130903
-3.318368,4,474.245907
-0.040647,1,474.27761
-3.320589,4,474.388333
-0.018144,1,474.420602
-3.367502,4,474.549333
-1.122738,2,474.606946
-2.176965,3,474.726901
-1.128637,2,474.800288
-3.363248,4,474.949811
-4.433348,5,475.105786
-1.103126,2,475.166874
-1.118461,2,475.233175
-2.206569,3,475.334791
-2.221632,3,475.415066
-2.169917,3,475.519191
-1.138511,2,475.59214
-3.324628,4,475.773834
-0.026899,1,475.813264
-3.324388,4,475.966793
-2.245336,3,476.092985
-2.285143,3,476.234775
-2.266113,3,476.342499
-2.190249,3,476.432156
-2.26887,3,476.52027
-1.134435,2,476.584265
-2.18733,3,476.709625
-0.03487,1,476.754688
-2.212956,3,476.890802
-3.350961,4,477.084783
-1.128256,2,477.189293
-2.221686,3,477.350689
-1.094795,2,477.451641
-1.106646,2,477.550487
-3.365424,4,477.724839
-3.282711,4,477.86672
-2.186577,3,477.997058
-2.20516,3,478.101996
-1.133566,2,478.156741
-3.36145,4,478.263985
-3.381807,4,478.381718
-2.195176,3,478.483873
-2.179365,3,478.586789
-1.11739,2,478.681899
-3.26463,4,478.870255
-3.327014,4,479.070626
-1.132467,2,479.149749
-2.186413,3,479.256943
-2.258509,3,479.370732
-3.37344,4,479.54302
-2.196175,3,479.676335
-3.247166,4,479.846256
-0.048741,1,479.870914
-2.197262,3,479.983671
-2.141904,3,480.086838
-2.207873,3,480.214111
-2.223058,3,480.356652
-3.32908,4,480.540645
-3.326679,4,480.708399
-0.054961,1,480.750612
-1.119682,2,480.826787
-2.228991,3,480.975769
-3.37552,4,481.13178
-0.032471,1,481.167321
-3.327701,4,481.326737
-3.342343,4,481.481066
-3.318981,4,481.639852
-3.435472,4,481.833737
-3.349621,4,481.991841
-3.324611,4,482.164902
-0.036806,1,482.20568
-3.3357,4,482.386224
-3.313295,4,482.561769
-3.319471,4,482.768271
-1.068167,2,482.850801
-0.050019,1,482.891103
-2.17084,3,483.004056
-1.132114,2,483.095296
-1.11916,2,483.201251
-1.134212,2,483.293789
-2.240119,3,483.418404
-3.313527,4,483.603902
-1.087207,2,483.638161
-0.032713,1,483.691261
-3.35774,4,483.880064
-2.184848,3,484.026855
-2.243396,3,484.164777
-3.311892,4,484.328401
-1.119551,2,484.41209
-2.205355,3,484.550703
-2.265161,3,484.662752
-1.071002,2,484.76363
-1.074356,2,484.848289
-3.310585,4,484.974748
-2.26289,3,485.085281
-3.280456,4,485.248364
-0.058894,1,485.296945
-2.19265,3,485.426802
-3.293311,4,485.594203
-0.031178,1,485.633878
-3.34768,4,485.804865
-2.175661,3,485.92251
-2.190795,3,486.025799
-1.135688,2,486.109097
-2.220967,3,486.191898
-1.141906,2,486.22699
-2.161374,3,486.265727
-3.330856,4,486.316897
-3.302421,4,486.374271
-1.078747,2,486.404006
-1.130979,2,486.42807
-1.071756,2,486.450715
-2.169897,3,486.485259
-2.213583,3,486.530935
-4.411883,5,486.598778
-2.225281,3,486.640989
-1.080417,2,486.66667
-3.33998,4,486.724249
-2.233564,3,486.768411
-4.501808,5,486.834648
-3.361639,4,486.876704
-1.133362,2,486.903768
-4.416992,5,486.965833
-3.284077,4,487.006921
-0.042473,1,487.016938
-2.219561,3,487.061591
-0.045457,1,487.073603
-1.121753,2,487.094129
-2.268683,3,487.124153
-2.240161,3,487.162732
-2.19339,3,487.196273
-2.294308,3,487.229904
-3.409148,4,487.276057
-2.23281,3,487.316734
-0.04351,1,487.330755
-3.319537,4,487.376799
-1.110156,2,487.402017
-4.446319,5,487.469183
-3.287122,4,487.518385
-2.254569,3,487.557034
-2.198857,3,487.594151
-3.273957,4,487.646769
-2.190042,3,487.682818
-0.047881,1,487.695335
-2.19998,3,487.732513
-2.171747,3,487.775664
-1.117165,2,487.80221
-3.314238,4,487.85396
-2.252828,3,487.886553
-2.248295,3,487.928119
-1.109638,2,487.951653
-1.115189,2,487.977179
-2.230839,3,488.009225
-1.095175,2,488.036255
-2.260276,3,488.077106
-2.15322,3,488.111656
-2.205924,3,488.143686
-1.081701,2,488.174728
-1.153081,2,488.195253
-2.18946,3,488.234296
-2.250124,3,488.269899
-3.357232,4,488.324124
-4.488791,5,488.382716
-3.308442,4,488.433785
-0.034485,1,488.446799
-3.337125,4,488.502377
-1.120768,2,488.530107
-2.231993,3,488.566772
-2.190406,3,488.601999
-2.171438,3,488.642081
-2.253677,3,488.678162
-3.399363,4,488.732032
-2.178107,3,488.779178
-2.259348,3,488.823742
-2.173717,3,488.860794
-2.1674,3,488.897331
-2.265609,3,488.933011
-2.226034,3,488.976662
-1.11671,2,488.999201
-3.350541,4,489.042747
-2.251438,3,489.076782
-2.146468,3,489.113649
-0.052576,1,489.126662
-2.273794,3,489.159204
-0.054629,1,489.169718
-1.077229,2,489.199256
-3.307395,4,489.239904
-3.305646,4,489.290752
-1.088258,2,489.314779
-2.277594,3,489.35684
-2.159265,3,489.394922
-1.096236,2,489.418115
-2.216163,3,489.451655
-3.3858,4,489.508219
-3.318347,4,489.551805
-3.350396,4,489.603378
-1.128394,2,489.629066
-0.05518,1,489.646707
-3.305225,4,489.699863
-2.263062,3,489.734898
-2.253721,3,489.774978
-2.250754,3,489.819623
-2.257338,3,489.856659
-3.378995,4,489.902224
-1.095314,2,489.928745
-0.036584,1,489.944838
-1.103377,2,489.96686
-1.102549,2,489.991909
-1.137505,2,490.015509
-2.196229,3,490.057097
-3.366151,4,490.096163
-3.342608,4,490.14072
-2.195572,3,490.172758
-2.173778,3,490.212016
-2.157242,3,490.250074
-0.015438,1,490.265113
-2.259746,3,490.295746
-2.155916,3,490.335796
-3.29972,4,490.382853
-2.241355,3,490.418405
-1.132955,2,490.442478
-2.200543,3,490.486105
-2.264614,3,490.519166
-2.156215,3,490.552711
-3.30137,4,490.606878
-2.173669,3,490.645932
-2.242201,3,490.68107
-2.224302,3,490.716822
-0.033801,1,490.729337
-0.022752,1,490.745855
-3.301504,4,490.800545
-2.276998,3,490.835087
-3.38167,4,490.881814
-3.393778,4,490.936141
-1.106692,2,490.95816
-1.110613,2,490.980698
-2.240704,3,491.016839
-1.119425,2,491.046878
-2.225558,3,491.085515
-1.1057,2,491.109635
-3.343278,4,491.152691
-1.100371,2,491.176716
-2.221608,3,491.209258
-2.252564,3,491.243874
-2.205819,3,491.276905
-1.12368,2,491.300013
-0.031869,1,491.312045
-2.267552,3,491.345096
-0.006041,1,491.357101
-2.210339,3,491.396156
-2.269761,3,491.426746
-3.27021,4,491.474807
-3.33729,4,491.523094
-2.23352,3,491.565727
-2.234293,3,491.602279
-3.415505,4,491.648313
-3.248963,4,491.701662
-1.077051,2,491.730696
-2.175633,3,491.76673
-3.392679,4,491.816894
-2.263078,3,491.850512
-2.251043,3,491.89375
-2.261378,3,491.931795
-3.389594,4,491.978341
-1.070473,2,492.000372
-2.241115,3,492.045724
-2.22771,3,492.082771
-3.330175,4,492.130619
-1.144803,2,492.152647
-3.322514,4,492.19995
-2.169058,3,492.234624
-3.355308,4,492.279182
-2.221749,3,492.315039
-3.340774,4,492.36263
-3.314141,4,492.408232
-2.179701,3,492.440772
-3.305032,4,492.483814
-0.020382,1,492.497478
-2.303522,3,492.530625
-2.253872,3,492.56066
-2.172468,3,492.598362
-1.105544,2,492.630696
-2.203971,3,492.66663
-0.036394,1,492.680656
-2.231539,3,492.716746
-2.201053,3,492.761461
-3.377401,4,492.813647
-2.209028,3,492.849188
-0.024057,1,492.860702
-3.32919,4,492.919401
-3.258055,4,492.970648
-2.182502,3,493.008179
-1.10265,2,493.031768
-0.056708,1,493.04979
-3.312035,4,493.100872
-1.122283,2,493.128407
-3.327901,4,493.173625
-2.191873,3,493.218341
-1.066803,2,493.243884
-2.190968,3,493.280025
-0.041488,1,493.29104
-2.248631,3,493.334633
-1.12825,2,493.363666
-1.151396,2,493.383688
-3.322655,4,493.433238
-1.079726,2,493.460943
-3.303158,4,493.503035
-2.262059,3,493.53482
-3.39404,4,493.58188
-3.337252,4,493.698203
-2.28387,3,493.823015
-1.090832,2,493.9066
-0.047657,1,493.950666
-2.188232,3,494.07685
-1.059013,2,494.163587
-3.389534,4,494.323875
-3.372648,4,494.479256
-0.022145,1,494.525538
-1.132567,2,494.602155
-3.305602,4,494.758229
-3.367378,4,494.920689
-3.276068,4,495.082931
-1.102031,2,495.163707
-2.192939,3,495.290888
-2.277922,3,495.412697
-0.013318,1,495.436722
-3.38084,4,495.481793
-2.233353,3,495.515825
-3.401458,4,495.572904
-2.197678,3,495.705005
-4.383326,5,495.8748
-3.279089,4,496.032698
-2.245957,3,496.142389
-4.504404,5,496.349859
-3.269979,4,496.456633
-0.035197,1,496.482684
-2.136073,3,496.576684
-2.238187,3,496.692669
-4.455694,5,496.840905
-3.355341,4,496.932834
-3.352818,4,497.062854
-1.065387,2,497.126744
-2.175714,3,497.299975
-3.341788,4,497.429739
-1.135016,2,497.484841
-2.257466,3,497.583807
-2.210951,3,497.714763
-0.039782,1,497.746806
-1.120479,2,497.82087
-2.205154,3,497.971852
-3.284602,4,498.163779
-3.315325,4,498.344772
-2.263434,3,498.480414
-1.084525,2,498.549782
-0.017618,1,498.58084
-3.371503,4,498.750697
-3.343831,4,498.913572
-1.071257,2,499.013896
-3.38897,4,499.211888
-2.203051,3,499.308372
-2.207357,3,499.43077
-2.230388,3,499.566736
-1.142121,2,499.64286
-1.089752,2,499.718546
-4.531719,5,499.942706
-2.30144,3,500.06968
-2.139819,3,500.202043
-2.191886,3,500.330778
-1.104249,2,500.414969
-2.188654,3,500.552688
-4.443423,5,500.754024
-2.211075,3,500.885884
-1.097982,2,500.977033
-3.336698,4,501.165595
-3.305319,4,501.320595
-3.32217,4,501.481622
-3.311146,4,501.646659
-2.252613,3,501.778096
-2.221331,3,501.905178
-3.26219,4,502.089334
-3.334853,4,502.253917
-1.133791,2,502.340485
-3.303192,4,502.508762
-2.163838,3,502.632893
-2.148522,3,502.745813
-1.076131,2,502.840851
-3.247811,4,503.018375
-3.307084,4,503.190409
-2.234963,3,503.325729
-2.234208,3,503.452825
-0.038247,1,503.494399
-0.036082,1,503.535063
-0.022278,1,503.574685
-2.2074,3,503.705277
-2.272688,3,503.825973
-3.397746,4,503.98371
-3.339411,4,504.161686
-3.395465,4,504.339845
-3.342392,4,504.523853
-1.126796,2,504.612001
-2.183084,3,504.73385
-3.336985,4,504.908977
-2.217256,3,505.030601
-0.052601,1,505.07566
-1.11275,2,505.156614
-1.081192,2,505.245708
-2.189457,3,505.390639
-2.193851,3,505.511575
-1.07949,2,505.586686
-1.155723,2,505.676833
-1.099273,2,505.756766
-3.293812,4,505.9339
-2.217912,3,506.063772
-3.33523,4,506.252703
-2.257449,3,506.383944
-3.375276,4,506.572581
-1.122713,2,506.656786
-2.229049,3,506.790802
-0.053611,1,506.829082
-3.320165,4,507.002389
-3.312621,4,507.104696
-0.035118,1,507.140375
-2.203656,3,507.293863
-4.489642,5,507.49628
-1.110258,2,507.519105
-2.208469,3,507.560672
-0.043707,1,507.572684
-2.227607,3,507.613956
-1.120115,2,507.634654
-3.303685,4,507.683712
-2.168621,3,507.714244
-2.271884,3,507.740833
-1.095868,2,507.76086
-3.386227,4,507.817081
-3.256043,4,507.858199
-1.112503,2,507.880735
-2.210577,3,507.910846
-0.043107,1,507.923861
-3.445928,4,507.963902
-2.232577,3,507.990712
-0.054374,1,508.003231
-2.195097,3,508.040817
-2.166551,3,508.07385
-3.281264,4,508.12512
-1.088814,2,508.159855
-1.098996,2,508.199916
-0.039113,1,508.214606
-3.310299,4,508.268378
-2.198437,3,508.308475
-0.032568,1,508.327061
-2.234307,3,508.370656
-3.313381,4,508.424841
-3.401319,4,508.475906
-3.311705,4,508.530653
-3.414708,4,508.582722
-2.176223,3,508.623949
-4.549079,5,508.693913
-3.310385,4,508.752849
-2.250365,3,508.79992
-2.25462,3,508.836076
-2.171745,3,508.866651
-2.19913,3,508.909216
-1.109095,2,508.930888
-3.328943,4,508.972996
-2.19079,3,508.999141
-1.091467,2,509.02682
-0.036753,1,509.03583
-2.190818,3,509.064857
-1.114424,2,509.083878
-3.314859,4,509.138715
-1.112327,2,509.163875
-2.163886,3,509.19191
-1.098027,2,509.222996
-2.231474,3,509.270088
-2.225481,3,509.305649
-1.095871,2,509.32817
-1.113638,2,509.354713
-2.21757,3,509.39726
-3.323123,4,509.449323
-2.256165,3,509.485863
-3.348935,4,509.528935
-0.008807,1,509.542969
-2.247613,3,509.580587
-1.097986,2,509.603109
-2.194053,3,509.635134
-1.156802,2,509.66974
-2.244575,3,509.703927
-2.175676,3,509.735
-1.078332,2,509.759133
-2.206234,3,509.808206
-2.189456,3,509.843771
-2.2437,3,509.875806
-2.175297,3,509.909351
-0.027538,1,509.934377
-2.246922,3,509.968568
-3.314872,4,510.008126
-2.16912,3,510.039163
-1.116351,2,510.065698
-2.181731,3,510.106743
-2.228257,3,510.138283
-1.104665,2,510.158308
-3.327021,4,510.209877
-2.182495,3,510.245913
-1.113331,2,510.274021
-0.02292,1,510.298089
-0.047173,1,510.346693
-2.203304,3,510.411824
-2.255447,3,510.476708
-1.102999,2,510.510766
-1.121963,2,510.548307
-3.281983,4,510.605887
-2.186461,3,510.642786
-2.20222,3,510.689343
-2.18089,3,510.73841
-2.204678,3,510.790067
-2.215463,3,510.825691
-1.105985,2,510.848217
-3.302274,4,510.899788
-3.284379,4,510.952143
-1.133512,2,510.97216
-2.245617,3,511.009976
-2.206606,3,511.048628
-2.275122,3,511.078224
-2.175763,3,511.111767
-3.306744,4,511.155814
-3.392024,4,511.20187
-2.233471,3,511.230904
-3.344025,4,511.277175
-1.117484,2,511.302818
-0.058194,1,511.320844
-2.246616,3,511.356883
-3.435554,4,511.403099
-3.312031,4,511.451729
-2.184023,3,511.492781
-2.133982,3,511.525817
-1.085775,2,511.54834
-0.048765,1,511.561864
-2.185183,3,511.603911
-2.280752,3,511.637046
-2.188061,3,511.672869
-1.116687,2,511.695895
-2.219781,3,511.734632
-0.018884,1,511.746642
-3.2983,4,511.804058
-4.402486,5,511.860831
-3.376,4,511.913903
-3.281658,4,511.959067
-1.091103,2,511.982674
-3.312217,4,512.028217
-0.027653,1,512.044736
-1.095616,2,512.06903
-0.036129,1,512.081082
-1.099485,2,512.102875
-1.126527,2,512.130487
-0.021681,1,512.143929
-3.370466,4,512.185636
-0.013024,1,512.194644
-3.296026,4,512.248356
-3.378215,4,512.288922
-3.423367,4,512.336054
-2.24953,3,512.369153
-3.329912,4,512.419753
-3.377381,4,512.470443
-3.250699,4,512.51587
-2.183035,3,512.552968
-1.136824,2,512.582163
-0.034238,1,512.596176
-3.37514,4,512.643835
-3.37466,4,512.689044
-2.174279,3,512.730829
-0.034132,1,512.742841
-1.110457,2,512.769876
-1.090122,2,512.796906
-1.100534,2,512.823721
-4.495061,5,512.885802
-2.21235,3,512.915837
-3.376784,4,512.964896
-1.104984,2,512.991604
-3.273312,4,513.036646
-2.188075,3,513.071695
-2.287171,3,513.105736
-3.310533,4,513.147173
-1.096247,2,513.170197
-3.344603,4,513.211762
-3.421577,4,513.249807
-1.108855,2,513.279849
-1.077261,2,513.304876
-1.088442,2,513.324898
-3.363395,4,513.362982
-2.239569,3,513.407215
-2.291276,3,513.442796
-2.26848,3,513.474832
-2.168125,3,513.510906
-2.221843,3,513.549046
-2.230697,3,513.581236
-1.127873,2,513.604765
-1.095576,2,513.636809
-1.092684,2,513.668352
-2.196747,3,513.702396
-3.302187,4,513.752875
-3.341212,4,513.802476
-2.221902,3,513.845615
-1.120615,2,513.869651
-2.197265,3,513.902691
-0.028771,1,513.912702
-3.284889,4,513.96576
-3.359471,4,514.011842
-2.280041,3,514.044879
-3.334036,4,514.102616
-1.142117,2,514.136663
-1.098,2,514.163717
-3.350127,4,514.206734
-3.351438,4,514.24478
-2.283813,3,514.282829
-1.118683,2,514.308358
-2.20399,3,514.339991
-3.348545,4,514.380661
-3.311683,4,514.430006
-0.031861,1,514.440051
-3.291626,4,514.478201
-2.223249,3,514.514999
-1.103668,2,514.542107
-2.209167,3,514.580148
-1.103222,2,514.606673
-1.068494,2,514.630152
-3.311902,4,514.679258
-0.027725,1,514.694778
-2.266096,3,514.729903
-2.161866,3,514.764639
-2.180388,3,514.809821
-1.083064,2,514.835847
-2.157939,3,514.873896
-1.125505,2,514.90204
-2.244173,3,514.953709
-3.33815,4,514.999259
-1.144877,2,515.020252
-3.275807,4,515.068393
-2.196617,3,515.107516
-2.212751,3,515.152638
-1.058358,2,515.174658
-1.146281,2,515.196679
-3.322609,4,515.249002
-0.014571,1,515.262037
-3.393521,4,515.305108
-3.297342,4,515.354697
-3.35342,4,515.41529
-3.315825,4,515.456911
-1.140636,2,515.480646
-0.052093,1,515.492657
-2.207193,3,515.529208
-2.200519,3,515.563842
-2.213151,3,515.598378
-0.04125,1,515.613976
-2.158239,3,515.662675
-2.259515,3,515.703251
-2.215067,3,515.75703
-1.11037,2,515.788509
-2.222469,3,515.856736
-2.198107,3,515.901805
-1.099489,2,515.928956
-1.126269,2,515.970954
-1.089053,2,516.000056
-3.298257,4,516.051039
-1.127291,2,516.071727
-2.239011,3,516.108276
-3.328345,4,516.162897
-2.243869,3,516.192064
-2.147864,3,516.223636
-1.110284,2,516.249669
-2.150838,3,516.290812
-2.196063,3,516.325906
-1.101595,2,516.351991
-2.25491,3,516.386102
-2.252927,3,516.42318
-3.335748,4,516.46682
-2.245361,3,516.504375
-1.07817,2,516.524412
-2.276389,3,516.557018
-3.436987,4,516.607144
-1.081177,2,516.626163
-2.261445,3,516.662214
-2.22068,3,516.701843
-2.250659,3,516.734957
-2.242411,3,516.769658
-2.200417,3,516.808212
-3.325588,4,516.854906
-2.223817,3,516.886963
-3.319661,4,516.933627
-2.182831,3,516.965655
-2.163517,3,517.003698
-2.207003,3,517.042874
-2.250379,3,517.081934
-2.192413,3,517.112179
-4.499363,5,517.185863
-2.180832,3,517.228579
-3.313637,4,517.280397
-3.292474,4,517.346628
-0.021906,1,517.364659
-3.339815,4,517.407211
-3.348041,4,517.452824
-3.352729,4,517.49687
-1.080451,2,517.521404
-1.073731,2,517.544096
-0.017902,1,517.555102
-2.231887,3,517.587132
-1.084073,2,517.614162
-3.338635,4,517.658227
-1.103611,2,517.681758
-2.244127,3,517.711299
-0.024028,1,517.723894
-1.103001,2,517.749957
-2.191433,3,517.790644
-1.093738,2,517.815167
-2.176516,3,517.856827
-3.283222,4,517.906401
-3.40542,4,517.952722
-3.372281,4,517.99979
-3.438701,4,518.052865
-2.260744,3,518.085907
-2.185419,3,518.120605
-1.11325,2,518.141626
-3.418202,4,518.190688
-1.104582,2,518.218721
-1.070131,2,518.246897
-1.104955,2,518.270982
-3.360528,4,518.323601
-1.131157,2,518.348127
-3.355378,4,518.39469
-2.222422,3,518.430807
-1.070209,2,518.455833
-0.030157,1,518.466847
-2.239739,3,518.500897
-3.409145,4,518.547174
-2.15961,3,518.583207
-1.144899,2,518.601797
-3.254679,4,518.64096
-2.209919,3,518.674056
-0.045687,1,518.686592
-2.197514,3,518.717131
-3.343215,4,518.763781
-3.316048,4,518.820108
-2.20615,3,518.86173
-2.1979,3,518.903884
-2.225423,3,518.940137
-2.23972,3,518.980724
-3.339651,4,519.025879
-2.232337,3,519.059944
-1.126537,2,519.08213
-1.113029,2,519.105146
-2.204547,3,519.141702
-3.267159,4,519.19076
-3.34967,4,519.246899
-1.097439,2,519.268424
-1.092664,2,519.297085
-3.374552,4,519.342023
-3.374492,4,519.386825
-3.29974,4,519.439991
-0.059659,1,519.453614
-3.297437,4,519.503672
-1.097106,2,519.52823
-0.034301,1,519.539244
-1.09894,2,519.57079
-2.278658,3,519.609344
-2.191652,3,519.66003
-3.398031,4,519.712169
-3.390188,4,519.764748
-1.140277,2,519.791781
-3.412858,4,519.834088
-1.087595,2,519.856112
-3.380433,4,519.900336
-1.131013,2,519.918199
-1.072023,2,519.940796
-2.186622,3,519.974829
-1.105792,2,520.003875
-2.208467,3,520.049099
-1.09839,2,520.076691
-2.217569,3,520.121905
-2.231008,3,520.159041
-2.15908,3,520.191598
-3.286377,4,520.232147
-2.178109,3,520.263178
-1.131695,2,520.286917
-1.102507,2,520.311113
-1.120545,2,520.330078
-2.181668,3,520.360689
-2.226879,3,520.394721
-2.258534,3,520.425256
-3.378683,4,520.467045
-2.20529,3,520.496619
-2.224346,3,520.530894
-0.048375,1,520.540903
-2.245865,3,520.570657
-2.28368,3,520.604694
-3.314148,4,520.649243
-0.048939,1,520.660258
-3.38764,4,520.70082
-3.279581,4,520.738487
-2.169058,3,520.77361
-1.087349,2,520.796635
-3.356154,4,520.831179
-3.405728,4,520.866728
-3.344844,4,520.91729
-3.304665,4,520.955621
-0.028842,1,520.964627
-3.332779,4,520.999158
-2.22344,3,521.035857
-3.257866,4,521.076898
-0.036732,1,521.086908
-1.104219,2,521.109091
-0.02618,1,521.123611
-0.036047,1,521.133622
-3.341299,4,521.17822
-2.268291,3,521.206251
-3.307536,4,521.256849
-3.350855,4,521.298397
-2.256665,3,521.330982
-2.211093,3,521.361132
-2.201964,3,521.396159
-3.34025,4,521.442786
-2.250124,3,521.473823
-0.039376,1,521.483836
-2.224122,3,521.519878
-1.130301,2,521.54091
-0.021148,1,521.551926
-1.132015,2,521.571618
-2.248502,3,521.608161
-2.218196,3,521.636871
-2.212674,3,521.671962
-2.210113,3,521.704045
-3.317043,4,521.752615
-3.356064,4,521.800179
-2.161884,3,521.83321
-1.093389,2,521.851227
-2.225454,3,521.882823
-1.095622,2,521.900842
-3.339215,4,521.935958
-3.343393,4,521.973847
-2.221794,3,522.005886
-2.249965,3,522.032914
-1.084449,2,522.053468
-1.129623,2,522.071525
-2.184739,3,522.110671
-3.327404,4,522.149324
-2.210445,3,522.181888
-2.206537,3,522.212926
-1.07857,2,522.2371
-3.293087,4,522.279261
-3.400798,4,522.319845
-2.165025,3,522.353893
-0.052247,1,522.36992
-2.200219,3,522.407004
-3.271161,4,522.445144
-0.037084,1,522.454152
-3.361694,4,522.506726
-1.101393,2,522.53277
-3.421873,4,522.581831
-1.058836,2,522.603856
-2.213227,3,522.641906
-3.374872,4,522.689216
-2.283506,3,522.723365
-1.1188,2,522.748502
-3.267659,4,522.805707
-2.237285,3,522.842766
-2.244733,3,522.873805
-3.34423,4,522.911847
-2.251274,3,522.946874
-2.262962,3,522.976906
-1.100653,2,522.993961
-0.044148,1,523.003997
-1.150917,2,523.028598
-3.307991,4,523.071813
-2.256831,3,523.098338
-2.279765,3,523.124866
-2.175412,3,523.162938
-3.292302,4,523.20122
-2.211324,3,523.234838
-1.099367,2,523.260871
-2.213283,3,523.299096
-0.012076,1,523.312653
-0.036032,1,523.323667
-3.270725,4,523.368224
-0.028204,1,523.385745
-1.122315,2,523.406775
-3.412874,4,523.452149
-1.126798,2,523.473166
-3.322129,4,523.519733
-2.201863,3,523.551768
-2.224479,3,523.583797
-1.087815,2,523.603813
-3.302951,4,523.650441
-2.210134,3,523.680889
-0.040784,1,523.6929
-2.233383,3,523.724988
-2.180953,3,523.763084
-3.37374,4,523.809339
-1.091943,2,523.829356
-2.202204,3,523.859886
-3.27668,4,523.905944
-2.223137,3,523.937031
-2.23652,3,523.96862
-3.369786,4,524.007148
-2.216349,3,524.043822
-3.285649,4,524.089877
-2.267707,3,524.121956
-3.352503,4,524.175703
-0.043234,1,524.19173
-3.344672,4,524.245808
-1.130669,2,524.276855
-3.271744,4,524.334688
-2.249045,3,524.409808
-3.309798,4,524.459873
-2.207171,3,524.500959
-0.045114,1,524.514572
-2.183294,3,524.556677
-3.308449,4,524.611886
-4.501704,5,524.675971
-3.273853,4,524.72668
-3.339876,4,524.784766
-3.266577,4,524.83835
-3.359888,4,524.884909
-1.135512,2,524.909096
-2.271486,3,524.950776
-1.096674,2,524.974821
-1.113917,2,524.998346
-3.292624,4,525.046909
-2.225131,3,525.086757
-3.323352,4,525.13082
-1.147781,2,525.151842
-1.121157,2,525.173872
-2.197552,3,525.212479
-2.202572,3,525.248127
-2.227952,3,525.289891
-3.311511,4,525.337099
-0.035527,1,525.355654
-0.034391,1,525.366665
-0.047679,1,525.37668
-2.256317,3,525.405711
-0.021082,1,525.420214
-3.35521,4,525.481858
-3.425486,4,525.524977
-4.486535,5,525.58671
-2.259867,3,525.626828
-2.261472,3,525.662875
-3.303648,4,525.71352
-0.036639,1,525.724569
-3.313883,4,525.78277
-0.013161,1,525.795785
-2.252729,3,525.830532
-1.125244,2,525.848944
-3.338831,4,525.927074
-1.114609,2,525.969859
-3.41098,4,526.040361
-2.232643,3,526.086753
-2.256809,3,526.142255
-1.145109,2,526.171873
-3.288687,4,526.231184
-2.227347,3,526.274803
-1.103445,2,526.304846
-2.213166,3,526.346917
-2.207954,3,526.376994
-3.344449,4,526.418788
-2.279309,3,526.452831
-3.352556,4,526.494879
-3.376184,4,526.542984
-3.309784,4,526.58463
-3.285539,4,526.632879
-3.358389,4,526.686032
-1.114319,2,526.709253
-3.356416,4,526.752822
-1.107492,2,526.786865
-0.02861,1,526.802895
-1.116004,2,526.830592
-1.11534,2,526.852125
-1.137523,2,526.883157
-2.153515,3,526.919287
-2.17732,3,526.954907
-1.08647,2,526.975994
-3.307986,4,527.025326
-3.366937,4,527.071585
-2.279126,3,527.109128
-0.030967,1,527.121153
-0.042629,1,527.143178
-1.128367,2,527.164073
-1.093103,2,527.191699
-3.334229,4,527.239803
-0.033771,1,527.256824
-1.090689,2,527.282879
-2.227945,3,527.320453
-2.174224,3,527.360604
-2.240445,3,527.408167
-1.108163,2,527.439855
-2.167427,3,527.480974
-1.100205,2,527.504723
-1.106992,2,527.539276
-1.093134,2,527.560451
-2.157022,3,527.591212
-3.403043,4,527.632404
-3.381747,4,527.675024
-2.233588,3,527.704641
-2.212806,3,527.738679
-0.052341,1,527.751712
-1.122721,2,527.784754
-1.120225,2,527.806777
-2.233717,3,527.842988
-2.264178,3,527.877032
-2.207467,3,527.919122
-2.226732,3,527.954017
-0.049015,1,527.969207
-2.192441,3,528.005866
-2.218252,3,528.044065
-1.134298,2,528.069096
-2.174242,3,528.104137
-2.229825,3,528.135668
-1.075044,2,528.16471
-1.157291,2,528.18573
-3.396128,4,528.231896
-1.092332,2,528.253943
-2.189442,3,528.292542
-2.189745,3,528.331649
-0.043203,1,528.342663
-1.146033,2,528.365685
-2.210543,3,528.416265
-2.25854,3,528.496696
-2.184777,3,528.550894
-0.026416,1,528.568935
-2.24322,3,528.624143
-2.188116,3,528.664186
-2.262335,3,528.704234
-1.137601,2,528.732926
-2.157842,3,528.78658
-0.020301,1,528.80561
-1.082954,2,528.833154
-3.287959,4,528.881755
-3.303265,4,528.93383
-2.234299,3,528.966866
-1.152788,2,528.990899
-2.204034,3,529.022158
-3.307028,4,529.082008
-1.085456,2,529.106668
-2.176948,3,529.140933
-2.243791,3,529.174021
-2.27982,3,529.215605
-1.113642,2,529.237133
-0.006589,1,529.248646
-3.275356,4,529.294717
-2.197083,3,529.332783
-0.030532,1,529.343791
-2.251678,3,529.376823
-2.203992,3,529.420913
-3.275394,4,529.545899
-3.352959,4,529.617142
-3.375016,4,529.66932
-1.101238,2,529.69586
-1.105588,2,529.732459
-3.362783,4,529.792589
-1.125734,2,529.816115
-3.357986,4,529.854824
-3.339507,4,529.899873
-1.143366,2,529.919398
-2.152543,3,529.954543
-2.256244,3,529.989586
-3.315017,4,530.040662
-2.236489,3,530.073689
-0.033987,1,530.085705
-0.018105,1,530.09822
-3.363703,4,530.149283
-2.178217,3,530.181815
-2.191357,3,530.214852
-2.205569,3,530.248386
-0.038615,1,530.265906
-2.21918,3,530.300005
-2.208803,3,530.336081
-2.260571,3,530.370074
-2.191389,3,530.409169
-3.300253,4,530.454753
-1.085934,2,530.478282
-3.334176,4,530.523956
-3.365332,4,530.57367
-1.139901,2,530.595694
-2.247507,3,530.628227
-0.03448,1,530.639241
-1.085564,2,530.669954
-3.25045,4,530.711069
-0.040515,1,530.721579
-3.331506,4,530.766623
-2.203308,3,530.806678
-3.311736,4,530.846215
-0.042052,1,530.856225
-1.127178,2,530.874238
-1.101293,2,530.8983
-0.025678,1,530.910821
-2.200762,3,530.939867
-3.289481,4,530.980917
-0.035717,1,530.99395
-2.239985,3,531.032616
-1.113927,2,531.054643
-0.031534,1,531.066653
-2.219925,3,531.103699
-3.326267,4,531.150762
-2.22947,3,531.182796
-2.261203,3,531.216833
-3.348644,4,531.2699
-0.044071,1,531.285923
-3.348674,4,531.333686
-3.293333,4,531.375736
-3.286163,4,531.428306
-2.249735,3,531.465861
-3.347481,4,531.506903
-1.090174,2,531.532021
-2.216825,3,531.570608
-1.0766,2,531.593632
-2.192299,3,531.631674
-2.260826,3,531.665713
-2.255042,3,531.703768
-3.444036,4,531.749319
-2.174156,3,531.786868
-2.257316,3,531.818406
-3.417386,4,531.865041
-2.184726,3,531.898336
-2.260623,3,531.92837
-2.158948,3,531.958402
-2.175609,3,531.996715
-2.199474,3,532.028254
-0.026764,1,532.04035
-3.290851,4,532.090847
-3.408015,4,532.141908
-2.175262,3,532.175023
-2.252885,3,532.210114
-0.034801,1,532.222247
-0.033965,1,532.239802
-3.370746,4,532.288368
-3.420437,4,532.335971
-1.121037,2,532.360042
-1.123975,2,532.389113
-1.134745,2,532.411139
-1.1016,2,532.435952
-1.096048,2,532.456984
-2.244599,3,532.498083
-3.396802,4,532.543673
-1.154547,2,532.568197
-0.050424,1,532.579211
-3.331106,4,532.62676
-1.104668,2,532.651795
-3.370202,4,532.694832
-2.201104,3,532.724861
-2.225472,3,532.761956
-2.236053,3,532.799078
-2.198715,3,532.831663
-2.27312,3,532.864696
-3.407644,4,532.906739
-1.09086,2,532.931767
-2.264246,3,532.959291
-1.125564,2,532.981816
-1.073496,2,533.003837
-0.01394,1,533.012843
-0.040912,1,533.021852
-0.036865,1,533.033862
-3.388037,4,533.081932
-1.127142,2,533.100503
-1.10232,2,533.11913
-3.29206,4,533.156667
-1.08747,2,533.182703
-1.135381,2,533.204723
-0.040847,1,533.215736
-3.327425,4,533.256825
-3.333039,4,533.315909
-2.231689,3,533.348996
-1.137309,2,533.369043
-2.219441,3,533.402599
-2.233102,3,533.444673
-2.233916,3,533.481721
-2.215996,3,533.515757
-0.04448,1,533.525775
-3.340734,4,533.576833
-3.39186,4,533.621896
-2.212508,3,533.65395
-3.361658,4,533.698565
-3.286021,4,533.748127
-2.238325,3,533.782669
-1.052827,2,533.806689
-3.404952,4,533.852248
-3.400837,4,533.899306
-2.212368,3,533.934357
-2.224138,3,533.96606
-3.295088,4,534.002093
-1.070706,2,534.026565
-2.244441,3,534.057094
-2.163242,3,534.08612
-2.180276,3,534.114147
-1.106733,2,534.139177
-3.374703,4,534.176711
-0.044941,1,534.186725
-1.104651,2,534.206744
-1.117568,2,534.231277
-3.405504,4,534.273828
-1.078314,2,534.298359
-0.027565,1,534.306866
-2.191976,3,534.344618
-3.339888,4,534.390675
-3.344794,4,534.43622
-3.341099,4,534.482029
-2.228472,3,534.520075
-0.049271,1,534.531593
-0.037711,1,534.541605
-0.044428,1,534.551616
-3.355147,4,534.60526
-1.128255,2,534.628824
-0.031401,1,534.638834
-3.347808,4,534.68089
-2.240808,3,534.716974
-2.150801,3,534.75404
-2.232835,3,534.791682
-3.406206,4,534.84425
-1.088092,2,534.871799
-2.178695,3,534.904836
-1.081379,2,534.935384
-2.170553,3,534.970022
-1.104675,2,534.998137
-2.260037,3,535.032185
-1.120667,2,535.055206
-3.28349,4,535.093242
-1.140114,2,535.117048
-2.208583,3,535.149087
-1.113581,2,535.170618
-2.17837,3,535.199146
-3.369973,4,535.251203
-2.256928,3,535.284234
-0.027906,1,535.293243
-2.222848,3,535.321815
-3.410925,4,535.365354
-2.238974,3,535.400416
-2.175091,3,535.433527
-0.019639,1,535.444037
-2.197287,3,535.48911
-3.309868,4,535.534179
-0.043958,1,535.545186
-1.147974,2,535.568207
-1.145649,2,535.595237
-2.211171,3,535.631352
-1.104277,2,535.650985
-0.047758,1,535.660068
-1.105996,2,535.686872
-3.307191,4,535.734623
-2.206135,3,535.77267
-1.131667,2,535.795694
-2.202477,3,535.833791
-1.101211,2,535.854813
-1.093195,2,535.874837
-1.104347,2,535.89836
-2.267268,3,535.933411
-3.406584,4,535.981578
-2.183172,3,536.018113
-2.20035,3,536.050724
-1.057079,2,536.076743
-3.385445,4,536.120799
-3.38477,4,536.165885
-0.058439,1,536.174894
-2.223482,3,536.209077
-1.142744,2,536.231603
-3.335394,4,536.272651
-2.283422,3,536.30268
-3.416133,4,536.342808
-1.092903,2,536.362826
-2.20848,3,536.390857
-2.224462,3,536.420885
-2.229517,3,536.455551
-3.29829,4,536.503644
-2.187277,3,536.535184
-2.16415,3,536.571812
-0.043086,1,536.589331
-2.181826,3,536.621871
-1.157812,2,536.642393
-3.323527,4,536.690334
-1.122677,2,536.717046
-3.400595,4,536.766106
-2.245117,3,536.806684
-2.231657,3,536.841237
-2.26363,3,536.8768
-1.102109,2,536.899327
-2.277432,3,536.933372
-2.198116,3,536.969975
-2.21608,3,537.010623
-1.120644,2,537.045676
-2.204757,3,537.085727
-2.17333,3,537.120766
-2.22474,3,537.158309
-2.217678,3,537.19085
-2.289887,3,537.22188
-1.084677,2,537.24391
-2.245009,3,537.278522
-2.207113,3,537.30707
-3.287441,4,537.348109
-1.131752,2,537.368127
-0.035704,1,537.382647
-1.110909,2,537.40167
-2.23681,3,537.433202
-3.269114,4,537.474912
-3.379912,4,537.520643
-1.108331,2,537.542831
-2.158112,3,537.578366
-2.251058,3,537.618974
-2.167498,3,537.665606
-3.334078,4,537.715666
-2.252839,3,537.752789
-2.235329,3,537.796366
-2.219729,3,537.833084
-3.445055,4,537.881669
-2.187955,3,537.9167
-1.099618,2,537.939814
-2.250705,3,537.980853
-3.379879,4,538.022895
-1.100942,2,538.048586
-3.307336,4,538.092127
-2.251364,3,538.131217
-1.124746,2,538.152231
-1.078117,2,538.174811
-2.261862,3,538.206852
-1.108955,2,538.234398
-3.296573,4,538.278999
-0.018996,1,538.289015
-1.116953,2,538.314654
-1.085136,2,538.342689
-1.119513,2,538.365716
-1.137744,2,538.385744
-3.419408,4,538.424783
-0.050887,1,538.439805
-3.279389,4,538.481849
-3.281464,4,538.522893
-3.379418,4,538.56499
-1.120732,2,538.589998
-3.397325,4,538.628603
-3.388351,4,538.668636
-2.225919,3,538.698156
-2.197294,3,538.735192
-2.231061,3,538.775229
-3.323301,4,538.820332
-2.292455,3,538.850868
-2.195643,3,538.889909
-2.248392,3,538.922983
-3.331625,4,538.96508
-2.204364,3,538.999146
-1.141364,2,539.026708
-2.21591,3,539.061191
-1.069689,2,539.083208
-1.123378,2,539.10679
-1.124537,2,539.135831
-2.184864,3,539.16836
-2.232618,3,539.200904
-2.226979,3,539.235573
-0.032754,1,539.2506
-1.149074,2,539.272624
-1.09331,2,539.294648
-1.100376,2,539.316674
-2.185888,3,539.355718
-0.022703,1,539.366729
-2.224399,3,539.399267
-2.248911,3,539.432807
-2.195424,3,539.473855
-2.17836,3,539.504887
-0.010276,1,539.514897
-1.133846,2,539.535485
-3.274596,4,539.583006
-2.25075,3,539.610049
-0.0135,1,539.621099
-0.053896,1,539.631609
-2.274617,3,539.665641
-0.05024,1,539.67565
-2.204872,3,539.704683
-2.28725,3,539.733214
-2.221308,3,539.770249
-1.140025,2,539.798368
-3.390243,4,539.839973
-2.207143,3,539.873651
-3.368527,4,539.929217
-1.078695,2,539.952749
-2.237245,3,539.989287
-0.035999,1,540.001806
-2.216588,3,540.040855
-3.282803,4,540.087398
-3.317422,4,540.136569
-3.29372,4,540.189684
-3.399892,4,540.240714
-0.049988,1,540.252725
-2.269346,3,540.286762
-2.231252,3,540.321815
-2.236426,3,540.360887
-2.210001,3,540.394929
-0.040948,1,540.404946
-3.421484,4,540.452646
-1.081057,2,540.482686
-2.189796,3,540.52175
-2.206939,3,540.554828
-1.12655,2,540.57485
-2.230814,3,540.60839
-3.38544,4,540.649018
-2.233544,3,540.678578
-0.03983,1,540.688082
-3.325414,4,540.732122
-1.110599,2,540.754656
-4.458708,5,540.818248
-3.316056,4,540.855962
-3.414041,4,540.905808
-2.276504,3,540.937352
-2.276612,3,540.973005
-1.119426,2,540.999132
-1.135649,2,541.02568
-2.251692,3,541.064967
-1.064456,2,541.089109
-2.241943,3,541.123875
-2.237119,3,541.161945
-3.32076,4,541.20723
-2.248526,3,541.241976
-3.383905,4,541.288069
-1.101443,2,541.316601
-2.211372,3,541.352148
-3.339439,4,541.399196
-3.4463,4,541.440741
-2.182215,3,541.481788
-2.242205,3,541.519834
-0.048873,1,541.539364
-2.201089,3,541.574949
-3.364701,4,541.623612
-3.2706,4,541.666155
-2.156663,3,541.69418
-0.046117,1,541.704189
-2.216916,3,541.739729
-3.403609,4,541.783782
-1.121934,2,541.804802
-3.29205,4,541.843346
-2.17967,3,541.881953
-2.148056,3,541.910178
-3.382038,4,541.946778
-2.153387,3,541.976808
-0.030313,1,541.998348
-3.280396,4,542.04194
-1.066746,2,542.066032
-2.229391,3,542.098584
-0.046646,1,542.114636
-2.233913,3,542.144189
-0.018951,1,542.154779
-3.370418,4,542.201843
-2.238318,3,542.238892
-3.305738,4,542.279
-1.082223,2,542.304817
-2.215574,3,542.335348
-1.128532,2,542.362939
-3.419375,4,542.411038
-1.088985,2,542.435139
-1.091869,2,542.456735
-2.218378,3,542.49679
-1.094615,2,542.522829
-3.276373,4,542.566926
-2.152654,3,542.596057
-2.187813,3,542.635598
-1.126253,2,542.656618
-2.214547,3,542.689159
-3.349129,4,542.741247
-1.159333,2,542.769287
-3.373626,4,542.808326
-2.222777,3,542.838367
-2.247187,3,542.868947
-3.337072,4,542.910133
-3.321897,4,542.949175
-3.305557,4,542.990723
-0.021271,1,543.005737
-2.238268,3,543.038271
-3.360509,4,543.0866
-0.049624,1,543.096612
-2.194156,3,543.132654
-0.03524,1,543.147171
-2.263343,3,543.18187
-3.277023,4,543.224452
-1.087378,2,543.245976
-3.282291,4,543.299136
-2.197315,3,543.331674
-2.230425,3,543.362205
-2.163578,3,543.394811
-3.291634,4,543.444378
-3.320378,4,543.484993
-1.142789,2,543.511644
-0.038826,1,543.526664
-0.039732,1,543.551401
-4.457539,5,543.606084
-2.218512,3,543.641642
-0.011954,1,543.652653
-1.079107,2,543.682689
-2.220143,3,543.728245
-0.038473,1,543.743278
-2.186904,3,543.782884
-3.383436,4,543.834023
-0.050954,1,543.843035
-2.238661,3,543.874086
-3.267955,4,543.909626
-3.287753,4,543.953932
-1.128524,2,543.974001
-3.40324,4,544.015066
-2.226347,3,544.043132
-0.018866,1,544.059182
-1.089949,2,544.079208
-1.129231,2,544.099233
-2.203298,3,544.126757
-2.197958,3,544.1643
-0.007607,1,544.174308
-2.246987,3,544.207505
-2.152195,3,544.239588
-3.334412,4,544.295658
-3.406608,4,544.337206
-1.135541,2,544.360238
-2.186143,3,544.395777
-0.026899,1,544.410276
-2.212353,3,544.443344
-1.122521,2,544.465363
-3.30944,4,544.512093
-0.04879,1,544.526098
-1.110394,2,544.550638
-3.355856,4,544.599187
-4.523683,5,544.653778
-2.279484,3,544.690327
-3.292556,4,544.736474
-3.426523,4,544.786069
-1.127441,2,544.80964
-3.371395,4,544.863709
-2.234601,3,544.894742
-2.249379,3,544.926774
-2.238915,3,544.956811
-3.374667,4,545.000857
-2.189325,3,545.032888
-2.163497,3,545.062924
-2.274159,3,545.091647
-3.318672,4,545.134692
-2.202011,3,545.166737
-0.009799,1,545.175746
-1.115667,2,545.195769
-0.025528,1,545.208282
-1.08149,2,545.226804
-1.096551,2,545.248328
-3.287099,4,545.291884
-3.400057,4,545.339984
-2.174477,3,545.374017
-1.085861,2,545.399098
-2.219234,3,545.430035
-2.228547,3,545.466678
-3.300073,4,545.513732
-1.108145,2,545.534754
-2.224369,3,545.568338
-3.306581,4,545.622957
-2.2477,3,545.670272
-1.078362,2,545.690744
-3.366103,4,545.737295
-1.124835,2,545.766333
-2.244574,3,545.807196
-4.525305,5,545.862843
-1.107286,2,545.883864
-2.21537,3,545.924939
-1.067581,2,545.950522
-3.394392,4,545.991762
-0.042401,1,546.002771
-1.137868,2,546.033811
-2.23607,3,546.065839
-0.029415,1,546.074848
-0.00773,1,546.084862
-2.203106,3,546.118398
-2.250274,3,546.147445
-2.229123,3,546.17698
-1.105022,2,546.195128
-1.116538,2,546.218647
-3.31998,4,546.258193
-3.294596,4,546.298296
-3.283241,4,546.334836
-0.045107,1,546.349858
-1.109332,2,546.374882
-2.199463,3,546.406939
-2.142702,3,546.438562
-2.307811,3,546.480166
-1.092143,2,546.501934
-2.233414,3,546.544377
-0.038847,1,546.580082
-2.184356,3,546.65907
-2.237084,3,546.7183
-0.045373,1,546.73583
-3.362828,4,546.795712
-2.233967,3,546.840781
-3.34188,4,546.894851
-1.101688,2,546.929408
-1.133517,2,546.958295
-3.342977,4,547.022206
-3.326573,4,547.07298
-2.195438,3,547.106189
-2.211645,3,547.140766
-1.099367,2,547.167171
-1.125822,2,547.186771
-1.108179,2,547.205795
-3.373109,4,547.244835
-1.144188,2,547.269359
-2.237621,3,547.29939
-2.257155,3,547.325919
-3.289684,4,547.368218
-2.171534,3,547.402177
-1.075497,2,547.420122
-1.101725,2,547.439206
-2.20888,3,547.471247
-3.464499,4,547.522309
-2.259528,3,547.554856
-0.039617,1,547.568367
-3.357624,4,547.615098
-3.306511,4,547.666673
-1.098295,2,547.694715
-1.085336,2,547.720521
-3.412478,4,547.77307
-2.248235,3,547.81917
-1.114123,2,547.8407
-3.314184,4,547.891822
-2.199054,3,547.926848
-2.244866,3,547.963102
-3.279068,4,548.006653
-1.113091,2,548.029683
-3.449608,4,548.076862
-2.16296,3,548.115906
-3.286317,4,548.156819
-2.240425,3,548.193875
-1.136747,2,548.216828
-3.36287,4,548.267396
-3.387377,4,548.305997
-2.243938,3,548.357393
-1.098915,2,548.384625
-2.219641,3,548.416676
-3.226998,4,548.456228
-2.164432,3,548.488366
-2.175377,3,548.513905
-2.232162,3,548.550558
-1.128113,2,548.57409
-3.331039,4,548.624151
-2.162306,3,548.658187
-2.239,3,548.698231
-0.02375,1,548.708248
-2.211322,3,548.739792
-1.151933,2,548.762925
-1.133487,2,548.79562
-1.142476,2,548.818148
-2.252288,3,548.850155
-3.340465,4,548.894875
-3.302794,4,548.953899
-3.295813,4,548.999022
-1.106997,2,549.022066
-3.37692,4,549.063134
-2.193665,3,549.104175
-3.322299,4,549.149217
-3.307173,4,549.189763
-2.261158,3,549.230734
-2.214016,3,549.266036
-1.085192,2,549.287052
-2.222603,3,549.329055
-1.11855,2,549.352116
-2.251386,3,549.386657
-3.402912,4,549.430714
-3.391347,4,549.46833
-1.106829,2,549.492865
-3.326102,4,549.645653
-2.252619,3,549.685694
-3.350977,4,549.725738
-3.285001,4,549.776921
-3.293393,4,549.835656
-3.284209,4,549.881211
-3.318822,4,549.924806
-2.27275,3,549.954341
-0.023651,1,549.969988
-2.183606,3,550.009052
-2.204844,3,550.041087
-3.377754,4,550.089151
-3.396981,4,550.145227
-2.203372,3,550.176806
-3.315387,4,550.224903
-0.03511,1,550.236595
-2.237996,3,550.273664
-3.283241,4,550.320271
-2.265953,3,550.354253
-3.336288,4,550.401861
-3.435918,4,550.447418
-2.257016,3,550.481895
-3.322899,4,550.527004
-1.109926,2,550.556055
-1.120854,2,550.580596
-1.091695,2,550.60062
-1.095023,2,550.620649
-2.275826,3,550.674877
-3.258034,4,550.775677
-3.319095,4,550.850896
-3.366026,4,550.913676
-0.034228,1,550.929197
-2.183355,3,550.981857
-3.33689,4,551.044574
-3.379774,4,551.101681
-0.040811,1,551.112693
-3.342227,4,551.17483
-2.151474,3,551.212878
-1.103303,2,551.238404
-3.340146,4,551.28461
-3.37558,4,551.336673
-2.244292,3,551.370764
-3.280471,4,551.420219
-2.248804,3,551.452327
-0.017862,1,551.466337
-0.016707,1,551.4784
-3.306912,4,551.523009
-2.242162,3,551.555122
-3.471226,4,551.602914
-2.253668,3,551.652142
-2.285404,3,551.738107
-1.122785,2,551.779341
-2.20016,3,551.842004
-1.103712,2,551.877079
-3.346433,4,551.92967
-3.317342,4,551.992197
-1.122184,2,552.026781
-1.092693,2,552.058331
-2.194441,3,552.090668
-3.340491,4,552.145843
-2.241621,3,552.184533
-1.133763,2,552.205053
-1.119055,2,552.234086
-1.100935,2,552.254605
-3.368051,4,552.306664
-1.110438,2,552.326684
-3.293187,4,552.370801
-3.336156,4,552.426873
-2.212474,3,552.463065
-1.128525,2,552.485081
-2.24528,3,552.516623
-3.420261,4,552.568218
-1.135683,2,552.595743
-2.18814,3,552.631793
-3.325861,4,552.674838
-2.27057,3,552.70287
-3.326477,4,552.750929
-1.144127,2,552.776459
-0.027535,1,552.786969
-3.284218,4,552.828564
-0.020394,1,552.845079
-2.243015,3,552.877113
-3.315321,4,552.920159
-2.181818,3,552.951341
-2.155495,3,552.98689
-0.059533,1,552.9969
-1.132596,2,553.018463
-0.040508,1,553.033552
-2.215131,3,553.073101
-3.339915,4,553.118639
-3.315383,4,553.164703
-2.19853,3,553.196735
-3.338023,4,553.255811
-2.166303,3,553.295859
-3.304937,4,553.33991
-1.078719,2,553.36099
-2.298652,3,553.398565
-3.353339,4,553.443684
-2.215548,3,553.481737
-2.201491,3,553.514778
-3.294198,4,553.568339
-0.033661,1,553.579858
-3.260021,4,553.62841
-1.141463,2,553.648987
-2.262554,3,553.69005
-1.082381,2,553.714097
-2.156618,3,553.746128
-2.204088,3,553.786801
-1.154484,2,553.813838
-3.325356,4,553.859892
-2.250611,3,553.889939
-1.121349,2,553.906971
-3.311608,4,553.961585
-2.203968,3,553.993617
-2.240256,3,554.025651
-0.055441,1,554.039673
-2.230447,3,554.079729
-2.201506,3,554.111764
-3.348442,4,554.162817
-0.010042,1,554.174827
-2.242251,3,554.211874
-1.096848,2,554.235894
-3.417733,4,554.28103
-3.322125,4,554.323601
-1.132613,2,554.349634
-1.139899,2,554.375161
-3.324032,4,554.417198
-2.263653,3,554.451316
-1.105913,2,554.480009
-0.033438,1,554.491657
-3.312725,4,554.545718
-2.178574,3,554.579317
-2.206055,3,554.613853
-2.18783,3,554.65141
-1.079865,2,554.672986
-1.105014,2,554.696047
-1.119542,2,554.722083
-1.061093,2,554.745102
-2.203694,3,554.783678
-3.375977,4,554.835738
-2.211979,3,554.884817
-2.199427,3,554.922865
-0.053864,1,554.931874
-1.095541,2,554.951894
-1.128116,2,554.976536
-1.105497,2,554.99508
-1.108477,2,555.0121
-3.260984,4,555.052165
-0.026739,1,555.063795
-1.097814,2,555.088831
-4.549132,5,555.144924
-2.213771,3,555.186119
-2.260067,3,555.222834
-0.012676,1,555.232845
-2.156235,3,555.276716
-2.192353,3,555.310303
-1.098214,2,555.340798
-1.139688,2,555.363832
-2.171928,3,555.396865
-2.248029,3,555.431953
-2.220509,3,555.467009
-0.034083,1,555.47906
-0.023211,1,555.490076
-1.087169,2,555.512096
-3.284686,4,555.562229
-0.042411,1,555.573767
-0.043769,1,555.585776
-1.104385,2,555.606796
-2.205841,3,555.646847
-1.112746,2,555.666889
-1.094475,2,555.690971
-3.348327,4,555.73507
-2.262053,3,555.779137
-3.323552,4,555.823693
-2.289683,3,555.85723
-3.415028,4,555.901798
-2.256092,3,555.938333
-2.240995,3,555.96937
-1.130744,2,555.98738
-3.386774,4,556.027425
-3.311058,4,556.075094
-3.284105,4,556.11265
-3.365143,4,556.153195
-0.033716,1,556.164207
-2.222836,3,556.194802
-1.127884,2,556.213822
-2.184129,3,556.24736
-1.077308,2,556.26841
-2.213827,3,556.307004
-2.190972,3,556.343133
-1.119539,2,556.365661
-4.479439,5,556.426736
-2.24716,3,556.465005
-1.116987,2,556.487104
-2.214991,3,556.520142
-0.038872,1,556.530075
-3.329105,4,556.57971
-2.18853,3,556.612743
-3.322088,4,556.656291
-1.149969,2,556.680315
-2.221495,3,556.718972
-3.369266,4,556.764601
-2.186191,3,556.802653
-2.178611,3,556.836692
-0.040019,1,556.85171
-2.212937,3,556.881791
-1.119159,2,556.904808
-3.327567,4,556.94836
-2.206548,3,556.981924
-1.112526,2,557.004972
-3.310345,4,557.04911
-3.339299,4,557.089653
-2.252365,3,557.130424
-3.387715,4,557.172762
-1.12549,2,557.191784
-3.314094,4,557.229315
-3.339259,4,557.272945
-3.339532,4,557.310059
-2.249223,3,557.338578
-3.330341,4,557.380682
-1.085151,2,557.405698
-1.104743,2,557.42974
-3.371936,4,557.480306
-3.288313,4,557.527351
-2.173182,3,557.568975
-2.251879,3,557.603058
-2.184575,3,557.633086
-2.256588,3,557.668138
-1.124878,2,557.696675
-0.033564,1,557.709196
-2.250287,3,557.738678
-2.222013,3,557.77372
-0.024106,1,557.792742
-3.338318,4,557.838303
-1.108646,2,557.863348
-3.310109,4,557.9121
-2.252964,3,557.953767
-1.135387,2,557.978347
-0.039134,1,557.989865
-1.105843,2,558.012892
-2.231692,3,558.055111
-1.123961,2,558.076639
-2.193246,3,558.11168
-2.306916,3,558.143711
-3.335179,4,558.188262
-2.240133,3,558.215293
-3.310014,4,558.255835
-1.153178,2,558.275857
-2.184662,3,558.309902
-0.026381,1,558.320918
-1.093152,2,558.341476
-0.03523,1,558.350982
-2.195109,3,558.386077
-1.129579,2,558.412664
-2.242475,3,558.442691
-0.016773,1,558.452702
-2.249908,3,558.493779
-3.288179,4,558.535928
-2.199119,3,558.572019
-2.256967,3,558.608141
-2.184947,3,558.646681
-3.285657,4,558.691885
-3.318601,4,558.737061
-3.271737,4,558.786137
-1.123093,2,558.815678
-3.355849,4,558.859235
-2.247511,3,558.890834
-1.136102,2,558.91486
-3.377853,4,558.961422
-1.123773,2,558.980968
-3.382032,4,559.028065
-3.313491,4,559.071649
-2.19838,3,559.110338
-2.188202,3,559.145733
-1.140952,2,559.165751
-1.118997,2,559.186774
-0.04482,1,559.200796
-1.12595,2,559.224818
-2.23309,3,559.255851
-3.350196,4,559.294895
-1.09906,2,559.32102
-2.182718,3,559.348577
-0.042551,1,559.360105
-3.300377,4,559.397127
-2.249195,3,559.435169
-3.35865,4,559.475868
-1.086919,2,559.493886
-0.031102,1,559.5049
-1.088234,2,559.528445
-3.345333,4,559.572349
-3.308823,4,559.619652
-2.243624,3,559.652789
-2.26365,3,559.693837
-3.287389,4,559.739384
-1.120581,2,559.764916
-1.066744,2,559.794776
-0.029322,1,559.811802
-2.182577,3,559.843829
-1.133874,2,559.862854
-3.376872,4,559.910913
-3.469674,4,559.957016
-3.325933,4,559.998197
-1.129712,2,560.026738
-3.321567,4,560.074804
-3.32702,4,560.123866
-4.453219,5,560.176959
-2.225078,3,560.21211
-1.101385,2,560.234763
-1.12783,2,560.261797
-2.171621,3,560.295833
-0.041593,1,560.308346
-2.204217,3,560.340889
-1.120004,2,560.363909
-2.238359,3,560.395021
-1.071995,2,560.415091
-2.200513,3,560.444188
-2.191941,3,560.480777
-1.130039,2,560.499289
-2.181341,3,560.532825
-3.311229,4,560.574872
-2.267199,3,560.608915
-0.039638,1,560.618964
-2.166308,3,560.649043
-2.205346,3,560.685774
-2.214367,3,560.72032
-2.23568,3,560.755872
-3.490385,4,560.810123
-3.309333,4,560.853795
-3.249584,4,560.905857
-3.302563,4,560.946779
-2.231495,3,560.986744
-3.338064,4,561.029294
-2.198581,3,561.063834
-3.31512,4,561.110902
-3.305152,4,561.152055
-3.289905,4,561.199228
-1.133559,2,561.229855
-0.022195,1,561.239863
-1.070712,2,561.260888
-3.308644,4,561.305991
-2.225917,3,561.350506
-2.250324,3,561.386885
-0.032286,1,561.402911
-4.407965,5,561.455148
-0.038228,1,561.469303
-2.197692,3,561.49834
-1.057033,2,561.519866
-0.045502,1,561.529875
-3.31078,4,561.574085
-3.339398,4,561.614155
-0.035741,1,561.62416
-1.152305,2,561.64287
-2.238677,3,561.678944
-2.173734,3,561.708484
-2.232163,3,561.737064
-3.350606,4,561.783702
-2.171727,3,561.821768
-0.056988,1,561.831783
-2.133353,3,561.863816
-2.238352,3,561.903873
-2.277748,3,561.944932
-3.294646,4,561.98812
-0.034769,1,561.999636
-0.037152,1,562.011661
-1.126419,2,562.039702
-2.241703,3,562.072808
-2.207978,3,562.106841
-1.119993,2,562.128366
-3.289777,4,562.178154
-1.126933,2,562.199892
-1.10409,2,562.219895
-3.356717,4,562.260659
-2.252712,3,562.29669
-2.227158,3,562.328241
-1.127524,2,562.349769
-3.352017,4,562.393812
-3.229258,4,562.441869
-2.160455,3,562.472904
-1.096177,2,562.493942
-3.356224,4,562.537055
-3.394075,4,562.582746
-2.182979,3,562.611777
-3.324006,4,562.652818
-1.11373,2,562.671343
-2.250055,3,562.707023
-1.123516,2,562.726158
-3.264241,4,562.773162
-0.03878,1,562.783171
-1.090518,2,562.807187
-2.211087,3,562.838224
-0.012206,1,562.848249
-2.244168,3,562.881818
-2.18724,3,562.91485
-2.219532,3,562.950896
-3.346508,4,562.997047
-0.026334,1,563.0081
-2.256866,3,563.053673
-2.249505,3,563.091731
-0.037341,1,563.108247
-1.157727,2,563.129275
-3.28152,4,563.183806
-0.023859,1,563.196823
-2.261907,3,563.22987
-2.23879,3,563.263414
-3.318928,4,563.312113
-2.186175,3,563.343142
-0.051315,1,563.353149
-1.107689,2,563.381691
-3.272512,4,563.430754
-2.196402,3,563.46329
-2.267752,3,563.498829
-2.159791,3,563.531885
-3.405125,4,563.580969
-2.187552,3,563.616652
-0.044682,1,563.628166
-3.326045,4,563.664213
-2.153273,3,563.697242
-1.063409,2,563.720265
-3.381904,4,563.766326
-1.111181,2,563.788371
-3.293656,4,563.840086
-1.114762,2,563.858617
-1.109049,2,563.877138
-2.264458,3,563.904159
-2.164397,3,563.941204
-3.322371,4,563.987336
-3.358613,4,564.029405
-2.247321,3,564.065101
-2.249646,3,564.099653
-2.276034,3,564.131687
-2.177997,3,564.167228
-2.21941,3,564.201786
-2.221759,3,564.243873
-1.083786,2,564.271998
-3.260937,4,564.314675
-0.020172,1,564.329698
-3.321916,4,564.37925
-2.188972,3,564.412815
-2.185481,3,564.443853
-0.036745,1,564.454863
-1.132188,2,564.488417
-3.360116,4,564.536092
-1.069743,2,564.558611
-1.120757,2,564.579138
-2.203025,3,564.618178
-2.202177,3,564.648203
-3.339211,4,564.690875
-3.362984,4,564.735
-2.173583,3,564.77122
-2.222516,3,564.803767
-2.295891,3,564.833804
-3.316123,4,564.872347
-3.273746,4,564.916931
-2.166829,3,564.948616
-2.187216,3,564.979653
-1.069098,2,564.996665
-2.205123,3,565.031711
-2.246444,3,565.067257
-2.229396,3,565.103852
-1.14368,2,565.123873
-2.205473,3,565.167449
-1.136215,2,565.190006
-3.388548,4,565.231851
-2.207556,3,565.266392
-0.040782,1,565.283946
-3.382091,4,565.329148
-2.216872,3,565.359682
-3.433771,4,565.402158
-2.26216,3,565.439193
-3.328298,4,565.484813
-3.317549,4,565.531868
-2.250701,3,565.566411
-2.227569,3,565.608056
-3.316872,4,565.649101
-1.143153,2,565.669631
-0.014746,1,565.686654
-3.299979,4,565.736706
-3.389386,4,565.782817
-3.328786,4,565.832873
-0.036698,1,565.846888
-2.203095,3,565.879983
-2.200221,3,565.910652
-2.225317,3,565.940685
-3.366085,4,565.97872
-1.124883,2,566.005822
-2.256658,3,566.036856
-3.333785,4,566.075397
-3.377952,4,566.112108
-1.067051,2,566.138138
-2.268566,3,566.172336
-3.293582,4,566.214886
-3.300879,4,566.264051
-2.250164,3,566.304658
-3.313609,4,566.348209
-0.017767,1,566.360295
-4.531443,5,566.414361
-3.324824,4,566.465645
-3.277363,4,566.510705
-2.156306,3,566.547236
-0.054473,1,566.559255
-1.083007,2,566.588326
-2.284922,3,566.621866
-2.229649,3,566.654898
-1.115983,2,566.678942
-3.314746,4,566.730186
-1.099439,2,566.754784
-3.283836,4,566.804842
-3.37505,4,566.846891
-3.327312,4,566.897116
-3.326856,4,566.940787
-2.238349,3,566.97082
-2.244944,3,566.996843
-2.229787,3,567.041909
-2.190266,3,567.081076
-0.016555,1,567.091095
-2.246852,3,567.121151
-3.293333,4,567.163802
-1.075927,2,567.186878
-1.139487,2,567.204898
-2.187077,3,567.233967
-1.087382,2,567.264915
-3.440172,4,567.305106
-2.176317,3,567.336646
-2.192696,3,567.373694
-1.07156,2,567.404732
-3.353909,4,567.454795
-1.07796,2,567.480835
-1.119692,2,567.503853
-2.216346,3,567.542906
-3.28764,4,567.595089
-2.244408,3,567.626662
-3.45303,4,567.670733
-1.124804,2,567.698266
-2.20947,3,567.730808
-2.237183,3,567.771854
-3.401088,4,567.822931
-3.366567,4,567.876782
-3.315432,4,567.921835
-2.218666,3,567.953863
-3.375876,4,567.993922
-2.174157,3,568.03814
-2.162858,3,568.075758
-0.038758,1,568.088279
-3.352836,4,568.138336
-0.031746,1,568.154853
-3.347287,4,568.200907
-2.223126,3,568.23013
-3.32566,4,568.273687
-2.272267,3,568.306723
-1.073733,2,568.328248
-1.135111,2,568.348265
-3.341939,4,568.394821
-2.175965,3,568.435864
-3.397188,4,568.47895
-1.108522,2,568.500098
-2.222777,3,568.531655
-2.195805,3,568.5712
-2.146772,3,568.604745
-0.037398,1,568.614754
-0.041146,1,568.625765
-2.167335,3,568.663814
-3.332619,4,568.705806
-1.104092,2,568.726829
-3.329563,4,568.772911
-2.207674,3,568.814825
-0.045006,1,568.827341
-2.2262,3,568.859016
-0.015226,1,568.871544
-1.114172,2,568.898565
-2.229888,3,568.932687
-1.139491,2,568.959735
-1.100085,2,568.980765
-0.037602,1,568.996776
-2.237612,3,569.032827
-3.276889,4,569.07988
-3.418448,4,569.124967
-2.228511,3,569.157023
-3.287337,4,569.19714
-1.073765,2,569.217154
-0.023454,1,569.228667
-3.374147,4,569.273708
-2.246265,3,569.30274
-1.144996,2,569.323758
-1.080324,2,569.342779
-2.187372,3,569.375791
-2.270429,3,569.40583
-2.202339,3,569.438366
-2.210235,3,569.471411
-2.182341,3,569.506954
-2.223752,3,569.545089
-2.265639,3,569.580264
-0.026065,1,569.590803
-2.241266,3,569.629846
-3.260305,4,569.673914
-2.224785,3,569.70502
-2.23884,3,569.738226
-1.094641,2,569.769264
-1.149755,2,569.796807
-2.194217,3,569.829854
-3.273128,4,569.87341
-1.082614,2,569.903985
-3.284385,4,569.945167
-2.247812,3,569.978938
-3.320727,4,570.021041
-2.218281,3,570.061082
-0.012367,1,570.072569
-3.247749,4,570.115612
-2.247587,3,570.148144
-1.099459,2,570.179206
-3.275274,4,570.221831
-1.144134,2,570.245856
-2.191628,3,570.279063
-2.200887,3,570.314636
-2.207086,3,570.343669
-2.250572,3,570.370696
-3.418254,4,570.40923
-1.082355,2,570.434797
-0.030193,1,570.444806
-0.036819,1,570.454817
-0.058605,1,570.462824
-0.022115,1,570.477343
-2.163682,3,570.512082
-3.397533,4,570.558142
-1.128395,2,570.579173
-2.237293,3,570.616806
-0.037997,1,570.629823
-2.186575,3,570.662858
-1.097427,2,570.683387
-2.258212,3,570.719051
-3.344607,4,570.768248
-3.285212,4,570.815878
-2.185694,3,570.848917
-2.227619,3,570.885042
-0.02737,1,570.897048
-2.176612,3,570.930722
-3.371964,4,570.978273
-3.273358,4,571.028358
-3.298114,4,571.070921
-2.196102,3,571.105685
-1.121222,2,571.128804
-2.196545,3,571.16587
-0.045073,1,571.178382
-3.377727,4,571.227014
-3.390906,4,571.273174
-3.457879,4,571.318212
-3.464855,4,571.355811
-1.127358,2,571.376338
-1.092064,2,571.393926
-2.255056,3,571.427012
-3.289123,4,571.463593
-2.225437,3,571.492889
-0.029504,1,571.503899
-1.091188,2,571.529023
-2.162529,3,571.559589
-3.418372,4,571.599738
-2.237995,3,571.633779
-1.132267,2,571.661822
-1.126002,2,571.681347
-3.39669,4,571.72591
-2.194637,3,571.761024
-2.279555,3,571.805592
-3.406357,4,571.849638
-3.259677,4,571.890855
-3.382566,4,571.93892
-1.110908,2,571.964036
-2.243911,3,571.996567
-3.378385,4,572.039624
-1.076147,2,572.063652
-1.122152,2,572.093875
-1.100237,2,572.115896
-3.339434,4,572.160091
-1.134739,2,572.183113
-1.156808,2,572.20914
-2.233498,3,572.243767
-1.095592,2,572.265787
-2.179765,3,572.301842
-2.169564,3,572.342879
-1.129509,2,572.364899
-0.008521,1,572.376415
-2.224939,3,572.405994
-2.29618,3,572.445573
-1.110614,2,572.465601
-2.203385,3,572.492853
-2.178779,3,572.522881
-1.104667,2,572.545902
-3.268477,4,572.585156
-1.104334,2,572.605172
-3.379635,4,572.645763
-2.266018,3,572.68431
-2.248582,3,572.716342
-1.142293,2,572.739972
-3.450042,4,572.789872
-3.386102,4,572.843962
-1.098076,2,572.864008
-1.103411,2,572.889049
-2.233867,3,572.919095
-2.210005,3,572.958309
-2.23912,3,572.995941
-2.207301,3,573.028085
-3.342371,4,573.068131
-2.169404,3,573.112014
-1.094857,2,573.134068
-3.285054,4,573.18218
-1.103222,2,573.203201
-2.195711,3,573.243826
-3.294702,4,573.286369
-0.046971,1,573.299386
-2.180112,3,573.330102
-1.125795,2,573.358121
-2.160541,3,573.389659
-1.084746,2,573.410738
-1.147189,2,573.43377
-3.281731,4,573.476317
-2.192154,3,573.509915
-2.225062,3,573.538531
-2.240765,3,573.5661
-2.225684,3,573.598227
-0.017295,1,573.610744
-1.148447,2,573.631765
-2.180485,3,573.660794
-2.189336,3,573.692859
-2.239397,3,573.722894
-2.200022,3,573.762123
-0.018362,1,573.775199
-2.22183,3,573.815918
-2.180836,3,573.852054
-2.263499,3,573.882591
-2.215605,3,573.914621
-2.20931,3,573.956671
-2.279444,3,573.989215
-0.047713,1,573.998721
-2.272399,3,574.029826
-1.080428,2,574.060864
-1.122159,2,574.08339
-2.25078,3,574.117011
-0.027881,1,574.130064
-3.337391,4,574.184164
-2.183571,3,574.222829
-1.0947,2,574.242851
-1.126329,2,574.268381
-2.258995,3,574.333641
-2.166879,3,574.429057
-2.238222,3,574.477092
-0.050602,1,574.501749
-2.174228,3,574.550312
-3.34824,4,574.598415
-2.165956,3,574.635629
-1.108389,2,574.662685
-3.282206,4,574.724838
-2.161696,3,574.766895
-1.13797,2,574.797458
-2.234604,3,574.832618
-0.037272,1,574.848131
-2.242961,3,574.881179
-2.245579,3,574.91274
-2.183647,3,574.950794
-3.281216,4,574.999359
-2.250405,3,575.032901
-2.241605,3,575.064986
-2.207703,3,575.097079
-2.203496,3,575.132656
-2.255018,3,575.168192
-3.355271,4,575.21475
-0.021561,1,575.226762
-2.223688,3,575.268317
-0.019902,1,575.280842
-0.032971,1,575.296856
-2.177727,3,575.328387
-1.128383,2,575.356008
-2.188328,3,575.392853
-0.043936,1,575.402864
-2.243843,3,575.434902
-3.335362,4,575.483187
-1.108002,2,575.505743
-1.117068,2,575.526763
-3.300019,4,575.578331
-1.129291,2,575.60486
-0.059573,1,575.614874
-2.202204,3,575.642999
-3.301723,4,575.682111
-1.108262,2,575.708131
-2.207007,3,575.739323
-1.09267,2,575.760845
-1.074002,2,575.784373
-2.23184,3,575.824968
-3.439636,4,575.863717
-1.114885,2,575.880785
-3.275959,4,575.925834
-2.24718,3,575.96588
-1.108865,2,575.988984
-1.117231,2,576.012017
-2.298109,3,576.044189
-3.396877,4,576.093907
-1.099577,2,576.113979
-3.348332,4,576.157132
-3.304036,4,576.199178
-2.29705,3,576.235737
-2.269849,3,576.266772
-1.062176,2,576.288798
-1.112097,2,576.311854
-1.083565,2,576.344903
-3.405179,4,576.394058
-1.12348,2,576.416122
-2.263515,3,576.449157
-2.250987,3,576.494804
-0.037842,1,576.505818
-3.354299,4,576.549379
-3.391355,4,576.596966
-1.124123,2,576.624626
-2.12458,3,576.655671
-3.32038,4,576.694725
-1.100621,2,576.715746
-2.267939,3,576.750803
-2.253956,3,576.782834
-2.241619,3,576.815863
-2.169401,3,576.845399
-1.100157,2,576.873954
-3.362658,4,576.914103
-3.327589,4,576.963166
-2.248022,3,577.001143
-0.02056,1,577.017153
-3.332984,4,577.079895
-2.222959,3,577.112983
-2.243937,3,577.149242
-1.1574,2,577.176772
-3.313249,4,577.22939
-2.179875,3,577.263143
-3.28181,4,577.311616
-1.077259,2,577.335648
-2.246748,3,577.378206
-2.236794,3,577.410747
-2.215046,3,577.444779
-2.160667,3,577.484831
-2.212496,3,577.523896
-2.226684,3,577.552959
-3.368481,4,577.598611
-1.145716,2,577.627136
-2.218607,3,577.662744
-2.139186,3,577.696787
-1.147522,2,577.719316
-0.029408,1,577.73383
-1.068214,2,577.755853
-2.286259,3,577.792228
-2.204995,3,577.823811
-2.207453,3,577.858847
-1.107516,2,577.877367
-1.085328,2,577.896898
-3.409337,4,577.934028
-1.141173,2,577.963104
-3.325479,4,578.008308
-1.11766,2,578.031839
-0.03952,1,578.045863
-0.037642,1,578.061888
-2.200767,3,578.096934
-2.253567,3,578.130087
-3.323331,4,578.190837
-2.241421,3,578.232884
-3.440464,4,578.285755
-1.090354,2,578.311791
-3.307873,4,578.368162
-1.122397,2,578.396744
-2.235693,3,578.430785
-1.129637,2,578.451812
-1.107641,2,578.47834
-0.028995,1,578.492866
-2.17582,3,578.52892
-3.358748,4,578.575138
-3.388747,4,578.619796
-2.199858,3,578.660844
-1.13983,2,578.681367
-2.205884,3,578.714911
-0.044588,1,578.726935
-0.014665,1,578.741134
-1.074418,2,578.767157
-1.080203,2,578.800262
-1.129083,2,578.824903
-0.044545,1,578.839245
-1.116838,2,578.85935
-3.36689,4,578.898889
-0.047283,1,578.910931
-1.055825,2,578.936008
-2.222084,3,578.965773
-2.199307,3,578.995895
-3.337976,4,579.034
-3.312053,4,579.075796
-2.168704,3,579.106832
-3.30425,4,579.151897
-2.200723,3,579.186472
-3.299441,4,579.239742
-0.039987,1,579.250756
-2.280926,3,579.283293
-0.056343,1,579.295877
-1.100906,2,579.318405
-1.074243,2,579.347014
-1.126169,2,579.366625
-2.299515,3,579.399168
-2.159275,3,579.439781
-2.228371,3,579.472818
-1.079,2,579.495343
-3.280791,4,579.533891
-3.295283,4,579.598306
-1.112445,2,579.618328
-0.012556,1,579.630848
-2.244021,3,579.666879
-3.290306,4,579.71598
-2.2193,3,579.746619
-3.299197,4,579.798688
-0.043818,1,579.810732
-2.284242,3,579.850464
-2.176563,3,579.889328
-2.178911,3,579.916867
-3.363428,4,579.956452
-3.349479,4,580.002779
-2.242476,3,580.031808
-1.125908,2,580.049823
-2.198996,3,580.078347
-0.038919,1,580.094368
-1.128424,2,580.115386
-2.275046,3,580.144058
-1.095245,2,580.162184
-2.165744,3,580.194828
-3.326488,4,580.239907
-2.228761,3,580.269974
-2.239038,3,580.306131
-1.102275,2,580.335749
-2.166134,3,580.366784
-3.444447,4,580.409331
-3.287747,4,580.45399
-3.270592,4,580.503746
-2.237903,3,580.5408
-0.045921,1,580.556812
-1.085499,2,580.579846
-3.278704,4,580.632649
-3.333278,4,580.68171
-2.17405,3,580.716769
-3.364879,4,580.768336
-1.14148,2,580.799382
-2.214761,3,580.844621
-2.205813,3,580.880675
-3.240835,4,580.926897
-1.098331,2,580.956706
-2.248626,3,580.999262
-2.24996,3,581.033875
-0.03607,1,581.045885
-3.332585,4,581.097082
-2.212514,3,581.132668
-2.177121,3,581.168207
-2.275748,3,581.202782
-3.42692,4,581.251844
-2.258365,3,581.281874
-2.214328,3,581.313974
-3.350451,4,581.358345
-3.296491,4,581.409928
-2.243435,3,581.444037
-3.380898,4,581.486306
-0.020363,1,581.496843
-2.235215,3,581.539896
-2.165378,3,581.572996
-3.250445,4,581.6147
-2.256185,3,581.649743
-3.307396,4,581.698297
-2.284619,3,581.730879
-2.184448,3,581.76894
-2.182246,3,581.811614
-1.128762,2,581.84065
-2.225578,3,581.879701
-2.237824,3,581.911238
-3.359716,4,581.950845
-0.03158,1,581.974879
-2.234468,3,582.00642
-2.158281,3,582.039024
-1.112286,2,582.061624
-2.227042,3,582.096758
-3.280215,4,582.133797
-1.090958,2,582.151817
-0.022854,1,582.161829
-2.21205,3,582.198364
-2.175188,3,582.229399
-2.213658,3,582.256917
-2.228441,3,582.284009
-2.197763,3,582.322711
-2.225888,3,582.350727
-2.227654,3,582.38021
-2.218736,3,582.413446
-3.445863,4,582.462123
-3.46435,4,582.509193
-2.214591,3,582.543731
-3.353816,4,582.590295
-1.124676,2,582.618319
-1.124987,2,582.644547
-1.140447,2,582.666703
-2.240751,3,582.706262
-2.163685,3,582.748354
-2.167088,3,582.788916
-1.103765,2,582.814547
-0.049636,1,582.826056
-1.100788,2,582.852094
-3.445529,4,582.897305
-1.122079,2,582.916829
-2.27928,3,582.949364
-3.455291,4,582.996913
-3.279484,4,583.036005
-2.180796,3,583.066712
-2.191119,3,583.099887
-2.149937,3,583.140475
-0.034597,1,583.150982
-2.204725,3,583.181613
-3.336957,4,583.222146
-2.238385,3,583.259936
-3.331042,4,583.302559
-0.046201,1,583.314569
-2.17753,3,583.344605
-3.385916,4,583.393155
-2.242476,3,583.42273
-3.301613,4,583.461768
-1.112953,2,583.480788
-2.196149,3,583.515322
-1.076237,2,583.536352
-3.446963,4,583.576941
-1.070105,2,583.596967
-0.025186,1,583.615999
-1.120725,2,583.641653
-2.241405,3,583.67268
-2.223824,3,583.706216
-3.297865,4,583.763873
-2.163109,3,583.798424
-2.198706,3,583.8306
-2.232026,3,583.865639
-3.297809,4,583.913697
-3.440222,4,583.9581
-1.077399,2,583.981819
-1.122986,2,584.001839
-2.170694,3,584.045903
-0.019336,1,584.05692
-3.360179,4,584.105408
-2.176445,3,584.134032
-3.294589,4,584.185656
-2.140045,3,584.218212
-2.236033,3,584.250247
-2.194223,3,584.283282
-1.15301,2,584.311829
-2.162793,3,584.340859
-2.264965,3,584.369887
-1.106889,2,584.389859
-1.150231,2,584.413977
-3.311332,4,584.460106
-3.297758,4,584.498136
-1.112016,2,584.517154
-3.314813,4,584.566757
-0.04504,1,584.580803
-2.29376,3,584.614832
-2.217703,3,584.646868
-2.159381,3,584.68291
-1.084667,2,584.702989
-2.2716,3,584.733584
-0.024232,1,584.746594
-2.257926,3,584.793694
-3.388113,4,584.843144
-1.120458,2,584.868333
-1.147301,2,584.89087
-0.029463,1,584.905879
-3.314557,4,584.949975
-2.263608,3,584.982776
-1.070834,2,585.003795
-2.214286,3,585.042843
-1.119935,2,585.064867
-0.026898,1,585.078385
-2.229521,3,585.108977
-1.111867,2,585.133024
-3.24696,4,585.179126
-3.329063,4,585.221753
-3.394854,4,585.265799
-2.225693,3,585.316891
-2.229019,3,585.346999
-3.314279,4,585.399741
-3.286171,4,585.442352
-2.216804,3,585.476978
-3.4005,4,585.519235
-1.10208,2,585.556784
-2.262965,3,585.591828
-2.243111,3,585.628367
-2.202161,3,585.662135
-0.035039,1,585.674145
-1.134904,2,585.699853
-1.07207,2,585.72588
-0.033538,1,585.734893
-2.178937,3,585.774999
-1.108751,2,585.806781
-0.041931,1,585.824317
-2.240734,3,585.859143
-3.339512,4,585.901906
-1.060838,2,585.933709
-3.330442,4,585.9958
-1.084191,2,586.016822
-0.052636,1,586.032851
-0.027279,1,586.046863
-1.09316,2,586.074903
-0.04655,1,586.084913
-3.46625,4,586.139732
-0.019812,1,586.153753
-1.140146,2,586.182793
-2.220738,3,586.219345
-2.199597,3,586.256886
-2.169281,3,586.29105
-3.338461,4,586.345863
-3.306672,4,586.396711
-2.237258,3,586.431758
-1.082038,2,586.452782
-0.044456,1,586.469809
-2.214901,3,586.502964
-1.1139,2,586.524776
-2.241026,3,586.553803
-0.029465,1,586.572828
-2.207605,3,586.608368
-2.210114,3,586.64323
-3.293755,4,586.689885
-2.193693,3,586.725939
-1.110117,2,586.748223
-2.161954,3,586.784774
-1.116171,2,586.808304
-1.128789,2,586.832833
-1.152754,2,586.856859
-2.199981,3,586.891015
-1.115607,2,586.915762
-2.228204,3,586.956814
-2.213483,3,586.99939
-2.154624,3,587.034606
-3.300363,4,587.084812
-2.249046,3,587.126601
-3.281931,4,587.178194
-1.150195,2,587.20224
-2.184429,3,587.240874
-3.310521,4,587.294799
-0.009088,1,587.306307
-3.351518,4,587.352903
-1.125092,2,587.380754
-1.139348,2,587.406781
-0.024863,1,587.418297
-3.409542,4,587.46836
-1.13074,2,587.494896
-0.05203,1,587.511941
-0.04497,1,587.526039
-2.257804,3,587.565833
-2.246874,3,587.609397
-3.340562,4,587.652225
-2.277215,3,587.682853
-1.078287,2,587.70589
-2.186486,3,587.732944
-2.170862,3,587.774109
-1.100736,2,587.795639
-1.119959,2,587.815658
-2.258305,3,587.84369
-2.229608,3,587.879232
-3.409129,4,587.926139
-1.084208,2,587.946712
-2.22292,3,587.978247
-3.328679,4,588.028989
-2.147014,3,588.063859
-0.040491,1,588.073872
-0.013852,1,588.082883
-2.187121,3,588.123735
-1.116115,2,588.145754
-2.224949,3,588.179798
-2.19915,3,588.213854
-2.180547,3,588.252911
-3.28824,4,588.298714
-3.36608,4,588.351804
-2.172881,3,588.390856
-2.205838,3,588.435915
-3.32935,4,588.484736
-2.217817,3,588.518383
-3.277532,4,588.568391
-1.109849,2,588.596437
-2.256846,3,588.627131
-3.393537,4,588.676723
-1.113656,2,588.696253
-2.205022,3,588.729284
-1.055638,2,588.749903
-1.104916,2,588.778109
-0.014653,1,588.789725
-2.18185,3,588.831273
-3.283705,4,588.870366
-2.267114,3,588.900376
-2.178868,3,588.929404
-2.215177,3,588.963119
-1.10937,2,588.982141
-3.33006,4,589.028188
-2.207172,3,589.058217
-1.136354,2,589.081746
-2.221496,3,589.115287
-1.151963,2,589.139314
-0.030262,1,589.149323
-2.219598,3,589.183899
-1.118219,2,589.211975
-3.33603,4,589.25614
-2.262554,3,589.286707
-2.213391,3,589.325256
-3.392951,4,589.366831
-0.013143,1,589.380861
-3.304587,4,589.429295
-1.087424,2,589.456824
-2.229606,3,589.491882
-2.230533,3,589.524032
-1.071154,2,589.550727
-2.200474,3,589.586759
-1.101752,2,589.609286
-3.312454,4,589.652338
-0.027291,1,589.664862
-2.197978,3,589.705911
-3.305607,4,589.750619
-1.070009,2,589.785665
-2.199047,3,589.830782
-0.03506,1,589.845793
-2.222811,3,589.879841
-3.253391,4,589.923066
-2.170687,3,589.95117
-2.171147,3,589.983714
-3.246235,4,590.024773
-3.362297,4,590.065816
-0.053932,1,590.075827
-1.142309,2,590.100361
-2.267599,3,590.132392
-1.126271,2,590.152409
-2.187791,3,590.185018
-1.105389,2,590.217092
-3.409166,4,590.260179
-3.444488,4,590.305776
-3.341187,4,590.349331
-3.3308,4,590.398897
-3.293839,4,590.443986
-3.317252,4,590.486607
-1.106658,2,590.506132
-2.207945,3,590.546742
-0.045933,1,590.558261
-1.085744,2,590.582794
-2.250654,3,590.613971
-1.110653,2,590.643837
-1.146232,2,590.665856
-3.453276,4,590.710934
-2.20158,3,590.745979
-2.18163,3,590.785073
-2.223224,3,590.823141
-0.037228,1,590.832678
-3.293794,4,590.88174
-3.339459,4,590.926898
-2.264127,3,590.955958
-1.107773,2,590.978499
-2.262153,3,591.009631
-2.192985,3,591.041664
-0.023113,1,591.050671
-2.186896,3,591.0817
-1.14394,2,591.101222
-3.292983,4,591.146794
-2.185494,3,591.175198
-3.313097,4,591.215743
-2.220929,3,591.249786
-3.355677,4,591.299345
-2.173496,3,591.331924
-3.318128,4,591.375595
-2.285151,3,591.419172
-3.357228,4,591.543816
-2.212913,3,591.598938
-2.266474,3,591.648067
-0.038075,1,591.662587
-2.238626,3,591.706149
-2.216728,3,591.746756
-0.040952,1,591.761793
-1.090321,2,591.791843
-0.040459,1,591.811968
-3.327821,4,591.870655
-3.449139,4,591.926779
-2.256493,3,591.962823
-3.367825,4,592.012383
-2.209964,3,592.041178
-2.198726,3,592.074775
-2.217668,3,592.106313
-2.182424,3,592.139901
-2.144619,3,592.166989
-2.20486,3,592.199065
-2.216545,3,592.228096
-2.184452,3,592.261131
-3.337856,4,592.308139
-1.117836,2,592.330679
-2.228909,3,592.364715
-0.04955,1,592.381748
-2.288192,3,592.417291
-2.159668,3,592.449884
-2.184037,3,592.482925
-0.034413,1,592.497451
-3.319968,4,592.556776
-2.261099,3,592.593834
-1.134688,2,592.615972
-0.045692,1,592.63304
-1.087215,2,592.653587
-2.184849,3,592.684621
-2.171439,3,592.71666
-1.117973,2,592.7447
-2.267992,3,592.783765
-3.319956,4,592.834876
-2.162114,3,592.868922
-2.222293,3,592.910389
-2.200391,3,592.946692
-2.23995,3,592.980741
-1.128075,2,593.002269
-2.235649,3,593.041864
-2.194752,3,593.073898
-2.25558,3,593.10297
-0.017589,1,593.11301
-2.192954,3,593.146592
-2.260338,3,593.176115
-3.27664,4,593.215719
-1.112297,2,593.234745
-1.107838,2,593.256764
-1.081543,2,593.278287
-2.194365,3,593.309825
-2.217648,3,593.344865
-3.289003,4,593.390177
-3.338695,4,593.432914
-3.34837,4,593.474106
-3.366043,4,593.516688
-2.221697,3,593.556731
-1.115197,2,593.579768
-2.203033,3,593.611802
-2.222265,3,593.649345
-1.095923,2,593.678378
-2.272992,3,593.71393
-3.357771,4,593.756718
-2.220687,3,593.796781
-2.171004,3,593.836833
-2.159918,3,593.866871
-1.144129,2,593.889904
-1.113583,2,593.912969
-3.28579,4,593.966652
-0.036977,1,593.979174
-2.238138,3,594.010711
-0.037556,1,594.019721
-2.231763,3,594.061891
-2.262576,3,594.095955
-2.224746,3,594.131617
-3.297142,4,594.179682
-2.273817,3,594.214771
-2.238739,3,594.24323
-1.095198,2,594.263836
-2.220302,3,594.292873
-1.108387,2,594.315892
-2.262233,3,594.346024
-2.19738,3,594.376098
-2.210949,3,594.406723
-2.185787,3,594.442774
-2.150429,3,594.473807
-3.346792,4,594.512853
-1.106002,2,594.530873
-2.150168,3,594.566909
-2.190159,3,594.603147
-1.068943,2,594.626721
-1.094532,2,594.646746
-0.04208,1,594.664768
-2.248292,3,594.699314
-3.321548,4,594.744903
-3.27052,4,594.792675
-3.312413,4,594.845833
-0.032875,1,594.856843
-2.249852,3,594.886877
-2.156021,3,594.928455
-3.316149,4,594.978188
-2.17687,3,595.011741
-2.211309,3,595.046775
-2.173632,3,595.079314
-1.080646,2,595.105846
-2.226637,3,595.143904
-2.215594,3,595.174095
-2.259284,3,595.206797
-3.298825,4,595.259866
-1.108738,2,595.281893
-3.376283,4,595.323068
-2.268672,3,595.350755
-1.075076,2,595.37678
-3.311748,4,595.414859
-1.120057,2,595.434882
-1.127334,2,595.456273
-2.271182,3,595.491862
-3.351267,4,595.531983
-3.335435,4,595.57461
-2.211774,3,595.604156
-2.186533,3,595.634767
-2.190039,3,595.669342
-3.343128,4,595.715981
-2.219144,3,595.749108
-3.286522,4,595.802861
-2.197935,3,595.835893
-2.236911,3,595.866971
-3.366481,4,595.914045
-2.244193,3,595.953712
-3.387196,4,595.998091
-2.149918,3,596.03172
-3.360462,4,596.078277
-2.176499,3,596.114887
-1.120409,2,596.140855
-1.126585,2,596.161884
-0.041233,1,596.173897
-1.061875,2,596.199962
-1.137973,2,596.222033
-3.331539,4,596.268139
-1.118716,2,596.292841
-0.017641,1,596.307359
-2.295245,3,596.342469
-2.154069,3,596.375062
-2.264337,3,596.406944
-2.225446,3,596.440702
-2.193764,3,596.469808
-2.295246,3,596.499844
-1.100861,2,596.518359
-0.018675,1,596.531376
-1.102715,2,596.549392
-2.255354,3,596.580022
-0.020065,1,596.590132
-2.24001,3,596.627192
-3.348216,4,596.664827
-2.263935,3,596.696861
-3.303209,4,596.739092
-2.245834,3,596.78013
-3.416417,4,596.829377
-0.022766,1,596.840895
-2.204697,3,596.873963
-1.067841,2,596.900127
-1.100956,2,596.925663
-1.121489,2,596.948189
-1.100983,2,596.968211
-2.253456,3,597.008271
-2.214812,3,597.040914
-2.179906,3,597.07407
-0.036924,1,597.083796
-1.146606,2,597.112346
-3.311825,4,597.161587
-1.069616,2,597.18261
-1.088979,2,597.20614
-3.375189,4,597.256771
-3.315689,4,597.299829
-3.299666,4,597.353019
-1.113248,2,597.3736
-1.138379,2,597.400641
-2.165775,3,597.436876
-1.118313,2,597.459905
-2.220708,3,597.494158
-2.285582,3,597.531711
-1.073353,2,597.55573
-3.306073,4,597.601795
-1.101398,2,597.623854
-3.332076,4,597.666905
-2.197894,3,597.699192
-2.218922,3,597.729743
-2.220392,3,597.764796
-1.094965,2,597.804375
-2.227177,3,597.841027
-3.292022,4,597.893729
-2.162394,3,597.928298
-2.17352,3,597.966843
-2.253,3,597.999889
-2.29195,3,598.033025
-3.362106,4,598.07961
-3.297258,4,598.131814
-2.223363,3,598.16385
-2.262624,3,598.195885
-1.142847,2,598.217026
-2.244522,3,598.257104
-2.17347,3,598.287134
-2.226635,3,598.32474
-1.056308,2,598.349779
-3.376179,4,598.402859
-2.177903,3,598.434925
-1.144771,2,598.461975
-2.228251,3,598.504248
-3.297205,4,598.560868
-2.253569,3,598.601731
-1.098341,2,598.629362
-1.101029,2,598.650891
-2.26207,3,598.691832
-2.218718,3,598.725374
-3.296693,4,598.766072
-3.365986,4,598.815921
-2.232038,3,598.849058
-2.210989,3,598.880136
-2.205091,3,598.91326
-2.223829,3,598.946875
-3.323363,4,599.000007
-2.177268,3,599.035719
-3.302636,4,599.080782
-1.099853,2,599.108316
-0.03964,1,599.123864
-3.313078,4,599.172679
-3.337456,4,599.219242
-2.256272,3,599.258351
-2.275968,3,599.2949
-2.14351,3,599.327013
-3.329658,4,599.370112
-0.040822,1,599.380689
-1.146263,2,599.407215
-3.337147,4,599.456878
-3.399368,4,599.498966
-1.150932,2,599.519014
-3.284388,4,599.57676
-1.124092,2,599.596784
-1.136224,2,599.616311
-2.287878,3,599.650912
-3.370651,4,599.696737
-2.214722,3,599.728169
-3.305432,4,599.773734
-1.127297,2,599.796766
-2.187041,3,599.83285
-3.282285,4,599.872893
-0.032927,1,599.881902
-3.342587,4,599.922312
-2.229138,3,599.956932
-1.124563,2,599.977026
-2.182704,3,600.010383
-2.201171,3,600.04074
-0.026273,1,600.056756
-2.276179,3,600.093809
-1.079062,2,600.116934
-2.237501,3,600.150059
-1.134557,2,600.176097
-2.19983,3,600.21065
-2.215865,3,600.245687
-1.092855,2,600.268209
-3.46289,4,600.316313
-1.131964,2,600.341354
-0.023458,1,600.351024
-1.10926,2,600.374724
-0.045768,1,600.394755
-2.245437,3,600.432837
-2.266328,3,600.466884
-1.150935,2,600.489147
-2.172491,3,600.531262
-2.178733,3,600.564851
-1.101016,2,600.593893
-2.191475,3,600.625633
-0.00776,1,600.640658
-1.094292,2,600.663684
-0.037837,1,600.675695
-2.193214,3,600.708233
-3.274635,4,600.759856
-2.16002,3,600.795898
-1.137458,2,600.815918
-2.244511,3,600.845568
-0.025917,1,600.861095
-0.034815,1,600.873109
-3.298474,4,600.91233
-2.174909,3,600.945775
-1.123173,2,600.970538
-2.164264,3,601.00936
-3.322747,4,601.048392
-1.102738,2,601.066911
-1.121721,2,601.093507
-2.236361,3,601.126144
-2.284309,3,601.156829
-3.351803,4,601.201884
-1.126769,2,601.231004
-3.356536,4,601.276706
-1.08052,2,601.298231
-1.096476,2,601.326815
-1.122507,2,601.356861
-2.210339,3,601.390915
-1.098419,2,601.412569
-3.267558,4,601.459224
-1.110397,2,601.489791
-3.349731,4,601.53695
-1.128072,2,601.559306
-1.069385,2,601.580837
-2.20756,3,601.616906
-1.100654,2,601.640593
-0.048661,1,601.650062
-1.125369,2,601.67713
-1.083054,2,601.701691
-3.308769,4,601.756833
-3.271943,4,601.81106
-2.170675,3,601.848254
-1.096308,2,601.875789
-1.090461,2,601.895812
-3.314553,4,601.93387
-2.265222,3,601.96841
-0.031307,1,601.981202
-2.266579,3,602.010737
-2.276123,3,602.04177
-1.107702,2,602.063792
-3.360522,4,602.109357
-1.131873,2,602.129941
-3.398346,4,602.166751
-3.377893,4,602.208815
-1.098071,2,602.234959
-0.035484,1,602.246975
-1.14461,2,602.274832
-1.099871,2,602.296859
-3.379226,4,602.349952
-1.08148,2,602.375791
-3.365901,4,602.419349
-2.174452,3,602.452941
-3.291816,4,602.512262
-2.178367,3,602.549368
-2.249792,3,602.583178
-2.202426,3,602.623086
-3.381632,4,602.674704
-2.169572,3,602.706238
-2.284852,3,602.744851
-1.096107,2,602.766875
-2.128993,3,602.812042
-1.115567,2,602.840659
-2.229329,3,602.869699
-2.219949,3,602.901188
-2.14988,3,602.941743
-2.197805,3,602.985804
-2.241847,3,603.078372
-1.104456,2,603.11722
-2.250602,3,603.175896
-3.345158,4,603.227011
-2.25232,3,603.264712
-1.087364,2,603.290342
-0.038641,1,603.308344
-1.091785,2,603.338394
-3.375882,4,603.398461
-3.293977,4,603.450922
-1.07694,2,603.477022
-2.201824,3,603.51225
-1.0713,2,603.534845
-0.041089,1,603.548358
-3.470294,4,603.599949
-1.121139,2,603.628526
-3.383802,4,603.673722
-1.071113,2,603.696745
-3.41431,4,603.749825
-1.160949,2,603.779867
-1.146776,2,603.807895
-2.253651,3,603.841048
-3.360475,4,603.886831
-2.146756,3,603.920878
-2.185766,3,603.952441
-2.281483,3,603.985692
-2.245548,3,604.024738
-2.280567,3,604.058273
-3.311512,4,604.09582
-2.162838,3,604.122848
-3.278203,4,604.169909
-3.406049,4,604.20701
-2.213307,3,604.233698
-1.11859,2,604.256717
-1.130673,2,604.283752
-2.136578,3,604.312783
-2.220587,3,604.340702
-3.337791,4,604.383864
-2.230161,3,604.423915
-1.099093,2,604.448167
-1.074177,2,604.4697
-2.229004,3,604.50674
-3.340268,4,604.556805
-1.133902,2,604.580847
-2.290848,3,604.615887
-1.080218,2,604.638957
-3.350329,4,604.687196
-2.171479,3,604.72396
-1.119614,2,604.745695
-2.249345,3,604.781742
-2.263625,3,604.8258
-2.177572,3,604.856831
-1.137213,2,604.876855
-1.069292,2,604.899226
-2.164857,3,604.940785
-0.014808,1,604.949791
-2.208432,3,604.98483
-3.377417,4,605.028383
-0.018695,1,605.045905
-1.137024,2,605.073069
-0.0259,1,605.082787
-2.261571,3,605.115819
-1.128593,2,605.14686
-2.275392,3,605.176895
-3.327194,4,605.213695
-3.287785,4,605.252744
-1.123516,2,605.278273
-0.04835,1,605.289291
-3.286461,4,605.325827
-2.26127,3,605.356858
-2.173493,3,605.391908
-0.01196,1,605.400499
-1.113896,2,605.419028
-2.23915,3,605.44911
-3.394739,4,605.499764
-1.145485,2,605.519794
-2.252968,3,605.55183
-3.334209,4,605.606896
-2.190112,3,605.642742
-3.288584,4,605.686782
-2.207588,3,605.72683
-2.185152,3,605.758364
-3.309451,4,605.818417
-1.108367,2,605.840683
-0.044953,1,605.850292
-3.280737,4,605.894736
-1.131172,2,605.923954
-1.13701,2,605.944014
-3.288102,4,605.98413
-2.240938,3,606.020783
-2.269635,3,606.056818
-2.237726,3,606.086853
-2.194336,3,606.119392
-1.090493,2,606.142917
-2.18282,3,606.179008
-0.03826,1,606.190404
-2.241167,3,606.220656
-3.348759,4,606.263701
-0.005192,1,606.276717
-2.210781,3,606.308254
-3.33624,4,606.348304
-1.06128,2,606.369335
-0.025557,1,606.382856
-3.344812,4,606.433999
-1.107,2,606.455664
-2.252231,3,606.485706
-3.366751,4,606.526718
-2.221369,3,606.563766
-3.239156,4,606.60681
-2.233272,3,606.639366
-1.089512,2,606.666898
-0.054741,1,606.679074
-1.13362,2,606.700677
-2.255075,3,606.73174
-3.402009,4,606.787337
-2.185347,3,606.825244
-2.224798,3,606.858302
-1.108264,2,606.880247
-2.224333,3,606.924938
-2.227402,3,606.956811
-2.254219,3,606.991868
-0.019372,1,607.000875
-1.139639,2,607.028953
-3.315412,4,607.076845
-1.136228,2,607.099877
-2.221196,3,607.135737
-2.253708,3,607.174795
-2.203717,3,607.20834
-2.218512,3,607.243661
-1.125134,2,607.264693
-0.049167,1,607.281719
-2.179227,3,607.314262
-2.184212,3,607.3485
-2.198368,3,607.377072
-3.3017,4,607.422634
-1.089892,2,607.445665
-2.225923,3,607.478196
-2.242384,3,607.505726
-1.102069,2,607.530804
-2.203431,3,607.561837
-0.045165,1,607.573852
-2.162268,3,607.601883
-2.182734,3,607.63396
-1.14131,2,607.65385
-2.260977,3,607.68989
-1.155784,2,607.708917
-1.115953,2,607.734704
-2.20789,3,607.769247
-3.407186,4,607.816305
-4.508489,5,607.877367
-1.078178,2,607.903022
-0.030005,1,607.915561
-1.130934,2,607.935695
-2.236172,3,607.969234
-1.121249,2,607.996769
-1.127342,2,608.016917
-2.2178,3,608.04905
-2.206447,3,608.081095
-3.399386,4,608.130806
-1.140663,2,608.151826
-2.159169,3,608.183848
-2.235788,3,608.2194
-3.363702,4,608.269777
-1.145867,2,608.294807
-3.281844,4,608.343937
-3.322021,4,608.383695
-2.219632,3,608.424249
-2.210584,3,608.454837
-3.260818,4,608.606701
-2.138051,3,608.644797
-1.101805,2,608.673839
-2.237051,3,608.703877
-2.192398,3,608.736669
-3.280189,4,608.797329
-0.045941,1,608.818362
-1.062478,2,608.848746
-2.265322,3,608.894888
-1.061237,2,608.917427
-1.119827,2,608.958214
-1.140343,2,608.982215
-2.157943,3,609.01731
-2.199939,3,609.050425
-2.176878,3,609.093676
-2.177041,3,609.127221
-0.009073,1,609.136232
-2.213262,3,609.166807
-2.216082,3,609.206865
-1.093487,2,609.231047
-2.227728,3,609.26825
-3.324777,4,609.317316
-2.249656,3,609.379225
-0.026606,1,609.394749
-3.371974,4,609.444848
-1.087157,2,609.466878
-2.20582,3,609.50702
-2.240648,3,609.540929
-3.3711,4,609.58202
-1.100375,2,609.600236
-3.233722,4,609.645091
-1.104748,2,609.664134
-2.1483,3,609.691698
-3.382783,4,609.729246
-2.29204,3,609.762852
-3.254988,4,609.811926
-3.332766,4,609.857023
-2.21081,3,609.883657
-2.195078,3,609.925223
-2.200201,3,609.956997
-3.325484,4,610.000752
-2.146068,3,610.039857
-2.286677,3,610.079008
-3.288685,4,610.120153
-3.383933,4,610.162856
-0.046344,1,610.173869
-2.145239,3,610.214482
-2.211744,3,610.249101
-1.11697,2,610.274126
-1.118981,2,610.29586
-2.277326,3,610.335927
-2.231657,3,610.375061
-2.179923,3,610.408606
-0.016764,1,610.41913
-2.184947,3,610.455668
-2.225348,3,610.486703
-3.273376,4,610.531054
-2.159164,3,610.564768
-2.184378,3,610.608326
-2.205461,3,610.644929
-2.219797,3,610.678077
-1.102949,2,610.698102
-2.173719,3,610.734152
-1.120304,2,610.756753
-3.251469,4,610.79931
-3.34328,4,610.842485
-1.141299,2,610.867026
-3.35511,4,610.906672
-2.161437,3,610.934705
-3.305084,4,610.976746
-3.367236,4,611.024962
-1.131139,2,611.046662
-0.0086,1,611.060687
-2.283938,3,611.09473
-2.280142,3,611.13429
-3.33686,4,611.18088
-3.377698,4,611.225033
-2.146457,3,611.25381
-1.084764,2,611.281849
-1.130409,2,611.30688
-3.376504,4,611.35105
-2.257924,3,611.394687
-3.318674,4,611.44285
-2.168176,3,611.473883
-2.257337,3,611.508952
-3.344242,4,611.550656
-1.1032,2,611.578189
-3.330981,4,611.624254
-2.208855,3,611.661865
-1.104264,2,611.68289
-0.032158,1,611.70092
-3.365981,4,611.749151
-1.097598,2,611.768167
-2.241119,3,611.80072
-2.219925,3,611.848619
-2.234254,3,611.881794
-0.017036,1,611.892802
-3.331009,4,611.931891
-2.180333,3,611.974661
-3.322524,4,612.011702
-2.223641,3,612.045787
-2.247235,3,612.080834
-1.110321,2,612.106857
-2.215595,3,612.141003
-3.372268,4,612.185724
-1.091525,2,612.206747
-0.039824,1,612.223279
-2.233804,3,612.258478
-2.190415,3,612.294082
-1.12067,2,612.3141
-0.019911,1,612.331633
-2.24709,3,612.366665
-0.040735,1,612.380212
-0.035273,1,612.391711
-2.250146,3,612.429288
-1.130086,2,612.448314
-2.264112,3,612.482856
-0.022905,1,612.495874
-1.101447,2,612.523916
-2.262694,3,612.559042
-1.085409,2,612.580995
-3.27489,4,612.624156
-3.332935,4,612.670204
-1.145541,2,612.696744
-3.374665,4,612.742861
-2.172648,3,612.773895
-2.190922,3,612.819248
-1.147234,2,612.842283
-1.056263,2,612.86292
-1.13037,2,612.889086
-1.114914,2,612.923266
-1.113949,2,612.946842
-3.299802,4,612.98489
-2.248026,3,613.018427
-1.099144,2,613.043983
-3.39266,4,613.084839
-2.204178,3,613.111864
-1.060506,2,613.130955
-0.049898,1,613.152644
-2.256386,3,613.183675
-2.196999,3,613.215708
-0.032735,1,613.230247
-2.226914,3,613.266867
-2.210575,3,613.296906
-2.246946,3,613.329698
-3.2763,4,613.381768
-3.36363,4,613.429318
-3.361155,4,613.472924
-2.294707,3,613.503034
-2.193679,3,613.538146
-0.051237,1,613.556673
-0.010968,1,613.574701
-1.102071,2,613.599736
-2.196175,3,613.631774
-1.125216,2,613.655798
-3.290987,4,613.698349
-0.020113,1,613.711875
-3.296766,4,613.75594
-2.204046,3,613.796664
-3.370639,4,613.846731
-0.025288,1,613.85574
-1.111507,2,613.876765
-1.098206,2,613.9018
-2.256166,3,613.935845
-2.247189,3,613.962871
-3.281287,4,613.996907
-2.223913,3,614.030041
-2.193377,3,614.060763
-2.20512,3,614.092806
-3.406095,4,614.138379
-2.193798,3,614.171069
-2.21768,3,614.199152
-3.341488,4,614.2407
-2.213454,3,614.271739
-0.051901,1,614.288255
-3.393145,4,614.331822
-3.364954,4,614.374872
-0.051856,1,614.383881
-3.434155,4,614.431684
-3.255502,4,614.475731
-2.212782,3,614.505763
-1.117317,2,614.526788
-0.045773,1,614.541811
-2.224433,3,614.576854
-2.18387,3,614.611907
-3.304393,4,614.650065
-1.084685,2,614.678693
-2.232234,3,614.709229
-2.242985,3,614.740829
-3.373504,4,614.783875
-2.183766,3,614.830544
-2.190016,3,614.866657
-1.121405,2,614.892699
-3.322173,4,614.943765
-1.095082,2,614.968287
-3.320862,4,615.010849
-3.41763,4,615.050908
-3.276894,4,615.088982
-1.139171,2,615.114636
-2.199183,3,615.144714
-3.32525,4,615.180757
-3.304475,4,615.217296
-1.118441,2,615.242907
-1.147994,2,615.261541
-0.052419,1,615.27405
-3.335998,4,615.314771
-1.122215,2,615.33936
-2.181066,3,615.366898
-2.171671,3,615.399681
-1.114928,2,615.420207
-3.285884,4,615.471834
-2.145068,3,615.500867
-2.261836,3,615.534404
-2.231127,3,615.567548
-2.230413,3,615.610781
-1.104459,2,615.636864
-0.033345,1,615.649889
-0.007645,1,615.660905
-3.404856,4,615.711688
-3.348183,4,615.750852
-1.101078,2,615.773871
-0.027536,1,615.786891
-2.206931,3,615.829084
-3.310304,4,615.869712
-3.387984,4,615.914272
-3.394526,4,615.954823
-1.145787,2,615.983865
-2.149278,3,616.02092
-2.144565,3,616.053529
-2.210857,3,616.086663
-1.11031,2,616.118212
-3.318597,4,616.158939
-1.087163,2,616.176989
-1.131564,2,616.197048
-0.031091,1,616.211065
-3.37977,4,616.250828
-2.245546,3,616.284867
-2.136476,3,616.314903
-2.142058,3,616.351997
-3.368795,4,616.398134
-2.21255,3,616.425163
-3.321726,4,616.471817
-3.378569,4,616.518867
-3.302744,4,616.564669
-2.174163,3,616.596708
-2.176736,3,616.63286
-3.367147,4,616.681069
-2.245655,3,616.711731
-2.218995,3,616.742267
-1.105839,2,616.764906
-3.383223,4,616.822721
-3.320453,4,616.864771
-3.399981,4,616.910834
-3.310626,4,616.952005
-1.139687,2,616.982811
-2.291922,3,617.015846
-3.327847,4,617.061066
-2.226198,3,617.094675
-1.100506,2,617.126226
-3.436717,4,617.168313
-3.283373,4,617.21404
-3.285706,4,617.253773
-0.038141,1,617.268284
-2.211334,3,617.298319
-1.112354,2,617.318342
-2.159883,3,617.346956
-0.024362,1,617.361026
-2.156812,3,617.391768
-0.017674,1,617.40278
-3.334449,4,617.439348
-3.291139,4,617.485904
-0.039093,1,617.498431
-1.125736,2,617.522014
-1.110139,2,617.540112
-3.301242,4,617.588306
-1.150908,2,617.61485
-2.26755,3,617.649932
-2.226045,3,617.685697
-2.19093,3,617.727256
-2.19927,3,617.758296
-2.254913,3,617.791853
-1.090663,2,617.815876
-3.32992,4,617.864666
-2.148334,3,617.896701
-2.198469,3,617.930852
-2.247609,3,617.966889
-2.276155,3,618.013679
-2.244595,3,618.042006
-2.258107,3,618.074739
-1.095699,2,618.096761
-2.206447,3,618.136839
-2.244472,3,618.168373
-2.264751,3,618.20093
-2.254606,3,618.233039
-0.037971,1,618.249071
-1.143117,2,618.270631
-2.267174,3,618.306668
-1.090837,2,618.32669
-1.102857,2,618.351727
-2.269665,3,618.38076
-0.019184,1,618.391774
-1.091656,2,618.410796
-0.020109,1,618.423804
-2.230512,3,618.461861
-0.049156,1,618.471872
-3.30798,4,618.510941
-2.224626,3,618.551736
-1.102054,2,618.572757
-3.363001,4,618.616811
-0.041067,1,618.635841
-0.040998,1,618.679996
-0.020046,1,618.706669
-1.104257,2,618.763782
-0.045471,1,618.788324
-2.23906,3,618.858575
-3.367527,4,618.916776
-2.187845,3,618.965856
-0.017662,1,618.981894
-0.029617,1,619.002939
-1.100566,2,619.035709
-2.208618,3,619.081788
-1.136477,2,619.108398
-0.047745,1,619.131707
-2.190162,3,619.238932
-2.186116,3,619.299173
-0.022817,1,619.3167
-1.144203,2,619.35277
-3.450427,4,619.409847
-0.049977,1,619.425864
-2.151711,3,619.472112
-2.245982,3,619.51825
-3.353721,4,619.556794
-2.216934,3,619.59685
-2.288206,3,619.659159
-3.30439,4,619.762854
-1.105614,2,619.801946
-3.371215,4,619.86676
-2.218557,3,619.904807
-2.23601,3,619.960909
-3.331736,4,620.022767
-1.100949,2,620.044788
-2.198449,3,620.078325
-0.028907,1,620.09385
-1.092538,2,620.118375
-2.22239,3,620.151953
-1.084401,2,620.174697
-2.252999,3,620.210752
-1.063707,2,620.231772
-1.087336,2,620.251794
-3.31086,4,620.29684
-2.206074,3,620.334886
-1.098552,2,620.356911
-2.182944,3,620.390005
-3.336666,4,620.432163
-1.125252,2,620.459202
-3.346714,4,620.500752
-0.015839,1,620.513764
-2.234287,3,620.545805
-2.280352,3,620.580858
-2.237394,3,620.61489
-1.097286,2,620.637441
-0.052055,1,620.64695
-2.276565,3,620.681638
-3.319228,4,620.720762
-2.150062,3,620.748296
-2.216533,3,620.78084
-2.241371,3,620.822892
-1.104489,2,620.846946
-3.383087,4,620.884071
-2.202258,3,620.914784
-1.135366,2,620.955847
-2.282606,3,620.991898
-1.118755,2,621.014954
-2.187419,3,621.049261
-1.103382,2,621.076791
-3.269035,4,621.132883
-2.2315,3,621.172993
-2.229478,3,621.208559
-2.243959,3,621.25272
-2.248858,3,621.283752
-3.297238,4,621.328308
-1.113318,2,621.349842
-3.35474,4,621.400396
-3.326645,4,621.444065
-1.114345,2,621.464624
-1.124455,2,621.49067
-2.199347,3,621.528712
-1.065371,2,621.54835
-0.037176,1,621.55937
-2.228936,3,621.591594
-2.233574,3,621.630685
-1.101274,2,621.649702
-0.039532,1,621.660718
-3.295438,4,621.699756
-0.047389,1,621.714771
-2.261776,3,621.746981
-2.24623,3,621.776664
-3.287812,4,621.826229
-2.217982,3,621.863868
-0.015449,1,621.87488
-2.247732,3,621.908446
-2.216623,3,621.937026
-2.180072,3,621.976605
-3.347007,4,622.016648
-2.247781,3,622.053693
-2.181177,3,622.091748
-0.029758,1,622.104761
-2.171619,3,622.139809
-3.325847,4,622.185866
-2.212001,3,622.218415
-3.284839,4,622.269653
-1.112898,2,622.29168
-3.384032,4,622.332772
-2.263113,3,622.364808
-2.204475,3,622.40486
-2.188384,3,622.436958
-1.105484,2,622.457512
-2.217211,3,622.496649
-2.197779,3,622.538261
-1.123446,2,622.559289
-1.084083,2,622.583825
-2.190247,3,622.61686
-2.227485,3,622.654057
-3.367036,4,622.706795
-3.298799,4,622.751911
-2.261023,3,622.780763
-2.244453,3,622.823327
-2.193032,3,622.856905
-2.205888,3,622.884994
-3.373537,4,622.933188
-3.297452,4,622.976882
-3.4722,4,623.020032
-2.254748,3,623.052732
-2.222565,3,623.083769
-3.366209,4,623.132894
-0.036581,1,623.148939
-2.257637,3,623.192754
-1.074768,2,623.21828
-0.03115,1,623.236316
-3.417763,4,623.281979
-3.361561,4,623.324259
-1.120289,2,623.346966
-3.297539,4,623.40377
-1.112208,2,623.428809
-1.094095,2,623.454686
-2.19611,3,623.499255
-2.232616,3,623.534301
-1.068856,2,623.561694
-2.23535,3,623.595737
-0.019536,1,623.606747
-3.341702,4,623.659966
-2.215763,3,623.698313
-1.127047,2,623.725357
-3.411108,4,623.774705
-2.233783,3,623.815762
-2.247115,3,623.842935
-2.215298,3,623.871036
-0.019315,1,623.883054
-0.040212,1,623.89909
-2.240262,3,623.931273
-1.079046,2,623.958373
-2.243552,3,623.986903
-3.28997,4,624.033644
-3.327023,4,624.074704
-2.247002,3,624.103738
-2.177756,3,624.148334
-3.324217,4,624.194897
-2.17182,3,624.227021
-2.255032,3,624.260617
-2.236596,3,624.291651
-2.211452,3,624.330788
-0.022535,1,624.340802
-3.313315,4,624.382847
-2.153369,3,624.413888
-3.493016,4,624.46703
-3.384691,4,624.509904
-2.226655,3,624.544649
-1.126758,2,624.566672
-2.240713,3,624.604725
-2.168798,3,624.639271
-1.149975,2,624.659833
-0.012181,1,624.671847
-3.276219,4,624.725441
-2.25092,3,624.760627
-2.160004,3,624.79266
-1.138506,2,624.8207
-1.150669,2,624.848313
-2.249585,3,624.881853
-2.272431,3,624.909885
-3.342208,4,624.949952
-2.304658,3,624.984631
-2.236952,3,625.014665
-2.171542,3,625.048264
-2.240429,3,625.076796
-1.152036,2,625.10139
-2.247008,3,625.13397
-1.125821,2,625.152754
-3.389418,4,625.188292
-2.227174,3,625.226344
-2.151835,3,625.259963
-2.257322,3,625.293603
-2.294122,3,625.32814
-1.111005,2,625.356739
-3.384829,4,625.399786
-2.189621,3,625.431911
-2.226603,3,625.464614
-2.249089,3,625.50266
-3.471684,4,625.546811
-0.018637,1,625.558323
-2.228666,3,625.590865
-2.256153,3,625.633422
-0.033632,1,625.643929
-3.263562,4,625.68706
-3.447373,4,625.728271
-2.236566,3,625.766876
-2.247045,3,625.803446
-2.222452,3,625.837029
-2.213042,3,625.870702
-0.010451,1,625.886712
-0.055237,1,625.90035
-2.203299,3,625.93185
-2.230443,3,625.961879
-2.244336,3,626.001022
-2.28249,3,626.030294
-0.011458,1,626.039323
-2.284848,3,626.066965
-1.118645,2,626.092023
-2.196457,3,626.123663
-1.06001,2,626.144186
-1.139209,2,626.163755
-1.111104,2,626.189281
-0.038763,1,626.198288
-1.083115,2,626.216804
-2.185491,3,626.247338
-1.106915,2,626.270911
-3.404483,4,626.309097
-2.267845,3,626.339631
-3.301636,4,626.382674
-0.025259,1,626.399697
-1.1259,2,626.42494
-1.074651,2,626.448108
-2.275658,3,626.48165
-3.353131,4,626.535217
-2.174732,3,626.570779
-2.251679,3,626.601809
-0.034372,1,626.613822
-2.15036,3,626.652495
-0.045252,1,626.665002
-1.123529,2,626.686761
-2.26799,3,626.718293
-1.095369,2,626.746919
-1.100218,2,626.766587
-2.249842,3,626.801634
-3.424584,4,626.84829
-3.279128,4,626.896841
-2.1745,3,626.927378
-2.230693,3,626.958904
-0.015307,1,626.969935
-2.229864,3,627.00965
-2.171885,3,627.041694
-0.04179,1,627.054702
-0.049436,1,627.068216
-2.185198,3,627.106764
-2.299364,3,627.136799
-1.093109,2,627.159831
-2.157439,3,627.189365
-2.247961,3,627.225899
-2.179982,3,627.256968
-1.117261,2,627.276783
-0.020994,1,627.288295
-1.141355,2,627.316834
-0.043503,1,627.325848
-0.017325,1,627.338371
-3.390393,4,627.380949
-2.245131,3,627.414034
-2.180185,3,627.442731
-2.24539,3,627.476352
-1.085021,2,627.496946
-2.246152,3,627.534577
-2.238699,3,627.569627
-3.354925,4,627.614675
-2.205809,3,627.648261
-1.088136,2,627.676798
-1.105769,2,627.698324
-3.362846,4,627.741967
-2.28748,3,627.773028
-2.189985,3,627.818231
-2.231309,3,627.852849
-3.275594,4,627.896895
-2.199044,3,627.928548
-1.102496,2,627.955615
-2.246838,3,627.986645
-1.126874,2,628.008171
-1.127717,2,628.028192
-3.367541,4,628.076742
-1.126619,2,628.101789
-2.247193,3,628.13382
-2.229879,3,628.169866
-0.048216,1,628.186881
-0.039257,1,628.200904
-2.246508,3,628.233037
-2.201085,3,628.260132
-0.036567,1,628.273704
-1.121239,2,628.292725
-1.103518,2,628.313743
-2.251204,3,628.341774
-1.092373,2,628.364794
-0.01586,1,628.374804
-1.155566,2,628.393826
-2.284654,3,628.424862
-2.145725,3,628.455896
-2.182948,3,628.485937
-2.19153,3,628.513818
-1.149177,2,628.541861
-1.129867,2,628.570901
-0.035104,1,628.582923
-3.316724,4,628.628117
-1.08477,2,628.649701
-2.22682,3,628.686746
-3.439372,4,628.775908
-3.326753,4,628.875757
-0.004503,1,628.89381
-3.335409,4,628.975026
-2.244811,3,629.016701
-2.17081,3,629.06598
-0.05098,1,629.081646
-2.17163,3,629.133728
-2.251854,3,629.181794
-0.0287,1,629.194811
-1.091489,2,629.218341
-2.183448,3,629.264999
-1.152835,2,629.29109
-0.053905,1,629.305138
-2.232092,3,629.338192
-3.288361,4,629.384743
-1.110631,2,629.405766
-2.231012,3,629.436797
-2.273623,3,629.465827
-0.052864,1,629.480853
-1.093423,2,629.502879
-3.281614,4,629.541957
-2.237145,3,629.573074
-2.270799,3,629.607122
-2.182198,3,629.642796
-1.138142,2,629.664816
-3.294793,4,629.709377
-2.168444,3,629.751112
-1.120281,2,629.771742
-3.380519,4,629.821799
-3.344811,4,629.865839
-0.025492,1,629.881865
-2.194406,3,629.914895
-2.215338,3,629.948948
-3.279301,4,629.990618
-0.029285,1,630.008131
-3.374326,4,630.053703
-3.293049,4,630.094751
-2.19799,3,630.126782
-1.146601,2,630.15836
-2.193734,3,630.195913
-3.308908,4,630.240976
-1.14334,2,630.264052
-3.35586,4,630.314645
-2.229994,3,630.346681
-0.049464,1,630.359205
-2.239519,3,630.391752
-1.145507,2,630.414774
-2.22944,3,630.449317
-3.293926,4,630.491868
-1.120338,2,630.510889
-1.132409,2,630.53394
-2.195226,3,630.565711
-3.290223,4,630.605757
-3.391515,4,630.647303
-3.391695,4,630.69496
-1.119354,2,630.716748
-1.103258,2,630.740035
-1.087287,2,630.759685
-1.095749,2,630.789726
-1.142847,2,630.810753
-1.076954,2,630.840082
-1.076752,2,630.865103
-1.094072,2,630.892739
-3.373645,4,630.936291
-2.269219,3,630.966938
-2.238949,3,630.998574
-2.184641,3,631.039234
-2.265038,3,631.070841
-1.127304,2,631.091874
-2.21855,3,631.121909
-3.288391,4,631.16603
-1.138855,2,631.189694
-1.142621,2,631.212724
-2.272643,3,631.246852
-2.297565,3,631.282897
-2.169996,3,631.321064
-1.081884,2,631.345644
-2.244096,3,631.378181
-1.145471,2,631.406717
-1.110185,2,631.42674
-2.206839,3,631.463867
-1.111423,2,631.485889
-2.207389,3,631.521047
-1.07567,2,631.539073
-3.335964,4,631.579639
-3.311123,4,631.620179
-3.253797,4,631.666817
-2.160338,3,631.701874
-1.120587,2,631.723896
-1.112199,2,631.744059
-1.106148,2,631.768149
-0.040673,1,631.779165
-2.270792,3,631.814708
-1.135995,2,631.84289
-2.286576,3,631.879941
-1.123972,2,631.903717
-2.224171,3,631.937262
-2.235887,3,631.969889
-1.092521,2,631.998944
-2.224721,3,632.03205
-1.158271,2,632.055788
-0.01569,1,632.065803
-2.272859,3,632.108357
-2.16373,3,632.142104
-3.387404,4,632.186804
-2.276983,3,632.220739
-1.116471,2,632.249924
-1.098612,2,632.276986
-2.259196,3,632.305882
-3.360444,4,632.346937
-1.119434,2,632.375642
-3.289832,4,632.416683
-1.131644,2,632.439835
-3.357008,4,632.480891
-1.11805,2,632.509019
-1.102447,2,632.530717
-3.294498,4,632.576812
-3.337257,4,632.637402
-0.042611,1,632.654483
-1.082224,2,632.674595
-0.010071,1,632.686615
-3.385701,4,632.730687
-2.169682,3,632.810783
-3.429686,4,632.898356
-1.119562,2,632.937575
-2.231658,3,632.996833
-2.168041,3,633.048934
-2.186454,3,633.096668
-3.37602,4,633.156808
-3.304919,4,633.204867
-2.286647,3,633.24921
-0.044732,1,633.266738
-1.08611,2,633.328359
-3.345035,4,633.409386
-1.118185,2,633.458237
-1.150241,2,633.490983
-2.162227,3,633.535239
-2.231637,3,633.573898
-2.192362,3,633.625052
-2.222869,3,633.665746
-2.190505,3,633.706805
-2.225938,3,633.738348
-0.055252,1,633.754008
-1.118843,2,633.77405
-3.358553,4,633.820735
-1.107757,2,633.840258
-1.121123,2,633.863815
-0.049558,1,633.874828
-2.216942,3,633.90686
-3.313727,4,633.943405
-1.137307,2,633.966656
-2.229286,3,633.999832
-2.297861,3,634.031868
-1.083088,2,634.053133
-3.260951,4,634.100737
-2.201472,3,634.133275
-3.400947,4,634.176879
-3.333172,4,634.221647
-2.237075,3,634.259368
-2.261598,3,634.293911
-3.348343,4,634.344179
-2.251716,3,634.375898
-3.296993,4,634.426755
-2.20161,3,634.459926
-2.289108,3,634.492736
-2.255191,3,634.528283
-0.055917,1,634.544898
-2.281513,3,634.578978
-2.159245,3,634.610061
-2.290039,3,634.643148
-0.051079,1,634.660878
-2.187668,3,634.693914
-1.079169,2,634.712967
-1.076759,2,634.731019
-3.352367,4,634.791733
-3.355228,4,634.833283
-2.147451,3,634.870328
-2.217351,3,634.899884
-1.099569,2,634.920907
-2.211881,3,634.948523
-3.36362,4,634.990705
-2.296131,3,635.019735
-3.273665,4,635.062278
-0.027648,1,635.074288
-2.170518,3,635.110939
-3.40217,4,635.15362
-1.052437,2,635.180658
-1.095837,2,635.204681
-0.025323,1,635.215694
-1.144087,2,635.238224
-3.334377,4,635.293629
-2.178591,3,635.328171
-2.251913,3,635.359884
-2.205529,3,635.391943
-2.254917,3,635.431621
-2.185992,3,635.463755
-3.330489,4,635.509824
-2.282427,3,635.543369
-2.199601,3,635.586623
-1.076076,2,635.608149
-3.382742,4,635.656729
-2.204331,3,635.688266
-2.160046,3,635.732824
-1.126066,2,635.768214
-3.37458,4,635.892787
-2.222858,3,635.940371
-2.25977,3,636.006759
-0.023935,1,636.022792
-2.162694,3,636.058405
-2.212657,3,636.092005
-3.417282,4,636.154014
-2.262519,3,636.190722
-1.139878,2,636.212748
-2.243467,3,636.245289
-3.261365,4,636.296519
-2.164501,3,636.331727
-2.221294,3,636.363787
-1.118367,2,636.386805
-2.187856,3,636.426848
-1.101851,2,636.448371
-0.035731,1,636.459384
-3.352608,4,636.503074
-2.25635,3,636.542166
-1.111269,2,636.564189
-0.004861,1,636.575731
-1.110759,2,636.595762
-1.122869,2,636.624311
-2.182357,3,636.661511
-3.363628,4,636.702904
-2.1713,3,636.742988
-2.182721,3,636.782638
-2.27103,3,636.821684
-2.182215,3,636.85397
-3.301396,4,636.898126
-0.040329,1,636.910647
-2.301191,3,636.94719
-2.209305,3,636.978731
-2.160779,3,637.008253
-0.027096,1,637.022787
-2.180183,3,637.060104
-2.17127,3,637.090797
-2.204762,3,637.119825
-3.303459,4,637.163084
-1.106009,2,637.182646
-0.020534,1,637.192654
-1.120307,2,637.213679
-0.020081,1,637.226692
-2.290335,3,637.256829
-3.288195,4,637.296875
-1.124277,2,637.318403
-1.103852,2,637.344967
-3.424707,4,637.386648
-2.236354,3,637.415682
-1.102194,2,637.439219
-1.11507,2,637.463748
-2.310431,3,637.498297
-0.051933,1,637.511819
-2.245029,3,637.548366
-3.334731,4,637.598118
-2.180681,3,637.630656
-2.251724,3,637.663185
-2.264807,3,637.694757
-1.069341,2,637.722795
-2.174308,3,637.754904
-2.17123,3,637.791645
-0.017845,1,637.804656
-0.027097,1,637.82269
-2.246877,3,637.856848
-2.243097,3,637.886881
-2.26037,3,637.915931
-2.256264,3,637.956028
-2.241923,3,637.989707
-0.037904,1,637.999214
-3.332573,4,638.044861
-1.118652,2,638.070935
-1.10122,2,638.093999
-2.250285,3,638.122651
-3.320018,4,638.159732
-0.040055,1,638.174749
-0.028581,1,638.183756
-2.171124,3,638.212786
-3.325536,4,638.251333
-2.138696,3,638.28695
-2.176269,3,638.314128
-2.259918,3,638.343985
-2.142141,3,638.374631
-0.022074,1,638.389657
-2.224754,3,638.421695
-0.040159,1,638.431704
-2.248543,3,638.46388
-2.232502,3,638.504028
-3.325376,4,638.549226
-1.119264,2,638.575259
-2.207003,3,638.608314
-3.294084,4,638.655372
-3.31585,4,638.696982
-3.31132,4,638.742333
-3.282564,4,638.785377
-2.214387,3,638.833712
-0.01737,1,638.84623
-1.124523,2,638.866871
-2.208391,3,638.899936
-0.030356,1,638.916612
-1.088038,2,638.945154
-3.348423,4,638.98824
-1.084825,2,639.009777
-0.026224,1,639.026795
-3.362442,4,639.069949
-2.182341,3,639.099746
-3.303291,4,639.144299
-3.350928,4,639.189886
-2.256515,3,639.220989
-2.20172,3,639.255759
-1.131979,2,639.275784
-2.26312,3,639.318344
-1.102657,2,639.338875
-1.118895,2,639.367015
-3.332101,4,639.4082
-2.235796,3,639.445246
-1.075158,2,639.472623
-2.284768,3,639.508156
-1.101566,2,639.529191
-3.347397,4,639.582847
-3.336616,4,639.625912
-1.106651,2,639.646474
-3.306045,4,639.69271
-1.133249,2,639.716734
-3.303463,4,639.759295
-2.235246,3,639.799888
-2.200541,3,639.838603
-2.242947,3,639.873771
-2.230274,3,639.908306
-2.189635,3,639.940866
-3.335085,4,639.981579
-3.279613,4,640.030688
-3.348613,4,640.0758
-2.293022,3,640.108341
-2.270976,3,640.14439
-1.102395,2,640.171026
-3.360136,4,640.213868
-0.047399,1,640.226882
-1.138036,2,640.246923
-2.243998,3,640.280106
-2.258238,3,640.311718
-0.027983,1,640.321731
-2.250767,3,640.356834
-3.294695,4,640.403908
-0.040932,1,640.413708
-2.202414,3,640.445248
-2.256855,3,640.476581
-1.133384,2,640.499113
-3.301221,4,640.538236
-2.279194,3,640.575278
-0.037483,1,640.584884
-1.104529,2,640.609928
-3.30296,4,640.658327
-2.174122,3,640.691873
-1.11265,2,640.711895
-0.0492,1,640.728927
-0.036782,1,640.739943
-3.287125,4,640.782668
-3.356496,4,640.83424
-3.28272,4,640.890826
-2.218946,3,640.923862
-0.039912,1,640.932875
-2.190378,3,640.967136
-2.21231,3,641.008248
-3.30507,4,641.049299
-2.240763,3,641.082622
-3.273523,4,641.129676
-2.213586,3,641.171804
-1.114647,2,641.193823
-1.089387,2,641.220794
-1.155773,2,641.243406
-2.194834,3,641.279976
-2.176053,3,641.312738
-0.03323,1,641.323751
-2.213344,3,641.354033
-2.294113,3,641.388164
-0.016888,1,641.398177
-3.373359,4,641.439226
-1.104803,2,641.459246
-2.137995,3,641.494277
-2.253659,3,641.524839
-2.253931,3,641.554372
-3.318999,4,641.594125
-1.136722,2,641.615826
-1.121153,2,641.642367
-1.061062,2,641.663957
-3.342561,4,641.709669
-1.095509,2,641.738209
-0.043447,1,641.749223
-0.042581,1,641.765854
-1.090185,2,641.794903
-2.256956,3,641.83818
-2.229136,3,641.873761
-3.253301,4,641.915804
-2.159116,3,641.950336
-2.174436,3,641.994946
-1.146067,2,642.015722
-2.181356,3,642.048264
-2.187644,3,642.080865
-1.10249,2,642.110899
-2.26706,3,642.142955
-1.106179,2,642.164647
-1.106892,2,642.188176
-3.284258,4,642.247268
-1.077979,2,642.269014
-1.115671,2,642.291672
-1.129083,2,642.314702
-2.193273,3,642.40291
-2.187564,3,642.469135
-2.220326,3,642.518233
-3.320492,4,642.57691
-1.109716,2,642.605998
-1.096868,2,642.634689
-2.233934,3,642.675584
-0.044138,1,642.689616
-2.208396,3,642.743851
-1.132766,2,642.773883
-0.035074,1,642.788398
-2.231908,3,642.842009
-1.082987,2,642.910624
-3.341598,4,642.996744
-1.102875,2,643.034818
-2.244101,3,643.083731
-2.191717,3,643.128287
-2.179292,3,643.170879
-1.058974,2,643.203998
-0.046108,1,643.216736
-0.052886,1,643.238262
-2.206075,3,643.274884
-2.147521,3,643.308943
-0.029915,1,643.317488
-2.191184,3,643.354124
-2.208668,3,643.388151
-1.083662,2,643.411748
-1.131245,2,643.432767
-0.01604,1,643.448344
-2.199416,3,643.480884
-0.044587,1,643.490899
-1.114281,2,643.511929
-2.235724,3,643.545984
-1.11467,2,643.566646
-3.288438,4,643.606696
-3.36711,4,643.644243
-3.252069,4,643.692842
-0.032924,1,643.703851
-2.156305,3,643.733015
-2.215839,3,643.762725
-3.346169,4,643.814797
-3.350483,4,643.860972
-1.094998,2,643.880685
-3.26187,4,643.926737
-2.147878,3,643.964979
-2.20864,3,643.998205
-1.089412,2,644.021751
-3.299618,4,644.066845
-0.041242,1,644.082869
-2.167403,3,644.114934
-3.284064,4,644.162605
-2.186472,3,644.198153
-3.371034,4,644.24822
-2.233722,3,644.282767
-3.368872,4,644.330827
-1.123258,2,644.353847
-2.273632,3,644.392889
-0.024352,1,644.403898
-3.263112,4,644.446965
-3.401341,4,644.495609
-1.059617,2,644.525658
-2.187913,3,644.558197
-1.07486,2,644.583735
-0.018255,1,644.595744
-1.104952,2,644.622777
-0.047427,1,644.631785
-3.358216,4,644.670827
-2.224442,3,644.698349
-3.383147,4,644.746905
-2.226294,3,644.774967
-2.207658,3,644.809289
-1.108023,2,644.834821
-3.327018,4,644.878943
-1.087359,2,644.897066
-1.081824,2,644.915663
-2.191244,3,644.954721
-2.239032,3,644.996777
-3.3253,4,645.043836
-2.178053,3,645.076869
-3.253575,4,645.116957
-3.361067,4,645.165853
-0.025808,1,645.17837
-2.266114,3,645.208403
-0.045316,1,645.216912
-2.174479,3,645.254829
-1.13393,2,645.292894
-2.175922,3,645.328981
-0.036625,1,645.344589
-3.431464,4,645.398154
-1.145343,2,645.42168
-0.038153,1,645.430691
-2.23228,3,645.465945
-3.307075,4,645.516664
-1.134203,2,645.539695
-1.060644,2,645.561719
-1.072135,2,645.582745
-0.039822,1,645.598257
-3.371813,4,645.653857
-1.106609,2,645.67588
-1.08994,2,645.696916
-0.024773,1,645.712048
-2.257496,3,645.749192
-3.299461,4,645.794749
-2.231004,3,645.838315
-2.228292,3,645.872858
-2.259133,3,645.900892
-3.346393,4,645.941671
-2.248505,3,645.970709
-2.196083,3,646.003736
-2.178963,3,646.029768
-2.173282,3,646.06481
-0.023244,1,646.075821
-3.366051,4,646.126881
-3.268392,4,646.174619
-1.127193,2,646.195641
-2.292547,3,646.226683
-2.216708,3,646.264857
-1.119448,2,646.288386
-2.199332,3,646.320992
-0.036024,1,646.332159
-2.173574,3,646.372714
-2.278769,3,646.403748
-2.232974,3,646.43678
-0.039816,1,646.446294
-1.115625,2,646.476887
-3.336707,4,646.522632
-1.094487,2,646.544157
-3.379935,4,646.588347
-2.171128,3,646.630903
-1.111285,2,646.653961
-1.1158,2,646.676748
-1.091243,2,646.700423
-3.357335,4,646.745326
-2.243662,3,646.7791
-0.028129,1,646.791808
-3.314184,4,646.84388
-3.380035,4,646.887
-0.015755,1,646.896062
-0.043134,1,646.906687
-2.256339,3,646.938228
-1.082183,2,646.96086
-2.29109,3,646.990896
-1.095672,2,647.012925
-2.176983,3,647.043761
-2.183433,3,647.084814
-2.254285,3,647.126874
-1.068059,2,647.154931
-2.201448,3,647.190704
-2.205919,3,647.228254
-2.17611,3,647.260796
-2.243769,3,647.29283
-2.242779,3,647.324858
-0.048181,1,647.341899
-1.100901,2,647.365927
-2.263276,3,647.398554
-3.324811,4,647.442898
-2.217752,3,647.487014
-1.118217,2,647.510235
-0.042374,1,647.521634
-0.005296,1,647.530645
-3.342304,4,647.586788
-3.38183,4,647.634857
-1.089096,2,647.656941
-3.352141,4,647.706746
-0.027988,1,647.721773
-2.257985,3,647.764018
-2.182216,3,647.811776
-2.211462,3,647.850335
-1.080989,2,647.880694
-2.179079,3,647.914731
-2.242315,3,647.950081
-2.231369,3,647.984818
-2.221303,3,648.026871
-2.216179,3,648.06001
-1.143456,2,648.084083
-3.290788,4,648.126659
-2.252335,3,648.163952
-2.246219,3,648.20026
-3.306738,4,648.250351
-3.319315,4,648.306747
-2.216066,3,648.350332
-2.254262,3,648.39048
-2.21763,3,648.432776
-0.029473,1,648.448793
-3.3619,4,648.499379
-2.140435,3,648.536946
-2.237625,3,648.574906
-2.275031,3,648.610689
-2.188897,3,648.649236
-0.050996,1,648.662908
-2.170259,3,648.699598
-3.348803,4,648.748657
-2.15708,3,648.79677
-0.021981,1,648.8128
-1.124992,2,648.838333
-2.231473,3,648.877082
-3.355171,4,648.929797
-3.322601,4,648.98298
-1.127562,2,649.008134
-0.045696,1,649.021661
-2.185178,3,649.066846
-1.123703,2,649.089378
-2.186014,3,649.120954
-2.242826,3,649.160125
-2.222675,3,649.198341
-2.255023,3,649.234893
-1.107354,2,649.254919
-1.121143,2,649.275979
-2.16532,3,649.313794
-1.097131,2,649.338322
-2.274252,3,649.374639
-0.046013,1,649.388154
-2.176146,3,649.438231
-0.042721,1,649.449252
-2.187432,3,649.489075
-2.291181,3,649.529076
-1.131569,2,649.564671
-3.413718,4,649.61372
-2.277168,3,649.650897
-3.40383,4,649.710646
-1.136536,2,649.738174
-0.023942,1,649.750195
-3.289784,4,649.805809
-2.248468,3,649.84437
-0.039608,1,649.863118
-2.168157,3,649.904738
-1.083224,2,649.928268
-1.089903,2,649.953006
-2.215417,3,650.003648
-2.170904,3,650.040752
-2.200192,3,650.076858
-2.202638,3,650.108396
-2.224048,3,650.144123
-2.246696,3,650.181881
-1.130727,2,650.20893
-2.200548,3,650.242019
-0.023393,1,650.255648
-2.27095,3,650.284687
-2.233482,3,650.315717
-2.148955,3,650.344258
-2.221424,3,650.381305
-3.371187,4,650.4249
-3.502749,4,650.466667
-3.253771,4,650.509727
-3.340483,4,650.561295
-2.175789,3,650.59391
-0.023665,1,650.604063
-2.257605,3,650.640679
-1.141431,2,650.664868
-1.127373,2,650.688399
-3.287017,4,650.730638
-2.233645,3,650.764882
-2.222913,3,650.805573
-2.274743,3,650.841621
-0.01818,1,650.851138
-2.17131,3,650.883744
-2.263565,3,650.923795
-2.182839,3,650.958367
-3.292023,4,651.006216
-2.24619,3,651.038283
-1.100968,2,651.063948
-2.166423,3,651.097007
-2.219133,3,651.130783
-2.25503,3,651.163868
-3.347909,4,651.213984
-1.128064,2,651.23267
-1.100025,2,651.251903
-2.26,3,651.281085
-1.141518,2,651.304663
-0.036842,1,651.314674
-2.249372,3,651.344212
-2.190772,3,651.373753
-3.363923,4,651.416803
-1.082671,2,651.436827
-1.101676,2,651.462367
-2.234231,3,651.493399
-2.267138,3,651.530648
-3.346559,4,651.574826
-0.038715,1,651.583838
-2.187134,3,651.616876
-2.216195,3,651.655923
-3.369129,4,651.697083
-3.305168,4,651.743937
-2.191119,3,651.779092
-2.192298,3,651.824669
-3.37945,4,651.86822
-0.008469,1,651.879807
-0.02288,1,651.891821
-2.269481,3,651.932884
-2.18671,3,651.965077
-2.215322,3,651.998127
-3.380136,4,652.042686
-3.31514,4,652.095904
-2.240799,3,652.128141
-2.275676,3,652.164189
-0.026825,1,652.178207
-1.07812,2,652.205739
-3.287928,4,652.244782
-2.220204,3,652.274863
-1.13475,2,652.295883
-1.153488,2,652.320923
-2.184151,3,652.349113
-2.238435,3,652.379233
-2.217595,3,652.416776
-1.122926,2,652.48613
-2.240281,3,652.553113
-2.19152,3,652.609338
-2.252808,3,652.661467
-2.262788,3,652.705628
-3.388228,4,652.765845
-2.209633,3,652.815788
-3.329574,4,652.877584
-2.230628,3,652.923865
-3.339777,4,652.973114
-2.248744,3,653.008181
-0.048438,1,653.016692
-2.213371,3,653.063826
-2.248949,3,653.09937
-3.368537,4,653.150626
-1.082689,2,653.176653
-0.053783,1,653.194696
-3.351745,4,653.246254
-2.247709,3,653.284852
-2.161684,3,653.322896
-3.399424,4,653.376137
-3.345415,4,653.416842
-3.342234,4,653.456386
-2.207763,3,653.486973
-2.19449,3,653.521902
-0.026415,1,653.530926
-1.103233,2,653.548967
-2.243226,3,653.580048
-1.127816,2,653.606658
-1.106561,2,653.626683
-2.191104,3,653.656215
-0.027098,1,653.664752
-2.178679,3,653.699805
-3.311193,4,653.748865
-2.182856,3,653.781763
-2.265754,3,653.816796
-2.240096,3,653.856029
-2.257407,3,653.884114
-2.212147,3,653.92073
-3.335321,4,653.964071
-3.300735,4,654.011676
-1.110244,2,654.032699
-3.296334,4,654.076466
-1.125836,2,654.096553
-2.158894,3,654.136726
-2.178933,3,654.171902
-1.090634,2,654.194544
-1.144013,2,654.214795
-2.169467,3,654.251359
-3.417686,4,654.294716
-2.18913,3,654.325748
-3.319879,4,654.366898
-2.16934,3,654.405069
-3.438629,4,654.446645
-2.208097,3,654.478179
-1.087139,2,654.496699
-1.142068,2,654.52073
-1.141363,2,654.539747
-2.173281,3,654.571896
-0.021333,1,654.580443
-2.196335,3,654.615031
-2.194803,3,654.644656
-0.033554,1,654.655173
-2.213667,3,654.682825
-1.073814,2,654.706844
-3.367475,4,654.746389
-2.249057,3,654.777009
-0.036865,1,654.789104
-1.123695,2,654.820769
-1.066048,2,654.842794
-3.290616,4,654.884044
-2.258384,3,654.918177
-2.235067,3,654.956222
-2.276602,3,654.986835
-1.081268,2,655.008361
-2.264884,3,655.040905
-3.353677,4,655.09156
-1.110615,2,655.111582
-2.163409,3,655.144614
-3.294215,4,655.186662
-0.031383,1,655.204686
-2.238202,3,655.238251
-2.239935,3,655.272797
-3.40413,4,655.315839
-0.04949,1,655.330867
-2.166907,3,655.365903
-2.221411,3,655.396943
-2.250147,3,655.429613
-1.090036,2,655.458947
-2.274728,3,655.493567
-1.068375,2,655.512588
-2.182576,3,655.544626
-0.007551,1,655.560151
-3.302081,4,655.600809
-2.162703,3,655.62891
-2.196955,3,655.659963
-2.261468,3,655.696639
-3.341564,4,655.73368
-3.300566,4,655.771813
-2.169968,3,655.808347
-2.242525,3,655.844887
-2.221334,3,655.872928
-2.198387,3,655.900983
-2.184283,3,655.936686
-3.368457,4,655.983741
-3.299634,4,656.029289
-1.110154,2,656.050521
-1.102107,2,656.07384
-2.188242,3,656.109876
-3.346052,4,656.156568
-2.18752,3,656.186605
-0.048323,1,656.199631
-1.130673,2,656.225656
-2.173959,3,656.26173
-2.228442,3,656.292762
-3.30671,4,656.3328
-2.23197,3,656.374974
-3.290642,4,656.416636
-3.355035,4,656.464263
-3.309549,4,656.508377
-2.23565,3,656.545932
-2.181105,3,656.581628
-1.125637,2,656.608153
-2.176412,3,656.641695
-1.11753,2,656.665843
-2.181978,3,656.696878
-3.360036,4,656.734617
-0.052767,1,656.744627
-2.166769,3,656.778162
-1.112889,2,656.804694
-2.21843,3,656.833729
-2.212011,3,656.861753
-1.145143,2,656.884777
-1.098701,2,656.905792
-0.033519,1,656.916804
-2.260546,3,656.945837
-0.056012,1,656.960859
-2.232469,3,656.989891
-2.166466,3,657.015911
-2.184723,3,657.056672
-2.210041,3,657.093714
-2.151788,3,657.128248
-2.240208,3,657.162798
-0.04335,1,657.174811
-2.283242,3,657.216863
-3.317333,4,657.263471
-1.127375,2,657.285015
-2.236785,3,657.314669
-2.212399,3,657.358309
-3.34974,4,657.401866
-1.068624,2,657.422886
-3.288349,4,657.466991
-3.350523,4,657.517129
-1.098486,2,657.539739
-3.305653,4,657.584808
-2.225038,3,657.616849
-0.021699,1,657.631872
-3.339501,4,657.678585
-2.164073,3,657.710692
-1.108991,2,657.731713
-2.202812,3,657.775777
-1.153083,2,657.800815
-3.375603,4,657.842857
-1.097913,2,657.860879
-2.175449,3,657.89591
-0.030579,1,657.906928
-1.074705,2,657.926967
-2.203285,3,657.957144
-2.193462,3,657.991742
-0.012731,1,658.001752
-2.26611,3,658.030791
-0.038729,1,658.040802
-3.306919,4,658.082985
-1.103257,2,658.104554
-2.188551,3,658.142632
-3.286229,4,658.191729
-3.40641,4,658.243786
-0.046044,1,658.25586
-1.13041,2,658.279389
-2.249756,3,658.311554
-3.329178,4,658.368146
-2.269697,3,658.398346
-3.295384,4,658.455576
-1.126986,2,658.476599
-2.201307,3,658.516652
-3.441083,4,658.562221
-1.132481,2,658.581239
-2.183392,3,658.612783
-3.302397,4,658.666948
-1.120483,2,658.691024
-0.029096,1,658.705052
-3.391021,4,658.758811
-3.397914,4,658.816667
-1.103391,2,658.843704
-1.084697,2,658.865925
-3.377446,4,658.906985
-1.121779,2,658.933587
-2.20054,3,658.963125
-2.229512,3,658.995724
-2.207459,3,659.025757
-1.085992,2,659.050793
-2.252111,3,659.080041
-2.200463,3,659.113611
-2.223594,3,659.142641
-1.055291,2,659.16672
-1.110791,2,659.188248
-0.042471,1,659.20077
-2.245703,3,659.2328
-2.206027,3,659.272359
-0.009043,1,659.281366
-1.104865,2,659.309012
-1.097164,2,659.330014
-1.142586,2,659.358579
-1.117463,2,659.379108
-1.12252,2,659.403708
-2.220882,3,659.450788
-3.314968,4,659.558284
-2.150041,3,659.606621
-3.377972,4,659.670796
-0.029656,1,659.686818
-2.186915,3,659.746919
-1.056258,2,659.77667
-1.071803,2,659.808731
-1.096889,2,659.841849
-2.265186,3,659.891571
-2.195149,3,659.933626
-2.269339,3,659.970173
-3.279843,4,660.008307
-3.241005,4,660.051853
-2.23223,3,660.082806
-0.031031,1,660.092818
-3.326714,4,660.132861
-2.270044,3,660.1664
-3.371832,4,660.204788
-1.154393,2,660.224808
-2.213522,3,660.255344
-1.117577,2,660.278976
-3.280382,4,660.318706
-2.168728,3,660.346235
-2.164184,3,660.376769
-1.111566,2,660.416829
-2.184447,3,660.452322
-3.307768,4,660.496888
-3.325954,4,660.541077
-2.162631,3,660.583176
-2.212682,3,660.618265
-0.05369,1,660.628274
-1.128543,2,660.651807
-3.387825,4,660.703729
-2.138154,3,660.741779
-2.255957,3,660.77586
-3.276504,4,660.822978
-2.210834,3,660.86318
-3.296494,4,660.906742
-2.260447,3,660.940793
-2.285413,3,660.976844
-0.019382,1,660.99187
-2.248941,3,661.026908
-2.170273,3,661.066814
-0.031856,1,661.078329
-1.122013,2,661.102863
-2.190885,3,661.134895
-2.130529,3,661.163126
-2.257696,3,661.192686
-1.133053,2,661.216707
-2.18324,3,661.248249
-0.029457,1,661.258262
-2.186439,3,661.28697
-2.260244,3,661.320675
-3.288292,4,661.372913
-1.079861,2,661.391087
-3.291704,4,661.43568
-2.186209,3,661.473824
-3.343106,4,661.519372
-1.109884,2,661.5409
-3.237544,4,661.583665
-2.225552,3,661.622673
-3.418743,4,661.665844
-3.284455,4,661.706887
-3.296651,4,661.752039
-2.227693,3,661.794682
-3.253543,4,661.844743
-2.20571,3,661.875902
-2.230512,3,661.907002
-2.245251,3,661.945681
-3.390321,4,661.991098
-2.26639,3,662.022123
-1.121824,2,662.045719
-3.408434,4,662.095907
-0.044994,1,662.107429
-0.03569,1,662.119064
-2.222015,3,662.151602
-2.243174,3,662.192833
-2.168893,3,662.225865
-3.336081,4,662.267486
-2.210083,3,662.296571
-3.327777,4,662.341627
-3.366466,4,662.383775
-1.085682,2,662.402807
-3.440662,4,662.444851
-2.199403,3,662.478991
-2.175673,3,662.508635
-2.201868,3,662.540816
-2.25306,3,662.571352
-1.134115,2,662.602564
-2.227901,3,662.6346
-0.041269,1,662.644612
-2.226004,3,662.676695
-0.037254,1,662.690717
-3.299544,4,662.738201
-1.15526,2,662.762245
-2.299697,3,662.799887
-0.013241,1,662.823943
-2.198531,3,662.85714
-0.011019,1,662.867148
-2.214251,3,662.896796
-0.026056,1,662.912817
-3.38186,4,662.959373
-1.102274,2,662.98357
-1.079049,2,663.011616
-2.215688,3,663.05003
-2.201142,3,663.086742
-2.241107,3,663.119284
-2.263657,3,663.15634
-1.115018,2,663.186061
-2.186438,3,663.216619
-2.239506,3,663.252173
-0.011492,1,663.265723
-1.055226,2,663.294756
-2.229759,3,663.324727
-0.037992,1,663.335741
-2.229931,3,663.369287
-1.08915,2,663.391601
-0.01837,1,663.403614
-1.09727,2,663.426641
-2.212584,3,663.457183
-2.223819,3,663.491828
-3.364971,4,663.529872
-3.403038,4,663.568166
-3.449768,4,663.606711
-1.063028,2,663.634748
-0.052132,1,663.643758
-0.021251,1,663.656275
-2.232749,3,663.688541
-3.310219,4,663.740662
-2.208441,3,663.772839
-2.174594,3,663.810887
-0.036236,1,663.822896
-2.228262,3,663.860559
-2.225873,3,663.892593
-2.185273,3,663.925622
-2.19244,3,663.960175
-0.037856,1,663.973825
-1.133358,2,663.995848
-2.302566,3,664.029392
-3.282573,4,664.071974
-1.107168,2,664.095617
-2.232641,3,664.126648
-2.237756,3,664.158187
-3.278739,4,664.200183
-3.343192,4,664.249825
-2.232025,3,664.282857
-2.175088,3,664.321904
-1.056035,2,664.342933
-3.33913,4,664.390689
-0.044856,1,664.402203
-2.251989,3,664.429325
-2.237109,3,664.461863
-1.080957,2,664.486882
-2.226525,3,664.520493
-2.198073,3,664.549134
-3.371202,4,664.589239
-3.387547,4,664.639806
-2.206927,3,664.667331
-0.025772,1,664.675928
-2.247816,3,664.705628
-2.196814,3,664.742668
-3.282375,4,664.788238
-2.277431,3,664.825601
-1.110305,2,664.849635
-0.017654,1,664.865155
-3.352475,4,664.906787
-0.029875,1,664.918297
-1.082662,2,664.941825
-2.186215,3,664.978997
-0.044874,1,664.990029
-2.259635,3,665.024658
-1.130172,2,665.044681
-2.15539,3,665.082227
-0.042443,1,665.093237
-3.361182,4,665.136833
-2.228963,3,665.170122
-0.050077,1,665.185766
-2.185684,3,665.220811
-1.076671,2,665.241837
-2.16361,3,665.273365
-2.161478,3,665.31176
-3.334434,4,665.357307
-2.266909,3,665.388494
-2.226658,3,665.419661
-0.0452,1,665.439692
-2.204785,3,665.471233
-2.249185,3,665.504858
-2.21341,3,665.535891
-1.113576,2,665.562602
-1.094843,2,665.582622
-3.334671,4,665.632697
-2.217348,3,665.665727
-1.077336,2,665.691763
-2.182329,3,665.723805
-2.229053,3,665.752836
-2.248841,3,665.785869
-2.278447,3,665.827556
-1.122411,2,665.851732
-2.214729,3,665.88732
-2.235072,3,665.918398
-3.388465,4,665.969167
-0.015621,1,665.978174
-2.220006,3,666.012715
-3.293621,4,666.052756
-2.208749,3,666.092803
-0.040859,1,666.103858
-1.142319,2,666.125878
-3.323075,4,666.16653
-2.259656,3,666.205726
-1.127588,2,666.225742
-2.257078,3,666.256776
-1.085074,2,666.276795
-3.322137,4,666.326856
-3.304911,4,666.370911
-3.319158,4,666.41207
-1.123274,2,666.436689
-3.3211,4,666.483745
-2.24072,3,666.51678
-2.254364,3,666.555828
-0.028294,1,666.565836
-2.252993,3,666.601874
-1.076106,2,666.622895
-1.071319,2,666.64206
-1.144119,2,666.66095
-1.127478,2,666.684006
-0.050095,1,666.693553
-2.237268,3,666.723681
-2.214687,3,666.753712
-2.193855,3,666.793759
-2.260473,3,666.828291
-1.082509,2,666.849318
-1.116748,2,666.870845
-0.032876,1,666.884856
-1.084245,2,666.902873
-0.047061,1,666.912882
-1.134363,2,666.931899
-1.09199,2,666.957934
-0.039072,1,666.971565
-2.202868,3,667.002887
-0.043757,1,667.011897
-2.252708,3,667.049043
-2.207249,3,667.085555
-3.360948,4,667.128179
-1.123354,2,667.149204
-2.167559,3,667.185741
-3.371721,4,667.229791
-2.197018,3,667.259131
-1.104599,2,667.282162
-1.079513,2,667.309759
-1.129568,2,667.331783
-0.042246,1,667.341793
-2.26285,3,667.374829
-0.045404,1,667.390864
-2.307489,3,667.423898
-2.235889,3,667.456978
-2.251652,3,667.489618
-1.114942,2,667.515641
-2.191963,3,667.550485
-3.360355,4,667.591855
-2.218711,3,667.626894
-2.168742,3,667.664604
-0.022257,1,667.675613
-0.055907,1,667.685624
-2.196271,3,667.71916
-2.197745,3,667.754699
-1.1446,2,667.77372
-2.230899,3,667.806756
-2.171573,3,667.838292
-3.34392,4,667.881888
-2.221897,3,667.909941
-1.125669,2,667.929687
-3.385463,4,667.972737
-0.030476,1,667.986748
-3.298541,4,668.024787
-2.184024,3,668.055821
-3.311326,4,668.098363
-2.228802,3,668.13391
-3.308367,4,668.30074
-3.291707,4,668.341779
-2.259585,3,668.374816
-3.364906,4,668.422866
-1.139342,2,668.443887
-2.165826,3,668.476952
-2.206818,3,668.511737
-0.010344,1,668.526753
-2.197657,3,668.560807
-0.044802,1,668.574818
-0.026743,1,668.585841
-1.120827,2,668.612865
-2.225833,3,668.6449
-1.091014,2,668.667444
-3.310927,4,668.709772
-1.106574,2,668.735797
-3.329002,4,668.782871
-2.166334,3,668.819113
-2.192853,3,668.849141
-2.211796,3,668.881794
-3.456972,4,668.926841
-3.2926,4,668.968381
-2.191822,3,669.004962
-3.447387,4,669.050789
-2.209594,3,669.09085
-1.156991,2,669.114882
-2.272227,3,669.145928
-2.177998,3,669.182727
-2.197986,3,669.214755
-1.088753,2,669.235775
-1.141591,2,669.255795
-3.265859,4,669.306936
-1.101573,2,669.32702
-3.311567,4,669.375742
-1.108853,2,669.39977
-3.362045,4,669.445814
-2.255556,3,669.478455
-2.216789,3,669.514758
-0.047533,1,669.525766
-1.07235,2,669.551802
-2.291414,3,669.582334
-3.361387,4,669.628559
-1.074636,2,669.649614
-2.240972,3,669.685807
-1.091559,2,669.706828
-3.308886,4,669.748379
-2.229664,3,669.781914
-1.080277,2,669.815635
-1.117565,2,669.842679
-3.323406,4,669.891737
-2.204334,3,669.926768
-1.098656,2,669.961833
-2.303348,3,669.99838
-2.192617,3,670.028926
-1.085744,2,670.055007
-2.194308,3,670.091163
-3.344681,4,670.128245
-2.16983,3,670.159784
-2.247887,3,670.192824
-1.11034,2,670.215847
-1.082952,2,670.244898
-3.359208,4,670.292176
-2.238234,3,670.325779
-3.325642,4,670.374843
-2.284889,3,670.40839
-2.15484,3,670.442055
-2.258819,3,670.474676
-2.290362,3,670.515725
-3.35775,4,670.556772
-1.081763,2,670.577299
-2.195956,3,670.61029
-3.368241,4,670.662266
-2.250218,3,670.705869
-0.046394,1,670.720236
-2.244451,3,670.761223
-2.225386,3,670.809293
-2.255497,3,670.84183
-1.147326,2,670.865375
-1.145159,2,670.887012
-0.046239,1,670.901767
-2.2184,3,670.935798
-2.277183,3,670.968342
-3.390003,4,671.016972
-0.035905,1,671.032077
-3.327838,4,671.07038
-2.29464,3,671.099076
-3.339337,4,671.140711
-2.154412,3,671.174791
-2.199361,3,671.206828
-0.030467,1,671.216838
-2.216961,3,671.245872
-2.189219,3,671.278435
-0.054169,1,671.288482
-2.249494,3,671.316063
-0.016269,1,671.326681
-2.225172,3,671.369235
-0.006746,1,671.379245
-0.022979,1,671.389759
-2.230865,3,671.425797
-2.285132,3,671.469367
-2.236697,3,671.505601
-1.139243,2,671.525622
-2.28086,3,671.55667
-3.260925,4,671.605823
-2.192449,3,671.636856
-2.17062,3,671.673413
-1.12757,2,671.695593
-2.196897,3,671.731638
-2.252177,3,671.761676
-1.121128,2,671.782858
-1.158425,2,671.810894
-0.044403,1,671.824906
-2.280614,3,671.85911
-1.125116,2,671.878193
-2.237984,3,671.909804
-2.208377,3,671.94834
-2.277052,3,671.984985
-2.196333,3,672.018137
-2.165198,3,672.050266
-1.143497,2,672.076736
-0.01916,1,672.089754
-3.464362,4,672.126787
-2.161984,3,672.156822
-2.25773,3,672.191955
-1.110881,2,672.211057
-3.36044,4,672.251654
-3.272902,4,672.293767
-3.342431,4,672.335809
-2.178466,3,672.365345
-2.216381,3,672.391546
-2.207755,3,672.430695
-2.181464,3,672.469235
-0.041348,1,672.48129
-2.257623,3,672.51895
-0.050026,1,672.528999
-2.173668,3,672.568668
-1.129563,2,672.592216
-2.264923,3,672.625791
-2.297952,3,672.656826
-2.165116,3,672.692619
-0.05158,1,672.703628
-0.019013,1,672.712637
-2.238301,3,672.744674
-1.112917,2,672.770226
-2.307273,3,672.806907
-2.215449,3,672.843633
-0.036258,1,672.854646
-2.269866,3,672.890712
-2.214375,3,672.921574
-0.033675,1,672.931584
-0.037067,1,672.941596
-0.011687,1,672.956605
-3.335675,4,673.003739
-2.190515,3,673.03577
-2.196099,3,673.066309
-3.306816,4,673.11561
-3.254797,4,673.161682
-2.176237,3,673.192787
-2.15767,3,673.226815
-3.312881,4,673.267364
-2.144366,3,673.294947
-1.143372,2,673.32203
-2.159805,3,673.35258
-2.232638,3,673.386116
-2.240891,3,673.423757
-1.081034,2,673.444782
-1.136966,2,673.465372
-0.039688,1,673.479386
-0.037291,1,673.489952
-1.110716,2,673.514623
-2.201635,3,673.548169
-2.214452,3,673.58682
-3.326528,4,673.636394
-3.358384,4,673.692885
-0.052806,1,673.703896
-2.187915,3,673.746703
-3.417057,4,673.804142
-3.356976,4,673.855861
-1.12481,2,673.882011
-2.157494,3,673.92406
-2.214718,3,673.956651
-2.283206,3,673.991727
-3.350282,4,674.0448
-3.303602,4,674.096094
-2.237707,3,674.134713
-0.038397,1,674.14823
-0.051216,1,674.159752
-2.171606,3,674.19998
-2.212467,3,674.235712
-2.258416,3,674.269271
-1.128991,2,674.290855
-3.341405,4,674.341933
-1.131363,2,674.361652
-1.115328,2,674.381825
-3.399444,4,674.426878
-0.026376,1,674.442903
-2.202126,3,674.476204
-3.302383,4,674.529159
-3.330405,4,674.587103
-2.208311,3,674.642719
-2.152781,3,674.681001
-0.026358,1,674.695677
-2.255068,3,674.739372
-2.263406,3,674.780486
-1.112219,2,674.81114
-2.176703,3,674.859787
-2.14279,3,674.899889
-1.142582,2,674.92996
-0.037341,1,674.946107
-1.109144,2,674.981984
-3.244637,4,675.04281
-2.29083,3,675.088418
-2.248339,3,675.124245
-2.243556,3,675.179036
-1.13537,2,675.210803
-0.044252,1,675.225818
-3.245447,4,675.279901
-1.077869,2,675.325956
-3.381676,4,675.365646
-1.07989,2,675.391749
-2.239903,3,675.42178
-3.345398,4,675.461829
-2.311595,3,675.499371
-3.266661,4,675.541106
-3.371572,4,675.580765
-1.093787,2,675.60479
-1.109124,2,675.625818
-2.221153,3,675.659862
-2.181779,3,675.696187
-2.252962,3,675.729279
-0.030691,1,675.740309
-2.202925,3,675.7839
-3.393847,4,675.838208
-3.28989,4,675.883263
-2.244846,3,675.91591
-2.248403,3,675.960904
-3.328807,4,676.003766
-2.240312,3,676.036809
-3.341149,4,676.08537
-0.010726,1,676.101389
-2.270333,3,676.134051
-0.033986,1,676.145666
-0.036575,1,676.156675
-0.021933,1,676.169195
-0.030274,1,676.180791
-2.234574,3,676.211827
-2.215571,3,676.240863
-2.174276,3,676.28098
-0.038821,1,676.295714
-0.033428,1,676.305724
-2.233209,3,676.334757
-1.08157,2,676.362792
-1.11981,2,676.383887
-2.174752,3,676.417096
-3.370712,4,676.458225
-3.394485,4,676.506876
-3.238604,4,676.544958
-2.202509,3,676.572615
-2.240675,3,676.602722
-3.304494,4,676.642765
-2.288075,3,676.667292
-2.193006,3,676.694947
-3.32948,4,676.739146
-2.164454,3,676.77598
-3.338275,4,676.829686
-3.347567,4,676.879344
-1.071457,2,676.902876
-2.195875,3,676.941942
-2.200904,3,676.972174
-1.151446,2,676.990769
-2.165602,3,677.032826
-2.189224,3,677.082133
-2.232272,3,677.132696
-1.084807,2,677.15672
-3.318874,4,677.203856
-0.017976,1,677.222878
-1.130633,2,677.246904
-3.293894,4,677.300243
-2.202255,3,677.333106
-3.260168,4,677.399354
-3.284488,4,677.451416
-1.106896,2,677.47919
-1.150334,2,677.501717
-2.18729,3,677.540772
-2.180824,3,677.576827
-2.279404,3,677.610879
-1.108943,2,677.6309
-0.048818,1,677.643567
-2.19152,3,677.675246
-2.196686,3,677.706896
-2.171112,3,677.737003
-2.20783,3,677.77369
-0.029574,1,677.788207
-2.234896,3,677.823752
-2.215958,3,677.855788
-2.236933,3,677.890882
-1.100229,2,677.914906
-2.251205,3,677.949657
-2.198454,3,677.982191
-0.024809,1,678.003815
-2.274371,3,678.041858
-0.037953,1,678.054866
-3.284338,4,678.098444
-1.09354,2,678.125669
-1.080617,2,678.151708
-0.042262,1,678.164724
-3.455073,4,678.208575
-2.222259,3,678.248154
-0.027227,1,678.259671
-1.109428,2,678.283912
-1.052446,2,678.30653
-1.127029,2,678.335712
-2.210987,3,678.371262
-2.216502,3,678.405892
-3.368925,4,678.456649
-1.111152,2,678.483011
-0.056448,1,678.498267
-1.11664,2,678.522802
-2.224676,3,678.558342
-1.138329,2,678.58616
-2.179734,3,678.619281
-2.284455,3,678.653823
-3.400476,4,678.693375
-3.316073,4,678.739185
-1.134422,2,678.759209
-2.162646,3,678.793802
-3.29977,4,678.836847
-2.179467,3,678.871924
-3.292321,4,678.923739
-0.032723,1,678.934748
-2.199356,3,678.962777
-2.214093,3,678.998373
-1.112271,2,679.022902
-0.042959,1,679.03692
-1.08039,2,679.058243
-1.10237,2,679.082872
-0.049955,1,679.095886
-3.293826,4,679.143697
-3.28778,4,679.190819
-2.206615,3,679.233869
-2.23625,3,679.268907
-2.17474,3,679.301553
-0.046589,1,679.314063
-0.040716,1,679.329758
-2.213745,3,679.366802
-2.181106,3,679.399349
-3.252088,4,679.448406
-3.260453,4,679.496638
-0.020955,1,679.508148
-2.229551,3,679.541687
-2.274681,3,679.580741
-2.275733,3,679.623794
-1.081915,2,679.646814
-3.357584,4,679.693872
-1.111727,2,679.713894
-3.253109,4,679.764066
-2.2295,3,679.799756
-1.119378,2,679.820784
-1.116834,2,679.843807
-2.265622,3,679.87534
-0.054415,1,679.890355
-2.271096,3,679.922614
-2.234488,3,679.952645
-0.047609,1,679.970166
-3.356187,4,680.016751
-1.077757,2,680.040785
-3.380465,4,680.093883
-0.039884,1,680.11491
-2.190536,3,680.154851
-1.122038,2,680.176374
-2.217656,3,680.214803
-2.304792,3,680.254857
-2.213928,3,680.288471
-2.305777,3,680.324168
-0.034021,1,680.335869
-1.138654,2,680.364905
-0.043855,1,680.376611
-1.100125,2,680.398184
-2.241266,3,680.438237
-3.409663,4,680.49101
-3.287745,4,680.538316
-3.398176,4,680.591162
-2.208718,3,680.623879
-3.287443,4,680.674735
-2.213509,3,680.713794
-1.101398,2,680.739824
-3.391292,4,680.788874
-2.29341,3,680.832685
-3.358031,4,680.880243
-3.274814,4,680.918448
-0.039077,1,680.926554
-2.226186,3,680.959713
-2.198024,3,680.990828
-3.232183,4,681.032868
-3.369133,4,681.069911
-1.155747,2,681.099108
-0.042335,1,681.109119
-2.188188,3,681.139261
-2.188602,3,681.169304
-3.309138,4,681.231101
-2.21139,3,681.263703
-2.175724,3,681.301825
-0.039705,1,681.313835
-0.044332,1,681.330397
-2.254071,3,681.365894
-2.233976,3,681.399185
-2.225463,3,681.434283
-2.203354,3,681.474161
-2.221424,3,681.508331
-2.18832,3,681.546877
-0.046399,1,681.558389
-2.259341,3,681.594009
-2.222209,3,681.625791
-1.135364,2,681.652555
-1.090177,2,681.673121
-2.181268,3,681.713738
-1.119532,2,681.739778
-3.370568,4,681.789831
-1.061578,2,681.824882
-3.321541,4,681.876647
-1.100511,2,681.901682
-3.268488,4,681.946725
-2.162097,3,681.979261
-3.468282,4,682.025808
-1.071117,2,682.050841
-2.234216,3,682.093891
-0.057111,1,682.105902
-1.100069,2,682.129051
-0.0121,1,682.146685
-2.198038,3,682.181735
-1.073871,2,682.205758
-1.091759,2,682.23079
-2.202395,3,682.26182
-1.115673,2,682.282851
-2.19801,3,682.322899
-1.081349,2,682.35186
-0.033833,1,682.366873
-2.216074,3,682.411074
-3.356997,4,682.45677
-2.185597,3,682.494812
-0.00894,1,682.506824
-2.201032,3,682.545869
-3.335869,4,682.594508
-0.050699,1,682.611613
-2.314128,3,682.648154
-2.231454,3,682.682699
-2.193074,3,682.718234
-0.019481,1,682.731756
-0.0511,1,682.747117
-2.263644,3,682.783665
-0.033144,1,682.796679
-2.152512,3,682.844744
-3.289249,4,682.894815
-3.297861,4,682.94137
-2.233751,3,682.978971
-2.214338,3,683.015715
-2.180835,3,683.051762
-2.172331,3,683.084796
-2.226886,3,683.116829
-1.129746,2,683.142869
-2.152512,3,683.175902
-2.138794,3,683.208656
-3.428067,4,683.246773
-2.251859,3,683.299848
-2.229191,3,683.330888
-1.100546,2,683.350908
-1.148176,2,683.371942
-1.100494,2,683.405554
-1.0969,2,683.429762
-1.061698,2,683.455804
-1.076002,2,683.478327
-1.155963,2,683.506862
-1.115535,2,683.529897
-2.163938,3,683.566111
-2.221862,3,683.59982
-1.135,2,683.629858
-2.176919,3,683.740777
-2.164292,3,683.865126
-2.257529,3,683.992749
-3.409096,4,684.181787
-2.258284,3,684.293705
-2.234066,3,684.411885
-3.448365,4,684.564801
-3.305831,4,684.727596
-1.100417,2,684.802122
-0.028246,1,684.845817
-3.373963,4,684.996777
-1.071526,2,685.08566
-2.208713,3,685.205897
-2.281484,3,685.332069
-3.357756,4,685.496655
-2.162527,3,685.621645
-2.206037,3,685.749944
-0.035845,1,685.787018
-2.22602,3,685.909347
-2.210279,3,686.030711
-3.389007,4,686.188956
-2.236578,3,686.300814
-2.20584,3,686.418192
-1.076813,2,686.50914
-1.122296,2,686.593804
-2.149272,3,686.709678
-1.084462,2,686.781291
-0.050776,1,686.840825
-0.030129,1,686.878373
-2.166261,3,686.99386
-2.179172,3,687.118251
-1.121481,2,687.208502
-2.251606,3,687.321543
-1.126643,2,687.398328
-2.220782,3,687.512744
-2.18785,3,687.64062
-3.353958,4,687.804902
-3.37967,4,687.974222
-2.226502,3,688.084165
-3.361983,4,688.249781
-3.327286,4,688.388798
-2.23592,3,688.502006
-0.02942,1,688.543877
-2.166045,3,688.681261
-2.216391,3,688.801861
-0.045614,1,688.848418
-2.229321,3,688.960789
-1.124036,2,689.04579
-1.081225,2,689.122934
-1.07703,2,689.195746
-0.045233,1,689.236801
-3.307665,4,689.400802
-1.100217,2,689.480491
-3.291941,4,689.642933
-1.15864,2,689.725783
-2.190392,3,689.85371
-2.184232,3,689.980308
-2.229177,3,690.103772
-3.323418,4,690.264787
-2.241081,3,690.38733
-2.197184,3,690.505881
-2.247141,3,690.629276
-3.29389,4,690.79622
-2.189323,3,690.930725
-1.12386,2,691.010557
-1.128917,2,691.092751
-2.191451,3,691.224855
-2.236499,3,691.340822
-1.059249,2,691.40934
-2.127781,3,691.522069
-3.340064,4,691.680908
-3.318695,4,691.842932
-0.014705,1,691.881742
-1.067085,2,691.954733
-1.102237,2,692.035851
-2.193366,3,692.179787
-2.253315,3,692.311744
-2.279472,3,692.422898
-2.251087,3,692.531745
-1.11143,2,692.609906
-2.217394,3,692.722688
-2.155949,3,692.856524
-2.254565,3,692.975629
-1.120392,2,693.046787
-2.267697,3,693.188271
-2.203146,3,693.30594
-2.226243,3,693.420305
-1.130739,2,693.501913
-1.128005,2,693.579149
-2.244161,3,693.703634
-3.407314,4,693.870756
-2.241704,3,693.995734
-3.299087,4,694.161755
-1.126621,2,694.236129
-0.012704,1,694.273713
-2.221371,3,694.398396
-3.342932,4,694.549718
-3.363515,4,694.7106
-2.305577,3,694.828124
-3.285316,4,694.986047
-2.20839,3,695.109897
-3.284652,4,695.263858
-0.050999,1,695.309655
-3.298787,4,695.475682
-1.102727,2,695.539302
-3.355951,4,695.689347
-0.042261,1,695.733929
-2.269341,3,695.874873
-1.132338,2,695.954789
-2.171401,3,696.092868
-2.226344,3,696.206671
-1.089997,2,696.306514
-2.235015,3,696.425906
-3.292745,4,696.581889
-3.30015,4,696.728104
-2.178111,3,696.875035
-2.216816,3,696.991863
-0.036837,1,697.029912
-0.008078,1,697.065669
-1.142455,2,697.151893
-2.162119,3,697.269816
-2.216771,3,697.384386
-1.10529,2,697.455707
-1.137366,2,697.534808
-0.032647,1,697.573862
-1.114455,2,697.640724
-2.236533,3,697.766909
-2.189094,3,697.888355
-1.09657,2,697.970723
-2.17671,3,698.089877
-1.098534,2,698.149723
-0.015702,1,698.198302
-0.040991,1,698.236855
-2.259702,3,698.361759
-1.095561,2,698.441878
-2.253166,3,698.554749
-3.31355,4,698.709142
-3.299588,4,698.8918
-2.18972,3,699.008538
-1.151925,2,699.100169
-3.39813,4,699.248381
-1.108327,2,699.330803
-2.259998,3,699.454072
-0.032502,1,699.500786
-3.409573,4,699.640657
-1.119427,2,699.713751
-1.093696,2,699.781475
-3.353308,4,699.951815
-2.232718,3,700.08075
-0.033779,1,700.118302
-2.240539,3,700.236764
-1.111498,2,700.328398
-2.190777,3,700.44488
-3.37407,4,700.612826
-3.331756,4,700.773813
-2.278211,3,700.90822
-2.266845,3,701.032898
-2.282099,3,701.150433
-3.313523,4,701.304809
-1.141789,2,701.396021
-2.163768,3,701.513884
-3.356059,4,701.672825
-0.033498,1,701.709879
-3.297741,4,701.888323
-2.199915,3,702.016705
-1.111721,2,702.099407
-2.264599,3,702.213879
-1.115443,2,702.295655
-2.24221,3,702.415873
-3.303556,4,702.582968
-2.214243,3,702.694948
-2.212765,3,702.818155
-2.25057,3,702.94263
-2.243152,3,703.058265
-2.213213,3,703.196872
-3.397918,4,703.379949
-1.129295,2,703.46289
-2.175088,3,703.576728
-3.299752,4,703.722641
-0.0425,1,703.776719
-2.219019,3,703.911909
-2.243591,3,704.03688
-1.131542,2,704.111821
-1.131459,2,704.206816
-3.34767,4,704.371803
-2.245384,3,704.489163
-2.275276,3,704.609744
-0.018726,1,704.651807
-2.250352,3,704.764776
-3.3748,4,704.930687
-1.102185,2,705.016691
-2.265781,3,705.156646
-2.196212,3,705.280942
-2.240007,3,705.416681
-2.292647,3,705.541655
-2.262777,3,705.65683
-2.236444,3,705.769929
-2.21348,3,705.899251
-2.178281,3,706.008561
-1.098618,2,706.106905
-2.155129,3,706.239373
-2.243199,3,706.353854
-3.297725,4,706.518945
-2.209298,3,706.646699
-1.081289,2,706.721843
-2.155781,3,706.846656
-2.171928,3,706.965657
-3.309423,4,707.125654
-3.342747,4,707.296648
-2.217004,3,707.412344
-3.308364,4,707.565752
-2.294125,3,707.675606
-3.366866,4,707.828474
-1.126851,2,707.90508
-0.029838,1,707.948265
-2.264598,3,708.074689
-0.03494,1,708.113795
-2.226498,3,708.230409
-3.284264,4,708.389391
-2.18054,3,708.52197
-2.210295,3,708.633666
-1.133443,2,708.702781
-3.348488,4,708.862211
-1.089906,2,708.952731
-3.310389,4,709.104698
-0.040094,1,709.141257
-1.139864,2,709.21659
-2.252747,3,709.349802
-3.277575,4,709.505973
-2.222673,3,709.620888
-3.40763,4,709.766814
-2.176912,3,709.882796
-3.300501,4,710.051862
-2.274563,3,710.166718
-2.19229,3,710.286043
-2.23549,3,710.421015
-1.08909,2,710.504792
-2.212205,3,710.626726
-2.201923,3,710.745626
-2.208912,3,710.884166
-2.305803,3,710.992192
-1.11815,2,711.073792
-2.277904,3,711.19591
-3.403786,4,711.366679
-2.201833,3,711.491884
-1.121102,2,711.579716
-2.208004,3,711.702628
-2.262621,3,711.816589
-3.347182,4,711.976912
-1.068581,2,712.062891
-2.203705,3,712.190302
-2.192375,3,712.314905
-1.065092,2,712.403856
-2.278229,3,712.52287
-0.038923,1,712.570706
-1.130162,2,712.645872
-3.435512,4,712.811043
-3.376606,4,712.963066
-2.18464,3,713.084327
-2.230204,3,713.198324
-3.43609,4,713.308373
-2.182564,3,713.423647
-2.251243,3,713.593292
-0.028963,1,713.645645
-2.22574,3,713.769903
-3.240766,4,713.912025
-1.086484,2,713.97975
-2.251168,3,714.111022
-3.380753,4,714.268302
-2.273069,3,714.392027
-2.23534,3,714.54253
-1.074646,2,714.631831
-1.108831,2,714.692527
-2.212302,3,714.822623
-2.235565,3,714.931903
-2.259035,3,715.060817
-0.021671,1,715.105972
-0.016171,1,715.146709
-2.208969,3,715.266944
-1.148206,2,715.352756
-1.086735,2,715.434697
-2.23982,3,715.552836
-2.162576,3,715.672886
-0.009083,1,715.711797
-3.4358,4,715.870704
-2.162243,3,715.98432
-1.123279,2,716.079081
-2.22129,3,716.188897
-0.04017,1,716.233768
-2.249722,3,716.363729
-2.263276,3,716.478287
-0.051839,1,716.534631
-3.288407,4,716.693931
-3.29253,4,716.862679
-0.043405,1,716.900009
-1.119345,2,716.979726
-3.304664,4,717.121613
-2.170883,3,717.225653
-3.370841,4,717.38178
-3.271707,4,717.564632
-3.305622,4,717.723634
-1.111562,2,717.812809
-2.231651,3,717.928116
-0.024775,1,717.972697
-1.154371,2,718.059875
-3.344599,4,718.220644
-2.176084,3,718.272899
-2.217439,3,718.412552
-3.35123,4,718.588762
-2.263973,3,718.708323
-2.172653,3,718.826859
-2.224487,3,718.944674
-2.200127,3,719.035844
-3.31307,4,719.212788
-2.192417,3,719.356811
-2.212277,3,719.506355
-3.38206,4,719.649903
-2.168941,3,719.780904
-2.219458,3,719.901969
-1.088161,2,719.982732
-2.229258,3,720.107015
-2.24385,3,720.229399
-2.235565,3,720.343861
-2.265443,3,720.476846
-3.311837,4,720.641887
-2.254859,3,720.784823
-3.359916,4,720.965739
-2.294614,3,721.085941
-2.21851,3,721.196784
-2.179016,3,721.326746
-2.234796,3,721.461898
-2.209595,3,721.590831
-2.206903,3,721.711825
-2.224273,3,721.836666
-3.328451,4,721.988921
-1.12882,2,722.075815
-3.377933,4,722.238233
-1.136787,2,722.310853
-3.332862,4,722.47576
-3.46539,4,722.653757
-2.20568,3,722.786711
-0.026748,1,722.834301
-0.029555,1,722.875902
-1.090041,2,722.962903
-2.238679,3,723.106565
-3.397759,4,723.263063
-3.410129,4,723.441543
-2.269152,3,723.570473
-1.113022,2,723.659859
-2.207528,3,723.795838
-2.282383,3,723.92829
-3.410002,4,724.102913
-1.137166,2,724.185831
-1.116912,2,724.256623
-0.016225,1,724.296688
-0.027634,1,724.336767
-3.286826,4,724.490648
-1.12997,2,724.562832
-0.05558,1,724.598389
-0.017889,1,724.652942
-2.199206,3,724.778405
-2.26521,3,724.908254
-0.025323,1,724.944819
-3.29894,4,725.106953
-2.215456,3,725.243792
-2.282295,3,725.371875
-0.047755,1,725.417101
-0.034621,1,725.465841
-3.334867,4,725.618299
-2.175842,3,725.734649
-2.213805,3,725.872752
-0.038877,1,725.918119
-2.258482,3,726.040636
-1.117266,2,726.118178
-0.027446,1,726.159739
-2.216535,3,726.288398
-2.225326,3,726.422034
-2.213133,3,726.540831
-2.177074,3,726.658228
-3.291095,4,726.836577
-2.213943,3,726.951613
-1.102215,2,727.022755
-1.076551,2,727.091869
-1.073902,2,727.183234
-1.119732,2,727.263648
-2.230927,3,727.380901
-3.317309,4,727.497331
-0.053076,1,727.557046
-1.079307,2,727.645632
-1.108119,2,727.735856
-2.16234,3,727.844095
-1.14118,2,727.93267
-0.032354,1,727.966715
-3.3857,4,728.124899
-2.244133,3,728.242797
-2.198542,3,728.388272
-2.24181,3,728.515982
-0.042498,1,728.559166
-2.227414,3,728.689847
-2.248205,3,728.841753
-2.170836,3,728.961724
-1.123501,2,729.035865
-1.080575,2,729.124123
-2.194636,3,729.236737
-2.210562,3,729.361759
-0.035455,1,729.408844
-2.226611,3,729.542751
-2.242818,3,729.676849
-3.392494,4,729.856742
-3.353514,4,730.026959
-2.133173,3,730.139025
-1.124324,2,730.219779
-0.016106,1,730.265854
-2.23941,3,730.389271
-2.202428,3,730.530035
-1.122432,2,730.631901
-0.023342,1,730.67686
-0.024141,1,730.716522
-1.110189,2,730.818729
-1.124757,2,730.918995
-2.242959,3,731.036918
-3.348003,4,731.211822
-2.187544,3,731.359274
-2.265619,3,731.495258
-2.205926,3,731.621851
-3.303153,4,731.788374
-2.180277,3,731.925054
-0.022457,1,731.97076
-2.263479,3,732.101839
-2.216807,3,732.219889
-2.230744,3,732.369749
-2.219362,3,732.495272
-2.266961,3,732.641043
-1.071053,2,732.722898
-3.38809,4,732.911833
-1.131687,2,733.003905
-2.252589,3,733.112029
-2.272763,3,733.245855
-2.18231,3,733.381763
-0.045347,1,733.430713
-1.120728,2,733.503289
-1.109875,2,733.58064
-1.107088,2,733.654931
-1.07981,2,733.730036
-2.271969,3,733.858231
-2.179443,3,733.97812
-1.071707,2,734.068101
-2.181275,3,734.184214
-1.134382,2,734.242593
-1.135861,2,734.332844
-2.17521,3,734.431667
-1.153807,2,734.490782
-2.229752,3,734.584916
-2.17889,3,734.676801
-3.304911,4,734.796266
-2.191921,3,734.921725
-3.386561,4,735.039894
-2.174828,3,735.107224
-2.246236,3,735.220911
-1.137837,2,735.289235
-2.188525,3,735.403172
-0.008536,1,735.464889
-1.100162,2,735.546824
-1.161893,2,735.62488
-2.15978,3,735.743673
-0.054441,1,735.79876
-2.285156,3,735.939073
-2.207077,3,736.05818
-3.302626,4,736.205166
-2.237936,3,736.315088
-2.189451,3,736.465712
-2.198815,3,736.611473
-2.171362,3,736.716683
-2.242502,3,736.82085
-1.133087,2,736.891709
-2.236881,3,737.000219
-2.280606,3,737.091762
-3.239637,4,737.239738
-1.061104,2,737.324
-1.09223,2,737.407193
-3.375841,4,737.541913
-2.180444,3,737.629036
-2.210223,3,737.753255
-0.010617,1,737.796012
-2.286024,3,737.892877
-1.140862,2,737.947197
-1.126864,2,738.007351
-1.071597,2,738.09383
-2.210475,3,738.17275
-2.246739,3,738.310301
-3.289203,4,738.456692
-2.253923,3,738.586803
-2.163918,3,738.72201
-0.057796,1,738.759652
-2.219408,3,738.872018
-2.149491,3,739.008884
-3.367751,4,739.172631
-2.17639,3,739.285749
-1.081572,2,739.360817
-1.094597,2,739.441661
-1.118184,2,739.5099
-3.413341,4,739.668172
-1.076563,2,739.745574
-3.298309,4,739.91297
-2.203342,3,740.059103
-2.194213,3,740.184839
-3.343954,4,740.337011
-2.275312,3,740.489152
-0.013885,1,740.526876
-1.078943,2,740.614837
-2.179214,3,740.73168
-1.131763,2,740.813925
-2.198556,3,740.929097
-2.241549,3,741.059669
-0.039618,1,741.100235
-3.31441,4,741.266846
-3.292695,4,741.415064
-2.178014,3,741.545685
-0.032168,1,741.589254
-3.321636,4,741.78391
-0.054964,1,741.814707
-2.204951,3,741.93301
-2.191604,3,742.071795
-2.160727,3,742.208396
-3.349039,4,742.363886
-3.310083,4,742.536001
-2.203271,3,742.671036
-1.131834,2,742.772761
-2.226624,3,742.909853
-3.343987,4,743.072834
-2.185335,3,743.19833
-3.307677,4,743.367027
-2.204864,3,743.48665
-2.232322,3,743.608953
-3.296374,4,743.784836
-3.323195,4,743.959127
-2.138005,3,744.052653
-1.129726,2,744.130785
-3.35622,4,744.292773
-2.285243,3,744.407404
-0.035186,1,744.442119
-3.267766,4,744.609817
-1.141322,2,744.699203
-2.253203,3,744.826557
-2.22336,3,744.965755
-1.120894,2,745.043891
-2.223384,3,745.181849
-2.186009,3,745.289771
-3.379576,4,745.448378
-1.125001,2,745.538332
-2.242499,3,745.654771
-1.104142,2,745.733642
-3.384208,4,745.855859
-2.218834,3,745.966737
-2.252246,3,746.066907
-1.069922,2,746.152843
-1.078978,2,746.225554
-2.274839,3,746.346774
-2.161073,3,746.459179
-1.082015,2,746.539862
-2.191662,3,746.682825
-3.28864,4,746.832808
-3.311205,4,747.019348
-3.350518,4,747.191895
-1.134518,2,747.273883
-0.035918,1,747.313627
-1.093835,2,747.395902
-1.123409,2,747.482801
-2.274387,3,747.610706
-2.195012,3,747.755991
-1.127364,2,747.839282
-1.095887,2,747.926911
-3.287715,4,748.101791
-2.238494,3,748.235786
-3.309039,4,748.389849
-2.248187,3,748.52083
-1.097617,2,748.600685
-2.208639,3,748.721874
-2.174335,3,748.838372
-2.242982,3,748.961807
-2.256205,3,749.078306
-1.098707,2,749.152576
-2.214419,3,749.28294
-2.228768,3,749.410837
-3.286364,4,749.560917
-3.346524,4,749.740787
-3.353441,4,749.882895
-2.224528,3,749.966848
-3.300392,4,750.062852
-3.303135,4,750.145847
-2.268868,3,750.259798
-3.37352,4,750.378275
-3.328045,4,750.507238
-2.218925,3,750.586664
-3.371447,4,750.754748
-2.171284,3,750.894903
-3.314417,4,751.070888
-3.331738,4,751.241576
-2.240649,3,751.351789
-2.254099,3,751.476909
-3.338556,4,751.618159
-3.267717,4,751.811581
-3.371775,4,751.976642
-2.175259,3,752.10877
-0.013139,1,752.146676
-1.073688,2,752.233001
-1.138061,2,752.317317
-2.246599,3,752.443932
-0.039746,1,752.4797
-1.082848,2,752.551905
-2.263893,3,752.670879
-3.308952,4,752.872043
-3.302642,4,753.03189
-0.028007,1,753.074709
-2.163098,3,753.213316
-2.237446,3,753.360764
-0.037338,1,753.405331
-0.053353,1,753.442607
-2.206368,3,753.565805
-3.29191,4,753.75274
-1.101075,2,753.835982
-2.159483,3,753.985145
-1.07727,2,754.069723
-1.072947,2,754.154981
-1.115681,2,754.233086
-0.053401,1,754.27985
-2.243819,3,754.407305
-0.020099,1,754.451906
-0.055475,1,754.491688
-1.118328,2,754.583756
-1.103932,2,754.659635
-1.111577,2,754.754635
-2.256021,3,754.873706
-2.216662,3,755.002759
-0.017754,1,755.03257
-2.194087,3,755.162686
-3.305337,4,755.304161
-3.315603,4,755.466894
-3.291147,4,755.627071
-2.288227,3,755.762736
-3.250216,4,755.889185
-2.222373,3,756.015091
-0.04784,1,756.066753
-2.225572,3,756.210858
-2.186617,3,756.345913
-1.151418,2,756.417259
-2.211222,3,756.530698
-3.40628,4,756.714912
-2.152007,3,756.82907
-2.192055,3,756.964745
-0.034208,1,757.014327
-1.087204,2,757.111387
-2.186534,3,757.242688
-2.270586,3,757.358139
-2.19389,3,757.484661
-1.155223,2,757.564656
-2.226785,3,757.684678
-0.03639,1,757.728383
-1.091361,2,757.793866
-1.115705,2,757.878373
-0.044785,1,757.91668
-3.280059,4,758.086764
-2.246825,3,758.201674
-2.188082,3,758.33104
-2.191952,3,758.454571
-3.353451,4,758.630878
-0.023639,1,758.672704
-3.31969,4,758.810829
-1.088081,2,758.880634
-3.351095,4,759.020866
-2.157374,3,759.15707
-3.363061,4,759.340686
-3.34828,4,759.484131
-2.251208,3,759.602798
-2.27021,3,759.70857
-3.325865,4,759.824017
-3.266316,4,759.958202
-3.356829,4,760.092914
-2.185436,3,760.195995
-2.205909,3,760.31219
-0.036049,1,760.349239
-2.161431,3,760.443784
-1.09174,2,760.505877
-1.132955,2,760.569857
-2.222047,3,760.662853
-1.124856,2,760.724079
-1.108098,2,760.791792
-2.165455,3,760.890881
-2.189632,3,760.998206
-1.088922,2,761.07967
-3.296903,4,761.192779
-1.103708,2,761.259374
-1.098161,2,761.319684
-1.063571,2,761.386787
-2.201915,3,761.479351
-3.438124,4,761.593757
-0.007667,1,761.61902
-1.12602,2,761.659221
-3.353553,4,761.751661
-2.187431,3,761.833399
-1.108964,2,761.885637
-2.163736,3,761.961878
-3.301985,4,762.058239
-1.093823,2,762.110329
-2.236162,3,762.199744
-2.192301,3,762.294757
-1.099216,2,762.349178
-2.266784,3,762.440603
-3.272966,4,762.554999
-0.037615,1,762.585188
-3.459363,4,762.700612
-1.117156,2,762.763713
-3.383256,4,762.893609
-1.11412,2,762.949346
-2.254481,3,763.049261
-3.362194,4,763.18084
-3.396272,4,763.288276
-3.391732,4,763.403899
-1.077141,2,763.461728
-2.244994,3,763.558402
-1.111414,2,763.6119
-0.006071,1,763.64664
-0.043042,1,763.676693
-2.244625,3,763.769856
-3.34612,4,763.891764
-0.042166,1,763.918374
-3.238181,4,764.044939
-1.130765,2,764.114321
-3.328216,4,764.238934
-1.115086,2,764.289804
-0.009358,1,764.323867
-3.28366,4,764.45089
-2.244054,3,764.540879
-2.14844,3,764.644809
-2.244261,3,764.716921
-2.195774,3,764.825067
-1.115989,2,764.892847
-0.031393,1,764.925003
-2.263895,3,765.021998
-2.184994,3,765.129056
-2.1646,3,765.214831
-2.152254,3,765.306217
-1.147027,2,765.353868
-2.242117,3,765.451871
-2.226042,3,765.532859
-0.04076,1,765.570177
-1.145784,2,765.650728
-1.071457,2,765.711345
-1.10234,2,765.770248
-0.050694,1,765.800126
-1.082827,2,765.858325
-2.177777,3,765.948258
-3.30418,4,766.088655
-3.326839,4,766.232708
-1.103816,2,766.313837
-3.300845,4,766.438317
-3.303516,4,766.555656
-1.064687,2,766.620775
-2.257536,3,766.694906
-2.242551,3,766.790258
-2.181574,3,766.878267
-2.191214,3,766.962542
-3.371565,4,767.099747
-2.241352,3,767.194892
-2.131563,3,767.29933
-3.340113,4,767.434901
-1.094034,2,767.512751
-2.208584,3,767.593875
-2.240412,3,767.673148
-0.046359,1,767.70479
-2.220163,3,767.791538
-2.18521,3,767.85585
-2.232382,3,767.928202
-2.196334,3,768.012838
-0.024386,1,768.041883
-2.15948,3,768.122721
-2.271194,3,768.190907
-1.102194,2,768.236652
-2.296182,3,768.312874
-2.218329,3,768.392769
-1.132519,2,768.445837
-1.078082,2,768.485907
-2.155532,3,768.554847
-1.12265,2,768.614266
-2.232729,3,768.69285
-0.021414,1,768.712882
-3.355063,4,768.801774
-3.311732,4,768.907567
-3.307096,4,768.998383
-2.251647,3,769.085817
-1.099899,2,769.139055
-2.15704,3,769.222012
-3.381476,4,769.321966
-2.255586,3,769.404769
-3.341547,4,769.521856
-3.412924,4,769.627007
-1.123859,2,769.686765
-2.217624,3,769.751701
-2.255048,3,769.822933
-2.202865,3,769.902866
-2.20226,3,769.98471
-1.12671,2,770.041871
-0.039525,1,770.064896
-1.135035,2,770.124392
-3.377857,4,770.233947
-2.285013,3,770.329031
-2.192579,3,770.41331
-2.271955,3,770.496199
-3.280716,4,770.612577
-2.216135,3,770.682998
-0.009846,1,770.708152
-1.096014,2,770.761765
-2.194163,3,770.835875
-2.242714,3,770.919694
-2.290861,3,771.001824
-2.145823,3,771.091724
-2.24113,3,771.172829
-3.275754,4,771.282942
-2.281841,3,771.367088
-2.210031,3,771.462735
-2.212562,3,771.542156
-3.355336,4,771.650905
-3.409336,4,771.7569
-3.336783,4,771.848938
-1.131139,2,771.90079
-1.071032,2,771.945897
-1.138474,2,771.992671
-1.089494,2,772.048108
-2.223385,3,772.115216
-3.340147,4,772.210747
-2.259882,3,772.27972
-0.052074,1,772.311774
-1.12178,2,772.360723
-2.271767,3,772.426593
-0.038157,1,772.452702
-2.263746,3,772.531923
-3.330777,4,772.642878
-2.166714,3,772.733028
-1.08963,2,772.804787
-2.195862,3,772.886824
-2.225591,3,772.986779
-2.23822,3,773.085881
-1.123255,2,773.166758
-2.266432,3,773.281824
-2.275581,3,773.396897
-0.043502,1,773.442167
-2.213001,3,773.572917
-3.378151,4,773.710892
-2.263493,3,773.805891
-2.258555,3,773.898276
-2.215439,3,773.989061
-0.048147,1,774.019322
-0.049893,1,774.041902
-2.203506,3,774.114268
-2.194192,3,774.206131
-1.091014,2,774.2707
-2.204817,3,774.346898
-0.045957,1,774.364501
-3.340076,4,774.472862
-3.336675,4,774.604743
-1.077143,2,774.664221
-1.064356,2,774.713051
-1.107693,2,774.773875
-0.044742,1,774.808959
-3.343651,4,774.904098
-3.274028,4,774.998336
-2.19519,3,775.07179
-1.127438,2,775.129384
-2.188031,3,775.204316
-2.268359,3,775.276951
-0.039728,1,775.299277
-0.029943,1,775.323525
-2.23645,3,775.391506
-0.056818,1,775.410402
-1.102429,2,775.452753
-2.202972,3,775.540896
-2.257235,3,775.629661
-3.398871,4,775.720303
-3.32336,4,775.829265
-1.112349,2,775.894766
-2.254347,3,775.976021
-2.172397,3,776.081755
-2.247731,3,776.169177
-3.383762,4,776.298363
-2.238333,3,776.390749
-3.334326,4,776.505851
-0.054568,1,776.525385
-1.102857,2,776.592751
-2.277036,3,776.659363
-3.310116,4,776.771777
-2.287111,3,776.843746
-3.363971,4,776.949188
-1.084384,2,777.003289
-0.032233,1,777.035939
-1.132291,2,777.086793
-2.19205,3,777.174227
-1.131386,2,777.213139
-1.116346,2,777.258208
-0.043587,1,777.290765
-0.038166,1,777.323327
-2.224625,3,777.392871
-2.228768,3,777.472564
-3.304843,4,777.574815
-2.155322,3,777.676757
-2.24539,3,777.754597
-0.056903,1,777.78515
-1.093191,2,777.829114
-3.3952,4,777.94189
-2.212148,3,778.018264
-2.174377,3,778.086316
-3.297324,4,778.173688
-1.102162,2,778.234822
-1.122504,2,778.279399
-1.147124,2,778.311398
-1.103673,2,778.359778
-3.259593,4,778.459179
-0.013456,1,778.474701
-0.030744,1,778.502752
-2.179264,3,778.570747
-1.123029,2,778.632994
-2.190389,3,778.705051
-0.029312,1,778.724151
-0.031166,1,778.748299
-2.172737,3,778.828495
-2.172187,3,778.903909
-3.340471,4,779.014854
-1.085777,2,779.064702
-3.300707,4,779.17683
-1.118564,2,779.239057
-3.357613,4,779.342125
-3.35715,4,779.445504
-2.164167,3,779.520271
-1.080715,2,779.573953
-2.224787,3,779.639076
-3.330967,4,779.754064
-2.182192,3,779.847074
-2.222138,3,779.92379
-1.099701,2,779.978374
-1.125281,2,780.030808
-3.279345,4,780.153749
-2.165314,3,780.236731
-2.189079,3,780.345645
-1.122651,2,780.419283
-2.173107,3,780.535866
-0.047032,1,780.566917
-3.322285,4,780.703845
-1.131049,2,780.784742
-2.274515,3,780.906671
-2.279768,3,781.018325
-2.196659,3,781.139945
-2.164556,3,781.244981
-2.20605,3,781.354113
-1.094349,2,781.425019
-2.238774,3,781.523172
-2.214564,3,781.643295
-3.456899,4,781.806784
-1.135422,2,781.878222
-0.045129,1,781.911784
-3.340247,4,782.006896
-1.114812,2,782.072842
-2.257104,3,782.138346
-0.03555,1,782.169406
-3.390932,4,782.274745
-2.201111,3,782.359807
-3.242533,4,782.46478
-2.269267,3,782.55352
-3.340042,4,782.659403
-2.212664,3,782.740086
-2.201364,3,782.820737
-2.222083,3,782.894846
-2.185217,3,782.969122
-2.226544,3,783.046818
-3.273381,4,783.156809
-2.198959,3,783.235071
-3.310003,4,783.333108
-3.28438,4,783.45478
-2.292027,3,783.530949
-2.165735,3,783.614172
-1.13234,2,783.660778
-2.196299,3,783.761994
-1.137602,2,783.817232
-3.330277,4,783.932365
-3.304301,4,784.043348
-1.097816,2,784.096789
-1.104865,2,784.150885
-2.268282,3,784.235763
-3.328222,4,784.361666
-1.065986,2,784.425766
-3.463874,4,784.536044
-3.383153,4,784.665878
-2.238995,3,784.743906
-3.352416,4,784.873716
-1.142404,2,784.937066
-2.256953,3,785.012767
-2.241783,3,785.101057
-2.267673,3,785.190696
-2.216808,3,785.26984
-1.077656,2,785.310897
-3.328789,4,785.414832
-1.136576,2,785.472269
-2.201151,3,785.546739
-2.284033,3,785.61733
-3.352899,4,785.721966
-1.091724,2,785.786823
-3.378114,4,785.879122
-3.326833,4,785.969183
-3.311405,4,786.07446
-2.153656,3,786.169879
-2.313503,3,786.256668
-2.260024,3,786.329298
-1.1234,2,786.374463
-0.058553,1,786.408595
-2.199179,3,786.481792
-2.213049,3,786.555232
-1.137506,2,786.610906
-1.102772,2,786.666821
-2.227129,3,786.747389
-0.044113,1,786.772985
-3.308358,4,786.88025
-2.288332,3,786.961747
-3.398908,4,787.0659
-2.155229,3,787.138256
-0.045575,1,787.164186
-0.040643,1,787.200825
-0.035111,1,787.225856
-1.093072,2,787.277616
-1.104751,2,787.336904
-2.286799,3,787.425042
-2.273615,3,787.499227
-1.133124,2,787.558364
-2.161521,3,787.638405
-1.13708,2,787.690825
-1.09321,2,787.738204
-1.079465,2,787.789792
-2.157713,3,787.865086
-3.345297,4,787.978256
-1.108562,2,788.026937
-2.234566,3,788.104712
-3.345873,4,788.199867
-1.124709,2,788.259158
-3.41241,4,788.360649
-2.298238,3,788.450682
-1.132793,2,788.502764
-3.346497,4,788.614175
-2.246401,3,788.689799
-2.242742,3,788.757049
-0.021483,1,788.784801
-2.201312,3,788.856802
-2.260913,3,788.935552
-2.250428,3,789.018303
-0.022113,1,789.033075
-2.16561,3,789.113916
-2.146609,3,789.193866
-2.237091,3,789.273626
-2.24205,3,789.370796
-3.350443,4,789.480846
-2.19204,3,789.565759
-1.145895,2,789.622835
-0.031908,1,789.649876
-2.206666,3,789.737384
-2.274739,3,789.813851
-0.043411,1,789.840397
-3.364747,4,789.959054
-3.310347,4,790.08823
-3.35291,4,790.234063
-1.092458,2,790.29586
-1.11778,2,790.366576
-0.029379,1,790.409753
-1.128648,2,790.481677
-3.28692,4,790.630974
-2.251209,3,790.74663
-3.273259,4,790.893424
-3.322786,4,791.041124
-0.038439,1,791.079664
-0.032413,1,791.13194
-2.226419,3,791.27686
-0.035668,1,791.306906
-2.277492,3,791.415873
-1.126875,2,791.483762
-2.24159,3,791.624232
-2.286891,3,791.769327
-1.096449,2,791.859663
-2.209487,3,791.981699
-2.23867,3,792.092702
-1.115209,2,792.171906
-2.185722,3,792.280887
-2.21635,3,792.365718
-0.023842,1,792.399783
-2.19184,3,792.493841
-3.304256,4,792.632378
-3.302196,4,792.789804
-0.009571,1,792.825368
-0.038149,1,792.87365
-2.255307,3,793.012712
-2.207923,3,793.142878
-2.182385,3,793.256934
-1.129938,2,793.313696
-1.070327,2,793.3759
-1.146469,2,793.435816
-2.198453,3,793.530265
-1.135328,2,793.586908
-3.278766,4,793.712854
-2.227353,3,793.801776
-1.100058,2,793.862736
-0.018604,1,793.890782
-2.200595,3,793.962465
-0.012059,1,793.991805
-2.164781,3,794.089287
-2.17915,3,794.154874
-1.107081,2,794.209973
-1.077612,2,794.255756
-2.205159,3,794.33893
-2.214018,3,794.414795
-3.346767,4,794.518296
-3.296101,4,794.634748
-1.094872,2,794.683863
-0.045197,1,794.704896
-3.455948,4,794.827273
-2.226006,3,794.904903
-3.269907,4,795.014745
-2.238223,3,795.097075
-1.086344,2,795.15199
-1.095924,2,795.194937
-2.191978,3,795.276744
-1.084426,2,795.312801
-2.242915,3,795.370932
-2.201205,3,795.449956
-3.337158,4,795.559649
-2.260713,3,795.641996
-2.209234,3,795.72278
-1.144861,2,795.76286
-0.040051,1,795.788394
-3.334604,4,795.87689
-2.228978,3,795.945937
-2.199826,3,796.011703
-2.136976,3,796.075889
-1.111824,2,796.115654
-2.232285,3,796.186852
-2.182661,3,796.25183
-2.168944,3,796.325523
-2.226417,3,796.394683
-0.030565,1,796.416714
-3.36134,4,796.518368
-2.159217,3,796.615724
-2.277718,3,796.714738
-2.170862,3,796.791876
-0.041965,1,796.821985
-2.255565,3,796.922024
-2.167414,3,797.003781
-2.176906,3,797.091771
-2.202526,3,797.173508
-0.00878,1,797.228748
-1.061924,2,797.285858
-2.260551,3,797.396705
-2.224763,3,797.498153
-2.268127,3,797.593797
-2.172369,3,797.706769
-2.244221,3,797.793794
-3.33952,4,797.896887
-3.381001,4,798.009688
-2.188731,3,798.078254
-2.303813,3,798.151735
-1.073093,2,798.211826
-3.362772,4,798.324727
-3.299267,4,798.422698
-1.144223,2,798.473703
-2.212627,3,798.550644
-3.343322,4,798.683945
-2.284258,3,798.762703
-1.146039,2,798.815779
-3.287206,4,798.918353
-2.290308,3,799.016716
-2.166896,3,799.098174
-3.351054,4,799.209091
-1.118739,2,799.270908
-3.329502,4,799.372896
-1.060113,2,799.430656
-0.016075,1,799.461712
-3.299606,4,799.576734
-2.194692,3,799.65495
-1.142761,2,799.703714
-2.253308,3,799.773781
-0.024374,1,799.79681
-3.400724,4,799.902537
-2.179065,3,799.96065
-2.243928,3,800.044179
-2.259084,3,800.137244
-2.142173,3,800.237394
-3.306799,4,800.344763
-2.244243,3,800.430652
-1.122043,2,800.490756
-2.225657,3,800.593365
-2.263112,3,800.681413
-2.176272,3,800.773725
-3.389378,4,800.8908
-1.095611,2,800.950942
-3.34289,4,801.050589
-3.259233,4,801.176819
-3.227753,4,801.286855
-1.108246,2,801.353774
-2.167775,3,801.433411
-1.090016,2,801.489316
-0.023567,1,801.516858
-0.040516,1,801.548928
-2.197589,3,801.628206
-0.03351,1,801.658266
-1.079437,2,801.70835
-1.122968,2,801.7702
-2.252433,3,801.860688
-2.173676,3,801.942013
-2.266976,3,802.022851
-2.228432,3,802.119741
-1.097645,2,802.178332
-2.189443,3,802.251277
-0.026118,1,802.274843
-2.245928,3,802.39177
-0.030258,1,802.43025
-2.284531,3,802.512672
-3.444174,4,802.629193
-0.037217,1,802.658326
-2.223161,3,802.741874
-1.132744,2,802.795742
-2.23328,3,802.876942
-2.169829,3,802.959804
-1.102298,2,803.019679
-3.28254,4,803.141846
-2.186621,3,803.226118
-2.230628,3,803.321727
-1.123117,2,803.369758
-2.158474,3,803.444247
-0.014465,1,803.466807
-2.190928,3,803.560746
-3.342473,4,803.673817
-2.284902,3,803.769964
-3.275534,4,803.887228
-3.238403,4,804.006778
-0.030085,1,804.038338
-2.292863,3,804.133265
-2.228408,3,804.22378
-2.26987,3,804.31146
-1.122877,2,804.362131
-1.082204,2,804.418229
-3.413623,4,804.541957
-3.292418,4,804.660447
-1.122437,2,804.713286
-1.140464,2,804.775717
-3.287393,4,804.885901
-2.219545,3,804.969798
-0.053011,1,805.00285
-3.354435,4,805.110718
-1.116716,2,805.161855
-1.080211,2,805.221783
-1.073177,2,805.262843
-3.416587,4,805.379871
-1.078785,2,805.435095
-2.23747,3,805.536734
-2.17276,3,805.636899
-3.2974,4,805.7808
-2.191124,3,805.866035
-3.26439,4,805.993833
-2.258227,3,806.079107
-2.201849,3,806.182338
-1.109589,2,806.238928
-1.113012,2,806.330808
-1.09334,2,806.414611
-2.19381,3,806.525028
-2.230317,3,806.635724
-2.247389,3,806.734977
-1.083504,2,806.822757
-2.232617,3,806.970678
-1.098711,2,807.033745
-3.3521,4,807.161768
-0.03774,1,807.193812
-2.233107,3,807.3048
-2.300025,3,807.431319
-2.177009,3,807.54088
-2.25315,3,807.639294
-1.075106,2,807.708935
-3.289858,4,807.849084
-2.223647,3,807.96176
-1.158186,2,808.024855
-2.208589,3,808.105865
-2.257408,3,808.190717
-2.221221,3,808.273833
-3.329271,4,808.391778
-1.095825,2,808.453966
-2.245137,3,808.542324
-3.326723,4,808.664359
-2.253321,3,808.764907
-1.11775,2,808.821772
-3.273661,4,808.940962
-3.343288,4,809.075462
-2.193948,3,809.159722
-3.390156,4,809.286953
-0.019126,1,809.316719
-2.278716,3,809.400392
-1.081111,2,809.450371
-1.147396,2,809.498276
-1.140539,2,809.560131
-1.124433,2,809.612769
-3.410418,4,809.722727
-2.169925,3,809.817356
-2.198081,3,809.900877
-3.339262,4,810.014725
-2.228151,3,810.104751
-2.209492,3,810.185755
-1.087817,2,810.250367
-2.245502,3,810.34637
-3.320767,4,810.480813
-3.36611,4,810.602821
-2.217992,3,810.684853
-1.095479,2,810.749675
-3.347154,4,810.869242
-2.259036,3,810.95464
-2.205392,3,811.026751
-3.353203,4,811.148474
-1.140506,2,811.194734
-2.220066,3,811.274231
-0.010227,1,811.302903
-0.030932,1,811.334708
-2.187676,3,811.416822
-1.085211,2,811.459394
-1.135079,2,811.509719
-2.252801,3,811.578923
-0.052457,1,811.604642
-1.125712,2,811.652737
-2.251755,3,811.726903
-1.121077,2,811.780699
-3.256213,4,811.890789
-1.087248,2,811.941383
-3.339668,4,812.039778
-3.289437,4,812.138967
-2.256538,3,812.218979
-2.245837,3,812.294094
-1.128016,2,812.337245
-2.238912,3,812.425844
-2.255699,3,812.501802
-2.279629,3,812.570168
-2.161943,3,812.647324
-1.110175,2,812.697019
-1.136612,2,812.754316
-2.203511,3,812.835246
-3.299722,4,812.930859
-2.179284,3,813.008331
-2.160509,3,813.086732
-2.176089,3,813.170501
-3.331908,4,813.511612
-1.106111,2,813.573998
-2.242657,3,813.648372
-3.436258,4,813.752798
-2.198712,3,813.830038
-3.309358,4,813.945657
-2.186839,3,814.026794
-0.025501,1,814.053342
-1.106469,2,814.102829
-2.220561,3,814.195899
-1.084232,2,814.242302
-2.187633,3,814.336221
-0.016552,1,814.362802
-3.336898,4,814.49001
-2.283856,3,814.58585
-2.230262,3,814.714772
-2.239659,3,814.806704
-3.366816,4,814.986559
-2.266514,3,815.126829
-2.196978,3,815.216812
-3.282698,4,815.33629
-0.042743,1,815.366942
-3.347018,4,815.475746
-2.243978,3,815.563106
-2.228133,3,815.640316
-0.021855,1,815.671988
-2.154193,3,815.770317
-3.382685,4,815.899666
-1.149796,2,815.96043
-1.080216,2,816.02493
-2.274378,3,816.121681
-3.390103,4,816.228212
-2.166769,3,816.299885
-1.076945,2,816.361802
-2.268949,3,816.441134
-2.253158,3,816.539337
-1.111379,2,816.586005
-2.259187,3,816.682906
-3.31184,4,816.802882
-3.310917,4,816.916837
-0.013667,1,816.953479
-1.12221,2,817.029281
-1.064127,2,817.073563
-2.218179,3,817.152007
-2.168534,3,817.23723
-1.1309,2,817.290673
-2.189471,3,817.370596
-1.08468,2,817.433825
-2.255799,3,817.521891
-2.293982,3,817.585705
-2.209609,3,817.691787
-3.325304,4,817.830852
-1.126563,2,817.896683
-1.093807,2,817.958421
-2.260104,3,818.024751
-3.306101,4,818.136341
-3.421526,4,818.25183
-2.169836,3,818.343204
-1.110963,2,818.408298
-2.193558,3,818.537294
-3.319672,4,818.694807
-1.099498,2,818.77857
-2.273303,3,818.873694
-2.248547,3,818.988393
-2.206817,3,819.088125
-3.371298,4,819.214766
-2.167715,3,819.303745
-2.202069,3,819.39567
-3.348865,4,819.510669
-2.214182,3,819.596716
-3.36073,4,819.712816
-0.015297,1,819.740966
-3.373927,4,819.839317
-2.236378,3,819.926673
-3.305464,4,820.024174
-2.221003,3,820.105977
-3.302494,4,820.199855
-3.319902,4,820.294732
-0.010128,1,820.323777
-1.108362,2,820.365337
-1.105176,2,820.411282
-1.10187,2,820.456983
-2.286306,3,820.539402
-2.159356,3,820.621401
-1.076103,2,820.669224
-2.24337,3,820.758926
-1.070728,2,820.808205
-1.098351,2,820.868614
-3.4226,4,820.991882
-1.124811,2,821.049906
-1.116091,2,821.099675
-2.199708,3,821.171889
-0.038291,1,821.191917
-1.0673,2,821.248822
-2.185827,3,821.331761
-1.075664,2,821.380921
-2.24527,3,821.459359
-3.371471,4,821.570539
-3.349797,4,821.674682
-2.161823,3,821.760088
-1.088204,2,821.811718
-3.384397,4,821.938323
-2.263259,3,822.02347
-3.32816,4,822.140305
-2.155453,3,822.228183
-3.369392,4,822.34652
-2.229716,3,822.445408
-3.300431,4,822.552149
-0.026382,1,822.583789
-1.106316,2,822.649099
-3.240182,4,822.78394
-2.171127,3,822.873623
-2.214893,3,822.97679
-0.009014,1,823.009843
-1.126268,2,823.064694
-2.235363,3,823.156963
-2.212714,3,823.245837
-3.281831,4,823.37044
-1.130831,2,823.421677
-2.211706,3,823.510722
-1.114841,2,823.571207
-2.184716,3,823.684735
-3.365448,4,823.806669
-2.192629,3,823.914983
-0.042048,1,823.950798
-1.088252,2,824.028554
-3.42214,4,824.159747
-1.071232,2,824.226848
-3.280567,4,824.376028
-0.047627,1,824.419283
-2.216338,3,824.520564
-2.220977,3,824.617037
-2.250285,3,824.712721
-2.263422,3,824.81893
-1.096973,2,824.890871
-2.198442,3,824.976753
-0.02262,1,825.00692
-3.296898,4,825.126687
-0.046707,1,825.154809
-0.017352,1,825.185861
-2.234078,3,825.258304
-1.110192,2,825.322083
-2.231504,3,825.40175
-2.167583,3,825.477031
-0.029127,1,825.502686
-2.207024,3,825.594915
-1.163904,2,825.646215
-2.210876,3,825.732746
-1.151812,2,825.785665
-1.099328,2,825.850899
-3.350027,4,825.945033
-3.334346,4,826.039088
-2.224569,3,826.106967
-3.316668,4,826.213808
-1.105732,2,826.266893
-2.243114,3,826.337228
-3.368369,4,826.434029
-2.151646,3,826.512776
-2.227472,3,826.584892
-1.088304,2,826.635687
-2.221276,3,826.716733
-0.029173,1,826.758308
-2.293826,3,826.826573
-3.383849,4,826.93117
-0.033325,1,826.954141
-2.212371,3,827.029172
-2.227147,3,827.098706
-2.182995,3,827.178388
-2.222305,3,827.241755
-1.123526,2,827.30186
-2.206707,3,827.385321
-2.178735,3,827.458312
-1.11726,2,827.508403
-3.422794,4,827.613816
-2.157978,3,827.690911
-3.380548,4,827.793983
-3.292425,4,827.890178
-0.045253,1,827.926244
-3.248392,4,828.044017
-3.344111,4,828.15177
-3.353138,4,828.259095
-2.193783,3,828.340823
-2.150383,3,828.411713
-2.191856,3,828.489866
-1.147529,2,828.550298
-1.113814,2,828.61042
-3.299922,4,828.715152
-0.048626,1,828.741878
-2.244527,3,828.815824
-1.111504,2,828.8727
-0.054377,1,828.899736
-2.251602,3,828.981857
-1.133213,2,829.034939
-2.173964,3,829.120844
-2.239008,3,829.196636
-1.109332,2,829.242716
-0.009081,1,829.269266
-3.318753,4,829.375083
-2.219544,3,829.450807
-0.051957,1,829.478344
-2.285352,3,829.561699
-3.354627,4,829.668391
-2.278447,3,829.749339
-1.131762,2,829.796815
-3.31659,4,829.903744
-3.333622,4,830.012915
-2.284961,3,830.099801
-3.304592,4,830.209282
-2.18091,3,830.281911
-3.277354,4,830.394872
-2.255437,3,830.480749
-1.085111,2,830.522808
-2.273659,3,830.616872
-1.120989,2,830.680511
-2.205664,3,830.77157
-1.11002,2,830.824892
-1.101604,2,830.891197
-0.041707,1,830.921852
-2.277422,3,830.984716
-3.308455,4,831.090894
-0.037127,1,831.112545
-3.308036,4,831.224572
-2.254992,3,831.319908
-2.218403,3,831.399839
-2.250105,3,831.500805
-3.33583,4,831.653801
-2.291394,3,831.751934
-2.19093,3,831.849265
-2.192822,3,831.955433
-2.187099,3,832.062827
-2.218158,3,832.150366
-2.162523,3,832.254828
-2.174366,3,832.350745
-1.096112,2,832.409338
-2.222278,3,832.503775
-1.136281,2,832.566873
-2.191308,3,832.665946
-1.115133,2,832.734839
-2.230996,3,832.839289
-1.112646,2,832.902849
-2.23642,3,833.016716
-2.246352,3,833.102853
-2.177642,3,833.197277
-3.382679,4,833.32215
-1.123082,2,833.374821
-2.26526,3,833.472813
-2.270424,3,833.558965
-3.369859,4,833.69168
-3.407684,4,833.825889
-2.144354,3,833.926719
-0.01684,1,833.96078
-0.01373,1,834.000849
-2.229306,3,834.089196
-1.110705,2,834.149809
-2.231308,3,834.246838
-1.090446,2,834.327074
-3.316032,4,834.455815
-1.11613,2,834.53573
-3.365473,4,834.6797
-2.176652,3,834.77411
-3.277569,4,834.886792
-3.457463,4,834.999122
-3.373996,4,835.121617
-1.112482,2,835.176746
-2.283226,3,835.270917
-2.220908,3,835.385862
-1.101741,2,835.444592
-1.057136,2,835.496749
-1.109138,2,835.556841
-1.104936,2,835.623715
-3.367988,4,835.736656
-2.144147,3,835.83281
-1.127239,2,835.896901
-2.260261,3,835.990768
-0.041157,1,836.02081
-2.211104,3,836.120849
-2.203107,3,836.216733
-3.314668,4,836.344482
-0.030099,1,836.388196
-0.018384,1,836.410293
-2.228167,3,836.510364
-1.150321,2,836.583844
-3.340907,4,836.726796
-2.274307,3,836.822754
-2.292665,3,836.929688
-2.265224,3,837.020837
-2.185971,3,837.111705
-2.240964,3,837.185316
-1.097981,2,837.24234
-2.218585,3,837.359226
-1.07053,2,837.418323
-3.28139,4,837.547301
-1.102396,2,837.622719
-1.100955,2,837.70758
-2.151446,3,837.790609
-2.198389,3,837.895819
-3.349446,4,838.024783
-0.02656,1,838.075921
-2.212308,3,838.170542
-2.252515,3,838.273724
-1.124578,2,838.350365
-3.321446,4,838.507082
-2.161702,3,838.634913
-3.408261,4,838.77826
-1.098155,2,838.847195
-1.109737,2,838.918316
-3.311098,4,839.021841
-2.269603,3,839.109749
-3.337237,4,839.206909
-2.249221,3,839.311056
-0.026444,1,839.33573
-1.096055,2,839.38483
-1.143883,2,839.441954
-3.3218,4,839.565931
-3.396004,4,839.697217
-3.311908,4,839.797076
-2.216032,3,839.892099
-2.318526,3,839.986854
-1.136755,2,840.043614
-2.238037,3,840.116854
-3.366387,4,840.228297
-2.228609,3,840.31632
-3.340672,4,840.410111
-2.191194,3,840.490736
-1.077741,2,840.616733
-1.13818,2,840.684724
-2.243292,3,840.774817
-2.301482,3,840.8568
-3.291782,4,840.961388
-3.273439,4,841.079288
-3.327587,4,841.174031
-2.241092,3,841.25139
-2.234484,3,841.322897
-1.134483,2,841.379713
-2.221343,3,841.458839
-1.1501,2,841.506253
-2.276611,3,841.572721
-2.265351,3,841.641753
-2.225512,3,841.71666
-3.356518,4,841.832891
-1.100186,2,841.889163
-2.178533,3,841.990806
-3.322902,4,842.114914
-1.147594,2,842.176812
-1.110379,2,842.218373
-2.17937,3,842.314766
-3.294677,4,842.436754
-2.152329,3,842.518924
-0.050674,1,842.545141
-2.24829,3,842.636832
-2.242778,3,842.72475
-3.445236,4,842.856343
-2.178674,3,842.947243
-0.018595,1,842.982796
-2.185124,3,843.075641
-1.119863,2,843.136746
-1.137595,2,843.209715
-3.348773,4,843.371032
-2.223227,3,843.484924
-2.24379,3,843.561917
-2.183951,3,843.65433
-1.122832,2,843.720498
-2.172003,3,843.80977
-3.355595,4,843.948442
-0.049009,1,843.983651
-3.344923,4,844.139234
-2.202974,3,844.253832
-0.038442,1,844.286873
-1.147787,2,844.364797
-1.123359,2,844.455239
-2.224458,3,844.524655
-2.260203,3,844.679113
-1.14831,2,844.762844
-0.04051,1,844.816597
-3.386454,4,845.000523
-2.241027,3,845.119146
-3.368914,4,845.285988
-0.048808,1,845.345789
-1.093233,2,845.416673
-1.111071,2,845.479914
-2.161439,3,845.590911
-2.176979,3,845.735539
-2.163899,3,845.872698
-1.109039,2,845.965998
-2.297819,3,846.083027
-2.275623,3,846.222772
-2.287855,3,846.34046
-3.30809,4,846.524099
-1.114672,2,846.606927
-3.266591,4,846.774974
-3.248136,4,846.950248
-3.335406,4,847.101725
-2.282866,3,847.234597
-1.134587,2,847.326816
-2.285946,3,847.449133
-0.047281,1,847.489246
-1.12966,2,847.561373
-0.047862,1,847.608479
-0.035157,1,847.663844
-0.049654,1,847.708409
-2.231887,3,847.854237
-0.034972,1,847.892874
-1.095872,2,847.943823
-2.2135,3,848.061259
-3.349055,4,848.226135
-1.10676,2,848.308318
-1.070601,2,848.390693
-2.259574,3,848.525862
-2.206249,3,848.638288
-1.077042,2,848.728626
-3.314845,4,848.901858
-2.235384,3,849.025791
-3.277318,4,849.209396
-2.239232,3,849.330867
-2.209568,3,849.464873
-3.328424,4,849.611112
-1.128791,2,849.680398
-2.280078,3,849.796109
-3.371714,4,849.918173
-2.173738,3,850.013644
-2.209854,3,850.121198
-3.367904,4,850.2514
-3.398364,4,850.340823
-2.268435,3,850.419772
-2.249696,3,850.504742
-2.273236,3,850.592909
-1.068295,2,850.646965
-0.040394,1,850.67713
-1.06666,2,850.729266
-3.280721,4,850.856668
-1.124763,2,850.896729
-3.282168,4,850.996826
-2.165024,3,851.0769
-1.150058,2,851.133772
-1.083155,2,851.184603
-3.318478,4,851.273769
-2.280075,3,851.351874
-2.175375,3,851.445763
-2.248065,3,851.539939
-2.242073,3,851.631663
-2.235642,3,851.726377
-1.123871,2,851.776793
-0.011736,1,851.813918
-2.279182,3,851.928206
-2.188444,3,852.049095
-3.295248,4,852.184141
-0.048279,1,852.21829
-2.213723,3,852.311568
-2.262553,3,852.422806
-2.191691,3,852.535887
-1.108626,2,852.610704
-3.297338,4,852.773679
-2.14494,3,852.890834
-2.162106,3,853.009772
-3.318362,4,853.135772
-2.193924,3,853.239342
-2.242609,3,853.351912
-0.033707,1,853.385642
-1.082326,2,853.454241
-3.293235,4,853.603933
-3.451947,4,853.768315
-0.024231,1,853.812669
-1.129749,2,853.88465
-1.07171,2,853.943763
-3.290177,4,854.085823
-2.237543,3,854.186903
-2.207135,3,854.312784
-2.213641,3,854.435825
-2.238606,3,854.580393
-2.198175,3,854.702751
-1.083855,2,854.78299
-3.34182,4,854.934823
-1.126043,2,855.02477
-3.306746,4,855.146748
-1.094464,2,855.220371
-1.084327,2,855.303879
-3.422917,4,855.47362
-2.236772,3,855.592749
-2.223475,3,855.699907
-3.29327,4,855.852904
-1.084424,2,855.932049
-0.014946,1,855.978262
-2.263441,3,856.090067
-3.290432,4,856.229156
-1.093947,2,856.300786
-1.099469,2,856.373136
-2.278537,3,856.476075
-1.118345,2,856.563854
-2.232957,3,856.682384
-1.134754,2,856.760307
-1.060707,2,856.816894
-0.049313,1,856.846438
-0.015711,1,856.886696
-2.283405,3,857.026805
-1.106891,2,857.080339
-2.182534,3,857.164953
-1.153967,2,857.215741
-1.128256,2,857.275331
-1.151785,2,857.345778
-3.353056,4,857.430726
-3.301767,4,857.541888
-3.357409,4,857.648311
-2.142749,3,857.741878
-2.175512,3,857.851821
-2.172208,3,857.941799
-1.106961,2,857.99665
-1.116014,2,858.046732
-3.334181,4,858.146918
-2.2132,3,858.219265
-2.178406,3,858.291551
-1.108872,2,858.346807
-2.179038,3,858.433832
-1.101576,2,858.488273
-3.36725,4,858.596644
-3.329386,4,858.694758
-0.047694,1,858.715791
-2.213062,3,858.783692
-2.240645,3,858.855518
-2.183136,3,858.948313
-1.080758,2,859.000673
-2.177695,3,859.098234
-1.129641,2,859.157058
-2.165365,3,859.225768
-0.014173,1,859.256933
-1.095965,2,859.305676
-2.176095,3,859.398133
-2.176981,3,859.472012
-2.241972,3,859.549829
-1.120911,2,859.592733
-2.218271,3,859.68899
-3.299291,4,859.786061
-2.185994,3,859.875588
-2.162567,3,859.953723
-2.263511,3,860.057139
-3.42912,4,860.168398
-3.334935,4,860.292615
-1.111931,2,860.361939
-2.173436,3,860.493709
-2.25286,3,860.580997
-3.33288,4,860.710946
-1.074937,2,860.775075
-1.087178,2,860.859237
-2.207324,3,860.94488
-3.425806,4,861.070101
-0.030474,1,861.098171
-2.168009,3,861.20011
-3.326749,4,861.306578
-2.236212,3,861.382712
-2.188938,3,861.480883
-2.189728,3,861.562726
-3.303803,4,861.670902
-1.130234,2,861.736664
-3.357294,4,861.820174
-0.011806,1,861.857625
-3.282949,4,861.973861
-1.122835,2,862.033758
-2.215501,3,862.116904
-1.111673,2,862.185009
-3.308891,4,862.328302
-3.343925,4,862.471847
-0.00824,1,862.503904
-3.327485,4,862.64984
-3.317343,4,862.80825
-2.228771,3,862.920444
-1.087161,2,862.991994
-1.059872,2,863.081022
-0.016561,1,863.106699
-3.324102,4,863.249331
-2.213048,3,863.340812
-1.125253,2,863.416564
-1.122054,2,863.495678
-1.137108,2,863.572148
-0.008347,1,863.603917
-0.054345,1,863.639073
-2.255516,3,863.740782
-2.2632,3,863.84705
-3.277938,4,864.001854
-0.046609,1,864.040147
-1.083601,2,864.098933
-2.188585,3,864.19587
-3.310234,4,864.326816
-3.296946,4,864.470853
-0.032708,1,864.510934
-3.434089,4,864.651726
-2.209289,3,864.764087
-0.029214,1,864.816776
-1.149598,2,864.899223
-0.043882,1,864.947593
-3.246244,4,865.113699
-1.12892,2,865.201534
-2.257206,3,865.32187
-2.228405,3,865.450874
-3.310286,4,865.579288
-2.187833,3,865.678293
-1.157217,2,865.7439
-3.428751,4,865.865921
-2.199832,3,865.9609
-3.316344,4,866.105836
-1.081213,2,866.166518
-2.174186,3,866.245772
-3.333932,4,866.371671
-2.237575,3,866.462587
-2.249222,3,866.55179
-3.306542,4,866.679695
-2.261679,3,866.77485
-2.160674,3,866.853647
-0.032144,1,866.880709
-0.059062,1,866.90174
-3.332347,4,867.000293
-2.2087,3,867.09471
-3.333196,4,867.208569
-1.121941,2,867.270833
-3.32743,4,867.399024
-3.362506,4,867.511716
-2.176488,3,867.590164
-1.149576,2,867.625766
-3.434582,4,867.705914
-2.241116,3,867.767147
-2.284644,3,867.830805
-1.082604,2,867.873165
-1.124736,2,867.92257
-1.068257,2,867.975385
-2.185354,3,868.045933
-1.073844,2,868.090722
-1.122273,2,868.134784
-2.218957,3,868.221785
-0.033225,1,868.246819
-2.148415,3,868.326967
-2.277564,3,868.402524
-2.181627,3,868.486227
-3.324815,4,868.572926
-2.231696,3,868.638259
-1.129998,2,868.69102
-0.048452,1,868.726698
-3.323359,4,868.833754
-1.092673,2,868.886026
-2.215479,3,868.946828
-3.374471,4,869.055786
-2.231086,3,869.123132
-2.169457,3,869.199154
-2.284109,3,869.254783
-3.433067,4,869.355715
-1.103094,2,869.411949
-2.235048,3,869.482039
-0.024588,1,869.502719
-2.179561,3,869.576035
-1.12193,2,869.623701
-2.146565,3,869.698248
-0.008893,1,869.719786
-2.200698,3,869.799202
-3.347111,4,869.90129
-3.332014,4,870.006827
-2.202836,3,870.089142
-3.373525,4,870.192838
-1.071606,2,870.231895
-2.177659,3,870.306734
-0.034414,1,870.331786
-3.294522,4,870.438355
-3.305826,4,870.53483
-2.170247,3,870.615793
-2.216929,3,870.687145
-0.044716,1,870.713459
-0.050687,1,870.740164
-1.088262,2,870.784084
-2.265188,3,870.856937
-2.1888,3,870.940844
-2.248636,3,871.009195
-2.185557,3,871.096055
-3.34667,4,871.203141
-3.358514,4,871.30368
-2.253284,3,871.37531
-2.263095,3,871.461735
-1.113043,2,871.510323
-2.22451,3,871.585926
-3.251272,4,871.694934
-2.178695,3,871.775934
-2.174559,3,871.850038
-1.124927,2,871.909781
-2.243626,3,871.995072
-1.063564,2,872.050883
-3.248475,4,872.163723
-1.072604,2,872.221833
-2.272989,3,872.298542
-1.069772,2,872.351706
-2.2463,3,872.424117
-1.127048,2,872.478849
-3.347977,4,872.5724
-2.247478,3,872.645065
-1.092163,2,872.692707
-1.125941,2,872.757196
-1.09849,2,872.809304
-0.022608,1,872.838216
-1.151453,2,872.886609
-2.162085,3,872.972917
-2.276322,3,873.062899
-1.115019,2,873.126701
-2.164914,3,873.21177
-2.173807,3,873.303105
-1.114504,2,873.352871
-3.407078,4,873.463017
-2.183344,3,873.54073
-0.035425,1,873.580302
-2.245178,3,873.653876
-3.293368,4,873.763801
-2.218043,3,873.842682
-2.237314,3,873.935901
-2.200907,3,874.01976
-1.095027,2,874.070358
-3.373645,4,874.174277
-2.154998,3,874.263744
-3.336394,4,874.370809
-2.232085,3,874.443609
-1.129664,2,874.501504
-1.138489,2,874.568719
-2.235247,3,874.660751
-2.234037,3,874.745783
-3.308355,4,874.856627
-3.343064,4,874.971561
-3.413962,4,875.097054
-1.082133,2,875.159237
-1.132302,2,875.222739
-1.117209,2,875.289071
-0.02398,1,875.329231
-2.231346,3,875.403903
-2.147592,3,875.522666
-0.017553,1,875.579294
-2.259971,3,875.689307
-2.252927,3,875.759983
-1.149348,2,875.81701
-1.08485,2,875.871799
-1.154349,2,875.926893
-3.348814,4,876.038977
-2.227345,3,876.098325
-1.077236,2,876.161206
-2.210963,3,876.233821
-2.260263,3,876.309118
-1.078474,2,876.356784
-0.047231,1,876.390948
-2.251722,3,876.468779
-1.138363,2,876.517013
-3.334502,4,876.623019
-3.310859,4,876.724734
-1.109975,2,876.781908
-2.152996,3,876.856652
-3.38417,4,876.965669
-3.284457,4,877.070319
-2.166885,3,877.153794
-2.196618,3,877.22473
-3.289418,4,877.325783
-1.14604,2,877.381058
-2.181526,3,877.461697
-1.087859,2,877.516673
-2.185458,3,877.596785
-2.235212,3,877.689067
-2.17896,3,877.759761
-2.276254,3,877.836713
-1.144978,2,877.896488
-3.319388,4,878.003962
-1.060932,2,878.041695
-1.134268,2,878.102824
-1.10706,2,878.161915
-1.107456,2,878.222697
-2.21354,3,878.297005
-2.177242,3,878.373203
-3.304052,4,878.488202
-0.018147,1,878.515742
-3.271911,4,878.631862
-1.094991,2,878.681484
-2.211449,3,878.779791
-1.100965,2,878.831899
-2.276879,3,878.905816
-3.310241,4,879.006742
-2.244384,3,879.072948
-2.2298,3,879.143707
-2.245038,3,879.215072
-2.131045,3,879.285487
-3.402601,4,879.376018
-1.093276,2,879.43375
-0.015832,1,879.450775
-2.257123,3,879.519213
-1.144951,2,879.565955
-0.049137,1,879.591669
-2.20842,3,879.665051
-2.174818,3,879.72738
-2.227814,3,879.801033
-3.309424,4,879.903818
-1.139446,2,879.942616
-2.237828,3,879.998294
-1.102271,2,880.044711
-1.129646,2,880.089988
-2.198148,3,880.16371
-3.345145,4,880.262945
-2.206414,3,880.333673
-1.088801,2,880.382758
-1.121381,2,880.415802
-1.136259,2,880.460887
-3.307077,4,880.560815
-2.193812,3,880.643284
-2.272549,3,880.71565
-3.38203,4,880.832845
-3.376037,4,880.919283
-3.399193,4,881.034822
-2.252175,3,881.114793
-3.31926,4,881.216989
-2.249796,3,881.288274
-1.080568,2,881.350625
-1.106644,2,881.406764
-2.227859,3,881.551951
-2.166575,3,881.642689
-3.352307,4,881.763956
-0.016335,1,881.788177
-2.209319,3,881.870761
-2.186866,3,881.954912
-2.283688,3,882.032689
-2.296787,3,882.111989
-3.309698,4,882.208396
-2.198353,3,882.310914
-1.110016,2,882.371695
-2.183486,3,882.450377
-1.113167,2,882.501127
-2.238034,3,882.584117
-0.042471,1,882.622844
-2.22759,3,882.720721
-2.199846,3,882.805638
-3.3408,4,882.932657
-0.015709,1,882.96472
-3.318545,4,883.098235
-3.293036,4,883.23921
-0.042824,1,883.276288
-1.11743,2,883.368233
-1.096051,2,883.449372
-1.126456,2,883.517118
-2.254876,3,883.614625
-2.234995,3,883.706776
-2.260577,3,883.843828
-3.318217,4,884.00498
-0.046257,1,884.043634
-2.271379,3,884.132098
-3.347406,4,884.251668
-1.062018,2,884.294807
-2.196057,3,884.38569
-2.207793,3,884.469618
-0.047037,1,884.503039
-2.203266,3,884.583236
-3.389903,4,884.692001
-1.053385,2,884.745668
-2.195675,3,884.821646
-3.284565,4,884.943876
-2.219102,3,885.06583
-0.044166,1,885.106957
-0.055446,1,885.135039
-2.256831,3,885.23814
-3.33566,4,885.366896
-2.150077,3,885.4537
-2.213138,3,885.544656
-2.215183,3,885.636697
-2.227266,3,885.732727
-1.115536,2,885.800122
-2.174611,3,885.877334
-2.223169,3,885.986701
-2.133795,3,886.085439
-2.187341,3,886.152734
-1.115792,2,886.210653
-2.154653,3,886.285878
-2.210597,3,886.372967
-2.202144,3,886.470056
-2.208176,3,886.56075
-2.189201,3,886.646731
-2.208496,3,886.722986
-1.115471,2,886.784376
-1.129294,2,886.838239
-2.256425,3,886.935112
-1.093063,2,887.003901
-2.197114,3,887.098399
-1.082134,2,887.172681
-2.209906,3,887.283938
-1.125856,2,887.348134
-1.13202,2,887.416697
-1.114331,2,887.487318
-2.269067,3,887.580167
-3.331972,4,887.692883
-1.094208,2,887.760797
-2.207993,3,887.835731
-2.250831,3,887.926486
-0.02812,1,887.959708
-0.019029,1,887.986646
-1.153198,2,888.036726
-1.119048,2,888.093933
-1.107738,2,888.1438
-0.040425,1,888.183034
-2.178013,3,888.26659
-2.281637,3,888.355884
-0.009243,1,888.384939
-2.240942,3,888.474618
-3.365672,4,888.602639
-3.303862,4,888.709405
-2.285387,3,888.804077
-2.153366,3,888.895145
-2.233136,3,888.970684
-3.419515,4,889.071765
-0.033491,1,889.094924
-2.264323,3,889.171012
-2.221094,3,889.256831
-3.35614,4,889.37184
-2.188381,3,889.4492
-1.089826,2,889.512679
-2.177838,3,889.606997
-3.291233,4,889.729174
-0.044624,1,889.749706
-3.294331,4,889.869799
-2.241603,3,889.954677
-3.345167,4,890.071676
-2.199652,3,890.150651
-2.154181,3,890.250854
-2.28155,3,890.342622
-0.015391,1,890.375666
-1.155957,2,890.440357
-2.27772,3,890.541617
-2.224176,3,890.627336
-2.219776,3,890.725792
-3.362637,4,890.848245
-2.196149,3,890.96178
-2.205072,3,891.046728
-2.199585,3,891.159377
-1.142797,2,891.226783
-3.413186,4,891.366748
-1.105502,2,891.436817
-1.10325,2,891.508238
-3.33852,4,891.65821
-1.136229,2,891.746677
-0.029518,1,891.782772
-2.197037,3,891.887012
-1.116816,2,891.955736
-2.177706,3,892.055895
-2.252392,3,892.153813
-2.237882,3,892.251833
-3.342827,4,892.391875
-3.268134,4,892.568408
-3.442247,4,892.736894
-1.146934,2,892.820743
-1.126385,2,892.890405
-3.232252,4,893.053822
-3.334983,4,893.253767
-2.207553,3,893.353768
-2.173198,3,893.463088
-3.302128,4,893.619318
-1.109132,2,893.683692
-1.135596,2,893.739291
-1.102704,2,893.81053
-0.041183,1,893.853874
-2.18638,3,893.964883
-1.141685,2,894.046705
-3.302877,4,894.198919
-2.230573,3,894.314921
-2.181135,3,894.421719
-2.196824,3,894.540659
-1.115798,2,894.601603
-2.232697,3,894.696859
-0.039864,1,894.722414
-2.222452,3,894.794623
-2.196808,3,894.876757
-2.265646,3,894.965791
-2.206004,3,895.066914
-0.020626,1,895.096725
-2.212764,3,895.188386
-1.101041,2,895.265836
-1.14727,2,895.316665
-1.085835,2,895.365118
-3.2988,4,895.496952
-3.368075,4,895.624921
-2.179985,3,895.710845
-1.10272,2,895.773919
-2.188369,3,895.891363
-1.129992,2,895.966699
-2.223269,3,896.05991
-3.316613,4,896.182868
-0.040462,1,896.201901
-2.277122,3,896.296721
-1.080755,2,896.343293
-0.037311,1,896.372911
-2.297592,3,896.464719
-2.291885,3,896.583259
-2.213129,3,896.676685
-3.281914,4,896.791777
-2.180874,3,896.887151
-3.282648,4,897.044874
-2.235277,3,897.15685
-2.245941,3,897.280235
-3.352008,4,897.440711
-1.130686,2,897.535712
-1.129951,2,897.602158
-1.095044,2,897.669285
-1.108055,2,897.736657
-2.2255,3,897.830096
-1.079021,2,897.906908
-0.004618,1,897.944795
-1.066046,2,897.989366
-1.112953,2,898.059276
-3.385585,4,898.17832
-1.092099,2,898.253714
-2.191853,3,898.350825
-0.041352,1,898.382379
-1.088676,2,898.458244
-2.161483,3,898.584325
-3.270548,4,898.739659
-0.056957,1,898.776719
-2.134766,3,898.876097
-2.253711,3,898.964772
-2.245011,3,899.069731
-3.390746,4,899.192198
-2.215276,3,899.301843
-2.231458,3,899.400243
-1.091885,2,899.462675
-2.295993,3,899.559691
-2.242416,3,899.693226
-3.338816,4,899.866909
-2.274975,3,899.98524
-2.225513,3,900.09234
-3.24655,4,900.214635
-3.376484,4,900.361656
-1.082061,2,900.422087
-3.32842,4,900.585125
-1.155877,2,900.675801
-3.475697,4,900.829032
-2.229379,3,900.949731
-2.197322,3,901.05271
-3.373998,4,901.183696
-0.016385,1,901.210349
-2.199637,3,901.301899
-1.104802,2,901.365667
-2.253093,3,901.462649
-2.215944,3,901.559005
-2.216163,3,901.650327
-2.25211,3,901.723591
-1.079643,2,901.781692
-3.40523,4,901.889179
-2.275635,3,901.976829
-3.376804,4,902.118123
-2.217277,3,902.230548
-1.076265,2,902.28893
-2.248962,3,902.380404
-3.399517,4,902.560683
-1.101796,2,902.6319
-2.259099,3,902.754161
-2.250733,3,902.892216
-2.186098,3,903.042869
-2.243022,3,903.164676
-2.215969,3,903.3029
-2.24305,3,903.42667
-2.256909,3,903.560076
-0.013536,1,903.602943
-3.296266,4,903.770583
-3.290662,4,903.958208
-3.362246,4,904.131639
-1.117348,2,904.231891
-1.1151,2,904.308409
-2.248435,3,904.431551
-2.273936,3,904.566703
-1.0499,2,904.651839
-2.262319,3,904.776771
-2.135091,3,904.934621
-3.303314,4,905.108909
-0.022388,1,905.156666
-2.303447,3,905.286628
-0.029469,1,905.336716
-0.05203,1,905.390332
-1.100434,2,905.463749
-1.075178,2,905.538085
-1.118113,2,905.63263
-0.012664,1,905.674708
-3.364313,4,905.848253
-3.399921,4,906.032661
-1.108658,2,906.125537
-0.040047,1,906.171677
-2.23055,3,906.310061
-2.277944,3,906.425656
-1.13186,2,906.506906
-2.276274,3,906.64624
-3.314742,4,906.825916
-2.175639,3,906.974912
-2.245092,3,907.094312
-0.037673,1,907.152856
-3.303725,4,907.284569
-1.067853,2,907.350973
-1.103386,2,907.431729
-1.092039,2,907.535658
-2.25268,3,907.654852
-1.091573,2,907.741699
-1.084734,2,907.835674
-2.235712,3,907.973695
-1.111759,2,908.05363
-2.219823,3,908.173671
-2.185397,3,908.28264
-2.161838,3,908.405895
-3.279127,4,908.568328
-2.239598,3,908.685357
-2.164809,3,908.782668
-1.097012,2,908.865626
-2.295788,3,908.999368
-3.438443,4,909.158939
-3.390689,4,909.301959
-3.296382,4,909.443933
-3.267344,4,909.598866
-2.173711,3,909.723665
-1.143322,2,909.782765
-1.121294,2,909.850341
-0.049641,1,909.888702
-2.245932,3,909.981644
-2.225921,3,910.078977
-1.131442,2,910.142692
-1.122959,2,910.200304
-0.016579,1,910.228932
-2.217617,3,910.311196
-1.149095,2,910.375703
-2.204917,3,910.47674
-2.166287,3,910.565329
-3.394719,4,910.71718
-1.105225,2,910.793744
-2.227928,3,910.893411
-2.162446,3,911.005948
-2.238982,3,911.103034
-2.236356,3,911.174913
-3.329129,4,911.276219
-2.246763,3,911.362737
-2.262729,3,911.449167
-2.221965,3,911.55266
-0.037462,1,911.588724
-0.045916,1,911.616858
-2.170203,3,911.709656
-3.298629,4,911.848264
-1.090056,2,911.920676
-2.267179,3,912.021966
-2.226911,3,912.091902
-2.227753,3,912.192256
-3.286782,4,912.32489
-1.136577,2,912.39258
-2.181583,3,912.486226
-2.239382,3,912.574724
-1.108441,2,912.649382
-1.139337,2,912.712655
-1.127753,2,912.776285
-3.328172,4,912.918513
-1.096063,2,912.98833
-3.279841,4,913.12493
-1.103512,2,913.195233
-1.11792,2,913.264664
-2.276599,3,913.356672
-2.245906,3,913.463814
-3.274774,4,913.59138
-2.2321,3,913.715796
-2.248161,3,913.819898
-3.292303,4,913.961792
-3.305082,4,914.106863
-0.036936,1,914.153687
-1.120104,2,914.21829
-1.12495,2,914.298982
-3.323067,4,914.432112
-3.360274,4,914.58753
-2.233436,3,914.72589
-2.196289,3,914.84484
-2.248012,3,914.989336
-1.133968,2,915.083814
-2.259354,3,915.183901
-3.29186,4,915.292655
-2.265437,3,915.382811
-2.270373,3,915.505044
-1.108846,2,915.591656
-3.293192,4,915.765704
-3.344128,4,915.930695
-2.202391,3,916.05491
-0.028007,1,916.087202
-3.28717,4,916.248385
-2.177571,3,916.348362
-3.308871,4,916.491688
-1.088842,2,916.560805
-3.288156,4,916.679404
-2.235926,3,916.771681
-3.333667,4,916.902889
-1.128838,2,916.965816
-2.161839,3,917.061657
-3.327536,4,917.205817
-1.1361,2,917.28719
-2.214639,3,917.376846
-3.281521,4,917.516708
-2.232473,3,917.614955
-2.172844,3,917.693377
-3.26884,4,917.823964
-0.042747,1,917.868153
-3.418883,4,917.999166
-3.322574,4,918.136837
-2.214093,3,918.229318
-1.112823,2,918.301701
-2.228777,3,918.380794
-3.285392,4,918.512875
-2.161902,3,918.584901
-1.077954,2,918.635759
-2.252905,3,918.746875
-1.130188,2,918.796627
-2.216524,3,918.888602
-2.249378,3,918.98171
-2.22778,3,919.048554
-3.432762,4,919.174888
-0.012999,1,919.217033
-2.191304,3,919.287402
-2.194958,3,919.381945
-2.235667,3,919.506757
-1.151495,2,919.553827
-2.270337,3,919.655076
-1.160408,2,919.702671
-2.241174,3,919.786809
-2.215423,3,919.888106
-3.33377,4,920.002698
-0.015938,1,920.030456
-2.163445,3,920.11587
-1.067269,2,920.183827
-1.092228,2,920.216866
-3.306085,4,920.321874
-3.276275,4,920.441811
-1.117764,2,920.50263
-3.36287,4,920.612797
-2.164576,3,920.701024
-0.036876,1,920.736702
-3.450295,4,920.853741
-2.183844,3,920.929701
-1.114848,2,920.978286
-2.299942,3,921.065943
-3.435386,4,921.15973
-2.242651,3,921.229881
-1.08462,2,921.277017
-3.362125,4,921.370519
-3.274083,4,921.460875
-2.236852,3,921.521569
-1.086608,2,921.572727
-3.312937,4,921.682683
-1.126021,2,921.730424
-2.215136,3,921.799197
-1.110769,2,921.848283
-2.232866,3,921.942839
-2.191078,3,922.02264
-3.395894,4,922.134797
-1.096468,2,922.192881
-1.118076,2,922.266746
-1.10118,2,922.316895
-3.27615,4,922.405645
-3.323119,4,922.501701
-3.339421,4,922.636035
-3.409806,4,922.779361
-0.049112,1,922.820815
-1.105361,2,922.896038
-2.208608,3,923.006399
-2.276743,3,923.140537
-0.049934,1,923.16936
-2.164742,3,923.261911
-1.098668,2,923.336963
-2.23641,3,923.423891
-3.293823,4,923.564687
-1.064487,2,923.634512
-2.252804,3,923.751914
-1.106289,2,923.839849
-1.090231,2,923.916978
-2.275401,3,924.020922
-2.189558,3,924.116137
-0.019769,1,924.140735
-1.052749,2,924.19934
-2.232588,3,924.293283
-2.136493,3,924.39071
-0.054068,1,924.433149
-3.316953,4,924.56989
-3.330885,4,924.712258
-1.102441,2,924.789894
-2.246999,3,924.90324
-2.172058,3,925.012633
-2.203284,3,925.130618
-2.234053,3,925.240068
-2.199298,3,925.360759
-2.18352,3,925.446656
-1.144399,2,925.50727
-3.403584,4,925.62502
-2.205889,3,925.733072
-1.104741,2,925.826
-3.376501,4,925.977026
-2.20119,3,926.073898
-0.037723,1,926.102148
-1.136036,2,926.166071
-2.198363,3,926.264529
-1.058148,2,926.345619
-3.347608,4,926.462717
-1.109992,2,926.533964
-3.339867,4,926.6741
-2.159365,3,926.779875
-1.070815,2,926.83913
-0.024603,1,926.868176
-1.081737,2,926.931887
-1.122053,2,926.997116
-2.247884,3,927.082949
-2.198724,3,927.166752
-2.218433,3,927.253693
-0.01335,1,927.28674
-3.356334,4,927.385637
-2.233228,3,927.462891
-0.014777,1,927.494173
-2.219357,3,927.5585
-0.042818,1,927.586878
-3.393246,4,927.683884
-1.097501,2,927.730358
-2.28082,3,927.810982
-0.045136,1,927.831626
-2.263583,3,927.904939
-2.260638,3,927.971673
-1.140646,2,928.02937
-2.247818,3,928.086818
-3.475012,4,928.18177
-2.298445,3,928.253812
-2.246354,3,928.321694
-0.015016,1,928.340723
-0.040332,1,928.363753
-2.273117,3,928.428987
-2.152761,3,928.499326
-0.040021,1,928.517349
-2.154018,3,928.592192
-1.108088,2,928.643872
-0.022156,1,928.676855
-0.038118,1,928.703827
-1.111112,2,928.746898
-2.2203,3,928.820805
-3.405634,4,928.917029
-1.133964,2,928.966054
-3.33497,4,929.077378
-2.208626,3,929.153834
-2.201824,3,929.237011
-1.072086,2,929.288363
-0.032601,1,929.316096
-2.18353,3,929.394388
-1.094234,2,929.44916
-1.131796,2,929.502953
-3.404811,4,929.592736
-3.320623,4,929.702236
-2.18953,3,929.811991
-2.224992,3,929.898227
-3.324144,4,930.045881
-2.25433,3,930.165911
-2.248971,3,930.284748
-3.326736,4,930.420599
-2.270905,3,930.500741
-2.237323,3,930.600145
-2.262402,3,930.709073
-2.188618,3,930.819986
-2.17901,3,930.918123
-1.089951,2,930.976731
-1.104527,2,931.041036
-0.043118,1,931.073708
-1.109406,2,931.141786
-0.028194,1,931.173839
-0.029829,1,931.216037
-0.035541,1,931.239642
-1.072515,2,931.302255
-2.132438,3,931.408307
-2.209055,3,931.516164
-2.246251,3,931.606178
-2.188924,3,931.694274
-1.131889,2,931.752913
-2.229469,3,931.846901
-1.129348,2,931.910313
-2.205767,3,932.007396
-2.30354,3,932.096643
-2.196639,3,932.196319
-3.360246,4,932.28077
-0.032514,1,932.299293
-1.130983,2,932.356914
-3.326816,4,932.486732
-1.100067,2,932.554703
-2.18543,3,932.648144
-2.192051,3,932.73488
-3.294732,4,932.848366
-1.077846,2,932.905077
-3.375784,4,933.03171
-2.180948,3,933.123081
-1.134064,2,933.189924
-1.112955,2,933.239841
-1.088645,2,933.303612
-3.301963,4,933.430086
-2.289021,3,933.541694
-1.111627,2,933.608253
-1.127305,2,933.686714
-3.365524,4,933.813725
-0.028217,1,933.848279
-1.143501,2,933.924993
-2.213432,3,934.023694
-2.266395,3,934.134073
-0.031069,1,934.166817
-3.33276,4,934.298807
-1.116539,2,934.359763
-2.234391,3,934.452615
-2.167498,3,934.544896
-2.198075,3,934.631883
-1.125179,2,934.705742
-2.215378,3,934.806412
-2.204317,3,934.903944
-2.303575,3,935.013027
-3.344532,4,935.140825
-3.301675,4,935.261786
-2.289284,3,935.3507
-2.246652,3,935.434019
-2.154963,3,935.526915
-2.232276,3,935.622367
-3.374273,4,935.7438
-2.240528,3,935.829179
-0.01603,1,935.859801
-2.256554,3,935.961886
-2.168196,3,936.068384
-2.256884,3,936.165775
-2.221567,3,936.269751
-1.104676,2,936.33592
-2.236041,3,936.438162
-2.243186,3,936.543955
-1.150083,2,936.608479
-2.163806,3,936.71585
-2.243054,3,936.820557
-2.182113,3,936.916981
-2.220337,3,937.021942
-2.277662,3,937.105325
-2.258674,3,937.203814
-2.138846,3,937.294665
-2.214248,3,937.397115
-1.124139,2,937.460324
-0.020423,1,937.498078
-2.193884,3,937.605381
-3.422359,4,937.711795
-2.186541,3,937.800385
-2.241123,3,937.884773
-0.049405,1,937.910898
-3.366826,4,938.030478
-2.245676,3,938.103932
-3.345094,4,938.230008
-1.093986,2,938.278209
-3.329637,4,938.382877
-1.116297,2,938.435601
-2.224661,3,938.513888
-2.290194,3,938.57966
-2.225277,3,938.651948
-2.204331,3,938.730225
-3.366606,4,938.816639
-3.365979,4,938.933675
-2.236617,3,939.049695
-1.078728,2,939.097263
-3.270888,4,939.20226
-2.229335,3,939.292685
-2.259359,3,939.369276
-2.260442,3,939.468399
-2.211069,3,939.546757
-2.199225,3,939.635816
-0.026098,1,939.668364
-2.203749,3,939.764818
-0.007283,1,939.797373
-3.303225,4,939.95479
-2.22127,3,940.065795
-2.312061,3,940.1792
-3.305575,4,940.3094
-0.051306,1,940.343805
-1.122916,2,940.403013
-2.196934,3,940.516877
-1.106673,2,940.590817
-2.248099,3,940.678958
-0.038573,1,940.708305
-2.261644,3,940.804097
-2.224588,3,940.90085
-0.049632,1,940.942914
-1.130948,2,940.980772
-2.176484,3,941.065749
-0.058268,1,941.098308
-1.106355,2,941.139877
-2.226245,3,941.206124
-1.124622,2,941.246776
-1.12938,2,941.301868
-2.284945,3,941.380732
-2.182849,3,941.456878
-2.23977,3,941.526967
-2.225717,3,941.599729
-1.096064,2,941.649872
-2.175621,3,941.730079
-2.215115,3,941.816952
-1.05923,2,941.87818
-3.323734,4,941.988092
-1.07835,2,942.038549
-1.105542,2,942.086664
-2.17658,3,942.156775
-2.183315,3,942.231895
-3.364185,4,942.348341
-1.090866,2,942.401615
-1.118712,2,942.459789
-0.035321,1,942.486336
-3.386644,4,942.584104
-2.304016,3,942.62982
-3.297692,4,942.724841
-2.183888,3,942.819789
-2.197085,3,942.883877
-2.274514,3,942.913913
-2.241617,3,942.957065
-3.282287,4,943.056476
-3.387679,4,943.135888
-2.18147,3,943.174609
-3.247339,4,943.236995
-2.173147,3,943.27308
-1.098849,2,943.297101
-0.049848,1,943.30728
-2.217589,3,943.355912
-2.177525,3,943.408638
-1.063804,2,943.434812
-3.294507,4,943.4894
-2.256838,3,943.538148
-2.18916,3,943.581771
-0.029082,1,943.593789
-2.23544,3,943.635051
-2.254947,3,943.688384
-3.323232,4,943.746663
-2.247394,3,943.798246
-2.221477,3,943.837484
-2.252503,3,943.886901
-3.310515,4,943.933778
-1.099978,2,943.952804
-1.107347,2,943.974831
-2.18617,3,944.019029
-2.226629,3,944.063782
-2.193511,3,944.125041
-3.412519,4,944.220904
-1.144304,2,944.266678
-2.245693,3,944.32929
-3.295773,4,944.429201
-2.217913,3,944.500856
-3.39607,4,944.612391
-2.174468,3,944.682084
-0.007347,1,944.701797
-3.316967,4,944.796405
-2.260689,3,944.864631
-0.037319,1,944.883662
-2.220412,3,944.951888
-2.161495,3,945.014466
-1.077059,2,945.063817
-2.207476,3,945.127108
-1.139378,2,945.171855
-2.225417,3,945.240801
-2.195998,3,945.320765
-2.285577,3,945.382797
-3.308969,4,945.466746
-2.246925,3,945.532981
-2.236607,3,945.594719
-3.305745,4,945.686968
-0.043055,1,945.709047
-2.172026,3,945.771932
-3.332681,4,945.866854
-2.231819,3,945.920017
-2.153466,3,945.984696
-3.502894,4,946.067027
-0.032335,1,946.09675
-1.096693,2,946.133912
-3.344441,4,946.215343
-0.042813,1,946.235036
-1.132342,2,946.284084
-2.194229,3,946.340126
-2.232967,3,946.412335
-2.208113,3,946.471826
-1.120105,2,946.522642
-2.295201,3,946.589747
-3.29835,4,946.676704
-2.244045,3,946.740014
-2.229017,3,946.806266
-2.197162,3,946.881643
-2.222898,3,946.948372
-2.15848,3,947.012649
-3.302745,4,947.100554
-3.288087,4,947.18361
-0.020169,1,947.20414
-2.213289,3,947.263855
-2.218058,3,947.326988
-0.042068,1,947.352773
-2.203584,3,947.416382
-3.299695,4,947.496688
-2.244782,3,947.5609
-3.322645,4,947.635795
-2.228362,3,947.689877
-2.218026,3,947.7483
-1.11019,2,947.791876
-2.145657,3,947.86178
-0.015869,1,947.874789
-3.385199,4,947.954874
-2.169588,3,948.012069
-2.159561,3,948.079817
-2.171256,3,948.141465
-2.254944,3,948.196764
-1.110577,2,948.241097
-2.193722,3,948.310398
-2.255815,3,948.376819
-3.29781,4,948.452821
-3.33799,4,948.531647
-1.133924,2,948.586725
-2.155963,3,948.661911
-2.265095,3,948.745861
-2.204452,3,948.815857
-2.298436,3,948.898286
-1.139165,2,948.940641
-3.256387,4,949.006326
-1.159973,2,949.041732
-2.234475,3,949.094806
-1.144734,2,949.144077
-1.080654,2,949.209351
-3.377049,4,949.351819
-2.259303,3,949.489321
-2.262882,3,949.589358
-3.339856,4,949.748231
-3.384146,4,949.880886
-2.245153,3,949.975198
-3.325347,4,950.102878
-2.203601,3,950.193888
-2.187964,3,950.283593
-1.130153,2,950.352879
-3.279435,4,950.492078
-2.228897,3,950.589861
-1.104182,2,950.651824
-3.425779,4,950.764768
-2.266723,3,950.858176
-2.283587,3,950.960014
-0.031766,1,950.989246
-2.182417,3,951.062872
-2.162892,3,951.17922
-1.119794,2,951.240629
-0.054192,1,951.278186
-3.33241,4,951.402117
-0.016247,1,951.446688
-1.118071,2,951.513303
-0.024757,1,951.545098
-2.297218,3,951.605316
-1.103236,2,951.689166
-0.040436,1,951.735751
-3.341107,4,951.859222
-2.260435,3,951.97672
-3.40013,4,952.101101
-3.267416,4,952.262671
-3.301137,4,952.411095
-3.308735,4,952.555636
-0.025178,1,952.594704
-1.110394,2,952.666025
-3.384225,4,952.801947
-2.185715,3,952.895723
-2.270938,3,953.001671
-2.144188,3,953.100844
-2.277001,3,953.221654
-3.332584,4,953.379369
-1.113183,2,953.444847
-3.323813,4,953.621069
-2.185233,3,953.720088
-3.428864,4,953.843667
-2.195696,3,953.949085
-3.321341,4,954.086904
-3.409857,4,954.222847
-1.117096,2,954.298255
-1.130756,2,954.352844
-1.108227,2,954.416034
-2.253814,3,954.510913
-2.251972,3,954.596879
-0.054954,1,954.624956
-2.211484,3,954.721028
-2.260039,3,954.819866
-2.176185,3,954.908191
-1.133239,2,954.963785
-1.116283,2,955.029895
-0.005965,1,955.066576
-2.239367,3,955.160546
-3.33144,4,955.282688
-1.103226,2,955.351804
-2.187399,3,955.443887
-2.243376,3,955.532002
-0.013628,1,955.554647
-2.231776,3,955.6483
-2.214037,3,955.755656
-1.084181,2,955.812258
-2.192234,3,955.90569
-2.196803,3,955.985377
-0.042681,1,956.020182
-2.208097,3,956.103735
-1.134461,2,956.158331
-3.358273,4,956.263649
-0.018773,1,956.29371
-1.118962,2,956.345898
-1.156601,2,956.401787
-2.198694,3,956.490764
-2.195154,3,956.601063
-2.162874,3,956.703722
-2.228667,3,956.803886
-2.150794,3,956.900797
-2.274934,3,956.983895
-1.101696,2,957.044807
-1.097926,2,957.108407
-2.234347,3,957.214811
-3.343829,4,957.352706
-2.217729,3,957.435841
-3.425455,4,957.572752
-1.126362,2,957.635856
-2.202137,3,957.763867
-1.105212,2,957.849201
-2.174242,3,957.98091
-2.166526,3,958.080896
-3.356647,4,958.233726
-3.38964,4,958.354913
-2.189256,3,958.428991
-1.118382,2,958.504795
-3.309403,4,958.661565
-3.357278,4,958.801771
-2.265538,3,958.920305
-1.148952,2,958.994771
-1.067624,2,959.090627
-0.03635,1,959.126678
-2.248154,3,959.239329
-2.229194,3,959.332077
-1.137958,2,959.402946
-3.296333,4,959.549409
-2.211423,3,959.650776
-2.25856,3,959.750753
-1.110047,2,959.814871
-3.35913,4,959.956651
-2.291684,3,960.050733
-1.123374,2,960.126001
-3.353188,4,960.274814
-0.020332,1,960.323397
-3.419472,4,960.437452
-1.129892,2,960.515237
-2.229711,3,960.604856
-2.274998,3,960.694956
-3.346926,4,960.833751
-2.192613,3,960.933743
-2.129197,3,961.045913
-3.355711,4,961.15912
-0.015236,1,961.195929
-1.138661,2,961.263877
-2.27041,3,961.402864
-0.052747,1,961.431897
-1.126058,2,961.496754
-1.090456,2,961.580819
-1.091861,2,961.650029
-2.200963,3,961.748351
-2.255688,3,961.890692
-3.385617,4,962.025379
-2.271237,3,962.13115
-1.056986,2,962.195874
-2.265974,3,962.330983
-2.247433,3,962.450656
-2.286604,3,962.562194
-3.339918,4,962.751978
-3.312969,4,962.91316
-3.3054,4,963.03691
-1.120753,2,963.123507
-2.170878,3,963.220335
-1.110761,2,963.312361
-2.213633,3,963.432657
-2.192704,3,963.552914
-2.202746,3,963.663637
-3.313049,4,963.840071
-2.212313,3,963.956592
-2.214496,3,964.089989
-0.04363,1,964.145839
-3.374929,4,964.291876
-0.038752,1,964.316909
-3.389715,4,964.478371
-2.259762,3,964.590222
-0.037842,1,964.624399
-3.32747,4,964.816416
-1.084699,2,964.919384
-2.242424,3,965.043682
-2.190763,3,965.190748
-1.136935,2,965.275617
-0.042624,1,965.317192
-0.043431,1,965.362919
-3.30796,4,965.528226
-0.049657,1,965.569096
-3.330287,4,965.752745
-2.211558,3,965.891695
-3.2883,4,966.056796
-2.21066,3,966.173799
-2.164345,3,966.308252
-2.192889,3,966.41184
-2.228506,3,966.502847
-2.181645,3,966.621065
-2.243857,3,966.758267
-2.244734,3,966.88219
-0.045139,1,966.925585
-2.248648,3,967.065827
-3.411935,4,967.235976
-3.313864,4,967.441073
-2.242518,3,967.555025
-3.343875,4,967.728965
-3.322571,4,967.907574
-2.231233,3,968.027579
-2.261473,3,968.16832
-1.095686,2,968.261748
-2.204091,3,968.389791
-1.093212,2,968.473808
-3.344502,4,968.642106
-2.210919,3,968.760766
-2.185595,3,968.885877
-2.267078,3,969.010829
-1.103443,2,969.064019
-2.211184,3,969.166752
-2.199348,3,969.274915
-2.201686,3,969.684803
-3.366328,4,969.826823
-0.048282,1,969.854871
-2.294003,3,969.958281
-3.355047,4,970.070715
-3.297675,4,970.176846
-2.213244,3,970.262786
-1.059465,2,970.327216
-3.317928,4,970.448961
-0.042098,1,970.482737
-2.236722,3,970.580798
-2.252107,3,970.698263
-2.242975,3,970.800802
-2.208995,3,970.893609
-2.24742,3,970.982172
-2.240843,3,971.076865
-0.017994,1,971.109934
-0.033467,1,971.139059
-0.053551,1,971.164753
-0.040243,1,971.189791
-2.13117,3,971.270421
-0.003877,1,971.299341
-3.416226,4,971.411801
-3.313733,4,971.538646
-1.094272,2,971.590382
-3.376919,4,971.717309
-2.194894,3,971.800748
-3.369908,4,971.910516
-0.038052,1,971.929361
-1.135483,2,971.986819
-2.20502,3,972.069311
-2.214614,3,972.153093
-1.109232,2,972.204869
-2.234773,3,972.285785
-2.16399,3,972.361806
-0.015291,1,972.389854
-2.182874,3,972.480037
-1.081081,2,972.534587
-2.141289,3,972.608333
-2.15834,3,972.70271
-1.097758,2,972.75184
-1.096946,2,972.806055
-1.125379,2,972.85167
-3.315758,4,972.96593
-0.032144,1,972.994103
-1.093191,2,973.038489
-1.149848,2,973.102712
-1.089164,2,973.172638
-2.170397,3,973.260939
-2.21766,3,973.343761
-0.033064,1,973.371807
-3.350779,4,973.490916
-1.140276,2,973.558218
-2.168573,3,973.650904
-3.342838,4,973.766014
-3.385929,4,973.878257
-3.33507,4,974.010892
-3.306087,4,974.146979
-3.302642,4,974.256895
-2.253895,3,974.341902
-1.071619,2,974.394803
-1.085949,2,974.503785
-1.07233,2,974.575842
-2.196378,3,974.658616
-0.043958,1,974.685848
-3.289065,4,974.782845
-2.223404,3,974.861951
-1.122292,2,974.91827
-3.283887,4,975.023886
-2.186057,3,975.103985
-3.347223,4,975.217276
-2.219391,3,975.311635
-2.251712,3,975.394398
-2.209994,3,975.490985
-3.378617,4,975.613741
-2.168417,3,975.706671
-2.261255,3,975.796661
-1.111559,2,975.84494
-2.301027,3,975.938415
-2.208022,3,976.033999
-1.140456,2,976.098274
-1.077184,2,976.156759
-3.380522,4,976.288254
-0.054935,1,976.324327
-2.264276,3,976.418263
-1.103832,2,976.469789
-2.195203,3,976.55215
-0.03693,1,976.578341
-3.2801,4,976.679807
-2.24847,3,976.771606
-0.04021,1,976.798115
-3.294548,4,976.926886
-3.30721,4,977.042823
-2.255418,3,977.138322
-1.110619,2,977.201751
-0.031766,1,977.23481
-2.143593,3,977.330421
-2.224505,3,977.426867
-2.175533,3,977.520989
-3.29827,4,977.664726
-3.395865,4,977.811776
-3.304049,4,977.960996
-3.374351,4,978.066053
-1.104554,2,978.12486
-0.03009,1,978.152914
-0.032303,1,978.19002
-2.25903,3,978.258366
-1.120092,2,978.317188
-2.210946,3,978.41087
-1.066373,2,978.459804
-1.106626,2,978.514888
-2.168529,3,978.604781
-3.278638,4,978.71584
-2.238558,3,978.849796
-3.347806,4,978.965043
-2.202156,3,979.047099
-2.174023,3,979.111815
-2.206243,3,979.214795
-2.246225,3,979.285784
-1.067737,2,979.330976
-2.223565,3,979.414639
-0.016783,1,979.438429
-2.240496,3,979.4937
-3.317938,4,979.608519
-2.185958,3,979.686949
-1.097391,2,979.744715
-3.346282,4,979.836041
-3.367481,4,979.954739
-2.191879,3,980.017324
-2.187441,3,980.083649
-1.13001,2,980.118204
-2.216681,3,980.211741
-2.188312,3,980.304749
-2.277539,3,980.395914
-2.186349,3,980.465794
-2.242599,3,980.560738
-1.153948,2,980.626331
-2.180422,3,980.713743
-3.315712,4,980.830216
-2.188821,3,980.915795
-3.310871,4,981.00835
-2.183788,3,981.09487
-1.128296,2,981.1566
-0.030236,1,981.182827
-2.22898,3,981.243912
-1.060256,2,981.284775
-2.26034,3,981.361911
-2.273312,3,981.459869
-1.103677,2,981.522701
-2.170329,3,981.596819
-3.402261,4,981.702912
-0.019629,1,981.729696
-0.011571,1,981.762752
-2.266763,3,981.84688
-3.387355,4,981.941913
-2.211943,3,982.030772
-0.027662,1,982.052803
-1.067452,2,982.113893
-3.336752,4,982.226797
-3.352519,4,982.340856
-3.419965,4,982.426223
-2.236725,3,982.499742
-1.107852,2,982.557097
-1.100677,2,982.63101
-1.110072,2,982.686878
-2.178693,3,982.765811
-1.107024,2,982.806865
-1.09498,2,982.875698
-0.028241,1,982.905742
-2.257758,3,982.999397
-2.26073,3,983.090561
-3.375811,4,983.212272
-2.265861,3,983.283894
-3.250244,4,983.411914
-3.38022,4,983.537198
-3.348486,4,983.668177
-2.294282,3,983.748389
-3.378877,4,983.872121
-2.213366,3,983.954754
-2.182911,3,984.052812
-2.20741,3,984.142757
-1.113473,2,984.223135
-2.21366,3,984.323705
-3.269522,4,984.466905
-3.267866,4,984.598986
-3.3033,4,984.733079
-2.207805,3,984.832868
-2.198793,3,984.931497
-0.045142,1,984.976989
-2.267863,3,985.106903
-2.220943,3,985.21839
-1.148803,2,985.27976
-2.186385,3,985.387105
-0.014268,1,985.422304
-3.280708,4,985.545702
-2.261723,3,985.643118
-2.191848,3,985.732579
-2.278685,3,985.827458
-2.240902,3,985.920826
-2.236757,3,986.039094
-1.07214,2,986.100811
-2.211811,3,986.195807
-3.245937,4,986.340039
-3.31417,4,986.47076
-2.158242,3,986.566803
-3.329301,4,986.691304
-2.150599,3,986.771813
-2.255135,3,986.864385
-2.204169,3,986.9331
-0.055636,1,986.958258
-1.084481,2,987.006255
-1.093853,2,987.060453
-2.182215,3,987.148479
-2.205529,3,987.221068
-2.207362,3,987.292853
-1.120095,2,987.345073
-3.347392,4,987.438368
-1.086027,2,987.49007
-3.293531,4,987.590388
-3.29838,4,987.690846
-2.172597,3,987.763459
-1.091564,2,987.813847
-2.178593,3,987.889106
-2.168067,3,987.962088
-3.269593,4,988.046855
-3.284042,4,988.140378
-2.21754,3,988.218316
-2.27057,3,988.292761
-1.124056,2,988.345041
-0.050304,1,988.369741
-2.260239,3,988.45014
-2.200664,3,988.528441
-3.317161,4,988.627346
-2.224905,3,988.703587
-1.100102,2,988.74905
-3.31511,4,988.850704
-1.137414,2,988.891373
-2.196399,3,988.964751
-1.099928,2,989.021842
-2.252588,3,989.096849
-3.304317,4,989.191805
-3.366733,4,989.284821
-1.127814,2,989.342975
-2.17217,3,989.426335
-1.090199,2,989.478931
-2.158891,3,989.556911
-2.229732,3,989.629303
-3.361793,4,989.73883
-1.133162,2,989.785827
-2.231402,3,989.875716
-3.315747,4,989.985909
-3.29231,4,990.105859
-1.151364,2,990.159751
-1.082316,2,990.2107
-3.332412,4,990.320355
-1.125587,2,990.384917
-2.24902,3,990.468089
-1.094732,2,990.516883
-1.142402,2,990.565754
-3.301325,4,990.686696
-2.191351,3,990.762806
-2.203512,3,990.84507
-1.12755,2,990.896776
-2.248777,3,990.978765
-3.328167,4,991.088305
-3.407203,4,991.186759
-2.274673,3,991.261738
-3.337996,4,991.375729
-1.085366,2,991.427329
-2.25731,3,991.511881
-3.315658,4,991.614697
-2.172367,3,991.696764
-2.193143,3,991.770551
-2.16656,3,991.843993
-1.107624,2,991.893398
-2.157813,3,991.980249
-1.117309,2,992.021943
-3.378465,4,992.115203
-1.078222,2,992.162786
-2.238983,3,992.244082
-1.136484,2,992.296851
-1.147256,2,992.342755
-3.320286,4,992.437017
-2.255811,3,992.526299
-2.195686,3,992.60049
-2.222609,3,992.658491
-0.037587,1,992.683353
-1.151381,2,992.740117
-0.022469,1,992.768478
-2.235511,3,992.836352
-1.114689,2,992.890734
-3.337775,4,992.986081
-1.075401,2,993.032001
-0.020707,1,993.052684
-3.313462,4,993.141963
-3.402486,4,993.235443
-2.227615,3,993.315847
-3.408144,4,993.41289
-2.253537,3,993.491771
-3.330797,4,993.59575
-1.130821,2,993.645977
-2.271512,3,993.715853
-1.062844,2,993.761837
-3.375148,4,993.861753
-1.12212,2,993.916826
-3.365116,4,994.008381
-1.102548,2,994.059721
-2.230679,3,994.138858
-2.176734,3,994.206731
-1.076271,2,994.252953
-0.01969,1,994.271778
-0.036913,1,994.305938
-1.121889,2,994.359199
-1.093592,2,994.41129
-2.221536,3,994.481907
-3.330171,4,994.588188
-2.239347,3,994.652498
-2.196554,3,994.724285
-3.301533,4,994.820461
-0.036067,1,994.849063
-0.017207,1,994.869286
-0.03154,1,994.895827
-2.232095,3,994.963695
-1.102324,2,995.028292
-2.180444,3,995.100657
-1.123794,2,995.14834
-2.287165,3,995.211524
-1.105576,2,995.269331
-2.164008,3,995.347059
-2.238261,3,995.418269
-1.15134,2,995.476708
-3.289526,4,995.584165
-2.214995,3,995.655886
-2.205703,3,995.72205
-2.209099,3,995.786807
-2.21509,3,995.867024
-0.041027,1,995.898309
-2.218483,3,995.970703
-1.06996,2,996.018269
-2.229138,3,996.098278
-2.270486,3,996.176786
-1.106005,2,996.224372
-2.222739,3,996.30091
-3.388911,4,996.402956
-1.1336,2,996.46386
-2.280915,3,996.535053
-2.234378,3,996.610842
-3.429931,4,996.719003
-0.05041,1,996.744685
-1.127779,2,996.80478
-3.373728,4,996.89977
-3.307511,4,996.998228
-2.215644,3,997.064954
-2.285932,3,997.133966
-3.279573,4,997.231976
-3.376195,4,997.325171
-2.283311,3,997.391718
-2.19697,3,997.46601
-2.175101,3,997.54
-3.378342,4,997.64574
-2.217419,3,997.724374
-2.300131,3,997.809818
-2.216121,3,997.890558
-1.120587,2,997.954717
-2.164992,3,998.037389
-2.255284,3,998.113872
-2.187974,3,998.182762
-3.4002,4,998.288216
-0.044365,1,998.322782
-0.036654,1,998.352061
-2.305812,3,998.418265
-2.252848,3,998.492852
-2.207929,3,998.565846
-1.107669,2,998.604901
-1.127393,2,998.645751
-0.015302,1,998.669289
-3.360271,4,998.748465
-0.017837,1,998.771766
-3.332816,4,998.856666
-2.16195,3,998.932127
-2.276416,3,999.009859
-2.172366,3,999.079757
-1.116108,2,999.133221
-2.287913,3,999.19189
-2.237681,3,999.244786
-1.105271,2,999.278332
-1.106315,2,999.311891
-1.098539,2,999.356988
-2.270818,3,999.420789
-0.048258,1,999.443135
-1.116078,2,999.481766
-0.031288,1,999.511814
-2.196376,3,999.580716
-2.242949,3,999.652047
-1.096822,2,999.699758
-2.203182,3,999.767058
-2.187307,3,999.846909
-1.072615,2,999.896799
-1.111255,2,999.936973
-2.278381,3,1000.015794
-2.170013,3,1000.091909
-1.099771,2,1000.135854
-2.211491,3,1000.207007
-3.348346,4,1000.306901
-0.028664,1,1000.325456
-0.035448,1,1000.350678
-3.407704,4,1000.43201
-1.082058,2,1000.483813
-1.06065,2,1000.532407
-2.186031,3,1000.610793
-1.145771,2,1000.658938
-1.072986,2,1000.721849
-4.564418,5,1000.836914
-2.18578,3,1000.914967
-3.315811,4,1001.003022
-2.262307,3,1001.085741
-2.164833,3,1001.146107
-1.118385,2,1001.196798
-3.342605,4,1001.285744
-2.237034,3,1001.359674
-3.35974,4,1001.441969
-3.32755,4,1001.543033
-1.136978,2,1001.590708
-1.111193,2,1001.634892
-3.350636,4,1001.738474
-2.180884,3,1001.816738
-2.258532,3,1001.886896
-3.356866,4,1001.995805
-0.032323,1,1002.016797
-2.216815,3,1002.090351
-1.10514,2,1002.135237
-3.319932,4,1002.233252
-2.24394,3,1002.312809
-0.015751,1,1002.338347
-3.354389,4,1002.435815
-3.392879,4,1002.558368
-2.204276,3,1002.625672
-2.24372,3,1002.698323
-1.119199,2,1002.747488
-0.051814,1,1002.778167
-3.371229,4,1002.889144
-2.255538,3,1002.964848
-2.239119,3,1003.041868
-2.250729,3,1003.125735
-2.247952,3,1003.199837
-3.298814,4,1003.294724
-3.435098,4,1003.373808
-2.18965,3,1003.448943
-0.015502,1,1003.475655
-2.17484,3,1003.554795
-3.33785,4,1003.659901
-0.04873,1,1003.693656
-3.296965,4,1003.790666
-2.259245,3,1003.859779
-2.25231,3,1003.929395
-0.013805,1,1003.959115
-3.360366,4,1004.065675
-2.187214,3,1004.146859
-2.16182,3,1004.226742
-0.014015,1,1004.261806
-1.12464,2,1004.308372
-1.103506,2,1004.354012
-2.211008,3,1004.435799
-3.318671,4,1004.54374
-2.233889,3,1004.614851
-2.17705,3,1004.705863
-3.359182,4,1004.81831
-2.233858,3,1004.9171
-2.150753,3,1005.010774
-1.104084,2,1005.074869
-2.241772,3,1005.1818
-1.158175,2,1005.252533
-3.336794,4,1005.384709
-1.095279,2,1005.450826
-2.180356,3,1005.538966
-1.108373,2,1005.616822
-2.204731,3,1005.72975
-3.295802,4,1005.867153
-1.098745,2,1005.944878
-2.3053,3,1006.055883
-1.115628,2,1006.119082
-1.063017,2,1006.1783
-2.22435,3,1006.268198
-1.108094,2,1006.352804
-3.285926,4,1006.496754
-3.298641,4,1006.626721
-3.359876,4,1006.763787
-0.011658,1,1006.799848
-3.286873,4,1006.919729
-3.387607,4,1007.026794
-3.339202,4,1007.138578
-1.090702,2,1007.186733
-2.207798,3,1007.254034
-0.037759,1,1007.276711
-3.349484,4,1007.381975
-0.049628,1,1007.41079
-1.147726,2,1007.458942
-1.088794,2,1007.519861
-2.252018,3,1007.603791
-2.24152,3,1007.69474
-1.139781,2,1007.760126
-0.042746,1,1007.785307
-3.298139,4,1007.909888
-2.283091,3,1008.011909
-1.135758,2,1008.082737
-2.212171,3,1008.184816
-2.230509,3,1008.289758
-1.127038,2,1008.369059
-2.229773,3,1008.45032
-2.256402,3,1008.548599
-2.206915,3,1008.644964
-2.200989,3,1008.744978
-2.188428,3,1008.832296
-0.034769,1,1008.861851
-2.226105,3,1008.961742
-3.314268,4,1009.079816
-2.175855,3,1009.155042
-2.227058,3,1009.241043
-2.195228,3,1009.316838
-1.082211,2,1009.378265
-1.122892,2,1009.444881
-2.248874,3,1009.516706
-2.231954,3,1009.592977
-2.259282,3,1009.666377
-2.200124,3,1009.737338
-3.439893,4,1009.854958
-0.038235,1,1009.875706
-0.031022,1,1009.918267
-0.056689,1,1009.941318
-2.29313,3,1010.019729
-3.30037,4,1010.131736
-2.232246,3,1010.216887
-2.211636,3,1010.288211
-1.112946,2,1010.326771
-1.115549,2,1010.378119
-2.139106,3,1010.450446
-1.124052,2,1010.491642
-3.371363,4,1010.585543
-2.232546,3,1010.672804
-2.193923,3,1010.754995
-1.10242,2,1010.814236
-1.104703,2,1010.850481
-2.20639,3,1010.923733
-2.173215,3,1011.026735
-1.074237,2,1011.076901
-0.048615,1,1011.107066
-2.253162,3,1011.184909
-3.454541,4,1011.300813
-1.090379,2,1011.347003
-3.3159,4,1011.42821
-2.171668,3,1011.499055
-2.246559,3,1011.593081
-2.25165,3,1011.682863
-2.260192,3,1011.778208
-1.055298,2,1011.843333
-2.255962,3,1011.924412
-2.227398,3,1012.001657
-2.230407,3,1012.099667
-2.228237,3,1012.191706
-2.190627,3,1012.288133
-2.260162,3,1012.366952
-2.179637,3,1012.458456
-3.295521,4,1012.566883
-2.25963,3,1012.659241
-1.136174,2,1012.709697
-2.199272,3,1012.778959
-2.243688,3,1012.863995
-3.29897,4,1012.994662
-2.177813,3,1013.089931
-3.34546,4,1013.209868
-3.484479,4,1013.330742
-3.404545,4,1013.490708
-3.347642,4,1013.613806
-0.043638,1,1013.652119
-3.311892,4,1013.810182
-3.32369,4,1013.980803
-2.206092,3,1014.075702
-2.178103,3,1014.179784
-3.283409,4,1014.342844
-0.019663,1,1014.393986
-2.169381,3,1014.505965
-2.200419,3,1014.609696
-0.025055,1,1014.642879
-0.016614,1,1014.686512
-2.169354,3,1014.774851
-0.025346,1,1014.784864
-2.268285,3,1014.820931
-1.110275,2,1014.863158
-2.189208,3,1014.929352
-3.329282,4,1015.015847
-1.129265,2,1015.06101
-1.117867,2,1015.120706
-2.26838,3,1015.204354
-1.082634,2,1015.24923
-2.172347,3,1015.294801
-3.347122,4,1015.367301
-0.034289,1,1015.385941
-2.208639,3,1015.43742
-2.255975,3,1015.485698
-2.265641,3,1015.551959
-1.093696,2,1015.584742
-1.090517,2,1015.620794
-0.054282,1,1015.63732
-2.213859,3,1015.69367
-3.332498,4,1015.772845
-2.235346,3,1015.828184
-1.125455,2,1015.869083
-2.25896,3,1015.940897
-1.147353,2,1015.983806
-1.16157,2,1016.021862
-0.010094,1,1016.045402
-2.256063,3,1016.115748
-2.258741,3,1016.186629
-2.238698,3,1016.238212
-2.219627,3,1016.299644
-0.030277,1,1016.32668
-2.23765,3,1016.400821
-1.127484,2,1016.4504
-2.178934,3,1016.509825
-2.133714,3,1016.578264
-1.085638,2,1016.62484
-2.242819,3,1016.693699
-2.241264,3,1016.76699
-2.191357,3,1016.83277
-3.447907,4,1016.916659
-1.110613,2,1016.962836
-1.133825,2,1017.0029
-3.368455,4,1017.088139
-2.257857,3,1017.158984
-3.343468,4,1017.24388
-2.236079,3,1017.312663
-2.26886,3,1017.392891
-2.224792,3,1017.459772
-3.275397,4,1017.540975
-1.09755,2,1017.590935
-0.028309,1,1017.621908
-2.131738,3,1017.684791
-2.195604,3,1017.74439
-3.371052,4,1017.829722
-2.239602,3,1017.892778
-1.086486,2,1017.932857
-2.249799,3,1017.993768
-2.222378,3,1018.064924
-1.143333,2,1018.115681
-2.201741,3,1018.192663
-3.284647,4,1018.287048
-2.199753,3,1018.353732
-2.231549,3,1018.442977
-3.48381,4,1018.519687
-1.1003,2,1018.565031
-2.255674,3,1018.636383
-2.301391,3,1018.700307
-2.213191,3,1018.766704
-1.053243,2,1018.812775
-2.238024,3,1018.866605
-2.278718,3,1018.94524
-1.071971,2,1018.980923
-0.017853,1,1019.005033
-2.205037,3,1019.058306
-2.304108,3,1019.135021
-2.194753,3,1019.202786
-2.270086,3,1019.266074
-2.24204,3,1019.340389
-3.355217,4,1019.4299
-1.129568,2,1019.461663
-3.413397,4,1019.506715
-1.076834,2,1019.528244
-3.328705,4,1019.614633
-2.196557,3,1019.703884
-2.197641,3,1019.758135
-0.041384,1,1019.788286
-3.411891,4,1019.905801
-2.256551,3,1019.972574
-1.112962,2,1020.029742
-2.186022,3,1020.105754
-1.087422,2,1020.156945
-3.362419,4,1020.268501
-2.215563,3,1020.350833
-2.260769,3,1020.4458
-0.038868,1,1020.478355
-3.388536,4,1020.590838
-1.100114,2,1020.648944
-2.255674,3,1020.731732
-2.233771,3,1020.816832
-2.319044,3,1020.898325
-2.229754,3,1020.975102
-2.265748,3,1021.056915
-2.195286,3,1021.129776
-2.18156,3,1021.19385
-2.188555,3,1021.274704
-2.138591,3,1021.360749
-1.095733,2,1021.416833
-0.026702,1,1021.426843
-2.190175,3,1021.482907
-2.234908,3,1021.552866
-3.439135,4,1021.655661
-2.220079,3,1021.719763
-2.19076,3,1021.781692
-2.174523,3,1021.841294
-3.336451,4,1021.937275
-1.12465,2,1021.982743
-3.304327,4,1022.072248
-2.198591,3,1022.123884
-3.371133,4,1022.22078
-3.27973,4,1022.337291
-3.293541,4,1022.429306
-2.163834,3,1022.494799
-1.071055,2,1022.545395
-3.385579,4,1022.639271
-1.113302,2,1022.689707
-1.11338,2,1022.739609
-2.231763,3,1022.825766
-0.042189,1,1022.850848
-2.16702,3,1022.912348
-0.053845,1,1022.942655
-2.273198,3,1023.021786
-3.283768,4,1023.116771
-1.101424,2,1023.160345
-2.160833,3,1023.233118
-0.033523,1,1023.264775
-2.209932,3,1023.342987
-2.204113,3,1023.423858
-2.194668,3,1023.501809
-1.1491,2,1023.554182
-1.080939,2,1023.601871
-0.031741,1,1023.623902
-1.150645,2,1023.675802
-3.284287,4,1023.791831
-3.331079,4,1023.900552
-0.02691,1,1023.921752
-2.285883,3,1023.996874
-3.295207,4,1024.110873
-2.265983,3,1024.180106
-1.100376,2,1024.226736
-1.084837,2,1024.272856
-1.109758,2,1024.326953
-3.374808,4,1024.429703
-1.124591,2,1024.479881
-0.03361,1,1024.50692
-0.030852,1,1024.535664
-3.294461,4,1024.632552
-1.146967,2,1024.685813
-2.200834,3,1024.760651
-1.151506,2,1024.818233
-1.121909,2,1024.866813
-3.358514,4,1024.9658
-2.233493,3,1025.041942
-1.09241,2,1025.099789
-3.280055,4,1025.202806
-2.171135,3,1025.284108
-1.118787,2,1025.334845
-2.184,3,1025.418214
-1.158984,2,1025.466804
-1.073769,2,1025.524905
-2.170776,3,1025.603831
-3.353125,4,1025.708369
-2.221118,3,1025.774049
-1.091776,2,1025.819855
-2.28317,3,1025.88847
-3.316255,4,1025.995829
-0.04357,1,1026.025872
-2.251605,3,1026.098292
-2.251527,3,1026.18069
-1.114826,2,1026.237278
-2.19637,3,1026.304013
-3.347356,4,1026.404867
-2.246773,3,1026.482785
-2.184401,3,1026.566913
-1.136678,2,1026.608353
-1.105341,2,1026.652598
-2.208922,3,1026.733016
-3.286869,4,1026.849901
-3.366284,4,1026.955724
-1.119288,2,1027.004806
-2.223715,3,1027.075915
-1.096157,2,1027.128261
-2.21117,3,1027.208388
-2.227864,3,1027.284809
-1.11142,2,1027.338395
-3.404152,4,1027.441922
-2.222351,3,1027.516715
-3.413484,4,1027.619328
-2.177169,3,1027.685805
-2.203342,3,1027.755045
-3.367125,4,1027.834811
-1.128582,2,1027.891919
-3.365864,4,1027.992729
-2.244192,3,1028.066968
-1.105617,2,1028.123851
-2.258392,3,1028.198503
-0.035474,1,1028.225752
-1.110682,2,1028.283625
-1.078098,2,1028.341943
-1.095225,2,1028.388168
-3.398967,4,1028.492747
-2.241953,3,1028.571919
-2.173449,3,1028.6453
-2.267281,3,1028.718242
-3.352135,4,1028.808281
-1.096274,2,1028.860854
-2.27362,3,1028.929684
-1.105962,2,1028.978971
-2.20835,3,1029.060251
-3.402769,4,1029.15382
-2.267202,3,1029.228596
-2.200222,3,1029.314802
-3.33222,4,1029.4248
-3.45284,4,1029.53834
-2.25783,3,1029.608372
-2.218976,3,1029.68582
-2.278066,3,1029.774013
-2.167041,3,1029.850718
-1.085726,2,1029.899049
-2.189433,3,1029.962169
-0.040035,1,1029.991951
-1.105333,2,1030.042895
-0.036077,1,1030.069711
-2.19571,3,1030.14633
-3.338846,4,1030.237399
-0.045756,1,1030.262496
-3.26186,4,1030.352858
-2.272123,3,1030.443369
-3.332688,4,1030.536517
-3.309454,4,1030.635704
-1.149923,2,1030.673782
-3.289617,4,1030.779199
-2.255108,3,1030.850648
-0.019867,1,1030.875851
-2.224283,3,1030.938556
-3.345045,4,1031.035882
-2.217085,3,1031.108232
-1.059208,2,1031.16382
-2.18673,3,1031.243823
-1.101938,2,1031.293233
-2.172999,3,1031.368234
-1.127285,2,1031.418314
-1.131741,2,1031.463882
-3.399007,4,1031.56185
-2.237823,3,1031.634795
-0.026308,1,1031.666842
-0.027058,1,1031.684875
-1.11504,2,1031.748235
-2.175093,3,1031.826857
-2.200061,3,1031.903749
-2.265792,3,1031.969846
-0.014808,1,1031.993875
-2.279884,3,1032.066731
-0.048701,1,1032.096776
-3.317773,4,1032.194954
-2.23244,3,1032.268552
-2.222929,3,1032.344828
-3.264718,4,1032.441793
-2.247608,3,1032.515932
-2.240295,3,1032.585659
-1.068049,2,1032.635748
-3.303708,4,1032.745868
-3.330347,4,1032.844798
-2.216301,3,1032.912898
-1.114346,2,1032.961124
-0.054413,1,1032.990568
-2.183033,3,1033.05988
-1.115952,2,1033.11313
-3.326312,4,1033.222747
-2.245828,3,1033.299789
-2.293287,3,1033.378935
-0.054111,1,1033.407107
-3.321471,4,1033.508393
-3.417886,4,1033.622123
-1.089362,2,1033.674248
-0.045942,1,1033.699281
-2.24835,3,1033.772853
-0.049891,1,1033.80691
-1.08139,2,1033.858254
-2.186676,3,1033.944893
-1.127252,2,1034.000863
-2.283397,3,1034.079318
-2.218456,3,1034.160769
-2.205246,3,1034.242912
-3.278966,4,1034.351817
-3.309056,4,1034.460376
-0.043936,1,1034.483828
-3.289666,4,1034.582726
-1.102679,2,1034.6368
-2.262739,3,1034.724698
-1.097897,2,1034.778277
-1.092693,2,1034.833103
-1.149927,2,1034.884731
-1.111984,2,1034.940862
-1.113378,2,1034.985947
-2.220029,3,1035.058601
-2.198793,3,1035.138378
-0.030513,1,1035.16968
-2.26035,3,1035.243304
-3.341418,4,1035.352952
-0.023833,1,1035.376047
-3.31798,4,1035.474209
-1.156354,2,1035.526688
-2.183903,3,1035.60082
-1.113529,2,1035.649908
-3.293819,4,1035.750838
-2.150003,3,1035.826743
-0.036709,1,1035.849284
-1.142784,2,1035.89081
-1.11172,2,1035.94745
-2.250036,3,1036.016862
-2.206036,3,1036.089737
-3.413894,4,1036.190707
-2.22737,3,1036.273735
-2.222895,3,1036.353868
-0.034385,1,1036.381908
-1.126431,2,1036.429209
-1.078712,2,1036.480801
-2.22524,3,1036.556911
-3.353991,4,1036.664689
-3.3552,4,1036.765948
-1.123087,2,1036.845501
-2.242053,3,1036.947354
-0.054784,1,1036.968613
-1.134982,2,1037.011906
-1.08708,2,1037.068251
-0.040493,1,1037.088283
-3.405267,4,1037.193798
-2.224333,3,1037.266692
-2.253162,3,1037.35238
-2.176213,3,1037.420384
-2.215558,3,1037.496757
-0.045622,1,1037.521304
-2.234757,3,1037.598265
-2.203587,3,1037.674048
-3.326103,4,1037.7809
-3.316362,4,1037.87674
-1.088924,2,1037.921225
-2.215832,3,1037.985831
-1.084681,2,1038.0284
-2.233792,3,1038.09161
-2.215781,3,1038.1659
-2.243177,3,1038.241162
-3.355537,4,1038.338318
-2.239655,3,1038.410729
-2.246206,3,1038.492729
-2.251206,3,1038.562068
-2.229628,3,1038.639844
-2.256451,3,1038.714803
-0.051189,1,1038.746387
-2.267435,3,1038.811839
-2.195462,3,1038.888292
-3.330209,4,1038.982799
-1.116076,2,1039.031885
-2.227336,3,1039.104757
-2.223055,3,1039.169396
-0.028388,1,1039.195651
-1.119793,2,1039.249256
-2.189278,3,1039.329664
-1.079865,2,1039.373894
-1.084732,2,1039.419888
-2.155888,3,1039.501733
-0.052323,1,1039.526765
-1.141684,2,1039.575088
-2.179686,3,1039.646362
-3.346687,4,1039.733901
-2.292883,3,1039.794747
-2.220632,3,1039.867016
-0.039576,1,1039.885066
-1.078125,2,1039.939315
-0.035723,1,1039.961852
-0.029608,1,1039.980879
-0.022662,1,1040.003906
-3.27557,4,1040.088381
-0.017591,1,1040.108921
-3.35107,4,1040.179295
-1.106441,2,1040.234881
-2.170093,3,1040.312803
-2.236296,3,1040.382647
-2.154642,3,1040.449256
-1.088152,2,1040.502819
-2.254258,3,1040.577007
-2.228245,3,1040.65488
-1.087567,2,1040.699708
-2.308873,3,1040.7629
-0.046475,1,1040.790036
-0.038067,1,1040.816683
-2.284727,3,1040.894929
-1.117768,2,1040.941751
-3.273533,4,1041.04172
-3.348039,4,1041.12474
-2.180244,3,1041.189359
-0.041762,1,1041.204878
-3.328427,4,1041.298944
-2.189682,3,1041.366779
-2.22172,3,1041.433947
-1.08355,2,1041.478158
-2.166307,3,1041.539757
-2.231852,3,1041.619233
-1.131599,2,1041.661858
-2.218539,3,1041.730279
-2.220724,3,1041.810774
-1.076074,2,1041.853342
-0.011929,1,1041.880199
-1.115546,2,1041.920907
-3.246577,4,1042.016738
-2.249444,3,1042.071725
-3.392961,4,1042.14935
-3.320026,4,1042.218144
-3.321891,4,1042.296606
-2.267885,3,1042.369997
-2.169336,3,1042.428225
-1.107047,2,1042.462406
-1.075893,2,1042.522696
-2.191886,3,1042.593779
-3.376114,4,1042.69182
-3.297504,4,1042.775623
-1.080461,2,1042.834738
-2.243794,3,1042.913939
-3.269414,4,1043.00669
-2.15937,3,1043.08691
-0.045686,1,1043.118154
-2.213353,3,1043.190405
-1.127048,2,1043.23052
-2.27474,3,1043.299272
-2.257471,3,1043.382756
-1.129037,2,1043.438335
-2.177796,3,1043.514612
-2.210545,3,1043.594802
-3.331775,4,1043.709643
-1.143259,2,1043.765957
-2.216615,3,1043.8523
-1.091747,2,1043.904709
-2.187484,3,1043.983882
-1.093441,2,1044.039286
-2.156161,3,1044.108362
-2.131909,3,1044.16876
-2.167455,3,1044.254914
-1.110096,2,1044.304769
-2.273299,3,1044.384879
-3.397022,4,1044.472978
-2.216137,3,1044.562148
-2.224073,3,1044.644742
-1.103334,2,1044.70015
-2.146266,3,1044.766703
-2.244932,3,1044.845332
-1.124843,2,1044.875883
-2.219235,3,1044.95199
-1.136086,2,1044.99375
-1.070177,2,1045.047295
-2.167772,3,1045.111817
-2.259133,3,1045.192743
-2.25226,3,1045.264357
-2.253576,3,1045.340664
-3.330778,4,1045.443016
-0.048066,1,1045.466652
-0.038978,1,1045.489698
-0.011073,1,1045.519756
-2.239871,3,1045.59584
-1.124163,2,1045.647105
-3.310375,4,1045.758508
-3.368419,4,1045.871852
-3.355565,4,1045.975932
-2.256607,3,1046.049326
-1.094219,2,1046.112558
-1.130183,2,1046.177027
-1.121206,2,1046.224768
-1.102144,2,1046.274698
-2.163466,3,1046.352342
-3.348323,4,1046.476108
-1.126442,2,1046.535825
-2.160343,3,1046.618375
-3.300843,4,1046.721384
-3.320001,4,1046.851179
-0.032298,1,1046.879403
-2.238944,3,1046.970371
-0.00903,1,1046.999167
-2.218215,3,1047.086411
-1.099369,2,1047.14273
-1.073999,2,1047.19491
-2.251774,3,1047.271183
-1.124529,2,1047.331882
-2.235229,3,1047.415721
-3.404745,4,1047.53661
-2.173671,3,1047.620842
-2.192888,3,1047.708397
-2.177698,3,1047.779824
-2.222281,3,1047.870726
-2.230554,3,1047.952754
-1.125707,2,1048.014788
-3.373991,4,1048.126647
-3.290275,4,1048.23694
-0.014189,1,1048.266656
-2.195218,3,1048.364816
-2.237099,3,1048.450721
-2.192469,3,1048.545906
-1.096137,2,1048.609767
-1.065846,2,1048.67588
-2.179928,3,1048.765671
-2.24059,3,1048.848321
-2.242865,3,1048.929697
-1.124863,2,1049.002824
-3.29062,4,1049.105709
-1.073475,2,1049.168309
-2.186697,3,1049.264197
-1.108223,2,1049.327351
-1.086009,2,1049.379369
-0.020384,1,1049.410684
-3.292313,4,1049.53382
-2.180067,3,1049.624721
-2.290298,3,1049.713903
-3.279355,4,1049.832879
-2.242505,3,1049.920863
-2.244998,3,1049.999697
-1.116335,2,1050.050324
-2.192856,3,1050.130765
-1.082517,2,1050.178336
-2.288821,3,1050.273875
-0.04319,1,1050.303937
-2.192111,3,1050.385798
-1.109747,2,1050.432965
-2.272193,3,1050.510862
-1.152288,2,1050.57989
-3.323381,4,1050.689333
-2.25402,3,1050.769773
-2.254526,3,1050.851916
-2.204444,3,1050.937391
-3.470031,4,1051.050123
-1.074783,2,1051.10484
-1.132714,2,1051.160702
-2.169291,3,1051.243825
-3.297834,4,1051.336722
-1.082585,2,1051.384608
-3.298117,4,1051.478277
-1.105281,2,1051.524845
-3.253362,4,1051.618394
-1.103493,2,1051.674033
-2.198102,3,1051.758933
-2.26792,3,1051.831807
-2.266436,3,1051.915465
-2.270459,3,1051.996771
-3.354417,4,1052.101969
-2.201145,3,1052.188278
-0.030486,1,1052.209316
-1.083,2,1052.2639
-0.033793,1,1052.292624
-2.240139,3,1052.373749
-2.303635,3,1052.451874
-3.294243,4,1052.548359
-3.280807,4,1052.660784
-2.186809,3,1052.728982
-2.271709,3,1052.803906
-0.017066,1,1052.833672
-0.028839,1,1052.871733
-3.346916,4,1052.972893
-2.235502,3,1053.050978
-1.094635,2,1053.102733
-3.3485,4,1053.202911
-3.361241,4,1053.301872
-0.041683,1,1053.330179
-2.23065,3,1053.408932
-2.191772,3,1053.486768
-2.167628,3,1053.5609
-2.215654,3,1053.642831
-3.365581,4,1053.753266
-2.166583,3,1053.844812
-3.285219,4,1053.948175
-1.073646,2,1053.994752
-3.431014,4,1054.091914
-2.302216,3,1054.178361
-3.276096,4,1054.298438
-1.155186,2,1054.354767
-2.203756,3,1054.459945
-0.044708,1,1054.496351
-3.31675,4,1054.603767
-1.088232,2,1054.66187
-2.23667,3,1054.742774
-1.093749,2,1054.802865
-1.102249,2,1054.864158
-0.006835,1,1054.889835
-1.124541,2,1054.940671
-2.181606,3,1055.024846
-1.103229,2,1055.084083
-2.160671,3,1055.169994
-2.181216,3,1055.239034
-2.244067,3,1055.329741
-2.215488,3,1055.394563
-1.151604,2,1055.442831
-3.371744,4,1055.551408
-3.314897,4,1055.67017
-1.150244,2,1055.721872
-1.133489,2,1055.770101
-1.128059,2,1055.821837
-2.277616,3,1055.906895
-0.005233,1,1055.932087
-1.093295,2,1055.993746
-1.083766,2,1056.060084
-2.168367,3,1056.146852
-2.229625,3,1056.226964
-0.016104,1,1056.25571
-2.257208,3,1056.349223
-2.235529,3,1056.434858
-1.136102,2,1056.49866
-3.391308,4,1056.620726
-3.344689,4,1056.720646
-0.025255,1,1056.748181
-2.185433,3,1056.830492
-2.216433,3,1056.925615
-2.194486,3,1057.006871
-2.18202,3,1057.095896
-3.296163,4,1057.202788
-3.356469,4,1057.322857
-3.292833,4,1057.435821
-3.342888,4,1057.555344
-2.175225,3,1057.639883
-0.031037,1,1057.667161
-2.228698,3,1057.756265
-2.14768,3,1057.857298
-1.145112,2,1057.90907
-2.160693,3,1057.996915
-1.088923,2,1058.050449
-3.302391,4,1058.160226
-1.096173,2,1058.210917
-2.182024,3,1058.291821
-1.119779,2,1058.348415
-3.296515,4,1058.443663
-3.313098,4,1058.528928
-1.110874,2,1058.576812
-2.17858,3,1058.656145
-2.216654,3,1058.740353
-2.307506,3,1058.815862
-2.279523,3,1058.898402
-2.272689,3,1058.98693
-2.220903,3,1059.066962
-0.023906,1,1059.096698
-3.35145,4,1059.201659
-2.248832,3,1059.295496
-2.170723,3,1059.372272
-0.021655,1,1059.394017
-2.267545,3,1059.472642
-0.021531,1,1059.49968
-3.403681,4,1059.59816
-3.370972,4,1059.691793
-2.159354,3,1059.763962
-2.174577,3,1059.84271
-3.374143,4,1059.953382
-2.251927,3,1060.057295
-1.12224,2,1060.124854
-3.327184,4,1060.229338
-2.201982,3,1060.329221
-3.261653,4,1060.456469
-2.227473,3,1060.534749
-2.190397,3,1060.620785
-1.140328,2,1060.684952
-0.02059,1,1060.709709
-2.215198,3,1060.806143
-3.288903,4,1060.926831
-1.065622,2,1060.987561
-2.236905,3,1061.082179
-2.181053,3,1061.169224
-1.118835,2,1061.22311
-3.312147,4,1061.332816
-0.014624,1,1061.371101
-0.032157,1,1061.393178
-3.332021,4,1061.51018
-1.064427,2,1061.557387
-2.218594,3,1061.640017
-3.350784,4,1061.749715
-2.234858,3,1061.883123
-2.184211,3,1061.995876
-0.035184,1,1062.026491
-2.187482,3,1062.098317
-1.104902,2,1062.152919
-3.369653,4,1062.272265
-1.143994,2,1062.340302
-3.345696,4,1062.468904
-2.243533,3,1062.563922
-2.224405,3,1062.645916
-1.053651,2,1062.704774
-3.298639,4,1062.839894
-2.275032,3,1062.93384
-3.238589,4,1063.056366
-1.123488,2,1063.119289
-1.116975,2,1063.175108
-2.208542,3,1063.263853
-2.184042,3,1063.375804
-1.126641,2,1063.446959
-3.441073,4,1063.571912
-2.198574,3,1063.67203
-2.262901,3,1063.772834
-1.110213,2,1063.833445
-1.119823,2,1063.890772
-2.259112,3,1063.991861
-2.161141,3,1064.081633
-1.112163,2,1064.148244
-3.349643,4,1064.275023
-0.050609,1,1064.30822
-2.176434,3,1064.416711
-2.227922,3,1064.512932
-2.188662,3,1064.609375
-2.269416,3,1064.718272
-0.058532,1,1064.750867
-3.327211,4,1064.883635
-1.077589,2,1064.958951
-3.258467,4,1065.105813
-0.055663,1,1065.139373
-1.139745,2,1065.219705
-1.101329,2,1065.289117
-2.20384,3,1065.373555
-3.304203,4,1065.506801
-2.166105,3,1065.596794
-3.36478,4,1065.722022
-3.258888,4,1065.844929
-0.027512,1,1065.893706
-1.142607,2,1065.966324
-3.323342,4,1066.123674
-2.215023,3,1066.229661
-2.176133,3,1066.332619
-0.031967,1,1066.364172
-1.121914,2,1066.430065
-2.201103,3,1066.529358
-2.193722,3,1066.612679
-2.234762,3,1066.73668
-2.173521,3,1066.845724
-2.177949,3,1066.966254
-1.099155,2,1067.0628
-2.238066,3,1067.190171
-2.229998,3,1067.321762
-2.200025,3,1067.441669
-1.118176,2,1067.532628
-1.071789,2,1067.616513
-0.024553,1,1067.654674
-3.25817,4,1067.805642
-0.048057,1,1067.850724
-2.182196,3,1067.974973
-1.097663,2,1068.050831
-0.032838,1,1068.095805
-3.349626,4,1068.265397
-2.191125,3,1068.398321
-0.042411,1,1068.442891
-2.163108,3,1068.582939
-3.357724,4,1068.755822
-1.136384,2,1068.83677
-3.344255,4,1069.005681
-1.117168,2,1069.086915
-2.253578,3,1069.223675
-0.04323,1,1069.261239
-2.211763,3,1069.385676
-3.310533,4,1069.546819
-2.199953,3,1069.694066
-2.224604,3,1069.804035
-1.123416,2,1069.889349
-3.275629,4,1069.959064
-3.339102,4,1070.019741
-2.22626,3,1070.054783
-3.319612,4,1070.104659
-0.040122,1,1070.118206
-1.055709,2,1070.144742
-2.134673,3,1070.189859
-2.193087,3,1070.226902
-2.260925,3,1070.261631
-2.276392,3,1070.305686
-0.04108,1,1070.319205
-0.043012,1,1070.330723
-2.300504,3,1070.368295
-1.079582,2,1070.403852
-2.178058,3,1070.446908
-2.206021,3,1070.483622
-2.253039,3,1070.524669
-2.192681,3,1070.568224
-3.350968,4,1070.621806
-3.435365,4,1070.668387
-3.407277,4,1070.709978
-1.08413,2,1070.739215
-1.148016,2,1070.763747
-1.090669,2,1070.786769
-1.140738,2,1070.806792
-1.128025,2,1070.839337
-1.109383,2,1070.858363
-0.037205,1,1070.868376
-2.21188,3,1070.901551
-2.181708,3,1070.943887
-1.129557,2,1070.965863
-2.169842,3,1071.000912
-2.248015,3,1071.046076
-1.148524,2,1071.081846
-1.102521,2,1071.108375
-1.052018,2,1071.131911
-2.210488,3,1071.169228
-1.117359,2,1071.196827
-2.245564,3,1071.246892
-1.106086,2,1071.277213
-1.07588,2,1071.308364
-3.365498,4,1071.362053
-3.356249,4,1071.414603
-0.053274,1,1071.42561
-1.108588,2,1071.451648
-2.246045,3,1071.499089
-1.05085,2,1071.523674
-0.047896,1,1071.536686
-3.427561,4,1071.589309
-2.18268,3,1071.636867
-1.092756,2,1071.667549
-3.419374,4,1071.71675
-3.407905,4,1071.766319
-1.126736,2,1071.791949
-3.290542,4,1071.844688
-2.248706,3,1071.883829
-1.10491,2,1071.905858
-2.255515,3,1071.946913
-0.031128,1,1071.960572
-2.185273,3,1071.989108
-1.115722,2,1072.015676
-2.179286,3,1072.065748
-0.013945,1,1072.076762
-2.198329,3,1072.105794
-2.233221,3,1072.151862
-3.369665,4,1072.211961
-1.126197,2,1072.23678
-2.272739,3,1072.278332
-3.288492,4,1072.326889
-3.307884,4,1072.384781
-3.327459,4,1072.431839
-1.11391,2,1072.452866
-1.091445,2,1072.481907
-2.214281,3,1072.520569
-2.239693,3,1072.554627
-3.360549,4,1072.614826
-0.049561,1,1072.628344
-2.236443,3,1072.670897
-2.19862,3,1072.710572
-3.35634,4,1072.75368
-0.038746,1,1072.765697
-2.247148,3,1072.816762
-2.212058,3,1072.853822
-0.04652,1,1072.869343
-0.040374,1,1072.88186
-3.313211,4,1072.935982
-1.076828,2,1072.963146
-1.076213,2,1072.983711
-3.364873,4,1073.030769
-2.212237,3,1073.070822
-1.109738,2,1073.093844
-1.098022,2,1073.113867
-2.200307,3,1073.153934
-1.100983,2,1073.180535
-3.301799,4,1073.220141
-3.293785,4,1073.266835
-2.21124,3,1073.301882
-2.200746,3,1073.346981
-2.199284,3,1073.381733
-3.403379,4,1073.430312
-1.12762,2,1073.451821
-2.197479,3,1073.496874
-1.113654,2,1073.518404
-2.200546,3,1073.55608
-3.348871,4,1073.613752
-1.121228,2,1073.645791
-0.025035,1,1073.654801
-2.228292,3,1073.694929
-1.149362,2,1073.715622
-2.145271,3,1073.756675
-2.215706,3,1073.795788
-2.179091,3,1073.831836
-0.02449,1,1073.844854
-2.221719,3,1073.895209
-2.176791,3,1073.936873
-2.224447,3,1073.972922
-2.18391,3,1074.01169
-3.324904,4,1074.058248
-2.269197,3,1074.089805
-2.210949,3,1074.126961
-3.406403,4,1074.170723
-2.286321,3,1074.211774
-3.331325,4,1074.252818
-0.019644,1,1074.263834
-3.291509,4,1074.312895
-1.145182,2,1074.344712
-3.355351,4,1074.394775
-0.015126,1,1074.406785
-2.13891,3,1074.444843
-3.342677,4,1074.499873
-1.090994,2,1074.526649
-1.090955,2,1074.550688
-2.207688,3,1074.588325
-1.117956,2,1074.620875
-1.15272,2,1074.651912
-3.367537,4,1074.699715
-2.221444,3,1074.735756
-1.1332,2,1074.766822
-0.016618,1,1074.778338
-3.314205,4,1074.830911
-2.174193,3,1074.86921
-2.240411,3,1074.918214
-2.222073,3,1075.020692
-2.206485,3,1075.130647
-0.005157,1,1075.169783
-2.192333,3,1075.295625
-2.248482,3,1075.410915
-2.133399,3,1075.526658
-0.015039,1,1075.564225
-2.296006,3,1075.6894
-0.013809,1,1075.725621
-0.02638,1,1075.772213
-0.012684,1,1075.806787
-2.241741,3,1075.926641
-2.16628,3,1076.043851
-2.218744,3,1076.14979
-3.321571,4,1076.295784
-0.033052,1,1076.335847
-3.313606,4,1076.499051
-3.281538,4,1076.662122
-2.248647,3,1076.77639
-0.059636,1,1076.825713
-0.022577,1,1076.863282
-3.354976,4,1077.009839
-3.358738,4,1077.120717
-2.233374,3,1077.15275
-1.091728,2,1077.179836
-2.245623,3,1077.222907
-2.197517,3,1077.281844
-2.198733,3,1077.372275
-1.155029,2,1077.420696
-0.011929,1,1077.44273
-2.249473,3,1077.545883
-1.096658,2,1077.601844
-0.05266,1,1077.633889
-3.338329,4,1077.729702
-2.23754,3,1077.776271
-2.262173,3,1077.816895
-1.137741,2,1077.841012
-3.437117,4,1077.891893
-1.134541,2,1077.918943
-0.04467,1,1077.938984
-0.011916,1,1077.952648
-2.259032,3,1077.988682
-2.255434,3,1078.02684
-2.188042,3,1078.070403
-2.142501,3,1078.106042
-3.339706,4,1078.159747
-3.33756,4,1078.202858
-3.306819,4,1078.251927
-1.111363,2,1078.276096
-3.31009,4,1078.319154
-2.215992,3,1078.352698
-3.443399,4,1078.40489
-2.212473,3,1078.436678
-2.220593,3,1078.479921
-2.24394,3,1078.515808
-3.29026,4,1078.576394
-1.128188,2,1078.606635
-2.215976,3,1078.646689
-3.314156,4,1078.69576
-2.224802,3,1078.736817
-3.368735,4,1078.796565
-0.038709,1,1078.813003
-1.087921,2,1078.839815
-1.112559,2,1078.876987
-3.355443,4,1078.931695
-2.233574,3,1078.967236
-3.419769,4,1079.017002
-2.218772,3,1079.06084
-2.208554,3,1079.102072
-2.182854,3,1079.139211
-2.187593,3,1079.17838
-3.35759,4,1079.229256
-3.349326,4,1079.269299
-0.034213,1,1079.28191
-0.021693,1,1079.29394
-2.263516,3,1079.339157
-2.303321,3,1079.378264
-2.183777,3,1079.410573
-2.258439,3,1079.446853
-3.341809,4,1079.497042
-1.110404,2,1079.518132
-1.113111,2,1079.543669
-3.275856,4,1079.60186
-2.163829,3,1079.650941
-1.101415,2,1079.677212
-0.031747,1,1079.692747
-1.138299,2,1079.718279
-2.205532,3,1079.778489
-3.343501,4,1079.886899
-2.155534,3,1079.961807
-0.032066,1,1079.994904
-3.280777,4,1080.100863
-2.285149,3,1080.192828
-0.018213,1,1080.223878
-2.266525,3,1080.296728
-2.268587,3,1080.336817
-3.269469,4,1080.382929
-3.306974,4,1080.424684
-1.097555,2,1080.45372
-2.166845,3,1080.498325
-1.109063,2,1080.559244
-0.059505,1,1080.589086
-2.18608,3,1080.666289
-2.269274,3,1080.753808
-3.325549,4,1080.881946
-0.037034,1,1080.894987
-2.219289,3,1080.932666
-3.47394,4,1080.997281
-2.158893,3,1081.034889
-3.254308,4,1081.081671
-3.364601,4,1081.135732
-0.033083,1,1081.160781
-2.243646,3,1081.203544
-2.204526,3,1081.246766
-2.196925,3,1081.291089
-2.221697,3,1081.333771
-2.221391,3,1081.371962
-2.235611,3,1081.405746
-1.068878,2,1081.430782
-3.35379,4,1081.480346
-3.34317,4,1081.522694
-0.038806,1,1081.535705
-2.255021,3,1081.570257
-1.137981,2,1081.599892
-1.134049,2,1081.625051
-2.218442,3,1081.667241
-1.081665,2,1081.696831
-0.056802,1,1081.726878
-0.028881,1,1081.756698
-2.224329,3,1081.826761
-2.165073,3,1081.910898
-1.148045,2,1081.985168
-2.266494,3,1082.075958
-1.129061,2,1082.149259
-1.100822,2,1082.196754
-2.203065,3,1082.296326
-2.197308,3,1082.406944
-2.250023,3,1082.500712
-1.13704,2,1082.558518
-2.297996,3,1082.641665
-1.131877,2,1082.706863
-1.088544,2,1082.760153
-2.27556,3,1082.82676
-0.035196,1,1082.863829
-2.189985,3,1082.928976
-0.059547,1,1082.961757
-2.22149,3,1083.056053
-0.039076,1,1083.094827
-0.048376,1,1083.1229
-2.290407,3,1083.217522
-2.184756,3,1083.315721
-3.342514,4,1083.444892
-2.227821,3,1083.540852
-3.371282,4,1083.65277
-2.247516,3,1083.726859
-1.082136,2,1083.78576
-1.083854,2,1083.846912
-2.157546,3,1083.953805
-2.27046,3,1084.050009
-0.01728,1,1084.09182
-2.258865,3,1084.189128
-2.217967,3,1084.281196
-1.155836,2,1084.337161
-2.178981,3,1084.448344
-2.303354,3,1084.548234
-3.24489,4,1084.680352
-0.034834,1,1084.71931
-0.049308,1,1084.753881
-0.015198,1,1084.785668
-3.361051,4,1084.920827
-2.238015,3,1085.026838
-3.297704,4,1085.183889
-2.212832,3,1085.289991
-1.149716,2,1085.359896
-2.167896,3,1085.471974
-1.111316,2,1085.540775
-2.265705,3,1085.635782
-1.096394,2,1085.712106
-2.149838,3,1085.824809
-2.259618,3,1085.936384
-1.104703,2,1086.020762
-2.213592,3,1086.147082
-2.211648,3,1086.273291
-3.288717,4,1086.431852
-1.131787,2,1086.504706
-1.117579,2,1086.57583
-3.333269,4,1086.697387
-2.228902,3,1086.81584
-2.251971,3,1086.912776
-1.07967,2,1086.978387
-1.116222,2,1087.048348
-2.271068,3,1087.158995
-0.013927,1,1087.189158
-0.035143,1,1087.214699
-3.398489,4,1087.332663
-2.281027,3,1087.450872
-1.105221,2,1087.505623
-2.210055,3,1087.609363
-2.21701,3,1087.704772
-0.0409,1,1087.748342
-2.277375,3,1087.863755
-2.22966,3,1087.98913
-3.307627,4,1088.137131
-2.18444,3,1088.272345
-2.276253,3,1088.386956
-3.323597,4,1088.51285
-2.256956,3,1088.61309
-3.372805,4,1088.73972
-0.03385,1,1088.778281
-1.118478,2,1088.826868
-2.247155,3,1088.8992
-3.287504,4,1089.015882
-0.050194,1,1089.036916
-2.236938,3,1089.092677
-1.123366,2,1089.143773
-2.23277,3,1089.180321
-1.117747,2,1089.208378
-2.199429,3,1089.250646
-2.246652,3,1089.284182
-2.222894,3,1089.325832
-3.268492,4,1089.370893
-0.045972,1,1089.379904
-1.118033,2,1089.400953
-2.232771,3,1089.439676
-2.251261,3,1089.469681
-0.034082,1,1089.483789
-2.21811,3,1089.521839
-2.276454,3,1089.568398
-2.21583,3,1089.609075
-3.344055,4,1089.658217
-2.289645,3,1089.689264
-3.271168,4,1089.732743
-1.1095,2,1089.755771
-3.351252,4,1089.797058
-2.251318,3,1089.856841
-2.231429,3,1089.901609
-3.291278,4,1089.950159
-2.171045,3,1089.984212
-0.048324,1,1089.996881
-2.215941,3,1090.035542
-0.049411,1,1090.048556
-0.049185,1,1090.059826
-2.219023,3,1090.096371
-2.2334,3,1090.138111
-2.230544,3,1090.17317
-2.215249,3,1090.206831
-3.392231,4,1090.2529
-3.339259,4,1090.309267
-2.19637,3,1090.342812
-3.31336,4,1090.390334
-2.255905,3,1090.424146
-2.244496,3,1090.460789
-2.22399,3,1090.498384
-2.263324,3,1090.535657
-0.027886,1,1090.546673
-2.207568,3,1090.590241
-1.14057,2,1090.616837
-1.0885,2,1090.64588
-2.239023,3,1090.683065
-0.009723,1,1090.696716
-2.22559,3,1090.731769
-0.012094,1,1090.743779
-1.133944,2,1090.763802
-2.188735,3,1090.805864
-3.280008,4,1090.856007
-2.230656,3,1090.894701
-0.022619,1,1090.905711
-1.149842,2,1090.938255
-2.222295,3,1090.972802
-2.226545,3,1091.006897
-1.130672,2,1091.030709
-2.201758,3,1091.072766
-3.383437,4,1091.116608
-2.202276,3,1091.150664
-1.101271,2,1091.175197
-2.182796,3,1091.213363
-3.342787,4,1091.266035
-2.216046,3,1091.301738
-1.069618,2,1091.324784
-3.293945,4,1091.377353
-1.09911,2,1091.398925
-2.17294,3,1091.432174
-2.220863,3,1091.466752
-1.150888,2,1091.492289
-1.096531,2,1091.512942
-1.093875,2,1091.534551
-1.092258,2,1091.559701
-0.036496,1,1091.578229
-3.387266,4,1091.622913
-1.1299,2,1091.650087
-2.18754,3,1091.684223
-3.305798,4,1091.730821
-2.291254,3,1091.760851
-2.2199,3,1091.791385
-2.23137,3,1091.824052
-0.026604,1,1091.839118
-2.188776,3,1091.870712
-3.342203,4,1091.908268
-2.194099,3,1091.939818
-2.262917,3,1091.978868
-3.297264,4,1092.024668
-2.302715,3,1092.069237
-3.35044,4,1092.116872
-1.088224,2,1092.142907
-1.12371,2,1092.164954
-2.221094,3,1092.196724
-1.10598,2,1092.221761
-2.271904,3,1092.263808
-0.04511,1,1092.276325
-2.240974,3,1092.310954
-2.221845,3,1092.348536
-2.281637,3,1092.39076
-0.008553,1,1092.400276
-3.36216,4,1092.449834
-2.163414,3,1092.487379
-2.287926,3,1092.524981
-1.103697,2,1092.549616
-1.143685,2,1092.577154
-1.137757,2,1092.599805
-2.258259,3,1092.640867
-3.357709,4,1092.694054
-1.123443,2,1092.722822
-1.092812,2,1092.742841
-2.27679,3,1092.782947
-1.112058,2,1092.80609
-2.253342,3,1092.834688
-0.043433,1,1092.845699
-2.190622,3,1092.881252
-3.326588,4,1092.925817
-1.113343,2,1092.945838
-3.280933,4,1092.986918
-2.203879,3,1093.026689
-3.365376,4,1093.068244
-2.226349,3,1093.09833
-2.200645,3,1093.131947
-3.267785,4,1093.180609
-2.207213,3,1093.212647
-2.191601,3,1093.252702
-2.139484,3,1093.406772
-1.079742,2,1093.434815
-2.234472,3,1093.475369
-1.051568,2,1093.50141
-2.241741,3,1093.540195
-1.07861,2,1093.572816
-3.445931,4,1093.623638
-2.194327,3,1093.663703
-2.209507,3,1093.698749
-2.145669,3,1093.758208
-1.102137,2,1093.790994
-0.03364,1,1093.80703
-2.22555,3,1093.842687
-3.293291,4,1093.895784
-2.255337,3,1093.925822
-2.241456,3,1093.95486
-1.118057,2,1093.974384
-2.260222,3,1094.01302
-2.217258,3,1094.045594
-2.208022,3,1094.076139
-2.228903,3,1094.11686
-1.112419,2,1094.152776
-2.214652,3,1094.198947
-0.029836,1,1094.221066
-1.072621,2,1094.258283
-1.120324,2,1094.30468
-1.092572,2,1094.369792
-0.014799,1,1094.381842
-3.282862,4,1094.430882
-2.198555,3,1094.486375
-0.040779,1,1094.498477
-2.21187,3,1094.536754
-3.341543,4,1094.591065
-2.240971,3,1094.632757
-2.193264,3,1094.680356
-2.213741,3,1094.719988
-2.202526,3,1094.760649
-2.168817,3,1094.806203
-2.247892,3,1094.838308
-0.039458,1,1094.851831
-3.288313,4,1094.898382
-1.066847,2,1094.926542
-2.17798,3,1094.96068
-2.219525,3,1094.994826
-0.031893,1,1095.00584
-2.222165,3,1095.041888
-1.134398,2,1095.063906
-3.285718,4,1095.105059
-2.174279,3,1095.13819
-2.191203,3,1095.172742
-3.300427,4,1095.222499
-3.379095,4,1095.264612
-3.339153,4,1095.312989
-0.0051,1,1095.331053
-1.120127,2,1095.355738
-3.38069,4,1095.405303
-2.167456,3,1095.438923
-1.114604,2,1095.464663
-1.117248,2,1095.487192
-0.038296,1,1095.495814
-2.1798,3,1095.531864
-2.200563,3,1095.570906
-1.141345,2,1095.591012
-1.086902,2,1095.611758
-1.121026,2,1095.635782
-2.212634,3,1095.677331
-2.212951,3,1095.712493
-2.166204,3,1095.746049
-3.316194,4,1095.793839
-1.137082,2,1095.822874
-0.031282,1,1095.835886
-1.137977,2,1095.861492
-0.045322,1,1095.874001
-2.23055,3,1095.939741
-1.160273,2,1095.960765
-0.042947,1,1095.973773
-1.075936,2,1095.994871
-1.142069,2,1096.021905
-2.190483,3,1096.05554
-0.036467,1,1096.065048
-1.101935,2,1096.085169
-2.231195,3,1096.120746
-0.035083,1,1096.131755
-2.284601,3,1096.164799
-3.342908,4,1096.242907
-1.126853,2,1096.286718
-2.174795,3,1096.333809
-2.151809,3,1096.382918
-2.281362,3,1096.431736
-2.244039,3,1096.476307
-3.344674,4,1096.532625
-2.18767,3,1096.576175
-3.406815,4,1096.636813
-1.126065,2,1096.671877
-2.184542,3,1096.707027
-2.253562,3,1096.73977
-3.281006,4,1096.787326
-2.157512,3,1096.825504
-1.080484,2,1096.848558
-2.23505,3,1096.881276
-1.139136,2,1096.904854
-3.320078,4,1096.961051
-1.118375,2,1096.984293
-3.410263,4,1097.026926
-2.210786,3,1097.063621
-1.127185,2,1097.090154
-0.049358,1,1097.099681
-3.360212,4,1097.14473
-0.051061,1,1097.15574
-3.296662,4,1097.26039
-2.224521,3,1097.326813
-2.289804,3,1097.380921
-2.237668,3,1097.425735
-2.218637,3,1097.466792
-2.183336,3,1097.506538
-3.316021,4,1097.571732
-2.171219,3,1097.606794
-1.115569,2,1097.638337
-3.346352,4,1097.685399
-2.236876,3,1097.745815
-1.13449,2,1097.813997
-2.179651,3,1097.883024
-1.130002,2,1097.926014
-2.200137,3,1097.980344
-3.298108,4,1098.038329
-2.231426,3,1098.094985
-2.247374,3,1098.134702
-0.034047,1,1098.146717
-2.186874,3,1098.181811
-1.132207,2,1098.210845
-2.209236,3,1098.243882
-2.198064,3,1098.278545
-2.197401,3,1098.312756
-2.272283,3,1098.350351
-3.346335,4,1098.398158
-0.04188,1,1098.411179
-3.320194,4,1098.450766
-2.226134,3,1098.488923
-0.026671,1,1098.498939
-2.253601,3,1098.532172
-1.087437,2,1098.550733
-2.25246,3,1098.586274
-2.24157,3,1098.615878
-0.023235,1,1098.625894
-2.287722,3,1098.661987
-2.314992,3,1098.700759
-2.132292,3,1098.73931
-1.101807,2,1098.761843
-1.092922,2,1098.781915
-2.251005,3,1098.825549
-1.074361,2,1098.849094
-1.132113,2,1098.872624
-3.300861,4,1098.914813
-1.137389,2,1098.944851
-3.329437,4,1098.990553
-2.231184,3,1099.028108
-2.202182,3,1099.069674
-2.233243,3,1099.109314
-0.049305,1,1099.121837
-2.249262,3,1099.161885
-2.248163,3,1099.203025
-1.058858,2,1099.238129
-2.22605,3,1099.282373
-1.114869,2,1099.306145
-3.36092,4,1099.353742
-1.145669,2,1099.384779
-2.238172,3,1099.416811
-2.231554,3,1099.456863
-2.22368,3,1099.49497
-3.341838,4,1099.539135
-2.252235,3,1099.569174
-3.33404,4,1099.613733
-2.203877,3,1099.640765
-2.156504,3,1099.67931
-3.300018,4,1099.726871
-3.341932,4,1099.766922
-1.119492,2,1099.787017
-2.160774,3,1099.829154
-0.038479,1,1099.840172
-3.431559,4,1099.881788
-3.346279,4,1099.931852
-0.038546,1,1099.949368
-2.224042,3,1099.98191
-1.048877,2,1100.001667
-1.080201,2,1100.026689
-2.189422,3,1100.069748
-2.159745,3,1100.108299
-2.268077,3,1100.143859
-1.152172,2,1100.164887
-1.115894,2,1100.19353
-3.307182,4,1100.236664
-3.270366,4,1100.282728
-2.23423,3,1100.315762
-1.124061,2,1100.343794
-0.014761,1,1100.355806
-2.199694,3,1100.388345
-2.239386,3,1100.423897
-1.149322,2,1100.448981
-1.119525,2,1100.476048
-1.054606,2,1100.496751
-2.191653,3,1100.532803
-1.112263,2,1100.560843
-2.188876,3,1100.593873
-2.239191,3,1100.621906
-2.251249,3,1100.649739
-2.171914,3,1100.68979
-2.191215,3,1100.720828
-2.245062,3,1100.749355
-2.243743,3,1100.776885
-2.137171,3,1100.81458
-3.30853,4,1100.851669
-2.258457,3,1100.879696
-3.328525,4,1100.921749
-2.173624,3,1100.956781
-2.183632,3,1100.989819
-2.2173,3,1101.029866
-2.122712,3,1101.0619
-3.253632,4,1101.111782
-1.096437,2,1101.136816
-0.020079,1,1101.148328
-1.120856,2,1101.170858
-2.275626,3,1101.214905
-2.204609,3,1101.250805
-0.042392,1,1101.261819
-1.099305,2,1101.281843
-1.104584,2,1101.309879
-3.35939,4,1101.356069
-1.085081,2,1101.379188
-1.115316,2,1101.401718
-0.034828,1,1101.416728
-0.018369,1,1101.429246
-1.123336,2,1101.454776
-3.295396,4,1101.500829
-2.228715,3,1101.538365
-2.216878,3,1101.578923
-2.280506,3,1101.617073
-2.231535,3,1101.653708
-2.172684,3,1101.700782
-2.215538,3,1101.730813
-0.050355,1,1101.743828
-1.073769,2,1101.762848
-1.118348,2,1101.789378
-2.240029,3,1101.820931
-2.162212,3,1101.85011
-2.274645,3,1101.876687
-0.036954,1,1101.893704
-1.140804,2,1101.913731
-1.12694,2,1101.93475
-0.043201,1,1101.943766
-2.156166,3,1101.9768
-2.170264,3,1102.005836
-2.220403,3,1102.044885
-2.22573,3,1102.076929
-1.120052,2,1102.105096
-2.223678,3,1102.139672
-3.32021,4,1102.182235
-2.217154,3,1102.216911
-3.425691,4,1102.272682
-2.224713,3,1102.303728
-2.210837,3,1102.336765
-2.131115,3,1102.370809
-3.324961,4,1102.420863
-2.212411,3,1102.455897
-3.284183,4,1102.49899
-2.195712,3,1102.530644
-2.250403,3,1102.576693
-0.043409,1,1102.586704
-3.407951,4,1102.631767
-3.299158,4,1102.678318
-2.261278,3,1102.724386
-2.202497,3,1102.761615
-2.198428,3,1102.79415
-1.097286,2,1102.814167
-2.195668,3,1102.850713
-1.109932,2,1102.871735
-1.093895,2,1102.891254
-0.049302,1,1102.900781
-2.281735,3,1102.936815
-0.050303,1,1102.946828
-2.199762,3,1102.976865
-2.248926,3,1103.005521
-3.284175,4,1103.046614
-2.150076,3,1103.076643
-1.140075,2,1103.099671
-1.089578,2,1103.122703
-3.34182,4,1103.168253
-2.271938,3,1103.202797
-3.337822,4,1103.24935
-0.017182,1,1103.260867
-1.153157,2,1103.28991
-3.361887,4,1103.334604
-1.090648,2,1103.356628
-2.288367,3,1103.391942
-2.262047,3,1103.436781
-2.241229,3,1103.482353
-2.173294,3,1103.519039
-2.211825,3,1103.558179
-3.350624,4,1103.613845
-3.315615,4,1103.669932
-3.366001,4,1103.720652
-2.29963,3,1103.761701
-2.154263,3,1103.804863
-2.215017,3,1103.838925
-2.259519,3,1103.875107
-2.165303,3,1103.908341
-3.36463,4,1103.955892
-0.016386,1,1103.970019
-3.37056,4,1104.010709
-3.31061,4,1104.050759
-0.027924,1,1104.066773
-2.182379,3,1104.099833
-2.203336,3,1104.13187
-2.190513,3,1104.161903
-3.271426,4,1104.215086
-2.191948,3,1104.249695
-1.122081,2,1104.271723
-1.094493,2,1104.303854
-2.219878,3,1104.341909
-2.154036,3,1104.374037
-2.216643,3,1104.413744
-3.33504,4,1104.46181
-1.091756,2,1104.490351
-1.15228,2,1104.515959
-2.228033,3,1104.552662
-1.128209,2,1104.578192
-3.309426,4,1104.632809
-0.028083,1,1104.64482
-3.32008,4,1104.690385
-2.185896,3,1104.728249
-1.104908,2,1104.761805
-1.099933,2,1104.783846
-3.414264,4,1104.830593
-1.075531,2,1104.858214
-2.194061,3,1104.897323
-2.264363,3,1104.931048
-3.295897,4,1104.975683
-2.200061,3,1105.00483
-1.060116,2,1105.031881
-0.03654,1,1105.041888
-1.126574,2,1105.062915
-1.103381,2,1105.087505
-2.233666,3,1105.128248
-3.389167,4,1105.171807
-1.086626,2,1105.196336
-0.027069,1,1105.205879
-1.094626,2,1105.230926
-2.187328,3,1105.261691
-2.233277,3,1105.304842
-2.178192,3,1105.339381
-1.088417,2,1105.36691
-1.068724,2,1105.395529
-1.106636,2,1105.419145
-1.126592,2,1105.441675
-2.275212,3,1105.482737
-2.181615,3,1105.522867
-3.308139,4,1105.565912
-2.263604,3,1105.598561
-1.124075,2,1105.629174
-2.229318,3,1105.660709
-2.24232,3,1105.69481
-2.278902,3,1105.732862
-3.410284,4,1105.78704
-2.222518,3,1105.823672
-1.064166,2,1105.846694
-1.06404,2,1105.868222
-2.168476,3,1105.913282
-1.158047,2,1105.935919
-1.115692,2,1105.956967
-0.036817,1,1105.97263
-2.163932,3,1106.006778
-2.19138,3,1106.036813
-2.23765,3,1106.068354
-2.238051,3,1106.098395
-2.223896,3,1106.131027
-0.036129,1,1106.140079
-3.338326,4,1106.186472
-0.040711,1,1106.19698
-3.325033,4,1106.24011
-2.205984,3,1106.276692
-2.265395,3,1106.306774
-2.242764,3,1106.339819
-3.414224,4,1106.380873
-2.189652,3,1106.419013
-2.179106,3,1106.451642
-2.162687,3,1106.481672
-2.236509,3,1106.523228
-0.046926,1,1106.536237
-2.171891,3,1106.568338
-1.160855,2,1106.588866
-1.086702,2,1106.616927
-2.289726,3,1106.648549
-1.087785,2,1106.670624
-3.408477,4,1106.718176
-2.23881,3,1106.76074
-3.373867,4,1106.803791
-1.08197,2,1106.826817
-1.126549,2,1106.850852
-2.236134,3,1106.890515
-1.121812,2,1106.911478
-1.094671,2,1106.933021
-3.364313,4,1106.980675
-2.21591,3,1107.018256
-2.216621,3,1107.053794
-0.039495,1,1107.064804
-2.19404,3,1107.097349
-1.104158,2,1107.122936
-0.051808,1,1107.135954
-1.118879,2,1107.161011
-2.228541,3,1107.19067
-3.355847,4,1107.233712
-1.116421,2,1107.252731
-0.015357,1,1107.264742
-3.376465,4,1107.303849
-2.156551,3,1107.340403
-0.007101,1,1107.351603
-3.301129,4,1107.392158
-1.070101,2,1107.415171
-0.007403,1,1107.430708
-2.164896,3,1107.460739
-2.187842,3,1107.488262
-3.297475,4,1107.533872
-2.260709,3,1107.571638
-2.226649,3,1107.606694
-1.072419,2,1107.630729
-0.042468,1,1107.640739
-1.055767,2,1107.665758
-3.340983,4,1107.711859
-2.243007,3,1107.748401
-0.041279,1,1107.758924
-1.066562,2,1107.784642
-3.294687,4,1107.834855
-2.235897,3,1107.865887
-3.252526,4,1107.910505
-3.351027,4,1107.961645
-1.135212,2,1107.983668
-2.194192,3,1108.018218
-3.320341,4,1108.062781
-1.128724,2,1108.089816
-1.113784,2,1108.111843
-1.086388,2,1108.134866
-2.235902,3,1108.168403
-2.229604,3,1108.207044
-2.21821,3,1108.24064
-1.130574,2,1108.262662
-0.044965,1,1108.272675
-0.036129,1,1108.285684
-2.214746,3,1108.316717
-2.205753,3,1108.346756
-2.212872,3,1108.390821
-2.15816,3,1108.424862
-1.107849,2,1108.444882
-1.121877,2,1108.468923
-3.309595,4,1108.505089
-3.330408,4,1108.550786
-2.152022,3,1108.583822
-1.105824,2,1108.603847
-3.35122,4,1108.644897
-0.04413,1,1108.660922
-1.093288,2,1108.683592
-2.182762,3,1108.716703
-2.283954,3,1108.753751
-3.323643,4,1108.80281
-2.15356,3,1108.836853
-3.415828,4,1108.878406
-3.338643,4,1108.921031
-3.432725,4,1108.968259
-2.259805,3,1109.000806
-1.068162,2,1109.023826
-2.204455,3,1109.056856
-2.19527,3,1109.094902
-2.152548,3,1109.128974
-2.217415,3,1109.161048
-2.213551,3,1109.195616
-3.249727,4,1109.252686
-1.097588,2,1109.275709
-2.234257,3,1109.310766
-1.102692,2,1109.333796
-2.248378,3,1109.378343
-2.241752,3,1109.414387
-3.400715,4,1109.456523
-1.098961,2,1109.482711
-3.295198,4,1109.530571
-2.228764,3,1109.55909
-2.208891,3,1109.588154
-3.2953,4,1109.629321
-3.369651,4,1109.670868
-2.23406,3,1109.7074
-1.150478,2,1109.734023
-3.299946,4,1109.778231
-1.106447,2,1109.811806
-1.084145,2,1109.83383
-3.327714,4,1109.879884
-3.313418,4,1109.923087
-1.088667,2,1109.950744
-2.219111,3,1109.982773
-3.48195,4,1110.028401
-1.101453,2,1110.051004
-2.159729,3,1110.089104
-2.203429,3,1110.124144
-1.10618,2,1110.146759
-2.179941,3,1110.181804
-2.236054,3,1110.218981
-2.176498,3,1110.254664
-0.02996,1,1110.266681
-2.246859,3,1110.299225
-3.317917,4,1110.353859
-2.214938,3,1110.390541
-2.241605,3,1110.422376
-2.233818,3,1110.458409
-2.185651,3,1110.49466
-2.220806,3,1110.521687
-1.086512,2,1110.540709
-0.026148,1,1110.553718
-0.024248,1,1110.569739
-2.258964,3,1110.602783
-1.086276,2,1110.623807
-1.118375,2,1110.644827
-0.008391,1,1110.661851
-3.36045,4,1110.701898
-1.139617,2,1110.729026
-2.241161,3,1110.760962
-1.125213,2,1110.787031
-0.008364,1,1110.798629
-2.249972,3,1110.828152
-3.30458,4,1110.873754
-2.193532,3,1110.913893
-1.099379,2,1110.940533
-3.356101,4,1110.98061
-2.302998,3,1111.014143
-3.408399,4,1111.069252
-3.410316,4,1111.114788
-0.049225,1,1111.124799
-2.321214,3,1111.158333
-3.309222,4,1111.207059
-3.390637,4,1111.249651
-1.082092,2,1111.272683
-2.254968,3,1111.303814
-1.128124,2,1111.335862
-1.125917,2,1111.356882
-3.347179,4,1111.402141
-2.25526,3,1111.435164
-3.297917,4,1111.485218
-1.151521,2,1111.506738
-2.256238,3,1111.540787
-2.174838,3,1111.574824
-0.036818,1,1111.58834
-2.264913,3,1111.61695
-3.355022,4,1111.655628
-3.35122,4,1111.696886
-0.043309,1,1111.711908
-3.335687,4,1111.75574
-3.377158,4,1111.798371
-2.158877,3,1111.826905
-1.127434,2,1111.85199
-3.310779,4,1111.894642
-2.22959,3,1111.924671
-1.09046,2,1111.946693
-1.114889,2,1111.973732
-2.253277,3,1112.01381
-1.120368,2,1112.034832
-1.101473,2,1112.061876
-2.258002,3,1112.100925
-2.221782,3,1112.134532
-2.204797,3,1112.167087
-2.249922,3,1112.200132
-2.240129,3,1112.240674
-2.252148,3,1112.272711
-3.289252,4,1112.317254
-2.168127,3,1112.351831
-2.238152,3,1112.391879
-2.192735,3,1112.422948
-1.154736,2,1112.445581
-2.167303,3,1112.478123
-3.301325,4,1112.528207
-3.332514,4,1112.572764
-2.160408,3,1112.603869
-2.170399,3,1112.634905
-0.012019,1,1112.65551
-2.215146,3,1112.686598
-1.095972,2,1112.705119
-1.1253,2,1112.724661
-0.032998,1,1112.739683
-2.253641,3,1112.780738
-2.233225,3,1112.811276
-2.219967,3,1112.838168
-2.12875,3,1112.874738
-2.191663,3,1112.90389
-1.099884,2,1112.924913
-2.221153,3,1112.955966
-2.191692,3,1112.995139
-3.336233,4,1113.038227
-1.070554,2,1113.060765
-1.136434,2,1113.086792
-1.125111,2,1113.115884
-2.285093,3,1113.150981
-2.23497,3,1113.186923
-2.265193,3,1113.222602
-3.381424,4,1113.269151
-1.139531,2,1113.290188
-3.376979,4,1113.338274
-2.191562,3,1113.36831
-2.200695,3,1113.416387
-3.323935,4,1113.464062
-1.099912,2,1113.490098
-0.042956,1,1113.501617
-2.201279,3,1113.540701
-3.340574,4,1113.586748
-0.04264,1,1113.59877
-2.274076,3,1113.632844
-2.228179,3,1113.673894
-1.071685,2,1113.695083
-2.194102,3,1113.729228
-1.073988,2,1113.757255
-1.122511,2,1113.783812
-2.199718,3,1113.813344
-2.244471,3,1113.844373
-2.222934,3,1113.873403
-2.222155,3,1113.90502
-0.033481,1,1113.920106
-2.174351,3,1113.955661
-2.275855,3,1113.985698
-3.355333,4,1114.030354
-1.083334,2,1114.049335
-3.315266,4,1114.093886
-2.287051,3,1114.125577
-1.083138,2,1114.151639
-3.390048,4,1114.200762
-1.153655,2,1114.22279
-1.07036,2,1114.250297
-2.300434,3,1114.295394
-0.046075,1,1114.305405
-2.226619,3,1114.336959
-2.206651,3,1114.36909
-2.218574,3,1114.408136
-2.237153,3,1114.440679
-2.225583,3,1114.472716
-0.051035,1,1114.483725
-3.32627,4,1114.534932
-0.024243,1,1114.549994
-0.011289,1,1114.562023
-2.177495,3,1114.595157
-0.049514,1,1114.612699
-1.121921,2,1114.636722
-1.085596,2,1114.660757
-1.097555,2,1114.681777
-3.322769,4,1114.736888
-1.064183,2,1114.765498
-1.108769,2,1114.789075
-2.248347,3,1114.821621
-1.101504,2,1114.846644
-2.247646,3,1114.878179
-1.139103,2,1114.897206
-2.190674,3,1114.92423
-2.240218,3,1114.961825
-3.363454,4,1115.001369
-2.213746,3,1115.033695
-2.273482,3,1115.061726
-2.229261,3,1115.097261
-2.271378,3,1115.124805
-2.220089,3,1115.153834
-0.046953,1,1115.165852
-0.039855,1,1115.18838
-1.099783,2,1115.211449
-1.065736,2,1115.231978
-0.014511,1,1115.245014
-3.39205,4,1115.300146
-2.172374,3,1115.33475
-3.302322,4,1115.381814
-2.183566,3,1115.419892
-2.218305,3,1115.461612
-0.015224,1,1115.472623
-3.331315,4,1115.521725
-1.131454,2,1115.544745
-2.164516,3,1115.581794
-3.302841,4,1115.628388
-3.330965,4,1115.672636
-2.214701,3,1115.706715
-3.300473,4,1115.755769
-2.274394,3,1115.789816
-2.262346,3,1115.821929
-3.333907,4,1115.866582
-0.019386,1,1115.881602
-2.185025,3,1115.918146
-1.083416,2,1115.941679
-1.068548,2,1115.961696
-3.3082,4,1116.003744
-2.177253,3,1116.034786
-1.113382,2,1116.054803
-0.04609,1,1116.064816
-1.136848,2,1116.100886
-1.102594,2,1116.131993
-3.299866,4,1116.172673
-0.011182,1,1116.182684
-1.08892,2,1116.205719
-3.398491,4,1116.25178
-1.125816,2,1116.275803
-2.183636,3,1116.313857
-0.026001,1,1116.33289
-2.187887,3,1116.368496
-2.215473,3,1116.400713
-3.34108,4,1116.444758
-1.098852,2,1116.475301
-1.099752,2,1116.498477
-0.035144,1,1116.512011
-2.212974,3,1116.549122
-2.224116,3,1116.590238
-1.090863,2,1116.613776
-3.302414,4,1116.654822
-1.077842,2,1116.679355
-3.356066,4,1116.729412
-0.017525,1,1116.739945
-2.204289,3,1116.780703
-2.202826,3,1116.815744
-1.142573,2,1116.841783
-2.205405,3,1116.872815
-2.246866,3,1116.913869
-2.20012,3,1116.945901
-0.039864,1,1116.961929
-2.248647,3,1116.995077
-3.369522,4,1117.040667
-2.231717,3,1117.073703
-1.127908,2,1117.097228
-3.309124,4,1117.136781
-1.057069,2,1117.156801
-3.371868,4,1117.193846
-2.243244,3,1117.22939
-3.360182,4,1117.268595
-2.278906,3,1117.295653
-3.337001,4,1117.33674
-2.285971,3,1117.37479
-3.313322,4,1117.41533
-1.109257,2,1117.438931
-0.017849,1,1117.453019
-1.107905,2,1117.485646
-3.259292,4,1117.529215
-2.159058,3,1117.566756
-1.139213,2,1117.598805
-0.022368,1,1117.615324
-3.296474,4,1117.665585
-3.284929,4,1117.712757
-2.22979,3,1117.748301
-1.108805,2,1117.780854
-1.121746,2,1117.80338
-0.032387,1,1117.814388
-2.191811,3,1117.844963
-2.18088,3,1117.884072
-2.181609,3,1117.918232
-1.117068,2,1117.940237
-2.244592,3,1117.986827
-3.293448,4,1118.049068
-3.306048,4,1118.092643
-2.24189,3,1118.122681
-2.255992,3,1118.152706
-3.316977,4,1118.19475
-2.245931,3,1118.224784
-2.302299,3,1118.253819
-2.158065,3,1118.295877
-3.327477,4,1118.341964
-3.390939,4,1118.384573
-2.218525,3,1118.418119
-3.356403,4,1118.461683
-3.273107,4,1118.510736
-1.140252,2,1118.531756
-2.18452,3,1118.568296
-0.049616,1,1118.580816
-3.411288,4,1118.629868
-0.041444,1,1118.64589
-0.023805,1,1118.658926
-2.21525,3,1118.691032
-3.40209,4,1118.749714
-2.275437,3,1118.786764
-2.26967,3,1118.822347
-3.38329,4,1118.871509
-2.230451,3,1118.912702
-2.209153,3,1118.946735
-1.102034,2,1118.969265
-3.324823,4,1119.012818
-2.24915,3,1119.049866
-2.191067,3,1119.083903
-2.285621,3,1119.122011
-2.228225,3,1119.156701
-3.409717,4,1119.203753
-2.196719,3,1119.236785
-3.439912,4,1119.274828
-1.090387,2,1119.294849
-1.112364,2,1119.320887
-3.355312,4,1119.360959
-2.161903,3,1119.390565
-3.279581,4,1119.438137
-2.18571,3,1119.479189
-3.266202,4,1119.526834
-3.285169,4,1119.584913
-2.276692,3,1119.620566
-1.149285,2,1119.650606
-3.317511,4,1119.699673
-1.051757,2,1119.725703
-3.326565,4,1119.781791
-3.297126,4,1119.834848
-2.170802,3,1119.869889
-1.144038,2,1119.894926
-2.236196,3,1119.929074
-0.003716,1,1119.946121
-2.249783,3,1119.980679
-3.370659,4,1120.030762
-1.063944,2,1120.054786
-2.207323,3,1120.095838
-3.402171,4,1120.14091
-0.05623,1,1120.151495
-1.101116,2,1120.173042
-2.184911,3,1120.212162
-1.118262,2,1120.233743
-2.245077,3,1120.266773
-1.146458,2,1120.289815
-1.154378,2,1120.318856
-1.110104,2,1120.337369
-1.11764,2,1120.356931
-1.124663,2,1120.37857
-0.037402,1,1120.391816
-1.071238,2,1120.412337
-3.328431,4,1120.453917
-1.11059,2,1120.478089
-2.185013,3,1120.515141
-3.296853,4,1120.553699
-3.339177,4,1120.616307
-0.043736,1,1120.659847
-1.110408,2,1120.711653
-0.027871,1,1120.728173
-2.277141,3,1120.789172
-1.065471,2,1120.830179
-2.293932,3,1120.875767
-1.091431,2,1120.903305
-3.324639,4,1120.962742
-2.157869,3,1121.005295
-3.356571,4,1121.068225
-3.264324,4,1121.1168
-0.014831,1,1121.129825
-0.046743,1,1121.14184
-3.356727,4,1121.195906
-1.131419,2,1121.221126
-2.259236,3,1121.255687
-2.137087,3,1121.288225
-3.30179,4,1121.345835
-3.378075,4,1121.389195
-1.134287,2,1121.411722
-2.174682,3,1121.445756
-1.122493,2,1121.469789
-2.230778,3,1121.498313
-2.217919,3,1121.525376
-2.257288,3,1121.554987
-2.172302,3,1121.592125
-1.139611,2,1121.612656
-0.04734,1,1121.620665
-2.258222,3,1121.649689
-3.342412,4,1121.695737
-2.257137,3,1121.724266
-0.018946,1,1121.736276
-2.220096,3,1121.77087
-2.242248,3,1121.811928
-3.381139,4,1121.853638
-2.184445,3,1121.886679
-1.159787,2,1121.911218
-1.099548,2,1121.939242
-1.089513,2,1121.96181
-2.14613,3,1121.996847
-2.196321,3,1122.033619
-3.410665,4,1122.086671
-1.069594,2,1122.111212
-0.035245,1,1122.123752
-2.217686,3,1122.155787
-3.324016,4,1122.201842
-1.111135,2,1122.223914
-1.131465,2,1122.248952
-3.292277,4,1122.295122
-1.070156,2,1122.323664
-3.328278,4,1122.372765
-1.109712,2,1122.394785
-2.168951,3,1122.429358
-1.11925,2,1122.456888
-3.377867,4,1122.504575
-2.222848,3,1122.538113
-0.039634,1,1122.550634
-2.187518,3,1122.588171
-2.280029,3,1122.619736
-2.205041,3,1122.650769
-3.343938,4,1122.690816
-2.255589,3,1122.721911
-0.035823,1,1122.733929
-2.196637,3,1122.768111
-2.258652,3,1122.799149
-3.420265,4,1122.846809
-2.281447,3,1122.878344
-2.275578,3,1122.91193
-3.366295,4,1122.952626
-2.269996,3,1122.991678
-2.182145,3,1123.025219
-2.197331,3,1123.055794
-2.230703,3,1123.088331
-1.081365,2,1123.115367
-2.16451,3,1123.150625
-0.031237,1,1123.161631
-0.03899,1,1123.172649
-2.262533,3,1123.21379
-2.255092,3,1123.253858
-2.259508,3,1123.29091
-3.291911,4,1123.334004
-3.299143,4,1123.385727
-2.219207,3,1123.422284
-2.259952,3,1123.455882
-3.360845,4,1123.512144
-3.489595,4,1123.562712
-2.247656,3,1123.594746
-1.125697,2,1123.620277
-3.252419,4,1123.66487
-3.391479,4,1123.707494
-1.127451,2,1123.7281
-0.048468,1,1123.739111
-1.079335,2,1123.765643
-3.283932,4,1123.812201
-1.127244,2,1123.831735
-2.253648,3,1123.861767
-0.030902,1,1123.873786
-3.368122,4,1123.919867
-2.251194,3,1123.950904
-1.061542,2,1123.974478
-2.23211,3,1124.00752
-2.19008,3,1124.045699
-1.124799,2,1124.070738
-3.423017,4,1124.115287
-2.287468,3,1124.148307
-0.003946,1,1124.167335
-1.131528,2,1124.189942
-2.256958,3,1124.222066
-2.226779,3,1124.25163
-2.2203,3,1124.290678
-1.081948,2,1124.313699
-1.119458,2,1124.338228
-3.283339,4,1124.379277
-2.209098,3,1124.418319
-2.25373,3,1124.450865
-2.207916,3,1124.482903
-3.362805,4,1124.529019
-2.170897,3,1124.571606
-2.249629,3,1124.608659
-3.318092,4,1124.656747
-3.336597,4,1124.699796
-1.08579,2,1124.729406
-3.289909,4,1124.7737
-1.12148,2,1124.79572
-1.113261,2,1124.81424
-2.184204,3,1124.852814
-2.294624,3,1124.884858
-2.206301,3,1124.913907
-1.155402,2,1124.934489
-1.128738,2,1124.961049
-1.07719,2,1124.980105
-2.246567,3,1125.007188
-2.253759,3,1125.035213
-0.007658,1,1125.051232
-2.153671,3,1125.085266
-0.03154,1,1125.095276
-1.152144,2,1125.117338
-3.350914,4,1125.170632
-3.340994,4,1125.214179
-2.165968,3,1125.24621
-2.188091,3,1125.29586
-1.079452,2,1125.321927
-1.118019,2,1125.345543
-3.392148,4,1125.400652
-2.205194,3,1125.433686
-2.269572,3,1125.478242
-2.250515,3,1125.515786
-1.10944,2,1125.538313
-1.122508,2,1125.565845
-1.103168,2,1125.602903
-2.193273,3,1125.636982
-1.101716,2,1125.658564
-2.212316,3,1125.689108
-3.318768,4,1125.741698
-2.21234,3,1125.77975
-2.174649,3,1125.815786
-0.047728,1,1125.828304
-2.187127,3,1125.863847
-3.244698,4,1125.902888
-2.216101,3,1125.934938
-1.123315,2,1125.954054
-2.195827,3,1125.986618
-0.046927,1,1125.996627
-2.188061,3,1126.024712
-1.106176,2,1126.04573
-1.093415,2,1126.071772
-3.343788,4,1126.111813
-1.150974,2,1126.130282
-3.475655,4,1126.178399
-3.28465,4,1126.229087
-1.069575,2,1126.255116
-2.177968,3,1126.286143
-0.008821,1,1126.296152
-3.330505,4,1126.342732
-2.294692,3,1126.379273
-2.233653,3,1126.411811
-0.029147,1,1126.421823
-1.10607,2,1126.44985
-1.138112,2,1126.474878
-2.202092,3,1126.506908
-1.154297,2,1126.535543
-3.292561,4,1126.595668
-2.185813,3,1126.628222
-3.330984,4,1126.672773
-1.123865,2,1126.6968
-1.105256,2,1126.725341
-3.402536,4,1126.772722
-2.164408,3,1126.808261
-3.297118,4,1126.853881
-2.223733,3,1126.898978
-0.030493,1,1126.914559
-1.087016,2,1126.939088
-2.252657,3,1126.974649
-0.029269,1,1126.988162
-2.217093,3,1127.020719
-3.341042,4,1127.068265
-3.297757,4,1127.108314
-3.266168,4,1127.161891
-3.334994,4,1127.203994
-2.164207,3,1127.234054
-2.243743,3,1127.270641
-1.122603,2,1127.302688
-2.200768,3,1127.33574
-0.030284,1,1127.34675
-2.307015,3,1127.386798
-2.291118,3,1127.424911
-1.091193,2,1127.445987
-2.208313,3,1127.482641
-3.388087,4,1127.532203
-3.341445,4,1127.59285
-3.323038,4,1127.649041
-1.068396,2,1127.67476
-2.230926,3,1127.715905
-0.020596,1,1127.735606
-0.04843,1,1127.750633
-3.341526,4,1127.809205
-2.245913,3,1127.848353
-2.202453,3,1127.896944
-3.350563,4,1127.948075
-1.054699,2,1127.971612
-1.123657,2,1127.997144
-1.120654,2,1128.031889
-3.280583,4,1128.079005
-3.293219,4,1128.132684
-2.164364,3,1128.173742
-0.020484,1,1128.188256
-3.322688,4,1128.239359
-2.226812,3,1128.2769
-0.053128,1,1128.286911
-2.201102,3,1128.331596
-2.221841,3,1128.370161
-3.343557,4,1128.421207
-1.129841,2,1128.450387
-2.229559,3,1128.490852
-2.172761,3,1128.529397
-2.199173,3,1128.56851
-1.133993,2,1128.595616
-3.326729,4,1128.658268
-2.266291,3,1128.699822
-1.085102,2,1128.724361
-1.083732,2,1128.751607
-1.088445,2,1128.790656
-2.209508,3,1128.829789
-3.314802,4,1128.874843
-2.129645,3,1128.9194
-1.127634,2,1128.955048
-3.313548,4,1129.011869
-1.091886,2,1129.03897
-3.3605,4,1129.09168
-2.23696,3,1129.13525
-2.308934,3,1129.172893
-2.186385,3,1129.212068
-2.239308,3,1129.249687
-0.040751,1,1129.265703
-2.277203,3,1129.302753
-2.230923,3,1129.340812
-2.252803,3,1129.379876
-2.263472,3,1129.423934
-3.293916,4,1129.475734
-1.129311,2,1129.502642
-3.359643,4,1129.559754
-2.178207,3,1129.605806
-3.396165,4,1129.671833
-2.300628,3,1129.721414
-2.25017,3,1129.771714
-1.095083,2,1129.808256
-2.292538,3,1129.851889
-3.283597,4,1129.909709
-0.033435,1,1129.921231
-1.074634,2,1129.955819
-1.119159,2,1129.981853
-2.307229,3,1130.023914
-1.106886,2,1130.051611
-2.20995,3,1130.09666
-2.293803,3,1130.135789
-1.108445,2,1130.16183
-2.1789,3,1130.201881
-1.130102,2,1130.232189
-2.230797,3,1130.272801
-3.340844,4,1130.332541
-2.293703,3,1130.370719
-2.188206,3,1130.417278
-3.336897,4,1130.468398
-2.167549,3,1130.506678
-3.372066,4,1130.55832
-0.030624,1,1130.576844
-1.109315,2,1130.603884
-1.117436,2,1130.631671
-0.03072,1,1130.645686
-2.165154,3,1130.692761
-3.272289,4,1130.75399
-2.286561,3,1130.79566
-1.141599,2,1130.822837
-1.085996,2,1130.85487
-1.094404,2,1130.881911
-2.208908,3,1130.922179
-1.124501,2,1130.949796
-1.119823,2,1130.983843
-2.252143,3,1131.022391
-3.309722,4,1131.073686
-1.107274,2,1131.102728
-0.038116,1,1131.122833
-0.042978,1,1131.138346
-1.152642,2,1131.166884
-0.010567,1,1131.179907
-2.18507,3,1131.225164
-2.263339,3,1131.263819
-1.120927,2,1131.289857
-2.20555,3,1131.324404
-2.272244,3,1131.368236
-0.025708,1,1131.380538
-2.222273,3,1131.418801
-2.13343,3,1131.457058
-3.296106,4,1131.516275
-2.212893,3,1131.555543
-3.336398,4,1131.605685
-1.104383,2,1131.63523
-0.015136,1,1131.654846
-2.172063,3,1131.695898
-2.182873,3,1131.737005
-2.243905,3,1131.774595
-2.187697,3,1131.815154
-2.17251,3,1131.854862
-2.198214,3,1131.888404
-0.011124,1,1131.899931
-2.216324,3,1131.939591
-2.20749,3,1131.973621
-3.333211,4,1132.016167
-2.205202,3,1132.05377
-3.313868,4,1132.102823
-1.110182,2,1132.123347
-2.1661,3,1132.156381
-2.252617,3,1132.189914
-2.226173,3,1132.22409
-1.06562,2,1132.249241
-2.219107,3,1132.285781
-3.359627,4,1132.329328
-1.141061,2,1132.356354
-1.1335,2,1132.378981
-2.22176,3,1132.408187
-1.068482,2,1132.428268
-1.137358,2,1132.451796
-2.229786,3,1132.48183
-0.052014,1,1132.492839
-1.140045,2,1132.512861
-2.208563,3,1132.554556
-2.207237,3,1132.58409
-2.264494,3,1132.6213
-2.194522,3,1132.652076
-1.120211,2,1132.67811
-1.136627,2,1132.695628
-2.24375,3,1132.733759
-2.282648,3,1132.7683
-0.042134,1,1132.78682
-3.328314,4,1132.838996
-3.308543,4,1132.880664
-2.214583,3,1132.915697
-2.219564,3,1132.955806
-3.298387,4,1133.000415
-2.197941,3,1133.033398
-3.396137,4,1133.078555
-1.107904,2,1133.102617
-0.039578,1,1133.112627
-0.038048,1,1133.123145
-1.109911,2,1133.147161
-3.294455,4,1133.195737
-1.136983,2,1133.217261
-1.075313,2,1133.24029
-2.224438,3,1133.276846
-0.020126,1,1133.295875
-3.310183,4,1133.339607
-2.284674,3,1133.373641
-2.235107,3,1133.406671
-2.196226,3,1133.441716
-3.387866,4,1133.484761
-2.22612,3,1133.513793
-1.080632,2,1133.532816
-2.286053,3,1133.568349
-2.235508,3,1133.598377
-2.161775,3,1133.62841
-1.130644,2,1133.646469
-3.313143,4,1133.696192
-2.270595,3,1133.723763
-2.209445,3,1133.754794
-0.032097,1,1133.764801
-1.132197,2,1133.792906
-2.225121,3,1133.830628
-0.013967,1,1133.841638
-2.223288,3,1133.872676
-1.079692,2,1133.898201
-3.343645,4,1133.951786
-2.229082,3,1133.982816
-2.172991,3,1134.016858
-1.083434,2,1134.045898
-2.21829,3,1134.076021
-2.231946,3,1134.107106
-2.271072,3,1134.14265
-2.225985,3,1134.179691
-3.324549,4,1134.220243
-2.20969,3,1134.262888
-1.124059,2,1134.283931
-2.199235,3,1134.320827
-2.156199,3,1134.354858
-2.270762,3,1134.391927
-2.228266,3,1134.422112
-1.071043,2,1134.446692
-1.09646,2,1134.470731
-0.042179,1,1134.48274
-2.220528,3,1134.517274
-0.009816,1,1134.531845
-2.295444,3,1134.564881
-2.183403,3,1134.59697
-2.245985,3,1134.625076
-3.395482,4,1134.668155
-3.366916,4,1134.711723
-1.119895,2,1134.730751
-2.247509,3,1134.759295
-3.346209,4,1134.815879
-1.105873,2,1134.836899
-1.103538,2,1134.854555
-0.0291,1,1134.865063
-2.185936,3,1134.901667
-2.161423,3,1134.935209
-1.082682,2,1134.956843
-2.192708,3,1134.989382
-2.192349,3,1135.032036
-3.347739,4,1135.075626
-1.100978,2,1135.096646
-2.283967,3,1135.1319
-2.196777,3,1135.171586
-3.404287,4,1135.212623
-2.204174,3,1135.245652
-2.272835,3,1135.279697
-2.260621,3,1135.316729
-3.349985,4,1135.362788
-2.29018,3,1135.395825
-2.238199,3,1135.430883
-1.148658,2,1135.458404
-1.081082,2,1135.481701
-2.256445,3,1135.513733
-2.245381,3,1135.545765
-2.158557,3,1135.586812
-2.214962,3,1135.619858
-0.009482,1,1135.629365
-3.394239,4,1135.671908
-0.024882,1,1135.686959
-1.081407,2,1135.70705
-0.022567,1,1135.717168
-2.187137,3,1135.745789
-0.037485,1,1135.758303
-1.120719,2,1135.779839
-1.119109,2,1135.803866
-2.237022,3,1135.838405
-3.334815,4,1135.883653
-2.216887,3,1135.911679
-2.233201,3,1135.939203
-1.069833,2,1135.959737
-3.363658,4,1136.006782
-2.163238,3,1136.03932
-1.152509,2,1136.05936
-3.307041,4,1136.108162
-1.130843,2,1136.133767
-3.340323,4,1136.179334
-0.028497,1,1136.189344
-0.02446,1,1136.199857
-1.126156,2,1136.229896
-3.366176,4,1136.272995
-3.299991,4,1136.316615
-2.14903,3,1136.354687
-1.116606,2,1136.382721
-2.237024,3,1136.415755
-2.188112,3,1136.454871
-2.252398,3,1136.489958
-2.189134,3,1136.525546
-2.205708,3,1136.562617
-3.373251,4,1136.604661
-3.300325,4,1136.652725
-0.015365,1,1136.671757
-0.018224,1,1136.682768
-2.270542,3,1136.715803
-2.196678,3,1136.746844
-2.211225,3,1136.789915
-2.176715,3,1136.829611
-3.428609,4,1136.879676
-2.249612,3,1136.908202
-3.387866,4,1136.950793
-0.025491,1,1136.961803
-1.136959,2,1136.984828
-2.194857,3,1137.013856
-2.265392,3,1137.048488
-3.285189,4,1137.088221
-3.320559,4,1137.133279
-0.027165,1,1137.14482
-1.077259,2,1137.173857
-2.20811,3,1137.206444
-3.376423,4,1137.252742
-2.274413,3,1137.28678
-2.229728,3,1137.33191
-1.09602,2,1137.352525
-2.218766,3,1137.385113
-2.199358,3,1137.416671
-1.100778,2,1137.44678
-0.014908,1,1137.458293
-1.062094,2,1137.48283
-1.10737,2,1137.504851
-1.089893,2,1137.5384
-3.326604,4,1137.584061
-2.219588,3,1137.615098
-3.343044,4,1137.662656
-3.325806,4,1137.708202
-3.398116,4,1137.751791
-0.025918,1,1137.768306
-1.120883,2,1137.789836
-2.165736,3,1137.835403
-2.213462,3,1137.879115
-2.175945,3,1137.918166
-2.151353,3,1137.946772
-1.054148,2,1137.973809
-0.018807,1,1137.989327
-2.26029,3,1138.019862
-2.216657,3,1138.053519
-2.233374,3,1138.087063
-0.022688,1,1138.098576
-0.014809,1,1138.108096
-2.250076,3,1138.13713
-2.204488,3,1138.170691
-3.253762,4,1138.216755
-1.115481,2,1138.237278
-1.080151,2,1138.256942
-2.21045,3,1138.291644
-0.054567,1,1138.305655
-2.220461,3,1138.338202
-0.018467,1,1138.350724
-3.42296,4,1138.408292
-1.088889,2,1138.434333
-2.175343,3,1138.466897
-2.267572,3,1138.506614
-3.284125,4,1138.5598
-3.317892,4,1138.600856
-3.290932,4,1138.655914
-2.244653,3,1138.689085
-2.204594,3,1138.723623
-1.123988,2,1138.749153
-2.207875,3,1138.78169
-1.106537,2,1138.803721
-1.083917,2,1138.832266
-2.195773,3,1138.871857
-2.257775,3,1138.906904
-3.286146,4,1138.949083
-3.319356,4,1138.999112
-0.041335,1,1139.009121
-2.288367,3,1139.036689
-2.25732,3,1139.065721
-2.18786,3,1139.10377
-2.180351,3,1139.152994
-3.287378,4,1139.20565
-1.152548,2,1139.224176
-2.188908,3,1139.255212
-3.4296,4,1139.297253
-3.326436,4,1139.339379
-2.211024,3,1139.372942
-1.12881,2,1139.399009
-2.205794,3,1139.431087
-1.075563,2,1139.452688
-2.260542,3,1139.482816
-2.157788,3,1139.524376
-2.258271,3,1139.559597
-0.01923,1,1139.571614
-2.201921,3,1139.605326
-0.045407,1,1139.624851
-2.137126,3,1139.6619
-1.131962,2,1139.682927
-2.218485,3,1139.720129
-1.082259,2,1139.751835
-1.137523,2,1139.772857
-2.24483,3,1139.808395
-2.214791,3,1139.85078
-1.135992,2,1139.887228
-2.228541,3,1139.92431
-1.067539,2,1139.948411
-1.062754,2,1139.9716
-0.052748,1,1139.990627
-2.232762,3,1140.03018
-2.212321,3,1140.066738
-1.092952,2,1140.090781
-3.344387,4,1140.138335
-2.275077,3,1140.169895
-2.232121,3,1140.199188
-2.226091,3,1140.228854
-1.111524,2,1140.253948
-3.369187,4,1140.295647
-3.337538,4,1140.336205
-3.316524,4,1140.382394
-1.092429,2,1140.412974
-2.149711,3,1140.442697
-2.265346,3,1140.475737
-2.223223,3,1140.512789
-1.069356,2,1140.539333
-1.124795,2,1140.562865
-0.047346,1,1140.573889
-1.110118,2,1140.595908
-1.076902,2,1140.625482
-0.022298,1,1140.638336
-2.245436,3,1140.671884
-2.197576,3,1140.70846
-2.279211,3,1140.751371
-2.234793,3,1140.78201
-2.234061,3,1140.812656
-2.144701,3,1140.856708
-2.229569,3,1140.896757
-1.107255,2,1140.919793
-2.246308,3,1140.95586
-2.250927,3,1140.990904
-2.208895,3,1141.029115
-1.143658,2,1141.053672
-3.400323,4,1141.092716
-2.21395,3,1141.129271
-0.039127,1,1141.148386
-1.160717,2,1141.168925
-2.271906,3,1141.19751
-1.062632,2,1141.219114
-0.055638,1,1141.234638
-3.28213,4,1141.275683
-1.15667,2,1141.299719
-2.182518,3,1141.332264
-1.090316,2,1141.355819
-2.274929,3,1141.391865
-1.138818,2,1141.412885
-1.138699,2,1141.430913
-3.36568,4,1141.482688
-0.023438,1,1141.4927
-2.15951,3,1141.52474
-2.180418,3,1141.55684
-2.186516,3,1141.595885
-2.223106,3,1141.631995
-2.26811,3,1141.666088
-3.35672,4,1141.706641
-2.175526,3,1141.746249
-0.023145,1,1141.75626
-2.246521,3,1141.795832
-2.208654,3,1141.83098
-1.120798,2,1141.863608
-2.238333,3,1141.903665
-3.327738,4,1141.950784
-0.031985,1,1141.961796
-3.379653,4,1142.012854
-0.027487,1,1142.025371
-3.335735,4,1142.073645
-1.14548,2,1142.09266
-3.35424,4,1142.146766
-1.10141,2,1142.166789
-3.332986,4,1142.208334
-2.208944,3,1142.237366
-1.123723,2,1142.263929
-3.280757,4,1142.301642
-3.348703,4,1142.337176
-2.156381,3,1142.388266
-2.250076,3,1142.421805
-1.081361,2,1142.440058
-2.253739,3,1142.471696
-2.192485,3,1142.501726
-2.224803,3,1142.536811
-3.336445,4,1142.57987
-3.373367,4,1142.623543
-1.101064,2,1142.650096
-0.046989,1,1142.666673
-3.316286,4,1142.712731
-3.313503,4,1142.753814
-3.315995,4,1142.79686
-2.197911,3,1142.833945
-2.204493,3,1142.872754
-2.206178,3,1142.908293
-1.083913,2,1142.931328
-3.452128,4,1142.979094
-2.253711,3,1143.018185
-1.14451,2,1143.040228
-3.413015,4,1143.08579
-1.079811,2,1143.113824
-1.098031,2,1143.13689
-2.1698,3,1143.168454
-1.089475,2,1143.190017
-2.278641,3,1143.230182
-3.332461,4,1143.272822
-2.231324,3,1143.304851
-2.262399,3,1143.335389
-3.380013,4,1143.395606
-2.182995,3,1143.42465
-0.048345,1,1143.436167
-2.249461,3,1143.467198
-3.292825,4,1143.509782
-1.065439,2,1143.528801
-3.335089,4,1143.568352
-1.12825,2,1143.589385
-3.34795,4,1143.630974
-2.239239,3,1143.663099
-3.329724,4,1143.70927
-1.111354,2,1143.729296
-3.306639,4,1143.780887
-2.24936,3,1143.813475
-3.346211,4,1143.859293
-2.240293,3,1143.896329
-0.021691,1,1143.912883
-0.029716,1,1143.923892
-2.240779,3,1143.954964
-3.359712,4,1143.996589
-3.352605,4,1144.046654
-3.396777,4,1144.090741
-0.014082,1,1144.101753
-1.127852,2,1144.122779
-2.242042,3,1144.162826
-3.310842,4,1144.211893
-2.208132,3,1144.246461
-0.017826,1,1144.255969
-3.411176,4,1144.309763
-3.362571,4,1144.351783
-2.213359,3,1144.38381
-0.037274,1,1144.393821
-2.242287,3,1144.430364
-1.08083,2,1144.451379
-0.047646,1,1144.462391
-3.295516,4,1144.500074
-1.10284,2,1144.524695
-1.06736,2,1144.545716
-1.070159,2,1144.56674
-2.18016,3,1144.595772
-2.253583,3,1144.629816
-0.035189,1,1144.639828
-0.037196,1,1144.650364
-0.041002,1,1144.658342
-3.420716,4,1144.702894
-3.248209,4,1144.746038
-2.224632,3,1144.778099
-3.3262,4,1144.820654
-2.206378,3,1144.863727
-1.138957,2,1144.886757
-1.071455,2,1144.906779
-2.239883,3,1144.940287
-0.016219,1,1144.956339
-2.174545,3,1144.990906
-0.038313,1,1145.002922
-2.148177,3,1145.032655
-2.254244,3,1145.072705
-1.095529,2,1145.095591
-1.118628,2,1145.119623
-3.338326,4,1145.159097
-2.16075,3,1145.19663
-0.010884,1,1145.209652
-2.22835,3,1145.241685
-3.452336,4,1145.290744
-0.029564,1,1145.305754
-2.226473,3,1145.33829
-1.081122,2,1145.358309
-0.023812,1,1145.370832
-1.13737,2,1145.396855
-2.227739,3,1145.429894
-2.185708,3,1145.462576
-1.106851,2,1145.483582
-1.080458,2,1145.508107
-2.192551,3,1145.54688
-2.221078,3,1145.575918
-3.394095,4,1145.614518
-2.267786,3,1145.649076
-1.132004,2,1145.668096
-0.021741,1,1145.679111
-2.239896,3,1145.706634
-3.31252,4,1145.749689
-1.121042,2,1145.770711
-2.262197,3,1145.799233
-2.190395,3,1145.830778
-0.033384,1,1145.850797
-1.126378,2,1145.87482
-3.411699,4,1145.919878
-1.078648,2,1145.940907
-1.131762,2,1145.970533
-1.09915,2,1145.995572
-3.331205,4,1146.040638
-2.214331,3,1146.07367
-3.313394,4,1146.120736
-2.246173,3,1146.152765
-2.212737,3,1146.183799
-3.392307,4,1146.228343
-3.309324,4,1146.274894
-0.045685,1,1146.286905
-1.122954,2,1146.309955
-2.314927,3,1146.345141
-3.4039,4,1146.39676
-3.344597,4,1146.449934
-3.37854,4,1146.542008
-3.351853,4,1146.618411
-2.186794,3,1146.675684
-2.164469,3,1146.715745
-2.16757,3,1146.755795
-3.393021,4,1146.808211
-1.079312,2,1146.840766
-3.363194,4,1146.901855
-0.033486,1,1146.914865
-2.232606,3,1146.958513
-2.282946,3,1146.995608
-2.261926,3,1147.02564
-3.328684,4,1147.071681
-2.235793,3,1147.103711
-2.282943,3,1147.140256
-3.366874,4,1147.186857
-3.280261,4,1147.229306
-2.163734,3,1147.25994
-1.127305,2,1147.292686
-2.255958,3,1147.325725
-3.334932,4,1147.368266
-1.129922,2,1147.389864
-0.033407,1,1147.40688
-2.13433,3,1147.438985
-1.143526,2,1147.46257
-2.231029,3,1147.492609
-2.215566,3,1147.534156
-1.098832,2,1147.556699
-3.261572,4,1147.602757
-0.032614,1,1147.614768
-2.285029,3,1147.652763
-3.292659,4,1147.695811
-1.113139,2,1147.722864
-2.192853,3,1147.759032
-2.28418,3,1147.790613
-2.199472,3,1147.820644
-2.2582,3,1147.857181
-2.17824,3,1147.887213
-1.121854,2,1147.912855
-3.281353,4,1147.952395
-3.286872,4,1147.992528
-1.066324,2,1148.012051
-2.225361,3,1148.042217
-1.08919,2,1148.062821
-2.256881,3,1148.095857
-2.195463,3,1148.125891
-1.081348,2,1148.15203
-3.356285,4,1148.195632
-1.091776,2,1148.216651
-3.343098,4,1148.258698
-2.180558,3,1148.299782
-1.111171,2,1148.321807
-1.126819,2,1148.341916
-2.189639,3,1148.372007
-0.036182,1,1148.389055
-1.115168,2,1148.413084
-0.046816,1,1148.423624
-1.118062,2,1148.445814
-0.042352,1,1148.466838
-0.043668,1,1148.47936
-2.253811,3,1148.512896
-3.320339,4,1148.558971
-1.078534,2,1148.585572
-2.244093,3,1148.620626
-3.511821,4,1148.664686
-1.091916,2,1148.68571
-2.289739,3,1148.724773
-2.196703,3,1148.762903
-2.221385,3,1148.795631
-3.292448,4,1148.843198
-2.244447,3,1148.882774
-1.155777,2,1148.902796
-2.184891,3,1148.932828
-2.221039,3,1148.965872
-2.227285,3,1148.999407
-3.386668,4,1149.038488
-3.340849,4,1149.07906
-2.210063,3,1149.104584
-2.151642,3,1149.140583
-2.159417,3,1149.176626
-1.104386,2,1149.196645
-2.200346,3,1149.230174
-2.26236,3,1149.272777
-0.052001,1,1149.284789
-2.209086,3,1149.316816
-3.370911,4,1149.355864
-2.175964,3,1149.395917
-2.237971,3,1149.429021
-1.110108,2,1149.450615
-2.261911,3,1149.486659
-3.391511,4,1149.548745
-2.222711,3,1149.579416
-1.143463,2,1149.604002
-1.125603,2,1149.624643
-1.11159,2,1149.650754
-2.276744,3,1149.681784
-3.345916,4,1149.725832
-1.081529,2,1149.746358
-3.303881,4,1149.797499
-1.091717,2,1149.820698
-2.233431,3,1149.854761
-3.295151,4,1149.902828
-1.154927,2,1149.929861
-0.054954,1,1149.940378
-2.173928,3,1149.971678
-3.30373,4,1150.016732
-2.238919,3,1150.065847
-3.304598,4,1150.101893
-3.369829,4,1150.156615
-1.152069,2,1150.180653
-2.25629,3,1150.225712
-2.218258,3,1150.272896
-2.221335,3,1150.338723
-1.110183,2,1150.413904
-2.245446,3,1150.528276
-2.226249,3,1150.571995
-0.049435,1,1150.581669
-2.23202,3,1150.613703
-0.010503,1,1150.638255
-3.3735,4,1150.677288
-1.096972,2,1150.699835
-3.284597,4,1150.743388
-1.11587,2,1150.768531
-1.148754,2,1150.788125
-2.284536,3,1150.821674
-1.129762,2,1150.844203
-2.283966,3,1150.888306
-2.184113,3,1150.920848
-2.225037,3,1150.957239
-3.305091,4,1151.00088
-1.104454,2,1151.034938
-1.115862,2,1151.057507
-0.039912,1,1151.07055
-2.240821,3,1151.101694
-2.185949,3,1151.138743
-2.173102,3,1151.166896
-3.319173,4,1151.20661
-0.01628,1,1151.216623
-1.120279,2,1151.24477
-3.311668,4,1151.281807
-0.031372,1,1151.295819
-2.190584,3,1151.328355
-3.264664,4,1151.375586
-3.286974,4,1151.420661
-2.246112,3,1151.454801
-2.150356,3,1151.489362
-0.039013,1,1151.506888
-2.259999,3,1151.537456
-3.307366,4,1151.580678
-1.126285,2,1151.604703
-2.246806,3,1151.645756
-1.092613,2,1151.666778
-2.251643,3,1151.696809
-1.06249,2,1151.716832
-3.328477,4,1151.763896
-1.110792,2,1151.787039
-1.104202,2,1151.806616
-2.203892,3,1151.839162
-3.409849,4,1151.891789
-2.169185,3,1151.924831
-2.291918,3,1151.960169
-3.262797,4,1152.010408
-1.139031,2,1152.045372
-2.274394,3,1152.095042
-1.106618,2,1152.144315
-3.358871,4,1152.202703
-2.234913,3,1152.279266
-3.284589,4,1152.326817
-1.065905,2,1152.351898
-0.049642,1,1152.364907
-1.086541,2,1152.395655
-2.194991,3,1152.437209
-3.310036,4,1152.488317
-2.243482,3,1152.531889
-1.122554,2,1152.606795
-3.410383,4,1152.682722
-3.341382,4,1152.753966
-0.051065,1,1152.766992
-2.185968,3,1152.815168
-2.236588,3,1152.862661
-1.143664,2,1152.89821
-0.010646,1,1152.912757
-2.236005,3,1152.954887
-0.032433,1,1152.964899
-3.392099,4,1153.0106
-1.10998,2,1153.044241
-1.098591,2,1153.094809
-3.340447,4,1153.165733
-2.220435,3,1153.220838
-0.010884,1,1153.237359
-2.16958,3,1153.288434
-2.210662,3,1153.334637
-2.244699,3,1153.384716
-2.199906,3,1153.426788
-1.085163,2,1153.454828
-0.042568,1,1153.464839
-3.315704,4,1153.50388
-2.201647,3,1153.534909
-0.051086,1,1153.546925
-3.370263,4,1153.588116
-1.142322,2,1153.605637
-0.017374,1,1153.613645
-2.249375,3,1153.656699
-3.28869,4,1153.704765
-3.33005,4,1153.748316
-1.114031,2,1153.771851
-2.232998,3,1153.808384
-2.259745,3,1153.838942
-2.236719,3,1153.878562
-1.123056,2,1153.898586
-1.097508,2,1153.923641
-2.27635,3,1153.954752
-0.018196,1,1153.965758
-3.414268,4,1154.008309
-2.224563,3,1154.161614
-1.124164,2,1154.190651
-3.323836,4,1154.234694
-0.040042,1,1154.244702
-2.215502,3,1154.280754
-2.195299,3,1154.313781
-2.178384,3,1154.344817
-3.353931,4,1154.385862
-3.333821,4,1154.433963
-2.223706,3,1154.463627
-1.110848,2,1154.482646
-2.233558,3,1154.516681
-2.209933,3,1154.585867
-2.198231,3,1154.658299
-2.161556,3,1154.706883
-1.135639,2,1154.739197
-3.368723,4,1154.79278
-1.136774,2,1154.813805
-2.221034,3,1154.861555
-3.312995,4,1154.918206
-0.039077,1,1154.93373
-2.159101,3,1154.969832
-2.249961,3,1155.00487
-1.07398,2,1155.036497
-2.207604,3,1155.110845
-1.096492,2,1155.156083
-2.192626,3,1155.206801
-3.311691,4,1155.284776
-1.120243,2,1155.324841
-2.150914,3,1155.369049
-2.203666,3,1155.415705
-2.138917,3,1155.459815
-1.112301,2,1155.489349
-2.164649,3,1155.525893
-0.047222,1,1155.538932
-2.201792,3,1155.570018
-1.080945,2,1155.59466
-2.24017,3,1155.624693
-3.353277,4,1155.662741
-1.102789,2,1155.683768
-0.033002,1,1155.698284
-0.027427,1,1155.708295
-2.258209,3,1155.736826
-2.17914,3,1155.76586
-3.307767,4,1155.811936
-2.263506,3,1155.841547
-1.128408,2,1155.862225
-0.037888,1,1155.872237
-2.201674,3,1155.916
-1.082777,2,1155.942113
-2.171019,3,1155.976149
-3.296831,4,1156.024745
-2.256795,3,1156.066818
-3.34235,4,1156.111882
-3.266542,4,1156.155197
-1.100193,2,1156.176775
-1.107196,2,1156.202804
-3.353805,4,1156.248869
-2.276875,3,1156.286411
-3.401682,4,1156.329997
-0.027643,1,1156.344049
-3.377863,4,1156.388157
-2.247435,3,1156.424712
-3.407954,4,1156.464803
-2.243237,3,1156.508351
-0.027465,1,1156.516859
-2.18098,3,1156.548908
-2.182204,3,1156.582635
-2.248892,3,1156.619684
-2.242578,3,1156.65823
-2.206595,3,1156.684781
-2.239835,3,1156.717143
-1.128695,2,1156.745217
-2.188938,3,1156.776249
-1.077298,2,1156.796803
-3.39384,4,1156.846377
-1.115139,2,1156.876926
-2.212408,3,1156.910632
-2.212065,3,1156.941665
-1.089662,2,1156.960729
-1.151919,2,1156.98675
-2.237382,3,1157.021791
-0.048373,1,1157.032803
-2.235354,3,1157.068846
-1.092668,2,1157.096962
-3.324167,4,1157.141656
-2.243851,3,1157.17478
-3.259891,4,1157.21833
-3.295847,4,1157.263898
-0.052909,1,1157.274907
-3.450201,4,1157.320165
-1.102327,2,1157.341654
-2.193641,3,1157.379199
-2.15543,3,1157.415785
-1.091922,2,1157.438316
-2.230558,3,1157.471879
-3.285539,4,1157.518963
-1.089729,2,1157.541564
-2.175079,3,1157.574688
-3.280729,4,1157.61673
-2.217331,3,1157.654278
-2.233849,3,1157.686307
-2.138321,3,1157.724992
-2.185187,3,1157.758058
-2.226699,3,1157.791627
-2.223171,3,1157.819149
-2.280041,3,1157.849184
-0.055589,1,1157.859193
-2.206671,3,1157.899761
-2.171512,3,1157.929805
-1.123855,2,1157.952335
-2.241737,3,1157.98032
-2.244085,3,1158.013957
-3.24059,4,1158.059067
-0.029074,1,1158.06908
-1.160626,2,1158.092107
-1.121478,2,1158.121137
-2.164834,3,1158.155675
-2.257885,3,1158.186709
-1.106739,2,1158.209236
-0.034212,1,1158.226753
-2.192361,3,1158.261849
-1.089491,2,1158.288379
-1.132673,2,1158.308912
-2.31346,3,1158.34865
-3.350358,4,1158.39277
-2.178855,3,1158.423809
-3.348076,4,1158.469082
-2.229149,3,1158.506653
-3.422722,4,1158.55021
-2.244588,3,1158.588278
-2.164918,3,1158.619813
-3.343272,4,1158.670941
-0.034656,1,1158.681574
-2.270244,3,1158.714608
-2.218849,3,1158.744636
-2.24156,3,1158.780717
-2.238606,3,1158.812755
-2.17552,3,1158.840786
-2.294327,3,1158.874502
-1.074417,2,1158.900659
-3.264382,4,1158.943716
-3.30307,4,1158.980799
-0.0249,1,1158.991813
-2.174007,3,1159.036868
-2.178015,3,1159.065975
-3.376426,4,1159.10811
-2.171061,3,1159.136642
-2.206751,3,1159.174826
-1.134855,2,1159.194844
-1.081558,2,1159.216872
-2.175612,3,1159.252927
-3.283077,4,1159.299138
-3.332736,4,1159.345687
-0.027932,1,1159.358206
-1.100696,2,1159.379731
-2.190173,3,1159.416764
-3.251646,4,1159.462816
-0.036761,1,1159.475835
-2.156029,3,1159.508373
-2.253572,3,1159.545926
-3.301001,4,1159.593082
-1.133639,2,1159.614659
-1.115671,2,1159.63468
-2.239805,3,1159.672989
-1.116724,2,1159.69605
-2.281418,3,1159.729082
-1.138708,2,1159.759624
-3.390804,4,1159.809182
-2.201591,3,1159.83821
-0.037955,1,1159.84722
-3.364614,4,1159.897285
-0.034024,1,1159.913856
-2.207735,3,1159.943885
-0.019539,1,1159.952399
-2.13544,3,1159.982541
-0.036295,1,1159.997057
-2.259372,3,1160.026607
-2.175174,3,1160.068166
-3.335132,4,1160.116734
-0.03947,1,1160.133759
-2.222075,3,1160.164791
-3.352263,4,1160.212849
-3.399603,4,1160.260908
-0.044995,1,1160.278944
-1.141419,2,1160.302618
-0.030039,1,1160.314628
-2.26654,3,1160.352674
-1.105047,2,1160.3782
-2.26665,3,1160.415747
-2.153854,3,1160.452797
-1.077012,2,1160.475821
-3.267611,4,1160.525876
-1.123448,2,1160.545898
-2.167826,3,1160.58064
-3.365464,4,1160.628197
-2.19084,3,1160.666741
-1.114827,2,1160.690782
-1.141152,2,1160.710812
-3.311495,4,1160.753359
-2.246212,3,1160.795616
-2.26239,3,1160.829663
-2.251611,3,1160.866578
-3.326749,4,1160.916636
-2.19808,3,1160.95469
-1.126265,2,1160.979221
-1.133152,2,1160.998237
-3.312965,4,1161.048301
-2.281317,3,1161.084839
-2.270207,3,1161.115875
-1.150473,2,1161.134892
-2.179776,3,1161.16057
-2.23038,3,1161.193725
-2.265967,3,1161.222762
-1.062975,2,1161.246791
-3.403745,4,1161.280835
-1.106421,2,1161.302858
-1.085506,2,1161.32388
-0.018587,1,1161.338399
-2.174398,3,1161.367011
-0.035265,1,1161.382078
-2.155775,3,1161.416654
-3.384827,4,1161.460279
-0.035789,1,1161.470104
-2.192282,3,1161.50924
-0.032039,1,1161.519251
-2.186465,3,1161.552791
-2.249193,3,1161.582826
-2.202761,3,1161.618364
-0.048285,1,1161.628378
-2.211919,3,1161.661942
-2.196043,3,1161.696789
-1.132762,2,1161.724826
-2.171154,3,1161.755863
-2.198333,3,1161.786899
-2.217002,3,1161.815084
-1.110731,2,1161.840575
-2.182022,3,1161.875787
-2.221421,3,1161.909835
-1.092299,2,1161.930393
-3.363609,4,1161.979926
-3.282206,4,1162.021161
-3.331166,4,1162.065749
-2.178331,3,1162.096795
-3.393408,4,1162.200772
-2.197588,3,1162.251863
-3.293625,4,1162.32682
-2.281727,3,1162.36588
-1.149069,2,1162.398973
-2.27647,3,1162.441933
-1.137352,2,1162.469738
-2.180543,3,1162.514803
-0.047606,1,1162.534839
-1.077677,2,1162.56088
-3.279721,4,1162.60903
-2.235922,3,1162.679758
-3.286568,4,1162.769262
-2.164562,3,1162.816836
-2.162088,3,1162.869044
-2.253991,3,1162.916703
-3.375462,4,1162.985354
-0.05743,1,1162.999407
-3.293073,4,1163.04576
-2.171413,3,1163.079355
-0.026862,1,1163.093872
-2.235034,3,1163.126913
-1.124791,2,1163.146946
-2.218268,3,1163.179121
-2.232213,3,1163.212687
-1.114315,2,1163.230707
-2.16976,3,1163.255733
-2.234376,3,1163.285766
-2.162033,3,1163.316796
-1.101737,2,1163.33833
-2.232872,3,1163.36386
-1.114892,2,1163.384385
-2.225739,3,1163.416911
-0.033478,1,1163.425476
-2.177041,3,1163.453551
-2.263852,3,1163.489156
-1.088056,2,1163.515687
-2.243287,3,1163.54472
-2.189365,3,1163.583904
-2.255084,3,1163.616606
-0.039053,1,1163.631632
-2.252521,3,1163.66016
-0.045019,1,1163.670174
-2.197913,3,1163.696735
-1.130462,2,1163.723771
-2.28377,3,1163.755313
-3.33633,4,1163.7931
-0.052559,1,1163.802752
-2.266866,3,1163.838294
-2.165827,3,1163.871972
-1.079936,2,1163.893708
-0.022775,1,1163.905721
-0.039264,1,1163.924745
-2.200455,3,1163.959898
-3.391683,4,1163.998112
-3.374163,4,1164.036657
-1.097905,2,1164.065867
-0.041841,1,1164.074883
-0.025466,1,1164.085893
-3.276828,4,1164.12505
-2.273231,3,1164.165122
-3.387123,4,1164.212809
-0.018157,1,1164.226826
-2.163774,3,1164.267386
-2.201396,3,1164.308175
-3.354109,4,1164.424598
-3.372897,4,1164.555189
-2.200009,3,1164.595806
-2.206073,3,1164.63685
-2.202259,3,1164.665932
-1.084232,2,1164.691627
-0.045716,1,1164.706646
-2.206843,3,1164.746702
-3.335361,4,1164.786783
-2.214279,3,1164.820837
-1.084965,2,1164.842863
-3.271897,4,1164.899041
-1.122841,2,1164.921637
-0.02732,1,1164.930643
-3.306154,4,1164.970184
-1.078347,2,1164.994755
-1.08173,2,1165.021796
-3.388047,4,1165.063341
-2.210626,3,1165.096912
-2.222978,3,1165.138109
-2.247892,3,1165.16916
-3.336647,4,1165.208223
-1.132123,2,1165.22825
-0.043588,1,1165.248274
-3.351277,4,1165.288969
-3.333949,4,1165.329152
-0.027617,1,1165.34067
-1.128091,2,1165.365742
-2.259783,3,1165.395779
-3.287058,4,1165.436836
-2.261464,3,1165.465371
-1.124236,2,1165.496659
-2.207541,3,1165.529221
-3.413846,4,1165.570625
-1.146718,2,1165.593829
-0.014292,1,1165.60985
-0.040579,1,1165.620632
-1.116576,2,1165.640453
-3.326416,4,1165.688166
-0.036445,1,1165.704692
-2.233255,3,1165.73623
-0.051162,1,1165.746762
-2.165066,3,1165.780886
-2.207344,3,1165.824985
-2.233183,3,1165.859135
-2.286147,3,1165.895721
-0.020566,1,1165.911746
-1.091909,2,1165.942787
-3.370777,4,1165.986469
-2.210462,3,1166.020563
-2.227476,3,1166.051726
-0.007876,1,1166.065774
-2.227172,3,1166.103821
-1.117403,2,1166.126848
-2.163042,3,1166.163404
-1.089536,2,1166.190601
-3.286031,4,1166.241673
-0.015643,1,1166.253688
-0.032655,1,1166.264724
-3.310461,4,1166.322808
-0.039184,1,1166.33382
-2.19665,3,1166.369903
-2.286989,3,1166.40011
-2.242005,3,1166.442707
-2.245901,3,1166.474847
-2.230663,3,1166.505881
-3.33031,4,1166.550716
-2.180746,3,1166.586793
-1.114836,2,1166.606814
-3.387993,4,1166.646862
-2.305111,3,1166.677026
-1.118802,2,1166.703722
-2.252392,3,1166.73276
-2.216698,3,1166.766302
-1.117558,2,1166.790866
-2.234302,3,1166.828918
-2.235622,3,1166.86314
-2.182936,3,1166.899191
-2.244542,3,1166.936738
-1.09671,2,1166.965915
-3.299577,4,1167.014712
-1.101231,2,1167.036733
-1.13878,2,1167.063272
-3.303966,4,1167.111539
-2.258475,3,1167.143812
-2.221606,3,1167.180882
-1.119115,2,1167.206908
-2.236479,3,1167.248183
-2.271282,3,1167.284799
-2.212345,3,1167.316831
-3.298749,4,1167.365401
-2.212515,3,1167.404659
-0.016073,1,1167.414668
-2.221712,3,1167.449211
-1.131722,2,1167.473959
-2.157352,3,1167.520716
-1.076267,2,1167.546741
-2.266677,3,1167.58059
-0.021847,1,1167.590099
-0.041468,1,1167.604685
-2.209777,3,1167.63572
-1.073498,2,1167.658753
-3.31165,4,1167.700966
-2.172588,3,1167.73668
-2.265972,3,1167.767227
-3.302942,4,1167.810321
-2.222067,3,1167.840823
-0.049996,1,1167.856341
-2.23723,3,1167.892119
-2.313326,3,1167.936694
-2.244771,3,1167.968239
-2.20049,3,1168.003782
-3.322883,4,1168.046957
-3.347269,4,1168.08972
-2.268676,3,1168.122758
-1.085159,2,1168.150369
-3.312412,4,1168.196907
-0.039915,1,1168.209964
-1.123375,2,1168.233614
-1.137048,2,1168.263761
-1.111155,2,1168.284782
-2.280933,3,1168.316815
-2.283702,3,1168.355386
-2.177844,3,1168.390649
-2.181515,3,1168.422682
-0.043544,1,1168.434694
-2.242597,3,1168.466238
-2.170692,3,1168.504601
-0.023387,1,1168.518114
-2.267231,3,1168.551656
-2.224513,3,1168.5858
-1.078942,2,1168.610831
-3.324335,4,1168.648365
-0.054017,1,1168.659384
-3.351371,4,1168.696479
-0.030546,1,1168.709999
-1.13837,2,1168.73007
-3.321809,4,1168.769254
-0.03797,1,1168.779262
-1.071389,2,1168.809295
-3.346771,4,1168.856388
-3.440328,4,1168.906631
-3.324692,4,1168.950683
-2.17715,3,1168.989174
-2.199899,3,1169.020724
-3.330409,4,1169.058259
-2.201128,3,1169.09184
-2.208514,3,1169.126876
-1.093126,2,1169.149431
-2.23941,3,1169.185735
-2.164979,3,1169.218269
-2.231046,3,1169.256318
-3.376091,4,1169.298173
-2.200089,3,1169.330716
-2.257981,3,1169.364263
-1.058,2,1169.389868
-1.087507,2,1169.409391
-0.027545,1,1169.420908
-1.109344,2,1169.44172
-1.103994,2,1169.467257
-0.042801,1,1169.479273
-2.252385,3,1169.512841
-3.348756,4,1169.557393
-1.111093,2,1169.585677
-2.246335,3,1169.616706
-3.286582,4,1169.657266
-2.176894,3,1169.685868
-2.227407,3,1169.716902
-2.163293,3,1169.746292
-1.157107,2,1169.765385
-2.270344,3,1169.795991
-0.026853,1,1169.809022
-1.083422,2,1169.830771
-2.213268,3,1169.857291
-2.240236,3,1169.88653
-2.20582,3,1169.922119
-1.161885,2,1169.946741
-2.210621,3,1169.979838
-1.147688,2,1170.003865
-2.256446,3,1170.038402
-1.094935,2,1170.05999
-2.191162,3,1170.092077
-1.111709,2,1170.114117
-2.197344,3,1170.15068
-3.392341,4,1170.196748
-2.201559,3,1170.229788
-2.245356,3,1170.264331
-0.031521,1,1170.283887
-3.298631,4,1170.332674
-2.241221,3,1170.368215
-2.222876,3,1170.40487
-2.181206,3,1170.446614
-3.367177,4,1170.496796
-2.182487,3,1170.535849
-2.240897,3,1170.571994
-3.283657,4,1170.622655
-2.247511,3,1170.655194
-2.236527,3,1170.688351
-3.331724,4,1170.729906
-1.07364,2,1170.752992
-2.233035,3,1170.784557
-2.171731,3,1170.814134
-1.141884,2,1170.833287
-2.270605,3,1170.866874
-1.112749,2,1170.885894
-2.187902,3,1170.918531
-2.262446,3,1170.952079
-0.048898,1,1170.967091
-2.197361,3,1170.995731
-2.229228,3,1171.023765
-1.101038,2,1171.042788
-3.287212,4,1171.085989
-2.272982,3,1171.115697
-2.216454,3,1171.146729
-0.052795,1,1171.158754
-3.321068,4,1171.208351
-0.042838,1,1171.21987
-1.104639,2,1171.239888
-3.415019,4,1171.283612
-2.203078,3,1171.323671
-0.0113,1,1171.335682
-3.356926,4,1171.375221
-2.172182,3,1171.410869
-0.049189,1,1171.425883
-0.019756,1,1171.438401
-2.192615,3,1171.476002
-2.246008,3,1171.508095
-1.124044,2,1171.536631
-1.093733,2,1171.558658
-2.289372,3,1171.590849
-1.093731,2,1171.613873
-1.140944,2,1171.639007
-2.246243,3,1171.671713
-2.261918,3,1171.703746
-2.204298,3,1171.735784
-2.205631,3,1171.770882
-2.21875,3,1171.802921
-2.176494,3,1171.836618
-1.135678,2,1171.856151
-2.287106,3,1171.889194
-1.095187,2,1171.907204
-2.180833,3,1171.941796
-3.31754,4,1171.983337
-2.142818,3,1172.015365
-2.216763,3,1172.047278
-2.162301,3,1172.080281
-2.169796,3,1172.113864
-3.371987,4,1172.158498
-2.232073,3,1172.188172
-3.324573,4,1172.230188
-1.083095,2,1172.252747
-2.22272,3,1172.290795
-3.457223,4,1172.335838
-1.088645,2,1172.355857
-2.161406,3,1172.386892
-2.200912,3,1172.423574
-2.266427,3,1172.459124
-1.123053,2,1172.482654
-2.143647,3,1172.51369
-2.158368,3,1172.553739
-1.080704,2,1172.574772
-2.168373,3,1172.60735
-2.206772,3,1172.640933
-1.128822,2,1172.66918
-2.212068,3,1172.704607
-1.102811,2,1172.731647
-2.194289,3,1172.763682
-1.128053,2,1172.791724
-0.043637,1,1172.804734
-3.365115,4,1172.846781
-2.217144,3,1172.876817
-3.330119,4,1172.92287
-3.361964,4,1172.972013
-2.272412,3,1173.000188
-0.028606,1,1173.01067
-2.249575,3,1173.046705
-2.169274,3,1173.073735
-2.213932,3,1173.100763
-2.31235,3,1173.130069
-3.3248,4,1173.175861
-2.268484,3,1173.204885
-2.137047,3,1173.236932
-1.099385,2,1173.257971
-3.336016,4,1173.306641
-2.171648,3,1173.338185
-2.16924,3,1173.370733
-0.032796,1,1173.383747
-1.125538,2,1173.412787
-1.123963,2,1173.432809
-2.208873,3,1173.463841
-2.192161,3,1173.496879
-2.274186,3,1173.531448
-3.287585,4,1173.574733
-2.223123,3,1173.618308
-3.439726,4,1173.660435
-1.101965,2,1173.689907
-1.127631,2,1173.711023
-3.289758,4,1173.754781
-0.03772,1,1173.764794
-2.264743,3,1173.803841
-3.498569,4,1173.846889
-2.213313,3,1173.875606
-2.270828,3,1173.908146
-1.089266,2,1173.936682
-1.122343,2,1173.960727
-1.117642,2,1173.985747
-2.185228,3,1174.019291
-1.130741,2,1174.046825
-2.205995,3,1174.079881
-2.203043,3,1174.108919
-0.041718,1,1174.119946
-3.381575,4,1174.168279
-2.194988,3,1174.196817
-1.132145,2,1174.215836
-2.264718,3,1174.248383
-2.239421,3,1174.281687
-3.396969,4,1174.318221
-2.187348,3,1174.350776
-3.398953,4,1174.390821
-1.122786,2,1174.413841
-2.201443,3,1174.44688
-2.16608,3,1174.480001
-0.046273,1,1174.49104
-0.036897,1,1174.505056
-2.211988,3,1174.538303
-3.292332,4,1174.582862
-1.117859,2,1174.604886
-2.241027,3,1174.640493
-2.24704,3,1174.677048
-1.101036,2,1174.700709
-2.164119,3,1174.730444
-3.316351,4,1174.776922
-1.122817,2,1174.800047
-1.11098,2,1174.82269
-0.025735,1,1174.833702
-2.228153,3,1174.874253
-2.253286,3,1174.908367
-1.126202,2,1174.935405
-1.101998,2,1174.96456
-0.02408,1,1174.986739
-3.342087,4,1175.034808
-2.20198,3,1175.075867
-2.177961,3,1175.110491
-2.214162,3,1175.152927
-2.204964,3,1175.186628
-0.014202,1,1175.196639
-2.24159,3,1175.224671
-0.006332,1,1175.240206
-1.0791,2,1175.260753
-3.352062,4,1175.299295
-2.244636,3,1175.330839
-1.104387,2,1175.355859
-1.101632,2,1175.374983
-1.140066,2,1175.398145
-1.123388,2,1175.422679
-2.190098,3,1175.456716
-3.345284,4,1175.499779
-2.248263,3,1175.531819
-1.125572,2,1175.556842
-2.186826,3,1175.594084
-2.217159,3,1175.623799
-3.341831,4,1175.668442
-1.111694,2,1175.691746
-2.277876,3,1175.734797
-2.272202,3,1175.765332
-3.391234,4,1175.809068
-3.360389,4,1175.854635
-2.192858,3,1175.892844
-2.263825,3,1175.923876
-0.048149,1,1175.933887
-1.072468,2,1175.95491
-0.041687,1,1175.972954
-1.057337,2,1175.997015
-1.083146,2,1176.020756
-1.092115,2,1176.040027
-3.275436,4,1176.093667
-1.091916,2,1176.116685
-2.228693,3,1176.149727
-3.341733,4,1176.196788
-0.034329,1,1176.212811
-2.311866,3,1176.245847
-3.346753,4,1176.282891
-1.095155,2,1176.302449
-2.252107,3,1176.336725
-2.272778,3,1176.364766
-2.229871,3,1176.396801
-2.227079,3,1176.426836
-2.16113,3,1176.46288
-3.295329,4,1176.50196
-3.380959,4,1176.540665
-3.397092,4,1176.584848
-1.114996,2,1176.609881
-3.351806,4,1176.65847
-2.259644,3,1176.691676
-1.138382,2,1176.714709
-2.178066,3,1176.752762
-0.020384,1,1176.763276
-0.036973,1,1176.77386
-2.20974,3,1176.806895
-2.172685,3,1176.843575
-2.222075,3,1176.873857
-1.081197,2,1176.896877
-2.248319,3,1176.931962
-1.073429,2,1176.964104
-1.097679,2,1176.989265
-2.218291,3,1177.02281
-2.219399,3,1177.069391
-1.129431,2,1177.093465
-2.157928,3,1177.12402
-2.194,3,1177.156854
-2.248263,3,1177.190959
-2.21282,3,1177.230709
-1.063634,2,1177.253727
-2.254713,3,1177.286798
-3.288079,4,1177.334874
-1.10386,2,1177.363446
-2.212086,3,1177.392669
-3.34375,4,1177.430715
-2.258522,3,1177.456379
-3.412875,4,1177.500663
-2.200189,3,1177.529699
-2.18222,3,1177.556722
-2.165454,3,1177.586794
-1.103994,2,1177.612834
-2.257758,3,1177.641869
-2.274045,3,1177.669404
-2.21532,3,1177.706001
-0.025869,1,1177.730705
-0.050008,1,1177.761791
-3.30983,4,1177.850839
-3.358807,4,1177.920838
-1.073063,2,1177.959386
-0.014335,1,1177.974921
-2.162725,3,1178.014699
-2.244872,3,1178.048236
-1.113546,2,1178.083892
-1.102364,2,1178.108932
-3.316418,4,1178.16424
-1.064203,2,1178.188352
-1.138821,2,1178.220901
-1.095634,2,1178.244026
-3.378379,4,1178.285811
-3.268135,4,1178.326852
-2.209726,3,1178.373663
-3.294798,4,1178.422729
-3.354092,4,1178.463278
-3.285679,4,1178.503595
-3.351528,4,1178.546876
-0.026338,1,1178.555888
-2.258243,3,1178.58598
-2.178304,3,1178.614707
-1.112504,2,1178.639239
-2.238636,3,1178.673287
-0.032139,1,1178.683296
-2.1803,3,1178.722095
-1.132803,2,1178.774169
-2.185706,3,1178.852034
-2.19673,3,1178.902942
-2.196583,3,1178.956678
-1.117238,2,1178.989823
-0.011408,1,1179.002837
-2.203833,3,1179.040888
-1.111805,2,1179.070938
-3.321882,4,1179.134772
-3.329045,4,1179.17532
-3.385156,4,1179.221367
-2.240005,3,1179.251713
-1.129484,2,1179.276798
-2.250375,3,1179.305828
-2.208074,3,1179.336866
-1.11702,2,1179.356887
-2.215641,3,1179.393013
-2.258855,3,1179.430713
-2.268085,3,1179.463251
-1.143669,2,1179.484814
-3.349376,4,1179.534875
-1.099444,2,1179.556904
-3.356851,4,1179.603093
-1.107662,2,1179.621649
-2.168148,3,1179.656689
-1.066758,2,1179.679857
-2.252072,3,1179.70688
-2.189434,3,1179.736914
-2.22954,3,1179.768587
-1.106899,2,1179.793128
-1.097773,2,1179.812829
-1.122213,2,1179.831848
-3.36141,4,1179.873941
-2.274817,3,1179.906211
-2.214124,3,1179.93905
-2.266561,3,1179.97477
-0.045221,1,1179.990495
-1.091441,2,1180.015821
-2.294291,3,1180.046856
-2.199184,3,1180.076397
-3.312341,4,1180.129671
-0.006147,1,1180.140684
-1.07207,2,1180.162704
-0.046897,1,1180.172219
-1.131059,2,1180.196824
-3.454083,4,1180.246883
-2.2602,3,1180.275438
-1.106131,2,1180.296611
-2.19135,3,1180.339663
-2.244671,3,1180.369205
-3.290886,4,1180.414859
-1.153108,2,1180.438387
-3.321047,4,1180.490211
-2.248599,3,1180.524992
-2.280094,3,1180.560084
-2.25119,3,1180.596775
-1.115792,2,1180.625815
-2.14696,3,1180.660365
-1.11981,2,1180.68569
-2.188282,3,1180.71974
-2.221987,3,1180.759788
-2.203638,3,1180.792865
-3.386157,4,1180.831851
-3.33495,4,1180.867386
-2.241009,3,1180.904639
-2.218433,3,1180.931674
-3.2797,4,1180.973222
-0.010166,1,1180.985881
-3.309183,4,1181.03506
-1.159289,2,1181.059667
-2.265694,3,1181.089794
-3.37782,4,1181.134851
-2.24648,3,1181.171999
-2.176747,3,1181.203032
-1.12933,2,1181.224136
-3.303283,4,1181.29912
-2.253325,3,1181.383929
-2.179707,3,1181.436627
-2.199359,3,1181.483397
-0.046568,1,1181.497006
-1.088084,2,1181.526581
-0.045097,1,1181.542605
-3.302875,4,1181.600778
-2.194169,3,1181.640356
-1.109387,2,1181.673387
-1.053701,2,1181.694011
-2.241483,3,1181.723637
-2.208781,3,1181.756674
-3.320618,4,1181.803745
-3.428643,4,1181.846791
-3.362104,4,1181.886933
-2.161725,3,1181.915728
-2.178167,3,1181.94827
-3.300314,4,1181.996866
-1.120294,2,1182.016888
-3.325104,4,1182.054053
-1.111602,2,1182.077091
-2.188788,3,1182.109123
-3.397589,4,1182.152757
-3.369981,4,1182.19082
-0.044175,1,1182.20683
-3.357157,4,1182.252888
-3.326529,4,1182.291954
-3.257924,4,1182.336693
-2.25737,3,1182.373244
-2.179783,3,1182.403875
-1.089557,2,1182.424902
-3.286126,4,1182.469043
-2.193247,3,1182.505656
-3.342149,4,1182.550714
-2.251195,3,1182.581254
-0.036112,1,1182.590261
-3.394105,4,1182.63832
-3.328281,4,1182.680886
-2.228455,3,1182.710008
-1.114337,2,1182.731552
-2.195185,3,1182.770792
-3.32193,4,1182.81046
-2.198067,3,1182.840875
-2.268281,3,1182.87391
-2.137137,3,1182.907528
-2.284126,3,1182.938074
-2.246682,3,1182.974121
-0.027737,1,1182.98713
-2.176543,3,1183.023701
-1.13571,2,1183.042719
-1.08775,2,1183.061738
-1.115401,2,1183.082267
-1.114256,2,1183.10628
-1.156584,2,1183.124851
-2.273578,3,1183.15188
-1.136105,2,1183.170406
-2.183276,3,1183.206042
-1.083079,2,1183.225089
-0.022799,1,1183.239104
-0.043083,1,1183.249638
-1.150146,2,1183.275168
-1.133866,2,1183.298298
-2.234022,3,1183.329835
-0.017864,1,1183.341853
-2.178744,3,1183.37502
-2.167738,3,1183.406882
-1.135505,2,1183.430583
-0.026167,1,1183.44009
-1.093114,2,1183.464113
-2.248987,3,1183.49565
-3.383641,4,1183.539208
-3.415298,4,1183.580962
-2.167915,3,1183.620614
-2.248246,3,1183.652648
-3.358304,4,1183.696809
-2.194694,3,1183.726846
-1.086788,2,1183.755883
-2.197468,3,1183.788951
-3.392717,4,1183.830328
-2.252741,3,1183.863669
-3.357331,4,1183.912733
-1.11245,2,1183.931753
-1.131381,2,1183.953771
-2.165021,3,1183.98832
-3.297824,4,1184.033868
-2.221313,3,1184.0634
-2.213516,3,1184.092668
-1.123476,2,1184.115691
-1.131029,2,1184.139219
-2.219507,3,1184.172764
-1.064516,2,1184.191788
-3.374292,4,1184.241851
-2.170478,3,1184.315674
-1.10633,2,1184.356749
-2.284953,3,1184.410864
-3.299074,4,1184.475767
-2.237219,3,1184.521838
-3.363372,4,1184.575909
-2.215311,3,1184.619766
-0.047416,1,1184.632787
-2.186631,3,1184.684877
-2.190582,3,1184.713908
-1.13443,2,1184.740975
-3.363191,4,1184.842836
-2.225418,3,1184.903624
-1.105538,2,1184.934759
-2.169094,3,1184.981846
-1.154005,2,1185.008369
-2.183618,3,1185.048431
-2.217016,3,1185.096756
-2.208831,3,1185.132808
-3.306978,4,1185.173358
-3.286968,4,1185.225699
-2.24257,3,1185.253734
-1.087029,2,1185.283889
-2.246075,3,1185.32468
-1.111239,2,1185.350715
-2.243306,3,1185.386794
-1.109161,2,1185.408317
-0.029992,1,1185.419834
-2.253602,3,1185.460441
-2.303126,3,1185.500547
-3.26133,4,1185.542741
-3.330653,4,1185.586962
-2.14926,3,1185.624115
-1.122874,2,1185.646727
-2.147671,3,1185.679281
-0.018069,1,1185.689292
-2.161109,3,1185.725837
-1.094267,2,1185.752869
-3.308846,4,1185.796975
-1.079603,2,1185.818126
-0.040557,1,1185.836653
-3.393593,4,1185.880994
-2.204318,3,1185.914614
-2.231673,3,1185.946645
-2.287612,3,1185.989247
-3.305179,4,1186.03616
-3.298816,4,1186.079831
-2.202114,3,1186.115874
-2.182239,3,1186.156088
-2.189519,3,1186.185714
-2.184569,3,1186.214745
-3.285231,4,1186.252789
-3.390533,4,1186.299053
-1.113654,2,1186.316154
-3.316129,4,1186.352753
-2.205159,3,1186.38479
-3.382669,4,1186.433858
-2.245918,3,1186.471917
-1.102737,2,1186.499007
-3.229488,4,1186.541622
-2.274296,3,1186.578174
-2.147009,3,1186.618223
-3.318349,4,1186.659784
-3.330357,4,1186.704833
-1.084564,2,1186.733872
-1.152758,2,1186.7549
-3.312967,4,1186.796992
-2.254279,3,1186.839153
-2.254616,3,1186.880715
-3.352991,4,1186.924754
-2.219571,3,1186.956786
-3.323841,4,1187.00685
-1.09472,2,1187.03939
-2.284298,3,1187.072008
-1.122294,2,1187.091722
-1.088937,2,1187.113743
-3.363025,4,1187.168316
-1.095932,2,1187.191857
-2.186517,3,1187.223887
-1.070134,2,1187.249928
-3.351486,4,1187.292673
-3.473997,4,1187.330421
-2.284235,3,1187.358239
-2.262513,3,1187.389781
-1.10047,2,1187.413802
-2.228206,3,1187.440841
-2.224792,3,1187.47187
-2.240765,3,1187.504411
-3.326641,4,1187.547004
-1.130201,2,1187.570659
-3.236491,4,1187.613707
-0.026758,1,1187.624718
-2.227702,3,1187.660775
-2.22882,3,1187.696057
-2.254325,3,1187.73174
-3.391327,4,1187.779813
-1.105728,2,1187.806839
-2.160773,3,1187.841891
-3.403512,4,1187.885031
-2.222012,3,1187.916175
-2.243243,3,1187.956933
-2.239309,3,1187.990205
-3.299846,4,1188.038952
-0.027701,1,1188.051058
-3.356847,4,1188.099266
-3.294715,4,1188.142819
-3.340458,4,1188.190893
-2.166187,3,1188.22495
-2.244512,3,1188.263741
-1.126203,2,1188.284862
-2.219605,3,1188.315892
-2.260012,3,1188.353983
-3.327178,4,1188.400592
-1.124388,2,1188.419164
-2.159525,3,1188.449721
-2.248622,3,1188.480264
-2.19364,3,1188.512911
-1.077997,2,1188.536074
-0.033053,1,1188.547101
-1.066474,2,1188.569267
-1.091567,2,1188.591881
-3.296292,4,1188.632472
-1.079991,2,1188.651996
-2.178269,3,1188.690959
-2.239208,3,1188.726653
-3.299431,4,1188.775223
-3.385488,4,1188.822833
-3.330779,4,1188.8694
-2.225409,3,1188.904619
-2.23745,3,1188.934657
-2.279993,3,1188.966696
-2.215773,3,1189.006541
-0.028695,1,1189.02272
-1.05218,2,1189.043739
-1.130933,2,1189.065762
-2.244128,3,1189.096794
-0.05237,1,1189.112826
-2.190647,3,1189.145846
-2.253774,3,1189.176879
-1.131473,2,1189.198408
-3.293452,4,1189.249267
-2.242654,3,1189.281811
-0.017426,1,1189.29282
-2.186486,3,1189.323855
-2.201092,3,1189.361979
-1.106856,2,1189.383553
-3.283269,4,1189.425704
-0.032831,1,1189.438218
-3.376003,4,1189.490254
-2.185225,3,1189.516826
-1.077547,2,1189.535846
-2.234301,3,1189.565877
-1.13394,2,1189.590144
-2.255797,3,1189.615755
-3.310057,4,1189.655802
-1.115699,2,1189.676328
-1.119869,2,1189.699346
-2.286964,3,1189.735049
-0.039469,1,1189.745747
-2.246832,3,1189.774767
-3.29985,4,1189.825851
-0.041009,1,1189.835864
-3.306123,4,1189.876951
-1.144773,2,1189.899838
-3.391273,4,1189.951907
-1.069064,2,1189.973031
-2.20233,3,1190.011812
-3.313729,4,1190.055863
-2.197721,3,1190.092564
-1.052909,2,1190.113089
-3.311931,4,1190.158422
-2.210948,3,1190.189041
-2.179466,3,1190.229639
-2.215764,3,1190.262671
-2.263336,3,1190.292791
-2.223823,3,1190.326825
-2.265234,3,1190.364871
-3.314987,4,1190.40695
-2.293501,3,1190.442079
-0.041539,1,1190.453734
-2.162194,3,1190.492905
-2.250634,3,1190.525008
-3.291591,4,1190.577127
-2.269826,3,1190.608349
-1.079398,2,1190.633881
-2.232289,3,1190.666913
-2.206619,3,1190.700892
-2.298867,3,1190.731496
-1.125337,2,1190.75969
-3.331809,4,1190.806912
-1.140045,2,1190.830292
-1.088729,2,1190.851976
-1.081703,2,1190.882135
-3.335345,4,1190.929304
-3.444899,4,1190.972219
-2.231771,3,1191.01177
-3.269264,4,1191.063409
-2.177021,3,1191.096687
-3.399695,4,1191.142749
-1.113235,2,1191.16477
-2.182421,3,1191.202883
-2.201962,3,1191.243649
-2.209858,3,1191.285732
-1.105332,2,1191.308252
-2.225078,3,1191.349811
-3.330491,4,1191.391892
-2.225163,3,1191.426965
-2.300747,3,1191.459673
-3.346796,4,1191.509323
-2.166657,3,1191.543864
-1.108127,2,1191.568389
-1.106023,2,1191.589931
-2.219797,3,1191.628115
-1.123819,2,1191.656805
-2.236936,3,1191.690369
-0.023612,1,1191.698987
-2.204961,3,1191.732596
-3.388009,4,1191.774142
-2.243828,3,1191.802792
-0.036769,1,1191.811804
-1.114782,2,1191.834827
-2.241147,3,1191.866858
-2.223388,3,1191.896948
-2.24698,3,1191.924051
-1.114883,2,1191.948112
-2.208915,3,1191.979659
-3.352305,4,1192.025707
-1.064824,2,1192.050224
-2.300639,3,1192.089288
-2.258475,3,1192.122839
-3.381459,4,1192.164882
-2.269441,3,1192.198976
-2.19081,3,1192.235612
-3.350089,4,1192.278157
-0.025356,1,1192.290025
-0.040887,1,1192.301673
-2.231494,3,1192.339213
-2.175858,3,1192.371751
-1.107535,2,1192.392872
-2.215384,3,1192.425911
-2.2866,3,1192.465087
-3.329633,4,1192.509759
-1.111832,2,1192.53179
-2.232903,3,1192.564826
-3.298314,4,1192.612019
-2.219805,3,1192.644631
-2.226086,3,1192.67917
-1.128574,2,1192.698928
-2.23833,3,1192.73555
-2.195668,3,1192.76566
-1.128649,2,1192.786193
-2.223412,3,1192.815889
-3.31286,4,1192.861602
-3.36946,4,1192.90072
-1.09084,2,1192.919736
-3.298267,4,1192.956768
-2.168663,3,1192.990313
-2.241903,3,1193.030143
-0.042117,1,1193.040722
-1.096774,2,1193.060741
-3.362744,4,1193.103842
-2.248939,3,1193.136874
-2.173144,3,1193.166904
-3.333892,4,1193.209656
-2.218062,3,1193.246822
-2.152587,3,1193.279369
-3.317513,4,1193.327055
-1.135573,2,1193.35032
-1.134421,2,1193.377311
-1.113708,2,1193.398937
-1.083144,2,1193.423032
-1.091124,2,1193.451078
-2.221215,3,1193.490318
-1.120257,2,1193.516901
-0.059571,1,1193.528926
-3.342403,4,1193.572651
-1.107424,2,1193.599707
-3.301761,4,1193.642759
-1.06449,2,1193.664782
-2.177007,3,1193.693901
-2.16297,3,1193.731639
-0.034992,1,1193.742647
-0.028357,1,1193.75666
-2.233424,3,1193.790842
-2.263208,3,1193.829384
-1.076743,2,1193.850405
-2.205382,3,1193.884988
-1.130335,2,1193.905037
-1.121998,2,1193.930083
-2.156576,3,1193.959166
-1.151837,2,1193.980201
-3.313691,4,1194.025807
-2.168207,3,1194.059843
-1.089285,2,1194.078868
-2.213476,3,1194.106936
-2.290412,3,1194.13409
-3.357358,4,1194.179179
-0.035173,1,1194.189258
-1.140063,2,1194.209286
-1.127391,2,1194.229815
-2.167924,3,1194.266854
-2.256098,3,1194.299396
-1.086411,2,1194.323986
-2.231722,3,1194.354787
-2.252488,3,1194.393852
-2.180569,3,1194.426895
-3.316379,4,1194.472116
-0.038098,1,1194.482634
-2.176589,3,1194.524697
-2.238528,3,1194.558234
-2.20749,3,1194.590244
-3.304237,4,1194.632854
-1.053829,2,1194.659384
-2.223243,3,1194.690146
-0.043532,1,1194.701714
-3.326355,4,1194.74376
-1.085321,2,1194.773801
-2.217234,3,1194.809363
-2.222963,3,1194.842908
-2.165157,3,1194.882091
-2.259904,3,1194.918178
-2.237833,3,1194.949286
-1.078405,2,1194.971855
-1.080446,2,1194.991939
-2.174777,3,1195.034669
-1.123198,2,1195.055695
-2.308108,3,1195.088254
-2.295601,3,1195.116783
-2.256498,3,1195.149314
-2.210539,3,1195.17738
-1.150145,2,1195.196996
-2.180885,3,1195.228299
-0.037048,1,1195.243818
-2.246327,3,1195.273851
-1.092089,2,1195.291888
-1.080585,2,1195.310457
-0.014329,1,1195.326999
-1.0611,2,1195.355639
-2.189739,3,1195.38829
-1.125773,2,1195.409312
-0.038623,1,1195.425829
-3.395723,4,1195.472897
-2.230997,3,1195.506554
-1.098659,2,1195.526085
-3.364897,4,1195.579331
-2.259468,3,1195.616489
-2.203231,3,1195.650219
-2.208716,3,1195.68331
-2.215073,3,1195.722512
-2.301039,3,1195.751646
-2.154507,3,1195.781177
-1.052494,2,1195.804784
-2.246616,3,1195.842839
-2.235381,3,1195.87639
-2.249678,3,1195.909976
-3.396356,4,1195.951775
-1.142226,2,1195.978309
-2.197011,3,1196.015979
-2.238768,3,1196.051615
-3.402258,4,1196.095723
-3.368117,4,1196.141773
-2.205277,3,1196.171805
-0.047023,1,1196.180317
-1.103021,2,1196.198927
-1.108123,2,1196.223058
-2.192801,3,1196.252631
-2.213229,3,1196.281166
-2.224905,3,1196.31074
-0.052182,1,1196.324752
-2.207847,3,1196.355783
-2.228716,3,1196.383858
-1.083318,2,1196.402877
-2.21174,3,1196.439954
-2.238917,3,1196.481144
-2.258973,3,1196.511805
-1.132693,2,1196.53183
-0.005908,1,1196.548345
-2.163101,3,1196.584395
-1.086951,2,1196.60641
-3.344457,4,1196.648534
-2.265175,3,1196.690315
-1.082384,2,1196.719356
-2.217456,3,1196.748359
-0.017296,1,1196.76088
-2.214788,3,1196.801976
-1.07272,2,1196.831579
-2.194502,3,1196.865614
-3.385127,4,1196.909727
-2.258774,3,1196.944764
-2.163622,3,1196.978307
-1.144946,2,1197.005888
-3.395026,4,1197.064605
-1.157814,2,1197.092085
-1.132401,2,1197.115878
-3.303654,4,1197.166595
-0.013198,1,1197.178619
-2.239425,3,1197.216737
-2.211395,3,1197.245768
-0.040564,1,1197.255779
-2.176858,3,1197.283317
-2.174156,3,1197.314338
-2.191515,3,1197.346003
-2.164111,3,1197.37732
-2.197393,3,1197.406878
-0.019904,1,1197.421898
-0.026584,1,1197.431913
-3.379085,4,1197.472602
-3.281859,4,1197.514644
-2.2117,3,1197.552688
-0.017574,1,1197.564698
-1.118918,2,1197.586727
-3.29338,4,1197.629276
-2.260999,3,1197.66581
-2.170981,3,1197.700863
-2.197422,3,1197.730894
-1.118144,2,1197.752937
-2.201627,3,1197.791651
-1.128244,2,1197.812674
-1.074762,2,1197.841209
-3.315056,4,1197.883871
-1.159293,2,1197.910908
-2.230253,3,1197.948526
-2.236682,3,1197.983786
-2.240094,3,1198.029371
-1.095571,2,1198.055898
-1.071947,2,1198.077436
-3.359887,4,1198.122693
-1.11213,2,1198.142713
-2.174998,3,1198.180263
-2.227598,3,1198.214665
-2.193763,3,1198.248208
-1.112515,2,1198.268228
-1.09164,2,1198.292783
-2.256851,3,1198.323817
-2.167317,3,1198.351847
-2.253796,3,1198.38089
-0.044471,1,1198.396903
-2.168464,3,1198.42704
-2.221563,3,1198.460667
-2.218918,3,1198.498374
-0.024644,1,1198.511897
-2.175447,3,1198.542075
-3.482555,4,1198.5892
-1.117804,2,1198.608219
-1.075485,2,1198.63475
-2.161737,3,1198.665775
-0.046442,1,1198.678795
-2.270086,3,1198.710943
-3.436079,4,1198.762607
-1.089147,2,1198.784136
-0.022275,1,1198.798243
-2.260222,3,1198.829281
-0.035258,1,1198.850322
-3.377554,4,1198.893368
-0.032984,1,1198.906375
-2.225877,3,1198.940149
-2.224231,3,1198.983772
-2.239712,3,1199.022818
-0.019197,1,1199.034834
-2.21129,3,1199.066864
-2.178909,3,1199.105946
-2.240857,3,1199.139685
-2.251821,3,1199.169723
-1.087228,2,1199.191843
-2.205616,3,1199.231901
-0.016904,1,1199.242912
-0.027461,1,1199.254932
-1.13168,2,1199.275008
-0.017007,1,1199.290184
-1.086394,2,1199.312827
-0.035216,1,1199.323837
-2.2753,3,1199.365895
-2.2805,3,1199.414745
-2.281064,3,1199.450325
-3.296537,4,1199.491347
-2.268165,3,1199.521018
-2.297543,3,1199.555702
-2.234281,3,1199.58486
-2.2629,3,1199.612888
-2.157309,3,1199.643678
-2.26862,3,1199.67923
-1.111207,2,1199.704876
-1.11352,2,1199.731579
-0.044337,1,1199.746087
-0.023239,1,1199.762643
-1.108297,2,1199.78317
-1.135363,2,1199.805697
-1.137116,2,1199.82672
-1.080641,2,1199.852751
-3.379718,4,1199.89581
-3.334185,4,1199.93935
-2.19295,3,1199.97508
-2.279009,3,1200.016676
-1.154248,2,1200.040713
-2.28551,3,1200.072754
-2.270554,3,1200.106485
-3.295667,4,1200.15567
-0.045836,1,1200.168183
-1.096734,2,1200.194804
-0.022989,1,1200.206814
-0.012907,1,1200.223841
-2.17179,3,1200.256877
-0.007349,1,1200.269398
-1.094477,2,1200.293113
-1.126461,2,1200.323678
-3.365716,4,1200.366721
-2.216904,3,1200.398255
-3.382158,4,1200.441301
-0.043225,1,1200.45596
-2.245704,3,1200.484247
-2.237519,3,1200.514866
-1.089238,2,1200.533886
-3.317395,4,1200.585621
-1.099212,2,1200.60564
-2.17159,3,1200.633672
-1.056018,2,1200.655692
-2.254218,3,1200.693742
-2.177162,3,1200.724774
-3.348761,4,1200.768327
-3.346171,4,1200.81288
-2.290447,3,1200.858519
-1.095025,2,1200.880642
-3.30724,4,1200.925678
-0.024213,1,1200.942701
-2.188833,3,1200.984755
-2.276702,3,1201.028309
-2.17276,3,1201.068357
-2.222423,3,1201.102907
-2.299373,3,1201.139117
-1.052213,2,1201.160769
-3.367848,4,1201.205811
-1.102134,2,1201.23385
-2.301157,3,1201.277407
-2.249054,3,1201.31075
-1.071274,2,1201.333776
-1.132194,2,1201.355797
-2.131524,3,1201.394847
-1.138424,2,1201.418373
-3.442917,4,1201.462515
-1.123689,2,1201.489719
-2.166193,3,1201.526759
-2.170202,3,1201.555788
-2.157753,3,1201.582466
-1.107684,2,1201.609105
-2.214051,3,1201.645698
-1.115779,2,1201.664714
-1.098698,2,1201.682736
-2.269165,3,1201.712766
-2.233946,3,1201.746797
-2.169801,3,1201.785849
-2.222844,3,1201.813874
-2.163831,3,1201.842907
-1.133784,2,1201.87001
-1.083373,2,1201.890073
-1.119211,2,1201.9107
-2.217593,3,1201.946053
-2.265875,3,1201.990262
-2.211489,3,1202.028243
-3.379307,4,1202.074803
-0.017647,1,1202.083813
-2.2309,3,1202.122859
-3.36541,4,1202.164898
-0.034529,1,1202.178921
-0.044598,1,1202.191938
-1.09913,2,1202.223601
-0.008684,1,1202.235112
-3.386388,4,1202.27976
-0.034376,1,1202.291773
-2.194497,3,1202.326809
-3.280617,4,1202.366853
-0.016643,1,1202.379889
-2.187185,3,1202.414986
-2.246968,3,1202.455703
-1.103732,2,1202.482831
-3.360995,4,1202.529891
-1.094653,2,1202.551939
-2.216477,3,1202.589217
-1.077704,2,1202.611809
-2.251757,3,1202.640846
-2.214313,3,1202.668369
-2.255415,3,1202.700952
-2.187316,3,1202.732614
-2.139496,3,1202.760642
-3.341967,4,1202.798178
-3.2618,4,1202.843736
-2.233029,3,1202.871769
-3.255641,4,1202.9083
-1.069481,2,1202.931837
-1.080001,2,1203.019107
-3.323914,4,1203.102737
-2.196466,3,1203.161849
-2.243959,3,1203.207314
-3.332319,4,1203.262664
-3.459539,4,1203.315881
-3.32786,4,1203.380366
-2.256876,3,1203.422561
-2.215238,3,1203.468171
-2.201382,3,1203.503783
-2.257397,3,1203.53482
-3.3762,4,1203.583398
-2.181688,3,1203.622982
-2.264137,3,1203.65826
-2.19072,3,1203.696318
-3.374628,4,1203.739049
-3.357671,4,1203.782199
-2.231612,3,1203.811781
-2.20548,3,1203.84081
-3.380768,4,1203.876841
-2.194778,3,1203.911545
-1.125714,2,1203.934633
-2.176796,3,1203.966666
-2.200647,3,1204.00021
-1.137341,2,1204.03081
-2.231557,3,1204.071863
-2.22522,3,1204.101403
-1.071997,2,1204.126436
-3.301639,4,1204.173753
-2.280686,3,1204.205866
-2.246674,3,1204.239972
-2.206083,3,1204.280809
-1.059436,2,1204.308449
-3.358449,4,1204.352694
-1.068946,2,1204.372717
-1.123505,2,1204.393241
-1.083505,2,1204.421945
-1.092921,2,1204.443561
-1.116292,2,1204.46658
-0.019573,1,1204.4796
-2.261351,3,1204.515733
-2.244702,3,1204.550784
-2.162519,3,1204.580813
-2.246817,3,1204.615871
-1.090566,2,1204.645915
-3.377673,4,1204.690108
-3.437638,4,1204.730704
-0.00672,1,1204.742715
-1.129571,2,1204.772752
-3.400102,4,1204.814821
-2.216196,3,1204.843853
-1.143646,2,1204.861875
-2.208274,3,1204.899041
-2.267731,3,1204.931143
-3.32836,4,1204.968293
-3.354716,4,1205.014013
-1.073945,2,1205.039143
-3.288936,4,1205.07668
-2.160135,3,1205.106214
-2.236351,3,1205.138291
-2.189149,3,1205.172828
-2.329404,3,1205.201981
-2.242762,3,1205.239074
-3.340632,4,1205.28422
-2.246163,3,1205.320262
-1.147457,2,1205.342871
-2.250775,3,1205.380592
-1.106231,2,1205.401116
-2.189129,3,1205.440155
-2.191165,3,1205.473854
-1.098126,2,1205.49392
-2.165203,3,1205.525993
-2.288559,3,1205.565778
-3.378825,4,1205.606866
-3.327825,4,1205.650663
-2.252678,3,1205.685208
-0.046329,1,1205.698724
-3.241233,4,1205.740407
-2.239485,3,1205.77684
-2.265584,3,1205.809009
-3.288826,4,1205.855609
-2.251123,3,1205.891714
-3.372893,4,1205.929757
-3.384328,4,1205.976802
-0.042248,1,1205.995331
-1.095516,2,1206.014869
-2.190671,3,1206.042903
-1.120222,2,1206.061635
-2.188096,3,1206.102686
-1.064279,2,1206.126713
-2.252223,3,1206.154744
-2.191612,3,1206.181775
-1.110618,2,1206.213856
-3.340672,4,1206.255902
-3.316904,4,1206.300864
-1.135264,2,1206.325893
-1.13229,2,1206.353017
-2.206479,3,1206.384584
-3.385756,4,1206.430195
-3.386773,4,1206.478198
-2.193572,3,1206.516758
-2.213765,3,1206.551807
-2.256866,3,1206.582845
-1.068906,2,1206.603371
-2.192654,3,1206.641582
-0.027412,1,1206.652089
-2.232328,3,1206.684226
-2.188188,3,1206.714262
-2.246574,3,1206.754905
-2.179338,3,1206.788605
-2.201071,3,1206.817137
-2.223456,3,1206.850714
-2.239597,3,1206.889258
-2.243222,3,1206.918782
-1.076187,2,1206.939313
-2.224119,3,1206.969354
-1.153215,2,1206.996624
-2.160287,3,1207.028159
-2.235335,3,1207.058193
-1.119044,2,1207.080731
-2.20584,3,1207.116863
-2.183919,3,1207.145897
-0.031686,1,1207.155908
-1.093299,2,1207.173616
-2.221226,3,1207.209244
-1.077959,2,1207.228265
-1.073775,2,1207.246782
-2.237522,3,1207.281838
-2.233326,3,1207.323642
-3.392494,4,1207.368197
-3.366205,4,1207.410849
-1.138058,2,1207.433879
-2.229157,3,1207.472755
-2.247995,3,1207.502846
-2.207896,3,1207.539383
-3.32026,4,1207.579088
-1.091338,2,1207.605745
-2.192545,3,1207.641787
-3.320355,4,1207.681834
-2.229313,3,1207.712913
-1.111637,2,1207.742983
-1.137332,2,1207.764044
-1.09646,2,1207.786179
-2.152999,3,1207.813838
-2.195681,3,1207.852886
-2.169191,3,1207.883472
-3.264878,4,1207.924662
-2.260839,3,1207.959716
-1.108303,2,1207.991265
-2.248063,3,1208.025806
-1.131812,2,1208.046832
-1.071803,2,1208.069359
-1.10378,2,1208.096397
-2.301935,3,1208.12597
-1.097438,2,1208.14609
-0.048285,1,1208.15581
-1.125581,2,1208.180848
-2.240913,3,1208.212387
-3.410542,4,1208.252644
-2.197728,3,1208.28368
-1.151602,2,1208.306829
-3.324814,4,1208.344878
-2.180792,3,1208.374574
-1.094515,2,1208.394652
-1.153523,2,1208.41818
-1.090323,2,1208.444041
-2.254037,3,1208.476645
-0.013494,1,1208.491177
-2.237336,3,1208.529245
-2.266223,3,1208.563414
-2.273869,3,1208.596027
-1.137576,2,1208.620171
-0.012423,1,1208.636666
-2.219265,3,1208.6647
-1.113014,2,1208.685225
-1.088201,2,1208.705889
-2.196358,3,1208.743041
-3.29878,4,1208.785156
-1.076234,2,1208.805752
-0.029076,1,1208.814763
-3.319819,4,1208.860533
-3.392251,4,1208.90564
-3.293145,4,1208.946696
-2.212231,3,1208.981745
-0.053546,1,1208.999868
-2.205654,3,1209.034905
-2.244648,3,1209.065581
-1.114732,2,1209.089114
-2.257875,3,1209.133713
-2.287976,3,1209.172769
-3.302309,4,1209.216877
-1.06694,2,1209.235897
-2.240068,3,1209.266957
-0.013708,1,1209.278985
-3.354282,4,1209.318159
-2.225541,3,1209.355708
-1.127412,2,1209.382745
-2.209873,3,1209.412859
-1.132828,2,1209.432882
-1.106132,2,1209.454907
-1.148079,2,1209.480661
-2.186979,3,1209.51673
-3.308728,4,1209.563675
-2.222678,3,1209.597217
-3.412197,4,1209.64686
-2.286057,3,1209.679401
-3.312312,4,1209.722075
-1.095647,2,1209.744613
-2.153249,3,1209.781659
-0.046183,1,1209.792175
-3.310436,4,1209.836951
-2.27654,3,1209.871588
-2.21367,3,1209.908141
-2.239942,3,1209.943684
-1.108206,2,1209.96671
-2.148705,3,1210.001912
-2.278085,3,1210.041625
-2.188358,3,1210.074661
-2.271576,3,1210.106777
-2.247632,3,1210.138308
-2.207002,3,1210.183864
-2.176703,3,1210.216395
-2.229302,3,1210.247168
-0.0424,1,1210.258225
-2.226185,3,1210.29582
-2.267554,3,1210.324852
-2.157176,3,1210.35289
-2.241061,3,1210.380947
-0.017836,1,1210.399088
-2.281002,3,1210.430163
-3.371205,4,1210.469358
-2.253024,3,1210.498393
-2.19541,3,1210.536013
-2.212713,3,1210.564717
-0.012946,1,1210.576729
-1.118906,2,1210.596767
-2.264456,3,1210.638337
-2.249276,3,1210.668372
-2.188038,3,1210.701946
-0.047158,1,1210.712678
-2.154694,3,1210.755725
-3.340564,4,1210.795272
-0.008378,1,1210.805795
-0.008161,1,1210.814803
-1.135176,2,1210.842838
-0.038213,1,1210.854846
-1.135133,2,1210.875868
-2.225716,3,1210.909007
-1.094378,2,1210.940086
-2.16124,3,1210.979727
-2.293065,3,1211.023829
-1.079529,2,1211.04485
-3.313965,4,1211.101693
-2.308468,3,1211.13823
-3.291671,4,1211.183788
-3.387681,4,1211.239059
-1.095771,2,1211.272706
-2.178637,3,1211.302851
-1.080287,2,1211.325876
-0.047224,1,1211.339896
-2.251684,3,1211.375989
-2.155527,3,1211.40471
-3.373829,4,1211.44926
-3.357568,4,1211.491318
-2.229379,3,1211.526954
-1.108488,2,1211.54503
-2.215036,3,1211.582666
-1.081488,2,1211.61488
-1.108041,2,1211.640282
-1.101389,2,1211.659891
-2.251611,3,1211.696951
-2.148374,3,1211.72964
-3.386076,4,1211.779196
-2.191169,3,1211.812874
-1.15701,2,1211.834898
-2.191374,3,1211.865619
-3.361434,4,1211.914796
-2.179508,3,1211.949335
-1.082499,2,1211.969861
-1.059439,2,1211.99852
-2.249445,3,1212.046702
-2.247924,3,1212.081757
-1.096818,2,1212.109362
-2.239631,3,1212.140905
-1.078201,2,1212.166982
-1.146072,2,1212.190083
-1.125654,2,1212.210763
-3.284391,4,1212.252815
-2.163591,3,1212.289362
-2.161912,3,1212.324054
-1.08512,2,1212.346834
-2.240586,3,1212.389401
-2.250604,3,1212.425543
-1.138191,2,1212.449678
-2.2424,3,1212.481726
-1.155603,2,1212.499818
-2.207298,3,1212.53185
-1.114557,2,1212.550873
-2.216531,3,1212.58291
-2.242317,3,1212.611714
-3.330541,4,1212.663779
-2.170284,3,1212.694317
-0.022302,1,1212.706832
