#{"t_start": 1777834692.386121, "env_id": "FetchReach-v4"}
r,l,t
-66.307363,50,0.953439
-63.254036,50,0.999979
-4.368105,5,1.003999
-57.759935,50,1.044587
-58.033563,50,1.097185
-58.710921,50,1.14429
-24.024502,23,1.163814
-58.299316,50,1.209405
-59.170471,50,1.260072
-58.055134,50,1.30302
-60.48785,50,1.346055
-57.817618,50,1.393613
-63.941019,50,1.438168
-56.716119,50,1.478774
-9.895429,10,1.486282
-30.006947,27,1.508811
-64.690953,50,1.555366
-58.819206,50,1.614513
-12.08906,12,1.626527
-62.272156,50,1.6701
-45.473648,41,1.707129
-57.538001,50,1.750264
-61.062221,50,1.795331
-63.327139,50,1.840385
-62.639028,50,1.890629
-57.707515,50,1.938827
-58.974225,50,1.987978
-58.584446,50,2.033543
-56.990643,50,2.085658
-67.492916,50,2.132282
-64.517458,50,2.175836
-66.085685,50,2.22043
-61.647604,50,2.271001
-57.231428,50,2.313556
-60.483995,50,2.358105
-62.932578,50,2.406676
-58.280301,50,2.456324
-62.000972,50,2.498875
-61.980557,50,2.538979
-66.292167,50,2.582548
-59.290941,50,2.629601
-56.50002,50,2.66866
-61.959762,50,2.709292
-10.879145,11,2.719304
-14.416196,14,2.733316
-56.2981,50,2.772458
-40.26902,36,2.802489
-61.684125,50,2.846535
-58.019727,50,2.894091
-62.908696,50,2.940678
-64.996564,50,2.981776
-56.920994,50,3.028882
-61.758608,50,3.076448
-56.777838,50,3.129523
-59.924518,50,3.174579
-62.982791,50,3.219132
-60.329143,50,3.268287
-59.964948,50,3.308834
-57.041472,50,3.35352
-62.515885,50,3.39961
-14.565368,14,3.416631
-49.457097,46,3.458776
-57.95633,50,3.502958
-58.34529,50,3.544583
-58.55327,50,3.59364
-59.159187,50,3.634313
-59.203476,50,3.676362
-65.448707,50,3.716415
-60.22267,50,3.756464
-59.799535,50,3.800536
-15.711225,15,3.811551
-58.521307,50,3.851594
-62.599018,50,3.895638
-64.86176,50,3.942799
-65.622887,50,3.988867
-62.335232,50,4.034429
-61.287744,50,4.145918
-58.986881,50,4.227875
-62.622065,50,4.287971
-59.159693,50,4.333539
-60.574209,50,4.379615
-58.237501,50,4.432787
-59.737004,50,4.486525
-55.760443,50,4.529585
-58.92485,50,4.58166
-61.718916,50,4.630483
-30.337876,27,4.655511
-18.836011,18,4.670535
-5.458206,6,4.681553
-64.539214,50,4.722597
-59.163731,50,4.763205
-58.245817,50,4.805366
-62.079041,50,4.848916
-57.841902,50,4.891549
-63.539512,50,4.939614
-59.762102,50,4.979678
-57.632462,50,5.029375
-62.551029,50,5.07793
-59.509603,50,5.122488
-60.729656,50,5.164537
-64.240146,50,5.2126
-14.598479,14,5.226617
-41.211572,37,5.259752
-64.310856,50,5.30282
-57.99646,50,5.351432
-62.591466,50,5.393481
-8.829916,9,5.402496
-64.751128,50,5.44956
-57.562071,50,5.499614
-62.294422,50,5.5467
-57.426082,50,7.548673
-64.588331,50,8.133456
-56.37839,50,8.696945
-65.606762,50,9.256539
-5.499914,6,9.32132
-57.147023,50,9.884812
-61.215933,50,10.410411
-57.217254,50,10.950714
-60.423868,50,11.502127
-64.649945,50,12.048051
-60.933853,50,12.603811
-58.671094,50,13.198039
-60.162815,50,13.775426
-8.625819,9,13.879563
-59.096084,50,14.487081
-58.904642,50,15.026312
-63.960236,50,15.588374
-61.358137,50,16.201766
-63.67187,50,16.85549
-30.637468,29,17.223525
-63.155222,50,17.816428
-57.27621,50,18.4047
-40.071095,37,18.850369
-59.205357,50,19.396671
-57.198282,50,19.986866
-66.635156,50,20.552588
-64.266831,50,21.130744
-57.99746,50,21.679525
-13.865744,13,21.833498
-57.346888,50,22.382574
-6.610284,7,22.456788
-58.910263,50,23.056539
-59.378976,50,23.60711
-2.20487,3,23.64422
-8.793263,9,23.76561
-61.600792,50,24.343546
-60.204302,50,24.931749
-62.124754,50,25.554624
-59.177608,50,26.405448
-56.15029,50,28.500623
-2.222654,3,28.623616
-0.054932,1,28.66084
-60.409684,50,30.773658
-59.951755,50,32.824627
-56.089865,50,34.815603
-58.874678,50,36.816669
-57.543162,50,38.887842
-67.534004,50,40.938265
-62.708784,50,42.92545
-66.770596,50,44.971375
-57.303167,50,46.903128
-58.855424,50,49.036827
-0.050548,1,49.090468
-4.256475,5,49.290357
-56.638409,50,51.381444
-57.762294,50,53.473558
-64.899838,50,55.486792
-59.473177,50,57.60953
-63.871054,50,59.462449
-66.988136,50,61.386262
-60.853661,50,63.298026
-62.908634,50,65.293748
-4.314854,5,65.576425
-60.670468,50,67.438998
-62.682226,50,69.502484
-60.473581,50,71.142981
-58.681582,50,72.884805
-58.758991,50,74.925561
-61.309377,50,76.356547
-59.042224,50,77.683845
-58.296719,50,79.060447
-62.286982,50,80.479669
-60.808357,50,81.76146
-58.171054,50,83.188024
-60.590772,50,84.781391
-60.057487,50,86.322809
-38.512212,35,87.468879
-63.146592,50,88.896586
-59.991745,50,90.440781
-59.183414,50,91.776687
-59.795902,50,93.050491
-4.290128,5,93.200158
-12.417402,12,93.581461
-56.572281,50,95.122508
-58.940312,50,96.435542
-58.63667,50,97.651476
-67.404491,50,98.903481
-60.719324,50,100.172873
-59.044173,50,101.385432
-59.235448,50,102.595585
-60.685898,50,103.806465
-35.086162,33,104.605581
-57.396253,50,105.640506
-14.326107,14,105.98307
-59.395797,50,107.178983
-62.918,50,108.337971
-58.754851,50,109.582347
-61.568252,50,110.894458
-59.598143,50,112.085044
-60.598893,50,113.271366
-62.963673,50,114.507926
-59.133519,50,115.719918
-1.110567,2,115.778041
-58.470871,50,117.021461
-61.761985,50,118.084603
-56.076098,50,119.113344
-0.047323,1,119.139894
-60.273571,50,120.140737
-58.482869,50,121.155518
-56.439545,50,122.249396
-64.989406,50,123.314487
-59.915722,50,124.530301
-58.978017,50,125.718951
-55.96415,50,126.938914
-60.802316,50,128.148416
-56.610349,50,129.27445
-17.588796,17,133.762914
-61.448706,50,135.110364
-65.165118,50,136.362386
-60.0675,50,137.618936
-61.002456,50,138.719914
-57.300997,50,140.026572
-60.951029,50,141.261934
-57.575561,50,142.438636
-57.815309,50,143.738007
-61.313228,50,145.036768
-32.012707,30,145.816585
-17.419365,17,146.254037
-65.717448,50,147.507999
-58.12715,50,148.696506
-59.092246,50,149.889553
-57.192368,50,151.156754
-58.332961,50,152.318097
-45.245647,42,153.29954
-57.41045,50,154.465403
-57.936943,50,155.644987
-56.993499,50,156.861616
-56.635678,50,158.091598
-62.683623,50,159.233275
-57.040282,50,160.418895
-59.363835,50,161.555323
-21.736278,20,162.094501
-16.407489,16,162.547964
-57.524957,50,163.931721
-58.381732,50,165.279012
-57.128895,50,166.4665
-56.768062,50,167.634576
-13.034007,13,167.911454
-57.238807,50,168.924993
-55.620517,50,169.956588
-56.721403,50,170.939134
-2.186936,3,171.006819
-21.961371,21,171.504562
-31.438306,29,172.170959
-37.950765,35,172.983747
-2.195458,3,173.055547
-56.994081,50,174.299041
-18.437553,18,174.751478
-17.404412,17,175.166974
-56.861684,50,176.490476
-19.085309,18,176.976112
-55.834724,50,178.332713
-30.671034,29,179.037268
-22.298541,21,179.552517
-18.801785,18,179.985301
-15.583653,15,180.367009
-54.627981,50,181.606637
-59.287006,50,182.757944
-46.46845,43,183.85658
-13.030219,13,184.166783
-3.233508,4,184.262572
-55.810664,50,185.538691
-44.046384,41,186.609657
-28.109682,26,187.269432
-20.969748,20,187.770654
-11.080623,11,188.016962
-14.137815,14,188.334243
-4.299105,5,188.450011
-28.213522,26,189.085011
-56.315085,50,190.303684
-44.654582,41,191.53563
-34.768478,32,192.386245
-4.474139,5,192.517957
-5.440199,6,192.661462
-3.304744,4,192.760459
-4.429421,5,192.887997
-9.716473,10,193.152375
-18.782518,18,193.631628
-22.181361,21,194.218172
-8.643093,9,194.451565
-52.639276,49,195.952544
-43.037591,40,197.208648
-3.271336,4,197.331478
-18.672598,18,197.833763
-18.463107,18,198.319362
-26.414616,25,198.995961
-20.652111,20,199.49627
-13.554917,13,199.826085
-14.600967,14,200.164773
-14.372031,14,200.506739
-19.707816,19,200.960467
-19.990426,19,201.441558
-14.581232,14,201.780035
-2.212114,3,201.854408
-33.295976,31,202.558976
-2.17995,3,202.63046
-15.676971,15,202.9957
-11.973963,12,203.281742
-0.03998,1,203.300802
-19.212768,18,203.728064
-26.436045,25,204.369443
-7.747791,8,204.595524
-13.538553,13,204.966546
-14.31439,14,205.409595
-6.645655,7,205.656396
-26.058463,24,206.322855
-5.554617,6,206.493588
-8.79242,9,206.704525
-7.578918,8,206.944475
-20.399054,19,207.440657
-9.745949,10,207.742604
-19.891567,19,208.172638
-14.287659,14,208.519446
-8.812683,9,208.688724
-0.015106,1,208.706393
-21.063224,20,209.109693
-36.93824,35,209.938355
-18.686098,18,210.323561
-11.950156,12,210.569489
-29.240944,27,211.137127
-6.547239,7,211.306129
-6.43648,7,211.445691
-19.745779,19,211.863404
-0.04985,1,211.883938
-9.741945,10,212.112733
-5.452689,6,212.225377
-54.965541,50,213.460184
-16.386224,16,213.854433
-7.61482,8,214.069475
-3.31443,4,214.180783
-1.078066,2,214.236568
-5.45957,6,214.398858
-18.400887,18,214.832503
-11.098098,11,215.128824
-19.582479,19,215.59474
-5.447554,6,215.742393
-14.076391,14,216.112765
-6.583291,7,216.288514
-3.348625,4,216.38712
-8.864592,9,216.642525
-9.987327,10,216.926666
-3.258211,4,217.040259
-3.296259,4,217.150613
-6.583298,7,217.339524
-8.897971,9,217.613664
-25.446633,24,218.354333
-2.174646,3,218.465678
-12.04363,12,218.841481
-16.351898,16,219.332323
-12.080879,12,219.688515
-5.500967,6,219.838962
-5.521431,6,220.000855
-6.580148,7,220.183368
-11.10342,11,220.471648
-2.219466,3,220.534499
-1.105359,2,220.58157
-23.732631,23,221.228906
-27.222314,26,221.915426
-20.622277,20,222.48245
-7.826746,8,222.705125
-5.606163,6,222.866581
-25.459051,24,223.680465
-3.286641,4,223.788647
-20.569224,20,224.317902
-0.035778,1,224.348001
-27.756447,26,225.129033
-5.423371,6,225.285999
-9.742814,10,225.522526
-4.371092,5,225.651421
-7.812923,8,225.823445
-7.688833,8,226.013547
-10.74055,11,226.255777
-4.421166,5,226.385935
-3.271131,4,226.492729
-15.585672,15,226.847999
-5.553995,6,226.986573
-7.652857,8,227.149537
-1.127534,2,227.19146
-3.345554,4,227.284611
-5.426384,6,227.416635
-5.448119,6,227.555573
-5.42005,6,227.67161
-4.402375,5,227.776534
-5.521235,6,227.900211
-28.493076,27,228.477996
-1.091802,2,228.521575
-11.099035,11,228.774414
-3.259522,4,228.86356
-2.194067,3,228.93787
-8.643656,9,229.146444
-13.982888,14,229.433464
-3.359531,4,229.530623
-3.222364,4,229.629565
-3.317709,4,229.722625
-0.026632,1,229.750714
-13.188065,13,230.031986
-4.490153,5,230.161466
-11.941518,12,230.471724
-19.965509,19,230.884738
-3.399292,4,230.972553
-8.592449,9,231.190833
-3.317405,4,231.290565
-0.030348,1,231.313595
-51.975395,48,232.578033
-19.774852,19,233.102402
-3.261923,4,233.200078
-1.125706,2,233.262543
-4.447262,5,233.382548
-4.29486,5,233.503886
-3.345706,4,233.600924
-3.32333,4,233.69345
-9.920447,10,233.946426
-2.218046,3,234.039597
-6.521673,7,234.236526
-13.194644,13,234.562605
-3.310544,4,234.6814
-4.402344,5,234.826675
-3.298417,4,234.924352
-0.035276,1,234.964425
-3.304706,4,235.054584
-5.543068,6,235.198517
-4.438353,5,235.313617
-23.301755,22,235.821433
-8.868494,9,236.041584
-0.039767,1,236.075577
-5.443064,6,236.225229
-1.075622,2,236.274558
-3.316926,4,236.37458
-3.41818,4,236.483516
-7.555626,8,236.683614
-17.260834,17,237.085362
-2.181609,3,237.146549
-1.130606,2,237.198641
-2.19253,3,237.27252
-9.937341,10,237.514818
-3.351479,4,237.616607
-10.984579,11,237.899061
-5.647309,6,238.041379
-8.648426,9,238.210773
-3.408771,4,238.290352
-2.213722,3,238.369604
-5.644565,6,238.518062
-0.02356,1,238.543605
-2.227396,3,238.620595
-3.321607,4,238.723627
-8.882383,9,238.936541
-8.854294,9,239.151555
-3.282937,4,239.242659
-3.356024,4,239.345526
-3.352191,4,239.449566
-17.375515,17,239.907072
-4.498197,5,240.040274
-6.54202,7,240.235707
-6.409384,7,240.40006
-5.475749,6,240.586495
-5.441945,6,240.732683
-4.322512,5,240.855572
-4.428137,5,240.957955
-5.601133,6,241.126057
-3.290257,4,241.272603
-5.536588,6,241.444456
-3.341139,4,241.574521
-7.62758,8,241.810298
-1.109027,2,241.870434
-4.536163,5,242.019761
-1.071062,2,242.083455
-4.444613,5,242.253626
-6.618821,7,242.473307
-2.237439,3,242.566635
-4.343876,5,242.68653
-2.180385,3,242.760478
-3.317281,4,242.859438
-6.654117,7,243.054374
-4.293269,5,243.181463
-5.42519,6,243.311462
-3.33351,4,243.407123
-2.203011,3,243.501645
-4.425148,5,243.626724
-3.254478,4,243.729837
-4.391073,5,243.851457
-3.370401,4,243.974494
-5.546873,6,244.145558
-4.409641,5,244.262677
-3.292869,4,244.370619
-3.309761,4,244.486571
-0.051539,1,244.518945
-3.31879,4,244.62381
-3.27173,4,244.728917
-15.77359,15,245.119931
-3.289935,4,245.2259
-17.429278,17,245.703438
-1.121171,2,245.762539
-17.450582,17,246.30307
-3.301455,4,246.413782
-7.760227,8,246.613345
-3.38619,4,246.708659
-2.171518,3,246.779565
-1.104944,2,246.823827
-14.345399,14,247.172506
-2.21184,3,247.250258
-6.467369,7,247.434463
-3.336027,4,247.544618
-19.662633,19,248.014683
-2.268071,3,248.091852
-0.030353,1,248.126543
-5.415995,6,248.281498
-3.294136,4,248.384505
-5.483787,6,248.534357
-2.248318,3,248.609485
-4.353099,5,248.752497
-3.270251,4,248.831631
-9.73894,10,249.08649
-12.886862,13,249.406679
-6.63316,7,249.589546
-0.058526,1,249.611682
-31.341475,30,250.410684
-3.419885,4,250.505004
-2.194935,3,250.576535
-12.922532,13,250.86135
-2.19666,3,250.925421
-4.464246,5,251.043115
-5.383804,6,251.166526
-2.18692,3,251.23535
-2.162428,3,251.315392
-9.813116,10,251.551706
-10.970604,11,251.828934
-1.12579,2,251.869123
-3.345731,4,251.971219
-3.375328,4,252.077282
-3.351633,4,252.198857
-1.091517,2,252.258101
-2.191957,3,252.363631
-11.012347,11,252.701583
-2.201933,3,252.808985
-4.511474,5,252.959597
-4.384925,5,253.101557
-4.462428,5,253.25153
-4.340494,5,253.38354
-3.300546,4,253.473872
-3.315446,4,253.562851
-1.120847,2,253.615545
-10.920333,11,253.896549
-4.404764,5,254.037126
-3.307801,4,254.145207
-4.390909,5,254.274088
-1.111606,2,254.332568
-3.289668,4,254.442447
-2.228222,3,254.518064
-3.296474,4,254.635558
-3.369764,4,254.749629
-3.265345,4,254.86865
-3.375151,4,254.989558
-2.209401,3,255.088114
-3.293707,4,255.21364
-2.187707,3,255.319414
-4.529701,5,255.493479
-2.229472,3,255.583488
-2.197027,3,255.684591
-2.2142,3,255.774525
-2.167455,3,255.872421
-1.120119,2,255.948065
-4.473158,5,256.079039
-3.293843,4,256.191627
-4.434926,5,256.346927
-3.359003,4,256.48827
-2.196092,3,256.580274
-1.09072,2,256.631781
-6.560876,7,256.838836
-3.258108,4,256.962522
-5.54048,6,257.119617
-4.297625,5,257.261592
-2.227978,3,257.343472
-5.584087,6,257.518928
-3.373701,4,257.635049
-2.182139,3,257.716672
-1.074847,2,257.784491
-3.269042,4,257.905982
-3.270447,4,258.031668
-2.244569,3,258.135573
-1.136936,2,258.205151
-3.356745,4,258.351294
-2.171882,3,258.449938
-3.343275,4,258.595613
-3.283759,4,258.710342
-4.439688,5,258.892654
-4.378605,5,259.080545
-5.483095,6,259.278958
-4.452539,5,259.431449
-7.542816,8,259.701452
-2.218723,3,259.822597
-3.289114,4,259.964487
-4.386321,5,260.124314
-1.107164,2,260.223734
-3.454135,4,260.351704
-2.217702,3,260.435392
-4.345718,5,260.931461
-5.44597,6,261.097831
-2.148766,3,261.184605
-3.319708,4,261.280451
-2.190617,3,261.36795
-0.038796,1,261.400093
-2.169084,3,261.472622
-3.294414,4,261.570148
-4.463677,5,261.699596
-2.162928,3,261.792533
-2.154596,3,261.870525
-4.435142,5,262.035602
-2.179889,3,262.126843
-2.175512,3,262.207005
-1.122014,2,262.280554
-3.251486,4,262.383496
-6.470228,7,262.585568
-2.14026,3,262.681579
-4.326289,5,262.801528
-2.23214,3,262.867955
-2.205916,3,262.942639
-4.41411,5,263.070834
-3.328323,4,263.183475
-5.427091,6,263.343451
-5.597701,6,263.513028
-7.817495,8,263.744536
-1.064867,2,263.804634
-3.371161,4,263.906178
-10.899033,11,264.202809
-4.312226,5,264.352509
-4.481057,5,264.51056
-1.093451,2,264.56464
-4.413266,5,264.685537
-3.377988,4,264.798795
-2.179911,3,264.893573
-3.272847,4,265.005644
-0.030735,1,265.034868
-2.174525,3,265.146483
-2.181243,3,265.224682
-3.321798,4,265.334822
-4.453889,5,265.479415
-3.319798,4,265.609613
-1.11012,2,265.67651
-1.105946,2,265.740632
-3.315131,4,265.860092
-0.026034,1,265.886485
-0.014243,1,265.918033
-2.179381,3,266.010573
-3.360009,4,266.128036
-2.187345,3,266.222488
-11.961557,12,266.574484
-4.512556,5,266.694394
-3.348915,4,266.809489
-3.380298,4,266.892617
-1.092833,2,266.932818
-5.359361,6,267.067989
-1.13859,2,267.110554
-3.338392,4,267.199458
-3.375593,4,267.286583
-3.414056,4,267.376554
-2.22159,3,267.442745
-1.094819,2,267.500341
-3.336539,4,267.58132
-3.236074,4,267.675247
-0.037653,1,267.694345
-2.182987,3,267.765449
-3.275914,4,267.85459
-1.108942,2,267.8917
-3.353495,4,267.970149
-2.258518,3,268.046514
-5.418957,6,268.205476
-2.157188,3,268.268071
-1.119819,2,268.318653
-7.577849,8,268.51232
-1.113277,2,268.569596
-1.088957,2,268.629703
-2.251119,3,268.716374
-2.2157,3,268.787974
-1.089542,2,268.832548
-4.487412,5,268.943398
-0.0347,1,268.964425
-2.210678,3,269.036646
-3.41471,4,269.116328
-2.235737,3,269.165539
-3.325312,4,269.261669
-3.345928,4,269.359528
-3.369801,4,269.456397
-1.069404,2,269.512534
-5.396172,6,269.645537
-3.287391,4,269.736409
-3.27964,4,269.839005
-1.122934,2,269.899628
-3.378291,4,269.988269
-2.20822,3,270.056406
-3.253399,4,270.158044
-3.293328,4,270.25344
-2.204019,3,270.313035
-0.026613,1,270.348205
-3.362625,4,270.446407
-2.251384,3,270.518523
-4.578036,5,270.633846
-3.274928,4,270.724637
-2.268522,3,270.796383
-3.285324,4,270.901594
-3.379432,4,271.003562
-1.119271,2,271.066558
-3.377291,4,271.163455
-2.204757,3,271.220056
-1.108134,2,271.269639
-2.242116,3,271.342454
-3.377279,4,271.428714
-3.360908,4,271.521996
-3.353195,4,271.61095
-3.322886,4,271.715113
-3.231266,4,271.805566
-2.221044,3,271.879416
-2.272543,3,271.962554
-1.125809,2,272.023538
-1.130488,2,272.072978
-14.045137,14,272.448221
-1.103178,2,272.509516
-3.345216,4,272.630381
-1.11055,2,272.682473
-3.327219,4,272.792601
-2.215914,3,272.876423
-1.087793,2,272.946031
-1.096089,2,273.010478
-2.211036,3,273.118835
-0.0149,1,273.143875
-0.026949,1,273.189026
-1.101534,2,273.245428
-3.291496,4,273.374444
-2.182238,3,273.464513
-2.202254,3,273.566479
-0.044393,1,273.59653
-3.335854,4,273.722127
-3.304299,4,273.845189
-2.214714,3,273.931722
-3.352967,4,274.034601
-1.121981,2,274.09247
-2.174286,3,274.176811
-2.16889,3,274.266465
-3.340151,4,274.365705
-2.235249,3,274.439727
-2.220208,3,274.516152
-1.115679,2,274.574549
-4.411863,5,274.712672
-1.118534,2,274.75372
-3.333811,4,274.862622
-3.357776,4,274.984484
-1.06731,2,275.041793
-0.053113,1,275.063524
-3.354119,4,275.179478
-4.393311,5,275.339795
-1.119287,2,275.394623
-3.297773,4,275.501557
-0.037278,1,275.533796
-9.687873,10,275.83664
-3.302861,4,275.960545
-1.105948,2,276.025649
-3.307862,4,276.131758
-2.193575,3,276.222838
-3.40102,4,276.360414
-2.253365,3,276.459503
-3.253131,4,276.589537
-3.289868,4,276.705622
-2.192471,3,276.80356
-3.310671,4,276.934775
-3.429531,4,277.043712
-2.206854,3,277.133803
-2.227192,3,277.22682
-2.256907,3,277.316087
-2.23894,3,277.405401
-3.426173,4,277.530533
-3.362308,4,277.619766
-1.11381,2,277.671519
-2.232024,3,277.748957
-3.347345,4,277.830818
-4.427944,5,277.943642
-3.345352,4,278.033151
-2.150898,3,278.103539
-2.21449,3,278.180572
-2.243198,3,278.253363
-2.269688,3,278.33112
-2.201678,3,278.400133
-2.196732,3,278.476635
-4.496924,5,278.594446
-0.054294,1,278.622011
-3.369956,4,278.703433
-3.277099,4,278.803464
-2.153551,3,278.883802
-2.163421,3,278.940698
-1.123342,2,278.989546
-3.33091,4,279.096672
-2.165992,3,279.163484
-3.339865,4,279.251584
-3.328346,4,279.350434
-1.127036,2,279.406518
-2.168308,3,279.483431
-2.194012,3,279.552551
-2.189824,3,279.626338
-3.314936,4,279.728053
-2.179737,3,279.798275
-3.375723,4,279.881392
-2.250144,3,279.950576
-2.229269,3,280.028311
-3.316343,4,280.120929
-1.116208,2,280.156531
-3.428491,4,280.251818
-3.312217,4,280.360056
-0.041717,1,280.382482
-1.123601,2,280.426046
-3.32176,4,280.525089
-3.340931,4,280.633901
-3.328863,4,280.733492
-4.326411,5,280.846579
-3.455864,4,280.944507
-0.050846,1,280.976552
-2.246797,3,281.039711
-2.237677,3,281.114515
-3.359011,4,281.206394
-5.514317,6,281.35813
-2.188702,3,281.425966
-2.225072,3,281.500435
-3.29335,4,281.58247
-10.999858,11,281.816127
-2.21506,3,281.878796
-3.387116,4,281.970517
-1.109341,2,282.023595
-2.232052,3,282.100451
-3.345683,4,282.191595
-2.173148,3,282.254822
-5.49823,6,282.396395
-2.21775,3,282.468014
-2.168052,3,282.544646
-1.078661,2,282.596865
-3.316763,4,282.733324
-1.122954,2,282.799681
-9.601668,10,283.039354
-2.255366,3,283.11448
-2.184166,3,283.182595
-1.122927,2,283.240539
-3.280785,4,283.330422
-2.277679,3,283.402536
-3.235001,4,283.501406
-3.270897,4,283.606372
-5.555875,6,283.744663
-0.031131,1,283.769816
-3.273119,4,283.86946
-3.33201,4,283.962629
-3.302399,4,284.05168
-2.256866,3,284.118078
-3.350229,4,284.213548
-2.191806,3,284.288788
-2.188937,3,284.360606
-2.188873,3,284.413972
-3.345717,4,284.50661
-3.310059,4,284.600491
-0.046577,1,284.624032
-2.230343,3,284.691577
-1.113615,2,284.735647
-2.201329,3,284.809478
-2.314052,3,284.873903
-2.265649,3,284.941775
-4.326259,5,285.049755
-3.357576,4,285.138639
-3.278245,4,285.230671
-1.133353,2,285.274534
-2.169714,3,285.341402
-1.099816,2,285.396476
-1.116458,2,285.442631
-1.096242,2,285.488808
-3.32253,4,285.586643
-2.178246,3,285.659427
-0.047888,1,285.678956
-2.236421,3,285.743555
-2.211711,3,285.816362
-0.014523,1,285.855587
-2.191665,3,285.93064
-1.058929,2,285.981468
-2.261596,3,286.048774
-2.156557,3,286.125391
-53.435865,50,287.199628
-1.087882,2,287.236542
-1.081899,2,287.280621
-3.346489,4,287.36643
-0.023079,1,287.3881
-3.327163,4,287.47449
-3.285235,4,287.56082
-1.097941,2,287.60252
-3.289789,4,287.677891
-4.3598,5,287.787947
-1.099426,2,287.834033
-2.207952,3,287.900551
-3.387865,4,287.980542
-1.128984,2,288.014589
-2.194017,3,288.081497
-3.264938,4,288.171618
-0.035192,1,288.192181
-2.187703,3,288.25497
-3.267575,4,288.326876
-0.034126,1,288.355542
-2.190247,3,288.418675
-3.284035,4,288.505535
-2.263381,3,288.568084
-3.370406,4,288.659787
-3.381634,4,288.750003
-0.031127,1,288.774294
-3.356963,4,288.870155
-0.055326,1,288.89556
-3.282077,4,288.981587
-3.319553,4,289.066581
-2.199151,3,289.110735
-0.051963,1,289.135794
-2.180659,3,289.196564
-2.225638,3,289.272832
-2.147461,3,289.343299
-3.264585,4,289.43128
-0.036564,1,289.453496
-5.457915,6,289.572828
-2.300741,3,289.635125
-1.088579,2,289.695543
-3.396238,4,289.772465
-2.172065,3,289.838674
-3.337529,4,289.936077
-0.032142,1,289.966193
-3.369864,4,290.051437
-2.237779,3,290.109522
-2.195481,3,290.1634
-1.110429,2,290.212481
-3.433368,4,290.291759
-1.141395,2,290.347097
-0.046242,1,290.372608
-1.100013,2,290.418925
-2.255445,3,290.480776
-1.116031,2,290.524956
-3.284352,4,290.598857
-3.377708,4,290.686584
-2.213037,3,290.746795
-3.337795,4,290.842648
-2.272762,3,290.91545
-0.037024,1,290.941651
-0.039558,1,290.964364
-1.117311,2,291.008744
-3.351792,4,291.083625
-3.365702,4,291.175668
-2.20883,3,291.238948
-2.198725,3,291.298029
-1.143758,2,291.342701
-0.058887,1,291.372365
-2.245289,3,291.436591
-2.216575,3,291.499388
-1.095828,2,291.551767
-2.217898,3,291.624999
-3.281945,4,291.727008
-2.231988,3,291.805404
-2.191706,3,291.883354
-2.213997,3,291.948967
-1.1226,2,291.990642
-2.233966,3,292.057966
-2.211578,3,292.127086
-3.345278,4,292.221514
-3.312313,4,292.319704
-2.184159,3,292.391463
-3.385469,4,292.483446
-1.089508,2,292.544723
-2.192042,3,292.610631
-2.164877,3,292.696472
-2.257094,3,292.77328
-4.362253,5,292.907949
-2.283505,3,292.988089
-0.03265,1,293.011239
-2.161459,3,293.088045
-2.172924,3,293.169397
-4.433389,5,293.288081
-2.191817,3,293.356618
-1.11536,2,293.407964
-2.204862,3,293.495603
-2.178053,3,293.592602
-2.2147,3,293.674527
-4.490968,5,293.811747
-3.365795,4,293.922436
-2.183778,3,293.99872
-3.377288,4,294.091493
-3.292052,4,294.187917
-2.179149,3,294.256631
-2.207637,3,294.321846
-10.776315,11,294.565407
-0.035337,1,294.591464
-2.176118,3,294.670361
-1.082172,2,294.713431
-1.127151,2,294.751378
-0.029987,1,294.776413
-2.224975,3,294.842677
-3.340553,4,294.941578
-2.240798,3,295.010391
-3.313664,4,295.10532
-3.398438,4,295.213376
-3.207446,4,295.318935
-1.138822,2,295.377102
-3.275376,4,295.485609
-2.212141,3,295.565375
-2.167174,3,295.64602
-2.206103,3,295.743105
-2.197549,3,295.832983
-1.098488,2,295.886612
-2.203537,3,295.966619
-2.16057,3,296.045189
-2.241928,3,296.118918
-3.182644,4,296.210284
-2.258422,3,296.273844
-3.3406,4,296.366762
-1.130349,2,296.414123
-1.106091,2,296.476973
-1.11895,2,296.522492
-1.14993,2,296.563839
-0.010218,1,296.585399
-1.075622,2,296.639004
-4.418749,5,296.748022
-3.215682,4,296.84478
-3.314383,4,296.955815
-3.366592,4,297.071549
-2.17407,3,297.14362
-2.268503,3,297.200418
-1.100316,2,297.245577
-2.149678,3,297.328911
-3.333854,4,297.424619
-3.311641,4,297.507926
-1.123454,2,297.561471
-2.231942,3,297.631777
-3.349566,4,297.7326
-1.059007,2,297.781379
-1.135738,2,297.828952
-0.035092,1,297.856767
-1.090456,2,297.901641
-3.3087,4,297.996382
-3.267156,4,298.103392
-2.247391,3,298.194666
-3.306755,4,298.286604
-3.367394,4,298.380649
-1.126754,2,298.428916
-0.04859,1,298.459516
-3.317865,4,298.556673
-1.098238,2,298.618017
-3.414855,4,298.708682
-1.115987,2,298.752512
-0.022291,1,298.775543
-2.245476,3,298.82956
-1.143791,2,298.871626
-1.123748,2,298.914433
-3.329081,4,299.000577
-2.169132,3,299.06044
-2.173807,3,299.133622
-4.277702,5,299.243002
-2.174832,3,299.314445
-2.141873,3,299.386561
-0.028271,1,299.406591
-3.319018,4,299.503484
-3.316765,4,299.596629
-2.227486,3,299.670625
-0.007455,1,299.696374
-0.044273,1,299.731527
-2.202442,3,299.79913
-1.103133,2,299.845398
-3.318759,4,299.932554
-2.201606,3,300.012979
-1.077315,2,300.059741
-2.240677,3,300.116556
-0.02256,1,300.139094
-4.525064,5,300.259525
-2.18229,3,300.326623
-1.101059,2,300.375148
-2.193605,3,300.443093
-2.162626,3,300.526639
-2.203123,3,300.601401
-2.185999,3,300.676503
-4.476061,5,300.800331
-3.346321,4,300.894426
-0.032321,1,300.926471
-2.22127,3,301.018042
-2.250325,3,301.100279
-2.209414,3,301.184293
-3.284504,4,301.309876
-3.334438,4,301.406421
-1.141514,2,301.469107
-2.186995,3,301.550208
-3.386452,4,301.646466
-0.042351,1,301.668003
-3.413605,4,301.772366
-1.081934,2,301.825472
-0.036028,1,301.850635
-3.314233,4,301.952348
-2.213133,3,302.013505
-3.331976,4,302.116472
-2.247827,3,302.189677
-2.205459,3,302.259573
-0.043395,1,302.279609
-1.140079,2,302.337876
-1.133368,2,302.384581
-3.460656,4,302.493628
-4.436332,5,302.611621
-4.456907,5,302.734128
-3.284321,4,302.829493
-2.267226,3,302.91658
-3.302317,4,303.023502
-3.342266,4,303.134968
-1.082186,2,303.181562
-0.036374,1,303.214509
-3.349843,4,303.30795
-3.322466,4,303.435575
-3.421125,4,303.545137
-0.033338,1,303.575542
-3.44627,4,303.685537
-3.401736,4,303.80808
-2.205471,3,303.902563
-3.386358,4,304.02035
-2.202498,3,304.110087
-2.217393,3,304.20655
-2.192515,3,304.300185
-2.226122,3,304.396514
-2.223909,3,304.485077
-1.122755,2,304.54167
-3.301297,4,304.641278
-3.344398,4,304.751821
-1.120185,2,304.812582
-2.217285,3,304.908023
-5.663242,6,305.10143
-1.151116,2,305.160738
-1.12458,2,305.209509
-3.301774,4,305.329093
-3.303719,4,305.452747
-3.352226,4,305.580692
-3.267011,4,305.704745
-3.282085,4,305.821788
-0.043902,1,305.851964
-1.085905,2,305.920204
-2.222263,3,306.029575
-3.36549,4,306.155253
-1.092868,2,306.206458
-3.316911,4,306.318688
-3.315736,4,306.440664
-2.258038,3,306.561377
-1.088948,2,306.631498
-2.211257,3,306.714549
-3.450429,4,306.794382
-3.433298,4,306.896735
-2.204414,3,306.971531
-3.306255,4,307.077178
-2.219734,3,307.158734
-2.208437,3,307.260664
-3.299588,4,307.344642
-2.184846,3,307.414459
-3.485387,4,307.516943
-2.238686,3,307.588074
-1.066118,2,307.636839
-2.279205,3,307.703629
-3.324887,4,307.791524
-1.088622,2,307.839094
-0.03595,1,307.865338
-0.042851,1,307.885366
-1.09963,2,307.927934
-0.047437,1,307.965634
-2.194642,3,308.043067
-3.289219,4,308.131712
-3.413091,4,308.217984
-4.48828,5,308.32955
-2.155073,3,308.397981
-2.28085,3,308.444428
-3.321121,4,308.526561
-2.21668,3,308.593186
-1.100831,2,308.629917
-1.071115,2,308.659712
-1.085319,2,308.70562
-1.146679,2,308.755805
-2.245245,3,308.818033
-3.333948,4,308.896548
-2.158194,3,308.965837
-1.144077,2,309.014585
-0.038741,1,309.039101
-2.26045,3,309.099454
-3.373762,4,309.176628
-2.207091,3,309.24996
-2.254306,3,309.310351
-3.337461,4,309.390744
-2.137582,3,309.445613
-2.157636,3,309.510437
-2.271508,3,309.565621
-3.309846,4,309.66191
-2.169158,3,309.738062
-1.102595,2,309.79053
-1.093998,2,309.829585
-3.303941,4,309.919734
-3.315642,4,310.00244
-3.284036,4,310.080357
-3.319838,4,310.150609
-2.208567,3,310.202443
-0.040382,1,310.222475
-1.102809,2,310.26988
-2.265459,3,310.33046
-2.237237,3,310.389655
-1.107238,2,310.426412
-3.304524,4,310.511508
-2.196862,3,310.563799
-2.206518,3,310.631388
-0.039502,1,310.65292
-2.25204,3,310.734152
-0.027784,1,310.755333
-2.171042,3,310.817953
-3.279708,4,310.90814
-3.307665,4,311.009088
-1.116025,2,311.051828
-1.101629,2,311.099569
-2.190003,3,311.166392
-0.024615,1,311.193435
-2.186562,3,311.258116
-1.073002,2,311.301454
-0.045021,1,311.327993
-3.40437,4,311.411559
-0.013073,1,311.431588
-2.185998,3,311.489455
-2.175716,3,311.549046
-1.14542,2,311.606386
-1.105539,2,311.642257
-2.254126,3,311.710572
-4.457538,5,311.829023
-0.027809,1,311.853759
-3.386709,4,311.954526
-3.370769,4,312.058837
-2.177772,3,312.141467
-2.175847,3,312.220603
-3.317386,4,312.331464
-2.238766,3,312.399079
-3.344426,4,312.482471
-3.337168,4,312.576729
-2.210651,3,312.645691
-1.129786,2,312.697896
-3.362118,4,312.798838
-1.148796,2,312.852671
-0.053607,1,312.877925
-2.145796,3,312.961682
-1.093711,2,313.021467
-2.232426,3,313.114585
-1.116711,2,313.16471
-3.310517,4,313.268109
-1.095162,2,313.319895
-3.266365,4,313.435529
-1.134269,2,313.483876
-1.108296,2,313.534599
-4.450747,5,313.652694
-2.164121,3,313.734571
-2.147853,3,313.805468
-1.127794,2,313.855049
-3.30587,4,313.960479
-3.306693,4,314.070904
-2.182286,3,314.153609
-3.305865,4,314.25087
-1.154308,2,314.302543
-2.226931,3,314.386541
-3.348402,4,314.48946
-2.249017,3,314.575703
-1.078963,2,314.631614
-2.276518,3,314.716551
-1.098761,2,314.764748
-4.502181,5,314.889502
-1.092942,2,314.938068
-2.220658,3,315.006433
-3.278843,4,315.102587
-3.307792,4,315.212958
-1.151841,2,315.265465
-2.22685,3,315.350522
-2.218092,3,315.427995
-2.223127,3,315.493618
-2.231423,3,315.563502
-3.269326,4,315.667894
-0.046665,1,315.696431
-2.172819,3,315.769053
-2.227446,3,315.853384
-2.216728,3,315.932521
-1.124452,2,315.981992
-1.130021,2,316.042444
-3.288624,4,316.154612
-3.34302,4,316.260469
-3.317385,4,316.361635
-4.478508,5,316.493474
-2.150287,3,316.57059
-2.225229,3,316.650525
-2.179412,3,316.716616
-3.295477,4,316.82043
-2.185537,3,316.893592
-3.33218,4,317.004551
-2.182949,3,317.076724
-2.169513,3,317.154806
-3.330877,4,317.263456
-2.175342,3,317.350595
-3.305935,4,317.458441
-3.331049,4,317.563389
-2.207258,3,317.630497
-0.04022,1,317.66654
-1.134986,2,317.711044
-0.037778,1,317.735683
-1.107993,2,317.778831
-1.141758,2,317.831617
-2.266777,3,317.901736
-1.120985,2,317.949944
-2.23837,3,318.023677
-1.107999,2,318.077042
-2.143808,3,318.146541
-2.220604,3,318.224835
-3.285374,4,318.323359
-3.340475,4,318.424567
-0.028272,1,318.444665
-3.366919,4,318.533746
-3.326102,4,318.632546
-2.263161,3,318.716595
-3.316054,4,318.813504
-2.242999,3,318.882401
-2.258156,3,318.941994
-3.372156,4,319.026676
-1.107292,2,319.067909
-2.243712,3,319.142034
-3.287314,4,319.22905
-3.256025,4,319.323495
-2.277829,3,319.388946
-2.177771,3,319.462733
-3.334498,4,319.562805
-0.04091,1,319.595364
-2.198678,3,319.661624
-2.228582,3,319.734481
-2.208386,3,319.807894
-1.104461,2,319.863645
-2.261189,3,319.926508
-3.276588,4,320.029583
-3.367598,4,320.131469
-3.300967,4,320.251032
-1.117439,2,320.318953
-3.234359,4,320.431484
-1.097815,2,320.484924
-2.211535,3,320.594653
-0.042506,1,320.62535
-3.332687,4,320.733576
-2.176988,3,320.814388
-2.242342,3,320.908085
-2.14562,3,321.000129
-2.273346,3,321.103407
-3.483377,4,321.213599
-1.160792,2,321.276604
-1.101868,2,321.335486
-2.187943,3,321.421432
-3.245807,4,321.54364
-2.184531,3,321.621422
-1.112135,2,321.672632
-1.143351,2,321.728651
-3.286976,4,321.850905
-3.322617,4,321.96374
-0.030723,1,321.993494
-2.217707,3,322.068749
-2.262084,3,322.143102
-2.17874,3,322.224581
-2.257802,3,322.304463
-1.122584,2,322.346615
-2.228426,3,322.425533
-2.19935,3,322.50961
-1.152614,2,322.54406
-3.318493,4,322.628093
-3.363626,4,322.72141
-2.220017,3,322.804621
-2.200484,3,322.873643
-2.229163,3,322.95709
-2.225848,3,323.011573
-2.22478,3,323.09898
-2.216383,3,323.189574
-4.444771,5,323.264633
-1.092073,2,323.322398
-2.198709,3,323.411431
-3.373763,4,323.514491
-3.368833,4,323.629419
-3.359567,4,323.752461
-1.066244,2,323.834591
-2.181981,3,323.941528
-2.276627,3,324.034471
-1.105907,2,324.099821
-2.162753,3,324.226495
-1.105519,2,324.296451
-2.205114,3,324.390147
-2.224136,3,324.48338
-1.076523,2,324.556992
-2.243642,3,324.669616
-3.332527,4,324.727987
-2.218408,3,324.804503
-3.454107,4,324.974607
-1.111421,2,325.030284
-2.2203,3,325.150987
-3.402959,4,325.26899
-2.211063,3,325.346108
-2.25028,3,325.418042
-2.221784,3,325.502569
-2.214864,3,325.584466
-3.356516,4,325.692756
-2.276981,3,325.778717
-3.327526,4,325.883192
-2.254612,3,325.979506
-3.268724,4,326.147908
-1.130073,2,326.229838
-2.249142,3,326.327957
-2.163557,3,326.401409
-2.279617,3,326.504747
-3.358229,4,326.636772
-2.268405,3,326.726382
-3.35394,4,326.839612
-3.341129,4,326.963588
-3.457913,4,327.06462
-3.34961,4,327.166603
-2.257733,3,327.247047
-2.194671,3,327.31048
-3.339179,4,327.40539
-3.360481,4,327.482661
-1.108299,2,327.520794
-2.217549,3,327.592602
-3.346652,4,327.673519
-2.213691,3,327.746125
-3.301932,4,327.855698
-3.360504,4,327.981349
-2.229256,3,328.052957
-3.311712,4,328.163875
-1.122511,2,328.206624
-5.385013,6,328.352984
-0.04195,1,328.375894
-3.357444,4,328.459431
-2.238681,3,328.523527
-3.366612,4,328.598846
-4.433713,5,328.692636
-3.320557,4,328.77806
-1.147581,2,328.825631
-2.216091,3,328.886449
-0.03737,1,328.900071
-0.027115,1,328.913488
-2.275451,3,328.970682
-3.283354,4,329.060038
-1.076468,2,329.116437
-2.217598,3,329.18063
-3.415621,4,329.269519
-3.308538,4,329.363519
-2.212329,3,329.425607
-2.210838,3,329.494557
-1.069083,2,329.539126
-2.205323,3,329.620505
-1.075088,2,329.661655
-3.374201,4,329.752526
-2.212118,3,329.820636
-3.316618,4,329.920421
-4.490539,5,330.005755
-2.297351,3,330.065701
-2.222634,3,330.125545
-1.086497,2,330.178834
-3.382115,4,330.259134
-1.106054,2,330.306524
-2.208961,3,330.372532
-3.396908,4,330.462387
-3.37279,4,330.545521
-3.248624,4,330.619663
-1.114569,2,330.652976
-2.244625,3,330.715458
-2.250707,3,330.772822
-2.208724,3,330.839549
-2.258302,3,330.89878
-1.127042,2,330.94042
-2.16018,3,330.986481
-0.041945,1,331.006511
-2.263064,3,331.061606
-1.106532,2,331.106842
-2.243513,3,331.175618
-3.282612,4,331.301519
-1.127568,2,331.360662
-2.267214,3,331.44962
-1.097373,2,331.507176
-3.392487,4,331.607996
-3.387954,4,331.705361
-1.125635,2,331.74793
-1.122038,2,331.795587
-4.346375,5,331.929537
-0.032218,1,331.949069
-0.044228,1,331.979117
-1.099878,2,332.022461
-3.374673,4,332.108927
-1.097508,2,332.162566
-3.442256,4,332.25043
-1.126783,2,332.30051
-3.347831,4,332.395573
-3.338034,4,332.512583
-1.139328,2,332.570358
-4.282989,5,332.691636
-0.030445,1,332.716265
-3.326737,4,332.807923
-0.033887,1,332.838973
-3.387883,4,332.935387
-2.221432,3,333.01981
-2.257916,3,333.101305
-2.21928,3,333.199392
-3.324688,4,333.326559
-3.324004,4,333.440229
-1.138695,2,333.507904
-1.079775,2,333.561501
-3.332143,4,333.665767
-0.046244,1,333.696484
-2.266931,3,333.770643
-3.363082,4,333.881407
-3.470823,4,333.985501
-2.234427,3,334.052611
-0.036492,1,334.076668
-3.377521,4,334.172519
-10.735472,11,334.466513
-2.242612,3,334.541425
-3.331173,4,334.644343
-3.420182,4,334.759511
-3.281473,4,334.858827
-2.203725,3,334.933426
-3.311717,4,335.041625
-1.119146,2,335.100034
-4.382395,5,335.229617
-2.19424,3,335.301534
-2.244421,3,335.375182
-3.392967,4,335.486511
-2.191613,3,335.573594
-1.121377,2,335.623444
-1.093501,2,335.681547
-2.234498,3,335.760405
-3.411984,4,335.860577
-1.117128,2,335.908811
-1.093327,2,335.956484
-3.367689,4,336.051665
-2.198407,3,336.123147
-0.034952,1,336.142453
-1.100989,2,336.193538
-1.118447,2,336.249136
-1.087941,2,336.293646
-1.093496,2,336.353765
-2.233566,3,336.429894
-0.033463,1,336.461684
-2.220672,3,336.535562
-3.319523,4,336.629539
-3.31634,4,336.726557
-2.183925,3,336.80461
-2.227985,3,336.882578
-4.451134,5,337.021331
-1.121308,2,337.065551
-3.350044,4,337.195641
-2.249217,3,337.27563
-1.070284,2,337.334467
-3.29282,4,337.446682
-3.290466,4,337.561722
-2.22594,3,337.651082
-2.193147,3,337.72907
-0.022625,1,337.750204
-3.425108,4,337.868733
-0.041618,1,337.902416
-2.273207,3,338.004369
-0.024265,1,338.029415
-2.247596,3,338.14052
-3.333676,4,338.246513
-6.606631,7,338.436432
-2.258551,3,338.509053
-2.228721,3,338.585445
-0.033598,1,338.609491
-3.361895,4,338.711631
-1.11974,2,338.761765
-2.217264,3,338.858806
-3.311434,4,338.964007
-2.246554,3,339.044545
-2.247087,3,339.123332
-3.356059,4,339.228074
-3.363897,4,339.330471
-3.368112,4,339.426768
-1.108312,2,339.48544
-1.140896,2,339.536533
-2.175257,3,339.609612
-2.150388,3,339.680451
-1.068858,2,339.741556
-3.28786,4,339.842547
-0.031444,1,339.863779
-2.264213,3,339.931623
-3.301095,4,340.035489
-3.340069,4,340.126627
-2.254127,3,340.202487
-2.172341,3,340.282376
-2.208041,3,340.392703
-3.395289,4,340.557899
-1.117138,2,340.611592
-3.282574,4,340.709101
-3.306114,4,340.804624
-0.040122,1,340.835412
-4.45569,5,340.954058
-2.248493,3,341.030581
-2.215998,3,341.098982
-2.175333,3,341.178865
-1.142145,2,341.219509
-2.286944,3,341.289478
-2.27831,3,341.365296
-1.073406,2,341.428068
-1.112519,2,341.4794
-1.126812,2,341.514403
-1.114808,2,341.549459
-2.249913,3,341.627035
-2.252302,3,341.704457
-2.245954,3,341.789669
-1.104019,2,341.835584
-0.022549,1,341.864642
-3.258937,4,341.963103
-3.278604,4,342.052609
-3.360331,4,342.141262
-3.367215,4,342.254601
-1.088076,2,342.296267
-2.262244,3,342.376864
-0.03473,1,342.418042
-2.229955,3,342.505796
-3.29252,4,342.596393
-3.482014,4,342.716448
-0.025166,1,342.740494
-2.27209,3,342.826584
-2.248391,3,342.91261
-1.130721,2,342.966072
-1.11441,2,343.019046
-2.304762,3,343.088048
-3.426826,4,343.183571
-3.345258,4,343.284972
-3.294721,4,343.375725
-3.272355,4,343.478123
-3.262784,4,343.570638
-2.185416,3,343.640538
-1.083093,2,343.682774
-1.119424,2,343.739485
-2.243781,3,343.810374
-3.295511,4,343.903701
-3.269208,4,343.994436
-2.249884,3,344.063708
-3.382753,4,344.145435
-2.209858,3,344.203574
-3.357804,4,344.284399
-3.389201,4,344.3691
-2.190675,3,344.425435
-3.378265,4,344.513489
-3.36705,4,344.596702
-3.292055,4,344.696455
-3.388387,4,344.778883
-3.292219,4,344.868876
-2.152339,3,344.936493
-1.120904,2,344.988106
-3.378262,4,345.074814
-2.194611,3,345.136422
-2.196091,3,345.20357
-0.036834,1,345.234622
-3.347517,4,345.322443
-3.406975,4,345.401648
-0.051032,1,345.426827
-2.217489,3,345.490184
-0.036673,1,345.51506
-2.199161,3,345.584488
-2.188681,3,345.645237
-2.179844,3,345.716452
-3.340134,4,345.792429
-1.094026,2,345.835483
-2.212354,3,345.898918
-3.333492,4,345.996594
-2.231671,3,346.066814
-1.139847,2,346.107976
-0.058471,1,346.131524
-0.031372,1,346.160577
-2.2108,3,346.228074
-1.07984,2,346.277997
-3.28915,4,346.376906
-3.308377,4,346.491671
-4.447925,5,346.612576
-2.287093,3,346.686776
-1.127185,2,346.738098
-0.050429,1,346.766658
-3.296864,4,346.859499
-4.444396,5,346.967942
-2.178989,3,347.035557
-1.124122,2,347.081744
-2.268834,3,347.154402
-0.027725,1,347.176567
-2.199268,3,347.235766
-1.136455,2,347.289405
-2.252355,3,347.354501
-1.071715,2,347.399872
-3.317825,4,347.494967
-2.271951,3,347.569637
-2.250398,3,347.625449
-2.170826,3,347.686548
-0.025746,1,347.710652
-3.29727,4,347.803535
-2.208135,3,347.879866
-2.168057,3,347.94954
-2.189405,3,348.010097
-3.280439,4,348.103562
-2.250752,3,348.165768
-3.379212,4,348.238206
-1.144331,2,348.279605
-0.042626,1,348.310004
-2.24627,3,348.381479
-2.231055,3,348.456601
-3.32248,4,348.540601
-3.35976,4,348.629643
-2.160769,3,348.703478
-2.21761,3,348.759568
-0.021612,1,348.780108
-1.092339,2,348.834626
-2.17649,3,348.908035
-0.035992,1,348.931578
-0.018913,1,348.948097
-3.393812,4,349.04252
-1.096751,2,349.084683
-0.030985,1,349.1056
-1.091967,2,349.155574
-2.175794,3,349.227089
-2.212855,3,349.276682
-2.135837,3,349.337999
-1.064683,2,349.373394
-1.093835,2,349.423487
-2.222493,3,349.471073
-2.238425,3,349.539629
-4.476777,5,349.628132
-2.262014,3,349.698104
-3.222511,4,349.780674
-2.206409,3,349.840436
-0.028777,1,349.862966
-3.298203,4,349.976651
-3.449472,4,350.058124
-2.279177,3,350.126353
-2.19607,3,350.18002
-3.445505,4,350.256453
-1.096964,2,350.300714
-4.409863,5,350.398056
-1.14047,2,350.435613
-1.139531,2,350.481803
-2.213013,3,350.54041
-0.040174,1,350.562942
-3.26594,4,350.648187
-2.231319,3,350.712551
-1.126206,2,350.761362
-2.192028,3,350.823598
-1.113141,2,350.868713
-3.332083,4,350.96058
-2.163577,3,351.025491
-3.351156,4,351.106372
-3.318295,4,351.190602
-3.26783,4,351.289575
-2.232049,3,351.346299
-2.169986,3,351.398769
-2.235685,3,351.464423
-3.30552,4,351.552561
-3.327764,4,351.632411
-4.403501,5,351.730731
-3.322632,4,351.817193
-2.236908,3,351.891629
-1.115508,2,351.934839
-2.165832,3,352.001639
-3.289555,4,352.073548
-3.365444,4,352.170712
-2.135994,3,352.235551
-3.30033,4,352.329448
-3.301731,4,352.410804
-1.096769,2,352.464205
-1.096159,2,352.499382
-1.121629,2,352.534432
-1.120585,2,352.583619
-0.043053,1,352.61375
-3.350249,4,352.698702
-2.253157,3,352.756523
-2.276754,3,352.834573
-2.250515,3,352.907969
-2.236817,3,352.970916
-2.227313,3,353.054723
-3.280827,4,353.146659
-3.278492,4,353.235414
-2.238295,3,353.3097
-2.207268,3,353.379933
-2.181222,3,353.450629
-2.191031,3,353.525485
-2.202256,3,353.588107
-2.183827,3,353.650522
-2.231884,3,353.716533
-1.112983,2,353.77314
-2.183278,3,353.843464
-3.394945,4,353.941411
-1.10037,2,353.984648
-2.23174,3,354.065988
-3.350647,4,354.164054
-1.099317,2,354.207855
-0.028602,1,354.231403
-2.275404,3,354.298121
-1.098297,2,354.340901
-2.187307,3,354.408001
-0.047093,1,354.42653
-3.328295,4,354.518875
-2.208199,3,354.588138
-1.132347,2,354.634428
-3.438527,4,354.727978
-3.346193,4,354.838726
-1.155396,2,354.889589
-2.184613,3,354.956827
-3.403747,4,355.050527
-3.375646,4,355.148032
-2.168807,3,355.209837
-3.327512,4,355.306732
-1.13444,2,355.353417
-2.230379,3,355.424793
-1.070445,2,355.468292
-3.390177,4,355.545508
-2.19287,3,355.61181
-2.188874,3,355.689669
-2.226047,3,355.763964
-2.156855,3,355.834947
-1.113863,2,355.886576
-3.239369,4,355.97367
-1.103916,2,356.014595
-2.225564,3,356.087993
-3.275221,4,356.184333
-2.196067,3,356.262482
-3.330483,4,356.356484
-1.092588,2,356.406439
-2.26058,3,356.475059
-2.191061,3,356.555554
-3.331337,4,356.656596
-3.364619,4,356.765922
-2.179137,3,356.844863
-4.41871,5,356.988879
-3.362156,4,357.08506
-1.112724,2,357.133096
-3.309749,4,357.243479
-3.408322,4,357.338788
-2.212987,3,357.4015
-2.173387,3,357.48476
-2.147329,3,357.560427
-2.197344,3,357.643661
-3.318829,4,357.766134
-3.315206,4,357.871761
-2.1403,3,357.952509
-2.244701,3,358.025281
-2.223131,3,358.106635
-2.179134,3,358.178181
-3.312879,4,358.285934
-3.312023,4,358.398811
-2.18077,3,358.472048
-1.072783,2,358.52347
-1.103696,2,358.586777
-2.223689,3,358.679102
-1.128737,2,358.729475
-0.03223,1,358.750006
-3.344691,4,358.860062
-2.215163,3,358.949476
-3.375618,4,359.048044
-2.164599,3,359.113633
-1.119582,2,359.161485
-3.440958,4,359.272569
-3.327836,4,359.386594
-3.329575,4,359.49447
-2.168532,3,359.563586
-0.013429,1,359.595181
-2.22691,3,359.68072
-3.346767,4,359.787071
-1.128897,2,359.844611
-2.237577,3,359.930456
-2.219372,3,360.009433
-4.4244,5,360.128178
-1.076103,2,360.188705
-2.21362,3,360.274023
-0.018313,1,360.289593
-3.430009,4,360.404617
-3.296351,4,360.500859
-1.131047,2,360.544618
-1.112914,2,360.595556
-3.336197,4,360.694472
-2.237781,3,360.762608
-3.368306,4,360.850501
-0.026286,1,360.878824
-2.18068,3,360.950572
-4.391057,5,361.074434
-3.325157,4,361.174353
-3.318829,4,361.270866
-3.275736,4,361.372648
-0.04686,1,361.39593
-0.034662,1,361.422524
-2.202037,3,361.498838
-2.248487,3,361.574123
-1.127848,2,361.614559
-0.028011,1,361.639605
-2.239103,3,361.708587
-1.151503,2,361.754429
-3.348144,4,361.842589
-0.041833,1,361.868731
-2.259396,3,361.944569
-3.36472,4,362.03558
-2.136625,3,362.106596
-0.025695,1,362.139526
-1.115402,2,362.186599
-0.028836,1,362.212644
-1.115951,2,362.260076
-3.257267,4,362.353571
-1.057797,2,362.405682
-2.273008,3,362.478975
-2.291207,3,362.536553
-2.209398,3,362.610472
-2.191415,3,362.670066
-2.183454,3,362.726636
-2.196667,3,362.796339
-2.266435,3,362.86806
-1.133906,2,362.91664
-3.33309,4,363.013631
-3.397099,4,363.102621
-2.260683,3,363.174956
-1.109051,2,363.216655
-3.348044,4,363.316284
-1.107423,2,363.369689
-2.189971,3,363.452354
-1.053969,2,363.490434
-2.166641,3,363.55053
-0.026695,1,363.572899
-3.293236,4,363.675564
-2.151918,3,363.7428
-1.134951,2,363.796674
-1.103464,2,363.847034
-2.167243,3,363.926602
-0.025906,1,363.954262
-1.086599,2,364.006363
-4.474066,5,364.140597
-0.032394,1,364.173179
-2.183843,3,364.251692
-3.293371,4,364.346752
-1.11478,2,364.393865
-3.344001,4,364.490596
-0.045532,1,364.516627
-3.305715,4,364.616416
-2.236272,3,364.682952
-4.387426,5,364.795644
-2.171216,3,364.861586
-1.124093,2,364.90977
-3.375456,4,365.019731
-3.278853,4,365.116615
-3.302079,4,365.211642
-2.240586,3,365.282504
-0.041229,1,365.308041
-3.2931,4,365.412405
-1.069024,2,365.458986
-3.312746,4,365.558989
-2.176685,3,365.626485
-3.340682,4,365.722407
-3.286247,4,365.829419
-2.171515,3,365.901062
-1.096155,2,365.962601
-2.195529,3,366.051568
-0.037297,1,366.081419
-3.318854,4,366.188092
-3.288294,4,366.312438
-2.244487,3,366.391833
-3.315547,4,366.488788
-0.037937,1,366.514339
-3.382761,4,366.623779
-2.128526,3,366.716598
-1.068772,2,366.776873
-2.217002,3,366.84888
-3.270613,4,366.95586
-3.335353,4,367.065525
-2.264476,3,367.148073
-3.31855,4,367.245758
-1.107191,2,367.294075
-0.022711,1,367.330366
-1.120741,2,367.382624
-2.192998,3,367.46801
-3.392427,4,367.56555
-1.092291,2,367.626417
-2.22579,3,367.694596
-3.425008,4,367.780048
-2.178629,3,367.84279
-1.102838,2,367.898087
-2.21486,3,367.962575
-1.118749,2,368.005348
-2.178158,3,368.063438
-2.284336,3,368.126783
-2.156525,3,368.192263
-3.37776,4,368.279978
-2.153965,3,368.344438
-2.203946,3,368.41161
-2.200432,3,368.470382
-3.314592,4,368.565771
-2.239637,3,368.623451
-2.217435,3,368.712523
-3.391633,4,368.796463
-3.243445,4,368.899976
-2.167439,3,368.97496
-2.250055,3,369.051133
-3.437582,4,369.166573
-3.348576,4,369.275042
-2.256936,3,369.349021
-3.447011,4,369.436408
-2.193441,3,369.498663
-3.299267,4,369.594617
-3.272054,4,369.686515
-4.53552,5,369.807879
-3.370451,4,369.898235
-2.273951,3,369.964496
-2.219208,3,370.032315
-2.175868,3,370.108516
-0.023951,1,370.131565
-0.018984,1,370.155627
-2.238423,3,370.224382
-1.099413,2,370.26645
-2.20663,3,370.346822
-3.322045,4,370.441365
-2.208549,3,370.502585
-1.091807,2,370.553667
-3.372885,4,370.639822
-2.232502,3,370.698072
-0.046305,1,370.722112
-2.222227,3,370.788877
-2.285883,3,370.852573
-3.35381,4,370.948089
-2.271067,3,371.019393
-2.264952,3,371.092703
-2.212725,3,371.156396
-3.28639,4,371.240365
-2.18175,3,371.304615
-3.356433,4,371.396675
-3.303899,4,371.485639
-2.175533,3,371.564505
-3.289332,4,371.657921
-1.128758,2,371.710235
-2.183215,3,371.788781
-3.293066,4,371.88557
-1.085406,2,371.933683
-1.149,2,371.993625
-2.190794,3,372.0681
-3.366907,4,372.146764
-0.009949,1,372.168032
-2.169151,3,372.253082
-3.280389,4,372.357868
-1.153754,2,372.404616
-3.305114,4,372.506538
-1.135504,2,372.562643
-1.127479,2,372.619559
-2.231567,3,372.696425
-1.09104,2,372.738996
-2.22959,3,372.823323
-2.156303,3,372.897277
-3.325471,4,372.992611
-0.038702,1,373.013218
-2.146938,3,373.096391
-3.288286,4,373.200332
-1.103182,2,373.251647
-2.269596,3,373.339528
-3.315158,4,373.461393
-2.25194,3,373.548928
-1.086445,2,373.619566
-2.233961,3,373.693424
-3.275276,4,373.802586
-2.225388,3,373.884644
-1.082827,2,373.946641
-1.099052,2,374.001721
-2.255345,3,374.095569
-1.11906,2,374.147274
-2.205487,3,374.232875
-2.200658,3,374.311268
-3.282694,4,374.425453
-3.411649,4,374.539507
-1.096184,2,374.606122
-3.29901,4,374.716583
-3.274712,4,374.845081
-3.337754,4,374.96558
-1.072955,2,375.020047
-3.315701,4,375.131531
-2.232358,3,375.223878
-0.040128,1,375.258297
-2.262257,3,375.342495
-0.018394,1,375.36658
-1.143182,2,375.430782
-2.299613,3,375.51564
-2.250689,3,375.604383
-2.276975,3,375.680029
-2.170755,3,375.762546
-2.267796,3,375.840674
-2.251451,3,375.922816
-4.42688,5,376.055352
-2.205357,3,376.160642
-2.159407,3,376.254743
-3.28886,4,376.401468
-3.334412,4,376.513465
-2.233312,3,376.602552
-2.208464,3,376.686449
-2.171437,3,376.77913
-3.363394,4,376.910378
-2.219029,3,377.010566
-0.033839,1,377.036637
-3.398685,4,377.152615
-2.238724,3,377.226633
-2.210979,3,377.326604
-1.139126,2,377.374835
-3.348311,4,377.514567
-2.215643,3,377.590411
-2.228234,3,377.674678
-0.022413,1,377.700833
-2.271919,3,377.779067
-1.096165,2,377.828005
-1.105122,2,377.883363
-2.155624,3,377.955767
-3.321301,4,378.059842
-3.281386,4,378.157949
-1.101714,2,378.21828
-0.026048,1,378.246444
-2.213825,3,378.322589
-2.281726,3,378.435599
-2.201372,3,378.526516
-3.416274,4,378.630502
-2.200862,3,378.718811
-2.235068,3,378.800569
-1.069341,2,378.830613
-2.199425,3,378.890444
-2.181072,3,378.969603
-2.254108,3,379.05062
-3.295319,4,379.145426
-3.380731,4,379.256557
-0.042906,1,379.282616
-1.119349,2,379.334474
-2.259226,3,379.408087
-2.247958,3,379.477017
-3.489665,4,379.586447
-3.424125,4,379.710585
-3.289183,4,379.823359
-0.033669,1,379.847943
-2.226719,3,379.92136
-3.364198,4,380.02654
-0.044517,1,380.064606
-3.34118,4,380.173496
-2.241829,3,380.245612
-2.231227,3,380.398903
-3.395989,4,380.545418
-2.276803,3,380.61654
-1.102607,2,380.66665
-1.107386,2,380.714326
-2.218706,3,380.796624
-1.101118,2,380.843998
-2.179562,3,380.921834
-3.253536,4,381.025563
-3.339975,4,381.116558
-2.242056,3,381.190544
-2.155808,3,381.272489
-2.263697,3,381.398791
-3.273801,4,381.531608
-1.143475,2,381.579969
-1.119648,2,381.64159
-2.172066,3,381.710575
-3.322902,4,381.8215
-0.025804,1,381.85004
-2.173736,3,381.928043
-3.325727,4,382.019806
-3.298001,4,382.132467
-2.181492,3,382.225683
-0.022647,1,382.259446
-2.189081,3,382.342676
-2.183353,3,382.436495
-2.240191,3,382.501643
-2.240387,3,382.569487
-2.169964,3,382.64647
-3.366588,4,382.757986
-2.194321,3,382.823386
-1.094603,2,382.878979
-1.124906,2,382.938838
-0.045186,1,382.970573
-4.476654,5,383.093436
-2.286297,3,383.172577
-2.254626,3,383.252564
-3.290564,4,383.374474
-3.253527,4,383.484085
-1.145326,2,383.54048
-2.203744,3,383.61647
-1.081814,2,383.675579
-0.044491,1,383.70663
-1.090061,2,383.760518
-2.189841,3,383.854027
-3.374242,4,383.964364
-1.097811,2,384.01281
-0.016036,1,384.040254
-3.311824,4,384.141637
-3.324889,4,384.249508
-0.040624,1,384.277561
-3.329203,4,384.394561
-0.024186,1,384.429119
-3.321491,4,384.570915
-1.144388,2,384.643617
-2.192222,3,384.758106
-1.133243,2,384.828725
-3.421346,4,384.990835
-3.373597,4,385.132533
-0.050242,1,385.176601
-1.138758,2,385.262558
-2.199043,3,385.376628
-2.238279,3,385.486517
-2.199702,3,385.617962
-1.113116,2,385.705623
-3.340347,4,385.883002
-0.026691,1,385.930536
-3.329924,4,386.080875
-2.245808,3,386.178123
-3.304752,4,386.315609
-2.284844,3,386.408962
-1.135469,2,386.476627
-2.242496,3,386.591599
-1.140957,2,386.661385
-2.160391,3,386.749632
-0.04459,1,386.778846
-2.23536,3,386.875628
-3.321395,4,387.004874
-1.103963,2,387.061592
-2.208729,3,387.147338
-1.124233,2,387.223645
-2.160373,3,387.660617
-3.361348,4,387.791064
-3.278263,4,387.920283
-2.155168,3,388.017236
-2.213501,3,388.12341
-2.189425,3,388.230434
-3.309276,4,388.328973
-3.342778,4,388.434474
-2.167003,3,388.51537
-2.180802,3,388.592642
-1.111527,2,388.639556
-2.219969,3,388.712364
-2.279836,3,388.795005
-1.1175,2,388.849381
-2.171201,3,388.916545
-2.234681,3,389.027912
-3.330746,4,389.15682
-2.193718,3,389.251542
-2.237618,3,389.338847
-0.038531,1,389.356369
-1.13386,2,389.406531
-2.185797,3,389.503527
-2.195412,3,389.590457
-2.196966,3,389.686094
-3.364349,4,389.817953
-3.352341,4,389.916699
-0.045946,1,389.939917
-1.101061,2,389.985008
-2.201872,3,390.064707
-3.369695,4,390.167923
-0.042593,1,390.188457
-2.246874,3,390.246579
-3.294984,4,390.341521
-3.366728,4,390.431416
-3.401156,4,390.520623
-2.277247,3,390.583974
-3.351981,4,390.675569
-0.035638,1,390.698605
-3.320055,4,390.799036
-3.358038,4,390.903741
-3.297033,4,390.998118
-1.077672,2,391.040452
-0.044914,1,391.061141
-2.183814,3,391.135678
-1.124721,2,391.184912
-1.119812,2,391.23034
-1.14761,2,391.273413
-2.211887,3,391.332366
-2.26839,3,391.415613
-1.074301,2,391.466373
-0.035164,1,391.498721
-4.478302,5,391.620361
-2.218344,3,391.719836
-2.216876,3,391.796401
-2.263078,3,391.872541
-1.109745,2,391.939445
-2.17424,3,392.019722
-2.207517,3,392.089644
-1.071051,2,392.141909
-1.086388,2,392.182514
-3.335245,4,392.279453
-2.245092,3,392.332639
-2.247708,3,392.395936
-1.077224,2,392.442414
-2.201838,3,392.526719
-3.318521,4,392.60177
-0.040328,1,392.623471
-3.373894,4,392.715671
-2.16182,3,392.791634
-2.218481,3,392.86162
-1.117689,2,392.912738
-2.24315,3,392.99357
-1.108491,2,393.038673
-1.149249,2,393.084118
-3.366349,4,393.173291
-3.265232,4,393.275092
-1.056079,2,393.338085
-1.117891,2,393.396925
-1.109466,2,393.450376
-2.180461,3,393.516559
-2.219901,3,393.59387
-3.339027,4,393.714513
-2.19332,3,393.801751
-1.080218,2,393.866483
-3.344752,4,393.99108
-2.188827,3,394.073554
-3.400389,4,394.184093
-3.319437,4,394.284949
-1.133389,2,394.344849
-3.365196,4,394.446567
-3.277545,4,394.57161
-0.032213,1,394.604225
-2.191513,3,394.700548
-0.054439,1,394.735606
-1.10014,2,394.804461
-2.243115,3,394.900134
-2.211191,3,394.993695
-2.210033,3,395.091625
-2.26904,3,395.180422
-4.521261,5,395.360383
-2.236163,3,395.466378
-0.0307,1,395.503555
-2.238071,3,395.608096
-1.113646,2,395.671507
-4.481148,5,395.832527
-3.319663,4,395.949589
-3.274261,4,396.06394
-2.197742,3,396.152385
-2.283111,3,396.251815
-2.164071,3,396.34358
-0.036732,1,396.381673
-2.180983,3,396.472599
-1.126112,2,396.534413
-1.106822,2,396.590641
-3.320172,4,396.724599
-2.237253,3,396.805696
-2.25267,3,396.895072
-1.090547,2,396.956577
-1.106868,2,397.018291
-2.229908,3,397.109432
-1.100221,2,397.173562
-2.277511,3,397.242003
-1.154179,2,397.299644
-2.206701,3,397.372155
-1.11777,2,397.431464
-1.12814,2,397.482645
-2.167932,3,397.569116
-3.307626,4,397.683635
-3.317551,4,397.801462
-3.399189,4,397.902659
-3.295352,4,398.006592
-0.046849,1,398.026624
-3.374965,4,398.149464
-1.116155,2,398.202497
-2.262886,3,398.291375
-2.222195,3,398.376498
-2.181906,3,398.461569
-2.223299,3,398.545467
-3.381993,4,398.651622
-2.170305,3,398.731625
-2.235646,3,398.820821
-2.160861,3,398.90558
-2.188868,3,398.986018
-3.348889,4,399.085621
-2.23566,3,399.168013
-1.099229,2,399.21796
-3.39011,4,399.301693
-2.207001,3,399.379562
-1.141535,2,399.441468
-0.035523,1,399.46902
-2.240262,3,399.54154
-0.038996,1,399.56657
-1.07657,2,399.618904
-2.232039,3,399.698291
-3.271216,4,399.808223
-1.089654,2,399.859462
-2.265092,3,399.937885
-2.191061,3,400.016767
-1.071538,2,400.061455
-2.202563,3,400.134583
-3.429176,4,400.226569
-3.374733,4,400.326092
-3.328097,4,400.424489
-1.122205,2,400.472578
-0.04689,1,400.506978
-3.28456,4,400.604905
-2.231294,3,400.675665
-2.245209,3,400.746595
-2.216524,3,400.826506
-2.249971,3,400.902697
-3.382246,4,400.996993
-1.123944,2,401.046516
-0.027348,1,401.08058
-1.093762,2,401.130433
-1.114818,2,401.178009
-2.161531,3,401.244403
-2.190734,3,401.319045
-3.351406,4,401.410417
-3.345275,4,401.508709
-2.246719,3,401.592021
-2.203198,3,401.668983
-2.171176,3,401.739081
-0.015035,1,401.760623
-2.285066,3,401.830395
-1.122657,2,401.889488
-2.248553,3,401.962406
-2.200961,3,402.046913
-1.11864,2,402.098104
-2.180266,3,402.18146
-2.236186,3,402.252584
-2.18146,3,402.318907
-2.264249,3,402.404497
-2.156106,3,402.509407
-3.273355,4,402.629619
-2.236301,3,402.72647
-0.025342,1,402.750513
-0.03034,1,402.765527
-3.302714,4,402.881576
-3.283804,4,402.982519
-3.367251,4,403.104466
-3.343643,4,403.22882
-1.082078,2,403.28809
-1.098212,2,403.340785
-2.257898,3,403.418657
-1.136258,2,403.466494
-3.312407,4,403.574871
-1.08502,2,403.64062
-3.297445,4,403.75033
-1.084438,2,403.808078
-2.188388,3,403.895078
-2.214749,3,403.985542
-2.210316,3,404.061511
-1.13626,2,404.120662
-0.031521,1,404.142326
-2.259174,3,404.216515
-0.012797,1,404.249582
-2.208135,3,404.336347
-3.290878,4,404.439478
-3.306466,4,404.55047
-3.361963,4,404.663465
-2.189045,3,404.760547
-2.248217,3,404.850533
-4.51171,5,404.99909
-2.199851,3,405.082534
-0.041335,1,405.119601
-2.189489,3,405.206548
-3.42276,4,405.319044
-2.249916,3,405.396808
-3.290035,4,405.522809
-2.245328,3,405.616635
-3.356863,4,405.730662
-1.088451,2,405.786556
-2.296588,3,405.871693
-2.24519,3,405.959371
-3.338617,4,406.08358
-1.132347,2,406.138701
-3.306876,4,406.265593
-2.172944,3,406.346675
-3.359489,4,406.469063
-2.206813,3,406.556449
-3.317108,4,406.677031
-3.300481,4,406.778073
-2.186418,3,406.876415
-3.316228,4,406.988992
-0.017578,1,407.02656
-3.303052,4,407.138093
-2.26717,3,407.224716
-2.164986,3,407.306655
-1.092566,2,407.368081
-2.171611,3,407.450419
-0.023849,1,407.483459
-2.254244,3,407.568873
-2.166818,3,407.65557
-3.361138,4,407.773562
-2.217935,3,407.847917
-0.019455,1,407.880487
-3.347508,4,408.001776
-3.296428,4,408.113989
-2.1725,3,408.216482
-1.110642,2,408.273511
-0.053045,1,408.316632
-3.340526,4,408.419723
-1.112561,2,408.444547
-3.322713,4,408.483597
-2.189317,3,408.519885
-1.082257,2,408.547937
-2.224202,3,408.585483
-0.029312,1,408.597003
-2.240644,3,408.649107
-1.148674,2,408.67465
-1.124531,2,408.69735
-3.318573,4,408.759028
-1.06068,2,408.786575
-3.325749,4,408.836327
-2.255765,3,408.87798
-3.380524,4,408.926602
-3.3565,4,408.984586
-3.279953,4,409.033376
-1.075609,2,409.06042
-0.048262,1,409.07644
-2.210081,3,409.122007
-0.049762,1,409.135581
-3.436632,4,409.200958
-3.332177,4,409.249572
-0.014607,1,409.266584
-1.118352,2,409.301198
-2.296929,3,409.33341
-3.349743,4,409.384844
-2.249082,3,409.426506
-1.118163,2,409.449545
-2.198758,3,409.478266
-2.270047,3,409.518014
-0.016671,1,409.532536
-3.417427,4,409.57808
-2.21803,3,409.611127
-3.372921,4,409.659838
-2.159157,3,409.704993
-3.371142,4,409.755582
-3.325649,4,409.80064
-2.222405,3,409.845363
-3.448858,4,409.898934
-2.250417,3,409.939081
-0.032265,1,409.952598
-2.155267,3,409.985629
-3.26745,4,410.049398
-3.446015,4,410.096948
-2.304586,3,410.138185
-3.303806,4,410.195945
-0.04729,1,410.213522
-1.146939,2,410.23805
-2.250074,3,410.2766
-1.115842,2,410.308807
-3.258387,4,410.367882
-2.179487,3,410.404947
-0.036242,1,410.415695
-1.104685,2,410.435742
-2.244059,3,410.476377
-3.307847,4,410.514556
-3.314878,4,410.568647
-2.29786,3,410.609365
-1.108839,2,410.6364
-0.030963,1,410.648926
-3.375516,4,410.695806
-3.360323,4,410.746524
-1.055385,2,410.779575
-3.394151,4,410.829708
-2.209051,3,410.865357
-2.166569,3,410.901534
-2.205811,3,410.943579
-1.135533,2,410.964601
-1.109693,2,410.993241
-3.442464,4,411.043421
-2.266242,3,411.088996
-2.171226,3,411.135058
-2.153228,3,411.183638
-1.078488,2,411.211705
-2.170804,3,411.261449
-3.43726,4,411.310447
-2.216146,3,411.350164
-1.071992,2,411.37661
-3.362715,4,411.436451
-3.330274,4,411.483438
-3.328438,4,411.529563
-3.273873,4,411.585629
-2.273406,3,411.625832
-2.1693,3,411.654402
-3.278125,4,411.701969
-2.283216,3,411.744611
-1.106102,2,411.770679
-3.319742,4,411.829888
-2.156438,3,411.869024
-1.140732,2,411.897058
-1.064984,2,411.931634
-3.280537,4,411.982557
-3.269327,4,412.038781
-2.264946,3,412.076646
-2.217514,3,412.130523
-0.036554,1,412.148043
-0.035771,1,412.162566
-0.017276,1,412.17558
-2.184322,3,412.216355
-2.24528,3,412.264431
-3.376007,4,412.314997
-3.335361,4,412.370692
-3.406703,4,412.420216
-3.341986,4,412.479523
-1.138453,2,412.504054
-2.204218,3,412.5498
-3.326378,4,412.598436
-2.201165,3,412.630503
-0.0439,1,412.641516
-1.109264,2,412.662549
-1.083908,2,412.691584
-2.172498,3,412.721127
-2.234206,3,412.758821
-1.074079,2,412.782458
-1.126839,2,412.811593
-1.074725,2,412.832615
-3.342629,4,412.87537
-2.214532,3,412.913491
-3.364575,4,412.971567
-2.23048,3,413.005104
-3.435569,4,413.058734
-1.116483,2,413.080354
-2.206679,3,413.136449
-0.045088,1,413.152501
-3.328128,4,413.203069
-3.303702,4,413.253301
-0.026177,1,413.266808
-2.228233,3,413.303058
-3.433251,4,413.358673
-1.120488,2,413.380265
-2.204775,3,413.433468
-0.053686,1,413.447981
-2.199078,3,413.482526
-1.093284,2,413.50912
-3.295485,4,413.565903
-2.161064,3,413.601456
-2.251436,3,413.646508
-1.097625,2,413.671485
-3.426027,4,413.720082
-2.259401,3,413.760409
-1.107862,2,413.782435
-2.238811,3,413.812588
-0.029922,1,413.831621
-3.411411,4,413.879826
-2.255974,3,413.914476
-1.062496,2,413.934495
-2.17841,3,413.974551
-1.108828,2,414.000086
-3.289218,4,414.052424
-1.103287,2,414.078955
-1.087629,2,414.111004
-0.047357,1,414.126669
-3.310029,4,414.186921
-2.212039,3,414.225541
-0.016192,1,414.242569
-2.195136,3,414.276606
-3.282378,4,414.328853
-3.358488,4,414.380438
-3.296085,4,414.435529
-3.369916,4,414.481582
-2.176486,3,414.523758
-4.537087,5,414.594436
-3.31757,4,414.662614
-3.34141,4,414.720609
-2.255879,3,414.758725
-2.190187,3,414.799979
-2.168585,3,414.840493
-1.097409,2,414.864518
-3.389294,4,414.910581
-2.209509,3,414.93911
-1.104183,2,414.966646
-0.032642,1,414.981445
-2.229794,3,415.013479
-1.117567,2,415.034503
-3.373368,4,415.083571
-1.101508,2,415.109108
-1.126163,2,415.136641
-1.074763,2,415.166334
-2.238168,3,415.213625
-2.195045,3,415.251372
-1.111996,2,415.276398
-1.115342,2,415.302497
-2.271226,3,415.341545
-3.352291,4,415.391605
-3.284265,4,415.445294
-4.444935,5,415.504051
-0.009334,1,415.518567
-2.271486,3,415.56174
-1.079923,2,415.583605
-2.173294,3,415.618142
-1.149266,2,415.648803
-2.212325,3,415.684528
-2.214971,3,415.72165
-1.065487,2,415.746686
-2.213468,3,415.791338
-2.169889,3,415.827875
-2.222855,3,415.863425
-2.205709,3,415.897961
-0.030682,1,415.913481
-2.262247,3,415.953531
-2.262799,3,415.992587
-2.151387,3,416.023618
-1.133983,2,416.048144
-2.201158,3,416.082486
-2.253422,3,416.116515
-1.120019,2,416.145557
-3.303166,4,416.213247
-2.226081,3,416.254456
-1.085241,2,416.286496
-0.02373,1,416.30014
-0.039133,1,416.316537
-2.204889,3,416.352594
-3.282828,4,416.404349
-1.127373,2,416.427873
-1.126118,2,416.457909
-2.273143,3,416.49245
-2.182136,3,416.530515
-2.199658,3,416.564545
-2.177433,3,416.609102
-2.234961,3,416.648163
-2.199338,3,416.68435
-1.086199,2,416.713391
-3.35054,4,416.83808
-3.244993,4,417.003355
-2.196332,3,417.116598
-2.263253,3,417.224572
-2.206393,3,417.363606
-2.247956,3,417.488117
-2.191741,3,417.611587
-3.346929,4,417.770522
-4.484099,5,418.00657
-2.243925,3,418.107203
-3.344791,4,418.270447
-1.140465,2,418.352587
-0.048816,1,418.40887
-2.253455,3,418.536598
-4.516186,5,418.756482
-3.316163,4,418.916497
-2.171522,3,419.055524
-2.160852,3,419.170471
-1.079489,2,419.250594
-0.039267,1,419.303295
-1.150149,2,419.370539
-2.269842,3,419.476461
-2.156456,3,419.581623
-1.094806,2,419.650063
-2.194685,3,419.766454
-0.020619,1,419.796931
-3.341122,4,419.932504
-3.330736,4,420.076501
-3.356492,4,420.224537
-3.243656,4,420.360188
-1.079206,2,420.430556
-3.279354,4,420.571504
-0.023677,1,420.602557
-1.064762,2,420.666816
-0.04439,1,420.692518
-1.107999,2,420.75363
-1.099456,2,420.816459
-0.014763,1,420.83649
-3.388112,4,420.966576
-0.011865,1,420.996138
-3.321796,4,421.105515
-3.435582,4,421.221948
-3.488596,4,421.331519
-2.228974,3,421.430615
-3.344693,4,421.555514
-3.356222,4,421.67653
-2.231795,3,421.798004
-2.170668,3,421.88647
-2.168306,3,421.990129
-0.046671,1,422.034752
-3.334896,4,422.14905
-3.411951,4,422.282521
-2.170314,3,422.391563
-0.029778,1,422.428699
-1.076713,2,422.513473
-1.107113,2,422.593112
-1.113583,2,422.66354
-3.38368,4,422.806603
-2.202521,3,422.885519
-3.349807,4,423.00904
-1.084528,2,423.066628
-2.252677,3,423.141945
-2.197794,3,423.241624
-3.287499,4,423.376587
-3.346866,4,423.501078
-1.099789,2,423.558007
-2.248958,3,423.644419
-3.399237,4,423.76984
-1.085126,2,423.825437
-1.107659,2,423.89039
-1.08683,2,423.950715
-3.324748,4,424.088051
-3.271249,4,424.155405
-2.245184,3,424.22467
-3.272436,4,424.329561
-2.159044,3,424.405818
-2.21525,3,424.496593
-2.20134,3,424.576555
-1.126567,2,424.659583
-1.137305,2,424.709051
-1.085185,2,424.77044
-2.173309,3,424.848867
-3.271605,4,424.963487
-3.331387,4,425.090417
-2.201586,3,425.182537
-2.169276,3,425.262572
-2.190208,3,425.353407
-0.033217,1,425.374323
-3.342304,4,425.480591
-3.429088,4,425.64447
-2.286139,3,425.749901
-2.282026,3,425.83249
-1.139493,2,425.880089
-1.071575,2,425.962568
-3.340935,4,426.078852
-3.360988,4,426.20015
-2.286007,3,426.274899
-1.123396,2,426.330698
-2.203653,3,426.412587
-2.254166,3,426.509113
-3.314087,4,426.611741
-0.040186,1,426.637964
-3.336639,4,426.743658
-2.199606,3,426.822701
-1.073983,2,426.88459
-2.203072,3,426.996449
-1.113792,2,427.044632
-1.089466,2,427.090225
-3.354518,4,427.222578
-0.019057,1,427.252625
-3.256028,4,427.359487
-2.190045,3,427.462421
-2.161789,3,427.543617
-0.057491,1,427.562227
-1.135465,2,427.625729
-1.122643,2,427.706137
-2.219359,3,427.820711
-3.375795,4,427.91854
-1.118247,2,427.976469
-2.24274,3,428.056509
-2.162103,3,428.125706
-2.190561,3,428.211076
-1.081148,2,428.273251
-1.125808,2,428.326487
-3.300271,4,428.443555
-0.024869,1,428.472601
-3.366104,4,428.587091
-3.294969,4,428.689607
-3.322074,4,428.816046
-2.250589,3,428.928033
-1.129217,2,429.010215
-0.053043,1,429.054481
-2.193062,3,429.128671
-2.220871,3,429.222008
-2.189818,3,429.321433
-0.034803,1,429.346475
-2.18101,3,429.425844
-2.22356,3,429.504076
-2.193939,3,429.588903
-1.117546,2,429.639703
-2.247286,3,429.746966
-2.230313,3,429.815856
-1.111941,2,429.895622
-1.11903,2,429.972551
-1.070878,2,430.073467
-3.289491,4,430.211031
-1.113483,2,430.28691
-2.220627,3,430.382375
-2.27679,3,430.458826
-2.268166,3,430.574106
-2.178127,3,430.653507
-1.125061,2,430.714143
-2.179521,3,430.822033
-2.217543,3,430.908977
-1.094314,2,430.965472
-2.290781,3,431.052567
-2.2215,3,431.170194
-3.310556,4,431.294527
-2.244831,3,431.391966
-1.062846,2,431.461547
-2.259023,3,431.570604
-3.391531,4,431.724612
-1.08199,2,431.795557
-2.235181,3,431.901598
-2.263601,3,432.020418
-2.276704,3,432.122418
-2.259482,3,432.178004
-2.182252,3,432.279494
-3.345554,4,432.483557
-2.232042,3,432.583572
-3.386356,4,432.726639
-2.221097,3,432.835556
-2.1768,3,432.965372
-2.162875,3,433.061688
-2.227871,3,433.158784
-2.191928,3,433.276595
-3.425828,4,433.432551
-2.18811,3,433.542393
-3.291459,4,433.711782
-3.287668,4,433.889482
-0.029388,1,433.931607
-2.300426,3,434.041615
-3.381052,4,434.185528
-3.363384,4,434.30579
-1.092554,2,434.361034
-1.084502,2,434.41127
-0.026827,1,434.435233
-2.193599,3,434.534671
-1.075525,2,434.58987
-3.398944,4,434.688142
-1.115325,2,434.740414
-2.253425,3,434.820669
-0.021931,1,434.847991
-1.123395,2,434.900583
-1.143496,2,434.952837
-1.112187,2,435.002573
-2.180896,3,435.088131
-3.267385,4,435.196521
-3.38611,4,435.301662
-3.403173,4,435.410697
-3.377671,4,435.518967
-2.215027,3,435.590734
-2.166112,3,435.663477
-1.085021,2,435.712652
-3.473207,4,435.814014
-1.083942,2,435.855798
-1.084104,2,435.900522
-1.088786,2,435.949795
-3.338475,4,436.058317
-1.109876,2,436.100503
-3.346005,4,436.194712
-2.24229,3,436.25651
-1.081565,2,436.31865
-0.020878,1,436.332455
-2.251614,3,436.396548
-3.375879,4,436.483637
-2.18415,3,436.548275
-1.113027,2,436.597986
-3.268097,4,436.689478
-2.243893,3,436.753526
-1.090393,2,436.806345
-2.183456,3,436.873104
-3.36561,4,436.978661
-3.307591,4,437.07069
-2.266798,3,437.153639
-2.215581,3,437.232508
-2.222783,3,437.309124
-2.222501,3,437.374857
-2.249756,3,437.470833
-2.241531,3,437.542554
-1.102604,2,437.601663
-1.096326,2,437.658005
-2.229203,3,437.753957
-3.327361,4,437.851644
-3.370623,4,437.939522
-1.108605,2,437.989109
-1.092527,2,438.040072
-3.363111,4,438.12561
-3.395946,4,438.208856
-3.333262,4,438.288011
-0.053071,1,438.321722
-2.226477,3,438.386469
-1.103201,2,438.439597
-0.034376,1,438.466634
-1.097882,2,438.532506
-2.268363,3,438.620656
-2.194681,3,438.714641
-3.4051,4,438.848064
-3.391038,4,438.969648
-1.137682,2,439.012531
-3.371212,4,439.119586
-1.120576,2,439.168163
-3.371149,4,439.275514
-1.117944,2,439.323396
-1.071911,2,439.37349
-2.15857,3,439.444599
-1.097053,2,439.492215
-2.209967,3,439.578132
-1.06299,2,439.63437
-2.221603,3,439.706574
-2.261297,3,439.791442
-2.150312,3,439.861555
-3.309456,4,439.949475
-2.158134,3,440.024582
-2.178947,3,440.093635
-1.090616,2,440.139547
-1.108026,2,440.180609
-2.214065,3,440.249859
-2.206456,3,440.329561
-2.220783,3,440.40428
-3.339809,4,440.51882
-2.232043,3,440.582495
-2.19027,3,440.686393
-0.055943,1,440.709443
-2.249513,3,440.788072
-2.25011,3,440.874052
-3.350177,4,440.996624
-1.053076,2,441.059574
-3.349466,4,441.173045
-3.27127,4,441.277921
-2.14076,3,441.357955
-0.04952,1,441.386561
-3.350376,4,441.48445
-3.331157,4,441.580611
-3.313598,4,441.682611
-3.304767,4,441.800384
-0.036122,1,441.829994
-2.241215,3,441.923586
-2.261112,3,442.021481
-3.316204,4,442.137245
-0.027659,1,442.16506
-1.108227,2,442.223637
-0.033403,1,442.258882
-0.027673,1,442.283571
-3.366187,4,442.391468
-2.279721,3,442.484628
-3.364258,4,442.615983
-2.316894,3,442.70157
-3.274841,4,442.820549
-2.21649,3,442.917288
-1.139832,2,442.983562
-3.292642,4,443.104956
-2.218173,3,443.194799
-0.030851,1,443.231765
-2.231148,3,443.334415
-1.125098,2,443.390398
-0.030773,1,443.428337
-1.125173,2,443.489477
-2.256997,3,443.573833
-2.217303,3,443.655528
-2.259959,3,443.754421
-2.20404,3,443.841614
-2.287388,3,443.941098
-3.363419,4,444.058646
-1.143972,2,444.120434
-1.058957,2,444.182537
-2.221472,3,444.275481
-1.110195,2,444.348137
-2.305175,3,444.445942
-3.34887,4,444.580004
-2.201049,3,444.675554
-3.321541,4,444.80044
-1.067804,2,444.864604
-2.148645,3,444.975494
-1.126751,2,445.042108
-3.319556,4,445.152388
-2.213945,3,445.228907
-2.247721,3,445.296616
-1.073581,2,445.352813
-3.318433,4,445.448749
-3.430989,4,445.55687
-2.149418,3,445.644635
-0.047284,1,445.680082
-2.173019,3,445.758142
-3.314712,4,445.865705
-0.026403,1,445.9018
-3.375846,4,446.016407
-1.098619,2,446.073533
-3.392604,4,446.186589
-1.071807,2,446.246472
-2.179721,3,446.330122
-3.340727,4,446.449582
-2.308165,3,446.549524
-1.132786,2,446.593597
-3.288483,4,446.692542
-2.204427,3,446.77159
-2.237206,3,446.838045
-3.354251,4,446.977039
-2.266563,3,447.093934
-2.233252,3,447.169067
-1.09958,2,447.214142
-0.039093,1,447.239431
-2.17633,3,447.33372
-3.279467,4,447.438954
-2.211678,3,447.513575
-2.27588,3,447.597941
-1.14134,2,447.655832
-3.281644,4,447.772636
-2.183521,3,447.85544
-1.0972,2,447.899515
-2.21123,3,447.986479
-0.020413,1,448.011523
-0.045541,1,448.039068
-2.273449,3,448.120059
-0.023163,1,448.148205
-1.144312,2,448.199497
-3.371271,4,448.300472
-1.125625,2,448.353584
-3.32452,4,448.470203
-2.20927,3,448.56058
-2.210716,3,448.633397
-1.06963,2,448.693494
-3.278866,4,448.805585
-2.231172,3,448.885514
-0.040751,1,448.912556
-2.266897,3,448.989449
-2.178642,3,449.073503
-3.320281,4,449.1789
-1.107642,2,449.220293
-2.237717,3,449.296634
-3.316592,4,449.403869
-2.186211,3,449.480619
-2.262459,3,449.560472
-3.400979,4,449.647899
-2.205557,3,449.728529
-2.237249,3,449.796426
-2.239509,3,449.872622
-3.307644,4,449.973445
-0.054127,1,450.003503
-2.278849,3,450.070049
-1.104758,2,450.118518
-3.298995,4,450.218547
-2.258643,3,450.294493
-3.34456,4,450.389756
-2.197218,3,450.469857
-0.031652,1,450.499024
-1.1257,2,450.552516
-3.309718,4,450.646377
-4.524104,5,450.786479
-3.251155,4,450.886554
-3.298846,4,450.99444
-2.278202,3,451.077313
-3.368476,4,451.185558
-2.131226,3,451.285521
-2.291966,3,451.374058
-1.104451,2,451.440498
-1.123451,2,451.49358
-3.306119,4,451.616075
-3.283657,4,451.740689
-3.290938,4,451.863432
-1.119888,2,451.926528
-1.132951,2,451.989622
-1.146122,2,452.046422
-2.18552,3,452.142583
-2.217558,3,452.23954
-3.289891,4,452.356441
-0.035861,1,452.388
-0.035462,1,452.41805
-0.043017,1,452.453611
-2.233144,3,452.531627
-0.013277,1,452.558716
-3.329271,4,452.680517
-3.419088,4,452.803572
-3.428535,4,452.919432
-2.218298,3,453.008075
-3.26809,4,453.135565
-3.370694,4,453.268892
-0.031413,1,453.297973
-3.296173,4,453.432446
-0.02881,1,453.473514
-2.230556,3,453.57533
-1.119223,2,453.635545
-3.309533,4,453.769017
-1.090566,2,453.816737
-3.473877,4,453.924586
-2.22145,3,454.010835
-2.218785,3,454.104548
-1.13512,2,454.16442
-3.301588,4,454.288004
-2.204413,3,454.369531
-1.096396,2,454.432704
-2.20293,3,454.510503
-2.220191,3,454.599451
-2.262031,3,454.684298
-2.255596,3,454.776798
-3.339707,4,454.885554
-3.347883,4,454.990499
-3.262701,4,455.094777
-3.255801,4,455.199769
-2.296635,3,455.262494
-1.097669,2,455.309062
-3.347097,4,455.406488
-1.083067,2,455.452571
-0.013567,1,455.470209
-1.09943,2,455.5087
-1.130591,2,455.545636
-1.124117,2,455.593442
-2.171953,3,455.652841
-2.173472,3,455.705494
-1.076653,2,455.749897
-3.341546,4,455.826556
-3.315432,4,455.903777
-2.236938,3,455.9705
-0.019252,1,455.989524
-0.045761,1,456.014559
-2.126974,3,456.093444
-1.094581,2,456.132505
-2.280054,3,456.213186
-0.028045,1,456.239385
-1.093818,2,456.286452
-2.198232,3,456.354563
-2.208541,3,456.413656
-2.242213,3,456.486025
-1.114129,2,456.536672
-2.205001,3,456.611534
-1.079878,2,456.650594
-1.073562,2,456.713611
-0.050384,1,456.740773
-1.118528,2,456.782542
-3.329576,4,456.922571
-3.329347,4,457.034506
-2.24183,3,457.125529
-2.176835,3,457.205534
-0.03694,1,457.236586
-1.108589,2,457.288344
-1.100018,2,457.336636
-2.191138,3,457.419514
-2.245127,3,457.500788
-2.240119,3,457.590613
-2.213741,3,457.665502
-0.044353,1,457.69455
-2.180565,3,457.761575
-2.219355,3,457.835382
-1.141759,2,457.876438
-2.185485,3,457.954582
-2.2242,3,458.030053
-1.107678,2,458.081566
-2.152488,3,458.146695
-3.345257,4,458.260473
-1.074975,2,458.306539
-2.15921,3,458.398026
-1.138434,2,458.451608
-0.032338,1,458.485671
-1.124217,2,458.55688
-2.23815,3,458.640683
-2.227717,3,458.739548
-2.212758,3,458.824292
-0.032732,1,458.857988
-2.212753,3,458.958145
-1.134159,2,459.02454
-2.267665,3,459.090637
-1.108224,2,459.145246
-2.177003,3,459.220492
-0.008252,1,459.254543
-1.060595,2,459.294601
-3.292339,4,459.39246
-3.254152,4,459.490616
-3.292119,4,459.596524
-2.169548,3,459.666485
-2.200302,3,459.73254
-2.272412,3,459.814434
-1.102864,2,459.856095
-2.204514,3,459.926053
-2.200183,3,459.989617
-2.246784,3,460.070526
-1.129241,2,460.119126
-0.013181,1,460.148005
-3.30286,4,460.258938
-2.206547,3,460.338729
-0.037653,1,460.366859
-2.227414,3,460.446638
-2.230743,3,460.537946
-2.279067,3,460.629052
-2.266636,3,460.725071
-3.362902,4,460.870428
-1.11447,2,460.933786
-1.077906,2,461.014526
-3.30121,4,461.152756
-1.106534,2,461.209007
-3.312332,4,461.361438
-2.316343,3,461.463305
-2.186301,3,461.55881
-1.109408,2,461.621549
-2.216697,3,461.718761
-3.300659,4,461.840133
-2.231019,3,461.931657
-0.018559,1,461.968604
-0.011912,1,462.00572
-3.300435,4,462.130061
-2.221386,3,462.205813
-2.197351,3,462.311446
-2.226957,3,462.390426
-0.051101,1,462.424992
-2.211773,3,462.500666
-2.236959,3,462.589063
-2.227258,3,462.661471
-2.169357,3,462.746861
-3.354279,4,462.872414
-1.076475,2,462.942731
-3.308855,4,463.066472
-3.378695,4,463.18295
-2.148571,3,463.284475
-2.219368,3,463.379806
-0.03967,1,463.413117
-1.091308,2,463.47948
-3.286217,4,463.590541
-0.041686,1,463.620594
-3.353467,4,463.74687
-2.226994,3,463.843996
-3.340117,4,463.965489
-0.052862,1,463.993042
-2.171282,3,464.091456
-1.09983,2,464.142797
-0.028901,1,464.167873
-2.180948,3,464.265637
-3.294233,4,464.389107
-0.030432,1,464.425226
-2.212477,3,464.544534
-1.135469,2,464.612664
-0.02269,1,464.639103
-2.234825,3,464.728476
-3.302322,4,464.830016
-2.254125,3,464.912132
-2.28711,3,464.99711
-3.373502,4,465.106507
-0.033683,1,465.13006
-3.379163,4,465.238979
-3.314134,4,465.34905
-2.255346,3,465.428863
-2.258603,3,465.511504
-3.363926,4,465.615499
-1.092176,2,465.656597
-2.198574,3,465.734561
-1.094662,2,465.77362
-2.190621,3,465.847088
-2.284754,3,465.940532
-2.288418,3,466.033281
-3.434259,4,466.136485
-2.161338,3,466.212606
-2.263556,3,466.302523
-3.392935,4,466.402578
-2.164169,3,466.47139
-2.275492,3,466.55087
-2.176204,3,466.632931
-2.191776,3,466.711643
-2.200919,3,466.785606
-0.031929,1,466.806639
-3.310096,4,466.906502
-3.38633,4,467.000591
-2.189726,3,467.068205
-2.264424,3,467.131114
-0.028423,1,467.156905
-0.037009,1,467.189524
-3.319592,4,467.271412
-3.442046,4,467.368147
-1.080938,2,467.420444
-1.118031,2,467.473832
-1.130811,2,467.524611
-1.097169,2,467.574495
-1.087892,2,467.623574
-2.278836,3,467.711486
-3.427825,4,467.809447
-1.136583,2,467.85168
-0.035471,1,467.88039
-3.30916,4,467.974572
-1.082959,2,468.021666
-3.370488,4,468.109086
-2.21572,3,468.173498
-2.188372,3,468.254826
-2.229386,3,468.324552
-2.162363,3,468.398013
-2.239775,3,468.468047
-3.347276,4,468.574492
-0.051838,1,468.594534
-3.335385,4,468.690379
-1.111961,2,468.740577
-1.09592,2,468.789415
-0.0217,1,468.815454
-0.036374,1,468.837991
-0.035449,1,468.864326
-3.37124,4,468.964542
-1.129451,2,469.014625
-1.095989,2,469.060324
-2.280692,3,469.12809
-1.081572,2,469.181484
-1.118103,2,469.228056
-0.036096,1,469.254769
-2.290413,3,469.331578
-3.290284,4,469.439062
-3.261615,4,469.527091
-1.109342,2,469.585463
-2.170872,3,469.65345
-3.300721,4,469.754769
-2.241413,3,469.829648
-2.192834,3,469.908001
-0.030302,1,469.931639
-3.376455,4,470.02157
-3.385823,4,470.110501
-2.17223,3,470.180863
-3.302436,4,470.269866
-3.33241,4,470.364708
-2.250756,3,470.446621
-1.068367,2,470.494472
-3.339276,4,470.590489
-3.426585,4,470.689562
-2.217306,3,470.763368
-2.234623,3,470.839599
-3.332308,4,471.028603
-1.091057,2,471.091514
-2.231918,3,471.164912
-2.130554,3,471.239799
-2.199873,3,471.310419
-1.102356,2,471.368824
-3.419982,4,471.458112
-0.047576,1,471.480654
-1.124842,2,471.531542
-1.093238,2,471.589128
-3.352208,4,471.680346
-1.070861,2,471.728921
-0.026545,1,471.748081
-2.214866,3,471.825883
-3.33387,4,471.915624
-3.343899,4,472.007983
-3.309085,4,472.084441
-2.190137,3,472.163411
-0.053685,1,472.186441
-0.044211,1,472.209496
-0.039029,1,472.22853
-3.315205,4,472.330028
-1.098779,2,472.383823
-0.027486,1,472.411673
-3.390972,4,472.499776
-2.199648,3,472.580488
-2.188142,3,472.643692
-2.182485,3,472.71058
-3.434871,4,472.787913
-1.11442,2,472.836566
-2.204422,3,472.909408
-1.094386,2,472.949985
-2.208497,3,473.022474
-1.117686,2,473.071636
-2.230166,3,473.138714
-1.119728,2,473.187952
-3.286565,4,473.285434
-1.144376,2,473.346616
-2.199457,3,473.417965
-1.100087,2,473.468087
-2.20819,3,473.54041
-3.428426,4,473.632071
-2.199158,3,473.711535
-0.023394,1,473.732803
-2.194308,3,473.808122
-3.328938,4,473.908138
-2.20305,3,473.983531
-2.201147,3,474.051439
-0.005574,1,474.070467
-2.177545,3,474.148952
-3.288707,4,474.244479
-0.055007,1,474.266513
-1.113875,2,474.31911
-1.121814,2,474.371434
-2.203777,3,474.44954
-1.080006,2,474.492617
-0.035286,1,474.51414
-1.096289,2,474.571404
-3.309822,4,474.668057
-2.176283,3,474.734628
-2.140491,3,474.811476
-2.163407,3,474.883594
-1.080616,2,474.928267
-1.072136,2,474.973548
-1.101328,2,475.024619
-2.2706,3,475.101865
-3.370115,4,475.184565
-2.22206,3,475.252836
-2.188949,3,475.314548
-1.075275,2,475.376269
-3.336937,4,475.468137
-3.35742,4,475.556505
-0.047418,1,475.576541
-2.234842,3,475.653321
-1.124558,2,475.699499
-3.299547,4,475.788917
-2.235882,3,475.86664
-3.375871,4,475.963591
-1.074021,2,476.006669
-2.237496,3,476.076527
-2.213633,3,476.14064
-2.26189,3,476.219053
-3.351313,4,476.306394
-2.207383,3,476.360484
-2.195019,3,476.430607
-0.031699,1,476.456641
-2.190992,3,476.5246
-1.139912,2,476.563257
-3.308593,4,476.658055
-1.11676,2,476.719458
-3.378709,4,476.806583
-3.270464,4,476.89655
-2.214714,3,476.96667
-2.232484,3,477.026702
-1.075373,2,477.066505
-2.23993,3,477.132617
-2.160657,3,477.215482
-2.226626,3,477.306625
-1.119668,2,477.353552
-2.209708,3,477.421271
-2.174824,3,477.479509
-3.2843,4,477.594326
-2.187354,3,477.68815
-3.303395,4,477.792088
-1.087138,2,477.844479
-2.285996,3,477.932617
-2.170362,3,478.006556
-3.294947,4,478.122533
-1.111288,2,478.174526
-0.034928,1,478.203576
-1.087276,2,478.254436
-3.244737,4,478.356609
-3.297745,4,478.470562
-3.37667,4,478.579065
-1.113961,2,478.626637
-2.147843,3,478.698979
-2.249403,3,478.781197
-2.201782,3,478.86284
-3.338951,4,478.962593
-2.228468,3,479.041436
-2.265696,3,479.118062
-2.202517,3,479.204455
-3.396813,4,479.308803
-2.154732,3,479.384585
-1.118831,2,479.437325
-2.222284,3,479.521609
-3.436916,4,479.620352
-1.11745,2,479.668105
-3.289174,4,479.753658
-2.306165,3,479.827894
-1.097654,2,479.866655
-1.097471,2,479.919594
-3.282299,4,480.018116
-1.127815,2,480.06787
-2.260672,3,480.133618
-0.021545,1,480.15784
-1.09499,2,480.203407
-1.099761,2,480.264462
-1.117646,2,480.310537
-1.115336,2,480.360388
-3.392638,4,480.452426
-0.037847,1,480.481471
-2.21339,3,480.5356
-3.356768,4,480.625429
-3.332955,4,480.72537
-1.110911,2,480.785403
-3.359723,4,480.893393
-3.420905,4,480.99644
-2.211467,3,481.075621
-2.219053,3,481.156263
-2.226419,3,481.25048
-3.348804,4,481.352775
-2.287719,3,481.431418
-2.210665,3,481.516388
-2.254498,3,481.591713
-3.345724,4,481.686593
-2.180147,3,481.760687
-1.116655,2,481.816393
-2.208287,3,481.893346
-1.08458,2,481.938418
-1.106069,2,481.995544
-1.141734,2,482.052178
-2.221778,3,482.116481
-2.225803,3,482.179597
-3.260416,4,482.270765
-0.02344,1,482.302442
-2.178248,3,482.391485
-1.086864,2,482.454859
-1.099314,2,482.50263
-2.195019,3,482.583502
-0.023102,1,482.609542
-3.242823,4,482.710373
-3.305173,4,482.831463
-2.192718,3,482.921494
-2.217168,3,483.000409
-0.012929,1,483.023465
-2.17732,3,483.105387
-3.294253,4,483.205596
-2.242273,3,483.283579
-0.015812,1,483.309118
-0.046086,1,483.334858
-2.269081,3,483.409597
-1.072895,2,483.461354
-2.220387,3,483.534891
-2.253356,3,483.611978
-2.235003,3,483.697989
-1.148746,2,483.752607
-3.413149,4,483.84569
-2.206661,3,483.923013
-4.50027,5,484.049928
-0.055824,1,484.070521
-2.209183,3,484.150139
-0.036072,1,484.181393
-2.201984,3,484.261567
-3.2957,4,484.356842
-2.265588,3,484.443633
-3.330045,4,484.549793
-3.369294,4,484.650241
-0.037661,1,484.670496
-2.288926,3,484.740119
-2.237323,3,484.803634
-2.198469,3,484.88157
-2.247084,3,484.948397
-0.033872,1,484.973466
-4.474061,5,485.092415
-1.060034,2,485.142534
-2.165763,3,485.204625
-2.20295,3,485.269478
-1.10899,2,485.315541
-2.204753,3,485.403428
-3.322797,4,485.492127
-2.207891,3,485.558744
-0.033991,1,485.584398
-3.316375,4,485.670449
-1.129499,2,485.713645
-3.351518,4,485.803512
-2.269886,3,485.876506
-3.455228,4,485.966394
-2.2471,3,486.0295
-2.239739,3,486.094459
-1.093147,2,486.124501
-1.126304,2,486.169689
-2.235656,3,486.22648
-0.047385,1,486.255762
-2.230951,3,486.319584
-2.231854,3,486.39804
-2.291118,3,486.467282
-2.271756,3,486.540968
-3.323925,4,486.630036
-1.116447,2,486.689497
-2.245505,3,486.753636
-3.366936,4,486.834965
-3.402254,4,486.931372
-2.202496,3,487.008099
-2.200278,3,487.074456
-0.045857,1,487.10006
-2.166343,3,487.171446
-2.281144,3,487.247083
-2.281508,3,487.313549
-2.173108,3,487.375793
-0.0503,1,487.397884
-2.184739,3,487.465588
-3.379548,4,487.538972
-1.096025,2,487.581599
-2.240147,3,487.640418
-2.14406,3,487.703516
-2.181177,3,487.778858
-3.318456,4,487.859708
-2.172466,3,487.937001
-0.029807,1,487.965138
-2.278113,3,488.046461
-1.083585,2,488.092546
-2.190356,3,488.159482
-0.058943,1,488.186519
-2.217979,3,488.262236
-0.023677,1,488.292609
-3.311551,4,488.376818
-2.218152,3,488.456678
-3.362484,4,488.553608
-0.055776,1,488.58049
-2.188327,3,488.643678
-1.112352,2,488.708921
-3.381392,4,488.815175
-1.080027,2,488.860494
-1.087711,2,488.908062
-2.221499,3,488.976433
-1.111798,2,489.02353
-2.247253,3,489.098072
-2.190918,3,489.155257
-2.163376,3,489.235486
-1.135009,2,489.270121
-2.248397,3,489.349828
-3.289459,4,489.440045
-2.187093,3,489.532453
-3.389815,4,489.633629
-2.241053,3,489.701892
-2.247919,3,489.775376
-3.303657,4,489.895377
-3.300569,4,489.986308
-3.326137,4,490.072453
-0.019329,1,490.103558
-2.195328,3,490.176771
-3.374729,4,490.266564
-0.047217,1,490.285593
-2.164663,3,490.346886
-0.042038,1,490.376456
-2.274039,3,490.451689
-3.237528,4,490.564636
-1.119768,2,490.612407
-3.32506,4,490.72344
-2.164308,3,490.8004
-2.216885,3,490.873719
-2.17228,3,490.949054
-3.275681,4,491.061939
-3.284376,4,491.155434
-1.146684,2,491.206516
-0.031324,1,491.234561
-0.02656,1,491.265366
-3.369463,4,491.351733
-2.234026,3,491.425457
-0.020287,1,491.445016
-1.06084,2,491.502535
-2.238692,3,491.585084
-0.028658,1,491.619861
-2.216058,3,491.720814
-3.428962,4,491.843352
-0.043719,1,491.873407
-2.197434,3,491.938854
-3.290757,4,492.040058
-3.313618,4,492.144518
-1.137563,2,492.190775
-3.43589,4,492.280548
-2.19606,3,492.365382
-0.014003,1,492.400454
-1.067161,2,492.45262
-1.129717,2,492.515571
-2.216489,3,492.602437
-2.169323,3,492.689793
-0.005498,1,492.720442
-2.263018,3,492.802622
-2.160014,3,492.886547
-3.326194,4,493.010126
-3.350078,4,493.111545
-1.114443,2,493.176819
-2.215239,3,493.256973
-0.013814,1,493.288235
-2.172274,3,493.371059
-1.106746,2,493.421595
-3.355661,4,493.522505
-0.050464,1,493.550656
-1.134071,2,493.60248
-3.390324,4,493.709476
-3.453506,4,493.809445
-2.228945,3,493.900503
-3.279784,4,493.998004
-4.451835,5,494.126633
-1.121227,2,494.17058
-3.328599,4,494.275491
-2.223706,3,494.335989
-2.264507,3,494.405613
-2.233809,3,494.483003
-3.307695,4,494.600665
-2.20933,3,494.672444
-2.137612,3,494.743559
-3.344338,4,494.842623
-3.331167,4,494.939544
-2.233582,3,495.019051
-0.008979,1,495.045356
-1.140449,2,495.091582
-0.036517,1,495.118117
-1.082057,2,495.170246
-1.113186,2,495.22253
-3.301884,4,495.333872
-3.358776,4,495.442582
-2.183501,3,495.511736
-1.090811,2,495.557977
-2.224535,3,495.633611
-2.197885,3,495.786607
-2.264717,3,495.875525
-1.091001,2,495.925616
-2.225795,3,496.005631
-3.316406,4,496.117987
-2.211023,3,496.224481
-1.110758,2,496.290616
-3.33723,4,496.395609
-1.101738,2,496.454383
-2.208706,3,496.533562
-3.414175,4,496.628037
-1.117087,2,496.676611
-2.240902,3,496.75436
-1.083202,2,496.803439
-3.365361,4,496.889571
-0.043551,1,496.916607
-1.111623,2,496.976419
-2.259338,3,497.041523
-0.041099,1,497.062553
-0.01258,1,497.083595
-2.222733,3,497.170294
-2.213962,3,497.241556
-2.255403,3,497.298275
-1.076446,2,497.338996
-1.118536,2,497.38256
-3.368538,4,497.471385
-3.287482,4,497.554507
-2.224221,3,497.613602
-0.036016,1,497.651729
-1.075378,2,497.706402
-2.220097,3,497.787985
-2.174966,3,497.869462
-2.265901,3,497.943437
-1.069744,2,497.984497
-2.22991,3,498.050618
-0.041409,1,498.066631
-1.153345,2,498.131383
-2.269859,3,498.211634
-0.051677,1,498.233815
-3.364506,4,498.31051
-2.260007,3,498.382362
-3.356534,4,498.470262
-1.086173,2,498.521616
-2.155154,3,498.59446
-3.292785,4,498.69342
-3.322957,4,498.786502
-2.152379,3,498.868845
-2.195426,3,498.935985
-1.084052,2,498.986853
-1.151498,2,499.024486
-1.131965,2,499.084533
-3.363217,4,499.155747
-1.116098,2,499.217991
-2.220022,3,499.296475
-2.265341,3,499.353065
-3.253891,4,499.435441
-2.202165,3,499.506215
-1.07453,2,499.539941
-1.100532,2,499.576521
-2.187637,3,499.64413
-3.395056,4,499.734419
-3.34092,4,499.80558
-0.048387,1,499.826612
-3.384122,4,499.915505
-3.31132,4,500.016468
-1.077969,2,500.065979
-1.070469,2,500.108826
-3.387111,4,500.20447
-2.228094,3,500.274865
-1.126659,2,500.32152
-3.296597,4,500.417929
-2.195633,3,500.48982
-2.209268,3,500.562493
-3.281533,4,500.652293
-1.121556,2,500.696589
-3.441043,4,500.78451
-2.180981,3,500.871597
-3.304824,4,500.952536
-2.206169,3,501.008128
-1.145348,2,501.05648
-3.367451,4,501.149915
-3.37642,4,501.234549
-2.224819,3,501.311428
-1.09412,2,501.361615
-2.227289,3,501.438159
-2.23432,3,501.505577
-2.191258,3,501.578858
-2.13752,3,501.651012
-2.263887,3,501.73648
-1.110659,2,501.786808
-3.308347,4,501.880489
-2.17048,3,501.954593
-2.279559,3,502.043006
-0.008964,1,502.068078
-2.166888,3,502.134388
-2.160432,3,502.205533
-1.112154,2,502.261856
-1.118998,2,502.308022
-2.278513,3,502.400412
-2.289186,3,502.483574
-2.241125,3,502.566591
-3.295195,4,502.670593
-1.11417,2,502.720351
-3.423182,4,502.816401
-2.193706,3,502.912783
-3.374059,4,503.020255
-3.256963,4,503.122471
-2.276107,3,503.200623
-2.205319,3,503.284432
-1.082752,2,503.33551
-2.219724,3,503.405353
-1.13705,2,503.453865
-2.238037,3,503.539671
-3.352862,4,503.633632
-3.398109,4,503.738809
-1.101918,2,503.793397
-3.326139,4,503.898052
-2.235768,3,503.979015
-3.336728,4,504.08054
-2.267519,3,504.158907
-3.286728,4,504.260827
-3.321712,4,504.370095
-3.319561,4,504.471364
-2.24955,3,504.558867
-0.034072,1,504.593674
-2.20062,3,504.683543
-2.184111,3,504.771435
-3.360485,4,504.869092
-3.405644,4,504.989452
-2.233882,3,505.060037
-2.253298,3,505.122555
-0.051433,1,505.148092
-2.214215,3,505.226601
-3.297385,4,505.323805
-2.223916,3,505.398261
-2.286969,3,505.467972
-3.368151,4,505.56969
-2.236213,3,505.6356
-3.285294,4,505.729597
-1.088084,2,505.775484
-1.140707,2,505.826572
-1.096934,2,505.885448
-1.109144,2,505.93802
-2.232662,3,506.008907
-3.285834,4,506.13152
-3.278609,4,506.242401
-3.367995,4,506.321298
-0.029192,1,506.332808
-2.149636,3,506.392551
-3.312081,4,506.47338
-3.374256,4,506.517925
-0.03338,1,506.538962
-3.278396,4,506.624283
-2.16739,3,506.665906
-1.115357,2,506.696565
-3.326843,4,506.75982
-3.335396,4,506.824464
-2.239478,3,506.868221
-2.307192,3,506.909422
-2.241366,3,506.958996
-0.011999,1,506.975528
-0.012566,1,506.992562
-3.323593,4,507.070914
-2.218252,3,507.11653
-3.450855,4,507.192487
-2.231797,3,507.241912
-2.24244,3,507.300508
-1.123119,2,507.336553
-2.229318,3,507.40149
-1.122934,2,507.439061
-3.36932,4,507.511423
-3.364278,4,507.584537
-2.170529,3,507.650246
-1.091634,2,507.694351
-2.211048,3,507.755465
-3.266707,4,507.840596
-2.236116,3,507.902539
-1.110172,2,507.947551
-1.088345,2,507.990021
-1.094186,2,508.036062
-3.34217,4,508.131397
-1.113889,2,508.172472
-3.325797,4,508.253972
-2.308198,3,508.310375
-2.191343,3,508.377956
-1.103484,2,508.422531
-2.233274,3,508.484777
-3.382461,4,508.564637
-1.111115,2,508.608911
-2.164991,3,508.658097
-3.329328,4,508.731824
-2.242589,3,508.785601
-3.320555,4,508.86909
-2.149315,3,508.924475
-0.01681,1,508.947011
-3.339222,4,509.021431
-0.028631,1,509.048975
-2.271251,3,509.101351
-3.296881,4,509.174713
-2.199034,3,509.236602
-2.162673,3,509.30661
-0.047284,1,509.324148
-1.131851,2,509.365825
-0.036922,1,509.38447
-2.223824,3,509.451577
-3.315004,4,509.532423
-3.319396,4,509.606534
-2.220603,3,509.655601
-2.264015,3,509.724371
-2.157022,3,509.78003
-2.306506,3,509.844565
-1.055777,2,509.889696
-2.248186,3,509.951417
-3.37307,4,510.026514
-2.242735,3,510.08061
-2.237441,3,510.149884
-3.25667,4,510.23963
-0.023555,1,510.258706
-3.305901,4,510.340561
-1.125564,2,510.382625
-2.266896,3,510.447996
-1.059859,2,510.480061
-1.143721,2,510.519575
-2.179594,3,510.575336
-2.181567,3,510.636434
-3.281403,4,510.712553
-3.31715,4,510.779652
-1.098727,2,510.81684
-3.33403,4,510.90248
-2.197275,3,510.960058
-2.249859,3,511.014397
-0.039262,1,511.036429
-2.245847,3,511.106544
-2.226442,3,511.165639
-3.31445,4,511.24753
-0.016093,1,511.26806
-2.270639,3,511.340437
-1.062234,2,511.380507
-3.382064,4,511.46419
-3.325785,4,511.543773
-1.117525,2,511.589059
-2.154195,3,511.652696
-3.274513,4,511.733548
-2.215888,3,511.80191
-1.100919,2,511.844607
-0.040399,1,511.86664
-3.260384,4,511.940512
-2.162519,3,511.999602
-2.222685,3,512.046343
-1.132135,2,512.09169
-1.066764,2,512.139557
-1.085771,2,512.189639
-1.107836,2,512.242511
-0.048679,1,512.263546
-2.216041,3,512.56657
-3.358148,4,512.661884
-2.202351,3,512.741849
-2.186887,3,512.822807
-0.038498,1,512.850315
-1.0945,2,512.894545
-1.106924,2,512.949469
-1.110621,2,512.999547
-1.098518,2,513.043617
-2.225706,3,513.120563
-0.011584,1,513.152628
-1.114495,2,513.204533
-3.46709,4,513.317908
-2.235104,3,513.415752
-2.232782,3,513.499443
-0.034586,1,513.520486
-2.16946,3,513.595614
-2.169136,3,513.670598
-1.1162,2,513.721813
-1.161708,2,513.762424
-2.210878,3,513.830539
-2.260324,3,513.900343
-2.238063,3,513.986625
-0.02831,1,514.008837
-0.029166,1,514.034537
-1.08502,2,514.080475
-2.256789,3,514.156505
-0.040373,1,514.181563
-0.042581,1,514.204594
-1.103088,2,514.261406
-2.202186,3,514.352551
-1.123045,2,514.410344
-1.082039,2,514.455126
-3.32144,4,514.536128
-2.221388,3,514.604501
-3.348213,4,514.774568
-2.273855,3,514.860037
-3.354307,4,514.949533
-2.214987,3,515.020803
-2.214404,3,515.0966
-1.102906,2,515.144723
-3.409454,4,515.243549
-2.255219,3,515.310444
-3.278447,4,515.389562
-3.367155,4,515.486557
-0.022857,1,515.514604
-2.249867,3,515.589621
-1.130635,2,515.629799
-2.170363,3,515.691468
-1.101079,2,515.734529
-2.256273,3,515.804515
-2.206345,3,515.879468
-1.119935,2,515.920464
-3.339971,4,516.014447
-2.215687,3,516.084865
-1.119416,2,516.126604
-2.20534,3,516.192657
-0.028599,1,516.221409
-3.349471,4,516.308064
-2.208772,3,516.378301
-3.304813,4,516.461183
-1.123615,2,516.510527
-2.185699,3,516.580894
-3.337327,4,516.661797
-2.234352,3,516.733589
-2.150674,3,516.796403
-0.050568,1,516.825454
-2.190989,3,516.884492
-1.132643,2,516.938079
-3.359289,4,517.034467
-2.226521,3,517.096385
-1.111413,2,517.157986
-3.341674,4,517.251842
-3.313603,4,517.348108
-2.222865,3,517.438968
-3.3568,4,517.529443
-2.163902,3,517.60794
-3.301671,4,517.700238
-3.349416,4,517.783372
-2.265778,3,517.851978
-2.236258,3,517.916613
-3.326785,4,518.008115
-1.110374,2,518.057271
-1.080116,2,518.098996
-3.331749,4,518.190578
-3.3284,4,518.28485
-2.193268,3,518.354003
-2.228156,3,518.414391
-2.225836,3,518.478505
-3.33094,4,518.559924
-1.136648,2,518.612407
-0.037822,1,518.631437
-2.264781,3,518.703621
-2.200462,3,518.757216
-0.018523,1,518.787934
-3.297768,4,518.878118
-1.083751,2,518.917938
-3.360793,4,519.011746
-2.204627,3,519.092456
-2.156423,3,519.162709
-0.029861,1,519.184472
-1.118473,2,519.239061
-2.207332,3,519.30805
-1.116169,2,519.350621
-2.220491,3,519.422863
-2.266661,3,519.485831
-3.319419,4,519.583848
-2.216745,3,519.636564
-3.284951,4,519.724502
-1.13209,2,519.758265
-2.164484,3,519.830268
-0.037434,1,519.855364
-0.04818,1,519.879917
-0.04229,1,519.901522
-2.194087,3,519.976789
-1.139775,2,520.025565
-2.212669,3,520.099098
-0.027807,1,520.126642
-3.279138,4,520.239848
-2.283422,3,520.319013
-2.24074,3,520.395635
-2.249999,3,520.473545
-2.188559,3,520.557098
-3.284633,4,520.654051
-3.294033,4,520.746919
-2.245658,3,520.816575
-2.185764,3,520.896513
-3.315885,4,520.988385
-2.276486,3,521.057103
-1.114539,2,521.105518
-3.321446,4,521.209665
-1.132816,2,521.258445
-3.324959,4,521.36103
-3.346197,4,521.457085
-2.18024,3,521.539439
-2.196015,3,521.609608
-1.12378,2,521.664449
-1.143052,2,521.716543
-0.043713,1,521.746111
-1.107357,2,521.790229
-3.271119,4,521.884624
-3.388549,4,521.973112
-1.095,2,522.029531
-2.155569,3,522.1068
-0.051177,1,522.13241
-3.336297,4,522.230528
-3.306684,4,522.332801
-3.362433,4,522.426621
-1.112284,2,522.472868
-0.039695,1,522.499911
-1.059555,2,522.552558
-3.328507,4,522.668637
-2.305064,3,522.740751
-2.205493,3,522.816541
-2.222776,3,522.887934
-3.287617,4,522.9926
-1.106418,2,523.039871
-1.075597,2,523.09543
-0.026587,1,523.125486
-2.193536,3,523.203299
-1.120568,2,523.257982
-3.346437,4,523.345806
-3.429683,4,523.449494
-3.343201,4,523.556053
-1.140705,2,523.602323
-2.236633,3,523.677981
-2.244913,3,523.759085
-3.372288,4,523.859977
-2.21042,3,523.940499
-1.086367,2,523.983629
-1.122732,2,524.04684
-2.207025,3,524.112638
-0.044383,1,524.138315
-2.211655,3,524.215632
-1.142663,2,524.275723
-3.237358,4,524.382798
-1.078935,2,524.430478
-2.174493,3,524.50732
-2.188854,3,524.592433
-2.140268,3,524.674708
-2.22235,3,524.756063
-2.285149,3,524.839772
-2.220403,3,524.918068
-0.032006,1,524.943614
-2.173645,3,525.012467
-2.234516,3,525.085382
-2.21709,3,525.179666
-2.235133,3,525.278819
-3.388997,4,525.398
-3.313983,4,525.496002
-3.301325,4,525.594631
-3.297945,4,525.696659
-2.203629,3,525.774612
-3.319686,4,525.873614
-2.217221,3,525.947959
-2.263939,3,526.019701
-3.317487,4,526.12868
-3.253516,4,526.226576
-1.107515,2,526.283394
-0.025277,1,526.309444
-1.057729,2,526.355035
-3.304593,4,526.454886
-2.244068,3,526.533587
-3.270219,4,526.632947
-0.028499,1,526.662508
-3.387598,4,526.755172
-0.039452,1,526.788858
-2.215213,3,526.86502
-1.070822,2,526.913378
-0.04485,1,526.936413
-3.327337,4,527.026724
-3.348477,4,527.09907
-0.0542,1,527.118098
-1.153759,2,527.169883
-2.195525,3,527.246556
-2.194343,3,527.330099
-2.232807,3,527.405552
-2.280037,3,527.478866
-2.1906,3,527.578305
-0.044215,1,527.605963
-2.16673,3,527.686452
-2.196365,3,527.760413
-2.287861,3,527.841558
-3.298411,4,527.933927
-0.026002,1,527.954559
-0.037482,1,527.981486
-1.12143,2,528.0436
-2.222138,3,528.164496
-2.210176,3,528.252782
-1.127812,2,528.301516
-3.308476,4,528.420944
-1.112078,2,528.476759
-1.086813,2,528.531569
-3.30961,4,528.665872
-3.273151,4,528.810292
-2.262733,3,528.888975
-1.116374,2,528.936833
-3.342855,4,529.024104
-2.246836,3,529.104977
-2.182963,3,529.198829
-1.097445,2,529.256035
-3.302399,4,529.361016
-3.363287,4,529.475811
-2.207845,3,529.563768
-3.316471,4,529.660064
-1.091402,2,529.71142
-3.282844,4,529.822655
-1.098527,2,529.870533
-2.240869,3,529.949023
-0.047503,1,529.974801
-1.096282,2,530.032622
-2.187902,3,530.106477
-0.000625,1,530.130022
-2.268962,3,530.203354
-2.21073,3,530.286353
-2.184687,3,530.361995
-3.376359,4,530.469951
-0.02594,1,530.496579
-2.228084,3,530.588969
-2.274927,3,530.705481
-0.03473,1,530.732776
-1.140901,2,530.798073
-3.283916,4,530.919761
-0.019192,1,530.949409
-2.249611,3,531.022661
-2.238441,3,531.144584
-3.290551,4,531.270936
-2.212643,3,531.348908
-0.055741,1,531.372703
-1.11138,2,531.425476
-2.241843,3,531.509484
-2.187229,3,531.580627
-2.255171,3,531.658883
-2.187439,3,531.73251
-3.385619,4,531.823926
-2.200665,3,531.89656
-0.03178,1,531.919601
-3.358189,4,532.015641
-2.169755,3,532.092107
-1.068342,2,532.140244
-3.407239,4,532.224541
-1.128563,2,532.275611
-2.282407,3,532.362546
-1.121525,2,532.412632
-1.095425,2,532.462443
-2.262993,3,532.539573
-2.174288,3,532.626529
-3.26972,4,532.735991
-3.37208,4,532.826484
-2.255603,3,532.908665
-2.275729,3,532.998088
-2.287788,3,533.069496
-2.193537,3,533.139096
-2.198645,3,533.212651
-2.195968,3,533.291595
-1.087149,2,533.335339
-3.303465,4,533.430584
-0.008824,1,533.453142
-3.348544,4,533.558727
-2.169682,3,533.63345
-2.194292,3,533.708992
-0.043215,1,533.733537
-1.115253,2,533.785536
-3.325676,4,533.889903
-1.069817,2,533.941686
-1.105246,2,533.995437
-2.247804,3,534.078073
-2.233899,3,534.147303
-3.353604,4,534.24206
-3.387269,4,534.336908
-2.181456,3,534.408063
-2.224363,3,534.478672
-2.286675,3,534.54658
-3.312667,4,534.636446
-3.307899,4,534.738115
-2.169396,3,534.80335
-2.23253,3,534.861504
-1.08631,2,534.912593
-2.225522,3,534.975608
-3.277393,4,535.054472
-2.195701,3,535.115563
-1.111615,2,535.158137
-2.240149,3,535.234461
-1.121173,2,535.269513
-3.358835,4,535.348126
-2.161792,3,535.41251
-0.031564,1,535.438048
-3.337502,4,535.536263
-2.191234,3,535.601508
-3.399289,4,535.682634
-2.302262,3,535.751517
-2.29128,3,535.816606
-3.306364,4,535.912548
-2.252733,3,535.972883
-2.170575,3,536.038667
-3.263044,4,536.126543
-1.134509,2,536.163591
-0.010419,1,536.182113
-3.290881,4,536.266323
-3.370986,4,536.352577
-3.283867,4,536.44163
-0.029071,1,536.460301
-2.210075,3,536.529003
-2.176289,3,536.589746
-2.226811,3,536.65508
-3.328667,4,536.73702
-1.103644,2,536.784202
-2.260987,3,536.844433
-3.363574,4,536.928772
-3.397883,4,537.031619
-1.058074,2,537.076279
-2.257448,3,537.137968
-3.292246,4,537.219772
-3.306658,4,537.29057
-2.274613,3,537.367021
-3.278751,4,537.455514
-0.023949,1,537.470046
-3.477071,4,537.546573
-3.295327,4,537.641455
-3.273829,4,537.729719
-2.19975,3,537.791558
-0.05178,1,537.816595
-1.104486,2,537.874935
-2.262026,3,537.946309
-2.235788,3,538.009577
-1.130435,2,538.050207
-3.299779,4,538.147949
-1.08426,2,538.18373
-3.286803,4,538.280514
-3.390962,4,538.356618
-3.285728,4,538.45023
-3.357584,4,538.550482
-2.214492,3,538.614347
-2.20755,3,538.672465
-2.238349,3,538.74157
-2.188049,3,538.809037
-0.0139,1,538.829575
-2.196917,3,538.896542
-3.339015,4,539.000592
-1.076783,2,539.042894
-1.106774,2,539.098759
-2.219278,3,539.159824
-1.103608,2,539.220598
-3.487159,4,539.316498
-2.156229,3,539.383891
-2.21049,3,539.463074
-1.099947,2,539.518039
-3.359717,4,539.609509
-0.048314,1,539.625526
-1.105863,2,539.679866
-2.248665,3,539.766095
-3.341912,4,539.844596
-2.250273,3,539.912492
-3.438095,4,540.002859
-1.120178,2,540.061632
-2.232811,3,540.127916
-2.214271,3,540.19159
-3.437673,4,540.292595
-2.277306,3,540.370096
-3.340417,4,540.484687
-2.175889,3,540.562759
-3.389889,4,540.672767
-2.194708,3,540.765107
-2.160933,3,540.845115
-0.025142,1,540.868909
-3.315415,4,540.96809
-0.044018,1,540.996582
-3.365592,4,541.10156
-2.176964,3,541.173876
-3.357362,4,541.268654
-2.238843,3,541.34659
-1.083212,2,541.399416
-1.104837,2,541.451497
-3.320332,4,541.554683
-2.180381,3,541.635633
-3.401564,4,541.744569
-1.090406,2,541.794808
-2.248278,3,541.874026
-2.217659,3,541.961105
-2.173689,3,542.035463
-0.033281,1,542.062441
-0.042227,1,542.08551
-2.152513,3,542.168856
-3.294976,4,542.273388
-1.107567,2,542.328981
-2.261759,3,542.417896
-2.256906,3,542.512911
-0.049296,1,542.540521
-2.210483,3,542.618242
-0.014367,1,542.646428
-1.093558,2,542.710458
-2.214291,3,542.769977
-1.12088,2,542.819823
-1.097172,2,542.868967
-0.042722,1,542.905444
-2.272267,3,542.994698
-2.24639,3,543.067061
-3.374812,4,543.170093
-2.225269,3,543.262528
-3.297642,4,543.36253
-1.092835,2,543.430876
-0.022176,1,543.459538
-3.366991,4,543.577063
-2.242296,3,543.657951
-1.117853,2,543.711586
-1.091508,2,543.761278
-2.154768,3,543.847954
-2.271393,3,543.922429
-2.185873,3,543.986029
-2.184817,3,544.063954
-1.158159,2,544.130241
-2.249613,3,544.22651
-2.296781,3,544.296739
-0.032489,1,544.320461
-2.232664,3,544.403747
-3.286099,4,544.511467
-2.234273,3,544.588706
-2.213765,3,544.671067
-1.072175,2,544.725386
-1.125196,2,544.782682
-2.18574,3,544.8591
-3.238088,4,544.953532
-1.10019,2,545.008792
-3.271084,4,545.102776
-2.205681,3,545.159444
-3.346326,4,545.245817
-2.230464,3,545.322796
-0.00254,1,545.346855
-3.273529,4,545.438018
-3.282024,4,545.536494
-1.09687,2,545.593705
-2.246302,3,545.665211
-1.127975,2,545.716662
-2.183376,3,545.786833
-2.228031,3,545.870003
-2.21418,3,545.939438
-2.202754,3,546.015069
-3.377524,4,546.102582
-1.10193,2,546.158835
-0.028369,1,546.179875
-0.030089,1,546.211505
-0.047959,1,546.236536
-0.018661,1,546.272633
-2.15322,3,546.350187
-3.34307,4,546.44829
-1.125009,2,546.486519
-2.249701,3,546.573799
-0.040229,1,546.598027
-2.212361,3,546.663697
-1.114609,2,546.746484
-2.236762,3,546.823436
-3.332524,4,546.920381
-3.271742,4,547.013446
-2.209679,3,547.084442
-3.281791,4,547.183729
-0.030042,1,547.204454
-2.178601,3,547.25957
-3.363844,4,547.339761
-2.246368,3,547.396373
-3.332416,4,547.481779
-2.182596,3,547.54048
-1.142275,2,547.586058
-2.233875,3,547.661901
-0.054711,1,547.682442
-3.358088,4,547.771085
-4.467492,5,547.874061
-3.405614,4,547.98359
-3.443057,4,548.079466
-1.109756,2,548.128039
-1.111076,2,548.175128
-2.256698,3,548.244403
-3.285412,4,548.333443
-2.188001,3,548.389021
-0.038912,1,548.415945
-1.109476,2,548.473879
-2.176756,3,548.561416
-3.426255,4,548.652557
-2.240756,3,548.720776
-1.102208,2,548.775693
-2.192643,3,548.849612
-3.379058,4,548.944546
-2.216579,3,549.01532
-3.277545,4,549.11652
-3.437705,4,549.198855
-3.303779,4,549.295687
-3.38226,4,549.3854
-1.115713,2,549.443499
-2.233529,3,549.532624
-3.402503,4,549.640641
-1.098223,2,549.681769
-2.145967,3,549.753538
-1.078222,2,549.806612
-3.384033,4,549.890596
-1.112684,2,549.94139
-1.143907,2,549.993468
-2.242129,3,550.079098
-1.099046,2,550.133815
-2.170135,3,550.211578
-2.204562,3,550.304859
-1.150309,2,550.355725
-0.012879,1,550.384456
-2.202271,3,550.468872
-2.258991,3,550.556551
-1.086935,2,550.617136
-2.226741,3,550.704557
-2.192392,3,550.782442
-1.110403,2,550.845541
-3.300754,4,550.961435
-1.096657,2,551.02452
-3.335073,4,551.152417
-2.224021,3,551.234556
-2.19897,3,551.340489
-1.123808,2,551.416602
-3.396859,4,551.590505
-3.305797,4,551.704274
-1.091485,2,551.761573
-1.110789,2,551.840477
-2.261,3,551.926599
-2.204872,3,552.01159
-2.210866,3,552.118022
-2.165497,3,552.212505
-3.393905,4,552.323448
-2.193982,3,552.420606
-1.093582,2,552.490515
-2.264252,3,552.609409
-1.121904,2,552.67251
-2.218323,3,552.76901
-3.291399,4,552.90063
-0.049687,1,552.930396
-2.198455,3,553.012536
-1.123058,2,553.076637
-2.176541,3,553.16946
-1.075974,2,553.234561
-1.132757,2,553.298814
-2.236645,3,553.393575
-2.208526,3,553.488761
-2.238245,3,553.587324
-2.234662,3,553.682902
-2.2203,3,553.783596
-0.026698,1,553.813134
-1.121361,2,553.869884
-2.128885,3,553.963013
-2.226062,3,554.050264
-2.257502,3,554.127959
-2.163775,3,554.200604
-0.023943,1,554.232662
-2.192242,3,554.318502
-2.203426,3,554.385148
-2.218997,3,554.45165
-2.261108,3,554.522555
-2.157082,3,554.600382
-2.249394,3,554.676715
-0.039803,1,554.699765
-3.27973,4,554.801459
-1.081345,2,554.856546
-1.125722,2,554.907892
-2.263242,3,554.98306
-0.037537,1,555.006313
-2.267105,3,555.089545
-2.18626,3,555.154
-1.073482,2,555.206588
-1.119153,2,555.245313
-2.243431,3,555.326472
-2.161421,3,555.394743
-2.197237,3,555.454979
-0.046672,1,555.476055
-2.193597,3,555.565543
-3.420988,4,555.664892
-2.194066,3,555.743522
-1.099237,2,555.789932
-3.284446,4,555.89036
-2.165567,3,555.963597
-1.144653,2,556.017297
-2.242742,3,556.096064
-0.038832,1,556.124367
-2.264405,3,556.192915
-2.270909,3,556.260907
-2.22307,3,556.336626
-2.239592,3,556.415578
-2.245283,3,556.49551
-2.214662,3,556.566621
-2.18595,3,556.641458
-2.18729,3,556.728116
-2.282247,3,556.802438
-3.362284,4,556.923443
-0.017164,1,556.956635
-2.197279,3,557.039527
-0.014392,1,557.063007
-0.036947,1,557.086544
-2.206106,3,557.156677
-2.183368,3,557.244638
-2.204042,3,557.32208
-0.03561,1,557.336646
-2.214812,3,557.405036
-3.332254,4,557.519613
-1.087411,2,557.571405
-1.094637,2,557.621822
-3.332969,4,557.701339
-1.141046,2,557.749418
-1.070927,2,557.797013
-2.165655,3,557.85796
-2.265205,3,557.92794
-1.090467,2,557.98906
-2.213261,3,558.066529
-1.112666,2,558.130806
-1.083678,2,558.193419
-2.171655,3,558.28858
-3.410985,4,558.386484
-1.142396,2,558.436567
-3.343589,4,558.53646
-2.211636,3,558.600646
-1.130683,2,558.641433
-1.112693,2,558.692023
-3.339205,4,558.809035
-3.349184,4,558.906819
-1.087214,2,558.956641
-3.380027,4,559.058131
-3.307334,4,559.160665
-3.299855,4,559.280975
-2.279802,3,559.365836
-1.102789,2,559.409461
-1.100002,2,559.45653
-1.103228,2,559.514439
-3.40115,4,559.616359
-1.1042,2,559.664452
-2.2429,3,559.744486
-2.264708,3,559.826838
-0.027373,1,559.852415
-2.275359,3,559.920551
-3.433699,4,560.004367
-1.141296,2,560.064462
-2.16139,3,560.139418
-3.309226,4,560.231488
-1.123003,2,560.279068
-2.224127,3,560.365586
-2.189967,3,560.449738
-2.267083,3,560.526761
-2.202134,3,560.606573
-1.117367,2,560.656659
-3.34843,4,560.769053
-3.354017,4,560.87866
-2.224356,3,560.958075
-0.024491,1,560.994353
-2.269193,3,561.074481
-2.187834,3,561.166704
-2.241617,3,561.26447
-1.144631,2,561.327972
-3.365594,4,561.445545
-1.152514,2,561.501796
-3.248527,4,561.616488
-1.091869,2,561.697894
-2.232897,3,561.794436
-2.211961,3,561.88884
-2.246707,3,561.971537
-2.126807,3,562.064672
-2.20935,3,562.16153
-2.193464,3,562.245445
-3.406109,4,562.363692
-1.141516,2,562.43141
-2.235007,3,562.500022
-2.173092,3,562.572643
-1.122834,2,562.626523
-0.037285,1,562.658077
-0.049135,1,562.683124
-2.243128,3,562.765642
-2.166278,3,562.843582
-2.209669,3,562.929672
-1.108905,2,562.981028
-1.066524,2,563.033478
-3.375342,4,563.152366
-1.146791,2,563.212319
-3.331485,4,563.321363
-1.090906,2,563.381961
-0.040321,1,563.406685
-0.045404,1,563.437839
-2.197793,3,563.518265
-2.22704,3,563.593502
-3.34615,4,563.714391
-3.286693,4,563.83448
-3.412963,4,563.942465
-1.100243,2,563.999729
-3.297156,4,564.10617
-1.105905,2,564.180484
-2.18877,3,564.269361
-1.111738,2,564.325455
-1.079811,2,564.382549
-0.033667,1,564.416592
-2.240073,3,564.497884
-3.331755,4,564.593676
-3.397206,4,564.677992
-2.167859,3,564.765113
-2.158911,3,564.851445
-2.172192,3,564.935452
-0.04176,1,564.961498
-0.022007,1,564.996553
-1.093542,2,565.055809
-1.104645,2,565.109562
-1.150115,2,565.158652
-0.034476,1,565.195448
-1.085778,2,565.236513
-3.325034,4,565.344398
-0.039553,1,565.374954
-1.073203,2,565.43343
-2.203452,3,565.512554
-2.181649,3,565.586664
-3.330976,4,565.692688
-3.358187,4,565.790444
-2.170326,3,565.866554
-3.326638,4,565.962872
-2.194758,3,566.046524
-3.343213,4,566.163501
-0.030439,1,566.187039
-2.243501,3,566.274127
-0.051885,1,566.296394
-1.118104,2,566.353492
-1.084399,2,566.40335
-1.143267,2,566.456355
-2.26607,3,566.536286
-2.186016,3,566.613496
-2.217561,3,566.680114
-1.106087,2,566.736441
-3.292996,4,566.834499
-3.29879,4,566.928752
-2.161144,3,566.99885
-0.015296,1,567.022527
-2.243735,3,567.097898
-2.308185,3,567.18098
-2.250827,3,567.253395
-3.34062,4,567.340615
-0.039388,1,567.365297
-2.290247,3,567.444517
-2.215151,3,567.520742
-1.119819,2,567.568975
-3.390237,4,567.658006
-3.306162,4,567.762526
-2.252006,3,567.833633
-1.122102,2,567.873408
-2.179942,3,567.946808
-0.033981,1,567.970944
-1.129609,2,568.016533
-2.226174,3,568.081276
-1.089096,2,568.132444
-1.15474,2,568.182536
-2.272742,3,568.261626
-2.232274,3,568.337998
-3.241495,4,568.450037
-1.09092,2,568.503471
-2.185804,3,568.583698
-3.396014,4,568.695554
-3.337596,4,568.787938
-2.271143,3,568.866743
-2.213832,3,568.941768
-0.048644,1,568.969434
-1.091483,2,569.021525
-3.309709,4,569.126482
-3.297517,4,569.230623
-2.17837,3,569.313795
-3.302284,4,569.41445
-1.126019,2,569.458014
-2.248519,3,569.528129
-2.174813,3,569.610448
-2.262489,3,569.684488
-1.115707,2,569.736576
-2.229087,3,569.803419
-2.227778,3,569.886583
-0.038122,1,569.910626
-3.286017,4,570.010582
-2.198453,3,570.084741
-2.191278,3,570.161517
-2.244743,3,570.236405
-3.461892,4,570.344911
-2.229387,3,570.418149
-2.226525,3,570.49554
-3.367359,4,570.591063
-2.247039,3,570.673504
-3.290487,4,570.783935
-3.325652,4,570.8766
-0.031114,1,570.897141
-2.26452,3,570.982008
-2.168612,3,571.062432
-3.287445,4,571.171499
-2.22464,3,571.251394
-2.291641,3,571.339934
-2.24391,3,571.42538
-2.221075,3,571.510728
-2.204634,3,571.599989
-1.143724,2,571.655369
-2.197306,3,571.747866
-2.224735,3,571.833566
-3.376482,4,571.94446
-0.029044,1,571.980544
-2.226908,3,572.06363
-2.184362,3,572.144798
-1.110155,2,572.211831
-2.222552,3,572.299666
-3.2813,4,572.408891
-1.09964,2,572.460073
-0.01895,1,572.492981
-2.207268,3,572.59023
-2.210669,3,572.696679
-2.188764,3,572.775661
-2.252053,3,572.862381
-2.198766,3,572.955611
-2.210946,3,573.040401
-2.267743,3,573.126536
-2.183752,3,573.216377
-4.476724,5,573.38046
-3.434467,4,573.499919
-2.185541,3,573.590212
-3.34804,4,573.704451
-1.122498,2,573.753533
-1.147815,2,573.849353
-1.123257,2,573.912407
-2.223196,3,573.991697
-2.195605,3,574.068632
-1.154724,2,574.122586
-1.121936,2,574.176356
-0.052524,1,574.203474
-1.078845,2,574.259578
-4.504409,5,574.381507
-1.116543,2,574.43273
-2.24849,3,574.514048
-3.445785,4,574.630461
-3.325236,4,574.716465
-2.177678,3,574.785074
-2.185081,3,574.853535
-1.110443,2,574.890092
-0.031578,1,574.908789
-2.164722,3,574.973597
-2.276157,3,575.037983
-2.209361,3,575.104699
-3.28811,4,575.180491
-0.035857,1,575.198122
-1.136058,2,575.233425
-3.33559,4,575.315897
-2.218455,3,575.384049
-3.354762,4,575.473514
-1.111108,2,575.517243
-2.219215,3,575.586551
-1.101109,2,575.624612
-3.442919,4,575.703727
-1.068452,2,575.744459
-0.020459,1,575.7695
-1.095779,2,575.812407
-2.278002,3,575.881513
-2.234928,3,575.949467
-3.287135,4,576.049612
-2.187222,3,576.11446
-2.167684,3,576.189106
-2.2529,3,576.263522
-2.297737,3,576.322349
-4.542553,5,576.442748
-1.089784,2,576.487325
-1.133174,2,576.524464
-2.128939,3,576.597087
-0.014153,1,576.629468
-2.314541,3,576.700745
-2.211421,3,576.763485
-3.25405,4,576.864598
-2.181951,3,576.933416
-2.267183,3,577.011788
-2.233292,3,577.074516
-1.134534,2,577.125839
-2.204286,3,577.200696
-2.289795,3,577.260093
-1.096278,2,577.297023
-1.13799,2,577.362392
-2.23394,3,577.435216
-3.283722,4,577.533792
-1.10359,2,577.572746
-3.356725,4,577.664636
-0.038236,1,577.682925
-2.290851,3,577.754559
-2.184925,3,577.815362
-2.171704,3,577.876929
-1.071246,2,577.92251
-2.247357,3,577.985095
-0.015423,1,578.016179
-2.228659,3,578.099906
-3.405089,4,578.182556
-1.124699,2,578.228729
-1.132236,2,578.27477
-0.01983,1,578.306693
-3.286892,4,578.384935
-2.270207,3,578.434392
-1.063343,2,578.467935
-2.1885,3,578.542445
-1.100637,2,578.594037
-0.030936,1,578.616759
-2.203026,3,578.68797
-1.095671,2,578.749725
-3.304761,4,578.818854
-3.302332,4,578.906735
-3.367386,4,578.980624
-2.200785,3,579.054374
-2.266291,3,579.122768
-3.302508,4,579.201618
-3.317394,4,579.279375
-2.239803,3,579.363083
-3.378282,4,579.456524
-1.087481,2,579.504669
-2.232518,3,579.572769
-2.230535,3,579.641628
-2.234074,3,579.706695
-0.02693,1,579.735466
-1.136146,2,579.782555
-1.078481,2,579.834381
-0.038299,1,579.856879
-2.156611,3,579.925484
-1.097976,2,579.970125
-0.038398,1,579.992616
-2.185878,3,580.048862
-3.299075,4,580.138232
-1.061329,2,580.194997
-3.371137,4,580.294209
-1.092886,2,580.336451
-1.070757,2,580.388546
-0.031353,1,580.416208
-1.096632,2,580.465335
-0.033733,1,580.491794
-3.466253,4,580.578903
-0.027657,1,580.601961
-1.120067,2,580.659391
-2.215332,3,580.734434
-2.184502,3,580.799049
-2.155025,3,580.865451
-3.310287,4,580.959992
-3.296879,4,581.053941
-2.222913,3,581.112931
-1.096579,2,581.166267
-0.053411,1,581.198636
-2.23458,3,581.281797
-1.108795,2,581.333755
-2.26121,3,581.420381
-0.034771,1,581.454431
-2.218689,3,581.535514
-2.213903,3,581.620465
-3.308761,4,581.726492
-2.18904,3,581.808836
-1.111675,2,581.858033
-2.186071,3,581.937919
-1.137417,2,581.981489
-1.105387,2,582.048988
-1.132747,2,582.118175
-2.220308,3,582.216491
-1.127287,2,582.275591
-2.222996,3,582.369414
-2.215417,3,582.453747
-2.189079,3,582.542659
-3.288194,4,582.644743
-2.281421,3,582.736407
-3.323535,4,582.86334
-2.152156,3,582.941958
-2.174042,3,583.017269
-3.310734,4,583.121475
-0.015366,1,583.150521
-3.398864,4,583.259436
-1.097958,2,583.313476
-1.130911,2,583.376568
-0.026259,1,583.406772
-3.359522,4,583.514966
-1.133923,2,583.563394
-0.044734,1,583.590084
-0.038679,1,583.615475
-2.249035,3,583.688089
-2.231766,3,583.771673
-3.332067,4,583.885572
-2.297896,3,583.964584
-1.073667,2,584.006408
-2.17107,3,584.071698
-2.204525,3,584.154515
-1.129445,2,584.202602
-1.104891,2,584.255878
-2.220046,3,584.332516
-2.256409,3,584.419667
-3.36886,4,584.528054
-1.058673,2,584.58023
-2.178758,3,584.646437
-3.360549,4,584.749618
-2.176892,3,584.820508
-0.028516,1,584.855555
-0.039173,1,584.874586
-2.166296,3,584.954062
-1.132255,2,585.003499
-2.22393,3,585.078163
-2.236657,3,585.159535
-2.202834,3,585.250012
-3.345633,4,585.361561
-3.342199,4,585.446798
-2.186321,3,585.523029
-2.182647,3,585.609496
-3.302823,4,585.720886
-2.190977,3,585.79236
-3.323182,4,585.894539
-1.111581,2,585.942618
-3.266782,4,586.024822
-4.436401,5,586.10656
-1.11616,2,586.134608
-2.220443,3,586.18939
-1.069028,2,586.225445
-1.127278,2,586.263516
-0.022845,1,586.284543
-2.195498,3,586.345629
-3.315333,4,586.413385
-2.281111,3,586.467961
-2.215862,3,586.523545
-2.242467,3,586.566603
-1.095182,2,586.599795
-3.308761,4,586.67247
-2.181407,3,586.730114
-1.151494,2,586.776572
-2.194782,3,586.840649
-1.135674,2,586.879801
-0.017963,1,586.895487
-2.20375,3,586.959093
-1.098564,2,586.990267
-3.285444,4,587.059048
-2.254151,3,587.125695
-2.227342,3,587.200095
-3.365476,4,587.289609
-0.008701,1,587.306628
-3.319081,4,587.381656
-1.098943,2,587.426767
-2.202537,3,587.497236
-2.195488,3,587.5664
-1.053593,2,587.61064
-2.181403,3,587.671385
-1.0788,2,587.706526
-3.366382,4,587.784375
-0.019283,1,587.809923
-1.155483,2,587.85666
-3.319144,4,587.935312
-1.091137,2,587.970089
-2.201402,3,588.029464
-0.035471,1,588.054498
-2.257446,3,588.118285
-3.275369,4,588.203593
-2.158924,3,588.268911
-2.200144,3,588.323577
-3.276137,4,588.404643
-3.40412,4,588.483407
-0.047959,1,588.502497
-1.134094,2,588.545249
-2.232093,3,588.593325
-1.089225,2,588.624369
-2.160297,3,588.689963
-1.099515,2,588.731604
-3.369051,4,588.804879
-3.444458,4,588.87802
-3.385749,4,588.951408
-3.356104,4,589.018036
-3.297024,4,589.090523
-3.326131,4,589.174746
-1.096532,2,589.208005
-2.224957,3,589.266623
-0.034634,1,589.288202
-1.108298,2,589.321857
-3.265744,4,589.392977
-1.089952,2,589.438063
-1.132479,2,589.485643
-3.433683,4,589.572518
-2.23678,3,589.636406
-2.177542,3,589.703316
-2.237233,3,589.760433
-0.051826,1,589.78246
-3.336202,4,589.860427
-3.357758,4,589.943377
-2.253153,3,589.999964
-1.121087,2,590.040031
-2.271844,3,590.092979
-2.208437,3,590.152824
-0.02462,1,590.16941
-2.175604,3,590.231305
-2.14378,3,590.295902
-3.323326,4,590.383615
-2.139608,3,590.460469
-3.261443,4,590.547912
-2.182062,3,590.606129
-3.318694,4,590.697074
-2.20616,3,590.767876
-3.327158,4,590.849666
-2.265492,3,590.914617
-3.39009,4,591.00374
-2.197898,3,591.056566
-2.233687,3,591.119927
-0.037805,1,591.139617
-2.219028,3,591.204925
-2.200876,3,591.264584
-0.047839,1,591.28561
-1.091568,2,591.327971
-0.029081,1,591.355513
-3.309978,4,591.434403
-3.379844,4,591.5147
-2.272141,3,591.573447
-3.316119,4,591.655882
-2.185223,3,591.712465
-2.226385,3,591.772551
-2.227022,3,591.839499
-2.228387,3,591.91465
-2.184274,3,591.976412
-2.230636,3,592.040357
-2.21023,3,592.104184
-2.178912,3,592.175496
-3.314895,4,592.256511
-2.169951,3,592.322333
-2.209472,3,592.38148
-0.046658,1,592.410605
-2.274617,3,592.481818
-2.191792,3,592.553405
-2.220037,3,592.614626
-0.041825,1,592.647888
-3.311297,4,592.709822
-2.216367,3,592.745858
-1.110929,2,592.792426
-0.034187,1,592.823125
-1.098828,2,592.881529
-2.194522,3,592.999117
-2.197917,3,593.091531
-1.096363,2,593.143414
-2.24207,3,593.22007
-3.300652,4,593.310303
-2.186418,3,593.392632
-2.239794,3,593.496972
-2.240246,3,593.575532
-3.301267,4,593.668954
-1.125545,2,593.716769
-2.219505,3,593.802109
-2.217333,3,593.880405
-2.232385,3,593.957937
-0.021715,1,593.979477
-2.209372,3,594.053081
-2.283778,3,594.126721
-3.277914,4,594.222611
-1.112007,2,594.279513
-1.097774,2,594.331904
-1.078605,2,594.379548
-2.235007,3,594.444908
-2.21013,3,594.517867
-3.29239,4,594.630567
-3.35372,4,594.726979
-3.3033,4,594.822385
-3.368619,4,594.915823
-2.188439,3,594.984468
-1.108257,2,595.028794
-2.169827,3,595.092595
-2.248208,3,595.155758
-1.09022,2,595.205695
-3.29996,4,595.28246
-2.268861,3,595.344444
-2.207808,3,595.404053
-2.198828,3,595.476445
-2.18354,3,595.546595
-1.128961,2,595.592851
-1.118155,2,595.635004
-3.305171,4,595.728688
-0.02337,1,595.755353
-2.231354,3,595.821406
-0.042104,1,595.845436
-2.248502,3,595.918208
-2.226763,3,595.968642
-2.207256,3,596.031478
-2.254846,3,596.100725
-2.245172,3,596.172444
-2.232942,3,596.234636
-1.078811,2,596.277864
-2.221348,3,596.332131
-1.088673,2,596.368789
-2.229315,3,596.436624
-2.249422,3,596.503734
-2.227088,3,596.570421
-2.148982,3,596.636566
-1.138432,2,596.682336
-3.292612,4,596.766736
-1.102304,2,596.81953
-1.144766,2,596.870611
-2.16011,3,596.944392
-1.068537,2,596.986453
-1.109783,2,597.040443
-0.048801,1,597.070652
-2.243639,3,597.133463
-3.33034,4,597.23363
-3.264619,4,597.339372
-3.318898,4,597.423244
-0.039615,1,597.454353
-2.248242,3,597.518185
-2.19793,3,597.581442
-3.343777,4,597.68043
-2.191626,3,597.744455
-2.221154,3,597.816577
-2.182991,3,597.8827
-1.10661,2,597.935414
-2.230536,3,598.011782
-2.242546,3,598.081571
-2.246948,3,598.156602
-3.290204,4,598.24139
-1.103108,2,598.287947
-3.345331,4,598.363882
-2.249377,3,598.433523
-1.07536,2,598.534442
-2.239546,3,598.648946
-1.146468,2,598.696031
-1.108896,2,598.736687
-2.248708,3,598.820699
-2.274316,3,598.8928
-3.32998,4,598.983598
-2.19668,3,599.044858
-2.163832,3,599.118309
-2.174092,3,599.18257
-3.284089,4,599.255368
-2.223789,3,599.305886
-3.342843,4,599.392584
-2.174218,3,599.450442
-2.224297,3,599.510684
-3.296857,4,599.588036
-2.208748,3,599.646902
-3.376094,4,599.715298
-2.171359,3,599.782711
-3.311958,4,599.871531
-2.206596,3,599.949408
-1.098439,2,599.99047
-1.120987,2,600.026638
-0.034851,1,600.046264
-1.079728,2,600.104749
-1.125906,2,600.148433
-3.348651,4,600.229801
-1.095848,2,600.275428
-0.027159,1,600.30364
-2.288855,3,600.373633
-1.117114,2,600.424815
-2.249222,3,600.493069
-2.241975,3,600.564645
-2.228821,3,600.635498
-2.285335,3,600.700121
-1.095002,2,600.74657
-0.005276,1,600.780638
-1.104759,2,600.831596
-2.281607,3,600.904574
-0.023849,1,600.929622
-2.224057,3,601.005733
-3.377422,4,601.100074
-3.280722,4,601.183475
-3.292637,4,601.276857
-2.243555,3,601.354737
-3.417016,4,601.433559
-0.024183,1,601.452594
-1.147945,2,601.498763
-1.102331,2,601.550517
-1.088023,2,601.597
-1.114131,2,601.639417
-1.087618,2,601.680143
-2.239247,3,601.758866
-2.183324,3,601.823498
-2.213711,3,601.897123
-0.0346,1,601.922396
-1.127531,2,601.979752
-3.281485,4,602.078261
-1.084689,2,602.126407
-1.105538,2,602.177995
-3.405416,4,602.274518
-3.30764,4,602.355447
-3.33633,4,602.460473
-1.098357,2,602.504694
-1.123364,2,602.559438
-2.198475,3,602.628107
-1.102699,2,602.688819
-2.196163,3,602.765069
-2.250193,3,602.846529
-1.058753,2,602.891612
-3.345908,4,602.997099
-1.100515,2,603.04689
-3.2774,4,603.164355
-2.229199,3,603.238095
-2.196099,3,603.313569
-2.204521,3,603.384939
-1.070678,2,603.43638
-2.242152,3,603.51314
-3.314365,4,603.60524
-2.14409,3,603.684511
-2.163165,3,603.766659
-2.291218,3,603.843614
-3.283485,4,603.943047
-3.370617,4,604.03652
-3.301147,4,604.143444
-2.227373,3,604.214986
-2.26138,3,604.291512
-1.13291,2,604.342469
-2.269328,3,604.424072
-2.194086,3,604.494482
-2.190714,3,604.575427
-1.069681,2,604.626518
-3.390341,4,604.7581
-2.145266,3,604.84955
-2.149589,3,604.916405
-2.221749,3,604.977994
-3.276525,4,605.07354
-2.276527,3,605.149385
-1.085017,2,605.20247
-1.092443,2,605.256516
-2.231731,3,605.338194
-2.228318,3,605.404462
-3.254125,4,605.503626
-3.372246,4,605.60637
-2.206614,3,605.685512
-2.182302,3,605.766641
-2.205163,3,605.831622
-2.222908,3,605.904244
-3.37631,4,606.018032
-2.179088,3,606.099877
-3.293803,4,606.200101
-1.091349,2,606.263607
-0.041694,1,606.29883
-3.271263,4,606.41168
-3.318341,4,606.524589
-2.284704,3,606.605543
-2.263594,3,606.698942
-2.173464,3,606.773576
-3.337505,4,606.890606
-0.036016,1,606.918809
-1.149698,2,606.986546
-2.28117,3,607.073842
-3.377853,4,607.191521
-1.129632,2,607.241151
-3.315477,4,607.358097
-1.14319,2,607.421475
-1.12319,2,607.469552
-2.25778,3,607.560819
-3.386096,4,607.674635
-2.209447,3,607.755435
-3.288737,4,607.874104
-1.109755,2,607.942624
-2.15648,3,608.04445
-3.331034,4,608.166786
-0.043184,1,608.196556
-3.339261,4,608.319061
-2.248217,3,608.422002
-1.103994,2,608.485388
-2.188187,3,608.574722
-2.225366,3,608.670607
-0.016029,1,608.707889
-2.266293,3,608.800431
-1.059143,2,608.857257
-2.247006,3,608.930603
-1.146575,2,608.991614
-2.196496,3,609.063442
-2.258598,3,609.157878
-1.077953,2,609.211971
-3.416899,4,609.353308
-1.115595,2,609.421635
-0.018288,1,609.430264
-1.134305,2,609.448781
-0.041453,1,609.468302
-3.273825,4,609.597915
-2.220556,3,609.722708
-1.123659,2,609.792427
-1.126054,2,609.866423
-2.166592,3,610.000518
-1.07617,2,610.073383
-2.21763,3,610.20231
-0.013152,1,610.251428
-1.070523,2,610.336706
-0.026137,1,610.379313
-2.193789,3,610.491678
-3.312023,4,610.656593
-2.187372,3,610.787937
-2.160381,3,610.919813
-2.25148,3,611.048826
-0.03739,1,611.0964
-0.021642,1,611.141595
-3.292275,4,611.315828
-2.157845,3,611.432208
-1.105775,2,611.516945
-2.177877,3,611.636544
-3.30738,4,611.81898
-1.12494,2,611.905952
-1.100179,2,611.995349
-2.238905,3,612.124752
-2.259923,3,612.245659
-3.296163,4,612.408123
-1.135392,2,612.486489
-3.347725,4,612.637907
-0.047279,1,612.678978
-1.112859,2,612.763471
-1.103015,2,612.849762
-2.189463,3,612.968139
-1.118826,2,613.039346
-3.292709,4,613.214916
-1.112705,2,613.30599
-3.346878,4,613.471315
-1.109325,2,613.546606
-1.078505,2,613.619319
-2.231633,3,613.745621
-1.075214,2,613.822469
-0.053937,1,613.864528
-1.13775,2,613.940685
-1.101378,2,614.028112
-3.288421,4,614.205911
-3.290643,4,614.374386
-2.226578,3,614.49567
-1.091158,2,614.573433
-1.065972,2,614.653678
-3.342086,4,614.794563
-2.244467,3,614.91367
-0.044228,1,614.955422
-2.27961,3,615.072432
-2.234459,3,615.195406
-1.086738,2,615.286823
-3.310953,4,615.454729
-1.135244,2,615.526593
-3.362931,4,615.676528
-3.337643,4,615.767959
-1.122187,2,615.80152
-0.046369,1,615.817045
-1.129464,2,615.839811
-1.086876,2,615.860835
-3.305624,4,615.918173
-1.062451,2,615.944455
-3.344653,4,615.990518
-2.215404,3,616.028688
-2.270079,3,616.071461
-2.170017,3,616.103498
-2.228734,3,616.140603
-2.22909,3,616.186799
-3.3192,4,616.237927
-2.204619,3,616.275479
-2.264583,3,616.310541
-1.090601,2,616.340584
-1.134111,2,616.375625
-1.132401,2,616.40619
-2.189733,3,616.442574
-2.245276,3,616.478111
-2.171636,3,616.516665
-2.178367,3,616.550943
-2.208213,3,616.577965
-1.125698,2,616.601284
-2.2246,3,616.645409
-3.347459,4,616.694485
-2.241446,3,616.734564
-1.067781,2,616.76061
-0.049918,1,616.775622
-1.103815,2,616.799717
-3.33407,4,616.850103
-2.238089,3,616.893429
-1.102147,2,616.921966
-2.22422,3,616.96359
-1.0729,2,616.990632
-0.054118,1,617.002645
-3.464244,4,617.063364
-1.117842,2,617.087889
-3.34219,4,617.137949
-1.085126,2,617.168989
-3.387661,4,617.224568
-1.149465,2,617.254617
-1.118754,2,617.283837
-2.23543,3,617.316405
-3.317639,4,617.375482
-1.137553,2,617.399514
-2.201122,3,617.434564
-2.258005,3,617.468112
-2.272453,3,617.508778
-2.267631,3,617.551412
-3.331512,4,617.601483
-2.178155,3,617.634693
-3.325486,4,617.721372
-3.387137,4,617.868748
-2.187916,3,618.011987
-1.131632,2,618.08947
-1.131011,2,618.189665
-1.127672,2,618.217808
-2.19964,3,618.253448
-3.363482,4,618.306525
-2.238589,3,618.369126
-1.128325,2,618.396705
-1.085662,2,618.4279
-2.254153,3,618.473467
-3.289659,4,618.539555
-1.116845,2,618.595636
-2.247492,3,618.63183
-0.05499,1,618.649384
-3.288947,4,618.703453
-2.156086,3,618.733623
-1.115733,2,618.756231
-2.27848,3,618.790355
-2.241244,3,618.834409
-2.209637,3,618.86144
-1.130624,2,618.881465
-1.091818,2,618.900487
-1.117796,2,618.933527
-0.014517,1,618.946542
-2.268626,3,618.974575
-3.421214,4,619.018651
-0.012028,1,619.03621
-1.116172,2,619.059816
-0.026649,1,619.073392
-2.226743,3,619.114441
-1.107399,2,619.148996
-2.246067,3,619.189558
-3.32254,4,619.238123
-3.326051,4,619.280363
-1.131578,2,619.310429
-0.045229,1,619.321445
-3.251104,4,619.37802
-3.315021,4,619.423671
-2.156566,3,619.469902
-0.007298,1,619.481917
-1.088468,2,619.501669
-2.208764,3,619.534312
-3.340399,4,619.587877
-1.128985,2,619.609405
-2.22183,3,619.64345
-3.383312,4,619.693523
-2.233053,3,619.738105
-3.279348,4,619.790838
-2.220697,3,619.825371
-2.184964,3,619.855412
-2.262619,3,619.892461
-1.099174,2,619.913982
-0.039075,1,619.922988
-3.279398,4,619.959686
-1.121807,2,619.983785
-1.123877,2,620.006407
-3.292297,4,620.046457
-2.264023,3,620.074487
-2.233962,3,620.113041
-2.199969,3,620.148829
-2.229972,3,620.188899
-1.125301,2,620.216946
-2.198968,3,620.253671
-0.035248,1,620.263693
-2.211188,3,620.291322
-3.380065,4,620.340399
-0.013272,1,620.354407
-2.1978,3,620.392458
-3.301941,4,620.438074
-1.07458,2,620.458094
-0.024159,1,620.470614
-3.291485,4,620.518694
-1.123791,2,620.540781
-2.295137,3,620.572808
-3.324872,4,620.61905
-2.233929,3,620.654689
-3.268571,4,620.700417
-2.209971,3,620.731456
-1.096001,2,620.757983
-0.044456,1,620.770505
-1.145712,2,620.792526
-2.220938,3,620.821055
-3.437446,4,620.871738
-2.210398,3,620.901366
-2.18524,3,620.940426
-1.110446,2,620.964452
-2.23731,3,621.0055
-2.213344,3,621.034201
-2.223241,3,621.060793
-0.010594,1,621.073806
-1.137629,2,621.098334
-3.292424,4,621.141398
-1.130003,2,621.163417
-3.279118,4,621.220001
-2.235335,3,621.256275
-2.207751,3,621.289324
-2.185171,3,621.325863
-1.110439,2,621.348137
-0.040491,1,621.363704
-2.210729,3,621.394369
-2.214126,3,621.431537
-2.18941,3,621.462569
-3.350449,4,621.515138
-1.106867,2,621.535666
-2.178702,3,621.570418
-2.24677,3,621.601455
-1.078884,2,621.635706
-2.219339,3,621.666316
-0.041755,1,621.68135
-2.194581,3,621.713889
-2.209561,3,621.760329
-1.117175,2,621.788093
-2.214234,3,621.820639
-2.144432,3,621.853757
-1.128168,2,621.882326
-2.169797,3,621.913863
-3.410686,4,621.957905
-3.445446,4,622.002481
-1.061362,2,622.032549
-0.034175,1,622.041561
-1.152544,2,622.072598
-2.229413,3,622.106641
-1.107591,2,622.139799
-1.101836,2,622.157816
-2.235779,3,622.198869
-2.198875,3,622.233913
-3.384522,4,622.281553
-1.11965,2,622.305576
-1.154522,2,622.327106
-3.300854,4,622.367802
-3.316445,4,622.420429
-1.13475,2,622.441457
-3.253508,4,622.4835
-3.287257,4,622.534701
-2.202177,3,622.570343
-2.225275,3,622.604388
-3.304768,4,622.659355
-2.161857,3,622.69239
-1.103739,2,622.722935
-2.226152,3,622.75496
-2.154734,3,622.788059
-3.30139,4,622.832645
-0.036882,1,622.850205
-1.087036,2,622.876312
-2.247811,3,622.907863
-1.082267,2,622.929893
-1.116703,2,622.959479
-1.122108,2,622.983504
-2.196028,3,623.012537
-2.220718,3,623.04486
-1.135568,2,623.073418
-2.166163,3,623.101452
-0.003862,1,623.112979
-2.18519,3,623.146521
-2.156596,3,623.196601
-1.110388,2,623.224647
-2.235428,3,623.263741
-2.242579,3,623.302479
-2.211043,3,623.341295
-0.016143,1,623.350805
-2.319552,3,623.384384
-1.081729,2,623.406408
-2.202099,3,623.446633
-2.193425,3,623.488796
-3.37228,4,623.543887
-1.082623,2,623.572452
-2.241662,3,623.617014
-1.104352,2,623.639047
-2.170404,3,623.673308
-3.395437,4,623.721555
-2.26766,3,623.760105
-3.303405,4,623.80076
-3.306136,4,623.853566
-2.241695,3,623.885601
-2.194227,3,623.928168
-2.213114,3,623.95968
-3.279576,4,624.00639
-1.130345,2,624.027952
-2.283258,3,624.070518
-3.250658,4,624.112569
-3.382174,4,624.160637
-0.037724,1,624.171267
-2.167819,3,624.212815
-2.182227,3,624.243852
-1.109751,2,624.268381
-1.134419,2,624.292521
-2.295355,3,624.328651
-2.201723,3,624.365311
-2.138227,3,624.39785
-0.01981,1,624.412382
-2.159406,3,624.443526
-2.215212,3,624.481571
-3.319205,4,624.523121
-2.180369,3,624.554709
-2.151028,3,624.605819
-2.215625,3,624.645375
-2.208705,3,624.686427
-1.121281,2,624.717967
-2.202132,3,624.755682
-1.08479,2,624.781833
-3.307744,4,624.82105
-3.32626,4,624.858665
-1.121752,2,624.885724
-3.321436,4,624.92629
-2.191415,3,624.962338
-3.294205,4,625.001383
-3.392693,4,625.052795
-2.190404,3,625.086826
-0.021987,1,625.098342
-2.289661,3,625.131385
-2.295415,3,625.16943
-3.325534,4,625.223587
-3.325801,4,625.26563
-2.163054,3,625.29928
-1.104318,2,625.325314
-1.113837,2,625.345337
-3.417379,4,625.39092
-2.210823,3,625.425469
-3.290398,4,625.475533
-1.130515,2,625.495557
-2.286149,3,625.523595
-3.310684,4,625.571299
-1.125059,2,625.597826
-3.306314,4,625.643524
-2.243912,3,625.676425
-1.098614,2,625.704467
-0.026951,1,625.720998
-3.352494,4,625.77163
-1.081527,2,625.791163
-2.254641,3,625.822903
-2.183228,3,625.85654
-2.264787,3,625.891593
-0.022107,1,625.900602
-3.347233,4,625.945275
-2.188766,3,625.980818
-3.310708,4,626.024438
-2.189003,3,626.05448
-2.213075,3,626.084515
-1.11828,2,626.108048
-2.242062,3,626.141594
-3.349491,4,626.181637
-1.109497,2,626.202697
-0.04348,1,626.223369
-3.309214,4,626.270431
-2.16733,3,626.305468
-1.105664,2,626.325593
-0.013616,1,626.33811
-2.190801,3,626.365684
-0.040933,1,626.375286
-0.02021,1,626.383792
-2.272773,3,626.414433
-1.116604,2,626.432954
-2.279376,3,626.46452
-0.024911,1,626.473531
-1.118919,2,626.494557
-2.223461,3,626.521687
-1.076479,2,626.540753
-3.292641,4,626.579875
-3.358472,4,626.626531
-1.131627,2,626.651585
-3.309934,4,626.696207
-1.134091,2,626.720863
-2.18293,3,626.813578
-1.120488,2,626.858063
-1.081879,2,626.896635
-1.110816,2,626.932612
-1.120108,2,626.96788
-1.098639,2,627.000428
-2.285376,3,627.039479
-2.222837,3,627.08248
-1.09762,2,627.122537
-3.364029,4,627.185641
-2.223455,3,627.228071
-0.040198,1,627.244599
-0.038934,1,627.288085
-2.219644,3,627.363509
-2.225311,3,627.420615
-0.020957,1,627.442666
-2.262618,3,627.482903
-2.2095,3,627.515518
-2.255753,3,627.563593
-3.277399,4,627.618237
-2.277135,3,627.653451
-3.310849,4,627.690628
-2.282399,3,627.721707
-2.237547,3,627.753551
-0.043973,1,627.769573
-0.015611,1,627.782593
-1.11249,2,627.809633
-2.197241,3,627.842265
-1.143113,2,627.86829
-3.326986,4,627.908087
-0.021105,1,627.918097
-3.288482,4,627.970351
-2.201601,3,628.010417
-3.323559,4,628.176633
-0.035944,1,628.187236
-1.094687,2,628.216799
-1.064256,2,628.246871
-2.254118,3,628.289927
-2.263428,3,628.319544
-3.356638,4,628.358081
-2.186709,3,628.402671
-2.191408,3,628.433763
-2.210446,3,628.463841
-3.41,4,628.504492
-2.2277,3,628.543658
-2.219857,3,628.569744
-3.313916,4,628.609814
-2.246584,3,628.63985
-0.042869,1,628.65486
-3.323511,4,628.68839
-3.316331,4,628.723918
-0.04132,1,628.731927
-3.42061,4,628.782537
-3.27771,4,628.829606
-2.210822,3,628.866797
-1.125455,2,628.885819
-1.0838,2,628.910847
-2.201026,3,628.943406
-1.136837,2,628.964429
-3.310213,4,629.003476
-1.057374,2,629.031514
-2.213141,3,629.062553
-2.284673,3,629.096594
-3.360194,4,629.141245
-2.225283,3,629.186388
-2.215414,3,629.225943
-1.117662,2,629.246547
-3.29759,4,629.299507
-1.075434,2,629.328546
-3.351173,4,629.373791
-3.422835,4,629.413348
-3.300379,4,629.451545
-1.108985,2,629.476574
-2.198902,3,629.512637
-3.27159,4,629.554792
-3.297328,4,629.591368
-1.111945,2,629.618897
-1.126005,2,629.637926
-1.092751,2,629.655446
-2.251598,3,629.682475
-1.102902,2,629.702498
-2.209237,3,629.732537
-2.204761,3,629.762579
-1.086518,2,629.781599
-3.290654,4,629.825172
-2.16012,3,629.871344
-2.23499,3,629.903385
-2.204952,3,629.928911
-2.247846,3,629.970071
-1.137627,2,629.990129
-0.023191,1,630.000603
-0.012521,1,630.009616
-3.336157,4,630.063354
-3.318286,4,630.102406
-1.08711,2,630.121439
-0.017795,1,630.132457
-2.210583,3,630.169508
-3.326867,4,630.220582
-3.41897,4,630.265658
-3.456968,4,630.320405
-1.149743,2,630.386245
-2.177507,3,630.44558
-2.188842,3,630.494754
-2.219864,3,630.544858
-1.102894,2,630.57153
-3.331503,4,630.623102
-1.054225,2,630.652095
-1.132078,2,630.674707
-0.031765,1,630.693407
-3.363582,4,630.742983
-2.232818,3,630.770005
-2.174209,3,630.800236
-2.168329,3,630.832213
-3.362109,4,630.877809
-2.244956,3,630.902839
-3.28643,4,630.942391
-3.416051,4,630.986443
-3.331831,4,631.025004
-1.123553,2,631.045564
-2.173685,3,631.0746
-3.429162,4,631.119791
-2.244441,3,631.153564
-2.232443,3,631.183594
-1.096891,2,631.208131
-3.421732,4,631.258266
-2.239904,3,631.286799
-3.398401,4,631.333879
-3.322265,4,631.376919
-1.13033,2,631.413613
-3.302374,4,631.455686
-3.307189,4,631.502327
-2.192878,3,631.534867
-1.100884,2,631.562903
-3.332764,4,631.611954
-3.327202,4,631.653059
-3.293347,4,631.692686
-0.032773,1,631.710777
-2.222955,3,631.744316
-1.120037,2,631.765343
-2.172351,3,631.79638
-0.022167,1,631.814407
-2.187933,3,631.845603
-0.00781,1,631.855616
-3.361666,4,631.88871
-3.310188,4,631.941543
-0.03752,1,631.950013
-1.144964,2,631.969042
-1.093343,2,631.985564
-3.321489,4,632.036139
-1.130943,2,632.058951
-2.249996,3,632.086525
-3.276065,4,632.121574
-2.206835,3,632.162683
-2.231537,3,632.194791
-2.236721,3,632.234349
-1.110908,2,632.258775
-3.31304,4,632.312392
-2.182131,3,632.338924
-2.166171,3,632.37152
-2.207856,3,632.409531
-2.252447,3,632.449763
-2.216822,3,632.487812
-2.233306,3,632.518842
-1.075354,2,632.537874
-2.224964,3,632.574923
-2.253467,3,632.609969
-2.232269,3,632.645579
-2.239954,3,632.675621
-0.049517,1,632.689687
-1.129245,2,632.714878
-3.333397,4,632.752424
-1.072536,2,632.771443
-1.077847,2,632.796463
-2.240373,3,632.831542
-0.035857,1,632.841552
-1.072321,2,632.864583
-0.01321,1,632.879607
-2.200007,3,632.912723
-0.041435,1,632.921338
-3.262579,4,632.966237
-2.209987,3,632.996413
-1.113331,2,633.014436
-3.314485,4,633.059069
-0.054422,1,633.06808
-0.038254,1,633.080603
-0.019663,1,633.090349
-1.140172,2,633.106624
-0.050578,1,633.115635
-2.204742,3,633.151258
-3.338961,4,633.196421
-2.203015,3,633.222461
-0.013229,1,633.231975
-0.014415,1,633.248038
-1.115602,2,633.276582
-2.187648,3,633.309623
-1.107359,2,633.328648
-1.084671,2,633.354694
-2.214893,3,633.388819
-2.15335,3,633.417843
-0.018422,1,633.427357
-1.130081,2,633.449872
-3.460202,4,633.491922
-0.045486,1,633.502932
-2.175778,3,633.532034
-2.219321,3,633.569627
-3.408453,4,633.614755
-2.247485,3,633.645948
-2.250346,3,633.674544
-3.356852,4,633.734385
-1.136731,2,633.761425
-3.326466,4,633.806472
-2.260105,3,633.841546
-2.244823,3,633.876582
-3.382252,4,633.922554
-1.120336,2,633.942619
-2.214671,3,633.970659
-0.032055,1,633.985253
-1.076316,2,634.004849
-2.186367,3,634.036386
-1.096544,2,634.055412
-2.236102,3,634.085443
-1.059803,2,634.102468
-1.092364,2,634.12349
-3.257226,4,634.163034
-2.159054,3,634.194595
-1.117949,2,634.215622
-2.200105,3,634.245687
-2.271583,3,634.279783
-1.14384,2,634.300817
-3.323806,4,634.339356
-0.006425,1,634.34786
-2.223915,3,634.380402
-2.24116,3,634.413432
-2.223219,3,634.441554
-1.086498,2,634.463899
-0.052115,1,634.472905
-2.253078,3,634.515545
-3.359563,4,634.553089
-2.160442,3,634.583695
-2.221062,3,634.616857
-2.256691,3,634.657915
-1.1213,2,634.676441
-3.379528,4,634.720503
-2.198591,3,634.751599
-1.131404,2,634.774622
-2.261934,3,634.811829
-1.132952,2,634.835064
-2.146697,3,634.868183
-1.089513,2,634.89484
-3.31377,4,634.940912
-2.226033,3,634.975548
-2.260958,3,635.00292
-2.222328,3,635.041469
-2.232788,3,635.0735
-3.309767,4,635.115552
-1.105988,2,635.139091
-3.379332,4,635.179017
-3.359777,4,635.214558
-1.139458,2,635.240101
-1.142614,2,635.263952
-2.177753,3,635.294581
-1.078518,2,635.311603
-0.029253,1,635.320613
-2.223071,3,635.352777
-2.207865,3,635.38538
-1.090303,2,635.4024
-0.047426,1,635.411411
-3.346021,4,635.444561
-0.04575,1,635.456589
-2.263225,3,635.489637
-2.197663,3,635.518219
-3.281262,4,635.554773
-2.185693,3,635.592343
-0.021001,1,635.602352
-2.254692,3,635.630887
-2.188276,3,635.65991
-2.170441,3,635.698946
-3.305167,4,635.739098
-2.223571,3,635.767121
-2.188953,3,635.806249
-0.03843,1,635.820367
-1.138321,2,635.839837
-3.351561,4,635.881496
-2.177979,3,635.916542
-3.244451,4,635.962768
-1.088661,2,635.983342
-3.377737,4,636.027897
-2.21498,3,636.06061
-2.206721,3,636.093688
-2.218976,3,636.13431
-1.092958,2,636.153333
-2.219417,3,636.186375
-2.1982,3,636.231948
-1.140081,2,636.261629
-0.049355,1,636.271181
-2.166039,3,636.307859
-2.202084,3,636.339398
-3.339143,4,636.379445
-2.302385,3,636.403473
-2.247529,3,636.428501
-2.290202,3,636.460631
-2.174296,3,636.48779
-2.223474,3,636.512354
-3.325533,4,636.546888
-3.289615,4,636.599094
-3.400551,4,636.638681
-2.275251,3,636.668911
-2.223639,3,636.703566
-3.312031,4,636.752667
-0.030266,1,636.766232
-3.250133,4,636.806797
-1.096211,2,636.826313
-0.029764,1,636.840351
-3.375355,4,636.882392
-3.373642,4,636.926952
-1.1392,2,636.946478
-3.296578,4,636.999047
-1.085058,2,637.021577
-1.095139,2,637.045615
-2.230413,3,637.072648
-2.207542,3,637.110747
-0.049613,1,637.122296
-2.22826,3,637.152554
-0.019787,1,637.163571
-3.336473,4,637.209626
-2.185534,3,637.250488
-1.087424,2,637.274655
-3.355718,4,637.313576
-2.208643,3,637.350104
-2.228627,3,637.380382
-2.211493,3,637.406411
-0.020197,1,637.414428
-0.044769,1,637.427949
-2.224261,3,637.457984
-0.048165,1,637.466491
-2.236896,3,637.491524
-3.285927,4,637.5416
-3.327163,4,637.57663
-3.268271,4,637.609769
-2.153722,3,637.634354
-3.312264,4,637.681418
-2.160528,3,637.71045
-2.220564,3,637.73848
-2.23729,3,637.771546
-2.191159,3,637.808083
-0.025271,1,637.819599
-3.367571,4,637.85969
-1.129451,2,637.885766
-3.470078,4,637.93339
-3.387913,4,637.973432
-2.185862,3,638.006471
-1.097165,2,638.026492
-2.245118,3,638.061545
-2.181409,3,638.096587
-1.139944,2,638.120125
-0.013576,1,638.13063
-2.251328,3,638.165262
-2.268569,3,638.196828
-1.144661,2,638.215846
-1.11462,2,638.235555
-1.156355,2,638.263594
-2.266233,3,638.29663
-2.272332,3,638.329712
-2.274148,3,638.360783
-2.297093,3,638.396842
-2.21615,3,638.430418
-2.156879,3,638.456446
-2.260853,3,638.483488
-1.125755,2,638.503512
-2.237823,3,638.534548
-1.140194,2,638.559089
-3.359685,4,638.592628
-2.247602,3,638.625718
-2.183515,3,638.656354
-2.290419,3,638.684386
-2.24495,3,638.709414
-1.115314,2,638.741465
-3.360027,4,638.79904
-2.222564,3,638.826566
-2.204277,3,638.85961
-2.226732,3,638.902757
-3.471318,4,638.946361
-0.011937,1,638.956376
-2.198918,3,638.990426
-2.221921,3,639.023462
-0.023602,1,639.033468
-3.279217,4,639.075518
-3.419671,4,639.116565
-2.214418,3,639.152617
-2.245423,3,639.186714
-2.208543,3,639.21653
-2.230326,3,639.249067
-0.0115,1,639.26659
-0.044462,1,639.281617
-2.223459,3,639.318191
-2.200678,3,639.350802
-2.273241,3,639.391441
-2.250415,3,639.435008
-0.008882,1,639.446706
-2.253722,3,639.484314
-1.125293,2,639.514352
-2.198625,3,639.5489
-0.048018,1,639.557907
-2.176972,3,639.582434
-1.103717,2,639.607968
-0.037001,1,639.619976
-1.086611,2,639.638005
-2.174567,3,639.663543
-1.087858,2,639.685565
-3.393833,4,639.720609
-2.245172,3,639.753704
-3.327664,4,639.786759
-0.032048,1,639.799824
-1.121246,2,639.817967
-1.089973,2,639.836487
-2.255408,3,639.866527
-3.353663,4,639.910593
-2.204295,3,639.939627
-2.237497,3,639.97434
-0.020402,1,639.986358
-1.151989,2,640.012397
-0.039099,1,640.021409
-1.116925,2,640.04058
-2.224864,3,640.081646
-1.090795,2,640.103687
-1.095888,2,640.123757
-2.265537,3,640.15383
-3.420689,4,640.196392
-3.288873,4,640.2479
-1.152143,2,640.27143
-2.25254,3,640.306552
-0.02497,1,640.316564
-2.19287,3,640.351728
-1.162765,2,640.371795
-0.040191,1,640.384805
-0.040051,1,640.39983
-2.185779,3,640.435995
-2.306476,3,640.466727
-1.106084,2,640.491322
-1.148913,2,640.518857
-2.278995,3,640.551522
-2.204874,3,640.581561
-1.131664,2,640.60358
-0.02771,1,640.613591
-1.140497,2,640.635119
-0.034031,1,640.644752
-0.015961,1,640.652778
-3.372527,4,640.687855
-3.312235,4,640.739945
-2.211924,3,640.774543
-2.212064,3,640.799571
-1.101025,2,640.815583
-2.266973,3,640.851189
-2.176093,3,640.876737
-2.251772,3,640.901822
-2.230007,3,640.926353
-1.108905,2,640.950501
-1.089842,2,640.972525
-3.39374,4,641.010572
-2.253987,3,641.040108
-2.223655,3,641.075525
-3.298816,4,641.114576
-3.343706,4,641.153126
-2.183937,3,641.183704
-1.108193,2,641.2088
-2.250358,3,641.248852
-1.108756,2,641.274384
-2.183183,3,641.304424
-3.299188,4,641.346519
-1.128129,2,641.366541
-2.252354,3,641.401593
-2.195547,3,641.43514
-0.045591,1,641.455715
-0.030674,1,641.468241
-2.213517,3,641.499799
-2.218832,3,641.53184
-0.037416,1,641.549364
-1.112346,2,641.568887
-1.076484,2,641.594426
-2.230072,3,641.626461
-1.074596,2,641.653588
-0.02034,1,641.665602
-1.152487,2,641.685626
-2.282165,3,641.714735
-1.13833,2,641.740804
-2.148747,3,641.772422
-2.187936,3,641.804464
-1.137737,2,641.822484
-1.10878,2,641.844017
-0.037998,1,641.854027
-3.323249,4,641.888656
-1.066351,2,641.906207
-2.217849,3,641.946396
-3.441526,4,641.987959
-3.381897,4,642.029524
-0.00859,1,642.038537
-3.382501,4,642.07936
-2.240541,3,642.116404
-2.164181,3,642.152
-0.039532,1,642.165016
-2.179475,3,642.2012
-2.298876,3,642.230764
-0.012702,1,642.243371
-1.076433,2,642.267906
-2.167672,3,642.312467
-2.179965,3,642.341006
-0.038249,1,642.35272
-2.256882,3,642.382795
-3.267562,4,642.43038
-1.130964,2,642.450552
-2.202944,3,642.483601
-2.273552,3,642.513634
-0.041161,1,642.526652
-1.073046,2,642.551711
-3.270753,4,642.601401
-2.261511,3,642.635949
-2.260456,3,642.670518
-2.207811,3,642.702564
-1.154388,2,642.721583
-3.278841,4,642.763127
-2.167763,3,642.798712
-1.103227,2,642.82136
-3.319839,4,642.864594
-3.376056,4,642.901685
-0.027897,1,642.914704
-2.218126,3,642.941478
-2.204527,3,642.969006
-2.3021,3,642.99804
-0.024112,1,643.012563
-3.384695,4,643.049103
-3.314615,4,643.086302
-2.221042,3,643.111334
-1.131321,2,643.140512
-2.169789,3,643.169555
-3.32974,4,643.220626
-2.172288,3,643.255793
-3.336373,4,643.308062
-2.25014,3,643.345129
-0.040348,1,643.354695
-2.224441,3,643.386589
-1.149253,2,643.413632
-2.251258,3,643.442726
-3.337686,4,643.484822
-1.138767,2,643.503839
-1.158594,2,643.529388
-2.191769,3,643.560502
-3.276167,4,643.600089
-3.381293,4,643.638096
-3.429053,4,643.684719
-1.14349,2,643.707843
-1.114249,2,643.733394
-1.069963,2,643.750918
-1.122316,2,643.778953
-1.15495,2,643.799977
-1.061735,2,643.826515
-1.07458,2,643.848972
-1.103839,2,643.874833
-3.351225,4,643.921459
-2.294067,3,643.95158
-2.24798,3,643.979111
-2.166382,3,644.011687
-2.277934,3,644.046014
-1.096478,2,644.063671
-2.185654,3,644.088757
-3.278997,4,644.133656
-1.149024,2,644.152685
-1.116827,2,644.170748
-2.266716,3,644.195322
-2.25272,3,644.229377
-1.124966,2,644.251907
-1.073456,2,644.275469
-2.283038,3,644.313523
-1.143717,2,644.33805
-1.107726,2,644.359076
-2.233217,3,644.393694
-1.121625,2,644.41379
-2.164209,3,644.450379
-1.090292,2,644.471402
-3.33831,4,644.512456
-2.230832,3,644.538482
-3.286478,4,644.592596
-2.213945,3,644.619624
-1.109773,2,644.638141
-1.132791,2,644.65826
-1.121196,2,644.690533
-0.043731,1,644.703552
-2.250028,3,644.735585
-1.119992,2,644.753639
-2.261552,3,644.791775
-1.123222,2,644.812798
-2.212106,3,644.841385
-2.241053,3,644.870419
-1.073326,2,644.89645
-2.250583,3,644.926493
-1.139656,2,644.945017
-0.012529,1,644.956147
-2.278699,3,644.993525
-2.204335,3,645.028066
-3.331718,4,645.070681
-2.243867,3,645.10152
-1.106765,2,645.126543
-1.119581,2,645.145695
-2.259017,3,645.173303
-3.34037,4,645.207838
-1.135758,2,645.234374
-3.331683,4,645.279502
-1.104117,2,645.296521
-3.312417,4,645.340082
-1.125044,2,645.366104
-1.109321,2,645.385674
-2.268762,3,645.41678
-3.289661,4,645.456381
-0.043287,1,645.471402
-1.087345,2,645.491424
-0.010506,1,645.502437
-3.452396,4,645.542483
-2.161894,3,645.578027
-3.420306,4,645.616571
-1.109897,2,645.637092
-2.267587,3,645.675698
-1.153938,2,645.698755
-2.147819,3,645.726567
-3.412312,4,645.766617
-3.296521,4,645.806667
-2.246246,3,645.839752
-0.056064,1,645.850804
-1.071612,2,645.872396
-3.309882,4,645.913439
-1.109685,2,645.936966
-2.143599,3,645.968069
-2.168666,3,646.001623
-2.24574,3,646.032705
-2.209089,3,646.066794
-2.205396,3,646.096826
-2.213919,3,646.129867
-2.253565,3,646.157925
-0.055474,1,646.171449
-1.087371,2,646.196474
-3.37362,4,646.239539
-1.105375,2,646.259566
-1.152018,2,646.281592
-0.035958,1,646.296604
-2.174711,3,646.323638
-3.359465,4,646.359841
-2.14126,3,646.389627
-2.221026,3,646.418169
-2.260731,3,646.444321
-1.088448,2,646.466344
-3.300233,4,646.516406
-2.174906,3,646.550102
-3.329317,4,646.596519
-3.342663,4,646.641576
-2.196021,3,646.67912
-2.261706,3,646.710711
-3.291876,4,646.750951
-2.214469,3,646.785576
-3.312592,4,646.831165
-1.159394,2,646.851684
-3.293393,4,646.893501
-2.280564,3,646.920526
-0.048077,1,646.934535
-2.30876,3,646.965568
-2.185021,3,646.996602
-2.244676,3,647.026638
-1.085376,2,647.051404
-2.168621,3,647.087954
-1.063518,2,647.109491
-1.085716,2,647.126504
-3.307876,4,647.171563
-3.33793,4,647.215628
-2.17903,3,647.243209
-2.237722,3,647.276546
-1.108674,2,647.308088
-2.163718,3,647.341635
-3.346192,4,647.394776
-2.251941,3,647.420468
-2.256688,3,647.453504
-0.03596,1,647.462515
-2.189866,3,647.488037
-3.377694,4,647.534601
-0.045887,1,647.550338
-1.075521,2,647.572262
-0.029932,1,647.582766
-1.152801,2,647.601824
-3.35274,4,647.651695
-2.212911,3,647.681325
-2.219085,3,647.709455
-2.232601,3,647.737981
-2.231426,3,647.779539
-1.16061,2,647.798057
-2.250368,3,647.825588
-2.251191,3,647.85662
-2.201535,3,647.894754
-1.06127,2,647.913791
-3.310263,4,647.955457
-2.239593,3,647.986489
-2.132967,3,648.020545
-1.135572,2,648.040299
-3.393972,4,648.086616
-2.189152,3,648.116185
-2.250687,3,648.150564
-0.026478,1,648.161578
-2.199752,3,648.193611
-2.216443,3,648.222656
-3.417208,4,648.267328
-3.245717,4,648.316417
-1.130301,2,648.335438
-2.23569,3,648.360967
-2.225163,3,648.397127
-2.180981,3,648.429724
-2.169201,3,648.458794
-1.130261,2,648.478824
-2.176734,3,648.523483
-1.099538,2,648.541507
-0.035448,1,648.552524
-3.304429,4,648.591564
-2.23806,3,648.633621
-1.088065,2,648.653677
-0.019112,1,648.663706
-1.106013,2,648.682882
-1.1008,2,648.705669
-2.202158,3,648.74083
-3.359238,4,648.78188
-2.161522,3,648.808903
-2.210123,3,648.850076
-2.238597,3,648.881746
-2.151349,3,648.910805
-3.314735,4,648.950334
-0.027944,1,648.966348
-2.263228,3,648.996381
-2.222888,3,649.027925
-1.130447,2,649.047951
-0.029386,1,649.063974
-2.209634,3,649.096536
-2.194377,3,649.124575
-2.173202,3,649.153681
-3.31923,4,649.206309
-1.122473,2,649.224332
-0.016516,1,649.233343
-1.099919,2,649.253466
-0.011474,1,649.270494
-2.268246,3,649.308042
-3.303513,4,649.353807
-1.101292,2,649.375338
-1.121867,2,649.400382
-3.404623,4,649.443932
-2.210563,3,649.47249
-1.082059,2,649.495511
-1.109282,2,649.524548
-2.276801,3,649.557104
-0.048491,1,649.568221
-2.278105,3,649.607994
-3.33351,4,649.663625
-2.214743,3,649.70282
-2.219385,3,649.736477
-2.226267,3,649.766626
-1.063258,2,649.78871
-2.194895,3,649.830398
-2.209344,3,649.860512
-0.021361,1,649.870526
-0.025249,1,649.885534
-2.247904,3,649.914575
-2.24708,3,649.948111
-2.274397,3,649.976769
-2.254666,3,650.010398
-2.257606,3,650.039424
-0.043266,1,650.053491
-3.299696,4,650.099553
-1.096083,2,650.123582
-1.109611,2,650.146112
-2.262657,3,650.178658
-3.362172,4,650.215796
-0.029277,1,650.232822
-0.027649,1,650.243334
-2.197743,3,650.276374
-3.320931,4,650.322436
-2.178494,3,650.357974
-2.190916,3,650.393552
-2.266311,3,650.422584
-2.172462,3,650.451652
-0.008932,1,650.466674
-2.237711,3,650.495827
-0.022982,1,650.508337
-2.25831,3,650.533859
-2.244833,3,650.562398
-3.308681,4,650.600444
-1.115311,2,650.619462
-2.206226,3,650.644996
-3.27343,4,650.689088
-3.33393,4,650.728725
-3.33255,4,650.766855
-3.294126,4,650.804888
-2.208179,3,650.838097
-0.014549,1,650.849117
-1.129881,2,650.868185
-2.190409,3,650.896797
-0.040705,1,650.911399
-1.076603,2,650.932424
-3.380044,4,650.970613
-1.08351,2,650.989638
-0.022381,1,651.00266
-3.391248,4,651.044857
-2.15868,3,651.079003
-3.298435,4,651.122558
-2.271734,3,651.158099
-2.275011,3,651.187258
-2.212901,3,651.215828
-1.147479,2,651.235394
-2.244382,3,651.273534
-1.094089,2,651.295557
-1.101838,2,651.314575
-3.35208,4,651.352121
-2.203517,3,651.389731
-1.05352,2,651.409732
-2.254864,3,651.43537
-1.129839,2,651.454899
-3.321082,4,651.500523
-3.360058,4,651.536557
-1.122014,2,651.557083
-2.246213,3,651.588133
-1.109578,2,651.612452
-3.338393,4,651.650669
-2.220917,3,651.676702
-2.244925,3,651.708805
-2.210909,3,651.745994
-2.258596,3,651.780111
-2.195163,3,651.809096
-3.296516,4,651.851539
-3.295153,4,651.899594
-3.357028,4,651.940647
-2.267628,3,651.96973
-2.246491,3,651.999372
-1.099885,2,652.033421
-3.392835,4,652.076511
-0.05058,1,652.086521
-1.124106,2,652.106546
-2.236156,3,652.14611
-2.221249,3,652.173691
-0.013891,1,652.183303
-2.259323,3,652.21163
-2.252477,3,652.248807
-0.047209,1,652.259823
-2.188177,3,652.300585
-2.234187,3,652.340683
-1.106298,2,652.371758
-2.250372,3,652.400478
-2.263163,3,652.43552
-1.075089,2,652.453044
-1.095937,2,652.480687
-3.269637,4,652.522767
-2.161669,3,652.55198
-1.115684,2,652.570755
-0.048968,1,652.588848
-0.033354,1,652.600388
-3.304765,4,652.636429
-3.393936,4,652.68137
-2.240822,3,652.714403
-2.245235,3,652.74244
-0.045673,1,652.750955
-2.219699,3,652.77697
-2.235276,3,652.816679
-3.301501,4,652.849824
-2.255913,3,652.874844
-3.340319,4,652.915531
-2.188747,3,652.960614
-1.095374,2,652.979632
-1.084904,2,652.998827
-1.142023,2,653.021369
-2.179192,3,653.060488
-2.182911,3,653.089523
-0.029867,1,653.100333
-2.20155,3,653.135575
-2.266,3,653.175768
-0.024213,1,653.185316
-3.354673,4,653.229931
-1.08653,2,653.25247
-2.16639,3,653.290019
-2.215029,3,653.326557
-2.22647,3,653.363738
-3.296824,4,653.400834
-1.145134,2,653.42639
-1.125373,2,653.445918
-1.086388,2,653.465934
-3.309994,4,653.505517
-1.082192,2,653.529549
-1.067378,2,653.550076
-0.040617,1,653.560623
-1.065109,2,653.581657
-2.274443,3,653.616278
-2.211559,3,653.647962
-2.248539,3,653.680595
-2.143609,3,653.709122
-2.165122,3,653.742371
-1.125647,2,653.76389
-2.201133,3,653.795452
-2.236417,3,653.8245
-1.094141,2,653.847034
-3.284487,4,653.888136
-1.110624,2,653.90881
-1.085938,2,653.932839
-3.257011,4,653.971383
-1.090784,2,653.995413
-1.133112,2,654.016439
-1.112144,2,654.033461
-2.202025,3,654.063588
-2.150144,3,654.096136
-2.20335,3,654.127287
-3.295269,4,654.174014
-1.125101,2,654.200619
-1.096277,2,654.220714
-2.260428,3,654.25283
-0.030005,1,654.26284
-2.16879,3,654.309906
-1.149042,2,654.331617
-0.031213,1,654.343633
-2.24866,3,654.376705
-1.053166,2,654.400502
-3.288382,4,654.440548
-1.131368,2,654.46361
-2.264527,3,654.491662
-2.169668,3,654.526747
-2.203605,3,654.565562
-1.073686,2,654.590179
-0.04994,1,654.600615
-0.041573,1,654.616628
-2.169998,3,654.655777
-2.173181,3,654.689371
-0.034091,1,654.700234
-2.167062,3,654.732429
-2.235406,3,654.766535
-1.086908,2,654.795581
-1.132457,2,654.813602
-0.013754,1,654.826613
-2.195162,3,654.85868
-0.0533,1,654.871767
-1.113619,2,654.895441
-2.234722,3,654.926474
-1.112884,2,654.945501
-3.342609,4,654.982576
-3.324944,4,655.022625
-3.303804,4,655.059822
-0.04311,1,655.068833
-1.13785,2,655.094863
-2.188359,3,655.124597
-3.301246,4,655.177234
-3.284895,4,655.221362
-1.10677,2,655.244388
-3.309458,4,655.296793
-2.188952,3,655.337836
-2.215385,3,655.370587
-1.104465,2,655.390607
-3.255757,4,655.436806
-0.029374,1,655.451835
-2.16515,3,655.481869
-3.254405,4,655.51948
-2.172531,3,655.549016
-3.346202,4,655.599604
-2.245092,3,655.629687
-3.404681,4,655.668974
-1.142436,2,655.689502
-2.253019,3,655.723542
-0.03065,1,655.734554
-2.260823,3,655.766606
-3.408461,4,655.812809
-0.057594,1,655.826827
-2.168614,3,655.856377
-1.066311,2,655.886431
-0.013035,1,655.90146
-1.101685,2,655.926483
-0.043837,1,655.935491
-3.386647,4,655.976538
-2.19253,3,656.010587
-3.408606,4,656.050637
-2.202852,3,656.083714
-2.237442,3,656.112403
-1.112979,2,656.13
-3.292123,4,656.170645
-1.093409,2,656.193313
-1.055639,2,656.212838
-2.168181,3,656.238859
-2.210702,3,656.267925
-3.262273,4,656.319005
-2.152772,3,656.348043
-3.274324,4,656.398847
-3.322081,4,656.44639
-0.006179,1,656.458925
-2.247379,3,656.492494
-0.04554,1,656.500501
-2.206429,3,656.540551
-1.116377,2,656.560573
-2.215867,3,656.590609
-0.036246,1,656.601619
-3.419598,4,656.657921
-1.140974,2,656.67648
-0.048278,1,656.685489
-2.272878,3,656.720705
-3.346822,4,656.766631
-2.186969,3,656.803354
-1.067768,2,656.822891
-1.053405,2,656.843512
-0.039622,1,656.863707
-3.315789,4,656.906371
-1.119357,2,656.925391
-1.071689,2,656.945415
-0.01759,1,656.959943
-3.301829,4,657.000453
-3.323936,4,657.043562
-2.211415,3,657.073671
-2.246099,3,657.111431
-2.216082,3,657.141466
-3.330312,4,657.180727
-3.235175,4,657.219813
-2.181268,3,657.250376
-2.204856,3,657.279408
-2.149217,3,657.315454
-0.018025,1,657.324466
-2.286673,3,657.354003
-3.290262,4,657.390559
-1.141927,2,657.412582
-2.266981,3,657.443625
-2.218936,3,657.478741
-1.120568,2,657.503783
-2.228225,3,657.538061
-0.039128,1,657.549083
-1.153272,2,657.580645
-3.27113,4,657.624464
-2.183612,3,657.657002
-0.053728,1,657.666536
-1.091492,2,657.690565
-3.32144,4,657.73361
-1.118334,2,657.758318
-3.357947,4,657.795859
-2.148376,3,657.834418
-1.111091,2,657.858455
-1.098087,2,657.876538
-1.077364,2,657.895567
-3.381483,4,657.939118
-2.274743,3,657.972697
-0.023192,1,657.988756
-3.29609,4,658.032826
-3.350668,4,658.076421
-0.010559,1,658.08643
-0.036527,1,658.100463
-2.207841,3,658.128989
-0.048168,1,658.143516
-2.302497,3,658.179567
-1.070758,2,658.198087
-2.137188,3,658.239625
-2.168153,3,658.273747
-2.219112,3,658.306871
-1.069847,2,658.325887
-2.227499,3,658.35145
-2.202549,3,658.383486
-2.196503,3,658.410056
-2.213079,3,658.436537
-2.257397,3,658.461565
-0.050933,1,658.474578
-1.111491,2,658.493598
-3.340406,4,658.536658
-3.334121,4,658.574745
-2.240891,3,658.60882
-1.140104,2,658.629376
-0.05534,1,658.641401
-0.008791,1,658.652972
-3.314003,4,658.702564
-3.393959,4,658.752626
-1.078583,2,658.773678
-3.40062,4,658.815836
-0.020084,1,658.830853
-2.244406,3,658.863499
-2.208364,3,658.891531
-2.23425,3,658.918055
-0.040172,1,658.934574
-2.206981,3,658.966612
-2.233063,3,659.000463
-2.223241,3,659.041522
-2.182983,3,659.080576
-2.212649,3,659.112619
-2.144735,3,659.141222
-3.288857,4,659.184776
-2.210072,3,659.218937
-2.230787,3,659.252522
-3.329317,4,659.304589
-3.280877,4,659.343631
-2.263723,3,659.375695
-2.254332,3,659.404369
-2.24613,3,659.432402
-0.019093,1,659.445415
-3.397078,4,659.488055
-2.167899,3,659.520072
-2.216337,3,659.54563
-2.246291,3,659.569836
-1.143158,2,659.593881
-0.052119,1,659.602891
-2.185827,3,659.63461
-3.341742,4,659.678177
-2.181803,3,659.720565
-0.029863,1,659.733578
-1.109734,2,659.758606
-2.271153,3,659.794817
-3.333066,4,659.849005
-3.287429,4,659.89361
-1.11132,2,659.916631
-0.038678,1,659.925657
-2.167341,3,659.970864
-1.132408,2,659.99157
-2.216196,3,660.028114
-2.254537,3,660.05966
-2.193431,3,660.099867
-2.284499,3,660.133598
-1.109696,2,660.15813
-1.131449,2,660.179693
-2.172367,3,660.211819
-1.085039,2,660.233468
-2.309774,3,660.264504
-0.040776,1,660.276513
-2.193662,3,660.321585
-0.052447,1,660.335598
-2.183394,3,660.365692
-2.281218,3,660.400376
-1.132161,2,660.422402
-3.370849,4,660.455932
-2.268918,3,660.483566
-3.389844,4,660.519608
-1.126218,2,660.540131
-0.034573,1,660.548663
-3.335057,4,660.58372
-3.250046,4,660.625537
-0.043041,1,660.638051
-2.153961,3,660.664854
-1.070228,2,660.683868
-1.103916,2,660.702399
-2.201255,3,660.736434
-1.11597,2,660.755959
-2.240741,3,660.782585
-2.212821,3,660.818125
-2.236833,3,660.852273
-2.21562,3,660.885389
-1.133327,2,660.905412
-2.225472,3,660.938464
-0.032591,1,660.952488
-2.244791,3,660.983524
-2.208558,3,661.018069
-2.124602,3,661.05412
-2.244709,3,661.088799
-3.384299,4,661.128956
-3.481757,4,661.172529
-2.265821,3,661.201561
-3.314957,4,661.248113
-2.17648,3,661.286775
-0.022315,1,661.300572
-2.243847,3,661.332603
-2.146381,3,661.373701
-1.116298,2,661.398891
-3.325384,4,661.435432
-2.259646,3,661.466481
-2.210477,3,661.50107
-2.276557,3,661.528675
-0.001591,1,661.538181
-2.145932,3,661.564722
-2.218897,3,661.594348
-2.168117,3,661.626386
-3.284819,4,661.670488
-2.267931,3,661.700526
-1.079081,2,661.723715
-2.204125,3,661.749875
-2.19739,3,661.780423
-3.248943,4,661.816465
-3.3618,4,661.865033
-1.146831,2,661.886679
-1.097914,2,661.906803
-2.230734,3,661.938883
-1.132121,2,661.963922
-0.040098,1,661.973477
-2.230104,3,662.006513
-2.194038,3,662.038047
-3.326388,4,662.092163
-1.10036,2,662.115695
-1.103941,2,662.139349
-2.279437,3,662.169521
-3.313296,4,662.218071
-3.321739,4,662.261129
-0.0392,1,662.271788
-2.184225,3,662.309519
-2.218157,3,662.34806
-3.390861,4,662.385255
-2.313269,3,662.414341
-2.19635,3,662.446375
-2.231097,3,662.486578
-3.396477,4,662.523627
-0.019983,1,662.533635
-0.020662,1,662.545663
-2.238402,3,662.580768
-2.197042,3,662.608059
-2.237801,3,662.639104
-3.334511,4,662.680694
-3.315953,4,662.722578
-2.24855,3,662.7481
-2.238245,3,662.77468
-0.037677,1,662.784231
-1.087788,2,662.809787
-2.228282,3,662.841342
-2.194155,3,662.865875
-1.107628,2,662.884891
-1.126108,2,662.914921
-2.222257,3,662.945536
-2.231901,3,662.973067
-2.210669,3,663.008138
-1.117116,2,663.03278
-3.266309,4,663.075889
-2.188636,3,663.105501
-2.256163,3,663.139549
-2.239922,3,663.173726
-3.4333,4,663.216369
-2.239596,3,663.25253
-3.293447,4,663.296762
-2.255484,3,663.340609
-3.310957,4,663.384345
-2.277387,3,663.423396
-1.054515,2,663.44642
-2.185351,3,663.481588
-2.284257,3,663.51363
-3.379307,4,663.561972
-1.092319,2,663.579986
-1.087169,2,663.603582
-3.365303,4,663.644631
-2.251149,3,663.676781
-1.130894,2,663.697944
-3.367536,4,663.736482
-3.398084,4,663.776649
-3.324283,4,663.816332
-2.177454,3,663.841363
-2.216141,3,663.877951
-0.030694,1,663.891472
-1.107737,2,663.90899
-3.284961,4,663.942529
-1.121356,2,663.964635
-1.079029,2,663.98331
-1.153924,2,664.004335
-0.037532,1,664.019361
-2.201112,3,664.055905
-3.324292,4,664.096452
-2.154975,3,664.126486
-2.250086,3,664.164054
-2.250254,3,664.200627
-2.220583,3,664.23329
-2.242351,3,664.263833
-3.304285,4,664.32252
-3.277109,4,664.392764
-1.11263,2,664.456096
-2.251969,3,664.516356
-1.132955,2,664.552426
-2.19195,3,664.602614
-2.23274,3,664.648032
-1.091757,2,664.675713
-2.167127,3,664.714346
-1.118674,2,664.7494
-3.34656,4,664.806628
-2.14319,3,664.84553
-3.331276,4,664.906349
-2.209367,3,664.938886
-3.37586,4,664.98349
-2.199947,3,665.012528
-1.082145,2,665.031552
-1.151907,2,665.054075
-2.157085,3,665.092323
-2.144055,3,665.126369
-0.014463,1,665.137884
-2.221673,3,665.17805
-2.19718,3,665.213605
-0.026834,1,665.224615
-2.186269,3,665.254231
-1.094,2,665.28233
-3.302932,4,665.330403
-2.26785,3,665.364526
-0.038828,1,665.378038
-1.125977,2,665.409089
-1.075436,2,665.432619
-3.292394,4,665.472224
-2.255275,3,665.504796
-2.258752,3,665.54569
-2.260408,3,665.580448
-1.114682,2,665.601481
-3.354703,4,665.65054
-3.356292,4,665.698663
-1.124613,2,665.719342
-2.201102,3,665.759907
-3.296741,4,665.801526
-0.027071,1,665.816538
-2.221776,3,665.856106
-2.197296,3,665.885278
-3.352425,4,665.921598
-1.086151,2,665.946623
-2.151909,3,665.978687
-2.19527,3,666.005284
-2.22566,3,666.031468
-1.108767,2,666.062019
-2.233382,3,666.103804
-1.100644,2,666.122839
-2.163242,3,666.156964
-0.00719,1,666.171981
-2.248725,3,666.204751
-2.18473,3,666.240512
-2.183061,3,666.278098
-2.236453,3,666.321757
-3.394403,4,666.367053
-3.261622,4,666.416451
-2.163927,3,666.453517
-2.21859,3,666.496852
-2.230097,3,666.530474
-2.186174,3,666.569659
-2.201863,3,666.607953
-3.32954,4,666.65902
-3.288629,4,666.700791
-1.123821,2,666.723333
-1.118244,2,666.747864
-2.187903,3,666.786452
-3.364878,4,666.829511
-2.200959,3,666.864643
-0.048268,1,666.878205
-1.149959,2,666.907837
-2.167329,3,666.940379
-2.212009,3,666.97448
-3.27674,4,667.012529
-2.231466,3,667.052584
-3.277424,4,667.092653
-3.363966,4,667.128935
-3.3439,4,667.165977
-2.228201,3,667.204599
-2.201448,3,667.230631
-1.110311,2,667.250682
-2.161791,3,667.276756
-1.132943,2,667.306343
-2.161529,3,667.340391
-3.350199,4,667.381585
-0.042616,1,667.395598
-1.123607,2,667.430708
-1.117019,2,667.496433
-2.190696,3,667.551544
-2.188433,3,667.610532
-1.12348,2,667.644574
-1.122698,2,667.668101
-0.050975,1,667.681788
-2.242204,3,667.716583
-0.048858,1,667.736611
-2.218573,3,667.778203
-2.141609,3,667.820389
-2.224822,3,667.856943
-2.184032,3,667.894558
-2.196329,3,667.938137
-2.278748,3,668.028034
-0.0457,1,668.053585
-2.25811,3,668.108075
-3.296312,4,668.165325
-1.120259,2,668.19087
-2.197485,3,668.226673
-2.201198,3,668.273863
-3.386245,4,668.322634
-1.090267,2,668.341774
-3.294671,4,668.383451
-3.362878,4,668.433523
-1.086772,2,668.45605
-3.283073,4,668.500266
-2.247695,3,668.532879
-0.009889,1,668.546477
-3.336934,4,668.593042
-2.197848,3,668.628658
-1.123069,2,668.651721
-2.224448,3,668.688831
-1.126666,2,668.715465
-3.317984,4,668.768054
-1.100237,2,668.789082
-2.181804,3,668.82562
-0.020143,1,668.834631
-1.076567,2,668.854702
-2.236549,3,668.882777
-2.232905,3,668.923445
-0.011726,1,668.935457
-2.30316,3,668.9635
-0.038835,1,668.972508
-3.334848,4,669.020571
-1.077645,2,669.042591
-2.1593,3,669.069621
-3.251776,4,669.113636
-3.350765,4,669.16379
-0.047227,1,669.172871
-1.111198,2,669.189883
-2.26006,3,669.213903
-3.338232,4,669.257992
-2.250718,3,669.291575
-3.342128,4,669.338662
-1.12272,2,669.361812
-2.237665,3,669.391502
-3.377351,4,669.433559
-1.105154,2,669.451587
-2.207165,3,669.483755
-3.357024,4,669.527838
-1.141328,2,669.545356
-0.037139,1,669.55637
-3.414279,4,669.597922
-3.324241,4,669.639472
-1.10187,2,669.6605
-1.102453,2,669.681525
-3.360614,4,669.721571
-1.10928,2,669.745596
-2.228057,3,669.775631
-2.208369,3,669.810807
-2.240984,3,669.850358
-1.085888,2,669.875381
-2.271693,3,669.912433
-2.207661,3,669.950493
-2.24101,3,669.983528
-1.071663,2,670.016567
-1.12011,2,670.043615
-0.052222,1,670.053624
-2.227428,3,670.089752
-2.175993,3,670.134361
-0.013074,1,670.14537
-1.096759,2,670.163485
-1.111166,2,670.184508
-1.118746,2,670.212551
-1.123868,2,670.244596
-1.136908,2,670.266628
-2.214695,3,670.294864
-3.283877,4,670.345557
-2.187723,3,670.371594
-3.317129,4,670.405632
-0.020096,1,670.413705
-2.193522,3,670.447858
-0.05116,1,670.459839
-1.065523,2,670.480032
-1.099343,2,670.50447
-2.291369,3,670.541522
-2.204614,3,670.568054
-3.327132,4,670.616615
-2.285267,3,670.64471
-2.246734,3,670.683593
-2.203759,3,670.716629
-0.01854,1,670.72664
-3.367324,4,670.766254
-2.238343,3,670.809392
-3.337051,4,670.846428
-1.131475,2,670.866954
-2.175344,3,670.899604
-1.086053,2,670.928651
-2.239656,3,671.002362
-2.210895,3,671.062591
-2.157861,3,671.113795
-1.093653,2,671.158058
-2.215049,3,671.197235
-3.351229,4,671.240389
-3.342338,4,671.286448
-2.196264,3,671.340482
-2.240861,3,671.383547
-0.051788,1,671.392557
-1.124656,2,671.416584
-3.361039,4,671.462173
-2.177851,3,671.488705
-2.29836,3,671.513417
-3.264701,4,671.553474
-2.196626,3,671.592528
-3.327948,4,671.631571
-2.270931,3,671.664609
-2.241445,3,671.692662
-0.022294,1,671.707232
-2.27454,3,671.735811
-2.188039,3,671.770372
-0.021476,1,671.781385
-1.143013,2,671.806408
-2.181466,3,671.836446
-2.165926,3,671.876643
-2.228602,3,671.911345
-1.14468,2,671.940377
-2.207055,3,671.972529
-0.032575,1,671.98454
-2.188524,3,672.013571
-2.283538,3,672.051626
-3.349191,4,672.101841
-1.088711,2,672.126437
-3.331939,4,672.168494
-2.210307,3,672.206683
-3.344899,4,672.246747
-1.116908,2,672.264847
-3.267028,4,672.311483
-2.229298,3,672.351536
-3.38626,4,672.389728
-2.261451,3,672.419476
-3.31592,4,672.458023
-2.205195,3,672.489655
-2.274041,3,672.519788
-2.221673,3,672.550377
-2.232798,3,672.583526
-2.225027,3,672.618086
-3.359874,4,672.659653
-2.248127,3,672.688291
-1.140901,2,672.705411
-3.335645,4,672.751491
-0.048637,1,672.763008
-0.01924,1,672.772551
-2.205751,3,672.80659
-2.22764,3,672.843637
-2.210966,3,672.873217
-3.360735,4,672.916319
-2.236232,3,672.952375
-3.307643,4,673.006468
-3.363592,4,673.044513
-1.101764,2,673.063035
-3.422968,4,673.105773
-2.200302,3,673.145813
-2.145686,3,673.181363
-2.172271,3,673.211398
-2.224888,3,673.239431
-1.110408,2,673.264964
-2.23585,3,673.299606
-0.039466,1,673.310619
-2.236262,3,673.349792
-0.028621,1,673.363837
-3.286053,4,673.410471
-1.142433,2,673.433498
-2.295068,3,673.467044
-0.023045,1,673.482062
-2.210608,3,673.514607
-0.017231,1,673.52362
-2.223525,3,673.550731
-0.006534,1,673.563452
-3.364718,4,673.603503
-1.113781,2,673.625533
-1.0682,2,673.643553
-2.181586,3,673.678099
-2.231786,3,673.708409
-2.210945,3,673.737984
-2.225954,3,673.764019
-1.083647,2,673.785045
-2.175063,3,673.810714
-2.262437,3,673.844323
-0.009436,1,673.852332
-1.075669,2,673.879828
-2.249942,3,673.910433
-0.044243,1,673.922445
-2.201435,3,673.95348
-1.124014,2,673.978005
-0.017458,1,673.986618
-1.081955,2,674.01075
-3.266879,4,674.050513
-2.244699,3,674.090612
-3.335439,4,674.134688
-3.35086,4,674.176366
-3.405264,4,674.22243
-1.079902,2,674.247958
-0.041639,1,674.261498
-0.01805,1,674.27001
-2.260205,3,674.300573
-3.285484,4,674.35446
-2.176632,3,674.390573
-2.194469,3,674.419604
-0.02457,1,674.430617
-3.277591,4,674.477233
-2.207722,3,674.5058
-2.193219,3,674.537853
-2.176966,3,674.567889
-0.041337,1,674.585548
-1.135644,2,674.605576
-2.280071,3,674.633608
-3.334333,4,674.667206
-1.11351,2,674.693794
-2.217934,3,674.721698
-2.228872,3,674.750411
-3.324276,4,674.790063
-2.266878,3,674.824555
-2.201998,3,674.859599
-2.180095,3,674.886655
-1.07265,2,674.905194
-3.288791,4,674.956834
-0.048395,1,674.967937
-2.273319,3,674.995966
-2.211189,3,675.028006
-1.088918,2,675.052459
-2.26252,3,675.083627
-2.192713,3,675.11269
-3.375629,4,675.151478
-3.347493,4,675.196569
-2.22768,3,675.225602
-0.024864,1,675.234607
-2.277891,3,675.268663
-2.227002,3,675.307823
-3.237617,4,675.356447
-2.257482,3,675.392542
-1.093446,2,675.412564
-0.032223,1,675.426575
-3.40333,4,675.471642
-0.038932,1,675.481657
-1.076789,2,675.503415
-2.193837,3,675.540039
-0.038323,1,675.550469
-2.215719,3,675.584007
-1.135067,2,675.61104
-2.201462,3,675.648854
-0.032238,1,675.660875
-2.290151,3,675.690419
-2.224193,3,675.71794
-1.052688,2,675.741469
-2.209758,3,675.766997
-1.084539,2,675.792036
-2.190269,3,675.81906
-2.201026,3,675.862301
-3.353037,4,675.89634
-2.292698,3,675.943411
-2.200667,3,675.982577
-0.048558,1,675.999601
-2.195825,3,676.037184
-2.287151,3,676.066276
-2.201946,3,676.095374
-1.106411,2,676.119406
-1.100646,2,676.148949
-3.27655,4,676.191511
-2.195894,3,676.220056
-1.072648,2,676.246566
-2.157247,3,676.278724
-2.251181,3,676.309801
-2.235903,3,676.346358
-3.32655,4,676.396473
-1.155827,2,676.418
-2.165425,3,676.446531
-2.23606,3,676.480054
-3.435847,4,676.524875
-0.006736,1,676.533884
-2.251253,3,676.56703
-3.308706,4,676.610078
-2.209172,3,676.64886
-0.047065,1,676.659873
-1.1178,2,676.679401
-3.3721,4,676.721452
-2.241408,3,676.753481
-1.109739,2,676.776007
-2.291027,3,676.813631
-1.085281,2,676.839762
-3.302153,4,676.885879
-2.285407,3,676.914903
-3.294362,4,676.949935
-1.098911,2,676.966964
-3.301073,4,677.016582
-2.282485,3,677.048127
-2.242097,3,677.084267
-0.029836,1,677.096785
-2.272349,3,677.130501
-1.060359,2,677.161549
-1.061595,2,677.180611
-1.139354,2,677.200638
-1.120756,2,677.230391
-0.036772,1,677.246408
-2.262799,3,677.286506
-2.235302,3,677.322559
-2.210205,3,677.362612
-2.225574,3,677.394812
-1.076439,2,677.413481
-1.12679,2,677.434501
-0.0456,1,677.452537
-1.075671,2,677.476062
-0.057002,1,677.485589
-1.150825,2,677.505611
-1.092215,2,677.529655
-0.033321,1,677.541702
-2.218478,3,677.574276
-0.05012,1,677.58378
-2.289371,3,677.620833
-2.198463,3,677.649825
-3.301869,4,677.694414
-1.117744,2,677.714437
-1.136051,2,677.736463
-3.32789,4,677.779024
-2.223157,3,677.808762
-1.113162,2,677.828286
-0.039598,1,677.843463
-1.125318,2,677.864487
-0.051382,1,677.874582
-2.246261,3,677.90662
-0.033696,1,677.923665
-2.278915,3,677.950548
-2.202592,3,677.978099
-2.225792,3,678.006635
-1.108558,2,678.031708
-2.183379,3,678.062464
-3.356486,4,678.099
-2.256844,3,678.128078
-2.174723,3,678.159121
-0.027263,1,678.167129
-0.047673,1,678.175637
-2.220058,3,678.204285
-2.166495,3,678.24134
-1.151106,2,678.264872
-2.208555,3,678.298064
-2.204684,3,678.335612
-3.32084,4,678.384784
-2.24155,3,678.414421
-1.121868,2,678.435446
-3.319377,4,678.479007
-0.029014,1,678.493604
-2.282573,3,678.52464
-2.162999,3,678.563821
-3.278828,4,678.603371
-2.200209,3,678.641424
-3.315629,4,678.680969
-3.331858,4,678.724583
-2.24258,3,678.754618
-3.325068,4,678.799792
-1.110539,2,678.819403
-2.19497,3,678.849917
-2.233807,3,678.883523
-0.009125,1,678.899543
-2.205448,3,678.928069
-0.0425,1,678.936576
-0.027043,1,678.950605
-1.116708,2,678.98164
-2.221035,3,679.0104
-1.089544,2,679.027916
-3.32952,4,679.063462
-1.127914,2,679.086984
-3.353298,4,679.123549
-1.151947,2,679.144575
-2.173965,3,679.176738
-2.191181,3,679.209842
-3.398394,4,679.245376
-3.288543,4,679.280482
-2.215597,3,679.310518
-3.394266,4,679.36827
-2.229771,3,679.396826
-1.143118,2,679.419978
-2.231234,3,679.460516
-2.203041,3,679.494585
-2.235248,3,679.530223
-1.08179,2,679.554276
-1.120987,2,679.581836
-2.265089,3,679.615454
-1.126216,2,679.636476
-3.340568,4,679.680579
-1.091112,2,679.700608
-3.341858,4,679.747207
-2.2676,3,679.776762
-2.251195,3,679.810493
-0.050078,1,679.8195
-1.066463,2,679.845523
-2.267736,3,679.881612
-3.394188,4,679.919786
-1.103996,2,679.941404
-2.257363,3,679.978948
-1.085793,2,680.0016
-3.330365,4,680.0537
-2.231801,3,680.087952
-1.086801,2,680.114488
-1.119869,2,680.142537
-3.340911,4,680.184721
-2.244405,3,680.226414
-1.095566,2,680.247939
-2.260668,3,680.275976
-2.163546,3,680.302089
-1.087689,2,680.329638
-2.233127,3,680.36125
-3.332149,4,680.396408
-2.196507,3,680.427953
-3.270318,4,680.469511
-1.13266,2,680.496665
-1.114157,2,680.521439
-3.326834,4,680.566485
-2.213276,3,680.603536
-3.331395,4,680.656596
-2.242952,3,680.692754
-2.146762,3,680.725856
-2.290355,3,680.756474
-3.285068,4,680.806543
-3.362094,4,680.845585
-1.0707,2,680.871629
-2.170603,3,680.901383
-3.373442,4,680.950796
-2.248545,3,680.984604
-0.035975,1,680.996614
-3.257406,4,681.048775
-2.230736,3,681.091453
-2.261426,3,681.118979
-1.139404,2,681.136496
-1.151299,2,681.155516
-0.049444,1,681.173587
-2.21802,3,681.201615
-2.240187,3,681.234666
-3.31074,4,681.268257
-0.042891,1,681.286399
-3.354263,4,681.334459
-2.257141,3,681.360493
-3.308839,4,681.393524
-1.126782,2,681.424569
-2.180885,3,681.455606
-0.031409,1,681.468127
-2.243143,3,681.502696
-2.210796,3,681.540362
-0.050731,1,681.551379
-2.254987,3,681.580411
-0.005666,1,681.590425
-2.227495,3,681.63197
-0.016101,1,681.645596
-0.034818,1,681.655608
-2.244593,3,681.685208
-2.287826,3,681.72081
-2.239762,3,681.763431
-1.140305,2,681.782458
-2.257953,3,681.820526
-2.253441,3,681.864585
-2.219042,3,681.900668
-2.186376,3,681.938825
-1.139358,2,681.963357
-2.18601,3,682.003587
-2.272135,3,682.036631
-1.141426,2,682.064692
-1.158532,2,682.086334
-0.051782,1,682.101363
-2.282424,3,682.131395
-1.138661,2,682.152417
-2.208208,3,682.188006
-2.238098,3,682.225553
-2.242955,3,682.256587
-2.196572,3,682.286619
-2.172919,3,682.315673
-1.132495,2,682.344914
-0.024436,1,682.355578
-3.491964,4,682.410702
-2.152457,3,682.436733
-2.253638,3,682.471377
-1.091187,2,682.488897
-3.387362,4,682.530449
-3.319957,4,682.570494
-3.368045,4,682.62456
-2.169758,3,682.660615
-2.214163,3,682.689628
-2.189808,3,682.718775
-2.185652,3,682.760367
-0.030892,1,682.769876
-2.243059,3,682.805017
-0.058141,1,682.815025
-2.153294,3,682.854784
-1.120241,2,682.876308
-3.304691,4,682.920366
-3.281477,4,682.963417
-2.168293,3,683.001576
-0.046724,1,683.011586
-0.007543,1,683.024603
-2.245342,3,683.058267
-1.115858,2,683.084307
-2.276598,3,683.113339
-2.236033,3,683.146381
-0.046115,1,683.156393
-3.302715,4,683.201472
-2.189929,3,683.230503
-0.047371,1,683.239998
-0.047356,1,683.250524
-0.020022,1,683.269551
-3.294857,4,683.323707
-2.197114,3,683.362422
-2.216538,3,683.393599
-3.392733,4,683.443681
-3.287717,4,683.490785
-2.204136,3,683.520428
-2.185883,3,683.547956
-3.310777,4,683.589529
-2.163735,3,683.615556
-1.122227,2,683.633576
-1.127297,2,683.652598
-2.222588,3,683.683905
-2.210522,3,683.710586
-1.078302,2,683.726596
-1.114294,2,683.748123
-0.031542,1,683.763658
-0.04544,1,683.775207
-1.117206,2,683.795763
-2.208901,3,683.827859
-2.219795,3,683.861488
-2.249325,3,683.997901
-3.347953,4,684.046463
-0.042747,1,684.062491
-2.226676,3,684.101038
-3.384738,4,684.149428
-3.331417,4,684.192569
-1.123687,2,684.210591
-2.160149,3,684.245623
-2.227018,3,684.276701
-2.257028,3,684.307909
-3.341181,4,684.355489
-3.292411,4,684.403595
-2.236341,3,684.432628
-0.022161,1,684.443639
-0.039513,1,684.451662
-2.208541,3,684.487246
-2.176607,3,684.521432
-3.332143,4,684.55897
-1.134629,2,684.583019
-3.376805,4,684.674632
-1.118308,2,684.712588
-1.141044,2,684.746641
-3.358315,4,684.809617
-0.034451,1,684.82463
-2.176941,3,684.855727
-2.277492,3,684.886567
-3.320919,4,684.941686
-2.223031,3,684.986014
-2.182756,3,685.028792
-0.012795,1,685.041331
-2.276624,3,685.079892
-3.306374,4,685.126613
-1.104294,2,685.151659
-2.147601,3,685.192749
-1.127,2,685.211421
-1.133179,2,685.242462
-0.026081,1,685.251483
-1.112346,2,685.276534
-3.289242,4,685.313577
-2.26374,3,685.350629
-2.282381,3,685.386202
-2.220845,3,685.415777
-1.159023,2,685.438899
-0.054922,1,685.453911
-3.283426,4,685.496485
-1.09249,2,685.51801
-3.320474,4,685.55555
-1.072064,2,685.583089
-2.253912,3,685.617913
-3.341417,4,685.651456
-3.360138,4,685.686998
-2.274489,3,685.719775
-3.364904,4,685.758902
-1.095668,2,685.776931
-1.084829,2,685.793947
-2.208779,3,685.82954
-2.204085,3,685.855569
-2.271076,3,685.881927
-0.046423,1,685.890514
-2.176588,3,685.929569
-3.444912,4,685.970623
-3.337371,4,686.006703
-2.222032,3,686.038857
-2.2343,3,686.074945
-3.321308,4,686.118076
-2.209432,3,686.155623
-3.365224,4,686.193772
-0.01491,1,686.210846
-2.25395,3,686.243414
-0.035471,1,686.256426
-0.032543,1,686.267942
-0.0246,1,686.285972
-0.024921,1,686.296986
-2.233672,3,686.329624
-2.216492,3,686.370773
-2.195603,3,686.40794
-0.045298,1,686.417951
-0.017829,1,686.428963
-2.20399,3,686.458996
-1.114158,2,686.489102
-1.118727,2,686.508121
-2.164385,3,686.535313
-3.338023,4,686.573863
-3.418664,4,686.629064
-3.264221,4,686.669111
-2.213162,3,686.704867
-2.262394,3,686.730894
-3.314429,4,686.78109
-2.2809,3,686.806734
-2.19906,3,686.835818
-3.302619,4,686.873991
-2.157174,3,686.906021
-3.34659,4,686.946621
-3.384782,4,686.988778
-1.067185,2,687.00782
-2.201647,3,687.041466
-2.16949,3,687.081025
-1.129968,2,687.106599
-2.204644,3,687.139654
-2.220398,3,687.179785
-2.25677,3,687.208929
-1.058145,2,687.227947
-3.269674,4,687.269001
-0.021184,1,687.283021
-1.117495,2,687.303596
-3.331944,4,687.342637
-2.217212,3,687.372709
-3.283213,4,687.423826
-3.314542,4,687.468869
-1.103184,2,687.490028
-2.146404,3,687.518062
-2.212132,3,687.552603
-2.203249,3,687.582643
-2.251088,3,687.615744
-1.129631,2,687.634795
-0.054795,1,687.647811
-2.168171,3,687.688049
-2.228583,3,687.721614
-2.201494,3,687.75072
-2.1676,3,687.786844
-0.029548,1,687.798352
-2.20343,3,687.826614
-2.188214,3,687.856183
-2.276365,3,687.888281
-1.080037,2,687.9068
-2.240637,3,687.936836
-2.204812,3,687.966474
-0.035188,1,687.979997
-2.268208,3,688.01246
-1.08172,2,688.029478
-3.304248,4,688.071536
-1.09657,2,688.095057
-1.079646,2,688.118729
-0.03486,1,688.126737
-3.401595,4,688.16786
-2.204286,3,688.202485
-0.024833,1,688.213497
-1.085643,2,688.232519
-0.046985,1,688.245536
-1.119114,2,688.272576
-2.236032,3,688.302781
-2.218755,3,688.333809
-3.350655,4,688.376035
-1.1198,2,688.406616
-0.042244,1,688.419684
-1.101154,2,688.439314
-2.226032,3,688.467839
-1.125035,2,688.496397
-2.173793,3,688.534579
-2.241283,3,688.569131
-3.377724,4,688.610768
-2.246529,3,688.649457
-1.138385,2,688.67449
-2.207481,3,688.70159
-3.283539,4,688.743636
-2.162776,3,688.78091
-3.297107,4,688.816497
-0.037341,1,688.826509
-2.161194,3,688.859552
-2.228291,3,688.895097
-1.088938,2,688.914684
-0.052419,1,688.925396
-1.09596,2,688.945422
-1.140041,2,688.967948
-1.055702,2,688.986477
-3.309104,4,689.020518
-3.283491,4,689.060569
-2.241546,3,689.093683
-2.207062,3,689.120783
-2.212519,3,689.147895
-0.051151,1,689.156406
-0.036884,1,689.169985
-2.199491,3,689.201579
-2.191198,3,689.22961
-3.290833,4,689.263264
-3.284581,4,689.308862
-0.02171,1,689.318872
-2.195853,3,689.347965
-2.264083,3,689.380017
-2.285364,3,689.423448
-1.10319,2,689.44898
-3.329772,4,689.490035
-1.124444,2,689.510637
-3.301753,4,689.55879
-2.211875,3,689.589359
-1.123225,2,689.615392
-1.099843,2,689.640439
-2.219691,3,689.682617
-0.043718,1,689.694632
-2.245966,3,689.725449
-2.234983,3,689.756485
-0.040441,1,689.775014
-3.323613,4,689.815599
-1.085624,2,689.853829
-3.415564,4,689.907925
-0.032555,1,689.925448
-2.209291,3,689.961495
-1.125086,2,689.980606
-2.205277,3,690.011652
-2.305889,3,690.046784
-1.133675,2,690.066447
-2.311976,3,690.099593
-0.02437,1,690.111608
-1.117637,2,690.139135
-0.033077,1,690.149613
-1.098155,2,690.16971
-2.224071,3,690.204467
-3.420229,4,690.25554
-3.299419,4,690.304666
-3.440589,4,690.349426
-2.209256,3,690.382972
-3.324712,4,690.433615
-2.211821,3,690.462653
-1.109794,2,690.482681
-3.412758,4,690.5264
-2.272833,3,690.562454
-3.357744,4,690.604583
-2.221091,3,690.639126
-0.041551,1,690.65266
-2.224487,3,690.692765
-2.211279,3,690.725833
-2.243861,3,690.754436
-3.309596,4,690.792704
-1.13172,2,690.821447
-0.04999,1,690.834461
-2.212519,3,690.869515
-2.197793,3,690.902735
-3.348018,4,690.951424
-2.151933,3,690.980958
-2.166949,3,691.010529
-0.038473,1,691.019538
-0.036049,1,691.035552
-2.239225,3,691.070606
-2.220712,3,691.103732
-2.216456,3,691.135804
-2.19146,3,691.183507
-2.241055,3,691.21154
-2.209006,3,691.238066
-0.041397,1,691.249588
-2.230982,3,691.28375
-2.265883,3,691.310807
-1.143047,2,691.333436
-1.109149,2,691.357978
-2.195104,3,691.402032
-1.094267,2,691.420812
-3.336858,4,691.454453
-1.070148,2,691.479004
-3.278517,4,691.529632
-1.109292,2,691.548666
-2.256254,3,691.580736
-1.140886,2,691.60489
-3.498542,4,691.658877
-1.076333,2,691.681411
-2.202032,3,691.713447
-0.053626,1,691.726457
-1.090206,2,691.750486
-0.013032,1,691.761496
-2.215527,3,691.789026
-1.094111,2,691.810562
-1.093381,2,691.834581
-2.178745,3,691.868134
-1.108496,2,691.886663
-2.191912,3,691.921301
-1.063448,2,691.946331
-0.033708,1,691.957869
-2.201151,3,691.990487
-3.361173,4,692.033544
-2.222184,3,692.079124
-0.013283,1,692.088634
-2.17685,3,692.118245
-3.326793,4,692.160318
-1.061345,2,692.186344
-3.296609,4,692.22639
-2.26901,3,692.253429
-2.179471,3,692.282462
-0.010804,1,692.295473
-0.049952,1,692.304482
-2.229401,3,692.332518
-0.023111,1,692.343529
-2.181462,3,692.381581
-3.347444,4,692.418113
-3.291224,4,692.453724
-2.201026,3,692.479796
-2.178151,3,692.51038
-2.202543,3,692.535401
-2.184173,3,692.568954
-2.237989,3,692.606501
-1.145381,2,692.630536
-2.194463,3,692.664575
-2.16399,3,692.694602
-3.454252,4,692.740255
-2.223739,3,692.775378
-2.215608,3,692.803624
-1.121928,2,692.82519
-1.12461,2,692.844835
-1.104568,2,692.877974
-1.078258,2,692.896497
-1.089669,2,692.915537
-1.078435,2,692.938047
-1.122075,2,692.96658
-1.09734,2,692.985599
-2.195337,3,693.014632
-2.207613,3,693.04572
-1.125771,2,693.070451
-2.206506,3,693.106549
-2.128506,3,693.141602
-2.261704,3,693.176642
-3.393101,4,693.225486
-2.222781,3,693.255527
-2.192019,3,693.285558
-3.48469,4,693.329116
-3.361822,4,693.386353
-1.098279,2,693.410397
-0.036624,1,693.419407
-3.409553,4,693.453573
-0.052713,1,693.466584
-2.208147,3,693.494616
-2.239858,3,693.526382
-3.417785,4,693.560426
-2.17071,3,693.592457
-2.218925,3,693.621492
-0.046507,1,693.631498
-2.215811,3,693.661536
-2.239803,3,693.696565
-3.364408,4,693.741622
-2.20047,3,693.770715
-2.227444,3,693.799389
-1.101172,2,693.822416
-1.106,2,693.847952
-2.181178,3,693.881007
-1.095893,2,693.900619
-0.043791,1,693.915633
-0.022221,1,693.926698
-2.182795,3,693.956316
-2.195962,3,693.988867
-1.104313,2,694.013492
-2.261832,3,694.043523
-1.124665,2,694.061547
-2.226644,3,694.093084
-2.218068,3,694.129642
-3.320475,4,694.170806
-3.377857,4,694.208879
-2.20065,3,694.241418
-3.377172,4,694.290486
-3.332613,4,694.330538
-2.203135,3,694.365578
-0.043,1,694.378097
-2.161746,3,694.419756
-2.204006,3,694.451435
-0.044533,1,694.459443
-2.217092,3,694.486471
-1.104774,2,694.511508
-1.056785,2,694.529982
-1.080947,2,694.548044
-0.03036,1,694.558058
-3.301792,4,694.598106
-1.120141,2,694.618638
-2.244991,3,694.643695
-2.167894,3,694.67677
-1.126848,2,694.698804
-2.164674,3,694.73484
-2.266633,3,694.764475
-3.331676,4,694.812591
-2.238282,3,694.852198
-2.197952,3,694.879798
-2.213858,3,694.913343
-3.342816,4,694.958218
-2.183973,3,694.99594
-1.10304,2,695.022538
-2.12891,3,695.061589
-2.2083,3,695.0928
-2.253823,3,695.130423
-1.072156,2,695.156476
-2.161387,3,695.191652
-3.396802,4,695.229776
-3.290236,4,695.281977
-0.014991,1,695.293991
-1.094913,2,695.31277
-1.118196,2,695.336313
-2.189814,3,695.374705
-2.237726,3,695.406525
-2.284763,3,695.439075
-2.239487,3,695.4666
-1.103799,2,695.491638
-2.18605,3,695.524778
-1.145218,2,695.54142
-2.279022,3,695.56895
-1.103972,2,695.593982
-2.263059,3,695.629683
-2.236422,3,695.657815
-2.247033,3,695.685855
-1.106861,2,695.716448
-1.129766,2,695.742493
-2.256507,3,695.770528
-3.346041,4,695.812604
-2.239133,3,695.846652
-3.275841,4,695.895335
-1.120248,2,695.919371
-0.0115,1,695.930383
-3.297567,4,695.975731
-3.271365,4,696.020491
-3.387111,4,696.062544
-3.333791,4,696.103094
-3.278923,4,696.1483
-2.15484,3,696.176431
-3.343334,4,696.233611
-0.043477,1,696.26056
-3.335831,4,696.35806
-1.091116,2,696.396135
-3.378126,4,696.461442
-0.031823,1,696.472457
-2.223519,3,696.511574
-1.137091,2,696.540615
-2.192201,3,696.580392
-2.211975,3,696.61797
-1.116565,2,696.649521
-2.224565,3,696.690084
-3.286742,4,696.729798
-3.336582,4,696.768846
-2.144586,3,696.80038
-2.201037,3,696.83342
-0.034616,1,696.842431
-0.007086,1,696.85144
-2.186778,3,696.883977
-2.137632,3,696.915009
-2.221191,3,696.944607
-1.12073,2,696.963628
-2.187988,3,697.003253
-0.042145,1,697.015767
-1.135536,2,697.036371
-3.232871,4,697.078927
-2.176941,3,697.122539
-1.11165,2,697.141559
-2.180277,3,697.171592
-1.110098,2,697.19069
-0.025966,1,697.21174
-0.033006,1,697.222317
-2.209688,3,697.252356
-1.079906,2,697.275382
-2.233189,3,697.314934
-3.348504,4,697.362363
-3.290669,4,697.401806
-2.183701,3,697.445391
-1.144544,2,697.469762
-3.336743,4,697.511377
-1.132881,2,697.536401
-2.23598,3,697.571466
-0.034691,1,697.584984
-3.328529,4,697.628078
-1.112889,2,697.651608
-1.076559,2,697.67163
-3.385237,4,697.729775
-2.217806,3,697.814784
-0.018082,1,697.836426
-2.262164,3,697.88351
-1.097296,2,697.921379
-2.165861,3,697.959432
-3.368866,4,698.013762
-3.372385,4,698.074504
-2.241215,3,698.119748
-2.252988,3,698.152319
-3.306947,4,698.19487
-3.317914,4,698.244532
-1.116524,2,698.269061
-1.161452,2,698.289087
-3.327632,4,698.331382
-0.045929,1,698.341394
-3.287312,4,698.386948
-2.228778,3,698.429536
-1.127645,2,698.452563
-2.243278,3,698.481595
-1.129811,2,698.506639
-2.22308,3,698.539785
-3.334081,4,698.577912
-2.197073,3,698.60547
-2.190853,3,698.64653
-2.222784,3,698.676566
-2.232214,3,698.704761
-2.235039,3,698.740392
-3.427484,4,698.787951
-1.145915,2,698.80457
-2.175518,3,698.831603
-3.34927,4,698.873675
-0.04508,1,698.886728
-2.251118,3,698.914383
-2.22314,3,698.939953
-1.108808,2,698.956422
-2.159223,3,698.99657
-3.300884,4,699.031619
-2.206261,3,699.058142
-2.254028,3,699.091387
-0.013248,1,699.105398
-2.209476,3,699.134816
-3.465012,4,699.173813
-1.119832,2,699.196335
-2.288929,3,699.232381
-2.179992,3,699.264422
-2.210484,3,699.293954
-2.28103,3,699.329052
-2.256344,3,699.362592
-2.26168,3,699.391737
-2.230297,3,699.424876
-2.199093,3,699.463463
-1.118545,2,699.490012
-2.195085,3,699.528063
-2.23651,3,699.556595
-3.359264,4,699.593647
-2.239591,3,699.633419
-1.086633,2,699.652442
-2.183769,3,699.685984
-2.161126,3,699.714555
-3.307454,4,699.766636
-3.32908,4,699.804354
-2.180175,3,699.836395
-3.337751,4,699.88045
-2.314069,3,699.911506
-3.404554,4,699.949124
-1.141868,2,699.971711
-0.024248,1,699.98075
-2.233327,3,700.017301
-0.036944,1,700.026338
-2.22595,3,700.05438
-3.292381,4,700.092426
-2.149267,3,700.127962
-2.209039,3,700.165509
-1.148348,2,700.186533
-3.369451,4,700.226587
-1.109031,2,700.255629
-3.303602,4,700.299747
-0.049092,1,700.310431
-1.156485,2,700.335456
-2.234912,3,700.372516
-2.269479,3,700.411565
-2.213756,3,700.455617
-3.440391,4,700.503289
-2.166645,3,700.542536
-3.318614,4,700.580577
-2.240041,3,700.612613
-2.195648,3,700.642791
-2.213369,3,700.676451
-1.081457,2,700.697978
-2.24098,3,700.730526
-2.159894,3,700.769077
-2.191074,3,700.804624
-2.28455,3,700.835699
-1.114054,2,700.86037
-3.301201,4,700.901924
-3.358109,4,700.946571
-2.227001,3,700.975604
-1.132461,2,700.992733
-2.248836,3,701.021481
-2.281361,3,701.055514
-3.345767,4,701.099072
-1.08837,2,701.118109
-2.205962,3,701.14571
-2.169216,3,701.179718
-1.085481,2,701.198895
-2.255714,3,701.224925
-0.041741,1,701.235511
-1.147472,2,701.266553
-3.376578,4,701.31462
-3.363608,4,701.356731
-2.194609,3,701.39539
-2.206421,3,701.432438
-3.390803,4,701.480504
-2.150053,3,701.515544
-2.215559,3,701.544577
-0.017936,1,701.562611
-2.239051,3,701.603724
-2.249615,3,701.632469
-1.085476,2,701.652488
-2.294572,3,701.688027
-3.446339,4,701.726566
-2.280894,3,701.760615
-2.242051,3,701.792742
-1.082275,2,701.818812
-1.12135,2,701.838885
-2.235904,3,701.874504
-2.241266,3,701.903771
-2.21071,3,701.937901
-0.028501,1,701.949994
-0.006318,1,701.960431
-2.238612,3,701.99797
-1.121375,2,702.02801
-1.076184,2,702.049538
-2.22283,3,702.076562
-1.140165,2,702.096584
-0.008531,1,702.112613
-3.357717,4,702.151733
-2.192345,3,702.178753
-1.130399,2,702.195289
-2.179709,3,702.232416
-0.028347,1,702.242426
-2.275456,3,702.269453
-2.22919,3,702.304019
-0.042537,1,702.320073
-2.235467,3,702.353692
-3.265423,4,702.399382
-0.053172,1,702.4134
-1.116922,2,702.444442
-3.284449,4,702.487943
-2.168604,3,702.520494
-3.319644,4,702.560539
-2.247665,3,702.595575
-3.25113,4,702.636619
-1.084094,2,702.656693
-2.22033,3,702.689786
-0.034188,1,702.709321
-1.156709,2,702.729341
-3.32213,4,702.769386
-2.205059,3,702.799918
-2.22427,3,702.841485
-3.31221,4,702.880522
-2.292911,3,702.910631
-2.149419,3,702.940571
-2.242544,3,702.975608
-2.179424,3,703.005208
-3.359989,4,703.049488
-2.181357,3,703.081516
-2.179444,3,703.116735
-3.367776,4,703.155444
-2.158165,3,703.181833
-2.211328,3,703.212434
-0.050289,1,703.225446
-2.237924,3,703.258988
-2.214758,3,703.291541
-2.220838,3,703.321575
-2.252201,3,703.352616
-3.331208,4,703.389715
-2.278774,3,703.41475
-3.381673,4,703.465589
-2.325647,3,703.508802
-2.229681,3,703.546533
-2.201667,3,703.583584
-2.216094,3,703.613624
-2.235697,3,703.650314
-2.172618,3,703.683349
-2.246206,3,703.713472
-3.356804,4,703.75553
-1.109253,2,703.782571
-3.333752,4,703.825623
-1.121668,2,703.844647
-3.274319,4,703.894664
-3.410902,4,703.945364
-2.185304,3,703.976402
-0.043564,1,703.991439
-0.019384,1,704.003609
-1.0655,2,704.029666
-2.274966,3,704.062404
-3.324197,4,704.112508
-3.435495,4,704.161574
-2.248657,3,704.200697
-1.102326,2,704.219755
-2.211899,3,704.248795
-3.273371,4,704.292887
-3.371967,4,704.335459
-1.124717,2,704.353478
-1.127191,2,704.370497
-0.017043,1,704.380507
-0.036231,1,704.395026
-3.320422,4,704.43242
-1.152369,2,704.45895
-0.040907,1,704.471473
-0.013775,1,704.486485
-2.232917,3,704.515582
-2.285499,3,704.546497
-0.034359,1,704.555508
-3.280939,4,704.602257
-2.244609,3,704.634387
-2.256523,3,704.666421
-0.037712,1,704.677938
-0.03355,1,704.692959
-3.353772,4,704.736628
-2.162301,3,704.766417
-2.218655,3,704.800971
-0.031413,1,704.824678
-3.307253,4,704.959095
-1.144676,2,704.994189
-0.017937,1,705.013316
-2.188346,3,705.063389
-2.233267,3,705.099941
-2.231682,3,705.140545
-2.201542,3,705.183604
-3.289266,4,705.243337
-2.236542,3,705.282394
-1.120307,2,705.313509
-1.09622,2,705.382677
-1.049776,2,705.430386
-1.123642,2,705.469454
-2.198556,3,705.519132
-2.248045,3,705.567969
-0.057615,1,705.586491
-1.060408,2,705.610552
-1.135618,2,705.636582
-2.161284,3,705.679883
-1.116618,2,705.706022
-0.038746,1,705.721518
-3.369868,4,705.785615
-2.243163,3,705.823388
-1.134364,2,705.850425
-2.241095,3,705.880461
-0.041748,1,705.894985
-2.214675,3,705.929569
-2.227017,3,705.965613
-2.200073,3,705.998664
-2.17993,3,706.03236
-1.085982,2,706.053384
-2.206106,3,706.08642
-2.217224,3,706.118007
-0.034361,1,706.128018
-2.224088,3,706.155547
-2.226622,3,706.194104
-3.367923,4,706.238817
-3.32199,4,706.277882
-2.160034,3,706.311509
-1.112728,2,706.336535
-0.017847,1,706.344544
-2.251685,3,706.371578
-2.170364,3,706.396101
-1.144654,2,706.419131
-0.038016,1,706.431242
-0.035002,1,706.444747
-1.136798,2,706.466417
-1.114095,2,706.489444
-2.231842,3,706.514968
-3.397775,4,706.553567
-2.189201,3,706.580291
-2.256186,3,706.611132
-2.176863,3,706.647871
-3.348797,4,706.688934
-2.159656,3,706.715582
-0.031103,1,706.730607
-2.235153,3,706.764685
-2.188297,3,706.79701
-2.251056,3,706.828182
-2.241525,3,706.870891
-2.273375,3,706.90563
-1.082621,2,706.924373
-3.356021,4,706.968938
-2.153309,3,707.012003
-2.284143,3,707.044693
-2.24266,3,707.079819
-2.208908,3,707.111946
-0.03648,1,707.128964
-1.111923,2,707.149064
-1.119323,2,707.166585
-1.083962,2,707.188107
-1.06809,2,707.214841
-2.250871,3,707.243399
-2.178631,3,707.27143
-1.085971,2,707.295963
-2.206317,3,707.33658
-2.204765,3,707.364614
-2.187144,3,707.395782
-2.195389,3,707.426459
-1.138786,2,707.458003
-2.199665,3,707.488044
-2.209703,3,707.516628
-2.2613,3,707.543483
-2.222173,3,707.579023
-3.340548,4,707.612056
-2.21812,3,707.641816
-2.27341,3,707.670168
-1.14364,2,707.692488
-2.172108,3,707.718895
-0.016464,1,707.727902
-1.124292,2,707.746521
-2.158582,3,707.780572
-2.157354,3,707.813709
-0.043734,1,707.826526
-2.298513,3,707.858067
-2.182431,3,707.89461
-3.315334,4,707.932551
-2.209025,3,707.965587
-1.139761,2,707.988113
-2.161842,3,708.028262
-1.150822,2,708.049474
-2.20927,3,708.086515
-1.139191,2,708.109066
-2.196947,3,708.148109
-3.341706,4,708.188726
-2.265284,3,708.222475
-0.055497,1,708.236488
-1.118286,2,708.260528
-3.373136,4,708.302076
-2.165464,3,708.335706
-2.178439,3,708.373398
-0.012747,1,708.38791
-2.272837,3,708.420548
-1.155721,2,708.444576
-1.145239,2,708.464599
-1.095983,2,708.494639
-2.183563,3,708.52995
-2.201982,3,708.560617
-2.227917,3,708.586636
-2.218599,3,708.618765
-2.19936,3,708.646417
-0.05492,1,708.660448
-2.198109,3,708.687973
-2.179586,3,708.720552
-3.342368,4,708.755587
-2.14708,3,708.782625
-1.077679,2,708.802163
-1.119971,2,708.829766
-1.110975,2,708.84983
-3.470394,4,708.88386
-1.06397,2,708.902384
-3.330009,4,708.949449
-2.154008,3,708.982491
-2.224964,3,709.015579
-3.343224,4,709.056623
-2.283505,3,709.092511
-0.013228,1,709.102707
-1.087875,2,709.127292
-2.202213,3,709.166554
-1.148488,2,709.191493
-2.168789,3,709.224953
-2.234668,3,709.260584
-0.051084,1,709.271595
-3.30493,4,709.324676
-3.284854,4,709.364798
-1.142807,2,709.385356
-0.023924,1,709.395867
-3.352154,4,709.444509
-0.049927,1,709.460154
-2.195484,3,709.493572
-2.188514,3,709.523527
-1.157552,2,709.550571
-3.29236,4,709.593617
-3.302627,4,709.634709
-2.211661,3,709.666379
-1.125738,2,709.693419
-2.208274,3,709.720952
-2.265041,3,709.754551
-2.206513,3,709.78148
-3.304008,4,709.822528
-2.218327,3,709.851575
-2.261751,3,709.883615
-3.280837,4,709.923683
-3.339743,4,709.969011
-2.168495,3,709.995538
-1.109126,2,710.012561
-3.301369,4,710.06063
-2.277602,3,710.098217
-0.022468,1,710.108865
-3.307878,4,710.149416
-1.119221,2,710.174449
-2.247897,3,710.209005
-2.20826,3,710.238525
-1.091727,2,710.258667
-2.197808,3,710.288796
-2.197592,3,710.332748
-3.335284,4,710.373823
-1.139975,2,710.396384
-2.272149,3,710.42542
-1.116445,2,710.455456
-3.422704,4,710.502522
-2.189415,3,710.535559
-2.227614,3,710.570611
-1.082812,2,710.599673
-1.091409,2,710.624338
-2.230875,3,710.660385
-2.1915,3,710.698954
-1.069755,2,710.725488
-1.164459,2,710.744507
-2.253899,3,710.774545
-3.272527,4,710.818098
-3.349877,4,710.871758
-1.111206,2,710.892375
-0.033282,1,710.901384
-1.095106,2,710.920405
-1.103657,2,710.946434
-2.248351,3,710.97447
-2.17934,3,711.003509
-1.147586,2,711.02353
-1.073355,2,711.048054
-3.31052,4,711.083599
-2.263614,3,711.112631
-3.361936,4,711.161397
-2.240796,3,711.200449
-1.1132,2,711.220476
-2.23704,3,711.252507
-2.205068,3,711.285542
-2.265062,3,711.3296
-2.234975,3,711.366677
-1.117329,2,711.386375
-2.259826,3,711.421989
-2.251993,3,711.469584
-3.271898,4,711.51973
-3.317358,4,711.566479
-3.373446,4,711.610035
-2.223227,3,711.646745
-3.285834,4,711.688976
-3.30418,4,711.731479
-2.256524,3,711.76251
-3.435142,4,711.813593
-3.358902,4,711.854636
-2.237409,3,711.889751
-3.357722,4,711.92537
-2.160508,3,711.955409
-3.312205,4,711.991459
-3.313608,4,712.027994
-2.261523,3,712.058029
-2.234423,3,712.095577
-3.361947,4,712.139738
-3.302785,4,712.174348
-3.439429,4,712.214537
-2.209556,3,712.248073
-0.012711,1,712.258085
-1.083988,2,712.276606
-1.135506,2,712.294622
-2.23647,3,712.331738
-0.049919,1,712.346491
-1.087363,2,712.368014
-2.258043,3,712.400114
-3.334924,4,712.454479
-3.337404,4,712.496522
-0.020845,1,712.507033
-2.198791,3,712.535695
-2.22578,3,712.57394
-0.040675,1,712.583555
-0.041069,1,712.593564
-2.23191,3,712.625737
-3.302762,4,712.677909
-1.097031,2,712.697931
-2.133629,3,712.727044
-1.059335,2,712.74606
-1.078995,2,712.777229
-1.114639,2,712.796552
-0.057232,1,712.807068
-2.210254,3,712.839704
-0.006798,1,712.853766
-0.046493,1,712.871429
-2.178548,3,712.903969
-1.134335,2,712.924592
-1.095193,2,712.948121
-2.2309,3,712.976662
-2.209222,3,713.011906
-0.010449,1,713.024584
-2.184509,3,713.061639
-3.251366,4,713.103979
-3.349919,4,713.142623
-3.31005,4,713.176389
-3.368552,4,713.221492
-3.287226,4,713.256519
-2.244011,3,713.283551
-0.042333,1,713.292561
-2.200383,3,713.330113
-2.160754,3,713.359725
-1.124553,2,713.378794
-2.169381,3,713.413343
-3.346439,4,713.462416
-2.161396,3,713.492448
-2.222199,3,713.520504
-0.028526,1,713.531511
-1.071314,2,713.560543
-2.165496,3,713.588067
-2.235176,3,713.615104
-2.170633,3,713.648648
-1.143533,2,713.678779
-2.240384,3,713.714393
-0.043864,1,713.725408
-1.096775,2,713.746427
-1.099201,2,713.771463
-0.048822,1,713.781473
-2.237497,3,713.814651
-2.247006,3,713.843762
-2.201357,3,713.878839
-2.206414,3,713.91002
-3.342036,4,713.946566
-0.018837,1,713.955575
-3.298033,4,714.005146
-0.04783,1,714.019679
-3.326451,4,714.063396
-2.18199,3,714.095428
-3.336171,4,714.136562
-3.314824,4,714.18364
-2.252184,3,714.211335
-2.260562,3,714.237861
-2.250772,3,714.275413
-2.218057,3,714.302444
-3.318829,4,714.347002
-2.152137,3,714.37432
-2.218791,3,714.407864
-0.045159,1,714.416413
-2.197301,3,714.451462
-1.09971,2,714.473488
-1.117449,2,714.498011
-2.205442,3,714.530688
-1.120387,2,714.551738
-1.130386,2,714.576803
-2.178693,3,714.613004
-2.21606,3,714.643757
-1.108002,2,714.665786
-3.286709,4,714.703962
-1.104521,2,714.730992
-1.082631,2,714.75154
-0.056952,1,714.763553
-2.224348,3,714.796586
-3.376339,4,714.841961
-0.016016,1,714.854977
-1.127411,2,714.875999
-3.388045,4,714.913875
-2.172296,3,714.953538
-1.13227,2,714.979574
-2.188353,3,715.010692
-3.352119,4,715.05179
-1.104887,2,715.080454
-2.211745,3,715.112507
-2.165518,3,715.143543
-1.084718,2,715.162567
-2.24687,3,715.1966
-3.290204,4,715.238159
-0.028937,1,715.246212
-3.443481,4,715.280402
-1.129184,2,715.308444
-3.322325,4,715.341499
-1.09814,2,715.358011
-2.209558,3,715.390567
-3.40968,4,715.436736
-3.428109,4,715.475368
-3.333802,4,715.50991
-1.095241,2,715.533451
-2.235381,3,715.574504
-1.111961,2,715.592525
-0.011188,1,715.601534
-0.049255,1,715.614055
-2.209215,3,715.648755
-3.290909,4,715.6868
-0.050266,1,715.696366
-3.274281,4,715.74293
-1.121869,2,715.766458
-3.327888,4,715.804
-1.128458,2,715.822556
-0.022207,1,715.833568
-3.305374,4,715.879628
-3.24849,4,715.922404
-2.174182,3,715.951435
-2.236559,3,715.985975
-2.200499,3,716.024777
-1.105547,2,716.043553
-0.026358,1,716.063581
-2.254002,3,716.102642
-2.211247,3,716.145529
-2.201801,3,716.183579
-2.192938,3,716.219128
-1.151347,2,716.243452
-2.244211,3,716.286505
-2.229782,3,716.316661
-0.043565,1,716.328184
-1.124317,2,716.346749
-1.092572,2,716.377922
-1.086682,2,716.40046
-0.040818,1,716.412003
-1.068624,2,716.433741
-2.204668,3,716.477997
-2.23598,3,716.511047
-3.333132,4,716.548807
-1.088529,2,716.576431
-3.326139,4,716.642442
-2.263326,3,716.680495
-1.078103,2,716.705025
-2.290691,3,716.740531
-2.233612,3,716.788095
-2.147446,3,716.823638
-2.228688,3,716.860387
-3.319657,4,716.908954
-2.238709,3,716.949563
-2.159025,3,716.986609
-3.309557,4,717.033282
-1.104239,2,717.063496
-2.205276,3,717.109023
-2.217995,3,717.153894
-0.047425,1,717.171599
-2.185712,3,717.205131
-2.201265,3,717.261522
-2.260211,3,717.30808
-2.249242,3,717.346922
-0.01553,1,717.362496
-1.15872,2,717.396535
-2.243351,3,717.43872
-1.119567,2,717.469385
-2.257587,3,717.518955
-2.242787,3,717.553501
-1.144325,2,717.578034
-1.05685,2,717.596559
-2.179885,3,717.638851
-1.142169,2,717.667889
-2.199713,3,717.70345
-0.007948,1,717.714968
-3.330819,4,717.760364
-3.276743,4,717.811936
-3.337325,4,717.877882
-2.282981,3,717.933522
-1.130251,2,717.959056
-2.198225,3,717.998107
-3.380173,4,718.049753
-2.220812,3,718.083381
-3.369239,4,718.130622
-3.36822,4,718.182405
-1.11476,2,718.203428
-2.18066,3,718.23806
-3.334968,4,718.291265
-2.239399,3,718.343467
-2.207107,3,718.38652
-1.144858,2,718.409554
-0.03737,1,718.419063
-1.135173,2,718.453611
-3.381777,4,718.502374
-2.250758,3,718.532481
-2.219903,3,718.56903
-2.279749,3,718.607078
-3.317179,4,718.644795
-2.236058,3,718.682498
-0.015289,1,718.696511
-1.118913,2,718.726635
-2.21658,3,718.76171
-2.209492,3,718.800529
-2.268311,3,718.841606
-2.191478,3,718.88168
-2.279412,3,718.925494
-3.277477,4,718.968051
-2.286785,3,719.006103
-2.214572,3,719.042876
-2.182196,3,719.076474
-3.398842,4,719.119036
-3.371136,4,719.165782
-2.266464,3,719.208961
-1.146049,2,719.232678
-1.05028,2,719.258224
-2.183039,3,719.294526
-1.0716,2,719.324652
-2.194523,3,719.360801
-3.370826,4,719.409895
-2.257325,3,719.457981
-0.051564,1,719.476506
-1.135699,2,719.499538
-2.251428,3,719.540633
-0.028861,1,719.550717
-2.251813,3,719.58435
-2.279838,3,719.629439
-2.13028,3,719.661476
-1.078698,2,719.682501
-2.191999,3,719.717036
-2.230012,3,719.749787
-2.262253,3,719.786392
-1.105208,2,719.809908
-2.235644,3,719.853627
-2.243234,3,719.891334
-0.032297,1,719.900347
-2.203264,3,719.934479
-3.403936,4,719.983549
-2.275567,3,720.024704
-2.220512,3,720.058778
-2.203997,3,720.100453
-0.04075,1,720.118105
-0.044643,1,720.134628
-2.249019,3,720.166675
-2.199299,3,720.207888
-1.068967,2,720.236437
-2.163497,3,720.267971
-0.046248,1,720.280491
-3.320344,4,720.330715
-3.366606,4,720.382364
-1.100826,2,720.4089
-1.078341,2,720.433572
-1.083877,2,720.464618
-0.049772,1,720.482651
-3.367759,4,720.528748
-2.253259,3,720.563683
-2.219811,3,720.593375
-1.123492,2,720.620455
-2.222705,3,720.662502
-3.264747,4,720.708552
-1.080643,2,720.741635
-0.037724,1,720.765754
-2.255654,3,720.803934
-0.045855,1,720.816454
-1.075376,2,720.841498
-2.203445,3,720.885559
-3.292843,4,720.932724
-3.356593,4,720.984326
-3.353163,4,721.031555
-2.154717,3,721.086621
-2.210965,3,721.126761
-2.152534,3,721.164504
-2.215594,3,721.202558
-3.419703,4,721.261502
-2.212378,3,721.300566
-3.319934,4,721.358404
-0.050636,1,721.374559
-1.088605,2,721.403601
-2.274626,3,721.451388
-3.297171,4,721.519029
-2.238306,3,721.566592
-3.421843,4,721.61815
-1.065804,2,721.646356
-0.03468,1,721.657869
-1.146573,2,721.6825
-2.19595,3,721.723676
-1.148051,2,721.74475
-1.097531,2,721.773444
-0.028716,1,721.782452
-0.047459,1,721.801482
-2.193323,3,721.839564
-2.213925,3,721.870602
-2.230683,3,721.901634
-2.174513,3,721.935357
-2.24801,3,721.973405
-1.060193,2,721.996425
-1.097761,2,722.014951
-3.357265,4,722.066012
-2.236724,3,722.102618
-2.169114,3,722.144511
-3.254602,4,722.200139
-1.088309,2,722.231828
-1.122215,2,722.257912
-1.130357,2,722.280448
-1.084126,2,722.301472
-3.308956,4,722.36057
-0.00996,1,722.370581
-0.016286,1,722.381591
-2.154184,3,722.416639
-1.124009,2,722.442821
-2.157494,3,722.485425
-0.019129,1,722.501454
-0.022628,1,722.51597
-2.185314,3,722.558055
-2.192758,3,722.590606
-3.297437,4,722.633779
-1.066116,2,722.661432
-3.270185,4,722.7106
-1.118771,2,722.73663
-2.292299,3,722.769744
-3.323659,4,722.813948
-2.133307,3,722.857109
-1.080316,2,722.878294
-2.23966,3,722.911895
-3.297352,4,722.959506
-2.184602,3,722.996546
-2.231794,3,723.026659
-1.080841,2,723.045692
-1.113838,2,723.066753
-2.293034,3,723.100368
-2.197022,3,723.135454
-2.155547,3,723.174509
-1.112588,2,723.19804
-2.148327,3,723.241619
-0.034703,1,723.250632
-3.330333,4,723.300356
-1.13866,2,723.324417
-2.286509,3,723.365481
-2.304188,3,723.399524
-2.160845,3,723.432724
-2.174512,3,723.471354
-2.24259,3,723.514906
-1.12461,2,723.536538
-2.190793,3,723.573581
-2.184278,3,723.617139
-3.392302,4,723.677916
-1.139379,2,723.701454
-0.05442,1,723.716578
-3.337597,4,723.766648
-1.102337,2,723.798748
-2.290219,3,723.832869
-0.037691,1,723.848958
-3.374797,4,723.89902
-2.23082,3,723.946773
-2.266932,3,723.986002
-2.226514,3,724.018747
-3.373967,4,724.063364
-2.202795,3,724.101415
-2.194075,3,724.13559
-2.228019,3,724.169631
-2.184717,3,724.201408
-2.223914,3,724.244546
-3.316709,4,724.29961
-2.216347,3,724.339722
-3.290716,4,724.400435
-3.324715,4,724.453352
-2.279351,3,724.496399
-2.171748,3,724.53647
-1.121844,2,724.563509
-1.138804,2,724.596548
-2.156449,3,724.632179
-3.367007,4,724.677844
-3.301318,4,724.729546
-1.098226,2,724.756576
-1.087556,2,724.782614
-2.296368,3,724.816649
-2.2627,3,724.853762
-1.07821,2,724.884421
-3.424676,4,724.942778
-3.370582,4,725.004513
-2.198682,3,725.039625
-3.373574,4,725.085782
-1.110422,2,725.108408
-2.245019,3,725.154467
-2.259344,3,725.188007
-2.300865,3,725.230782
-2.24511,3,725.266364
-1.100568,2,725.289391
-3.307739,4,725.335525
-1.122353,2,725.368061
-2.174043,3,725.409112
-2.259028,3,725.441336
-3.399263,4,725.497913
-1.112812,2,725.53048
-3.307295,4,725.580539
-2.272171,3,725.616691
-3.291622,4,725.668799
-2.19267,3,725.715996
-3.34409,4,725.765416
-2.277072,3,725.800466
-1.079043,2,725.823524
-0.050666,1,725.836533
-2.218254,3,725.875583
-2.224102,3,725.915133
-1.159634,2,725.938679
-1.099269,2,725.966368
-2.209756,3,726.008493
-0.052518,1,726.024605
-3.327272,4,726.079989
-2.242481,3,726.13051
-3.347485,4,726.17256
-1.148757,2,726.235328
-0.040631,1,726.275498
-0.036928,1,726.315585
-0.045524,1,726.361753
-1.088372,2,726.449738
-1.090419,2,726.539666
-2.273446,3,726.674745
-2.242552,3,726.791437
-1.15053,2,726.875579
-2.206099,3,726.993454
-1.128595,2,727.080354
-1.091631,2,727.156568
-1.058603,2,727.231408
-1.154015,2,727.311032
-3.374186,4,727.477976
-1.093736,2,727.560624
-2.216699,3,727.748024
-3.349381,4,727.970527
-1.123932,2,728.071605
-3.368602,4,728.232596
-2.266601,3,728.340545
-1.148524,2,728.410642
-3.372928,4,728.611049
-2.248767,3,728.731784
-2.251128,3,728.859364
-0.026833,1,728.903436
-2.209631,3,729.040028
-3.307776,4,729.214626
-2.262289,3,729.329092
-0.020327,1,729.36664
-2.171555,3,729.483438
-2.189945,3,729.602624
-2.273403,3,729.729037
-2.221583,3,729.852489
-3.312184,4,730.014393
-2.186883,3,730.13909
-1.137453,2,730.215456
-0.044257,1,730.25351
-2.203746,3,730.375566
-2.242716,3,730.502494
-0.033864,1,730.552582
-3.336357,4,730.714413
-3.338163,4,730.879928
-3.378746,4,731.05363
-1.086493,2,731.136586
-1.103401,2,731.23049
-0.041334,1,731.285583
-1.109044,2,731.353457
-3.296725,4,731.513777
-2.217067,3,731.629676
-2.211545,3,731.755312
-3.302353,4,731.918936
-0.03618,1,731.964505
-0.027197,1,732.007074
-2.220498,3,732.142454
-0.028258,1,732.184507
-2.253991,3,732.308765
-1.108006,2,732.381495
-2.243975,3,732.486401
-2.258157,3,732.599091
-1.078697,2,732.682472
-2.183664,3,732.806635
-2.259689,3,732.941851
-1.124274,2,733.02148
-2.153014,3,733.141432
-2.203596,3,733.266601
-0.033595,1,733.314331
-2.181493,3,733.426243
-3.334511,4,733.573581
-3.376504,4,733.731658
-0.014831,1,733.782617
-0.053856,1,733.826358
-2.22904,3,733.946531
-2.235298,3,734.061486
-2.150622,3,734.202412
-1.11053,2,734.285726
-1.066035,2,734.370527
-2.160143,3,734.490576
-2.178293,3,734.610012
-1.150299,2,734.69149
-3.263275,4,734.850215
-2.195394,3,734.965473
-1.11741,2,735.06252
-0.011364,1,735.104578
-2.248395,3,735.218695
-0.018345,1,735.261394
-2.161644,3,735.387975
-2.169032,3,735.510067
-1.129983,2,735.584664
-1.078505,2,735.666359
-2.172064,3,735.792326
-2.179069,3,735.90823
-3.332858,4,736.070661
-3.273164,4,736.234511
-1.105356,2,736.318636
-0.053287,1,736.364437
-3.371343,4,736.516929
-2.206601,3,736.636441
-3.322224,4,736.797856
-2.219844,3,736.925595
-1.080971,2,737.010432
-1.099076,2,737.094381
-2.174502,3,737.224649
-1.068016,2,737.300185
-2.288881,3,737.416941
-2.184073,3,737.531957
-3.285973,4,737.688157
-2.243617,3,737.805538
-2.180398,3,737.915012
-2.158506,3,738.03254
-0.032205,1,738.088115
-3.322991,4,738.249462
-2.204844,3,738.371463
-2.188577,3,738.484411
-2.164999,3,738.610467
-1.116969,2,738.686785
-2.256038,3,738.819076
-2.20647,3,738.94334
-2.145979,3,739.076629
-2.225896,3,739.193491
-0.026811,1,739.2369
-3.308475,4,739.399408
-2.128715,3,739.521441
-2.283168,3,739.634659
-2.190255,3,739.75351
-0.043118,1,739.795572
-2.29794,3,739.940514
-2.188856,3,740.052625
-2.150771,3,740.180398
-2.213306,3,740.306451
-0.007417,1,740.360641
-1.058188,2,740.463556
-2.237665,3,740.586517
-2.268978,3,740.696397
-2.287126,3,740.83877
-2.169131,3,740.956439
-2.254437,3,741.089081
-3.309868,4,741.262591
-3.330256,4,741.434789
-2.209822,3,741.55606
-2.31061,3,741.674554
-1.060653,2,741.754592
-3.331175,4,741.939486
-3.302398,4,742.116024
-1.134074,2,742.217103
-2.203215,3,742.33572
-3.283146,4,742.514506
-2.240331,3,742.630017
-2.153423,3,742.748125
-3.255794,4,742.910332
-3.340209,4,743.079961
-1.141823,2,743.161408
-3.39367,4,743.324616
-1.106733,2,743.403428
-3.288409,4,743.56637
-0.051584,1,743.617049
-0.026148,1,743.656632
-3.298138,4,743.802525
-2.200345,3,743.920978
-1.153925,2,743.999489
-2.210917,3,744.112821
-0.032847,1,744.156387
-3.369151,4,744.332702
-2.175382,3,744.460594
-2.241929,3,744.591617
-2.223743,3,744.712552
-2.170087,3,744.831542
-3.318455,4,745.003362
-2.28815,3,745.135186
-1.146895,2,745.214469
-2.238667,3,745.336547
-2.229584,3,745.453705
-2.195274,3,745.575554
-3.329903,4,745.733791
-1.126148,2,745.813543
-3.361516,4,745.951572
-3.311625,4,746.106866
-3.271128,4,746.276484
-1.099607,2,746.379527
-2.198315,3,746.51909
-1.077127,2,746.595484
-0.038071,1,746.638297
-0.050139,1,746.684556
-2.189302,3,746.807947
-0.022055,1,746.849557
-1.072888,2,746.929749
-1.133104,2,747.019054
-2.267765,3,747.139103
-2.183422,3,747.258872
-2.266586,3,747.378654
-2.251991,3,747.517287
-1.089321,2,747.602618
-2.151451,3,747.704464
-0.017679,1,747.740586
-2.243165,3,747.860295
-0.017707,1,747.905591
-3.333504,4,748.074602
-3.403951,4,748.242435
-0.040562,1,748.300536
-2.202039,3,748.48346
-1.120581,2,748.560405
-2.20403,3,748.711624
-2.143251,3,748.840606
-1.097489,2,748.918475
-3.328254,4,749.080422
-2.187472,3,749.209551
-2.214561,3,749.335565
-1.105251,2,749.423402
-2.199354,3,749.553438
-0.026715,1,749.590491
-2.18143,3,749.720694
-2.258817,3,749.845568
-2.285874,3,749.966636
-2.252184,3,750.082445
-2.257595,3,750.211439
-0.047215,1,750.25055
-2.254367,3,750.369456
-2.214832,3,750.490448
-2.296635,3,750.624936
-1.123561,2,750.703405
-1.07068,2,750.780633
-3.427053,4,750.930698
-3.297337,4,751.091624
-1.10221,2,751.171502
-1.118931,2,751.259352
-3.338236,4,751.45343
-2.234236,3,751.590072
-1.07621,2,751.684629
-3.348171,4,751.836588
-1.096148,2,751.910411
-1.083497,2,751.99546
-1.095113,2,752.078865
-3.377086,4,752.247828
-1.075052,2,752.326512
-3.253382,4,752.499445
-2.157887,3,752.628011
-3.303742,4,752.782562
-2.208803,3,752.88958
-3.292831,4,753.060695
-2.288364,3,753.179129
-2.227893,3,753.310473
-1.106668,2,753.388214
-1.102597,2,753.484597
-1.086484,2,753.566394
-2.212932,3,753.683608
-2.261643,3,753.806667
-2.278142,3,753.922532
-1.071287,2,754.006398
-2.184433,3,754.126645
-1.131902,2,754.218966
-3.429209,4,754.383487
-0.023261,1,754.424046
-2.238558,3,754.550371
-3.287643,4,754.715935
-1.131,2,754.795624
-2.223575,3,754.918522
-1.04935,2,754.999561
-3.316747,4,755.164371
-2.251011,3,755.290322
-1.123031,2,755.383533
-2.163634,3,755.509606
-2.233801,3,755.630436
-2.230569,3,755.760664
-3.297427,4,755.918172
-1.074631,2,755.990465
-2.210006,3,756.111746
-3.378669,4,756.281529
-2.271577,3,756.404454
-1.143501,2,756.486395
-2.293095,3,756.648701
-3.374054,4,756.814399
-2.2242,3,756.925143
-3.318126,4,757.075497
-0.025572,1,757.124578
-2.235471,3,757.266466
-1.086076,2,757.345561
-2.152044,3,757.471492
-1.124405,2,757.554559
-1.117317,2,757.646366
-3.415274,4,757.805613
-2.152623,3,757.924631
-2.187711,3,758.023516
-3.30903,4,758.212501
-2.192593,3,758.320702
-2.18599,3,758.441545
-1.065146,2,758.522396
-3.313211,4,758.70441
-3.3046,4,758.849803
-3.319773,4,759.014668
-2.259412,3,759.134567
-1.067393,2,759.236067
-3.31345,4,759.38984
-2.281234,3,759.508771
-2.228592,3,759.651501
-3.390028,4,759.831255
-1.121932,2,759.919843
-2.213006,3,760.029118
-0.005902,1,760.067263
-0.020449,1,760.113419
-2.171255,3,760.244624
-1.08821,2,760.319557
-1.128486,2,760.401516
-2.217976,3,760.524281
-0.040889,1,760.567927
-1.142481,2,760.664639
-3.317716,4,760.852439
-1.09724,2,760.93655
-3.286682,4,761.095514
-1.105813,2,761.186679
-3.31357,4,761.366251
-2.295152,3,761.499392
-2.215104,3,761.620552
-2.258967,3,761.75063
-1.144419,2,761.833494
-2.238421,3,761.956799
-2.251782,3,762.072389
-2.259707,3,762.192613
-2.193875,3,762.315635
-1.123318,2,762.409022
-1.155333,2,762.493712
-2.184306,3,762.626634
-3.33228,4,762.798118
-2.164396,3,762.931988
-2.195278,3,763.039723
-2.1906,3,763.150683
-3.310271,4,763.308082
-1.092645,2,763.394436
-2.223653,3,763.474637
-3.364286,4,763.602684
-2.227535,3,763.793422
-3.292564,4,763.980584
-2.196772,3,764.08445
-0.032649,1,764.115489
-1.089668,2,764.200518
-2.246272,3,764.324975
-1.058381,2,764.416672
-2.17089,3,764.544869
-0.012922,1,764.590207
-3.313809,4,764.76553
-3.334375,4,764.946595
-2.22004,3,765.074537
-2.257739,3,765.192498
-3.411213,4,765.373998
-2.226656,3,765.516627
-2.198745,3,765.656284
-3.324266,4,765.835049
-0.036877,1,765.896415
-3.389187,4,766.056455
-2.28874,3,766.170801
-2.229915,3,766.295315
-0.018223,1,766.340062
-1.13251,2,766.435972
-3.356204,4,766.606553
-2.155254,3,766.722459
-1.103067,2,766.809395
-2.252715,3,766.94449
-3.32919,4,767.104584
-2.163806,3,767.21645
-1.095655,2,767.309021
-2.244095,3,767.430991
-2.268291,3,767.5502
-1.093864,2,767.645721
-2.24416,3,767.754739
-3.355985,4,767.962583
-3.299774,4,768.132698
-0.010265,1,768.191474
-1.134491,2,768.292624
-1.076691,2,768.37564
-2.26565,3,768.504748
-2.168327,3,768.638855
-1.123191,2,768.722097
-2.159549,3,768.856583
-1.076213,2,768.945612
-2.22565,3,769.069607
-3.31281,4,769.215528
-2.207977,3,769.341688
-3.268981,4,769.502513
-1.139015,2,769.59789
-1.119196,2,769.69567
-2.278185,3,769.832695
-3.331344,4,769.98261
-3.392832,4,770.139688
-2.193909,3,770.270417
-1.095721,2,770.344037
-2.150655,3,770.461412
-3.334167,4,770.619447
-1.102565,2,770.708011
-2.26408,3,770.832942
-2.237323,3,770.961551
-2.239145,3,771.090091
-3.371509,4,771.246729
-2.19209,3,771.372514
-2.194311,3,771.49446
-3.370739,4,771.661041
-2.217181,3,771.794468
-3.326076,4,771.96283
-0.012184,1,772.006335
-3.379261,4,772.177933
-2.266596,3,772.300462
-3.293757,4,772.408674
-2.247939,3,772.543622
-2.250722,3,772.655416
-3.307702,4,772.846545
-0.011791,1,772.892624
-1.084887,2,772.976563
-1.084405,2,773.044775
-1.10473,2,773.144703
-2.262967,3,773.266563
-2.16452,3,773.400316
-1.102028,2,773.4789
-2.276393,3,773.614459
-1.09077,2,773.699505
-1.090542,2,773.802599
-3.427059,4,773.97263
-1.110409,2,774.06941
-1.116102,2,774.132014
-2.199071,3,774.255627
-0.031538,1,774.285783
-1.052777,2,774.376394
-2.227432,3,774.518109
-0.045991,1,774.561451
-2.216304,3,774.662615
-3.388892,4,774.85549
-3.311762,4,775.028995
-2.172832,3,775.179627
-1.10831,2,775.263605
-3.327769,4,775.426081
-2.25379,3,775.552348
-3.376605,4,775.651619
-1.150461,2,775.69641
-3.306392,4,775.842808
-2.238855,3,775.950868
-3.320525,4,776.135723
-0.01863,1,776.173568
-1.08703,2,776.255275
-2.256051,3,776.369489
-2.16421,3,776.485524
-2.180726,3,776.60255
-0.009602,1,776.633847
-1.113245,2,776.72465
-2.269875,3,776.857886
-2.218206,3,776.99249
-3.288632,4,777.181093
-1.134568,2,777.25983
-2.205655,3,777.396481
-1.109611,2,777.476407
-2.218759,3,777.518976
-3.316395,4,777.639892
-2.217659,3,777.761384
-0.038217,1,777.78943
-1.102375,2,777.87546
-3.47251,4,778.033717
-1.051958,2,778.123561
-3.32228,4,778.281584
-0.036228,1,778.320327
-2.215795,3,778.438753
-2.219423,3,778.578808
-2.22087,3,778.688061
-3.302602,4,778.852817
-1.09425,2,778.94672
-2.14924,3,779.096612
-0.033176,1,779.148015
-3.34157,4,779.325587
-0.049045,1,779.368691
-0.027728,1,779.41152
-2.251556,3,779.541738
-1.131825,2,779.632675
-2.224038,3,779.763807
-2.170142,3,779.889419
-0.032174,1,779.943027
-2.238147,3,780.077942
-2.173982,3,780.211357
-2.257152,3,780.352395
-1.140761,2,780.434038
-1.09808,2,780.51259
-3.329401,4,780.682417
-3.364167,4,780.856669
-2.251552,3,780.985539
-2.256275,3,781.109533
-1.103106,2,781.173738
-2.261842,3,781.311549
-3.332594,4,781.485535
-2.171995,3,781.612477
-2.224584,3,781.729897
-1.091164,2,781.82008
-2.202175,3,781.941676
-0.026139,1,781.985548
-2.258943,3,782.067905
-3.375977,4,782.208702
-0.023271,1,782.236473
-2.248017,3,782.371429
-2.248101,3,782.480242
-2.222082,3,782.611523
-2.196314,3,782.716492
-1.139578,2,782.803628
-2.221428,3,782.884619
-2.213391,3,782.989625
-1.112779,2,783.056684
-3.431636,4,783.555401
-2.169988,3,783.648311
-3.371553,4,783.772547
-3.278846,4,783.931126
-0.035572,1,783.961578
-3.271004,4,784.121624
-3.325026,4,784.30452
-3.301368,4,784.452472
-2.195974,3,784.565118
-1.134699,2,784.64494
-2.197043,3,784.748026
-1.156335,2,784.807942
-1.10434,2,784.872533
-3.301854,4,785.010441
-0.042705,1,785.043777
-2.247218,3,785.135387
-1.089952,2,785.214576
-1.057939,2,785.292499
-2.291773,3,785.348722
-1.150686,2,785.411028
-2.161661,3,785.493611
-2.204379,3,785.618132
-1.123768,2,785.683441
-0.009362,1,785.717997
-2.245487,3,785.865561
-2.226138,3,785.979918
-1.071197,2,786.029443
-3.276213,4,786.159006
-3.297581,4,786.307279
-2.30809,3,786.416575
-1.113559,2,786.504601
-2.272856,3,786.628672
-3.311507,4,786.763623
-3.338375,4,786.900126
-2.255717,3,786.976868
-1.123681,2,787.066453
-3.294337,4,787.256498
-2.227142,3,787.371473
-1.103388,2,787.469575
-2.231259,3,787.615459
-1.103917,2,787.705619
-2.207244,3,787.855651
-1.096058,2,787.948969
-1.087216,2,788.039613
-0.053173,1,788.086432
-2.261428,3,788.216591
-3.355156,4,788.386641
-0.035846,1,788.430444
-2.244075,3,788.565548
-2.211801,3,788.689041
-2.16736,3,788.838074
-2.244134,3,788.99866
-3.318916,4,789.182566
-2.272636,3,789.313507
-2.224919,3,789.428797
-2.192305,3,789.543658
-2.166565,3,789.68199
-2.191143,3,789.826631
-2.166427,3,789.954611
-2.192687,3,790.08246
-1.122639,2,790.177943
-2.258337,3,790.308002
-1.136122,2,790.402522
-2.167729,3,790.526554
-2.154886,3,790.661702
-2.259825,3,790.810534
-1.12859,2,790.912528
-2.263497,3,791.048851
-2.288628,3,791.181471
-2.172931,3,791.312572
-3.350534,4,791.479397
-1.133109,2,791.562678
-2.23654,3,791.696568
-2.248044,3,791.814532
-3.333947,4,791.980555
-3.414627,4,792.137127
-2.176924,3,792.235098
-0.01631,1,792.262733
-0.009655,1,792.28941
-2.205384,3,792.385427
-1.133524,2,792.471634
-2.176572,3,792.578147
-1.086252,2,792.654883
-3.282247,4,792.805445
-1.093644,2,792.889426
-3.424166,4,793.050619
-2.213211,3,793.149005
-2.21622,3,793.245268
-3.44291,4,793.413499
-3.384869,4,793.564392
-1.11877,2,793.651638
-2.280505,3,793.76879
-2.173403,3,793.866737
-1.080888,2,793.940709
-1.077949,2,794.012505
-1.105007,2,794.072772
-1.101463,2,794.148586
-3.378616,4,794.300182
-2.169324,3,794.399897
-1.124559,2,794.46155
-2.256327,3,794.584485
-0.034987,1,794.623562
-2.19313,3,794.72147
-2.182759,3,794.818728
-3.348934,4,794.96912
-0.011747,1,795.010407
-0.014166,1,795.043973
-2.198508,3,795.154582
-1.142559,2,795.236948
-3.361704,4,795.37459
-2.263638,3,795.457949
-2.246302,3,795.541722
-2.270284,3,795.631543
-2.179804,3,795.73051
-2.237649,3,795.842253
-1.083861,2,795.91238
-3.271566,4,796.079395
-1.083415,2,796.16243
-3.314656,4,796.325634
-1.092056,2,796.391588
-1.122858,2,796.471483
-2.183746,3,796.572442
-2.184304,3,796.682571
-3.328579,4,796.804546
-0.021413,1,796.844644
-2.237778,3,796.95369
-2.278658,3,797.068293
-1.103256,2,797.132903
-3.299778,4,797.302602
-2.183013,3,797.431638
-3.424607,4,797.585829
-1.120081,2,797.67078
-1.126937,2,797.745763
-3.282633,4,797.890716
-2.285202,3,798.002459
-3.3793,4,798.143648
-2.220447,3,798.268708
-0.034162,1,798.304538
-1.118924,2,798.374491
-1.130681,2,798.440111
-3.343468,4,798.610279
-3.362195,4,798.750546
-3.318991,4,798.882583
-2.240363,3,798.996734
-2.279828,3,799.100471
-1.117721,2,799.173308
-2.234797,3,799.283144
-3.323378,4,799.434659
-2.212031,3,799.552725
-3.372693,4,799.692578
-2.220431,3,799.802489
-1.102116,2,799.881854
-1.155188,2,799.954491
-2.254222,3,800.066302
-2.274159,3,800.164374
-3.312788,4,800.300381
-2.216653,3,800.402522
-3.292791,4,800.548045
-2.244272,3,800.675348
-2.222206,3,800.80145
-1.13428,2,800.886381
-2.224963,3,800.995459
-1.131144,2,801.078999
-3.329004,4,801.236088
-2.290681,3,801.351549
-2.216832,3,801.459704
-3.334851,4,801.619471
-1.068495,2,801.686655
-2.162713,3,801.811495
-2.292678,3,801.964425
-1.124915,2,802.050079
-1.112239,2,802.121402
-2.208182,3,802.262574
-3.325565,4,802.42481
-2.185913,3,802.520451
-0.048558,1,802.548491
-2.230117,3,802.665947
-2.233334,3,802.754977
-3.436745,4,802.893601
-2.205486,3,802.981585
-0.026416,1,803.026656
-2.212796,3,803.115476
-1.102583,2,803.192578
-1.129502,2,803.25653
-3.34675,4,803.40892
-2.248317,3,803.496519
-2.252325,3,803.606061
-2.206049,3,803.679725
-1.092714,2,803.746535
-2.208277,3,803.845381
-3.345533,4,803.963073
-0.040398,1,803.983781
-3.321494,4,804.11795
-2.219466,3,804.19159
-0.043888,1,804.218121
-1.148142,2,804.285595
-1.135731,2,804.34649
-2.195289,3,804.434631
-2.223215,3,804.546534
-1.13553,2,804.612631
-1.06794,2,804.675417
-3.404565,4,804.786381
-2.251406,3,804.887886
-3.320951,4,805.013396
-0.038094,1,805.056964
-1.072642,2,805.135454
-1.136541,2,805.233479
-2.191173,3,805.336881
-2.162455,3,805.450723
-2.179958,3,805.553082
-1.125084,2,805.635454
-2.256101,3,805.746638
-2.257141,3,805.843562
-2.288308,3,805.952574
-3.346974,4,806.066438
-1.100908,2,806.131543
-3.313939,4,806.25912
-3.285424,4,806.388043
-3.307882,4,806.546912
-2.277272,3,806.650559
-1.110226,2,806.716688
-2.266323,3,806.819436
-0.039103,1,806.864578
-1.134231,2,806.918964
-0.046447,1,806.944499
-0.029717,1,806.973545
-0.038606,1,807.000243
-2.223141,3,807.092492
-0.048807,1,807.132552
-1.093732,2,807.186584
-2.2344,3,807.302743
-3.328827,4,807.429881
-1.08776,2,807.506533
-1.071862,2,807.566623
-2.236024,3,807.650458
-2.169627,3,807.731572
-1.112545,2,807.790531
-3.331777,4,807.905544
-2.226836,3,807.99487
-3.290918,4,808.114573
-2.198,3,808.196543
-2.212726,3,808.303594
-3.289217,4,808.418061
-1.125884,2,808.481684
-2.283299,3,808.582122
-3.315698,4,808.698067
-2.196979,3,808.776515
-2.202609,3,808.866801
-3.33135,4,809.001539
-3.351632,4,809.124794
-2.240001,3,809.211509
-2.279011,3,809.30335
-2.256141,3,809.418778
-1.096361,2,809.481802
-0.028801,1,809.518038
-1.058483,2,809.580203
-3.342097,4,809.714387
-1.115441,2,809.770481
-3.307641,4,809.886491
-2.190252,3,809.974631
-1.135554,2,810.03547
-1.094515,2,810.098078
-3.319304,4,810.224432
-2.261236,3,810.330779
-2.22026,3,810.430641
-2.270874,3,810.53144
-2.216303,3,810.634394
-2.200421,3,810.73342
-1.13175,2,810.791527
-0.002552,1,810.821574
-3.269254,4,810.956551
-2.173898,3,811.044639
-3.296149,4,811.179605
-0.037028,1,811.208804
-2.190546,3,811.284543
-2.227924,3,811.375448
-1.13264,2,811.448095
-1.106066,2,811.507923
-3.31768,4,811.625611
-1.134325,2,811.681489
-2.194772,3,811.779018
-3.32223,4,811.886577
-2.192231,3,811.982527
-2.201019,3,812.091486
-0.039065,1,812.124536
-1.098343,2,812.188673
-3.297849,4,812.33159
-3.458709,4,812.46144
-0.031275,1,812.502501
-1.115026,2,812.571357
-0.050655,1,812.596394
-3.286377,4,812.706605
-2.224013,3,812.791473
-2.180239,3,812.879037
-2.203087,3,812.961847
-2.270871,3,813.048615
-2.176912,3,813.146759
-1.072802,2,813.207987
-3.383965,4,813.336532
-1.099715,2,813.405633
-3.259416,4,813.520258
-1.093508,2,813.57978
-1.089656,2,813.640537
-3.403648,4,813.778056
-2.24068,3,813.879614
-2.191854,3,813.969808
-3.328218,4,814.101503
-1.068545,2,814.150088
-0.007516,1,814.191639
-2.231965,3,814.288756
-2.261688,3,814.385473
-1.087029,2,814.462433
-1.116622,2,814.539054
-2.257644,3,814.636597
-1.126824,2,814.705394
-2.246264,3,814.801555
-2.145863,3,814.893247
-1.05804,2,814.965716
-0.038195,1,815.000183
-0.011118,1,815.029122
-3.286606,4,815.160622
-1.129574,2,815.235509
-2.18178,3,815.340314
-1.152103,2,815.428983
-1.130851,2,815.524585
-1.155127,2,815.617985
-3.328957,4,815.784948
-3.321635,4,815.914492
-3.32423,4,816.114435
-2.170155,3,816.266728
-2.219331,3,816.405419
-2.18967,3,816.543006
-1.120653,2,816.643979
-1.13407,2,816.738902
-3.386197,4,816.86662
-2.18341,3,816.971709
-2.181804,3,817.091385
-1.127149,2,817.154597
-2.209467,3,817.272511
-1.118365,2,817.35189
-3.345917,4,817.522471
-2.288506,3,817.623446
-0.044504,1,817.649994
-2.234856,3,817.702369
-2.229977,3,817.786389
-2.191438,3,817.896397
-1.078829,2,817.969587
-2.184814,3,818.066536
-1.122698,2,818.131075
-2.167329,3,818.224593
-0.016773,1,818.258661
-1.081464,2,818.317972
-2.217051,3,818.41787
-2.162094,3,818.539763
-2.243835,3,818.628147
-1.098644,2,818.709087
-2.23618,3,818.815517
-3.291691,4,818.931548
-2.227505,3,819.043019
-2.210291,3,819.133546
-2.264399,3,819.227983
-3.453143,4,819.33032
-3.324992,4,819.456951
-1.107027,2,819.508919
-2.185299,3,819.606503
-2.263175,3,819.71238
-2.256057,3,819.791539
-1.078637,2,819.850961
-1.06927,2,819.913991
-2.16924,3,820.002466
-3.423928,4,820.129419
-0.042175,1,820.158465
-2.129158,3,820.234983
-3.290197,4,820.366703
-2.254564,3,820.413498
-2.183059,3,820.503575
-2.21345,3,820.607884
-3.330984,4,820.702735
-1.126588,2,820.750064
-3.294396,4,820.865718
-0.017401,1,820.898997
-3.258316,4,821.003594
-1.101143,2,821.056706
-2.205372,3,821.143077
-1.12379,2,821.202553
-3.314216,4,821.306526
-3.302347,4,821.409014
-0.008954,1,821.451097
-3.288839,4,821.568115
-3.375448,4,821.673552
-2.203927,3,821.742903
-1.07436,2,821.798663
-1.052636,2,821.85453
-0.018262,1,821.886583
-3.33465,4,822.00174
-2.175932,3,822.081532
-1.113711,2,822.143631
-1.136687,2,822.192842
-2.191586,3,822.273608
-0.027446,1,822.302741
-0.045131,1,822.338899
-3.249572,4,822.450079
-3.301067,4,822.570451
-3.26829,4,822.690659
-0.038975,1,822.721827
-1.087145,2,822.783574
-2.221046,3,822.873555
-3.305523,4,822.970395
-3.349849,4,823.094796
-0.025091,1,823.121395
-3.446804,4,823.230497
-2.243119,3,823.311458
-0.037162,1,823.343007
-1.122449,2,823.399572
-0.030241,1,823.425607
-3.292116,4,823.541509
-1.113819,2,823.611397
-2.229875,3,823.704579
-2.230948,3,823.797155
-3.279124,4,823.919611
-2.154905,3,824.003594
-1.143248,2,824.05295
-3.473936,4,824.160455
-2.156043,3,824.231593
-3.367526,4,824.360653
-1.107174,2,824.426054
-2.139156,3,824.511628
-3.375631,4,824.635771
-2.253254,3,824.724603
-2.250192,3,824.793529
-3.294862,4,824.917993
-2.274959,3,825.015442
-2.140427,3,825.121839
-0.035365,1,825.159691
-0.050391,1,825.201376
-3.283417,4,825.344943
-2.247032,3,825.485493
-3.333761,4,825.638045
-1.150488,2,825.711519
-3.370376,4,825.808313
-3.358689,4,825.956682
-2.171649,3,826.076386
-1.152446,2,826.169903
-3.479771,4,826.347127
-2.217979,3,826.472416
-3.307682,4,826.614513
-1.107258,2,826.671702
-1.109526,2,826.75162
-0.058065,1,826.794261
-2.170793,3,826.892481
-1.093448,2,826.97979
-1.099348,2,827.06007
-2.188106,3,827.211623
-0.021323,1,827.249724
-2.175224,3,827.37962
-2.256571,3,827.509566
-2.190202,3,827.646496
-3.359283,4,827.779133
-2.214017,3,827.888931
-1.129491,2,827.979669
-0.038343,1,828.013533
-2.272475,3,828.105528
-1.10371,2,828.186259
-2.257484,3,828.290125
-3.405535,4,828.432579
-2.262903,3,828.539126
-2.158802,3,828.651675
-2.237348,3,828.733469
-3.393833,4,828.880384
-1.079737,2,828.958655
-2.239828,3,829.082419
-0.014166,1,829.120105
-2.163953,3,829.276352
-1.126254,2,829.365568
-2.169929,3,829.497098
-0.017101,1,829.540384
-2.17017,3,829.674536
-3.360438,4,829.811567
-3.345687,4,829.960668
-2.179553,3,830.06887
-3.347871,4,830.242838
-1.049708,2,830.309412
-2.197804,3,830.385547
-0.025589,1,830.421624
-3.275322,4,830.543472
-3.353041,4,830.672553
-2.185612,3,830.765508
-2.187333,3,830.847984
-0.037333,1,830.882463
-0.050505,1,830.913511
-1.065464,2,830.98063
-2.245208,3,831.089716
-2.191147,3,831.168122
-2.272294,3,831.259006
-2.215752,3,831.341266
-3.364654,4,831.457108
-3.349121,4,831.582627
-2.262037,3,831.668092
-2.291582,3,831.746528
-1.092623,2,831.798106
-2.227799,3,831.896621
-3.283625,4,832.012798
-2.176789,3,832.11063
-2.188857,3,832.192497
-2.164288,3,832.266608
-2.239746,3,832.362435
-1.074953,2,832.411522
-3.293207,4,832.516872
-1.104139,2,832.576619
-2.273361,3,832.666409
-1.060323,2,832.731523
-3.27638,4,832.850514
-1.140863,2,832.923641
-3.370991,4,833.057086
-2.23241,3,833.145523
-1.071186,2,833.201529
-1.106084,2,833.260139
-1.082142,2,833.318125
-0.011732,1,833.345206
-1.11798,2,833.417996
-2.153934,3,833.513322
-3.351194,4,833.636513
-2.149698,3,833.733722
-2.141967,3,833.823499
-2.199329,3,833.920568
-1.111708,2,833.983629
-3.431805,4,834.090315
-2.180581,3,834.176809
-0.044841,1,834.210615
-2.227967,3,834.305446
-3.290009,4,834.415576
-2.236901,3,834.510635
-2.183983,3,834.621501
-2.175985,3,834.706484
-1.0794,2,834.756065
-3.307507,4,834.896434
-2.175384,3,834.994542
-3.353112,4,835.105439
-2.222586,3,835.194349
-1.127112,2,835.256952
-1.130169,2,835.33355
-2.252576,3,835.433537
-2.238216,3,835.523527
-3.289468,4,835.646635
-3.319627,4,835.769098
-3.464841,4,835.872481
-1.106681,2,835.91354
-1.10441,2,835.970782
-1.135192,2,836.046058
-0.036539,1,836.074317
-2.220114,3,836.149494
-2.179682,3,836.252958
-0.019561,1,836.326535
-3.284281,4,836.430514
-2.217842,3,836.499004
-1.128867,2,836.561142
-1.063638,2,836.622486
-2.159637,3,836.705505
-3.333392,4,836.809609
-2.20741,3,836.880636
-1.087829,2,836.945663
-2.231287,3,837.014609
-2.272577,3,837.096676
-1.097452,2,837.152813
-0.050994,1,837.185423
-2.259627,3,837.280859
-1.134534,2,837.329533
-3.311336,4,837.433434
-3.358894,4,837.555032
-1.123072,2,837.601638
-2.16826,3,837.686647
-3.388717,4,837.801355
-3.298644,4,837.899642
-2.175668,3,837.98104
-2.194014,3,838.061344
-3.256234,4,838.181623
-2.168824,3,838.259129
-2.173705,3,838.342642
-1.111913,2,838.395065
-2.205184,3,838.461674
-2.217712,3,838.551464
-2.191321,3,838.63543
-2.253194,3,838.714551
-1.136317,2,838.766681
-3.341538,4,838.860991
-1.072221,2,838.912365
-2.156338,3,838.986612
-1.085283,2,839.02903
-1.091513,2,839.096631
-2.212217,3,839.178239
-2.158272,3,839.257029
-3.314695,4,839.338031
-0.009095,1,839.370722
-3.31447,4,839.472606
-1.086508,2,839.523427
-2.239255,3,839.606795
-1.113744,2,839.656057
-2.251831,3,839.727921
-3.325606,4,839.836549
-2.291999,3,839.91355
-3.297254,4,840.036489
-2.223382,3,840.121485
-1.134209,2,840.171649
-3.43344,4,840.285604
-1.077073,2,840.343116
-0.002721,1,840.370863
-2.263362,3,840.471582
-1.120567,2,840.519748
-0.035417,1,840.55591
-2.211572,3,840.640271
-2.187631,3,840.722497
-2.264991,3,840.8164
-3.28043,4,840.935383
-1.141785,2,840.994634
-2.249145,3,841.08686
-1.123074,2,841.152574
-1.113884,2,841.216784
-2.176947,3,841.298653
-3.357992,4,841.421355
-2.202826,3,841.50456
-1.073109,2,841.583383
-1.102803,2,841.637966
-1.119406,2,841.705341
-3.355043,4,841.822631
-2.234213,3,841.929621
-2.234682,3,842.04661
-3.416942,4,842.216352
-3.360644,4,842.355406
-3.396462,4,842.480766
-2.261969,3,842.580096
-3.28609,4,842.716465
-2.215217,3,842.81463
-1.064195,2,842.87641
-1.080175,2,842.935391
-2.25478,3,843.021446
-2.189107,3,843.099354
-3.341124,4,843.210488
-0.020954,1,843.23903
-2.239352,3,843.322402
-2.152378,3,843.396624
-3.280502,4,843.514458
-2.234277,3,843.599348
-2.29748,3,843.685602
-2.215531,3,843.785594
-1.131691,2,843.836349
-1.161781,2,843.90132
-1.131714,2,843.95141
-2.260541,3,844.048036
-0.034766,1,844.082627
-2.195522,3,844.162805
-2.209022,3,844.251608
-3.321293,4,844.371116
-0.006869,1,844.399762
-3.297461,4,844.513661
-3.287717,4,844.634562
-0.039075,1,844.658106
-1.118938,2,844.722507
-1.104738,2,844.78329
-1.108283,2,844.838135
-2.2313,3,844.916558
-2.213674,3,844.994447
-2.232504,3,845.066605
-3.351805,4,845.183645
-0.040247,1,845.219878
-2.226976,3,845.29061
-3.29867,4,845.39163
-1.070195,2,845.445153
-2.19764,3,845.528
-2.224149,3,845.614212
-0.040922,1,845.643309
-2.192018,3,845.728065
-3.354518,4,845.851584
-1.080176,2,845.915439
-2.241307,3,845.983546
-3.281472,4,846.103448
-2.252704,3,846.178079
-0.032028,1,846.214648
-0.04743,1,846.238825
-2.28516,3,846.319109
-3.346116,4,846.432887
-1.126621,2,846.494477
-2.224031,3,846.560596
-2.178555,3,846.640391
-2.192467,3,846.731535
-1.132256,2,846.796131
-2.140616,3,846.87803
-2.202363,3,846.959605
-2.162681,3,847.043542
-2.210477,3,847.121534
-1.095415,2,847.172616
-2.166617,3,847.246482
-2.19589,3,847.320622
-2.242241,3,847.401529
-2.198456,3,847.48367
-2.169275,3,847.5691
-2.171639,3,847.648128
-1.115196,2,847.709565
-1.147581,2,847.768294
-2.223994,3,847.850525
-1.118048,2,847.904089
-2.218509,3,847.989834
-1.103123,2,848.05062
-2.215781,3,848.136496
-1.133396,2,848.190594
-1.130342,2,848.258394
-1.09855,2,848.309082
-2.228547,3,848.402539
-2.228712,3,848.490487
-1.082101,2,848.540607
-2.221901,3,848.621484
-2.223441,3,848.7114
-0.018157,1,848.742454
-0.032187,1,848.785522
-1.125851,2,848.845518
-1.107186,2,848.909641
-1.133256,2,848.968246
-0.046195,1,848.995455
-2.170168,3,849.08458
-2.242027,3,849.18475
-0.006811,1,849.22005
-2.224691,3,849.333382
-3.400186,4,849.441768
-3.324992,4,849.56987
-2.273956,3,849.704846
-2.179617,3,849.806436
-2.261514,3,849.890629
-3.418663,4,849.998913
-0.021003,1,850.033481
-2.242549,3,850.144771
-2.223969,3,850.246682
-3.372537,4,850.372952
-2.182917,3,850.469771
-1.110855,2,850.538047
-2.192275,3,850.640471
-3.329779,4,850.778005
-0.046544,1,850.8096
-2.232909,3,850.927918
-2.217376,3,851.034544
-3.348467,4,851.186563
-2.222287,3,851.33558
-2.194342,3,851.46462
-2.251325,3,851.568102
-0.022357,1,851.600306
-2.19736,3,851.70363
-2.255627,3,851.824539
-2.265189,3,851.949524
-2.248152,3,852.078065
-3.316723,4,852.283599
-2.211164,3,852.446393
-2.240252,3,852.586746
-2.229695,3,852.73339
-1.121039,2,852.816592
-3.459002,4,853.009594
-1.086413,2,853.111792
-1.08688,2,853.205737
-3.361268,4,853.415718
-1.119018,2,853.535429
-0.030506,1,853.584736
-2.168059,3,853.685348
-1.138083,2,853.767014
-2.184224,3,853.886698
-2.232703,3,854.032552
-2.264217,3,854.189991
-3.297869,4,854.384634
-3.33389,4,854.596482
-3.430255,4,854.78877
-1.150385,2,854.890359
-1.136223,2,854.978053
-3.284259,4,855.174785
-3.315853,4,855.372974
-2.189624,3,855.511588
-2.204509,3,855.643489
-3.314814,4,855.791866
-1.091853,2,855.853613
-1.146824,2,855.930511
-1.112225,2,856.003419
-0.030456,1,856.040238
-2.17993,3,856.144412
-1.119399,2,856.206584
-3.3057,4,856.333633
-2.255053,3,856.434622
-2.174784,3,856.531403
-2.183605,3,856.622625
-1.09608,2,856.693479
-2.264867,3,856.801763
-1.076804,2,856.865307
-2.190401,3,856.962564
-2.189992,3,857.070644
-2.269523,3,857.186712
-2.189988,3,857.296623
-0.014653,1,857.335809
-2.18716,3,857.454616
-1.087726,2,857.536516
-1.120435,2,857.627921
-1.133011,2,857.719417
-3.260776,4,857.827903
-3.34381,4,857.946638
-2.201654,3,858.050505
-1.104299,2,858.112531
-2.203144,3,858.203626
-1.144843,2,858.266089
-2.208614,3,858.343528
-3.259434,4,858.456532
-0.038103,1,858.48671
-3.325636,4,858.591567
-1.079587,2,858.655433
-0.043285,1,858.683562
-2.282132,3,858.785846
-2.285323,3,858.876081
-2.254182,3,858.961483
-3.325332,4,859.088196
-2.174173,3,859.171953
-3.288162,4,859.321673
-2.212935,3,859.422394
-2.224864,3,859.520625
-3.342915,4,859.63262
-1.126766,2,859.712618
-1.127472,2,859.791722
-1.106982,2,859.85395
-1.095055,2,859.920549
-2.257694,3,860.0381
-1.061968,2,860.116711
-0.012694,1,860.164043
-1.084527,2,860.224444
-1.101422,2,860.38657
-3.36274,4,860.542522
-1.079228,2,860.601466
-2.179185,3,860.70244
-0.034316,1,860.778609
-1.097359,2,860.878033
-2.192463,3,860.973094
-3.290831,4,861.108914
-0.05484,1,861.152508
-2.163798,3,861.242809
-2.229118,3,861.373006
-2.185543,3,861.495605
-3.341944,4,861.644576
-2.236485,3,861.762382
-2.26826,3,861.871631
-1.099012,2,861.945492
-3.311047,4,862.108936
-2.216171,3,862.215527
-3.364409,4,862.341549
-3.331089,4,862.463537
-2.226434,3,862.578715
-3.28148,4,862.706637
-3.408095,4,862.824663
-1.058345,2,862.892435
-3.334908,4,863.023527
-1.163112,2,863.09392
-3.428561,4,863.21661
-2.262524,3,863.323684
-2.155051,3,863.433484
-3.357174,4,863.565127
-0.02433,1,863.591358
-2.221646,3,863.676003
-1.13407,2,863.746412
-2.234846,3,863.842802
-2.196216,3,863.93459
-2.211589,3,864.015473
-2.230562,3,864.115466
-1.091967,2,864.176704
-3.37127,4,864.296723
-3.29342,4,864.449395
-3.391154,4,864.622403
-2.247171,3,864.741629
-1.054218,2,864.828929
-2.244975,3,864.951531
-3.37261,4,865.120513
-1.081595,2,865.20455
-2.227915,3,865.34158
-2.293076,3,865.486407
-2.201686,3,865.611422
-3.2848,4,865.812604
-2.25433,3,865.958893
-2.246406,3,866.106388
-2.220397,3,866.269087
-0.005885,1,866.306408
-3.339193,4,866.511405
-3.314558,4,866.678032
-3.318408,4,866.884269
-1.110231,2,866.975057
-1.104806,2,867.054463
-2.218305,3,867.179977
-3.284393,4,867.371506
-1.06606,2,867.45364
-2.286226,3,867.580139
-2.158244,3,867.712593
-3.282321,4,867.879112
-0.005991,1,867.926511
-2.260002,3,868.056551
-0.013434,1,868.092657
-0.048224,1,868.144535
-1.080324,2,868.207956
-1.094294,2,868.262551
-1.101366,2,868.342462
-0.01454,1,868.369006
-3.371757,4,868.489128
-3.394768,4,868.675685
-1.095386,2,868.786738
-0.027449,1,868.820763
-2.248544,3,868.948355
-2.263547,3,869.086689
-1.140015,2,869.182441
-2.250453,3,869.339489
-2.25174,3,869.466105
-2.187604,3,869.573641
-2.210215,3,869.716643
-0.029904,1,869.762361
-3.253798,4,869.87338
-1.093316,2,869.917962
-1.108951,2,869.980744
-1.121706,2,870.082091
-2.21677,3,870.163464
-1.070899,2,870.221312
-1.073153,2,870.260369
-2.199812,3,870.410612
-1.097546,2,870.490519
-2.200258,3,870.592598
-1.132785,2,870.659827
-2.19449,3,870.803579
-3.27808,4,870.967166
-3.27885,4,871.135511
-2.174096,3,871.30056
-1.102815,2,871.420105
-2.261781,3,871.542606
-3.366633,4,871.667025
-3.364511,4,871.825542
-3.343604,4,871.95101
-3.307108,4,872.094656
-2.196107,3,872.225987
-1.123669,2,872.305368
-1.119387,2,872.371987
-0.057273,1,872.400375
-2.203957,3,872.532584
-2.197579,3,872.649442
-1.121666,2,872.738
-1.149701,2,872.76906
-0.006036,1,872.80969
-2.232545,3,872.895463
-1.161844,2,872.992698
-2.229497,3,873.15013
-2.179153,3,873.269122
-3.358296,4,873.479697
-1.089708,2,873.579029
-2.243939,3,873.715514
-2.20226,3,873.860608
-2.219912,3,873.986518
-2.209509,3,874.096413
-3.283904,4,874.227063
-2.207406,3,874.352428
-2.276645,3,874.476518
-2.195688,3,874.624632
-0.049942,1,874.670583
-0.047773,1,874.722683
-2.178653,3,874.871004
-3.279462,4,875.072672
-1.109645,2,875.165123
-2.264571,3,875.305549
-2.205841,3,875.440461
-2.219509,3,875.584374
-2.293233,3,875.7354
-1.118031,2,875.831575
-2.183717,3,875.963638
-2.267045,3,876.101629
-1.079255,2,876.184705
-1.123848,2,876.284702
-1.146272,2,876.384716
-3.267877,4,876.561509
-1.08177,2,876.639432
-3.277124,4,876.835675
-1.07001,2,876.920623
-1.123666,2,877.008108
-2.27217,3,877.14152
-2.264943,3,877.27273
-2.258168,3,877.399877
-2.264128,3,877.544481
-3.312836,4,877.72652
-3.313944,4,877.880707
-2.296583,3,878.001373
-0.0444,1,878.04645
-1.132521,2,878.126627
-1.133884,2,878.19254
-3.301302,4,878.320521
-3.388734,4,878.500536
-2.214231,3,878.597925
-2.151477,3,878.718164
-2.216376,3,878.826537
-1.145098,2,878.910516
-3.266344,4,879.040564
-3.331706,4,879.174734
-2.295904,3,879.266115
-2.247755,3,879.378514
-1.142559,2,879.440037
-3.285096,4,879.598212
-3.31859,4,879.795376
-2.172729,3,879.926644
-0.037665,1,879.973008
-2.256162,3,880.122456
-2.219551,3,880.261537
-3.303116,4,880.468508
-1.105045,2,880.567132
-3.306681,4,880.75162
-2.207098,3,880.905422
-3.296719,4,881.096602
-1.127096,2,881.176597
-2.157624,3,881.321821
-2.255643,3,881.463545
-1.129115,2,881.57807
-2.242446,3,881.708126
-3.279455,4,881.912554
-2.202137,3,882.048676
-2.16381,3,882.201351
-3.296663,4,882.390697
-0.044095,1,882.442772
-3.377026,4,882.640637
-3.364369,4,882.834638
-2.209391,3,882.988857
-1.132761,2,883.08279
-2.218443,3,883.248928
-2.221577,3,883.389525
-2.169426,3,883.541589
-1.06547,2,883.631464
-2.271119,3,883.788863
-1.107929,2,883.898962
-2.241254,3,884.039399
-2.29158,3,884.174613
-2.265662,3,884.274556
-3.367936,4,884.418972
-0.018692,1,884.452532
-2.179237,3,884.585665
-2.217289,3,884.738094
-2.244617,3,884.873065
-1.130268,2,884.965575
-2.265141,3,885.105656
-1.155122,2,885.206774
-2.221679,3,885.339401
-2.202358,3,885.469952
-3.31553,4,885.654254
-0.007139,1,885.69658
-2.1937,3,885.852493
-0.05837,1,885.896608
-1.085273,2,885.984742
-3.347234,4,886.17005
-2.251951,3,886.319477
-1.099668,2,886.421407
-3.33564,4,886.614519
-2.197707,3,886.750468
-0.043055,1,886.811813
-3.404139,4,886.981578
-2.200553,3,887.136644
-1.098856,2,887.238078
-2.296957,3,887.382658
-3.441269,4,887.575752
-2.218689,3,887.698698
-1.069996,2,887.792991
-3.290079,4,887.996527
-3.297461,4,888.178024
-2.222545,3,888.315398
-1.083175,2,888.415625
-3.374269,4,888.604624
-1.12774,2,888.673448
-2.239713,3,888.798751
-1.094915,2,888.889578
-2.262812,3,889.023551
-1.132027,2,889.109414
-3.363139,4,889.282634
-1.117171,2,889.36556
-1.099528,2,889.463377
-1.104065,2,889.562428
-3.285909,4,889.710027
-3.293729,4,889.893751
-3.36059,4,890.046663
-3.432883,4,890.18347
-1.050089,2,890.27161
-1.107198,2,890.363468
-2.216707,3,890.501546
-2.286087,3,890.602702
-0.045114,1,890.640364
-2.187992,3,890.743612
-1.096809,2,890.816861
-2.215172,3,890.925535
-3.31402,4,891.036448
-1.083766,2,891.104114
-2.246031,3,891.19807
-1.124704,2,891.273839
-1.062419,2,891.336583
-2.29946,3,891.432639
-2.174544,3,891.520602
-0.027621,1,891.55472
-1.079574,2,891.619476
-2.191167,3,891.733387
-2.167937,3,891.838052
-1.08561,2,891.901501
-3.345174,4,892.033613
-3.360942,4,892.169403
-1.116844,2,892.2265
-2.226535,3,892.331653
-2.179142,3,892.448028
-2.178984,3,892.564305
-2.233655,3,892.700623
-2.237871,3,892.785565
-2.193418,3,892.893466
-1.139151,2,892.969387
-3.35312,4,893.0966
-2.170975,3,893.185514
-1.085397,2,893.269171
-3.344671,4,893.44561
-2.16165,3,893.583507
-0.036559,1,893.623543
-1.150453,2,893.695706
-2.182081,3,893.810548
-0.05586,1,893.867891
-3.295069,4,894.042537
-1.119259,2,894.157935
-3.334417,4,894.326489
-1.140815,2,894.432825
-1.068571,2,894.492522
-0.011579,1,894.526574
-1.109502,2,894.591327
-1.126916,2,894.656919
-2.256994,3,894.753535
-2.21121,3,894.879684
-2.254046,3,895.008086
-0.022002,1,895.055825
-3.382289,4,895.225615
-2.231586,3,895.345517
-0.02077,1,895.386742
-2.259251,3,895.52563
-0.03653,1,895.575432
-3.4057,4,895.762585
-1.10242,2,895.872441
-2.293648,3,896.01167
-0.041073,1,896.047942
-2.234695,3,896.161877
-2.276927,3,896.293838
-1.148963,2,896.39275
-2.218676,3,896.523574
-3.466486,4,896.72538
-2.304008,3,896.887884
-2.23263,3,897.038655
-0.031653,1,897.086399
-0.032473,1,897.134484
-2.243655,3,897.284139
-1.153838,2,897.399744
-0.034721,1,897.455519
-2.179607,3,897.604406
-1.126721,2,897.694669
-0.01269,1,897.751415
-0.051758,1,897.790577
-1.08871,2,897.888014
-2.257257,3,898.012486
-3.391003,4,898.183724
-1.112661,2,898.270772
-3.292855,4,898.448042
-2.242238,3,898.577024
-2.183015,3,898.713486
-1.088414,2,898.779711
-0.027928,1,898.809458
-2.215266,3,898.929489
-1.08697,2,899.001948
-1.120377,2,899.056406
-3.379053,4,899.208895
-3.307639,4,899.370317
-2.195561,3,899.488047
-2.217174,3,899.598951
-3.303804,4,899.741444
-3.26494,4,899.872484
-2.250195,3,899.969105
-3.386781,4,900.11064
-2.250337,3,900.209605
-2.228539,3,900.305401
-2.252935,3,900.408742
-2.193523,3,900.496572
-2.17345,3,900.576878
-1.08642,2,900.646536
-1.084889,2,900.729527
-0.029569,1,900.762577
-1.122732,2,900.819807
-0.022736,1,900.848087
-0.023446,1,900.895759
-0.035137,1,900.936578
-1.060284,2,901.010086
-2.156284,3,901.125632
-2.186902,3,901.249123
-2.24715,3,901.365513
-2.154193,3,901.488629
-2.169501,3,901.631455
-2.246798,3,901.768004
-1.122563,2,901.856512
-2.191319,3,901.958083
-3.287947,4,902.13434
-2.227305,3,902.235595
-3.383973,4,902.416486
-0.021638,1,902.461565
-1.110636,2,902.555623
-3.347721,4,902.718802
-1.120161,2,902.79984
-2.169999,3,902.904309
-2.235924,3,903.006474
-3.31725,4,903.188081
-1.087636,2,903.270991
-3.358266,4,903.410528
-2.158126,3,903.539513
-1.129598,2,903.618814
-1.09684,2,903.714773
-1.101933,2,903.791655
-3.308611,4,903.976116
-2.263236,3,904.108416
-1.106707,2,904.190121
-1.142227,2,904.271502
-3.338892,4,904.414494
-0.040537,1,904.456999
-2.159297,3,904.575369
-2.239843,3,904.684751
-2.28868,3,904.784102
-0.028293,1,904.816316
-3.327937,4,904.9528
-1.100369,2,905.024588
-2.236241,3,905.136544
-2.185607,3,905.278092
-2.227426,3,905.403671
-1.144776,2,905.499639
-2.198129,3,905.652355
-2.194251,3,905.779046
-2.252261,3,905.92897
-3.373755,4,906.124735
-3.333744,4,906.320293
-2.297418,3,906.481899
-2.258206,3,906.631553
-2.181108,3,906.77036
-2.197086,3,906.890632
-3.328075,4,907.066456
-2.215919,3,907.192638
-0.021063,1,907.224396
-2.273358,3,907.328685
-2.193607,3,907.439563
-2.212978,3,907.568105
-2.244793,3,907.690075
-1.121673,2,907.756541
-2.249615,3,907.876101
-2.258712,3,907.987994
-1.128208,2,908.059009
-2.187738,3,908.15649
-2.21038,3,908.27053
-2.174577,3,908.39957
-2.18638,3,908.503347
-2.25533,3,908.640666
-2.241214,3,908.782542
-2.165564,3,908.902564
-2.246943,3,909.000046
-1.143487,2,909.0736
-0.013931,1,909.124443
-2.206649,3,909.249515
-3.367815,4,909.415489
-2.167848,3,909.542458
-2.217788,3,909.678113
-0.055441,1,909.725406
-3.341311,4,909.91452
-2.255155,3,910.054536
-3.290422,4,910.236403
-1.112201,2,910.31663
-3.306295,4,910.455729
-1.090469,2,910.514534
-2.207581,3,910.609848
-2.258187,3,910.724485
-2.256754,3,910.868027
-2.179588,3,911.005548
-3.395749,4,911.169845
-3.319852,4,911.359797
-2.234189,3,911.488959
-1.108618,2,911.574384
-3.315399,4,911.730475
-2.265319,3,911.838728
-2.272429,3,911.951434
-2.244227,3,912.049572
-2.225849,3,912.168039
-2.178074,3,912.287964
-0.016714,1,912.322529
-2.200517,3,912.462521
-0.010242,1,912.49808
-3.337045,4,912.656441
-2.214476,3,912.750601
-2.306408,3,912.8656
-3.340866,4,913.019112
-1.067544,2,913.129137
-1.09557,2,913.17451
-2.17982,3,913.24883
-1.130666,2,913.313556
-2.249016,3,913.394508
-0.052584,1,913.420569
-2.22837,3,913.509424
-2.251592,3,913.607281
-0.049435,1,913.63412
-1.140765,2,913.701021
-2.164475,3,913.780972
-0.052847,1,913.826591
-1.118603,2,913.910493
-2.239728,3,914.015849
-1.130395,2,914.098207
-1.138711,2,914.161569
-2.258828,3,914.286264
-2.168057,3,914.429824
-2.266419,3,914.555572
-2.235941,3,914.678973
-1.088691,2,914.765523
-2.173254,3,914.873532
-2.198202,3,914.956473
-1.091384,2,915.024944
-3.287692,4,915.143395
-1.10082,2,915.209527
-1.113437,2,915.284259
-2.138751,3,915.404686
-2.148795,3,915.532525
-3.343484,4,915.68704
-1.098924,2,915.769456
-1.13768,2,915.854528
-0.032106,1,915.886575
-3.319047,4,916.032071
-3.282698,4,916.184514
-3.287133,4,916.343453
-2.217613,3,916.484567
-2.223781,3,916.587129
-2.25223,3,916.678984
-2.224808,3,916.78146
-3.269443,4,916.914568
-3.421777,4,917.050561
-2.200435,3,917.14146
-3.27474,4,917.295522
-2.187633,3,917.400173
-1.099268,2,917.45951
-0.037799,1,917.488055
-2.217451,3,917.598953
-2.197586,3,917.709748
-1.0805,2,917.772765
-3.344907,4,917.928231
-3.33488,4,918.063412
-2.160443,3,918.163556
-0.036136,1,918.193643
-2.233331,3,918.290142
-2.233388,3,918.377143
-3.349162,4,918.502935
-2.203245,3,918.602549
-2.193062,3,918.705612
-2.212404,3,918.815529
-3.297156,4,918.9538
-1.114589,2,919.022573
-1.129616,2,919.084387
-2.196341,3,919.191568
-2.213757,3,919.290494
-2.197923,3,919.390517
-3.354602,4,919.522483
-1.148984,2,919.585581
-2.222302,3,919.695529
-3.352742,4,919.81658
-2.228463,3,919.913615
-3.425184,4,920.050575
-2.209941,3,920.131545
-0.003833,1,920.164587
-3.362651,4,920.288649
-2.27965,3,920.380563
-0.036955,1,920.410605
-2.250093,3,920.491495
-2.160456,3,920.586327
-1.06254,2,920.656905
-2.184196,3,920.742688
-1.129986,2,920.798989
-2.221244,3,920.87962
-2.224852,3,920.960099
-2.246561,3,921.040615
-2.307836,3,921.130366
-2.269839,3,921.22664
-2.199235,3,921.332514
-3.25497,4,921.455524
-0.054929,1,921.483579
-2.145634,3,921.574641
-3.302653,4,921.698096
-2.208273,3,921.784887
-2.181555,3,921.865623
-3.448132,4,921.977494
-0.03437,1,922.019069
-1.129414,2,922.077584
-3.31065,4,922.185131
-0.054381,1,922.219393
-1.128132,2,922.290634
-2.191573,3,922.379543
-2.262294,3,922.473873
-2.246272,3,922.591637
-1.109813,2,922.65649
-2.274855,3,922.746637
-2.288176,3,922.83057
-2.209642,3,922.926971
-2.211205,3,923.009476
-2.216837,3,923.111632
-2.229172,3,923.203439
-2.180177,3,923.304602
-3.339268,4,923.439584
-3.241625,4,923.569495
-0.02321,1,923.609559
-2.189262,3,923.695632
-2.239307,3,923.801434
-0.033998,1,923.83349
-2.245549,3,923.929637
-3.311801,4,924.069015
-2.261235,3,924.156658
-3.337213,4,924.276495
-2.209052,3,924.367972
-2.218939,3,924.466594
-1.121841,2,924.529659
-2.184605,3,924.620409
-0.010827,1,924.651462
-3.338746,4,924.785174
-2.157595,3,924.890729
-2.18551,3,924.974413
-2.129262,3,925.070591
-2.250023,3,925.163613
-1.089155,2,925.234112
-2.173281,3,925.332573
-3.275749,4,925.449675
-3.263173,4,925.558018
-3.303738,4,925.688104
-1.154734,2,925.756516
-2.180033,3,925.866514
-2.262854,3,925.952649
-2.232685,3,926.035441
-2.288968,3,926.126447
-1.107564,2,926.183594
-3.294916,4,926.296861
-2.177564,3,926.385149
-2.204749,3,926.4801
-2.162701,3,926.576504
-1.117594,2,926.635597
-3.343364,4,926.766308
-2.269613,3,926.846884
-2.225956,3,926.930074
-3.295733,4,927.0425
-3.358066,4,927.143793
-2.293036,3,927.241836
-3.352526,4,927.368924
-2.168321,3,927.465448
-2.171603,3,927.56192
-1.119453,2,927.628356
-3.27252,4,927.74637
-2.200848,3,927.839126
-1.085013,2,927.896372
-3.464577,4,928.018579
-2.29443,3,928.110687
-2.265207,3,928.202486
-0.042428,1,928.222512
-2.214466,3,928.311498
-2.192977,3,928.412356
-1.103755,2,928.475447
-0.057276,1,928.516704
-3.358261,4,928.613819
-0.015833,1,928.640616
-1.14205,2,928.700421
-0.014528,1,928.733029
-2.25107,3,928.811473
-1.108201,2,928.870576
-0.043074,1,928.896118
-3.274367,4,929.008714
-2.209249,3,929.086974
-3.346639,4,929.179553
-2.263298,3,929.255444
-3.287082,4,929.371826
-3.309236,4,929.481582
-0.019068,1,929.504727
-1.10339,2,929.552495
-3.406548,4,929.668278
-2.184863,3,929.744528
-2.282848,3,929.825793
-1.150207,2,929.876146
-2.259465,3,929.965423
-3.368186,4,930.076622
-1.132833,2,930.124424
-3.337351,4,930.228048
-2.184721,3,930.318906
-3.40373,4,930.439744
-2.162011,3,930.546412
-3.305218,4,930.693819
-3.427411,4,930.841577
-1.135605,2,930.900381
-1.122157,2,930.958967
-1.120779,2,931.011569
-2.24493,3,931.103657
-2.22347,3,931.212769
-0.049455,1,931.249476
-2.197869,3,931.328109
-3.287512,4,931.448093
-2.174927,3,931.573639
-1.134616,2,931.644825
-1.101434,2,931.734401
-0.014545,1,931.795
-2.26403,3,931.9445
-3.289502,4,932.152545
-1.142441,2,932.253565
-2.191912,3,932.340438
-2.271698,3,932.486055
-0.011612,1,932.53068
-2.250075,3,932.670539
-2.209447,3,932.816789
-1.090518,2,932.92983
-2.212853,3,933.0755
-2.251267,3,933.221016
-0.041935,1,933.252641
-2.199057,3,933.375018
-1.117864,2,933.442436
-3.376554,4,933.602683
-0.019782,1,933.647873
-1.115432,2,933.724602
-1.134795,2,933.795081
-2.229869,3,933.895994
-2.223823,3,934.037934
-2.190513,3,934.142479
-2.199171,3,934.25449
-2.193688,3,934.369449
-2.249051,3,934.489896
-1.082492,2,934.564616
-1.090721,2,934.635379
-2.203995,3,934.750458
-3.341024,4,934.912623
-2.217646,3,935.038317
-3.383532,4,935.152404
-2.165667,3,935.258734
-2.174748,3,935.378969
-1.132315,2,935.426381
-2.197518,3,935.533606
-2.173037,3,935.622448
-3.296478,4,935.75243
-3.392271,4,935.900519
-2.206088,3,936.011683
-1.09932,2,936.087093
-3.298583,4,936.2239
-3.37546,4,936.364286
-3.247399,4,936.546594
-1.12315,2,936.636466
-1.087174,2,936.736362
-0.034727,1,936.772428
-3.294634,4,936.927962
-2.245485,3,937.054425
-1.119022,2,937.138026
-3.323589,4,937.30687
-2.207181,3,937.424579
-2.277641,3,937.556586
-1.089778,2,937.646457
-3.419513,4,937.821482
-2.274,3,937.940521
-1.127405,2,938.020753
-3.394624,4,938.183563
-0.02917,1,938.214828
-3.43968,4,938.387038
-1.146539,2,938.462487
-2.203116,3,938.586988
-2.284218,3,938.712325
-3.360291,4,938.862633
-2.172798,3,938.996359
-2.163996,3,939.116588
-3.386248,4,939.2765
-0.016613,1,939.328699
-2.155417,3,939.469639
-2.261285,3,939.61792
-0.048521,1,939.664498
-1.125171,2,939.773454
-1.076914,2,939.878173
-1.084043,2,939.988673
-2.190184,3,940.131385
-2.213911,3,940.287983
-3.395002,4,940.469587
-3.333726,4,940.665426
-1.074621,2,940.765644
-3.322734,4,940.956485
-2.218462,3,941.109735
-2.256929,3,941.262623
-3.359464,4,941.420616
-3.273138,4,941.598532
-2.242216,3,941.736628
-1.104835,2,941.836659
-2.13962,3,941.977949
-1.113098,2,942.063287
-2.209357,3,942.202508
-2.153847,3,942.356438
-2.198293,3,942.488369
-3.347101,4,942.664448
-2.241989,3,942.790922
-2.188025,3,942.930015
-0.053027,1,942.976442
-3.352171,4,943.124534
-0.051847,1,943.159596
-3.395994,4,943.336641
-2.241245,3,943.470431
-0.046108,1,943.518831
-3.351182,4,943.707942
-1.104226,2,943.801058
-2.270924,3,943.926135
-2.209514,3,944.071638
-1.128643,2,944.158007
-0.017067,1,944.192936
-0.034075,1,944.228719
-3.302354,4,944.395001
-0.052838,1,944.448844
-3.293524,4,944.618861
-2.253082,3,944.733462
-3.295545,4,944.915658
-2.232378,3,945.03658
-2.178585,3,945.166573
-2.20839,3,945.290971
-2.208517,3,945.440538
-2.211801,3,945.56804
-2.2395,3,945.662405
-2.214898,3,945.760496
-0.049663,1,945.793634
-2.219692,3,945.897038
-3.345133,4,946.110611
-3.282174,4,946.276565
-2.229827,3,946.429112
-3.304619,4,946.612774
-3.290078,4,946.824518
-2.202236,3,946.980542
-2.226476,3,947.117974
-1.09169,2,947.200745
-2.261775,3,947.342783
-1.095407,2,947.423479
-3.409281,4,947.609959
-2.23796,3,947.736471
-2.186927,3,947.880555
-2.283865,3,948.011395
-1.083833,2,948.090034
-2.175315,3,948.21286
-2.177877,3,948.312639
-2.201518,3,948.434758
-3.396225,4,948.618119
-0.055939,1,948.660486
-2.268153,3,948.806845
-3.354546,4,949.024594
-3.341498,4,949.204743
-2.229836,3,949.323467
-1.082149,2,949.410868
-3.356162,4,949.595529
-0.043151,1,949.63659
-2.217711,3,949.749079
-2.248176,3,949.890735
-2.25696,3,950.031459
-2.235709,3,950.173545
-3.274276,4,950.314475
-2.215125,3,950.451506
-0.009416,1,950.499081
-0.039724,1,950.543538
-0.043387,1,950.584602
-0.033073,1,950.631589
-1.144044,2,950.711458
-0.012454,1,950.750927
-3.430026,4,950.926796
-3.278563,4,951.13257
-1.108095,2,951.222618
-3.332526,4,951.411896
-2.191793,3,951.543414
-3.302098,4,951.716487
-0.039368,1,951.766477
-2.170042,3,951.911727
-2.20241,3,952.036525
-2.208433,3,952.175487
-1.114556,2,952.273457
-2.245617,3,952.416699
-2.163202,3,952.55625
-0.010197,1,952.600054
-2.171427,3,952.736645
-1.089924,2,952.844527
-2.186928,3,952.963468
-1.126318,2,953.052381
-1.101401,2,953.142555
-1.115903,2,953.212862
-1.141694,2,953.289034
-3.344724,4,953.444476
-0.031958,1,953.471523
-1.073673,2,953.548962
-1.128568,2,953.628188
-1.110714,2,953.691971
-2.152434,3,953.790625
-2.23381,3,953.908083
-0.021402,1,953.940642
-3.322496,4,954.09235
-1.115832,2,954.162464
-2.145495,3,954.286943
-3.360716,4,954.437994
-3.330679,4,954.612802
-3.365631,4,954.722411
-2.283964,3,954.816798
-3.304996,4,954.949768
-2.28257,3,955.05856
-1.089738,2,955.1104
-1.081612,2,955.175498
-0.038397,1,955.213836
-2.179166,3,955.326766
-1.058488,2,955.405629
-3.309115,4,955.584064
-2.25368,3,955.692592
-1.141377,2,955.786941
-2.302684,3,955.872355
-2.165913,3,955.966615
-3.315508,4,956.075439
-2.251565,3,956.200396
-2.230764,3,956.301564
-2.221011,3,956.416559
-3.346853,4,956.595399
-2.196897,3,956.702584
-2.248303,3,956.82941
-1.130465,2,956.923662
-3.281436,4,957.100773
-2.175477,3,957.232308
-1.119344,2,957.306553
-1.073772,2,957.371724
-3.373918,4,957.508835
-0.058797,1,957.552622
-2.250199,3,957.656541
-1.071312,2,957.726357
-2.223417,3,957.839001
-0.023931,1,957.884571
-3.299523,4,958.021493
-3.318649,4,958.166459
-0.039512,1,958.198005
-3.343901,4,958.317992
-3.31213,4,958.446486
-2.293605,3,958.543669
-1.134837,2,958.604552
-0.038304,1,958.64362
-2.15857,3,958.735518
-2.201902,3,958.831747
-2.153427,3,958.933237
-3.29498,4,959.068145
-3.369562,4,959.182669
-3.342244,4,959.310594
-3.475529,4,959.449135
-1.085992,2,959.51059
-0.042875,1,959.544662
-0.031933,1,959.582423
-2.253902,3,959.670661
-1.128141,2,959.739541
-2.192793,3,959.837862
-1.08728,2,959.888082
-1.07852,2,959.947314
-2.16252,3,960.059987
-3.309528,4,960.188941
-2.206173,3,960.282604
-3.300594,4,960.401513
-2.233571,3,960.498806
-2.144182,3,960.60361
-2.215635,3,960.692432
-2.267862,3,960.789083
-1.070815,2,960.865481
-2.221632,3,960.959626
-0.005754,1,960.988873
-2.241671,3,961.080593
-3.298141,4,961.210457
-2.168106,3,961.304634
-1.095976,2,961.373032
-3.387756,4,961.522943
-3.330116,4,961.662479
-2.138878,3,961.743609
-2.210068,3,961.836533
-1.149134,2,961.896624
-2.197504,3,961.999596
-2.226997,3,962.096462
-2.273953,3,962.193112
-2.176336,3,962.285484
-2.201861,3,962.382815
-1.139574,2,962.445566
-2.204815,3,962.521893
-3.358001,4,962.634882
-2.185989,3,962.728664
-3.34478,4,962.833477
-2.213489,3,962.91186
-1.121762,2,962.971702
-0.038798,1,963.0079
-2.257026,3,963.092426
-1.050654,2,963.150529
-2.234251,3,963.223453
-2.259896,3,963.313728
-1.09414,2,963.359532
-2.187216,3,963.434958
-3.403394,4,963.535487
-0.03154,1,963.566536
-0.017966,1,963.592088
-2.288416,3,963.665519
-3.336355,4,963.774668
-2.225269,3,963.865445
-0.012879,1,963.891989
-1.083244,2,963.93478
-3.320625,4,964.060427
-3.406452,4,964.175835
-3.368814,4,964.284539
-2.23968,3,964.367987
-1.128103,2,964.416756
-1.115253,2,964.489474
-1.092895,2,964.542478
-2.187514,3,964.64044
-1.14361,2,964.702047
-1.099706,2,964.764389
-0.042528,1,964.793943
-2.236151,3,964.849029
-2.250833,3,964.923772
-3.359131,4,965.322809
-2.233824,3,965.396037
-3.290457,4,965.493166
-3.342124,4,965.579543
-3.330694,4,965.69551
-2.30331,3,965.786196
-3.329431,4,965.891556
-2.198669,3,966.004086
-2.143817,3,966.095994
-2.224164,3,966.178742
-1.095417,2,966.238862
-2.227977,3,966.320777
-2.254643,3,966.432804
-2.25746,3,966.525811
-3.351309,4,966.676427
-2.226986,3,966.811731
-2.231796,3,966.956222
-0.040534,1,967.000563
-2.243897,3,967.129023
-2.215702,3,967.26148
-1.132367,2,967.330639
-2.195215,3,967.466639
-0.027274,1,967.514539
-3.315535,4,967.701688
-3.247559,4,967.899652
-2.153021,3,968.023272
-3.344714,4,968.228636
-2.257226,3,968.378948
-2.246432,3,968.532494
-1.099187,2,968.626455
-2.263982,3,968.777302
-3.277384,4,968.965282
-3.348144,4,969.156431
-2.185555,3,969.30014
-3.349894,4,969.482502
-1.152067,2,969.587943
-2.250586,3,969.728863
-2.226144,3,969.876637
-0.054696,1,969.939523
-1.099944,2,970.037868
-1.072869,2,970.128992
-2.182799,3,970.298001
-2.206793,3,970.43382
-2.195024,3,970.580532
-1.121878,2,970.674455
-3.311353,4,970.845627
-1.09584,2,970.941597
-3.285431,4,971.091525
-3.296889,4,971.277859
-2.126911,3,971.425926
-1.114146,2,971.517852
-2.180298,3,971.615566
-2.155912,3,971.74897
-2.256781,3,971.90951
-3.32711,4,972.106679
-2.185652,3,972.220895
-2.290691,3,972.336485
-1.137429,2,972.423728
-0.056731,1,972.459952
-2.288376,3,972.570695
-2.174716,3,972.666542
-3.304059,4,972.805658
-2.220773,3,972.919524
-1.081299,2,972.99065
-2.311229,3,973.086595
-1.126747,2,973.150541
-2.209074,3,973.25641
-1.117091,2,973.312589
-2.273714,3,973.41159
-3.302993,4,973.545835
-3.349936,4,973.6645
-1.108908,2,973.74543
-2.191004,3,973.837938
-1.071892,2,973.900572
-1.140898,2,973.964602
-2.234211,3,974.064462
-3.310716,4,974.206048
-1.113277,2,974.27143
-2.231485,3,974.361633
-3.348382,4,974.503129
-3.301468,4,974.637898
-1.121731,2,974.700001
-1.083072,2,974.770342
-3.360947,4,974.91028
-1.092951,2,974.986514
-2.212393,3,975.103884
-1.082326,2,975.180696
-1.136494,2,975.268982
-3.336872,4,975.412371
-2.177044,3,975.525723
-2.22114,3,975.621078
-1.109368,2,975.685369
-2.260537,3,975.800108
-3.345144,4,975.921806
-3.359705,4,976.054029
-2.246742,3,976.140349
-3.329494,4,976.269573
-1.093074,2,976.332407
-3.308405,4,976.449863
-3.290628,4,976.566552
-2.152073,3,976.660198
-2.167946,3,976.759465
-1.127328,2,976.821825
-1.093765,2,976.877281
-1.121792,2,976.953542
-1.141188,2,977.013799
-3.357847,4,977.148798
-1.069428,2,977.213087
-2.249549,3,977.31654
-1.147436,2,977.378145
-1.127719,2,977.464621
-3.310823,4,977.593611
-2.222892,3,977.685641
-2.184752,3,977.79052
-2.260139,3,977.895389
-0.048846,1,977.93347
-1.127921,2,978.020621
-0.015698,1,978.061847
-3.283814,4,978.20035
-1.097011,2,978.269777
-3.310916,4,978.403938
-1.096838,2,978.476536
-0.023687,1,978.519114
-3.341767,4,978.686771
-3.359606,4,978.875564
-2.25113,3,979.004563
-3.37208,4,979.183623
-2.267497,3,979.320575
-3.35559,4,979.493641
-1.143341,2,979.592457
-2.247163,3,979.736468
-1.064988,2,979.833632
-3.318976,4,980.022698
-1.137518,2,980.125517
-3.330503,4,980.300504
-1.089844,2,980.380665
-2.231117,3,980.541566
-2.183886,3,980.696627
-1.098462,2,980.782527
-0.011309,1,980.830611
-0.039371,1,980.883316
-1.109518,2,980.960391
-1.096726,2,981.070518
-2.264331,3,981.221886
-3.345397,4,981.424417
-2.216277,3,981.5855
-1.146766,2,981.676268
-3.259084,4,981.902661
-0.032218,1,981.953474
-0.026285,1,982.004066
-0.024173,1,982.043637
-2.252415,3,982.173833
-1.103448,2,982.26913
-2.165435,3,982.409807
-1.130981,2,982.514521
-3.340929,4,982.655405
-1.116106,2,982.738034
-2.145759,3,982.868915
-2.20875,3,982.999656
-1.130789,2,983.090549
-3.351626,4,983.257881
-2.230275,3,983.370584
-2.202469,3,983.486527
-2.239741,3,983.636544
-2.210275,3,983.778025
-0.047258,1,983.824602
-2.247853,3,983.963437
-1.051455,2,984.061601
-2.199019,3,984.203099
-2.239263,3,984.334987
-1.089644,2,984.421626
-3.285054,4,984.606371
-3.395698,4,984.78935
-1.128514,2,984.866528
-2.243129,3,985.021404
-2.19857,3,985.179438
-3.442276,4,985.355643
-0.034348,1,985.399452
-1.15663,2,985.49591
-3.351773,4,985.698024
-3.303773,4,985.909076
-2.255895,3,986.041756
-2.264076,3,986.191471
-2.283294,3,986.318917
-3.354961,4,986.48953
-3.280228,4,986.613047
-2.169682,3,986.710796
-2.134532,3,986.80061
-3.329748,4,986.956458
-2.181538,3,987.075509
-3.277918,4,987.261472
-2.207846,3,987.386556
-1.099153,2,987.4905
-2.189358,3,987.628965
-2.21846,3,987.737985
-2.201748,3,987.832783
-3.370862,4,987.979721
-0.038593,1,988.018243
-0.04709,1,988.056417
-3.328408,4,988.21267
-2.257605,3,988.340501
-2.204386,3,988.459898
-1.120702,2,988.543353
-1.140688,2,988.633255
-0.021033,1,988.676429
-3.309417,4,988.882251
-0.030688,1,988.932544
-3.327918,4,989.091549
-2.146593,3,989.249508
-3.273459,4,989.419027
-2.146987,3,989.55361
-1.120472,2,989.64555
-3.2679,4,989.846582
-2.20984,3,989.955588
-1.119499,2,990.040332
-1.090738,2,990.128056
-1.108181,2,990.1979
-2.258721,3,990.314419
-1.05968,2,990.375527
-1.118028,2,990.450989
-0.013401,1,990.485723
-2.20501,3,990.586772
-2.231838,3,990.693537
-1.113631,2,990.772417
-2.23178,3,990.898885
-2.207183,3,991.040425
-1.099908,2,991.128582
-1.122861,2,991.227922
-2.239409,3,991.367917
-2.204429,3,991.484435
-1.081764,2,991.568037
-2.211806,3,991.670597
-2.287725,3,991.813479
-0.029796,1,991.850288
-0.023144,1,991.885598
-3.441311,4,992.049397
-1.065689,2,992.161353
-1.088533,2,992.237039
-2.192022,3,992.35156
-1.155804,2,992.419685
-0.038597,1,992.468374
-3.462179,4,992.620721
-2.202334,3,992.761511
-2.277236,3,992.899679
-2.291069,3,993.017086
-2.185664,3,993.122793
-1.140207,2,993.20361
-3.353027,4,993.340667
-2.262779,3,993.422851
-3.397938,4,993.532837
-3.362516,4,993.654762
-1.122769,2,993.719702
-1.094685,2,993.789453
-3.332257,4,993.90423
-2.178395,3,993.969569
-2.282112,3,994.048174
-3.326999,4,994.160508
-0.032378,1,994.183537
-2.246052,3,994.252786
-1.093112,2,994.302457
-3.302491,4,994.419776
-2.259585,3,994.49189
-0.026245,1,994.538783
-3.388769,4,994.652807
-3.35986,4,994.779413
-2.229126,3,994.8645
-2.229653,3,994.948927
-1.135131,2,994.979553
-0.03967,1,995.009103
-3.372959,4,995.12677
-2.235888,3,995.175525
-2.24023,3,995.231906
-2.298968,3,995.274469
-2.219123,3,995.313663
-3.306122,4,995.372452
-3.451029,4,995.413007
-2.192801,3,995.44656
-0.016722,1,995.458073
-2.205124,3,995.486603
-3.352985,4,995.538775
-0.039936,1,995.553447
-2.222391,3,995.591498
-2.295643,3,995.631711
-2.244422,3,995.680475
-0.003172,1,995.694489
-3.309416,4,995.781394
-2.217497,3,995.838083
-2.179006,3,995.891929
-0.020512,1,995.915717
-1.142738,2,995.953465
-1.114351,2,995.993519
-2.191766,3,996.05136
-3.369291,4,996.146875
-2.277633,3,996.213931
-2.203393,3,996.274367
-3.370406,4,996.372613
-2.181486,3,996.446448
-1.132339,2,996.494434
-1.085624,2,996.543205
-2.26785,3,996.609
-1.136416,2,996.655404
-3.382825,4,996.723739
-1.075928,2,996.76849
-2.182268,3,996.819102
-1.116094,2,996.872419
-2.168079,3,996.941562
-3.340369,4,997.018747
-1.081726,2,997.07057
-2.274457,3,997.141716
-1.098849,2,997.196517
-1.06573,2,997.239803
-2.24404,3,997.321768
-1.119091,2,997.381563
-2.239782,3,997.462329
-3.329198,4,997.555416
-3.366577,4,997.636308
-0.010965,1,997.661348
-2.285333,3,997.712922
-3.368912,4,997.791567
-3.317883,4,997.873317
-1.111183,2,997.927947
-2.206142,3,997.966506
-0.024006,1,997.980534
-3.330888,4,998.108648
-0.058073,1,998.147246
-1.128002,2,998.201046
-1.06721,2,998.259441
-2.225182,3,998.342239
-2.197132,3,998.416973
-1.110676,2,998.464508
-0.051609,1,998.484535
-3.312278,4,998.609619
-2.249705,3,998.668368
-1.124943,2,998.720487
-2.180619,3,998.791911
-2.24948,3,998.871469
-1.111274,2,998.930219
-2.197594,3,998.998155
-2.233184,3,999.056806
-2.188984,3,999.122555
-2.174289,3,999.18565
-2.198114,3,999.250243
-0.021741,1,999.264531
-3.285537,4,999.359831
-3.307966,4,999.472693
-2.209277,3,999.543461
-2.212549,3,999.622707
-2.220721,3,999.671446
-1.09966,2,999.699929
-1.13458,2,999.740539
-2.23039,3,999.831637
-2.250597,3,999.94892
-2.28455,3,1000.053079
-2.212605,3,1000.152244
-3.43668,4,1000.296552
-0.040696,1,1000.328112
-0.023239,1,1000.36278
-1.07483,2,1000.436564
-2.285089,3,1000.563563
-3.294729,4,1000.712049
-2.24309,3,1000.830232
-2.190267,3,1000.927023
-1.120782,2,1001.011033
-1.116831,2,1001.097958
-2.173946,3,1001.208984
-1.137528,2,1001.27958
-3.352616,4,1001.408974
-2.25758,3,1001.510382
-2.193009,3,1001.63083
-1.114598,2,1001.690429
-1.098149,2,1001.759451
-2.188335,3,1001.888858
-2.166783,3,1002.005698
-1.062424,2,1002.077939
-0.043111,1,1002.109001
-2.271795,3,1002.226657
-3.405795,4,1002.388923
-1.096166,2,1002.465548
-3.297321,4,1002.642477
-2.174021,3,1002.785466
-2.25003,3,1002.91945
-2.279601,3,1003.0834
-2.21787,3,1003.219731
-1.073603,2,1003.29798
-2.238502,3,1003.425419
-2.223327,3,1003.582478
-2.247727,3,1003.736409
-2.239414,3,1003.88147
-2.209734,3,1004.045613
-2.249716,3,1004.179595
-2.203971,3,1004.351502
-3.273526,4,1004.563427
-2.232966,3,1004.700773
-1.125665,2,1004.799046
-2.188936,3,1004.946672
-2.253907,3,1005.100362
-3.342192,4,1005.326469
-1.131329,2,1005.424643
-3.358318,4,1005.614631
-3.483544,4,1005.785645
-3.410012,4,1005.992498
-3.335372,4,1006.164534
-0.032769,1,1006.216615
-3.355444,4,1006.396567
-3.348842,4,1006.586604
-2.220553,3,1006.749059
-2.20938,3,1006.897997
-3.317156,4,1007.049503
-0.00826,1,1007.082561
-2.157674,3,1007.189123
-2.228741,3,1007.301546
-0.014228,1,1007.35814
-0.019713,1,1007.393548
-2.160188,3,1007.535502
-0.032843,1,1007.572577
-2.255883,3,1007.677998
-1.08586,2,1007.780773
-2.176432,3,1007.926357
-3.317145,4,1008.116863
-1.098575,2,1008.206625
-1.097021,2,1008.297964
-2.223784,3,1008.409013
-1.064488,2,1008.481488
-2.154106,3,1008.593601
-3.315547,4,1008.748368
-0.045554,1,1008.780611
-2.187447,3,1008.878725
-3.246101,4,1009.025077
-2.221327,3,1009.119117
-1.115055,2,1009.183451
-1.061981,2,1009.238257
-0.043572,1,1009.26793
-2.252896,3,1009.355582
-3.313168,4,1009.464477
-2.222083,3,1009.552084
-1.123698,2,1009.616954
-2.221075,3,1009.715937
-1.13307,2,1009.775318
-1.130055,2,1009.834477
-0.010197,1,1009.86553
-2.229948,3,1009.960557
-2.209985,3,1010.051426
-2.248994,3,1010.152896
-2.182376,3,1010.242392
-0.016862,1,1010.277945
-2.264176,3,1010.364972
-1.133737,2,1010.428991
-2.196197,3,1010.52154
-2.168308,3,1010.615872
-1.059031,2,1010.678046
-2.23302,3,1010.78815
-2.293346,3,1010.884614
-2.175967,3,1010.966632
-3.446161,4,1011.076517
-1.09892,2,1011.139124
-1.121007,2,1011.1915
-3.348348,4,1011.337069
-2.301358,3,1011.430757
-3.335016,4,1011.564391
-2.266158,3,1011.660723
-3.291688,4,1011.78344
-2.230056,3,1011.869502
-2.242703,3,1011.974515
-1.119121,2,1012.044124
-0.027683,1,1012.081739
-2.159434,3,1012.192841
-2.224965,3,1012.283604
-3.313963,4,1012.40259
-2.209245,3,1012.495466
-1.085394,2,1012.569554
-2.274496,3,1012.669865
-2.183525,3,1012.777973
-2.189414,3,1012.888889
-2.205207,3,1012.978904
-3.329106,4,1013.108993
-2.191657,3,1013.203478
-2.227944,3,1013.302533
-3.456731,4,1013.419026
-1.07713,2,1013.483642
-2.227266,3,1013.579442
-3.282002,4,1013.706429
-2.241973,3,1013.813352
-1.078162,2,1013.871463
-2.230795,3,1013.971422
-2.263793,3,1014.074562
-1.100061,2,1014.142383
-0.015674,1,1014.169422
-2.175268,3,1014.26573
-2.273127,3,1014.366385
-2.208189,3,1014.452605
-3.27189,4,1014.57147
-2.212989,3,1014.672957
-3.308948,4,1014.815961
-1.11184,2,1014.875524
-3.410674,4,1015.001577
-1.063705,2,1015.055699
-2.284787,3,1015.146528
-2.166679,3,1015.243497
-2.172509,3,1015.344281
-0.039946,1,1015.375625
-3.422725,4,1015.530856
-2.254171,3,1015.640417
-1.103296,2,1015.708475
-2.16101,3,1015.825067
-1.062334,2,1015.901469
-3.347526,4,1016.060155
-2.207043,3,1016.175405
-2.219214,3,1016.322202
-0.043485,1,1016.365371
-3.417745,4,1016.516973
-1.115022,2,1016.608054
-2.283313,3,1016.766756
-2.280516,3,1016.89675
-2.325151,3,1017.038275
-3.26672,4,1017.159723
-2.228496,3,1017.242542
-2.217883,3,1017.326514
-2.216893,3,1017.412495
-2.168873,3,1017.490579
-1.146973,2,1017.538306
-1.084005,2,1017.591435
-0.025295,1,1017.6235
-2.18037,3,1017.689599
-2.238326,3,1017.784468
-3.390969,4,1017.939505
-2.20614,3,1018.025639
-2.202741,3,1018.138674
-2.200619,3,1018.249421
-3.305106,4,1018.394531
-1.103885,2,1018.459603
-3.311319,4,1018.632619
-2.175123,3,1018.735709
-3.384559,4,1018.888804
-3.285476,4,1019.008859
-2.231235,3,1019.102517
-2.194015,3,1019.203261
-1.087151,2,1019.266634
-3.36224,4,1019.410324
-1.13601,2,1019.463454
-1.110785,2,1019.536568
-2.207325,3,1019.642637
-0.039463,1,1019.679412
-2.143462,3,1019.785567
-0.045901,1,1019.818119
-2.279644,3,1019.928052
-2.248266,3,1020.039725
-1.080588,2,1020.105454
-2.166774,3,1020.225219
-0.027762,1,1020.266868
-2.191889,3,1020.383429
-2.232312,3,1020.484415
-2.197898,3,1020.5966
-1.122616,2,1020.682468
-1.088876,2,1020.752573
-0.041105,1,1020.791641
-1.137235,2,1020.861555
-3.336466,4,1021.003473
-3.29991,4,1021.153435
-0.037324,1,1021.189498
-3.328945,4,1021.340379
-3.282817,4,1021.468702
-2.219516,3,1021.570273
-1.095709,2,1021.629635
-1.096746,2,1021.706592
-1.090413,2,1021.774216
-3.433198,4,1021.914619
-1.157937,2,1021.997923
-0.025843,1,1022.035485
-0.019702,1,1022.079574
-3.282807,4,1022.241567
-2.191545,3,1022.379556
-2.228784,3,1022.475516
-2.177403,3,1022.603424
-1.122634,2,1022.681494
-3.342768,4,1022.834841
-2.20457,3,1022.964831
-1.104584,2,1023.046708
-3.269302,4,1023.214602
-2.149407,3,1023.360623
-1.130012,2,1023.431853
-2.154074,3,1023.558761
-2.17886,3,1023.703538
-1.089324,2,1023.788759
-2.20972,3,1023.90611
-3.316296,4,1024.080779
-2.202974,3,1024.213532
-1.09293,2,1024.300472
-3.344727,4,1024.444792
-3.276022,4,1024.588249
-0.03699,1,1024.619914
-2.216053,3,1024.729002
-2.283331,3,1024.855831
-1.127482,2,1024.9385
-2.151329,3,1025.034124
-3.394581,4,1025.190605
-2.239368,3,1025.291466
-2.154974,3,1025.397879
-1.14983,2,1025.466745
-1.082993,2,1025.546733
-2.222288,3,1025.660638
-2.217423,3,1025.790353
-3.302908,4,1025.986382
-1.141424,2,1026.071391
-2.236682,3,1026.22491
-1.11415,2,1026.321377
-2.251783,3,1026.461634
-2.203192,3,1026.6081
-1.10052,2,1026.701375
-3.368778,4,1026.903419
-2.218438,3,1027.042617
-3.373369,4,1027.231112
-2.197675,3,1027.371414
-2.221862,3,1027.486506
-3.338616,4,1027.613585
-1.123549,2,1027.681356
-3.363977,4,1027.85362
-2.22758,3,1028.00339
-1.108883,2,1028.093695
-2.238016,3,1028.21558
-0.047248,1,1028.255639
-1.097967,2,1028.358804
-1.101231,2,1028.438537
-1.09807,2,1028.517958
-3.395513,4,1028.685671
-2.274586,3,1028.828943
-2.197083,3,1028.972533
-2.234408,3,1029.105404
-3.358774,4,1029.295457
-1.087352,2,1029.385632
-2.273577,3,1029.495575
-1.100957,2,1029.574295
-2.189797,3,1029.67529
-3.420874,4,1029.805466
-2.264641,3,1029.906525
-2.237739,3,1030.01787
-3.306918,4,1030.151649
-3.392209,4,1030.29025
-2.23935,3,1030.374508
-2.252498,3,1030.472496
-3.286628,4,1030.643595
-2.192908,3,1030.773397
-1.109504,2,1030.84275
-2.18645,3,1030.954304
-0.041702,1,1030.988861
-1.121456,2,1031.067906
-0.028927,1,1031.104466
-2.191352,3,1031.196525
-3.312812,4,1031.378757
-0.035596,1,1031.419611
-3.289787,4,1031.575352
-3.264174,4,1031.749573
-3.36639,4,1031.920741
-3.324331,4,1032.120474
-1.138047,2,1032.230672
-3.338289,4,1032.438707
-2.267167,3,1032.564405
-0.031869,1,1032.607983
-2.213894,3,1032.748569
-3.316832,4,1032.956866
-2.242777,3,1033.082335
-1.07317,2,1033.171355
-2.155208,3,1033.309453
-1.089816,2,1033.413487
-1.118192,2,1033.512455
-1.136241,2,1033.595376
-1.129316,2,1033.706599
-3.349285,4,1033.894454
-2.236819,3,1034.04061
-0.019719,1,1034.104968
-0.012691,1,1034.160326
-1.098928,2,1034.257778
-2.140211,3,1034.40541
-2.179886,3,1034.556746
-2.239776,3,1034.707974
-0.021564,1,1034.760369
-2.237503,3,1034.907906
-0.031693,1,1034.962712
-3.331546,4,1035.149815
-2.202951,3,1035.280451
-2.184882,3,1035.401467
-3.305991,4,1035.581594
-2.206812,3,1035.712472
-3.280894,4,1035.916506
-1.07849,2,1036.013467
-3.270305,4,1036.202556
-3.368057,4,1036.389122
-2.23406,3,1036.509078
-1.1237,2,1036.586865
-0.048488,1,1036.633882
-2.187633,3,1036.74912
-1.111036,2,1036.834467
-3.358052,4,1037.016505
-2.239604,3,1037.126979
-2.292992,3,1037.256376
-0.045346,1,1037.305665
-3.273916,4,1037.467956
-3.449921,4,1037.644805
-1.095203,2,1037.714095
-0.049626,1,1037.746675
-2.290122,3,1037.846489
-0.04653,1,1037.88356
-1.10273,2,1037.943486
-2.170575,3,1038.045044
-1.120945,2,1038.11284
-2.267794,3,1038.262456
-2.220544,3,1038.397933
-2.190657,3,1038.52478
-3.314276,4,1038.701577
-2.263681,3,1038.832451
-0.04575,1,1038.87953
-2.235291,3,1039.006571
-1.080838,2,1039.09664
-2.257681,3,1039.256495
-1.099758,2,1039.353807
-1.104364,2,1039.446602
-1.146875,2,1039.536437
-1.114235,2,1039.642621
-1.12582,2,1039.730488
-2.195024,3,1039.859617
-2.199726,3,1039.995629
-0.032969,1,1040.046926
-2.240573,3,1040.188965
-3.346621,4,1040.391778
-0.033638,1,1040.434618
-2.314453,3,1040.550599
-1.153778,2,1040.640032
-2.210735,3,1040.784518
-1.089916,2,1040.89076
-3.329711,4,1041.062743
-2.164674,3,1041.175435
-0.048254,1,1041.212492
-1.143271,2,1041.314361
-1.137226,2,1041.417871
-2.258975,3,1041.529436
-2.227921,3,1041.633997
-3.350483,4,1041.827857
-2.253251,3,1041.964592
-2.268503,3,1042.079439
-0.026944,1,1042.108988
-1.127708,2,1042.189961
-1.092599,2,1042.269348
-2.201005,3,1042.391387
-3.327282,4,1042.540808
-3.365604,4,1042.684826
-1.100228,2,1042.775543
-3.276439,4,1042.926555
-0.047949,1,1042.972804
-1.118918,2,1043.04594
-1.114207,2,1043.101425
-0.027527,1,1043.137978
-3.396701,4,1043.276663
-3.272183,4,1043.420554
-2.290794,3,1043.52794
-2.202695,3,1043.613425
-2.192742,3,1043.714446
-0.037386,1,1043.746004
-2.205411,3,1043.849946
-2.202653,3,1043.934125
-3.305932,4,1044.089575
-3.341937,4,1044.236349
-1.108496,2,1044.330575
-2.202295,3,1044.442436
-1.109763,2,1044.512548
-2.268036,3,1044.637021
-2.201215,3,1044.742349
-2.266122,3,1044.856663
-3.387314,4,1045.023386
-2.208126,3,1045.12228
-2.22044,3,1045.22948
-2.243999,3,1045.356683
-2.263533,3,1045.455899
-2.258632,3,1045.54897
-0.048996,1,1045.60639
-2.245766,3,1045.734979
-2.200376,3,1045.84486
-3.287603,4,1046.020514
-1.099301,2,1046.108981
-2.2189,3,1046.235909
-2.188913,3,1046.361455
-0.038717,1,1046.412536
-1.126649,2,1046.48358
-2.169093,3,1046.5924
-1.070095,2,1046.668122
-1.104755,2,1046.763608
-1.155351,2,1046.844938
-0.054386,1,1046.900656
-1.13937,2,1046.986623
-2.227661,3,1047.112667
-3.309596,4,1047.28685
-2.26126,3,1047.41047
-2.19655,3,1047.519494
-0.04149,1,1047.563714
-1.099575,2,1047.633407
-0.025487,1,1047.678653
-0.030623,1,1047.722467
-0.031874,1,1047.768075
-3.312436,4,1047.895347
-0.016025,1,1047.927994
-3.302308,4,1048.045455
-1.127957,2,1048.109048
-2.164581,3,1048.192509
-2.257741,3,1048.285401
-2.185506,3,1048.393352
-1.079268,2,1048.476467
-2.210191,3,1048.577854
-2.224204,3,1048.692601
-1.084063,2,1048.772447
-3.33156,4,1048.898068
-0.051669,1,1048.928116
-0.035584,1,1048.958168
-2.313299,3,1049.063582
-1.097569,2,1049.131422
-3.236401,4,1049.289885
-3.315296,4,1049.429482
-2.203607,3,1049.519494
-0.047864,1,1049.561346
-3.329828,4,1049.694387
-2.217286,3,1049.832593
-2.237408,3,1049.963147
-1.100716,2,1050.021472
-1.147811,2,1050.091739
-2.217482,3,1050.181454
-1.126766,2,1050.250703
-2.175223,3,1050.354616
-2.227082,3,1050.460499
-1.083907,2,1050.520602
-0.022357,1,1050.553827
-1.128575,2,1050.630661
-3.293232,4,1050.780362
-2.212789,3,1050.881542
-3.360798,4,1051.016505
-3.336873,4,1051.137115
-3.339464,4,1051.309619
-2.245182,3,1051.417101
-2.204095,3,1051.514445
-1.091834,2,1051.579708
-1.067087,2,1051.644542
-2.193527,3,1051.754427
-3.336622,4,1051.921414
-3.321744,4,1052.061656
-1.062654,2,1052.144584
-2.266452,3,1052.235457
-3.30496,4,1052.394466
-2.20382,3,1052.511762
-0.053321,1,1052.546609
-2.196382,3,1052.661573
-1.101032,2,1052.746388
-2.272395,3,1052.875463
-2.259013,3,1053.016402
-1.117606,2,1053.082557
-2.163168,3,1053.193419
-2.205085,3,1053.311628
-3.34363,4,1053.488874
-1.133773,2,1053.558105
-2.211027,3,1053.660626
-1.086816,2,1053.738784
-2.186065,3,1053.843267
-1.08719,2,1053.899673
-2.175656,3,1054.013461
-2.149539,3,1054.111528
-2.155574,3,1054.215384
-1.125083,2,1054.282568
-2.261664,3,1054.380402
-3.362871,4,1054.524643
-2.20033,3,1054.627977
-2.221775,3,1054.722642
-1.111314,2,1054.779423
-2.167814,3,1054.888098
-2.262883,3,1054.997862
-1.129931,2,1055.05555
-2.189295,3,1055.14832
-1.112568,2,1055.212561
-1.084605,2,1055.280791
-2.144348,3,1055.388026
-2.235123,3,1055.483611
-2.290893,3,1055.57811
-2.235506,3,1055.680263
-3.301517,4,1055.810256
-0.037863,1,1055.833368
-0.045696,1,1055.866899
-0.016651,1,1055.901651
-2.234528,3,1055.996883
-1.115107,2,1056.056431
-3.343513,4,1056.166619
-3.352288,4,1056.305618
-3.35901,4,1056.424605
-2.270433,3,1056.508693
-1.12392,2,1056.568125
-1.120645,2,1056.631493
-1.14213,2,1056.684569
-1.105885,2,1056.749445
-2.190096,3,1056.836606
-3.326543,4,1056.969528
-1.143478,2,1057.024608
-2.185422,3,1057.121453
-3.330599,4,1057.244812
-3.370599,4,1057.364663
-0.042964,1,1057.398748
-3.28477,4,1057.516363
-0.013898,1,1057.548772
-2.219018,3,1057.641795
-1.081673,2,1057.691662
-1.094515,2,1057.756009
-2.207553,3,1057.843137
-1.113151,2,1057.912573
-2.233121,3,1058.006576
-3.385657,4,1058.121511
-2.203891,3,1058.198871
-2.175231,3,1058.289394
-2.179395,3,1058.355313
-2.213882,3,1058.44418
-2.246504,3,1058.538061
-1.104216,2,1058.590539
-3.347049,4,1058.732431
-3.326342,4,1058.866256
-0.017102,1,1058.901563
-2.184764,3,1058.979836
-2.212636,3,1059.045828
-2.218812,3,1059.129575
-1.085475,2,1059.196458
-1.080635,2,1059.272835
-2.156313,3,1059.383855
-2.197415,3,1059.470838
-2.275692,3,1059.548658
-1.117309,2,1059.620445
-3.330586,4,1059.744319
-1.091548,2,1059.793403
-2.217115,3,1059.869108
-1.108752,2,1059.932823
-1.093095,2,1059.977914
-0.031419,1,1060.004459
-3.280382,4,1060.12544
-2.170658,3,1060.212482
-3.332255,4,1060.342138
-2.218776,3,1060.425838
-2.28372,3,1060.512543
-2.205811,3,1060.612787
-1.116319,2,1060.679042
-1.160919,2,1060.727955
-1.096006,2,1060.794501
-2.275238,3,1060.90959
-0.047942,1,1060.947147
-2.199234,3,1061.030527
-1.128607,2,1061.086552
-2.261946,3,1061.186515
-1.136164,2,1061.249133
-3.341523,4,1061.381589
-2.208565,3,1061.47806
-2.251099,3,1061.60451
-2.206804,3,1061.689964
-3.453118,4,1061.848155
-1.084956,2,1061.935518
-1.129668,2,1062.021616
-2.180729,3,1062.124059
-3.361972,4,1062.26977
-1.094134,2,1062.346811
-2.261851,3,1062.464516
-1.111274,2,1062.536637
-2.273471,3,1062.627991
-1.121253,2,1062.709049
-2.188084,3,1062.842548
-2.228428,3,1062.955392
-2.256029,3,1063.080433
-2.244482,3,1063.226384
-3.33723,4,1063.402459
-2.182003,3,1063.539421
-0.022115,1,1063.574647
-1.10072,2,1063.667263
-0.045393,1,1063.726416
-2.22477,3,1063.855609
-2.2792,3,1063.986367
-3.314207,4,1064.160563
-2.240359,3,1064.268792
-2.230513,3,1064.372799
-2.232909,3,1064.486763
-0.02841,1,1064.524542
-0.020539,1,1064.565437
-3.313184,4,1064.698337
-2.219705,3,1064.804486
-1.11981,2,1064.875523
-3.331907,4,1065.02024
-3.335186,4,1065.13437
-0.031711,1,1065.161587
-2.223252,3,1065.261637
-1.166197,2,1065.331551
-2.1916,3,1065.432447
-2.240969,3,1065.53145
-3.378821,4,1065.660345
-2.215307,3,1065.766739
-3.346876,4,1065.922497
-1.066572,2,1066.01035
-3.413698,4,1066.161404
-3.284133,4,1066.300044
-2.267962,3,1066.395129
-2.207557,3,1066.488848
-2.206957,3,1066.59354
-0.034654,1,1066.629114
-3.34181,4,1066.775574
-1.075899,2,1066.849816
-2.213654,3,1066.954073
-1.0934,2,1067.020583
-1.076472,2,1067.096564
-0.022532,1,1067.136634
-1.138424,2,1067.20461
-2.212447,3,1067.330121
-1.122058,2,1067.404578
-2.149938,3,1067.516671
-2.172391,3,1067.607868
-2.220226,3,1067.699425
-2.237867,3,1067.796374
-1.139528,2,1067.866681
-3.325933,4,1068.016417
-3.300979,4,1068.157053
-1.136163,2,1068.23076
-1.104372,2,1068.295441
-1.136816,2,1068.361598
-2.248005,3,1068.4455
-0.009453,1,1068.475694
-1.106682,2,1068.530848
-1.099048,2,1068.588419
-2.201039,3,1068.683623
-2.198623,3,1068.794665
-0.027078,1,1068.826395
-2.266097,3,1068.922386
-2.175633,3,1069.022557
-2.126808,3,1069.112573
-3.438818,4,1069.213444
-3.274727,4,1069.339676
-0.032175,1,1069.369411
-2.20092,3,1069.453544
-2.246498,3,1069.547882
-2.22224,3,1069.643543
-2.194117,3,1069.731754
-3.316553,4,1069.863659
-3.355969,4,1069.976569
-3.316304,4,1070.105626
-3.302441,4,1070.249517
-2.186281,3,1070.339621
-0.024198,1,1070.362361
-2.200708,3,1070.466534
-1.144226,2,1070.537244
-1.123314,2,1070.601472
-2.165153,3,1070.688984
-1.078976,2,1070.785589
-2.27969,3,1070.904453
-1.102775,2,1070.975559
-2.220872,3,1071.089554
-1.129626,2,1071.166398
-3.338761,4,1071.353541
-3.348344,4,1071.508648
-1.110172,2,1071.577943
-2.22192,3,1071.678125
-3.261957,4,1071.855695
-2.310119,3,1071.953392
-2.252577,3,1072.065567
-2.252157,3,1072.173471
-2.213039,3,1072.297894
-0.023882,1,1072.339472
-3.28988,4,1072.486636
-3.314918,4,1072.618961
-2.16022,3,1072.729669
-0.020349,1,1072.779905
-2.238437,3,1072.90462
-0.022004,1,1072.953555
-3.358512,4,1073.097996
-3.385591,4,1073.254619
-2.183072,3,1073.384495
-2.204118,3,1073.506786
-3.444005,4,1073.66565
-2.262173,3,1073.779091
-1.12152,2,1073.850246
-3.348845,4,1073.998938
-2.174063,3,1074.123774
-3.291781,4,1074.251564
-2.25663,3,1074.365443
-2.210944,3,1074.508935
-1.136136,2,1074.6046
-0.014575,1,1074.63566
-2.189342,3,1074.7464
-3.26248,4,1074.900301
-1.095159,2,1074.991485
-2.250225,3,1075.109834
-2.196847,3,1075.246478
-1.110787,2,1075.336602
-3.276867,4,1075.496619
-0.009675,1,1075.540476
-0.022777,1,1075.57887
-3.317878,4,1075.709782
-1.089946,2,1075.778106
-2.257731,3,1075.893522
-3.304958,4,1076.030411
-2.195399,3,1076.128011
-2.225941,3,1076.236097
-0.043478,1,1076.266833
-2.203741,3,1076.36465
-1.089184,2,1076.430603
-3.324409,4,1076.603022
-1.113823,2,1076.673615
-3.358957,4,1076.862334
-2.20883,3,1077.011393
-2.245484,3,1077.136642
-0.047763,1,1077.178037
-3.251616,4,1077.364917
-2.253864,3,1077.477893
-3.275246,4,1077.626568
-1.102099,2,1077.698303
-1.120384,2,1077.762641
-2.177887,3,1077.87569
-2.200976,3,1078.00335
-1.117839,2,1078.071739
-3.454329,4,1078.215453
-2.177086,3,1078.331909
-3.329465,4,1078.462693
-1.113143,2,1078.541487
-1.108258,2,1078.606657
-2.2661,3,1078.700685
-2.178014,3,1078.793575
-1.088859,2,1078.862429
-3.325847,4,1079.007979
-0.047261,1,1079.036526
-2.184439,3,1079.164104
-2.203343,3,1079.278098
-2.213798,3,1079.366828
-2.239891,3,1079.482535
-0.049087,1,1079.530183
-3.28859,4,1079.671868
-1.05901,2,1079.721195
-3.303197,4,1079.868765
-0.044544,1,1079.902845
-1.1238,2,1079.971422
-1.118207,2,1080.064828
-2.176809,3,1080.168672
-2.31023,3,1080.262332
-2.198523,3,1080.356128
-3.376096,4,1080.513742
-3.29351,4,1080.669029
-0.038078,1,1080.71261
-1.156165,2,1080.778012
-3.367173,4,1080.963863
-2.238438,3,1081.089064
-2.221852,3,1081.225483
-0.028707,1,1081.271626
-1.118713,2,1081.351394
-2.203735,3,1081.468111
-2.229733,3,1081.596732
-2.253287,3,1081.706361
-1.11369,2,1081.794278
-2.213914,3,1081.886476
-1.072722,2,1081.964718
-2.205213,3,1082.074663
-2.203285,3,1082.203331
-2.177259,3,1082.318918
-1.113146,2,1082.407846
-1.104082,2,1082.469114
-0.014406,1,1082.504572
-3.287213,4,1082.627959
-0.035338,1,1082.66303
-2.167066,3,1082.761135
-1.091103,2,1082.821454
-0.034138,1,1082.852504
-3.300611,4,1082.993339
-2.231408,3,1083.11355
-0.045032,1,1083.145597
-2.199174,3,1083.263399
-3.317647,4,1083.435517
-1.115565,2,1083.513445
-3.306762,4,1083.676547
-1.133359,2,1083.755784
-2.228266,3,1083.863607
-0.04688,1,1083.896714
-2.236878,3,1083.995415
-3.365932,4,1084.186509
-2.22905,3,1084.314842
-2.211063,3,1084.448058
-1.146562,2,1084.518762
-2.272065,3,1084.620463
-3.288522,4,1084.766749
-2.219556,3,1084.902353
-3.36348,4,1085.050373
-0.041845,1,1085.098766
-1.082087,2,1085.190619
-2.161822,3,1085.315333
-2.170852,3,1085.45066
-2.244713,3,1085.603553
-2.240946,3,1085.736386
-0.045959,1,1085.78537
-0.050606,1,1085.856986
-2.271005,3,1086.004275
-0.039821,1,1086.056889
-2.197936,3,1086.182606
-2.234332,3,1086.33571
-2.230183,3,1086.462499
-2.159258,3,1086.585536
-3.402838,4,1086.731587
-3.439121,4,1086.872693
-3.436992,4,1087.010866
-1.10686,2,1087.082814
-1.138864,2,1087.152458
-1.076198,2,1087.228857
-2.16407,3,1087.325588
-1.103726,2,1087.403519
-1.104205,2,1087.473768
-0.027513,1,1087.506554
-2.204715,3,1087.609445
-2.162644,3,1087.725409
-1.124164,2,1087.804775
-2.182351,3,1087.909123
-2.247855,3,1088.04227
-2.160586,3,1088.15715
-1.084646,2,1088.239475
-1.068917,2,1088.314742
-2.226538,3,1088.456922
-1.100632,2,1088.516366
-2.279187,3,1088.61648
-1.116692,2,1088.68352
-1.079053,2,1088.7588
-3.415113,4,1088.904554
-3.324781,4,1089.029079
-0.042832,1,1089.057131
-1.135001,2,1089.133553
-2.239831,3,1089.239461
-0.054613,1,1089.273902
-0.039153,1,1089.314596
-3.399185,4,1089.456046
-2.154995,3,1089.552589
-1.120256,2,1089.61101
-3.395744,4,1089.730109
-3.345812,4,1089.864499
-1.111274,2,1089.942644
-3.306912,4,1090.076894
-2.223189,3,1090.18433
-1.12615,2,1090.250625
-2.247126,3,1090.375676
-0.021925,1,1090.410371
-2.213727,3,1090.522619
-1.092539,2,1090.586415
-2.13946,3,1090.696273
-0.009827,1,1090.73151
-2.215253,3,1090.826617
-2.243681,3,1090.9245
-3.32001,4,1091.064813
-1.093854,2,1091.132368
-3.321405,4,1091.241543
-2.260764,3,1091.357108
-3.339001,4,1091.523609
-3.347172,4,1091.646483
-1.132753,2,1091.706569
-1.07232,2,1091.774377
-2.192624,3,1091.866534
-2.262803,3,1091.976575
-3.383836,4,1092.106622
-0.054309,1,1092.141393
-2.255527,3,1092.240144
-2.193129,3,1092.354414
-3.375402,4,1092.498172
-0.050944,1,1092.530556
-2.286357,3,1092.635149
-2.183733,3,1092.726066
-0.039716,1,1092.760653
-0.048281,1,1092.797919
-3.30175,4,1092.970355
-1.088948,2,1093.061693
-1.061942,2,1093.119982
-3.339659,4,1093.300704
-2.239568,3,1093.440784
-1.094658,2,1093.51551
-1.079039,2,1093.606721
-2.17573,3,1093.735666
-1.08478,2,1093.820298
-3.30379,4,1093.996572
-2.254503,3,1094.124592
-2.194166,3,1094.275383
-2.182219,3,1094.428647
-2.232822,3,1094.571663
-3.402922,4,1094.701879
-1.113142,2,1094.780747
-2.198018,3,1094.919583
-1.13992,2,1094.986538
-2.181625,3,1095.094562
-3.371682,4,1095.242522
-2.149286,3,1095.365693
-0.026401,1,1095.410582
-2.198813,3,1095.562119
-1.125971,2,1095.6281
-2.16714,3,1095.743549
-2.190165,3,1095.855866
-2.180845,3,1095.978103
-0.031007,1,1096.028996
-2.180884,3,1096.144771
-2.18026,3,1096.26454
-2.193426,3,1096.374413
-1.142911,2,1096.465567
-3.312382,4,1096.616655
-2.295506,3,1096.716422
-2.219018,3,1096.829627
-3.37832,4,1096.95958
-2.256208,3,1097.051604
-3.353942,4,1097.196495
-0.017947,1,1097.235564
-3.303414,4,1097.391607
-1.118728,2,1097.4788
-3.322388,4,1097.644413
-0.023607,1,1097.686466
-2.171126,3,1097.79867
-3.368751,4,1097.970417
-1.117241,2,1098.043046
-1.08916,2,1098.105634
-2.249155,3,1098.21452
-1.101011,2,1098.294435
-2.153883,3,1098.430295
-3.31385,4,1098.605496
-2.24983,3,1098.720826
-2.186126,3,1098.879483
-0.016576,1,1098.930578
-2.300334,3,1099.049047
-2.195725,3,1099.142379
-2.201003,3,1099.231382
-2.194837,3,1099.330559
-2.214707,3,1099.43531
-0.0125,1,1099.482629
-2.220476,3,1099.620594
-2.219964,3,1099.728048
-1.136768,2,1099.820518
-0.021639,1,1099.856566
-2.280158,3,1099.962335
-0.00322,1,1100.000592
-0.027031,1,1100.043676
-0.013973,1,1100.084048
-2.236415,3,1100.230553
-2.207061,3,1100.35507
-2.248141,3,1100.463445
-3.335847,4,1100.620652
-0.032771,1,1100.652315
-3.323337,4,1100.76578
-3.285503,4,1100.925501
-2.230077,3,1101.058271
-1.069993,2,1101.168987
-0.030585,1,1101.212478
-3.327815,4,1101.412361
-3.34863,4,1101.587044
-2.208991,3,1101.684735
-1.093603,2,1101.758999
-2.268348,3,1101.890189
-2.231404,3,1102.01053
-2.197252,3,1102.155613
-1.141418,2,1102.256532
-0.002856,1,1102.30088
-2.224437,3,1102.441633
-1.128468,2,1102.523589
-0.048749,1,1102.567327
-3.357905,4,1102.705959
-2.224888,3,1102.801638
-2.234011,3,1102.93442
-1.133449,2,1103.016888
-3.383901,4,1103.149968
-1.150683,2,1103.238301
-0.040855,1,1103.279713
-0.01784,1,1103.316514
-2.274112,3,1103.460483
-2.271823,3,1103.595366
-2.189198,3,1103.702453
-2.161696,3,1103.812524
-3.310011,4,1103.98425
-3.315323,4,1104.151545
-3.344444,4,1104.332405
-1.113016,2,1104.422784
-3.325823,4,1104.589762
-2.241569,3,1104.724609
-3.393922,4,1104.923603
-2.204792,3,1105.068654
-2.209261,3,1105.216547
-2.234691,3,1105.356455
-3.302871,4,1105.558038
-1.151895,2,1105.646228
-2.182636,3,1105.781492
-3.321789,4,1105.99989
-2.195614,3,1106.144454
-3.357811,4,1106.336398
-0.051145,1,1106.379582
-1.071085,2,1106.470713
-1.094103,2,1106.569077
-3.376179,4,1106.745408
-2.245212,3,1106.898098
-3.347477,4,1107.089783
-2.219894,3,1107.25661
-2.216745,3,1107.413453
-2.176202,3,1107.556501
-2.20028,3,1107.704674
-3.392552,4,1107.885606
-3.320041,4,1108.058805
-0.036087,1,1108.096896
-0.032941,1,1108.12997
-2.243205,3,1108.252659
-2.26588,3,1108.372282
-2.184406,3,1108.471044
-2.237215,3,1108.553418
-3.380231,4,1108.696584
-1.113726,2,1108.761512
-1.107929,2,1108.829633
-3.31226,4,1108.996625
-2.141493,3,1109.128031
-1.099486,2,1109.218117
-0.035928,1,1109.256392
-1.10903,2,1109.304675
-2.177246,3,1109.400842
-3.391147,4,1109.498379
-1.16327,2,1109.569135
-0.042923,1,1109.601497
-3.315704,4,1109.723753
-2.250443,3,1109.810796
-0.012625,1,1109.853593
-3.26697,4,1109.995568
-3.269357,4,1110.183115
-3.295784,4,1110.350513
-3.367002,4,1110.535533
-1.110577,2,1110.63498
-2.192757,3,1110.760324
-1.091307,2,1110.846617
-0.048981,1,1110.879521
-2.17893,3,1110.994462
-2.226804,3,1111.111501
-3.311786,4,1111.267453
-0.04122,1,1111.304349
-2.188893,3,1111.418145
-3.465886,4,1111.579779
-2.2025,3,1111.681693
-3.286304,4,1111.804779
-3.384803,4,1111.914542
-0.02549,1,1111.949611
-2.271171,3,1112.039557
-2.204559,3,1112.175825
-2.166123,3,1112.28123
-2.19447,3,1112.372116
-2.240886,3,1112.488819
-2.211237,3,1112.63664
-1.090034,2,1112.709472
-3.386754,4,1112.824394
-3.314922,4,1112.96806
-0.04498,1,1113.006557
-2.275695,3,1113.107821
-1.153582,2,1113.174741
-1.15184,2,1113.249512
-2.240673,3,1113.364598
-1.103016,2,1113.41959
-1.057672,2,1113.509426
-0.034404,1,1113.557999
-2.256215,3,1113.663562
-2.151304,3,1113.769659
-2.190077,3,1113.871074
-2.265262,3,1113.979072
-1.123659,2,1114.050357
-1.119982,2,1114.136634
-2.202384,3,1114.281694
-2.174872,3,1114.400626
-2.233136,3,1114.51574
-2.173373,3,1114.641566
-3.326397,4,1114.801084
-1.136142,2,1114.889441
-1.071269,2,1114.976097
-2.241336,3,1115.081051
-0.047965,1,1115.116642
-2.220993,3,1115.226624
-0.047708,1,1115.260469
-2.217559,3,1115.368915
-0.053176,1,1115.401473
-0.04291,1,1115.438014
-2.266721,3,1115.535537
-2.152644,3,1115.643512
-3.283922,4,1115.798438
-2.196655,3,1115.916626
-3.378891,4,1116.068621
-2.286865,3,1116.188078
-1.081103,2,1116.303655
-1.086197,2,1116.396494
-2.182935,3,1116.536508
-2.241229,3,1116.659528
-0.029497,1,1116.703812
-3.32012,4,1116.862551
-2.265325,3,1116.999781
-1.139489,2,1117.075054
-1.152093,2,1117.161401
-2.287873,3,1117.26592
-3.284138,4,1117.446515
-0.031213,1,1117.498201
-0.039658,1,1117.551502
-0.014934,1,1117.598071
-3.326328,4,1117.774038
-2.270127,3,1117.907999
-3.285341,4,1118.090702
-2.21051,3,1118.228864
-1.128166,2,1118.318961
-2.147515,3,1118.456519
-1.134163,2,1118.555555
-2.300405,3,1118.696774
-1.082121,2,1118.78375
-1.130844,2,1118.856297
-2.250322,3,1119.003277
-1.099257,2,1119.068061
-2.245968,3,1119.233555
-2.183247,3,1119.398723
-3.24312,4,1119.579518
-1.11847,2,1119.648317
-1.11411,2,1119.715508
-3.345474,4,1119.843569
-2.214986,3,1119.942517
-2.245997,3,1120.054639
-1.078563,2,1120.118136
-1.123921,2,1120.173896
-2.244357,3,1120.284648
-0.023724,1,1120.314826
-0.031515,1,1120.343524
-3.358585,4,1120.484129
-2.24396,3,1120.60888
-1.093609,2,1120.679071
-2.186969,3,1120.784618
-2.193837,3,1120.882381
-0.027826,1,1120.922441
-2.284477,3,1121.018208
-2.234827,3,1121.114612
-3.36137,4,1121.250829
-2.198578,3,1121.338137
-2.257345,3,1121.418089
-3.347448,4,1121.542631
-2.24213,3,1121.623709
-3.370898,4,1121.752445
-0.028039,1,1121.783708
-1.135163,2,1121.836427
-2.220003,3,1121.915482
-3.31992,4,1122.00056
-1.070473,2,1122.052636
-2.238834,3,1122.135505
-1.136355,2,1122.185744
-2.275814,3,1122.270932
-1.106802,2,1122.314665
-2.195518,3,1122.394635
-2.260481,3,1122.482656
-2.18111,3,1122.563641
-3.32346,4,1122.664466
-0.054986,1,1122.695512
-1.097518,2,1122.758117
-2.219597,3,1122.842566
-2.194589,3,1122.929037
-0.045944,1,1122.956573
-2.249351,3,1123.033944
-3.271694,4,1123.122614
-2.208797,3,1123.152711
-2.267043,3,1123.196513
-3.330531,4,1123.250604
-2.244887,3,1123.316817
-1.132218,2,1123.367588
-3.297074,4,1123.454569
-3.245634,4,1123.54649
-2.206383,3,1123.612612
-3.285631,4,1123.683844
-2.167067,3,1123.748056
-0.038921,1,1123.769087
-2.191657,3,1123.844898
-0.037397,1,1123.876874
-0.040077,1,1123.901252
-2.187878,3,1123.966598
-3.272923,4,1124.045467
-2.228904,3,1124.104561
-2.203455,3,1124.162269
-3.434432,4,1124.259075
-3.313409,4,1124.351457
-2.231912,3,1124.419573
-2.255503,3,1124.483339
-2.216763,3,1124.559098
-2.235721,3,1124.646548
-2.221247,3,1124.716598
-2.25365,3,1124.802565
-0.016116,1,1124.826621
-2.220913,3,1124.904502
-1.157775,2,1124.936548
-1.082346,2,1124.979638
-2.249214,3,1125.051545
-0.01138,1,1125.076573
-2.224819,3,1125.146413
-0.013549,1,1125.173464
-1.140751,2,1125.223541
-2.186107,3,1125.319081
-3.280435,4,1125.416652
-2.261203,3,1125.489482
-0.021495,1,1125.520521
-1.144388,2,1125.583111
-2.260652,3,1125.661514
-2.215956,3,1125.739127
-1.140958,2,1125.799405
-2.215307,3,1125.888051
-3.410786,4,1125.998012
-2.224269,3,1126.071911
-1.10709,2,1126.125577
-2.194056,3,1126.210093
-3.288797,4,1126.310736
-2.21287,3,1126.384555
-1.089629,2,1126.446245
-3.268599,4,1126.560577
-1.076349,2,1126.616431
-2.190195,3,1126.685559
-2.244626,3,1126.758811
-1.13889,2,1126.818041
-1.074855,2,1126.871529
-1.086713,2,1126.918097
-1.113791,2,1126.974866
-0.037345,1,1126.996629
-3.390789,4,1127.096577
-1.122075,2,1127.150747
-2.205135,3,1127.230763
-3.331647,4,1127.348915
-2.247794,3,1127.443567
-2.188538,3,1127.524459
-2.258032,3,1127.608096
-0.012398,1,1127.645658
-2.209882,3,1127.716493
-3.391085,4,1127.832478
-2.164022,3,1127.889086
-3.263638,4,1127.991502
-3.33377,4,1128.100897
-2.281094,3,1128.177324
-3.344666,4,1128.273626
-1.081888,2,1128.333499
-1.101315,2,1128.38309
-2.269005,3,1128.450032
-1.103808,2,1128.499593
-2.289774,3,1128.57546
-0.057108,1,1128.606505
-2.240571,3,1128.688645
-2.249608,3,1128.769492
-2.276875,3,1128.852613
-0.019079,1,1128.876646
-3.408645,4,1128.972966
-2.134632,3,1129.048669
-2.304517,3,1129.114471
-1.119167,2,1129.16956
-1.151427,2,1129.216633
-1.154414,2,1129.279612
-3.319275,4,1129.379053
-3.344176,4,1129.489466
-1.105993,2,1129.539559
-1.113671,2,1129.599681
-2.309741,3,1129.686585
-1.109351,2,1129.734504
-2.229044,3,1129.815546
-0.03486,1,1129.840602
-2.187729,3,1129.92549
-3.346711,4,1130.036325
-1.104031,2,1130.086558
-3.308969,4,1130.196543
-2.250307,3,1130.281412
-3.331727,4,1130.323754
-2.226592,3,1130.41184
-2.226515,3,1130.532671
-3.294087,4,1130.75912
-2.243166,3,1130.875972
-2.18783,3,1131.010547
-2.170773,3,1131.16555
-1.072669,2,1131.267937
-2.215142,3,1131.402689
-1.063855,2,1131.502534
-2.265663,3,1131.638095
-1.058615,2,1131.713455
-3.445037,4,1131.879006
-2.200716,3,1131.983028
-2.21915,3,1132.083999
-2.175835,3,1132.260615
-1.12345,2,1132.356531
-0.028474,1,1132.388081
-2.206473,3,1132.506583
-3.29374,4,1132.701044
-2.217333,3,1132.831568
-3.285643,4,1133.048146
-1.106267,2,1133.161465
-3.294172,4,1133.362693
-2.258005,3,1133.484571
-2.23683,3,1133.628127
-2.191123,3,1133.720809
-1.105272,2,1133.813175
-2.215021,3,1133.952543
-0.035562,1,1133.987093
-1.074677,2,1134.084588
-1.136896,2,1134.190654
-1.076748,2,1134.246351
-0.011029,1,1134.278909
-2.276821,3,1134.378245
-2.168773,3,1134.501624
-0.044622,1,1134.539366
-2.197666,3,1134.658014
-3.396107,4,1134.791705
-2.210945,3,1134.898881
-2.19862,3,1135.006453
-2.237028,3,1135.100507
-2.221975,3,1135.205802
-2.203292,3,1135.315779
-2.258754,3,1135.450502
-0.049301,1,1135.495669
-3.271573,4,1135.64343
-1.081842,2,1135.706749
-2.196431,3,1135.796103
-3.275759,4,1135.911292
-0.0374,1,1135.942523
-2.194366,3,1136.042619
-1.11768,2,1136.104487
-2.248687,3,1136.194645
-2.178521,3,1136.282749
-2.212152,3,1136.383774
-3.327274,4,1136.52079
-3.398138,4,1136.635659
-3.285069,4,1136.777218
-0.007937,1,1136.809489
-1.083576,2,1136.866571
-3.334518,4,1136.980111
-2.16224,3,1137.063746
-1.130375,2,1137.126755
-1.104224,2,1137.192736
-0.040471,1,1137.231857
-2.214049,3,1137.322236
-2.222904,3,1137.415431
-1.123191,2,1137.480035
-1.06933,2,1137.540436
-1.143802,2,1137.598117
-2.200189,3,1137.694386
-2.22049,3,1137.782994
-2.128001,3,1137.857937
-3.347376,4,1137.993737
-1.151604,2,1138.069032
-0.03296,1,1138.104778
-1.123909,2,1138.182681
-0.038468,1,1138.224486
-2.198245,3,1138.358097
-2.193338,3,1138.494931
-0.031269,1,1138.538897
-1.091487,2,1138.606434
-1.129389,2,1138.696711
-2.152844,3,1138.790854
-0.045383,1,1138.818901
-1.103047,2,1138.883632
-2.227354,3,1138.989093
-0.034574,1,1139.025506
-2.258036,3,1139.130528
-3.298303,4,1139.256542
-1.120923,2,1139.337864
-2.158197,3,1139.442445
-2.191866,3,1139.566463
-2.241451,3,1139.679753
-2.241321,3,1139.798007
-3.317087,4,1139.958907
-2.229073,3,1140.048967
-3.404176,4,1140.179147
-1.131974,2,1140.263525
-2.224748,3,1140.371581
-2.294407,3,1140.502422
-3.315132,4,1140.694779
-2.179672,3,1140.829556
-1.102044,2,1140.88834
-2.19269,3,1141.000679
-2.189032,3,1141.127931
-3.292763,4,1141.31983
-1.146914,2,1141.413804
-3.425295,4,1141.587053
-2.252576,3,1141.71369
-1.141353,2,1141.791677
-0.036858,1,1141.832415
-3.318104,4,1141.989875
-0.058023,1,1142.030614
-3.345697,4,1142.198668
-2.22867,3,1142.31157
-2.277035,3,1142.426524
-2.292877,3,1142.553489
-2.22226,3,1142.682686
-2.188968,3,1142.847955
-3.278921,4,1143.024291
-2.189743,3,1143.116587
-1.120686,2,1143.192425
-3.367433,4,1143.355581
-2.259997,3,1143.470559
-2.145335,3,1143.595566
-2.176682,3,1143.73807
-1.130528,2,1143.802893
-2.181972,3,1143.89799
-3.30305,4,1144.056404
-2.244685,3,1144.183932
-2.266694,3,1144.298116
-0.044527,1,1144.333756
-2.191689,3,1144.458563
-1.114652,2,1144.553561
-2.203152,3,1144.674495
-2.229432,3,1144.784115
-2.161721,3,1144.905734
-2.226974,3,1145.048068
-3.408858,4,1145.173479
-0.03196,1,1145.220397
-3.345238,4,1145.386693
-2.235196,3,1145.496859
-0.034092,1,1145.527988
-2.227603,3,1145.592829
-1.109523,2,1145.654845
-2.224149,3,1145.756398
-2.201318,3,1145.871469
-0.017772,1,1145.901694
-2.265881,3,1146.026638
-3.309737,4,1146.177995
-1.130571,2,1146.264593
-1.100174,2,1146.344576
-1.11603,2,1146.422502
-2.277578,3,1146.510679
-1.100554,2,1146.574459
-2.185068,3,1146.654567
-3.289998,4,1146.776656
-1.118557,2,1146.840457
-3.363582,4,1146.950463
-2.249026,3,1147.059051
-2.237411,3,1147.150627
-2.203478,3,1147.254536
-0.058546,1,1147.281812
-2.213945,3,1147.396755
-2.273011,3,1147.495729
-1.090168,2,1147.564583
-2.209437,3,1147.690097
-1.131751,2,1147.75636
-3.409685,4,1147.903444
-2.160593,3,1148.040477
-2.262628,3,1148.160521
-2.233316,3,1148.255843
-2.249767,3,1148.378115
-3.32671,4,1148.559694
-2.257899,3,1149.088014
-3.290854,4,1149.244818
-2.183819,3,1149.355393
-2.180147,3,1149.504293
-3.292894,4,1149.687014
-3.390541,4,1149.831414
-1.140289,2,1149.909795
-2.190272,3,1150.027856
-0.047212,1,1150.059087
-3.354682,4,1150.186024
-3.311687,4,1150.310487
-0.044872,1,1150.344549
-2.202921,3,1150.435608
-1.076202,2,1150.49644
-1.088645,2,1150.554543
-2.175915,3,1150.641809
-2.167252,3,1150.726589
-3.32222,4,1150.861488
-1.137635,2,1150.923774
-1.094325,2,1150.983442
-3.324204,4,1151.095819
-3.291386,4,1151.210179
-2.2346,3,1151.302628
-1.105146,2,1151.373141
-0.012062,1,1151.400437
-2.22387,3,1151.492589
-2.244302,3,1151.57546
-1.137417,2,1151.638068
-1.137543,2,1151.703769
-1.075248,2,1151.760402
-2.19193,3,1151.850602
-1.113591,2,1151.916456
-2.197075,3,1151.992585
-2.241953,3,1152.086545
-3.268859,4,1152.219731
-2.168058,3,1152.298491
-2.197222,3,1152.392514
-2.197239,3,1152.487923
-2.210195,3,1152.581632
-2.164694,3,1152.685384
-3.261455,4,1152.816493
-2.247501,3,1152.913681
-2.283535,3,1153.011555
-2.233407,3,1153.128754
-2.187399,3,1153.234423
-2.238852,3,1153.333582
-1.129238,2,1153.384805
-3.284541,4,1153.513582
-1.108656,2,1153.581458
-0.010682,1,1153.606489
-1.106597,2,1153.668093
-2.250284,3,1153.725531
-2.221138,3,1153.819437
-0.029994,1,1153.845483
-1.104884,2,1153.914558
-1.097757,2,1153.978713
-3.403974,4,1154.090695
-1.068233,2,1154.163575
-1.126242,2,1154.228781
-0.036978,1,1154.266478
-0.010898,1,1154.300237
-1.148277,2,1154.361628
-3.299466,4,1154.491693
-2.199119,3,1154.58717
-2.216287,3,1154.679565
-3.305963,4,1154.805833
-2.263908,3,1154.904444
-2.184564,3,1155.001615
-2.199149,3,1155.094588
-0.041601,1,1155.118121
-1.085369,2,1155.181478
-1.141026,2,1155.256598
-2.270338,3,1155.373639
-2.191509,3,1155.474504
-2.282993,3,1155.561575
-0.047947,1,1155.596624
-1.148125,2,1155.658092
-1.130479,2,1155.706718
-0.047507,1,1155.739064
-2.126323,3,1155.844455
-2.174041,3,1155.931602
-2.188041,3,1156.012471
-2.207732,3,1156.105643
-1.097784,2,1156.16663
-2.187208,3,1156.249429
-3.289048,4,1156.38247
-2.242656,3,1156.486638
-3.371161,4,1156.610572
-2.2558,3,1156.704598
-2.211136,3,1156.824536
-2.160932,3,1156.944562
-3.331925,4,1157.072582
-2.19513,3,1157.174485
-3.32125,4,1157.320455
-2.222459,3,1157.42944
-3.290746,4,1157.541883
-0.031034,1,1157.568016
-3.452887,4,1157.701605
-3.266378,4,1157.822598
-2.240754,3,1157.925345
-2.201301,3,1158.024749
-2.152485,3,1158.13566
-1.08449,2,1158.196631
-2.2059,3,1158.335681
-1.105406,2,1158.414683
-1.112505,2,1158.495863
-0.039577,1,1158.531573
-2.237241,3,1158.678669
-0.042375,1,1158.729069
-2.225653,3,1158.820455
-2.249545,3,1158.938748
-2.272972,3,1159.081643
-2.183294,3,1159.227945
-1.130416,2,1159.339528
-1.109299,2,1159.436525
-3.395092,4,1159.64552
-2.270125,3,1159.803608
-3.329169,4,1159.986058
-0.008991,1,1160.039516
-1.144015,2,1160.150242
-2.279906,3,1160.296122
-1.102475,2,1160.388101
-2.265811,3,1160.525692
-3.274363,4,1160.698564
-2.23189,3,1160.826428
-2.198306,3,1160.948104
-2.18811,3,1161.081499
-4.450531,5,1161.294008
-3.353852,4,1161.500379
-3.346102,4,1161.697953
-2.296511,3,1161.832463
-2.166907,3,1161.97367
-2.167018,3,1162.126599
-2.242058,3,1162.27846
-2.161831,3,1162.434472
-3.375648,4,1162.62242
-0.024932,1,1162.663495
-3.336175,4,1162.860434
-3.344327,4,1162.982578
-0.038508,1,1163.039078
-2.201961,3,1163.140425
-2.159157,3,1163.25178
-2.173138,3,1163.3688
-2.230088,3,1163.465588
-2.221599,3,1163.559904
-1.125146,2,1163.654622
-1.079368,2,1163.724761
-2.257697,3,1163.833483
-2.191865,3,1163.926504
-2.192737,3,1164.016349
-3.297895,4,1164.162632
-1.111046,2,1164.253513
-2.159365,3,1164.358653
-2.189364,3,1164.506619
-1.114767,2,1164.606688
-2.265999,3,1164.752428
-0.032763,1,1164.782615
-3.282505,4,1164.950191
-2.209034,3,1165.07978
-1.12518,2,1165.177928
-1.097773,2,1165.25039
-3.433964,4,1165.406144
-1.093319,2,1165.496017
-2.221085,3,1165.602846
-3.321693,4,1165.75796
-3.284967,4,1165.90038
-2.230151,3,1166.004093
-1.064149,2,1166.073599
-0.044484,1,1166.106394
-1.143137,2,1166.179516
-1.086053,2,1166.23536
-2.242973,3,1166.326805
-3.365681,4,1166.430769
-1.049835,2,1166.490036
-0.022154,1,1166.526833
-1.078861,2,1166.592703
-2.165315,3,1166.682477
-2.211422,3,1166.776634
-2.161339,3,1166.876489
-1.072609,2,1166.949504
-0.05223,1,1166.98506
-1.120363,2,1167.067039
-1.106973,2,1167.143492
-2.310494,3,1167.261441
-2.172912,3,1167.374681
-3.343687,4,1167.527989
-2.229866,3,1167.634552
-1.132384,2,1167.720172
-2.200113,3,1167.831558
-2.254306,3,1167.934444
-3.288926,4,1168.091031
-3.347641,4,1168.251412
-2.198244,3,1168.360538
-1.082816,2,1168.443492
-1.082333,2,1168.537946
-1.121848,2,1168.626875
-1.146907,2,1168.698521
-1.123485,2,1168.768084
-0.048601,1,1168.809774
-2.18745,3,1168.935535
-2.214346,3,1169.049045
-2.203713,3,1169.188147
-2.224927,3,1169.298641
-2.261402,3,1169.425626
-0.044658,1,1169.461586
-3.353921,4,1169.622547
-0.041625,1,1169.660514
-3.279619,4,1169.830541
-2.239375,3,1169.933916
-2.280726,3,1170.02972
-2.267572,3,1170.13645
-3.353158,4,1170.293132
-2.227184,3,1170.416434
-2.206966,3,1170.549523
-1.13497,2,1170.616723
-2.228981,3,1170.72037
-0.046182,1,1170.757941
-2.15164,3,1170.853465
-2.1743,3,1170.960255
-1.084829,2,1171.01896
-3.317249,4,1171.14477
-1.081565,2,1171.223432
-3.412927,4,1171.372475
-2.231733,3,1171.511862
-3.394868,4,1171.653401
-1.101712,2,1171.738081
-1.102613,2,1171.831499
-2.253828,3,1171.936521
-1.132809,2,1172.004137
-1.095954,2,1172.08811
-3.398289,4,1172.256411
-2.198205,3,1172.388259
-2.236184,3,1172.499677
-0.044608,1,1172.541511
-2.183676,3,1172.644485
-1.096949,2,1172.720539
-0.043653,1,1172.761614
-1.119715,2,1172.832477
-2.190403,3,1172.949492
-3.378123,4,1173.092014
-1.102712,2,1173.174431
-0.012473,1,1173.222667
-3.370252,4,1173.372545
-2.144658,3,1173.491969
-0.002858,1,1173.526626
-3.3435,4,1173.688521
-1.060725,2,1173.765599
-0.007751,1,1173.80233
-2.159293,3,1173.913573
-2.161042,3,1174.000462
-3.336107,4,1174.136482
-2.273555,3,1174.256503
-2.194225,3,1174.355412
-1.09187,2,1174.425353
-0.052662,1,1174.465425
-1.077633,2,1174.53464
-3.375379,4,1174.658826
-3.275113,4,1174.795876
-0.05092,1,1174.832236
-1.07662,2,1174.91549
-3.264303,4,1175.042597
-2.248825,3,1175.159607
-3.276492,4,1175.302649
-3.305162,4,1175.44137
-1.129808,2,1175.516516
-2.221664,3,1175.645415
-3.332425,4,1175.785956
-1.13208,2,1175.879513
-1.090058,2,1175.975497
-1.075675,2,1176.039854
-2.245167,3,1176.151384
-2.22373,3,1176.280183
-2.244883,3,1176.398975
-1.126493,2,1176.485069
-0.039878,1,1176.519369
-0.041945,1,1176.56644
-2.219867,3,1176.681613
-2.193133,3,1176.793344
-2.188258,3,1176.910668
-1.108251,2,1176.969474
-1.129171,2,1177.046406
-1.1264,2,1177.133459
-3.360017,4,1177.318534
-3.289127,4,1177.492738
-2.186223,3,1177.625448
-1.124038,2,1177.705107
-3.37748,4,1177.878925
-0.051209,1,1177.915601
-1.096741,2,1177.994915
-2.201723,3,1178.09907
-2.235329,3,1178.23245
-3.363313,4,1178.393642
-2.165391,3,1178.480588
-3.386069,4,1178.613737
-3.35128,4,1178.742521
-3.385402,4,1178.918869
-3.280719,4,1179.063631
-1.063427,2,1179.143623
-2.176325,3,1179.250801
-2.193335,3,1179.351366
-2.188879,3,1179.447992
-2.254009,3,1179.56354
-2.226613,3,1179.68865
-3.29944,4,1179.849016
-1.123946,2,1179.925678
-2.263328,3,1180.018112
-1.104045,2,1180.092933
-2.23783,3,1180.204587
-2.249314,3,1180.324632
-3.412977,4,1180.469991
-1.119329,2,1180.545561
-3.302074,4,1180.709805
-2.210849,3,1180.829459
-2.198295,3,1180.928861
-3.298908,4,1181.048596
-3.409243,4,1181.168894
-2.23914,3,1181.27909
-2.156515,3,1181.390041
-3.280977,4,1181.538114
-1.12471,2,1181.620501
-1.071117,2,1181.689113
-3.291243,4,1181.815911
-3.294777,4,1181.960531
-1.07716,2,1182.028059
-2.254765,3,1182.125813
-3.425353,4,1182.236433
-1.120802,2,1182.290029
-2.179519,3,1182.382578
-2.230458,3,1182.469746
-1.13083,2,1182.532303
-2.167574,3,1182.611599
-2.202879,3,1182.699475
-2.169514,3,1182.789636
-0.032009,1,1182.819756
-2.245512,3,1182.897888
-3.288222,4,1183.011763
-2.234956,3,1183.087242
-2.22932,3,1183.156492
-2.249782,3,1183.23447
-2.203309,3,1183.338035
-2.181903,3,1183.444441
-1.103892,2,1183.502762
-0.017675,1,1183.540406
-0.027399,1,1183.580464
-3.307417,4,1183.701602
-1.089262,2,1183.767167
-1.100019,2,1183.83054
-0.018936,1,1183.86659
-3.346651,4,1183.951555
-1.137891,2,1184.008311
-2.207514,3,1184.107101
-1.121518,2,1184.182546
-0.01242,1,1184.212339
-2.240713,3,1184.284458
-3.304208,4,1184.411772
-2.178208,3,1184.510538
-1.078172,2,1184.584602
-3.368137,4,1184.721476
-2.274587,3,1184.80088
-3.377207,4,1184.933577
-3.401866,4,1185.046866
-0.044998,1,1185.071735
-2.273803,3,1185.169579
-3.361012,4,1185.274536
-3.408281,4,1185.385526
-1.080412,2,1185.442486
-2.209568,3,1185.514605
-1.114235,2,1185.578648
-1.123411,2,1185.645505
-3.370227,4,1185.750579
-2.265001,3,1185.83237
-3.308127,4,1185.944644
-1.129219,2,1186.004568
-2.249494,3,1186.09959
-2.146182,3,1186.186003
-0.046701,1,1186.21664
-2.226559,3,1186.299928
-3.352092,4,1186.405711
-3.369458,4,1186.513714
-0.034593,1,1186.546384
-3.345676,4,1186.647959
-3.415067,4,1186.751434
-2.136876,3,1186.823452
-1.101515,2,1186.876544
-2.231615,3,1186.979529
-2.216178,3,1187.068168
-1.066549,2,1187.117875
-1.107176,2,1187.190517
-2.2255,3,1187.279098
-1.102875,2,1187.328899
-1.120881,2,1187.36896
-2.293091,3,1187.442658
-2.217735,3,1187.512717
-2.239428,3,1187.595027
-2.222084,3,1187.671614
-2.213422,3,1187.761517
-2.252146,3,1187.841498
-2.293533,3,1187.927973
-2.185392,3,1188.00878
-2.265897,3,1188.099659
-2.176459,3,1188.176469
-1.159112,2,1188.231604
-2.193273,3,1188.310679
-3.303516,4,1188.440195
-3.29386,4,1188.551847
-2.18219,3,1188.628873
-2.190224,3,1188.709477
-0.015315,1,1188.746698
-2.185404,3,1188.851582
-1.098728,2,1188.931434
-1.154622,2,1188.994746
-0.048849,1,1189.043628
-2.219181,3,1189.135672
-2.217736,3,1189.240494
-2.24788,3,1189.332553
-2.160703,3,1189.453503
-2.180788,3,1189.590693
-1.079291,2,1189.683073
-3.286056,4,1189.879524
-2.2003,3,1190.015622
-3.298354,4,1190.172406
-1.098459,2,1190.255369
-1.119819,2,1190.330574
-1.111577,2,1190.390872
-2.251226,3,1190.512389
-2.234734,3,1190.62885
-2.249592,3,1190.759515
-3.385447,4,1190.932527
-1.140831,2,1191.006399
-3.310336,4,1191.14797
-2.201496,3,1191.250266
-2.184766,3,1191.351622
-3.364938,4,1191.503541
-1.1219,2,1191.570201
-0.051002,1,1191.604763
-2.226546,3,1191.70657
-3.30083,4,1191.868096
-0.032934,1,1191.905678
-2.251218,3,1192.00658
-2.238041,3,1192.119619
-0.038473,1,1192.152566
-2.213676,3,1192.275627
-1.094848,2,1192.344524
-1.112274,2,1192.424681
-2.179162,3,1192.536644
-2.283591,3,1192.655552
-2.206168,3,1192.769013
-2.206267,3,1192.88547
-0.024212,1,1192.92154
-2.172411,3,1193.027973
-2.247634,3,1193.143673
-3.316144,4,1193.288097
-1.086482,2,1193.352462
-3.266349,4,1193.485373
-2.255454,3,1193.600338
-1.070143,2,1193.695447
-3.430944,4,1193.875614
-1.129022,2,1193.981568
-1.05274,2,1194.07943
-2.248328,3,1194.214623
-0.035877,1,1194.251415
-2.262494,3,1194.376624
-2.237615,3,1194.486622
-2.206312,3,1194.629678
-2.207601,3,1194.736508
-2.241202,3,1194.861551
-0.05811,1,1194.903616
-3.335799,4,1195.036541
-0.02711,1,1195.059081
-0.01094,1,1195.095395
-2.201484,3,1195.227314
-0.050964,1,1195.271565
-1.128221,2,1195.349534
-1.069663,2,1195.419841
-1.074207,2,1195.504629
-3.292513,4,1195.680602
-1.067536,2,1195.764554
-1.102549,2,1195.820051
-2.240691,3,1195.94242
-1.128808,2,1196.02456
-2.208558,3,1196.137968
-1.164033,2,1196.212598
-2.217677,3,1196.330505
-2.245298,3,1196.468677
-3.396983,4,1196.623603
-2.223802,3,1196.731492
-3.283504,4,1196.885477
-2.232111,3,1197.005821
-2.232129,3,1197.093558
-2.240868,3,1197.191412
-0.056187,1,1197.232489
-0.052072,1,1197.263548
-1.11283,2,1197.329672
-1.072176,2,1197.384576
-0.006037,1,1197.423769
-3.37083,4,1197.562548
-2.190183,3,1197.672367
-3.330632,4,1197.821611
-2.16047,3,1197.956388
-2.232652,3,1198.072591
-0.023027,1,1198.116699
-3.367518,4,1198.323634
-1.115265,2,1198.426535
-2.193411,3,1198.570256
-3.336597,4,1198.747009
-3.381819,4,1198.936444
-2.188819,3,1199.077959
-3.339348,4,1199.264663
-2.253433,3,1199.38255
-2.228701,3,1199.506626
-3.31869,4,1199.690454
-0.00918,1,1199.727918
-2.18819,3,1199.852607
-1.074718,2,1199.922399
-1.08148,2,1200.00667
-3.316352,4,1200.163417
-1.145975,2,1200.228701
-1.123572,2,1200.305558
-1.066543,2,1200.38239
-1.127402,2,1200.463678
-1.100827,2,1200.540641
-3.306286,4,1200.69299
-0.006741,1,1200.729673
-1.082721,2,1200.820616
-3.395251,4,1201.004649
-2.16837,3,1201.10873
-2.158444,3,1201.224856
-0.02863,1,1201.27111
-2.187163,3,1201.363599
-2.184953,3,1201.443506
-3.351492,4,1201.565501
-1.126268,2,1201.631522
-1.087219,2,1201.696883
-0.042437,1,1201.723426
-2.244827,3,1201.825681
-2.220226,3,1201.942544
-1.109547,2,1202.006396
-3.324126,4,1202.136376
-1.093851,2,1202.220278
-3.339196,4,1202.36818
-0.013724,1,1202.394869
-2.225326,3,1202.497128
-2.190906,3,1202.596895
-2.166795,3,1202.733384
-2.227736,3,1202.862539
-2.288762,3,1202.972568
-2.219109,3,1203.079614
-0.041989,1,1203.125391
-2.219925,3,1203.254571
-3.352768,4,1203.422599
-2.208016,3,1203.526202
-1.136803,2,1203.62873
-3.335757,4,1203.811682
-1.069417,2,1203.898516
-3.397564,4,1204.064568
-2.265063,3,1204.179414
-3.404531,4,1204.34145
-2.256703,3,1204.469504
-3.359901,4,1204.644876
-3.290284,4,1204.824729
-3.321583,4,1205.021786
-1.120439,2,1205.097091
-0.020658,1,1205.136486
-1.113111,2,1205.228804
-2.275509,3,1205.364444
-2.184083,3,1205.465492
-1.115797,2,1205.552519
-0.020601,1,1205.586569
-3.289074,4,1205.718908
-3.323956,4,1205.831523
-2.250047,3,1205.936274
-1.097134,2,1206.023834
-1.139922,2,1206.086452
-0.038535,1,1206.119607
-2.175879,3,1206.24561
-2.140465,3,1206.38949
-2.168409,3,1206.511416
-1.136362,2,1206.563997
-2.279268,3,1206.649586
-3.338422,4,1206.762519
-3.320527,4,1206.909967
-2.269897,3,1207.016764
-2.226807,3,1207.11384
-3.283587,4,1207.246058
-2.249583,3,1207.354382
-2.283367,3,1207.447968
-1.136828,2,1207.515672
-3.376231,4,1207.659435
-3.374796,4,1207.784437
-2.192196,3,1207.885455
-3.345588,4,1208.008078
-3.319265,4,1208.119587
-1.128411,2,1208.179798
-2.232918,3,1208.276609
-0.044084,1,1208.298647
-3.414008,4,1208.426819
-0.024116,1,1208.454415
-0.024317,1,1208.491485
-2.257141,3,1208.591556
-3.332771,4,1208.756439
-2.228741,3,1208.890596
-2.251233,3,1208.995967
-3.363063,4,1209.125705
-2.225248,3,1209.266539
-2.227313,3,1209.380518
-1.118683,2,1209.445727
-3.325694,4,1209.586592
-2.267197,3,1209.683534
-2.2001,3,1209.799026
-2.295549,3,1209.919833
-2.19938,3,1210.02438
-3.345504,4,1210.148904
-2.199611,3,1210.246431
-3.4024,4,1210.358034
-1.10348,2,1210.426453
-1.119306,2,1210.488068
-3.365644,4,1210.649536
-2.162916,3,1210.735871
-2.241125,3,1210.855412
-2.185068,3,1210.99246
-3.291873,4,1211.116833
-2.241192,3,1211.206735
-2.294486,3,1211.318785
-2.157041,3,1211.420747
-3.349529,4,1211.559058
-0.049459,1,1211.589612
-3.292018,4,1211.718038
-3.284321,4,1211.851842
-2.188811,3,1211.941523
-1.120879,2,1212.011331
-2.226445,3,1212.10169
-0.018836,1,1212.135532
-2.286833,3,1212.244546
-3.297033,4,1212.412643
-1.061306,2,1212.486526
-2.235801,3,1212.613108
-3.352828,4,1212.741587
-0.037846,1,1212.784323
-1.109128,2,1212.865633
-2.200126,3,1212.984516
-1.122838,2,1213.058695
-2.263457,3,1213.156801
-1.144986,2,1213.240595
-2.172407,3,1213.352482
-1.109646,2,1213.426403
-1.090913,2,1213.494517
-1.154253,2,1213.587997
-0.040854,1,1213.628353
-1.059299,2,1213.691628
-3.370978,4,1213.848892
-1.112353,2,1213.925976
-2.162853,3,1214.028752
-3.312421,4,1214.152461
-3.278706,4,1214.290622
-0.033175,1,1214.330469
-1.118582,2,1214.436488
-0.033543,1,1214.485565
-3.343401,4,1214.669595
-1.084103,2,1214.741467
-2.282106,3,1214.869456
-1.087536,2,1214.952463
-3.334792,4,1215.097067
-2.186356,3,1215.193152
-3.401046,4,1215.346571
-3.29087,4,1215.488069
-0.015157,1,1215.5267
-0.037987,1,1215.553525
-2.287956,3,1215.668982
-1.104429,2,1215.734462
-2.248323,3,1215.831728
-2.156071,3,1215.941288
-2.243971,3,1216.038852
-3.378696,4,1216.176614
-1.116174,2,1216.231325
-2.205325,3,1216.344559
-1.126445,2,1216.419342
-2.23377,3,1216.535621
-2.20781,3,1216.644626
-2.234675,3,1216.729595
-2.196958,3,1216.853342
-1.114638,2,1216.928059
-0.038861,1,1216.965621
-2.223964,3,1217.084541
-3.397495,4,1217.223679
-2.234804,3,1217.329122
-0.017506,1,1217.346648
-2.205934,3,1217.445397
-2.276438,3,1217.540779
-3.405968,4,1217.656482
-2.218871,3,1217.775453
-1.150158,2,1217.862516
-1.11385,2,1217.939804
-0.049741,1,1217.97501
-2.167242,3,1218.099129
-2.215028,3,1218.205581
-3.351091,4,1218.359075
-1.053197,2,1218.421679
-0.043518,1,1218.460516
-2.198891,3,1218.552395
-3.299928,4,1218.689561
-1.08992,2,1218.758001
-1.125799,2,1218.826684
-2.256784,3,1218.94145
-1.084487,2,1219.016724
-3.28111,4,1219.140515
-1.104069,2,1219.203751
-2.172476,3,1219.313376
-1.131784,2,1219.388005
-3.321535,4,1219.542587
-2.184189,3,1219.65898
-1.058928,2,1219.726579
-2.194583,3,1219.83555
-2.242445,3,1219.936431
-2.23161,3,1220.044606
-3.299219,4,1220.169632
-2.230635,3,1220.268728
-0.051663,1,1220.30642
-2.220487,3,1220.418106
-2.215728,3,1220.558383
-3.394851,4,1220.726515
-2.28192,3,1220.854487
-2.254441,3,1220.918111
-3.305209,4,1221.003553
-2.263027,3,1221.108024
-2.17898,3,1221.212542
-2.212319,3,1221.336504
-2.210102,3,1221.476816
-1.072831,2,1221.576282
-2.189248,3,1221.694003
-0.032914,1,1221.745426
-0.030307,1,1221.779493
-2.234506,3,1221.889862
-2.280236,3,1222.001564
-2.234275,3,1222.094136
-2.275717,3,1222.189629
-3.306254,4,1222.340354
-2.24839,3,1222.452508
-2.26135,3,1222.590524
-3.393693,4,1222.726221
-3.437644,4,1222.885445
-2.260934,3,1223.003641
-1.105089,2,1223.085474
-3.305649,4,1223.231618
-3.438878,4,1223.400574
-1.134271,2,1223.486922
-1.049765,2,1223.568453
-1.097161,2,1223.653553
-3.273727,4,1223.818084
-2.150918,3,1223.929525
-2.225852,3,1224.036457
-0.032422,1,1224.086536
-3.384473,4,1224.279681
-2.290302,3,1224.403315
-1.094607,2,1224.486862
-2.261576,3,1224.611836
-2.223839,3,1224.728105
-1.147397,2,1224.805476
-3.43857,4,1224.979081
-2.274715,3,1225.123609
-0.012979,1,1225.179875
-1.132929,2,1225.264591
-2.226099,3,1225.397333
-2.197586,3,1225.541616
-2.197157,3,1225.671559
-1.061905,2,1225.757961
-1.133066,2,1225.84185
-3.276339,4,1225.989598
-2.216983,3,1226.101937
-2.276949,3,1226.211692
-2.176464,3,1226.342574
-3.313748,4,1226.503607
-2.164704,3,1226.614251
-2.259527,3,1226.717247
-3.299749,4,1226.8565
-3.375335,4,1227.024759
-1.090703,2,1227.113723
-3.339565,4,1227.300491
-1.109125,2,1227.374474
-1.12073,2,1227.462502
-2.176657,3,1227.61607
-2.256381,3,1227.710754
-2.214415,3,1227.831129
-2.164371,3,1227.914999
-1.140884,2,1227.990561
-1.089174,2,1228.0489
-2.284335,3,1228.151392
-2.244096,3,1228.246655
-0.015382,1,1228.285832
-2.202174,3,1228.403113
-0.041041,1,1228.447998
-1.147737,2,1228.52665
-3.293842,4,1228.696481
-3.35954,4,1228.85559
-2.191932,3,1228.970714
-2.214815,3,1229.089459
-0.052132,1,1229.146572
-1.146205,2,1229.196835
-3.335538,4,1229.338136
-2.232485,3,1229.4436
-2.248028,3,1229.532755
-2.216666,3,1229.620741
-1.096077,2,1229.685514
-1.120177,2,1229.765563
-1.104732,2,1229.847923
-2.224109,3,1229.939395
-1.119948,2,1230.006009
-2.208993,3,1230.084415
-3.29474,4,1230.214646
-2.240103,3,1230.302724
-2.183898,3,1230.414044
-0.044006,1,1230.444474
-2.220678,3,1230.556558
-3.279029,4,1230.696551
-2.182683,3,1230.80494
-1.092757,2,1230.883642
-2.199709,3,1230.97872
-0.037353,1,1231.01197
-2.210504,3,1231.101479
-1.101508,2,1231.145706
-1.077294,2,1231.251443
-3.293636,4,1231.398308
-1.129703,2,1231.49159
-3.432792,4,1231.653666
-3.276429,4,1231.823757
-1.096984,2,1231.906998
-2.166493,3,1232.007075
-0.008829,1,1232.03824
-2.279971,3,1232.128762
-3.302096,4,1232.244584
-2.247716,3,1232.38349
-0.037815,1,1232.42657
-1.088054,2,1232.541457
-1.128166,2,1232.636889
-2.237347,3,1232.789068
-1.138872,2,1232.884582
-3.336168,4,1233.054825
-2.1695,3,1233.188018
-3.323864,4,1233.371577
-1.141296,2,1233.447896
-1.113741,2,1233.531832
-3.373133,4,1233.717888
-2.19001,3,1233.844453
-3.3341,4,1234.008862
-2.249014,3,1234.11876
-0.032897,1,1234.15545
-1.096505,2,1234.255567
-3.249653,4,1234.441806
-0.040722,1,1234.493573
-2.198331,3,1234.638821
-3.317473,4,1234.812128
-3.257385,4,1234.98651
-2.275877,3,1235.131835
-3.339009,4,1235.336709
-2.185865,3,1235.483469
-2.224554,3,1235.644791
-1.14084,2,1235.748742
-2.221249,3,1235.899567
-0.027657,1,1235.943834
-3.308162,4,1236.128831
-2.321267,3,1236.290576
-1.103286,2,1236.3906
-2.202394,3,1236.530791
-3.360092,4,1236.693518
-3.308942,4,1236.848123
-3.349712,4,1237.016344
-1.05018,2,1237.103438
-2.202484,3,1237.243847
-0.005867,1,1237.303559
-0.041137,1,1237.355505
-3.321165,4,1237.556445
-2.259042,3,1237.701353
-2.228302,3,1237.850438
-3.320967,4,1238.004568
-1.073191,2,1238.098912
-1.115358,2,1238.176455
-1.115053,2,1238.276402
-3.301252,4,1238.470433
-3.266218,4,1238.643577
-2.204563,3,1238.775666
-0.024237,1,1238.823965
-3.354768,4,1239.005492
-2.213157,3,1239.141846
-1.070573,2,1239.266606
-2.210475,3,1239.440603
-2.205265,3,1239.57455
-3.331986,4,1239.769583
-1.149845,2,1239.87642
-2.202161,3,1240.036552
-2.145252,3,1240.183621
-2.261011,3,1240.332603
-1.124331,2,1240.420042
-3.34513,4,1240.608678
-2.24863,3,1240.765555
-1.082147,2,1240.866589
-1.114311,2,1240.968138
-1.081813,2,1241.066455
-2.210184,3,1241.182431
-3.255649,4,1241.37651
-1.133336,2,1241.460543
-1.143176,2,1241.554643
-3.290137,4,1241.720801
-1.090273,2,1241.788649
-3.380158,4,1241.942831
-2.206811,3,1242.058079
-3.297809,4,1242.201485
-2.212538,3,1242.292617
-2.215966,3,1242.370173
-0.033469,1,1242.403548
-2.256651,3,1242.484846
-2.235998,3,1242.604317
-2.223441,3,1242.708149
-2.236227,3,1242.830765
-3.297543,4,1242.963463
-1.136772,2,1243.030127
-3.33879,4,1243.159087
-2.201291,3,1243.268092
-3.359453,4,1243.442505
-2.269898,3,1243.558961
-2.22138,3,1243.670512
-1.060216,2,1243.758143
-2.269468,3,1243.849505
-3.302354,4,1243.976483
-0.030572,1,1244.004885
-1.09451,2,1244.069524
-1.122179,2,1244.132626
-3.323726,4,1244.236594
-1.122256,2,1244.291519
-2.179782,3,1244.378736
-2.267048,3,1244.465557
-1.126002,2,1244.522391
-2.186491,3,1244.603519
-1.140165,2,1244.676623
-2.230587,3,1244.761642
-3.294116,4,1244.884532
-2.256942,3,1244.976439
-1.135217,2,1245.030311
-3.318539,4,1245.141736
-2.130815,3,1245.233404
-3.331625,4,1245.335299
-0.031322,1,1245.36805
-2.147269,3,1245.466509
-1.14913,2,1245.526624
-0.033253,1,1245.554467
-2.164482,3,1245.634609
-2.217284,3,1245.739129
-2.297616,3,1245.843426
-1.116299,2,1245.907031
-1.098903,2,1245.97143
-1.070273,2,1246.047196
-2.184519,3,1246.152865
-1.112008,2,1246.225479
-1.1109,2,1246.315691
-3.279697,4,1246.453561
-3.330176,4,1246.603958
-1.123039,2,1246.672563
-0.042737,1,1246.727217
-0.051114,1,1246.760598
-1.135611,2,1246.838785
-0.008399,1,1246.869608
-2.187341,3,1246.9626
-2.251515,3,1247.031468
-1.119173,2,1247.086554
-2.1975,3,1247.161881
-2.238313,3,1247.242624
-0.013478,1,1247.280583
-2.186856,3,1247.369509
-2.161441,3,1247.463686
-3.297622,4,1247.585443
-2.20539,3,1247.64954
-3.301101,4,1247.744302
-1.114082,2,1247.799544
-0.008163,1,1247.828082
-2.189612,3,1247.89047
-2.205414,3,1247.973592
-2.23874,3,1248.076569
-1.132975,2,1248.140757
-2.216881,3,1248.21648
-2.230038,3,1248.296598
-0.015204,1,1248.32664
-2.242641,3,1248.400778
-2.19453,3,1248.481536
-3.290588,4,1248.604864
-2.175344,3,1248.698689
-3.27752,4,1248.801607
-1.126697,2,1248.850674
-2.18815,3,1248.943643
-2.2042,3,1249.013064
-2.257762,3,1249.099556
-1.056265,2,1249.153534
-2.196577,3,1249.240023
-3.311052,4,1249.35053
-1.136298,2,1249.414773
-1.140434,2,1249.47563
-2.250122,3,1249.561487
-1.074581,2,1249.612564
-2.147324,3,1249.709511
-2.273297,3,1249.806448
-0.040363,1,1249.848021
-1.139122,2,1249.899106
-2.194423,3,1250.006581
-2.233229,3,1250.089407
-2.229563,3,1250.182714
-1.135817,2,1250.233777
-1.11691,2,1250.293519
-1.146487,2,1250.34709
-2.23712,3,1250.442532
-2.248362,3,1250.542379
-0.055781,1,1250.572425
-3.294497,4,1250.688992
-3.360082,4,1250.842315
-2.217985,3,1250.938881
-2.194023,3,1251.031392
-2.235059,3,1251.119843
-2.216446,3,1251.208852
-3.354507,4,1251.336601
-1.097359,2,1251.398915
-0.036213,1,1251.438087
-0.0291,1,1251.469134
-1.135907,2,1251.53651
-3.2626,4,1251.680639
-1.11248,2,1251.752259
-1.095792,2,1251.813046
-2.205319,3,1251.912073
-0.008895,1,1251.941807
-3.272765,4,1252.05673
-2.283928,3,1252.149391
-2.204907,3,1252.228128
-2.233299,3,1252.32688
-3.437774,4,1252.441379
-2.23229,3,1252.53278
-1.069944,2,1252.586596
-2.277709,3,1252.680911
-2.192432,3,1252.765501
-2.157384,3,1252.86243
-1.131577,2,1252.919029
-3.315147,4,1253.049129
-2.260333,3,1253.143463
-2.246267,3,1253.256518
-0.047862,1,1253.295586
-1.150046,2,1253.361307
-2.239929,3,1253.460051
-0.014791,1,1253.493429
-2.253389,3,1253.606534
-1.113081,2,1253.67954
-2.271814,3,1253.771512
-2.258329,3,1253.868321
-2.165094,3,1254.006566
-1.080117,2,1254.12681
-2.256354,3,1254.216644
-2.228489,3,1254.300628
-2.262849,3,1254.400608
-2.221921,3,1254.486487
-3.32317,4,1254.606548
-2.195394,3,1254.694547
-1.148154,2,1254.761462
-2.229955,3,1254.845832
-2.167775,3,1254.918805
-2.237435,3,1255.000562
-2.193311,3,1255.085456
-0.045738,1,1255.117019
-1.078794,2,1255.157998
-0.039444,1,1255.190995
-2.253927,3,1255.272542
-0.011449,1,1255.303596
-3.338126,4,1255.41414
-2.210308,3,1255.495598
-2.256374,3,1255.576329
-3.356679,4,1255.69252
-3.337346,4,1255.798128
-1.147063,2,1255.846627
-2.225861,3,1255.924042
-3.315352,4,1256.049471
-1.103531,2,1256.114082
-1.121803,2,1256.168668
-0.034614,1,1256.196461
-2.179474,3,1256.291521
-1.134628,2,1256.345406
-1.102444,2,1256.404506
-2.213033,3,1256.493463
-2.196418,3,1256.582468
-3.381195,4,1256.70164
-1.084457,2,1256.759507
-2.271618,3,1256.837902
-2.221207,3,1256.927034
-3.383066,4,1257.031824
-2.19213,3,1257.134574
-2.299288,3,1257.227343
-2.221457,3,1257.331834
-3.299191,4,1257.443781
-2.266264,3,1257.571543
-2.241717,3,1257.6745
-1.130561,2,1257.732584
-1.099134,2,1257.811442
-2.304963,3,1257.920672
-2.259499,3,1257.99899
-2.199336,3,1258.091547
-2.204972,3,1258.183607
-0.013587,1,1258.212788
-3.387621,4,1258.342403
-0.026682,1,1258.37146
-1.088864,2,1258.43168
-0.02507,1,1258.460485
-2.187619,3,1258.548002
-0.035233,1,1258.579553
-1.120103,2,1258.640731
-1.108065,2,1258.704525
-2.263768,3,1258.800629
-3.355386,4,1258.919063
-2.232502,3,1259.001572
-2.218148,3,1259.094485
-1.091802,2,1259.156593
-3.362837,4,1259.288055
-1.115997,2,1259.355607
-2.151649,3,1259.466521
-2.26467,3,1259.576535
-1.108354,2,1259.655451
-3.37187,4,1259.805462
-0.039309,1,1259.843398
-0.023939,1,1259.890472
-1.134739,2,1259.959846
-3.392096,4,1260.1268
-3.248606,4,1260.276421
-2.176483,3,1260.372582
-1.132599,2,1260.439959
-2.238276,3,1260.559587
-2.18839,3,1260.678947
-2.223266,3,1260.788971
-2.216785,3,1260.879979
-2.245156,3,1260.982866
-3.325581,4,1261.128219
-2.258683,3,1261.236594
-0.015918,1,1261.274585
-0.017394,1,1261.299126
-2.248841,3,1261.398012
-2.229814,3,1261.504548
-2.197933,3,1261.618639
-2.175462,3,1261.730725
-3.409835,4,1261.868885
-2.242483,3,1261.974627
-3.44402,4,1262.132435
-0.031734,1,1262.164482
-1.149923,2,1262.231715
-2.235458,3,1262.343623
-3.303269,4,1262.48865
-3.310521,4,1262.615883
-3.288177,4,1262.736967
-0.047955,1,1262.764326
-1.060232,2,1262.828956
-2.177182,3,1262.90353
-3.410698,4,1263.014599
-3.281594,4,1263.136057
-2.257277,3,1263.235657
-1.121917,2,1263.303503
-2.249744,3,1263.402997
-2.225571,3,1263.501381
-1.080364,2,1263.560714
-0.014914,1,1263.591401
-1.062756,2,1263.643449
-1.115963,2,1263.695691
-1.087658,2,1263.765609
-3.300522,4,1263.886514
-2.211041,3,1263.988899
-3.298552,4,1264.102785
-3.29572,4,1264.224576
-3.43813,4,1264.336389
-0.017803,1,1264.36644
-1.126691,2,1264.43272
-2.193666,3,1264.526642
-2.183988,3,1264.612532
-2.164342,3,1264.706515
-2.17409,3,1264.7996
-0.041607,1,1264.833251
-0.031449,1,1264.868075
-2.247489,3,1264.964622
-2.190353,3,1265.052561
-2.260004,3,1265.136542
-0.015282,1,1265.163592
-0.021892,1,1265.195645
-2.243509,3,1265.281517
-2.199199,3,1265.366379
-3.292099,4,1265.485485
-1.096916,2,1265.53908
-1.102968,2,1265.601564
-2.194526,3,1265.699748
-0.043106,1,1265.724108
-2.239607,3,1265.806677
-0.013897,1,1265.832548
-3.420132,4,1265.956484
-1.069859,2,1266.012669
-2.159027,3,1266.086468
-2.241649,3,1266.174462
-2.306896,3,1266.260503
-2.246476,3,1266.341263
-3.333328,4,1266.446691
-2.218304,3,1266.542726
-2.176366,3,1266.632666
-1.147407,2,1266.692526
-2.180962,3,1266.791322
-1.094675,2,1266.846526
-1.078737,2,1266.921233
-2.191584,3,1267.019115
-2.280101,3,1267.138188
-2.265897,3,1267.231619
-3.343077,4,1267.368402
-0.05033,1,1267.399512
-2.255779,3,1267.489532
-2.300632,3,1267.589556
-2.189211,3,1267.701556
-2.190347,3,1267.796539
-3.296227,4,1267.923713
-1.125294,2,1267.991449
-2.214845,3,1268.082452
-3.420772,4,1268.214524
-3.311335,4,1268.342715
-2.252917,3,1268.450359
-1.103555,2,1268.533742
-2.180554,3,1268.639489
-1.0941,2,1268.688055
-2.240263,3,1268.793529
-2.191307,3,1268.899533
-2.226545,3,1269.002564
-0.017936,1,1269.031708
-2.236346,3,1269.120795
-0.050197,1,1269.163527
-2.164882,3,1269.254381
-1.12161,2,1269.331661
-2.268918,3,1269.447979
-1.10974,2,1269.511108
-1.124046,2,1269.569443
-2.218799,3,1269.669039
-2.264596,3,1269.77896
-1.155682,2,1269.842534
-2.195719,3,1269.932407
-1.089455,2,1269.990499
-0.041504,1,1270.009054
-1.0611,2,1270.061353
-2.24539,3,1270.149495
-2.241766,3,1270.234632
-1.092973,2,1270.292497
-3.350916,4,1270.404537
-2.244263,3,1270.502887
-2.198793,3,1270.586639
-2.231003,3,1270.660327
-1.119011,2,1270.714741
-3.307981,4,1270.833623
-3.392233,4,1270.944605
-3.313919,4,1271.043529
-1.066753,2,1271.109633
-2.177954,3,1271.200503
-2.242915,3,1271.280625
-2.197786,3,1271.355504
-1.063975,2,1271.401579
-1.120688,2,1271.458196
-0.056392,1,1271.488388
-1.082395,2,1271.541633
-1.097097,2,1271.605623
-0.02435,1,1271.629445
-2.203136,3,1271.710674
-2.222134,3,1271.798627
-2.243972,3,1271.884472
-2.272733,3,1271.975467
-2.252399,3,1272.054548
-2.159724,3,1272.141823
-2.187444,3,1272.22642
-1.110121,2,1272.284525
-2.210911,3,1272.361644
-2.227893,3,1272.441451
-2.175706,3,1272.532599
-1.151543,2,1272.596532
-3.448736,4,1272.710582
-2.208233,3,1272.781581
-0.042873,1,1272.81163
-1.13258,2,1272.870486
-2.245253,3,1272.954478
-0.053254,1,1272.980904
-0.051756,1,1273.016596
-3.304834,4,1273.131357
-2.163795,3,1273.212495
-2.179926,3,1273.309697
-1.103853,2,1273.369519
-2.258503,3,1273.474543
-1.131097,2,1273.53865
-2.133074,3,1273.632455
-3.279831,4,1273.756428
-0.016084,1,1273.785478
-2.169967,3,1273.880406
-2.218641,3,1273.974587
-2.171706,3,1274.084605
-2.186027,3,1274.206626
-2.247804,3,1274.277995
-3.402482,4,1274.415582
-2.152903,3,1274.514814
-0.022803,1,1274.555495
-2.277299,3,1274.674338
-2.182048,3,1274.782675
-1.100084,2,1274.866594
-2.224764,3,1275.004627
-3.300412,4,1275.138722
-0.033798,1,1275.17644
-3.374091,4,1275.32988
-0.023818,1,1275.380542
-3.343713,4,1275.555468
-1.151057,2,1275.642635
-3.385426,4,1275.831392
-1.122749,2,1275.922562
-2.278575,3,1276.070507
-2.190804,3,1276.21439
-1.107349,2,1276.293479
-2.213371,3,1276.406814
-3.380811,4,1276.587089
-2.165412,3,1276.730665
-2.280104,3,1276.871802
-1.101292,2,1276.938061
-2.234034,3,1277.030639
-2.231901,3,1277.131626
-2.267212,3,1277.231822
-3.280044,4,1277.358631
-3.337426,4,1277.496683
-1.086406,2,1277.553471
-0.041139,1,1277.590844
-3.339861,4,1277.717422
-3.277942,4,1277.846601
-3.326576,4,1277.984616
-2.204417,3,1278.085436
-2.216335,3,1278.192616
-2.211627,3,1278.308058
-1.086236,2,1278.374853
-3.382148,4,1278.533465
-2.243116,3,1278.659745
-1.11681,2,1278.759633
-3.406828,4,1278.921433
-1.092914,2,1279.011574
-1.115005,2,1279.103449
-2.160692,3,1279.222635
-1.101789,2,1279.306636
-2.238766,3,1279.450984
-3.344221,4,1279.622393
-2.255001,3,1279.761621
-2.226941,3,1279.898012
-3.416829,4,1280.073647
-2.178173,3,1280.200596
-0.051453,1,1280.242763
-2.263397,3,1280.372576
-3.341659,4,1280.562467
-1.049806,2,1280.671536
-3.30035,4,1280.866022
-1.114131,2,1280.961459
-3.369404,4,1281.148305
-2.250677,3,1281.258113
-3.338727,4,1281.420436
-1.088933,2,1281.498126
-3.300411,4,1281.645535
-2.269126,3,1281.765555
-3.342104,4,1281.942688
-2.258564,3,1282.069437
-0.022434,1,1282.11802
-0.021821,1,1282.16662
-2.249893,3,1282.276355
-3.377361,4,1282.431866
-3.330206,4,1282.579482
-3.396618,4,1282.70906
-0.012239,1,1282.747312
-1.111757,2,1282.831077
-2.252975,3,1282.956832
-3.351991,4,1283.098754
-2.172095,3,1283.205327
-0.026171,1,1283.236884
-3.376518,4,1283.364469
-3.353962,4,1283.500273
-2.232085,3,1283.591717
-0.037083,1,1283.61985
-2.247612,3,1283.742394
-1.115499,2,1283.821521
-0.037363,1,1283.853635
-3.318863,4,1283.9856
-1.120854,2,1284.062464
-0.036805,1,1284.098009
-1.10494,2,1284.161978
-2.197353,3,1284.24868
-2.228867,3,1284.342953
-0.038878,1,1284.382606
-0.03686,1,1284.420383
-0.052923,1,1284.464578
-3.377666,4,1284.645006
-3.289085,4,1284.817955
-2.215227,3,1284.941847
-3.308357,4,1285.090528
-2.232713,3,1285.203859
-1.103688,2,1285.27801
-1.086263,2,1285.344818
-2.272387,3,1285.443706
-0.012418,1,1285.492479
-2.140278,3,1285.585485
-0.046597,1,1285.613533
-2.184548,3,1285.716576
-2.286632,3,1285.820405
-1.110644,2,1285.9035
-1.103145,2,1286.008121
-3.312381,4,1286.149769
-1.156549,2,1286.22153
-0.007374,1,1286.266884
-2.23583,3,1286.40866
-3.391904,4,1286.600523
-0.016418,1,1286.648828
-3.277984,4,1286.840825
-1.086216,2,1286.930751
-0.022929,1,1286.978983
-1.126236,2,1287.059898
-2.224504,3,1287.188747
-2.169248,3,1287.327998
-1.098552,2,1287.421572
-1.089272,2,1287.500453
-2.194579,3,1287.651761
-2.245178,3,1287.790139
-3.401844,4,1287.969831
-3.325545,4,1288.105558
-1.120094,2,1288.175802
-0.021349,1,1288.210531
-2.234919,3,1288.329997
-3.291972,4,1288.490326
-1.119631,2,1288.566348
-2.248153,3,1288.658674
-2.175387,3,1288.764598
-0.043151,1,1288.805674
-1.121128,2,1288.885419
-3.359131,4,1289.033011
-1.067018,2,1289.108992
-1.134483,2,1289.184546
-1.10588,2,1289.24433
-3.301673,4,1289.397266
-2.22483,3,1289.505075
-3.336873,4,1289.68245
-2.235986,3,1289.8338
-2.230773,3,1289.942298
-3.395031,4,1290.128912
-3.274288,4,1290.300428
-0.037141,1,1290.350629
-1.120084,2,1290.471485
-2.294834,3,1290.616495
-3.459452,4,1290.785756
-3.409582,4,1290.946699
-3.389805,4,1291.121395
-3.393435,4,1291.278886
-2.161134,3,1291.393665
-2.203139,3,1291.513686
-1.161557,2,1291.607085
-3.43367,4,1291.775618
-1.06689,2,1291.878647
-3.325409,4,1292.06537
-0.023838,1,1292.10945
-2.259994,3,1292.26594
-2.246066,3,1292.413541
-2.218832,3,1292.579479
-3.314326,4,1292.763395
-2.267494,3,1292.913338
-3.335599,4,1293.138546
-3.338442,4,1293.296593
-2.257063,3,1293.424419
-1.132026,2,1293.484331
-1.124886,2,1293.549062
-2.247087,3,1293.634058
-3.334132,4,1293.790383
-1.12135,2,1293.869666
-0.040587,1,1293.911522
-2.174678,3,1294.059957
-2.196045,3,1294.211883
-2.193957,3,1294.342694
-2.242266,3,1294.503852
-1.12515,2,1294.604514
-3.297652,4,1294.784426
-0.045134,1,1294.829003
-2.257146,3,1294.945837
-3.286806,4,1295.132081
-1.096729,2,1295.205597
-2.186072,3,1295.329079
-2.252666,3,1295.435658
-2.22681,3,1295.566378
-2.221872,3,1295.70147
-2.195931,3,1295.811469
-1.100911,2,1295.887989
-2.295161,3,1296.030133
-3.322357,4,1296.181612
-0.045766,1,1296.210672
-2.209316,3,1296.325023
-1.083123,2,1296.390637
-2.224079,3,1296.527368
-2.227665,3,1296.630876
-1.107856,2,1296.699586
-3.385027,4,1296.892616
-1.069864,2,1296.975585
-2.306411,3,1297.026759
-1.155331,2,1297.063434
-1.106087,2,1297.095475
-1.094628,2,1297.125508
-2.219683,3,1297.175447
-0.045258,1,1297.196471
-1.096437,2,1297.230047
-0.057861,1,1297.244657
-1.129491,2,1297.285413
-0.040634,1,1297.306443
-0.04343,1,1297.325469
-2.228814,3,1297.374575
-3.290544,4,1297.437315
-1.087755,2,1297.48051
-2.215196,3,1297.530079
-3.453793,4,1297.596406
-1.091211,2,1297.631969
-2.285777,3,1297.686613
-2.201933,3,1297.735506
-2.254509,3,1297.786578
-3.309693,4,1297.845829
-2.260567,3,1297.895521
-2.173933,3,1297.944589
-2.154367,3,1297.980248
-2.258227,3,1298.013464
-2.204802,3,1298.059529
-3.341493,4,1298.108091
-3.290595,4,1298.162762
-2.245309,3,1298.203543
-2.161326,3,1298.261636
-2.170389,3,1298.302396
-1.117616,2,1298.326925
-2.209698,3,1298.369491
-2.286713,3,1298.41357
-1.083346,2,1298.441613
-2.157096,3,1298.480812
-3.39017,4,1298.529021
-2.173514,3,1298.569572
-2.24125,3,1298.612627
-1.128328,2,1298.642267
-2.242095,3,1298.680406
-3.335788,4,1298.736471
-2.239017,3,1298.77252
-1.126396,2,1298.805658
-1.126305,2,1298.830383
-1.094914,2,1298.856406
-2.257149,3,1298.889628
-3.405252,4,1298.945501
-1.065984,2,1298.969031
-3.341385,4,1299.023587
-1.107691,2,1299.04661
-2.259372,3,1299.079771
-3.275458,4,1299.14259
-1.129399,2,1299.175634
-1.072326,2,1299.211378
-2.188078,3,1299.261545
-3.269141,4,1299.310611
-2.213686,3,1299.360378
-3.377709,4,1299.4136
-3.347008,4,1299.470523
-2.153891,3,1299.508056
-2.240159,3,1299.553754
-2.185209,3,1299.593396
-2.186442,3,1299.628939
-1.122135,2,1299.662544
-2.246573,3,1299.759538
-2.2504,3,1299.837919
-0.036623,1,1299.858957
-2.239698,3,1299.913557
-0.004169,1,1299.92958
-3.310924,4,1299.992607
-1.075496,2,1300.025667
-3.318911,4,1300.092595
-1.126939,2,1300.136662
-1.158305,2,1300.191536
-3.29069,4,1300.306569
-1.11729,2,1300.361831
-2.255809,3,1300.446435
-2.172034,3,1300.492503
-2.212916,3,1300.553617
-3.363682,4,1300.603744
-1.120658,2,1300.648946
-1.096076,2,1300.677993
-0.039933,1,1300.691523
-2.25717,3,1300.725566
-2.222935,3,1300.772631
-2.214835,3,1300.81243
-3.308023,4,1300.863497
-0.02209,1,1300.875509
-1.097225,2,1300.911563
-3.305517,4,1300.956609
-0.026511,1,1300.96963
-2.163327,3,1301.003815
-2.278359,3,1301.041482
-3.313075,4,1301.090553
-2.286586,3,1301.128231
-2.175612,3,1301.162355
-0.048278,1,1301.176367
-2.233401,3,1301.226436
-3.345239,4,1301.278575
-1.135314,2,1301.310303
-2.21753,3,1301.351489
-1.11109,2,1301.373512
-2.276781,3,1301.412571
-1.06131,2,1301.439605
-3.357498,4,1301.492597
-1.109883,2,1301.51913
-1.103956,2,1301.544691
-2.235435,3,1301.579501
-3.427319,4,1301.640589
-2.199832,3,1301.684714
-2.283341,3,1301.722347
-2.275187,3,1301.762548
-1.116069,2,1301.791579
-2.303704,3,1301.826617
-1.116511,2,1301.85283
-3.380712,4,1301.897893
-2.259153,3,1301.936438
-3.315357,4,1301.991515
-1.076334,2,1302.019558
-0.040409,1,1302.030578
-1.120413,2,1302.068124
-2.158357,3,1302.10235
-2.290646,3,1302.134888
-2.211227,3,1302.169531
-1.141894,2,1302.203567
-3.416043,4,1302.254764
-3.338093,4,1302.309903
-0.052598,1,1302.32243
-2.222122,3,1302.36158
-2.247914,3,1302.395613
-1.129329,2,1302.422205
-0.01169,1,1302.435219
-2.250235,3,1302.481596
-0.04609,1,1302.495605
-3.351421,4,1302.546896
-1.100012,2,1302.577994
-1.107267,2,1302.606533
-3.360628,4,1302.655125
-2.232053,3,1302.693536
-0.014955,1,1302.706549
-2.150379,3,1302.768922
-2.210945,3,1302.812487
-2.233834,3,1302.859747
-2.209072,3,1302.896461
-1.057602,2,1302.925497
-0.040926,1,1302.93973
-3.295609,4,1302.991548
-2.219947,3,1303.035107
-1.089111,2,1303.068793
-3.370073,4,1303.112393
-1.141264,2,1303.137928
-0.024888,1,1303.146937
-2.246955,3,1303.194623
-3.331486,4,1303.240818
-3.345715,4,1303.285467
-1.098053,2,1303.307993
-2.253844,3,1303.345041
-2.243277,3,1303.375602
-2.213945,3,1303.41074
-1.128064,2,1303.437001
-1.081183,2,1303.461033
-3.329667,4,1303.514364
-0.033861,1,1303.531389
-3.353126,4,1303.579652
-2.264308,3,1303.625367
-1.104644,2,1303.652479
-3.303983,4,1303.70354
-0.039798,1,1303.719558
-2.19656,3,1303.769417
-2.178816,3,1303.810468
-2.156264,3,1303.854657
-3.37036,4,1303.90795
-3.362297,4,1303.968062
-2.227265,3,1304.002603
-1.116415,2,1304.026629
-2.213853,3,1304.069432
-2.227439,3,1304.109485
-2.222741,3,1304.144029
-2.173793,3,1304.185603
-1.134874,2,1304.218709
-3.346186,4,1304.27653
-1.125181,2,1304.30056
-2.187182,3,1304.329091
-3.284562,4,1304.371971
-0.040494,1,1304.388079
-2.176908,3,1304.419622
-2.205051,3,1304.451249
-1.109348,2,1304.471677
-2.224483,3,1304.517848
-1.114702,2,1304.538989
-2.216751,3,1304.572568
-3.297565,4,1304.622636
-1.12773,2,1304.658773
-1.120463,2,1304.680393
-2.181575,3,1304.726443
-2.170102,3,1304.769066
-1.118561,2,1304.795599
-1.130852,2,1304.826799
-0.056587,1,1304.841035
-2.171703,3,1304.876614
-1.069887,2,1304.905222
-2.219052,3,1304.942368
-3.384113,4,1304.992432
-1.113414,2,1305.019478
-0.029421,1,1305.036005
-0.022482,1,1305.04658
-2.278501,3,1305.090276
-2.214052,3,1305.123462
-3.273424,4,1305.180631
-2.238581,3,1305.218882
-1.114988,2,1305.246412
-0.028271,1,1305.261444
-2.224376,3,1305.296479
-1.097953,2,1305.321514
-2.167815,3,1305.359584
-2.298091,3,1305.401749
-2.244748,3,1305.438946
-3.310482,4,1305.480516
-2.244086,3,1305.512551
-1.079927,2,1305.535074
-1.087937,2,1305.560274
-3.317726,4,1305.614403
-3.261928,4,1305.654555
-3.451811,4,1305.710335
-0.018296,1,1305.726352
-3.400874,4,1305.779479
-2.22689,3,1305.821531
-3.371984,4,1305.868764
-2.251713,3,1305.917927
-0.031968,1,1305.92794
-2.212662,3,1305.962497
-2.206655,3,1305.995531
-2.258361,3,1306.058796
-2.203259,3,1306.124459
-2.174582,3,1306.196367
-2.264886,3,1306.300411
-1.099036,2,1306.396674
-2.161861,3,1306.53592
-1.076778,2,1306.640044
-3.409301,4,1306.868144
-1.119727,2,1306.971606
-2.236336,3,1307.143703
-2.22837,3,1307.296444
-1.093445,2,1307.382793
-1.135147,2,1307.484368
-2.247336,3,1307.618119
-0.041662,1,1307.656515
-2.255389,3,1307.781553
-1.107672,2,1307.87535
-3.353939,4,1308.072764
-2.237302,3,1308.206392
-3.281952,4,1308.398096
-3.323199,4,1308.582601
-0.043257,1,1308.632579
-3.460763,4,1308.809565
-1.117616,2,1308.898006
-2.211407,3,1309.036944
-2.160415,3,1309.172663
-1.085734,2,1309.259418
-2.26231,3,1309.394377
-3.304559,4,1309.580449
-1.088609,2,1309.668666
-2.163189,3,1309.793665
-2.232306,3,1309.939942
-2.243869,3,1310.090498
-2.235491,3,1310.232608
-1.125061,2,1310.322606
-2.210174,3,1310.458077
-2.189254,3,1310.608063
-2.25616,3,1310.737951
-2.312806,3,1310.870432
-0.046488,1,1310.912491
-2.212029,3,1311.059615
-2.147471,3,1311.201408
-2.163119,3,1311.342607
-2.253257,3,1311.48303
-2.259943,3,1311.62654
-3.297667,4,1311.791309
-0.014636,1,1311.841905
-1.131861,2,1311.926602
-1.125075,2,1312.022456
-2.201749,3,1312.151606
-2.247309,3,1312.293743
-1.115674,2,1312.400418
-0.025325,1,1312.448486
-2.159306,3,1312.591455
-1.104777,2,1312.681598
-2.177506,3,1312.806545
-3.34726,4,1312.996657
-3.311404,4,1313.168031
-2.202754,3,1313.311438
-3.381618,4,1313.500498
-2.180427,3,1313.635928
-3.403161,4,1313.799381
-2.24273,3,1313.939006
-2.181304,3,1314.075597
-3.37876,4,1314.263449
-0.027502,1,1314.310518
-3.286018,4,1314.498072
-2.215093,3,1314.662388
-2.215776,3,1314.78813
-2.225604,3,1314.910778
-2.175526,3,1315.038833
-2.268576,3,1315.163362
-1.122987,2,1315.263343
-3.317229,4,1315.450898
-3.34136,4,1315.63144
-0.025122,1,1315.680307
-2.196676,3,1315.82253
-2.150323,3,1315.951634
-3.338598,4,1316.142452
-2.172856,3,1316.264655
-2.185869,3,1316.420411
-1.12481,2,1316.510367
-1.084448,2,1316.600549
-2.165767,3,1316.724425
-3.324867,4,1316.89945
-3.320605,4,1317.089599
-0.024512,1,1317.135173
-1.118987,2,1317.224426
-2.168146,3,1317.373528
-3.294182,4,1317.555842
-0.034736,1,1317.60044
-2.187732,3,1317.738289
-2.210517,3,1317.87161
-3.320069,4,1318.044615
-1.109597,2,1318.131538
-1.130677,2,1318.220474
-2.258083,3,1318.375412
-2.167421,3,1318.515277
-3.273297,4,1319.032509
-1.150463,2,1319.126407
-3.357134,4,1319.316422
-2.17161,3,1319.465665
-0.046273,1,1319.514531
-3.352217,4,1319.707804
-0.023549,1,1319.756485
-2.194964,3,1319.890352
-0.027588,1,1319.933413
-2.162958,3,1320.06361
-0.033955,1,1320.121357
-3.282664,4,1320.308179
-2.167593,3,1320.455437
-3.291981,4,1320.637872
-0.055473,1,1320.690463
-2.249642,3,1320.826571
-3.35232,4,1320.994487
-3.350596,4,1321.199423
-0.044227,1,1321.256624
-1.119342,2,1321.356732
-0.02109,1,1321.402505
-2.283001,3,1321.551697
-1.110966,2,1321.645769
-2.280329,3,1321.781334
-1.133227,2,1321.88809
-1.068613,2,1321.976491
-2.249733,3,1322.124395
-1.120081,2,1322.220616
-2.172535,3,1322.368655
-3.326759,4,1322.552519
-2.217887,3,1322.701417
-1.134535,2,1322.803439
-1.133375,2,1322.884261
-3.280221,4,1323.04988
-2.23569,3,1323.191576
-2.250298,3,1323.336861
-2.276174,3,1323.47086
-3.341507,4,1323.656511
-2.177772,3,1323.792471
-1.156237,2,1323.8854
-1.133698,2,1323.965682
-3.309096,4,1324.142592
-3.279332,4,1324.339931
-3.312251,4,1324.524434
-1.122596,2,1324.620633
-2.218635,3,1324.752445
-2.219091,3,1324.882377
-2.248139,3,1325.006622
-1.077014,2,1325.091504
-3.384291,4,1325.269728
-1.109778,2,1325.373485
-1.065962,2,1325.454628
-0.015574,1,1325.504431
-2.217231,3,1325.633613
-0.035673,1,1325.686373
-2.168403,3,1325.820098
-3.327026,4,1325.981466
-0.044502,1,1326.031544
-2.22432,3,1326.164405
-0.027267,1,1326.207972
-2.210036,3,1326.341441
-2.261338,3,1326.495505
-2.172495,3,1326.636454
-0.032413,1,1326.686522
-2.207236,3,1326.827946
-2.171422,3,1326.949614
-2.130989,3,1327.08546
-2.169313,3,1327.215273
-2.168119,3,1327.364625
-2.194463,3,1327.499573
-1.083054,2,1327.607909
-2.210097,3,1327.745573
-2.197222,3,1327.886498
-1.059991,2,1327.96941
-3.322047,4,1328.179009
-3.320921,4,1328.360462
-3.362925,4,1328.548918
-2.199831,3,1328.685326
-3.405559,4,1328.903634
-2.171367,3,1329.021558
-3.25441,4,1329.191479
-2.252229,3,1329.329421
-1.142198,2,1329.42905
-2.264266,3,1329.5736
-1.151105,2,1329.664556
-2.190636,3,1329.796422
-0.041032,1,1329.845795
-1.095433,2,1329.93796
-3.327624,4,1330.111393
-2.231387,3,1330.241451
-3.280809,4,1330.443935
-2.204585,3,1330.589403
-2.202106,3,1330.724624
-2.2251,3,1330.857063
-3.316983,4,1331.038011
-0.056279,1,1331.086508
-3.244279,4,1331.259957
-2.168915,3,1331.402469
-0.027313,1,1331.453046
-2.264211,3,1331.590346
-1.122186,2,1331.675518
-2.190848,3,1331.814582
-2.207884,3,1331.970319
-1.104501,2,1332.052597
-1.137158,2,1332.138404
-2.251349,3,1332.271658
-2.192179,3,1332.422349
-1.118691,2,1332.508038
-2.259911,3,1332.650093
-1.101181,2,1332.742515
-2.217494,3,1332.884511
-0.040627,1,1332.934587
-2.218719,3,1333.065597
-2.268997,3,1333.189087
-1.09089,2,1333.288557
-2.209668,3,1333.437798
-2.194685,3,1333.576503
-2.262575,3,1333.70137
-0.036271,1,1333.755959
-2.23191,3,1333.888991
-0.042525,1,1333.93963
-2.16738,3,1334.069751
-1.110292,2,1334.171496
-2.260023,3,1334.306467
-3.324723,4,1334.50147
-0.05981,1,1334.548035
-2.258339,3,1334.695601
-2.142443,3,1334.82813
-1.090084,2,1334.911587
-0.006838,1,1334.95536
-0.031407,1,1335.006437
-2.233926,3,1335.139453
-3.394907,4,1335.303627
-3.370209,4,1335.49811
-1.101966,2,1335.592623
-0.049502,1,1335.636454
-0.031149,1,1335.688036
-3.301859,4,1335.86665
-3.296988,4,1336.05847
-3.335337,4,1336.206407
-0.002291,1,1336.246972
-2.169861,3,1336.346057
-2.217522,3,1336.500599
-3.305368,4,1336.675746
-3.320276,4,1336.854616
-2.227703,3,1336.990612
-2.177733,3,1337.1226
-2.167061,3,1337.25004
-1.062813,2,1337.337855
-0.055346,1,1337.386449
-2.173521,3,1337.536436
-3.293835,4,1337.725738
-3.276395,4,1337.91152
-1.10622,2,1337.99946
-3.326044,4,1338.193587
-1.099045,2,1338.280104
-0.024307,1,1338.326567
-3.316469,4,1338.510623
-1.094395,2,1338.611761
-1.080846,2,1338.704367
-3.346346,4,1338.890407
-2.223032,3,1339.039567
-2.21832,3,1339.183266
-2.232184,3,1339.306715
-3.299429,4,1339.488032
-1.145979,2,1339.57996
-0.043398,1,1339.639009
-3.380293,4,1339.811616
-3.330251,4,1339.990492
-0.028758,1,1340.036557
-1.110044,2,1340.132428
-2.27792,3,1340.255005
-3.331072,4,1340.440144
-2.235458,3,1340.569051
-1.105907,2,1340.668021
-2.238146,3,1340.808017
-3.372783,4,1340.993588
-1.12553,2,1341.08637
-0.015968,1,1341.144959
-0.04365,1,1341.184613
-1.096935,2,1341.267991
-3.35652,4,1341.438146
-0.028626,1,1341.493626
-2.203304,3,1341.632319
-0.04152,1,1341.674547
-2.176939,3,1341.822499
-2.194004,3,1341.969062
-2.25733,3,1342.10656
-2.252058,3,1342.246034
-0.026425,1,1342.288807
-1.069579,2,1342.380351
-3.356914,4,1342.568825
-2.180426,3,1342.709545
-2.253877,3,1342.847916
-0.015152,1,1342.895629
-2.193623,3,1343.037947
-1.140767,2,1343.124642
-2.159155,3,1343.258697
-1.097817,2,1343.350941
-3.31793,4,1343.535508
-0.018053,1,1343.586455
-0.040377,1,1343.631576
-3.29766,4,1343.821666
-0.040787,1,1343.870484
-2.165284,3,1344.015397
-3.312431,4,1344.205472
-2.263565,3,1344.342521
-2.233738,3,1344.481714
-2.229736,3,1344.622452
-3.308137,4,1344.815347
-2.157655,3,1344.965453
-1.137152,2,1345.055102
-3.37147,4,1345.237917
-2.273444,3,1345.351658
-1.135483,2,1345.44907
-2.267998,3,1345.600339
-2.181862,3,1345.72909
-1.08166,2,1345.8215
-3.240425,4,1346.021754
-2.268089,3,1346.162409
-2.208246,3,1346.292612
-2.216921,3,1346.415613
-1.071072,2,1346.520538
-3.323122,4,1346.709683
-1.133099,2,1346.799479
-2.189849,3,1346.944468
-2.266809,3,1347.100327
-2.253758,3,1347.232571
-2.246499,3,1347.351645
-1.129594,2,1347.433502
-2.204353,3,1347.571335
-3.265157,4,1347.758718
-2.231699,3,1347.898017
-3.288543,4,1348.078649
-3.27063,4,1348.256019
-0.025761,1,1348.303352
-2.248249,3,1348.423476
-1.11189,2,1348.515437
-2.129849,3,1348.654519
-1.096023,2,1348.744369
-2.247611,3,1348.875469
-0.020868,1,1348.919039
-0.047902,1,1348.970628
-2.187099,3,1349.104399
-1.087592,2,1349.198648
-3.299001,4,1349.380431
-2.188854,3,1349.526373
-2.252636,3,1349.671405
-3.324567,4,1349.856944
-2.212549,3,1350.0079
-0.040737,1,1350.069014
-2.221207,3,1350.207928
-2.287152,3,1350.343429
-2.21229,3,1350.469714
-2.209218,3,1350.613403
-3.375462,4,1350.784562
-3.301071,4,1350.983535
-2.231609,3,1351.132521
-1.056029,2,1351.227971
-2.245594,3,1351.364618
-0.039407,1,1351.404474
-1.119223,2,1351.490458
-1.122695,2,1351.603394
-1.112617,2,1351.69816
-2.259391,3,1351.845133
-2.238372,3,1351.986589
-2.141551,3,1352.130542
-2.207501,3,1352.273584
-0.049537,1,1352.31974
-2.214953,3,1352.45127
-2.148161,3,1352.593524
-0.027737,1,1352.641607
-2.234375,3,1352.785715
-2.241212,3,1352.921625
-1.080977,2,1353.015651
-3.368048,4,1353.221575
-1.050229,2,1353.315451
-3.379777,4,1353.483661
-0.03583,1,1353.543412
-1.1541,2,1353.64032
-3.342898,4,1353.844561
-0.028566,1,1353.88939
-1.100468,2,1353.985406
-3.319276,4,1354.180565
-3.393641,4,1354.359345
-2.255453,3,1354.48562
-2.149067,3,1354.626511
-2.227847,3,1354.768711
-3.371635,4,1354.963555
-2.22212,3,1355.103436
-2.235527,3,1355.241447
-1.079276,2,1355.333613
-2.219176,3,1355.471573
-2.202384,3,1355.610566
-2.267206,3,1355.755676
-3.368755,4,1355.943557
-2.200185,3,1356.079595
-2.289933,3,1356.218669
-1.047212,2,1356.317963
-1.08476,2,1356.411401
-0.020685,1,1356.452961
-1.086839,2,1356.54598
-1.104881,2,1356.6428
-0.043855,1,1356.690386
-2.243022,3,1356.821375
-3.301352,4,1357.006517
-1.12555,2,1357.117985
-3.289364,4,1357.302516
-3.274774,4,1357.498699
-2.203091,3,1357.627988
-2.237595,3,1357.76463
-2.126674,3,1357.90657
-2.178457,3,1358.050038
-2.234301,3,1358.192379
-0.035169,1,1358.247955
-1.103132,2,1358.341471
-2.239009,3,1358.490557
-2.217527,3,1358.620425
-2.186357,3,1358.768698
-2.172542,3,1358.901479
-2.183027,3,1359.050132
-1.151112,2,1359.13941
-2.238321,3,1359.292638
-1.116125,2,1359.383544
-2.220793,3,1359.522393
-1.11244,2,1359.610641
-2.199555,3,1359.742623
-3.377728,4,1359.920836
-2.182797,3,1360.04812
-2.251538,3,1360.183549
-0.027118,1,1360.236638
-3.354891,4,1360.426376
-2.225583,3,1360.566587
-2.189444,3,1360.703468
-2.139453,3,1360.857314
-3.356947,4,1361.030422
-2.21018,3,1361.185539
-2.196433,3,1361.326561
-3.314764,4,1361.503461
-2.248582,3,1361.635685
-2.261123,3,1361.759489
-3.343822,4,1361.940428
-1.091698,2,1362.040657
-2.203608,3,1362.184526
-2.196368,3,1362.321507
-2.129208,3,1362.455384
-2.220435,3,1362.595613
-1.13384,2,1362.678064
-2.197874,3,1362.806465
-3.319995,4,1362.999018
-0.035296,1,1363.056604
-2.209621,3,1363.217892
-2.251153,3,1363.35464
-1.118497,2,1363.450484
-3.261459,4,1363.646499
-2.271252,3,1363.780814
-2.210532,3,1363.919524
-0.05096,1,1363.96865
-3.358807,4,1364.160503
-0.030658,1,1364.210669
-1.101554,2,1364.308729
-3.403722,4,1364.493602
-2.198247,3,1364.641631
-0.01879,1,1364.684308
-3.307741,4,1364.858084
-2.164287,3,1365.000556
-1.074609,2,1365.116383
-0.031945,1,1365.162469
-2.195852,3,1365.294332
-2.227386,3,1365.428036
-1.129286,2,1365.520458
-1.086888,2,1365.617869
-2.264386,3,1365.735751
-1.117715,2,1365.821445
-1.114873,2,1365.924393
-3.310252,4,1366.115619
-2.227686,3,1366.259925
-2.180793,3,1366.392481
-2.235577,3,1366.55023
-2.207398,3,1366.686611
-2.223187,3,1366.814529
-1.13067,2,1366.904705
-3.294443,4,1367.108851
-1.116605,2,1367.20267
-2.222774,3,1367.344366
-2.278629,3,1367.478695
-2.171047,3,1367.623555
-2.245696,3,1367.758644
-2.183678,3,1367.894625
-2.156755,3,1368.026546
-3.348928,4,1368.222495
-2.274783,3,1368.366553
-3.308034,4,1368.554933
-1.067797,2,1368.650692
-2.190213,3,1368.78157
-3.431748,4,1368.958558
-1.101709,2,1369.050425
-2.188405,3,1369.19559
-2.188188,3,1369.329655
-2.281391,3,1369.466042
-1.119801,2,1369.565542
-2.170812,3,1369.699491
-2.174121,3,1369.828937
-1.088553,2,1369.912758
-2.130389,3,1370.051456
-2.244202,3,1370.190039
-1.138559,2,1370.289739
-2.198132,3,1370.425749
-1.12681,2,1370.521356
-2.169518,3,1370.663658
-1.119783,2,1370.758422
-0.037013,1,1370.796545
-3.34593,4,1370.973559
-2.193874,3,1371.111479
-3.364404,4,1371.303459
-3.355921,4,1371.4881
-2.23876,3,1371.628134
-0.030558,1,1371.67348
-2.238748,3,1371.798826
-2.194936,3,1371.931838
-2.216295,3,1372.076604
-3.358765,4,1372.262119
-3.349532,4,1372.457909
-2.244261,3,1372.599297
-2.172611,3,1372.743502
-1.099081,2,1372.830425
-3.290921,4,1373.022572
-2.198322,3,1373.166526
-2.198332,3,1373.296417
-0.021398,1,1373.345491
-1.128836,2,1373.406634
-1.150305,2,1373.476622
-2.233935,3,1373.639354
-2.229235,3,1373.783485
-2.240226,3,1373.913523
-3.323185,4,1374.076639
-2.253848,3,1374.22345
-3.382821,4,1374.39659
-1.112831,2,1374.476902
-1.11602,2,1374.564832
-3.335697,4,1374.748125
-0.039046,1,1374.79142
-2.265992,3,1374.920418
-3.4543,4,1375.105463
-2.240338,3,1375.224438
-2.303768,3,1375.353906
-1.091557,2,1375.457311
-1.14215,2,1375.552616
-1.097631,2,1375.654015
-2.199148,3,1375.794289
-1.121645,2,1375.881703
-2.176564,3,1376.024415
-2.220234,3,1376.163921
-0.047734,1,1376.212584
-3.347409,4,1376.409472
-2.217172,3,1376.546474
-1.149298,2,1376.6436
-2.244349,3,1376.773645
-2.197388,3,1376.922676
-3.415804,4,1377.123473
-2.219479,3,1377.282627
-3.356908,4,1377.464884
-1.108722,2,1377.548088
-2.203125,3,1377.685493
-2.189794,3,1377.827964
-0.044508,1,1377.881609
-0.03761,1,1377.932816
-2.241852,3,1378.06991
-3.329777,4,1378.266606
-1.129495,2,1378.352572
-2.249239,3,1378.490783
-3.314383,4,1378.619457
-1.112124,2,1378.715453
-2.156057,3,1378.841412
-3.298773,4,1379.024404
-1.114539,2,1379.104634
-1.104722,2,1379.189054
-0.025365,1,1379.235827
-2.255916,3,1379.370601
-2.261907,3,1379.518074
-1.097124,2,1379.61256
-1.080041,2,1379.708912
-0.01508,1,1379.768511
-3.300886,4,1379.950613
-2.213016,3,1380.080621
-2.228401,3,1380.216421
-2.19096,3,1380.353455
-2.230294,3,1380.485623
-0.020472,1,1380.537974
-2.258167,3,1380.684601
-0.008,1,1380.741467
-1.091088,2,1380.801478
-3.292276,4,1380.986788
-2.273302,3,1381.119771
-1.086476,2,1381.221531
-1.12221,2,1381.321469
-1.139084,2,1381.423554
-1.128754,2,1381.511495
-2.225797,3,1381.650521
-3.330674,4,1381.835384
-2.23903,3,1381.972582
-1.126459,2,1382.069544
-2.231942,3,1382.219508
-2.266003,3,1382.363677
-3.308966,4,1382.55146
-1.106331,2,1382.65718
-2.253031,3,1382.802418
-2.228187,3,1382.945477
-3.359027,4,1383.134365
-3.355761,4,1383.335569
-2.169475,3,1383.49128
-2.254023,3,1383.636575
-0.032408,1,1383.681456
-1.08006,2,1383.781767
-0.030859,1,1383.832477
-1.076824,2,1383.929502
-1.094795,2,1384.023384
-1.10521,2,1384.108186
-2.228212,3,1384.250675
-1.107304,2,1384.34956
-2.256606,3,1384.488693
-3.296724,4,1384.700588
-0.030549,1,1384.758988
-2.276185,3,1384.92048
-3.39999,4,1385.115374
-1.083669,2,1385.21643
-2.220549,3,1385.346628
-2.228056,3,1385.447993
-2.224007,3,1385.570728
-2.193536,3,1385.691462
-2.182084,3,1385.83652
-2.28705,3,1385.968135
-3.337301,4,1386.169476
-3.396551,4,1386.375536
-1.139634,2,1386.478848
-3.334222,4,1386.626491
-3.257176,4,1386.800767
-1.117444,2,1386.890477
-2.142233,3,1387.030575
-0.023805,1,1387.066139
-0.025407,1,1387.109486
-2.203776,3,1387.259937
-2.197917,3,1387.393442
-2.226002,3,1387.509097
-1.106934,2,1387.608104
-2.218415,3,1387.743585
-1.076474,2,1387.817903
-1.083067,2,1387.908144
-2.198045,3,1388.034597
-2.189455,3,1388.135489
-1.13057,2,1388.21444
-2.151165,3,1388.317987
-2.237709,3,1388.417941
-2.274065,3,1388.536649
-2.162782,3,1388.649096
-0.056463,1,1388.688842
-2.229537,3,1388.772776
-3.315296,4,1388.900639
-1.083096,2,1388.979626
-2.198395,3,1389.083578
-3.310489,4,1389.250534
-2.281864,3,1389.363976
-3.416328,4,1389.523453
-2.208014,3,1389.619396
-2.157726,3,1389.752493
-2.134613,3,1389.863959
-1.074722,2,1389.923357
-2.223538,3,1390.059041
-2.310602,3,1390.133514
-2.201936,3,1390.214523
-0.020461,1,1390.25161
-0.037942,1,1390.282793
-3.342907,4,1390.403465
-3.326073,4,1390.541659
-1.068161,2,1390.618716
-0.009393,1,1390.649474
-2.17004,3,1390.750401
-2.253987,3,1390.884715
-1.121132,2,1390.97402
-1.079523,2,1391.048005
-3.327514,4,1391.204358
-1.086135,2,1391.268965
-1.114671,2,1391.366758
-1.092851,2,1391.448072
-3.341877,4,1391.606404
-3.331688,4,1391.761676
-2.195894,3,1391.899418
-3.314688,4,1392.074466
-3.372888,4,1392.24645
-3.295136,4,1392.439489
-3.36073,4,1392.564132
-0.039701,1,1392.594349
-2.222688,3,1392.686502
-2.141403,3,1392.796609
-1.110671,2,1392.874616
-2.215858,3,1392.988072
-0.041063,1,1393.024643
-2.176569,3,1393.132478
-1.109678,2,1393.201601
-1.135369,2,1393.268092
-2.225855,3,1393.37259
-2.226873,3,1393.503512
-1.127496,2,1393.587332
-0.020416,1,1393.620119
-2.204096,3,1393.726637
-1.093653,2,1393.808087
-3.277859,4,1393.968676
-3.315082,4,1394.099103
-3.420831,4,1394.238831
-3.303631,4,1394.390594
-1.128676,2,1394.466591
-3.240055,4,1394.626626
-2.179894,3,1394.721622
-1.132991,2,1394.816586
-2.236204,3,1394.943369
-2.245965,3,1395.072639
-2.228968,3,1395.216639
-2.175371,3,1395.339477
-3.315613,4,1395.511447
-1.08215,2,1395.571692
-3.386266,4,1395.685542
-1.118425,2,1395.748204
-2.158577,3,1395.885538
-1.077807,2,1395.955347
-2.278278,3,1396.075254
-2.171957,3,1396.150512
-2.261956,3,1396.268404
-1.092253,2,1396.349693
-1.087979,2,1396.43364
-1.102356,2,1396.525579
-3.401509,4,1396.658013
-2.257331,3,1396.756491
-2.194206,3,1396.856039
-2.23111,3,1396.947964
-0.032442,1,1396.982524
-1.071966,2,1397.051661
-2.303914,3,1397.15555
-2.163033,3,1397.256437
-3.349011,4,1397.403318
-0.011228,1,1397.43799
-1.087836,2,1397.519131
-0.042284,1,1397.538739
-1.136359,2,1397.606663
-3.445614,4,1397.745588
-2.236624,3,1397.841482
-1.118868,2,1397.901616
-2.199007,3,1397.981413
-2.207815,3,1398.084061
-3.264602,4,1398.206636
-2.157319,3,1398.295535
-3.348407,4,1398.459535
-2.24106,3,1398.58554
-3.344085,4,1398.741578
-2.2273,3,1398.859747
-1.127818,2,1398.926507
-2.15354,3,1399.030532
-1.114356,2,1399.105186
-2.183537,3,1399.229053
-2.207383,3,1399.361545
-2.224749,3,1399.510191
-3.391432,4,1399.668701
-3.306499,4,1399.778054
-2.26562,3,1399.852421
-2.224058,3,1399.986332
-3.287402,4,1400.149621
-0.009623,1,1400.192372
-3.334742,4,1400.345622
-2.165359,3,1400.469039
-2.304652,3,1400.610528
-3.332937,4,1400.783579
-2.254055,3,1400.926386
-2.145764,3,1401.0581
-1.152461,2,1401.158673
-3.322682,4,1401.329815
-2.236856,3,1401.476596
-2.199183,3,1401.638081
-2.194077,3,1401.792624
-0.049062,1,1401.835403
-1.082874,2,1401.935561
-0.055113,1,1401.985645
-3.299703,4,1402.173035
-2.218856,3,1402.31485
-1.118341,2,1402.401589
-0.053152,1,1402.446656
-2.219173,3,1402.616634
-2.192643,3,1402.771607
-3.35101,4,1402.964406
-3.478926,4,1403.155468
-2.327725,3,1403.306424
-2.191293,3,1403.443181
-2.148243,3,1403.58163
-3.263885,4,1403.756428
-1.101163,2,1403.844576
-3.290386,4,1404.004537
-1.123118,2,1404.091794
-2.175906,3,1404.196565
-3.320755,4,1404.362572
-3.329202,4,1404.515459
-0.037135,1,1404.556524
-3.3508,4,1404.679013
-3.346151,4,1404.788887
-2.264154,3,1404.8696
-2.244595,3,1404.963501
-2.18751,3,1405.06136
-1.072372,2,1405.126326
-3.306059,4,1405.265555
-2.162657,3,1405.362494
-3.310164,4,1405.505521
-2.266429,3,1405.606569
-0.042462,1,1405.644634
-3.38398,4,1405.758124
-3.352022,4,1405.872466
-2.259099,3,1405.958107
-1.108615,2,1406.019429
-2.181298,3,1406.115586
-3.332033,4,1406.234633
-2.176844,3,1406.343582
-2.231113,3,1406.446476
-2.173727,3,1406.597913
-3.344434,4,1406.722474
-2.255547,3,1406.830567
-0.023558,1,1406.861123
-2.170401,3,1406.976449
-1.115456,2,1407.056581
-1.081603,2,1407.140455
-1.116827,2,1407.227081
-1.132422,2,1407.317962
-1.160465,2,1407.413727
-2.202938,3,1407.535514
-1.145097,2,1407.610654
-2.169585,3,1407.716523
-1.058725,2,1407.783632
-0.023702,1,1407.826406
-0.044747,1,1407.872561
-1.133938,2,1407.93468
-1.115683,2,1408.013806
-2.17342,3,1408.11797
-0.024887,1,1408.152531
-2.153578,3,1408.285638
-1.128695,2,1408.37662
-1.121898,2,1408.456468
-0.018719,1,1408.504598
-1.098948,2,1408.563893
-2.243288,3,1408.675751
-3.424295,4,1408.786553
-3.389212,4,1408.906635
-2.160223,3,1409.002609
-2.215313,3,1409.092135
-3.346631,4,1409.204007
-2.181501,3,1409.298673
-1.0817,2,1409.373675
-2.168174,3,1409.46592
-3.348914,4,1409.634528
-2.259615,3,1409.732378
-3.315143,4,1409.880646
-1.092248,2,1409.953122
-1.111117,2,1410.023494
-2.148427,3,1410.142533
-2.253703,3,1410.250464
-2.260647,3,1410.353461
-2.249014,3,1410.451649
-1.129897,2,1410.51247
-1.129473,2,1410.57308
-2.201344,3,1410.665078
-1.078056,2,1410.732512
-3.349364,4,1410.850905
-2.159978,3,1410.983957
-1.119817,2,1411.056423
-2.267624,3,1411.168949
-3.340126,4,1411.333597
-2.229774,3,1411.441487
-3.357148,4,1411.571078
-2.196691,3,1411.663328
-0.040117,1,1411.691455
-2.230442,3,1411.826442
-2.212623,3,1411.941664
-2.18992,3,1412.050982
-3.380834,4,1412.181533
-2.191923,3,1412.298033
-1.097404,2,1412.385688
-2.166654,3,1412.52248
-1.14822,2,1412.602688
-2.147941,3,1412.725373
-2.19486,3,1412.8346
-2.212472,3,1412.94958
-3.331916,4,1413.082807
-3.260389,4,1413.220516
-2.256531,3,1413.322867
-1.089706,2,1413.393587
-3.312863,4,1413.555227
-1.133054,2,1413.64551
-2.248697,3,1413.736482
-1.133703,2,1413.790753
-0.020817,1,1413.829976
-2.223931,3,1413.925469
-2.256744,3,1414.008306
-3.303247,4,1414.132593
-3.375774,4,1414.239513
-1.160275,2,1414.306547
-1.106429,2,1414.402623
-2.150287,3,1414.53427
-0.014177,1,1414.584591
-2.179603,3,1414.71648
-1.076446,2,1414.788742
-3.321592,4,1414.998285
-1.060704,2,1415.086768
-0.033171,1,1415.132585
-3.366961,4,1415.323471
-2.201302,3,1415.455883
-2.25755,3,1415.569131
-2.262808,3,1415.696729
-3.341011,4,1415.82454
-3.305005,4,1415.986455
-2.185403,3,1416.065189
-2.181371,3,1416.150247
-2.211002,3,1416.236427
-2.184622,3,1416.321584
-2.301792,3,1416.431531
-3.334493,4,1416.576666
-1.124992,2,1416.638689
-3.291888,4,1416.761628
-2.208518,3,1416.860496
-3.330426,4,1417.022558
-2.239944,3,1417.114384
-1.100299,2,1417.173481
-2.219306,3,1417.294537
-2.240004,3,1417.389908
-2.178714,3,1417.488808
-3.306443,4,1417.649647
-3.317695,4,1417.773537
-1.109147,2,1417.843669
-1.134101,2,1417.917941
-3.352768,4,1418.029619
-2.22639,3,1418.119446
-2.224985,3,1418.224542
-3.344609,4,1418.353522
-2.200078,3,1418.465454
-3.304588,4,1418.573439
-1.114731,2,1418.635545
-3.297027,4,1418.740431
-1.123908,2,1418.799019
-1.106801,2,1418.863621
-3.334383,4,1418.991291
-1.099476,2,1419.051265
-2.186305,3,1419.15464
-1.090403,2,1419.219074
-3.342639,4,1419.34654
-3.50805,4,1419.480389
-3.285418,4,1419.598071
-2.232278,3,1419.698023
-1.092131,2,1419.754624
-2.225217,3,1419.860182
-2.252154,3,1419.953478
-3.280961,4,1420.082735
-3.334163,4,1420.218665
-1.159568,2,1420.287975
-3.278144,4,1420.430396
-0.024671,1,1420.451427
-2.213839,3,1420.594362
-2.244417,3,1420.694523
-2.232468,3,1420.78433
-3.404374,4,1420.935594
-1.107315,2,1421.020493
-2.193311,3,1421.169484
-3.359348,4,1421.312608
-2.205635,3,1421.404519
-2.245731,3,1421.516554
-2.222249,3,1421.605548
-3.30235,4,1421.706511
-0.037668,1,1421.723546
-3.319945,4,1421.824485
-3.286362,4,1421.920452
-3.339795,4,1422.018811
-2.142219,3,1422.105597
-2.251043,3,1422.187114
-1.105867,2,1422.243498
-2.249666,3,1422.330767
-2.229107,3,1422.428059
-3.399298,4,1422.562531
-1.12873,2,1422.625827
-2.190518,3,1422.723484
-2.26135,3,1422.828785
-2.216295,3,1422.915549
-1.063983,2,1422.980343
-0.042184,1,1423.011396
-1.087018,2,1423.082568
-1.075674,2,1423.139724
-3.334767,4,1423.269022
-1.097852,2,1423.331469
-2.179221,3,1423.426608
-2.262441,3,1423.521444
-3.290488,4,1423.655101
-3.36409,4,1423.788519
-3.303181,4,1423.908511
-2.20277,3,1424.015462
-2.21891,3,1424.151515
-2.247655,3,1424.256058
-2.226234,3,1424.374964
-0.026108,1,1424.418659
-1.057747,2,1424.497298
-1.116966,2,1424.577144
-2.25004,3,1424.692746
-0.05445,1,1424.732483
-2.174109,3,1424.834275
-2.276347,3,1424.94447
-1.127617,2,1425.016452
-3.246754,4,1425.168103
-2.247836,3,1425.266581
-0.022643,1,1425.300516
-2.182639,3,1425.41894
-2.223764,3,1425.529577
-1.118142,2,1425.615519
-3.294087,4,1425.794387
-0.031472,1,1425.836458
-3.334137,4,1426.009737
-2.210983,3,1426.125537
-1.098318,2,1426.200518
-2.206264,3,1426.294013
-1.11954,2,1426.355601
-2.231917,3,1426.45153
-2.323141,3,1426.556515
-1.104495,2,1426.62945
-1.129258,2,1426.712359
-2.300084,3,1426.841561
-0.046812,1,1426.880811
-2.25115,3,1427.009712
-3.329675,4,1427.173849
-0.053171,1,1427.216423
-3.280547,4,1427.390054
-1.142114,2,1427.473977
-3.413154,4,1427.64044
-1.086186,2,1427.708095
-2.188113,3,1427.824455
-3.343091,4,1427.985983
-2.16837,3,1428.12261
-1.070496,2,1428.193519
-3.348564,4,1428.351563
-2.240036,3,1428.478122
-2.179145,3,1428.610012
-2.21479,3,1428.7057
-2.270985,3,1428.801849
-2.204307,3,1428.90169
-2.237982,3,1429.001747
-3.359185,4,1429.134607
-2.256922,3,1429.221997
-0.035556,1,1429.252615
-2.162699,3,1429.368108
-2.239741,3,1429.496632
-3.292024,4,1429.648775
-2.280184,3,1429.761448
-1.092448,2,1429.836596
-2.210405,3,1429.95262
-2.178195,3,1430.061659
-2.290707,3,1430.18208
-1.129143,2,1430.272631
-2.245401,3,1430.39681
-1.109139,2,1430.489719
-1.103331,2,1430.56651
-1.066377,2,1430.646465
-2.31227,3,1430.773421
-3.458995,4,1430.954393
-2.277304,3,1431.065208
-2.241344,3,1431.159655
-2.153989,3,1431.271465
-3.345648,4,1431.440089
-1.093524,2,1431.537948
-2.183257,3,1431.656584
-2.197462,3,1431.781072
-2.201823,3,1431.903835
-1.114523,2,1431.984105
-2.27444,3,1432.115324
-3.298473,4,1432.298145
-2.214379,3,1432.416553
-2.277805,3,1432.514478
-3.307956,4,1432.685319
-2.188659,3,1432.804906
-1.131161,2,1432.884921
-1.090001,2,1432.961622
-2.225902,3,1433.060562
-1.144231,2,1433.136524
-2.257751,3,1433.235606
-0.02541,1,1433.266443
-2.172316,3,1433.380984
-3.379579,4,1433.504655
-2.22869,3,1433.614392
-0.042096,1,1433.646443
-1.1255,2,1433.731569
-2.223521,3,1433.819812
-2.238039,3,1433.920457
-2.196389,3,1434.036361
-1.113936,2,1434.111563
-2.239334,3,1434.253625
-3.354144,4,1434.421419
-1.058512,2,1434.501616
-2.260175,3,1434.638708
-2.239888,3,1434.783938
-3.374073,4,1434.955736
-2.24666,3,1435.089643
-2.16492,3,1435.216628
-3.289749,4,1435.390627
-0.029581,1,1435.422489
-0.035204,1,1435.483711
-2.218595,3,1435.62434
-2.21929,3,1435.762375
-1.118137,2,1435.842453
-2.204565,3,1435.96661
-2.30345,3,1436.103695
-3.300325,4,1436.289069
-1.139923,2,1436.38712
-2.25178,3,1436.493642
-3.343805,4,1436.65725
-2.249703,3,1436.79239
-2.193828,3,1436.914243
-1.150873,2,1436.993061
-2.258341,3,1437.106408
-1.137669,2,1437.191678
-1.139445,2,1437.266482
-2.183,3,1437.377226
-3.270418,4,1437.536472
-3.332536,4,1437.708796
-1.114016,2,1437.78256
-3.297966,4,1437.936461
-2.194121,3,1438.062512
-2.227266,3,1438.194567
-0.054611,1,1438.231633
-1.085995,2,1438.313596
-3.310529,4,1438.463792
-3.31135,4,1438.626626
-2.187585,3,1438.738328
-3.33293,4,1438.894558
-2.251521,3,1439.03047
-1.148146,2,1439.110389
-3.36754,4,1439.276038
-1.136473,2,1439.336803
-1.12705,2,1439.389759
-1.118363,2,1439.472492
-1.081373,2,1439.542627
-1.080215,2,1439.627986
-2.240186,3,1439.750567
-1.127949,2,1439.836604
-1.075441,2,1439.887887
-3.365405,4,1440.093753
-1.082867,2,1440.187043
-3.348734,4,1440.371611
-1.061887,2,1440.431597
-2.170151,3,1440.537981
-2.181136,3,1440.677053
-0.023868,1,1440.71243
-0.018968,1,1440.759011
-2.213421,3,1440.849418
-2.225285,3,1440.982106
-0.052689,1,1441.024486
-2.188851,3,1441.15897
-1.151224,2,1441.249417
-1.135322,2,1441.346413
-2.18768,3,1441.490726
-1.156112,2,1441.573511
-3.266924,4,1441.750624
-2.159412,3,1441.880725
-1.083733,2,1441.979087
-2.208587,3,1442.115428
-2.295308,3,1442.236396
-3.342881,4,1442.450398
-0.024739,1,1442.511011
-1.118527,2,1442.5945
-1.111639,2,1442.674422
-2.146884,3,1442.814636
-2.269821,3,1442.912521
-1.101599,2,1443.007944
-2.214578,3,1443.155625
-2.232961,3,1443.318112
-2.211093,3,1443.462346
-3.299559,4,1443.646502
-0.048705,1,1443.694692
-2.170898,3,1443.841482
-2.225497,3,1443.987019
-2.181582,3,1444.131053
-3.333192,4,1444.326451
-1.08087,2,1444.440531
-2.253902,3,1444.571553
-0.033589,1,1444.618947
-3.321835,4,1444.765486
-1.097035,2,1444.837883
-2.233013,3,1444.945661
-2.235584,3,1445.058582
-2.17114,3,1445.169055
-3.330019,4,1445.33956
-3.282786,4,1445.500615
-1.095352,2,1445.570435
-1.073954,2,1445.653571
-2.206972,3,1445.784502
-1.137107,2,1445.859628
-3.35232,4,1446.048138
-2.255768,3,1446.186563
-2.259794,3,1446.31362
-2.231675,3,1446.430562
-1.129676,2,1446.516399
-2.222612,3,1446.636778
-0.024045,1,1446.66955
-2.268415,3,1446.756435
-1.071684,2,1446.817942
-1.112641,2,1446.882076
-0.013303,1,1446.914405
-1.058743,2,1446.982833
-2.207303,3,1447.100022
-1.138566,2,1447.180012
-1.057681,2,1447.266011
-3.428265,4,1447.447973
-2.256688,3,1447.568041
-1.096389,2,1447.655548
-3.364761,4,1447.825435
-2.270398,3,1447.945353
-2.20778,3,1448.066607
-2.211133,3,1448.201606
-2.228829,3,1448.340093
-2.279329,3,1448.475535
-2.134719,3,1448.622418
-1.080964,2,1448.71636
-2.258423,3,1448.850023
-2.266671,3,1448.969384
-2.216775,3,1449.112515
-3.381371,4,1449.295552
-2.195673,3,1449.4381
-2.228726,3,1449.588991
-2.252132,3,1449.721537
-3.410501,4,1449.892597
-3.372364,4,1450.04157
-2.221635,3,1450.132439
-0.056305,1,1450.164489
-1.097204,2,1450.236601
-1.115635,2,1450.312657
-2.160763,3,1450.436373
-2.19083,3,1450.549572
-2.201007,3,1450.673577
-0.042003,1,1450.72137
-2.217698,3,1450.830564
-2.220938,3,1450.92347
-1.082196,2,1450.991733
-2.228913,3,1451.128061
-2.252777,3,1451.243587
-2.27622,3,1451.366543
-1.115639,2,1451.440398
-0.016344,1,1451.486471
-2.162978,3,1451.591661
-1.086596,2,1451.641597
-3.372554,4,1451.7771
-2.251386,3,1451.888031
-1.084198,2,1451.955641
-3.273947,4,1452.088015
-0.010199,1,1452.124577
-2.208855,3,1452.225018
-1.061293,2,1452.292454
-2.226767,3,1452.408131
-3.364675,4,1452.557951
-2.257934,3,1452.672273
-2.194135,3,1452.769614
-1.120432,2,1452.843586
-3.355887,4,1452.988102
-2.186572,3,1453.112664
-1.140201,2,1453.193661
-2.260226,3,1453.295491
-0.010178,1,1453.315522
-2.262196,3,1453.432448
-2.245981,3,1453.544541
-1.060079,2,1453.619805
-2.146691,3,1453.718646
-2.211337,3,1453.820208
-2.180361,3,1453.921491
-1.159828,2,1453.993607
-2.181066,3,1454.096438
-0.030279,1,1454.129507
-0.033084,1,1454.163562
-3.340837,4,1454.296207
-3.303454,4,1454.435576
-2.191074,3,1454.561534
-0.005093,1,1454.599603
-2.156872,3,1454.705496
-3.25616,4,1454.859489
-2.230158,3,1454.98546
-2.177832,3,1455.101455
-2.172606,3,1455.238013
-1.103597,2,1455.318714
-2.179888,3,1455.472168
-1.1229,2,1455.547975
-1.077327,2,1455.616602
-3.282712,4,1455.743623
-1.143851,2,1455.821428
-2.218287,3,1455.920485
-2.232631,3,1456.049546
-2.214049,3,1456.191077
-1.091321,2,1456.271476
-1.049598,2,1456.351793
-3.34902,4,1456.498762
-1.093623,2,1456.578981
-2.210917,3,1456.672534
-2.239489,3,1456.775573
-2.234152,3,1456.873435
-1.139542,2,1456.93148
-1.108224,2,1456.988669
-2.276908,3,1457.076906
-2.150509,3,1457.185056
-2.232822,3,1457.296703
-0.047228,1,1457.350424
-2.172799,3,1457.466603
-2.252535,3,1457.582427
-2.218449,3,1457.716481
-0.016398,1,1457.75656
-2.176104,3,1457.868985
-3.496913,4,1458.001507
-1.11967,2,1458.119021
-0.057144,1,1458.174615
-2.190854,3,1458.326264
-0.055597,1,1458.366527
-2.28191,3,1458.496967
-3.390286,4,1458.682104
-1.093746,2,1458.753636
-0.006203,1,1458.794438
-2.229901,3,1458.912411
-0.034872,1,1458.970015
-3.369877,4,1459.132599
-0.02644,1,1459.163224
-2.198506,3,1459.296577
-2.245706,3,1459.425778
-2.210891,3,1459.536512
-0.010846,1,1459.569575
-2.243251,3,1459.666792
-2.217213,3,1459.761627
-2.242606,3,1459.853437
-2.243249,3,1459.942539
-1.091433,2,1460.015345
-2.23523,3,1460.104684
-0.006692,1,1460.131024
-0.030843,1,1460.16891
-1.11108,2,1460.22153
-0.009037,1,1460.256579
-1.112854,2,1460.314542
-0.044514,1,1460.343587
-2.254816,3,1460.42345
-2.258847,3,1460.52045
-2.245648,3,1460.611259
-2.285567,3,1460.689057
-2.253849,3,1460.781563
-2.25359,3,1460.875496
-2.258723,3,1460.961787
-2.218998,3,1461.034405
-2.19563,3,1461.120327
-2.233252,3,1461.216546
-1.127241,2,1461.272643
-1.132439,2,1461.32147
-0.049623,1,1461.353513
-0.023151,1,1461.383061
-1.103759,2,1461.428129
-2.186427,3,1461.505564
-1.108275,2,1461.571363
-1.097894,2,1461.634592
-3.325408,4,1461.746459
-3.350578,4,1461.853766
-2.186159,3,1461.931222
-2.273487,3,1462.019624
-1.136908,2,1462.075868
-3.341701,4,1462.18658
-2.2835,3,1462.257957
-3.319768,4,1462.370564
-0.03857,1,1462.400609
-1.127663,2,1462.475453
-0.02907,1,1462.499494
-0.01172,1,1462.523537
-2.194892,3,1462.608885
-0.008622,1,1462.642516
-1.082868,2,1462.694592
-1.110615,2,1462.754851
-3.388987,4,1462.858757
-2.177009,3,1462.945852
-3.335423,4,1463.089071
-0.056668,1,1463.124624
-2.22806,3,1463.221479
-2.269292,3,1463.3016
-1.114783,2,1463.366519
-3.299434,4,1463.494454
-1.086986,2,1463.554556
-2.166603,3,1463.645593
-1.072265,2,1463.689835
-2.255482,3,1463.780547
-2.157895,3,1463.862842
-3.369816,4,1463.980644
-3.382889,4,1464.100546
-2.242066,3,1464.221525
-1.084386,2,1464.296634
-3.302558,4,1464.426102
-0.016687,1,1464.455097
-2.178859,3,1464.548105
-2.256747,3,1464.648063
-2.193854,3,1464.736854
-2.189065,3,1464.8289
-2.270407,3,1464.922661
-1.077558,2,1464.969836
-3.416413,4,1465.10456
-1.088152,2,1465.189023
-2.283401,3,1465.318694
-2.221445,3,1465.457945
-1.061102,2,1465.535579
-1.144491,2,1465.615423
-2.160571,3,1465.73643
-1.137511,2,1465.835518
-3.432428,4,1465.99801
-1.094941,2,1466.06663
-2.192856,3,1466.216458
-1.128141,2,1466.310534
-2.175534,3,1466.431592
-1.118631,2,1466.52035
-2.183002,3,1466.636488
-1.12576,2,1466.720635
-1.069221,2,1466.812075
-2.238725,3,1466.900131
-2.20208,3,1467.011346
-2.172535,3,1467.114623
-2.206449,3,1467.204087
-2.188556,3,1467.300978
-2.13166,3,1467.408034
-1.068739,2,1467.473131
-1.136748,2,1467.535731
-2.169162,3,1467.648125
-2.282676,3,1467.778659
-2.204235,3,1467.871488
-3.378434,4,1467.986508
-0.009793,1,1468.015253
-2.243545,3,1468.097965
-3.395094,4,1468.209684
-0.045107,1,1468.242533
-0.043739,1,1468.274699
-1.090151,2,1468.348047
-0.017891,1,1468.385611
-3.374774,4,1468.544573
-0.023673,1,1468.591245
-2.223996,3,1468.709707
-3.317116,4,1468.843595
-0.025176,1,1468.878161
-2.198129,3,1468.983994
-2.276811,3,1469.119022
-1.086395,2,1469.204321
-2.257852,3,1469.306846
-1.104905,2,1469.393351
-2.217789,3,1469.505627
-1.095506,2,1469.592531
-2.274881,3,1469.703524
-2.225871,3,1469.823457
-2.265939,3,1469.930197
-2.197347,3,1470.016484
-2.168269,3,1470.11268
-3.306127,4,1470.256565
-3.292806,4,1470.410561
-2.205004,3,1470.541715
-3.309858,4,1470.658966
-1.093161,2,1470.724702
-1.057604,2,1470.798808
-3.331461,4,1470.923609
-2.1918,3,1471.009074
-2.217637,3,1471.10159
-3.350283,4,1471.248924
-3.407427,4,1471.412511
-3.335588,4,1471.524458
-2.240527,3,1471.606406
-2.202996,3,1471.69608
-2.185297,3,1471.77554
-2.254475,3,1471.855599
-3.317459,4,1471.967993
-2.210304,3,1472.063447
-2.281648,3,1472.141395
-2.185834,3,1472.224546
-3.410062,4,1472.354606
-3.381042,4,1472.484076
-2.25212,3,1472.563534
-2.179494,3,1472.657951
-3.350208,4,1472.78248
-2.228939,3,1472.880399
-1.114173,2,1472.93584
-2.203121,3,1473.02686
-2.194915,3,1473.134439
-1.116466,2,1473.208052
-2.259156,3,1473.329086
-2.230883,3,1473.472518
-1.080095,2,1473.539029
-3.341584,4,1473.699069
-2.269555,3,1473.801606
-2.273485,3,1473.900662
-2.204562,3,1474.016588
-1.084422,2,1474.106561
-3.407993,4,1474.26054
-1.058606,2,1474.339905
-1.14373,2,1474.436521
-1.096268,2,1474.536503
-1.079775,2,1474.598124
-1.130488,2,1474.683886
-0.024936,1,1474.715459
-2.225778,3,1474.787104
-2.246347,3,1474.871593
-2.176649,3,1474.943563
-2.232949,3,1475.02067
-1.097637,2,1475.090067
-3.427495,4,1475.253477
-3.457969,4,1475.439823
-0.015832,1,1475.48255
-1.12835,2,1475.570598
-3.346554,4,1475.753484
-2.189634,3,1475.894051
-1.118177,2,1475.986974
-2.204444,3,1476.128169
-3.291625,4,1476.301722
-2.277811,3,1476.443481
-3.384807,4,1476.609137
-1.062211,2,1476.694619
-3.287819,4,1476.881419
-2.144797,3,1476.996356
-2.24123,3,1477.10855
-2.227289,3,1477.257869
-3.353144,4,1477.408956
-2.202044,3,1477.508857
-3.312186,4,1477.632473
-2.269875,3,1477.747943
-2.148272,3,1477.844444
-2.218214,3,1477.943406
-1.135288,2,1478.018074
-2.148422,3,1478.120222
-2.220546,3,1478.224663
-1.11402,2,1478.286964
-2.183979,3,1478.406043
-2.261737,3,1478.496167
-3.309251,4,1478.642529
-3.289683,4,1478.7664
-2.247641,3,1478.850163
-0.045743,1,1478.876369
-3.296132,4,1478.993444
-2.218853,3,1479.080606
-2.249282,3,1479.19059
-3.270909,4,1479.342431
-2.27282,3,1479.453438
-3.354832,4,1479.61654
-3.358647,4,1479.762462
-0.032513,1,1479.810629
-1.090876,2,1479.901623
-2.159634,3,1480.016457
-1.121143,2,1480.109112
-2.181551,3,1480.226629
-1.088643,2,1480.319629
-3.285117,4,1480.485612
-2.177553,3,1480.592431
-1.097333,2,1480.664545
-3.344641,4,1480.783558
-3.324057,4,1480.913476
-1.111784,2,1480.976694
-1.151018,2,1481.056974
-2.179263,3,1481.163534
-3.33836,4,1481.321418
-3.370719,4,1481.465382
-2.196869,3,1481.551555
-2.227785,3,1481.652386
-2.247766,3,1481.760633
-1.071297,2,1481.822366
-2.157924,3,1481.934329
-0.01946,1,1481.966376
-2.216672,3,1482.073411
-2.194276,3,1482.164773
-2.23228,3,1482.271633
-2.199851,3,1482.401534
-2.206773,3,1482.474431
-2.260204,3,1482.579593
-2.23494,3,1482.688539
-2.222582,3,1482.821394
-1.048886,2,1482.908032
-2.209794,3,1482.997919
-1.144663,2,1483.075555
-2.174052,3,1483.158819
-2.282457,3,1483.24102
-1.11728,2,1483.308649
-2.204379,3,1483.402044
-2.204754,3,1483.536645
-0.03248,1,1483.582552
-1.105478,2,1483.655333
-2.237516,3,1483.769767
-1.083404,2,1483.853483
-1.091295,2,1483.93345
-2.239513,3,1484.046742
-2.20613,3,1484.185611
-3.351323,4,1484.352607
-3.363842,4,1484.526529
-1.123455,2,1484.619027
-2.19881,3,1484.732535
-2.252385,3,1484.860321
-2.187061,3,1484.993652
-2.271656,3,1485.130498
-1.106071,2,1485.204844
-2.235425,3,1485.342489
-3.334808,4,1485.546836
-2.260744,3,1485.671509
-1.118643,2,1485.764532
-1.150947,2,1485.852525
-1.082325,2,1485.935435
-2.195321,3,1486.062473
-2.165866,3,1486.214378
-2.162114,3,1486.340449
-3.286708,4,1486.527881
-2.227673,3,1486.642596
-1.128799,2,1486.704414
-2.278659,3,1486.816835
-1.143722,2,1486.880974
-1.070997,2,1486.963534
-1.102277,2,1487.055463
-2.279857,3,1487.215467
-1.090604,2,1487.299628
-0.046673,1,1487.334843
-1.108163,2,1487.413624
-2.213382,3,1487.535624
-3.374447,4,1487.656643
-2.228986,3,1487.755535
-1.137614,2,1487.834316
-3.273201,4,1487.983507
-2.194904,3,1488.099928
-1.079308,2,1488.174365
-1.137232,2,1488.248149
-1.083797,2,1488.320448
-2.259323,3,1488.432219
-0.016165,1,1488.465906
-2.223235,3,1488.579942
-2.26448,3,1488.683707
-2.265678,3,1488.778658
-1.151652,2,1488.846465
-0.014873,1,1488.884531
-2.194317,3,1488.984473
-1.128046,2,1489.050593
-1.088384,2,1489.128414
-2.227073,3,1489.218121
-3.2762,4,1489.355543
-1.100484,2,1489.413655
-0.038338,1,1489.456457
-3.31735,4,1489.613429
-3.430493,4,1489.761757
-2.254435,3,1489.87056
-2.186851,3,1489.96245
-1.050152,2,1490.034559
-2.177495,3,1490.128949
-2.289179,3,1490.22611
-1.115081,2,1490.290439
-2.239808,3,1490.38159
-2.266492,3,1490.481443
-3.337346,4,1490.633783
-1.058355,2,1490.693475
-2.234531,3,1490.784615
-0.020483,1,1490.82641
-3.322344,4,1490.961421
-2.251388,3,1491.070509
-1.11626,2,1491.140417
-2.228727,3,1491.240593
-1.151294,2,1491.314439
-1.064058,2,1491.379035
-1.129665,2,1491.47147
-2.157057,3,1491.553607
-3.335919,4,1491.679518
-2.217381,3,1491.789496
-3.410875,4,1491.920588
-2.263567,3,1492.005641
-3.355808,4,1492.162588
-1.094261,2,1492.254516
-2.170491,3,1492.367971
-0.030925,1,1492.411552
-3.307776,4,1492.569026
-3.346523,4,1492.734531
-2.197563,3,1492.831462
-2.22937,3,1492.944624
-1.114088,2,1493.030278
-2.196644,3,1493.145308
-2.293631,3,1493.28011
-2.239325,3,1493.430581
-2.234259,3,1493.533528
-3.234518,4,1493.646505
-2.172653,3,1493.750606
-2.175621,3,1493.856549
-2.203004,3,1493.978072
-0.037145,1,1494.015631
-2.261429,3,1494.116582
-2.260769,3,1494.258096
-2.168919,3,1494.372451
-2.2631,3,1494.512419
-0.014209,1,1494.562504
-2.276457,3,1494.681452
-3.389701,4,1494.871087
-2.210572,3,1494.981292
-2.156653,3,1495.106703
-2.203148,3,1495.233201
-0.015754,1,1495.280505
-1.13875,2,1495.383444
-2.275241,3,1495.511366
-2.218195,3,1495.645217
-2.196073,3,1495.783821
-0.056409,1,1495.832399
-1.158488,2,1495.949883
-2.278684,3,1496.063288
-0.013292,1,1496.11457
-0.009981,1,1496.159636
-1.145981,2,1496.244693
-0.02585,1,1496.287944
-1.154871,2,1496.401536
-2.253317,3,1496.550346
-1.084461,2,1496.649601
-2.192382,3,1496.789672
-2.273119,3,1496.942322
-1.092822,2,1497.034622
-3.348742,4,1497.230621
-2.290111,3,1497.354611
-3.335916,4,1497.516584
-3.354156,4,1497.700646
-1.093149,2,1497.776609
-2.15562,3,1497.869511
-1.096868,2,1497.927953
-0.041711,1,1497.963519
-2.230816,3,1498.079461
-2.15598,3,1498.212795
-3.318926,4,1498.374509
-3.357026,4,1498.568914
-2.240347,3,1498.712598
-1.127825,2,1498.797976
-2.243438,3,1498.950615
-1.10724,2,1499.040626
-1.130978,2,1499.152602
-1.121693,2,1499.24948
-2.257864,3,1499.391489
-2.171792,3,1499.511837
-3.403903,4,1499.677968
-2.171619,3,1499.802639
-1.125925,2,1499.883585
-2.197018,3,1499.996069
-3.339521,4,1500.158005
-2.209312,3,1500.284497
-1.076013,2,1500.369869
-0.051886,1,1500.41609
-2.233928,3,1500.530388
-2.215192,3,1500.662536
-1.104242,2,1500.75041
-2.204841,3,1500.874609
-1.083572,2,1500.950009
-1.139024,2,1501.00858
-1.141026,2,1501.075516
-3.340462,4,1501.240839
-2.159411,3,1501.363787
-2.174886,3,1501.500023
-1.089624,2,1501.594064
-2.243636,3,1501.716531
-2.22967,3,1501.861545
-1.11854,2,1501.922315
-2.222347,3,1502.038831
-1.141533,2,1502.11571
-2.179319,3,1502.249102
-1.121531,2,1502.327976
-2.189886,3,1502.46949
-2.269998,3,1502.613113
-3.322933,4,1502.797088
-2.197192,3,1502.931543
-0.031337,1,1502.970612
-3.306041,4,1503.09911
-3.385286,4,1503.249072
-2.188775,3,1503.356452
-3.408637,4,1503.51163
-2.128119,3,1503.617986
-1.07477,2,1503.717917
-3.30743,4,1503.895975
-1.119479,2,1503.966397
-2.225132,3,1504.076786
-2.226214,3,1504.189387
-1.105572,2,1504.255509
-2.16105,3,1504.366485
-3.307963,4,1504.496152
-2.230689,3,1504.606553
-2.214619,3,1504.706439
-3.363046,4,1504.833574
-2.202108,3,1504.959501
-0.056975,1,1504.998567
-0.036305,1,1505.032464
-1.119951,2,1505.101086
-2.281697,3,1505.181541
-3.331111,4,1505.324429
-2.25902,3,1505.425624
-3.379511,4,1505.567954
-3.327986,4,1505.680462
-2.185378,3,1505.779469
-2.155381,3,1505.895981
-3.286023,4,1506.041479
-3.44215,4,1506.206574
-2.241944,3,1506.319087
-2.243917,3,1506.446355
-2.197888,3,1506.57162
-2.222879,3,1506.702072
-0.003371,1,1506.753417
-2.179697,3,1506.89705
-2.27039,3,1507.023833
-2.153117,3,1507.138143
-3.313732,4,1507.315302
-1.116844,2,1507.398494
-3.34377,4,1507.566467
-2.230812,3,1507.679024
-2.167079,3,1507.850527
-2.217461,3,1507.948885
-1.088895,2,1508.006023
-1.128672,2,1508.073513
-2.243382,3,1508.173552
-2.256433,3,1508.286398
-2.212759,3,1508.390585
-3.296527,4,1508.495966
-0.039925,1,1508.529129
-2.256679,3,1508.624572
-2.171022,3,1508.726578
-2.225911,3,1508.846525
-2.264728,3,1508.966492
-1.090624,2,1509.039778
-3.49324,4,1509.201759
-2.230094,3,1509.328521
-1.135008,2,1509.426365
-3.356635,4,1509.612591
-2.206222,3,1509.751822
-2.22953,3,1509.894971
-1.078359,2,1509.991475
-2.178755,3,1510.120481
-1.107347,2,1510.214446
-2.231751,3,1510.359993
-2.207943,3,1510.492584
-2.227986,3,1510.650406
-1.097035,2,1510.736518
-3.35348,4,1510.932392
-2.134906,3,1511.065492
-2.261267,3,1511.199988
-2.293785,3,1511.343514
-3.451778,4,1511.518692
-0.012975,1,1511.567947
-2.239435,3,1511.701801
-3.271853,4,1511.893473
-2.25415,3,1512.014624
-3.328995,4,1512.195004
-0.045468,1,1512.244604
-2.15529,3,1512.377989
-2.254215,3,1512.502932
-1.078235,2,1512.606123
-0.048565,1,1512.66239
-0.052351,1,1512.704543
-1.130929,2,1512.796879
-2.268874,3,1512.944437
-1.111768,2,1513.040463
-2.263963,3,1513.1795
-3.341341,4,1513.35157
-3.342645,4,1513.513668
-0.034784,1,1513.552401
-3.369514,4,1513.720385
-3.359404,4,1513.885489
-3.32613,4,1514.058105
-1.114991,2,1514.126447
-1.132628,2,1514.222816
-3.352266,4,1514.376622
-3.31407,4,1514.543545
-3.354944,4,1514.694497
-0.022575,1,1514.719697
-2.245493,3,1514.818516
-2.228776,3,1514.939462
-2.212665,3,1515.037988
-1.106613,2,1515.102112
-2.158758,3,1515.224645
-2.276576,3,1515.35636
-3.322117,4,1515.533657
-2.203172,3,1515.648074
-3.292339,4,1515.821619
-2.243839,3,1515.953429
-1.08745,2,1516.016042
-3.303057,4,1516.134614
-3.357643,4,1516.275605
-0.042651,1,1516.332578
-1.117874,2,1516.418981
-3.289066,4,1516.590304
-2.217943,3,1516.701076
-1.094888,2,1516.77641
-3.316843,4,1516.934399
-0.039635,1,1516.967957
-1.098362,2,1517.048176
-0.03198,1,1517.088925
-2.234269,3,1517.202606
-2.235109,3,1517.34269
-2.196954,3,1517.498454
-2.231962,3,1517.640525
-2.175395,3,1517.778708
-2.248152,3,1517.909689
-2.277142,3,1518.051696
-3.381253,4,1518.245399
-3.344276,4,1518.379766
-2.198755,3,1518.464381
-2.230547,3,1518.570661
-1.130455,2,1518.669031
-1.147664,2,1518.743828
-2.197095,3,1518.862664
-3.38351,4,1519.031394
-1.152691,2,1519.098011
-0.04907,1,1519.137857
-2.243958,3,1519.25792
-0.040968,1,1519.300524
-3.311897,4,1519.470608
-1.130934,2,1519.578016
-1.118464,2,1519.671429
-1.113217,2,1519.746637
-2.141389,3,1519.875577
-2.227155,3,1519.981399
-2.267065,3,1520.094566
-2.236608,3,1520.220879
-2.204242,3,1520.350861
-2.27369,3,1520.485647
-2.247516,3,1520.611677
-2.269006,3,1520.739683
-2.27074,3,1520.860363
-2.212984,3,1520.966738
