#{"t_start": 1777807858.2597125, "env_id": "FetchReach-v4"}
r,l,t
-50.140265,50,0.945748
-49.984929,50,0.986746
-3.968131,5,0.992748
-49.858718,50,1.029747
-49.940171,50,1.068747
-49.914432,50,1.103748
-21.872022,23,1.121747
-49.949635,50,1.157746
-49.930203,50,1.245327
-49.933686,50,1.308323
-49.952964,50,1.352323
-50.17486,50,1.395324
-49.950593,50,1.435324
-50.013063,50,1.474324
-8.967671,10,1.482324
-25.857863,27,1.503328
-50.036574,50,1.549324
-49.921794,50,1.592583
-10.920708,12,1.602584
-49.983813,50,1.646712
-39.830038,41,1.692711
-50.026328,50,1.732712
-49.843241,50,1.773112
-49.949406,50,1.810109
-49.988101,50,1.84911
-49.970147,50,1.886109
-49.914556,50,1.921108
-50.034693,50,1.956109
-49.958744,50,2.01411
-50.176192,50,2.05211
-49.858084,50,2.088109
-49.946333,50,2.12511
-49.935376,50,2.164109
-49.932716,50,2.234111
-49.986579,50,2.309109
-50.045799,50,2.361109
-49.914403,50,2.405111
-49.935689,50,2.44111
-49.999476,50,2.47811
-49.985793,50,2.521109
-50.027423,50,2.563109
-49.9463,50,2.599109
-49.922135,50,2.637113
-9.962766,11,2.645618
-12.918615,14,2.659618
-49.948106,50,2.699618
-34.851755,36,2.726618
-49.945798,50,2.763618
-49.933891,50,2.802618
-49.983006,50,2.842619
-50.173658,50,2.880618
-49.939802,50,2.917619
-49.899046,50,2.956618
-49.953265,50,2.99562
-50.015048,50,3.032618
-50.070261,50,3.067618
-49.906591,50,3.109618
-49.925664,50,3.147621
-49.927964,50,3.183617
-49.901606,50,3.220618
-12.840396,14,3.236619
-44.842895,46,3.320942
-49.895429,50,3.372941
-50.079573,50,3.411941
-49.934626,50,3.459284
-49.933367,50,3.495285
-50.064795,50,3.534284
-49.9876,50,3.574284
-49.887943,50,3.614283
-50.00974,50,3.650283
-13.864493,15,3.661283
-49.938101,50,3.698284
-50.08136,50,3.737283
-50.063495,50,3.777289
-49.995417,50,3.814795
-50.065852,50,3.853797
-50.160283,50,3.892795
-50.037764,50,3.930796
-50.070266,50,3.966796
-49.893295,50,4.002796
-49.815643,50,4.041872
-49.953254,50,4.07987
-49.917766,50,4.11487
-49.948253,50,4.15043
-50.061592,50,4.189428
-49.943644,50,4.227427
-25.856023,27,4.247429
-16.895603,18,4.262428
-4.993764,6,4.271428
-49.952382,50,4.312428
-49.833876,50,4.347429
-49.87689,50,4.382427
-49.909763,50,4.423428
-49.950925,50,4.458428
-50.053278,50,4.495428
-50.01507,50,4.535429
-49.958611,50,4.575428
-49.980086,50,4.610429
-50.104158,50,4.647428
-49.990209,50,4.684429
-50.073344,50,4.737428
-12.914421,14,4.748428
-35.822861,37,4.783427
-50.119126,50,4.820428
-49.981444,50,4.869428
-50.075839,50,4.90643
-7.89653,9,4.913428
-49.905136,50,4.950938
-49.997045,50,4.991938
-50.04372,50,5.031938
-49.915543,50,7.228853
-50.002156,50,7.788812
-49.928645,50,8.346569
-50.006885,50,8.910246
-4.952069,6,8.976398
-49.938996,50,9.529956
-49.943506,50,10.094956
-49.992405,50,10.664467
-50.031132,50,11.236572
-50.019923,50,11.803956
-50.102256,50,12.429068
-49.938119,50,12.996575
-49.907183,50,13.546891
-7.912309,9,13.646173
-50.149498,50,14.224736
-49.951137,50,14.793964
-50.010166,50,15.351652
-49.944432,50,15.907178
-50.008261,50,16.525087
-27.897943,29,16.852315
-50.01313,50,17.410563
-49.945218,50,17.977194
-35.843249,37,18.387669
-49.908698,50,18.952252
-49.786675,50,19.50664
-50.001205,50,20.068598
-49.942066,50,20.6306
-49.921133,50,21.187188
-11.833532,13,21.333186
-49.879622,50,21.89855
-5.894348,7,21.988791
-50.068434,50,22.545641
-49.887681,50,23.101941
-1.990175,3,23.135942
-7.93455,9,23.247449
-50.171809,50,23.805537
-50.084317,50,24.367836
-50.00975,50,24.937837
-50.039153,50,25.497421
-49.919373,50,26.064422
-1.897177,3,26.096423
0.003328,1,26.108422
-49.893577,50,26.676875
-49.762335,50,27.236092
-49.978388,50,27.787988
-49.985891,50,28.302519
-50.008838,50,28.808518
-50.083577,50,29.305594
-50.123087,50,29.816594
-50.240371,50,30.319556
-50.103383,50,30.834729
-50.041452,50,31.398303
0.010808,1,31.410301
-3.948611,5,31.460359
-50.018455,50,31.953822
-49.984309,50,32.449538
-49.997317,50,32.930617
-49.88515,50,33.409345
-49.983272,50,33.902924
-50.064634,50,34.382925
-49.958942,50,34.856701
-50.029142,50,35.36109
-3.94808,5,35.41609
-50.052552,50,35.923663
-50.097784,50,36.41291
-50.050521,50,36.920499
-49.874817,50,37.469748
-49.980351,50,38.026668
-50.008143,50,38.586159
-50.021832,50,39.156873
-49.932272,50,39.720688
-50.089651,50,40.282199
-50.033897,50,40.920749
-49.980915,50,41.486678
-50.190363,50,42.054847
-50.104051,50,42.61559
-33.93785,35,43.000732
-50.047935,50,43.559017
-49.848487,50,44.121865
-49.863572,50,44.688865
-50.097868,50,45.24195
-3.92455,5,45.29995
-49.976105,50,45.870951
-2.966098,4,45.915952
-13.885409,15,46.081771
-49.965357,50,46.648135
-49.989753,50,47.209741
-25.901767,27,47.507265
-50.062505,50,48.061265
-49.926462,50,48.619775
-49.971838,50,49.186157
-50.002577,50,49.739563
-50.0259,50,50.303564
-50.021996,50,50.873152
-49.892777,50,51.444641
-50.191755,50,52.05338
-49.933165,50,52.646325
-50.084306,50,53.244484
-7.885311,9,53.354484
-50.017639,50,53.965584
-49.909631,50,54.563262
-50.11053,50,55.150046
-50.130449,50,55.752101
-50.008132,50,56.373697
-50.080016,50,56.957705
-49.942822,50,57.547666
-50.158756,50,58.126242
-50.029538,50,58.684749
-49.899534,50,59.253208
-49.981469,50,59.809827
-49.949615,50,60.378959
-50.115799,50,60.936049
-14.926137,16,61.113591
-49.964577,50,61.671591
-49.947355,50,62.239099
-28.839049,30,62.572504
-27.895266,29,64.553551
-50.098461,50,65.119656
-49.934603,50,65.685678
-49.899741,50,66.241817
-50.085789,50,66.794538
-50.001835,50,67.349689
-49.956327,50,67.910661
-49.966174,50,68.47672
-50.032418,50,69.02478
-49.850355,50,69.586245
-50.07592,50,70.154122
-49.983232,50,70.707324
-49.896797,50,71.273834
-50.058959,50,71.830431
-49.906113,50,72.396153
-8.908706,10,72.50651
-49.984072,50,73.05751
-4.950586,6,73.124511
-49.819232,50,73.697137
-49.89059,50,74.249731
-50.039752,50,74.814731
-50.234668,50,75.377346
-50.02522,50,75.939366
-50.023553,50,76.497947
-49.988418,50,77.070786
-50.007082,50,77.636787
-5.950941,7,77.714786
-50.04156,50,78.274726
-49.992832,50,78.828913
-49.91204,50,79.391424
-50.003232,50,79.963777
-50.148924,50,80.496285
-50.083657,50,81.031286
-50.033483,50,81.578027
-49.884512,50,82.11628
-49.987686,50,82.656978
-50.024609,50,83.202336
-50.078149,50,83.736046
-49.971605,50,84.258478
-50.120748,50,84.79967
-49.931124,50,85.341688
-50.027229,50,85.873689
-49.930425,50,86.405502
-8.968718,10,86.509502
-49.852845,50,87.051614
-50.040387,50,87.621429
-18.910686,20,87.852681
-49.909722,50,88.399191
-50.040055,50,88.9476
-29.826047,31,89.285891
-8.87923,10,89.400892
-49.910261,50,89.957634
-49.840134,50,90.506165
-49.937817,50,91.060812
-50.094174,50,91.630096
-49.890669,50,92.193167
-50.018262,50,92.748167
-50.052704,50,93.314889
-49.946826,50,93.827347
-50.018256,50,94.324292
-50.153583,50,94.836601
-49.954677,50,95.393245
-49.97851,50,95.960245
-49.993477,50,96.535519
-50.019243,50,97.10852
-12.863487,14,97.264571
-49.987732,50,97.820452
-50.113365,50,98.391046
-50.121924,50,98.950749
-16.914577,18,99.149749
-41.872517,43,99.629749
-25.867777,27,99.935334
-5.88793,7,100.012409
-50.024984,50,100.58491
-49.900537,50,101.144421
-50.032473,50,101.710331
-50.049714,50,102.277909
-49.960503,50,102.83109
-49.950414,50,103.446768
-50.225024,50,104.017292
-50.045461,50,104.589157
-50.002122,50,105.14143
-49.900979,50,105.701938
-50.076024,50,106.260508
-50.126246,50,106.816017
-50.121297,50,107.368405
-50.012362,50,107.930786
-50.138445,50,108.50556
-49.785017,50,109.069647
-3.995484,5,109.122951
-50.025824,50,109.69195
-49.897334,50,110.249732
-50.104202,50,110.796167
-50.053115,50,111.352894
-50.16332,50,111.908891
-50.142077,50,112.477697
-50.14422,50,113.053127
-50.138704,50,113.625655
-50.091324,50,114.18823
-50.131535,50,114.759741
-50.154239,50,115.320014
-50.231803,50,115.867885
-7.91461,9,115.968884
-50.053375,50,116.521197
0.026832,1,116.532196
-49.956487,50,117.085157
-50.039677,50,117.648156
-50.024521,50,118.220136
0.00456,1,118.230136
-50.213379,50,118.789647
-50.011386,50,119.350494
-50.033023,50,119.906494
-50.081124,50,122.178681
-49.915458,50,122.750354
-50.153662,50,123.3419
-50.067768,50,123.938595
-50.048309,50,124.525719
-50.26738,50,125.133317
-7.916935,9,125.244317
-50.044001,50,125.834317
-50.019298,50,126.434052
-3.882709,5,126.494306
-50.166234,50,127.118306
-49.96629,50,127.696396
-50.231866,50,128.271395
-50.20563,50,128.874215
-50.151837,50,129.448362
-50.199997,50,130.011872
-50.13077,50,130.582326
-50.086969,50,131.152915
-50.272461,50,131.727082
-50.032156,50,132.277745
-50.165752,50,132.841436
-49.976479,50,133.404198
-50.193119,50,133.977938
-50.12648,50,134.53468
-50.199714,50,135.096064
-49.988137,50,135.64281
-50.088975,50,136.204079
-50.09926,50,136.771137
-49.94274,50,137.327137
-21.86017,23,137.590757
-50.04352,50,138.162399
-50.078238,50,138.726909
-49.99076,50,139.286129
-49.956219,50,139.843585
-50.058936,50,140.419653
-50.058702,50,140.973652
-50.223846,50,141.544697
-50.04475,50,142.113697
-50.287046,50,142.676287
-50.0355,50,143.245404
-49.918696,50,143.802162
-50.11557,50,144.363336
-50.30735,50,144.936843
-50.066638,50,145.512845
-50.101124,50,146.070036
-50.027426,50,146.638037
-50.208917,50,147.203188
-50.160252,50,147.769187
-50.38172,50,148.349191
-50.25449,50,148.921193
-49.915029,50,149.502793
-49.978901,50,150.059518
-50.374314,50,150.632098
-50.295117,50,151.176509
-50.251887,50,151.743337
-50.169951,50,152.308
-1.91393,3,152.342081
-50.02619,50,152.887688
-50.016011,50,153.430965
-50.129701,50,153.997978
-50.164258,50,154.53575
-9.881471,11,154.652749
-50.246677,50,155.202514
-0.969989,2,155.223514
-49.959492,50,155.768724
-50.101515,50,156.340447
-50.053023,50,156.920731
-50.366217,50,157.470759
-50.124572,50,158.003033
-0.948082,2,158.023033
-50.112544,50,158.56015
-50.151552,50,159.109151
-50.270586,50,159.65591
-50.279374,50,160.212262
-50.194934,50,160.778478
-50.238172,50,161.335478
-50.31355,50,161.898292
-50.270741,50,162.446537
-50.093484,50,163.039197
-50.112438,50,163.668745
-50.250666,50,164.249583
-50.220807,50,164.79584
-50.184733,50,165.357705
-50.18579,50,165.906928
-50.248014,50,166.462529
-49.992813,50,167.030768
-50.16053,50,167.58644
-1.920762,3,167.62344
-50.169668,50,168.225673
-2.870254,4,168.273673
-50.041663,50,168.833437
-49.918528,50,169.383498
-49.951899,50,169.943247
-49.791678,50,170.504246
-50.273925,50,171.071271
-50.18362,50,171.633271
-50.193181,50,172.194421
-50.181388,50,172.760421
-50.102628,50,173.3285
-50.011967,50,173.887498
-50.087771,50,174.448207
-50.117284,50,175.004516
-50.032146,50,175.572024
-50.041904,50,176.139307
-49.830584,50,176.701033
-50.070483,50,177.324683
0.015311,1,177.341684
-50.185062,50,177.910445
-0.947529,2,177.934445
-1.925934,3,177.967446
-3.835722,5,178.028445
-50.105247,50,180.19874
-49.954109,50,180.756062
-50.198144,50,181.317574
-50.229319,50,181.883572
-50.144243,50,182.480855
-49.955674,50,183.054232
-50.074482,50,183.611943
-50.436928,50,184.191429
-49.866133,50,184.765522
-50.185842,50,185.337523
-50.062592,50,185.899544
-50.18669,50,186.468693
-49.7521,50,187.033337
-50.190665,50,187.591561
-50.076819,50,188.141195
-50.111354,50,188.703827
-50.083796,50,189.268339
-49.997125,50,189.831885
-50.106772,50,190.387394
-50.014514,50,190.946393
-2.862418,4,190.991393
-50.181761,50,191.550283
-10.83742,12,191.684284
-50.102463,50,192.248285
-50.16475,50,192.801872
-7.868061,9,192.903871
-3.895515,5,192.959872
-3.885882,5,193.019871
-50.193581,50,193.629339
-50.028876,50,194.249021
-50.159381,50,194.836229
-49.947967,50,195.465528
-49.987675,50,196.074037
-50.138789,50,196.711163
-50.239451,50,197.300344
-49.986582,50,197.923872
-50.244016,50,198.509954
-50.148503,50,199.103954
-2.83026,4,199.149953
-50.179685,50,199.780804
-3.895945,5,199.842803
-50.193704,50,200.430805
-50.103862,50,201.052535
-2.852495,4,201.10963
-50.175156,50,201.739017
-50.007774,50,202.325048
-3.86925,5,202.377048
-50.272538,50,202.95356
-49.976724,50,203.512022
-50.162245,50,204.073767
-4.890678,6,204.144767
-50.170026,50,204.706239
-50.065665,50,205.265862
-3.87235,5,205.32199
-50.274159,50,205.873415
-50.167862,50,206.439926
-50.14328,50,207.004042
-50.096897,50,207.559672
-50.031837,50,208.105672
-49.958147,50,208.673254
-50.183085,50,209.223702
-50.043578,50,209.789859
-50.083716,50,210.344029
-50.141192,50,210.902323
-49.969871,50,211.480904
-6.81666,8,211.571903
-50.04223,50,212.139414
-50.131537,50,212.714836
-50.07645,50,213.270674
-8.796399,10,213.38403
-50.074815,50,213.95703
-50.082137,50,214.531469
-49.976742,50,215.105201
-49.945129,50,215.662923
-19.884046,21,215.899
0.007851,1,215.914001
-50.036281,50,216.476125
-50.063919,50,217.038012
-3.881618,5,217.105263
-49.904615,50,217.715453
-50.128123,50,218.348546
-50.012317,50,218.911055
-4.871524,6,218.977055
-4.881558,6,219.043055
-11.880563,13,219.187321
-1.969856,3,219.220319
-49.939715,50,219.778623
-49.976455,50,220.324209
-50.016655,50,220.881499
-50.018562,50,221.443573
-50.065071,50,222.011839
-49.995487,50,222.570447
-50.041613,50,223.122923
-50.08869,50,223.682431
-50.041521,50,224.248431
-50.055246,50,224.814002
-49.914468,50,225.350002
-50.047005,50,225.89281
-49.874211,50,226.430986
-49.830175,50,226.981839
-6.869972,8,227.067909
-50.096953,50,227.585583
-49.953437,50,228.12063
-49.903337,50,228.656631
-49.932713,50,229.20263
-49.990258,50,229.74714
-50.089522,50,230.268692
-8.838664,10,230.371692
-5.893252,7,230.442199
-50.035316,50,230.965727
-49.905946,50,231.50082
-36.950705,38,231.927602
-49.929407,50,232.469936
-50.0251,50,233.045648
-49.984936,50,233.599058
-49.990982,50,234.160955
-1.958889,3,234.195952
-4.89001,6,234.269953
-49.914975,50,234.827952
-50.032916,50,235.398659
-46.836934,48,235.937734
-2.911397,4,235.983734
-50.021696,50,236.540622
-49.868939,50,238.504797
-2.918047,4,238.547796
-2.919808,4,238.591862
-3.821248,5,238.649132
-49.913163,50,239.259376
-49.926713,50,239.829226
-49.979939,50,240.447475
-50.015505,50,241.001985
-49.949202,50,241.574389
-49.935679,50,242.130069
-49.982294,50,242.696615
-33.847546,35,243.079793
-49.974007,50,243.619888
-50.046597,50,244.177084
-49.991582,50,244.729789
-49.981341,50,245.307789
-49.974421,50,245.870402
-1.875201,3,245.904402
-49.964216,50,246.463672
-49.892433,50,247.012308
-49.890354,50,247.583647
-49.945479,50,248.206161
-49.900013,50,248.76616
-50.068314,50,249.326669
-49.946768,50,249.888431
-1.905774,3,249.927432
-49.981749,50,250.483943
-50.01286,50,251.039103
-49.942522,50,251.595616
-49.995495,50,252.157614
-49.91545,50,252.723733
-1.94044,3,252.756733
-4.828233,6,252.829732
-49.916626,50,253.389731
-49.913223,50,253.938843
-49.875625,50,254.493056
-49.988667,50,255.04677
-49.870985,50,255.599651
-49.982705,50,256.162404
-49.965048,50,256.719842
-49.928663,50,257.352379
-7.820419,9,257.45038
-13.901625,15,257.623379
-49.884206,50,258.179952
-5.87632,7,258.263954
-4.917929,6,258.329952
-2.899178,4,258.376952
-1.898324,3,258.412953
-49.971248,50,258.975141
-16.899179,18,259.177142
-49.895478,50,259.716742
-49.887047,50,260.271864
-2.940987,4,260.319865
-50.028208,50,260.882372
-5.850849,7,260.961372
-1.932219,3,260.996373
-49.97096,50,261.549372
-50.027041,50,262.102428
-50.004608,50,262.660428
-49.94576,50,263.218846
-49.940842,50,263.781318
-49.951294,50,264.344568
-6.884238,8,264.438569
-5.890746,7,264.518567
-49.930742,50,265.084552
-3.875403,5,265.138551
-49.921225,50,265.700551
-2.846937,4,265.746551
-49.8423,50,266.314298
-49.989079,50,266.879008
-17.849358,19,267.119007
-5.827597,7,267.211006
-0.939916,2,267.237008
-11.833669,13,267.385836
-0.947833,2,267.408836
-7.885008,9,267.508837
-49.868861,50,268.119836
-1.96455,3,268.155837
-50.008148,50,268.820002
0.018663,1,268.837001
-49.970145,50,269.495749
-50.008157,50,270.127433
-49.970969,50,270.725582
-49.957846,50,271.345091
-49.943578,50,271.962846
-49.940792,50,272.592421
-2.944304,4,272.63942
-49.926446,50,273.267568
-0.009514,1,273.282569
0.016596,1,273.29657
-49.979781,50,273.88057
-49.904267,50,274.469081
-50.007332,50,275.049633
-49.820193,50,275.608405
-49.957563,50,276.169849
-49.830072,50,276.728359
-4.866085,6,276.798359
-50.089689,50,277.35468
-49.99867,50,277.914718
-49.954438,50,278.467834
-4.852332,6,278.535834
-49.945001,50,279.08851
-49.9294,50,279.642982
-50.059421,50,280.198692
-50.04189,50,280.753098
-49.898195,50,281.315608
-49.964157,50,281.8657
-50.036012,50,282.432338
-49.987026,50,282.994339
-49.943434,50,283.555717
-50.007418,50,284.121497
-49.892374,50,284.684312
-3.868445,5,284.744312
-32.879874,34,285.125628
-3.921058,5,285.177629
-49.964116,50,285.750633
-49.912968,50,286.321536
-0.943342,2,286.345536
-0.948498,2,286.367537
-3.874499,5,286.42254
-49.944575,50,286.983385
-0.959214,2,287.003386
-49.849786,50,287.557817
-50.018197,50,288.118522
-49.985633,50,288.685054
-49.870029,50,289.238765
-49.990802,50,289.791766
-49.856625,50,290.353273
-49.959737,50,290.914955
-49.871976,50,291.469956
-49.997549,50,292.020379
-2.918789,4,292.065379
-49.951589,50,292.632112
-49.956797,50,293.19416
-50.003988,50,293.75316
-49.917723,50,294.313048
-49.958729,50,294.876047
-49.985694,50,297.141583
-49.982912,50,297.699321
-50.017118,50,298.23207
-50.085614,50,298.770917
-49.97054,50,299.286081
-49.990156,50,299.797094
-49.858617,50,300.321361
-49.899003,50,300.850289
-49.919926,50,301.370171
-49.859572,50,301.90278
-49.874723,50,302.420053
-7.91585,9,302.520052
-6.833232,8,302.599051
-4.896435,6,302.664052
-0.97296,2,302.686051
-6.891928,8,302.776052
-3.856992,5,302.828052
-33.821797,35,303.216733
-49.89216,50,303.739889
-49.854429,50,304.418401
-49.966919,50,304.974401
-49.953396,50,305.51514
-49.907123,50,306.055339
-49.988761,50,306.612845
-0.936871,2,306.633846
-3.878216,5,306.683845
-49.975123,50,307.240278
-49.879645,50,307.774036
-49.979508,50,308.316343
-49.961549,50,308.865122
-49.932256,50,309.403778
-49.941692,50,309.950912
-1.93625,3,309.984419
-14.864622,16,310.162053
0.006065,1,310.173054
0.007731,1,310.188055
-0.952607,2,310.213055
-3.873338,5,310.268054
-49.939172,50,310.815153
-49.915551,50,311.515342
-50.060181,50,312.077847
-49.935988,50,312.645474
-49.948851,50,313.191819
-49.859489,50,313.743054
-49.859527,50,314.286054
-49.995091,50,314.835727
-49.967355,50,315.388252
-3.906286,5,315.448251
-49.868756,50,316.000928
-22.871866,24,316.286449
-16.864019,18,316.48845
-0.96203,2,316.513449
-3.881466,5,316.568449
-0.941422,2,316.591449
-3.896424,5,316.643449
-6.881008,8,316.73845
-0.952778,2,316.761449
-26.947477,28,317.079041
-49.890475,50,317.617432
-10.877795,12,317.756433
-5.942183,7,317.835432
-1.876342,3,317.870433
-3.972832,5,317.929434
-49.905269,50,318.486113
-15.866291,17,318.674644
-0.949532,2,318.696645
-6.877979,8,318.785646
-5.888061,7,318.869645
-26.819144,28,319.236154
-5.888127,7,319.315287
-9.90216,11,319.447403
-36.83984,38,319.879819
-2.916489,4,319.92382
-6.867476,8,320.013899
-6.827388,8,320.10103
-9.887299,11,320.233401
-3.878181,5,320.289399
-2.902011,4,320.335524
-6.874282,8,320.430034
-49.843626,50,320.999892
-3.86129,5,321.076894
-7.917436,9,321.199892
-4.886797,6,321.263049
-7.851928,9,321.371048
-22.845032,24,321.635238
-6.845699,8,321.724238
-0.936872,2,321.746238
-6.887331,8,321.842347
-2.891778,4,321.889433
-2.885113,4,321.933432
-20.916679,22,322.171577
-1.924474,3,322.209577
-8.829268,10,322.325577
0.016711,1,322.336576
-17.808694,19,322.542079
-25.879014,27,322.845809
0.026388,1,322.85581
-15.890501,17,323.043809
-8.92296,10,323.200809
-12.861929,14,323.35881
-14.900725,16,323.534809
-3.862176,5,323.61181
-49.863328,50,324.190975
-2.9177,4,324.235976
-3.927317,5,324.291975
-2.925023,4,324.334975
-3.908857,5,324.387975
-7.861574,9,324.499975
-2.907573,4,324.543975
-2.846499,4,324.586976
-3.88838,5,324.642975
-8.912722,10,324.756976
-49.855708,50,325.300587
-9.92508,11,325.424662
-49.812022,50,326.041151
-9.865504,11,326.164664
-13.952699,15,326.32794
-0.941031,2,326.350938
-29.837485,31,326.70228
-4.856813,6,326.776279
-5.860595,7,326.85128
-9.888805,11,326.977279
-4.827002,6,327.051279
-0.967028,2,327.080279
-26.847679,28,327.391864
-4.887964,6,327.457119
-3.838644,5,327.51612
-49.806458,50,328.081286
-20.898855,22,328.337286
-12.858429,14,328.498795
-5.88019,7,328.577795
-7.83398,9,328.685794
-3.903384,5,328.741794
-14.847248,16,328.937056
-3.919831,5,328.996198
-6.889121,8,329.081249
-5.84722,7,329.171493
-3.912689,5,329.230491
-6.853998,8,329.31849
-23.896107,25,329.604072
-39.871769,41,330.073611
-2.942958,4,330.11761
-6.867482,8,330.205611
-1.920415,3,330.240611
-0.960352,2,330.261611
-49.877013,50,330.883718
-6.898708,8,330.971717
-4.93333,6,331.057715
-3.890991,5,331.127716
-10.878663,12,331.265718
-4.916168,6,331.335716
-2.877573,4,331.383717
-4.834856,6,331.451715
0.001009,1,331.461715
-22.875257,24,331.735716
-3.87527,5,331.794715
-2.872518,4,331.868231
-5.854943,7,331.975229
-3.879199,5,332.033229
-2.902072,4,332.08523
-2.925135,4,332.131231
-1.912527,3,332.17323
-6.885164,8,332.264286
-3.8887,5,332.325287
-0.972138,2,332.347372
-11.890721,13,332.48681
-9.926351,11,332.613812
-6.895015,8,332.705811
-19.835946,21,332.990323
-3.874507,5,333.051322
-2.90069,4,333.097322
-12.846281,14,333.259405
-5.884281,7,333.336405
-4.916142,6,333.405404
-5.88961,7,333.483404
-1.949955,3,333.520405
-30.918925,32,333.872405
-0.944408,2,333.894405
-4.858808,6,333.960405
-3.938838,5,334.020405
-10.961853,12,334.154914
-3.878219,5,334.209914
-23.882388,25,334.492914
-0.004029,1,334.507914
-3.886827,5,334.561914
-0.957922,2,334.583914
-6.847846,8,334.673915
-2.923537,4,334.723914
-5.836976,7,334.799914
-1.94932,3,334.834915
-0.952235,2,334.855916
-26.828919,28,335.180914
-1.983273,3,335.214914
-18.835926,20,335.463489
-7.878836,9,335.58549
-1.947153,3,335.62649
-2.925191,4,335.672562
-21.906372,23,335.940004
-1.954859,3,335.974005
-6.904596,8,336.068005
-17.820855,19,336.285006
-15.923432,17,336.476008
-3.892034,5,336.530514
-15.863629,17,336.72566
-0.975345,2,336.748661
-5.905369,7,336.82766
-3.877435,5,336.87966
0.005249,1,336.89666
-36.904842,38,337.32466
-8.882,10,337.438661
-4.85686,6,337.50966
-16.863142,18,337.71417
-38.816996,40,338.155169
-2.976927,4,338.203171
-19.851236,21,338.442173
-0.96717,2,338.467171
-46.81661,48,338.997809
-5.871609,7,339.08081
-8.906389,10,339.191123
-1.960159,3,339.234123
-3.937563,5,339.294122
-6.87284,8,339.390123
-30.906928,32,339.767563
-3.896586,5,339.825562
-1.955944,3,339.860563
-6.890069,8,339.962074
-9.860915,11,340.133074
-1.948748,3,340.177073
-8.826571,10,340.302185
-3.905257,5,340.364185
-7.855144,9,340.465184
0.024707,1,340.480185
-19.841528,21,340.731184
-7.885832,9,340.839185
-2.89648,4,340.889184
-1.940655,3,340.924185
-49.832501,50,341.536694
-6.914605,8,341.635695
-1.963149,3,341.672695
-0.948755,2,341.708695
-5.875154,7,341.807694
-4.945155,6,341.881695
-13.864252,15,342.053694
-8.838356,10,342.182694
-2.90677,4,342.234203
-22.823744,24,342.527483
-5.886598,7,342.617775
0.01893,1,342.635775
-0.981728,2,342.665775
-27.933524,29,343.019916
-4.858719,6,343.094915
-3.86066,5,343.161915
-2.916105,4,343.207916
-4.918693,6,343.276992
-2.907153,4,343.327991
-0.961836,2,343.369499
-6.867978,8,343.4655
-5.859817,7,343.5425
-6.955045,8,343.6325
-2.904806,4,343.6825
-49.922967,50,344.345635
-29.865737,31,344.718145
-3.904314,5,344.775268
-26.875179,28,345.118533
-2.905481,4,345.165534
-4.898596,6,345.243533
-5.879453,7,345.328753
-14.860881,16,345.524754
-4.885076,6,345.594753
-5.902548,7,345.681753
-9.842558,11,345.80939
-4.938498,6,345.878564
-7.889371,9,345.975564
-4.923325,6,346.042564
-2.883271,4,346.086638
-5.873513,7,346.166638
-5.863681,7,346.249639
0.016155,1,346.261639
-3.918658,5,346.317701
-6.912302,8,346.409702
-5.831486,7,346.492009
-2.909339,4,346.538009
-1.934736,3,346.573008
-2.893481,4,346.620008
-4.934797,6,346.693008
-6.886757,8,346.828009
-8.816392,10,346.969602
-5.828506,7,347.062719
-5.917518,7,347.145719
-12.839673,14,347.305
-9.849497,11,347.427999
-15.866866,17,347.621001
-8.903687,10,347.733
-4.864464,6,347.803999
-0.958476,2,347.828
-7.919408,9,347.932002
-1.95591,3,347.966
-3.932979,5,348.022
0.010968,1,348.033
-14.865634,16,348.211511
-5.870188,7,348.286511
-4.895469,6,348.351641
-8.868288,10,348.467642
-25.795494,27,348.765641
-10.92893,12,348.899198
-9.888605,11,349.021197
-5.897313,7,349.101197
-41.865194,43,349.624124
-10.929307,12,349.763124
-16.898832,18,350.004662
-5.905177,7,350.084662
-1.930925,3,350.125663
-3.902544,5,350.189661
-6.895424,8,350.279873
-6.860411,8,350.366872
-0.959064,2,350.394873
-6.863703,8,350.481877
-3.855195,5,350.543383
-6.933395,8,350.630385
-0.959765,2,350.655384
-1.944596,3,350.690383
-10.919455,12,350.826383
-0.003239,1,350.838384
-5.945285,7,350.955384
-10.83908,12,351.099384
-1.947663,3,351.133383
-5.868607,7,351.224384
-3.872322,5,351.284384
-4.882074,6,351.351383
-49.851285,50,351.899484
-5.945616,7,351.975484
-2.922023,4,352.026483
-5.840674,7,352.103483
-6.867223,8,352.192484
-11.917734,13,352.333483
-10.886537,12,352.464484
-3.855333,5,352.520483
-2.953678,4,352.566483
-2.914328,4,352.611485
0.020331,1,352.626482
-0.955897,2,352.649483
-7.881831,9,352.750485
-6.866869,8,352.845993
-21.845386,23,353.10758
-7.855151,9,353.20658
-12.836211,14,353.364583
-4.912893,6,353.43558
-0.963226,2,353.461581
-3.885262,5,353.517581
-4.919181,6,353.58358
-49.846507,50,354.13556
-20.920948,22,354.979209
0.005468,1,354.99321
-10.87626,12,355.127717
-4.925821,6,355.192717
-1.92733,3,355.231717
-9.855858,11,355.356717
-2.932523,4,355.401717
-4.941522,6,355.471954
-2.918431,4,355.519955
-2.911012,4,355.566955
-6.901334,8,355.659956
0.013139,1,355.670955
-15.861059,17,355.863955
-4.873852,6,355.931955
-23.891318,25,356.260119
0.004266,1,356.271117
-1.975918,3,356.309118
-4.887178,6,356.381118
-1.941691,3,356.417195
-12.864122,14,356.57426
-4.878997,6,356.645355
-5.92148,7,356.722461
-6.896315,8,356.814461
-0.003934,1,356.82646
-9.80151,11,356.95346
-2.906499,4,357.005461
-2.941755,4,357.04846
-3.896847,5,357.107565
-5.90292,7,357.190658
-5.908756,7,357.269657
-49.928616,50,357.832493
-34.794865,36,358.230493
-27.85675,29,358.565095
-0.986417,2,358.588094
-2.900892,4,358.633094
-10.85631,12,358.766095
-3.908932,5,358.826095
-3.891393,5,358.883095
-7.855784,9,358.982096
-2.931058,4,359.026095
-6.880137,8,359.118098
-5.840632,7,359.196095
-0.961658,2,359.217095
-41.7997,43,359.694605
-3.951305,5,359.753724
0.015357,1,359.766725
-4.861086,6,359.835725
-4.904573,6,359.901724
-3.857762,5,359.963902
-3.884368,5,360.020142
-7.872201,9,360.121143
0.02088,1,360.131143
-4.922358,6,360.201143
-2.931862,4,360.244143
-10.797304,12,360.372142
-6.842403,8,360.455142
-8.817202,10,360.569144
-18.874273,20,360.786142
-4.862229,6,360.854654
-45.864822,47,361.376654
-5.845529,7,361.455653
-2.952813,4,361.498655
-0.970366,2,361.522654
-8.835138,10,361.633654
-4.85585,6,361.708654
-49.778253,50,362.308161
0.010585,1,362.322162
-5.822524,7,362.406162
-22.813321,24,362.688164
-2.906713,4,362.758163
-49.804681,50,363.329853
-3.896057,5,363.383853
-2.898971,4,363.434853
-30.876433,32,363.785042
-5.913079,7,363.861043
-49.89784,50,364.471059
-6.924025,8,364.564061
-8.86836,10,364.682145
-18.866273,20,364.912144
-1.918156,3,364.948341
-49.855426,50,365.500941
-18.777953,20,365.724149
-1.912511,3,365.761149
-4.927831,6,365.82415
-5.877555,7,365.904214
-4.860772,6,365.972289
-49.851878,50,366.541084
-12.882014,14,366.696087
-18.874878,20,366.932088
-10.95514,12,367.063087
-2.954063,4,367.108087
-5.898202,7,367.189088
-15.810608,17,367.390087
-23.943201,25,367.661087
-22.84625,24,367.931787
-10.857688,12,368.057788
-33.831965,35,368.453788
-3.954147,5,368.511787
-3.90773,5,368.569789
-49.838453,50,369.150466
-6.818133,8,369.242466
-1.888463,3,369.275467
-27.841306,29,369.594466
-49.860246,50,370.147034
-11.902012,13,370.296035
-8.862332,10,370.407035
-5.922729,7,370.486035
-49.780825,50,371.055037
-49.850335,50,371.624625
-49.94729,50,372.166244
-36.837542,38,372.580454
-5.867466,7,372.655549
-4.950888,6,372.72455
-0.984102,2,372.743549
0.020571,1,372.755549
-0.953677,2,372.777549
-0.960498,2,372.803549
-49.881933,50,373.338142
-7.873811,9,373.435406
-6.836307,8,373.52097
-26.79687,28,373.821422
-6.916247,8,373.900423
-3.875051,5,373.950422
-19.871443,21,374.179422
-4.907887,6,374.245422
-5.937693,7,374.321421
-4.953075,6,374.380421
-1.954188,3,374.412421
-6.925187,8,374.504421
-3.88827,5,374.557422
-23.841182,25,374.818309
-6.935345,8,374.903385
-2.914664,4,374.945381
0.019292,1,374.958381
-7.867166,9,375.056381
-4.869077,6,375.121381
-1.920017,3,375.15538
-19.871308,21,375.381658
-8.859785,10,375.482658
-7.90365,9,375.591659
-5.921493,7,375.698659
-4.855432,6,375.76917
-6.862311,8,375.85017
-22.891749,24,376.122683
-2.938129,4,376.173683
-21.916544,23,376.418684
-5.872441,7,376.488687
-14.833238,16,376.660682
-8.862867,10,376.764684
-22.868088,24,377.027267
-9.898919,11,377.152462
0.019634,1,377.162461
-3.9046,5,377.224815
-3.852044,5,377.280815
-10.882962,12,377.400815
-2.923442,4,377.443885
-6.859678,8,377.53899
-3.924817,5,377.597992
-5.903883,7,377.67999
-1.976115,3,377.71599
-1.873141,3,377.75199
0.009025,1,377.762994
-6.911169,8,377.8491
-7.858791,9,377.9441
-49.846959,50,378.499208
-4.910093,6,378.568307
-2.937562,4,378.615308
-2.916312,4,378.659308
0.00907,1,378.673309
-24.905006,26,378.957649
-2.954327,4,379.006805
-1.969498,3,379.040805
-49.837889,50,379.605506
-12.97904,14,379.758585
-4.909885,6,379.823585
-5.903204,7,379.899584
-7.907691,9,380.003585
-20.931019,22,380.246774
-2.881796,4,380.290774
-49.81564,50,380.84167
0.010119,1,380.856669
-9.837068,11,380.978827
-45.817258,47,381.498628
-2.922047,4,381.543628
-3.896837,5,381.601783
-2.865771,4,381.647783
-2.903749,4,381.692785
-5.855862,7,381.769785
-3.864006,5,381.825785
-2.899797,4,381.865782
-20.928567,22,382.099155
-4.882454,6,382.163153
-5.910937,7,382.241155
-0.956537,2,382.262154
-1.900576,3,382.294154
-49.949381,50,382.885374
-2.864849,4,382.934374
-3.916496,5,383.002377
-6.853339,8,383.103375
-13.947515,15,383.267374
-2.887498,4,383.315375
-42.898023,44,383.804884
-3.938274,5,383.862043
-49.811308,50,384.424043
-3.944623,5,384.485043
-3.903362,5,384.543183
-1.939511,3,384.576182
-29.843574,31,384.91797
-12.85985,14,385.082193
-4.907424,6,385.145191
-6.871923,8,385.233192
-32.872527,34,385.622449
-1.898858,3,385.659449
-6.854748,8,385.748448
-3.882549,5,385.805448
-26.947047,28,386.123957
-11.860786,13,386.274428
-18.933909,20,386.494734
-8.815466,10,386.603735
-0.944994,2,386.626735
-2.90315,4,386.676736
-44.860543,46,387.189737
-8.856805,10,387.309886
-15.909767,17,387.514976
-3.891845,5,387.576976
-2.900579,4,387.625974
-2.901446,4,387.669975
-7.876422,9,387.770034
-7.880317,9,387.877034
-0.965307,2,387.90013
-2.917196,4,387.947131
-10.891973,12,388.08213
-5.886505,7,388.187131
-2.927533,4,388.239131
-1.928183,3,388.27413
-49.858529,50,388.851751
-4.852486,6,388.918751
-4.850829,6,388.983752
-49.794925,50,389.560667
-24.901787,26,389.861666
-43.856201,45,390.378737
-6.906297,8,390.471737
-21.849144,23,390.729246
-2.889484,4,390.776308
-5.849888,7,390.857388
-3.883474,5,390.915389
-26.889322,28,391.256388
-4.857882,6,391.325389
-4.888059,6,391.398388
-6.856955,8,391.485484
-17.873412,19,391.699483
-3.896955,5,391.758131
-0.963837,2,391.785132
-2.916812,4,391.828133
-0.959321,2,391.851131
-1.935415,3,391.884133
-3.897441,5,391.943132
-3.883839,5,391.999131
-1.928548,3,392.032133
-6.887347,8,392.124132
-3.954255,5,392.183131
-1.925493,3,392.217131
-3.871138,5,392.273134
-8.877494,10,392.383131
-7.881983,9,392.488131
-0.982714,2,392.513132
-6.831747,8,392.596131
-7.829201,9,392.738132
-7.867405,9,392.855132
-49.856774,50,393.455227
-10.866078,12,393.594229
-3.872291,5,393.649228
-12.820489,14,393.855227
-1.948535,3,393.889227
-18.889244,20,394.117738
-4.868008,6,394.183738
-2.879348,4,394.231738
-49.854422,50,394.79197
-3.905291,5,394.847971
-49.89815,50,395.404701
0.023942,1,395.419701
-6.911055,8,395.505701
-4.90575,6,395.569701
-2.891598,4,395.611701
-3.932617,5,395.670701
-49.857888,50,396.225701
-5.846948,7,396.304702
-7.834019,9,396.410541
-4.888061,6,396.479542
-2.944944,4,396.526541
-3.900381,5,396.585541
-18.941223,20,396.811541
-14.893262,16,396.999541
0.022379,1,397.010542
-5.870634,7,397.092541
-3.896066,5,397.148541
-2.871824,4,397.196541
-1.923622,3,397.23154
-4.880024,6,397.300541
-7.812028,9,397.409542
-3.893088,5,397.468544
-2.956317,4,397.515131
-2.88021,4,397.564132
-3.883021,5,397.619132
-5.917073,7,397.705132
-9.933858,11,397.832131
-2.929537,4,397.878132
-4.884276,6,397.947131
-4.859222,6,398.018134
0.011782,1,398.029132
-3.912942,5,398.087132
-49.85764,50,398.700753
-2.92046,4,398.747754
-7.870931,9,398.845752
-5.935394,7,398.924753
-15.89598,17,399.111753
-4.924225,6,399.181753
-29.893712,31,399.527754
-19.862233,21,399.770262
-24.822641,26,400.069597
-44.877332,46,400.593687
-4.904213,6,400.659028
-5.872051,7,400.740028
-2.898286,4,400.79003
-5.878845,7,400.871028
-2.914523,4,400.918541
-5.824053,7,400.99854
-1.925775,3,401.030541
-4.897869,6,401.10284
-4.855734,6,401.16884
-6.842218,8,401.255841
-5.851669,7,401.33384
-0.953825,2,401.36184
-2.897602,4,401.40984
-3.863628,5,401.466843
-4.947176,6,401.53184
-2.89361,4,401.578841
-1.920436,3,401.612841
-14.889231,16,401.780841
-5.890855,7,401.85984
-1.971813,3,401.89684
-3.889971,5,401.95284
-5.850414,7,402.03284
-5.880732,7,402.110403
-5.811404,7,402.192577
-26.912963,28,402.506692
-4.872551,6,402.575971
-6.837386,8,402.661972
-2.910764,4,402.708971
-2.896463,4,402.753972
-16.887193,18,402.949971
-4.885192,6,403.012971
-28.835003,30,403.34957
-5.872331,7,403.428569
-5.878632,7,403.507571
-5.8535,7,403.58657
-32.868297,34,403.978817
-3.92016,5,404.039817
-12.875438,14,404.242817
-2.91744,4,404.285818
-3.867219,5,404.349325
-31.84982,33,404.727675
-4.854087,6,404.794842
-49.826336,50,405.364843
-4.846562,6,405.434842
-10.806755,12,405.569352
-7.84045,9,405.672352
-5.892776,7,405.752352
-24.898791,26,406.041352
-49.831167,50,406.599352
-9.847017,11,406.724861
-4.954368,6,406.791861
-22.886175,24,407.057861
-13.848517,15,407.225862
-4.909304,6,407.290967
-3.878622,5,407.347967
-9.851648,11,407.478077
-5.878605,7,407.555266
-4.862995,6,407.641267
-2.916638,4,407.711267
-20.867709,22,407.972776
-1.952086,3,408.010777
-17.851401,19,408.223561
-3.883235,5,408.28156
-4.871561,6,408.35356
-5.851013,7,408.427561
-3.875722,5,408.48156
-2.913948,4,408.524561
-5.885219,7,408.605561
-0.969669,2,408.630562
0.01504,1,408.642561
-6.868744,8,408.73456
-5.885389,7,408.810562
-1.941575,3,408.846561
-5.906702,7,408.923562
-7.832414,9,409.024148
-5.867748,7,409.105413
-6.881046,8,409.194411
-4.894213,6,409.261465
-1.943603,3,409.293466
-19.865718,21,409.530106
-2.930403,4,409.579105
-7.840544,9,409.679105
-13.896946,15,409.840106
-5.847292,7,409.920105
-5.819264,7,409.999107
-5.848533,7,410.080194
-4.86434,6,410.144704
-0.949046,2,410.169704
-7.850196,9,410.267705
-5.952081,7,410.342706
-2.899299,4,410.389704
-9.834527,11,410.516704
-6.821899,8,410.602705
-3.891698,5,410.660704
-1.926666,3,410.692705
-6.851363,8,410.824706
-4.876806,6,410.895704
-4.891892,6,410.966704
-4.864379,6,411.037704
-7.930244,9,411.144705
-3.917608,5,411.199707
0.016617,1,411.210704
-5.845385,7,411.284707
-1.944354,3,411.327212
-23.889441,25,411.601346
-3.884301,5,411.664347
-2.922823,4,411.710346
-11.870412,13,411.909432
-1.955777,3,412.408859
-8.839462,10,412.533368
-5.837696,7,412.617368
-4.924113,6,412.692478
-2.945438,4,412.736479
-14.898342,16,412.919583
0.01973,1,412.930585
-0.957277,2,412.956584
-1.945278,3,412.990583
-3.844822,5,413.047583
-9.945105,11,413.179667
-6.821112,8,413.277667
-2.928344,4,413.339669
-6.847198,8,413.459667
-49.853549,50,414.090476
-5.915664,7,414.178645
-29.911983,31,414.545745
0.003987,1,414.556745
-7.836429,9,414.663745
-0.962948,2,414.690746
-42.819459,44,415.226999
-18.890705,20,415.466999
-6.861029,8,415.568999
-5.880903,7,415.656143
-3.859155,5,415.722142
-19.843569,21,415.964786
-2.918497,4,416.008786
-3.952667,5,416.066036
-9.875263,11,416.199155
-1.961864,3,416.232157
-9.866828,11,416.371157
-6.852277,8,416.504156
-12.797636,14,416.670156
-3.87276,5,416.727156
-0.961967,2,416.752157
-11.835059,13,416.903327
-4.820525,6,416.981327
-9.871052,11,417.114836
-6.852956,8,417.204929
-7.822751,9,417.315929
-5.873828,7,417.396142
-2.907659,4,417.440141
-6.836785,8,417.540141
-2.918216,4,417.589142
-7.865098,9,417.693142
-2.899397,4,417.738142
-9.877188,11,417.865389
-6.854525,8,417.96139
-4.923497,6,418.027389
-1.929146,3,418.06039
-2.931271,4,418.104391
-3.881615,5,418.164389
-7.797605,9,418.271897
-1.931074,3,418.306897
-3.948359,5,418.361016
-10.844361,12,418.502016
-15.906848,17,418.697231
-0.967463,2,418.721232
-1.948605,3,418.754233
-3.918109,5,418.81354
-2.958733,4,418.859539
-5.946976,7,418.936539
-3.880612,5,418.99454
0.01935,1,419.009541
-5.864776,7,419.092538
-30.852658,32,419.452165
-49.856575,50,420.020691
-4.905961,6,420.090692
-4.879872,6,420.158691
-8.83459,10,420.269692
-14.919249,16,420.449691
-49.840915,50,421.005202
-5.879797,7,421.085199
-1.939426,3,421.1202
-16.871921,18,421.319547
-49.858844,50,421.928059
-17.893567,19,422.142204
-13.901222,15,422.30344
0.003909,1,422.315864
-6.815841,8,422.407862
-0.957086,2,422.430862
-7.849025,9,422.527862
0.003734,1,422.538863
-17.877367,19,422.756961
-6.855045,8,422.848603
-20.818541,22,423.098601
-19.857477,21,423.332602
-49.862969,50,423.892846
-5.978651,7,423.965357
-5.86228,7,424.044358
-3.918136,5,424.096357
-4.896136,6,424.20536
-24.884439,26,424.513821
-6.874753,8,424.598822
-3.865441,5,424.685822
-17.839012,19,424.917821
-13.85284,15,425.084821
-7.851561,9,425.18444
-3.934402,5,425.236512
-4.917674,6,425.308513
-3.897131,5,425.365575
-2.924471,4,425.410575
-1.943441,3,425.442575
-23.875271,25,425.713758
0.001463,1,425.726757
-6.876363,8,425.812756
-49.84709,50,426.378595
-8.83174,10,426.494673
-5.857394,7,426.574672
-1.926239,3,426.607786
-4.897117,6,426.674786
-5.840229,7,426.757787
-3.941464,5,426.815786
-8.873198,10,426.927787
-4.852879,6,426.995787
-0.979655,2,427.024787
-49.795915,50,427.589953
-14.882821,16,427.819237
-7.899258,9,427.933237
-6.905988,8,428.029238
-8.908983,10,428.152237
-3.860693,5,428.208238
-4.845718,6,428.274237
-0.952158,2,428.299238
-8.92694,10,428.408236
-3.899994,5,428.464237
-2.918844,4,428.508237
-6.880779,8,428.601917
-5.887426,7,428.67698
-4.890735,6,428.745981
-3.949116,5,428.803981
0.017643,1,428.81898
-3.875774,5,428.87307
-8.868128,10,428.986136
-16.822877,18,429.180431
-9.847151,11,429.307431
-2.915935,4,429.353431
-7.887287,9,429.457431
-0.979412,2,429.47943
-4.888126,6,429.547431
-49.860104,50,430.168259
-19.794229,21,430.409498
0.011109,1,430.420497
-4.882714,6,430.491498
-5.892156,7,430.566497
-7.923408,9,430.669498
-5.944446,7,430.744498
-6.848038,8,430.863549
-8.811538,10,431.007546
-12.857377,14,431.166547
-4.863243,6,431.235546
-4.888052,6,431.306546
-49.888395,50,431.866704
-4.888918,6,431.933704
-12.954413,14,432.095215
-2.908334,4,432.145213
-5.882266,7,432.219213
-17.878634,19,432.43132
-18.882678,20,432.6559
-4.871926,6,432.723902
-12.822966,14,432.8829
-49.879936,50,433.485652
-13.849989,15,433.656905
-5.844436,7,433.745903
-3.899359,5,433.803903
-12.850419,14,433.95815
-6.850543,8,434.04615
-21.890996,23,434.30766
-5.840131,7,434.380774
-18.883099,20,434.602774
-4.894176,6,434.668774
-2.927668,4,434.717773
-6.854492,8,434.810773
-3.880601,5,434.870776
-9.885311,11,434.991773
-0.965949,2,435.017774
-6.860859,8,435.108774
-49.843342,50,435.656516
-7.965118,9,435.760869
-5.884814,7,435.843869
-1.947106,3,435.879869
-3.916482,5,435.934868
-49.908242,50,436.487869
-49.89478,50,437.065379
-8.857358,10,437.177379
-1.932854,3,437.210378
-8.897196,10,437.325378
-9.835469,11,437.446596
-6.885317,8,437.534712
-4.914974,6,437.601712
-3.959082,5,437.658889
-0.985013,2,437.689137
-4.871746,6,437.760645
-1.960059,3,437.792794
-17.893813,19,438.004097
-14.86069,16,438.186098
-12.813902,14,438.343098
-6.868701,8,438.432097
-4.91805,6,438.496099
0.016161,1,438.510098
-6.844582,8,438.603098
-49.825235,50,439.172939
-8.903392,10,439.285998
-2.929598,4,439.332998
-5.876821,7,439.407999
0.016764,1,439.420998
-7.912618,9,439.518068
-2.908249,4,439.567067
-5.853557,7,439.645365
-2.955382,4,439.691365
-3.870819,5,439.747365
-3.877614,5,439.808366
-7.869589,9,439.907365
-3.930106,5,439.963365
0.003674,1,439.976365
-4.867191,6,440.043876
-49.883015,50,440.666063
-4.915133,6,440.737062
-4.910389,6,440.805064
-4.851971,6,440.876063
-5.854791,7,440.956495
-9.837303,11,441.076496
-2.916149,4,441.123496
-1.945989,3,441.162004
-4.894292,6,441.225005
-49.884401,50,441.775125
-12.876997,14,441.940229
-19.827315,21,442.177227
-4.921745,6,442.245227
-15.86322,17,442.442738
0.012118,1,442.454738
-2.925104,4,442.502738
-13.907618,15,442.672738
0.019494,1,442.683739
0.015536,1,442.693737
-23.818255,25,442.984738
-1.943691,3,443.018738
0.015021,1,443.030737
-4.959382,6,443.097737
-4.921937,6,443.166737
-46.867917,48,443.699441
-3.926245,5,443.757442
-3.943086,5,443.81244
-4.950168,6,443.879441
-3.877899,5,443.93244
-5.879381,7,444.007441
-49.84948,50,444.534892
-20.8574,22,444.7814
-4.935905,6,444.8524
-49.875377,50,445.47073
0.019799,1,445.48073
-17.885886,19,445.712733
-17.808041,19,445.929302
-6.872615,8,446.015413
-27.902364,29,446.370911
-7.821192,9,446.483909
-3.943507,5,446.535909
-49.838415,50,447.099419
-7.915502,9,447.200501
-4.914996,6,447.273609
-2.892518,4,447.316669
-1.970919,3,447.349736
-49.870746,50,447.873972
-4.892799,6,447.941972
-1.943667,3,447.974973
-5.910835,7,448.05248
-2.930857,4,448.097565
-7.855273,9,448.211705
-4.909066,6,448.279705
-49.82259,50,448.851712
-21.849843,23,449.096089
-3.901607,5,449.155595
-3.886475,5,449.216599
-18.912131,20,449.444601
-3.884378,5,449.532945
-49.864639,50,450.121155
-23.867003,25,450.401215
-5.873771,7,450.478217
-32.830915,34,450.866216
-20.891182,22,451.111216
-1.931405,3,451.146215
-2.920893,4,451.190419
-5.884437,7,451.274419
-5.854795,7,451.352419
-2.911179,4,451.400419
-11.887129,13,451.58909
-7.890627,9,451.704091
-3.927041,5,451.76809
-2.938482,4,451.80909
-2.931457,4,451.856089
-2.942821,4,451.906091
0.028083,1,451.921091
-7.835275,9,452.02809
-5.890299,7,452.106491
-5.859681,7,452.184492
-5.884539,7,452.26349
-5.876949,7,452.340491
-12.873091,14,452.497492
-34.865602,36,452.903352
-11.868139,13,453.067504
-6.864067,8,453.186502
-4.881107,6,453.257503
-49.894381,50,453.901493
-6.915072,8,453.99773
-5.873208,7,454.076729
-4.92349,6,454.141729
-5.897567,7,454.218729
-11.919132,13,454.368728
-3.904702,5,454.424731
-5.825595,7,454.50073
-1.92751,3,454.530728
-3.900394,5,454.630041
-49.849018,50,455.209723
-4.922703,6,455.274723
0.010529,1,455.284723
-6.841097,8,455.374722
-1.949393,3,455.408723
-4.873964,6,455.479722
-0.958667,2,455.500722
-4.875556,6,455.570722
-2.890749,4,455.613722
-1.923739,3,455.648722
-3.82182,5,455.704723
-5.862714,7,455.785723
-5.89785,7,455.867723
-2.906124,4,455.912722
-3.840781,5,455.966725
-21.844867,23,456.23365
-3.90364,5,456.288648
-6.845539,8,456.383741
-3.914133,5,456.440925
-6.879607,8,456.534926
-5.941499,7,456.614925
-4.828751,6,456.684925
-4.9035,6,456.749926
-2.926279,4,456.797928
-5.901496,7,456.872926
-2.90281,4,456.917925
-1.943158,3,456.949925
-49.879019,50,457.525794
-1.928652,3,457.561795
-3.890859,5,457.616794
-20.871184,22,457.872794
-25.8867,27,458.182794
-4.855131,6,458.254803
-1.928109,3,458.292306
-5.860577,7,458.370305
-3.877483,5,458.431449
-5.842769,7,458.509449
-4.855681,6,458.578449
-3.888869,5,458.63645
-5.850237,7,458.719449
-8.838802,10,458.826698
-11.923054,13,458.974972
-4.860909,6,459.043972
-6.829225,8,459.136972
-3.895883,5,459.201972
-6.915688,8,459.331972
-4.895725,6,459.402975
-3.887529,5,459.466568
-12.859052,14,459.629674
-49.860827,50,460.188921
-5.928923,7,460.307922
-36.855628,38,460.763182
-49.854479,50,461.322181
-2.906863,4,461.370181
-49.853246,50,461.933291
-6.868918,8,462.026291
-2.902819,4,462.073292
-1.954997,3,462.105291
-3.934584,5,462.160294
-4.86432,6,462.229291
-2.9109,4,462.273292
0.013298,1,462.284291
-6.869673,8,462.37129
-3.886088,5,462.431291
-3.855981,5,462.489291
-2.905064,4,462.536293
-2.921985,4,462.581291
-3.81535,5,462.640291
-4.861532,6,462.707292
-12.848802,14,462.916803
-3.907701,5,462.979804
0.016475,1,462.993802
-5.897441,7,463.075943
-5.871834,7,463.157942
-3.929339,5,463.210942
-2.897958,4,463.261943
-6.885054,8,463.346943
-49.848195,50,463.909105
-3.954817,5,463.967287
-2.900145,4,464.02429
0.003062,1,464.034795
-5.819137,7,464.119795
-6.86929,8,464.208849
-2.919189,4,464.257849
-4.925195,6,464.32385
-6.86192,8,464.41085
-5.86062,7,464.489849
-4.845405,6,464.56085
0.011877,1,464.57285
-4.909576,6,464.640908
-49.837542,50,465.200889
-4.851653,6,465.267972
-6.863673,8,465.356234
-23.857066,25,465.631477
-1.954025,3,465.663476
-0.969157,2,465.687477
-19.891305,21,465.927476
-3.897969,5,465.986543
-2.924756,4,466.032787
-0.967507,2,466.057787
-2.896915,4,466.103786
-2.91597,4,466.150787
-5.855492,7,466.228787
0.017794,1,466.244787
-4.88001,6,466.311791
-49.850934,50,466.872664
-6.921868,8,466.956871
0.012228,1,466.97187
-2.940615,4,467.015871
0.011641,1,467.02687
-2.9344,4,467.07287
-49.890814,50,467.647822
-0.965101,2,467.668823
-4.867628,6,467.733823
-6.844042,8,467.823823
-3.89725,5,467.880822
-2.906452,4,467.924823
-49.899906,50,468.483822
-5.905867,7,468.558822
-10.858768,12,468.706333
-3.92652,5,468.763332
-49.880502,50,469.302391
-5.834703,7,469.38073
-3.895847,5,469.441729
-2.92324,4,469.48973
-4.847321,6,469.557968
-2.922864,4,469.603967
-2.890096,4,469.652968
-0.950728,2,469.673968
-5.90267,7,469.754968
0.009147,1,469.765967
-2.859334,4,469.819477
-4.935664,6,469.88459
-2.903386,4,469.92959
-2.936599,4,469.97359
-5.889447,7,470.05159
0.009186,1,470.062592
-1.934719,3,470.09859
-3.829508,5,470.15559
0.019372,1,470.17059
-2.911845,4,470.21367
-3.857229,5,470.27167
-1.931703,3,470.722061
-2.84646,4,470.77306
-2.969341,4,470.817061
-19.873699,21,471.052812
-3.880784,5,471.107811
-4.8523,6,471.179811
-3.929634,5,471.238811
-2.925947,4,471.281811
-49.841759,50,471.831882
-3.887986,5,471.888881
-14.873437,16,472.07149
-5.875022,7,472.146492
-0.957778,2,472.169492
-7.84049,9,472.273491
-1.944603,3,472.305654
-18.850183,20,472.539653
-3.896885,5,472.602653
-47.814348,49,473.15174
-13.87071,15,473.327309
-1.923106,3,473.359308
-3.929091,5,473.413309
-2.908601,4,473.457308
0.01747,1,473.470309
-4.86053,6,473.540308
-3.887736,5,473.592308
-6.876498,8,473.684309
-2.880166,4,473.732308
-0.957736,2,473.755309
-9.815398,11,473.880309
-2.925065,4,473.926308
-3.947658,5,473.984309
-3.883424,5,474.039308
-4.870786,6,474.103309
-4.86438,6,474.177308
-5.861373,7,474.257308
-3.880374,5,474.313311
-1.936587,3,474.344311
0.014804,1,474.361817
-1.922004,3,474.399817
-3.899771,5,474.456817
-12.818372,14,474.614817
-1.942228,3,474.653915
-5.881945,7,474.733916
-9.811087,11,474.857089
-2.911454,4,474.90009
-1.948056,3,474.934089
-4.874807,6,474.999361
-1.932889,3,475.034361
-7.890283,9,475.132361
-4.847043,6,475.206361
-2.903305,4,475.249777
-11.816523,13,475.391775
-1.926551,3,475.423775
-3.897863,5,475.481781
-2.904544,4,475.529286
-2.868531,4,475.572286
-3.896862,5,475.626286
-5.870076,7,475.704285
-38.813606,40,476.159369
-2.893523,4,476.204372
-2.928845,4,476.249372
-4.877913,6,476.32137
-2.819163,4,476.36837
-5.844532,7,476.446369
-2.883278,4,476.494371
-5.809699,7,476.577369
-2.911475,4,476.622373
-8.876553,10,476.739877
-4.866508,6,476.802877
-12.775684,14,476.968139
-5.840385,7,477.04614
-6.872046,8,477.132142
-3.862617,5,477.188141
-3.894237,5,477.247353
0.02053,1,477.258355
0.007995,1,477.271353
-6.876285,8,477.360354
-2.943239,4,477.407504
-5.874354,7,477.484504
-5.84691,7,477.560504
-4.875754,6,477.631504
-4.924687,6,477.703503
-2.837331,4,477.746507
-6.866685,8,477.838015
-7.961204,9,477.938016
-2.878815,4,477.984014
-5.859783,7,478.061013
-4.858894,6,478.127014
-5.886141,7,478.206013
-6.858216,8,478.295115
-4.881918,6,478.362114
-3.886085,5,478.415114
-1.917529,3,478.446115
-5.844294,7,478.533114
-2.870677,4,478.579232
-2.893251,4,478.623233
-3.876725,5,478.683389
-0.92434,2,478.710389
-5.898965,7,478.791389
-4.866478,6,478.855388
-1.940235,3,478.887899
-3.901124,5,478.9509
-2.909171,4,478.9939
-3.85357,5,479.048899
-0.002467,1,479.059899
-1.914871,3,479.096899
-9.850037,11,479.224899
-2.904301,4,479.271899
-3.8706,5,479.327899
-2.90061,4,479.376899
-2.935393,4,479.420899
-5.89961,7,479.497899
-1.924648,3,479.533899
-4.894977,6,479.600899
-3.904554,5,479.653899
-7.859978,9,479.754899
-0.945104,2,479.779899
-3.910515,5,479.843899
-3.86605,5,479.901899
-1.917408,3,479.949102
-4.852237,6,480.041614
-49.87073,50,480.598879
-8.867841,10,480.70688
-0.917381,2,480.729879
-3.894474,5,480.786879
-2.885063,4,480.834878
-4.878538,6,480.904879
-0.952026,2,480.927879
-1.927442,3,480.961879
-3.882983,5,481.022881
-1.93895,3,481.056879
-10.875388,12,481.189389
-1.886055,3,481.222476
-21.847518,23,481.474683
-16.796869,18,481.680809
-6.916616,8,481.766005
-2.878768,4,481.813003
-2.884318,4,481.862003
-4.858558,6,481.930002
-0.93942,2,481.953004
-4.850054,6,482.018003
-1.896512,3,482.054003
0.012321,1,482.065003
-5.854917,7,482.138004
0.017779,1,482.150002
-10.920218,12,482.282004
-4.856886,6,482.349006
-5.865666,7,482.424515
-2.858225,4,482.469601
-1.904113,3,482.5066
-13.869996,15,482.672074
-4.874009,6,482.736073
-20.819317,22,482.988073
-2.915208,4,483.033074
-3.900933,5,483.085074
-3.869304,5,483.138074
-2.880473,4,483.184074
-2.856695,4,483.231074
-3.883567,5,483.289076
-2.903844,4,483.335311
-5.833713,7,483.413312
-5.873762,7,483.494311
-0.960909,2,483.518311
-7.827828,9,483.653064
-2.888691,4,483.708508
-2.889652,4,483.758508
-1.914477,3,483.795509
-5.850371,7,483.888509
-3.886447,5,483.950507
-3.875631,5,484.008509
0.020436,1,484.022507
-3.879922,5,484.078508
-0.949114,2,484.100507
-2.920056,4,484.149507
-2.899385,4,484.197508
-5.850911,7,484.274593
-5.890947,7,484.356593
-1.914989,3,484.39573
0.014666,1,484.406729
-2.884713,4,484.448729
-5.850368,7,484.527729
-3.887014,5,484.587729
-4.814611,6,484.661729
-1.886838,3,484.697732
-2.885865,4,484.749236
-1.942314,3,484.787236
-4.880511,6,484.852237
-5.898537,7,484.932389
-6.835974,8,485.026389
-3.867607,5,485.091388
-5.820007,7,485.183388
0.015099,1,485.195389
-1.930659,3,485.236389
-3.8703,5,485.295389
-3.859991,5,485.355388
-5.792771,7,485.435388
-4.802352,6,485.505388
-5.890446,7,485.592388
-0.958421,2,485.617388
-2.89488,4,485.658388
-5.829672,7,485.747388
-0.952157,2,485.773389
-2.861446,4,485.826388
-3.850222,5,485.897897
-6.871423,8,485.987897
-2.851906,4,486.039897
-3.860105,5,486.103966
-0.957328,2,486.127966
-0.941111,2,486.151965
-5.890867,7,486.245965
-1.924955,3,486.282966
-1.89563,3,486.320061
-2.893573,4,486.362352
-4.84991,6,486.437353
-3.890679,5,486.495352
-17.915345,19,486.715663
-1.885995,3,486.753664
-49.865636,50,487.374671
-2.922775,4,487.422671
-0.934163,2,487.44967
-2.891049,4,487.49667
-4.886319,6,487.57267
0.007987,1,487.584671
-4.890101,6,487.650671
-3.845689,5,487.71667
-4.861091,6,487.80467
-2.909772,4,487.847669
0.007589,1,487.85867
-2.922705,4,487.90667
-2.890723,4,487.95567
-1.881686,3,487.990674
-1.882394,3,488.02867
-3.900302,5,488.09367
-4.844813,6,488.170182
-5.894391,7,488.247594
-3.945309,5,488.304364
-1.937756,3,488.339364
-2.96341,4,488.391364
-3.811629,5,488.457363
-3.855301,5,488.520363
-3.883821,5,488.587363
-2.87227,4,488.634634
-2.863921,4,488.682633
-1.901879,3,488.720633
-5.882661,7,488.807634
-0.945994,2,488.833633
-0.952851,2,488.857633
-1.940878,3,488.893633
-2.885733,4,488.939633
-3.825027,5,489.000634
-1.93946,3,489.033825
0.02019,1,489.044822
-3.863484,5,489.107823
-5.861211,7,489.198822
-0.966352,2,489.222823
-3.832556,5,489.290825
0.010568,1,489.303331
-2.833021,4,489.358537
-2.931387,4,489.410537
-2.893377,4,489.459537
-6.928804,8,489.558537
-5.822796,7,489.657693
-3.823241,5,489.713994
-0.962669,2,489.738101
-2.910118,4,489.7811
-1.886734,3,489.8191
-7.882921,9,489.919101
-1.905726,3,489.954202
-2.913727,4,490.008202
-2.864381,4,490.060302
0.019924,1,490.071362
-4.855067,6,490.146363
-3.87268,5,490.208364
-4.855318,6,490.281363
-3.863732,5,490.349364
-6.91696,8,490.467035
-4.870791,6,490.554358
-2.899477,4,490.601361
-6.914531,8,490.693359
-0.958092,2,490.717514
-5.906489,7,490.803025
-3.854227,5,490.891025
-1.938771,3,490.933025
-13.903415,15,491.105125
-1.91511,3,491.141125
-1.93436,3,491.180125
-5.832691,7,491.259125
-4.873847,6,491.341126
-1.902627,3,491.414126
-3.904607,5,491.483125
-1.918448,3,491.521125
-5.855635,7,491.601636
-4.834401,6,491.676014
-3.928794,5,491.734014
-2.915104,4,491.780013
-0.93138,2,491.804014
-3.874127,5,491.860013
-3.831338,5,491.916013
-1.912992,3,491.950014
-1.898191,3,491.984014
-2.877175,4,492.029014
-4.860498,6,492.101014
-1.907927,3,492.135013
-2.878526,4,492.184015
-0.974167,2,492.207013
-1.915544,3,492.243013
-1.905554,3,492.278015
-2.910843,4,492.320013
-1.909192,3,492.354015
-4.856757,6,492.425013
-4.87066,6,492.493013
-1.960321,3,492.527014
-2.91439,4,492.567013
-2.881728,4,492.616014
-4.851273,6,492.685014
-0.966996,2,492.706013
-3.870394,5,492.762522
-9.866005,11,492.92966
-5.857218,7,493.014027
-7.808481,9,493.116028
-4.856562,6,493.189027
-5.819876,7,493.274028
-0.957047,2,493.298027
-3.859081,5,493.365029
-2.850582,4,493.44675
-4.850723,6,493.53475
-0.955073,2,493.564749
0.025985,1,493.577749
-2.894379,4,493.624751
-1.920678,3,493.666871
-1.925654,3,493.706869
-1.919118,3,493.745869
-2.892767,4,493.792868
-2.850775,4,493.847869
-1.9647,3,493.883869
0.011204,1,493.895871
-3.831046,5,493.957376
-1.903864,3,493.992375
-3.86431,5,494.053375
-3.871359,5,494.104375
-4.932021,6,494.175376
-3.896993,5,494.230375
-4.868758,6,494.297376
-1.946473,3,494.328376
-0.951712,2,494.351375
-2.862881,4,494.403376
-2.862389,4,494.447375
-2.858597,4,494.492375
-0.951067,2,494.512376
-1.878778,3,494.548376
-4.845036,6,494.619376
0.016074,1,494.629375
-5.831678,7,494.705375
-1.926887,3,494.744589
-3.897252,5,494.801589
-9.924806,11,494.933591
-4.882959,6,494.998589
-2.918836,4,495.049592
-1.885118,3,495.084096
-2.843432,4,495.127096
-2.87375,4,495.171098
-0.952281,2,495.199096
-1.941612,3,495.233096
-0.951042,2,495.257265
-3.885611,5,495.311264
-3.89611,5,495.369264
-2.844687,4,495.412264
-2.886498,4,495.455264
-0.949461,2,495.479264
-4.866224,6,495.548264
-7.887155,9,495.645266
-3.829209,5,495.701266
-8.846464,10,495.815266
-4.916263,6,495.884264
-2.838116,4,495.931266
-3.881674,5,495.989264
0.026866,1,496.001264
-2.893113,4,496.047265
-0.957704,2,496.068265
-1.912632,3,496.103265
-19.863281,21,496.356483
-2.887075,4,496.403484
-2.887862,4,496.449483
-3.843537,5,496.505483
-3.827439,5,496.562483
-2.890406,4,496.615483
0.021547,1,496.627483
-4.885387,6,496.697483
-3.940433,5,496.751483
-3.820675,5,496.809484
-2.875838,4,496.854484
-5.864179,7,496.931484
-2.889639,4,496.973484
-2.862928,4,497.025483
-5.896707,7,497.098484
-1.951908,3,497.134484
-1.911341,3,497.167483
-2.919272,4,497.213484
-0.936996,2,497.237483
-5.848597,7,497.315483
-3.86738,5,497.370483
-4.856911,6,497.444993
-0.943797,2,497.468994
-2.90834,4,497.513994
-3.867119,5,497.569993
-1.924153,3,497.605993
-4.869338,6,497.674389
-3.894249,5,497.729387
-4.899162,6,497.795628
-1.93474,3,497.833628
-3.906354,5,497.890628
-2.927772,4,497.935628
-2.883876,4,497.979628
-3.863313,5,498.042627
-4.827529,6,498.111628
-21.870852,23,498.365628
-0.973231,2,498.386627
-4.850264,6,498.456628
-2.930925,4,498.500629
-3.853807,5,498.595145
-1.889198,3,498.638144
-2.91267,4,498.699143
-2.888758,4,498.746144
-3.838264,5,498.806143
-2.900134,4,498.853144
-3.87222,5,498.924143
-1.882557,3,498.963583
-1.908368,3,498.999582
-2.840658,4,499.04578
-2.859181,4,499.094779
-1.927823,3,499.129779
-3.83039,5,499.187779
-3.872449,5,499.245778
-3.902832,5,499.303779
-0.95528,2,499.328779
-2.878722,4,499.370778
-1.958351,3,499.403781
-0.957784,2,499.432779
-2.886459,4,499.477779
-4.865164,6,499.540781
-2.932755,4,499.584779
-9.870419,11,499.714781
-1.890586,3,499.746286
-3.934084,5,499.801532
-2.887735,4,499.842531
-3.839572,5,499.902532
-2.836466,4,499.945531
-4.852857,6,500.016531
-1.92128,3,500.050531
-0.954608,2,500.074531
-4.887424,6,500.140532
-9.89292,11,500.261531
-3.880743,5,500.322532
-4.894881,6,500.393532
-4.857449,6,500.459532
-4.831876,6,500.524531
-0.928131,2,500.546532
0.022408,1,500.560532
-0.928118,2,500.581532
-1.901708,3,500.615657
-1.914303,3,500.649956
-1.875617,3,500.686448
-4.862905,6,500.753449
-3.859546,5,500.807447
-1.872132,3,500.843448
-2.896059,4,500.891957
-1.920988,3,500.923957
0.003437,1,500.935958
-4.85751,6,501.001956
-1.894193,3,501.039956
-3.851409,5,501.099957
-5.87997,7,501.220144
-3.923704,5,501.277144
-2.920025,4,501.325145
-3.874805,5,501.378146
-1.909547,3,501.417143
-3.837694,5,501.478144
-1.928529,3,501.519143
-2.867398,4,501.563143
-4.890339,6,501.628144
-0.9703,2,501.650142
0.009729,1,501.665144
-3.88465,5,501.722144
-4.877472,6,501.791144
-3.848296,5,501.849144
-7.814913,9,501.956144
-1.947453,3,501.991144
-1.895507,3,502.026148
-3.877744,5,502.094654
-1.920825,3,502.136655
-2.85895,4,502.218862
-1.927996,3,502.264862
-3.869729,5,502.334862
-1.953999,3,502.37686
-2.907605,4,502.427861
-2.888078,4,502.479861
-1.892374,3,502.518861
-1.912427,3,502.555861
0.007134,1,502.567861
-3.861752,5,502.624861
-0.003607,1,502.635862
-3.87923,5,502.698861
-5.868944,7,502.778863
-3.857503,5,502.839861
-3.858918,5,502.894861
-4.893651,6,502.965861
-3.852893,5,503.021861
-7.809895,9,503.119861
-4.880736,6,503.189371
-0.960384,2,503.213378
-1.912563,3,503.24837
-2.829471,4,503.295371
-3.871258,5,503.34737
-2.866318,4,503.397371
-3.874809,5,503.454524
-7.818073,9,503.559524
-1.93159,3,503.592521
-2.863336,4,503.640522
-4.875008,6,503.707522
-2.829309,4,503.75259
-2.90361,4,503.797591
-3.857684,5,503.859687
-2.905854,4,503.906089
-4.857326,6,503.970089
-1.899126,3,504.002088
-2.831903,4,504.051088
-4.856237,6,504.120088
-2.914803,4,504.167088
-2.857132,4,504.218089
0.009313,1,504.243089
-6.849026,8,504.361598
-4.85161,6,504.425599
-2.901358,4,504.470598
-0.951527,2,504.497598
-7.890922,9,504.605598
0.02354,1,504.616598
-2.896008,4,504.661598
-1.897324,3,504.701598
-4.830545,6,504.769599
-1.900653,3,504.804598
0.013158,1,504.815599
-3.851952,5,504.874599
-3.859493,5,504.930598
-1.905618,3,504.965599
-1.93101,3,505.001598
-1.965503,3,505.037704
-4.863949,6,505.103894
-2.929404,4,505.148894
-2.864172,4,505.192168
-1.917328,3,505.228169
-0.949176,2,505.252169
-2.881381,4,505.295167
-0.933477,2,505.319168
-3.860118,5,505.381168
-1.905314,3,505.415168
-2.90963,4,505.460169
-2.83213,4,505.506171
-0.956293,2,505.537677
-2.870717,4,505.581677
-2.860587,4,505.623677
-4.845819,6,505.689677
-5.847885,7,505.774745
-4.87117,6,505.841745
-0.946546,2,505.865824
-0.961018,2,505.888822
-1.897671,3,505.927822
-0.948793,2,505.948822
-3.815601,5,506.007822
-3.859415,5,506.060822
0.013948,1,506.075066
-1.933626,3,506.107066
-4.84371,6,506.172287
-5.851281,7,506.252286
-3.890967,5,506.313286
-2.932,4,506.358286
-3.895759,5,506.412286
-3.842173,5,506.470287
0.00682,1,506.484286
-4.835296,6,506.548286
-3.870742,5,506.605288
-3.843284,5,506.661796
-2.897126,4,506.710081
-2.821597,4,506.75208
-4.897418,6,506.816261
-3.885222,5,506.86826
-5.806492,7,506.95226
-2.874416,4,506.99426
0.017792,1,507.00526
-2.921529,4,507.04726
-3.893616,5,507.10726
-3.814408,5,507.15926
-4.843056,6,507.225261
-3.859508,5,507.28226
0.038247,1,507.296261
-2.901306,4,507.347263
-4.856304,6,507.450262
-1.907922,3,507.488261
-7.890143,9,507.595261
-1.893697,3,507.629261
-0.974011,2,507.654481
-1.924071,3,507.69348
-1.896042,3,507.733481
-2.852458,4,507.781483
-1.847348,3,507.814988
-4.859809,6,507.878989
-0.935627,2,507.902988
0.010447,1,507.913988
-4.831972,6,507.982988
-4.837054,6,508.049079
-1.951453,3,508.087079
-4.834079,6,508.156079
-3.873493,5,508.214079
-2.883875,4,508.26008
-1.871937,3,508.304079
-2.930402,4,508.34531
-0.926185,2,508.366312
-4.814057,6,508.438311
-3.85174,5,508.50331
-1.898388,3,508.538311
-4.88613,6,508.606311
-0.949864,2,508.628311
-2.920619,4,508.67731
-3.820225,5,508.73331
-3.90493,5,508.787526
-0.93781,2,508.808526
-6.848654,8,508.904528
-4.852431,6,508.972147
-2.842269,4,509.017141
-2.86886,4,509.05914
-4.86575,6,509.133142
-2.900801,4,509.177348
-2.885441,4,509.222347
-3.864574,5,509.277349
-1.934751,3,509.312348
-3.876751,5,509.370348
-0.900351,2,509.393348
-1.930935,3,509.428347
-1.934261,3,509.465347
-2.868347,4,509.510348
-2.860531,4,509.554348
-3.865138,5,509.605348
-2.877092,4,509.659446
0.029459,1,509.671446
0.029113,1,509.681447
0.006991,1,509.693446
-3.895182,5,509.755626
-3.860359,5,509.813626
-3.827307,5,509.871626
-2.872228,4,509.915626
-49.862645,50,510.493122
-4.850767,6,510.597937
-1.926005,3,510.640937
-3.894274,5,510.695937
-2.824418,4,510.746937
-2.884056,4,510.792937
-0.971338,2,510.817937
-1.926711,3,510.858938
-1.924992,3,510.899936
-1.882748,3,510.932936
-2.883429,4,510.97894
-0.948132,2,511.001937
-2.896345,4,511.049936
-1.938395,3,511.083936
-3.880018,5,511.134937
-2.896298,4,511.179937
-4.845303,6,511.250446
-2.892429,4,511.299554
-4.828255,6,511.364553
-3.936366,5,511.421553
-2.865444,4,511.469553
-1.964522,3,511.504554
-2.85975,4,511.546554
-4.882593,6,511.612554
0.016101,1,511.624553
-2.889336,4,511.669554
-4.818079,6,511.738554
-1.917167,3,511.772554
-2.892997,4,511.822554
-0.963652,2,511.844553
-4.881279,6,511.911647
-1.919678,3,511.948647
-1.865767,3,511.986647
-0.901227,2,512.008647
-3.852652,5,512.085647
-1.93069,3,512.134647
-5.828992,7,512.222649
-3.866997,5,512.282646
-1.931314,3,512.316647
-10.872542,12,512.463156
-0.972346,2,512.492156
-3.820126,5,512.547155
-2.877663,4,512.594156
-0.950058,2,512.616155
-2.903199,4,512.664155
-1.91878,3,512.698155
-2.889483,4,512.743284
-1.940745,3,512.775282
-0.960992,2,512.807283
-0.966089,2,512.829285
-5.883143,7,512.905282
-2.891067,4,512.952282
0.017749,1,512.966422
-4.871423,6,513.036423
-2.876478,4,513.082422
-3.83177,5,513.140422
-3.868047,5,513.199423
-4.835478,6,513.269421
-2.910499,4,513.317423
-3.785124,5,513.374422
-2.881511,4,513.423423
-1.850165,3,513.458641
-2.881281,4,513.507147
-2.90146,4,513.552148
-2.890658,4,513.628148
-0.928305,2,513.663148
-2.839536,4,513.721147
-1.885505,3,513.759234
-0.950152,2,513.791235
-0.970028,2,513.817235
-1.88969,3,513.848234
-1.935484,3,513.883234
-3.842179,5,513.951235
-2.918987,4,513.994234
-1.924915,3,514.027403
-1.936534,3,514.060402
-2.885906,4,514.110404
-2.906519,4,514.196933
-0.929766,2,514.223933
-0.910146,2,514.251932
-1.871669,3,514.293932
-4.83047,6,514.369933
-1.850636,3,514.402932
-2.84478,4,514.451931
0.003324,1,514.469932
-3.857125,5,514.524932
-0.949804,2,514.547933
-1.896837,3,514.579931
-1.908591,3,514.615932
-2.883502,4,514.659444
-1.906952,3,514.696443
-0.948265,2,514.723554
-5.879429,7,514.813554
-2.915844,4,514.861555
-2.87886,4,514.907678
-2.905343,4,514.955677
0.031574,1,514.971677
-4.869866,6,515.038679
-4.850555,6,515.103678
-2.896088,4,515.148678
-1.907251,3,515.185681
-2.913824,4,515.231677
-4.8805,6,515.302678
-0.93485,2,515.323678
-3.8812,5,515.384677
-1.886239,3,515.418773
-2.934585,4,515.468773
0.025169,1,515.481773
-0.952879,2,515.507773
-1.887789,3,515.540773
-1.850494,3,515.574773
-1.906969,3,515.609773
-2.927485,4,515.657773
-3.861266,5,515.714774
-2.908041,4,515.759772
-2.913394,4,515.807283
-1.905904,3,515.844284
-2.873449,4,515.888282
-2.898496,4,515.930283
-1.927063,3,515.960283
-2.878296,4,516.009283
-3.890507,5,516.062284
-2.890131,4,516.102283
-2.861667,4,516.147283
-2.903968,4,516.195283
-4.854914,6,516.262283
-2.911139,4,516.299283
-2.86075,4,516.339284
-3.805301,5,516.394282
-3.880457,5,516.449284
-2.83472,4,516.489283
-2.905682,4,516.533283
-0.954445,2,516.562283
-2.871522,4,516.605283
-3.789315,5,516.665283
-3.849734,5,516.720282
-2.887196,4,516.770282
-1.921809,3,516.806283
-0.957586,2,516.828282
0.03832,1,516.839283
-1.909402,3,516.875283
-2.862668,4,516.916286
-1.902094,3,516.949793
-1.9444,3,516.981792
-1.902401,3,517.018793
0.00831,1,517.029796
-3.878774,5,517.080793
-4.841023,6,517.142392
-3.821809,5,517.200392
-2.88115,4,517.247391
-1.945448,3,517.280392
-2.869767,4,517.323392
0.014469,1,517.337391
-0.953657,2,517.361392
-0.964581,2,517.385391
-1.929536,3,517.417393
-2.92537,4,517.467393
0.010387,1,517.477392
-3.856529,5,517.532392
0.015986,1,517.543394
-4.875149,6,517.614392
-2.810633,4,517.654855
-3.803679,5,517.706171
-2.876963,4,517.750171
-3.84415,5,517.806171
-3.845534,5,517.863171
-2.881985,4,517.908171
-2.890055,4,517.951418
-1.906509,3,517.983418
-0.955509,2,518.006417
-3.833198,5,518.06142
-3.841023,5,518.119029
-2.885994,4,518.165393
0.033058,1,518.175392
-0.935483,2,518.198392
-0.933953,2,518.220392
-0.924025,2,518.244393
-3.838086,5,518.300393
-2.899467,4,518.338392
-4.824595,6,518.399393
-0.934161,2,518.424392
-2.841701,4,518.465392
-1.891789,3,518.496392
-3.875058,5,518.550393
-2.843746,4,518.596392
-0.940884,2,518.618392
-3.857477,5,518.674393
-3.837072,5,518.723392
-1.928646,3,518.761393
-0.949877,2,518.793394
-0.958698,2,518.826394
-3.865775,5,518.898394
-1.874301,3,518.937392
-6.852973,8,519.024393
-2.847869,4,519.071392
-2.916968,4,519.119393
-2.868529,4,519.173393
-2.89112,4,519.219901
-0.895081,2,519.243906
-0.923663,2,519.265903
-0.923073,2,519.294996
-2.886055,4,519.338996
-1.863436,3,519.374996
-2.84629,4,519.421996
-2.899374,4,519.468996
-1.88878,3,519.497092
-2.898509,4,519.540093
0.026891,1,519.550094
-3.838433,5,519.609093
-3.831926,5,519.662093
-4.858497,6,519.723093
-2.873141,4,519.767099
-1.913018,3,519.804093
-0.941456,2,519.826094
-4.843187,6,519.891093
-3.832824,5,519.941093
-2.868533,4,519.985093
-2.931815,4,520.028093
-1.87088,3,520.063093
-2.877793,4,520.106093
-4.858405,6,520.176093
0.019975,1,520.187093
-2.859985,4,520.232092
-3.867536,5,520.284094
-1.938373,3,520.340099
-3.888105,5,520.417608
-1.924856,3,520.458608
-0.943846,2,520.489607
-2.849241,4,520.540608
0.008183,1,520.550607
-3.871136,5,520.606608
-1.911324,3,520.643609
-2.880449,4,520.694607
-0.94564,2,520.718609
-2.912681,4,520.761608
-2.908472,4,520.807608
-4.884488,6,520.914608
-4.826327,6,520.989607
-1.90909,3,521.030608
-2.885752,4,521.076609
-1.903853,3,521.111607
-1.914487,3,521.148608
-0.949749,2,521.174608
-3.910641,5,521.225607
-3.865836,5,521.285608
0.006376,1,521.296607
-3.846089,5,521.358608
-2.850296,4,521.403607
-4.841622,6,521.467608
-4.898483,6,521.538119
-1.913276,3,521.570119
-0.951659,2,521.591118
-2.890209,4,521.639118
-3.886558,5,521.692118
-2.893618,4,521.735118
-0.953943,2,521.756118
-1.901531,3,521.791118
-4.897405,6,521.856119
-2.88655,4,521.903271
-1.925486,3,521.934272
-1.888961,3,521.970676
-1.890891,3,522.002676
-0.924277,2,522.024678
-2.940335,4,522.064677
-0.941037,2,522.088677
-2.85441,4,522.133676
-1.919324,3,522.162678
-4.873245,6,522.229676
-3.847225,5,522.290676
-2.87184,4,522.330677
-1.903022,3,522.363677
-0.921509,2,522.385677
-1.91657,3,522.418677
-1.884119,3,522.451676
-0.94763,2,522.471676
-4.844222,6,522.531677
-4.875456,6,522.603859
-1.845843,3,522.638861
-4.88238,6,522.707581
-0.955731,2,522.730583
-5.871032,7,522.81458
-4.817717,6,522.879958
-0.950372,2,522.904959
-3.86339,5,522.963038
-2.868424,4,523.010037
-3.861614,5,523.068038
-2.878824,4,523.112038
-1.895038,3,523.147039
-2.850748,4,523.194038
-2.896285,4,523.240038
-3.830554,5,523.296038
-2.864748,4,523.339039
-1.91794,3,523.377037
-1.90206,3,523.411038
-2.867416,4,523.45316
-3.901663,5,523.508159
-4.822161,6,523.58816
-1.864484,3,523.62116
-1.862778,3,523.651159
-1.855892,3,523.68516
0.02337,1,523.70116
-2.85485,4,523.74616
-4.817864,6,523.813668
-2.842803,4,523.857668
-0.939139,2,523.883668
-0.925321,2,523.907668
0.013398,1,523.918669
-2.88368,4,523.96667
-0.942374,2,524.000668
-3.832159,5,524.065024
-0.940937,2,524.085024
-1.875984,3,524.119024
0.020547,1,524.135025
-0.939489,2,524.155024
-1.906383,3,524.188024
-0.931988,2,524.210026
-2.889223,4,524.260024
-2.850184,4,524.305025
-4.826399,6,524.371024
-4.814768,6,524.436023
-5.835814,7,524.523025
-4.880375,6,524.591024
-1.907343,3,524.622024
-0.930318,2,524.644024
-6.800594,8,524.735023
-2.940259,4,524.780024
-0.941217,2,524.803024
-1.930832,3,524.838025
-4.838894,6,524.909024
-0.931994,2,524.93053
-4.825928,6,525.033534
-2.857795,4,525.090533
-0.956899,2,525.122533
0.005051,1,525.135532
-3.882379,5,525.194789
-4.828654,6,525.265789
-1.897496,3,525.309789
-1.912261,3,525.343789
-2.885232,4,525.38679
-1.888603,3,525.419789
-0.94586,2,525.447789
-1.891037,3,525.480791
-2.816213,4,525.52379
-2.842507,4,525.570789
-1.881409,3,525.607788
-1.881889,3,525.639789
-1.899868,3,525.670789
-2.867205,4,525.715789
-3.860035,5,525.776788
-3.883224,5,525.829789
-1.943325,3,525.864789
-1.955559,3,525.897788
-1.899213,3,525.933789
-2.847081,4,525.98279
-5.843022,7,526.061789
-0.935636,2,526.085293
-0.937579,2,526.121296
-3.838884,5,526.172297
-3.842775,5,526.228296
-2.866284,4,526.271297
-0.953146,2,526.298296
-2.8989,4,526.344296
-1.915728,3,526.377297
0.038516,1,526.389296
-1.926436,3,526.434297
-2.859616,4,526.480297
-2.884158,4,526.526299
-4.833645,6,526.593297
-3.829437,5,526.653296
-0.910398,2,526.673297
-7.840773,9,526.771296
-1.932514,3,526.805297
-2.832759,4,526.854296
-1.918357,3,526.885296
-0.909775,2,526.908395
-1.880135,3,526.940394
-1.906337,3,526.979473
-3.880639,5,527.031473
-0.935127,2,527.053473
-1.87959,3,527.086473
-2.852523,4,527.131474
-1.923552,3,527.165475
-2.850083,4,527.211473
-1.901156,3,527.248984
-1.924669,3,527.284983
-0.931879,2,527.308208
-0.943222,2,527.331209
-2.886028,4,527.376209
-2.883562,4,527.424208
-3.880141,5,527.483208
-2.859922,4,527.528209
-3.885752,5,527.579208
-2.880382,4,527.630208
-0.959428,2,527.652208
-3.855812,5,527.705208
-5.847966,7,527.783208
-2.867022,4,527.833208
0.030463,1,527.846209
-3.833059,5,527.903208
-3.880473,5,527.960208
-1.91034,3,528.000208
-0.948678,2,528.024207
-3.841462,5,528.080209
-3.843484,5,528.152209
-4.833742,6,528.24821
-2.876491,4,528.29621
-0.950062,2,528.320209
-2.851792,4,528.365212
-2.898889,4,528.416719
-2.850517,4,528.465719
0.023948,1,528.476719
-1.922584,3,528.512719
0.024147,1,528.527719
-0.962229,2,528.551718
-4.82952,6,528.619786
-2.859724,4,528.663785
-2.828563,4,528.714459
-2.842659,4,528.759459
-2.876938,4,528.80346
-2.870848,4,528.850459
-1.902625,3,528.884459
-4.877537,6,528.949459
-2.896094,4,528.99346
0.025347,1,529.004459
-1.877627,3,529.042459
-1.932488,3,529.073459
0.028397,1,529.08446
-0.925098,2,529.107459
-3.86906,5,529.16846
-1.867282,3,529.202459
-1.88212,3,529.23746
-2.890841,4,529.29046
-2.871203,4,529.34046
-3.853542,5,529.398459
-1.90898,3,529.430459
-0.934342,2,529.45346
-2.883263,4,529.501462
-0.951634,2,529.669338
-4.841377,6,529.772339
-3.834253,5,529.835338
-1.900257,3,529.874336
-2.886638,4,529.922337
-0.941031,2,529.942337
-1.914529,3,529.975337
-1.920634,3,530.018337
-3.825968,5,530.077336
-1.892374,3,530.111337
-1.88396,3,530.146336
-0.937284,2,530.172338
-2.848053,4,530.214337
-2.816252,4,530.261337
-1.89793,3,530.294337
0.033858,1,530.309337
-1.907578,3,530.342337
-2.871305,4,530.390338
0.02532,1,530.402337
-4.849876,6,530.472482
-1.926696,3,530.505481
-3.822172,5,530.562481
-0.946333,2,530.587481
-1.899686,3,530.623481
-5.841949,7,530.701989
-4.827357,6,530.761989
-0.914357,2,530.784989
-2.883126,4,530.83199
-2.872049,4,530.876989
-2.894135,4,530.92499
-5.834017,7,531.004989
-1.880297,3,531.042989
-2.886072,4,531.088989
-1.906014,3,531.123292
0.030908,1,531.134291
-1.915305,3,531.171588
-10.854124,12,531.308589
-3.876718,5,531.36559
-2.859171,4,531.413589
-1.905095,3,531.451588
-2.885371,4,531.496589
-1.894729,3,531.528588
-0.939858,2,531.550589
-3.90106,5,531.613588
-0.004973,1,531.624589
0.027422,1,531.636588
-3.858019,5,531.692588
0.021043,1,531.709589
-1.907664,3,531.742588
-5.840339,7,531.827096
-1.921318,3,531.859096
-2.8497,4,531.908406
-1.881065,3,531.943406
-2.883166,4,531.986405
-0.946776,2,532.010658
-2.865637,4,532.059659
-1.880705,3,532.091659
0.04371,1,532.103658
-2.859712,4,532.149658
-2.884418,4,532.197658
-3.857513,5,532.25366
-0.940084,2,532.275659
-2.862173,4,532.321658
-2.891785,4,532.369658
-1.88505,3,532.401659
-3.851381,5,532.458658
-5.819016,7,532.537659
-1.902385,3,532.576658
-1.860604,3,532.610658
-2.879661,4,532.656659
-7.84788,9,532.756659
0.029594,1,532.773658
-3.845947,5,532.833658
-0.930616,2,532.855659
-2.855611,4,532.902659
-3.870167,5,532.966548
-3.831732,5,533.026548
-2.895658,4,533.067548
0.031268,1,533.079548
-1.910941,3,533.116549
-3.829841,5,533.174548
-4.80196,6,533.245549
-2.878973,4,533.295549
-4.842838,6,533.407899
-1.867067,3,533.447899
-2.84977,4,533.493899
-1.908982,3,533.527898
-3.860658,5,533.588899
-0.914208,2,533.615899
-1.906435,3,533.6569
-4.856878,6,533.7219
-2.873805,4,533.773899
-4.883956,6,533.839898
-0.922682,2,533.862899
-0.921899,2,533.884898
-2.905961,4,533.929898
-1.902824,3,533.961899
-1.872247,3,533.997022
-2.872911,4,534.043022
0.021509,1,534.058022
0.02483,1,534.069026
0.02634,1,534.081026
-2.870668,4,534.124531
-0.017963,1,534.139533
-3.843362,5,534.196531
-3.817805,5,534.251531
-3.813905,5,534.308594
-2.882707,4,534.356678
-2.864155,4,534.401896
-4.844649,6,534.468897
0.024473,1,534.480895
-2.85248,4,534.528896
0.022059,1,534.540896
-12.872909,14,534.692896
-1.934198,3,534.726897
-3.854167,5,534.789896
-0.935536,2,534.810895
-2.800623,4,534.854895
-2.902515,4,534.903896
-3.866758,5,534.964896
-1.916193,3,534.996896
-3.865287,5,535.052896
-2.880536,4,535.09801
-1.937589,3,535.136009
-1.87531,3,535.171011
-3.876244,5,535.229012
-2.847923,4,535.277519
-3.869911,5,535.342519
-2.850169,4,535.387519
-3.841812,5,535.445519
-2.877391,4,535.491797
-2.889647,4,535.542798
-3.838725,5,535.594798
-0.949714,2,535.6198
-3.818685,5,535.673798
-0.934587,2,535.701797
0.005102,1,535.713799
-0.935864,2,535.737799
-0.939236,2,535.760798
-0.933245,2,535.785797
-1.907664,3,535.821798
-2.899976,4,535.868798
-0.953513,2,535.891798
-3.837459,5,535.955798
-2.860069,4,535.997797
-2.880859,4,536.042799
0.027139,1,536.053798
-0.952166,2,536.082798
-0.938601,2,536.105798
-0.920077,2,536.128798
-3.864845,5,536.182798
0.037954,1,536.201798
-1.931446,3,536.234798
-2.903303,4,536.280797
-2.871745,4,536.322797
-3.863677,5,536.383802
-1.921124,3,536.420309
-1.881627,3,536.47131
-0.955157,2,536.506542
-0.93106,2,536.54054
-0.957788,2,536.564712
-1.898816,3,536.602713
-3.847953,5,536.657935
-3.837468,5,536.719937
-3.869755,5,536.782935
-2.910185,4,536.830934
-0.965051,2,536.853935
-0.935689,2,536.879935
-1.910229,3,536.913935
-1.880221,3,536.950935
-5.87034,7,537.028935
-2.870588,4,537.077935
-2.868152,4,537.124934
-0.941766,2,537.148936
-1.907068,3,537.181935
-2.895581,4,537.232935
-0.919209,2,537.253935
-1.886567,3,537.288936
-3.895353,5,537.346934
-0.933181,2,537.373935
-1.904207,3,537.408934
-2.835731,4,537.452935
-1.944269,3,537.487937
-2.880244,4,537.535935
-1.90549,3,537.571445
0.030177,1,537.583446
-1.924398,3,537.615446
-1.913003,3,537.654446
-2.873164,4,537.704446
-1.898815,3,537.738446
0.033033,1,537.750446
-1.896008,3,537.787446
-0.907359,2,537.811445
-2.868918,4,537.856447
-0.926807,2,537.878445
-1.90362,3,537.920448
0.030427,1,537.931446
-0.93529,2,537.952446
-2.837851,4,537.997446
-4.878673,6,538.073513
-1.879369,3,538.106513
-0.911666,2,538.128513
-2.894568,4,538.173661
-2.864421,4,538.22366
-0.930232,2,538.248661
-1.892716,3,538.281659
-2.873405,4,538.323661
-4.843744,6,538.39266
-1.911612,3,538.42766
0.006954,1,538.43966
-2.847663,4,538.483782
-2.904383,4,538.533782
0.029031,1,538.545782
-1.876785,3,538.581783
-1.908317,3,538.615782
-2.871485,4,538.664782
-2.856934,4,538.716292
-2.835962,4,538.761292
-1.91324,3,538.796291
-0.936689,2,538.820293
-5.84684,7,538.896293
-0.924999,2,538.918291
-3.848016,5,538.971292
-2.828195,4,539.019292
-1.909552,3,539.052292
-1.911718,3,539.084291
-4.875358,6,539.149292
-2.867759,4,539.195292
-2.904577,4,539.240293
0.017262,1,539.251292
0.004772,1,539.263295
-2.847987,4,539.310292
-1.883989,3,539.346292
-1.89804,3,539.382292
-1.876195,3,539.418292
-0.947826,2,539.444296
-2.852205,4,539.490292
-1.904467,3,539.527293
-2.870168,4,539.577292
-1.87529,3,539.614292
-2.842577,4,539.660292
-1.956856,3,539.696293
-2.868366,4,539.741291
-3.844536,5,539.802293
-2.894891,4,539.848802
-2.892349,4,539.891802
0.032381,1,539.904801
-0.954891,2,539.930802
-2.870443,4,539.974802
0.02682,1,539.985804
-3.839686,5,540.04396
-1.90051,3,540.079959
-4.840346,6,540.14796
-0.948281,2,540.17096
-1.890429,3,540.20296
-0.943038,2,540.229959
0.03575,1,540.240959
-1.895485,3,540.275961
-3.878825,5,540.33496
0.02905,1,540.35096
-2.870909,4,540.396078
-3.902821,5,540.453077
0.034873,1,540.466077
-2.865049,4,540.514077
-9.861299,11,540.682394
-2.890936,4,540.731393
-3.844259,5,540.786394
-3.84536,5,540.845393
0.028339,1,540.858393
-3.829799,5,540.919393
-2.860747,4,540.966395
-2.843076,4,541.015902
-4.855629,6,541.084289
-2.847352,4,541.131289
-0.954184,2,541.153289
-1.872127,3,541.19329
-0.942786,2,541.218289
-1.891638,3,541.249289
-2.865011,4,541.292289
-3.856245,5,541.353415
-3.811323,5,541.407416
-2.893316,4,541.453415
-2.870267,4,541.498414
-3.803793,5,541.560416
-1.916604,3,541.595416
-3.852333,5,541.649414
-1.908883,3,541.686416
-2.883682,4,541.733414
-2.880082,4,541.777416
0.029871,1,541.790416
-3.855517,5,541.846415
-5.835741,7,541.930414
-1.909782,3,541.966414
-1.852651,3,542.003415
0.016859,1,542.014416
0.01923,1,542.028414
-18.837052,20,542.25974
-5.816865,7,542.338743
-1.924059,3,542.37274
-0.915874,2,542.39674
-1.913485,3,542.429739
-1.947044,3,542.462739
-0.954953,2,542.48474
-2.858908,4,542.53574
-4.84088,6,542.597868
-3.913963,5,542.653869
-0.956903,2,542.675868
-2.87224,4,542.722867
-0.923321,2,542.747868
-6.826251,8,542.830868
-1.887257,3,542.867867
-1.897399,3,542.902869
-2.892324,4,542.947867
-2.911229,4,542.992868
-3.854066,5,543.045929
-5.821088,7,543.126987
-0.93437,2,543.146987
-2.844763,4,543.194115
-1.909477,3,543.229115
-0.953135,2,543.257116
0.01203,1,543.268622
0.044712,1,543.280622
0.027592,1,543.294623
-2.824369,4,543.341622
-1.912028,3,543.375623
-1.924207,3,543.409623
-2.876108,4,543.455622
-0.948407,2,543.482623
-1.912764,3,543.515622
0.040503,1,543.527622
-2.862248,4,543.574624
-4.880288,6,543.642623
-3.888412,5,543.700622
-0.932352,2,543.725622
-3.890164,5,543.778622
-2.863924,4,543.826622
-2.893629,4,543.872622
-2.861238,4,543.920622
-0.957631,2,543.945623
-2.857727,4,543.993622
-2.818813,4,544.037621
-3.878393,5,544.094623
-2.855185,4,544.139623
-2.85094,4,544.193622
-2.890996,4,544.238021
0.038601,1,544.249021
-2.836613,4,544.295023
-3.813108,5,544.355021
-2.88712,4,544.40053
-1.891811,3,544.43653
-2.878897,4,544.481529
-0.940312,2,544.506529
-1.867048,3,544.542531
-1.905595,3,544.573529
-2.880962,4,544.617529
-0.919973,2,544.64453
-4.831802,6,544.712616
-0.947935,2,544.732616
-0.925886,2,544.756617
-0.939093,2,544.7829
-4.828869,6,544.853899
-0.937118,2,544.877898
0.038437,1,544.889899
-2.878376,4,544.9379
-3.828587,5,544.989899
-2.860599,4,545.034899
-2.852011,4,545.081899
-1.880646,3,545.1199
-0.958311,2,545.1429
0.027655,1,545.154899
0.033598,1,545.166899
-3.857245,5,545.221899
-0.922466,2,545.243899
0.03133,1,545.252899
-3.84232,5,545.307901
-2.8897,4,545.358031
-1.891059,3,545.390032
-1.904053,3,545.423031
-3.826131,5,545.481148
-1.921664,3,545.526148
-1.908208,3,545.557772
-0.940503,2,545.581772
-2.87732,4,545.626773
-1.893916,3,545.662772
-1.8823,3,545.696773
-1.92335,3,545.729772
-2.87432,4,545.775773
-1.906655,3,545.815772
-1.87798,3,545.847772
-0.934614,2,545.870772
-2.887532,4,545.914772
-2.831634,4,545.965773
-3.8671,5,546.018772
0.026484,1,546.030771
-1.903649,3,546.061772
-2.832521,4,546.108772
-2.903239,4,546.156772
-2.87673,4,546.201774
0.002505,1,546.212772
-3.904705,5,546.272772
-3.875301,5,546.326772
-0.949286,2,546.347772
-1.913046,3,546.383772
-2.913705,4,546.428772
-1.897932,3,546.460773
-0.947328,2,546.484773
-1.957381,3,546.517772
-0.952726,2,546.542772
-2.849289,4,546.589773
-1.898242,3,546.622772
-1.910696,3,546.656773
-1.908725,3,546.69928
-0.940572,2,546.72228
-1.922029,3,546.759377
-1.904602,3,546.822377
-2.8681,4,546.885378
-3.824606,5,546.949376
-1.910468,3,546.983377
-1.909547,3,547.019376
-0.93145,2,547.046376
-2.849459,4,547.091555
-2.826923,4,547.144554
-0.94603,2,547.169554
-4.882096,6,547.239554
-6.919507,8,547.326769
-2.877766,4,547.369766
-3.864854,5,547.424765
-6.810546,8,547.518765
-0.927966,2,547.541765
-1.908905,3,547.576767
-1.906538,3,547.608016
-2.889648,4,547.656013
-2.842094,4,547.702015
-2.910562,4,547.749014
-1.896475,3,547.785016
0.025858,1,547.802016
-2.891622,4,547.845017
-3.900437,5,547.906523
-7.860074,9,548.007524
-3.939233,5,548.067524
-3.806988,5,548.125614
-2.885333,4,548.166705
-6.886548,8,548.25782
-1.874264,3,548.296821
-0.936179,2,548.33805
-2.891006,4,548.397049
-1.903198,3,548.436049
-1.880658,3,548.475049
-1.922515,3,548.50705
-1.875864,3,548.538049
-1.900951,3,548.571049
-3.867241,5,548.63405
-1.889769,3,548.67205
-4.837662,6,548.739049
-0.947277,2,548.762048
-3.832461,5,548.82805
-5.901603,7,548.90905
-3.883741,5,548.96605
-0.931601,2,548.988049
0.02678,1,549.00305
-0.944877,2,549.027049
-2.868673,4,549.072558
-2.854775,4,549.115662
-3.832007,5,549.177846
-0.913694,2,549.200845
-1.869536,3,549.236846
-2.882049,4,549.281846
-1.883693,3,549.318846
-2.859665,4,549.362094
-1.870907,3,549.395092
-2.903481,4,549.439093
-1.875443,3,549.476094
-3.825778,5,549.531093
-1.898825,3,549.567092
-0.925736,2,549.591093
-2.897794,4,549.637093
-2.811006,4,549.687093
-0.931659,2,549.712094
-2.872899,4,549.757094
-2.840769,4,549.806092
-5.913461,7,549.884094
-0.945074,2,549.907092
-2.868349,4,549.951095
-1.903116,3,549.990095
-3.868542,5,550.046096
0.015348,1,550.058093
-1.942846,3,550.092092
-0.93408,2,550.119093
-0.928743,2,550.142093
-0.913847,2,550.164093
-3.80571,5,550.2196
0.033127,1,550.233601
-2.881408,4,550.2786
-3.845047,5,550.3316
-3.854658,5,550.387718
-0.935603,2,550.413719
-4.835795,6,550.480719
-4.833368,6,550.547719
-1.878249,3,550.578718
-2.898394,4,550.626719
-1.916805,3,550.658719
-4.855113,6,550.726718
-10.850914,12,550.865719
-1.892818,3,550.902719
-2.873722,4,550.948719
-2.811034,4,550.993719
-1.902594,3,551.027719
-1.933916,3,551.06482
-1.879083,3,551.10188
-0.930032,2,551.124876
-0.933375,2,551.146995
-1.89599,3,551.185995
-1.886942,3,551.219995
-2.874057,4,551.266064
-2.862142,4,551.312067
0.026884,1,551.326576
-1.904364,3,551.363576
-0.939594,2,551.384576
-0.945377,2,551.406576
-1.896871,3,551.441576
0.035142,1,551.452576
-1.89323,3,551.485576
-2.879007,4,551.532577
-3.874754,5,551.589579
-1.902413,3,551.624576
0.01026,1,551.634653
-2.906157,4,551.679652
-2.858186,4,551.727777
-2.883014,4,551.773777
0.024169,1,551.784778
0.030482,1,551.795777
-11.85764,13,551.941839
-0.948522,2,551.966841
-2.865293,4,552.052843
-3.870077,5,552.124958
-1.90039,3,552.166957
-1.904616,3,552.201957
-3.790848,5,552.255958
-2.908255,4,552.306092
-2.809278,4,552.356092
-0.942632,2,552.378092
-2.891196,4,552.425092
0.027806,1,552.436092
-2.869216,4,552.485602
-2.829493,4,552.534602
-2.858934,4,552.579602
-2.866331,4,552.625603
-6.826637,8,552.721603
-0.939076,2,552.743602
-3.861533,5,552.801603
-2.890354,4,552.848602
-4.878397,6,552.918602
-1.887575,3,552.954602
0.028809,1,552.965603
-2.803534,4,553.011602
-0.932833,2,553.039602
-1.924682,3,553.074602
-1.897254,3,553.106602
-0.932279,2,553.129602
-3.901155,5,553.191602
-2.837276,4,553.234602
-1.898578,3,553.270602
0.023178,1,553.280603
-2.860551,4,553.327603
-0.924204,2,553.350603
-2.839993,4,553.394602
-2.854519,4,553.437602
-5.81244,7,553.517604
-2.874077,4,553.561605
-4.854321,6,553.63211
-0.940261,2,553.65411
-1.926708,3,553.69111
-2.888853,4,553.73511
-0.942854,2,553.75711
-2.870896,4,553.801111
-2.87616,4,553.85111
-3.835762,5,553.90311
-2.868782,4,553.947251
-2.837957,4,553.98925
-0.918664,2,554.01625
-1.903369,3,554.05025
-2.858001,4,554.09425
-3.811522,5,554.15225
-1.889449,3,554.191251
-5.907767,7,554.269251
0.034784,1,554.28125
-1.918296,3,554.313374
-2.862851,4,554.362375
-2.859809,4,554.405375
-1.899171,3,554.437634
-0.935378,2,554.460635
-1.901399,3,554.499634
-2.845269,4,554.541634
-2.928114,4,554.584634
-2.857693,4,554.629634
-1.917073,3,554.667634
-1.894612,3,554.702634
-2.832322,4,554.745634
-1.911418,3,554.780141
0.020732,1,554.795141
-3.862112,5,554.853143
-0.936133,2,554.874141
-1.895847,3,554.909142
-0.947143,2,554.935141
-2.868169,4,554.977141
0.016614,1,554.989141
-3.84554,5,555.046141
-2.886148,4,555.09435
-2.85339,4,555.141354
-0.938968,2,555.162349
-2.867159,4,555.206407
-1.901001,3,555.244408
-3.814919,5,555.300408
-0.916693,2,555.323407
-0.951003,2,555.346409
-2.886946,4,555.396408
-1.909777,3,555.431409
-2.881505,4,555.478513
-2.876825,4,555.524514
-3.895171,5,555.588803
-1.92074,3,555.654803
-1.889119,3,555.700804
-2.873716,4,555.748804
-1.901589,3,555.787932
-20.835407,22,556.043636
-2.883869,4,556.088636
-4.86703,6,556.155636
-2.838083,4,556.203637
-2.848754,4,556.249636
-2.876597,4,556.29387
0.032965,1,556.30487
-2.895481,4,556.355869
-3.847188,5,556.413869
0.029553,1,556.424869
-1.903942,3,556.460869
-0.955634,2,556.487869
-2.857494,4,556.53287
-2.874715,4,556.58116
-0.927652,2,556.60416
-3.845405,5,556.664159
-3.892369,5,556.733226
-2.871068,4,556.779227
-1.914839,3,556.821226
-3.883743,5,556.888226
-2.885312,4,556.933226
-0.909521,2,556.955226
0.035461,1,556.969226
0.027799,1,556.986226
-2.845187,4,557.032226
-1.889851,3,557.066801
0.006866,1,557.083804
-0.934362,2,557.109805
-1.881139,3,557.142806
0.038079,1,557.154804
-1.893673,3,557.192804
-2.817357,4,557.251804
-0.94285,2,557.273805
-1.898024,3,557.307804
-2.860119,4,557.356804
-1.868337,3,557.395804
-0.926759,2,557.418803
-3.836,5,557.480804
-2.880283,4,557.535805
0.026129,1,557.554805
-0.919061,2,557.579804
-1.920584,3,557.613804
-1.889896,3,557.646804
-1.911743,3,557.688804
0.019986,1,557.699804
-2.861896,4,557.757804
-0.913953,2,557.779804
-3.845407,5,557.841804
-6.824847,8,557.936804
-1.902755,3,557.972804
-1.884746,3,558.005804
0.03891,1,558.022804
-1.891623,3,558.059805
-0.942164,2,558.080804
-2.869003,4,558.129805
-0.942123,2,558.158804
-0.919378,2,558.181804
-4.845186,6,558.252505
-3.794705,5,558.310506
-2.870722,4,558.359505
-3.87748,5,558.418506
-2.802864,4,558.467505
-1.88515,3,558.501504
-2.846745,4,558.558504
-1.898791,3,558.593505
-3.85895,5,558.657947
-3.893862,5,558.749948
-5.837726,7,558.852947
-1.904011,3,558.889947
-1.907399,3,558.932948
-3.84809,5,559.012947
-2.817171,4,559.065948
-1.900973,3,559.102947
0.01099,1,559.114946
-0.929193,2,559.138946
0.020856,1,559.153947
-0.94601,2,559.177947
-0.93056,2,559.201946
-2.854883,4,559.251946
-16.825942,18,559.467544
-1.920511,3,559.501544
-0.924265,2,559.530543
-1.884068,3,559.566647
-1.890362,3,559.606712
-2.880533,4,559.655963
-0.932978,2,559.680963
-2.891608,4,559.728964
-2.868794,4,559.780964
-3.858298,5,559.839965
-0.92198,2,559.864963
-2.823804,4,559.908963
-1.90768,3,559.948964
-2.878232,4,560.005963
-2.81142,4,560.050965
-0.949122,2,560.074963
-1.870093,3,560.119963
-0.951231,2,560.141964
-4.842416,6,560.220963
-0.942443,2,560.243963
-2.900192,4,560.297964
-1.874766,3,560.344963
0.035005,1,560.361963
-0.001634,1,560.374963
-8.896272,10,560.494478
-2.871407,4,560.538472
-1.891114,3,560.571547
-0.916107,2,560.593547
-1.896358,3,560.634813
-2.849999,4,560.681059
-2.859035,4,560.725058
-1.876288,3,560.759059
0.026408,1,560.775059
-0.923537,2,560.800059
-1.871701,3,560.836061
-1.889724,3,560.871058
-5.840111,7,560.967059
-0.939403,2,560.992059
-3.883331,5,561.06506
0.034099,1,561.081059
-1.895661,3,561.121059
-2.866817,4,561.166061
0.037908,1,561.180059
-2.823978,4,561.23106
-2.85675,4,561.28106
-2.802291,4,561.326059
-0.913901,2,561.353059
-1.881189,3,561.392059
-2.85694,4,561.441059
-3.841604,5,561.507058
-3.888042,5,561.572061
-4.886079,6,561.641568
-0.930031,2,561.669567
-1.892651,3,561.704567
-0.929583,2,561.727567
-2.843948,4,561.778569
-1.917735,3,561.845567
-2.875334,4,561.900567
-2.878633,4,561.945567
-2.860774,4,561.989568
-1.907477,3,562.029568
-0.924741,2,562.053568
-0.943121,2,562.076568
-1.893363,3,562.113687
-2.810805,4,562.165686
-2.845742,4,562.215852
0.031522,1,562.228068
-2.822037,4,562.285071
-2.840019,4,562.344068
-1.933521,3,562.388068
-0.930622,2,562.415068
-4.832578,6,562.484068
-1.895557,3,562.528068
-0.923494,2,562.550068
-3.861653,5,562.60534
-1.899592,3,562.639339
-4.887125,6,562.71234
-2.874238,4,562.758342
-0.935181,2,562.783849
-3.786384,5,562.842848
-1.914063,3,562.879847
-2.861007,4,562.935848
-2.9018,4,562.98552
-0.91452,2,563.007519
-2.834376,4,563.05452
-36.830015,38,563.48552
-2.883763,4,563.530519
-0.919492,2,563.55352
-2.863069,4,563.60252
-2.87734,4,563.64852
-1.90759,3,563.682519
-1.910218,3,563.71752
-3.855192,5,563.77852
-0.938871,2,563.803521
-2.854192,4,563.84752
-1.904446,3,563.882519
-2.874535,4,563.933029
0.019533,1,563.945029
-1.904124,3,563.979029
-1.900917,3,564.013029
-0.930566,2,564.03803
-2.9071,4,564.082029
-2.88674,4,564.125029
-49.844382,50,564.683566
-2.879252,4,564.731566
-2.875483,4,564.777566
-0.931742,2,564.802566
-2.829501,4,564.848567
-3.921991,5,564.907568
-2.829929,4,564.950566
-2.876835,4,564.993567
-1.878727,3,565.027567
-2.885236,4,565.082077
-0.915836,2,565.104078
-2.897283,4,565.149077
-0.920462,2,565.173076
-2.871772,4,565.219076
-5.816115,7,565.299228
-3.832387,5,565.35823
-0.944445,2,565.379417
-2.82222,4,565.427417
-2.901714,4,565.472419
-2.870735,4,565.514669
-2.867458,4,565.559669
-2.882073,4,565.60667
-3.85302,5,565.65767
-2.827171,4,565.701671
-2.851659,4,565.745669
0.028458,1,565.763669
-1.884698,3,565.79767
-1.864931,3,565.830669
-2.835399,4,565.876669
-13.827628,15,566.04867
-1.878937,3,566.08467
-2.884768,4,566.13067
0.034296,1,566.141672
-1.869091,3,566.176673
-3.869683,5,566.23318
-1.876118,3,566.26618
-33.833005,35,566.704832
-2.816264,4,566.756832
-1.876065,3,566.791833
-2.87787,4,566.833833
-0.944353,2,566.854833
-0.93003,2,566.882832
-0.931351,2,566.905832
-0.951242,2,566.926834
-2.870614,4,566.976832
-2.863095,4,567.023964
-11.869431,13,567.167964
-16.839463,18,567.381473
0.035019,1,567.391475
-1.890008,3,567.429657
-2.868431,4,567.484658
-32.817254,34,567.90293
0.028554,1,567.91593
-2.850159,4,567.966931
-1.893132,3,567.998931
-0.939498,2,568.01993
-2.84766,4,568.063931
-2.849532,4,568.113078
-2.883539,4,568.15608
-2.834423,4,568.204078
-1.862239,3,568.235195
0.035834,1,568.251193
-0.003005,1,568.263193
-2.8757,4,568.311285
-1.888213,3,568.343283
-3.798369,5,568.404284
-2.869423,4,568.447284
-1.862284,3,568.477397
-0.898891,2,568.502903
-1.894579,3,568.540902
-1.905194,3,568.569902
-2.861588,4,568.609903
-2.83318,4,568.656903
-0.932669,2,568.682903
-0.948251,2,568.702902
-1.877336,3,568.735903
-2.851623,4,568.779903
-1.870832,3,568.817904
-0.935548,2,568.843903
-0.936345,2,568.865902
-0.938138,2,568.888902
-3.83207,5,568.950903
-1.900543,3,568.985904
-2.861453,4,569.031902
-2.844451,4,569.080903
-1.88926,3,569.116904
-0.934736,2,569.139903
-1.858538,3,569.173903
-3.813806,5,569.230903
-1.909352,3,569.266903
-3.910555,5,569.323905
-2.856066,4,569.368902
-2.88466,4,569.419903
-2.85214,4,569.465903
-1.909623,3,569.500902
0.009604,1,569.511903
-2.836858,4,569.554902
0.016821,1,569.572903
-2.868301,4,569.617906
-2.856056,4,569.667414
-3.893262,5,569.724531
-1.873816,3,569.762646
-0.957212,2,569.788929
-0.912782,2,569.811929
0.035484,1,569.82793
-1.887237,3,569.86993
-2.857726,4,569.915929
-2.843002,4,569.96693
-1.885092,3,569.999929
-3.860227,5,570.061929
-1.903145,3,570.09293
-2.822884,4,570.13593
-0.942837,2,570.160929
-2.853582,4,570.212929
-2.838196,4,570.256929
-1.87584,3,570.292929
-1.879504,3,570.32493
-2.881847,4,570.37893
0.033634,1,570.38993
-2.851511,4,570.43493
-1.895038,3,570.467929
-15.863046,17,570.659929
-0.944322,2,570.681929
-0.920136,2,570.70193
-2.882327,4,570.747929
-1.886284,3,570.78344
-1.867215,3,570.817441
-2.870309,4,570.859441
-0.928954,2,570.88144
-2.80744,4,570.931442
-2.899524,4,570.97844
-2.875743,4,571.023441
-0.920486,2,571.047442
-1.879054,3,571.106442
-1.897643,3,571.160442
-2.861085,4,571.2126
-0.007546,1,571.223729
-2.858467,4,571.276728
-0.929956,2,571.298729
-3.825434,5,571.353728
-2.862788,4,571.404729
-1.892052,3,571.442861
-1.880821,3,571.47886
-2.895229,4,571.522861
-3.896419,5,571.596862
-0.92498,2,571.639861
0.03248,1,571.652861
-2.857773,4,571.705861
-1.887557,3,571.739863
-1.877497,3,571.783124
-1.930015,3,571.827122
-0.917174,2,571.850122
-0.931651,2,571.874126
-1.922684,3,571.914126
0.041059,1,571.926126
-1.881735,3,571.964634
-24.830625,26,572.256635
-1.886838,3,572.295634
-1.870963,3,572.326634
0.037155,1,572.338636
-0.939304,2,572.361635
-1.925458,3,572.398635
-0.922396,2,572.421635
-0.931132,2,572.443635
-2.864746,4,572.490635
0.02734,1,572.504636
-0.933885,2,572.528634
-3.787785,5,572.596636
-2.861817,4,572.669636
-1.891191,3,572.721635
0.034403,1,572.734635
-0.910388,2,572.757635
-1.91691,3,572.794635
-0.936326,2,572.819636
-1.886248,3,572.85472
-1.911017,3,572.895808
-2.867992,4,572.942808
-1.886131,3,572.978807
0.037426,1,572.991809
0.032565,1,573.004807
-0.947605,2,573.025808
-2.862478,4,573.074318
0.038426,1,573.087316
0.037333,1,573.099317
-0.93718,2,573.124317
-1.8619,3,573.162317
-0.933717,2,573.182317
-0.933321,2,573.205317
-2.836845,4,573.250317
-2.863729,4,573.301316
-2.866791,4,573.344317
-12.850954,14,573.503317
-8.825356,10,573.618319
-1.893702,3,573.655317
-1.872168,3,573.691317
-0.908546,2,573.711318
-3.817831,5,573.768317
-2.848674,4,573.823318
-2.879383,4,573.865316
-2.843492,4,573.910317
0.034881,1,573.920317
-1.884691,3,573.958317
-1.915749,3,573.994317
-1.88769,3,574.029316
-0.923032,2,574.052317
-1.863015,3,574.090317
-1.878024,3,574.124318
-1.9206,3,574.173319
-2.821541,4,574.243833
-1.871291,3,574.288831
-0.919344,2,574.317832
-2.890636,4,574.362832
0.021414,1,574.373832
-2.858346,4,574.422832
-1.899273,3,574.457914
-2.843538,4,574.505256
-0.909027,2,574.527255
-2.907762,4,574.576379
-2.860151,4,574.622376
-1.869758,3,574.655379
-1.890723,3,574.688377
-0.941811,2,574.714376
-1.907867,3,574.749377
-0.942266,2,574.773379
-2.84948,4,574.819376
-1.904008,3,574.858377
-0.923715,2,574.882376
-2.852606,4,574.926378
-2.839843,4,574.974376
-1.875077,3,575.016376
-9.835639,11,575.141376
-1.881144,3,575.173377
-2.873577,4,575.218376
-4.862425,6,575.287376
-2.853055,4,575.333883
-1.870409,3,575.370886
-7.846906,9,575.471887
-0.944242,2,575.496886
-0.9292,2,575.519889
-3.840957,5,575.575015
-2.878343,4,575.616015
-1.894875,3,575.651015
-1.886282,3,575.689016
-1.87828,3,575.749016
-2.833158,4,575.812016
-0.935301,2,575.840016
0.036278,1,575.853015
-2.878474,4,575.897015
-2.88799,4,575.940015
0.026439,1,575.956088
-2.881437,4,576.003089
-0.937974,2,576.027089
-2.843568,4,576.072088
-2.887962,4,576.119088
-1.877587,3,576.151088
0.02899,1,576.161088
-0.92974,2,576.186089
-2.873658,4,576.232088
-0.942977,2,576.255336
-1.896974,3,576.288335
-3.837256,5,576.341335
-2.839215,4,576.394336
-1.895294,3,576.428409
-2.839621,4,576.47241
-1.897469,3,576.507409
-1.874497,3,576.54392
0.042309,1,576.555918
0.034444,1,576.568917
0.034855,1,576.580918
-1.882615,3,576.618918
-1.903237,3,576.648916
-1.885388,3,576.680918
0.024852,1,576.692918
-1.848994,3,576.731917
-5.875357,7,576.808051
-1.884399,3,576.843051
-1.866664,3,576.878149
-1.914592,3,576.918149
-2.873556,4,576.962149
-2.863613,4,577.009149
-2.842322,4,577.060522
-0.930546,2,577.087523
-3.856016,5,577.143778
-2.841211,4,577.189778
-1.89024,3,577.223778
-4.822512,6,577.295778
-0.935007,2,577.319777
-2.819202,4,577.364946
-2.852517,4,577.409947
-2.88703,4,577.459947
-1.884338,3,577.494027
-1.900846,3,577.527028
-1.895757,3,577.560027
-0.963475,2,577.586027
-2.90268,4,577.634027
-2.88709,4,577.678535
-2.828719,4,577.722536
-0.9202,2,577.748536
-1.884274,3,577.782536
0.036218,1,577.794535
-2.837999,4,577.840536
-3.865905,5,577.898536
-2.816537,4,577.944535
-0.939801,2,577.966536
0.024029,1,577.977535
-1.929166,3,578.016535
-2.818718,4,578.063536
-1.84447,3,578.097536
-1.866024,3,578.134536
-1.897165,3,578.171536
-2.879253,4,578.216538
-0.938964,2,578.238536
-0.924663,2,578.263536
0.012967,1,578.277536
-1.893259,3,578.309536
-0.923613,2,578.331536
-3.844721,5,578.388535
-5.796402,7,578.467536
-3.862751,5,578.522536
-1.894159,3,578.555537
-2.864299,4,578.601537
-2.855256,4,578.649536
-3.81911,5,578.707536
-1.910302,3,578.742536
-0.944091,2,578.772537
-0.917548,2,578.815899
-1.874622,3,578.86041
0.042647,1,578.875411
-1.895259,3,578.910411
-0.937405,2,578.94041
-2.869011,4,578.98341
-0.930093,2,579.00441
-1.897878,3,579.042409
-1.908559,3,579.08141
-1.913212,3,579.11841
-1.881124,3,579.155412
-3.838063,5,579.21041
-2.862948,4,579.259409
0.034878,1,579.27041
-1.895912,3,579.30465
-1.891568,3,579.338651
-1.887949,3,579.37765
-1.879223,3,579.40965
-5.805147,7,579.489651
-2.859743,4,579.536651
-2.85917,4,579.58665
-2.860267,4,579.63065
-1.874865,3,579.66365
-3.862256,5,579.72365
-1.871308,3,579.760735
-1.859538,3,579.793736
-3.833676,5,579.851734
-2.889421,4,579.899734
-0.919162,2,579.926734
0.017309,1,579.938735
-0.934234,2,579.961736
-2.843213,4,580.008507
-2.874268,4,580.059507
-2.866669,4,580.101507
0.027018,1,580.113506
-2.82884,4,580.157786
0.044676,1,580.176786
-1.874067,3,580.216786
-0.944619,2,580.239785
0.041071,1,580.251785
-2.864187,4,580.308787
-2.839447,4,580.388786
-0.949395,2,580.417788
-1.901224,3,580.455788
-1.881477,3,580.493786
-1.887383,3,580.525786
-1.892452,3,580.556786
-4.851604,6,580.625786
-1.886043,3,580.668787
-0.934803,2,580.690786
-1.898706,3,580.724786
-1.867223,3,580.761786
-2.846529,4,580.809786
-2.863022,4,580.853785
0.037962,1,580.864785
0.038825,1,580.876785
-0.906945,2,580.904786
-2.871551,4,580.949786
-7.897249,9,581.048786
-0.925054,2,581.071786
-2.854506,4,581.118788
-0.924969,2,581.142294
-0.940088,2,581.162294
-2.854112,4,581.207295
-1.8785,3,581.244487
-1.881739,3,581.276486
-1.908139,3,581.314923
-2.853968,4,581.362925
-1.901051,3,581.401923
-1.887083,3,581.436924
-0.940647,2,581.456923
-2.864565,4,581.501923
-19.826645,21,581.738924
-1.878284,3,581.772923
-2.823449,4,581.815923
-0.901952,2,581.836923
-2.866535,4,581.886926
-0.915337,2,581.909923
-2.871395,4,581.951923
0.033932,1,581.962923
-0.930662,2,581.992925
-1.894565,3,582.026923
0.002346,1,582.036923
-2.884298,4,582.082924
-1.905799,3,582.122923
-1.887789,3,582.156923
-2.843834,4,582.199924
0.030358,1,582.209923
-1.898008,3,582.247926
-2.851834,4,582.297431
0.038633,1,582.311432
-1.895952,3,582.344431
-1.867357,3,582.382431
0.038417,1,582.39455
-1.879864,3,582.42955
-2.881949,4,582.474551
-2.846465,4,582.524553
-2.872999,4,582.56955
-0.941707,2,582.592551
-0.929995,2,582.613551
-2.875351,4,582.66555
-3.903264,5,582.72255
-2.85867,4,582.769637
-0.922272,2,582.791636
-2.85047,4,582.840638
-1.887302,3,582.877637
0.032511,1,582.890636
-2.860632,4,582.935818
-1.892545,3,582.974819
-0.919545,2,582.995818
-3.820915,5,583.052819
-0.902293,2,583.077818
-2.858814,4,583.12682
-0.931174,2,583.148817
-0.914421,2,583.170818
-2.872998,4,583.213818
-1.893678,3,583.249819
-2.872374,4,583.296818
-4.817881,6,583.362818
-2.85592,4,583.410327
-2.863768,4,583.459327
-6.863903,8,583.550328
-1.880675,3,583.584327
-1.877823,3,583.618327
-2.892067,4,583.671327
-0.94575,2,583.699329
-1.88158,3,583.732327
-0.000228,1,583.743328
-7.836102,9,583.849327
-1.886819,3,583.880327
-1.900358,3,583.919328
0.02679,1,583.946329
-0.913776,2,584.021328
-2.861287,4,584.078327
0.041095,1,584.088328
-0.90722,2,584.113328
-1.892342,3,584.150328
-1.895777,3,584.189327
-2.846302,4,584.243331
-2.839431,4,584.295327
-1.894929,3,584.333328
-1.892594,3,584.371328
-2.861331,4,584.422328
-2.867907,4,584.466328
-2.842099,4,584.520329
-1.885115,3,584.564198
-1.87402,3,584.6002
-0.93164,2,584.624198
-1.869635,3,584.664198
-1.891265,3,584.701199
-1.868832,3,584.737198
-1.914107,3,584.771199
-1.87414,3,584.808198
-1.896769,3,584.846199
-2.852172,4,584.889198
-1.883748,3,584.922199
-0.950594,2,584.950198
-2.838004,4,584.994198
-1.908254,3,585.030198
-7.827166,9,585.133198
-2.837485,4,585.182431
-2.838926,4,585.226432
-2.827971,4,585.270431
-1.875312,3,585.304432
-1.899756,3,585.342432
-2.864777,4,585.386432
-0.920972,2,585.408432
0.025834,1,585.418432
-2.85593,4,585.468432
-19.821119,21,585.698942
-6.853008,8,585.790942
0.03011,1,585.801943
-1.880313,3,585.839942
-1.881202,3,585.875163
-1.880347,3,585.910165
-2.853942,4,585.956164
-0.914163,2,585.983164
-2.846772,4,586.032163
-2.837582,4,586.076163
-3.833466,5,586.131163
-0.923444,2,586.158163
-2.876014,4,586.205163
-2.876299,4,586.249163
-2.859417,4,586.296163
-1.857791,3,586.332163
-2.845033,4,586.379163
0.017718,1,586.390163
-3.788813,5,586.449163
-2.845267,4,586.499163
-1.88734,3,586.535163
-1.898834,3,586.568163
0.036842,1,586.579162
-0.940618,2,586.604163
-2.85231,4,586.645164
-1.900172,3,586.679163
-0.923802,2,586.702163
-2.851712,4,586.750163
-0.926427,2,586.773164
-2.865004,4,586.817163
-2.828225,4,586.860671
-2.873914,4,586.909672
-2.812382,4,586.956671
-2.868842,4,587.000671
-2.865017,4,587.04867
-1.89579,3,587.087672
-1.893422,3,587.119672
0.020181,1,587.13067
-1.872806,3,587.167671
-2.882629,4,587.213671
-0.923475,2,587.23667
-1.898978,3,587.270671
-1.9104,3,587.304671
-0.927459,2,587.328671
-2.792842,4,587.373672
-1.899513,3,587.40467
-1.889442,3,587.43867
-0.933416,2,587.465671
-2.841682,4,587.509671
0.036475,1,587.521671
-0.91551,2,587.544671
-2.871825,4,587.590671
-2.866495,4,587.633671
-1.870431,3,587.669671
-5.79272,7,587.754671
-0.932337,2,587.781671
-1.900631,3,587.81567
-1.882979,3,587.847671
-2.806019,4,587.893672
-2.840517,4,587.94267
-2.839431,4,587.989294
-1.878907,3,588.026296
-2.836614,4,588.071295
-1.873906,3,588.138296
-1.907347,3,588.185534
0.026878,1,588.200536
-2.853681,4,588.253536
0.039914,1,588.269535
-2.835634,4,588.315535
-1.882347,3,588.351535
-2.857951,4,588.393534
-2.877888,4,588.444785
-0.92044,2,588.469785
-0.905866,2,588.490784
-2.827798,4,588.537784
-1.872193,3,588.576784
-2.825064,4,588.650784
-0.925172,2,588.685785
-1.886656,3,588.724784
-1.881107,3,588.763784
-1.903651,3,588.798783
0.042276,1,588.809785
0.035307,1,588.821783
-1.896115,3,588.858784
-2.864735,4,588.907784
-0.911763,2,588.930784
-2.858385,4,588.973784
-1.881075,3,589.010783
0.04237,1,589.021784
-1.856839,3,589.053784
0.020027,1,589.063784
-0.936309,2,589.089784
-1.879534,3,589.125299
-0.917405,2,589.149291
-0.915776,2,589.171291
0.036882,1,589.184291
-2.873593,4,589.228292
-2.881167,4,589.270292
-2.831245,4,589.312292
-1.90412,3,589.463419
-2.880806,4,589.507418
-0.924875,2,589.529695
0.034954,1,589.540695
-2.817164,4,589.589849
-4.88082,6,589.653849
-0.917612,2,589.678849
-0.926084,2,589.70185
-1.87938,3,589.736851
-1.848024,3,589.76885
-1.878077,3,589.80285
-1.891512,3,589.834849
-0.909958,2,589.859849
-1.874244,3,589.893852
-2.867286,4,589.938851
0.037136,1,589.94985
-1.880585,3,589.98785
-2.869103,4,590.03385
-1.87516,3,590.066851
-2.885305,4,590.116849
-0.921675,2,590.143851
-1.910931,3,590.18085
-1.904542,3,590.234853
-2.880771,4,590.308364
-0.931931,2,590.341672
-2.870849,4,590.389672
-1.870821,3,590.420671
-2.852864,4,590.466671
-1.868701,3,590.508672
0.005968,1,590.521672
-2.856823,4,590.569998
-2.836797,4,590.610997
-0.937473,2,590.636086
-2.870604,4,590.679086
-1.926923,3,590.711086
-1.893657,3,590.744087
-2.867172,4,590.791086
-1.910591,3,590.823086
-2.871737,4,590.862086
-2.829883,4,590.904219
-0.938463,2,590.93022
0.035997,1,590.940219
0.044613,1,590.950222
0.039247,1,590.95922
0.036821,1,590.974221
-1.888033,3,591.010219
-2.821171,4,591.054219
-0.937773,2,591.075221
-1.860345,3,591.110219
0.03785,1,591.12022
-1.903773,3,591.153351
-0.922135,2,591.173457
-2.889809,4,591.221457
-8.851911,10,591.328456
-1.855827,3,591.361457
-1.904453,3,591.394457
-2.858133,4,591.439967
0.03203,1,591.451967
-1.882162,3,591.483967
-2.847772,4,591.523967
-2.888953,4,591.573967
-2.878695,4,591.619967
-1.876913,3,591.652968
-0.912505,2,591.675968
-1.892171,3,591.711967
0.033177,1,591.722967
-3.813737,5,591.781967
-2.80484,4,591.822967
-2.807761,4,591.870968
-4.807005,6,591.933968
-0.929715,2,591.956967
-0.927159,2,591.974967
-4.84445,6,592.045967
-2.880115,4,592.085967
-1.887266,3,592.116967
0.034526,1,592.127967
-0.919546,2,592.150969
-1.888174,3,592.186967
-2.800622,4,592.233967
-1.900304,3,592.263967
-0.920222,2,592.288967
-0.928751,2,592.312967
-2.833076,4,592.356968
-1.885697,3,592.389967
-2.846816,4,592.436967
-2.81681,4,592.478967
-2.857599,4,592.524966
-2.827539,4,592.567476
-0.94047,2,592.592478
-1.900954,3,592.623537
-3.793601,5,592.675537
-0.936039,2,592.698536
-0.903395,2,592.721537
-0.906344,2,592.742537
-2.832708,4,592.784537
-0.938562,2,592.807537
-1.886472,3,592.842946
-1.897911,3,592.877946
-0.929736,2,592.900947
-1.907869,3,592.931947
-1.866032,3,592.967946
-0.909396,2,592.988946
0.029695,1,592.997947
-1.888062,3,593.028946
-2.841376,4,593.076947
-0.909034,2,593.100948
-1.889523,3,593.131947
-1.896248,3,593.158946
-0.905079,2,593.183947
-2.849012,4,593.225946
-0.928146,2,593.249945
-2.847382,4,593.294947
-2.862382,4,593.355948
-1.869941,3,593.409947
-0.92878,2,593.438946
-2.815819,4,593.493947
-2.829094,4,593.547946
-0.923392,2,593.571946
-0.926519,2,593.593946
-2.873312,4,593.642947
-1.897562,3,593.683949
-1.893854,3,593.720456
-1.910534,3,593.757455
-2.819424,4,593.802457
-1.884178,3,593.839457
-0.921114,2,593.864456
-2.848359,4,593.910456
-0.916364,2,593.930457
-1.891759,3,593.965456
-2.864369,4,594.008457
0.0362,1,594.019457
-1.87685,3,594.053456
-0.932854,2,594.083458
-1.873416,3,594.111456
-0.917226,2,594.130457
-1.91931,3,594.158456
-2.877279,4,594.2047
-1.887746,3,594.236699
-1.901528,3,594.2697
-1.887719,3,594.3007
-1.850453,3,594.337699
0.025822,1,594.3497
-1.909293,3,594.3817
-1.912085,3,594.414699
-1.882124,3,594.4527
-1.870516,3,594.485908
-1.905397,3,594.518158
0.026484,1,594.53016
-1.876199,3,594.564158
-1.884304,3,594.601158
-1.876691,3,594.633159
-1.87526,3,594.665159
-1.869683,3,594.707159
-1.858392,3,594.742157
0.034703,1,594.755157
-2.842488,4,594.796159
-0.927552,2,594.819158
-0.917917,2,594.84216
-1.85127,3,594.876666
0.023287,1,594.887667
-2.820242,4,594.967666
-1.880195,3,595.010667
0.047575,1,595.024667
-0.923891,2,595.047666
-1.881245,3,595.086666
-1.921484,3,595.121751
-1.899373,3,595.150751
-1.959652,3,595.186751
-1.904221,3,595.230751
-2.827299,4,595.285285
-1.892845,3,595.316287
-0.927404,2,595.339285
-2.880191,4,595.387285
-1.902371,3,595.421285
-1.888701,3,595.454285
-1.887962,3,595.490285
0.030791,1,595.503285
-1.887738,3,595.537285
-1.862098,3,595.569285
-1.872147,3,595.604286
-2.878784,4,595.651286
-2.870639,4,595.696285
-2.851568,4,595.745286
-1.914294,3,595.776286
-1.89863,3,595.814286
-2.848109,4,595.859285
-2.826481,4,595.906285
0.026602,1,595.918285
-1.899295,3,595.956285
0.043098,1,595.967285
0.029284,1,595.978285
-1.90746,3,596.010288
-0.925285,2,596.038898
-1.897178,3,596.072985
0.038113,1,596.083986
-1.865257,3,596.116054
-2.833985,4,596.166054
-0.920759,2,596.189054
-0.937211,2,596.210054
-2.874997,4,596.255054
-0.919142,2,596.282056
-0.939426,2,596.306056
-1.890299,3,596.338133
-1.848276,3,596.370133
-0.942514,2,596.396133
-1.89857,3,596.428132
-0.920556,2,596.449132
-0.913496,2,596.470134
-1.890057,3,596.509133
-2.803366,4,596.551133
-1.900248,3,596.582132
-2.840024,4,596.626133
-1.881017,3,596.662132
-0.926462,2,596.685378
-0.911374,2,596.709378
-2.838114,4,596.753377
-2.834929,4,596.802378
-0.941725,2,596.825377
-2.831907,4,596.871377
-2.870636,4,596.915377
-2.846565,4,596.964379
-2.836803,4,597.006377
-0.930793,2,597.028378
-0.919686,2,597.049377
-0.916816,2,597.073377
-2.825605,4,597.116378
-0.94117,2,597.138381
-1.884649,3,597.176887
-1.863779,3,597.212886
0.044336,1,597.223886
-2.830787,4,597.269227
-2.809876,4,597.314227
-0.938141,2,597.339226
-1.907942,3,597.374228
-2.840001,4,597.416628
-0.9353,2,597.439628
-1.876643,3,597.477628
-1.8748,3,597.512628
-1.874581,3,597.547628
-1.878391,3,597.579628
-0.915102,2,597.60763
-2.836139,4,597.653628
-1.863672,3,597.688628
-1.872479,3,597.719628
0.03903,1,597.733628
-2.840545,4,597.776628
-1.898293,3,597.811628
-2.873933,4,597.855627
-0.909762,2,597.881628
-2.840369,4,597.927629
-1.88348,3,597.961629
-2.885786,4,598.003628
-0.938673,2,598.031628
-1.881212,3,598.062628
-2.878757,4,598.106628
-1.876839,3,598.142627
-1.903182,3,598.178629
-1.902667,3,598.210627
-1.904458,3,598.245628
-2.828468,4,598.295629
-0.911478,2,598.323628
-1.901971,3,598.356632
-1.909629,3,598.391138
-0.918155,2,598.414138
0.035295,1,598.429138
0.044382,1,598.440139
-2.846015,4,598.497337
-1.882699,3,598.531337
-1.864838,3,598.598338
-1.91725,3,598.641337
-0.937023,2,598.670339
-3.822385,5,598.727337
-0.920647,2,598.752338
-2.834612,4,598.799603
-0.934177,2,598.821603
0.027569,1,598.832603
0.034846,1,598.850603
-1.894226,3,598.889604
-2.895161,4,598.934603
-2.839227,4,598.979602
-2.838113,4,599.028603
-2.816692,4,599.069602
-0.943364,2,599.091602
-2.857412,4,599.135602
-0.938005,2,599.161603
-1.894169,3,599.195603
-1.904546,3,599.231602
-0.931131,2,599.253602
0.039449,1,599.267603
-1.870843,3,599.300602
-2.813297,4,599.346602
-15.793056,17,599.537602
-1.907107,3,599.575604
-1.879766,3,599.609112
-1.87141,3,599.640112
-0.913362,2,599.664114
0.030509,1,599.679111
-0.927368,2,599.703112
-0.927848,2,599.725112
-1.908248,3,599.759111
0.047574,1,599.775111
-0.924013,2,599.798113
-3.860251,5,599.851112
0.034833,1,599.862112
-0.92319,2,599.891112
-1.890532,3,599.921112
-1.894925,3,599.954113
-2.839361,4,599.998197
-2.842494,4,600.043197
-1.898422,3,600.090349
-2.874273,4,600.160348
-1.906095,3,600.206672
-2.83234,4,600.256671
0.038936,1,600.269671
-2.860728,4,600.317672
0.040163,1,600.327671
-0.930976,2,600.357672
-0.93055,2,600.384672
-0.920249,2,600.409672
-2.837942,4,600.45967
-1.901265,3,600.496671
-1.884661,3,600.52767
-0.923231,2,600.549671
-2.852788,4,600.591671
-2.852096,4,600.638671
-0.934454,2,600.661671
0.013856,1,600.671863
-1.874704,3,600.702864
-2.837169,4,600.751864
-1.890523,3,600.785372
-2.839517,4,600.829373
0.044448,1,600.839373
-2.856089,4,600.890373
-1.859675,3,600.920373
-1.89889,3,600.953375
-2.828245,4,600.997373
-2.83315,4,601.045373
-1.863621,3,601.077446
-0.930987,2,601.099445
-1.909519,3,601.129446
0.032491,1,601.145445
-1.903944,3,601.179446
-1.871212,3,601.213445
-0.94064,2,601.233446
-1.884722,3,601.274446
-2.841673,4,601.319446
-2.875214,4,601.362446
-2.878297,4,601.407446
-0.924418,2,601.434446
-0.917431,2,601.454445
-2.808504,4,601.500446
-2.842352,4,601.547445
-2.856209,4,601.594735
-1.869806,3,601.627733
0.034917,1,601.639733
-0.923351,2,601.663733
-2.860658,4,601.717733
-3.846982,5,601.776733
-1.877679,3,601.809733
-2.841644,4,601.857734
-1.87266,3,601.895736
-1.867592,3,601.930241
-1.887013,3,601.962242
-1.887632,3,601.996242
-0.926116,2,602.020243
-1.856635,3,602.053306
-1.891341,3,602.087306
0.033788,1,602.098306
-2.879054,4,602.148419
-1.912044,3,602.184419
-1.883006,3,602.217419
-1.900527,3,602.25142
-4.802308,6,602.326422
-1.901532,3,602.359419
-1.906023,3,602.392419
-2.841417,4,602.43442
-1.854532,3,602.470423
-2.880656,4,602.514486
-2.829801,4,602.558486
0.04351,1,602.570568
-1.881591,3,602.608568
-1.913579,3,602.642568
-2.87578,4,602.71789
-1.879121,3,602.760889
-2.848426,4,602.818891
-1.856891,3,602.854889
-1.877429,3,602.889889
-1.913412,3,602.922889
-0.911758,2,602.950889
-1.887353,3,602.98689
-1.874246,3,603.020889
-2.81903,4,603.063399
0.04147,1,603.078398
-1.891412,3,603.114398
-1.874186,3,603.14955
-0.933455,2,603.172709
-1.902702,3,603.209708
-2.843162,4,603.255848
-0.925181,2,603.280848
0.031593,1,603.291848
-1.906049,3,603.328848
-1.868447,3,603.362848
-1.877719,3,603.398848
-1.879407,3,603.431849
-1.886778,3,603.468848
-1.878812,3,603.505849
-1.900965,3,603.539849
-1.887197,3,603.572848
-2.797029,4,603.622848
-2.804412,4,603.667848
-1.890001,3,603.697848
-2.828146,4,603.743848
-0.92006,2,603.769849
-0.919657,2,603.791848
-0.907289,2,603.816848
-2.863091,4,603.860848
-1.88449,3,603.897848
-1.906343,3,603.933849
-0.928511,2,603.954848
-0.930476,2,603.977849
-0.938208,2,604.00385
-2.795987,4,604.049848
-0.910611,2,604.070849
-1.88797,3,604.104849
-3.813541,5,604.161389
-2.865654,4,604.206897
-1.908165,3,604.242901
-1.908483,3,604.275897
-1.90613,3,604.314899
0.026823,1,604.326898
-1.900537,3,604.361897
-2.847965,4,604.405898
-1.887858,3,604.442897
-2.878729,4,604.485897
0.032079,1,604.496898
-1.891392,3,604.529897
-2.840245,4,604.578897
-1.880277,3,604.610897
-2.849042,4,604.654897
-0.930371,2,604.675897
-1.890405,3,604.712897
-0.921353,2,604.734897
-4.804273,6,604.802898
-0.926475,2,604.824897
0.038999,1,604.839154
-0.914196,2,604.862154
-1.849035,3,604.895154
-1.893122,3,604.930153
-2.837041,4,604.977156
-1.896622,3,605.009154
-1.899566,3,605.042154
-1.874594,3,605.075153
-2.850898,4,605.122154
-3.785718,5,605.180154
-0.925232,2,605.201154
-0.921598,2,605.225154
-1.902461,3,605.265154
0.02859,1,605.274154
-2.823491,4,605.318154
-1.903331,3,605.355156
-2.880426,4,605.40884
-1.908319,3,605.442162
-1.886611,3,605.477162
-1.879452,3,605.509162
-0.901802,2,605.534162
-1.871778,3,605.570162
-2.852846,4,605.615162
-0.91705,2,605.637162
-1.894512,3,605.677164
-2.855291,4,605.722163
-2.855313,4,605.768162
-0.913596,2,605.792161
-2.835536,4,605.842162
0.038271,1,605.853162
-2.833216,4,605.901161
-1.884797,3,605.933163
-1.900987,3,605.973162
-0.923814,2,605.997162
-1.87809,3,606.031162
0.038754,1,606.042161
-1.877016,3,606.078162
-2.814883,4,606.122163
-0.91927,2,606.144162
-0.915069,2,606.165162
0.03363,1,606.180161
-2.866842,4,606.232163
-2.848958,4,606.303163
-0.930656,2,606.332162
-1.895156,3,606.372162
-0.918822,2,606.395162
0.031283,1,606.408164
-1.88619,3,606.443162
-0.915145,2,606.469162
-2.863135,4,606.516163
-2.853702,4,606.568675
-2.839043,4,606.614675
-1.88175,3,606.653676
-1.865231,3,606.688674
-2.835269,4,606.734676
-2.876611,4,606.779675
-1.882469,3,606.815675
-2.843589,4,606.858676
-0.922751,2,606.880675
-2.856534,4,606.924675
-1.868904,3,606.960675
-1.867793,3,606.997675
0.037924,1,607.007675
-0.908943,2,607.029675
-0.921185,2,607.055676
0.035219,1,607.068675
-1.886721,3,607.105675
-0.914115,2,607.127676
0.032148,1,607.142675
-1.880563,3,607.175675
-2.839987,4,607.219675
-0.932781,2,607.238675
-3.831793,5,607.296735
-0.917412,2,607.319734
-0.942792,2,607.342734
0.027647,1,607.353734
-0.930288,2,607.379734
0.042326,1,607.389735
-4.810149,6,607.458735
0.030331,1,607.471735
-0.923069,2,607.497734
-1.909064,3,607.529734
-1.883702,3,607.567862
-1.87539,3,607.600861
-2.849745,4,607.648861
-2.875443,4,607.691371
-1.876126,3,607.724371
-0.930109,2,607.747372
0.033989,1,607.76237
-1.876741,3,607.797374
-0.916271,2,607.819371
-2.849885,4,607.865374
0.033544,1,607.88237
-1.885646,3,607.915371
-1.914337,3,607.947371
-2.860233,4,607.991371
-1.885486,3,608.028371
-0.926671,2,608.051371
-1.911789,3,608.08637
-1.919086,3,608.12037
-0.903817,2,608.144371
-0.899799,2,608.16637
-1.876856,3,608.198371
-0.921294,2,608.218371
-1.890193,3,608.256371
-1.893018,3,608.289372
-1.899568,3,608.32437
-2.857855,4,608.371373
-2.838531,4,608.41937
-2.843437,4,608.465371
-1.880897,3,608.499371
-1.908381,3,608.535371
-2.840247,4,608.58137
0.033419,1,608.591371
-2.818947,4,608.634372
-1.909017,3,608.673371
-1.879923,3,608.70837
0.026463,1,608.71937
-2.830804,4,608.763371
-1.894925,3,608.79737
0.032949,1,608.815372
0.029264,1,608.827376
-2.842969,4,608.873883
-1.904616,3,608.910882
-2.834389,4,608.955882
-2.832554,4,608.998882
-0.920007,2,609.021883
-1.878829,3,609.055881
-1.871635,3,609.093882
-0.912803,2,609.114882
-0.920165,2,609.136881
-1.88144,3,609.169882
-1.883643,3,609.208053
-3.829748,5,609.261181
-0.930184,2,609.283181
-1.864047,3,609.316181
-2.8579,4,609.378184
-1.905814,3,609.433183
0.043945,1,609.445182
0.026744,1,609.457181
-1.896841,3,609.505181
-0.914946,2,609.530181
-1.902444,3,609.564182
-1.879202,3,609.599181
-1.895326,3,609.63828
-2.839859,4,609.686281
-2.834461,4,609.730282
-1.869381,3,609.76628
-1.890993,3,609.802409
-2.870957,4,609.84741
-1.896903,3,609.88241
-2.874535,4,609.92841
-0.915658,2,609.954409
-2.862707,4,609.998917
-2.825108,4,610.050008
-0.929263,2,610.074008
-1.884201,3,610.110007
-0.923607,2,610.133008
-0.91593,2,610.158007
0.038665,1,610.170007
-1.882878,3,610.208008
-2.86245,4,610.252008
-2.857544,4,610.298007
-1.878995,3,610.331007
-1.883525,3,610.369008
-0.926469,2,610.391319
-2.831669,4,610.436464
-1.886276,3,610.470464
-0.915516,2,610.496677
-2.896889,4,610.545677
-1.893658,3,610.578676
0.040065,1,610.589676
-1.890592,3,610.629676
-0.924742,2,610.650677
-2.860099,4,610.694676
-1.869396,3,610.727679
-1.898503,3,610.766676
-3.833687,5,610.822677
0.026947,1,610.834677
-2.865433,4,610.879679
-0.928671,2,610.905677
-1.885968,3,610.940676
-1.887933,3,610.975675
-0.917449,2,610.998677
-0.914677,2,611.026677
-0.920293,2,611.049676
-2.824914,4,611.094676
0.033023,1,611.105677
-1.896395,3,611.143185
-3.846299,5,611.199251
-0.928873,2,611.22225
-1.887443,3,611.254549
0.038131,1,611.268549
-1.871557,3,611.305549
-2.872933,4,611.348783
-1.885766,3,611.383783
-1.867259,3,611.419782
-2.863239,4,611.464782
-3.828112,5,611.521782
-0.945243,2,611.544782
-0.918239,2,611.570963
-2.845887,4,611.616071
-0.909621,2,611.639186
-1.885096,3,611.674186
-0.93136,2,611.698186
-2.824747,4,611.743186
-2.810824,4,611.788186
-2.820115,4,611.836185
-2.83463,4,611.884562
-2.856417,4,611.928562
-2.841721,4,611.974563
-0.90815,2,611.997562
-1.878687,3,612.03691
0.033056,1,612.049909
-0.92422,2,612.072909
-2.884103,4,612.11591
-0.927797,2,612.13991
-1.905484,3,612.173964
-2.800007,4,612.215968
-1.869311,3,612.247966
-1.903402,3,612.286484
-1.879388,3,612.322484
0.035517,1,612.333485
-2.861542,4,612.377484
-2.828788,4,612.422487
-2.850665,4,612.465486
-0.912753,2,612.490485
-2.872535,4,612.532485
-1.891531,3,612.571486
0.033682,1,612.583484
-1.898279,3,612.619484
-0.908999,2,612.643484
-2.878986,4,612.692485
-1.892061,3,612.727484
-2.854524,4,612.768632
-1.907981,3,612.802631
-2.846407,4,612.849632
-1.907675,3,612.884633
-3.827742,5,612.943752
-2.839601,4,612.988751
-2.832718,4,613.038751
-1.895806,3,613.072751
-1.882314,3,613.106751
0.029793,1,613.11875
-1.890047,3,613.15775
-1.883204,3,613.189751
-0.932659,2,613.214752
-0.94537,2,613.23675
0.031518,1,613.24975
-2.855329,4,613.293751
-2.82501,4,613.335751
-2.843044,4,613.379751
-2.839814,4,613.431262
-1.882267,3,613.464261
-1.900804,3,613.497351
-1.883055,3,613.53035
-1.894828,3,613.568351
-1.882095,3,613.603503
-1.87102,3,613.635503
-1.904921,3,613.670501
-1.89337,3,613.711502
-2.849013,4,613.753503
-1.894814,3,613.786502
-1.885927,3,613.822503
0.032014,1,613.837502
-2.847905,4,613.882502
-1.879021,3,613.913597
-1.878418,3,613.9466
-0.935313,2,613.972599
-2.841015,4,614.015598
-1.875205,3,614.051598
-0.91961,2,614.073597
0.035877,1,614.087599
-0.93183,2,614.110598
-1.879611,3,614.144716
-1.901669,3,614.176715
-0.933149,2,614.203717
-1.864876,3,614.236715
-2.8722,4,614.284716
-1.899693,3,614.320716
-1.873386,3,614.356967
-1.885283,3,614.391968
-2.845111,4,614.434967
-1.921733,3,614.466968
-1.881739,3,614.505969
-1.904381,3,614.541967
-2.858828,4,614.591477
0.029167,1,614.601477
-1.890051,3,614.635477
-1.86826,3,614.667591
-2.872423,4,614.713766
-0.924143,2,614.735767
-0.924621,2,614.760767
-0.940683,2,614.782767
-1.878666,3,614.81777
-1.885746,3,614.855767
-2.869948,4,614.901767
-2.85363,4,614.944886
-2.830665,4,614.990886
-3.837332,5,615.048886
-1.882183,3,615.089885
-0.928661,2,615.113886
-1.90439,3,615.146886
-1.895946,3,615.178886
-0.921806,2,615.204885
-1.847439,3,615.237886
-2.825833,4,615.284886
-1.875068,3,615.317886
-1.896412,3,615.356886
-1.89827,3,615.389886
-0.93062,2,615.411885
-1.893664,3,615.446887
-2.853823,4,615.505886
0.034015,1,615.516886
-1.904647,3,615.549885
0.032177,1,615.560886
-1.884144,3,615.611887
-2.858258,4,615.681886
-1.869417,3,615.721398
-2.873939,4,615.777398
-1.881755,3,615.820398
-2.870798,4,615.859529
-0.940083,2,615.883529
-1.902802,3,615.919529
-0.916062,2,615.946529
-1.881959,3,615.998529
-1.870181,3,616.035531
-1.881548,3,616.071529
-1.880413,3,616.110529
-1.884739,3,616.143529
-2.854341,4,616.190529
-0.930734,2,616.214529
-1.888995,3,616.255529
-1.880756,3,616.289529
-0.915945,2,616.307528
-0.925084,2,616.331528
0.038665,1,616.347529
-1.885271,3,616.378531
-2.832637,4,616.421529
-1.895869,3,616.455529
-2.858547,4,616.503589
0.03278,1,616.514588
-1.892037,3,616.548675
-1.886186,3,616.583675
-2.836097,4,616.632674
-1.879583,3,616.667675
-1.855603,3,616.701675
-1.887415,3,616.736676
-0.933962,2,616.762675
-1.883167,3,616.796675
-1.865485,3,616.831675
-2.876112,4,616.877184
-2.874585,4,616.927184
-0.920424,2,616.948185
-2.830214,4,616.987184
-1.862508,3,617.021184
-0.94416,2,617.047185
-1.890557,3,617.081183
-0.929181,2,617.104186
-1.907466,3,617.156185
-1.875902,3,617.216185
-2.823816,4,617.271185
-2.838572,4,617.317184
-1.881971,3,617.352184
-1.87351,3,617.390184
-1.903133,3,617.424184
-2.84092,4,617.476185
-1.882464,3,617.512186
-2.877797,4,617.561184
-1.888812,3,617.594184
-1.89659,3,617.628185
-2.827611,4,617.675184
-1.869362,3,617.712185
-2.824845,4,617.756185
-1.904532,3,617.788184
-2.835642,4,617.832184
-1.905498,3,617.869184
-0.919302,2,617.891186
-0.921631,2,617.914184
0.048413,1,617.926184
-0.9248,2,617.950184
-0.922137,2,617.976183
-2.832098,4,618.021187
-0.938604,2,618.045691
0.033169,1,618.060692
-2.86344,4,618.106692
-0.910027,2,618.130692
-2.861849,4,618.175691
-1.878474,3,618.216692
-1.867815,3,618.249692
-2.842134,4,618.293692
-0.909954,2,618.316692
0.017034,1,618.330691
-0.908726,2,618.350691
-1.874599,3,618.382693
0.039805,1,618.393692
-1.866082,3,618.431691
-2.838075,4,618.476692
-1.865956,3,618.512691
-2.868521,4,618.558692
-2.870018,4,618.606692
-3.798263,5,618.663691
0.024327,1,618.674692
-0.907419,2,618.697692
-0.918358,2,618.724692
-0.925698,2,618.747692
-0.930378,2,618.769692
-0.928937,2,618.790692
-1.884949,3,618.826691
-1.898877,3,618.863753
-1.89152,3,618.896753
0.039417,1,618.908752
-0.903174,2,618.932754
-2.850781,4,618.984167
-0.937923,2,619.006169
-0.931036,2,619.026167
-2.834938,4,619.077167
-2.863623,4,619.121167
-2.851115,4,619.164171
-0.922574,2,619.188678
-0.91457,2,619.214679
-1.878607,3,619.248678
-0.915939,2,619.271678
-1.891071,3,619.304679
-1.87169,3,619.340679
-0.918373,2,619.364678
-2.837787,4,619.409679
-0.936631,2,619.431678
-2.847771,4,619.480678
-1.879544,3,619.514678
-1.886261,3,619.548678
-1.892976,3,619.582678
-0.924173,2,619.60868
-1.861875,3,619.643678
-2.830699,4,619.689191
-1.879382,3,619.721542
-1.902638,3,619.760544
-2.844275,4,619.804543
-2.871607,4,619.850543
-2.805461,4,619.896544
-2.85223,4,619.946543
-1.886229,3,619.982546
-2.854839,4,620.030543
-0.915287,2,620.055542
-1.887572,3,620.090543
-1.872494,3,620.121543
-1.872851,3,620.152542
-0.916786,2,620.175542
-2.838105,4,620.221543
-1.898916,3,620.255544
-1.862507,3,620.288543
-1.906805,3,620.323053
-2.848168,4,620.372053
-1.888344,3,620.407052
-0.931332,2,620.428052
-0.904637,2,620.449053
-1.894084,3,620.485224
-2.86899,4,620.529224
-2.86605,4,620.578225
-2.831081,4,620.624223
-1.883898,3,620.660224
-1.891264,3,620.695224
-1.882269,3,620.729226
-1.852446,3,620.764224
-2.825783,4,620.812224
-1.892414,3,620.845224
-2.840899,4,620.889224
-0.937423,2,620.911224
0.041975,1,620.925224
-2.856228,4,620.969224
-2.8475,4,621.017225
-2.858382,4,621.062315
-1.873865,3,621.099315
-1.890959,3,621.135315
-2.835208,4,621.180371
0.032723,1,621.19137
-0.906415,2,621.216372
-1.869221,3,621.251371
-2.83641,4,621.295668
-0.923195,2,621.315666
-2.850908,4,621.364667
-0.906281,2,621.388668
-0.928619,2,621.411667
-2.872259,4,621.455671
-2.830414,4,621.506178
-1.892036,3,621.539176
-2.841469,4,621.585179
-0.910155,2,621.608176
-1.901122,3,621.645177
-2.863692,4,621.688177
0.039704,1,621.699177
-2.850813,4,621.743179
-1.86183,3,621.782176
-0.918124,2,621.805177
-1.896267,3,621.840486
-1.871092,3,621.875485
0.03513,1,621.890486
-2.859924,4,621.934486
-0.929729,2,621.955486
-1.865401,3,621.990486
-1.88322,3,622.029486
-1.900082,3,622.064486
-1.86798,3,622.097487
-0.919393,2,622.119486
-2.815242,4,622.1728
-0.927411,2,622.1968
0.027673,1,622.2088
-0.935595,2,622.2318
0.034098,1,622.2458
-2.86094,4,622.290799
-1.875715,3,622.327801
-1.892169,3,622.386801
-0.928381,2,622.421802
-1.909902,3,622.462978
-0.937719,2,622.488977
-1.889556,3,622.525044
0.030876,1,622.540044
-0.928946,2,622.562043
0.031598,1,622.574179
-1.892884,3,622.608685
-2.884209,4,622.660686
-1.887784,3,622.701685
-1.881942,3,622.737684
-2.854991,4,622.780686
0.038669,1,622.794685
0.039235,1,622.807684
-2.870385,4,622.852685
-1.890277,3,622.884686
-0.924487,2,622.910686
-1.894023,3,622.944685
-2.847781,4,622.989686
-0.909209,2,623.012685
-0.925774,2,623.038686
-1.860095,3,623.073686
-1.867471,3,623.105685
-1.857213,3,623.141685
-0.919232,2,623.166686
-2.834324,4,623.209921
0.039324,1,623.220924
-0.936912,2,623.248011
-0.92987,2,623.27501
-1.899114,3,623.305011
-0.930493,2,623.32601
-1.868764,3,623.35901
-0.921962,2,623.400012
-3.842697,5,623.482013
-0.933503,2,623.508012
-0.924112,2,623.531116
-1.887719,3,623.570115
-0.922901,2,623.596281
-0.930637,2,623.618281
-0.905337,2,623.639281
-0.929654,2,623.665282
-2.849383,4,623.716282
-2.859257,4,623.766791
-1.89982,3,623.798792
-0.922043,2,623.824791
-0.94272,2,623.847794
-2.836436,4,623.893791
-1.872869,3,623.929792
0.045162,1,623.944791
-1.875821,3,623.976791
-1.873809,3,624.008791
-0.927256,2,624.033791
-2.828283,4,624.081791
-0.924048,2,624.104793
-2.833531,4,624.150791
-2.825602,4,624.194791
-0.918105,2,624.220791
0.035818,1,624.232792
-0.913161,2,624.254791
-0.916824,2,624.275792
-2.835507,4,624.323791
-0.938833,2,624.347791
-2.847118,4,624.391794
-1.883775,3,624.425791
-2.866327,4,624.478791
-1.899975,3,624.511792
-1.878056,3,624.546791
-1.89894,3,624.581791
-2.831509,4,624.629791
-1.884413,3,624.662792
-1.846704,3,624.699792
-0.914228,2,624.720791
-1.902941,3,624.757791
-0.917398,2,624.781791
-1.902674,3,624.815791
-1.890367,3,624.849792
-1.885459,3,624.885796
-1.897722,3,624.922303
-1.871364,3,624.956364
-0.935304,2,624.980365
-1.870543,3,625.016365
-2.826074,4,625.059365
-1.864849,3,625.092365
-0.925956,2,625.116371
0.045826,1,625.131364
-0.943642,2,625.154365
-2.840472,4,625.200364
-1.853726,3,625.237483
-0.924463,2,625.262482
-1.896877,3,625.293483
-0.934357,2,625.315483
0.039512,1,625.327483
-2.804241,4,625.377482
-0.916526,2,625.401482
-2.856472,4,625.448483
-0.933507,2,625.475483
-2.816745,4,625.524483
-1.882505,3,625.559482
-0.907985,2,625.580578
-2.870187,4,625.625577
-2.845334,4,625.674915
-1.875366,3,625.707914
-1.88516,3,625.740914
-1.873725,3,625.771914
-1.858549,3,625.810915
-1.872089,3,625.843914
-2.833694,4,625.893915
-1.874878,3,625.926915
-2.851202,4,625.974916
-2.824899,4,626.018914
-1.873715,3,626.055423
-0.914975,2,626.077422
-0.914374,2,626.106424
-0.916637,2,626.129423
-1.868561,3,626.160424
-2.855324,4,626.203423
-1.874814,3,626.240422
-0.917874,2,626.262422
-0.924263,2,626.283422
-1.884624,3,626.316423
-2.850349,4,626.366423
-0.915102,2,626.388422
-1.860298,3,626.420423
0.04735,1,626.431485
-2.836869,4,626.478486
-1.877046,3,626.537386
-1.930345,3,626.588387
-1.861155,3,626.630387
-1.896221,3,626.670385
-1.875489,3,626.704387
-0.912821,2,626.729387
-0.925872,2,626.753386
-1.897651,3,626.790386
0.024477,1,626.803387
-1.856257,3,626.840387
-2.814013,4,626.890386
0.038582,1,626.905386
-0.91863,2,626.927386
0.036181,1,626.939386
-1.857685,3,626.976387
-0.917121,2,627.001386
-1.887307,3,627.033386
-2.819375,4,627.078386
-2.866175,4,627.123386
-0.924682,2,627.150388
0.042209,1,627.160385
-2.865201,4,627.205894
-2.864323,4,627.250104
-1.906326,3,627.287104
0.032266,1,627.299104
-0.933564,2,627.319103
-1.902431,3,627.352103
-2.821862,4,627.399103
-1.878366,3,627.433103
-1.865902,3,627.469103
-2.828246,4,627.530104
-1.899365,3,627.587105
-2.873205,4,627.642104
-2.86136,4,627.689104
-1.889368,3,627.725104
-1.842871,3,627.763103
-0.922065,2,627.785103
0.046423,1,627.797103
-2.856072,4,627.849103
-0.924101,2,627.878103
-0.917642,2,627.900103
-2.863365,4,627.944103
-1.897587,3,627.979103
-1.884831,3,628.019103
-1.887609,3,628.053103
-1.883587,3,628.088103
-0.929485,2,628.108103
-1.892982,3,628.144104
0.0263,1,628.156103
-1.90655,3,628.192105
-2.851495,4,628.235104
0.028216,1,628.250104
-1.886852,3,628.286104
-2.847154,4,628.33261
-0.925686,2,628.355613
0.031899,1,628.369613
-2.835298,4,628.418613
-0.938723,2,628.440613
-1.865119,3,628.474613
-2.836127,4,628.523613
-1.896228,3,628.555613
-2.875711,4,628.598613
-1.871718,3,628.634614
-0.92707,2,628.659614
0.030165,1,628.669613
-0.928842,2,628.693613
-1.859219,3,628.726612
-3.813145,5,628.785709
-1.877881,3,628.818708
-1.87293,3,628.852708
-0.922541,2,628.874709
-1.871777,3,628.912709
-1.891277,3,628.946708
-1.867395,3,628.978774
0.030189,1,628.988776
-1.872647,3,629.021774
-2.825979,4,629.062774
-0.899431,2,629.081773
-1.88279,3,629.109773
-1.874668,3,629.150774
-1.906553,3,629.186774
-1.892156,3,629.223774
-0.920786,2,629.249775
0.040938,1,629.267774
-1.89148,3,629.307774
-1.899854,3,629.338773
-1.865606,3,629.377774
-2.84005,4,629.429909
-0.916193,2,629.450908
-1.866097,3,629.492419
-1.876404,3,629.532419
-0.923182,2,629.559419
-1.876584,3,629.592419
0.046917,1,629.606418
-1.901615,3,629.641418
-1.896426,3,629.680419
-1.894844,3,629.717419
-1.884119,3,629.75142
-0.907728,2,629.775418
-0.917195,2,629.807418
-1.884537,3,629.851418
-2.835245,4,629.897418
-2.816956,4,629.952418
-0.933944,2,629.979427
0.03847,1,629.994419
-1.882727,3,630.028418
-1.861005,3,630.062419
-0.918223,2,630.089419
-0.923931,2,630.11342
-1.877396,3,630.169419
-1.900741,3,630.219419
-3.824833,5,630.292421
-1.892312,3,630.329418
-0.920304,2,630.352418
-1.866473,3,630.386419
-2.836084,4,630.441418
-0.933603,2,630.463419
-2.866796,4,630.53142
-2.857087,4,630.581419
-1.874035,3,630.622928
-1.900452,3,630.66307
-2.848679,4,630.713164
-1.908222,3,630.748484
-0.931371,2,630.780483
-1.880064,3,630.820483
-1.888914,3,630.854483
-2.877375,4,630.899484
-0.92572,2,630.926483
-0.928535,2,630.947483
-1.859516,3,630.983483
-0.930325,2,631.007483
-0.91534,2,631.040483
-0.929756,2,631.072484
-1.903872,3,631.109483
-1.894589,3,631.146483
-1.879209,3,631.181483
-1.894424,3,631.213483
0.02356,1,631.225483
-1.868341,3,631.263484
-1.872968,3,631.298484
-0.917528,2,631.326483
-1.859116,3,631.362484
-1.858054,3,631.396483
-2.857681,4,631.450482
0.038854,1,631.466483
-2.824935,4,631.511484
-0.938716,2,631.535484
-1.906809,3,631.576483
-1.876396,3,631.613483
-14.828192,16,631.810992
-0.927039,2,631.833092
-1.899605,3,631.872092
-0.936496,2,631.895092
-1.893253,3,631.933093
-2.816119,4,631.986094
-2.864324,4,632.037092
-2.855833,4,632.084092
-2.843313,4,632.140092
-1.903135,3,632.187092
-1.894773,3,632.233092
-1.875023,3,632.275093
-2.835621,4,632.324203
-0.932025,2,632.348431
-1.862174,3,632.384433
-2.858776,4,632.432431
-2.830959,4,632.480433
0.035149,1,632.492433
-1.898094,3,632.537432
-1.888905,3,632.572431
-0.903295,2,632.595616
-1.896859,3,632.638615
-1.862079,3,632.681615
-1.884165,3,632.717616
-1.89252,3,632.754616
0.023265,1,632.764615
-1.870088,3,632.812616
-1.885945,3,632.847616
-2.84217,4,632.895122
-1.882692,3,632.941125
-1.898063,3,632.981125
-1.891012,3,633.013125
-1.895528,3,633.049125
-0.915437,2,633.079124
-1.904476,3,633.127125
-0.912828,2,633.151126
-2.865483,4,633.196126
-2.827229,4,633.245125
-0.908765,2,633.275125
-2.853871,4,633.327124
-1.896125,3,633.375124
-2.86592,4,633.433125
-2.81109,4,633.483125
-1.877699,3,633.513125
0.015729,1,633.525124
-1.871437,3,633.564125
-2.835589,4,633.629124
-2.832216,4,633.686124
-3.828359,5,633.745752
-1.88374,3,633.798945
-0.934229,2,633.827944
-0.924076,2,633.857945
-2.837118,4,633.909944
-1.874118,3,633.941945
-2.836339,4,633.996945
-0.905046,2,634.018945
-1.852792,3,634.059453
-2.838145,4,634.118453
-0.909087,2,634.145454
-2.848004,4,634.194453
-1.87752,3,634.232455
-0.935588,2,634.262453
0.04127,1,634.277453
-2.845209,4,634.329453
-0.929648,2,634.358453
-1.867014,3,634.391453
-1.888167,3,634.431453
-1.903831,3,634.468453
0.036355,1,634.479577
-2.833892,4,634.529577
-1.88084,3,634.57995
-2.828554,4,634.636957
-1.888267,3,634.67995
-1.857474,3,634.719951
-0.930291,2,634.74895
-1.878513,3,634.78795
-2.857433,4,634.836951
-0.923223,2,634.86295
0.039718,1,634.88495
-1.871013,3,634.92695
-1.86763,3,634.96304
-0.924271,2,634.99404
0.022553,1,635.01204
-1.868977,3,635.047039
0.043045,1,635.05804
0.040752,1,635.071041
-1.876216,3,635.117039
-0.921651,2,635.14304
-1.868495,3,635.176546
0.027157,1,635.189547
-0.918742,2,635.222549
-1.887265,3,635.257549
0.042,1,635.269551
-2.849304,4,635.315547
-2.820363,4,635.367547
-0.915067,2,635.392547
-2.839139,4,635.444667
-1.90463,3,635.477668
-1.8597,3,635.516668
-0.900658,2,635.539668
-0.921389,2,635.567667
-0.910222,2,635.59574
-0.911706,2,635.62374
-0.925201,2,635.648741
-2.834239,4,635.70074
-1.880176,3,635.73974
-0.932306,2,635.77274
-2.822775,4,635.817825
-1.906936,3,635.850824
0.03264,1,635.863824
0.039773,1,635.882825
-1.882325,3,635.917825
-1.872723,3,635.953825
0.040248,1,635.965824
-1.874948,3,636.007824
-1.8645,3,636.039825
-2.857593,4,636.087826
-2.87087,4,636.133825
-1.848068,3,636.169825
-2.849593,4,636.214824
-2.838687,4,636.262825
-1.875987,3,636.29583
0.035224,1,636.311335
0.038041,1,636.324334
-0.929995,2,636.346628
-1.895298,3,636.401628
-0.913928,2,636.443628
-2.834982,4,636.499628
0.021773,1,636.511627
-2.869887,4,636.557627
-1.877541,3,636.596627
-2.812871,4,636.645713
0.027609,1,636.658714
-0.921081,2,636.681865
-0.925711,2,636.709866
-1.884974,3,636.748864
-2.844703,4,636.792866
-2.843832,4,636.837865
-1.874097,3,636.873865
-1.903339,3,636.906865
-1.863144,3,636.940866
-2.838085,4,636.988865
-1.861602,3,637.024865
-1.843891,3,637.056865
-2.831534,4,637.104866
-1.884739,3,637.138865
0.039517,1,637.153866
-2.825388,4,637.197865
-2.830742,4,637.243867
0.04016,1,637.253865
-2.82799,4,637.302865
-1.874459,3,637.336865
-1.88198,3,637.368867
-0.917125,2,637.389864
0.042897,1,637.406865
-1.888723,3,637.440864
-0.915897,2,637.463374
-2.860153,4,637.514374
-0.938139,2,637.543373
-1.899325,3,637.577373
-1.860917,3,637.613594
-2.846107,4,637.658715
-1.866037,3,637.695714
-1.8871,3,637.729713
-0.938667,2,637.752714
-2.8646,4,637.795714
-0.91681,2,637.821714
-2.839116,4,637.866713
-2.821301,4,637.917063
-2.841848,4,637.989064
-0.91911,2,638.023063
-1.861197,3,638.067064
-2.852164,4,638.115063
-2.865276,4,638.163063
-0.925374,2,638.189063
-0.916286,2,638.213064
0.037435,1,638.227062
-1.853973,3,638.261062
-0.919125,2,638.290063
-1.891594,3,638.324063
-1.897406,3,638.358062
-0.928937,2,638.381063
-2.857994,4,638.429063
-1.88198,3,638.463063
-1.891168,3,638.499063
-1.858123,3,638.532063
-2.864568,4,638.579063
-0.927566,2,638.603574
0.034882,1,638.619573
0.02764,1,638.630573
-2.829294,4,638.680665
-2.850352,4,638.725666
-0.915754,2,638.748666
0.027276,1,638.759665
-1.873268,3,638.795788
-2.831398,4,638.841789
-2.822428,4,638.884788
-2.80919,4,638.931788
-0.903384,2,638.957788
-1.891599,3,638.99379
-1.886026,3,639.030791
-1.875569,3,639.067788
-0.915908,2,639.092788
-2.835058,4,639.138789
-0.943153,2,639.163787
-0.925061,2,639.185788
0.038617,1,639.200788
-2.823339,4,639.247788
-1.865238,3,639.281789
-1.909352,3,639.312788
-1.903771,3,639.350789
-2.820196,4,639.398787
-1.85597,3,639.431788
-2.853377,4,639.477873
-2.804322,4,639.524873
-2.837499,4,639.568874
-0.934974,2,639.593874
-1.863498,3,639.625873
-2.814762,4,639.674143
-1.867744,3,639.709144
-1.880698,3,639.741649
-0.923599,2,639.764779
-2.810477,4,639.813779
-2.858097,4,639.856778
-3.816904,5,639.914112
-2.857854,4,639.960112
-0.908038,2,639.985111
-2.856351,4,640.031113
-1.858574,3,640.063112
-1.901727,3,640.093113
-0.934365,2,640.120112
-2.820732,4,640.167111
-2.868098,4,640.214112
-2.836696,4,640.259112
0.044485,1,640.276112
-1.872817,3,640.309112
-0.92378,2,640.332113
-1.885043,3,640.367112
0.040198,1,640.382114
-1.886252,3,640.413114
0.0244,1,640.424112
-2.83603,4,640.470112
-2.841672,4,640.533544
0.027758,1,640.549544
-0.905548,2,640.585543
-0.924941,2,640.612544
-2.855837,4,640.667541
-0.911818,2,640.691542
-1.869577,3,640.725543
-1.87255,3,640.758541
-1.898487,3,640.799543
-1.900336,3,640.839542
-1.868133,3,640.877542
-0.938896,2,640.902056
-2.871734,4,640.954313
-1.897734,3,640.990312
-1.886211,3,641.024313
-1.890167,3,641.056314
-1.866475,3,641.094313
-1.86344,3,641.131821
-1.898363,3,641.165327
-0.927799,2,641.188328
-1.896903,3,641.22633
-2.844324,4,641.272327
-1.872201,3,641.304328
-2.87643,4,641.350327
0.030521,1,641.364327
-0.907104,2,641.385328
-2.83307,4,641.429327
-0.919877,2,641.454328
-0.92411,2,641.479327
-1.889635,3,641.513329
0.033796,1,641.526327
-0.92156,2,641.552327
0.029347,1,641.567327
-1.89909,3,641.600328
0.032529,1,641.611327
-2.862799,4,641.656327
-1.877308,3,641.696327
-0.919436,2,641.717327
-2.83863,4,641.760327
0.043912,1,641.772327
0.038402,1,641.787328
0.031004,1,641.798327
-0.906186,2,641.821327
0.030235,1,641.832327
-1.875717,3,641.870328
-2.837716,4,641.916327
-1.880212,3,641.950328
0.035664,1,641.962328
0.031133,1,641.976327
-0.940004,2,641.999328
-1.899773,3,642.031837
-0.920642,2,642.058837
0.03225,1,642.072837
-1.874428,3,642.105837
-1.906932,3,642.136837
0.0242,1,642.145837
-0.904274,2,642.172838
-2.803636,4,642.219993
0.043213,1,642.230993
-1.89717,3,642.265993
-1.891808,3,642.306993
-2.809654,4,642.353299
-1.876162,3,642.3873
-1.854603,3,642.420299
-2.85321,4,642.471299
-0.921324,2,642.497299
-2.834196,4,642.5433
-1.871156,3,642.574299
-1.896439,3,642.6123
-2.832008,4,642.657479
-0.911956,2,642.680478
-1.901509,3,642.715477
0.033564,1,642.731478
-0.923216,2,642.753478
-1.880775,3,642.790477
-0.93307,2,642.812479
-1.888903,3,642.85048
-0.922996,2,642.872477
-0.91739,2,642.896477
-2.871975,4,642.943478
-1.889311,3,642.982478
-0.916961,2,643.004478
-1.91076,3,643.036477
-1.859042,3,643.070478
-0.924163,2,643.099477
-2.8435,4,643.142477
0.018719,1,643.153478
-1.87771,3,643.190984
-1.878342,3,643.227984
-1.877222,3,643.259104
-0.91747,2,643.282105
0.036613,1,643.294104
-1.877397,3,643.333105
-2.817021,4,643.378104
-0.923549,2,643.399104
-1.889689,3,643.433104
-1.880241,3,643.469197
-0.928598,2,643.492196
-4.822065,6,643.56232
-1.888995,3,643.59632
-0.918221,2,643.638321
-1.861478,3,643.690321
-0.917195,2,643.717322
-1.905753,3,643.758321
-0.935587,2,643.786319
-2.85494,4,643.831321
-1.898184,3,643.865319
-1.87987,3,643.901319
-1.859236,3,643.939319
-1.861326,3,643.98532
-2.853964,4,644.034319
-0.930987,2,644.059319
-2.8387,4,644.10932
-2.82748,4,644.192521
-0.909315,2,644.218521
-0.920413,2,644.244521
-1.869027,3,644.29052
-0.90476,2,644.316028
0.03532,1,644.332028
-1.883337,3,644.363029
-1.893363,3,644.400029
-0.908946,2,644.426029
0.040538,1,644.439028
-2.834379,4,644.489028
0.039249,1,644.505028
-1.874663,3,644.53803
-1.868379,3,644.572028
-2.874552,4,644.617029
-1.878928,3,644.65303
0.035455,1,644.664029
-1.875036,3,644.700035
-1.881085,3,644.736028
-1.895179,3,644.77603
-2.840577,4,644.820031
-1.877855,3,644.852028
-1.874706,3,644.884029
0.034791,1,644.900029
-1.867039,3,644.937029
-2.863831,4,644.984029
-1.903208,3,645.017028
-2.878876,4,645.066028
-0.925753,2,645.088028
-2.84012,4,645.131113
-1.877982,3,645.165166
-1.899029,3,645.203166
-1.904615,3,645.236264
-0.914941,2,645.259264
-1.884871,3,645.295264
-1.872147,3,645.332265
-0.913304,2,645.355265
0.034616,1,645.366264
-1.910025,3,645.400265
-1.874105,3,645.436266
-2.835831,4,645.483386
-2.835377,4,645.529385
-1.890458,3,645.564386
-1.858842,3,645.607386
-1.911172,3,645.640385
-1.874741,3,645.670386
-2.844402,4,645.714388
-2.869384,4,645.764688
-3.792448,5,645.821915
-1.86552,3,645.857916
-1.847432,3,645.891916
-2.831531,4,645.941917
0.037656,1,645.953917
-2.884122,4,645.999056
-0.930208,2,646.022161
0.041356,1,646.037161
-9.806038,11,646.166161
-2.850458,4,646.210161
-0.927204,2,646.233161
-2.851283,4,646.282249
-0.920076,2,646.307248
-0.924806,2,646.328248
-1.888216,3,646.360248
-1.897852,3,646.398248
-0.937018,2,646.422248
-2.858276,4,646.468373
0.039698,1,646.481374
-2.818868,4,646.530373
-1.90027,3,646.562373
-0.907022,2,646.584374
-2.81499,4,646.628883
-1.895055,3,646.664882
-1.874163,3,646.701884
-1.896408,3,646.767884
0.035632,1,646.783884
0.034931,1,646.801883
-1.854263,3,646.839883
0.039146,1,646.851884
-1.866825,3,646.889884
-2.880425,4,646.938883
-2.836621,4,646.984883
-1.886974,3,647.020884
-1.892242,3,647.059883
-2.860286,4,647.107883
-1.907201,3,647.139883
-1.859457,3,647.173884
-1.906275,3,647.208883
-1.887436,3,647.245884
0.034992,1,647.258882
-2.821778,4,647.303883
-0.937446,2,647.325883
-3.801612,5,647.386883
-2.824061,4,647.433883
-1.895016,3,647.465883
-1.897473,3,647.500883
-1.888713,3,647.537884
-1.88429,3,647.571883
-0.905004,2,647.595884
0.033894,1,647.606883
-2.875997,4,647.653883
-2.87194,4,647.700884
-1.88628,3,647.735883
-0.937575,2,647.757886
-1.888986,3,647.795393
-1.875925,3,647.830393
-1.856007,3,647.863393
-1.866108,3,647.894394
-1.849964,3,647.932393
-2.860769,4,647.977393
-0.933726,2,647.999392
-1.863009,3,648.034393
-0.905572,2,648.060393
-1.892581,3,648.091393
-1.885212,3,648.122393
-2.835989,4,648.168392
-1.868344,3,648.207393
-1.898877,3,648.241392
-2.847681,4,648.287393
-1.859696,3,648.320467
-0.916828,2,648.346466
-2.839602,4,648.394466
-1.881903,3,648.428466
-1.887198,3,648.464466
-1.892995,3,648.501467
-4.799781,6,648.564609
0.035522,1,648.576609
-1.873501,3,648.608609
-1.889773,3,648.645609
0.030516,1,648.65661
-1.877999,3,648.689608
-6.800801,8,648.779695
-1.864537,3,648.823693
-1.852704,3,648.858693
-1.882261,3,648.891696
-1.87942,3,648.928202
0.010393,1,648.944203
0.037617,1,648.955202
-1.888474,3,648.989203
-1.887541,3,649.025203
-2.876491,4,649.072202
-2.83644,4,649.118202
0.022072,1,649.130203
-1.883341,3,649.163203
-0.922712,2,649.190202
-1.877208,3,649.223202
0.030168,1,649.235202
-1.856132,3,649.270203
-0.903645,2,649.312202
0.039049,1,649.331204
