#{"t_start": 1777808548.4499207, "env_id": "FetchReach-v4"}
r,l,t
-83.470791,50,0.944076
-76.190045,50,0.990076
-4.708655,5,0.994076
-66.147621,50,1.030075
-66.294044,50,1.068076
-67.601561,50,1.103076
-26.367077,23,1.122078
-66.535629,50,1.157584
-67.706292,50,1.198582
-65.879856,50,1.237582
-71.240594,50,1.278584
-65.332249,50,1.317582
-77.178544,50,1.360583
-63.191701,50,1.397582
-10.873249,10,1.405582
-33.740074,27,1.425582
-78.789576,50,1.467582
-68.118667,50,1.504582
-13.145438,12,1.513582
-75.095505,50,1.552585
-51.581784,41,1.585582
-64.643649,50,1.621583
-72.030685,50,1.661582
-76.047316,50,1.696583
-75.038713,50,1.735582
-65.400312,50,1.774583
-67.61782,50,1.809583
-66.774275,50,1.845582
-63.676526,50,1.885582
-84.745977,50,1.923583
-79.803062,50,1.957582
-81.523199,50,1.994582
-72.581708,50,2.032583
-64.681548,50,2.068582
-71.416166,50,2.105582
-74.942839,50,2.143582
-66.005131,50,2.182582
-74.570797,50,2.218582
-73.355891,50,2.255088
-83.248686,50,2.290094
-67.971689,50,2.329093
-63.58941,50,2.365274
-74.661899,50,2.404273
-11.643932,11,2.412273
-16.009599,14,2.426273
-62.725297,50,2.461274
-45.511413,36,2.485274
-74.048973,50,2.521273
-66.481297,50,2.560273
-75.334422,50,2.598273
-80.619436,50,2.633273
-63.141068,50,2.670273
-72.644111,50,2.712274
-63.973855,50,2.747275
-69.692998,50,2.785352
-75.877494,50,2.820352
-70.792499,50,2.860353
-70.733881,50,2.898353
-63.77651,50,2.932351
-74.457408,50,2.968352
-16.311712,14,2.982352
-54.222346,46,3.015353
-65.451464,50,3.051352
-66.763023,50,3.088352
-66.355338,50,3.131352
-68.008098,50,3.167352
-68.88759,50,3.203352
-81.469874,50,3.237422
-69.670358,50,3.278422
-69.747013,50,3.313423
-17.650079,15,3.324421
-67.254724,50,3.363773
-74.499359,50,3.415283
-80.1127,50,3.456408
-80.75079,50,3.498406
-75.128034,50,3.535536
-72.663863,50,3.575883
-67.48435,50,3.614883
-75.885049,50,3.651883
-67.547117,50,3.686883
-70.474313,50,3.724883
-65.964735,50,3.762885
-70.19878,50,3.797884
-62.276899,50,3.831884
-68.005229,50,3.879883
-74.105436,50,3.916883
-34.623045,27,3.937885
-20.866161,18,3.950883
-5.830772,6,3.957883
-79.907223,50,4.003885
-69.000771,50,4.039883
-66.200739,50,4.075884
-73.253778,50,4.114883
-65.286512,50,4.149884
-76.532549,50,4.195883
-68.761912,50,4.234884
-65.319891,50,4.333884
-75.053813,50,4.378884
-69.646728,50,4.423883
-70.776585,50,4.462883
-79.076765,50,4.501883
-16.011679,14,4.512883
-45.824446,37,4.539883
-79.465602,50,4.577394
-65.549403,50,4.624395
-76.05687,50,4.667395
-9.612482,9,4.674395
-80.152874,50,4.710395
-65.607505,50,4.760395
-74.475638,50,4.797395
-65.036021,50,6.920279
-78.826364,50,7.440279
-63.356044,50,7.96028
-80.960696,50,8.47535
-5.962141,6,8.536351
-63.869695,50,9.053352
-72.062906,50,9.569631
-64.290714,50,10.084538
-70.249895,50,10.675281
-79.66199,50,11.18812
-71.663641,50,11.732242
-67.544892,50,12.250237
-69.846222,50,12.772577
-9.280859,9,12.866577
-68.063276,50,13.379575
-67.503069,50,13.910086
-78.229315,50,14.427833
-72.867735,50,14.943833
-77.339554,50,15.459945
-33.228349,29,15.752945
-75.749162,50,16.266455
-64.420772,50,16.786642
-9.882733,9,16.880087
-17.916988,16,17.04809
-79.528357,50,17.559696
-71.860634,50,18.07515
-70.769611,50,18.589741
-73.860213,50,19.097925
-70.919844,50,19.612054
-66.188312,50,20.125061
-69.249886,50,20.647341
-67.282709,50,21.170225
-70.158746,50,21.699227
-69.578395,50,22.229285
-2.423438,3,22.262285
-68.58753,50,22.773718
-69.3818,50,23.285299
-73.494598,50,23.794611
-50.34711,43,24.196711
-64.832308,50,24.64071
-69.833288,50,25.082711
-0.048686,1,25.09171
-70.757084,50,25.553672
-66.108757,50,26.102672
-70.276867,50,26.652339
-80.27812,50,27.185615
-35.736423,29,27.492615
-86.443773,50,28.022062
-71.37969,50,28.538063
-5.963897,6,28.601062
-0.062344,1,28.618063
-12.762329,12,28.749062
-68.865411,50,29.289812
-66.866479,50,29.810952
-64.619478,50,30.356881
-81.328848,50,30.877382
-67.984558,50,31.398366
-63.477213,50,31.935366
-72.794458,50,32.466875
-86.942569,50,32.994732
-6.032712,6,33.057733
-73.779439,50,33.576619
-9.530934,9,33.67562
-71.171603,50,34.190161
-73.625286,50,34.704009
-71.051292,50,35.220223
-69.269638,50,35.743168
-63.177183,50,36.25569
-72.998228,50,36.772691
-66.234734,50,37.300328
-64.768033,50,37.823518
-70.369871,50,38.338027
-70.401093,50,38.855025
-63.356716,50,39.366958
-67.746244,50,39.906958
-64.031285,50,40.426837
-41.960249,35,40.792143
-70.886551,50,41.306143
-67.038458,50,41.82471
-44.638813,34,42.199314
-4.574361,5,42.254313
-70.748371,50,42.769889
-28.961506,25,43.032961
-62.575756,50,43.555721
-65.70039,50,44.07104
-24.778099,22,44.295614
-76.808547,50,44.813695
-64.335575,50,45.325938
-65.339823,50,45.844853
-60.701785,50,46.356582
-69.921809,50,46.952584
-57.687508,47,47.541285
-62.131269,50,48.217414
-2.378763,3,48.251415
-16.635561,15,48.425923
-60.830978,50,49.056924
-65.373662,50,49.657434
-65.223267,50,50.287967
-65.792975,50,50.917476
-71.493729,50,51.554083
-65.406914,50,52.150593
-62.841964,50,52.729105
-1.21078,2,52.760104
-61.323397,50,53.36605
-37.555692,31,53.700385
-20.899386,19,53.904385
-62.478344,50,54.434055
-47.0921,40,54.862015
-20.927066,18,55.050114
-66.496315,50,55.579573
-51.773889,41,56.027045
-25.768355,22,56.263203
-18.331434,16,56.431843
-59.579225,50,56.954123
-68.277587,50,57.496634
-48.950179,39,57.908754
-3.49251,4,57.948754
-20.863637,18,58.136753
-63.136157,50,58.679754
-13.292211,12,58.807263
-8.030187,8,58.892263
-13.129334,12,59.017263
-54.323828,43,59.460495
-49.342098,42,59.901416
-2.34782,3,59.932416
-60.771706,50,61.56785
-14.345413,13,61.70785
-13.9567,13,61.843026
-26.347547,23,62.082025
-62.545705,50,62.617139
-60.302029,50,63.139139
-8.246737,8,63.221139
-62.153073,50,63.734219
-5.88968,6,63.796219
-60.718651,50,64.313219
-33.403438,28,64.605877
-59.674589,50,65.123404
-17.395906,15,65.279403
-64.763588,50,65.797915
-34.133328,29,66.095913
-9.957067,9,66.185913
-56.218777,48,66.681668
-19.756514,18,66.87566
-27.336828,23,67.11076
-36.667317,32,67.441414
-53.938541,45,67.910341
-60.179907,50,68.436547
-3.558209,4,68.477549
-9.353509,9,68.569547
-14.500632,13,68.715547
-47.076716,40,69.130517
-10.738694,10,69.232516
-44.607805,39,69.634018
-17.922858,15,69.787018
-20.772668,18,69.989018
-1.229988,2,70.01002
-49.248268,41,70.436672
-2.454526,3,70.471672
-6.049073,6,70.537672
-3.515359,4,70.578672
-17.902372,16,70.742673
-7.372818,7,70.814672
-49.349641,43,71.264181
-2.424199,3,71.294293
-45.31569,39,71.700513
-13.297214,12,71.822582
-13.176467,12,71.950583
-24.850937,21,72.169705
-15.696269,14,72.316964
-15.895437,14,72.464565
-1.203674,2,72.489564
-7.294997,7,72.572566
-6.082856,6,72.642566
-40.418382,34,72.994457
-4.80218,5,73.049458
-22.477072,20,73.261458
-17.75767,16,73.427457
-22.551894,20,73.639966
-15.43412,14,73.796254
-8.314446,8,73.880254
-26.808349,24,74.126253
-7.309838,7,74.200253
-14.281535,13,74.338253
-13.214388,12,74.461254
-2.364932,3,74.496254
-18.793915,17,74.680257
-8.114287,8,74.766763
-16.488244,15,74.921232
-22.743426,20,75.126232
-3.471673,4,75.167233
-14.120761,13,75.301233
-7.374625,7,75.372232
-3.551164,4,75.414234
-10.71317,10,75.514232
-19.018822,17,75.691233
-2.344126,3,75.725232
-48.43073,42,76.162842
-5.95345,6,76.222841
-11.983666,11,76.341048
-9.665986,9,76.434176
-4.531389,5,76.482435
-22.183545,20,76.686438
-2.504247,3,76.721435
-7.095803,7,76.789435
-13.246488,12,76.911437
-0.071968,1,76.921436
-12.126217,11,77.037947
-9.430726,9,77.128946
-0.092679,1,77.139946
-6.173342,6,77.202946
-16.342191,15,77.361024
-10.308005,10,77.464022
-5.896759,6,77.528022
-7.352542,7,77.600022
-9.258065,9,77.699197
-5.966925,6,77.759365
-7.187384,7,77.832366
-25.722618,23,78.071754
-3.526592,4,78.116755
-14.231374,13,78.250706
-1.227319,2,78.270705
-8.45709,8,78.352811
-10.694749,10,78.46181
-9.526326,9,78.554927
-0.029329,1,78.565927
-8.517515,8,78.647926
-5.103521,5,78.706928
-14.091658,13,78.840042
-35.345841,31,79.160207
-8.840105,8,79.241207
-4.774172,5,79.294599
-11.319681,11,79.411107
-9.420288,9,79.504107
-0.057146,1,79.515107
-3.631381,4,79.561107
-6.976304,7,79.635232
-23.906458,21,79.850593
-8.373222,8,79.934594
-4.781424,5,79.990593
-14.314001,13,80.120594
-7.129381,7,80.192595
-3.575453,4,80.238594
-10.735879,10,80.345594
-24.845816,22,80.579101
-4.927669,5,80.629101
-14.038903,13,80.762102
-6.009769,6,80.831102
-8.498413,8,80.921101
-7.014546,7,80.992232
-4.870203,5,81.049233
-3.514403,4,81.095233
-6.959606,7,81.172232
-5.815201,6,81.234306
-10.568141,10,81.342427
-19.317369,17,81.526604
-9.43662,9,81.624112
-3.531764,4,81.669111
-14.324395,13,81.807389
-13.356872,12,81.915389
-22.575423,20,82.098577
-3.578552,4,82.132576
-9.574758,9,82.214577
-3.562737,4,82.256578
-3.505235,4,82.294421
-2.330533,3,82.322421
-4.569391,5,82.367421
-6.099981,6,82.427526
-14.981388,14,82.55961
-7.28349,7,82.626991
-9.792725,9,82.717992
-8.460186,8,82.798498
-9.387499,9,82.878598
-4.962418,5,82.921598
-8.349581,8,82.994885
-2.337902,3,83.026885
-6.048793,6,83.079885
-17.769323,16,83.222884
-4.616756,5,83.266884
-4.786664,5,83.315885
-4.857955,5,83.359885
-4.804051,5,83.402884
-4.858653,5,83.448884
-13.970486,13,83.592886
-17.626471,16,83.757885
-3.594594,4,83.799885
-4.946341,5,83.849885
-10.926588,10,83.963847
-2.354105,3,83.995058
-5.999784,6,84.073059
-3.627277,4,84.113058
-1.267314,2,84.14106
-1.195911,2,84.16806
-4.911835,5,84.220058
-10.513904,10,84.32606
-14.908893,14,84.479058
-0.09965,1,84.489058
-8.721935,8,84.576058
-1.213921,2,84.599058
-2.380921,3,84.640058
-2.351026,3,84.670059
-10.386048,10,84.781058
-11.722997,11,84.903059
-6.982271,7,84.983058
-11.690132,11,85.098567
-0.077859,1,85.108568
-13.57543,12,85.228568
-6.073718,6,85.302567
-6.005968,6,85.367682
-7.312755,7,85.438683
-10.852093,10,85.545159
-8.015665,8,85.640161
-3.745115,4,85.68116
-2.309807,3,85.715159
-6.171023,6,85.777159
-8.428853,8,85.866159
-2.419953,3,85.89716
-3.472752,4,85.939159
-4.92251,5,85.994162
-2.441069,3,86.028159
-4.862565,5,86.08316
-4.845254,5,86.13416
-12.317133,11,86.249891
-3.605791,4,86.295889
-4.845572,5,86.347889
-3.617089,4,86.389889
-3.604829,4,86.431046
-5.091747,5,86.487401
-3.536702,4,86.5294
-1.211083,2,86.5514
-11.729386,11,86.6564
-4.967089,5,86.7124
-6.024116,6,86.784401
-8.621604,8,86.8634
-8.913044,8,86.9454
-1.213902,2,86.9714
-7.142859,7,87.0414
-1.198183,2,87.062401
-2.441735,3,87.094401
-4.936583,5,87.149401
-4.79681,5,87.1974
-7.291678,7,87.2704
-2.410499,3,87.299401
-2.305311,3,87.334401
-4.56487,5,87.38591
-5.956875,6,87.44691
-3.61436,4,87.48991
-3.81201,4,87.534912
-8.480249,8,87.61991
-2.452303,3,87.653911
-13.11894,12,87.835228
-4.653481,5,87.890507
-4.956986,5,87.943507
-0.090771,1,87.954507
-2.396963,3,87.989507
-2.420836,3,88.028507
-7.529121,7,88.104508
-4.928755,5,88.157506
-0.096816,1,88.169507
-9.311431,9,88.268507
-2.519217,3,88.301508
-4.856375,5,88.355508
-9.569034,9,88.451507
-3.67218,4,88.498506
-4.843227,5,88.552016
-4.865562,5,88.605015
-2.476127,3,88.636018
-3.564326,4,88.679088
-10.820531,10,88.782199
-9.736823,9,88.8752
-3.714439,4,88.917199
-10.900299,10,89.022199
-4.885716,5,89.075336
-3.683547,4,89.114335
-2.398883,3,89.145335
-7.267416,7,89.223335
-3.417496,4,89.263335
-4.977542,5,89.315335
-4.858978,5,89.369336
-4.7955,5,89.423336
-4.795544,5,89.474336
-2.427726,3,89.506556
-2.488173,3,89.536554
-6.108537,6,89.602554
-1.226278,2,89.624555
-2.511107,3,89.655556
-5.938188,6,89.722062
-1.222264,2,89.747063
-3.759764,4,89.790064
-2.302434,3,89.821063
-3.57971,4,89.861063
-18.572766,17,90.044234
-4.880907,5,90.095234
-3.627066,4,90.140233
-3.508687,4,90.181233
-2.450488,3,90.218233
-1.201815,2,90.238233
-4.679916,5,90.289234
-3.605885,4,90.330234
-8.44832,8,90.418233
-6.985747,7,90.49336
-2.362062,3,90.522359
-2.318362,3,90.554509
-3.667763,4,90.59775
-6.933037,7,90.667751
-7.294426,7,90.73975
-3.654915,4,90.782751
-2.368909,3,90.817259
-3.506072,4,90.859401
-5.150856,5,90.914477
-2.482108,3,90.947478
-3.666225,4,90.995476
-6.119434,6,91.058477
-3.540538,4,91.101477
-2.439903,3,91.130477
-0.048661,1,91.144477
-3.464663,4,91.182477
-2.502625,3,91.214477
-3.623366,4,91.253477
-3.569802,4,91.299542
-4.837321,5,91.350543
-3.622476,4,91.391542
-4.855367,5,91.442542
-7.125102,7,91.517542
-3.668969,4,91.560541
-1.168135,2,91.582542
-8.312705,8,91.664542
-4.897217,5,91.719542
-3.522538,4,91.761542
-3.694641,4,91.803542
-10.392522,10,91.900542
-4.852187,5,91.95405
-2.374884,3,91.988219
-2.378233,3,92.018218
-2.388256,3,92.049359
-6.945463,7,92.12636
-3.575045,4,92.166359
-3.500973,4,92.21036
-3.66263,4,92.251557
-4.816851,5,92.310558
-7.048048,7,92.380656
-1.220582,2,92.403655
-1.177624,2,92.428655
-3.739756,4,92.473656
-3.559556,4,92.516655
-4.736851,5,92.567655
-4.830118,5,92.623655
-4.922695,5,92.686655
-3.578707,4,92.737655
-7.101598,7,92.820655
-5.858435,6,92.882655
-0.041519,1,92.896655
-11.953739,11,93.009655
-3.616067,4,93.050656
-2.502547,3,93.082659
-3.626315,4,93.130164
-1.196949,2,93.150164
-4.78442,5,93.206164
-2.364339,3,93.238165
-5.993241,6,93.306165
-3.689393,4,93.348165
-2.44226,3,93.379238
-3.685826,4,93.423238
-2.394102,3,93.459239
-3.47586,4,93.498239
-3.546666,4,93.546239
-4.99417,5,93.597238
-3.607966,4,93.64424
-2.410503,3,93.674239
-3.521544,4,93.71524
-3.479427,4,93.762239
-2.393539,3,93.797238
-3.629397,4,93.84124
-2.448438,3,93.871238
-2.482755,3,93.901239
-4.816761,5,93.958238
-1.246194,2,93.980239
-4.60716,5,94.033239
-3.55979,4,94.074238
-4.767334,5,94.132239
-2.431023,3,94.164238
-3.587385,4,94.204239
-3.632197,4,94.24575
-3.647246,4,94.295749
-3.689053,4,94.335974
-2.405693,3,94.366974
-3.441105,4,94.408975
-3.618639,4,94.453974
-2.386964,3,94.484973
-7.029436,7,94.557976
-2.369095,3,94.587976
-3.827367,4,94.637974
-3.549384,4,94.678973
-4.901288,5,94.733974
-1.238891,2,94.755973
-8.324638,8,94.847973
-4.825164,5,94.898973
-2.479979,3,94.930974
-5.045096,5,94.982974
-3.592295,4,95.028974
-1.268285,2,95.050974
-5.891063,6,95.115974
-3.678674,4,95.158973
-1.227083,2,95.183974
-3.847342,4,95.224974
-3.559474,4,95.266973
-3.610839,4,95.307975
-3.671118,4,95.352973
-2.369047,3,95.387483
-2.467157,3,95.419484
-2.336339,3,95.450485
-0.093243,1,95.464483
-2.369853,3,95.497483
-2.502765,3,95.528484
-3.81123,4,95.568484
-2.311288,3,95.603483
-2.399536,3,95.633484
-5.026837,5,95.685483
-1.250474,2,95.707484
-1.256722,2,95.732484
-2.312997,3,95.766483
-2.343097,3,95.798484
-3.606995,4,95.840483
-3.499701,4,95.889484
-2.446467,3,95.922483
-4.738714,5,95.973483
-4.701639,5,96.028483
-5.927665,6,96.093483
-3.646511,4,96.134484
-3.623773,4,96.178483
-3.740484,4,96.218637
-7.172149,7,96.298636
-0.084859,1,96.309635
-3.679893,4,96.351636
-8.365358,8,96.434952
-2.326569,3,96.471952
-4.874609,5,96.530667
-2.320371,3,96.561667
-5.799641,6,96.623668
-4.87041,5,96.678183
-0.084388,1,96.690183
-2.432659,3,96.720184
-0.096129,1,96.731183
-3.590143,4,96.801184
-4.596847,5,96.892184
-3.662298,4,96.954184
-9.509389,9,97.058185
-2.503526,3,97.098183
-2.324746,3,97.132184
-1.158375,2,97.162183
-3.721547,4,97.211182
-0.047182,1,97.227185
-0.024737,1,97.239184
-2.364978,3,97.276183
-3.858443,4,97.319182
-2.374119,3,97.359183
-4.910196,5,97.410183
-3.79879,4,97.451185
-4.874157,5,97.503183
-3.637,4,97.548183
-1.207753,2,97.570183
-3.594538,4,97.612182
-2.340417,3,97.643186
-3.621478,4,97.690692
-3.6196,4,97.731693
-3.889903,4,97.772693
-1.230412,2,97.795694
-2.356842,3,97.830692
-4.852076,5,97.880799
-1.260417,2,97.90287
-0.095312,1,97.91387
-3.500366,4,97.959869
-3.584018,4,98.005109
-1.236739,2,98.026109
-3.692396,4,98.068109
-3.660016,4,98.113109
-3.643501,4,98.152295
-2.315399,3,98.183294
-2.328006,3,98.213295
-4.860562,5,98.269293
-2.293143,3,98.299294
-1.201753,2,98.321293
-3.596529,4,98.365294
-2.476862,3,98.401294
-1.169072,2,98.422293
-6.225895,6,98.483294
-0.098366,1,98.494294
-4.656708,5,98.551294
-3.758545,4,98.593293
-4.732896,5,98.645293
-3.586991,4,98.688294
-3.682614,4,98.735294
-4.841145,5,98.788294
-2.296118,3,98.821804
-2.446878,3,98.853804
-4.862571,5,98.910804
-3.587089,4,98.950868
-1.26949,2,98.971926
-4.749682,5,99.024927
-4.724534,5,99.079927
-4.672429,5,99.130927
-2.510547,3,99.159926
-2.411084,3,99.192239
-0.080219,1,99.205238
-3.586257,4,99.247238
-2.434454,3,99.277238
-5.143042,5,99.330494
-3.556597,4,99.376496
-3.607652,4,99.418495
-2.410745,3,99.450495
-3.642988,4,99.491496
-1.255652,2,99.515496
-3.752982,4,99.560495
-2.46085,3,99.591496
-0.088971,1,99.602496
-3.605311,4,99.646495
-3.739301,4,99.687495
-3.708169,4,99.727495
-4.800876,5,99.781495
-3.61061,4,99.825495
-3.478518,4,99.866496
-3.5229,4,99.908496
-3.598304,4,99.949003
-2.381066,3,99.984004
-1.240067,2,100.006004
-3.623028,4,100.047003
-0.079622,1,100.057003
-3.739286,4,100.104004
-2.338428,3,100.135003
-3.715261,4,100.176005
-2.478702,3,100.208004
-1.17628,2,100.233004
-1.221446,2,100.253003
-3.58855,4,100.292004
-0.078522,1,100.302003
-0.046754,1,100.316003
-1.182598,2,100.337003
-4.800424,5,100.388127
-1.269137,2,100.408128
-2.367842,3,100.442127
-0.086466,1,100.453127
-3.65163,4,100.493127
-2.488112,3,100.525128
-3.552834,4,100.571238
-3.726007,4,100.612238
-2.338442,3,100.646237
-1.243108,2,100.667433
-1.278862,2,100.695431
-3.713783,4,100.736036
-2.419446,3,100.769036
-3.749716,4,100.810036
-2.296003,3,100.843114
-3.624433,4,100.885113
-1.199869,2,100.908114
-3.597427,4,100.947113
-5.846639,6,101.014214
-1.14443,2,101.036213
-1.169652,2,101.057214
-3.745014,4,101.099296
-3.614017,4,101.145802
-1.224249,2,101.165805
-2.508571,3,101.197801
-0.077516,1,101.207802
-3.622694,4,101.253802
-3.582377,4,101.293802
-1.173595,2,101.316803
-3.540474,4,101.358914
-2.458118,3,101.395914
-3.739276,4,101.437912
-2.443254,3,101.467913
-3.549739,4,101.506913
-3.625103,4,101.555913
-3.466642,4,101.596913
-3.613398,4,101.638914
-3.77942,4,101.67904
-2.467181,3,101.715041
-5.866732,6,101.777041
-2.448667,3,101.80604
-2.465759,3,101.837039
-3.764344,4,101.898042
-3.702523,4,101.971042
-2.338496,3,102.010041
-2.457337,3,102.046041
-4.864387,5,102.108043
-4.802849,5,102.161118
-3.650118,4,102.209118
-2.418194,3,102.245631
-2.425533,3,102.28563
-2.422273,3,102.318629
-2.469882,3,102.35263
-2.316713,3,102.38763
-2.391157,3,102.423631
-3.709647,4,102.46563
-0.066408,1,102.476632
-3.752717,4,102.51763
-2.468997,3,102.55263
-0.076052,1,102.56363
-2.401201,3,102.59363
-1.199923,2,102.616632
-3.688264,4,102.66063
-2.396486,3,102.68963
-3.641313,4,102.731629
-3.661016,4,102.77363
-1.23901,2,102.79963
-1.251137,2,102.82063
-2.337017,3,102.853632
-2.423091,3,102.886629
-3.620071,4,102.934631
-2.383458,3,102.966629
-3.672552,4,103.007632
-2.480995,3,103.03963
-1.254763,2,103.065629
-4.798194,5,103.11563
-2.351608,3,103.14763
-6.211795,6,103.21063
-3.583035,4,103.254629
-1.157636,2,103.277632
-1.198892,2,103.29763
-4.717738,5,103.34963
-2.528878,3,103.384634
-3.708012,4,103.42714
-2.406259,3,103.457139
-3.78745,4,103.500139
-0.09627,1,103.51614
-2.549738,3,103.54614
-3.549152,4,103.588279
-3.761913,4,103.63128
-4.939551,5,103.687279
-2.334058,3,103.72028
-3.602501,4,103.76128
-2.435702,3,103.79128
-3.730959,4,103.83728
-3.566863,4,103.881279
-3.685904,4,103.924354
-1.217381,2,103.947354
-2.454658,3,103.984354
-3.688725,4,104.026353
-2.407833,3,104.058527
-3.608991,4,104.10763
-2.411623,3,104.144631
-2.415673,3,104.17763
-1.156033,2,104.197631
-3.635175,4,104.237631
-2.334046,3,104.274632
-0.058014,1,104.285631
-3.63689,4,104.325631
-3.512281,4,104.366875
-1.219578,2,104.391875
-3.640491,4,104.432874
-2.484479,3,104.463874
-2.404085,3,104.495874
-2.454483,3,104.533384
-6.076981,6,104.600381
-0.035946,1,104.612381
-3.565686,4,104.659381
-3.573128,4,104.705544
-3.58788,4,104.746544
-3.630631,4,104.789545
-3.62981,4,104.832545
-2.453965,3,104.867545
-1.261492,2,104.887545
-2.339481,3,104.920547
-4.731638,5,104.970544
-3.573546,4,105.015544
-0.089708,1,105.026546
-2.40172,3,105.058545
-1.229571,2,105.078544
-2.411532,3,105.114545
-3.682599,4,105.155633
-4.750527,5,105.205875
-2.464072,3,105.236875
-3.748006,4,105.283875
-3.524027,4,105.325875
-1.262926,2,105.348876
-2.443799,3,105.382877
-1.165332,2,105.406874
-2.339174,3,105.439877
-1.155322,2,105.459875
-3.716803,4,105.502876
-2.318331,3,105.538874
-1.127086,2,105.559875
-2.483408,3,105.591875
-2.423012,3,105.621875
-0.061966,1,105.635875
-2.389402,3,105.666878
-1.175099,2,105.689849
-2.557166,3,105.72185
-2.345791,3,105.755849
-3.753966,4,105.799849
-1.171304,2,105.820849
-1.189759,2,105.84085
-3.663988,4,105.886848
-0.061072,1,105.896849
-3.706592,4,105.938849
-2.514601,3,105.968849
-1.185883,2,105.994849
-2.372995,3,106.02785
-2.396325,3,106.057848
-1.160712,2,106.078848
-2.392186,3,106.113977
-3.823953,4,106.155978
-1.225901,2,106.175977
-2.390866,3,106.205977
-3.637615,4,106.25198
-0.079586,1,106.261977
-2.391012,3,106.292977
-2.413013,3,106.322977
-0.03375,1,106.334977
-2.383789,3,106.368977
-3.605202,4,106.410977
-3.6369,4,106.452978
-3.654477,4,106.498978
-3.754403,4,106.540977
-0.073741,1,106.550977
-3.606821,4,106.593978
-0.074872,1,106.609982
-3.62985,4,106.649976
-3.625432,4,106.692977
-1.263463,2,106.712977
-0.094429,1,106.727978
-1.215556,2,106.748977
-3.600587,4,106.789977
-1.236429,2,106.81198
-2.339092,3,106.847485
-0.096317,1,106.859486
-3.582618,4,106.903486
-3.65537,4,106.946485
-1.164396,2,106.970487
-3.773781,4,107.013488
-2.32493,3,107.043485
-3.65335,4,107.083486
-0.083831,1,107.100486
-3.72726,4,107.141485
-2.410317,3,107.172486
-2.429805,3,107.202486
-1.207748,2,107.228485
-4.980215,5,107.280485
-1.265408,2,107.301485
-0.085968,1,107.311485
-1.20865,2,107.336485
-2.478625,3,107.367485
-1.211989,2,107.38759
-2.526819,3,107.41859
-3.701769,4,107.464731
-2.391522,3,107.494855
-4.865357,5,107.547367
-3.527177,4,107.589365
-0.038761,1,107.603365
-0.088845,1,107.613365
-1.210048,2,107.635365
-3.669414,4,107.678365
-3.67131,4,107.722365
-2.355202,3,107.752366
-2.323357,3,107.783366
-1.278127,2,107.804366
-1.166989,2,107.828366
-3.65972,4,107.871366
-2.516515,3,107.901365
-1.185828,2,107.922365
-2.343525,3,107.962365
-2.394108,3,107.997967
-2.473173,3,108.030968
-2.373781,3,108.062969
-2.406826,3,108.098968
-1.260741,2,108.117967
-2.409133,3,108.149202
-3.565424,4,108.187201
-3.622133,4,108.234202
-3.580567,4,108.275202
-2.36351,3,108.308205
-3.748851,4,108.349201
-1.196843,2,108.372202
-2.382901,3,108.404202
-2.313852,3,108.437202
-2.512643,3,108.468202
-3.617387,4,108.513202
-2.517758,3,108.545203
-0.08687,1,108.556202
-2.368571,3,108.587202
-2.336515,3,108.623202
-3.745388,4,108.664202
-1.260853,2,108.685204
-1.250889,2,108.705202
-2.436834,3,108.742202
-1.261898,2,108.764204
-2.411081,3,108.794202
-5.021014,5,108.845202
-3.766698,4,108.891202
-2.376933,3,108.920202
-3.692622,4,108.960202
-4.757023,5,109.012202
-2.474038,3,109.046205
-2.38744,3,109.079202
-3.617612,4,109.120204
-0.068984,1,109.131717
-2.343576,3,109.167711
-1.190551,2,109.190789
-1.210144,2,109.211789
-0.077475,1,109.221789
-2.485803,3,109.255791
-3.594847,4,109.299788
-2.3998,3,109.329789
-3.617379,4,109.370789
-3.866929,4,109.418897
-1.220139,2,109.439898
-1.275831,2,109.460898
-3.568179,4,109.499975
-2.405958,3,109.535975
-2.369769,3,109.566975
-2.42393,3,109.598975
-1.269447,2,109.620975
-1.201267,2,109.644975
-2.426354,3,109.675974
-2.379764,3,109.706976
-2.523136,3,109.738975
-0.096515,1,109.754258
-2.488425,3,109.784258
-3.654269,4,109.826257
-1.245345,2,109.848258
-0.096718,1,109.862257
-1.239948,2,109.881257
-1.213711,2,109.903257
-0.051494,1,109.913257
-1.194335,2,109.938257
-3.695766,4,109.979257
-1.143498,2,110.00055
-3.642426,4,110.04455
-3.637401,4,110.092551
-2.382292,3,110.125549
-2.525525,3,110.15655
-1.214768,2,110.179551
-2.3679,3,110.215552
-3.715269,4,110.25763
-3.590284,4,110.304135
-2.327114,3,110.338134
-2.405256,3,110.376136
-3.704096,4,110.420135
-1.203652,2,110.442136
-1.260052,2,110.464135
-0.064564,1,110.477136
-1.18469,2,110.502136
-4.691291,5,110.555135
-3.610833,4,110.597209
-2.51295,3,110.633209
-3.630155,4,110.675209
-3.697285,4,110.717209
-1.255344,2,110.740209
-1.169352,2,110.764209
-2.464531,3,110.79421
-1.230789,2,110.814209
-3.727027,4,110.855209
-1.20915,2,110.881209
-0.080466,1,110.892209
-3.635606,4,110.935208
-1.240692,2,110.955209
-1.240581,2,110.980208
-3.641542,4,111.024209
-1.248807,2,111.045208
-1.212983,2,111.069208
-2.420992,3,111.104209
-2.393212,3,111.135209
-2.366525,3,111.168209
-0.05511,1,111.179209
-3.63302,4,111.225358
-2.487039,3,111.256712
-2.439514,3,111.287712
-0.035274,1,111.297713
-0.058037,1,111.311782
-2.421701,3,111.343895
-1.176592,2,111.364896
-3.627732,4,111.408901
-2.430333,3,111.446406
-1.183345,2,111.469405
-3.584456,4,111.512405
-0.046588,1,111.523405
-5.043727,5,111.579405
-2.400351,3,111.612405
-1.192173,2,111.631405
-2.430858,3,111.661406
-2.366001,3,111.696406
-2.404886,3,111.728405
-1.277359,2,111.749405
-3.834075,4,111.788404
-3.594319,4,111.833405
-0.063256,1,111.844405
-2.444607,3,111.874405
-3.555312,4,111.916405
-2.423295,3,111.950406
-3.592581,4,111.991405
-4.806648,5,112.042405
-1.249406,2,112.069405
-2.445067,3,112.105405
-3.733749,4,112.148405
-0.085975,1,112.159405
-4.923038,5,112.210405
-1.173223,2,112.235852
-0.062299,1,112.246853
-2.535533,3,112.276853
-2.411025,3,112.306853
-2.528239,3,112.340853
-3.565685,4,112.383853
-2.429294,3,112.414852
-0.062149,1,112.425853
-2.350178,3,112.460929
-1.235496,2,112.48493
-3.864189,4,112.523929
-3.752459,4,112.56553
-3.795126,4,112.613528
-3.609346,4,112.654527
-3.585084,4,112.695528
-2.485942,3,112.727526
-3.65771,4,112.772527
-1.150767,2,112.792526
-0.070139,1,112.803528
-3.736105,4,112.844528
-3.609427,4,112.889528
-3.898456,4,112.934527
-0.05507,1,112.944527
-3.80508,4,112.985527
-3.748067,4,113.034528
-1.267982,2,113.054527
-4.929391,5,113.108526
-2.447897,3,113.140802
-2.349494,3,113.176803
-2.438755,3,113.207802
-2.419862,3,113.238802
-3.548246,4,113.278802
-2.336498,3,113.314803
-3.566496,4,113.357801
-3.643301,4,113.398802
-1.265841,2,113.418802
-2.465937,3,113.452803
-6.34568,6,113.515802
-1.259514,2,113.537802
-1.230016,2,113.557802
-3.594679,4,113.60688
-3.625374,4,113.647881
-3.670842,4,113.689883
-3.583626,4,113.734388
-2.455589,3,113.770615
-1.175853,2,113.792616
-1.171907,2,113.812616
-2.437142,3,113.843616
-3.788119,4,113.887616
-1.157153,2,113.909616
-3.680713,4,113.950615
-3.663194,4,113.994615
-2.540264,3,114.032615
-1.143591,2,114.055616
-2.376167,3,114.088616
-3.846303,4,114.134615
-4.962693,5,114.201615
-2.429908,3,114.241616
-3.618165,4,114.287616
-2.485367,3,114.324616
-2.353312,3,114.361614
-3.626368,4,114.412616
-2.379065,3,114.445615
-5.03337,5,114.622616
-3.658176,4,114.669615
-0.088971,1,114.681615
-3.606842,4,114.731616
-3.598611,4,114.796616
-1.171606,2,114.822615
-0.064013,1,114.833615
-0.071585,1,114.845618
-1.158253,2,114.868235
-0.076223,1,114.882235
-2.375589,3,114.921235
-2.500168,3,114.960236
-3.768216,4,115.007236
-4.963067,5,115.071343
-1.253219,2,115.09844
-2.491935,3,115.13944
-3.602924,4,115.195442
-2.439849,3,115.26456
-1.216704,2,115.292561
-0.095168,1,115.306559
-1.168039,2,115.334559
-2.319318,3,115.375558
-2.406271,3,115.410559
-3.686136,4,115.462558
-2.304591,3,115.496559
-1.255347,2,115.523559
-0.042028,1,115.536559
-3.59812,4,115.585558
-3.67269,4,115.628558
-1.249129,2,115.65356
-2.474519,3,115.685559
-3.682927,4,115.726559
-2.350725,3,115.756558
-1.221089,2,115.790558
-2.493398,3,115.833558
-2.547438,3,115.874558
-2.354654,3,115.911558
-1.19795,2,115.935558
-1.258444,2,115.961559
-3.589348,4,116.011067
-3.730568,4,116.056145
-2.548555,3,116.092144
-2.534254,3,116.136145
-2.37578,3,116.168391
-0.085876,1,116.179391
-1.261224,2,116.203391
-3.681757,4,116.257391
-3.542153,4,116.300505
-1.253609,2,116.323506
-3.616643,4,116.377505
-1.260659,2,116.397504
-2.338944,3,116.432504
-0.082113,1,116.449505
-2.462587,3,116.493503
-0.054513,1,116.509505
-1.268884,2,116.530504
-3.635386,4,116.577504
-2.540407,3,116.616504
-1.273293,2,116.644504
-1.211315,2,116.676504
-2.3427,3,116.710504
-0.047749,1,116.725504
-2.333952,3,116.762644
-1.142908,2,116.788642
-0.087069,1,116.798644
-3.791927,4,116.846642
-0.04821,1,116.856642
-2.378907,3,116.897642
-2.331654,3,116.936642
-1.273633,2,116.962643
-1.164461,2,116.983643
-3.615516,4,117.030642
-3.817342,4,117.084643
-0.061706,1,117.101642
-3.809416,4,117.149258
-3.644677,4,117.19539
-2.387441,3,117.227479
-2.373307,3,117.266479
-3.665101,4,117.31648
-3.52557,4,117.366479
-3.684423,4,117.40748
-3.621656,4,117.45948
-1.276424,2,117.48548
-1.188184,2,117.512479
-3.544636,4,117.554479
-2.328723,3,117.59348
-1.134017,2,117.618479
-2.350126,3,117.657689
-1.142719,2,117.678689
-2.527926,3,117.719689
-2.334858,3,117.755689
-3.684508,4,117.798689
-0.098932,1,117.808688
-2.495968,3,117.846689
-1.254914,2,117.868688
-1.208651,2,117.890691
-3.735474,4,117.935688
-1.177695,2,117.963689
-1.264827,2,117.988688
-1.212466,2,118.013689
-3.603813,4,118.066688
-2.53878,3,118.110828
-2.358744,3,118.147828
-2.500073,3,118.186121
-2.318478,3,118.220122
-2.441388,3,118.262124
-3.708575,4,118.310632
-3.610101,4,118.363713
-0.092191,1,118.376713
-2.496386,3,118.415713
-1.223491,2,118.436713
-4.93455,5,118.489713
-1.189402,2,118.514713
-1.270158,2,118.549713
-2.470831,3,118.582713
-2.51307,3,118.625714
-1.271566,2,118.647714
-2.431256,3,118.687713
-2.479317,3,118.719714
-2.407849,3,118.762907
-2.475012,3,118.831236
-3.590248,4,118.893237
-0.097549,1,118.904236
-2.33858,3,118.941241
-2.440954,3,118.973237
-2.447788,3,119.011237
-1.246357,2,119.035238
-1.241613,2,119.061236
-2.492198,3,119.099236
-3.715657,4,119.151236
-2.532406,3,119.191237
-3.847432,4,119.240237
-1.2796,2,119.267237
-2.445084,3,119.315237
-2.386597,3,119.357236
-3.628736,4,119.40624
-2.43911,3,119.440749
-3.652355,4,119.498748
-2.460882,3,119.534749
-2.333159,3,119.576748
-3.594143,4,119.622749
-2.395127,3,119.666749
-3.637528,4,119.70975
-3.542438,4,119.761264
-2.418481,3,119.793264
-0.07758,1,119.810265
-1.266177,2,119.839264
-0.072523,1,119.855264
-1.221398,2,119.882264
-1.29152,2,119.910265
-2.468499,3,119.944265
-1.220044,2,119.975264
-2.469033,3,120.014265
-1.202918,2,120.042267
-2.342579,3,120.077265
-2.508284,3,120.108264
-3.55042,4,120.157264
-3.578148,4,120.213266
-0.057575,1,120.228265
-3.737795,4,120.289264
-3.748094,4,120.339264
-2.510465,3,120.383264
-3.597011,4,120.428265
-3.641447,4,120.468264
-3.535971,4,120.510264
-3.768158,4,120.556267
-1.224298,2,120.577771
-2.380561,3,120.612772
-3.592021,4,120.654772
-2.517768,3,120.690771
-3.57905,4,120.732882
-2.353387,3,120.765882
-3.648122,4,120.807882
-0.057184,1,120.822882
-1.276162,2,120.845881
-2.455427,3,120.876881
-2.452591,3,120.906881
-1.192696,2,120.929882
-2.463816,3,120.964079
-3.670613,4,121.005079
-3.711368,4,121.04708
-2.425713,3,121.084079
-1.226253,2,121.104082
-2.401224,3,121.136081
-1.216302,2,121.157079
-2.344601,3,121.194079
-0.075606,1,121.20508
-2.523358,3,121.236079
-2.371583,3,121.26608
-2.540852,3,121.30308
-1.25445,2,121.324079
-2.498343,3,121.355225
-3.857866,4,121.399227
-2.335358,3,121.436406
-1.209515,2,121.459408
-2.380837,3,121.491407
-2.463384,3,121.524407
-2.379612,3,121.560409
-1.238913,2,121.582407
-1.239416,2,121.605406
-2.453473,3,121.636406
-3.622014,4,121.682411
-0.053188,1,121.693411
-2.411939,3,121.726917
-2.508643,3,121.757917
-2.354808,3,121.792918
-2.481295,3,121.827029
-1.22156,2,121.849029
-2.408697,3,121.881028
-2.356953,3,121.917029
-1.274647,2,121.93903
-3.579643,4,121.979029
-3.757817,4,122.021031
-2.37488,3,122.057028
-2.400897,3,122.088374
-2.459046,3,122.120537
-2.425593,3,122.153535
-2.429471,3,122.188534
-2.397293,3,122.227534
-4.976088,5,122.282533
-1.212405,2,122.304535
-2.437813,3,122.339536
-3.63797,4,122.383534
-3.683479,4,122.424535
-3.627692,4,122.467534
-0.084934,1,122.482675
-2.432401,3,122.515675
-2.490535,3,122.547674
-1.187764,2,122.569675
-2.386492,3,122.605675
-1.197794,2,122.626675
-2.377313,3,122.658674
-2.399673,3,122.687674
-0.086732,1,122.703675
-3.542507,4,122.747798
-3.636746,4,122.790891
-2.45593,3,122.824891
-3.785399,4,122.870891
-1.213598,2,122.892894
-2.485016,3,122.9264
-4.846327,5,122.9794
-2.393559,3,123.017401
-2.459115,3,123.0514
-2.394303,3,123.084401
-2.445885,3,123.1184
-3.670925,4,123.167399
-3.581964,4,123.2114
-3.593832,4,123.25468
-2.514161,3,123.28568
-2.424848,3,123.319682
-1.240334,2,123.339679
-2.433668,3,123.37268
-1.260044,2,123.393679
-2.487056,3,123.429682
-3.630202,4,123.47268
-2.541421,3,123.50368
-3.705415,4,123.546679
-3.685248,4,123.594679
-3.853319,4,123.63568
-3.702228,4,123.676789
-2.460077,3,123.710789
-2.38966,3,123.744953
-2.571968,3,123.77511
-2.575924,3,123.80911
-1.168739,2,123.829111
-2.448212,3,123.863113
-3.638703,4,123.906111
-2.397827,3,123.937111
-3.620765,4,123.982111
-3.698147,4,124.030272
-2.450746,3,124.061785
-2.552363,3,124.089779
-1.235268,2,124.11078
-2.474329,3,124.147917
-0.094431,1,124.158916
-3.663632,4,124.20302
-2.4701,3,124.235021
-3.61233,4,124.281115
-3.722991,4,124.324219
-3.560951,4,124.368219
-2.32891,3,124.401218
-2.469586,3,124.437219
-0.073159,1,124.447219
-0.071282,1,124.46022
-2.529709,3,124.493219
-2.458785,3,124.53022
-1.167984,2,124.550218
-2.438131,3,124.583284
-3.820622,4,124.625282
-2.551902,3,124.661281
-2.485547,3,124.691281
-2.3986,3,124.722361
-1.164122,2,124.74236
-2.473919,3,124.781361
-1.232416,2,124.80336
-3.69041,4,124.84736
-2.44365,3,124.879361
-3.652583,4,124.92536
-3.800619,4,124.96757
-3.799618,4,125.010569
-2.464543,3,125.042569
-1.148857,2,125.066569
-3.698824,4,125.110569
-1.161515,2,125.132568
-2.405319,3,125.164568
-3.731889,4,125.211079
-3.754157,4,125.255079
-3.571216,4,125.298079
-1.239132,2,125.318079
-2.518949,3,125.356079
-2.47105,3,125.388079
-2.422812,3,125.420079
-2.53805,3,125.454079
-1.247669,2,125.479079
-1.248382,2,125.50108
-0.069664,1,125.511079
-2.523236,3,125.543081
-1.212638,2,125.569078
-2.400533,3,125.599079
-3.570091,4,125.644079
-1.247281,2,125.667295
-2.516297,3,125.702293
-1.174091,2,125.723293
-3.764445,4,125.764292
-3.788355,4,125.807293
-1.23516,2,125.831292
-1.204799,2,125.854566
-2.428854,3,125.886569
-0.067435,1,125.896566
-0.095518,1,125.912567
-1.205637,2,125.933568
-3.686534,4,125.974566
-1.160013,2,125.996567
-3.874436,4,126.040566
-2.332093,3,126.071566
-3.664182,4,126.114566
-3.630563,4,126.153566
-1.252105,2,126.178567
-2.351304,3,126.209566
-0.057407,1,126.221566
-3.732091,4,126.265726
-0.07367,1,126.279727
-3.722976,4,126.322243
-2.449421,3,126.354377
-2.515451,3,126.385377
-2.472302,3,126.420376
-3.637605,4,126.464376
-3.685652,4,126.506378
-1.243831,2,126.52753
-1.179339,2,126.55353
-3.568013,4,126.59553
-0.097942,1,126.605531
-2.515906,3,126.636771
-3.696219,4,126.68277
-3.871243,4,126.723772
-2.496479,3,126.753771
-0.079359,1,126.765771
-3.731874,4,126.808771
-4.874977,5,126.85777
-2.47139,3,126.889771
-3.633601,4,126.929772
-3.759087,4,126.974771
-2.478831,3,127.008773
-2.410151,3,127.040771
-3.625147,4,127.08177
-1.22097,2,127.10777
-3.66796,4,127.147772
-2.344268,3,127.178771
-2.500081,3,127.210772
-3.646366,4,127.254771
-2.367503,3,127.285772
-1.241201,2,127.30777
-1.222588,2,127.327771
-2.479655,3,127.361771
-3.835142,4,127.402771
-2.334347,3,127.436775
-1.16997,2,127.458281
-3.646027,4,127.502281
-2.346021,3,127.533282
-0.097779,1,127.542282
-1.163869,2,127.563281
-1.220878,2,127.587281
-1.194565,2,127.608281
-1.197985,2,127.62939
-2.441067,3,127.66139
-0.063387,1,127.67539
-2.493925,3,127.708389
-2.510001,3,127.739493
-3.647314,4,127.781493
-2.413501,3,127.815494
-2.465292,3,127.844494
-3.804365,4,127.886566
-1.224859,2,127.907566
-3.696477,4,127.952566
-2.477468,3,127.985668
-1.185875,2,128.005668
-3.554041,4,128.045667
-2.51165,3,128.082669
-2.387356,3,128.113668
-2.383014,3,128.143668
-0.058754,1,128.153668
-3.809034,4,128.199669
-0.095881,1,128.210668
-3.626175,4,128.250669
-0.015751,1,128.260668
-2.453477,3,128.292669
-3.637227,4,128.340668
-3.844175,4,128.381763
-2.498693,3,128.412765
-2.512545,3,128.448764
-0.065918,1,128.458763
-3.651112,4,128.501763
-2.310057,3,128.532763
-2.374182,3,128.567764
-2.43685,3,128.599767
-2.469419,3,128.633273
-2.492521,3,128.664272
-3.689094,4,128.710372
-2.531716,3,128.742488
-3.70354,4,128.784672
-1.20634,2,128.805672
-1.258418,2,128.830673
-2.377014,3,128.861671
-2.367554,3,128.891673
-1.157798,2,128.912672
-2.478176,3,128.949672
-0.064354,1,128.961673
-2.467731,3,128.991749
-2.50203,3,129.022749
-3.725866,4,129.070014
-2.518727,3,129.100015
-2.357536,3,129.130015
-2.33915,3,129.159014
-3.750578,4,129.206015
-1.159364,2,129.227014
-2.494075,3,129.258014
-3.667666,4,129.300015
-0.079065,1,129.315015
-3.848001,4,129.358016
-2.457249,3,129.389014
-2.378409,3,129.422014
-1.274481,2,129.447015
-1.260887,2,129.469014
-2.536505,3,129.501015
-3.652177,4,129.544014
-1.160695,2,129.568015
-2.334625,3,129.599015
-1.28393,2,129.621015
-1.258456,2,129.641015
-2.459605,3,129.675014
-2.4648,3,129.707015
-2.43171,3,129.739016
-1.208942,2,129.763523
-0.073482,1,129.777523
-3.661367,4,129.817523
-3.627374,4,129.859522
-3.709257,4,129.901522
-3.744505,4,129.946522
-1.216024,2,129.967523
-2.485561,3,129.997637
-0.07496,1,130.008638
-2.430364,3,130.043732
-2.504307,3,130.075731
-5.016974,5,130.125733
-0.07295,1,130.136732
-2.491287,3,130.173869
-2.407199,3,130.20487
-1.24218,2,130.225871
-1.225701,2,130.245869
-3.633362,4,130.29287
-4.967727,5,130.342869
-3.697565,4,130.38387
-3.641446,4,130.42587
-3.552097,4,130.47087
-2.421061,3,130.501869
-2.405271,3,130.532871
-1.160451,2,130.55487
-1.269697,2,130.579021
-2.423279,3,130.610022
-2.481578,3,130.641023
-2.484847,3,130.672021
-2.516126,3,130.707244
-3.748165,4,130.748244
-2.439303,3,130.778244
-3.658039,4,130.818245
-3.750611,4,130.866243
-2.433355,3,130.898752
-3.715751,4,130.941751
-3.698453,4,130.981877
-2.459025,3,131.016877
-3.733121,4,131.060877
-3.577204,4,131.100876
-2.341718,3,131.130877
-1.237366,2,131.156199
-3.695519,4,131.200198
-2.456148,3,131.231198
-2.379986,3,131.263198
-0.079374,1,131.278199
-3.639394,4,131.319198
-3.77271,4,131.358198
-0.0874,1,131.369199
-2.429333,3,131.405198
-1.148127,2,131.426199
-2.405694,3,131.458197
-2.372252,3,131.490197
-2.350189,3,131.526198
-3.672377,4,131.566198
-1.190132,2,131.585397
-2.386072,3,131.618397
-3.684279,4,131.665398
-2.458128,3,131.696397
-1.240629,2,131.718398
-0.098989,1,131.728398
-0.071448,1,131.741398
-2.472887,3,131.772398
-1.190712,2,131.794399
-3.526496,4,131.836398
-3.657404,4,131.881397
-3.74343,4,131.923399
-2.516934,3,131.954397
-1.233198,2,131.975397
-0.073233,1,131.990397
-3.671801,4,132.033401
-4.876685,5,132.087909
-2.357681,3,132.118907
-1.213841,2,132.144906
-2.44959,3,132.174906
-0.054754,1,132.184906
-2.387582,3,132.216906
-2.326448,3,132.252905
-2.530767,3,132.284906
-0.088386,1,132.294906
-3.563658,4,132.334907
-2.490625,3,132.376158
-2.449604,3,132.409158
-1.253291,2,132.429415
-0.040941,1,132.440415
-3.64261,4,132.488416
-2.411965,3,132.519415
-2.326215,3,132.550416
-1.26694,2,132.570416
-3.709272,4,132.617416
-3.64576,4,132.658416
-3.686763,4,132.701416
-1.253112,2,132.722415
-1.13629,2,132.747415
-2.450487,3,132.775416
-2.480561,3,132.808415
-3.576042,4,132.851415
-3.776651,4,132.896415
-2.349028,3,132.930415
-2.493122,3,132.961416
-0.048719,1,132.972416
-1.229465,2,132.996416
-2.359787,3,133.028415
-0.057995,1,133.039415
-0.052859,1,133.050416
-3.718899,4,133.095416
-1.203383,2,133.116415
-0.058999,1,133.128415
-1.174443,2,133.150416
-2.328954,3,133.186415
-2.414406,3,133.220924
-1.25822,2,133.244925
-1.147955,2,133.267925
-1.171372,2,133.291924
-2.440658,3,133.324049
-2.439347,3,133.357231
-3.722615,4,133.398231
-2.487337,3,133.434231
-2.329955,3,133.464231
-2.47615,3,133.494518
-0.055963,1,133.50552
-3.591025,4,133.551519
-3.836637,4,133.595518
-2.521976,3,133.62552
-2.376427,3,133.656518
-3.766155,4,133.704519
-1.140689,2,133.725519
-3.759104,4,133.76852
-1.257089,2,133.795519
-1.24943,2,133.82252
-2.349174,3,133.854519
-0.077077,1,133.865518
-2.511327,3,133.897519
-2.405659,3,133.932519
-1.209688,2,133.952518
-2.379395,3,133.983519
-1.217235,2,134.005519
-3.67433,4,134.051519
-1.280613,2,134.072519
-3.717366,4,134.114519
-3.631036,4,134.154518
-1.28566,2,134.179519
-2.424145,3,134.210521
-1.262905,2,134.233519
-2.425042,3,134.263519
-3.591163,4,134.308518
-3.579589,4,134.350027
-3.598332,4,134.393136
-3.671748,4,134.434229
-2.441536,3,134.47123
-1.196428,2,134.49123
-2.3389,3,134.521361
-3.559719,4,134.564362
-3.621174,4,134.608361
-2.336388,3,134.638362
-3.547829,4,134.679364
-3.618136,4,134.720362
-1.213288,2,134.745361
-1.20715,2,134.766362
-1.240734,2,134.789361
-1.233839,2,134.809361
-0.065458,1,134.823361
-3.702008,4,134.863362
-2.409044,3,134.895422
-2.50625,3,134.925422
-2.448003,3,134.961425
-2.510102,3,134.995423
-2.453787,3,135.025422
-2.458278,3,135.056423
-3.613279,4,135.104422
-2.489066,3,135.136508
-2.43992,3,135.166506
-2.413261,3,135.197506
-2.370055,3,135.233505
-2.464325,3,135.265508
-1.228119,2,135.286507
-2.382479,3,135.319506
-1.24634,2,135.345758
-2.390128,3,135.376757
-3.770676,4,135.417758
-1.164863,2,135.438758
-2.396538,3,135.474761
-3.625091,4,135.517266
-1.232737,2,135.538265
-0.033949,1,135.550266
-2.596816,3,135.588421
-1.169157,2,135.60942
-2.39615,3,135.640567
-0.086298,1,135.651567
-2.502261,3,135.685567
-2.39754,3,135.718568
-1.222259,2,135.738568
-3.818944,4,135.780568
-2.556349,3,135.815567
-1.268083,2,135.836567
-1.279415,2,135.856567
-3.775971,4,135.900568
-4.843025,5,135.957568
-2.358294,3,135.988568
-3.633297,4,136.029567
-2.33273,3,136.060567
-2.430735,3,136.097568
-1.20576,2,136.117569
-3.763782,4,136.159567
-2.337889,3,136.192569
-2.366009,3,136.226569
-2.424641,3,136.256568
-2.365342,3,136.286568
-1.239724,2,136.308568
-3.596792,4,136.353568
-1.215997,2,136.378569
-3.518508,4,136.419568
-3.59949,4,136.46157
-2.458562,3,136.496569
-3.665533,4,136.538568
-1.238848,2,136.559568
-3.589875,4,136.599569
-2.386205,3,136.637079
-3.637249,4,136.679078
-3.632431,4,136.720192
-1.299376,2,136.741259
-3.689026,4,136.78826
-3.698195,4,136.828399
-1.236425,2,136.851399
-3.658438,4,136.891456
-3.757126,4,136.935456
-2.38155,3,136.971794
-1.24504,2,136.992795
-1.26551,2,137.014794
-2.409738,3,137.049794
-2.536008,3,137.081795
-2.528896,3,137.113794
-1.233592,2,137.134794
-3.577737,4,137.185794
-2.505596,3,137.217794
-2.410958,3,137.248794
-2.578251,3,137.280795
-3.610719,4,137.326796
-2.383377,3,137.359794
-1.140334,2,137.385795
-1.208137,2,137.407794
-2.488967,3,137.442795
-1.258792,2,137.463794
-0.047168,1,137.473794
-3.63125,4,137.514794
-2.463434,3,137.549795
-3.697133,4,137.594794
-1.261854,2,137.619794
-1.262683,2,137.640794
-3.80416,4,137.689794
-3.606117,4,137.733794
-3.68548,4,137.779303
-2.326044,3,137.813303
-0.031273,1,137.82745
-3.501246,4,137.86945
-3.564477,4,137.910553
-1.249216,2,137.930553
-2.409982,3,137.969553
-2.445105,3,138.000553
-3.703212,4,138.043004
-1.170437,2,138.064003
-2.369522,3,138.101003
-0.047344,1,138.112003
-3.840158,4,138.153003
-3.644331,4,138.195003
-1.23817,2,138.223003
-1.203691,2,138.246003
-2.515813,3,138.279003
-3.611307,4,138.320004
-3.692886,4,138.364003
-0.033907,1,138.375003
-2.357887,3,138.407138
-3.764734,4,138.448282
-3.667903,4,138.494284
-3.649826,4,138.536282
-2.495751,3,138.568283
-1.137283,2,138.588283
-0.097143,1,138.601347
-2.463645,3,138.634348
-2.431931,3,138.665493
-1.24473,2,138.686493
-0.07411,1,138.701493
-2.480473,3,138.741493
-2.309885,3,138.772492
-3.590144,4,138.817493
-0.074918,1,138.835493
-2.476521,3,138.867493
-3.668594,4,138.916001
-1.264438,2,138.941
-0.025516,1,138.960001
-1.173661,2,138.982002
-0.062292,1,138.994002
-2.304102,3,139.024001
-3.619167,4,139.074001
-1.172741,2,139.095001
-2.507516,3,139.127002
-3.619977,4,139.169001
-2.354472,3,139.209001
-2.427563,3,139.241001
-2.441161,3,139.273001
-2.372866,3,139.308001
-3.643405,4,139.353001
-1.255448,2,139.372001
-2.553503,3,139.403001
-3.784053,4,139.445001
-2.461363,3,139.482
-1.239589,2,139.504
-3.616561,4,139.545
-1.217848,2,139.565001
-2.390598,3,139.651001
-1.166729,2,139.670001
-2.341783,3,139.705001
-0.041594,1,139.716001
-3.590207,4,139.761
-1.231191,2,139.782
-1.267392,2,139.803001
-1.193765,2,139.824001
-2.355093,3,139.859001
-0.027452,1,139.870001
-1.170713,2,139.892
-3.842598,4,139.934001
-0.069945,1,139.948001
-2.376371,3,139.985002
-2.521725,3,140.016004
-1.23332,2,140.03751
-3.653094,4,140.08551
-0.082255,1,140.095509
-3.565185,4,140.135509
-2.490842,3,140.171759
-3.670168,4,140.219761
-2.361966,3,140.303761
-1.217159,2,140.338761
-3.663372,4,140.390761
-2.470912,3,140.43276
-3.58047,4,140.47776
-2.476843,3,140.511869
-0.092653,1,140.525869
-3.66196,4,140.583869
-0.094033,1,140.596869
-2.494485,3,140.636869
-2.393392,3,140.669167
-2.560409,3,140.712168
-3.664274,4,140.750167
-1.270349,2,140.770168
-1.203473,2,140.789166
-2.323577,3,140.823166
-0.042387,1,140.834166
-3.586247,4,140.870167
-3.561023,4,140.905166
-2.466744,3,140.936167
-2.509178,3,140.967166
-0.076289,1,140.976166
-3.766286,4,141.013168
-1.260709,2,141.035167
-1.204197,2,141.058167
-2.477906,3,141.086169
-2.530947,3,141.112169
-2.520351,3,141.145673
-2.460381,3,141.173677
-3.565148,4,141.209676
-1.172765,2,141.229677
-0.037297,1,141.242676
-1.2575,2,141.260679
-2.342122,3,141.290677
-3.768213,4,141.327676
-1.165604,2,141.349798
-2.441902,3,141.379797
-3.821512,4,141.413797
-2.378548,3,141.440797
-1.219494,2,141.461797
-2.42939,3,141.489797
-1.189261,2,141.507797
-2.408225,3,141.532798
-2.53241,3,141.566796
-2.384679,3,141.594797
-3.766028,4,141.630798
-1.234566,2,141.647798
-2.426601,3,141.675797
-2.341994,3,141.702797
-2.520816,3,141.730799
-2.4212,3,141.756798
-2.475775,3,141.785796
-3.679196,4,141.822798
-2.431471,3,141.850797
-2.311336,3,141.877797
-3.561922,4,141.924798
-3.787758,4,141.961797
-3.680024,4,141.99794
-3.534702,4,142.03294
-3.809371,4,142.074942
-2.337092,3,142.102941
-3.590138,4,142.13994
-2.507672,3,142.16794
-5.128954,5,142.21794
-3.759526,4,142.25294
-2.499012,3,142.294454
-2.456911,3,142.352454
-2.390188,3,142.403454
-0.029776,1,142.416454
-0.056148,1,142.428453
-2.472777,3,142.462454
-1.189837,2,142.488453
-2.442496,3,142.528452
-3.68963,4,142.574454
-2.407408,3,142.616453
-1.217071,2,142.647453
-3.697214,4,142.693454
-2.481236,3,142.727453
-0.072664,1,142.737453
-2.479417,3,142.777453
-3.590277,4,142.824453
-3.632867,4,142.867452
-2.492434,3,142.898453
-2.507595,3,142.935454
-2.374652,3,142.966453
-3.554227,4,143.007453
-2.332638,3,143.040453
-3.738908,4,143.086453
-2.481546,3,143.116453
-2.339602,3,143.149453
-3.59412,4,143.191453
-1.222149,2,143.216453
-2.382327,3,143.247453
-3.595692,4,143.291453
-1.146844,2,143.313454
-1.279146,2,143.339453
-2.40406,3,143.373453
-3.673119,4,143.418453
-0.025801,1,143.429456
-2.352345,3,143.467963
-2.531651,3,143.499963
-2.349689,3,143.530964
-2.517413,3,143.562962
-1.270246,2,143.591962
-1.231728,2,143.611963
-3.544692,4,143.654211
-1.179033,2,143.674212
-2.403094,3,143.711211
-1.278066,2,143.732212
-2.566411,3,143.763477
-0.079212,1,143.773478
-2.346524,3,143.809477
-3.579279,4,143.851477
-1.222275,2,143.871477
-2.47758,3,143.903477
-3.63232,4,143.947478
-2.517508,3,143.980478
-1.165561,2,144.001477
-2.400459,3,144.033478
-3.567262,4,144.080477
-2.395081,3,144.110477
-1.153127,2,144.132477
-1.182044,2,144.153478
-2.431871,3,144.189477
-1.232218,2,144.209478
-2.395878,3,144.240477
-2.392484,3,144.270477
-3.632181,4,144.329479
-3.842516,4,144.396478
-1.189549,2,144.422478
-3.610862,4,144.470477
-3.573253,4,144.517477
-3.663675,4,144.557481
-1.171202,2,144.581984
-2.579604,3,144.624986
-2.462852,3,144.662985
-0.071503,1,144.675985
-3.62356,4,144.719985
-0.035906,1,144.730985
-1.233356,2,144.754986
-2.51017,3,144.786983
-2.484197,3,144.819984
-2.514197,3,144.849984
-1.277052,2,144.874985
-2.503881,3,144.907984
-2.467409,3,144.937985
-4.855563,5,144.989985
-2.394261,3,145.026068
-2.334073,3,145.058208
-2.51243,3,145.087207
-3.547657,4,145.130305
-2.47015,3,145.164305
-2.477466,3,145.196304
-2.355973,3,145.228304
-4.781156,5,145.281304
-2.449857,3,145.316304
-0.080712,1,145.327306
-3.77988,4,145.370304
-3.54256,4,145.412305
-2.440277,3,145.448303
-1.219752,2,145.469305
-3.700527,4,145.511304
-2.467559,3,145.542305
-2.476174,3,145.579304
-0.038091,1,145.589304
-2.483766,3,145.620305
-1.179918,2,145.642305
-1.213533,2,145.668304
-2.365465,3,145.700306
-3.62618,4,145.739811
-2.487632,3,145.774815
-1.197349,2,145.798813
-0.031564,1,145.809813
-2.439256,3,145.839814
-2.536271,3,145.870875
-2.409066,3,145.907876
-3.794361,4,145.949877
-2.392768,3,145.979875
-2.447941,3,146.012876
-1.128187,2,146.038876
-2.391214,3,146.070875
-1.276604,2,146.092875
-2.574644,3,146.126875
-2.505702,3,146.160875
-3.798184,4,146.202875
-0.083938,1,146.214875
-1.247458,2,146.235876
-2.513138,3,146.270875
-3.631851,4,146.311876
-3.900314,4,146.354875
-3.796703,4,146.395876
-2.460773,3,146.431875
-0.070742,1,146.441875
-2.455599,3,146.475876
-3.756597,4,146.516875
-0.093184,1,146.530875
-3.662532,4,146.572875
-2.514626,3,146.605875
-2.474437,3,146.636875
-3.719669,4,146.681876
-2.508154,3,146.713875
-1.166795,2,146.734875
-1.204975,2,146.754875
-2.400245,3,146.792877
-1.205071,2,146.812876
-2.336112,3,146.843876
-2.443615,3,146.87747
-3.672122,4,146.924471
-2.416292,3,146.957562
-2.360366,3,146.988562
-2.492738,3,147.020562
-3.616647,4,147.063563
-1.252574,2,147.084562
-1.18797,2,147.106563
-2.375066,3,147.138562
-2.492209,3,147.174561
-0.068346,1,147.185561
-2.37706,3,147.218564
-3.69173,4,147.258562
-3.598707,4,147.303563
-2.314708,3,147.335561
-0.049587,1,147.345561
-2.317056,3,147.378561
-2.363109,3,147.414562
-2.484106,3,147.445561
-2.467352,3,147.476562
-1.270895,2,147.497562
-3.742863,4,147.544562
-2.421773,3,147.576561
-1.192277,2,147.597561
-1.223914,2,147.619562
-0.088567,1,147.633561
-3.852085,4,147.675562
-2.54268,3,147.706563
-2.471759,3,147.736561
-3.547818,4,147.782562
-2.513365,3,147.813562
-1.267418,2,147.833561
-2.421854,3,147.866562
-1.171966,2,147.891561
-0.07983,1,147.903563
-1.187835,2,147.925562
-2.435304,3,147.958562
-3.728321,4,148.004563
-1.138654,2,148.024561
-0.064141,1,148.035561
-3.61189,4,148.079071
-3.639599,4,148.124071
-0.082608,1,148.133071
-3.634142,4,148.177071
-0.023358,1,148.190071
-3.617286,4,148.236071
-1.238971,2,148.256071
-2.397772,3,148.288072
-1.229594,2,148.312071
-3.752225,4,148.357073
-3.784416,4,148.40007
-0.096305,1,148.411071
-1.268152,2,148.431243
-2.419695,3,148.466242
-2.441394,3,148.497243
-1.281919,2,148.520244
-1.266246,2,148.540244
-3.636257,4,148.58938
-0.060215,1,148.602381
-3.608626,4,148.64338
-2.497299,3,148.680379
-2.527103,3,148.716379
-2.517847,3,148.748379
-1.254662,2,148.768379
-2.483358,3,148.798379
-1.284755,2,148.822379
-2.33415,3,148.85638
-0.072219,1,148.86738
-2.432721,3,148.897379
-3.642934,4,148.943378
-1.210307,2,148.965379
-2.362387,3,148.99538
-1.222511,2,149.016378
-2.336991,3,149.052381
-3.710738,4,149.094379
-3.574414,4,149.13538
-1.269558,2,149.155379
-2.379679,3,149.19089
-2.317802,3,149.222888
-3.632492,4,149.264887
-3.733462,4,149.307888
-2.325473,3,149.343888
-2.333478,3,149.375891
-1.213632,2,149.399888
-2.477758,3,149.429888
-2.593125,3,149.467888
-1.231987,2,149.487889
-2.342522,3,149.519888
-2.507528,3,149.551887
-3.616805,4,149.595888
-2.365436,3,149.628889
-2.479808,3,149.659888
-0.085441,1,149.670888
-1.242904,2,149.695889
-2.328896,3,149.728889
-2.385515,3,149.761888
-2.391058,3,149.794888
-3.671269,4,149.840888
-3.620884,4,149.880888
-0.089296,1,149.890887
-1.265614,2,149.910887
-2.468227,3,149.945888
-3.600017,4,149.985888
-0.057112,1,149.997888
-2.497578,3,150.028888
-3.629773,4,150.074888
-3.635099,4,150.115888
-3.855911,4,150.156888
-2.52221,3,150.18789
-3.751826,4,150.235888
-0.060008,1,150.246888
-3.679698,4,150.288888
-3.648583,4,150.32989
-3.676172,4,150.377399
-1.151503,2,150.398398
-0.084919,1,150.409399
-2.327807,3,150.440398
-1.243426,2,150.465398
-1.255675,2,150.488399
-1.260126,2,150.509398
-1.299206,2,150.529398
-4.766022,5,150.584398
-1.165008,2,150.607399
-0.036541,1,150.618397
-3.761987,4,150.661398
-2.444059,3,150.699398
-2.445686,3,150.732399
-2.511462,3,150.762398
-1.200466,2,150.783399
-2.419286,3,150.819399
-2.422139,3,150.850397
-1.143381,2,150.871398
-1.170513,2,150.892398
-3.613561,4,150.939398
-3.606637,4,150.979398
-3.55787,4,151.019399
-1.138075,2,151.041398
-2.417649,3,151.078398
-3.628434,4,151.118539
-0.057337,1,151.128538
-3.705496,4,151.173539
-1.26264,2,151.197538
-2.39368,3,151.227538
-1.233213,2,151.248539
-2.442207,3,151.280538
-1.246321,2,151.304539
-1.281098,2,151.323538
-3.694954,4,151.366538
-2.510885,3,151.39682
-1.162112,2,151.421201
-1.193224,2,151.443201
-1.162876,2,151.462201
-2.381864,3,151.494314
-2.407502,3,151.530828
-3.718193,4,151.57363
-2.423309,3,151.606628
-1.177931,2,151.629629
-3.6008,4,151.67563
-2.423142,3,151.707629
-3.789914,4,151.746629
-3.679,4,151.787629
-1.215562,2,151.81363
-3.694014,4,151.853629
-3.533273,4,151.89463
-0.056147,1,151.904629
-2.386559,3,151.957632
-0.089449,1,151.97463
-1.223348,2,152.009631
-2.486856,3,152.055629
-2.413274,3,152.101629
-2.374583,3,152.13763
-2.525827,3,152.168847
-3.813944,4,152.212847
-2.461963,3,152.251849
-0.055108,1,152.263848
-2.479598,3,152.297846
-1.175049,2,152.321847
-3.799096,4,152.369848
-3.566544,4,152.413927
-2.478866,3,152.443927
-2.378787,3,152.477287
-3.61907,4,152.524287
-1.282638,2,152.547287
-0.081615,1,152.558286
-2.407109,3,152.594287
-2.324569,3,152.630287
-1.195386,2,152.652287
-3.646765,4,152.694796
-2.493793,3,152.726795
-2.486175,3,152.762048
-1.178769,2,152.783273
-1.241942,2,152.805272
-2.488361,3,152.837272
-1.205945,2,152.861273
-3.576637,4,152.903273
-1.278558,2,152.926275
-2.387432,3,152.958273
-1.17551,2,152.982274
-2.349314,3,153.013273
-2.330435,3,153.043273
-2.448139,3,153.074273
-2.535631,3,153.108273
-3.77441,4,153.150273
-3.591356,4,153.193272
-0.07033,1,153.204273
-3.653835,4,153.250272
-1.228737,2,153.270273
-2.524947,3,153.301273
-2.393437,3,153.332273
-2.363419,3,153.369272
-2.423419,3,153.401275
-3.679045,4,153.443273
-2.319716,3,153.476274
-2.46204,3,153.520273
-1.262286,2,153.544273
-2.34288,3,153.577538
-3.661852,4,153.620538
-2.490903,3,153.655538
-1.23176,2,153.677538
-3.712238,4,153.718538
-2.421248,3,153.749537
-2.324559,3,153.786538
-0.079566,1,153.797539
-2.520308,3,153.852047
-0.092233,1,153.863046
-0.097422,1,153.878048
-2.467565,3,153.913047
-2.524312,3,153.946047
-1.19814,2,153.968047
-2.488911,3,154.006046
-2.350256,3,154.038047
-1.170218,2,154.059047
-2.405342,3,154.094048
-3.771309,4,154.143046
-3.706908,4,154.184047
-3.692983,4,154.227047
-1.255709,2,154.247047
-1.135437,2,154.271047
-3.591278,4,154.313047
-2.455816,3,154.344048
-3.57881,4,154.387047
-2.436883,3,154.423046
-2.42929,3,154.457047
-3.73172,4,154.498047
-1.209554,2,154.517318
-0.06622,1,154.530318
-1.203893,2,154.553319
-1.224224,2,154.573318
-1.277037,2,154.59532
-2.431094,3,154.631319
-3.58436,4,154.67432
-3.663256,4,154.715319
-2.469978,3,154.747318
-2.350586,3,154.784319
-2.339258,3,154.815319
-0.016337,1,154.825318
-2.526891,3,154.856318
-1.24113,2,154.88132
-3.580997,4,154.924318
-2.396912,3,154.955321
-1.241043,2,154.974825
-2.376337,3,155.011825
-2.475397,3,155.042825
-2.358957,3,155.073825
-2.549642,3,155.103826
-1.27109,2,155.129825
-3.591472,4,155.169825
-2.418815,3,155.200826
-0.062347,1,155.211825
-0.075939,1,155.225825
-3.576278,4,155.266827
-2.528948,3,155.296825
-3.691097,4,155.338475
-3.733095,4,155.381475
-1.176443,2,155.403476
-1.242864,2,155.423475
-2.447436,3,155.454475
-1.236579,2,155.479475
-3.561132,4,155.521476
-1.185116,2,155.543475
-3.592235,4,155.585475
-1.156075,2,155.609475
-2.387807,3,155.640475
-2.433471,3,155.672475
-2.398676,3,155.702476
-1.239081,2,155.726477
-0.045566,1,155.736475
-3.626706,4,155.778475
-0.038653,1,155.789476
-2.398208,3,155.824475
-3.570959,4,155.864475
-3.623642,4,155.907475
-3.624933,4,155.947478
-2.374962,3,155.984476
-2.512564,3,156.030476
-3.850144,4,156.09948
-2.405336,3,156.14099
-0.094377,1,156.156994
-2.355956,3,156.19036
-3.821377,4,156.24336
-2.514381,3,156.27836
-2.489718,3,156.320361
-2.474312,3,156.353361
-3.763257,4,156.39636
-1.163226,2,156.415359
-3.596235,4,156.46136
-2.512883,3,156.493624
-3.64231,4,156.535624
-1.246551,2,156.557626
-2.558693,3,156.591624
-2.33863,3,156.622624
-3.663665,4,156.664624
-2.437226,3,156.695624
-3.61166,4,156.740624
-3.60053,4,156.780624
-2.349013,3,156.811624
-3.624866,4,156.852624
-0.031324,1,156.868624
-2.543714,3,156.898625
-2.493662,3,156.930623
-2.327902,3,156.961623
-1.161224,2,156.986625
-2.351603,3,157.017624
-0.064467,1,157.028625
-2.45531,3,157.059624
-2.402171,3,157.096624
-2.598894,3,157.127624
-2.420358,3,157.157625
-0.055306,1,157.170624
-3.608583,4,157.221623
-3.603452,4,157.262133
-2.358123,3,157.293133
-1.196493,2,157.315133
-1.157976,2,157.339134
-2.508558,3,157.370136
-1.214131,2,157.390133
-3.622672,4,157.431134
-2.387731,3,157.467134
-1.152018,2,157.488134
-2.424738,3,157.520137
-0.076237,1,157.531134
-2.50911,3,157.566494
-1.258869,2,157.587494
-1.278625,2,157.608495
-3.654236,4,157.649495
-1.166352,2,157.674494
-3.617365,4,157.714777
-2.533345,3,157.748777
-3.692471,4,157.799
-3.665745,4,157.845
-2.498768,3,157.877
-1.14676,2,157.898
-0.092823,1,157.908999
-2.384583,3,157.944
-0.083958,1,157.953999
-3.777651,4,157.997
-2.550306,3,158.02611
-0.039453,1,158.04011
-1.212398,2,158.06211
-2.548012,3,158.092179
-3.682452,4,158.134276
-2.470187,3,158.168276
-1.195077,2,158.191343
-2.363861,3,158.222342
-2.575117,3,158.252552
-0.010222,1,158.26655
-3.752257,4,158.310551
-2.448564,3,158.342551
-3.684261,4,158.383551
-2.377093,3,158.420062
-3.664626,4,158.461061
-3.555018,4,158.502143
-2.459185,3,158.535142
-3.825426,4,158.581143
-2.457815,3,158.613143
-0.065849,1,158.625143
-1.277793,2,158.646144
-2.467923,3,158.681143
-3.827779,4,158.721316
-3.650801,4,158.764317
-2.538349,3,158.794316
-0.082453,1,158.809316
-2.326702,3,158.842315
-2.542075,3,158.873317
-1.227107,2,158.894316
-2.470274,3,158.928315
-2.418978,3,158.959317
-0.07128,1,158.970316
-1.234733,2,158.991392
-2.474449,3,159.02739
-2.534232,3,159.065392
-2.532572,3,159.124392
-3.612827,4,159.187391
-1.17207,2,159.214391
-0.05636,1,159.225391
-3.700959,4,159.268391
-3.622289,4,159.312389
-1.145834,2,159.336391
-3.736473,4,159.385391
-2.408553,3,159.420391
-2.371809,3,159.452391
-2.435073,3,159.48439
-1.229526,2,159.505391
-1.18673,2,159.526392
-3.849567,4,159.568899
-2.513569,3,159.603899
-2.352485,3,159.634899
-2.340937,3,159.665899
-1.158368,2,159.686898
-2.327043,3,159.7249
-3.732258,4,159.765899
-2.405881,3,159.797899
-1.166009,2,159.819899
-3.704812,4,159.860899
-2.552466,3,159.8899
-3.652742,4,159.928898
-3.645993,4,159.974899
-2.496156,3,160.008899
-2.374962,3,160.040899
-2.489629,3,160.070899
-2.530645,3,160.1019
-1.251184,2,160.125899
-3.588258,4,160.168898
-1.279773,2,160.188898
-1.242428,2,160.209898
-1.168697,2,160.233898
-2.484926,3,160.266899
-2.515563,3,160.295899
-2.514013,3,160.325899
-2.451879,3,160.360898
-0.066326,1,160.372898
-0.074822,1,160.3829
-0.028211,1,160.392899
-2.382387,3,160.426899
-2.487836,3,160.456899
-3.677143,4,160.496898
-3.601553,4,160.537898
-3.814692,4,160.583901
-3.633727,4,160.625899
-1.23308,2,160.643899
-2.352358,3,160.672901
-3.676286,4,160.719408
-2.352057,3,160.750407
-0.080746,1,160.761407
-1.202644,2,160.781495
-1.179748,2,160.805496
-2.37775,3,160.836496
-2.38226,3,160.867496
-1.144395,2,160.887496
-1.281965,2,160.911495
-1.183034,2,160.934497
-3.563078,4,160.975496
-2.409339,3,161.006495
-3.670362,4,161.053496
-2.436887,3,161.084632
-3.771964,4,161.12463
-1.251939,2,161.144949
-2.4582,3,161.180949
-0.090072,1,161.190949
-3.665881,4,161.230948
-3.571418,4,161.271948
-0.063174,1,161.285949
-2.418688,3,161.317948
-3.778732,4,161.358949
-1.208876,2,161.378949
-2.407162,3,161.411948
-0.090946,1,161.420949
-2.392097,3,161.452949
-1.209949,2,161.474949
-2.5212,3,161.509949
-1.253341,2,161.530949
-2.531797,3,161.560948
-1.176186,2,161.582949
-3.754752,4,161.627949
-3.600736,4,161.669949
-1.238916,2,161.690949
-2.477402,3,161.72095
-0.064947,1,161.734948
-3.776699,4,161.774949
-2.517877,3,161.805948
-0.091604,1,161.815951
-1.269825,2,161.844457
-1.261992,2,161.865458
-3.60325,4,161.905459
-1.176028,2,161.925594
-1.172837,2,161.950594
-0.088493,1,161.960594
-3.605386,4,162.002594
-2.407541,3,162.033594
-0.055361,1,162.046594
-2.434277,3,162.077595
-3.580735,4,162.128598
-3.696714,4,162.195595
-3.604199,4,162.253822
-3.771366,4,162.302822
-2.360475,3,162.33582
-5.111443,5,162.38882
-3.605114,4,162.43982
-2.559203,3,162.47582
-2.417617,3,162.508077
-2.340855,3,162.539075
-2.38866,3,162.576076
-1.209442,2,162.596076
-3.680687,4,162.636076
-2.371075,3,162.668075
-1.155738,2,162.699075
-0.056741,1,162.710076
-2.446514,3,162.740076
-1.22922,2,162.760075
-3.669746,4,162.807076
-1.196457,2,162.828076
-1.223146,2,162.848075
-1.191802,2,162.870075
-2.472968,3,162.906075
-2.368143,3,162.937075
-1.212736,2,162.957079
-1.212549,2,162.979583
-2.512759,3,163.013584
-3.691508,4,163.055582
-2.490153,3,163.084584
-3.699425,4,163.126583
-0.020376,1,163.140583
-2.489105,3,163.171584
-1.195543,2,163.194583
-2.38295,3,163.227583
-1.289217,2,163.251583
-2.396474,3,163.281583
-2.423866,3,163.312953
-1.147054,2,163.335141
-2.433534,3,163.37214
-2.377342,3,163.402141
-2.44151,3,163.43114
-2.345619,3,163.46214
-0.067132,1,163.478141
-2.500009,3,163.508142
-3.619261,4,163.55114
-2.333204,3,163.58614
-2.330217,3,163.628141
-2.33122,3,163.66014
-2.463796,3,163.69314
-1.206636,2,163.715141
-3.567132,4,163.75914
-2.396462,3,163.790145
-1.191849,2,163.81114
-0.056842,1,163.821141
-0.091657,1,163.83614
-2.436186,3,163.867141
-2.506971,3,163.89714
-1.242029,2,163.91814
-1.242843,2,163.942141
-2.496344,3,163.972141
-2.349069,3,164.00414
-2.382139,3,164.03514
-2.361119,3,164.071141
-2.445037,3,164.103141
-2.402416,3,164.13814
-1.194714,2,164.15914
-3.597312,4,164.204648
-3.560351,4,164.246648
-1.28179,2,164.270649
-2.474325,3,164.301649
-2.409369,3,164.337648
-2.538815,3,164.366649
-2.358421,3,164.395654
-3.615021,4,164.434648
-3.807163,4,164.478649
-2.447547,3,164.510061
-3.679966,4,164.553228
-1.261784,2,164.57523
-0.088717,1,164.590228
-2.452828,3,164.621229
-4.999092,5,164.673228
-3.624926,4,164.714228
-1.288813,2,164.737228
-2.315,3,164.769228
-1.159721,2,164.790228
-0.085141,1,164.801227
-1.263177,2,164.824228
-2.504089,3,164.853228
-2.377034,3,164.887228
-1.189459,2,164.908229
-2.420204,3,164.944228
-0.02823,1,164.954228
-3.589147,4,164.996228
-2.553432,3,165.024229
-3.751393,4,165.070227
-3.557007,4,165.112227
-1.165561,2,165.132229
-2.535626,3,165.162228
-0.051101,1,165.175227
-1.149284,2,165.197229
-0.074028,1,165.209228
-1.18701,2,165.229229
-1.220144,2,165.254228
-0.023393,1,165.266229
-3.70432,4,165.30623
-0.034589,1,165.318738
-3.572053,4,165.366737
-3.757142,4,165.406817
-3.820062,4,165.448816
-2.506897,3,165.480816
-3.655777,4,165.524815
-3.666191,4,165.566815
-2.433372,3,165.597816
-2.362637,3,165.628816
-1.27033,2,165.654816
-0.083999,1,165.663816
-2.576459,3,165.695815
-3.733723,4,165.737815
-2.383924,3,165.772815
-0.067241,1,165.783816
-1.172593,2,165.803816
-1.192853,2,165.823816
-1.220102,2,165.847816
-3.739213,4,165.890815
-2.354865,3,165.920816
-3.659627,4,165.961815
-1.202772,2,165.987817
-2.534268,3,166.016816
-2.372294,3,166.045934
-2.506365,3,166.075932
-3.669179,4,166.119933
-1.19934,2,166.140933
-2.519858,3,166.171933
-3.709545,4,166.211932
-1.208429,2,166.236933
-1.158634,2,166.257233
-1.149566,2,166.278233
-3.628754,4,166.318532
-2.44913,3,166.354532
-2.530388,3,166.385532
-2.544999,3,166.417531
-2.317226,3,166.449532
-2.440517,3,166.485532
-2.451937,3,166.518532
-1.273871,2,166.539534
-1.212264,2,166.56104
-1.172149,2,166.58504
-2.377334,3,166.61704
-2.510355,3,166.65004
-3.656366,4,166.69304
-2.397479,3,166.72904
-2.317023,3,166.761039
-2.379668,3,166.792039
-0.059328,1,166.803043
-3.61053,4,166.84804
-3.761146,4,166.89004
-2.484447,3,166.922213
-3.583718,4,166.969212
-1.256436,2,166.993212
-1.173312,2,167.014213
-3.638939,4,167.056212
-3.688453,4,167.099212
-2.495213,3,167.133212
-1.238012,2,167.154212
-2.424648,3,167.185213
-2.501749,3,167.216212
-3.614089,4,167.262212
-0.054791,1,167.273214
-3.618081,4,167.314213
-2.461726,3,167.346358
-1.175186,2,167.369356
-2.380975,3,167.403356
-1.218917,2,167.424357
-1.16643,2,167.446358
-3.722083,4,167.491355
-0.028935,1,167.502356
-2.516407,3,167.535356
-2.333264,3,167.568357
-2.335482,3,167.602581
-1.132791,2,167.625582
-2.310279,3,167.656738
-1.24819,2,167.676741
-2.4487,3,167.713247
-3.697704,4,167.755246
-1.276809,2,167.776245
-2.479074,3,167.808246
-2.372404,3,167.844246
-2.413819,3,167.875246
-0.097012,1,167.886345
-1.241616,2,167.907346
-3.594471,4,167.953346
-0.018328,1,167.964346
-3.695228,4,168.005345
-2.530701,3,168.035345
-3.648826,4,168.083345
-2.482067,3,168.113345
-1.236572,2,168.134346
-0.088996,1,168.145345
-2.430621,3,168.182345
-2.400009,3,168.214345
-2.424905,3,168.244345
-0.079953,1,168.255345
-2.374115,3,168.290346
-2.470006,3,168.320346
-2.396706,3,168.350345
-1.215261,2,168.371346
-2.433234,3,168.408346
-2.397002,3,168.439345
-1.194201,2,168.461345
-1.211053,2,168.482348
-1.160586,2,168.508344
-2.541965,3,168.540509
-1.196477,2,168.561509
-2.467533,3,168.592509
-2.499821,3,168.628509
-2.46867,3,168.659509
-2.333523,3,168.691509
-1.228104,2,168.711508
-2.335904,3,168.747509
-2.39688,3,168.778509
-1.18014,2,168.798509
-2.56522,3,168.829514
-2.468511,3,168.865021
-2.560614,3,168.897197
-2.4911,3,168.929197
-1.157919,2,168.951197
-2.506112,3,168.986197
-3.800588,4,169.027198
-1.171207,2,169.049197
-2.531436,3,169.081197
-2.497523,3,169.115198
-2.495705,3,169.146198
-2.471137,3,169.180197
-2.359824,3,169.211197
-2.556997,3,169.2472
-2.451794,3,169.278198
-3.722606,4,169.322198
-2.430839,3,169.352198
-2.340223,3,169.389308
-2.334214,3,169.420309
-2.420304,3,169.45053
-2.380175,3,169.483532
-3.779837,4,169.528531
-2.374495,3,169.560529
-2.530841,3,169.59253
-2.551458,3,169.62253
-0.04188,1,169.635531
-3.647975,4,169.677531
-3.681297,4,169.721532
-3.66915,4,169.76153
-1.167625,2,169.78553
-1.16895,2,169.80653
-0.025929,1,169.81853
-2.398767,3,169.85053
-1.187793,2,169.875532
-3.728315,4,169.91753
-1.180999,2,169.940531
-2.483329,3,169.970532
-0.017618,1,169.987042
-1.210639,2,170.008042
-1.27243,2,170.029043
-1.176499,2,170.053043
-2.343733,3,170.088042
-3.618555,4,170.129042
-3.78974,4,170.17316
-3.752767,4,170.215302
-3.794193,4,170.262301
-2.443252,3,170.294301
-2.364143,3,170.325403
-1.19886,2,170.346404
-3.875038,4,170.513404
-1.206298,2,170.533404
-1.159444,2,170.554404
-1.204495,2,170.574403
-3.720394,4,170.619403
-1.203613,2,170.640561
-3.746861,4,170.682719
-3.572507,4,170.72872
-0.095095,1,170.74272
-0.051729,1,170.753721
-2.482705,3,170.784719
-3.799244,4,170.82872
-2.347436,3,170.86272
-1.260432,2,170.883719
-2.488515,3,170.916719
-2.464796,3,170.94872
-0.093448,1,170.96472
-2.381736,3,170.99572
-3.699152,4,171.038719
-2.555425,3,171.06972
-2.4861,3,171.106722
-2.42624,3,171.140229
-2.465657,3,171.170227
-2.47127,3,171.202229
-2.528373,3,171.237227
-2.474579,3,171.270226
-1.193825,2,171.291228
-1.184673,2,171.311227
-2.38855,3,171.346227
-3.596412,4,171.388296
-3.678688,4,171.429296
-1.145137,2,171.451296
-1.142309,2,171.476296
-3.68477,4,171.517297
-3.671823,4,171.558296
-3.586497,4,171.600296
-0.096626,1,171.614298
-2.438465,3,171.645297
-1.194838,2,171.664297
-0.076704,1,171.674296
-1.209495,2,171.701296
-2.492031,3,171.732296
-2.39537,3,171.763613
-3.775845,4,171.806833
-3.671675,4,171.851832
-1.262424,2,171.870832
-3.711253,4,171.914832
-1.172714,2,171.934832
-3.743613,4,171.980832
-1.233067,2,172.000831
-1.141893,2,172.023832
-2.368118,3,172.054831
-1.224414,2,172.079832
-2.401069,3,172.109832
-1.136876,2,172.131832
-2.3905,3,172.160831
-2.484664,3,172.194831
-2.329242,3,172.225832
-2.539944,3,172.254834
-2.338834,3,172.28734
-2.300372,3,172.32234
-1.184436,2,172.344338
-1.214337,2,172.364489
-2.413712,3,172.395489
-2.452944,3,172.42949
-2.443551,3,172.46049
-3.625096,4,172.501489
-2.411707,3,172.533489
-2.430165,3,172.568489
-0.091288,1,172.579489
-2.516465,3,172.61049
-2.531717,3,172.642547
-3.60809,4,172.689548
-0.097415,1,172.700548
-3.667869,4,172.741548
-3.575438,4,172.784765
-2.334516,3,172.817763
-0.093199,1,172.828765
-3.640497,4,172.869975
-3.712035,4,172.910976
-3.69482,4,172.954975
-3.585635,4,172.999976
-0.067148,1,173.009975
-2.517422,3,173.040977
-2.462276,3,173.075976
-3.586544,4,173.117976
-0.070885,1,173.127977
-1.171063,2,173.147977
-0.043075,1,173.161975
-0.080345,1,173.172976
-3.68889,4,173.212975
-2.501578,3,173.245975
-3.646743,4,173.290976
-2.58656,3,173.321976
-3.561631,4,173.364975
-2.396197,3,173.395975
-1.270122,2,173.420486
-3.575782,4,173.463488
-2.456486,3,173.494486
-0.063519,1,173.505487
-2.408492,3,173.539487
-2.31333,3,173.571486
-0.053872,1,173.582486
-1.200503,2,173.604486
-2.497281,3,173.639486
-2.436981,3,173.672487
-2.458443,3,173.703489
-2.43447,3,173.735487
-2.511757,3,173.774487
-3.674974,4,173.81766
-1.254229,2,173.83966
-1.167448,2,173.861789
-2.442448,3,173.896791
-1.187959,2,173.917789
-3.653906,4,173.958789
-3.64502,4,174.000789
-2.379845,3,174.03579
-3.576828,4,174.076789
-1.16396,2,174.09779
-2.317691,3,174.129789
-1.24856,2,174.15379
-3.699511,4,174.195789
-2.41899,3,174.22879
-2.405187,3,174.26079
-1.16732,2,174.286789
-3.638286,4,174.32879
-3.833294,4,174.376789
-1.286322,2,174.39679
-0.081807,1,174.41079
-2.34298,3,174.44479
-2.48775,3,174.475789
-0.060221,1,174.486789
-3.690415,4,174.53179
-1.172333,2,174.553793
-3.72172,4,174.5963
-1.130391,2,174.616298
-2.344605,3,174.652299
-3.722746,4,174.692297
-2.593214,3,174.7243
-1.26088,2,174.745297
-3.568418,4,174.7923
-2.458385,3,174.822298
-2.503203,3,174.856297
-3.649499,4,174.897298
-2.473891,3,174.932298
-2.466894,3,174.962297
-1.227454,2,174.983298
-0.073826,1,174.993298
-1.253608,2,175.018298
-3.631578,4,175.060299
-2.48017,3,175.089298
-2.492868,3,175.122299
-1.248133,2,175.146297
-3.578096,4,175.187298
-1.30079,2,175.209299
-1.203234,2,175.230298
-2.436064,3,175.263298
-0.038651,1,175.273298
-0.07803,1,175.2843
-2.546815,3,175.317297
-0.063089,1,175.331298
-1.249657,2,175.351298
-3.739797,4,175.394298
-1.248539,2,175.415297
-3.640036,4,175.461298
-2.366187,3,175.492299
-2.42488,3,175.523299
-1.175847,2,175.546298
-3.607462,4,175.591298
-2.462215,3,175.620298
-0.084572,1,175.631298
-2.497934,3,175.663299
-2.390413,3,175.698301
-3.609365,4,175.739887
-1.236983,2,175.763886
-2.466227,3,175.793887
-3.533845,4,175.838887
-2.376586,3,175.869886
-2.490148,3,175.903887
-3.7574,4,175.944118
-2.442481,3,175.978123
-3.575217,4,176.02012
-2.457043,3,176.050118
-2.577681,3,176.083323
-0.078271,1,176.104325
-3.604849,4,176.148324
-1.200594,2,176.169323
-3.600226,4,176.209324
-2.474273,3,176.244324
-3.674095,4,176.286324
-2.37697,3,176.320324
-0.068354,1,176.329324
-2.32666,3,176.365324
-3.69527,4,176.407325
-3.873408,4,176.449325
-3.572599,4,176.490324
-2.560293,3,176.525324
-2.479023,3,176.556325
-3.641595,4,176.596325
-2.306914,3,176.627324
-2.533375,3,176.662323
-1.191992,2,176.681325
-1.244732,2,176.701324
-3.645019,4,176.742324
-2.490268,3,176.777324
-3.552562,4,176.818324
-1.237356,2,176.837328
-1.248378,2,176.861833
-2.338699,3,176.899833
-2.414725,3,176.928834
-2.476425,3,176.962832
-3.605817,4,177.003834
-0.059634,1,177.016834
-0.072904,1,177.026833
-0.084292,1,177.037834
-2.492491,3,177.070918
-0.040919,1,177.08492
-3.69503,4,177.125919
-3.773369,4,177.166054
-3.781362,4,177.209054
-2.486867,3,177.245053
-2.522754,3,177.276053
-3.659667,4,177.318053
-0.052422,1,177.329054
-3.645838,4,177.375053
-0.028851,1,177.387054
-2.45558,3,177.419054
-1.242297,2,177.439053
-3.688777,4,177.485148
-1.18901,2,177.507147
-3.872797,4,177.549148
-2.396299,3,177.578267
-2.451463,3,177.612261
-1.263418,2,177.633263
-3.608255,4,177.672261
-2.435503,3,177.701261
-1.193656,2,177.729261
-2.42306,3,177.760564
-2.416094,3,177.792563
-2.523225,3,177.824564
-2.509926,3,177.860565
-3.645509,4,177.900563
-3.694637,4,177.943651
-3.60754,4,177.984369
-3.599101,4,178.031375
-2.552469,3,178.064373
-1.196407,2,178.086374
-3.713518,4,178.128372
-1.211607,2,178.152373
-0.031922,1,178.163373
-1.194389,2,178.184373
-1.227297,2,178.206373
-1.238619,2,178.230373
-1.288088,2,178.251373
-2.370182,3,178.283373
-1.166927,2,178.304555
-3.698992,4,178.351555
-2.532222,3,178.384555
-2.479964,3,178.416555
-0.054793,1,178.426554
-0.088674,1,178.440554
-2.304957,3,178.473554
-1.146083,2,178.495554
-2.512215,3,178.525555
-0.057302,1,178.538555
-1.160131,2,178.559554
-2.399514,3,178.591556
-2.4113,3,178.626555
-2.479658,3,178.662554
-1.203019,2,178.682555
-2.380315,3,178.714556
-1.1714,2,178.734554
-1.161406,2,178.758555
-0.097749,1,178.769554
-1.261558,2,178.790554
-3.656329,4,178.834554
-3.701762,4,178.882554
-2.446035,3,178.913554
-2.36427,3,178.948555
-0.073045,1,178.959554
-1.227326,2,178.984555
-1.215818,2,179.007555
-2.387345,3,179.039554
-3.572904,4,179.080555
-2.461203,3,179.114557
-2.451538,3,179.147064
-0.089501,1,179.158065
-2.369918,3,179.190065
-2.43456,3,179.225065
-1.251002,2,179.246066
-2.367477,3,179.276064
-2.457682,3,179.306065
-1.169281,2,179.331064
-2.338351,3,179.363066
-3.697105,4,179.404066
-1.146924,2,179.425066
-2.342122,3,179.458064
-1.266133,2,179.481065
-0.078511,1,179.492065
-1.257956,2,179.514067
-2.410452,3,179.549065
-2.462594,3,179.580136
-2.422671,3,179.611137
-0.064257,1,179.622136
-2.391496,3,179.658136
-1.243893,2,179.678137
-2.491008,3,179.711137
-1.254333,2,179.731136
-2.354811,3,179.765136
-0.024142,1,179.776138
-1.153613,2,179.798138
-3.630625,4,179.839136
-3.575623,4,179.883303
-2.4719,3,179.913303
-1.256591,2,179.934304
-2.395848,3,179.966304
-2.50029,3,180.001304
-1.208512,2,180.024304
-2.386824,3,180.055303
-2.469898,3,180.085304
-2.517847,3,180.122304
-1.224749,2,180.144305
-0.029326,1,180.155303
-3.622707,4,180.195303
-2.406012,3,180.228303
-0.059735,1,180.240303
-3.563587,4,180.282811
-2.401195,3,180.313812
-2.528277,3,180.348812
-2.528967,3,180.379374
-3.791382,4,180.421448
-1.214532,2,180.440448
-1.145661,2,180.467449
-2.554222,3,180.499448
-1.241071,2,180.518448
-2.538218,3,180.551448
-3.643832,4,180.600448
-1.261727,2,180.622448
-1.256248,2,180.643449
-2.456295,3,180.675448
-2.531746,3,180.713449
-2.470041,3,180.745448
-0.042144,1,180.755448
-0.049856,1,180.766448
-3.651888,4,180.813448
-2.373513,3,180.844447
-2.388339,3,180.87487
-2.397664,3,180.905871
-0.08419,1,180.922872
-2.473757,3,180.952871
-2.393215,3,180.982871
-2.496835,3,181.014871
-2.351151,3,181.049871
-3.662249,4,181.09087
-1.146064,2,181.113873
-2.500256,3,181.143871
-3.76804,4,181.18987
-2.329387,3,181.221871
-2.444423,3,181.252872
-0.077287,1,181.26287
-1.189722,2,181.285872
-3.573774,4,181.326871
-0.098278,1,181.338871
-3.616945,4,181.380871
-2.398002,3,181.41838
-3.653864,4,181.461385
-0.094975,1,181.472378
-1.2666,2,181.494378
-1.205412,2,181.519378
-0.042076,1,181.530379
-2.337466,3,181.562379
-2.504641,3,181.59238
-0.056353,1,181.609378
-2.470099,3,181.640378
-1.246614,2,181.662379
-0.054152,1,181.673379
-3.538311,4,181.731378
-3.651071,4,181.777378
-2.460979,3,181.814378
-3.591205,4,181.867379
-3.681348,4,181.928379
-0.086852,1,181.945378
-3.719601,4,182.003379
-3.604256,4,182.048379
-2.53335,3,182.094379
-3.5717,4,182.144379
-3.712336,4,182.183925
-1.186125,2,182.210926
-2.438771,3,182.248924
-1.179818,2,182.269924
-2.364016,3,182.308925
-2.518002,3,182.356925
-2.497007,3,182.397925
-3.8215,4,182.456924
-2.34196,3,182.489925
-2.479955,3,182.520926
-3.764279,4,182.581728
-2.350905,3,182.615729
-2.488504,3,182.650729
-2.345218,3,182.686728
-2.327658,3,182.723729
-2.405508,3,182.767729
-0.064242,1,182.780729
-3.636218,4,182.834728
-3.774463,4,182.887728
-1.270138,2,182.91673
-2.5574,3,182.959729
-0.073896,1,182.969728
-0.066645,1,182.98573
-3.619909,4,183.03073
-3.822132,4,183.072728
-1.182936,2,183.10173
-1.250863,2,183.133729
-1.241401,2,183.162729
-1.200211,2,183.184908
-1.194835,2,183.210908
-2.500709,3,183.251907
-3.757038,4,183.293907
-1.271302,2,183.318907
-0.086277,1,183.328907
-3.589292,4,183.381907
-1.17478,2,183.405908
-3.695057,4,183.454908
-2.410526,3,183.491908
-2.363755,3,183.537908
-2.485431,3,183.573909
-2.346078,3,183.618908
-2.509891,3,183.664419
-3.720472,4,183.715417
-1.133322,2,183.745417
-3.606083,4,183.785419
-1.253446,2,183.808418
-1.140172,2,183.834417
-0.018449,1,183.846417
-0.081963,1,183.858417
-0.069778,1,183.869418
-3.749636,4,183.922632
-1.238818,2,183.943723
-1.192293,2,183.968725
-2.500572,3,184.006724
-1.17776,2,184.036724
-1.276582,2,184.065723
-0.079637,1,184.082724
-3.591496,4,184.143724
-3.582501,4,184.200724
-2.467709,3,184.246724
-1.222892,2,184.266724
-2.347353,3,184.300724
-2.514461,3,184.340724
-2.469544,3,184.372725
-2.408267,3,184.41297
-0.080066,1,184.422971
-2.535973,3,184.46297
-3.753171,4,184.51197
-2.37846,3,184.552969
-3.640479,4,184.601971
-3.605273,4,184.659969
-2.459248,3,184.69297
-1.13356,2,184.71397
-3.71388,4,184.758969
-3.743509,4,184.808478
-2.372851,3,184.845657
-2.391042,3,184.878657
-3.575688,4,184.928657
-0.098846,1,184.944658
-2.464879,3,184.980656
-2.317195,3,185.023658
-1.289524,2,185.046656
-1.232104,2,185.075657
-3.712113,4,185.126656
-0.079273,1,185.138657
-1.219542,2,185.159657
-1.1884,2,185.186796
-3.744047,4,185.237885
-1.155349,2,185.269886
-0.053446,1,185.283043
-2.440718,3,185.327042
-3.711387,4,185.380045
-3.592167,4,185.434042
-3.626057,4,185.488042
-2.360172,3,185.525043
-0.088003,1,185.538043
-0.076704,1,185.552042
-0.077656,1,185.563042
-3.635713,4,185.616042
-1.207676,2,185.647042
-0.067221,1,185.667042
-3.712663,4,185.720042
-2.407245,3,185.758043
-2.348474,3,185.798042
-2.370311,3,185.832041
-3.828895,4,185.876042
-1.181509,2,185.907043
-2.340987,3,185.953952
-0.099833,1,185.967952
-2.368339,3,186.006196
-1.233294,2,186.072195
-2.44831,3,186.124195
-1.232996,2,186.151195
-3.585752,4,186.204194
-1.269785,2,186.237194
-2.457143,3,186.275193
-1.194712,2,186.294194
-2.347243,3,186.332194
-3.769766,4,186.392195
-2.454912,3,186.427194
-0.052026,1,186.439194
-2.445631,3,186.490194
-3.696296,4,186.554196
-2.384379,3,186.608195
-2.368389,3,186.652195
-0.013513,1,186.665195
-2.371742,3,186.710194
-3.583189,4,186.755196
-0.088436,1,186.766194
-1.266507,2,186.791195
-1.254962,2,186.819194
-2.342337,3,186.860194
-1.158865,2,186.883194
-0.082763,1,186.894194
-1.202626,2,186.929193
-3.596673,4,186.985194
-2.40283,3,187.016194
-2.314035,3,187.049194
-2.427999,3,187.086197
-1.156979,2,187.112704
-1.157897,2,187.136855
-1.218768,2,187.164855
-2.51828,3,187.200856
-3.730635,4,187.262856
-2.378331,3,187.311968
-2.397814,3,187.360967
-1.156219,2,187.389968
-3.699778,4,187.437968
-3.716085,4,187.489968
-0.083808,1,187.505967
-2.449269,3,187.548968
-1.24655,2,187.575967
-3.611899,4,187.647968
-2.497073,3,187.692969
-3.78875,4,187.75397
-1.14042,2,187.782967
-2.408468,3,187.821967
-2.383037,3,187.870967
-2.465923,3,187.917073
-3.634411,4,187.969072
-2.367795,3,188.003072
-2.353644,3,188.039071
-0.066443,1,188.054071
-2.376165,3,188.084131
-1.278967,2,188.105131
-3.598926,4,188.163131
-1.241924,2,188.201131
-3.741958,4,188.243639
-2.485578,3,188.276638
-2.41044,3,188.320638
-2.460957,3,188.359638
-1.146844,2,188.389639
-2.476232,3,188.424729
-2.372108,3,188.455787
-2.391775,3,188.492877
-1.234712,2,188.516876
-2.419423,3,188.550005
-2.361806,3,188.583004
-2.495382,3,188.619004
-2.433113,3,188.650171
-3.646157,4,188.6968
-1.170229,2,188.717799
-2.539252,3,188.750799
-1.276778,2,188.7738
-3.565574,4,188.8178
-1.196871,2,188.838799
-0.056154,1,188.8528
-1.172211,2,188.873801
-2.45233,3,188.908799
-3.612285,4,188.9508
-3.753485,4,188.997918
-1.249133,2,189.020917
-2.341204,3,189.05304
-2.45673,3,189.084041
-2.352158,3,189.120398
-2.54562,3,189.153398
-2.499451,3,189.184398
-2.480697,3,189.217399
-2.451721,3,189.253398
-3.766588,4,189.295399
-2.354432,3,189.327399
-1.247006,2,189.350398
-2.439093,3,189.386906
-3.801057,4,189.430094
-1.175691,2,189.452093
-3.580889,4,189.496094
-2.563885,3,189.535095
-1.203656,2,189.554093
-1.154312,2,189.575094
-3.59774,4,189.620094
-1.256206,2,189.644094
-2.48314,3,189.676095
-0.038871,1,189.687094
-1.189653,2,189.709094
-1.171209,2,189.734094
-1.21913,2,189.756094
-1.248776,2,189.778094
-3.85196,4,189.822093
-0.078276,1,189.837094
-3.542712,4,189.880096
-3.608731,4,189.923093
-3.630895,4,189.967094
-1.191709,2,189.994093
-3.709305,4,190.037094
-3.733017,4,190.078094
-2.424281,3,190.110095
-2.380748,3,190.146094
-2.396822,3,190.177093
-3.612046,4,190.219094
-2.550541,3,190.252094
-2.469361,3,190.287093
-2.491275,3,190.319095
-3.67027,4,190.367093
-2.394161,3,190.399266
-1.233652,2,190.422264
-2.436687,3,190.457264
-1.161679,2,190.479265
-1.233587,2,190.500263
-1.271515,2,190.526264
-2.421999,3,190.561265
-2.472916,3,190.596774
-2.484763,3,190.629773
-0.063946,1,190.642908
-1.275347,2,190.667907
-1.191684,2,190.688909
-1.203036,2,190.711909
-1.296053,2,190.736908
-0.046343,1,190.746907
-2.453726,3,190.779908
-2.48851,3,190.813908
-2.405857,3,190.849907
-2.409411,3,190.88398
-0.03883,1,190.89498
-1.264915,2,190.915978
-3.617139,4,190.962979
-2.484024,3,190.994134
-0.041253,1,191.005134
-0.092683,1,191.015134
-2.532154,3,191.051135
-1.154557,2,191.075134
-2.39042,3,191.107134
-2.519635,3,191.141133
-2.407743,3,191.175287
-1.280763,2,191.197285
-3.812509,4,191.241287
-2.405171,3,191.273288
-3.738625,4,191.321287
-0.09242,1,191.333351
-3.533342,4,191.375571
-0.057899,1,191.386571
-2.445836,3,191.423572
-3.646394,4,191.468572
-2.479243,3,191.500572
-3.573128,4,191.543571
-3.709333,4,191.591572
-0.093101,1,191.601571
-2.537375,3,191.634571
-2.436511,3,191.666571
-2.39615,3,191.704572
-2.433048,3,191.735572
-0.059996,1,191.746572
-3.839881,4,191.790575
-0.098336,1,191.807086
-2.318232,3,191.840082
-2.34768,3,191.873081
-1.207208,2,191.894083
-2.395477,3,191.930082
-3.70658,4,191.973083
-2.399133,3,192.007082
-0.046339,1,192.018081
-3.635231,4,192.064081
-1.208584,2,192.085176
-3.663246,4,192.129175
-2.507006,3,192.162311
-3.880858,4,192.209396
-2.489508,3,192.239395
-2.486356,3,192.272395
-1.220884,2,192.292395
-2.308831,3,192.330396
-2.437139,3,192.362396
-0.095373,1,192.373396
-2.485157,3,192.403666
-2.485759,3,192.440665
-2.613072,3,192.473666
-3.545384,4,192.515665
-3.673419,4,192.557666
-1.225641,2,192.580665
-2.419598,3,192.612666
-3.656219,4,192.656665
-3.77414,4,192.697666
-2.374205,3,192.732665
-2.403024,3,192.765667
-0.086788,1,192.777665
-2.330275,3,192.808665
-3.637509,4,192.856665
-2.559622,3,192.887665
-2.341951,3,192.918666
-0.088953,1,192.927672
-2.432941,3,192.966278
-3.686236,4,193.008277
-1.196376,2,193.028278
-2.529202,3,193.060277
-2.34863,3,193.102277
-2.366243,3,193.133335
-3.637118,4,193.174491
-2.353809,3,193.21049
-0.067507,1,193.224491
-2.510183,3,193.255491
-1.171302,2,193.276592
-2.456275,3,193.308592
-0.09877,1,193.323593
-2.43571,3,193.355593
-0.027038,1,193.367592
-3.659079,4,193.410733
-2.419186,3,193.447731
-3.622348,4,193.488731
-0.09617,1,193.500732
-2.395206,3,193.534731
-1.255897,2,193.561732
-3.794571,4,193.602731
-1.182356,2,193.624732
-1.166985,2,193.647732
-2.437594,3,193.684732
-1.196037,2,193.704732
-3.543254,4,193.749732
-1.305481,2,193.771731
-2.355081,3,193.812732
-1.239371,2,193.835734
-2.430013,3,193.868732
-3.607009,4,193.912732
-1.284776,2,193.935732
-3.699225,4,193.999731
-2.45181,3,194.035731
-2.515887,3,194.071731
-3.660345,4,194.130242
-3.617241,4,194.184242
-2.527875,3,194.22224
-0.040739,1,194.23224
-2.393322,3,194.26724
-3.683161,4,194.328241
-0.08361,1,194.345243
-2.400546,3,194.398242
-0.068975,1,194.419241
-2.488509,3,194.45124
-2.489231,3,194.48524
-1.213942,2,194.51124
-3.636677,4,194.558241
-2.324198,3,194.594403
-2.415381,3,194.630403
-2.319174,3,194.665403
-3.559722,4,194.716402
-3.587971,4,194.766402
-1.256843,2,194.786485
-0.06631,1,194.797485
-0.069625,1,194.811487
-3.721418,4,194.852486
-2.469165,3,194.882559
-0.013912,1,194.89356
-1.149944,2,194.91856
-2.48484,3,194.952654
-0.061481,1,194.963654
-2.369771,3,194.994925
-3.774917,4,195.039927
-0.085191,1,195.052925
-2.454056,3,195.082925
-3.569344,4,195.123926
-2.514101,3,195.159926
-1.244242,2,195.181925
-3.778797,4,195.222925
-2.450804,3,195.251927
-0.038702,1,195.269433
-1.165187,2,195.298433
-1.240527,2,195.322433
-2.418444,3,195.35251
-2.324564,3,195.39351
-0.026027,1,195.40451
-2.467256,3,195.43751
-1.281252,2,195.459657
-3.674764,4,195.515657
-3.744401,4,195.568656
-2.311315,3,195.604656
-2.42417,3,195.636657
-0.035489,1,195.65074
-2.365198,3,195.68174
-1.201489,2,195.70374
-3.59782,4,195.744741
-0.082337,1,195.758741
-1.230054,2,195.780742
-3.703127,4,195.823811
-3.852073,4,195.871811
-2.509574,3,195.906812
-3.584096,4,195.94813
-3.878937,4,195.990131
-1.250321,2,196.012131
-3.623513,4,196.060131
-2.386279,3,196.094131
-2.541322,3,196.12713
-3.54271,4,196.17013
-3.679947,4,196.21713
-2.430119,3,196.24813
-2.319627,3,196.28013
-2.563412,3,196.31213
-3.667072,4,196.35713
-2.468755,3,196.38913
-0.016147,1,196.400134
-1.232537,2,196.42464
-0.052629,1,196.437639
-1.151321,2,196.458639
-1.170737,2,196.481639
-3.603955,4,196.52464
-3.778424,4,196.569639
-2.339272,3,196.601639
-1.177663,2,196.622639
-2.382885,3,196.656639
-2.466139,3,196.691639
-2.472072,3,196.724639
-1.171758,2,196.745638
-2.454361,3,196.776639
-3.605191,4,196.82764
-2.466205,3,196.860639
-1.211388,2,196.887872
-3.699748,4,196.92987
-1.231972,2,196.954104
-3.584017,4,196.999104
-3.835998,4,197.041104
-1.209106,2,197.062107
-2.430176,3,197.097104
-1.128941,2,197.118104
-3.696555,4,197.161104
-0.088213,1,197.172105
-1.246503,2,197.198104
-2.486335,3,197.233105
-0.076703,1,197.244105
-0.01037,1,197.254104
-2.376903,3,197.288105
-2.4688,3,197.318105
-2.445616,3,197.351104
-1.160921,2,197.373105
-1.228492,2,197.397104
-3.659329,4,197.441105
-2.56032,3,197.473105
-3.571717,4,197.515104
-0.067063,1,197.530107
-1.185618,2,197.557615
-2.423752,3,197.593615
-2.361438,3,197.628613
-2.538562,3,197.667614
-1.163386,2,197.691615
-2.479046,3,197.722726
-0.057769,1,197.733726
-2.356557,3,197.769727
-2.468765,3,197.803726
-0.088086,1,197.818727
-3.770063,4,197.863726
-2.48499,3,197.897726
-3.7028,4,197.938727
-1.219975,2,197.958726
-2.332299,3,197.991726
-2.561119,3,198.029726
-3.682189,4,198.072832
-2.366632,3,198.104832
-2.383176,3,198.137833
-1.181315,2,198.161833
-1.272505,2,198.18506
-1.249466,2,198.205304
-3.672251,4,198.247304
-1.253674,2,198.273304
-2.421545,3,198.304305
-2.469066,3,198.333304
-2.524637,3,198.365304
-2.408968,3,198.400306
-1.165902,2,198.420305
-1.206065,2,198.446304
-2.344069,3,198.478304
-3.80378,4,198.524306
-2.522711,3,198.556304
-0.067636,1,198.567304
-3.713919,4,198.608305
-3.625864,4,198.653304
-1.185512,2,198.674304
-1.15376,2,198.695972
-3.772041,4,198.738973
-2.415966,3,198.776972
-1.217913,2,198.800133
-3.599336,4,198.846134
-2.410419,3,198.878133
-2.415138,3,198.924132
-2.548274,3,198.958134
-1.219341,2,198.982133
-3.815204,4,199.025133
-2.334919,3,199.060132
-3.573474,4,199.102133
-2.396249,3,199.134133
-1.256529,2,199.154589
-3.775515,4,199.20559
-3.679687,4,199.249592
-2.464971,3,199.28059
-1.193716,2,199.30059
-2.47555,3,199.342589
-2.471173,3,199.373589
-2.321661,3,199.40259
-2.325677,3,199.433589
-2.471254,3,199.46859
-1.193588,2,199.486591
-3.674996,4,199.52159
-2.335907,3,199.548589
-2.49136,3,199.57959
-0.024449,1,199.58959
-2.346885,3,199.617589
-1.262699,2,199.63559
-1.227222,2,199.66059
-1.263848,2,199.679589
-3.532774,4,199.71359
-2.544833,3,199.739589
-2.441655,3,199.77159
-3.582963,4,199.807591
-1.191828,2,199.82559
-3.739422,4,199.862592
-2.403816,3,199.896097
-3.68545,4,199.932097
-3.591368,4,199.967096
-2.504587,3,199.994097
-2.394125,3,200.025099
-1.174098,2,200.044097
-2.444404,3,200.071097
-1.229733,2,200.088097
-2.446,3,200.120098
-3.771141,4,200.156192
-3.696702,4,200.190192
-1.22318,2,200.210192
-3.66125,4,200.249193
-2.430018,3,200.275192
-3.625864,4,200.311192
-2.519015,3,200.338192
-3.561268,4,200.377192
-3.663535,4,200.412192
-3.620542,4,200.450192
-2.508425,3,200.476192
-0.042096,1,200.490192
-2.40789,3,200.517192
-2.382507,3,200.547192
-3.784778,4,200.583193
-3.710395,4,200.626193
-2.43723,3,200.653192
-3.547044,4,200.687192
-0.071715,1,200.697192
-2.403117,3,200.729192
-2.514427,3,200.756192
-2.454999,3,200.784193
-2.542942,3,200.810194
-3.794371,4,200.851192
-2.490714,3,200.879192
-3.608416,4,200.915192
-1.216431,2,200.932194
-1.252384,2,200.953264
-1.199532,2,200.972264
-1.204998,2,200.992264
-2.489466,3,201.024266
-3.603011,4,201.071777
-3.638561,4,201.115776
-3.675307,4,201.156775
-0.068533,1,201.166775
-2.347881,3,201.204774
-3.595544,4,201.244776
-3.683689,4,201.285774
-0.063694,1,201.295775
-2.545998,3,201.332775
-2.339761,3,201.364775
-1.208981,2,201.385774
-3.645343,4,201.428775
-3.634712,4,201.474774
-2.485356,3,201.505775
-3.600213,4,201.547774
-2.480999,3,201.577776
-0.021256,1,201.594775
-0.027329,1,201.604775
-3.614123,4,201.650776
-2.487507,3,201.68492
-3.832343,4,201.731083
-2.458532,3,201.762236
-2.507501,3,201.792392
-1.2379,2,201.815392
-2.400743,3,201.853391
-1.247325,2,201.875392
-3.650387,4,201.916391
-3.677008,4,201.959392
-1.239402,2,201.983393
-1.198323,2,202.005392
-2.355635,3,202.037393
-2.534875,3,202.070392
-2.407094,3,202.107392
-1.210507,2,202.128392
-1.209334,2,202.150392
-1.195569,2,202.171394
-3.725863,4,202.220899
-1.223266,2,202.242898
-3.590844,4,202.284899
-2.558546,3,202.316898
-2.333006,3,202.352899
-1.216001,2,202.373899
-2.46706,3,202.406899
-3.722734,4,202.448898
-1.234027,2,202.473899
-1.273046,2,202.496899
-3.626004,4,202.540898
-2.449908,3,202.570899
-3.633693,4,202.617898
-1.262513,2,202.636898
-0.040634,1,202.647898
-3.598949,4,202.688899
-0.023784,1,202.704899
-2.524579,3,202.738899
-3.687601,4,202.780899
-2.393532,3,202.813899
-1.282096,2,202.839898
-0.094912,1,202.849898
-1.250631,2,202.869899
-0.078527,1,202.880898
-2.467018,3,202.916899
-3.617244,4,202.958898
-3.663079,4,202.999898
-2.434004,3,203.029899
-2.539997,3,203.065899
-1.270088,2,203.084899
-2.583538,3,203.117899
-1.14902,2,203.137901
-2.535298,3,203.175899
-3.732953,4,203.216898
-2.429208,3,203.247898
-2.450878,3,203.279898
-3.604378,4,203.327408
-0.05838,1,203.338408
-3.588813,4,203.381406
-1.277377,2,203.402406
-2.489042,3,203.437408
-1.155149,2,203.458406
-1.258359,2,203.478407
-2.398241,3,203.509406
-1.279349,2,203.533407
-2.508122,3,203.564407
-2.499792,3,203.596406
-1.235294,2,203.616407
-3.678389,4,203.665407
-2.424945,3,203.695406
-2.475179,3,203.728408
-1.120308,2,203.748688
-2.473172,3,203.784689
-2.463748,3,203.817689
-3.596454,4,203.857689
-0.017123,1,203.868689
-2.470683,3,203.903689
-1.162698,2,203.923691
-3.778692,4,203.966689
-3.669604,4,204.009689
-1.24392,2,204.03769
-1.266499,2,204.059689
-3.564596,4,204.103689
-2.422384,3,204.135689
-1.223122,2,204.18769
-0.068758,1,204.21169
-2.535486,3,204.26469
-2.358673,3,204.30669
-2.411625,3,204.343689
-1.254017,2,204.364689
-0.099373,1,204.37569
-1.205054,2,204.398688
-1.203705,2,204.42569
-0.080549,1,204.436693
-2.428059,3,204.471224
-3.666215,4,204.521224
-2.402808,3,204.558223
-2.417819,3,204.595348
-0.084481,1,204.606347
-1.195663,2,204.627469
-1.21628,2,204.651659
-1.2242,2,204.673659
-1.173446,2,204.695659
-2.508432,3,204.726658
-0.042046,1,204.740658
-1.189967,2,204.761658
-3.878408,4,204.803658
-2.461939,3,204.835658
-2.443264,3,204.868658
-0.045461,1,204.879658
-1.26591,2,204.899658
-2.337768,3,204.931659
-1.188795,2,204.955658
-1.290691,2,204.974658
-2.346197,3,205.006658
-2.529894,3,205.037658
-2.45094,3,205.072659
-0.056931,1,205.082659
-0.064794,1,205.093659
-1.171322,2,205.113793
-2.512152,3,205.148793
-0.088469,1,205.160793
-0.081637,1,205.171792
-1.195292,2,205.190792
-2.406688,3,205.225793
-1.213299,2,205.247792
-1.197844,2,205.268792
-3.707729,4,205.312795
-2.465984,3,205.348792
-3.642834,4,205.392792
-2.529891,3,205.421793
-3.771295,4,205.465793
-2.434514,3,205.506793
-2.411137,3,205.537795
-1.206789,2,205.558793
-3.80119,4,205.603304
-2.514589,3,205.6393
-3.558603,4,205.681361
-3.733118,4,205.723551
-0.04045,1,205.733551
-2.443623,3,205.769553
-1.243905,2,205.789551
-2.365109,3,205.823551
-1.192155,2,205.844552
-2.475234,3,205.880551
-2.417981,3,205.912551
-1.239173,2,205.934551
-3.728648,4,205.976552
-2.425043,3,206.012551
-1.209249,2,206.035551
-2.359607,3,206.066551
-0.070903,1,206.077553
-3.648977,4,206.124551
-2.374666,3,206.156552
-3.717322,4,206.196552
-1.270947,2,206.21655
-2.375415,3,206.251551
-3.640784,4,206.291551
-2.450221,3,206.323616
-2.348667,3,206.354616
-0.081834,1,206.369617
-2.355974,3,206.398615
-1.23062,2,206.419617
-3.618692,4,206.460617
-2.452647,3,206.498616
-1.19817,2,206.520616
-2.537519,3,206.551617
-2.568533,3,206.582695
-2.482236,3,206.617692
-3.710538,4,206.660692
-2.336632,3,206.692774
-2.504405,3,206.723776
-3.645893,4,206.771283
-2.557131,3,206.803283
-2.519748,3,206.834283
-3.599939,4,206.877381
-1.155856,2,206.904381
-1.199504,2,206.924381
-3.747586,4,206.96538
-3.584576,4,207.004382
-2.316626,3,207.04038
-2.450731,3,207.070381
-2.413403,3,207.102381
-2.54501,3,207.13438
-1.234639,2,207.15938
-0.078326,1,207.17038
-2.515108,3,207.20038
-2.38189,3,207.233381
-0.058428,1,207.24938
-3.584558,4,207.29338
-1.175404,2,207.31738
-3.678943,4,207.36038
-2.438089,3,207.397382
-1.281643,2,207.417482
-0.059753,1,207.429483
-1.210078,2,207.451483
-2.407828,3,207.486484
-1.246077,2,207.508482
-2.380737,3,207.539483
-2.563255,3,207.573482
-3.647045,4,207.617629
-2.417234,3,207.649628
-2.560528,3,207.684628
-1.263368,2,207.705628
-2.329741,3,207.74263
-0.050295,1,207.752628
-0.092034,1,207.763629
-0.081182,1,207.776628
-2.370644,3,207.811628
-1.264254,2,207.832629
-2.466697,3,207.862632
-0.047101,1,207.873138
-2.514806,3,207.909138
-2.503781,3,207.940139
-2.432458,3,207.971138
-2.46329,3,208.004139
-2.368001,3,208.040138
-3.58912,4,208.084139
-3.591032,4,208.127139
-2.506089,3,208.158139
-1.251802,2,208.18114
-3.685328,4,208.240141
-2.552322,3,208.29014
-1.254004,2,208.32314
-3.688706,4,208.374139
-1.22715,2,208.399139
-2.617098,3,208.429288
-3.596948,4,208.473288
-2.413022,3,208.512288
-2.351205,3,208.547288
-1.27649,2,208.570288
-1.273668,2,208.594288
-0.087688,1,208.607288
-1.218659,2,208.628288
-2.46491,3,208.662287
-3.717964,4,208.704289
-1.156673,2,208.728288
-2.362654,3,208.760287
-0.080105,1,208.771288
-3.615292,4,208.812288
-2.494074,3,208.848288
-3.72946,4,208.891287
-1.22841,2,208.911288
-0.059958,1,208.921288
-1.156852,2,208.945288
-2.614489,3,208.978288
-2.593219,3,209.008288
-2.420462,3,209.037287
-2.438775,3,209.073797
-3.562385,4,209.119799
-1.24281,2,209.142009
-1.16307,2,209.160009
-0.0585,1,209.175009
-2.381398,3,209.207011
-1.255895,2,209.230008
-3.70125,4,209.269402
-3.873389,4,209.315401
-3.612232,4,209.355401
-1.27888,2,209.376402
-2.522134,3,209.409401
-2.541636,3,209.451401
-3.719925,4,209.492402
-2.453269,3,209.523403
-1.185342,2,209.544401
-1.231151,2,209.568401
-2.353033,3,209.599401
-0.093957,1,209.609401
-2.40155,3,209.641401
-1.240126,2,209.6664
-2.494814,3,209.6964
-0.098505,1,209.707402
-1.279183,2,209.727401
-2.375607,3,209.763405
-1.260511,2,209.7844
-2.398949,3,209.816401
-2.602169,3,209.847401
-2.462519,3,209.884401
-0.055733,1,209.894406
-2.333397,3,209.926402
-2.416752,3,209.956401
-2.378505,3,209.993402
-2.416078,3,210.023402
-3.811508,4,210.063401
-3.600715,4,210.107403
-3.569582,4,210.1554
-3.634294,4,210.197403
-2.441002,3,210.22891
-3.660343,4,210.293263
-2.419335,3,210.348262
-2.521836,3,210.389262
-3.670592,4,210.435261
-3.578162,4,210.476263
-1.208348,2,210.502262
-0.035952,1,210.515261
-1.14834,2,210.536262
-2.521838,3,210.572261
-2.455242,3,210.613262
-2.459194,3,210.649409
-0.045465,1,210.659409
-3.796579,4,210.703409
-0.065388,1,210.718409
-2.394258,3,210.75841
-1.129017,2,210.783411
-0.089074,1,210.79441
-3.572255,4,210.842409
-3.650092,4,210.884409
-0.089396,1,210.89541
-1.295509,2,210.916409
-2.42432,3,210.955409
-2.392283,3,210.986409
-2.480012,3,211.018412
-3.60678,4,211.063411
-2.350748,3,211.098409
-1.124758,2,211.118409
-2.336793,3,211.149409
-2.388495,3,211.18241
-2.48654,3,211.215409
-3.60117,4,211.25741
-0.072509,1,211.267409
-0.061064,1,211.279409
-1.260612,2,211.30341
-2.468341,3,211.335409
-2.350236,3,211.364919
-1.251749,2,211.385918
-3.620151,4,211.432918
-1.214139,2,211.452919
-1.169132,2,211.471918
-3.705776,4,211.514287
-2.504709,3,211.548285
-2.513226,3,211.581287
-1.252763,2,211.604286
-3.643198,4,211.644285
-2.485667,3,211.681557
-2.354439,3,211.716556
-1.179189,2,211.736555
-3.585368,4,211.778556
-3.715801,4,211.823555
-2.373935,3,211.854555
-3.667722,4,211.894557
-1.232987,2,211.915555
-3.551648,4,211.964555
-1.218774,2,211.985555
-3.533699,4,212.026556
-0.085153,1,212.036556
-1.156625,2,212.062555
-2.381295,3,212.101556
-0.041027,1,212.112555
-2.481209,3,212.143555
-2.374448,3,212.179555
-2.363895,3,212.211555
-3.693593,4,212.250654
-0.05642,1,212.260653
-2.417484,3,212.296654
-2.512457,3,212.327654
-0.068784,1,212.338655
-1.279258,2,212.359656
-2.522425,3,212.398654
-0.042524,1,212.409654
-2.507466,3,212.440654
-2.4755,3,212.471654
-3.620152,4,212.520161
-2.426072,3,212.551162
-1.140065,2,212.57224
-1.176667,2,212.592241
-3.528987,4,212.639312
-2.383346,3,212.670424
-3.581778,4,212.713423
-1.256705,2,212.733423
-3.700688,4,212.776423
-2.351791,3,212.808423
-0.074126,1,212.820423
-3.647671,4,212.861422
-2.351901,3,212.901423
-1.148742,2,212.923422
-3.802862,4,212.964713
-1.222296,2,212.984712
-3.610683,4,213.030714
-1.229616,2,213.051713
-1.204273,2,213.071714
-2.506869,3,213.102713
-2.359658,3,213.141713
-3.60761,4,213.182713
-3.772627,4,213.223712
-2.474154,3,213.256713
-2.493948,3,213.291713
-2.510251,3,213.323714
-2.408056,3,213.354712
-2.382466,3,213.388715
-2.383294,3,213.424713
-1.169324,2,213.445713
-3.568861,4,213.488713
-0.026134,1,213.498712
-3.699831,4,213.544713
-2.349156,3,213.578712
-2.370346,3,213.613714
-0.072921,1,213.624712
-1.245053,2,213.651716
-2.552502,3,213.684221
-1.141577,2,213.707221
-1.237933,2,213.729335
-2.419445,3,213.765532
-2.464734,3,213.798528
-3.673245,4,213.840528
-3.721961,4,213.881527
-2.363777,3,213.918529
-2.431419,3,213.949528
-2.53807,3,213.981528
-3.619906,4,214.022529
-3.60964,4,214.067528
-2.34889,3,214.099528
-2.418577,3,214.132529
-1.134705,2,214.154529
-2.425309,3,214.192783
-2.480091,3,214.227785
-2.438775,3,214.262784
-1.253114,2,214.284784
-2.467499,3,214.323785
-1.273167,2,214.348786
-3.685723,4,214.392784
-2.353,3,214.424784
-0.082499,1,214.441783
-3.719553,4,214.487784
-2.37963,3,214.517784
-3.808627,4,214.559784
-2.562201,3,214.595784
-2.536302,3,214.626785
-3.666515,4,214.668988
-2.465651,3,214.700988
-2.400053,3,214.735989
-3.618553,4,214.778987
-1.248378,2,214.801989
-0.037999,1,214.811988
-3.61905,4,214.857989
-3.74777,4,214.902495
-3.683304,4,214.945655
-0.076242,1,214.955656
-2.416459,3,214.990655
-2.386226,3,215.023657
-2.459528,3,215.053655
-3.619488,4,215.095656
-1.222785,2,215.121656
-2.531614,3,215.153655
-3.719641,4,215.192655
-3.718629,4,215.234655
-1.12762,2,215.259655
-2.465424,3,215.290655
-3.563315,4,215.331656
-3.611176,4,215.371655
-2.530925,3,215.406656
-3.630535,4,215.448655
-0.045641,1,215.460655
-3.879345,4,215.501655
-3.616276,4,215.546656
-2.497532,3,215.578655
-2.369125,3,215.609656
-0.089531,1,215.619655
-1.203132,2,215.645657
-2.528498,3,215.677656
-2.461639,3,215.709655
-1.233217,2,215.732656
-3.660825,4,215.781655
-1.16517,2,215.802655
-3.577295,4,215.842655
-3.752432,4,215.885655
-3.58474,4,215.930655
-3.686976,4,215.973654
-2.477302,3,216.004656
-2.475411,3,216.035317
-2.47783,3,216.071316
-2.365483,3,216.105315
-0.021314,1,216.115443
-2.443904,3,216.145443
-3.562634,4,216.190509
-1.166843,2,216.213508
-1.255475,2,216.23284
-2.386958,3,216.264921
-1.198454,2,216.29092
-3.93892,4,216.333921
-2.345995,3,216.364921
-2.362819,3,216.395921
-1.184561,2,216.41992
-3.673977,4,216.46292
-0.094944,1,216.47192
-1.225149,2,216.493921
-2.423321,3,216.527921
-3.590835,4,216.56992
-2.529426,3,216.600921
-3.94842,4,216.64192
-1.257368,2,216.66892
-2.404863,3,216.701921
-2.403357,3,216.73192
-3.837503,4,216.773921
-2.563314,3,216.807921
-3.663551,4,216.84892
-2.37777,3,216.882923
-3.727348,4,216.922921
-2.35265,3,216.95992
-2.341448,3,216.99192
-0.055493,1,217.001921
-3.622235,4,217.04192
-0.077719,1,217.055922
-3.728752,4,217.09892
-2.387854,3,217.12892
-3.628425,4,217.172426
-2.462806,3,217.211428
-1.169956,2,217.231428
-1.229845,2,217.251552
-3.680119,4,217.293552
-2.361347,3,217.328553
-3.783598,4,217.369092
-1.190451,2,217.389091
-2.42828,3,217.421092
-2.436811,3,217.462093
-2.355999,3,217.493091
-0.062685,1,217.504091
-0.085694,1,217.515091
-2.346255,3,217.55009
-2.53694,3,217.580091
-1.223424,2,217.601092
-3.591441,4,217.642091
-2.440006,3,217.678091
-0.092345,1,217.689091
-2.458622,3,217.720091
-0.031123,1,217.73009
-1.180612,2,217.757091
-2.459098,3,217.788091
-1.243247,2,217.80809
-1.190756,2,217.829091
-0.064774,1,217.845091
-2.485157,3,217.877091
-3.537135,4,217.923091
-3.677392,4,217.964091
-3.51098,4,218.012091
-3.581757,4,218.053091
-1.183061,2,218.07309
-0.033089,1,218.085091
-3.804228,4,218.131091
-2.487678,3,218.163091
-1.249669,2,218.183092
-1.163758,2,218.204092
-1.278382,2,218.229091
-2.598793,3,218.260091
-2.344565,3,218.290092
-2.363999,3,218.324096
-1.274204,2,218.349708
-2.45265,3,218.380706
-2.535367,3,218.411706
-0.040716,1,218.422706
-2.420285,3,218.462705
-2.51833,3,218.495842
-2.462443,3,218.528841
-2.422481,3,218.559842
-1.133513,2,218.582842
-1.253838,2,218.603842
-2.371006,3,218.635841
-3.550674,4,218.677843
-1.197709,2,218.704842
-2.489041,3,218.737841
-2.455925,3,218.767841
-3.662321,4,218.809083
-2.458077,3,218.845082
-0.024683,1,218.856083
-2.474632,3,218.887083
-2.548673,3,218.918083
-1.186565,2,218.942082
-2.544505,3,218.975082
-1.25161,2,218.996085
-2.380845,3,219.028082
-2.473383,3,219.065083
-2.412065,3,219.098082
-2.484823,3,219.128083
-3.761258,4,219.171082
-1.153126,2,219.194082
-0.053167,1,219.205082
-0.091354,1,219.216082
-0.097135,1,219.227082
-0.047828,1,219.242081
-1.294144,2,219.261082
-3.688238,4,219.304082
-1.2595,2,219.325082
-2.463873,3,219.359082
-0.077474,1,219.369082
-2.36366,3,219.401082
-1.179622,2,219.423082
-2.452122,3,219.457086
-3.613304,4,219.501593
-2.522597,3,219.531594
-2.37155,3,219.564594
-3.571887,4,219.615594
-0.042541,1,219.625593
-2.366026,3,219.655593
-3.662584,4,219.697594
-2.491097,3,219.733594
-3.586572,4,219.773594
-2.41421,3,219.805593
-1.254609,2,219.826593
-2.459627,3,219.862593
-0.089504,1,219.872593
-3.758485,4,219.916096
-3.804934,4,219.957096
-3.810593,4,220.001097
-3.811608,4,220.041097
-1.252457,2,220.064097
-1.235871,2,220.085097
-2.532525,3,220.119098
-3.553185,4,220.162097
-2.382198,3,220.193096
-0.065157,1,220.204099
-1.184008,2,220.228097
-2.357931,3,220.258096
-3.85059,4,220.300096
-2.463527,3,220.332096
-1.226878,2,220.357357
-1.249976,2,220.380356
-3.683281,4,220.421358
-2.367884,3,220.454357
-3.610072,4,220.502357
-3.864874,4,220.544357
-3.585601,4,220.585357
-3.787371,4,220.629866
-1.214792,2,220.654867
-3.547826,4,220.697867
-3.769025,4,220.744866
-1.193164,2,220.767866
-1.262067,2,220.792866
-1.176333,2,220.812867
-3.724004,4,220.856867
-1.227375,2,220.876866
-1.276735,2,220.900866
-2.462378,3,220.933867
-1.181228,2,220.953867
-2.321839,3,220.984866
-2.390697,3,221.020867
-1.260191,2,221.042867
-0.022827,1,221.053868
-2.4575,3,221.084867
-2.559158,3,221.119866
-1.213815,2,221.140867
-2.434662,3,221.178868
-2.333426,3,221.212165
-1.240616,2,221.237163
-3.602617,4,221.279163
-1.180769,2,221.299536
-3.641927,4,221.341536
-2.509854,3,221.377536
-2.453602,3,221.408538
-1.24104,2,221.429536
-3.793887,4,221.47167
-3.686197,4,221.518669
-1.212047,2,221.539762
-1.202618,2,221.559762
-2.463624,3,221.591762
-2.411381,3,221.629763
-2.428206,3,221.661762
-2.384665,3,221.694761
-3.755195,4,221.733763
-2.397938,3,221.77127
-1.19457,2,221.791269
-3.648882,4,221.83527
-1.244111,2,221.857269
-2.454347,3,221.892268
-3.584557,4,221.938268
-0.077833,1,221.951269
-1.298026,2,221.970271
-1.236769,2,221.993524
-2.37598,3,222.025522
-1.173749,2,222.046524
-1.245105,2,222.067523
-2.520687,3,222.102524
-2.404173,3,222.134525
-2.456518,3,222.167523
-2.468004,3,222.197523
-2.449102,3,222.233526
-0.009324,1,222.245523
-1.230769,2,222.266523
-2.311331,3,222.296524
-2.393468,3,222.330523
-2.487609,3,222.363523
-2.378112,3,222.393523
-0.028538,1,222.403523
-2.418152,3,222.439524
-2.357495,3,222.472523
-2.461351,3,222.501523
-2.434481,3,222.531524
-2.354035,3,222.568523
-2.494908,3,222.599523
-0.081952,1,222.609523
-2.526509,3,222.639523
-1.162928,2,222.663524
-1.27275,2,222.685523
-2.527343,3,222.715524
-0.073653,1,222.726523
-2.590107,3,222.761523
-2.361075,3,222.793523
-1.141571,2,222.814523
-1.220009,2,222.835523
-2.44276,3,222.870524
-2.319688,3,222.901523
-2.449427,3,222.931523
-0.085733,1,222.942526
-2.363135,3,222.979283
-3.751462,4,223.023554
-2.398843,3,223.054637
-1.208412,2,223.075637
-3.571271,4,223.120636
-2.343925,3,223.150637
-1.266808,2,223.170636
-2.455275,3,223.202637
-0.074154,1,223.216638
-2.463216,3,223.248636
-2.500535,3,223.279637
-2.371373,3,223.312637
-2.489302,3,223.348637
-2.506742,3,223.379637
-2.493616,3,223.409637
-2.370698,3,223.439636
-2.381223,3,223.475636
-2.508901,3,223.505761
-3.726255,4,223.547761
-0.035481,1,223.558762
-2.388464,3,223.593762
-0.029539,1,223.603763
-0.05443,1,223.613761
-2.352218,3,223.644762
-1.260191,2,223.671762
-2.353944,3,223.701762
-0.073947,1,223.711761
-2.468035,3,223.740762
-3.670967,4,223.787846
-1.200331,2,223.809844
-1.204839,2,223.831843
-3.575909,4,223.874845
-1.265334,2,223.901845
-0.098552,1,223.912844
-2.37463,3,223.943846
-2.550658,3,223.973845
-1.179731,2,224.000845
-2.427881,3,224.031845
-1.226206,2,224.052846
-1.161736,2,224.073844
-2.396545,3,224.108354
-3.740946,4,224.150461
-1.26485,2,224.171462
-3.625018,4,224.212461
-2.444174,3,224.247463
-1.221813,2,224.268461
-1.247759,2,224.289461
-2.557168,3,224.319461
-3.676668,4,224.365462
-1.181723,2,224.387462
-3.705882,4,224.432462
-3.611403,4,224.477464
-2.544112,3,224.514722
-2.528195,3,224.547724
-1.161716,2,224.567723
-1.228098,2,224.589722
-1.206651,2,224.613723
-3.714985,4,224.656782
-1.190289,2,224.678783
-2.473254,3,224.709782
-2.513331,3,224.744782
-0.060339,1,224.754954
-2.572709,3,224.786954
-3.760234,4,224.829955
-1.242374,2,224.855954
-2.329233,3,224.887954
-3.611249,4,224.932953
-1.2004,2,224.954954
-2.453288,3,224.992953
-2.379998,3,225.023956
-2.460088,3,225.056954
-2.381089,3,225.086954
-1.202566,2,225.112954
-3.628181,4,225.153954
-2.538287,3,225.183954
-2.4184,3,225.217954
-0.037371,1,225.231957
-3.631377,4,225.274463
-2.442075,3,225.304463
-2.486589,3,225.336463
-1.266144,2,225.361463
-3.655636,4,225.401463
-1.286394,2,225.422464
-3.557523,4,225.462463
-1.151805,2,225.485462
-2.436266,3,225.517462
-2.48218,3,225.550462
-2.41974,3,225.582462
-2.306348,3,225.615542
-2.416401,3,225.647541
-2.45113,3,225.676541
-3.745092,4,225.718541
-1.244396,2,225.741541
-2.47611,3,225.773542
-2.33409,3,225.804542
-1.264036,2,225.825541
-0.060964,1,225.840542
-0.089432,1,225.851541
-2.515645,3,225.883541
-2.375746,3,225.914541
-2.428336,3,225.950541
-1.20838,2,225.972542
-1.140297,2,225.992541
-3.750695,4,226.033541
-1.254354,2,226.059542
-3.633039,4,226.101541
-1.220434,2,226.123541
-0.073559,1,226.134543
-0.069581,1,226.148541
-2.387196,3,226.178542
-2.442757,3,226.210541
-3.699283,4,226.253542
-2.530074,3,226.318543
-3.794719,4,226.378772
-1.201828,2,226.406578
-3.588237,4,226.451578
-1.245081,2,226.476578
-2.429342,3,226.507578
-1.255812,2,226.529577
-1.183919,2,226.549577
-0.069649,1,226.563578
-2.409651,3,226.599577
-3.649462,4,226.645578
-3.832968,4,226.688578
-2.349124,3,226.723578
-2.353477,3,226.755822
-2.34876,3,226.787821
-0.090318,1,226.797821
-0.02878,1,226.933821
-1.141673,2,226.95482
-1.185552,2,226.977821
-1.260828,2,226.998821
-0.057385,1,227.012822
-1.211812,2,227.034821
-3.627754,4,227.075821
-0.091116,1,227.08682
-1.144149,2,227.111821
-2.42893,3,227.142822
-2.344748,3,227.17482
-3.676412,4,227.21782
-3.609137,4,227.263821
-2.318724,3,227.297822
-3.58513,4,227.338821
-2.39293,3,227.369821
-3.663205,4,227.41782
-0.065402,1,227.428821
-2.487998,3,227.458821
-0.093514,1,227.46882
-1.23849,2,227.495821
-1.127014,2,227.519823
-1.245448,2,227.541331
-2.612865,3,227.572329
-2.361297,3,227.60933
-2.453571,3,227.641329
-1.165573,2,227.661439
-3.598852,4,227.702437
-3.582158,4,227.751437
-1.266764,2,227.771561
-0.042739,1,227.782559
-2.468987,3,227.81256
-2.547314,3,227.847561
-2.439369,3,227.884562
-2.553531,3,227.914561
-0.092756,1,227.92456
-2.549643,3,227.96056
-2.389784,3,227.993562
-2.330351,3,228.022561
-3.732229,4,228.06856
-3.667489,4,228.11756
-2.452412,3,228.14656
-1.255147,2,228.16956
-2.367627,3,228.199559
-0.065571,1,228.213561
-1.259848,2,228.233561
-2.491119,3,228.26456
-1.184528,2,228.28556
-2.314428,3,228.32056
-2.557387,3,228.35056
-2.452011,3,228.381664
-2.481776,3,228.413664
-1.177415,2,228.436664
-1.272311,2,228.456927
-3.795361,4,228.500928
-3.658336,4,228.539928
-2.526535,3,228.575927
-2.463246,3,228.608928
-0.078719,1,228.620928
-1.179328,2,228.640929
-3.592496,4,228.687436
-2.557952,3,228.719436
-2.332769,3,228.758437
-3.637115,4,228.800505
-1.273238,2,228.828506
-2.45528,3,228.859506
-2.332352,3,228.891505
-2.511434,3,228.922506
-1.219237,2,228.946506
-2.44615,3,228.979505
-2.46844,3,229.009622
-0.076797,1,229.020619
-3.581094,4,229.06962
-2.420753,3,229.099619
-2.333852,3,229.129737
-2.486991,3,229.16192
-3.8659,4,229.20792
-2.450145,3,229.23892
-2.375724,3,229.269919
-3.657034,4,229.31092
-2.535277,3,229.34692
-2.489117,3,229.38292
-3.68505,4,229.42392
-0.046646,1,229.433921
-2.473439,3,229.46792
-2.344502,3,229.500919
-3.560944,4,229.54892
-2.456726,3,229.580922
-2.554614,3,229.62792
-2.496417,3,229.65992
-2.434805,3,229.690921
-2.341213,3,229.72792
-1.269467,2,229.75392
-2.427916,3,229.78392
-3.572357,4,229.827376
-3.6908,4,229.870267
-0.062297,1,229.884267
-2.461146,3,229.915267
-2.367363,3,229.947267
-1.222012,2,229.968266
-2.437064,3,230.002266
-2.525174,3,230.033266
-1.164468,2,230.054267
-0.017918,1,230.064266
-2.414682,3,230.103268
-2.409638,3,230.135267
-2.437433,3,230.167267
-2.451269,3,230.199266
-2.408003,3,230.233267
-2.443161,3,230.266267
-2.461795,3,230.296266
-2.413822,3,230.327266
-3.916124,4,230.378267
-3.908281,4,230.418266
-2.375734,3,230.448267
-2.580059,3,230.480266
-1.259891,2,230.504266
-1.253245,2,230.524267
-1.263532,2,230.546268
-2.463526,3,230.577266
-2.382341,3,230.613267
-2.330808,3,230.642266
-1.200986,2,230.664266
-0.088454,1,230.675266
-1.189644,2,230.701266
-3.921571,4,230.744268
-1.23002,2,230.765266
-2.488769,3,230.797267
-3.852718,4,230.847267
-3.554558,4,230.910268
-2.341653,3,230.958268
-2.392846,3,230.999779
-1.258169,2,231.028779
-0.056969,1,231.039779
-2.318165,3,231.076923
-3.598784,4,231.119923
-2.396035,3,231.154924
-3.561295,4,231.210925
-0.071989,1,231.221924
-2.354389,3,231.255923
-3.679699,4,231.301923
-2.457615,3,231.333925
-3.613065,4,231.375923
-1.215773,2,231.395923
-2.436757,3,231.431924
-1.209824,2,231.453924
-3.814878,4,231.495923
-1.140939,2,231.516924
-0.04939,1,231.530924
-1.19623,2,231.552923
-2.510049,3,231.586924
-2.440939,3,231.617923
-2.542082,3,231.651923
-2.380598,3,231.683923
-2.382942,3,231.714924
-2.468815,3,231.744923
-3.598403,4,231.790925
-3.870653,4,231.830924
-1.146784,2,231.851923
-1.252014,2,231.873996
-1.26856,2,231.897996
-0.030968,1,231.908996
-2.598984,3,231.939996
-2.417239,3,231.969996
-3.588052,4,232.021996
-2.346511,3,232.051996
-2.47426,3,232.082997
-2.419176,3,232.115997
-1.273487,2,232.140504
-2.402354,3,232.172504
-2.53306,3,232.204506
-1.181745,2,232.226505
-1.27507,2,232.252504
-2.519198,3,232.284505
-3.600412,4,232.325504
-1.225536,2,232.346505
-3.660391,4,232.393505
-0.09222,1,232.404506
-3.621986,4,232.445504
-2.412352,3,232.476504
-2.350891,3,232.515505
-1.151933,2,232.535505
-2.503026,3,232.572505
-0.043305,1,232.583504
-2.463817,3,232.618507
-3.762258,4,232.659506
-1.227495,2,232.679504
-1.253732,2,232.699504
-0.061309,1,232.713505
-3.560194,4,232.755504
-2.504376,3,232.786505
-1.147474,2,232.808505
-2.364752,3,232.842505
-1.198809,2,232.86351
-0.057967,1,232.873505
-2.412063,3,232.905504
-1.213388,2,232.928505
-3.579587,4,232.969504
-3.624869,4,233.009505
-3.74556,4,233.052504
-2.406084,3,233.086506
-2.5452,3,233.117504
-3.63894,4,233.158506
-3.569253,4,233.195504
-2.46929,3,233.232505
-3.753096,4,233.272509
-1.175735,2,233.295014
-2.528559,3,233.325014
-2.504778,3,233.361014
-2.459202,3,233.392014
-0.072197,1,233.403014
-1.242474,2,233.424014
-1.173185,2,233.450014
-0.074436,1,233.460016
-2.371201,3,233.490014
-1.22475,2,233.510016
-0.081176,1,233.523015
-2.466831,3,233.554177
-2.550075,3,233.584178
-0.097009,1,233.594176
-3.730801,4,233.638178
-1.185529,2,233.659539
-0.099938,1,233.67054
-0.051396,1,233.680538
-1.154155,2,233.705539
-0.087581,1,233.715539
-3.888983,4,233.759538
-0.058536,1,233.770538
-1.237778,2,233.795539
-2.44654,3,233.824538
-2.357516,3,233.85354
-2.36945,3,233.884634
-3.704234,4,233.928634
-3.619314,4,233.967633
-2.469129,3,233.998704
-1.151556,2,234.019704
-0.083782,1,234.033704
-2.412978,3,234.067704
-1.219463,2,234.086837
-2.515323,3,234.116839
-0.041496,1,234.130837
-2.439409,3,234.162837
-2.419887,3,234.193837
-3.59415,4,234.235839
-2.364928,3,234.269838
-1.178954,2,234.290903
-2.314583,3,234.323173
-1.227124,2,234.344173
-1.230986,2,234.369173
-1.284585,2,234.390172
-2.396765,3,234.418174
-1.26034,2,234.440681
-2.450136,3,234.47468
-2.402305,3,234.50668
-2.356498,3,234.53868
-3.582076,4,234.581681
-2.552633,3,234.617681
-3.635188,4,234.660792
-2.33024,3,234.692791
-2.353238,3,234.72412
-3.600371,4,234.77112
-0.01935,1,234.78212
-3.725092,4,234.82412
-1.233403,2,234.845119
-1.288567,2,234.87112
-0.038238,1,234.88012
-3.705542,4,234.91812
-1.252825,2,234.937502
-0.090625,1,234.952501
-0.068467,1,234.963502
-2.475992,3,234.997503
-2.479681,3,235.026502
-2.558578,3,235.061502
-2.553291,3,235.093502
-1.17142,2,235.114502
-2.368092,3,235.146502
-2.347102,3,235.181722
-1.242958,2,235.20272
-1.225087,2,235.222722
-2.451813,3,235.253723
-2.455797,3,235.288724
-3.742211,4,235.329722
-1.140073,2,235.350722
-2.384618,3,235.380722
-3.668356,4,235.425721
-2.358618,3,235.454722
-0.067756,1,235.464721
-0.043712,1,235.475722
-2.330335,3,235.509721
-1.228016,2,235.531933
-2.45415,3,235.563934
-2.395487,3,235.597446
-2.398158,3,235.633443
-3.626189,4,235.673443
-3.708411,4,235.712444
-1.301626,2,235.732443
-2.42158,3,235.768443
-2.534782,3,235.798443
-2.435608,3,235.827444
-3.580804,4,235.867443
-1.235801,2,235.893443
-2.50483,3,235.924443
-3.798412,4,235.965768
-1.235066,2,235.98677
-2.406964,3,236.021768
-1.147975,2,236.042768
-1.23877,2,236.066768
-0.047865,1,236.074768
-2.360157,3,236.109768
-3.535539,4,236.150769
-2.497588,3,236.184768
-2.40099,3,236.215769
-2.478624,3,236.250768
-1.180129,2,236.271768
-3.711931,4,236.313769
-2.369895,3,236.343768
-1.265055,2,236.366768
-2.439772,3,236.398768
-1.264469,2,236.415768
-0.051134,1,236.426768
-2.418801,3,236.460769
-1.202959,2,236.481768
-3.566226,4,236.522767
-2.479599,3,236.552768
-2.471821,3,236.586768
-3.714744,4,236.62677
-0.015989,1,236.636768
-3.629767,4,236.677768
-1.184166,2,236.700771
-2.451861,3,236.731277
-2.450989,3,236.763277
-1.130341,2,236.784277
-1.276563,2,236.808277
-1.185965,2,236.827277
-3.678121,4,236.87036
-0.053416,1,236.880359
-2.338038,3,236.914361
-3.648658,4,236.95636
-1.144025,2,236.977359
-2.381224,3,237.008532
-0.073553,1,237.022532
-2.441845,3,237.053533
-3.561687,4,237.095532
-2.34086,3,237.127533
-2.364404,3,237.165533
-3.561717,4,237.206532
-3.751195,4,237.246532
-0.083991,1,237.256532
-1.260149,2,237.281738
-2.516829,3,237.310738
-1.203116,2,237.331736
-2.357116,3,237.361737
-1.169359,2,237.388737
-3.77636,4,237.430737
-3.806016,4,237.469737
-3.71129,4,237.510737
-3.674009,4,237.555736
-3.609851,4,237.597737
-3.640653,4,237.639736
-1.19395,2,237.660738
-2.404418,3,237.693737
-0.098142,1,237.705738
-1.195505,2,237.726736
-3.577813,4,237.769737
-1.221079,2,237.793739
-1.252738,2,237.813738
-3.91118,4,237.856251
-2.456089,3,237.886246
-2.353513,3,237.921326
-2.446736,3,237.953327
-0.097258,1,237.964456
-3.591882,4,238.004865
-3.686005,4,238.051864
-2.52855,3,238.082865
-1.231087,2,238.103865
-2.51249,3,238.133865
-2.37204,3,238.170864
-0.062595,1,238.181865
-2.359343,3,238.211866
-1.275372,2,238.232864
-3.566314,4,238.277864
-2.341571,3,238.308864
-2.51901,3,238.337865
-2.426947,3,238.367865
-3.686428,4,238.411866
-2.414091,3,238.441865
-3.670081,4,238.484865
-2.524641,3,238.514864
-3.708346,4,238.558865
-2.411557,3,238.589864
-2.461053,3,238.621866
-0.069471,1,238.632864
-2.452565,3,238.667865
-2.442089,3,238.698867
-0.095533,1,238.709865
-1.162611,2,238.729865
-0.069142,1,238.744865
-3.633028,4,238.784865
-3.833493,4,238.827864
-2.523241,3,238.859864
-3.6799,4,238.903864
-2.365844,3,238.935867
-2.396727,3,238.965865
-2.452391,3,238.998376
-2.437196,3,239.034376
-2.314796,3,239.065477
-2.458228,3,239.096478
-2.433608,3,239.128613
-2.371299,3,239.166613
-3.625234,4,239.206612
-1.259665,2,239.227878
-2.393181,3,239.26088
-0.091719,1,239.274879
-2.523833,3,239.30488
-2.355116,3,239.338879
-2.451156,3,239.371879
-0.088199,1,239.386881
-3.59078,4,239.42488
-2.476031,3,239.455879
-1.22113,2,239.476879
-0.079634,1,239.491881
-1.154243,2,239.513879
-2.361365,3,239.54488
-2.34814,3,239.576881
-1.235394,2,239.600879
-2.498858,3,239.632879
-3.606321,4,239.673879
-2.371368,3,239.70488
-2.496046,3,239.738879
-2.415978,3,239.77188
-3.57854,4,239.81488
-1.246137,2,239.83588
-2.464341,3,239.875879
-2.440024,3,239.907879
-3.571172,4,239.948879
-0.025587,1,239.95888
-2.370856,3,239.993879
-2.501127,3,240.025879
-2.497325,3,240.05588
-1.195777,2,240.07588
-1.182828,2,240.10188
-1.145518,2,240.123879
-2.448663,3,240.155389
-2.401485,3,240.186566
-3.569754,4,240.232565
-3.635276,4,240.274565
-3.631126,4,240.315569
-3.688223,4,240.357813
-2.381951,3,240.393814
-1.219781,2,240.413814
-2.339596,3,240.445813
-2.425212,3,240.474814
-1.232037,2,240.498814
-2.554787,3,240.530073
-2.568149,3,240.564073
-2.414908,3,240.595072
-2.341484,3,240.630072
-2.372452,3,240.662073
-1.247861,2,240.685074
-1.245869,2,240.706072
-3.617989,4,240.751073
-0.053823,1,240.761074
-2.464093,3,240.793073
-0.059863,1,240.803072
-2.467591,3,240.837073
-2.506741,3,240.869072
-2.37511,3,240.900072
-2.495018,3,240.932074
-2.47329,3,240.967073
-2.467522,3,241.000073
-1.187822,2,241.020073
-2.425698,3,241.050072
-1.215206,2,241.073075
-2.465682,3,241.105073
-2.458976,3,241.136074
-2.416445,3,241.166074
-1.288629,2,241.193073
-2.351433,3,241.227072
-3.608184,4,241.269075
-1.165889,2,241.289581
-1.280281,2,241.314245
-2.368696,3,241.347243
-1.157392,2,241.368243
-1.184808,2,241.389243
-0.079324,1,241.403244
-2.464635,3,241.436244
-3.706074,4,241.477245
-2.489066,3,241.507244
-3.625688,4,241.591243
-0.087071,1,241.602243
-2.477617,3,241.632243
-2.336222,3,241.664243
-2.575611,3,241.699244
-2.394027,3,241.730246
-2.425246,3,241.762244
-2.359845,3,241.794244
-1.171148,2,241.818244
-2.454812,3,241.850243
-2.478873,3,241.882243
-2.474001,3,241.912243
-3.581422,4,241.957243
-1.200978,2,241.977243
-3.757125,4,242.018243
-2.489723,3,242.048243
-1.156123,2,242.074244
-2.482358,3,242.107243
-1.234055,2,242.128243
-1.25864,2,242.148246
-2.487644,3,242.186244
-2.544923,3,242.246247
-3.698222,4,242.304244
-2.3651,3,242.339245
-2.34525,3,242.378243
-2.344899,3,242.410752
-3.657364,4,242.45375
-2.44186,3,242.48775
-3.587843,4,242.54075
-2.331847,3,242.57275
-2.454063,3,242.60607
-3.649894,4,242.65007
-2.418623,3,242.68407
-3.69757,4,242.726068
-2.356134,3,242.758069
-3.63393,4,242.799069
-2.360377,3,242.833069
-1.191997,2,242.85407
-1.223238,2,242.877069
-0.078723,1,242.88807
-1.161681,2,242.91207
-1.248575,2,242.933069
-3.739574,4,242.97507
-1.234929,2,242.996069
-0.054758,1,243.010069
-2.535182,3,243.04307
-1.280762,2,243.064069
-2.449122,3,243.097406
-2.445887,3,243.131405
-2.405764,3,243.163408
-2.526834,3,243.195407
-1.166952,2,243.215406
-0.037905,1,243.229405
-1.185109,2,243.250406
-2.505542,3,243.282407
-0.051891,1,243.292406
-2.478553,3,243.331406
-3.696863,4,243.372406
-3.602454,4,243.414407
-3.573877,4,243.456406
-2.486397,3,243.491405
-3.877417,4,243.536406
-0.027072,1,243.546406
-1.278373,2,243.567406
-1.167588,2,243.595914
-1.198712,2,243.620918
-1.227335,2,243.643918
-1.174666,2,243.663918
-2.43489,3,243.697918
-2.378017,3,243.729986
-2.362848,3,243.763986
-0.081349,1,243.774986
-1.255594,2,243.799985
-3.592186,4,243.843986
-1.172584,2,243.865986
-1.212385,2,243.885988
-3.749801,4,243.932143
-3.603799,4,243.976142
-2.551848,3,244.008142
-1.182201,2,244.028456
-1.236306,2,244.053456
-2.332779,3,244.086456
-1.198341,2,244.106456
-2.452496,3,244.140456
-2.502619,3,244.177457
-1.138517,2,244.197457
-3.611191,4,244.241456
-1.199289,2,244.262456
-3.61674,4,244.308456
-2.428769,3,244.338456
-2.359192,3,244.368456
-2.424202,3,244.400455
-1.136821,2,244.426458
-2.455155,3,244.457456
-3.611224,4,244.501456
-2.312308,3,244.534456
-2.332606,3,244.569458
-2.537202,3,244.601456
-2.500931,3,244.634456
-3.743202,4,244.678457
-2.545045,3,244.716455
-3.539929,4,244.76197
-2.5382,3,244.792971
-1.240791,2,244.81597
-2.486329,3,244.855099
-2.355816,3,244.886225
-2.432826,3,244.917225
-1.131155,2,244.939225
-3.738463,4,244.984226
-2.333391,3,245.016225
-2.3646,3,245.048226
-2.441049,3,245.079458
-3.599021,4,245.127459
-2.493987,3,245.15946
-1.134839,2,245.179459
-1.181715,2,245.199459
-2.458376,3,245.234459
-2.43655,3,245.266458
-3.584617,4,245.31046
-3.802813,4,245.350459
-2.457059,3,245.386458
-2.413124,3,245.417459
-2.354225,3,245.448459
-2.470387,3,245.479458
-3.695953,4,245.523458
-2.330782,3,245.55546
-3.617319,4,245.598458
-1.199682,2,245.620459
-0.068588,1,245.633458
-3.617624,4,245.678458
-3.616982,4,245.723459
-3.579403,4,245.764458
-2.485459,3,245.801458
-2.335551,3,245.834631
-3.671761,4,245.874723
-0.069134,1,245.885228
-2.348756,3,245.922228
-2.523915,3,245.955324
-3.638174,4,245.999323
-1.257579,2,246.020324
-2.563136,3,246.057397
-1.260804,2,246.077397
-2.300757,3,246.108397
-2.507911,3,246.137671
-3.707815,4,246.183728
-2.394677,3,246.215729
-3.633213,4,246.256821
-1.218028,2,246.277821
-2.367956,3,246.312822
-3.572914,4,246.353822
-0.078335,1,246.364821
-3.640014,4,246.406821
-2.428166,3,246.440822
-1.237077,2,246.460821
-2.350605,3,246.493822
-2.419476,3,246.524822
-0.020715,1,246.538821
-2.492578,3,246.570821
-1.152204,2,246.592822
-2.473562,3,246.624822
-1.264709,2,246.651823
-2.403717,3,246.683821
-2.477144,3,246.714822
-1.169606,2,246.734821
-3.839122,4,246.78098
-1.225106,2,246.804979
-0.028362,1,246.815978
-2.308532,3,246.847978
-0.07256,1,246.860978
-3.540724,4,246.90398
-2.501462,3,246.937978
-2.354291,3,246.968978
-1.244775,2,246.992979
-2.352756,3,247.027489
-1.157636,2,247.050489
-2.433798,3,247.080489
-0.02847,1,247.095489
-1.170355,2,247.116489
-0.084084,1,247.127489
-2.378591,3,247.16249
-3.54978,4,247.206794
-2.365645,3,247.236795
-1.294356,2,247.258794
-2.515465,3,247.289794
-0.075044,1,247.30486
-0.0559,1,247.31686
-3.57642,4,247.360936
-2.355221,3,247.397936
-1.218762,2,247.422936
-2.348161,3,247.452936
-3.645969,4,247.494936
-1.228141,2,247.516935
-1.198259,2,247.542937
-2.419129,3,247.571935
-2.528357,3,247.605937
-2.558591,3,247.636937
-1.248576,2,247.66101
-3.70301,4,247.702127
-0.094827,1,247.713127
-1.187678,2,247.733217
-1.215986,2,247.761218
-2.362272,3,247.798386
-1.198901,2,247.819386
-2.530923,3,247.851385
-1.181403,2,247.877386
-3.670393,4,247.921385
-1.212157,2,247.942385
-1.135014,2,247.963386
-2.401769,3,247.999386
-1.178993,2,248.020385
-0.087255,1,248.031385
-1.260809,2,248.052385
-1.189055,2,248.078386
-2.517398,3,248.108386
-3.601945,4,248.151386
-2.353786,3,248.183895
-1.181554,2,248.209041
-1.194656,2,248.231041
-3.625797,4,248.27204
-2.518703,3,248.306041
-0.069255,1,248.32004
-2.48793,3,248.35404
-2.510301,3,248.38704
-1.200411,2,248.40804
-3.66218,4,248.453039
-1.256476,2,248.47304
-3.716109,4,248.51504
-3.648534,4,248.55504
-1.238026,2,248.581041
-0.090485,1,248.59104
-1.242497,2,248.61204
-1.200486,2,248.63304
-3.671517,4,248.679039
-1.178095,2,248.70104
-3.655341,4,248.74104
-2.40836,3,248.773041
-2.507978,3,248.81004
-2.313227,3,248.84004
-2.428195,3,248.873127
-2.451058,3,248.906128
-3.6938,4,248.953128
-2.387617,3,248.984127
-2.550507,3,249.016127
-1.205695,2,249.037129
-1.258327,2,249.063127
-1.21964,2,249.083128
-2.443155,3,249.116127
-2.424613,3,249.147219
-2.350845,3,249.183219
-2.339515,3,249.213219
-2.464077,3,249.247219
-1.205297,2,249.268219
-2.446698,3,249.304224
-3.648133,4,249.353728
-2.545035,3,249.383728
-1.175902,2,249.405729
-0.091415,1,249.421729
-1.184728,2,249.444729
-3.684649,4,249.48473
-2.526441,3,249.516729
-1.151866,2,249.540728
-2.385065,3,249.572728
-1.141636,2,249.593729
-0.093395,1,249.604728
-3.901134,4,249.651728
-1.246631,2,249.673728
-3.673491,4,249.715728
-1.155826,2,249.736728
-3.695599,4,249.78273
-1.284378,2,249.803729
-1.272808,2,249.825729
-2.46965,3,249.869729
-3.605908,4,249.919729
-1.273232,2,249.940728
-2.376666,3,249.978728
-2.522367,3,250.019728
-2.520836,3,250.054729
-2.497889,3,250.101728
-2.576971,3,250.144728
-1.303758,2,250.170729
-3.640578,4,250.223728
-3.765083,4,250.266728
-2.368035,3,250.298728
-1.241053,2,250.322728
-1.239924,2,250.356729
-1.247747,2,250.385728
-2.405473,3,250.425729
-3.643118,4,250.469238
-2.425487,3,250.508239
-1.209935,2,250.537238
-1.1545,2,250.562237
-2.443929,3,250.593238
-3.63636,4,250.639238
-1.199893,2,250.668239
-2.530197,3,250.710239
-0.096332,1,250.721238
-3.60047,4,250.772237
-2.345969,3,250.811237
-1.238409,2,250.838238
-2.514021,3,250.872237
-2.463413,3,250.910237
-2.345537,3,250.947238
-2.324901,3,250.986237
-0.099373,1,251.000238
-2.338428,3,251.045238
-0.018028,1,251.060237
-2.458432,3,251.105237
-3.780232,4,251.161237
-0.031471,1,251.182239
-1.273883,2,251.216237
-0.052706,1,251.232237
-2.474611,3,251.272323
-1.214025,2,251.296322
-2.485716,3,251.335323
-3.644569,4,251.386323
-3.559898,4,251.444323
-1.227847,2,251.471323
-0.086612,1,251.484323
-3.584235,4,251.547323
-2.508052,3,251.591326
-2.313656,3,251.640929
-0.03293,1,251.65493
-1.214308,2,251.681929
-2.414684,3,251.711929
-3.745764,4,251.765929
-2.322811,3,251.80293
-2.453999,3,251.83793
-3.675202,4,251.88893
-2.43736,3,251.926929
-3.573274,4,251.969929
-2.443029,3,252.009929
-2.359059,3,252.041929
-2.582167,3,252.094929
-1.196131,2,252.119929
-0.07969,1,252.130931
-3.561375,4,252.188929
-1.247172,2,252.227108
-1.247603,2,252.249108
-3.58729,4,252.306109
-2.460377,3,252.346109
-2.465652,3,252.391111
-2.412497,3,252.428108
-2.389453,3,252.474108
-1.225283,2,252.504108
-2.387036,3,252.548108
-0.072727,1,252.559108
-2.426789,3,252.598108
-3.686584,4,252.651109
-0.021395,1,252.664109
-2.396815,3,252.706109
-3.660577,4,252.752619
-1.139914,2,252.782618
-0.045176,1,252.799619
-3.630421,4,252.849618
-1.201172,2,252.871779
-2.531956,3,252.913778
-3.63057,4,252.974779
-2.444563,3,253.007888
-3.546044,4,253.054889
-2.442764,3,253.091888
-1.175899,2,253.119888
-0.091033,1,253.130891
-1.235486,2,253.154323
-2.455259,3,253.186323
-3.804131,4,253.245324
-2.371588,3,253.282323
-2.378962,3,253.313324
-1.191156,2,253.333324
-2.480117,3,253.371323
-2.446008,3,253.416323
-2.468761,3,253.454323
-0.035716,1,253.471323
-2.353397,3,253.522323
-3.627823,4,253.588323
-1.28514,2,253.619324
-3.59575,4,253.663324
-2.498427,3,253.714323
-2.410534,3,253.747324
-2.376995,3,253.794323
-1.219782,2,253.818324
-0.097458,1,253.838323
-2.356261,3,253.882326
-2.362653,3,253.919895
-2.379249,3,253.959896
-3.621494,4,254.007982
-1.178385,2,254.028983
-2.420537,3,254.061983
-2.432669,3,254.100982
-1.161183,2,254.129982
-2.402862,3,254.163983
-0.089544,1,254.174983
-2.373309,3,254.212983
-2.358962,3,254.254982
-1.275571,2,254.282983
-2.437413,3,254.320984
-1.292497,2,254.341983
-1.228787,2,254.369982
-2.352335,3,254.411983
-3.766222,4,254.463983
-3.841003,4,254.517983
-1.162674,2,254.544984
-0.057965,1,254.557983
-1.287797,2,254.580983
-2.42944,3,254.622982
-1.244543,2,254.651983
-1.217043,2,254.676983
-2.446361,3,254.713096
-2.41714,3,254.745419
-3.730939,4,254.801418
-1.261177,2,254.836418
-2.315782,3,254.871418
-2.508166,3,254.906418
-3.646392,4,254.964418
-1.242398,2,254.988418
-3.581788,4,255.037927
-3.64047,4,255.091926
-2.417973,3,255.128926
-2.429308,3,255.170925
-3.591738,4,255.222926
-2.325683,3,255.258927
-1.166867,2,255.292926
-2.418833,3,255.330927
-2.333247,3,255.368926
-3.596263,4,255.428926
-0.099343,1,255.449927
-1.138789,2,255.476926
-2.535051,3,255.519208
-1.166187,2,255.541207
-1.235792,2,255.568208
-1.239852,2,255.598207
-2.366829,3,255.630207
-2.447178,3,255.677429
-1.297394,2,255.711429
-2.320823,3,255.75343
-0.021849,1,255.76843
-2.428849,3,255.80743
-2.346798,3,255.855429
-1.209606,2,255.87743
-2.490532,3,255.92643
-2.529833,3,255.959429
-2.490814,3,255.995429
-0.025264,1,256.00643
-2.586501,3,256.04043
-1.172878,2,256.06243
-2.39357,3,256.115429
-2.449168,3,256.158429
-3.784027,4,256.20794
-1.175174,2,256.23394
-2.479418,3,256.27694
-1.217838,2,256.297003
-2.326464,3,256.331005
-3.673481,4,256.382003
-2.530771,3,256.422004
-3.594154,4,256.473003
-3.678576,4,256.520365
-2.413581,3,256.559365
-2.398397,3,256.606365
-2.428038,3,256.642367
-3.712286,4,256.701365
-1.244894,2,256.732365
-2.503004,3,256.770365
-2.514609,3,256.803365
-3.678388,4,256.843365
-0.091256,1,256.8546
-2.342351,3,256.891598
-2.360287,3,256.9246
-1.242591,2,256.9466
-1.2739,2,256.967599
-2.546719,3,257.005599
-2.439636,3,257.0386
-2.36793,3,257.072599
-0.00673,1,257.083599
-2.350578,3,257.1206
-2.418337,3,257.1536
-3.659603,4,257.195601
-2.363619,3,257.2276
-2.355884,3,257.264599
-2.404772,3,257.295599
-2.436703,3,257.335111
-1.208215,2,257.357112
-2.419336,3,257.393194
-1.196185,2,257.416191
-3.572569,4,257.460191
-3.706289,4,257.504436
-1.266785,2,257.530436
-3.623477,4,257.575436
-2.382492,3,257.606439
-3.574787,4,257.647731
-3.735701,4,257.694732
-2.326657,3,257.726729
-0.016606,1,257.73673
-2.542695,3,257.76373
-2.536353,3,257.794731
-3.665255,4,257.832731
-3.709111,4,257.867729
-2.326728,3,257.89573
-1.17449,2,257.91773
-1.229078,2,257.93473
-3.780108,4,257.969786
-2.462646,3,257.997786
-3.641762,4,258.035787
-1.269552,2,258.053788
-2.541188,3,258.079959
-3.620416,4,258.116959
-1.222515,2,258.137961
-3.687228,4,258.17396
-2.467374,3,258.199965
-1.19795,2,258.217959
-0.063024,1,258.231961
-3.676558,4,258.268016
-1.173821,2,258.285016
-2.483499,3,258.312016
-2.429669,3,258.343016
-2.459471,3,258.369016
-0.043351,1,258.378016
-3.690585,4,258.414018
-2.347742,3,258.445019
-3.679056,4,258.48205
-2.427138,3,258.50905
-2.437292,3,258.53505
-1.236713,2,258.559052
-2.464731,3,258.586051
-3.643478,4,258.62005
-1.221539,2,258.63705
-0.072366,1,258.651051
-2.524616,3,258.679049
-2.365082,3,258.71405
-1.207724,2,258.731049
-0.034889,1,258.744051
-2.423202,3,258.77305
-0.085165,1,258.78205
-0.038723,1,258.79105
-2.47896,3,258.823049
-1.228067,2,258.84005
-2.520422,3,258.870318
-0.046959,1,258.88132
-1.226603,2,258.907426
-2.450566,3,258.939425
-0.097719,1,258.950484
-3.57534,4,258.994996
-3.707523,4,259.039995
-1.260413,2,259.060996
-3.68949,4,259.104995
-1.25539,2,259.124994
-2.447932,3,259.162996
-1.253239,2,259.186995
-1.156078,2,259.208995
-1.251282,2,259.228994
-1.2051,2,259.254998
-1.179898,2,259.275995
-3.614759,4,259.319996
-2.499466,3,259.351995
-1.197614,2,259.378056
-3.722897,4,259.421056
-2.396072,3,259.453055
-0.087582,1,259.464056
-0.070003,1,259.477055
-2.450567,3,259.509055
-2.432823,3,259.543056
-0.049345,1,259.554056
-2.516401,3,259.591562
-2.377658,3,259.628565
-2.527736,3,259.665567
-3.545692,4,259.732566
-2.567865,3,259.783567
-3.610964,4,259.829566
-2.538503,3,259.862566
-2.4129,3,259.893567
-0.078742,1,259.908565
-0.035528,1,259.919566
-1.194673,2,259.941565
-2.386316,3,259.974566
-1.250459,2,260.000569
-2.563942,3,260.035565
-0.02854,1,260.048566
-3.568209,4,260.096565
-2.412261,3,260.135565
-3.674592,4,260.177565
-0.066335,1,260.189565
-1.175713,2,260.210564
-1.16496,2,260.236839
-2.505813,3,260.270839
-2.510791,3,260.304839
-3.63906,4,260.348839
-2.432626,3,260.385839
-2.392107,3,260.418839
-2.446756,3,260.449841
-3.749465,4,260.489839
-2.398738,3,260.52784
-2.45757,3,260.561838
-3.608339,4,260.60384
-3.529425,4,260.647841
-0.094182,1,260.661839
-3.651591,4,260.704839
-3.638455,4,260.746841
-0.080639,1,260.758353
-3.803099,4,260.806348
-2.540405,3,260.838349
-2.371088,3,260.872351
-1.238243,2,260.89435
-1.135302,2,260.920351
-2.454242,3,260.956828
-1.269206,2,260.978829
-3.592281,4,261.02183
-1.155988,2,261.045827
-2.410512,3,261.079828
-2.535141,3,261.110828
-3.709522,4,261.152828
-2.394964,3,261.190829
-2.424755,3,261.224827
-1.231558,2,261.245827
-2.503484,3,261.278827
-1.149307,2,261.305828
-3.657236,4,261.347826
-3.775138,4,261.389827
-3.609589,4,261.433827
-1.243945,2,261.457827
-2.438641,3,261.487829
-2.547282,3,261.52283
-3.581742,4,261.563828
-1.211878,2,261.589828
-1.253494,2,261.614828
-0.099956,1,261.624827
-2.483905,3,261.656828
-1.235918,2,261.683827
-2.405816,3,261.717829
-2.397806,3,261.749826
-1.174786,2,261.769827
-3.562043,4,261.814827
-2.339466,3,261.848828
-2.465873,3,261.88283
-2.416644,3,261.919336
-2.474055,3,261.956335
-1.241793,2,261.978335
-0.042484,1,261.987334
-0.02968,1,261.998336
-3.734574,4,262.046336
-3.655595,4,262.089336
-1.210726,2,262.111336
-0.060608,1,262.123675
-2.451925,3,262.160674
-2.559347,3,262.192732
-3.797263,4,262.236731
-3.882205,4,262.27773
-1.251426,2,262.302731
-2.360605,3,262.333731
-2.340462,3,262.365732
-2.474214,3,262.402731
-1.18208,2,262.42973
-2.566341,3,262.45973
-1.153054,2,262.480731
-1.247742,2,262.502731
-0.051054,1,262.51773
-3.787569,4,262.55973
-2.481235,3,262.591732
-2.329621,3,262.621731
-2.347722,3,262.655732
-3.750736,4,262.69673
-2.44126,3,262.728731
-3.629921,4,262.768973
-3.787223,4,262.817974
-3.651507,4,262.857975
-1.244092,2,262.878974
-2.36726,3,262.908974
-3.771886,4,262.954974
-2.529445,3,262.982975
-2.431965,3,263.012975
-1.209866,2,263.035481
-3.80712,4,263.081481
-2.49137,3,263.112481
-3.75955,4,263.155481
-3.591119,4,263.197481
-1.266524,2,263.223481
-3.594426,4,263.264483
-3.608298,4,263.304482
-2.390766,3,263.335481
-1.195186,2,263.361482
-3.716477,4,263.404482
-3.575475,4,263.447481
-3.591122,4,263.49087
-0.079674,1,263.504872
-2.456534,3,263.534872
-1.230263,2,263.555871
-2.341038,3,263.588871
-0.054012,1,263.603871
-2.369585,3,263.635871
-0.024312,1,263.646872
-3.657036,4,263.689253
-3.625987,4,263.737255
-0.085568,1,263.754254
-1.26041,2,263.793255
-1.236789,2,263.826255
-3.635142,4,263.885254
-1.261827,2,263.906253
-2.539007,3,263.940253
-2.509587,3,263.973253
-2.427583,3,264.010254
-2.461114,3,264.044253
-2.44771,3,264.079253
-1.177302,2,264.104254
-3.570773,4,264.150254
-2.342904,3,264.181762
-2.332776,3,264.213763
-2.405016,3,264.249762
-2.497419,3,264.283969
-2.454861,3,264.314349
-2.458993,3,264.347349
-1.16392,2,264.36935
-2.448789,3,264.405349
-2.532517,3,264.435348
-2.477143,3,264.467349
-3.565334,4,264.508349
-0.098487,1,264.52235
-1.253437,2,264.543348
-3.641344,4,264.58535
-1.167704,2,264.606349
-1.150157,2,264.630349
-2.477895,3,264.662349
-0.06105,1,264.673349
-1.180881,2,264.695349
-0.051276,1,264.70835
-2.444256,3,264.73935
-0.081434,1,264.749349
-2.530281,3,264.780349
-2.404203,3,264.815348
-1.198435,2,264.834348
-3.693398,4,264.876349
-0.094584,1,264.886348
-0.077125,1,264.904349
-0.044044,1,264.91535
-1.231319,2,264.938351
-0.088802,1,264.949349
-2.406484,3,264.985348
-3.725457,4,265.02835
-2.38208,3,265.061349
-0.031026,1,265.07235
-0.033905,1,265.086349
-1.197285,2,265.108349
-2.350807,3,265.142349
-1.244549,2,265.164349
-1.145492,2,265.190349
-2.384078,3,265.224349
-2.374901,3,265.257349
-0.045733,1,265.268349
-1.268025,2,265.29535
-3.827673,4,265.339858
-0.093718,1,265.350858
-2.370266,3,265.382857
-2.459291,3,265.418857
-3.751435,4,265.461858
-2.419954,3,265.493858
-2.51808,3,265.523857
-3.634093,4,265.571857
-1.232212,2,265.593858
-3.643553,4,265.635119
-2.459832,3,265.67012
-2.474128,3,265.712119
-3.679569,4,265.75312
-1.210048,2,265.77612
-2.388093,3,265.80712
-0.051592,1,265.82112
-1.185672,2,265.842119
-2.442235,3,265.874413
-1.161264,2,265.897411
-2.479602,3,265.932413
-0.095123,1,265.942412
-1.186714,2,265.963413
-3.573356,4,266.006412
-2.365162,3,266.044413
-1.191357,2,266.066412
-2.339825,3,266.097413
-2.55367,3,266.128412
-1.239347,2,266.153412
-3.626683,4,266.194413
-0.029187,1,266.206412
-2.413447,3,266.236412
-2.513716,3,266.274412
-2.446298,3,266.304412
-1.1986,2,266.326413
-0.094047,1,266.336412
-2.50663,3,266.371412
-3.678153,4,266.412411
-1.270063,2,266.434412
-2.403605,3,266.465412
-2.457709,3,266.502412
-1.241978,2,266.522918
-3.756152,4,266.56681
-2.40001,3,266.599945
-1.247102,2,266.623945
-2.522459,3,266.655945
-1.224854,2,266.675945
-2.354474,3,266.705152
-1.206777,2,266.730151
-3.610991,4,266.771151
-2.459039,3,266.802153
-2.475298,3,266.831151
-2.444634,3,266.869151
-2.517041,3,266.900151
-3.598728,4,266.943151
-1.210487,2,266.964152
-3.688639,4,267.010152
-2.598813,3,267.041153
-1.245701,2,267.062151
-1.237919,2,267.084152
-2.380464,3,267.117151
-1.156018,2,267.138151
-0.071171,1,267.148151
-2.380602,3,267.179151
-2.460658,3,267.216153
-1.197582,2,267.238151
-0.076041,1,267.249152
-2.583728,3,267.281151
-0.08529,1,267.294151
-2.481333,3,267.328152
-2.40852,3,267.358152
-3.557527,4,267.397241
-2.387551,3,267.435242
-0.054832,1,267.445242
-2.462161,3,267.476554
-2.44311,3,267.507556
-2.36571,3,267.542554
-3.707195,4,267.583553
-2.431864,3,267.615553
-2.381005,3,267.647554
-0.053253,1,267.660554
-1.286503,2,267.682063
-3.599375,4,267.740063
-2.348321,3,267.775064
-3.563309,4,267.825065
-1.18505,2,267.849334
-3.725524,4,267.892334
-2.436538,3,267.925334
-2.408731,3,267.964335
-2.376374,3,267.999333
-1.200287,2,268.019334
-2.400945,3,268.053335
-2.411577,3,268.089334
-1.276374,2,268.111334
-0.097573,1,268.121334
-2.311465,3,268.153334
-2.449093,3,268.189335
-3.71803,4,268.231334
-2.554003,3,268.261333
-2.447276,3,268.295335
-2.515744,3,268.330335
-2.350093,3,268.361334
-2.464537,3,268.391334
-3.70225,4,268.434334
-3.590812,4,268.478333
-3.826431,4,268.521335
-2.506558,3,268.552334
-2.457708,3,268.584335
-3.630385,4,268.632334
-0.066656,1,268.643334
-3.572206,4,268.685334
-1.153666,2,268.705334
-0.068024,1,268.719334
-3.818943,4,268.764335
-3.654981,4,268.805334
-1.241825,2,268.825841
-3.612591,4,268.87216
-1.184639,2,268.890234
-1.190403,2,268.912232
-2.465031,3,268.944496
-2.397954,3,268.981497
-1.140132,2,269.000496
-2.478204,3,269.031496
-0.02309,1,269.042496
-3.706158,4,269.089497
-2.434483,3,269.120497
-1.195217,2,269.141496
-3.729696,4,269.188497
-2.415753,3,269.224497
-2.514694,3,269.258497
-2.411124,3,269.290497
-0.031184,1,269.300496
-0.073507,1,269.314497
-2.505794,3,269.344496
-0.099211,1,269.354496
-2.503378,3,269.386496
-3.542818,4,269.433497
-3.653516,4,269.474497
-2.492087,3,269.505497
-2.33836,3,269.535497
-3.649349,4,269.580497
-2.315142,3,269.612496
-2.423966,3,269.644496
-2.47105,3,269.676499
-2.421867,3,269.711496
-0.046804,1,269.723497
-3.698279,4,269.765497
-1.260056,2,269.787497
-3.889374,4,269.841497
-3.784808,4,269.882594
-2.42737,3,269.912592
-1.233771,2,269.936594
-2.433409,3,269.995842
-2.366365,3,270.042841
-1.270344,2,270.074842
-0.009174,1,270.087841
-3.533169,4,270.137841
-2.482419,3,270.170843
-1.272347,2,270.190841
-1.225778,2,270.21184
-2.347523,3,270.246841
-2.483327,3,270.281841
-2.519916,3,270.315841
-2.539695,3,270.349842
-2.544456,3,270.387841
-3.531935,4,270.42984
-2.333985,3,270.46184
-2.478208,3,270.492977
-1.285833,2,270.518977
-2.483579,3,270.550976
-2.332635,3,270.580976
-3.717941,4,270.622978
-2.455545,3,270.657977
-2.372192,3,270.687977
-2.561217,3,270.719979
-2.514154,3,270.750138
-1.194922,2,270.776395
-3.692199,4,270.817394
-2.368226,3,270.848854
-2.417568,3,270.878855
-2.434193,3,270.913856
-3.952504,4,270.958855
-0.027,1,270.969854
-2.383536,3,270.999854
-2.431598,3,271.035854
-0.07502,1,271.046854
-2.506788,3,271.078854
-3.840692,4,271.119856
-2.494055,3,271.157437
-2.533112,3,271.187511
-2.430701,3,271.21851
-2.467042,3,271.248758
-0.034787,1,271.261758
-0.08799,1,271.272758
-2.390425,3,271.302758
-2.393965,3,271.333758
-2.481273,3,271.368758
-2.546215,3,271.398758
-0.018691,1,271.409759
-2.498071,3,271.441759
-1.246706,2,271.463759
-2.384294,3,271.496759
-0.096239,1,271.506758
-1.294363,2,271.527759
-1.218987,2,271.551759
-0.074945,1,271.562758
-1.170453,2,271.584758
-2.383283,3,271.615758
-1.21616,2,271.64176
-3.730509,4,271.68276
-2.496194,3,271.716758
-3.588101,4,271.756759
-0.05176,1,271.770759
-1.246007,2,271.791758
-1.148539,2,271.814759
-2.509303,3,271.844758
-3.711868,4,271.890759
-2.347935,3,271.921758
-2.488178,3,271.954759
-0.0425,1,271.966759
-1.253729,2,272.018759
-0.084518,1,272.03676
-1.211646,2,272.066759
-2.511156,3,272.105759
-1.184089,2,272.134762
-1.191104,2,272.156758
-2.539211,3,272.188758
-3.872469,4,272.231759
-3.547879,4,272.279267
-2.351605,3,272.312267
-2.450423,3,272.348266
-0.042848,1,272.359267
-2.395752,3,272.39436
-2.344852,3,272.42436
-0.080836,1,272.43536
-0.078035,1,272.44536
-2.348939,3,272.480487
-2.565424,3,272.511486
-1.17813,2,272.531487
-1.279509,2,272.551487
-2.509058,3,272.589488
-2.361098,3,272.620488
-1.250321,2,272.642488
-0.027349,1,272.652488
-1.255449,2,272.680487
-0.069921,1,272.691487
-0.028703,1,272.703487
-3.796848,4,272.743487
-2.488099,3,272.779487
-2.357432,3,272.809487
-2.485829,3,272.840487
-1.167676,2,272.860487
-2.477813,3,272.898553
-2.4191,3,272.928552
-2.546732,3,272.960644
-2.418758,3,272.990645
-1.184766,2,273.016644
-1.211026,2,273.037645
-3.698832,4,273.079644
-2.49524,3,273.112645
-2.437086,3,273.146645
-2.529243,3,273.178644
-3.620179,4,273.220645
-2.376014,3,273.250644
-1.202877,2,273.274644
-3.545582,4,273.315645
-1.213471,2,273.338644
-1.254602,2,273.359646
-3.668364,4,273.403646
-1.244067,2,273.425153
-2.505777,3,273.45668
-2.395246,3,273.486678
-0.09061,1,273.501679
-0.074569,1,273.513679
-2.497506,3,273.544678
-2.420309,3,273.57568
-0.069744,1,273.588973
-1.24779,2,273.610972
-1.158765,2,273.630972
-2.452288,3,273.661973
-1.184001,2,273.685973
-0.029315,1,273.695973
-2.339912,3,273.726973
-2.556663,3,273.757975
-1.275734,2,273.784972
-2.357455,3,273.816973
-2.382733,3,273.849972
-1.253455,2,273.873974
-1.227113,2,273.898973
-0.089816,1,273.909973
-3.62702,4,273.956973
-1.137285,2,273.978972
-2.452214,3,274.018973
-3.815635,4,274.059975
-3.678261,4,274.101973
-0.022557,1,274.112973
-3.725544,4,274.158973
-2.486282,3,274.191972
-2.328737,3,274.226975
-0.078009,1,274.237973
-2.352049,3,274.271972
-2.553206,3,274.301972
-0.052647,1,274.312973
-1.174447,2,274.334973
-2.340048,3,274.368972
-1.286727,2,274.390973
-0.085474,1,274.401975
-3.555795,4,274.443972
-2.542587,3,274.477973
-1.222729,2,274.498972
-2.48452,3,274.546978
-2.516964,3,274.60049
-0.088283,1,274.621488
-1.173758,2,274.652488
-3.548422,4,274.703488
-2.475322,3,274.734488
-2.547353,3,274.777488
-2.388495,3,274.808551
-1.263731,2,274.830551
-3.575853,4,274.879551
-2.340831,3,274.918551
-1.214503,2,274.939551
-3.683045,4,274.98155
-3.681324,4,275.03055
-0.045521,1,275.045552
-2.382632,3,275.085551
-2.421512,3,275.11755
-3.650257,4,275.16255
-0.063273,1,275.179551
-3.710001,4,275.22455
-3.638153,4,275.266551
-2.441921,3,275.296551
-1.248922,2,275.323957
-2.406941,3,275.356957
-3.634117,4,275.396958
-1.27275,2,275.418957
-3.734628,4,275.462957
-2.451356,3,275.495958
-0.081326,1,275.505957
-2.432795,3,275.538223
-1.260678,2,275.565222
-2.451226,3,275.595222
-3.580479,4,275.637223
-1.248255,2,275.658223
-1.281455,2,275.683227
-2.372886,3,275.718731
-3.564245,4,275.765986
-3.704214,4,275.813986
-3.799928,4,275.859986
-1.257451,2,275.880986
-1.210998,2,275.901985
-1.144167,2,275.922985
-1.202221,2,275.947986
-1.272565,2,275.969986
-1.145461,2,275.989301
-1.144222,2,276.011302
-1.217041,2,276.036301
-3.732702,4,276.079301
-2.530838,3,276.112301
-2.465817,3,276.143301
-2.350883,3,276.1783
-2.49922,3,276.210301
-1.233618,2,276.231301
-2.369439,3,276.2623
-3.569066,4,276.309301
-1.262079,2,276.330302
-1.257253,2,276.350301
-2.495577,3,276.386302
-2.528976,3,276.422301
-1.281332,2,276.444301
-1.169261,2,276.465301
-2.486027,3,276.495301
-1.275283,2,276.521303
-1.184146,2,276.543301
-2.404843,3,276.5753
-1.208116,2,276.594301
-2.369251,3,276.630301
-1.168775,2,276.651301
-3.65782,4,276.6933
-2.49438,3,276.724301
-3.586374,4,276.770301
-2.338835,3,276.801301
-1.209919,2,276.821304
-1.241375,2,276.843888
-1.197502,2,276.867888
-0.096226,1,276.878888
-2.503046,3,276.910889
-1.232008,2,276.931888
-2.521886,3,276.968889
-1.247513,2,276.989889
-2.463619,3,277.021077
-2.454037,3,277.053078
-0.099306,1,277.072078
-2.446173,3,277.105077
-1.267662,2,277.125077
-0.02228,1,277.136077
-2.556598,3,277.170077
-2.386749,3,277.202078
-3.773754,4,277.241078
-2.484887,3,277.273078
-1.20471,2,277.299077
-1.187781,2,277.321078
-2.462428,3,277.353131
-3.646397,4,277.396437
-1.229852,2,277.424438
-3.594273,4,277.466438
-1.220037,2,277.487438
-3.620957,4,277.529438
-1.23651,2,277.556437
-1.196358,2,277.578438
-2.532417,3,277.610438
-3.577003,4,277.653438
-0.075998,1,277.666437
-1.171895,2,277.689437
-0.022845,1,277.700437
-3.836935,4,277.743437
-1.265208,2,277.772438
-3.768179,4,277.812438
-1.2128,2,277.833438
-2.522515,3,277.865438
-1.269184,2,277.888438
-2.352684,3,277.919437
-3.795415,4,277.963946
-3.584804,4,278.005946
-2.527975,3,278.040946
-0.090728,1,278.054946
-1.139343,2,278.076641
-3.643648,4,278.11964
-1.215505,2,278.142726
-2.318998,3,278.175726
-2.387101,3,278.207799
-2.459838,3,278.236869
-2.381632,3,278.270871
-2.420835,3,278.302869
-2.374282,3,278.334869
-2.477594,3,278.36487
-0.095909,1,278.377869
-1.212755,2,278.400869
-3.747827,4,278.441869
-1.226046,2,278.46287
-1.272288,2,278.486868
-0.074497,1,278.498869
-2.361901,3,278.52987
-3.617029,4,278.569978
-2.321666,3,278.613979
-2.472981,3,278.644086
-2.574404,3,278.675085
-1.179565,2,278.696085
-3.605607,4,278.742085
-2.355698,3,278.773086
-3.689196,4,278.814085
-3.621702,4,278.862167
-2.402049,3,278.896167
-2.54628,3,278.926167
-3.681951,4,278.969166
-2.451117,3,278.999303
-3.620201,4,279.043302
-2.341222,3,279.076302
-2.519415,3,279.108812
-2.506938,3,279.141812
-1.146492,2,279.169991
-2.575595,3,279.202993
-2.358366,3,279.232991
-2.534244,3,279.266991
-1.144188,2,279.294065
-2.387319,3,279.325064
-1.159969,2,279.34515
-1.142154,2,279.365153
-3.689664,4,279.412151
-3.607039,4,279.454151
-2.350419,3,279.487151
-2.423528,3,279.519152
-1.196462,2,279.54415
-2.381373,3,279.574422
-3.682519,4,279.616698
-2.542137,3,279.647697
-2.529323,3,279.681762
-0.045147,1,279.691762
-2.315682,3,279.724762
-3.71797,4,279.766762
-1.145517,2,279.791762
-1.143476,2,279.813762
-0.06517,1,279.823762
-2.333635,3,279.854762
-3.650046,4,279.898762
-2.407458,3,279.932762
-2.44093,3,279.964762
-2.447197,3,279.994762
-2.445914,3,280.030763
-1.302749,2,280.050762
-2.55332,3,280.081763
-2.499522,3,280.112762
-2.390808,3,280.147762
-1.139903,2,280.166762
-3.61554,4,280.207762
-2.464294,3,280.238762
-2.326508,3,280.276766
-1.260643,2,280.29927
-3.760259,4,280.33927
-2.404928,3,280.37127
-2.559829,3,280.40627
-0.056448,1,280.416271
-2.352306,3,280.447362
-2.425542,3,280.478362
-3.772877,4,280.525362
-2.492845,3,280.557361
-1.274994,2,280.578362
-2.467033,3,280.608479
-2.458445,3,280.645478
-1.267249,2,280.666478
-2.402554,3,280.700478
-1.228851,2,280.720479
-2.387394,3,280.755883
-1.201783,2,280.776882
-0.071612,1,280.787882
-3.625791,4,280.830882
-2.547928,3,280.866884
-1.192516,2,280.887883
-0.032857,1,280.897885
-1.23529,2,280.920882
-1.24202,2,280.945882
-2.341441,3,280.977882
-3.661949,4,281.022039
-2.36534,3,281.054296
-2.341352,3,281.090297
-2.454977,3,281.121297
-2.366348,3,281.156297
-3.666035,4,281.224433
-0.07752,1,281.251434
-2.518088,3,281.289433
-2.423812,3,281.323434
-1.261017,2,281.349433
-0.053747,1,281.364433
-2.429359,3,281.398432
-2.412197,3,281.429941
-2.350048,3,281.465942
-3.626105,4,281.519942
-1.247018,2,281.544941
-0.016336,1,281.556941
-1.187868,2,281.580941
-0.039153,1,281.595941
-2.529519,3,281.628942
-2.579825,3,281.659941
-1.19702,2,281.680941
-1.256342,2,281.711941
-3.798023,4,281.755941
-2.473765,3,281.787941
-1.200795,2,281.808941
-1.244191,2,281.832943
-2.541344,3,281.862942
-0.082826,1,281.873941
-3.548955,4,281.918942
-3.605559,4,281.961941
-2.424161,3,281.994941
-2.436659,3,282.025941
-2.467541,3,282.057049
-1.150619,2,282.08405
-2.334387,3,282.116052
-2.374991,3,282.14705
-0.054173,1,282.158049
-0.055139,1,282.17605
-2.458229,3,282.20705
-2.448972,3,282.239049
-2.535446,3,282.27005
-2.478636,3,282.305049
-2.506084,3,282.338049
-0.071489,1,282.349051
-2.50337,3,282.38005
-1.19801,2,282.40605
-1.211412,2,282.42805
-2.520378,3,282.45905
-3.6984,4,282.502049
-0.055433,1,282.517049
-0.055649,1,282.52805
-2.397157,3,282.560559
-3.659343,4,282.602558
-2.340409,3,282.638558
-2.328887,3,282.67072
-2.489631,3,282.70372
-1.282247,2,282.740722
-0.011045,1,282.764722
-2.420918,3,282.812721
-0.060163,1,282.826722
-2.490409,3,282.86172
-2.475035,3,282.900721
-2.530534,3,282.93372
-1.238175,2,282.95572
-2.402545,3,282.98672
-3.583101,4,283.034721
-3.613401,4,283.08272
-3.657917,4,283.12672
-3.589478,4,283.16672
-2.45725,3,283.202722
-0.014566,1,283.215721
-1.256159,2,283.23572
-2.355347,3,283.26772
-0.063408,1,283.28172
-1.188565,2,283.306721
-3.756633,4,283.35572
-1.159104,2,283.37672
-0.031922,1,283.39172
-3.741326,4,283.434721
-1.266952,2,283.572721
-3.657758,4,283.613721
-2.540131,3,283.650721
-2.507088,3,283.68172
-2.384702,3,283.712722
-1.26685,2,283.733722
-2.495323,3,283.76923
-1.206027,2,283.791229
-1.20538,2,283.812229
-3.666628,4,283.854578
-2.40052,3,283.889577
-1.13747,2,283.90958
-2.533029,3,283.940579
-1.238656,2,283.961578
-3.600071,4,284.005578
-3.635332,4,284.047578
-1.210897,2,284.068578
-2.496734,3,284.101578
-1.260944,2,284.126578
-2.565509,3,284.156577
-2.39635,3,284.188577
-2.460882,3,284.221579
-2.441758,3,284.258579
-2.456344,3,284.292578
-2.377675,3,284.357899
-3.631418,4,284.417899
-3.588373,4,284.466898
-3.639458,4,284.511898
-2.551609,3,284.544898
-2.489377,3,284.576898
-1.186486,2,284.604898
-3.764438,4,284.649898
-0.095655,1,284.660898
-1.245922,2,284.682898
-2.446615,3,284.718898
-2.443473,3,284.750898
-0.04384,1,284.761899
-2.496463,3,284.795897
-2.537113,3,284.829898
-0.097143,1,284.839898
-2.398494,3,284.872899
-2.514035,3,284.903408
-1.234792,2,284.929408
-2.54927,3,284.960408
-2.510787,3,284.992407
-0.095824,1,285.002407
-1.160554,2,285.026408
-3.61067,4,285.069407
-2.331009,3,285.103408
-1.246851,2,285.125408
-0.092905,1,285.138693
-0.07804,1,285.150693
-3.559711,4,285.195692
-3.719911,4,285.239692
-2.496133,3,285.277693
-2.448584,3,285.311693
-0.077466,1,285.322693
-2.376574,3,285.355016
-2.479504,3,285.392016
-3.592091,4,285.439016
-2.485882,3,285.470017
-3.640609,4,285.512016
-2.37312,3,285.547017
-1.179194,2,285.568016
-1.175803,2,285.589016
-2.326974,3,285.618016
-2.325567,3,285.652015
-2.347737,3,285.682016
-0.049226,1,285.695016
-2.382079,3,285.729017
-2.519833,3,285.765016
-0.047368,1,285.775016
-3.668864,4,285.815016
-1.213447,2,285.836016
-1.280037,2,285.864016
-2.455467,3,285.896016
-2.467218,3,285.926016
-3.624277,4,285.969016
-1.273088,2,285.995016
-1.243318,2,286.016016
-1.155279,2,286.036523
-3.592149,4,286.079523
-1.148823,2,286.104523
-1.137118,2,286.124523
-0.068205,1,286.134523
-1.179731,2,286.155523
-2.482892,3,286.192522
-2.424511,3,286.224609
-3.62772,4,286.267609
-2.320467,3,286.301668
-2.353819,3,286.34167
-1.27071,2,286.363668
-2.377046,3,286.395669
-2.413902,3,286.425892
-1.195639,2,286.449893
-2.548283,3,286.482892
-1.226051,2,286.504893
-1.163397,2,286.525892
-3.568353,4,286.571167
-1.177038,2,286.591168
-1.249557,2,286.613168
-1.230745,2,286.634168
-2.419052,3,286.671167
-2.354158,3,286.701168
-2.383456,3,286.734168
-3.607858,4,286.775167
-1.239483,2,286.800168
-1.150594,2,286.821167
-2.46269,3,286.85317
-0.060603,1,286.864168
-2.370294,3,286.899168
-1.270069,2,286.920167
-0.045966,1,286.931167
-2.449063,3,286.963167
-1.14447,2,286.988167
-3.636729,4,287.031169
-1.230195,2,287.053172
-2.507092,3,287.084168
-2.39104,3,287.119167
-2.343992,3,287.15017
-1.152334,2,287.175757
-0.089008,1,287.186758
-0.08312,1,287.200757
-2.379488,3,287.234885
-2.347618,3,287.267884
-0.049173,1,287.278884
-1.275429,2,287.302883
-2.421605,3,287.333884
-1.169461,2,287.354884
-1.250504,2,287.376158
-0.039882,1,287.390157
-2.39366,3,287.422157
-0.092159,1,287.432156
-1.243463,2,287.454157
-2.499661,3,287.491157
-1.237938,2,287.511157
-2.543476,3,287.541157
-3.676965,4,287.583156
-3.589482,4,287.630157
-0.060097,1,287.640157
-2.326879,3,287.672157
-2.438044,3,287.705157
-3.586204,4,287.750157
-3.659864,4,287.791159
-1.203853,2,287.811156
-3.627423,4,287.851156
-2.352442,3,287.90227
-2.463359,3,287.934271
-1.210456,2,287.95627
-3.574658,4,287.998271
-0.049397,1,288.011271
-1.267341,2,288.033272
-3.580393,4,288.07527
-2.370247,3,288.10727
-3.664307,4,288.15227
-2.489467,3,288.18327
-3.704866,4,288.225271
-1.25362,2,288.245271
-2.543995,3,288.282273
-0.067301,1,288.29227
-2.480195,3,288.323778
-3.7062,4,288.366941
-1.123148,2,288.39394
-2.370628,3,288.42594
-1.160366,2,288.44594
-0.049418,1,288.45694
-1.213361,2,288.481941
-0.095332,1,288.492941
-3.752782,4,288.534559
-2.425377,3,288.564558
-3.776658,4,288.613558
-2.455293,3,288.643558
-2.403087,3,288.673557
-1.225526,2,288.695557
-3.576274,4,288.740557
-1.190127,2,288.761558
-1.175291,2,288.782557
-2.387946,3,288.816558
-2.422411,3,288.852557
-3.602509,4,288.892557
-2.37266,3,288.924558
-3.552508,4,288.964557
-3.669317,4,289.01181
-0.016656,1,289.02281
-2.5313,3,289.053811
-0.090682,1,289.064809
-2.350434,3,289.10181
-1.229528,2,289.12281
-2.408952,3,289.155809
-0.072949,1,289.16581
-3.787247,4,289.213809
-1.258598,2,289.234811
-0.078524,1,289.245809
-2.50363,3,289.282809
-3.657281,4,289.330995
-1.269642,2,289.352996
-1.152207,2,289.373995
-1.147535,2,289.395995
-0.078944,1,289.409995
-3.653447,4,289.453505
-1.204509,2,289.475502
-1.166891,2,289.494502
-0.032535,1,289.508503
-2.545464,3,289.542504
-3.681006,4,289.584502
-2.41365,3,289.615502
-2.447149,3,289.649502
-2.435581,3,289.681503
-3.708019,4,289.725502
-2.466222,3,289.757503
-2.373905,3,289.792502
-2.34693,3,289.823503
-2.33872,3,289.854504
-0.042533,1,289.864502
-2.602778,3,289.900502
-3.582462,4,289.942502
-1.275525,2,289.962502
-3.594584,4,290.002502
-2.457276,3,290.039502
-1.238783,2,290.059502
-2.388716,3,290.091503
-0.055113,1,290.101502
-2.340003,3,290.138502
-2.517912,3,290.169502
-2.407175,3,290.199502
-0.097917,1,290.210502
-1.189084,2,290.239502
-3.669485,4,290.279502
-1.237241,2,290.300505
-3.727336,4,290.343502
-2.359217,3,290.377502
-1.22597,2,290.399503
-1.244473,2,290.435504
-1.142685,2,290.473504
-3.671559,4,290.537502
-2.512704,3,290.574011
-0.051397,1,290.58801
-2.557233,3,290.621009
-3.691237,4,290.667145
-0.043097,1,290.677141
-0.072257,1,290.688141
-2.467881,3,290.719142
-0.095788,1,290.733329
-2.562313,3,290.768329
-1.192449,2,290.792329
-2.324219,3,290.824328
-2.350025,3,290.859668
-2.446331,3,290.892668
-0.097326,1,290.903671
-2.448002,3,290.934669
-2.369712,3,290.969667
-2.327725,3,291.002668
-2.48923,3,291.032668
-2.486619,3,291.063668
-0.091057,1,291.078669
-1.212725,2,291.100668
-3.597392,4,291.143668
-3.690141,4,291.183668
-2.497243,3,291.218668
-1.270723,2,291.238668
-0.084365,1,291.249668
-0.027721,1,291.259668
-3.668706,4,291.305668
-3.747864,4,291.346803
-1.160683,2,291.368804
-3.749285,4,291.407804
-0.039853,1,291.422804
-2.46149,3,291.453804
-2.382354,3,291.483804
-2.480187,3,291.516804
-0.097377,1,291.530804
-2.417928,3,291.563804
-2.504356,3,291.594804
-2.464029,3,291.626803
-2.424375,3,291.665804
-2.42424,3,291.695806
-1.27265,2,291.717315
-3.592676,4,291.760314
-2.466823,3,291.800314
-2.476975,3,291.829314
-3.649247,4,291.872313
-3.584287,4,291.913314
-2.454207,3,291.951314
-2.500682,3,292.012314
-2.433966,3,292.057314
-0.044341,1,292.073315
-3.767639,4,292.127314
-1.267799,2,292.149314
-2.447967,3,292.181314
-2.480566,3,292.215315
-2.324438,3,292.254315
-0.091379,1,292.266314
-2.371241,3,292.299314
-3.726469,4,292.342313
-2.355648,3,292.377313
-0.031442,1,292.388313
-1.253664,2,292.409313
-2.47505,3,292.439313
-3.710738,4,292.482424
-2.520694,3,292.514424
-1.212619,2,292.536424
-0.086371,1,292.546424
-2.331849,3,292.579426
-1.250373,2,292.600423
-2.380108,3,292.632424
-2.507294,3,292.664424
-2.439304,3,292.698587
-2.520521,3,292.728587
-1.19495,2,292.749587
-1.272692,2,292.770586
-2.328371,3,292.806587
-1.199265,2,292.827589
-2.573116,3,292.860254
-0.084574,1,292.871252
-2.357318,3,292.906251
-0.084427,1,292.916253
-2.371888,3,292.949251
-3.582975,4,292.993253
-1.262551,2,293.019333
-3.787133,4,293.066334
-3.581509,4,293.107332
-3.758541,4,293.147332
-1.234453,2,293.171332
-0.062586,1,293.183332
-2.549412,3,293.216333
-2.506912,3,293.246331
-0.074499,1,293.259332
-2.353885,3,293.291332
-1.174642,2,293.313333
-1.231531,2,293.334332
-2.376087,3,293.371332
-2.321801,3,293.402417
-2.446048,3,293.432416
-2.363546,3,293.462519
-2.439706,3,293.498751
-2.466516,3,293.53075
-1.231329,2,293.55175
-2.410218,3,293.581751
-0.066342,1,293.59575
-2.478829,3,293.629751
-2.40783,3,293.660751
-2.322054,3,293.69075
-2.471704,3,293.724751
-3.710587,4,293.767751
-3.935849,4,293.80775
-2.528568,3,293.83775
-3.635635,4,293.88275
-2.385026,3,293.91475
-0.037526,1,293.92575
-2.472067,3,293.957262
-1.276504,2,293.984365
-1.226894,2,294.024365
-2.519125,3,294.079366
-2.471018,3,294.123365
-2.437653,3,294.163364
-2.522335,3,294.197364
-0.021389,1,294.209363
-2.335621,3,294.241364
-2.444372,3,294.277363
-2.39407,3,294.312364
-3.582597,4,294.355581
-2.539594,3,294.38558
-1.169208,2,294.412581
-2.344595,3,294.44381
-2.378988,3,294.474809
-3.56738,4,294.518809
-3.716866,4,294.563808
-2.293834,3,294.594809
-1.217951,2,294.616809
-2.449466,3,294.64781
-1.244056,2,294.67281
-0.087305,1,294.683809
-2.482249,3,294.713808
-2.39573,3,294.745809
-3.704226,4,294.789809
-1.16606,2,294.810811
-1.212328,2,294.832809
-2.511707,3,294.862809
-2.517753,3,294.89881
-3.609076,4,294.937809
-0.078703,1,294.949809
-2.35415,3,294.980809
-2.437678,3,295.015809
-3.692673,4,295.06081
-2.577274,3,295.091812
-2.364792,3,295.122319
-2.441338,3,295.157319
-3.745872,4,295.200319
-0.042533,1,295.211319
-0.0444,1,295.222319
-2.488388,3,295.257392
-2.349932,3,295.288393
-2.436226,3,295.320392
-3.652678,4,295.363392
-3.622823,4,295.412393
-2.47921,3,295.445392
-2.49814,3,295.479393
-0.080105,1,295.489392
-1.184436,2,295.515392
-2.517081,3,295.547392
-2.44714,3,295.578588
-1.244576,2,295.599588
-1.260935,2,295.625588
-2.427018,3,295.658589
-2.477647,3,295.689588
-2.425641,3,295.723589
-1.217759,2,295.748589
-3.529707,4,295.788588
-2.363313,3,295.817589
-2.481876,3,295.851588
-2.468449,3,295.885589
-3.8192,4,295.928677
-2.421245,3,295.958674
-3.594621,4,296.000675
-2.447078,3,296.037675
-3.652604,4,296.080675
-2.507677,3,296.110676
-0.094842,1,296.120674
-2.383129,3,296.155755
-2.504561,3,296.185756
-3.763503,4,296.225755
-1.172525,2,296.245755
-0.091687,1,296.259754
-3.696674,4,296.304265
-2.494463,3,296.337362
-1.263921,2,296.357362
-3.760728,4,296.404535
-3.747947,4,296.444535
-2.567046,3,296.473535
-2.374131,3,296.504535
-2.377097,3,296.538535
-0.044791,1,296.548535
-1.234434,2,296.569536
-2.496595,3,296.601864
-1.216163,2,296.626861
-1.178278,2,296.647861
-1.272503,2,296.667862
-0.054155,1,296.678861
-2.414502,3,296.716862
-3.617522,4,296.758862
-1.26596,2,296.779862
-2.563407,3,296.809861
-2.485687,3,296.846269
-2.451211,3,296.877269
-2.479312,3,296.908269
-3.584496,4,296.951269
-3.626362,4,296.99727
-1.204665,2,297.018269
-3.547412,4,297.06527
-1.269211,2,297.088269
-1.303159,2,297.113269
-2.396868,3,297.146269
-1.139712,2,297.167269
-1.282317,2,297.186269
-1.28431,2,297.211271
-3.732338,4,297.253269
-2.340634,3,297.285342
-3.700605,4,297.326342
-2.354475,3,297.365343
-3.799101,4,297.405343
-2.428624,3,297.436346
-1.151323,2,297.458852
-1.269413,2,297.485852
-1.283062,2,297.506851
-2.336594,3,297.537851
-0.04011,1,297.547852
-2.407001,3,297.584852
-2.349616,3,297.615851
-0.041033,1,297.626852
-2.41305,3,297.656852
-1.148106,2,297.682852
-3.625119,4,297.724852
-2.480327,3,297.754853
-0.073935,1,297.765851
-1.243757,2,297.789939
-1.161004,2,297.811939
-3.565787,4,297.853164
-2.463956,3,297.883163
-2.458866,3,297.919163
-2.488253,3,297.950163
-1.186666,2,297.970165
-2.541887,3,298.001165
-3.764923,4,298.048163
-1.205945,2,298.069163
-2.387349,3,298.114164
-3.656748,4,298.180164
-0.048696,1,298.200165
-2.48715,3,298.234163
-2.422688,3,298.268163
-3.675667,4,298.312163
-0.099118,1,298.327163
-2.340464,3,298.359163
-2.411759,3,298.399164
-2.443131,3,298.436163
-1.181755,2,298.462164
-2.504923,3,298.492163
-1.170673,2,298.513164
-2.387695,3,298.543164
-0.027333,1,298.556163
-2.532763,3,298.592673
-2.371326,3,298.624673
-2.348904,3,298.653672
-2.464817,3,298.692672
-3.744409,4,298.733347
-3.602127,4,298.774347
-2.347833,3,298.805347
-2.506101,3,298.840348
-2.467713,3,298.870346
-2.408727,3,298.902347
-2.364749,3,298.932347
-3.742162,4,298.977346
-3.595869,4,299.021347
-1.240436,2,299.041346
-1.234377,2,299.061347
-2.339031,3,299.097347
-3.680099,4,299.140347
-2.341868,3,299.169347
-0.091192,1,299.180348
-1.266243,2,299.205347
-2.366276,3,299.240346
-2.473005,3,299.271347
-2.491335,3,299.301347
-2.449172,3,299.335346
-3.564873,4,299.379345
-3.734438,4,299.421346
-3.670861,4,299.462347
-2.465819,3,299.496346
-2.4344,3,299.527346
-1.216898,2,299.548349
-2.322461,3,299.581346
-1.258652,2,299.607347
-2.332575,3,299.637347
-3.750609,4,299.681346
-0.083752,1,299.691346
-1.249099,2,299.718347
-1.25526,2,299.739352
-2.379621,3,299.771854
-2.385352,3,299.803854
-1.25349,2,299.827855
-1.237809,2,299.846855
-0.087318,1,299.857854
-2.444394,3,299.890854
-0.099092,1,299.906853
-2.447155,3,299.937853
-2.331275,3,299.967854
-2.406915,3,299.999947
-2.364427,3,300.035946
-2.336718,3,300.06522
-2.519989,3,300.097219
-0.096352,1,300.10922
-2.501638,3,300.145219
-3.551146,4,300.185522
-1.240677,2,300.205521
-2.454234,3,300.238522
-2.438058,3,300.272521
-3.690411,4,300.313521
-0.099888,1,300.326521
-3.623969,4,300.367523
-3.675693,4,300.417522
-1.172739,2,300.439522
-3.607131,4,300.479524
-2.463263,3,300.510521
-0.025341,1,300.524521
-3.618351,4,300.567523
-2.310977,3,300.598523
-1.250578,2,300.620522
-2.43552,3,300.657521
-1.257979,2,300.679522
-3.708578,4,300.720521
-1.194152,2,300.741521
-2.357505,3,300.777522
-0.047998,1,300.791522
-1.16706,2,300.81352
-2.46551,3,300.844672
-2.400224,3,300.884181
-0.021806,1,300.894181
-2.560619,3,300.92718
-0.072523,1,300.93818
-3.603819,4,300.98518
-1.152927,2,301.006182
-2.369652,3,301.03718
-2.510849,3,301.068181
-3.741526,4,301.113181
-0.096097,1,301.124281
-1.216889,2,301.145282
-2.457208,3,301.178281
-3.663762,4,301.223281
-2.481059,3,301.255281
-3.642071,4,301.297281
-1.247051,2,301.318281
-2.47027,3,301.353281
-3.804819,4,301.394283
-1.240342,2,301.422282
-2.357576,3,301.455282
-3.618973,4,301.500281
-1.251479,2,301.52028
-0.073449,1,301.532375
-3.727457,4,301.573374
-3.706342,4,301.624636
-1.216255,2,301.647636
-1.168392,2,301.668637
-3.734221,4,301.709637
-1.21508,2,301.734636
-2.401744,3,301.765637
-2.399465,3,301.796637
-2.412619,3,301.827636
-1.174741,2,301.852636
-2.539018,3,301.886637
-2.421962,3,301.916636
-2.474164,3,301.948721
-1.15035,2,301.97372
-1.239421,2,301.995719
-1.135575,2,302.016725
-2.493435,3,302.050479
-2.400186,3,302.088479
-0.026315,1,302.100479
-1.196337,2,302.122479
-1.178991,2,302.14348
-1.270624,2,302.17048
-1.258309,2,302.19348
-1.243717,2,302.214479
-2.418972,3,302.245479
-3.542872,4,302.293479
-2.35017,3,302.32748
-3.660783,4,302.368479
-0.042115,1,302.380479
-2.395257,3,302.420479
-0.096049,1,302.432483
-1.153985,2,302.45548
-1.216254,2,302.477479
-2.516552,3,302.512479
-2.393255,3,302.543719
-2.541442,3,302.574719
-3.617158,4,302.614721
-2.483946,3,302.649719
-2.446688,3,302.681719
-0.056415,1,302.69272
-3.684221,4,302.733719
-2.471345,3,302.767819
-3.686328,4,302.808818
-1.277479,2,302.827818
-2.388471,3,302.858818
-1.204757,2,302.883819
-3.541717,4,302.925818
-2.397292,3,302.956896
-2.333245,3,302.986897
-1.225775,2,303.011897
-2.379631,3,303.040896
-3.620347,4,303.085184
-3.695157,4,303.126276
-2.37616,3,303.162785
-2.480959,3,303.193785
-0.087257,1,303.202785
-1.271615,2,303.222785
-3.785075,4,303.267787
-2.344711,3,303.300786
-2.543494,3,303.332785
-3.559061,4,303.373786
-2.354059,3,303.409784
-3.592255,4,303.450785
-2.523434,3,303.481785
-2.504739,3,303.511785
-0.036506,1,303.525785
-3.545611,4,303.567926
-2.401214,3,303.598927
-0.042443,1,303.608925
-1.246749,2,303.634925
-2.375576,3,303.665925
-2.318964,3,303.694925
-2.461729,3,303.726925
-1.252054,2,303.751927
-2.406788,3,303.781925
-0.061074,1,303.793041
-2.374,3,303.824041
-2.514167,3,303.859039
-3.662741,4,303.90104
-1.140329,2,303.923039
-3.574719,4,303.965039
-2.371728,3,304.00104
-3.623255,4,304.044222
-1.195191,2,304.064221
-2.514005,3,304.095221
-2.415867,3,304.130222
-3.825474,4,304.171287
-2.513108,3,304.203591
-3.644692,4,304.245589
-2.427017,3,304.281592
-2.52782,3,304.314099
-2.441245,3,304.343255
-2.463727,3,304.374256
-2.456424,3,304.410254
-3.784156,4,304.451255
-2.53476,3,304.481256
-1.268961,2,304.502255
-3.722299,4,304.555255
-0.088515,1,304.565255
-0.058794,1,304.575255
-2.387549,3,304.604339
-2.428106,3,304.64034
-2.407009,3,304.671339
-3.619847,4,304.712339
-2.439616,3,304.74534
-3.5648,4,304.791341
-3.762009,4,304.834339
-1.206898,2,304.85534
-3.79069,4,304.89534
-2.396158,3,304.93134
-2.312917,3,304.96434
-2.331696,3,304.993339
-2.447109,3,305.024437
-1.231119,2,305.051438
-2.479659,3,305.082437
-0.064702,1,305.093437
-2.449207,3,305.122437
-0.064475,1,305.136437
-3.6212,4,305.179438
-2.353397,3,305.210437
-2.571523,3,305.241436
-0.039473,1,305.255437
-2.417574,3,305.289437
-0.00916,1,305.301438
-2.41922,3,305.353699
-0.034251,1,305.380701
-3.710934,4,305.440211
-1.228702,2,305.465797
-1.159753,2,305.489797
-2.373563,3,305.531798
-2.466479,3,305.566797
-2.463,3,305.599799
-2.499998,3,305.636799
-1.194644,2,305.665798
-2.399107,3,305.699798
-2.495231,3,305.734797
-0.025322,1,305.744797
-1.141481,2,305.769796
-2.465912,3,305.800798
-0.078381,1,305.810797
-2.45642,3,305.843798
-1.223026,2,305.868798
-0.037127,1,305.878797
-1.156908,2,305.899798
-3.533207,4,305.942799
-2.434441,3,305.978799
-3.671448,4,306.020797
-3.732158,4,306.062797
-3.847884,4,306.103799
-1.149056,2,306.129797
-1.125296,2,306.149797
-0.035121,1,306.161798
-2.443551,3,306.191797
-3.629223,4,306.2378
-2.408336,3,306.271799
-2.32317,3,306.303798
-0.054912,1,306.313798
-3.564437,4,306.361798
-2.400721,3,306.394797
-2.330125,3,306.424798
-2.378159,3,306.455798
-0.070708,1,306.469798
-1.245961,2,306.492797
-2.538569,3,306.522797
-3.628498,4,306.5638
-1.224128,2,306.588308
-2.448483,3,306.620307
-2.477106,3,306.652307
-3.573411,4,306.694308
-3.625175,4,306.741307
-2.471373,3,306.773417
-2.381636,3,306.803418
-1.138008,2,306.824418
-3.674122,4,306.868419
-0.086299,1,306.880418
-3.611241,4,306.923417
-2.471482,3,306.954418
-1.13637,2,306.978418
-2.467064,3,307.006418
-2.434049,3,307.045565
-3.800184,4,307.084752
-3.725181,4,307.129752
-2.443013,3,307.160751
-0.058866,1,307.170751
-2.517631,3,307.201752
-2.458197,3,307.237752
-3.56327,4,307.282753
-2.548674,3,307.319751
-1.226609,2,307.341753
-0.05515,1,307.357752
-3.786333,4,307.404752
-0.069689,1,307.415752
-1.157273,2,307.436752
-2.401609,3,307.474
-0.063591,1,307.485
-2.456325,3,307.517001
-2.317609,3,307.548001
-2.374467,3,307.583001
-0.069825,1,307.594002
-3.648577,4,307.642001
-2.457716,3,307.672001
-1.12536,2,307.698001
-2.403232,3,307.730511
-1.165943,2,307.751663
-2.364865,3,307.783664
-2.3869,3,307.823663
-3.651222,4,307.864773
-2.574491,3,307.897132
-2.425176,3,307.931133
-0.082408,1,307.947133
-2.426298,3,307.980133
-2.49427,3,308.012132
-2.433834,3,308.044132
-1.226705,2,308.070132
-1.194453,2,308.093133
-3.631008,4,308.137133
-2.382908,3,308.169132
-1.1609,2,308.193133
-2.360358,3,308.226133
-2.442657,3,308.258132
-2.520687,3,308.290132
-3.610396,4,308.339133
-1.281543,2,308.362133
-2.395381,3,308.395132
-2.455297,3,308.430132
-3.806051,4,308.483132
-0.02406,1,308.493132
-2.474581,3,308.524133
-3.625938,4,308.568133
-2.418227,3,308.605132
-0.091185,1,308.615133
-1.263427,2,308.636133
-3.693494,4,308.679132
-2.499087,3,308.713133
-1.218729,2,308.733133
-2.518113,3,308.765133
-1.177455,2,308.786133
-3.672319,4,308.833132
-3.562933,4,308.881642
-3.637948,4,308.927642
-1.237657,2,308.950644
-3.595471,4,309.003642
-2.527185,3,309.034642
-2.484129,3,309.070644
-0.029117,1,309.080644
-2.512106,3,309.120642
-1.16668,2,309.143643
-1.142807,2,309.164642
-1.258674,2,309.187643
-1.255198,2,309.212643
-0.097245,1,309.226642
-2.509382,3,309.255643
-2.410593,3,309.287644
-2.440103,3,309.323767
-2.461494,3,309.354767
-1.161766,2,309.381056
-1.263923,2,309.405055
-0.078523,1,309.420055
-1.179835,2,309.442057
-0.098733,1,309.456056
-1.265824,2,309.479056
-1.162593,2,309.503055
-0.081834,1,309.516056
-2.38738,3,309.551058
-0.083134,1,309.562056
-2.523863,3,309.599056
-2.381721,3,309.632058
-3.668745,4,309.673367
-1.237239,2,309.692366
-2.312324,3,309.732367
-3.633815,4,309.775367
-2.392041,3,309.807367
-1.193584,2,309.828367
-1.145504,2,309.852367
-1.221345,2,309.873366
-0.085356,1,309.888366
-2.479928,3,309.920367
-0.084577,1,309.933366
-2.547109,3,309.966366
-2.41463,3,309.999933
-2.445334,3,310.031933
-1.227453,2,310.056933
-2.428905,3,310.090933
-3.791065,4,310.135932
-2.455147,3,310.166933
-2.330127,3,310.200933
-0.060536,1,310.212933
-0.087904,1,310.221933
-2.380459,3,310.252
-2.359324,3,310.288001
-2.319032,3,310.317
-2.399442,3,310.353
-2.340067,3,310.385
-3.616846,4,310.433001
-2.443787,3,310.467
-1.236344,2,310.488001
-3.670299,4,310.532105
-0.064731,1,310.548106
-3.591546,4,310.587106
-2.37236,3,310.622104
-3.64317,4,310.663361
-2.39013,3,310.69736
-3.610288,4,310.744361
-3.569053,4,310.791361
-2.466091,3,310.82336
-3.64325,4,310.869361
-1.209913,2,310.890362
-2.374273,3,310.939364
-2.486166,3,310.984362
-0.018041,1,311.003361
-2.394833,3,311.039361
-1.124499,2,311.062361
-0.048578,1,311.074361
-1.196559,2,311.104361
-2.470364,3,311.135363
-1.173946,2,311.157868
-3.656861,4,311.209868
-1.251024,2,311.238868
-3.708566,4,311.284868
-1.265302,2,311.307868
-2.381645,3,311.338868
-2.421796,3,311.374869
-3.798715,4,311.420869
-3.568388,4,311.460868
-2.433988,3,311.492869
-3.788921,4,311.538873
-2.462715,3,311.567868
-2.337859,3,311.595869
-2.503177,3,311.627868
-2.407493,3,311.665994
-2.414857,3,311.698179
-1.181983,2,311.720179
-1.263226,2,311.744244
-3.602339,4,311.787243
-1.213167,2,311.809243
-3.658455,4,311.849485
-1.182367,2,311.872484
-3.661501,4,311.922485
-2.517715,3,311.955485
-2.447911,3,311.988485
-0.094216,1,311.998487
-1.134966,2,312.022485
-2.526864,3,312.050486
-3.802842,4,312.093486
-1.163855,2,312.115484
-2.438921,3,312.150485
-1.153348,2,312.170485
-3.605076,4,312.212485
-2.424476,3,312.244485
-1.13428,2,312.269489
-1.218892,2,312.297993
-3.67769,4,312.339994
-2.45351,3,312.368994
-1.227176,2,312.413994
-2.552887,3,312.446993
-2.328014,3,312.478994
-1.168252,2,312.498527
-2.409274,3,312.538527
-3.696075,4,312.581528
-2.37957,3,312.615527
-2.502547,3,312.655526
-1.238757,2,312.680527
-1.207622,2,312.699527
-3.725649,4,312.744527
-2.470132,3,312.776526
-3.617633,4,312.820528
-2.513254,3,312.853527
-2.330836,3,312.883527
-2.513516,3,312.916527
-3.651954,4,312.963527
-3.653338,4,313.004528
-1.156376,2,313.025527
-2.391301,3,313.058527
-3.694547,4,313.104698
-2.4835,3,313.136698
-0.08328,1,313.146699
-2.495678,3,313.180698
-2.443105,3,313.218698
-2.503472,3,313.251698
-1.25795,2,313.274698
-2.322907,3,313.306699
-0.089649,1,313.320698
-2.449132,3,313.353698
-2.48188,3,313.386821
-3.629977,4,313.42982
-0.079816,1,313.44482
-3.684201,4,313.49133
-2.519624,3,313.52633
-3.590621,4,313.57133
-2.313705,3,313.609329
-2.341655,3,313.638331
-0.061454,1,313.65033
-2.414629,3,313.68233
-2.382402,3,313.720491
-0.09546,1,313.731491
-2.457047,3,313.761491
-0.045468,1,313.773492
-2.42745,3,313.814491
-0.035474,1,313.826495
-0.058505,1,313.839492
-2.444201,3,313.87249
-2.529635,3,313.908491
-2.458582,3,313.940491
-1.23517,2,313.962491
-2.511185,3,313.993492
-2.53796,3,314.029491
-2.399747,3,314.062493
-1.279183,2,314.084492
-1.259179,2,314.105493
-2.381741,3,314.14249
-2.509631,3,314.177726
-1.244544,2,314.197725
-1.281663,2,314.220725
-0.089339,1,314.233726
-2.498402,3,314.267797
-1.26426,2,314.289797
-2.414361,3,314.322796
-2.469251,3,314.358797
-2.515427,3,314.391796
-2.392585,3,314.424796
-2.341476,3,314.458797
-1.245056,2,314.486797
-0.038293,1,314.496797
-3.921783,4,314.539795
-2.321406,3,314.571925
-3.626932,4,314.621432
-1.183903,2,314.642433
-3.697012,4,314.682433
-3.611326,4,314.726492
-3.689331,4,314.774492
-2.348768,3,314.810492
-2.415716,3,314.840491
-2.411781,3,314.873492
-2.371558,3,314.909493
-0.081639,1,314.921492
-2.527649,3,314.952492
-0.097432,1,314.962492
-2.353319,3,314.997492
-1.227127,2,315.019493
-2.570281,3,315.055492
-2.554694,3,315.085492
-1.273068,2,315.109492
-0.083605,1,315.121492
-0.026088,1,315.133492
-2.535062,3,315.166492
-1.227265,2,315.191492
-2.571217,3,315.225493
-2.431855,3,315.259493
-0.07867,1,315.269493
-2.476294,3,315.303493
-2.437661,3,315.334492
-0.081934,1,315.346582
-0.068597,1,315.358582
-0.025393,1,315.374582
-3.65406,4,315.414583
-2.386182,3,315.445583
-2.38011,3,315.476581
-3.685564,4,315.523581
-3.608291,4,315.565582
-2.394266,3,315.597581
-2.374243,3,315.630582
-3.619029,4,315.678582
-2.341909,3,315.713581
-1.25362,2,315.736585
-1.283496,2,315.759091
-2.471564,3,315.798097
-2.471573,3,315.828096
-1.157268,2,315.850096
-1.221926,2,315.871096
-0.071762,1,315.885096
-0.083777,1,315.897096
-1.222583,2,315.921097
-2.357976,3,315.953096
-2.443457,3,315.989097
-2.55091,3,316.023096
-3.710361,4,316.076223
-0.09485,1,316.101223
-2.433088,3,316.162223
-3.740532,4,316.212222
-3.666843,4,316.256222
-1.241673,2,316.278224
-2.321525,3,316.319223
-2.463346,3,316.356223
-2.519985,3,316.389223
-3.658004,4,316.440225
-2.529712,3,316.476222
-2.476569,3,316.505222
-0.047381,1,316.514223
-0.090307,1,316.522222
-2.345104,3,316.555222
-2.40339,3,316.583222
-2.545177,3,316.616222
-1.278653,2,316.633223
-3.674341,4,316.673222
-2.333885,3,316.703222
-1.223364,2,316.723222
-3.719316,4,316.758222
-0.070144,1,316.770222
-2.351377,3,316.798221
-3.581829,4,316.833222
-3.685268,4,316.869222
-2.415459,3,316.90573
-2.343933,3,316.93473
-0.021841,1,316.944731
-2.490436,3,316.97073
-3.633024,4,317.013731
-1.18613,2,317.034731
-2.350359,3,317.060733
-1.267473,2,317.07973
-1.273412,2,317.103732
-0.078794,1,317.113731
-1.218091,2,317.132731
-3.583267,4,317.172731
-2.542646,3,317.20573
-2.511263,3,317.23473
-2.433639,3,317.260731
-1.279385,2,317.27873
-0.090263,1,317.291731
-3.583571,4,317.325731
-1.174497,2,317.346731
-3.678218,4,317.383731
-0.094662,1,317.39773
-2.524172,3,317.42473
-3.750746,4,317.46573
-2.573387,3,317.495731
-2.553861,3,317.529731
-3.745335,4,317.568964
-1.171271,2,317.585964
-1.21751,2,317.603964
-2.451488,3,317.635964
-2.406861,3,317.664964
-2.499211,3,317.695965
-0.079648,1,317.705965
-2.405483,3,317.740964
-3.815291,4,317.785963
-3.602877,4,317.828964
-2.499727,3,317.859964
-2.466478,3,317.894966
-3.660706,4,317.935965
-2.476072,3,317.967965
-3.680333,4,318.011966
-0.016902,1,318.024966
-2.533209,3,318.059473
-0.067312,1,318.071472
-0.050353,1,318.081472
-0.051208,1,318.096473
-0.049617,1,318.110474
-2.459723,3,318.140472
-2.435429,3,318.172473
-2.349219,3,318.208474
-0.071749,1,318.220472
-0.040554,1,318.231473
-2.412111,3,318.264526
-1.202854,2,318.289526
-1.208753,2,318.310525
-2.3527,3,318.341525
-3.666743,4,318.383724
-3.782787,4,318.431173
-3.562301,4,318.475173
-2.406323,3,318.506172
-2.529464,3,318.538173
-3.626686,4,318.591173
-2.525213,3,318.622173
-2.406512,3,318.682174
-2.570036,3,318.731173
-2.363906,3,318.776174
-3.646621,4,318.823173
-3.752579,4,318.867172
-1.154369,2,318.893173
-2.373623,3,318.934174
-2.386923,3,318.982173
-1.265969,2,319.013174
-2.399528,3,319.050173
-2.378832,3,319.087173
-2.445149,3,319.127173
-1.16095,2,319.152172
-2.532436,3,319.189682
-0.049245,1,319.208682
-1.244093,2,319.241683
-3.571819,4,319.291682
-2.399324,3,319.323682
-2.53959,3,319.362683
-2.55573,3,319.397681
-1.214981,2,319.422682
-2.323461,3,319.462682
-2.423557,3,319.501943
-2.343555,3,319.539181
-3.634002,4,319.584181
-1.233006,2,319.609181
-0.093334,1,319.626181
-2.318216,3,319.672181
-2.424584,3,319.70618
-2.405949,3,319.745181
-2.358506,3,319.782182
-0.044039,1,319.792181
-2.403823,3,319.826182
-2.379606,3,319.860181
-2.486931,3,319.900181
-1.171455,2,319.921181
-2.470408,3,319.953181
-2.380557,3,319.987181
-0.07132,1,320.001183
-2.50955,3,320.043181
-0.09067,1,320.057181
-3.607342,4,320.108181
-1.18162,2,320.138184
-1.142366,2,320.160182
-0.082456,1,320.172181
-3.850484,4,320.22718
-2.432244,3,320.272181
-0.044098,1,320.285181
-1.21786,2,320.306182
-0.098135,1,320.317182
-1.223373,2,320.345689
-2.400594,3,320.382689
-2.423188,3,320.417688
-3.672941,4,320.470688
-1.199602,2,320.504914
-0.095527,1,320.516913
-1.190783,2,320.544914
-2.391676,3,320.578914
-1.258577,2,320.611913
-2.333776,3,320.649913
-2.539192,3,320.689969
-3.775751,4,320.735293
-2.501982,3,320.774293
-1.266759,2,320.797293
-2.389884,3,320.833293
-3.567073,4,320.884293
-2.372474,3,320.919293
-3.574603,4,320.973293
-0.067578,1,320.985294
-2.365834,3,321.030293
-2.44209,3,321.078293
-1.196305,2,321.099293
-0.079927,1,321.110293
-1.152429,2,321.132293
-1.246216,2,321.166293
-1.157443,2,321.192293
-3.650163,4,321.233293
-3.550222,4,321.283293
-2.415731,3,321.323294
-2.405575,3,321.371293
-2.388509,3,321.410293
-0.097374,1,321.427294
-0.078652,1,321.442293
-2.381238,3,321.477801
-2.4001,3,321.510801
-3.580042,4,321.562801
-3.584559,4,321.606801
-0.019927,1,321.619802
-2.411039,3,321.656801
-2.558622,3,321.687105
-3.588579,4,321.737105
-1.163157,2,321.759104
-3.663101,4,321.807107
-1.214856,2,321.829105
-2.530692,3,321.874104
-2.413464,3,321.911104
-1.239019,2,321.935105
-1.258833,2,321.956104
-2.486871,3,322.007106
-0.088014,1,322.022104
-2.523144,3,322.059105
-2.515412,3,322.094343
-0.088431,1,322.115344
-3.649732,4,322.155344
-1.15279,2,322.177344
-3.754969,4,322.218343
-0.082151,1,322.235343
-2.364418,3,322.272342
-1.251836,2,322.292342
-2.411771,3,322.341343
-3.628355,4,322.394344
-2.311478,3,322.426344
-2.570609,3,322.460343
-0.068832,1,322.478343
-2.319076,3,322.522343
-0.087622,1,322.535343
-1.214421,2,322.556343
-2.431807,3,322.587343
-3.766128,4,322.637852
-3.575527,4,322.679959
-3.846515,4,322.72396
-2.419226,3,322.75958
-3.605316,4,322.80958
-2.447953,3,322.842677
-1.175989,2,322.863677
-3.760365,4,322.909677
-2.541257,3,322.953677
-3.661018,4,323.003676
-3.574112,4,323.058676
-0.068965,1,323.070676
-2.438879,3,323.105754
-2.370844,3,323.146754
-2.485141,3,323.182755
-3.665249,4,323.236754
-1.27618,2,323.265754
-0.083998,1,323.278754
-2.372803,3,323.309754
-2.3707,3,323.344755
-3.643493,4,323.409754
-2.344803,3,323.444825
-2.35325,3,323.47891
-0.086351,1,323.492002
-0.059743,1,323.508002
-2.464347,3,323.543001
-2.44339,3,323.577001
-2.464137,3,323.617001
-2.439129,3,323.659104
-2.476905,3,323.692276
-2.407245,3,323.732276
-0.093238,1,323.745279
-2.517473,3,323.784786
-3.564981,4,323.828855
-1.272731,2,323.853854
-1.207557,2,323.876855
-2.416422,3,323.920855
-1.192199,2,323.944855
-3.673407,4,323.992854
-1.147535,2,324.015213
-3.560027,4,324.075211
-1.200625,2,324.097212
-2.541004,3,324.128286
-1.294244,2,324.158289
-3.875534,4,324.216287
-1.169609,2,324.241287
-2.404174,3,324.278287
-0.093251,1,324.293288
-1.155945,2,324.330287
-0.03146,1,324.343288
-2.425074,3,324.375287
-1.19578,2,324.402287
-1.171748,2,324.429287
-2.340671,3,324.463287
-1.216021,2,324.493287
-2.408545,3,324.534287
-0.094151,1,324.552287
-0.063662,1,324.566287
-2.449008,3,324.607286
-2.615033,3,324.645288
-2.430781,3,324.684287
-0.016317,1,324.702287
-2.393085,3,324.736287
-3.683315,4,324.791287
-0.089456,1,324.813287
-3.679604,4,324.862287
-2.482458,3,324.893289
-2.355328,3,324.930796
-0.037147,1,324.946794
-0.087634,1,324.958795
-2.505517,3,324.991794
-0.044163,1,325.003794
-2.368434,3,325.045796
-3.653238,4,325.094794
-3.588848,4,325.146794
-2.452298,3,325.178795
-2.417742,3,325.213796
-2.369199,3,325.246794
-2.354258,3,325.276795
-2.457825,3,325.308795
-1.265303,2,325.333794
-2.362822,3,325.364795
-2.335999,3,325.395795
-3.815803,4,325.439795
-2.44792,3,325.475795
-2.40055,3,325.508795
-1.238183,2,325.530795
-1.252032,2,325.551868
-1.211493,2,325.579868
-1.168381,2,325.602867
-1.158914,2,325.622868
-1.155329,2,325.643868
-1.267133,2,325.669868
-1.197785,2,325.693869
-2.415141,3,325.726868
-2.406112,3,325.758868
-1.261542,2,325.785868
-2.35686,3,325.819868
-1.265048,2,325.840868
-2.4984,3,325.873868
-3.743475,4,325.923997
-2.446855,3,325.955074
-2.410981,3,325.988148
-3.914939,4,326.032657
-3.663608,4,326.078656
-1.225556,2,326.099656
-0.053692,1,326.110655
-3.7718,4,326.157656
-1.145762,2,326.183658
-2.444536,3,326.21366
-2.510009,3,326.247657
-3.744291,4,326.288656
-2.335611,3,326.324656
-2.429943,3,326.358656
-0.092209,1,326.369656
-2.456924,3,326.402657
-2.409661,3,326.437656
-3.753167,4,326.482657
-2.400488,3,326.515656
-2.413219,3,326.547657
-1.180706,2,326.575656
-1.205734,2,326.597657
-2.357722,3,326.628656
-1.152381,2,326.651656
-0.083937,1,326.666657
-0.050694,1,326.678657
-2.341439,3,326.710656
-2.358537,3,326.744656
-1.204713,2,326.770656
-2.49186,3,326.804656
-1.253935,2,326.826656
-2.46808,3,326.856656
-2.387593,3,326.895657
-2.588602,3,326.927656
-3.718314,4,326.969657
-2.455321,3,327.003657
-3.679287,4,327.049656
-3.660923,4,327.092658
-2.431278,3,327.123656
-0.078926,1,327.134658
-2.333031,3,327.172165
-2.370979,3,327.204165
-0.088286,1,327.215166
-2.464083,3,327.247164
-1.212042,2,327.272165
-1.141814,2,327.293166
-1.149924,2,327.314165
-0.071364,1,327.327166
-3.613686,4,327.372164
-1.19465,2,327.392165
-2.481541,3,327.423165
-1.282349,2,327.445166
-1.294292,2,327.469165
-2.359263,3,327.501165
-2.460287,3,327.535166
-3.686293,4,327.580165
-2.458095,3,327.618165
-2.42827,3,327.650166
-2.425922,3,327.684165
-3.655531,4,327.726167
-2.371374,3,327.764166
-1.247707,2,327.787165
-1.252672,2,327.808167
-2.417912,3,327.841165
-2.521176,3,327.880165
-1.142923,2,327.903165
-2.315514,3,327.9363
-3.724422,4,327.99252
-3.637594,4,328.08252
-0.015102,1,328.097519
-1.152629,2,328.12252
-1.200403,2,328.144982
-2.38864,3,328.183982
-2.484854,3,328.218982
-2.533632,3,328.249981
-2.451949,3,328.282981
-1.186187,2,328.312986
-2.396618,3,328.349494
-2.352447,3,328.382495
-2.502058,3,328.415854
-1.217968,2,328.441855
-2.499155,3,328.483855
-2.468452,3,328.540855
-2.457011,3,328.579855
-2.31553,3,328.623854
-1.258054,2,328.647854
-2.549395,3,328.681855
-3.757034,4,328.723855
-3.524259,4,328.772855
-3.606261,4,328.821855
-1.271997,2,328.844854
-0.016464,1,328.855855
-2.501124,3,328.893855
-3.612917,4,328.937854
-3.738461,4,328.979855
-3.63229,4,329.020855
-3.572057,4,329.067854
-2.362455,3,329.100855
-3.636972,4,329.141854
-0.089151,1,329.152854
-3.600581,4,329.201854
-1.197906,2,329.225856
-3.779635,4,329.268855
-0.064686,1,329.278855
-2.491621,3,329.314855
-1.267138,2,329.336854
-2.392798,3,329.368855
-2.471448,3,329.403854
-1.238591,2,329.429854
-2.43536,3,329.462363
-3.582148,4,329.505363
-3.598587,4,329.550363
-2.329764,3,329.586363
-2.377193,3,329.620364
-0.074186,1,329.632364
-0.007145,1,329.643364
-1.28573,2,329.669363
-2.32872,3,329.699363
-2.382508,3,329.730363
-1.21032,2,329.753364
-1.273623,2,329.778363
-0.06484,1,329.788364
-1.228851,2,329.811363
-2.477848,3,329.844364
-2.375398,3,329.882363
-1.196796,2,329.904364
-2.353588,3,329.936363
-1.211997,2,329.959366
-0.032778,1,329.974363
-0.067936,1,329.985363
-2.461985,3,330.017363
-1.203045,2,330.039364
-2.46527,3,330.074363
-3.602097,4,330.116363
-3.57243,4,330.159461
-2.375177,3,330.193459
-1.265637,2,330.219458
-3.68037,4,330.262459
-1.239714,2,330.286466
-2.522825,3,330.32146
-0.061432,1,330.335459
-3.72738,4,330.377459
-1.238835,2,330.400575
-1.191915,2,330.421576
-3.730495,4,330.468576
-2.482174,3,330.500575
-0.058963,1,330.512576
-2.501321,3,330.543577
-1.181043,2,330.570577
-2.314973,3,330.608087
-3.698112,4,330.652085
-3.654575,4,330.696085
-2.522878,3,330.732084
-2.545947,3,330.764084
-2.601054,3,330.796085
-3.677116,4,330.838084
-1.230625,2,330.862084
-1.303157,2,330.883085
-3.628986,4,330.927084
-0.077303,1,330.938083
-3.595459,4,330.983085
-2.459938,3,331.013084
-1.218271,2,331.035084
-2.526702,3,331.068084
-1.211719,2,331.096084
-2.438094,3,331.126085
-3.642625,4,331.169084
-2.366966,3,331.199085
-2.444061,3,331.233085
-2.444249,3,331.264084
-2.444152,3,331.296084
-2.46883,3,331.326083
-3.787549,4,331.369083
-1.281418,2,331.391084
-2.346483,3,331.421087
-3.618455,4,331.461083
-0.074877,1,331.475084
-2.504273,3,331.509086
-2.434995,3,331.540084
-1.229701,2,331.561084
-1.268333,2,331.587084
-3.670366,4,331.629084
-2.449904,3,331.660084
-2.552125,3,331.691084
-0.028862,1,331.708084
-2.43929,3,331.757699
-3.733002,4,331.798698
-1.209519,2,331.820701
-2.552204,3,331.855958
-2.370248,3,331.885958
-2.413035,3,331.91696
-2.529598,3,331.949959
-2.544229,3,331.985958
-2.463895,3,332.015959
-2.403602,3,332.047959
-2.344542,3,332.078959
-1.234734,2,332.103959
-2.30988,3,332.135959
-2.490294,3,332.168959
-3.670957,4,332.208959
-2.452119,3,332.243958
-1.162156,2,332.265959
-1.26444,2,332.287959
-2.366203,3,332.317959
-3.623527,4,332.362958
-3.671384,4,332.402958
-2.429142,3,332.432959
-3.612077,4,332.475959
-3.647977,4,332.519958
-3.729333,4,332.561958
-1.238917,2,332.583959
-0.049165,1,332.594959
-2.458844,3,332.629959
-0.062413,1,332.64096
-2.435418,3,332.671959
-2.564446,3,332.706959
-2.354531,3,332.740959
-2.359692,3,332.77196
-1.264973,2,332.791958
-3.712918,4,332.835959
-1.167232,2,332.859962
-3.623064,4,332.904087
-0.082621,1,332.917088
-1.270779,2,332.938087
-2.441147,3,332.974087
-2.530603,3,333.004784
-2.467827,3,333.037846
-3.851552,4,333.078845
-2.379756,3,333.116846
-3.63966,4,333.158846
-2.48452,3,333.188846
-2.392662,3,333.219845
-2.474139,3,333.256846
-1.157499,2,333.277847
-2.481962,3,333.308848
-2.381337,3,333.337012
-2.381966,3,333.373012
-2.553124,3,333.403012
-1.24077,2,333.423012
-2.559834,3,333.453139
-3.723463,4,333.500138
-2.444799,3,333.531138
-1.231609,2,333.551434
-2.469803,3,333.583434
-2.526279,3,333.618434
-3.743385,4,333.659434
-1.138613,2,333.681434
-2.397987,3,333.712433
-2.343861,3,333.745434
-1.141509,2,333.766434
-2.519049,3,333.799434
-0.073568,1,333.810434
-1.256834,2,333.836434
-3.787123,4,333.877435
-3.691915,4,333.918434
-2.381365,3,333.948435
-2.45537,3,333.984435
-3.806985,4,334.026942
-2.361095,3,334.057942
-2.433144,3,334.088943
-0.057668,1,334.104942
-2.44702,3,334.137943
-3.575714,4,334.177943
-1.187396,2,334.199035
-2.541115,3,334.237035
-3.818615,4,334.279036
-2.496328,3,334.310036
-2.471905,3,334.341035
-1.140976,2,334.366035
-1.209086,2,334.388035
-2.403217,3,334.418035
-2.511566,3,334.450238
-2.474218,3,334.484309
-0.036202,1,334.495309
-0.022636,1,334.50631
-2.409554,3,334.537311
-1.275609,2,334.561309
-1.169434,2,334.581308
-2.48063,3,334.613611
-2.318361,3,334.675317
-0.020921,1,334.703317
-3.765193,4,334.754697
-2.377207,3,334.791697
-1.252317,2,334.812697
-2.344037,3,334.847697
-0.074062,1,334.857697
-2.505374,3,334.890697
-2.457608,3,334.922698
-0.084163,1,334.937701
-2.529009,3,334.971699
-3.604373,4,335.017697
-0.087223,1,335.027698
-1.233039,2,335.053698
-3.578254,4,335.095697
-2.339498,3,335.128697
-3.622676,4,335.172205
-2.499452,3,335.209205
-3.573103,4,335.254205
-1.211216,2,335.274204
-2.467785,3,335.307204
-0.070011,1,335.324203
-1.278977,2,335.346205
-3.662834,4,335.386312
-2.372385,3,335.416311
-2.435696,3,335.452312
-3.653808,4,335.494312
-2.523266,3,335.525312
-2.355901,3,335.55831
-2.433938,3,335.62531
-2.353334,3,335.65831
-3.643285,4,335.699311
-2.342664,3,335.729311
-2.355364,3,335.766437
-3.675826,4,335.808436
-1.284564,2,335.830436
-2.431285,3,335.862709
-1.149101,2,335.88971
-2.480112,3,335.919708
-2.430146,3,335.952709
-2.437269,3,335.98671
-3.611213,4,336.032708
-3.648324,4,336.074709
-2.502156,3,336.106709
-3.747781,4,336.147708
-3.659759,4,336.193829
-2.416921,3,336.225828
-2.357935,3,336.256828
-2.422264,3,336.285828
-2.451416,3,336.320829
-2.37002,3,336.350336
-2.4426,3,336.383492
-3.6476,4,336.42649
-1.218143,2,336.452492
-3.696529,4,336.493491
-1.232656,2,336.512491
-3.601783,4,336.556492
-3.894218,4,336.602491
-2.432571,3,336.634491
-0.070979,1,336.646492
-0.048251,1,336.65749
-1.177831,2,336.681492
-2.491195,3,336.71149
-3.657776,4,336.756796
-3.798168,4,336.799798
-2.531422,3,336.835796
-1.237222,2,336.855796
-2.428067,3,336.888797
-2.563267,3,336.917796
-3.845522,4,336.962796
-1.236593,2,336.983797
-1.235213,2,337.004797
-0.024491,1,337.015797
-0.074964,1,337.028796
-3.570881,4,337.06986
-1.265744,2,337.091861
-0.084113,1,337.102861
-0.031702,1,337.116861
-2.463992,3,337.158861
-2.510881,3,337.191861
-0.058132,1,337.202861
-3.573075,4,337.246861
-3.544232,4,337.28786
-2.511845,3,337.319861
-0.075279,1,337.330861
-0.073546,1,337.344861
-3.626335,4,337.387861
-2.325772,3,337.419861
-2.425652,3,337.45086
-0.08337,1,337.465863
-2.56473,3,337.496865
-1.275139,2,337.519659
-0.035121,1,337.53066
-2.377111,3,337.56566
-2.436562,3,337.59866
-2.502191,3,337.630659
-2.348998,3,337.662659
-3.572666,4,337.70666
-2.438904,3,337.73866
-1.200991,2,337.75966
-1.19645,2,337.779659
-1.133598,2,337.804659
-1.224685,2,337.825659
-2.422885,3,337.85966
-3.624765,4,337.90366
-1.142276,2,337.92766
-1.162061,2,337.946661
-1.270628,2,337.968659
-2.349013,3,337.999659
-1.272474,2,338.02366
-0.066397,1,338.034661
-3.6943,4,338.07666
-2.470481,3,338.107659
-2.320853,3,338.14266
-2.480599,3,338.17466
-0.083999,1,338.187661
-2.432277,3,338.24766
-2.510894,3,338.30066
-2.338298,3,338.33566
-1.270377,2,338.358661
-1.163267,2,338.38166
-2.398414,3,338.41866
-2.4044,3,338.44966
-0.061181,1,338.45966
-2.42625,3,338.492659
-2.496367,3,338.535659
-3.753458,4,338.577661
-3.614675,4,338.618659
-2.325842,3,338.649167
-1.24041,2,338.673167
-0.023254,1,338.684168
-2.497689,3,338.716167
-2.350993,3,338.747168
-1.244813,2,338.772168
-0.040858,1,338.783167
-0.0456,1,338.793167
-1.231821,2,338.814167
-1.232809,2,338.842274
-2.476725,3,338.877273
-3.761287,4,338.917272
-2.359564,3,338.950273
-2.498418,3,338.985274
-2.417265,3,339.016273
-3.665802,4,339.059273
-2.353334,3,339.090389
-0.066858,1,339.105389
-2.46207,3,339.136389
-2.360542,3,339.169446
-2.500634,3,339.202444
-2.476744,3,339.237603
-2.491353,3,339.268887
-1.175886,2,339.288888
-3.773147,4,339.330887
-2.322251,3,339.366887
-2.497074,3,339.398888
-2.500562,3,339.430887
-2.356459,3,339.462888
-0.071458,1,339.477889
-1.21165,2,339.498887
-1.239696,2,339.520888
-1.179658,2,339.541887
-1.168162,2,339.566887
-2.543603,3,339.596888
-2.349011,3,339.629888
-1.177484,2,339.649887
-2.372128,3,339.684888
-1.292049,2,339.704888
-1.25675,2,339.726887
-2.343311,3,339.757889
-1.267671,2,339.780891
-2.391922,3,339.814399
-2.423388,3,339.845567
-2.551096,3,339.877567
-2.392486,3,339.912567
-3.699041,4,339.954567
-2.391439,3,339.983567
-2.498535,3,340.015567
-1.239878,2,340.042567
-2.358686,3,340.073567
-0.039061,1,340.083569
-1.213078,2,340.104568
-2.331532,3,340.140568
-1.261078,2,340.163568
-0.090908,1,340.174567
-2.523041,3,340.206567
-2.354537,3,340.243567
-3.611795,4,340.288567
-2.416525,3,340.320567
-1.281515,2,340.459955
-2.344071,3,340.497955
-1.273784,2,340.518954
-2.429979,3,340.549954
-1.248396,2,340.570954
-2.435658,3,340.607954
-3.634716,4,340.649954
-2.498427,3,340.682955
-0.099293,1,340.693955
-1.200606,2,340.719955
-3.766717,4,340.786956
-2.339645,3,340.835956
-2.419909,3,340.876954
-0.028032,1,340.891955
-2.588949,3,340.925959
-1.288109,2,340.950464
-1.256938,2,340.971464
-0.099809,1,340.985465
-2.374931,3,341.017464
-2.422112,3,341.056619
-3.567804,4,341.101619
-2.436888,3,341.139618
-2.388819,3,341.172619
-1.129142,2,341.192618
-2.446116,3,341.223618
-2.338368,3,341.260618
-3.648832,4,341.302619
-2.328957,3,341.332964
-1.14006,2,341.353964
-1.240585,2,341.379964
-1.207377,2,341.400965
-3.871123,4,341.442964
-1.134823,2,341.462964
-3.658437,4,341.508964
-2.361115,3,341.537963
-2.444667,3,341.568964
-3.624994,4,341.610964
-2.509427,3,341.645964
-0.024635,1,341.656964
-1.133045,2,341.676964
-2.407221,3,341.709965
-1.239348,2,341.735964
-2.387852,3,341.771966
-2.457273,3,341.825361
-0.085999,1,341.844361
-3.652739,4,341.903361
-3.630788,4,341.946362
-2.357056,3,341.98336
-0.062457,1,341.995361
-3.6881,4,342.042362
-0.095431,1,342.053363
-2.371329,3,342.087877
-2.36537,3,342.125873
-1.281624,2,342.151875
-3.604218,4,342.193874
-3.59415,4,342.236873
-2.357691,3,342.266131
-1.266481,2,342.292131
-2.402457,3,342.323131
-2.539629,3,342.354131
-2.418754,3,342.385132
-3.583412,4,342.43213
-2.399378,3,342.46213
-2.504457,3,342.49513
-3.58488,4,342.53613
-3.628329,4,342.585131
-2.324841,3,342.61513
-1.230443,2,342.63613
-3.657812,4,342.68113
-2.532718,3,342.716131
-0.045014,1,342.72513
-3.613457,4,342.76813
-1.242564,2,342.78913
-2.52355,3,342.825131
-2.430303,3,342.856131
-1.200479,2,342.87613
-2.387119,3,342.908131
-2.431878,3,342.946131
-3.740149,4,342.991134
-1.243011,2,343.01313
-2.493469,3,343.043131
-1.191263,2,343.067131
-3.781733,4,343.108131
-2.406142,3,343.14013
-2.453256,3,343.172131
-1.163668,2,343.197132
-1.191426,2,343.218133
-2.512316,3,343.25364
-2.369359,3,343.281727
-1.168054,2,343.305726
-2.34349,3,343.339726
-3.626119,4,343.380855
-3.605389,4,343.422855
-3.634103,4,343.468946
-1.227909,2,343.488948
-0.062113,1,343.499946
-1.152086,2,343.519948
-1.237091,2,343.543947
-2.495436,3,343.575947
-2.362432,3,343.608947
-1.255514,2,343.628947
-1.180704,2,343.653948
-3.619138,4,343.696947
-2.453241,3,343.725947
-3.639806,4,343.764948
-3.540788,4,343.810949
-1.230593,2,343.848948
-2.416477,3,343.896301
-2.406176,3,343.9383
-2.480881,3,343.978302
-2.512944,3,344.0153
-1.231513,2,344.037301
-2.472692,3,344.0693
-2.448715,3,344.1063
-3.541585,4,344.153301
-3.686882,4,344.199301
-3.684275,4,344.243301
-2.44123,3,344.2773
-2.522853,3,344.3083
-3.648136,4,344.3513
-2.550172,3,344.384808
-3.798383,4,344.432807
-3.726391,4,344.473961
-2.430278,3,344.504961
-3.683643,4,344.548962
-2.363479,3,344.584961
-3.622775,4,344.626176
-3.658267,4,344.666177
-2.460032,3,344.698177
-2.47805,3,344.733176
-3.680807,4,344.776422
-2.554213,3,344.807422
-3.77527,4,344.848423
-2.350022,3,344.883422
-0.021782,1,344.894423
-1.178985,2,344.915423
-1.253137,2,344.935423
-2.464887,3,344.971424
-0.090109,1,344.982424
-1.160651,2,345.003423
-2.483292,3,345.033422
-3.659653,4,345.080422
-3.646674,4,345.122423
-0.042073,1,345.132422
-2.347894,3,345.163422
-2.433496,3,345.199423
-0.077069,1,345.210423
-0.097164,1,345.221422
-2.393945,3,345.250422
-3.641873,4,345.300423
-1.19272,2,345.322423
-2.317902,3,345.353422
-1.140819,2,345.374422
-1.121159,2,345.400423
-1.207333,2,345.422424
-1.126348,2,345.443422
-2.419397,3,345.476424
-0.039052,1,345.490423
-0.091456,1,345.502425
-1.275532,2,345.524929
-1.243177,2,345.544929
-1.189286,2,345.570929
-2.52757,3,345.600929
-2.449208,3,345.632217
-0.023855,1,345.643217
-2.379098,3,345.677217
-3.576725,4,345.718216
-3.710418,4,345.760217
-3.642041,4,345.801218
-3.594266,4,345.846217
-3.558767,4,345.891217
-3.546647,4,345.931217
-0.090606,1,345.943218
-2.44698,3,345.979311
-2.375706,3,346.010312
-1.257134,2,346.031312
-2.386748,3,346.062645
-3.746439,4,346.110646
-2.328662,3,346.143644
-2.391096,3,346.175644
-0.057123,1,346.186646
-1.160118,2,346.212644
-2.342303,3,346.243644
-2.472716,3,346.274645
-2.392168,3,346.305645
-1.282187,2,346.330645
-2.429556,3,346.361644
-0.093573,1,346.372645
-1.163449,2,346.393644
-1.193302,2,346.420644
-0.093513,1,346.430644
-2.532581,3,346.461644
-2.53055,3,346.492645
-2.33897,3,346.528645
-2.383774,3,346.559644
-3.7606,4,346.601645
-0.045824,1,346.611644
-3.625548,4,346.656153
-1.138586,2,346.677153
-3.670066,4,346.718153
-2.372697,3,346.751153
-3.729615,4,346.795152
-3.681457,4,346.838309
-2.476168,3,346.869309
-2.48451,3,346.901309
-2.510851,3,346.941312
-2.495241,3,346.97331
-3.688913,4,347.013314
-2.354445,3,347.046309
-2.448078,3,347.08362
-0.070912,1,347.09462
-2.378826,3,347.12462
-1.167143,2,347.14662
-1.238029,2,347.17462
-2.394731,3,347.20662
-1.277864,2,347.22662
-1.268786,2,347.247623
-2.349336,3,347.284621
-2.367705,3,347.31462
-1.171302,2,347.335621
-3.650177,4,347.378621
-1.197956,2,347.404621
-1.156775,2,347.42562
-1.125058,2,347.446627
-2.435392,3,347.47762
-3.767173,4,347.523621
-0.035296,1,347.534621
-1.21176,2,347.554621
-3.733337,4,347.59662
-2.383383,3,347.63362
-1.258962,2,347.654621
-2.34043,3,347.683621
-3.636129,4,347.72662
-1.21584,2,347.75062
-2.444074,3,347.78162
-2.376638,3,347.812624
-1.179882,2,347.836131
-2.554717,3,347.86913
-2.532657,3,347.90113
-0.051739,1,347.912131
-3.854549,4,347.956305
-1.264941,2,347.980617
-3.734525,4,348.023618
-1.190625,2,348.044616
-2.457036,3,348.075617
-3.744927,4,348.120617
-3.803992,4,348.164617
-3.706068,4,348.206616
-1.155107,2,348.227617
-2.522251,3,348.264616
-1.22031,2,348.286617
-0.005311,1,348.297619
-0.081554,1,348.308617
-2.416567,3,348.344617
-3.667139,4,348.387617
-0.088471,1,348.398618
-3.551782,4,348.440616
-1.26168,2,348.465616
-3.681862,4,348.508616
-1.222933,2,348.529617
-0.044232,1,348.539617
-3.572013,4,348.586617
-2.503518,3,348.617618
-2.348704,3,348.647617
-2.477888,3,348.678617
-2.386959,3,348.714617
-1.193276,2,348.733617
-0.056325,1,348.744617
-2.476071,3,348.774617
-2.36183,3,348.812617
-2.328661,3,348.843617
-2.363371,3,348.873617
-1.272736,2,348.893617
-2.492364,3,348.928617
-2.440021,3,348.972711
-0.078551,1,348.991715
-1.252989,2,349.028715
-1.165982,2,349.061715
-1.160109,2,349.089715
-0.0692,1,349.100715
-1.168583,2,349.121714
-2.430061,3,349.160715
-3.594038,4,349.201715
-3.626965,4,349.241715
-1.176093,2,349.266715
-3.586568,4,349.317715
-2.49457,3,349.351715
-1.158265,2,349.372715
-2.521662,3,349.405715
-2.425358,3,349.442716
-2.348812,3,349.474714
-2.428498,3,349.505714
-3.659502,4,349.546714
-2.448436,3,349.581715
-2.322189,3,349.613716
-3.689386,4,349.655714
-1.184773,2,349.677714
-2.429448,3,349.713715
-2.423152,3,349.744714
-0.090563,1,349.754715
-2.398102,3,349.785715
-2.438975,3,349.823714
-2.475983,3,349.855714
-2.452065,3,349.885715
-0.02567,1,349.895714
-1.280916,2,349.922715
-3.543046,4,349.964714
-1.199908,2,349.986716
-2.540899,3,350.018714
-2.426235,3,350.053715
-1.265652,2,350.073714
-1.14978,2,350.095714
-2.349806,3,350.128718
-1.249434,2,350.155225
-2.416453,3,350.186357
-0.018437,1,350.197356
-3.655905,4,350.236357
-3.620976,4,350.283356
-3.580549,4,350.325356
-2.510295,3,350.357356
-1.246628,2,350.377357
-2.363765,3,350.413356
-3.733879,4,350.453357
-2.45904,3,350.484491
-3.68592,4,350.524812
-3.719343,4,350.57281
-1.230494,2,350.59381
-2.410872,3,350.62481
-2.519266,3,350.65481
-2.421048,3,350.69081
-2.40621,3,350.72081
-1.247854,2,350.747812
-0.065963,1,350.758811
-1.257556,2,350.783809
-3.795343,4,350.82581
-2.516899,3,350.85681
-2.37713,3,350.88781
-2.525017,3,350.92681
-3.545124,4,350.96781
-2.436734,3,350.99881
-0.022792,1,351.01081
-1.237826,2,351.03581
-2.388819,3,351.067811
-2.465871,3,351.09781
-2.563565,3,351.12881
-2.338181,3,351.16281
-2.510028,3,351.19381
-3.565746,4,351.23681
-3.641989,4,351.27881
-2.422931,3,351.314319
-2.42612,3,351.34932
-3.757313,4,351.390422
-3.750813,4,351.431422
-2.559049,3,351.468422
-1.257969,2,351.488422
-1.135718,2,351.508422
-1.296913,2,351.529423
-1.146924,2,351.555424
-2.375545,3,351.586423
-3.640402,4,351.628422
-2.48293,3,351.663423
-1.116162,2,351.690422
-1.278664,2,351.710424
-2.509456,3,351.740422
-0.063413,1,351.751423
-2.477454,3,351.786423
-3.617154,4,351.827423
-2.309071,3,351.857423
-1.16044,2,351.879532
-2.334064,3,351.914531
-2.447101,3,351.946786
-2.468678,3,351.977026
-1.207317,2,351.998026
-2.471762,3,352.032026
-2.494777,3,352.065026
-0.066659,1,352.076027
-2.374634,3,352.108026
-3.760444,4,352.152026
-3.605679,4,352.194026
-2.46539,3,352.226026
-2.449702,3,352.257026
-0.076586,1,352.269025
-0.087147,1,352.280026
-2.489543,3,352.311027
-2.389754,3,352.344026
-1.139108,2,352.372026
-2.326058,3,352.403026
-0.083013,1,352.413028
-3.684629,4,352.455026
-3.732981,4,352.499532
-1.157284,2,352.520536
-1.163769,2,352.542681
-1.175825,2,352.56368
-0.076319,1,352.57768
-3.664857,4,352.61868
-2.514076,3,352.65268
-2.379533,3,352.68368
-1.21675,2,352.70868
-2.447442,3,352.74076
-2.520542,3,352.772761
-0.099909,1,352.783761
-0.068794,1,352.798762
-2.467625,3,352.829761
-0.089695,1,352.839761
-1.188358,2,352.860763
-2.402293,3,352.896761
-2.52222,3,352.926761
-3.764956,4,352.966762
-3.638101,4,353.007761
-1.267209,2,353.031761
-2.476019,3,353.062761
-2.355171,3,353.094761
-2.484749,3,353.124761
-3.791642,4,353.171761
-2.424309,3,353.20276
-3.692651,4,353.242762
-1.135593,2,353.264761
-1.151402,2,353.288761
-2.506827,3,353.320761
-2.544113,3,353.350761
-2.498154,3,353.380761
-3.788182,4,353.425761
-1.147554,2,353.445761
-0.069038,1,353.455761
-1.281344,2,353.47676
-2.386133,3,353.512762
-1.263402,2,353.534761
-1.185718,2,353.555761
-0.067034,1,353.56676
-0.088157,1,353.580824
-2.390723,3,353.613825
-2.448966,3,353.646339
-2.505479,3,353.676333
-2.339414,3,353.713333
-2.473372,3,353.747333
-0.097861,1,353.758333
-1.171082,2,353.779333
-3.76142,4,353.825334
-2.464344,3,353.857333
-2.343408,3,353.887333
-3.577106,4,353.930334
-1.185087,2,353.955333
-1.245239,2,353.977334
-1.267802,2,353.997333
-1.170962,2,354.019334
-3.611782,4,354.098335
-0.034901,1,354.113335
-0.052179,1,354.125334
-2.357503,3,354.167334
-2.303663,3,354.208334
-2.361951,3,354.240333
-0.055832,1,354.251334
-0.064363,1,354.262334
-2.346298,3,354.299333
-2.377325,3,354.332335
-2.576847,3,354.375334
-1.176007,2,354.399334
-3.5839,4,354.443335
-1.246905,2,354.464334
-3.653284,4,354.506333
-3.682705,4,354.551333
-2.330236,3,354.584333
-1.155211,2,354.605334
-2.450623,3,354.638334
-3.607017,4,354.679334
-2.389846,3,354.712334
-2.461474,3,354.745333
-1.163977,2,354.766333
-1.243608,2,354.786842
-2.534427,3,354.821842
-2.379812,3,354.857842
-2.325354,3,354.887842
-1.245315,2,354.908842
-2.343475,3,354.944841
-0.097011,1,354.955842
-3.678663,4,354.997843
-1.2546,2,355.018842
-2.517671,3,355.057926
-3.59263,4,355.110926
-2.376504,3,355.143013
-2.378574,3,355.183011
-2.457519,3,355.218011
-1.235492,2,355.238011
-2.410209,3,355.270011
-2.428622,3,355.301011
-3.840836,4,355.345012
-1.267476,2,355.366011
-0.088841,1,355.377012
-3.734187,4,355.419012
-1.211465,2,355.443013
-2.516656,3,355.473011
-0.081853,1,355.483012
-3.723104,4,355.526011
-2.385112,3,355.561012
-3.553104,4,355.608104
-2.503361,3,355.640105
-3.702077,4,355.686106
-2.417327,3,355.723106
-2.393735,3,355.754106
-2.452185,3,355.784106
-2.401757,3,355.815106
-2.44306,3,355.853105
-3.59648,4,355.894106
-2.443829,3,355.92311
-3.611061,4,355.96683
-3.612245,4,356.01383
-3.569444,4,356.054831
-2.359184,3,356.085831
-1.226854,2,356.105832
-2.343148,3,356.139909
-1.268203,2,356.16191
-3.754815,4,356.205236
-3.631667,4,356.249468
-1.194639,2,356.280468
-1.191975,2,356.300468
-2.534218,3,356.332468
-3.644603,4,356.373468
-1.151929,2,356.401467
-3.945712,4,356.443468
-3.701919,4,356.485468
-2.465389,3,356.517468
-3.699912,4,356.562467
-1.243131,2,356.583468
-2.486019,3,356.616467
-2.489677,3,356.668468
-2.544058,3,356.722468
-2.427456,3,356.757468
-1.165429,2,356.780469
-3.598713,4,356.825468
-1.258379,2,356.853468
-2.358001,3,356.884467
-2.511843,3,356.916468
-3.719253,4,356.966468
-1.181639,2,356.993468
-3.672034,4,357.034468
-2.524808,3,357.066976
-3.630255,4,357.111069
-1.295472,2,357.138072
-3.634524,4,357.178069
-2.496196,3,357.208068
-1.196266,2,357.229069
-0.097643,1,357.24307
-2.383048,3,357.274069
-2.422099,3,357.305596
-1.291125,2,357.328595
-1.204724,2,357.355596
-2.419505,3,357.387595
-0.095746,1,357.398596
-3.659057,4,357.439596
-2.542796,3,357.475596
-3.699451,4,357.517596
-1.278672,2,357.537596
-0.09779,1,357.548597
-0.088083,1,357.565596
-0.088722,1,357.575598
-1.179992,2,357.598598
-1.215158,2,357.622596
-2.539548,3,357.658595
-2.497348,3,357.689595
-1.272784,2,357.711597
-2.348377,3,357.742597
-1.265711,2,357.767595
-1.171544,2,357.788596
-1.152069,2,357.807595
-1.299009,2,357.830595
-3.730793,4,357.876595
-1.222927,2,357.896596
-2.423037,3,357.928595
-2.578726,3,357.957595
-1.251702,2,357.983596
-3.73717,4,358.026595
-2.533836,3,358.061595
-1.256925,2,358.082595
-3.687802,4,358.129596
-2.458053,3,358.1906
-2.456044,3,358.25011
-0.051799,1,358.26511
-2.397546,3,358.32011
-2.566221,3,358.353109
-2.538407,3,358.389108
-0.034578,1,358.401108
-2.368002,3,358.440108
-2.330559,3,358.475471
-2.503448,3,358.50947
-2.446895,3,358.547469
-3.637874,4,358.594469
-2.409725,3,358.626746
-1.264955,2,358.646745
-0.068301,1,358.656745
-2.411326,3,358.692746
-2.487512,3,358.724746
-0.069876,1,358.734745
-2.604947,3,358.764854
-3.666666,4,358.809855
-3.699514,4,358.851022
-1.180458,2,358.872022
-1.210867,2,358.894022
-0.067531,1,358.914022
-1.218938,2,358.937022
-2.514801,3,358.969099
-2.436267,3,359.000099
-2.478979,3,359.035098
-3.648345,4,359.075192
-0.068253,1,359.087192
-0.062429,1,359.098191
-2.454844,3,359.131191
-0.052134,1,359.141191
-2.555925,3,359.173191
-1.191443,2,359.195191
-3.545353,4,359.244192
-3.579591,4,359.283192
-1.1506,2,359.304192
-2.362555,3,359.336192
-2.465398,3,359.375699
-1.256558,2,359.395699
-2.355826,3,359.4257
-2.432319,3,359.458699
-0.066415,1,359.473699
-2.335026,3,359.5047
-3.591944,4,359.545699
-3.640129,4,359.5877
-0.018385,1,359.601701
-0.079772,1,359.611701
-2.435536,3,359.6417
-2.428131,3,359.676699
-2.34381,3,359.710701
-1.220284,2,359.731699
-1.143129,2,359.7527
-2.327726,3,359.7847
-2.346844,3,359.820699
-1.259822,2,359.8407
-2.49617,3,359.8707
-2.442884,3,359.902699
-1.234102,2,359.9257
-0.014736,1,359.9367
-2.45372,3,359.966701
-0.032971,1,359.977699
-1.278394,2,360.0037
-2.332481,3,360.0337
-1.254537,2,360.0537
-1.152829,2,360.0747
-2.382409,3,360.1107
-2.377552,3,360.140699
-3.72882,4,360.179699
-2.486042,3,360.212701
-1.175827,2,360.238701
-0.089037,1,360.248706
-3.801868,4,360.289699
-2.454898,3,360.319699
-3.571245,4,360.367701
-2.449901,3,360.398699
-1.156619,2,360.4187
-1.207061,2,360.4407
-2.377755,3,360.4747
-1.17465,2,360.494703
-2.543835,3,360.528212
-2.416353,3,360.558212
-2.569991,3,360.592211
-2.506281,3,360.625212
-2.370115,3,360.657212
-1.257922,2,360.677212
-0.07672,1,360.692212
-3.73727,4,360.735413
-2.451372,3,360.767414
-2.401849,3,360.798546
-2.345801,3,360.831545
-1.218022,2,360.852546
-2.478056,3,360.885546
-2.386423,3,360.9158
-2.32189,3,360.9508
-2.44066,3,360.9828
-0.065915,1,360.992801
-3.693426,4,361.0328
-1.275391,2,361.0558
-2.524735,3,361.085799
-2.391328,3,361.1188
-0.097202,1,361.1298
-2.566021,3,361.1648
-2.390139,3,361.200801
-2.366245,3,361.2318
-2.452028,3,361.2628
-0.02221,1,361.2778
-1.116982,2,361.3008
-2.468907,3,361.3328
-2.474212,3,361.365801
-2.529096,3,361.4008
-2.342278,3,361.433801
-2.503287,3,361.464164
-3.642393,4,361.504163
-3.707272,4,361.552163
-2.429339,3,361.583163
-3.641389,4,361.62417
-1.152229,2,361.646676
-3.661276,4,361.691677
-3.633919,4,361.733676
-1.255852,2,361.754835
-2.415328,3,361.785834
-3.631942,4,361.828835
-2.531736,3,361.859834
-1.272215,2,361.880835
-3.572475,4,361.921836
-2.551007,3,361.955835
-2.345985,3,361.987835
-3.737526,4,362.029835
-1.218039,2,362.049835
-2.568086,3,362.086835
-0.092722,1,362.097834
-0.041217,1,362.107836
-3.591142,4,362.147835
-2.341905,3,362.182835
-1.271227,2,362.203835
-2.454614,3,362.234835
-0.059832,1,362.244835
-3.722016,4,362.289835
-2.359806,3,362.321835
-2.488075,3,362.354835
-2.511037,3,362.386835
-2.336905,3,362.423835
-2.520005,3,362.455835
-2.522341,3,362.486835
-2.333146,3,362.517838
-2.409378,3,362.553836
-2.489916,3,362.583835
-2.342308,3,362.615834
-3.729002,4,362.658835
-1.226575,2,362.685835
-3.666312,4,362.727834
-3.597678,4,362.769837
-2.485762,3,362.801835
-1.201956,2,362.834345
-2.336757,3,362.865452
-1.139573,2,362.887454
-0.059692,1,362.897522
-0.078702,1,362.912523
-2.380396,3,362.945523
-0.057953,1,362.955525
-1.146931,2,362.976522
-1.238381,2,363.000526
-3.591724,4,363.040522
-2.372598,3,363.073523
-2.504699,3,363.103728
-2.449934,3,363.138726
-1.179236,2,363.159726
-2.367199,3,363.190726
-0.043697,1,363.202063
-2.512728,3,363.236063
-0.021721,1,363.246063
-2.540048,3,363.277064
-3.832761,4,363.317063
-0.076743,1,363.333063
-2.411089,3,363.363063
-1.233353,2,363.383063
-2.431676,3,363.417063
-2.343463,3,363.451063
-1.206954,2,363.472063
-3.581962,4,363.514064
-2.372065,3,363.544063
-2.473967,3,363.579068
-1.199565,2,363.601064
-2.352903,3,363.633063
-0.048853,1,363.644063
-2.404441,3,363.681063
-2.529373,3,363.712064
-2.585748,3,363.744065
-2.522674,3,363.776063
-3.569938,4,363.824063
-0.075193,1,363.835063
-2.521869,3,363.868064
-2.451403,3,363.899063
-2.533544,3,363.934063
-1.245024,2,363.955066
-1.156218,2,363.974572
-3.783378,4,364.018572
-3.572943,4,364.065572
-1.206937,2,364.086571
-1.28286,2,364.107571
-3.654406,4,364.147753
-2.446116,3,364.185753
-1.154412,2,364.207753
-3.674383,4,364.247754
-1.224114,2,364.268754
-1.1331,2,364.296754
-1.15083,2,364.318754
-3.791958,4,364.359753
-1.15421,2,364.380754
-3.525709,4,364.427754
-2.355819,3,364.459863
-3.588791,4,364.507862
-2.35724,3,364.537863
-3.566879,4,364.587863
-3.610149,4,364.632863
-2.372892,3,364.668152
-1.204208,2,364.689151
-1.237382,2,364.716152
-1.17948,2,364.737152
-2.439378,3,364.766151
-2.448824,3,364.796151
-2.533648,3,364.839151
-1.172464,2,364.863152
-2.396302,3,364.894152
-1.229567,2,364.918151
-3.700792,4,364.968152
-0.05334,1,364.979151
-2.478302,3,365.017151
-2.577947,3,365.052151
-1.246178,2,365.077151
-2.456789,3,365.115152
-0.09749,1,365.126152
-3.576377,4,365.176662
-2.472012,3,365.212661
-1.259897,2,365.238661
-1.304675,2,365.260757
-2.441996,3,365.295026
-2.472034,3,365.335026
-3.669472,4,365.388314
-1.15077,2,365.410313
-2.42458,3,365.439314
-3.666194,4,365.489314
-2.493353,3,365.520314
-1.240986,2,365.542314
-2.554711,3,365.573313
-3.70586,4,365.622313
-2.445057,3,365.651314
-3.689448,4,365.696313
-0.031824,1,365.708313
-2.515047,3,365.746314
-1.171702,2,365.772313
-1.286383,2,365.797313
-1.268465,2,365.819315
-1.237377,2,365.845313
-3.771757,4,365.892313
-2.370623,3,365.926313
-2.363743,3,365.956313
-3.685715,4,366.012314
-2.402283,3,366.045313
-2.421908,3,366.082314
-1.137462,2,366.107313
-2.521617,3,366.146313
-3.669541,4,366.204314
-3.659748,4,366.250314
-2.457254,3,366.296824
-1.183399,2,366.328823
-3.675401,4,366.384823
-2.518745,3,366.421824
-2.463749,3,366.454823
-3.702929,4,366.515824
-1.23955,2,366.535824
-2.409682,3,366.566823
-0.021441,1,366.579824
-0.061753,1,366.594892
-2.313949,3,366.625892
-1.178597,2,366.646892
-1.259225,2,366.668894
-2.446788,3,366.706892
-0.087638,1,366.716892
-1.246425,2,366.738894
-2.490893,3,366.769892
-1.193323,2,366.802892
-3.572762,4,366.845011
-1.215301,2,366.865011
-3.699355,4,366.915011
-2.550299,3,366.951011
-2.491812,3,366.982012
-2.488059,3,367.013013
-1.252441,2,367.036012
-2.441934,3,367.074098
-2.521537,3,367.103432
-2.501057,3,367.135432
-2.354771,3,367.175433
-1.213619,2,367.200433
-1.278313,2,367.221434
-2.399842,3,367.254433
-3.606432,4,367.297432
-2.442242,3,367.332432
-1.304904,2,367.353433
-2.381671,3,367.385432
-3.62329,4,367.437942
-1.173257,2,367.463942
-2.427327,3,367.494941
-3.786494,4,367.536942
-2.418846,3,367.574942
-3.610322,4,367.619941
-2.37166,3,367.654941
-0.067117,1,367.663943
-1.199091,2,367.685941
-2.428115,3,367.725941
-1.140795,2,367.750128
-2.387194,3,367.780128
-0.031705,1,367.790128
-3.607771,4,367.838128
-2.53949,3,367.86766
-2.466219,3,367.89866
-2.518991,3,367.94266
-3.775586,4,367.98966
-2.475918,3,368.025661
-2.355977,3,368.05666
-3.577256,4,368.096759
-0.063178,1,368.112759
-3.71537,4,368.154759
-3.600677,4,368.194954
-2.456228,3,368.224955
-0.020369,1,368.240953
-1.261469,2,368.262037
-3.755484,4,368.302115
-1.261965,2,368.324115
-1.195717,2,368.349114
-2.523149,3,368.380376
-3.709341,4,368.420377
-1.297648,2,368.441377
-1.149744,2,368.471376
-2.477867,3,368.505377
-2.577188,3,368.538377
-1.222578,2,368.559741
-2.536306,3,368.598249
-3.696979,4,368.647249
-3.60172,4,368.691248
-0.04262,1,368.70125
-1.260239,2,368.729249
-1.129395,2,368.751249
-2.486148,3,368.785249
-2.328233,3,368.813387
-1.262407,2,368.840387
-2.372715,3,368.871387
-1.147504,2,368.893387
-2.478628,3,368.926387
-2.610144,3,368.965387
-2.460996,3,368.995387
-3.61006,4,369.041386
-1.278003,2,369.061386
-1.232912,2,369.086386
-2.511525,3,369.117386
-3.625941,4,369.158386
-3.766889,4,369.199386
-2.387705,3,369.238386
-1.202744,2,369.261386
-2.31902,3,369.292387
-3.644235,4,369.335388
-1.196941,2,369.361387
-2.493195,3,369.392386
-2.470736,3,369.423649
-2.420838,3,369.457649
-3.700617,4,369.506651
-2.321458,3,369.536649
-2.36635,3,369.572649
-3.72878,4,369.61365
-2.436601,3,369.648649
-3.695206,4,369.691649
-0.015533,1,369.701649
-3.666798,4,369.748237
-2.473053,3,369.789237
-3.591801,4,369.838237
-2.440096,3,369.869501
-2.547947,3,369.904501
-3.633615,4,369.952502
-0.014387,1,369.962502
-1.213926,2,369.990502
-1.212182,2,370.030502
-1.231913,2,370.070502
-2.527802,3,370.113764
-2.309445,3,370.146764
-1.193981,2,370.169764
-2.541058,3,370.208763
-1.176394,2,370.230762
-1.183353,2,370.251764
-3.809414,4,370.293764
-1.210891,2,370.320764
-1.236776,2,370.341763
-2.431892,3,370.374763
-0.061464,1,370.386765
-1.13042,2,370.413764
-2.403352,3,370.449764
-0.095989,1,370.460764
-2.427369,3,370.494765
-3.741528,4,370.543764
-3.622101,4,370.585764
-2.374385,3,370.615763
-1.201459,2,370.635762
-3.706679,4,370.683763
-2.465039,3,370.713763
-3.648953,4,370.757764
-1.264987,2,370.778764
-3.660184,4,370.830765
-2.437388,3,370.862268
-3.635999,4,370.906272
-0.054851,1,370.915271
-1.218209,2,370.94027
-3.575234,4,370.983272
-2.328051,3,371.014271
-2.392025,3,371.04527
-0.045598,1,371.059271
-1.232569,2,371.082271
-2.479958,3,371.11227
-2.446757,3,371.144271
-3.547248,4,371.192271
-1.238165,2,371.214271
-2.423174,3,371.245271
-1.218882,2,371.266376
-2.367491,3,371.301377
-3.665654,4,371.340377
-2.453153,3,371.373377
-0.068435,1,371.383377
-1.168375,2,371.410377
-3.874791,4,371.452378
-1.145891,2,371.472377
-3.634016,4,371.513378
-0.070089,1,371.529378
-2.427129,3,371.561376
-2.39369,3,371.592376
-2.44438,3,371.623456
-2.561902,3,371.659456
-1.190256,2,371.681457
-2.347616,3,371.712457
-0.041897,1,371.723456
-3.625489,4,371.769457
-0.092431,1,371.780456
-0.056341,1,371.790456
-2.455934,3,371.820456
-1.248684,2,371.844457
-2.474446,3,371.877736
-2.33754,3,371.908737
-0.051606,1,371.920736
-2.480087,3,371.956739
-2.334684,3,371.989739
-2.442774,3,372.02025
-1.278696,2,372.042245
-1.180535,2,372.066245
-3.699707,4,372.110245
-3.668927,4,372.152244
-2.445436,3,372.183245
-2.509825,3,372.218245
-1.20926,2,372.238245
-2.49419,3,372.270365
-3.666132,4,372.312364
-2.342909,3,372.348364
-2.450708,3,372.378364
-1.181538,2,372.401365
-2.431819,3,372.433458
-0.056305,1,372.446458
-2.52694,3,372.479457
-3.754953,4,372.522457
-0.047272,1,372.533458
-2.428143,3,372.569458
-2.508069,3,372.599457
-2.383503,3,372.632458
-2.418339,3,372.663458
-1.252502,2,372.687457
-2.438924,3,372.716458
-2.412229,3,372.748457
-1.213172,2,372.769458
-3.796868,4,372.814457
-1.283716,2,372.834457
-3.708597,4,372.878458
-3.559378,4,372.920458
-0.093183,1,372.934458
-3.568583,4,372.984458
-3.67818,4,373.028459
-3.646133,4,373.072457
-2.389761,3,373.107458
-1.259239,2,373.128457
-2.394649,3,373.159968
-1.279229,2,373.182968
-1.235086,2,373.208969
-3.59522,4,373.251968
-0.085332,1,373.262969
-2.47479,3,373.294968
-1.187382,2,373.320968
-0.096916,1,373.331968
-2.531758,3,373.362969
-1.257815,2,373.384968
-2.321297,3,373.420968
-2.409383,3,373.450969
-1.252529,2,373.470968
-0.021832,1,373.482968
-2.543666,3,373.517968
-2.391956,3,373.549968
-0.096114,1,373.560967
-2.534642,3,373.591968
-3.648911,4,373.638968
-2.577449,3,373.668969
-1.253654,2,373.688968
-2.567579,3,373.721968
-3.635313,4,373.767969
-3.599726,4,373.814968
-3.592051,4,373.859968
-1.276403,2,373.880968
-3.620843,4,373.926968
-2.449933,3,373.958969
-1.205268,2,373.978967
-2.513524,3,374.011969
-1.240876,2,374.037969
-2.388613,3,374.076968
-1.180884,2,374.097968
-1.163291,2,374.119968
-0.087951,1,374.133968
-2.493127,3,374.169969
-3.669058,4,374.216968
-0.068678,1,374.227969
-3.550379,4,374.277968
-2.471257,3,374.311968
-2.399778,3,374.344968
-2.522135,3,374.378584
-3.671819,4,374.431587
-2.526174,3,374.462705
-2.421447,3,374.495705
-2.357609,3,374.524705
-2.363027,3,374.561706
-2.390017,3,374.593707
-2.321338,3,374.624705
-2.398842,3,374.655705
-1.195586,2,374.680705
-2.488979,3,374.713705
-1.284055,2,374.732706
-2.385241,3,374.758705
-1.267541,2,374.780704
-2.447809,3,374.806706
-1.232375,2,374.825706
-2.463871,3,374.851705
-2.506997,3,374.881806
-2.32809,3,374.908803
-3.762121,4,374.943804
-1.229951,2,374.960803
-2.474612,3,374.993079
-2.481861,3,375.019079
-3.699994,4,375.055079
-3.786087,4,375.091079
-1.288527,2,375.114081
-0.030734,1,375.124079
-0.029296,1,375.13208
-2.473129,3,375.15908
-1.244485,2,375.18208
-2.402495,3,375.209079
-1.176476,2,375.227079
-3.541945,4,375.262082
-1.188237,2,375.284079
-3.768436,4,375.318081
-2.376244,3,375.344079
-2.496492,3,375.371079
-3.865024,4,375.411079
-3.715439,4,375.447079
-1.255525,2,375.464082
-2.494944,3,375.49108
-2.390396,3,375.521585
-1.203826,2,375.542586
-1.16217,2,375.563586
-1.191613,2,375.585586
-1.209984,2,375.612586
-3.698522,4,375.655586
-2.340343,3,375.687845
-1.276585,2,375.708845
-2.497384,3,375.744846
-0.071709,1,375.756846
-2.389946,3,375.789145
-2.373837,3,375.821143
-3.711489,4,375.867144
-0.032126,1,375.878144
-0.011721,1,375.889144
-2.449484,3,375.922143
-1.265923,2,375.948144
-3.722661,4,375.989144
-2.503159,3,376.022144
-2.513712,3,376.055143
-2.483664,3,376.091143
-2.38801,3,376.126145
-2.468647,3,376.176146
-1.160338,2,376.211144
-3.539792,4,376.269144
-1.166387,2,376.292148
-3.541233,4,376.336143
-1.21501,2,376.359144
-1.24241,2,376.383144
-2.359973,3,376.414147
-2.3726,3,376.445144
-3.699674,4,376.495144
-0.045963,1,376.511145
-2.498847,3,376.548144
-2.495564,3,376.583143
-1.252399,2,376.604144
-3.602266,4,376.651144
-2.371525,3,376.682144
-3.792083,4,376.725654
-1.225592,2,376.745654
-1.247793,2,376.772787
-3.635964,4,376.816788
-2.507914,3,376.847786
-3.710513,4,376.890787
-2.463241,3,376.925787
-0.067877,1,376.935787
-1.23072,2,376.956788
-1.252103,2,376.976788
-2.574201,3,377.010787
-3.742145,4,377.051985
-3.626106,4,377.09424
-2.42551,3,377.12724
-2.593136,3,377.162239
-1.276555,2,377.182241
-2.52645,3,377.21424
-3.666358,4,377.25624
-2.469719,3,377.29324
-3.669269,4,377.33624
-2.3683,3,377.36824
-1.170313,2,377.388242
-1.273111,2,377.41224
-2.449829,3,377.44424
-3.597756,4,377.48624
-3.628227,4,377.527242
-2.494908,3,377.56424
-3.610965,4,377.605241
-2.457391,3,377.637242
-2.459458,3,377.66824
-1.26601,2,377.69324
-2.455357,3,377.72424
-1.288952,2,377.74624
-3.644709,4,377.78824
-3.572899,4,377.835244
-2.435279,3,377.866748
-3.687155,4,377.908748
-1.18732,2,377.929749
-2.347815,3,377.965748
-2.544014,3,377.999748
-1.26598,2,378.020748
-1.229538,2,378.040845
-2.376744,3,378.080366
-3.64289,4,378.123365
-1.268897,2,378.144366
-0.085549,1,378.154366
-2.517016,3,378.191368
-2.509069,3,378.224366
-3.817108,4,378.266366
-2.394831,3,378.297365
-0.024171,1,378.311366
-2.371771,3,378.343365
-1.203207,2,378.363367
-1.244273,2,378.384365
-3.666079,4,378.428366
-2.505723,3,378.460366
-2.512614,3,378.489366
-2.376692,3,378.519365
-1.192989,2,378.545366
-2.382275,3,378.576366
-3.701784,4,378.617365
-0.075472,1,378.628366
-3.660198,4,378.678365
-2.410192,3,378.710366
-0.085032,1,378.721365
-1.274913,2,378.742365
-1.235772,2,378.768365
-2.406207,3,378.799365
-2.44943,3,378.828365
-2.308536,3,378.859366
-1.143005,2,378.886366
-3.714146,4,378.928365
-2.516647,3,378.958366
-3.682889,4,379.000873
-0.085232,1,379.014873
-1.192614,2,379.034873
-2.31798,3,379.065873
-2.332403,3,379.097938
-2.351353,3,379.131937
-2.36678,3,379.162937
-1.242152,2,379.183938
-2.505304,3,379.215937
-2.535797,3,379.251938
-2.591884,3,379.281938
-3.677662,4,379.321937
-1.23245,2,379.340938
-3.613062,4,379.384938
-3.572911,4,379.425937
-3.659839,4,379.466938
-2.511646,3,379.497273
-1.2461,2,379.523273
-2.541687,3,379.555274
-0.090536,1,379.565273
-1.229639,2,379.586273
-0.093591,1,379.601274
-0.057767,1,379.612273
-0.094061,1,379.623273
-2.401338,3,379.655273
-0.094108,1,379.670274
-1.192036,2,379.690273
-2.476459,3,379.722273
-3.633136,4,379.764345
-1.173345,2,379.789346
-1.14224,2,379.807346
-2.500133,3,379.838345
-2.328687,3,379.870346
-1.175564,2,379.895348
-3.67618,4,379.934346
-2.483862,3,379.966346
-3.568341,4,380.006345
-2.421804,3,380.041345
-2.418953,3,380.070346
-3.578813,4,380.113345
-1.250179,2,380.133348
-2.512974,3,380.170855
-3.682618,4,380.213002
-2.387959,3,380.245002
-2.425848,3,380.275002
-3.696145,4,380.320106
-3.689632,4,380.360106
-2.487562,3,380.390107
-3.60671,4,380.433107
-2.519533,3,380.465257
-1.183419,2,380.486257
-0.058383,1,380.497257
-1.134302,2,380.520258
-2.552297,3,380.557256
-1.227853,2,380.578449
-3.629801,4,380.618448
-2.335539,3,380.65145
-1.273892,2,380.673449
-1.19725,2,380.69345
-3.654826,4,380.73545
-2.504195,3,380.765449
-2.414261,3,380.800449
-2.492559,3,380.83145
-2.472505,3,380.863449
-2.460534,3,380.89345
-1.230731,2,380.91845
-0.027261,1,380.928451
-2.552687,3,380.962449
-2.366451,3,380.992506
-2.52429,3,381.031507
-0.092613,1,381.041507
-2.370564,3,381.074507
-2.492793,3,381.105507
-2.32341,3,381.141508
-1.236116,2,381.162509
-3.614789,4,381.205507
-1.293356,2,381.226508
-2.353669,3,381.261506
-3.649689,4,381.302018
-2.347218,3,381.333017
-2.451745,3,381.364017
-0.081581,1,381.379017
-1.158224,2,381.403018
-3.595927,4,381.441017
-3.861662,4,381.481017
-0.050703,1,381.494017
-1.256972,2,381.516017
-0.098432,1,381.527018
-3.59775,4,381.568017
-2.455601,3,381.601017
-2.39269,3,381.632016
-2.433605,3,381.662017
-2.475159,3,381.694018
-2.401561,3,381.730018
-1.134943,2,381.750017
-3.718454,4,381.792093
-1.232763,2,381.812093
-3.60166,4,381.858094
-1.185565,2,381.878092
-1.158258,2,381.898093
-3.748512,4,381.946093
-2.459739,3,381.989094
-2.391176,3,382.023093
-3.641632,4,382.06927
-1.152585,2,382.091269
-0.009233,1,382.106271
-2.464509,3,382.137269
-3.56411,4,382.182269
-1.166298,2,382.205269
-1.198284,2,382.23227
-2.48554,3,382.27027
-1.245473,2,382.292269
-2.484412,3,382.322269
-2.333534,3,382.357271
-1.139104,2,382.380269
-0.093468,1,382.392269
-0.014658,1,382.40327
-2.538031,3,382.440778
-1.20433,2,382.462778
-2.366106,3,382.495778
-1.277231,2,382.515777
-1.265568,2,382.541778
-1.28817,2,382.562778
-3.614293,4,382.604778
-3.64247,4,382.645778
-3.708939,4,382.689778
-2.345959,3,382.72278
-2.354852,3,382.753778
-2.397913,3,382.784778
-1.238,2,382.810777
-1.2466,2,382.830778
-3.70148,4,382.872778
-2.355305,3,382.901778
-2.373969,3,382.938777
-1.246239,2,382.958778
-2.419159,3,382.994778
-1.234119,2,383.016778
-3.659149,4,383.063778
-2.554075,3,383.094778
-0.086414,1,383.104777
-2.416629,3,383.136778
-2.444972,3,383.172777
-2.392059,3,383.203778
-1.147748,2,383.224778
-2.364037,3,383.256778
-1.23864,2,383.280777
-2.349285,3,383.310778
-0.028472,1,383.322778
-1.165823,2,383.343778
-2.418522,3,383.378777
-1.287888,2,383.398778
-2.479582,3,383.429779
-1.200824,2,383.447778
-2.45046,3,383.483778
-3.582562,4,383.524778
-2.429778,3,383.552782
-2.379929,3,383.58549
-2.488455,3,383.620489
-3.793728,4,383.658545
-3.697286,4,383.700799
-1.213671,2,383.7228
-2.321939,3,383.756799
-2.493174,3,383.787799
-2.524184,3,383.819799
-1.178009,2,383.838799
-1.154935,2,383.8608
-2.388556,3,383.890799
-3.79868,4,383.9328
-0.085013,1,383.9438
-2.327395,3,383.9788
-3.567484,4,384.019799
-2.514893,3,384.0508
-2.361123,3,384.081799
-2.402886,3,384.117799
-3.610225,4,384.159799
-1.232717,2,384.180799
-3.658937,4,384.220799
-0.043804,1,384.236799
-2.517628,3,384.267799
-1.200494,2,384.288799
-2.415543,3,384.319798
-1.246027,2,384.3448
-3.596879,4,384.3838
-3.604141,4,384.423799
-0.02334,1,384.434798
-3.662551,4,384.481798
-3.698471,4,384.521799
-2.453974,3,384.5518
-1.172228,2,384.573799
-1.13842,2,384.598799
-0.028892,1,384.609799
-3.684058,4,384.6508
-2.417874,3,384.6818
-1.230194,2,384.706308
-1.238023,2,384.728307
-1.292577,2,384.750307
-0.0483,1,384.760308
-0.089723,1,384.774308
-3.583943,4,384.819307
-2.532728,3,384.852308
-3.562788,4,384.930309
-0.075146,1,384.948556
-1.172243,2,384.977556
-2.375082,3,385.012555
-2.596154,3,385.045003
-3.611758,4,385.092003
-0.065882,1,385.103003
-3.835272,4,385.147004
-2.427328,3,385.175003
-0.055516,1,385.190005
-1.259705,2,385.213003
-0.079922,1,385.227004
-3.557792,4,385.275004
-1.222282,2,385.302003
-2.477966,3,385.334003
-2.418294,3,385.363002
-3.540591,4,385.402003
-2.35721,3,385.439003
-1.274684,2,385.460003
-3.869189,4,385.502006
-2.371928,3,385.532003
-3.712277,4,385.580003
-1.184094,2,385.602004
-2.348813,3,385.631004
-3.680748,4,385.672004
-2.485119,3,385.704003
-2.463173,3,385.734004
-3.648309,4,385.773003
-2.490395,3,385.803003
-2.320216,3,385.838006
-0.065128,1,385.847513
-0.099231,1,385.859513
-3.61081,4,385.903513
-2.483083,3,385.937512
-3.699653,4,385.980512
-1.275707,2,386.002574
-3.68178,4,386.043575
-3.760887,4,386.089575
-2.341152,3,386.119574
-1.268585,2,386.140576
-3.920586,4,386.179576
-2.424328,3,386.214575
-2.519251,3,386.244574
-1.173439,2,386.265574
-1.217003,2,386.285629
-1.129287,2,386.310628
-2.336911,3,386.341629
-1.142749,2,386.361629
-1.200799,2,386.381629
-2.388245,3,386.416629
-0.063318,1,386.428629
-2.346899,3,386.461629
-2.555875,3,386.492629
-2.34563,3,386.527629
-3.743539,4,386.570772
-2.395575,3,386.600771
-2.305018,3,386.633772
-0.080465,1,386.649772
-2.527378,3,386.683772
-1.156711,2,386.709771
-2.478813,3,386.743771
-3.819694,4,386.799771
-2.468511,3,386.844771
-2.340943,3,386.876771
-2.478418,3,386.918771
-3.787301,4,386.972771
-1.156866,2,386.997772
-2.448219,3,387.036279
-0.030396,1,387.048291
-2.352497,3,387.086282
-1.220484,2,387.112284
-2.348643,3,387.145283
-0.014079,1,387.156283
-2.400115,3,387.200284
-3.652214,4,387.251282
-3.721533,4,387.300284
-2.351942,3,387.334283
-3.683396,4,387.401283
-1.143173,2,387.423283
-2.345283,3,387.460283
-0.067435,1,387.470283
-3.591,4,387.519283
-3.620698,4,387.581283
-2.371684,3,387.623283
-2.406809,3,387.658284
-0.075488,1,387.675282
-0.09578,1,387.685283
-1.160675,2,387.710284
-2.470144,3,387.747283
-2.378465,3,387.800283
-2.494066,3,387.837284
-2.429653,3,387.870283
-3.662285,4,387.920283
-3.729663,4,387.971284
-3.619909,4,388.022283
-2.518122,3,388.058283
-1.194208,2,388.083286
-2.459608,3,388.131283
-3.577022,4,388.172287
-2.359721,3,388.209793
-2.344168,3,388.244792
-1.28021,2,388.270794
-2.513684,3,388.304793
-1.143093,2,388.328792
-3.606578,4,388.377793
-1.159837,2,388.412792
-2.49976,3,388.449941
-1.149103,2,388.47194
-2.500966,3,388.504941
-1.245448,2,388.52994
-3.693262,4,388.573941
-2.451368,3,388.60494
-1.164735,2,388.62994
-1.249882,2,388.65794
-1.207427,2,388.68294
-0.024852,1,388.69894
-1.263109,2,388.72894
-2.311015,3,388.807018
-2.565179,3,388.841017
-1.267513,2,388.866018
-2.344016,3,388.907018
-2.416117,3,388.958018
-1.22678,2,388.983543
-3.802137,4,389.026546
-2.410343,3,389.063641
-0.090271,1,389.077639
-2.454183,3,389.109639
-3.570296,4,389.15964
-2.492502,3,389.197639
-2.419033,3,389.247639
-2.403327,3,389.279892
-1.206275,2,389.307894
-3.633411,4,389.355399
-2.334187,3,389.397398
-3.619482,4,389.447398
-2.438027,3,389.479399
-1.255302,2,389.509399
-1.263992,2,389.535399
-2.459163,3,389.573398
-2.513004,3,389.612398
-3.587067,4,389.654399
-3.686073,4,389.708399
-3.850484,4,389.763398
-1.160553,2,389.7864
-1.22164,2,389.816401
-1.227051,2,389.845398
-0.06722,1,389.8594
-2.434849,3,389.900398
-2.341334,3,389.942399
-0.036224,1,389.957399
-2.556343,3,389.993399
-2.444196,3,390.026399
-1.266921,2,390.0474
-1.163926,2,390.097826
-1.270015,2,390.137827
-3.743474,4,390.200825
-2.413257,3,390.235825
-1.183972,2,390.265826
-2.471051,3,390.298824
-2.533042,3,390.332825
-1.201269,2,390.356825
-0.098976,1,390.375825
-2.545757,3,390.422824
-1.263197,2,390.446894
-3.608438,4,390.495
-3.626687,4,390.545001
-1.245729,2,390.566001
-2.35392,3,390.599
-3.816702,4,390.650001
-3.575027,4,390.700001
-2.329778,3,390.744
-2.401631,3,390.779334
-3.581541,4,390.832334
-1.286255,2,390.878627
-2.352527,3,390.915628
-1.19713,2,390.939626
-2.365467,3,390.975627
-2.482245,3,391.013625
-2.346846,3,391.057627
-2.499862,3,391.116627
-1.25034,2,391.147627
-3.711921,4,391.204626
-0.099655,1,391.216626
-1.278883,2,391.245627
-1.174726,2,391.267626
-1.206973,2,391.301625
-2.420834,3,391.334628
-2.392907,3,391.367625
-3.627299,4,391.415627
-0.026713,1,391.431626
-3.545769,4,391.486627
-1.182787,2,391.506625
-2.47471,3,391.53863
-1.23226,2,391.566626
-2.532148,3,391.606627
-3.649286,4,391.658628
-2.529266,3,391.708137
-2.520379,3,391.743137
-2.495188,3,391.780137
-2.299922,3,391.811308
-3.7903,4,391.855897
-1.184127,2,391.885898
-0.006548,1,391.898899
-2.491233,3,391.936898
-1.26014,2,391.960997
-0.078229,1,391.980999
-2.407452,3,392.011998
-2.360292,3,392.051247
-2.489129,3,392.082247
-2.577887,3,392.14835
-2.327619,3,392.19051
-2.499445,3,392.23151
-1.231694,2,392.25851
-1.21598,2,392.288509
-2.407801,3,392.319509
-3.662742,4,392.36751
-2.41191,3,392.40351
-1.158979,2,392.430509
-1.243564,2,392.450508
-1.239778,2,392.474508
-3.616307,4,392.524508
-2.411653,3,392.564732
-2.512799,3,392.598733
-3.795474,4,392.652823
-3.735657,4,392.697822
-3.812905,4,392.746823
-2.502811,3,392.776822
-3.63256,4,392.838401
-2.48076,3,392.879537
-1.167092,2,392.908537
-1.183624,2,392.930536
-2.445362,3,392.966537
-2.400748,3,393.005537
-3.732809,4,393.057537
-0.047616,1,393.067537
-2.405382,3,393.105538
-2.359569,3,393.151536
-2.556762,3,393.189537
-2.506693,3,393.221537
-2.547018,3,393.260537
-2.41182,3,393.290537
-1.250967,2,393.317537
-2.33516,3,393.351537
-1.221221,2,393.372537
-2.529798,3,393.405537
-0.084621,1,393.419537
-2.412925,3,393.450538
-2.424827,3,393.481538
-3.693411,4,393.526536
-0.030438,1,393.540537
-3.65478,4,393.585538
-3.588344,4,393.628537
-0.081468,1,393.638537
-1.239374,2,393.662536
-1.180551,2,393.684538
-1.210655,2,393.705537
-2.459639,3,393.738536
-2.426083,3,393.776537
-2.488467,3,393.808537
-3.621326,4,393.848536
-0.096273,1,393.859537
-2.484914,3,393.898538
-3.694275,4,393.941537
-1.139217,2,393.963057
-2.409587,3,393.995898
-2.40428,3,394.034898
-1.132142,2,394.054897
-2.392377,3,394.085898
-3.713364,4,394.130897
-1.125611,2,394.155897
-2.455245,3,394.190899
-3.575968,4,394.234898
-2.503621,3,394.263997
-0.072076,1,394.277998
-0.095177,1,394.290997
-2.523621,3,394.322996
-2.579717,3,394.355996
-1.280522,2,394.381997
-2.43046,3,394.414997
-2.40149,3,394.447996
-2.394026,3,394.481129
-1.240807,2,394.505129
-2.34586,3,394.539129
-2.407776,3,394.574129
-1.26087,2,394.59813
-2.374173,3,394.634193
-1.180216,2,394.656339
-2.35185,3,394.690341
-2.374403,3,394.72234
-2.456336,3,394.75734
-2.447479,3,394.79034
-2.32515,3,394.821339
-2.342182,3,394.85334
-1.255615,2,394.88034
-1.259827,2,394.90334
-2.46083,3,394.935461
-1.234176,2,394.959463
-2.408875,3,394.995462
-1.175567,2,395.016461
-2.433315,3,395.048541
-1.22538,2,395.068541
-1.25776,2,395.094541
-1.181901,2,395.116542
-2.511521,3,395.147544
-2.50893,3,395.182138
-1.153528,2,395.207139
-2.439956,3,395.242139
-2.445968,3,395.27214
-0.040124,1,395.282138
-0.027914,1,395.296138
-2.311321,3,395.329138
-1.246888,2,395.351139
-1.228582,2,395.372139
-0.06697,1,395.38814
-2.360061,3,395.422139
-2.504907,3,395.454317
-0.008992,1,395.465317
-2.450771,3,395.500316
-3.788724,4,395.544429
-3.629312,4,395.584429
-2.595638,3,395.61543
-2.329151,3,395.652431
-2.46587,3,395.686509
-3.790868,4,395.728596
-0.041211,1,395.739599
-2.519593,3,395.775597
-2.411583,3,395.807596
-3.703467,4,395.850597
-2.373528,3,395.883597
-1.21862,2,395.910597
-2.39744,3,395.941597
-3.616369,4,395.982874
-0.088524,1,395.993874
-2.528786,3,396.030875
-2.424094,3,396.062874
-3.645755,4,396.108875
-2.437826,3,396.141875
-2.377447,3,396.178875
-2.522109,3,396.211874
-0.053983,1,396.222875
-2.351502,3,396.254874
-2.516161,3,396.294385
-2.463769,3,396.330384
-2.429984,3,396.363385
-3.663406,4,396.403514
-2.387215,3,396.439515
-2.456411,3,396.469516
-2.431769,3,396.499514
-1.268536,2,396.521514
-3.911783,4,396.568514
-1.210203,2,396.588514
-1.17223,2,396.608516
-3.662274,4,396.651514
-1.237658,2,396.676515
-0.058937,1,396.687514
-2.341149,3,396.719515
-1.224798,2,396.739871
-2.364282,3,396.778871
-2.498321,3,396.814871
-2.511228,3,396.847871
-3.609641,4,396.892871
-3.633395,4,396.93887
-3.818748,4,396.980088
-1.288968,2,397.001091
-1.247813,2,397.024088
-2.491494,3,397.061091
-3.672924,4,397.227088
-2.375162,3,397.259089
-2.346683,3,397.290087
-3.63131,4,397.339089
-1.220659,2,397.361089
-1.263034,2,397.383088
-1.221255,2,397.40609
-0.079968,1,397.420594
-2.352411,3,397.453598
-1.242384,2,397.476598
-3.630669,4,397.518597
-2.462636,3,397.555819
-2.361218,3,397.588819
-2.401473,3,397.621819
-1.224003,2,397.642817
-2.468144,3,397.677818
-1.140515,2,397.698818
-2.436244,3,397.732158
-2.366223,3,397.763157
-2.540755,3,397.800158
-2.406755,3,397.834157
-0.02122,1,397.847159
-2.371983,3,397.878158
-1.197179,2,397.906157
-1.260446,2,397.929158
-1.193046,2,397.952157
-3.586969,4,397.996158
-3.770775,4,398.044158
-2.412563,3,398.077158
-1.202721,2,398.097158
-2.357415,3,398.130158
-1.250659,2,398.156157
-2.412414,3,398.190157
-3.589054,4,398.239157
-0.078958,1,398.250157
-3.598685,4,398.303159
-1.182437,2,398.326158
-0.068495,1,398.338158
-3.610083,4,398.38216
-2.556191,3,398.422158
-2.441928,3,398.453159
-3.624406,4,398.495158
-2.353837,3,398.528157
-3.569152,4,398.574667
-2.475572,3,398.607666
-2.496198,3,398.639667
-3.722732,4,398.682666
-1.257942,2,398.706667
-1.221864,2,398.730029
-1.180083,2,398.75103
-1.210191,2,398.77203
-2.437512,3,398.806029
-1.147531,2,398.82903
-0.023242,1,398.83903
-1.169961,2,398.860031
-1.225152,2,398.884028
-3.782934,4,398.926029
-1.146825,2,398.949029
-2.366925,3,398.979031
-0.082894,1,398.993029
-1.184748,2,399.01303
-2.363838,3,399.046029
-3.600537,4,399.088029
-1.120549,2,399.11303
-2.331852,3,399.144029
-2.50903,3,399.177028
-2.424565,3,399.206029
-3.702124,4,399.25203
-2.441146,3,399.283029
-2.476952,3,399.315029
-1.179973,2,399.33403
-2.576188,3,399.371029
-2.433435,3,399.402028
-3.707886,4,399.444029
-2.540181,3,399.474247
-2.493123,3,399.509247
-3.576096,4,399.551248
-3.730381,4,399.593247
-1.153163,2,399.615247
-3.664074,4,399.663249
-1.292011,2,399.684757
-3.861899,4,399.726756
-2.446508,3,399.756756
-2.347349,3,399.791756
-3.741932,4,399.836756
-0.042561,1,399.846756
-2.436878,3,399.877756
-1.247291,2,399.904756
-2.509911,3,399.936756
-2.381315,3,399.967756
-2.400543,3,400.000756
-2.478247,3,400.036824
-1.138468,2,400.057823
-3.734863,4,400.098823
-2.568152,3,400.129824
-3.804537,4,400.175823
-2.431647,3,400.206824
-1.143684,2,400.227825
-2.496792,3,400.257823
-3.745559,4,400.303824
-1.195603,2,400.324825
-2.451691,3,400.357825
-2.516131,3,400.388824
-2.353501,3,400.423823
-2.53935,3,400.455928
-2.480752,3,400.488928
-2.50857,3,400.519928
-2.441796,3,400.554928
-0.008815,1,400.564928
-3.593596,4,400.606322
-3.555695,4,400.646322
-3.693189,4,400.691322
-1.240499,2,400.713322
-1.197955,2,400.734322
-2.445789,3,400.765322
-2.50187,3,400.802327
-1.131377,2,400.824718
-2.511162,3,400.856714
-1.269233,2,400.876713
-2.526374,3,400.914714
-0.029868,1,400.929714
-2.566277,3,400.985456
-0.039385,1,401.003458
-0.088037,1,401.024456
-1.176263,2,401.053456
-1.172742,2,401.075454
-1.24331,2,401.097457
-0.032801,1,401.113456
-3.665417,4,401.157454
-3.816219,4,401.197457
-1.221626,2,401.219455
-0.079034,1,401.235455
-2.438958,3,401.267455
-2.523096,3,401.301455
-1.268265,2,401.322456
-2.515098,3,401.362456
-3.566904,4,401.404455
-2.360396,3,401.437456
-2.436656,3,401.468455
-0.06607,1,401.482455
-3.594093,4,401.526457
-1.174373,2,401.547457
-1.204503,2,401.569455
-1.230343,2,401.593454
-2.504165,3,401.624455
-1.179861,2,401.645455
-1.185105,2,401.665455
-2.458789,3,401.703456
-1.174246,2,401.723455
-2.373207,3,401.754456
-2.316643,3,401.785456
-2.331651,3,401.824455
-3.543275,4,401.867456
-2.498069,3,401.899455
-2.327323,3,401.931455
-1.195006,2,401.955459
-2.553017,3,401.988966
-3.775838,4,402.029966
-3.762241,4,402.070964
-3.630653,4,402.117965
-3.591169,4,402.160087
-2.329772,3,402.19233
-1.253433,2,402.214329
-1.223951,2,402.240331
-0.09893,1,402.25133
-2.454915,3,402.281329
-2.40561,3,402.31333
-1.26485,2,402.33833
-1.275885,2,402.359329
-0.02398,1,402.370329
-2.447978,3,402.40133
-1.297174,2,402.42733
-2.4575,3,402.460331
-2.378318,3,402.49133
-3.7116,4,402.531329
-1.169903,2,402.558329
-2.502782,3,402.590329
-2.383841,3,402.62133
-2.451556,3,402.650329
-2.420368,3,402.68633
-3.632343,4,402.727422
-2.460495,3,402.757683
-2.493764,3,402.789682
-2.387552,3,402.824683
-0.072639,1,402.834683
-0.088976,1,402.845683
-2.368853,3,402.874683
-3.63474,4,402.919683
-1.216363,2,402.939683
-2.495653,3,402.970683
-2.459999,3,403.003683
-2.422327,3,403.038683
-2.534647,3,403.069682
-1.263016,2,403.090192
-2.349985,3,403.122192
-2.534031,3,403.15747
-1.190343,2,403.178469
-1.251275,2,403.199469
-1.264636,2,403.22247
-3.669204,4,403.268469
-1.156567,2,403.28847
-3.56009,4,403.33147
-1.150234,2,403.353469
-1.228478,2,403.377718
-2.510247,3,403.407717
-2.495359,3,403.439718
-2.526951,3,403.469718
-2.471352,3,403.50372
-3.553476,4,403.545719
-3.615494,4,403.586717
-3.607066,4,403.629834
-0.093648,1,403.643833
-1.238809,2,403.666836
-1.257817,2,403.687834
-2.595505,3,403.720833
-3.793309,4,403.768201
-2.400295,3,403.8002
-2.345474,3,403.832201
-2.426168,3,403.864201
-1.24799,2,403.889202
-3.524669,4,403.931293
-3.647955,4,403.970294
-2.544723,3,404.002597
-2.497261,3,404.037595
-1.251229,2,404.058595
-3.563885,4,404.102595
-3.606726,4,404.145596
-2.356281,3,404.179596
-0.061975,1,404.189595
-2.526993,3,404.221595
-2.425217,3,404.253108
-3.617095,4,404.299103
-1.216405,2,404.321172
-2.571645,3,404.352173
-2.406186,3,404.385255
-3.67144,4,404.431339
-2.334844,3,404.461339
-2.31619,3,404.492341
-2.552308,3,404.522415
-2.302354,3,404.558415
-2.42596,3,404.589415
-2.496997,3,404.619415
-2.409812,3,404.652414
-2.345464,3,404.686415
-3.572559,4,404.728415
-0.090619,1,404.738415
-3.74929,4,404.779512
-3.64461,4,404.824512
-2.406915,3,404.855578
-1.226605,2,404.878577
-2.480039,3,404.911577
-2.490685,3,404.946577
-2.32866,3,404.977578
-1.152036,2,404.998578
-2.52506,3,405.028578
-1.226828,2,405.064579
-2.440906,3,405.120579
-2.533631,3,405.163579
-2.496675,3,405.201577
-3.78844,4,405.247577
-0.030994,1,405.258578
-2.320451,3,405.289577
-2.394528,3,405.321577
-2.425553,3,405.354578
-1.275618,2,405.37658
-2.482463,3,405.414088
-2.324678,3,405.445089
-2.445932,3,405.479089
-2.465152,3,405.510088
-3.668238,4,405.559089
-0.028906,1,405.58209
-2.32838,3,405.661498
-0.09849,1,405.676499
-1.198724,2,405.702498
-3.65863,4,405.749872
-2.490833,3,405.785872
-1.236769,2,405.806871
-3.689793,4,405.849872
-2.398691,3,405.885872
-0.091593,1,405.900871
-3.83238,4,405.944872
-2.420634,3,405.977872
-1.229959,2,405.997874
-2.570986,3,406.033871
-3.840772,4,406.078871
-2.478201,3,406.109872
-1.148159,2,406.131872
-2.560955,3,406.167872
-2.55375,3,406.201872
-2.431677,3,406.233873
-1.138589,2,406.253871
-3.714167,4,406.301871
-1.277813,2,406.322871
-2.422231,3,406.352871
-1.207234,2,406.373873
-2.472316,3,406.409872
-1.279496,2,406.430871
-3.801105,4,406.471872
-1.19724,2,406.493872
-1.195324,2,406.519877
-1.195913,2,406.540383
-2.512258,3,406.572381
-3.565735,4,406.614464
-3.694872,4,406.660465
-3.801683,4,406.702464
-0.094196,1,406.712464
-1.20707,2,406.735464
-2.443454,3,406.770464
-2.50741,3,406.800557
-0.083987,1,406.810558
-2.320181,3,406.842557
-1.187351,2,406.867559
-2.468118,3,406.900556
-3.624264,4,406.945558
-1.153526,2,406.968557
-2.532326,3,407.003557
-1.249478,2,407.025557
-1.141968,2,407.048558
-2.53474,3,407.079557
-2.371202,3,407.114557
-0.050946,1,407.124557
-0.099046,1,407.134556
-2.392335,3,407.166559
-2.338651,3,407.203557
-0.096306,1,407.213557
-3.601207,4,407.254558
-3.706232,4,407.299557
-1.221248,2,407.323557
-2.493756,3,407.351557
-2.343078,3,407.385557
-2.413582,3,407.416557
-2.491576,3,407.449701
-2.455631,3,407.480884
-1.295743,2,407.501884
-1.252565,2,407.522884
-3.736627,4,407.567884
-2.376007,3,407.600884
-1.170339,2,407.621883
-3.738596,4,407.664886
-2.334399,3,407.702394
-0.067344,1,407.713395
-1.270957,2,407.733395
-2.399168,3,407.762395
-0.096892,1,407.777394
-3.68517,4,407.820567
-1.213934,2,407.840567
-3.654153,4,407.880569
-2.312096,3,407.914567
-1.165124,2,407.935569
-0.040077,1,407.945567
-1.221593,2,407.965567
-1.271428,2,407.990569
-2.455232,3,408.021567
-2.353721,3,408.053568
-2.422925,3,408.083567
-0.04553,1,408.097568
-3.792602,4,408.139567
-2.45517,3,408.170878
-0.026386,1,408.182878
-2.470037,3,408.217879
-0.073357,1,408.227879
-3.803814,4,408.268879
-1.194943,2,408.289879
-2.5297,3,408.324878
-0.08372,1,408.33588
-2.468258,3,408.36688
-2.555342,3,408.398076
-1.259972,2,408.423076
-2.426744,3,408.454075
-3.866966,4,408.497075
-2.586798,3,408.528075
-2.42862,3,408.563076
-0.04331,1,408.574075
-0.081844,1,408.585075
-2.525461,3,408.617077
-1.259048,2,408.641074
-0.060094,1,408.651075
-2.375214,3,408.683076
-1.254877,2,408.711076
-0.020959,1,408.727075
-0.084141,1,408.738076
-1.213387,2,408.759075
-2.491761,3,408.790075
-3.727941,4,408.839757
-1.222047,2,408.861758
-3.638248,4,408.901758
-2.431662,3,408.933758
-2.430345,3,408.971758
-1.148093,2,408.992758
-0.049032,1,409.002758
-2.41769,3,409.035759
-1.161643,2,409.06076
-1.266489,2,409.080758
-3.798006,4,409.121758
-3.643439,4,409.181759
-2.391556,3,409.235758
-2.412679,3,409.280758
-3.601315,4,409.326758
-2.510977,3,409.36076
-2.482016,3,409.396964
-3.680102,4,409.440199
-2.54487,3,409.476198
-2.447433,3,409.511198
-2.532649,3,409.548199
-2.362665,3,409.580199
-2.343795,3,409.617199
-1.147458,2,409.638198
-1.177725,2,409.662199
-0.070498,1,409.672198
-1.219937,2,409.694198
-0.039166,1,409.705199
-0.060084,1,409.718199
-0.084545,1,409.728199
-1.141863,2,409.750198
-2.310367,3,409.783198
-2.363563,3,409.820198
-2.481447,3,409.849198
-2.358219,3,409.882199
-1.283527,2,409.904198
-2.493583,3,409.938198
-1.250197,2,409.960202
-2.359099,3,409.994865
-2.546415,3,410.030865
-2.383022,3,410.065865
-3.69798,4,410.110865
-0.051638,1,410.120866
-1.212621,2,410.141865
-3.632873,4,410.186867
-1.203907,2,410.206865
-2.335513,3,410.239866
-2.427447,3,410.272865
-3.605601,4,410.316938
-1.157109,2,410.339937
-3.697761,4,410.380936
-2.376354,3,410.410937
-1.231587,2,410.435937
-1.189665,2,410.457936
-1.176261,2,410.480051
-3.663438,4,410.52205
-3.578122,4,410.567386
-1.193754,2,410.588385
-1.264735,2,410.609385
-3.652793,4,410.651386
-0.067759,1,410.665385
-1.286689,2,410.690385
-2.421696,3,410.721385
-2.524585,3,410.752386
-0.057823,1,410.766385
-3.665243,4,410.809385
-1.219992,2,410.830385
-2.453738,3,410.865386
-2.400598,3,410.900385
-2.451991,3,410.931385
-1.250139,2,410.951385
-2.376378,3,410.983385
-2.392935,3,411.024385
-2.52416,3,411.056386
-3.688884,4,411.100387
-3.685147,4,411.144892
-2.540083,3,411.188894
-2.469351,3,411.250895
-2.360285,3,411.297893
-2.368427,3,411.340045
-3.670474,4,411.392046
-2.427299,3,411.423044
-0.036546,1,411.435043
-3.618215,4,411.476045
-2.388828,3,411.516044
-2.475038,3,411.554044
-2.417354,3,411.588044
-1.200729,2,411.608044
-2.439718,3,411.645044
-2.53653,3,411.683044
-1.286306,2,411.704045
-2.3933,3,411.735182
-2.419543,3,411.773182
-2.362538,3,411.805182
-2.427374,3,411.836183
-2.501125,3,411.869181
-2.470486,3,411.905572
-2.335083,3,411.935572
-2.439538,3,411.966572
-1.234107,2,411.986573
-0.035388,1,412.001572
-2.417239,3,412.031572
-3.737494,4,412.071572
-2.380726,3,412.103572
-2.474314,3,412.138572
-0.097101,1,412.149677
-3.662934,4,412.192677
-2.452646,3,412.226677
-3.642113,4,412.271679
-1.195683,2,412.293192
-3.607373,4,412.333489
-1.21347,2,412.35449
-2.475945,3,412.394489
-2.527245,3,412.42749
-2.506551,3,412.45649
-2.337074,3,412.484489
-3.771323,4,412.534489
-3.675262,4,412.574489
-2.465336,3,412.604489
-1.186139,2,412.626488
-2.522772,3,412.660489
-2.490729,3,412.692491
-2.507495,3,412.72349
-2.496405,3,412.754488
-2.468867,3,412.789489
-2.327671,3,412.823491
-0.033668,1,412.83349
-2.415699,3,412.870489
-0.028324,1,412.88449
-3.587972,4,412.928489
-2.385375,3,412.957489
-2.588849,3,412.990489
-3.59611,4,413.037489
-1.143583,2,413.05849
-1.213317,2,413.08049
-2.340994,3,413.111491
-1.231535,2,413.13549
-2.523995,3,413.165489
-0.088172,1,413.175489
-2.470503,3,413.20649
-2.433575,3,413.241488
-0.098745,1,413.252489
-1.246486,2,413.272489
-2.323477,3,413.309489
-0.098832,1,413.32349
-1.204129,2,413.348489
-2.431399,3,413.380489
-1.251252,2,413.401489
-1.256533,2,413.426998
-2.526379,3,413.459142
-2.343502,3,413.490142
-2.488865,3,413.522142
-2.472817,3,413.561142
-1.192085,2,413.583142
-2.35348,3,413.613388
-2.394384,3,413.645684
-1.142147,2,413.672684
-3.57894,4,413.714797
-1.194228,2,413.735796
-1.203992,2,413.759796
-2.339051,3,413.798799
-2.334163,3,413.829797
-3.715511,4,413.872045
-1.181307,2,413.89318
-1.227512,2,413.920179
-0.063714,1,413.93118
-2.59941,3,413.961181
-2.560765,3,413.999179
-3.598371,4,414.050179
-2.377481,3,414.083322
-2.395954,3,414.115322
-2.489826,3,414.148322
-2.442574,3,414.187325
-3.569153,4,414.231322
-3.791283,4,414.274323
-2.351536,3,414.324323
-2.519041,3,414.389323
-2.364458,3,414.435323
-1.196924,2,414.459322
-0.083807,1,414.472322
-2.386058,3,414.513323
-2.407477,3,414.550323
-1.161246,2,414.576322
-3.649242,4,414.624834
-2.533803,3,414.671834
-2.33876,3,414.702834
-0.069447,1,414.712834
-2.425821,3,414.746834
-2.535951,3,414.782834
-3.639966,4,414.826834
-2.404147,3,414.862834
-2.439882,3,414.895835
-2.500273,3,414.930834
-3.59303,4,414.973925
-1.220427,2,414.994924
-1.239614,2,415.015924
-2.337346,3,415.052924
-2.408591,3,415.084924
-2.42354,3,415.116924
-3.821307,4,415.158925
-1.259623,2,415.184924
-3.562772,4,415.225926
-3.640447,4,415.265924
-2.47385,3,415.299924
-3.791359,4,415.345923
-2.409903,3,415.379924
-0.016974,1,415.393924
-3.631063,4,415.434925
-2.482643,3,415.469924
-0.061302,1,415.480924
-2.430237,3,415.513925
-2.360102,3,415.544924
-1.151853,2,415.567927
-2.349626,3,415.601925
-1.251507,2,415.622924
-2.438828,3,415.653925
-2.442495,3,415.689924
-2.511979,3,415.722924
-3.617256,4,415.762535
-2.4849,3,415.794535
-2.400879,3,415.830535
-3.59134,4,415.872535
-0.094286,1,415.883535
-2.329704,3,415.915534
-3.669962,4,415.960534
-2.407527,3,415.993535
-2.362016,3,416.023535
-5.051756,5,416.077535
-0.079442,1,416.092536
-1.227169,2,416.114535
-3.657867,4,416.156534
-0.098797,1,416.168535
-1.234916,2,416.192534
-2.395035,3,416.221535
-2.469046,3,416.253537
-2.435718,3,416.284535
-1.22372,2,416.309534
-2.576436,3,416.340534
-2.602575,3,416.373704
-2.438571,3,416.403704
-2.39655,3,416.436705
-2.381731,3,416.466704
-2.455465,3,416.500704
-1.289951,2,416.520704
-3.587492,4,416.565704
-3.562415,4,416.608704
-0.023003,1,416.618705
-2.434185,3,416.649705
-2.476506,3,416.683704
-0.074412,1,416.695704
-2.473298,3,416.728704
-3.64922,4,416.768704
-2.521712,3,416.803706
-3.670963,4,416.844705
-2.449179,3,416.877704
-2.429086,3,416.909215
-1.229155,2,416.936215
-1.290957,2,416.957214
-0.004786,1,416.968215
-3.713245,4,417.011315
-2.349533,3,417.052316
-2.37003,3,417.087316
-1.265302,2,417.111322
-2.51245,3,417.146316
-1.191291,2,417.173316
-2.342276,3,417.204316
-2.507137,3,417.236316
-3.587904,4,417.279315
-3.687159,4,417.325316
-1.280013,2,417.346478
-2.373707,3,417.377478
-2.52809,3,417.409478
-2.433631,3,417.444478
-2.541341,3,417.478479
-1.237151,2,417.499478
-3.567012,4,417.54156
-1.289578,2,417.567559
-2.464281,3,417.59956
-1.286619,2,417.620559
-1.178394,2,417.641559
-3.694413,4,417.690624
-3.584312,4,417.732624
-2.49868,3,417.763624
-3.596272,4,417.805888
-3.732528,4,417.850887
-2.556753,3,417.881887
-3.63742,4,417.922888
-2.359074,3,417.954888
-2.351142,3,417.988887
-1.225145,2,418.010888
-2.490648,3,418.042396
-2.45772,3,418.073396
-1.16411,2,418.098397
-3.881039,4,418.142459
-2.527543,3,418.17246
-2.522659,3,418.204528
-0.065554,1,418.217527
-2.358155,3,418.250528
-2.322936,3,418.282528
-1.240325,2,418.303528
-0.096115,1,418.318528
-3.724102,4,418.36109
-0.013028,1,418.37209
-1.238537,2,418.39109
-0.025066,1,418.40609
-2.54426,3,418.440091
-1.200969,2,418.461184
-0.075721,1,418.471185
-3.616772,4,418.514183
-2.431571,3,418.544352
-3.738411,4,418.587353
-2.512842,3,418.618353
-3.630319,4,418.663353
-3.667076,4,418.706353
-0.052178,1,418.717351
-1.211806,2,418.738352
-3.771708,4,418.788433
-2.341058,3,418.819433
-2.524205,3,418.850558
-1.285092,2,418.869725
-2.496172,3,418.906727
-3.705751,4,418.975727
-1.218607,2,419.011727
-3.651214,4,419.065726
-2.357963,3,419.102726
-3.782162,4,419.146726
-2.352305,3,419.175729
-3.637973,4,419.216235
-3.775289,4,419.264235
-1.262715,2,419.291235
-1.263441,2,419.316234
-1.21228,2,419.337235
-2.518938,3,419.372234
-2.449543,3,419.403234
-0.092967,1,419.412234
-2.396653,3,419.444235
-2.5007,3,419.478235
-2.347446,3,419.508235
-1.233568,2,419.529234
-1.184781,2,419.549237
-0.012288,1,419.564234
-2.466613,3,419.595234
-3.630074,4,419.637236
-1.255106,2,419.657234
-2.348236,3,419.693235
-2.484374,3,419.727237
-0.022743,1,419.738235
-2.473948,3,419.771362
-2.426873,3,419.805359
-1.192488,2,419.82436
-2.395687,3,419.854361
-2.445196,3,419.885359
-0.072858,1,419.89936
-2.411485,3,419.930359
-1.227825,2,419.951359
-3.754762,4,419.992359
-0.036948,1,420.00636
-1.239013,2,420.02636
-2.304755,3,420.057451
-2.404427,3,420.087451
-2.442002,3,420.12245
-2.32926,3,420.15445
-2.402208,3,420.18645
-2.354914,3,420.22045
-2.510587,3,420.255451
-1.194525,2,420.27645
-1.195149,2,420.29645
-2.480289,3,420.32896
-3.650747,4,420.374959
-2.430672,3,420.407959
-3.767724,4,420.451959
-1.272942,2,420.473959
-2.338003,3,420.50696
-1.242285,2,420.528959
-2.405618,3,420.560959
-2.358059,3,420.59196
-3.631341,4,420.636101
-3.728406,4,420.679101
-2.422955,3,420.7101
-1.230184,2,420.7311
-3.595222,4,420.784101
-3.724102,4,420.8271
-2.509518,3,420.8591
-1.27272,2,420.8801
-1.182227,2,420.904101
-0.066727,1,420.914101
-3.600616,4,420.954101
-2.451502,3,420.985102
-1.248938,2,421.0091
-3.600409,4,421.0501
-2.41968,3,421.085101
-2.571787,3,421.118101
-1.190783,2,421.142101
-3.809056,4,421.1851
-2.509025,3,421.2171
-1.233336,2,421.2381
-3.699354,4,421.284101
-0.046954,1,421.294101
-3.842397,4,421.3381
-1.252055,2,421.359101
-2.39863,3,421.39828
-2.509644,3,421.432281
-3.658895,4,421.476788
-2.372176,3,421.510787
-2.310064,3,421.553788
-3.757531,4,421.597025
-0.03617,1,421.608025
-2.326781,3,421.644026
-2.482281,3,421.684026
-0.094991,1,421.694419
-1.234155,2,421.714418
-1.177721,2,421.735418
-1.157698,2,421.762419
-2.406542,3,421.793419
-2.492921,3,421.825418
-3.729409,4,421.86942
-2.516143,3,421.908418
-1.181845,2,421.929418
-3.560856,4,421.968419
-2.48829,3,422.001419
-2.510367,3,422.040418
-3.682622,4,422.083419
-2.534321,3,422.116418
-3.588203,4,422.158419
-1.201435,2,422.183419
-2.337954,3,422.215418
-1.194596,2,422.237419
-2.420879,3,422.270419
-2.356691,3,422.305418
-2.381057,3,422.336418
-3.635556,4,422.380419
-2.432531,3,422.414418
-2.432774,3,422.449422
-0.088381,1,422.459418
-3.682692,4,422.502418
-0.098624,1,422.513418
-3.714665,4,422.570418
-3.554393,4,422.612041
-0.08224,1,422.623041
-3.719792,4,422.667043
-1.181591,2,422.693042
-2.530368,3,422.722042
-2.395641,3,422.7541
-1.27478,2,422.777099
-0.055889,1,422.7931
-0.073545,1,422.804101
-3.618771,4,422.843101
-0.089593,1,422.8561
-3.581715,4,422.901099
-2.475239,3,422.9331
-2.499474,3,422.965099
-2.41196,3,422.997099
-1.298388,2,423.023101
-2.422116,3,423.0531
-2.404501,3,423.0861
-2.363836,3,423.116382
-2.480004,3,423.149381
-2.492192,3,423.182382
-0.078045,1,423.193383
-2.514254,3,423.223381
-3.712282,4,423.268383
-2.497986,3,423.301381
-2.49357,3,423.331382
-3.682228,4,423.372381
-3.570003,4,423.417382
-2.396761,3,423.447381
-2.469729,3,423.477382
-1.17509,2,423.498381
-2.475861,3,423.536381
-1.194687,2,423.558381
-3.713359,4,423.605381
-2.418276,3,423.638382
-2.365773,3,423.673382
-2.58212,3,423.703383
-1.203024,2,423.723381
-2.409436,3,423.763891
-2.344989,3,423.806891
-2.359635,3,423.83989
-3.719682,4,423.883891
-0.094112,1,423.89589
-2.546223,3,423.93089
-3.771091,4,423.981967
-3.648528,4,424.021967
-2.408746,3,424.053967
-1.132168,2,424.081968
-3.688854,4,424.130035
-0.071778,1,424.140035
-2.436109,3,424.174036
-3.548747,4,424.221035
-2.497867,3,424.252195
-2.464177,3,424.283194
-2.47302,3,424.317506
-2.419932,3,424.352504
-0.03046,1,424.362506
-0.057116,1,424.373507
-0.085047,1,424.384506
-0.05728,1,424.403505
-1.2738,2,424.425506
-0.032329,1,424.435505
-3.775436,4,424.480505
-3.551004,4,424.529505
-1.207818,2,424.549505
-3.643343,4,424.589505
-2.402712,3,424.642506
-3.688531,4,424.715507
-0.063474,1,424.729505
-2.321309,3,424.766505
-2.417158,3,424.807505
-2.424137,3,424.842505
-1.237103,2,424.863505
-2.45536,3,424.897014
-2.343031,3,424.932014
-0.030446,1,424.949014
-2.347387,3,424.986014
-1.199496,2,425.012014
-2.351031,3,425.052102
-1.257886,2,425.077102
-1.210197,2,425.099102
-1.198571,2,425.122101
-2.300961,3,425.154235
-3.67821,4,425.200238
-0.06104,1,425.210236
-1.189611,2,425.230235
-1.265471,2,425.250236
-1.169715,2,425.276235
-2.351015,3,425.307341
-2.454561,3,425.33934
-0.043824,1,425.34934
-3.658138,4,425.39934
-1.245597,2,425.41934
-2.337977,3,425.449339
-3.744927,4,425.492339
-3.710228,4,425.540341
-3.65608,4,425.585339
-3.602679,4,425.62934
-3.612844,4,425.670688
-2.490277,3,425.70669
-1.182034,2,425.729687
-1.172649,2,425.749688
-0.098234,1,425.762689
-2.358952,3,425.795688
-1.116294,2,425.816691
-2.558417,3,425.848687
-2.45001,3,425.878791
-1.244265,2,425.901792
-2.554003,3,425.935792
-1.290212,2,425.955791
-3.653426,4,425.996794
-2.484227,3,426.034301
-2.482785,3,426.067574
-2.412248,3,426.101574
-3.68276,4,426.141573
-2.343758,3,426.180574
-2.497277,3,426.211573
-1.223419,2,426.230573
-2.570205,3,426.266574
-2.348545,3,426.303574
-1.270853,2,426.323573
-1.146924,2,426.344574
-3.784306,4,426.398574
-1.128624,2,426.423573
-2.489917,3,426.462575
-1.164425,2,426.484573
-2.43742,3,426.517573
-0.04776,1,426.530574
-3.571748,4,426.572576
-2.546653,3,426.605574
-0.07867,1,426.616574
-3.619065,4,426.663574
-3.636569,4,426.711574
-2.530715,3,426.753574
-2.310901,3,426.783574
-0.078354,1,426.798573
-2.333487,3,426.829573
-2.376566,3,426.861573
-2.351493,3,426.890575
-3.568291,4,426.937574
-3.786902,4,426.978573
-3.621394,4,427.021574
-3.809255,4,427.061574
-1.158347,2,427.086573
-0.064538,1,427.097573
-0.071145,1,427.108573
-2.47699,3,427.141573
-1.249272,2,427.167573
-2.426334,3,427.202576
-1.167276,2,427.228082
-1.188131,2,427.252328
-2.323998,3,427.290328
-2.50172,3,427.323328
-2.405129,3,427.354384
-3.61347,4,427.396728
-2.416838,3,427.43273
-2.345984,3,427.462729
-2.463838,3,427.493729
-2.497482,3,427.525728
-1.154041,2,427.549728
-2.443368,3,427.58173
-0.020977,1,427.592728
-2.477143,3,427.625729
-3.653435,4,427.669729
-2.356017,3,427.703729
-1.174206,2,427.723729
-3.780023,4,427.764728
-3.670465,4,427.812729
-2.329978,3,427.843729
-2.361851,3,427.874728
-1.279308,2,427.895729
-2.373293,3,427.931729
-2.377595,3,427.963729
-2.600649,3,427.996729
-1.281597,2,428.017728
-2.451567,3,428.051729
-2.319367,3,428.083731
-2.354519,3,428.114728
-3.646247,4,428.156729
-2.40773,3,428.192729
-3.675615,4,428.235728
-2.426061,3,428.264729
-1.257632,2,428.285728
-0.054973,1,428.298728
-2.510849,3,428.331729
-0.098603,1,428.343734
-2.508735,3,428.375319
-2.493557,3,428.413317
-1.198318,2,428.433318
-2.351451,3,428.464369
-3.745051,4,428.511371
-0.059847,1,428.52537
-0.030732,1,428.535369
-2.537857,3,428.567369
-3.684442,4,428.60837
-2.405427,3,428.645498
-0.039594,1,428.656498
-1.134461,2,428.678497
-3.644758,4,428.720497
-3.761716,4,428.767498
-3.785347,4,428.811497
-2.454767,3,428.842498
-1.21013,2,428.863498
-1.219178,2,428.890498
-1.194419,2,428.911497
-2.367435,3,428.940497
-1.259414,2,428.961497
-1.186939,2,428.986497
-0.066542,1,428.998497
-2.5003,3,429.030497
-2.497946,3,429.062497
-3.750528,4,429.109499
-3.583422,4,429.150498
-3.577486,4,429.192497
-3.74167,4,429.235497
-3.716386,4,429.279497
-2.57098,3,429.309497
-3.678228,4,429.352497
-2.439874,3,429.383632
-2.352067,3,429.417631
-2.423918,3,429.452633
-1.193714,2,429.472632
-2.477338,3,429.503635
-2.496645,3,429.541142
-2.510113,3,429.572141
-3.702289,4,429.614258
-2.46155,3,429.646255
-2.43202,3,429.680255
-0.072829,1,429.690255
-3.532358,4,429.731255
-2.426632,3,429.763258
-2.311801,3,429.799255
-2.354528,3,429.832256
-0.052066,1,429.843255
-3.635618,4,429.885255
-2.50961,3,429.920255
-2.351991,3,429.951256
-2.570932,3,429.983343
-2.510667,3,430.014342
-2.479331,3,430.052342
-1.163198,2,430.073342
-2.462575,3,430.105342
-2.498863,3,430.136342
-3.607067,4,430.182343
-2.379723,3,430.216342
-3.642285,4,430.257343
-1.264143,2,430.277342
-2.545685,3,430.314343
-2.458714,3,430.345343
-0.095045,1,430.356342
-1.174019,2,430.376463
-1.185258,2,430.401464
-2.377733,3,430.434463
-2.368711,3,430.464555
-2.393742,3,430.494831
-1.215442,2,430.52183
-3.61796,4,430.565155
-1.183163,2,430.585154
-3.602809,4,430.626154
-3.600933,4,430.673662
-1.260783,2,430.694663
-1.180028,2,430.716663
-2.344738,3,430.749664
-1.274025,2,430.774662
-2.518571,3,430.807663
-3.64391,4,430.848888
-2.386082,3,430.883086
-2.534375,3,430.919083
-1.22209,2,430.940083
-0.088543,1,430.950083
-2.546759,3,430.983083
-2.396202,3,431.019083
-3.630634,4,431.060085
-2.43934,3,431.092082
-1.156619,2,431.113085
-3.61375,4,431.159084
-1.265383,2,431.180083
-2.430711,3,431.212083
-1.217642,2,431.233084
-2.547645,3,431.268083
-3.626394,4,431.311083
-3.681269,4,431.353083
-1.24843,2,431.374083
-2.385124,3,431.412083
-1.181724,2,431.432084
-1.262994,2,431.453083
-2.455339,3,431.483084
-3.645173,4,431.531083
-2.320372,3,431.561083
-2.474739,3,431.592083
-3.668217,4,431.634084
-2.523732,3,431.668085
-1.259929,2,431.688084
-1.158069,2,431.710083
-3.731521,4,431.757084
-1.212887,2,431.784088
-2.420772,3,431.817592
-1.185709,2,431.841594
-2.309583,3,431.874593
-3.652081,4,431.922592
-2.320483,3,431.955593
-2.395307,3,431.986592
-1.225506,2,432.007593
-2.501168,3,432.042593
-3.630022,4,432.084592
-3.753375,4,432.125593
-3.62894,4,432.169594
-3.654511,4,432.221592
-1.183169,2,432.241592
-2.543186,3,432.275594
-3.5806,4,432.315593
-2.354204,3,432.351726
-1.28973,2,432.371726
-1.281495,2,432.392969
-1.17904,2,432.41697
-1.262947,2,432.47297
-1.253903,2,432.50697
-3.723459,4,432.556968
-1.145225,2,432.581969
-2.451765,3,432.621968
-1.271553,2,432.641969
-1.260992,2,432.661968
-3.616264,4,432.705968
-2.468324,3,432.744969
-2.338374,3,432.777969
-2.470787,3,432.814969
-0.094281,1,432.826969
-1.262044,2,432.855969
-0.047899,1,432.865969
-3.582511,4,432.909969
-1.228322,2,432.933969
-3.667867,4,432.98148
-1.17623,2,433.001479
-0.033925,1,433.011478
-2.559444,3,433.043478
-3.715653,4,433.090479
-2.511881,3,433.121479
-3.775622,4,433.163724
-2.499168,3,433.19272
-3.653403,4,433.235719
-1.257842,2,433.25372
-2.526338,3,433.282871
-1.14863,2,433.29987
-3.696628,4,433.338872
-1.238088,2,433.35687
-3.73074,4,433.39387
-1.181393,2,433.41187
-2.471823,3,433.442923
-2.347532,3,433.469923
-1.156618,2,433.487922
-0.013653,1,433.496923
-0.08246,1,433.509922
-1.216219,2,433.528922
-1.180818,2,433.546922
-2.484871,3,433.572922
-3.632823,4,433.613123
-2.423657,3,433.640315
-1.286742,2,433.658312
-3.583702,4,433.694313
-0.056703,1,433.706311
-0.034065,1,433.716312
-0.036606,1,433.725313
-2.522806,3,433.751312
-1.194936,2,433.773314
-2.340961,3,433.809312
-1.221444,2,433.827312
-3.623531,4,433.868312
-1.229694,2,433.892311
-1.270253,2,433.915312
-2.453402,3,433.946311
-1.260977,2,433.966313
-3.65332,4,434.016312
-2.459648,3,434.047312
-2.414924,3,434.078311
-2.438673,3,434.107315
-2.408219,3,434.14582
-0.094412,1,434.156819
-2.425145,3,434.18782
-1.146427,2,434.208819
-2.412869,3,434.246819
-2.481135,3,434.281819
-1.169084,2,434.302819
-3.570751,4,434.34482
-3.716112,4,434.390819
-1.261818,2,434.411819
-3.615607,4,434.45182
-2.442643,3,434.48482
-3.817998,4,434.53282
-0.091393,1,434.54182
-2.345452,3,434.572819
-3.740373,4,434.615883
-3.563046,4,434.660882
-2.484958,3,434.692884
-2.523526,3,434.723883
-2.536394,3,434.754883
-3.751622,4,434.800883
-2.542642,3,434.831883
-2.347501,3,434.861883
-2.347422,3,434.892884
-3.703355,4,434.940883
-2.423584,3,434.972883
-2.512499,3,435.002883
-2.427807,3,435.051884
-1.204859,2,435.095885
-2.377029,3,435.137031
-2.490534,3,435.172032
-2.372861,3,435.208032
-3.693526,4,435.254031
-0.076326,1,435.265031
-0.070726,1,435.275031
-2.567914,3,435.306032
-2.525299,3,435.343538
-2.392424,3,435.383538
-1.20599,2,435.405537
-2.304107,3,435.439537
-0.02793,1,435.454539
-3.655477,4,435.497689
-0.058793,1,435.509689
-3.609338,4,435.552691
-2.336448,3,435.59169
-2.506487,3,435.62169
-1.270507,2,435.64269
-1.22392,2,435.66469
-2.552752,3,435.701692
-2.413241,3,435.732691
-1.201018,2,435.75369
-1.18476,2,435.774689
-1.186494,2,435.801752
-2.488054,3,435.832752
-0.097443,1,435.842752
-1.230991,2,435.864753
-0.042263,1,435.878752
-2.38987,3,435.911874
-2.468373,3,435.943944
-1.191529,2,435.963947
-2.387727,3,435.999943
-2.39953,3,436.034043
-1.173911,2,436.061043
-1.247467,2,436.082042
-2.479221,3,436.116042
-2.342645,3,436.147042
-1.142957,2,436.167042
-2.411676,3,436.198041
-2.59573,3,436.234041
-0.062716,1,436.244041
-0.058459,1,436.254041
-3.850621,4,436.294041
-1.166804,2,436.319042
-1.150723,2,436.341043
-2.39557,3,436.371042
-2.319858,3,436.402042
-0.097949,1,436.415043
-3.98637,4,436.458045
-2.40501,3,436.491551
-3.58667,4,436.533552
-2.530176,3,436.570551
-2.354267,3,436.604552
-1.26957,2,436.625552
-3.730008,4,436.667551
-2.526906,3,436.702551
-3.782147,4,436.743551
-3.647425,4,436.783551
-1.233649,2,436.803552
-1.187421,2,436.827551
-3.65051,4,436.869551
-2.347095,3,436.902551
-2.55641,3,436.932552
-3.653048,4,436.978552
-0.061178,1,436.989552
-2.468884,3,437.021551
-1.198974,2,437.041551
-3.634777,4,437.088552
-2.500085,3,437.121551
-0.034518,1,437.131551
-3.6946,4,437.172551
-3.72319,4,437.219552
-2.461689,3,437.250551
-2.504883,3,437.283552
-1.237482,2,437.306551
-0.094249,1,437.322552
-3.698988,4,437.370551
-2.445937,3,437.402551
-2.451332,3,437.436552
-2.541995,3,437.473552
-2.493949,3,437.503551
-3.606189,4,437.545552
-3.859547,4,437.586555
-2.426365,3,437.626059
-0.031566,1,437.636059
-2.400455,3,437.669059
-3.626383,4,437.71206
-0.084052,1,437.72606
-2.497745,3,437.75906
-2.528678,3,437.788621
-2.446324,3,437.818621
-0.026849,1,437.832622
-3.641847,4,437.875621
-2.383113,3,437.906621
-2.353099,3,437.936621
-0.025753,1,437.949621
-1.261687,2,437.976622
-1.206423,2,437.996621
-2.422432,3,438.02962
-3.69169,4,438.075621
-2.48795,3,438.109622
-2.381221,3,438.140622
-3.787293,4,438.182622
-2.430324,3,438.221621
-1.296784,2,438.243622
-1.205178,2,438.264621
-2.469477,3,438.295622
-1.273858,2,438.320622
-3.71047,4,438.365622
-1.188717,2,438.387621
-2.369549,3,438.422622
-1.1976,2,438.450621
-2.401139,3,438.482623
-3.673998,4,438.524621
-1.213496,2,438.545621
-2.551068,3,438.580621
-1.190546,2,438.599621
-1.148367,2,438.619621
-2.451354,3,438.652621
-1.24969,2,438.677621
-2.509443,3,438.708622
-3.585342,4,438.751127
-3.656767,4,438.793234
-0.008722,1,438.808234
-2.543613,3,438.840234
-3.782767,4,438.888235
-3.598772,4,438.937234
-1.196691,2,438.964234
-2.400287,3,438.997234
-0.066152,1,439.008234
-3.602766,4,439.049234
-0.095029,1,439.063233
-1.252641,2,439.087235
-1.177843,2,439.106234
-2.447121,3,439.136233
-2.424742,3,439.181234
-1.246778,2,439.223754
-0.088043,1,439.239755
-3.587838,4,439.299754
-2.49876,3,439.338752
-1.227423,2,439.360755
-2.356363,3,439.392752
-2.463819,3,439.428754
-1.227703,2,439.454753
-2.459119,3,439.488753
-2.466727,3,439.524754
-2.397337,3,439.564754
-2.352378,3,439.599752
-2.364662,3,439.631752
-0.063375,1,439.643753
-2.511488,3,439.674752
-3.614418,4,439.719754
-2.357542,3,439.751753
-2.398416,3,439.782753
-2.43472,3,439.815754
-1.197042,2,439.841752
-1.235395,2,439.862752
-2.44771,3,439.892261
-2.482884,3,439.925262
-2.512458,3,439.960388
-2.440288,3,439.993388
-3.810542,4,440.034389
-0.083718,1,440.044388
-0.059412,1,440.060389
-0.095316,1,440.071388
-2.535215,3,440.103389
-3.580403,4,440.143389
-2.453057,3,440.180388
-2.374441,3,440.211388
-1.243399,2,440.231389
-2.324291,3,440.263478
-2.340029,3,440.299478
-1.234064,2,440.32048
-3.69171,4,440.360595
-2.458765,3,440.392595
-2.385382,3,440.428595
-1.173442,2,440.449595
-1.196779,2,440.469594
-2.376049,3,440.503595
-2.333212,3,440.538595
-1.150249,2,440.559595
-0.079935,1,440.569595
-2.507244,3,440.600595
-3.922513,4,440.648595
-1.189817,2,440.668596
-3.643813,4,440.709595
-2.369319,3,440.743596
-2.531269,3,440.778595
-2.504853,3,440.808595
-2.474068,3,440.841595
-1.156056,2,440.862595
-2.470193,3,440.897596
-2.453796,3,440.928596
-2.504317,3,440.962595
-2.462039,3,440.993595
-2.361191,3,441.029598
-2.504137,3,441.062104
-2.407975,3,441.092104
-2.498459,3,441.122104
-2.468059,3,441.159103
-1.239915,2,441.178103
-2.407603,3,441.209104
-2.546158,3,441.242105
-3.685669,4,441.288104
-2.327652,3,441.319103
-3.650558,4,441.360103
-3.892926,4,441.401104
-3.786683,4,441.447103
-3.691467,4,441.488104
-0.089526,1,441.499104
-3.652333,4,441.541104
-3.719992,4,441.586104
-2.447732,3,441.618104
-2.424642,3,441.648103
-3.655941,4,441.689103
-0.021993,1,441.703105
-2.339376,3,441.737104
-2.416486,3,441.767104
-0.043999,1,441.778104
-0.045339,1,441.791104
-2.325086,3,441.826104
-0.062764,1,441.837104
-2.492151,3,441.868103
-1.208422,2,441.893103
-2.327401,3,441.926103
-3.654257,4,441.967104
-1.220567,2,441.987105
-1.228112,2,442.012104
-2.463914,3,442.044104
-1.167864,2,442.065104
-2.386235,3,442.095104
-3.628616,4,442.141104
-0.087838,1,442.152106
-2.405261,3,442.183106
-3.569716,4,442.226613
-2.505071,3,442.262612
-1.183907,2,442.282613
-1.160547,2,442.304673
-1.136559,2,442.325673
-2.468036,3,442.360673
-3.660729,4,442.401674
-2.435444,3,442.432673
-1.227108,2,442.453673
-2.502371,3,442.489673
-1.261696,2,442.509673
-1.288046,2,442.529673
-0.003308,1,442.540673
-2.514656,3,442.574672
-2.433251,3,442.607673
-2.496058,3,442.638673
-2.372115,3,442.668874
-0.046197,1,442.683876
-2.464724,3,442.715874
-1.237192,2,442.736874
-2.361074,3,442.765876
-2.341338,3,442.803875
-1.167065,2,442.823874
-2.475349,3,442.852875
-2.520877,3,442.884874
-2.399162,3,442.920875
-3.858635,4,442.961874
-1.198324,2,442.981875
-1.27473,2,443.002875
-3.761699,4,443.048875
-2.537639,3,443.078875
-3.692147,4,443.119875
-2.476644,3,443.151875
-3.595758,4,443.196875
-2.47797,3,443.228874
-2.535686,3,443.260875
-1.234684,2,443.281875
-0.05526,1,443.295874
-2.323475,3,443.327875
-2.46711,3,443.360875
-3.676347,4,443.40038
-2.419461,3,443.435383
-1.170639,2,443.456384
-2.480279,3,443.492383
-2.438337,3,443.526383
-2.341248,3,443.562384
-2.387031,3,443.594384
-3.578594,4,443.635385
-2.439203,3,443.666384
-2.45962,3,443.702384
-3.884115,4,443.742384
-1.153716,2,443.764383
-2.409509,3,443.797384
-2.544478,3,443.833385
-3.648441,4,443.875383
-1.147296,2,443.897383
-2.42827,3,443.928384
-2.543232,3,443.963384
-1.163786,2,443.985384
-0.065227,1,443.996384
-2.346067,3,444.028384
-2.578932,3,444.063383
-2.409792,3,444.094383
-2.47806,3,444.128384
-2.414393,3,444.159384
-3.609239,4,444.203384
-1.259764,2,444.226383
-3.761745,4,444.267383
-1.153439,2,444.287383
-2.577265,3,444.323383
-2.358167,3,444.356383
-2.335302,3,444.389383
-0.0908,1,444.399384
-3.756522,4,444.447384
-2.507738,3,444.479383
-1.218171,2,444.500383
-2.308402,3,444.530386
-1.146426,2,444.557894
-3.702187,4,444.598894
-2.463831,3,444.629187
-2.469874,3,444.661188
-0.088645,1,444.677188
-3.768402,4,444.724188
-1.237183,2,444.745187
-2.530667,3,444.778188
-2.516093,3,444.811187
-2.605178,3,444.843187
-2.475992,3,444.872188
-2.485095,3,444.904187
-2.356302,3,444.938476
-2.392337,3,444.969476
-2.392625,3,445.001477
-2.321513,3,445.032476
-1.199235,2,445.055477
-0.05438,1,445.066477
-2.362845,3,445.102477
-2.48849,3,445.13348
-3.799183,4,445.179477
-2.444772,3,445.210476
-2.35018,3,445.241476
-2.431974,3,445.272476
-3.631714,4,445.319476
-1.232551,2,445.338476
-3.620722,4,445.380476
-2.3475,3,445.417477
-3.708393,4,445.494477
-3.578261,4,445.551477
-2.530055,3,445.585478
-2.345087,3,445.617477
-1.135278,2,445.641478
-3.675036,4,445.682479
-1.265652,2,445.705988
-1.226321,2,445.729985
-2.434954,3,445.771986
-0.075876,1,445.784986
-2.35714,3,445.817463
-0.08783,1,445.828463
-2.530846,3,445.866464
-2.537624,3,445.897463
-1.198374,2,445.919462
-2.344455,3,445.952462
-0.059708,1,445.966463
-2.405206,3,445.999462
-2.461423,3,446.031462
-2.358727,3,446.063462
-1.276326,2,446.087462
-1.137654,2,446.108464
-0.085281,1,446.119462
-1.269065,2,446.141462
-3.577366,4,446.186462
-3.578001,4,446.227463
-0.077683,1,446.238463
-2.550523,3,446.269462
-3.552035,4,446.317463
-2.484965,3,446.347462
-1.204833,2,446.366463
-1.170038,2,446.388462
-1.190022,2,446.416463
-3.782991,4,446.458462
-1.280101,2,446.480463
-0.044356,1,446.490462
-0.053552,1,446.509462
-3.634938,4,446.552463
-2.3465,3,446.583462
-2.44497,3,446.613463
-1.285997,2,446.638462
-1.225884,2,446.657463
-3.715979,4,446.698462
-2.417278,3,446.730463
-1.174406,2,446.756463
-3.560504,4,446.796463
-2.351503,3,446.826462
-1.233691,2,446.845972
-2.362555,3,446.882972
-1.289841,2,446.904106
-1.189192,2,446.925105
-2.394496,3,446.957103
-3.657927,4,447.007103
-2.414478,3,447.038286
-1.18486,2,447.057286
-2.532135,3,447.091289
-3.552092,4,447.135636
-0.086105,1,447.146637
-2.459985,3,447.176636
-2.4929,3,447.206636
-1.219131,2,447.235637
-2.351253,3,447.265637
-3.6965,4,447.306636
-2.464835,3,447.337636
-2.369886,3,447.37275
-1.278847,2,447.392748
-1.16734,2,447.414747
-2.382795,3,447.451748
-2.499262,3,447.48975
-2.581501,3,447.522747
-1.263442,2,447.543748
-2.44142,3,447.575748
-1.228947,2,447.599747
-2.452974,3,447.632749
-2.472875,3,447.661747
-1.190822,2,447.684747
-3.76903,4,447.729747
-2.462993,3,447.763747
-3.774654,4,447.804747
-2.378376,3,447.837747
-2.463068,3,447.873747
-3.723845,4,447.915834
-1.251405,2,447.936833
-3.710818,4,447.979833
-2.480553,3,448.016338
-1.217837,2,448.039341
-2.5166,3,448.071342
-0.086079,1,448.081342
-1.183484,2,448.106341
-1.19245,2,448.12734
-1.160833,2,448.152445
-3.843931,4,448.196443
-2.490505,3,448.231442
-2.410574,3,448.263443
-2.508282,3,448.294443
-3.656923,4,448.334443
-1.203556,2,448.358443
-2.526478,3,448.390561
-1.186369,2,448.41056
-2.361038,3,448.440561
-3.761834,4,448.486561
-2.482776,3,448.51856
-2.462618,3,448.54956
-3.63117,4,448.591561
-3.818656,4,448.63956
-2.463172,3,448.66956
-2.498763,3,448.70056
-3.574512,4,448.74256
-2.367764,3,448.777561
-1.176011,2,448.79856
-2.378314,3,448.82956
-0.094186,1,448.84056
-1.200229,2,448.86456
-0.054137,1,448.87456
-2.337837,3,448.90656
-3.65766,4,448.947561
-0.080619,1,448.960561
-3.567078,4,449.004561
-2.542588,3,449.03556
-3.706317,4,449.075561
-3.681363,4,449.121562
-1.268155,2,449.142565
-3.645575,4,449.185071
-2.545506,3,449.216071
-0.054528,1,449.230072
-2.389825,3,449.264071
-3.639731,4,449.304071
-2.42932,3,449.335188
-1.14413,2,449.361188
-2.358056,3,449.395188
-1.162451,2,449.417188
-1.276506,2,449.438346
-1.242085,2,449.462346
-1.227966,2,449.484347
-3.728104,4,449.525347
-2.472042,3,449.556653
-0.052438,1,449.570652
-0.041562,1,449.582652
-1.183289,2,449.603652
-1.283372,2,449.624652
-2.346488,3,449.657652
-2.533745,3,449.687652
-0.032481,1,449.698652
-2.517232,3,449.730653
-0.088618,1,449.745653
-3.687026,4,449.788653
-2.410448,3,449.820653
-2.375628,3,449.851653
-3.611728,4,449.897655
-2.478478,3,449.927654
-2.473801,3,449.959653
-1.165397,2,449.979652
-3.620482,4,450.024652
-3.697562,4,450.067653
-2.453918,3,450.095653
-1.254916,2,450.116652
-0.096964,1,450.130652
-2.362786,3,450.162652
-1.246522,2,450.184653
-3.628854,4,450.225653
-2.450762,3,450.260652
-2.553009,3,450.291652
-0.092377,1,450.301656
-3.615452,4,450.343162
-3.874591,4,450.394387
-1.161926,2,450.416385
-0.083913,1,450.427385
-2.54862,3,450.457385
-0.087814,1,450.474386
-1.205508,2,450.495385
-2.346253,3,450.527385
-1.27408,2,450.548386
-2.581129,3,450.586386
-2.43332,3,450.618756
-2.377385,3,450.649757
-3.610306,4,450.690758
-3.570575,4,450.734758
-0.087345,1,450.745757
-2.472759,3,450.776757
-1.165579,2,450.798757
-2.533658,3,450.832757
-1.195433,2,450.853757
-1.160327,2,450.874757
-1.297462,2,450.894757
-1.194452,2,450.920757
-1.221635,2,450.940759
-2.380293,3,450.971757
-2.388216,3,451.002759
-0.057833,1,451.017758
-2.530448,3,451.049757
-3.611716,4,451.089757
-0.065249,1,451.099757
-3.645213,4,451.146757
-2.325524,3,451.176757
-2.417814,3,451.208756
-1.182488,2,451.230757
-3.572454,4,451.277758
-2.326976,3,451.308757
-0.07785,1,451.318757
-1.254582,2,451.338758
-1.244173,2,451.365759
-2.549121,3,451.397758
-2.46399,3,451.427758
-3.75969,4,451.470758
-2.450587,3,451.507267
-2.496451,3,451.539265
-0.048303,1,451.550266
-1.280061,2,451.573266
-1.178542,2,451.599266
-2.4074,3,451.630266
-3.626564,4,451.675266
-3.669872,4,451.715387
-1.208433,2,451.739489
-2.491979,3,451.770489
-0.09126,1,451.780488
-1.256701,2,451.803663
-1.191464,2,451.827662
-0.075902,1,451.839663
-3.850392,4,451.879663
-2.498994,3,451.910937
-2.562063,3,451.944937
-2.346068,3,451.976937
-2.436582,3,452.009937
-0.08476,1,452.020938
-2.466002,3,452.054937
-2.357381,3,452.085936
-3.579824,4,452.127937
-3.599501,4,452.167938
-1.174393,2,452.192937
-2.365595,3,452.224937
-1.192763,2,452.246938
-2.481975,3,452.275937
-2.401171,3,452.311937
-3.555997,4,452.352937
-3.731914,4,452.394937
-2.443515,3,452.425936
-2.491879,3,452.461936
-2.496385,3,452.492937
-2.529512,3,452.523938
-2.503561,3,452.552938
-0.086458,1,452.567937
-2.472574,3,452.599936
-2.374001,3,452.634445
-3.646694,4,452.675445
-1.213821,2,452.700446
-2.409523,3,452.731446
-2.414459,3,452.760559
-0.069777,1,452.771559
-1.217729,2,452.797764
-2.337813,3,452.827762
-1.143951,2,452.849763
-1.205683,2,452.870051
-1.273853,2,452.897051
-0.09428,1,452.908049
-2.336861,3,453.05705
-2.416252,3,453.088048
-3.629875,4,453.134049
-3.587359,4,453.177048
-2.36678,3,453.208049
-0.075755,1,453.21905
-1.193525,2,453.24305
-0.05492,1,453.252049
-0.034151,1,453.263049
-0.044337,1,453.27405
-3.603656,4,453.319049
-0.0252,1,453.33205
-3.608311,4,453.374049
-1.240026,2,453.395049
-2.332677,3,453.42705
-2.448274,3,453.46005
-2.353211,3,453.492049
-1.192475,2,453.512049
-2.443894,3,453.54705
-2.446081,3,453.577049
-1.15384,2,453.597049
-3.602693,4,453.639049
-0.09658,1,453.65305
-0.07433,1,453.66605
-3.60218,4,453.70505
-1.233095,2,453.727049
-2.493166,3,453.762049
-3.700821,4,453.810053
-2.352348,3,453.842558
-0.080628,1,453.852557
-3.625047,4,453.898879
-2.438135,3,453.92888
-2.440462,3,453.958879
-1.207542,2,453.97888
-1.274455,2,454.00288
-2.423713,3,454.030879
-1.254983,2,454.050879
-2.41713,3,454.081879
-2.46369,3,454.11888
-1.174239,2,454.139879
-0.040481,1,454.149879
-1.251237,2,454.168879
-3.563387,4,454.212881
-2.460791,3,454.243879
-3.744085,4,454.28488
-3.660832,4,454.328337
-3.64502,4,454.371336
-2.487029,3,454.404337
-2.389321,3,454.435337
-1.207088,2,454.456336
-1.15084,2,454.480337
-2.371506,3,454.512336
-3.680432,4,454.554477
-3.629674,4,454.595476
-1.141937,2,454.619476
-2.514206,3,454.651477
-3.58443,4,454.695476
-2.354115,3,454.740477
-0.088838,1,454.761477
-2.440477,3,454.805535
-1.228797,2,454.826536
-2.590405,3,454.873536
-2.503805,3,454.926536
-1.245959,2,454.953042
-1.278377,2,454.979211
-2.440037,3,455.022212
-3.633126,4,455.078212
-1.251493,2,455.098211
-2.413718,3,455.133211
-1.18495,2,455.156212
-2.343123,3,455.194212
-1.188684,2,455.217211
-2.366787,3,455.249211
-1.28388,2,455.268211
-2.354368,3,455.303212
-1.21824,2,455.326211
-2.492202,3,455.370211
-3.710357,4,455.431211
-2.449197,3,455.470212
-2.415518,3,455.504212
-1.211994,2,455.535211
-2.345234,3,455.573212
-2.496392,3,455.611211
-1.248651,2,455.642211
-2.42867,3,455.677212
-1.262715,2,455.704212
-1.184602,2,455.731211
-2.343438,3,455.761212
-2.460656,3,455.797213
-2.518205,3,455.857212
-2.465384,3,455.910213
-3.580942,4,455.968211
-0.076376,1,455.977211
-0.073117,1,455.988212
-0.014108,1,456.004213
-2.472681,3,456.039211
-1.24136,2,456.059212
-3.658279,4,456.099211
-3.735546,4,456.155723
-3.759073,4,456.213877
-2.538796,3,456.248268
-1.235367,2,456.274267
-1.250053,2,456.306267
-1.245403,2,456.327267
-1.215611,2,456.34727
-1.266649,2,456.376267
-3.723628,4,456.437267
-1.247672,2,456.457268
-2.390381,3,456.501266
-3.668098,4,456.549268
-3.700454,4,456.620486
-0.08211,1,456.634493
-2.474101,3,456.677487
-0.014991,1,456.692487
-2.4098,3,456.737487
-1.196443,2,456.756487
-1.193628,2,456.775486
-2.483576,3,456.808488
-1.244557,2,456.833487
-2.509026,3,456.863487
-3.818842,4,456.914487
-2.341734,3,456.950487
-2.373399,3,456.992488
-2.361285,3,457.024489
-2.483893,3,457.065487
-2.477887,3,457.100487
-1.220105,2,457.122488
-3.65476,4,457.170486
-3.58057,4,457.217487
-0.015827,1,457.231487
-2.34315,3,457.270998
-2.444676,3,457.311998
-2.367843,3,457.358524
-1.190604,2,457.396976
-1.154705,2,457.435976
-2.362503,3,457.473977
-2.452274,3,457.512977
-2.526042,3,457.558976
-1.23269,2,457.594976
-3.564656,4,457.647977
-1.177677,2,457.675977
-2.375557,3,457.711976
-1.20732,2,457.748976
-1.19663,2,457.770072
-0.046533,1,457.780072
-3.566163,4,457.831155
-2.36076,3,457.880155
-2.563331,3,457.912155
-3.552641,4,457.957156
-2.505885,3,457.989155
-2.467831,3,458.033155
-1.229028,2,458.060156
-2.353451,3,458.092351
-1.161457,2,458.121351
-2.569564,3,458.165351
-0.091754,1,458.177351
-2.414497,3,458.21935
-1.209058,2,458.25035
-2.482781,3,458.287351
-1.281531,2,458.307415
-3.638713,4,458.347417
-2.478163,3,458.410422
-2.496742,3,458.465928
-2.417227,3,458.513928
-3.883842,4,458.561094
-1.159387,2,458.586093
-1.236349,2,458.612097
-2.366099,3,458.657095
-3.654149,4,458.713093
-1.156153,2,458.737093
-2.555858,3,458.773093
-1.176025,2,458.796093
-3.580638,4,458.848094
-1.202589,2,458.870093
-2.386745,3,458.906093
-2.455677,3,458.935093
-2.537763,3,458.96519
-2.481289,3,458.99619
-3.628352,4,459.052452
-2.346562,3,459.085451
-0.050229,1,459.095451
-1.193752,2,459.121451
-0.088249,1,459.138452
-2.484001,3,459.173451
-2.557926,3,459.210452
-3.611367,4,459.255821
-3.565176,4,459.306821
-2.441007,3,459.33482
-2.502465,3,459.371821
-0.053937,1,459.383824
-0.057939,1,459.411822
-3.681546,4,459.482821
-2.481863,3,459.526822
-1.197164,2,459.550824
-3.71983,4,459.61033
-3.693989,4,459.65745
-0.073073,1,459.673452
-2.445991,3,459.712451
-2.368121,3,459.75145
-2.339929,3,459.786451
-2.426991,3,459.823452
-3.698384,4,459.865595
-2.382059,3,459.911595
-2.567154,3,459.957595
-1.141218,2,459.991597
-3.809105,4,460.045594
-2.546377,3,460.081595
-2.514741,3,460.117595
-2.344056,3,460.152596
-2.381607,3,460.194597
-0.075258,1,460.208595
-3.610289,4,460.251595
-1.148597,2,460.272597
-2.438247,3,460.304595
-1.180867,2,460.343595
-1.161733,2,460.365595
-0.017217,1,460.376595
-1.272014,2,460.402596
-2.415004,3,460.469595
-1.205523,2,460.501596
-1.263119,2,460.528596
-2.335875,3,460.569596
-2.488404,3,460.603595
-2.451054,3,460.637595
-1.285067,2,460.662595
-3.708488,4,460.722599
-3.634285,4,460.776106
-1.265923,2,460.800106
-1.223598,2,460.824106
-1.240018,2,460.847106
-2.5501,3,460.884592
-0.016297,1,460.903593
-1.201737,2,460.942593
-1.182155,2,460.978593
-2.39139,3,461.033593
-2.43004,3,461.072593
-0.040625,1,461.089592
-2.540674,3,461.122592
-2.396301,3,461.162591
-1.267483,2,461.196591
-3.840835,4,461.249592
-3.62512,4,461.295592
-0.049313,1,461.309591
-2.404464,3,461.343591
-2.472899,3,461.374594
-2.453088,3,461.406592
-2.393989,3,461.443591
-3.639162,4,461.485592
-3.672163,4,461.526592
-3.599976,4,461.569592
-3.621957,4,461.617594
-2.352314,3,461.648592
-0.048146,1,461.660592
-2.447456,3,461.690592
-1.26899,2,461.715592
-1.246164,2,461.737592
-2.344257,3,461.771592
-1.13339,2,461.791593
-2.575293,3,461.828592
-1.196092,2,461.849593
-2.418118,3,461.884102
-1.251483,2,461.904102
-3.601086,4,461.951355
-3.650244,4,461.996455
-1.216457,2,462.016457
-2.411162,3,462.049456
-2.479611,3,462.085455
-3.61303,4,462.128826
-2.497435,3,462.161827
-2.546292,3,462.193829
-2.431008,3,462.231826
-0.052135,1,462.242827
-3.597763,4,462.284826
-2.496079,3,462.318826
-2.320815,3,462.356827
-0.02792,1,462.367826
-2.469045,3,462.40183
-0.030997,1,462.414827
-3.752492,4,462.463825
-3.696743,4,462.504827
-2.354193,3,462.535826
-2.425903,3,462.567827
-3.812954,4,462.612826
-3.549043,4,462.655827
-1.236848,2,462.675826
-3.60262,4,462.717827
-2.34806,3,462.756826
-3.576874,4,462.798827
-2.457302,3,462.828826
-2.377175,3,462.860827
-1.27344,2,462.884827
-0.022454,1,462.896827
-2.433245,3,462.929826
-3.602654,4,462.979827
-1.17968,2,463.031344
-2.479295,3,463.079344
-2.343469,3,463.120343
-1.223266,2,463.145343
-3.616025,4,463.196343
-0.011513,1,463.206342
-0.042013,1,463.218343
-3.646981,4,463.260493
-1.161063,2,463.289493
-2.484086,3,463.326583
-3.704691,4,463.369584
-2.399529,3,463.402585
-2.439741,3,463.442585
-0.088816,1,463.453584
-2.35062,3,463.484583
-1.184124,2,463.506584
-3.64099,4,463.552584
-1.25069,2,463.572583
-3.719327,4,463.613584
-2.474651,3,463.645586
-2.418271,3,463.681585
-0.097376,1,463.692584
-3.582811,4,463.733705
-2.474299,3,463.765705
-3.577858,4,463.813034
-1.226612,2,463.833033
-1.249216,2,463.855033
-2.347987,3,463.887033
-2.358856,3,463.923033
-1.217425,2,463.945032
-3.848517,4,463.988032
-2.338923,3,464.019033
-3.608259,4,464.065032
-1.223475,2,464.089034
-1.211146,2,464.110033
-2.503886,3,464.141033
-2.361248,3,464.179042
-1.213312,2,464.202541
-3.677762,4,464.243541
-1.152536,2,464.267598
-2.339897,3,464.310726
-2.486875,3,464.342788
-2.423993,3,464.376788
-2.481381,3,464.408787
-0.096739,1,464.424023
-3.556564,4,464.467024
-1.150395,2,464.488023
-3.617603,4,464.532023
-0.090629,1,464.547024
-1.275943,2,464.570024
-1.234671,2,464.591023
-2.3713,3,464.626023
-3.621587,4,464.672024
-2.33507,3,464.705023
-3.784024,4,464.749025
-3.590995,4,464.790024
-0.064073,1,464.806024
-2.318652,3,464.838024
-3.703492,4,464.882024
-2.482688,3,464.915024
-2.37001,3,464.954024
-0.058866,1,464.965025
-1.23743,2,464.986025
-2.405328,3,465.019025
-2.465475,3,465.056024
-2.452951,3,465.090024
-1.26195,2,465.111024
-2.391876,3,465.143024
-1.155786,2,465.170023
-2.43694,3,465.203024
-2.418248,3,465.233024
-2.367827,3,465.264023
-1.271856,2,465.291025
-1.171989,2,465.314024
-0.05047,1,465.325028
-3.602072,4,465.367535
-0.079917,1,465.381534
-2.351128,3,465.415532
-1.18093,2,465.435532
-0.047255,1,465.446532
-3.616597,4,465.493634
-2.424156,3,465.526635
-0.089358,1,465.537635
-2.354733,3,465.568634
-3.682239,4,465.613636
-1.229636,2,465.635635
-3.631072,4,465.677634
-1.232056,2,465.698635
-3.594964,4,465.746635
-0.079649,1,465.756635
-2.415519,3,465.789635
-3.700939,4,465.83569
-2.419112,3,465.87169
-2.404977,3,465.903691
-1.255078,2,465.924891
-2.550691,3,465.956891
-3.599521,4,466.000892
-2.414079,3,466.032892
-3.680945,4,466.075891
-0.068867,1,466.085892
-1.157924,2,466.111891
-2.311054,3,466.144891
-2.400276,3,466.17789
-2.477079,3,466.20789
-2.491575,3,466.242891
-0.095011,1,466.253891
-0.08599,1,466.265891
-2.548546,3,466.298891
-0.094979,1,466.313892
-2.349364,3,466.347891
-2.454598,3,466.380891
-2.455535,3,466.410891
-2.379098,3,466.447891
-3.718295,4,466.4924
-3.913005,4,466.533398
-3.805959,4,466.577398
-1.208638,2,466.604399
-1.266047,2,466.6384
-1.184349,2,466.673399
-1.271198,2,466.703398
-1.219159,2,466.736399
-1.194458,2,466.759399
-0.063639,1,466.770399
-2.464257,3,466.802399
-2.346967,3,466.841397
-1.279318,2,466.861399
-2.368369,3,466.891399
-2.452683,3,466.924401
-1.257251,2,466.949399
-1.168923,2,466.9744
-1.144166,2,466.996398
-2.470748,3,467.028398
-1.236707,2,467.053398
-2.496319,3,467.083398
-1.208308,2,467.104399
-1.152322,2,467.125398
-3.762054,4,467.171398
-3.647889,4,467.210398
-0.084807,1,467.220399
-1.240639,2,467.240398
-2.476795,3,467.277398
-1.140274,2,467.298398
-0.097189,1,467.308398
-3.793543,4,467.350398
-2.360911,3,467.386399
-1.210077,2,467.405399
-3.830371,4,467.445398
-3.733501,4,467.4884
-1.223401,2,467.513398
-3.631269,4,467.556397
-2.446851,3,467.588398
-1.204176,2,467.607403
-2.54644,3,467.64391
-0.063127,1,467.653907
-2.427907,3,467.686907
-1.191739,2,467.711907
-2.341943,3,467.750909
-0.014746,1,467.763907
-2.4109,3,467.797052
-2.490855,3,467.831157
-3.747796,4,467.875157
-1.224157,2,467.897157
-2.542745,3,467.929158
-2.508949,3,467.958157
-2.593719,3,467.994157
-3.679753,4,468.037158
-1.231077,2,468.057158
-1.141981,2,468.078157
-2.374759,3,468.111158
-2.517976,3,468.143267
-3.754336,4,468.187266
-0.087496,1,468.197266
-2.476348,3,468.230265
-2.39524,3,468.263266
-3.643441,4,468.303266
-0.092781,1,468.314266
-2.512284,3,468.349266
-2.37603,3,468.380268
-0.086326,1,468.390265
-0.082667,1,468.400266
-3.59738,4,468.451265
-1.176921,2,468.473598
-1.137829,2,468.494716
-3.648669,4,468.535716
-2.470843,3,468.573803
-1.273216,2,468.594801
-1.142523,2,468.6148
-2.345074,3,468.645929
-1.163343,2,468.692929
-3.621368,4,468.757281
-3.61249,4,468.810788
-2.38292,3,468.840789
-2.366059,3,468.876885
-2.414048,3,468.908885
-3.766125,4,468.949982
-1.219607,2,468.972981
-2.376175,3,469.011982
-1.246948,2,469.033984
-2.385435,3,469.063982
-3.688185,4,469.106048
-2.308409,3,469.143048
-0.052779,1,469.154048
-2.452799,3,469.19605
-2.322983,3,469.249048
-1.282469,2,469.281049
-2.374347,3,469.320631
-2.362819,3,469.359634
-0.037667,1,469.371633
-2.415641,3,469.409631
-2.40269,3,469.439631
-2.441126,3,469.471631
-2.336926,3,469.50671
-3.64257,4,469.554707
-2.532407,3,469.587708
-2.410474,3,469.618706
-3.815034,4,469.659707
-2.519751,3,469.697707
-3.646932,4,469.737706
-0.021025,1,469.748706
-3.600532,4,469.789706
-1.274736,2,469.816706
-3.66999,4,469.857865
-0.049671,1,469.867868
-2.342512,3,469.899868
-3.711003,4,469.944838
-1.238655,2,469.964838
-1.187233,2,469.986929
-2.475475,3,470.019928
-1.244645,2,470.043928
-2.302415,3,470.073929
-3.676125,4,470.115928
-2.449503,3,470.147929
-1.261064,2,470.172929
-0.017653,1,470.183929
-2.540842,3,470.219183
-2.389031,3,470.281182
-2.435212,3,470.331182
-2.391728,3,470.366182
-2.380289,3,470.399694
-0.03365,1,470.411695
-2.378699,3,470.448694
-2.436835,3,470.479694
-1.269341,2,470.500808
-0.040956,1,470.513807
-2.557203,3,470.588807
-0.025467,1,470.598886
-0.036536,1,470.608884
-0.018118,1,470.619884
-2.509723,3,470.655885
-2.375192,3,470.686886
-2.503982,3,470.718885
-3.660588,4,470.759886
-0.057756,1,470.773885
-3.636855,4,470.815884
-3.567948,4,470.855121
-2.51192,3,470.885328
-0.098733,1,470.900329
-0.05485,1,470.911331
-3.717395,4,470.951329
-3.652068,4,470.993329
-2.398031,3,471.028333
-1.179229,2,471.049839
-2.484628,3,471.079839
-2.439202,3,471.112839
-2.446744,3,471.146838
-1.266121,2,471.165838
-0.017612,1,471.175838
-2.441361,3,471.206839
-1.224263,2,471.232839
-0.090547,1,471.242839
-3.668077,4,471.283839
-2.465138,3,471.313838
-2.511079,3,471.349839
-1.233486,2,471.370838
-3.840968,4,471.412839
-1.252329,2,471.432838
-0.086777,1,471.447839
-0.018246,1,471.458838
-2.505479,3,471.489838
-2.517951,3,471.519839
-2.378789,3,471.555839
-2.350942,3,471.587839
-3.607368,4,471.628839
-2.596602,3,471.660997
-3.646116,4,471.704996
-1.188224,2,471.725996
-3.661596,4,471.767997
-2.423955,3,471.798999
-3.829582,4,471.844996
-2.435959,3,471.875997
-2.416905,3,471.906996
-2.517583,3,471.936998
-3.586587,4,471.983057
-1.263511,2,472.003058
-2.428644,3,472.039058
-3.60576,4,472.079057
-2.405575,3,472.117059
-3.703483,4,472.156059
-0.086719,1,472.16706
-1.135468,2,472.189569
-1.199395,2,472.21569
-3.766729,4,472.25869
-2.473176,3,472.29069
-3.746708,4,472.333692
-2.440003,3,472.370692
-2.488933,3,472.40069
-2.350949,3,472.43369
-2.40105,3,472.46469
-3.766014,4,472.50969
-3.663144,4,472.551691
-0.070363,1,472.56269
-0.044053,1,472.572689
-2.509617,3,472.610691
-2.564598,3,472.641692
-2.358397,3,472.673691
-2.51691,3,472.704691
-3.703215,4,472.75369
-1.235847,2,472.77569
-1.215677,2,472.79569
-3.625384,4,472.83569
-2.345219,3,472.87169
-1.200962,2,472.891691
-0.053503,1,472.901691
-1.252575,2,472.922689
-2.347624,3,472.957691
-3.742086,4,472.99869
-1.296777,2,473.019689
-0.060746,1,473.03069
-3.559421,4,473.07569
-2.498092,3,473.107689
-0.028101,1,473.11869
-3.57068,4,473.158691
-2.489471,3,473.191689
-3.604665,4,473.231691
-3.655193,4,473.273692
-1.180122,2,473.297696
-2.342873,3,473.362206
-1.182862,2,473.393306
-1.144979,2,473.424306
-2.354663,3,473.460304
-2.508328,3,473.498461
-3.621542,4,473.542572
-0.070007,1,473.552572
-2.383194,3,473.583572
-3.88795,4,473.633573
-2.345455,3,473.668573
-3.56125,4,473.708572
-3.677371,4,473.753572
-0.047002,1,473.767572
-2.48883,3,473.798572
-2.446538,3,473.828572
-2.340855,3,473.859864
-2.386962,3,473.894864
-2.461253,3,473.926863
-2.49434,3,473.957864
-1.14914,2,473.979864
-3.710816,4,474.023864
-3.672812,4,474.063864
-0.085116,1,474.073864
-2.515469,3,474.107865
-1.256323,2,474.132865
-2.300233,3,474.162864
-2.428936,3,474.196864
-1.159813,2,474.217865
-1.1205,2,474.242866
-0.069614,1,474.252864
-2.45947,3,474.283863
-2.32855,3,474.315863
-1.277615,2,474.340863
-3.631842,4,474.382863
-1.251438,2,474.404866
-1.238067,2,474.426864
-2.41434,3,474.461867
-2.339982,3,474.494372
-2.474894,3,474.526372
-1.268245,2,474.549372
-2.541901,3,474.583372
-1.269721,2,474.605494
-0.099928,1,474.615492
-2.473963,3,474.648492
-0.076664,1,474.662493
-2.39872,3,474.694492
-1.14402,2,474.714492
-2.422779,3,474.745492
-0.096492,1,474.760492
-0.086168,1,474.770492
-2.536663,3,474.800493
-2.343913,3,474.831493
-3.65354,4,474.878494
-2.441139,3,474.907493
-3.691436,4,474.949493
-2.533897,3,474.979492
-1.150028,2,475.003493
-1.173054,2,475.024495
-2.380205,3,475.055495
-2.531849,3,475.085492
-0.047849,1,475.100493
-3.563513,4,475.142492
-2.481138,3,475.175493
-1.273603,2,475.196492
-1.29343,2,475.220493
-3.588083,4,475.260492
-3.568724,4,475.302492
-0.053264,1,475.313493
-0.079133,1,475.327492
-0.016361,1,475.339492
-3.650227,4,475.401494
-2.481552,3,475.472493
-3.578778,4,475.529493
-2.419195,3,475.564493
-1.258658,2,475.586492
-1.285001,2,475.609655
-1.263998,2,475.63642
-3.629807,4,475.682419
-1.155232,2,475.705581
-1.281936,2,475.730582
-2.465918,3,475.767979
-1.172776,2,475.787979
-2.489822,3,475.817979
-2.367627,3,475.849979
-3.565722,4,475.892978
-1.220771,2,475.913979
-1.201192,2,475.932979
-3.712637,4,475.976979
-2.429467,3,476.009979
-2.52749,3,476.041979
-1.152716,2,476.064979
-1.225469,2,476.083978
-2.470496,3,476.119979
-0.033238,1,476.129978
-0.081486,1,476.140979
-3.728419,4,476.182317
-2.527736,3,476.218318
-1.22451,2,476.239317
-2.43162,3,476.272318
-2.413165,3,476.304317
-0.066682,1,476.317317
-2.511162,3,476.349318
-2.408245,3,476.381317
-3.650425,4,476.423317
-2.378625,3,476.459318
-2.544641,3,476.490317
-3.716891,4,476.531317
-2.510446,3,476.563317
-3.688272,4,476.609318
-0.048451,1,476.620317
-1.274027,2,476.641317
-2.485634,3,476.671318
-3.561343,4,476.716317
-1.139435,2,476.737318
-2.511831,3,476.768317
-1.24419,2,476.788825
-2.493026,3,476.826824
-1.207157,2,476.846934
-2.399049,3,476.879934
-2.527639,3,476.91011
-2.424806,3,476.94711
-2.516424,3,476.97611
-0.09124,1,476.987111
-1.23129,2,477.009112
-2.431866,3,477.04411
-2.438955,3,477.074111
-0.070716,1,477.08511
-2.483168,3,477.115109
-3.614195,4,477.16111
-2.462996,3,477.193109
-2.565806,3,477.225111
-3.609938,4,477.26611
-3.541672,4,477.30811
-1.227962,2,477.324111
-3.607094,4,477.35511
-2.488483,3,477.387111
-2.402276,3,477.42311
-3.612556,4,477.482111
-2.329505,3,477.530111
-0.077233,1,477.547111
-2.37407,3,477.590111
-0.074328,1,477.60311
-0.078768,1,477.61411
-2.384993,3,477.64511
-3.594942,4,477.692111
-2.449181,3,477.725111
-2.40601,3,477.756111
-3.829791,4,477.801111
-3.67786,4,477.85111
-2.452697,3,477.88311
-2.505622,3,477.917114
-2.485973,3,477.950622
-2.432691,3,477.988166
-2.476976,3,478.021166
-2.480275,3,478.055346
-0.038283,1,478.066345
-2.407644,3,478.102345
-1.28156,2,478.123345
-1.171969,2,478.146345
-2.466475,3,478.177346
-0.025771,1,478.191346
-2.436134,3,478.223346
-0.022975,1,478.234346
-1.255625,2,478.256346
-2.377054,3,478.291345
-3.561788,4,478.332345
-2.452871,3,478.363345
-0.034675,1,478.374345
-1.260675,2,478.401346
-2.474919,3,478.434345
-2.479124,3,478.465345
-1.282573,2,478.508346
-2.405995,3,478.567143
-3.776065,4,478.62014
-2.461572,3,478.653141
-1.177842,2,478.680141
-2.392823,3,478.71814
-3.642234,4,478.762142
-2.413139,3,478.796141
-1.154758,2,478.827141
-3.605049,4,478.874403
-1.188352,2,478.894403
-2.364575,3,478.924403
-2.408987,3,478.958402
-1.288293,2,478.984402
-1.190009,2,479.004403
-1.165939,2,479.025403
-1.181474,2,479.053405
-0.083816,1,479.072912
-3.784575,4,479.118
-1.251472,2,479.141
-2.354518,3,479.182
-3.623152,4,479.227
-2.533665,3,479.258075
-2.428252,3,479.288075
-2.458423,3,479.318077
-0.037888,1,479.332076
-2.425161,3,479.365075
-3.682733,4,479.406076
-2.382268,3,479.437328
-2.525854,3,479.478327
-3.593376,4,479.522536
-2.564165,3,479.553535
-3.754786,4,479.595807
-1.165493,2,479.619807
-1.211529,2,479.640807
-2.505586,3,479.678942
-1.207556,2,479.699942
-2.536875,3,479.738942
-0.091048,1,479.750942
-2.501101,3,479.783942
-2.482277,3,479.817941
-2.572349,3,479.854942
-0.032095,1,479.865941
-3.771493,4,479.907942
-2.327846,3,479.939942
-2.566216,3,479.977941
-1.203588,2,479.999942
-1.279915,2,480.026941
-1.272714,2,480.067943
-3.559944,4,480.136136
-3.66316,4,480.183136
-1.194084,2,480.20614
-1.185518,2,480.229646
-3.610327,4,480.280733
-1.255854,2,480.310734
-2.446206,3,480.347735
-0.090254,1,480.359734
-2.362394,3,480.403734
-3.63823,4,480.451734
-1.210041,2,480.485734
-3.594299,4,480.533734
-2.472244,3,480.577733
-3.687142,4,480.61894
-2.447943,3,480.646939
-2.404723,3,480.678939
-3.630559,4,480.72494
-2.457333,3,480.75694
-2.365461,3,480.788939
-1.271526,2,480.807939
-1.145195,2,480.83294
-2.43259,3,480.863939
-1.14444,2,480.886939
-2.535184,3,480.91894
-1.159434,2,480.94394
-3.835193,4,480.991033
-2.381419,3,481.027032
-2.393959,3,481.060032
-2.355921,3,481.093032
-1.245541,2,481.116032
-0.056358,1,481.127033
-2.414009,3,481.157117
-3.565023,4,481.200175
-2.476123,3,481.233174
-2.54616,3,481.264174
-1.198256,2,481.285174
-2.50758,3,481.322178
-2.471868,3,481.359684
-2.407464,3,481.396684
-2.436546,3,481.430683
-1.190236,2,481.457683
-2.369071,3,481.489683
-0.075439,1,481.500684
-1.1338,2,481.519684
-1.252441,2,481.547683
-1.175032,2,481.568684
-0.010385,1,481.581683
-2.544981,3,481.617683
-2.343448,3,481.655684
-0.080524,1,481.666683
-2.378887,3,481.698683
-3.743139,4,481.739683
-2.434951,3,481.775683
-2.388096,3,481.805683
-2.411834,3,481.834682
-2.464572,3,481.863888
-2.389201,3,481.900889
-2.512813,3,481.930888
-0.0779,1,481.940888
-3.584539,4,481.984889
-1.180262,2,482.00889
-2.35212,3,482.039888
-3.542281,4,482.082888
-0.075675,1,482.09389
-2.441829,3,482.130888
-1.243732,2,482.150889
-2.497282,3,482.182889
-2.346893,3,482.214888
-2.425993,3,482.251888
-3.577946,4,482.292888
-3.751746,4,482.335888
-3.572695,4,482.374889
-0.010139,1,482.38889
-1.201081,2,482.415888
-3.672101,4,482.459891
-2.331057,3,482.503463
-1.247999,2,482.530462
-1.201986,2,482.551462
-0.086783,1,482.563463
-2.426451,3,482.593462
-2.416233,3,482.635543
-1.250037,2,482.67086
-1.172533,2,482.70486
-1.253785,2,482.732859
-2.437581,3,482.777858
-2.444782,3,482.812859
-1.267464,2,482.834858
-3.69576,4,482.880858
-2.306944,3,482.923858
-0.057023,1,482.939858
-1.256259,2,482.968949
-0.078714,1,482.97795
-2.410218,3,483.01795
-2.354842,3,483.047951
-0.087119,1,483.057951
-1.138085,2,483.080949
-1.258621,2,483.10995
-2.346649,3,483.140949
-0.0698,1,483.151949
-1.216328,2,483.172951
-2.424111,3,483.20795
-0.072335,1,483.21795
-3.562567,4,483.263085
-3.665607,4,483.305084
-1.24626,2,483.327085
-2.313719,3,483.358084
-2.351435,3,483.391085
-2.531855,3,483.424085
-2.474487,3,483.457086
-3.679522,4,483.498085
-2.448871,3,483.529084
-3.776078,4,483.578085
-1.241622,2,483.612595
-2.425647,3,483.647595
-2.538805,3,483.676594
-3.555824,4,483.724594
-2.35115,3,483.764596
-1.200556,2,483.785594
-2.44437,3,483.816594
-1.304139,2,483.835594
-2.570554,3,483.871593
-1.27263,2,483.892594
-3.762826,4,483.934594
-2.44793,3,483.966594
-1.269141,2,483.990593
-0.087521,1,484.000595
-3.626732,4,484.040594
-0.099412,1,484.051594
-3.611439,4,484.099594
-2.477846,3,484.131595
-2.550413,3,484.162595
-2.515192,3,484.196836
-2.397993,3,484.231838
-2.376712,3,484.261835
-3.576174,4,484.305836
-2.390523,3,484.336835
-1.213648,2,484.364836
-3.711102,4,484.407837
-2.454715,3,484.439837
-1.261211,2,484.460836
-2.367892,3,484.496836
-2.326865,3,484.528836
-2.398361,3,484.557836
-3.628987,4,484.599836
-2.438026,3,484.636836
-2.453199,3,484.667836
-0.08043,1,484.678837
-2.375306,3,484.709836
-1.236347,2,484.738344
-2.39653,3,484.771344
-2.385929,3,484.803344
-2.377219,3,484.836344
-2.520325,3,484.871344
-3.73579,4,484.911344
-0.083268,1,484.922345
-3.654826,4,484.965343
-2.518279,3,484.999343
-0.049076,1,485.010344
-2.466778,3,485.040343
-1.218053,2,485.061344
-2.498387,3,485.096344
-2.460688,3,485.126344
-0.044128,1,485.136343
-2.510207,3,485.169344
-2.585224,3,485.205344
-1.256218,2,485.226346
-1.158009,2,485.250344
-1.217532,2,485.296344
-2.490924,3,485.349345
-1.188321,2,485.375345
-2.328204,3,485.412344
-3.59896,4,485.456344
-1.226837,2,485.484426
-3.671565,4,485.526427
-2.461235,3,485.564426
-2.459106,3,485.602559
-2.388655,3,485.638559
-0.094062,1,485.649559
-2.446145,3,485.682559
-2.473074,3,485.715559
-1.157262,2,485.740558
-2.448326,3,485.771559
-1.227764,2,485.792558
-3.795287,4,485.838834
-1.288083,2,485.864342
-2.465927,3,485.898343
-2.471523,3,485.929343
-2.439892,3,485.961343
-3.712212,4,486.008344
-2.491138,3,486.039343
-2.526376,3,486.070345
-2.421822,3,486.101342
-2.34291,3,486.134342
-3.563948,4,486.177342
-3.677689,4,486.217342
-1.24053,2,486.239345
-2.376224,3,486.275343
-0.097471,1,486.285342
-3.755225,4,486.325343
-3.632031,4,486.365342
-0.086128,1,486.378342
-2.427131,3,486.408341
-0.099824,1,486.419343
-1.12899,2,486.439342
-2.384783,3,486.475342
-2.328647,3,486.506341
-3.626885,4,486.548342
-1.261209,2,486.569343
-1.208942,2,486.595343
-3.636535,4,486.635342
-3.607712,4,486.676342
-2.427784,3,486.709343
-1.208988,2,486.735343
-0.01137,1,486.746343
-2.423076,3,486.779343
-2.542537,3,486.813343
-1.266661,2,486.837342
-1.271553,2,486.858342
-1.142632,2,486.879489
-2.379462,3,486.911489
-1.1936,2,486.936489
-2.395148,3,486.96649
-2.448893,3,486.996492
-3.542257,4,487.040998
-2.34384,3,487.078001
-2.403248,3,487.109998
-2.455922,3,487.141997
-2.422319,3,487.171998
-2.32531,3,487.205998
-3.600874,4,487.247998
-2.480604,3,487.277999
-3.601787,4,487.319998
-2.387961,3,487.356
-2.365477,3,487.385998
-2.410967,3,487.416997
-1.250665,2,487.436997
-3.570107,4,487.483998
-1.214542,2,487.503998
-0.035236,1,487.514998
-1.24297,2,487.537001
-2.490032,3,487.571998
-2.456383,3,487.603998
-0.077117,1,487.613998
-1.170477,2,487.634999
-1.187955,2,487.659998
-3.765735,4,487.704998
-1.140212,2,487.725171
-1.240209,2,487.747171
-0.065338,1,487.762171
-0.023449,1,487.772171
-1.278055,2,487.795171
-3.572312,4,487.838171
-2.460748,3,487.875171
-2.467978,3,487.908171
-3.59794,4,487.949172
-2.506739,3,487.984171
-2.354207,3,488.022174
-2.45062,3,488.05617
-0.084906,1,488.066171
-1.166668,2,488.089171
-1.272254,2,488.117171
-2.474895,3,488.149683
-2.383864,3,488.180681
-2.517285,3,488.211681
-0.073332,1,488.225684
-1.279527,2,488.246682
-1.210495,2,488.267682
-1.13766,2,488.289682
-2.323561,3,488.326682
-2.340307,3,488.359028
-2.381586,3,488.390191
-2.447729,3,488.422191
-1.213005,2,488.449192
-2.390908,3,488.47919
-3.566442,4,488.519191
-2.431638,3,488.551191
-3.796851,4,488.594191
-2.449999,3,488.625192
-2.388967,3,488.656191
-2.323135,3,488.686192
-3.607035,4,488.73519
-2.432259,3,488.768191
-3.557481,4,488.808191
-2.440934,3,488.839193
-2.551724,3,488.878191
-0.079315,1,488.888192
-3.888107,4,488.928191
-3.636683,4,488.968192
-2.521337,3,489.004191
-2.388725,3,489.036191
-2.336477,3,489.067191
-1.137801,2,489.08819
-2.406432,3,489.123191
-1.218928,2,489.144192
-1.195079,2,489.16519
-0.085939,1,489.175192
-2.516962,3,489.208192
-0.08143,1,489.21919
-2.391754,3,489.250191
-3.547377,4,489.2947
-2.554532,3,489.3317
-1.285946,2,489.354701
-1.270483,2,489.385255
-1.221083,2,489.427255
-3.733904,4,489.498256
-2.529829,3,489.540255
-3.628588,4,489.585255
-0.01766,1,489.596255
-1.268117,2,489.620255
-3.643611,4,489.660255
-1.224465,2,489.682256
-2.561955,3,489.716256
-2.515342,3,489.755257
-2.466626,3,489.785254
-2.407066,3,489.817456
-2.358223,3,489.846456
-3.745746,4,489.893456
-3.634817,4,489.935456
-3.647331,4,489.977458
-2.562516,3,490.006457
-2.325446,3,490.040457
-2.393605,3,490.073456
-2.484111,3,490.104457
-2.327937,3,490.134456
-3.692327,4,490.181456
-0.046938,1,490.192456
-3.660647,4,490.235457
-3.663676,4,490.276457
-0.049953,1,490.292456
-2.437304,3,490.324456
-2.371244,3,490.354456
-2.333188,3,490.385457
-2.510222,3,490.42146
-2.432834,3,490.453964
-1.241798,2,490.474964
-1.180572,2,490.493965
-2.474897,3,490.530964
-2.373167,3,490.561964
-2.385293,3,490.591964
-3.625592,4,490.632965
-1.221879,2,490.655964
-1.265381,2,490.676965
-2.428205,3,490.708271
-1.269072,2,490.72727
-3.587573,4,490.77127
-0.049537,1,490.78227
-2.559802,3,490.813269
-2.366305,3,490.84427
-1.210088,2,490.868269
-1.193465,2,490.88927
-3.794186,4,490.954271
-1.171315,2,490.984272
-2.379613,3,491.034271
-2.51193,3,491.069271
-3.562721,4,491.11627
-2.407626,3,491.148269
-1.145155,2,491.17227
-0.075103,1,491.18627
-2.324889,3,491.218271
-1.176712,2,491.24127
-2.471363,3,491.28327
-3.706532,4,491.327271
-1.145753,2,491.35027
-0.044115,1,491.36127
-1.195577,2,491.387269
-2.387364,3,491.41927
-2.487769,3,491.451271
-2.370347,3,491.482582
-1.178141,2,491.509582
-0.098271,1,491.520582
-1.20214,2,491.539689
-1.253098,2,491.560692
-3.636407,4,491.607199
-2.370695,3,491.640199
-3.598331,4,491.682199
-2.46677,3,491.713199
-1.241055,2,491.7392
-2.45411,3,491.771319
-2.461629,3,491.802318
-2.508581,3,491.832319
-3.766051,4,491.878318
-2.394144,3,491.908319
-1.181041,2,491.931318
-1.155109,2,491.954319
-1.272916,2,491.976319
-2.327841,3,492.007318
-1.25805,2,492.027318
-0.091371,1,492.038317
-2.342552,3,492.076318
-2.420917,3,492.107319
-2.456577,3,492.138318
-2.412842,3,492.169318
-2.486439,3,492.20432
-0.077449,1,492.215319
-3.699455,4,492.257318
-0.081004,1,492.268318
-3.548104,4,492.315318
-2.467907,3,492.34532
-2.497816,3,492.37632
-2.475964,3,492.407319
-3.749687,4,492.451319
-2.43292,3,492.48132
-2.414925,3,492.514319
-1.259634,2,492.534318
-2.444211,3,492.570319
-0.089835,1,492.580317
-2.358936,3,492.612318
-2.329086,3,492.644407
-1.165453,2,492.667408
-2.540428,3,492.698407
-1.175174,2,492.720917
-3.777239,4,492.758916
-2.426416,3,492.791975
-3.738826,4,492.835974
-1.200881,2,492.853976
-1.205403,2,492.869975
-2.525306,3,492.904974
-1.231746,2,492.925974
-1.185,2,492.947976
-3.738501,4,492.989111
-2.461702,3,493.02511
-2.462329,3,493.058111
-0.096255,1,493.068109
-2.398701,3,493.100109
-1.19053,2,493.124109
-0.092342,1,493.135109
-1.228737,2,493.157109
-2.438381,3,493.187233
-3.75971,4,493.233481
-1.202237,2,493.25348
-0.005809,1,493.26548
-3.699728,4,493.30648
-2.323086,3,493.34478
-0.007671,1,493.35478
-2.613503,3,493.386781
-1.148138,2,493.407781
-0.012965,1,493.42178
-2.340047,3,493.452781
-2.361131,3,493.48578
-3.598551,4,493.532782
-2.494485,3,493.596781
-2.389812,3,493.638781
-1.186935,2,493.664781
-0.093167,1,493.674781
-1.144451,2,493.701783
-3.716325,4,493.748781
-2.53206,3,493.786783
-0.083406,1,493.797783
-1.136895,2,493.826782
-3.593629,4,493.875292
-2.461513,3,493.909292
-3.586993,4,493.953293
-3.626837,4,493.998292
-1.297271,2,494.019293
-2.434614,3,494.054607
-3.666115,4,494.098608
-1.253864,2,494.123607
-1.219603,2,494.147608
-1.135709,2,494.168607
-2.458086,3,494.201609
-2.441826,3,494.237607
-2.418733,3,494.271607
-1.253507,2,494.293609
-0.093104,1,494.303608
-0.092793,1,494.317608
-2.389698,3,494.349607
-2.419447,3,494.382608
-2.407671,3,494.41561
-1.259267,2,494.440607
-1.245571,2,494.462607
-1.267783,2,494.483609
-3.68361,4,494.524607
-2.56424,3,494.562608
-2.379923,3,494.592607
-1.249708,2,494.612608
-3.779804,4,494.654607
-0.085702,1,494.668607
-1.183252,2,494.690607
-2.3863,3,494.721608
-2.508777,3,494.753608
-3.655307,4,494.797608
-2.352217,3,494.828607
-3.783887,4,494.866607
-3.640401,4,494.907608
-3.79968,4,494.952608
-2.491281,3,494.984608
-1.139893,2,495.00561
-2.348896,3,495.039115
-2.389348,3,495.098463
-2.363801,3,495.155463
-2.448182,3,495.198115
-2.442901,3,495.232114
-3.565385,4,495.280114
-1.228761,2,495.301115
-2.463943,3,495.331114
-1.175661,2,495.353116
-2.466582,3,495.391114
-2.490211,3,495.423774
-3.809028,4,495.466774
-1.22971,2,495.489774
-3.616184,4,495.533774
-2.400687,3,495.563775
-2.381016,3,495.619775
-3.607965,4,495.685775
-3.749535,4,495.738774
-2.494853,3,495.772774
-1.257302,2,495.796774
-3.573816,4,495.844774
-1.254049,2,495.875774
-1.191175,2,495.900774
-2.528027,3,495.933774
-3.6051,4,495.982774
-1.182932,2,496.009774
-2.458485,3,496.041773
-3.917542,4,496.084774
-1.242625,2,496.105773
-2.36439,3,496.143774
-2.462246,3,496.184286
-1.255529,2,496.205285
-2.345468,3,496.238286
-2.486332,3,496.272285
-2.323779,3,496.302286
-0.066672,1,496.313286
-2.46868,3,496.346286
-3.643312,4,496.391424
-2.429252,3,496.423496
-2.441495,3,496.453495
-2.469238,3,496.484632
-2.380955,3,496.520633
-2.378665,3,496.550971
-1.204164,2,496.573971
-0.040231,1,496.585972
-0.043958,1,496.599971
-2.557605,3,496.630971
-1.150879,2,496.650972
-1.211978,2,496.672972
-0.027391,1,496.686971
-3.629835,4,496.727972
-1.237624,2,496.748971
-2.468223,3,496.780973
-1.215443,2,496.806972
-0.018972,1,496.816971
-2.44873,3,496.847971
-3.589158,4,496.890972
-2.387589,3,496.924972
-1.196093,2,496.944971
-3.70087,4,496.984972
-2.568726,3,497.017972
-3.793336,4,497.061971
-3.746314,4,497.102972
-1.132091,2,497.124972
-2.563982,3,497.173972
-3.629852,4,497.243972
-3.744953,4,497.293971
-1.174144,2,497.314973
-2.448795,3,497.349974
-1.21283,2,497.375479
-1.233999,2,497.397614
-3.733637,4,497.446613
-2.52007,3,497.481613
-3.588542,4,497.527612
-1.266604,2,497.549613
-2.483055,3,497.578613
-2.395995,3,497.609614
-0.07442,1,497.622613
-2.473202,3,497.654819
-3.685689,4,497.695204
-3.674314,4,497.737204
-0.074674,1,497.752205
-3.69493,4,497.794205
-3.7561,4,497.837204
-2.354459,3,497.868204
-1.246438,2,497.894204
-2.457084,3,497.926203
-2.494162,3,497.957204
-1.144572,2,497.976204
-1.223127,2,498.003205
-2.487942,3,498.033207
-1.236516,2,498.054204
-1.219379,2,498.076204
-2.549397,3,498.114205
-2.455492,3,498.147204
-2.462146,3,498.180204
-2.48684,3,498.213204
-2.423031,3,498.249204
-3.534926,4,498.288204
-3.566013,4,498.332205
-2.366549,3,498.363204
-2.508087,3,498.399205
-2.33639,3,498.437205
-1.283217,2,498.458205
-2.387403,3,498.487205
-3.636333,4,498.534204
-3.574152,4,498.574714
-1.287011,2,498.595715
-2.33867,3,498.625903
-0.03445,1,498.642904
-2.38181,3,498.672903
-1.191445,2,498.694197
-1.271609,2,498.716197
-0.076663,1,498.730196
-2.497259,3,498.763196
-2.444104,3,498.794197
-2.456257,3,498.824195
-2.322887,3,498.861196
-2.382,3,498.892196
-1.175945,2,498.914197
-3.534281,4,498.954196
-2.351049,3,498.992197
-3.57214,4,499.031196
-1.162712,2,499.052197
-1.252439,2,499.072196
-1.257846,2,499.099196
-2.536955,3,499.128197
-2.429217,3,499.158197
-2.473397,3,499.189196
-3.700705,4,499.236197
-1.293012,2,499.257196
-2.609785,3,499.289195
-2.404729,3,499.320196
-2.373466,3,499.354196
-3.62734,4,499.394197
-1.207617,2,499.416196
-0.086455,1,499.426196
-2.404946,3,499.460197
-2.577122,3,499.491196
-0.069214,1,499.502197
-2.489927,3,499.534197
-2.453748,3,499.569197
-0.096489,1,499.579196
-2.415061,3,499.612197
-1.161789,2,499.635198
-1.247704,2,499.659197
-2.377065,3,499.688196
-2.512357,3,499.723706
-2.428232,3,499.757705
-2.430618,3,499.791705
-0.053649,1,499.802707
-2.351366,3,499.833705
-3.536021,4,499.875705
-3.695499,4,499.921105
-1.133427,2,499.942106
-2.538532,3,499.974104
-2.55089,3,500.011104
-1.150318,2,500.036105
-3.8108,4,500.078105
-1.276388,2,500.098105
-1.167719,2,500.118104
-2.525642,3,500.154104
-0.078712,1,500.164104
-2.48814,3,500.196105
-2.437807,3,500.227105
-2.42426,3,500.262332
-2.406699,3,500.294331
-2.530262,3,500.323334
-0.097963,1,500.334331
-3.6813,4,500.376332
-0.062265,1,500.387331
-0.018259,1,500.40033
-2.363254,3,500.43233
-0.089011,1,500.446331
-1.243831,2,500.46733
-1.14046,2,500.48833
-1.151839,2,500.51133
-3.635437,4,500.556331
-1.141575,2,500.578331
-1.18047,2,500.600332
-2.499002,3,500.633331
-1.223888,2,500.657332
-2.42709,3,500.68833
-1.289601,2,500.709331
-2.370842,3,500.739331
-2.463994,3,500.793332
-3.732591,4,500.862844
-2.436145,3,500.902844
-2.530193,3,500.935846
-2.442209,3,500.975844
-2.493063,3,501.013951
-2.418986,3,501.045058
-0.091662,1,501.057057
-0.078837,1,501.075057
-1.233245,2,501.101057
-1.144606,2,501.125058
-0.01292,1,501.136057
-3.721976,4,501.182057
-2.383975,3,501.215058
-3.657724,4,501.256186
-2.378477,3,501.314185
-2.463227,3,501.370185
-0.039738,1,501.383186
-3.674338,4,501.437461
-1.227977,2,501.469459
-2.329469,3,501.506459
-3.670054,4,501.547459
-3.714398,4,501.591461
-2.375579,3,501.628459
-3.600036,4,501.673459
-2.519569,3,501.704459
-2.493697,3,501.740462
-3.595665,4,501.779459
-0.017875,1,501.79346
-2.37455,3,501.824459
-1.125238,2,501.84746
-1.164138,2,501.86846
-3.642694,4,501.91346
-1.274591,2,501.93746
-1.25324,2,501.958462
-1.135406,2,501.978463
-1.244276,2,502.004967
-1.206596,2,502.026967
-3.632879,4,502.077092
-0.017344,1,502.088091
-1.180227,2,502.117091
-3.755976,4,502.162091
-1.282177,2,502.184092
-2.383625,3,502.221092
-0.064647,1,502.236091
-2.36974,3,502.271091
-2.370953,3,502.309091
-3.752417,4,502.351091
-1.236262,2,502.379092
-1.178246,2,502.402092
-0.069286,1,502.411091
-2.473328,3,502.442091
-2.433912,3,502.477443
-1.175775,2,502.500713
-3.619399,4,502.542712
-1.150956,2,502.56184
-3.714309,4,502.61184
-0.025332,1,502.62284
-2.445729,3,502.652841
-2.370683,3,502.68384
-1.266566,2,502.709839
-2.43501,3,502.740041
-2.547103,3,502.770041
-2.432076,3,502.80104
-0.087693,1,502.818041
-2.505826,3,502.85104
-3.736748,4,502.895131
-2.412015,3,502.931131
-1.243316,2,502.956131
-3.672175,4,502.998131
-1.134001,2,503.01913
-3.784274,4,503.059258
-2.472097,3,503.097259
-3.777143,4,503.141765
-2.499151,3,503.172765
-3.681248,4,503.212765
-3.62885,4,503.265772
-3.621068,4,503.306764
-1.242801,2,503.327767
-0.044607,1,503.337764
-1.180875,2,503.365765
-2.523905,3,503.395766
-2.376101,3,503.426765
-1.229184,2,503.447765
-0.034752,1,503.46185
-3.626136,4,503.504851
-3.599438,4,503.546964
-2.474839,3,503.577057
-1.215982,2,503.602057
-1.284738,2,503.623057
-0.065099,1,503.634057
-2.364574,3,503.666057
-2.334887,3,503.705057
-2.354091,3,503.735057
-1.275513,2,503.755178
-2.499941,3,503.786177
-3.596462,4,503.835178
-3.664292,4,503.877179
-2.486536,3,503.908177
-2.444396,3,503.939177
-3.629248,4,503.984178
-2.551642,3,504.015178
-2.554522,3,504.046179
-1.300527,2,504.067178
-3.692804,4,504.112176
-3.767229,4,504.155177
-2.386588,3,504.186178
-3.756674,4,504.228178
-3.602718,4,504.279686
-1.267036,2,504.302687
-2.427896,3,504.334686
-0.084513,1,504.343687
-3.786219,4,504.388826
-0.050408,1,504.399827
-0.024306,1,504.410827
-2.474856,3,504.440829
-3.711996,4,504.484827
-2.505197,3,504.515827
-2.54456,3,504.547827
-3.672474,4,504.587827
-2.458804,3,504.624827
-2.426904,3,504.654826
-1.239664,2,504.675827
-3.650727,4,504.716827
-2.539352,3,504.752827
-2.375334,3,504.781826
-2.552735,3,504.813827
-2.397742,3,504.844826
-3.757849,4,504.890901
-2.363934,3,504.922902
-3.776718,4,504.9689
-1.178022,2,504.989902
-1.232335,2,505.018043
-3.69475,4,505.059044
-2.341492,3,505.090044
-2.481415,3,505.122044
-2.368551,3,505.157185
-3.636279,4,505.200184
-3.537653,4,505.241185
-2.565159,3,505.269186
-1.261078,2,505.29325
-3.669712,4,505.335497
-0.09914,1,505.347499
-3.567576,4,505.409706
-3.57265,4,505.479345
-2.339674,3,505.517343
-1.249994,2,505.542345
-2.464928,3,505.580343
-0.029278,1,505.595412
-2.515752,3,505.625412
-3.660872,4,505.671564
-1.137107,2,505.696562
-2.393201,3,505.735562
-3.773187,4,505.777562
-0.087228,1,505.789562
-1.209276,2,505.811562
-2.371116,3,505.846563
-1.210254,2,505.868562
-2.467134,3,505.905562
-1.260783,2,505.927561
-2.31589,3,505.960561
-1.230445,2,505.981561
-1.228849,2,506.004561
-1.271964,2,506.025562
-0.075112,1,506.039561
-1.132425,2,506.063564
-3.713113,4,506.102562
-1.218931,2,506.124728
-2.376028,3,506.159729
-3.609131,4,506.200728
-3.63266,4,506.243728
-0.082553,1,506.251729
-1.204053,2,506.275728
-0.071759,1,506.286729
-3.618344,4,506.32873
-1.161315,2,506.349728
-2.550019,3,506.384729
-1.172265,2,506.403729
-3.67763,4,506.444728
-2.366758,3,506.473729
-3.749186,4,506.516728
-3.599448,4,506.561729
-0.033361,1,506.572732
-0.075305,1,506.582732
-3.649304,4,506.63224
-1.240072,2,506.652239
-2.472548,3,506.683239
-2.316772,3,506.71524
-2.52744,3,506.753362
-3.729877,4,506.79436
-2.32887,3,506.825538
-2.352899,3,506.856537
-1.228453,2,506.881537
-2.459463,3,506.914537
-2.436798,3,506.946538
-2.449703,3,506.976856
-2.409205,3,507.013856
-1.228867,2,507.034857
-0.09956,1,507.045857
-2.465315,3,507.077857
-3.716714,4,507.125856
-2.461853,3,507.156857
-0.032775,1,507.166856
-2.407553,3,507.196857
-2.512866,3,507.230856
-3.749731,4,507.271857
-2.387522,3,507.300856
-2.324981,3,507.332856
-1.196662,2,507.357856
-0.098624,1,507.368856
-2.349345,3,507.398858
-2.453936,3,507.429856
-3.759777,4,507.475857
-0.097956,1,507.485856
-0.068149,1,507.496858
-2.399906,3,507.527857
-3.631503,4,507.572858
-1.179529,2,507.594857
-1.283258,2,507.615857
-2.488963,3,507.648857
-1.137695,2,507.672857
-3.564651,4,507.714857
-1.219258,2,507.734857
-2.332535,3,507.768372
-1.22261,2,507.792367
-3.695567,4,507.832366
-2.416221,3,507.864366
-0.093098,1,507.876365
-2.341392,3,507.911366
-2.47049,3,507.944442
-2.45179,3,508.000443
-3.585449,4,508.067443
-2.451946,3,508.109443
-0.084256,1,508.120442
-2.385754,3,508.151443
-2.492377,3,508.185579
-3.772598,4,508.236673
-2.542409,3,508.271674
-2.506438,3,508.308672
-3.685833,4,508.353672
-2.521243,3,508.387672
-2.342801,3,508.419672
-2.414845,3,508.452672
-2.407694,3,508.485672
-1.131431,2,508.509673
-2.385701,3,508.542673
-0.058996,1,508.551672
-0.074335,1,508.561672
-2.475641,3,508.596672
-2.495451,3,508.627673
-2.467981,3,508.660673
-2.555264,3,508.690673
-3.588812,4,508.736672
-2.535785,3,508.768671
-2.510615,3,508.799673
-3.757875,4,508.840674
-3.91304,4,508.88678
-2.495406,3,508.918291
-1.254354,2,508.940288
-3.589359,4,508.98229
-3.836768,4,509.030289
-1.281755,2,509.051288
-0.092475,1,509.06229
-1.15907,2,509.082289
-3.558018,4,509.12729
-1.285255,2,509.148292
-2.507928,3,509.180403
-0.046135,1,509.190403
-3.703286,4,509.235404
-2.514614,3,509.266403
-1.155613,2,509.285403
-2.463179,3,509.319403
-2.382441,3,509.354403
-1.253698,2,509.374403
-3.822388,4,509.417403
-2.50077,3,509.450403
-0.022539,1,509.464403
-2.311048,3,509.495403
-2.462531,3,509.527509
-2.436019,3,509.558508
-2.441507,3,509.59351
-1.163969,2,509.614509
-1.231297,2,509.634511
-3.546334,4,509.676508
-2.421306,3,509.71151
-2.491249,3,509.741508
-2.411427,3,509.772509
-3.694441,4,509.815629
-2.339087,3,509.849937
-2.495012,3,509.881937
-3.60244,4,509.923937
-3.746741,4,509.96515
-1.155814,2,509.99115
-2.544587,3,510.02315
-1.199763,2,510.045154
-1.251775,2,510.070662
-2.375964,3,510.107662
-2.516861,3,510.142663
-2.463475,3,510.176662
-2.318696,3,510.211662
-1.253423,2,510.237662
-1.198918,2,510.258787
-2.535679,3,510.291789
-2.470923,3,510.32401
-0.024433,1,510.34201
-2.346281,3,510.38001
-0.086012,1,510.391011
-1.272064,2,510.41401
-3.643948,4,510.46201
-3.7259,4,510.503019
-2.339916,3,510.53401
-2.438978,3,510.569011
-0.09811,1,510.583011
-1.253794,2,510.605009
-3.688625,4,510.764009
-2.462404,3,510.795009
-2.515352,3,510.830009
-2.446176,3,510.863009
-1.230943,2,510.88201
-1.242625,2,510.902009
-1.219897,2,510.926209
-2.440474,3,510.959209
-1.241757,2,510.980209
-2.455961,3,511.01021
-3.611085,4,511.05421
-2.431019,3,511.08721
-2.3487,3,511.120209
-0.07656,1,511.131209
-2.439357,3,511.167209
-3.548752,4,511.212717
-2.434209,3,511.242717
-1.229117,2,511.263716
-2.427559,3,511.298716
-0.073764,1,511.308716
-2.357129,3,511.338716
-1.207219,2,511.359716
-1.145114,2,511.384717
-2.581431,3,511.415716
-1.283446,2,511.436717
-3.950749,4,511.478799
-3.61012,4,511.5258
-1.147561,2,511.546798
-2.369955,3,511.578799
-0.024737,1,511.589798
-3.602117,4,511.635799
-3.5758,4,511.67905
-2.473795,3,511.709049
-0.054149,1,511.721049
-1.169554,2,511.745049
-1.253242,2,511.766051
-2.460591,3,511.79805
-1.277166,2,511.818049
-3.577233,4,511.864049
-1.27016,2,511.883048
-2.561565,3,511.916049
-1.252059,2,511.937048
-1.190687,2,511.962048
-3.741447,4,512.002048
-2.376458,3,512.032048
-3.586089,4,512.074049
-2.491661,3,512.110049
-0.056973,1,512.120048
-1.175213,2,512.142049
-2.525041,3,512.173049
-0.071184,1,512.188049
-2.448652,3,512.220048
-3.707634,4,512.261049
-3.58268,4,512.303049
-2.502448,3,512.337051
-3.655749,4,512.381666
-2.378536,3,512.414666
-2.46255,3,512.445729
-1.243619,2,512.470791
-2.439118,3,512.502791
-0.059869,1,512.513791
-2.554499,3,512.543792
-2.598406,3,512.578792
-1.172962,2,512.600792
-2.397995,3,512.631792
-3.793262,4,512.671791
-3.665872,4,512.718792
-3.633683,4,512.759792
-0.096048,1,512.769791
-2.45833,3,512.799792
-0.036117,1,512.813793
-0.075366,1,512.825791
-3.671067,4,512.868792
-2.490701,3,512.900791
-2.400723,3,512.936873
-3.672638,4,512.980874
-1.146759,2,513.003874
-1.229998,2,513.024874
-1.253159,2,513.049874
-3.568174,4,513.090874
-3.541695,4,513.130874
-2.372914,3,513.161875
-0.029088,1,513.177874
-3.6427,4,513.253495
-2.424144,3,513.304494
-0.099454,1,513.317494
-2.414764,3,513.355493
-2.442786,3,513.390493
-3.61651,4,513.432493
-1.278891,2,513.453495
-2.398504,3,513.492001
-2.351958,3,513.526002
-2.46535,3,513.561001
-1.242914,2,513.583003
-3.606948,4,513.631002
-2.48573,3,513.663002
-1.194557,2,513.690091
-1.192467,2,513.73709
-1.185669,2,513.790091
-2.420631,3,513.833089
-3.58591,4,513.88009
-1.264437,2,513.902091
-1.236165,2,513.92809
-3.636807,4,513.97309
-1.183801,2,513.99909
-3.725129,4,514.046429
-2.464935,3,514.082428
-2.553886,3,514.114429
-2.41111,3,514.145429
-2.439024,3,514.177428
-0.077813,1,514.19143
-2.532227,3,514.221429
-2.448511,3,514.253429
-2.483832,3,514.285673
-3.542392,4,514.330672
-3.574726,4,514.373673
-1.275489,2,514.394672
-3.668926,4,514.437672
-2.365415,3,514.471673
-3.72416,4,514.513673
-2.569239,3,514.543802
-2.438335,3,514.572802
-1.162627,2,514.597801
-2.5586,3,514.629801
-3.618023,4,514.671309
-0.078902,1,514.682311
-1.180873,2,514.709309
-1.253683,2,514.750592
-3.627772,4,514.815592
-1.235412,2,514.844592
-2.36865,3,514.88159
-2.544623,3,514.915591
-1.215605,2,514.937592
-2.391025,3,514.967591
-1.257062,2,514.994592
-2.452419,3,515.032592
-3.599185,4,515.078591
-2.5306,3,515.109591
-2.325355,3,515.14559
-3.620922,4,515.186592
-1.276785,2,515.206592
-3.667284,4,515.249591
-0.057563,1,515.263592
-1.245648,2,515.283591
-1.263298,2,515.304592
-0.063522,1,515.314591
-1.309416,2,515.338591
-2.49549,3,515.371591
-2.545919,3,515.403593
-1.264148,2,515.423592
-1.161513,2,515.447592
-1.179232,2,515.469591
-2.410403,3,515.500591
-1.212314,2,515.520591
-1.22681,2,515.546591
-2.502909,3,515.579592
-3.61966,4,515.62059
-1.216708,2,515.641593
-0.074121,1,515.655591
-0.087778,1,515.665592
-1.269647,2,515.687591
-0.028041,1,515.699591
-2.360715,3,515.733592
-2.488476,3,515.763591
-1.245895,2,515.784591
-2.417584,3,515.816594
-2.512374,3,515.8521
-0.037266,1,515.863214
-2.431867,3,515.893213
-2.351448,3,515.927216
-3.584089,4,515.971213
-2.444538,3,516.000214
-3.610926,4,516.041213
-1.236467,2,516.062213
-0.011603,1,516.077216
-2.381279,3,516.110384
-2.418459,3,516.147381
-2.485912,3,516.177381
-1.268024,2,516.202382
-2.404493,3,516.233646
-2.434417,3,516.264646
-0.022266,1,516.276645
-2.425692,3,516.310646
-2.43998,3,516.340645
-3.641111,4,516.382646
-2.403748,3,516.412646
-3.56156,4,516.457645
-1.248569,2,516.477645
-2.374623,3,516.510646
-2.442779,3,516.541646
-2.459229,3,516.577646
-1.14737,2,516.596645
-2.425005,3,516.627645
-3.657566,4,516.667645
-1.256759,2,516.693647
-1.247108,2,516.715646
-2.474961,3,516.747646
-1.150878,2,516.767646
-1.250682,2,516.795647
-2.477894,3,516.847647
-1.138791,2,516.883647
-1.248438,2,516.912647
-2.377456,3,516.953645
-2.478081,3,516.986365
-2.481888,3,517.020364
-2.322389,3,517.052365
-1.226174,2,517.077365
-1.267913,2,517.099365
-2.483369,3,517.136366
-2.508007,3,517.169543
-0.084897,1,517.184543
-3.577103,4,517.228543
-3.682588,4,517.268543
-2.423786,3,517.297543
-2.404049,3,517.335544
-3.571007,4,517.376815
-2.429986,3,517.407814
-3.702982,4,517.451815
-1.177012,2,517.476814
-0.066653,1,517.486815
-0.062698,1,517.497818
-1.251723,2,517.518814
-3.57818,4,517.563814
-1.242432,2,517.583815
-1.147577,2,517.603815
-2.412962,3,517.633815
-0.029434,1,517.648816
-3.641856,4,517.691815
-2.54318,3,517.722816
-2.413971,3,517.752815
-2.457928,3,517.787816
-3.790973,4,517.830815
-2.408183,3,517.916816
-1.170842,2,517.946816
-2.532938,3,517.992815
-2.429674,3,518.029815
-2.3168,3,518.062814
-1.260351,2,518.084816
-3.654001,4,518.135327
-2.504309,3,518.173328
-2.446942,3,518.210327
-0.073383,1,518.223327
-1.261655,2,518.249327
-2.502123,3,518.282393
-0.019707,1,518.294394
-2.482298,3,518.325393
-1.194246,2,518.355394
-2.552147,3,518.390393
-2.477669,3,518.424394
-2.337646,3,518.462551
-1.165161,2,518.490553
-2.46729,3,518.523552
-2.442358,3,518.555551
-2.496272,3,518.585552
-2.489044,3,518.620551
-3.688487,4,518.663552
-2.382401,3,518.693553
-2.304105,3,518.725551
-2.414299,3,518.758552
-2.319426,3,518.790551
-2.473049,3,518.821552
-2.381675,3,518.851553
-0.094219,1,518.863551
-1.184953,2,518.884552
-0.072153,1,518.896551
-2.448614,3,518.927693
-0.023859,1,518.941693
-3.606229,4,518.985695
-2.359406,3,519.016693
-2.488178,3,519.047981
-3.732756,4,519.092982
-3.722537,4,519.133981
-1.263367,2,519.153981
-2.465769,3,519.183982
-2.608212,3,519.219981
-1.206229,2,519.239985
-1.205475,2,519.26249
-0.061812,1,519.273491
-2.363311,3,519.30949
-1.272608,2,519.330491
-1.1466,2,519.35149
-2.448969,3,519.383491
-2.4072,3,519.419491
-3.697705,4,519.459578
-1.168151,2,519.480712
-2.512992,3,519.511712
-2.395561,3,519.548035
-3.78074,4,519.587034
-2.419299,3,519.618034
-2.569172,3,519.649034
-2.501634,3,519.684033
-3.608719,4,519.723034
-2.55142,3,519.755034
-2.448026,3,519.786034
-1.261941,2,519.811034
-1.191142,2,519.832035
-2.558039,3,519.865035
-2.462248,3,519.897035
-2.348541,3,519.932034
-2.439815,3,519.963033
-0.019285,1,519.975034
-3.739712,4,520.017034
-0.026238,1,520.030034
-1.146637,2,520.052033
-0.055462,1,520.062034
-2.34308,3,520.095033
-0.071356,1,520.109033
-1.238524,2,520.130034
-1.249256,2,520.151033
-2.480997,3,520.179033
-3.669402,4,520.226033
-2.405249,3,520.256033
-2.431492,3,520.286034
-1.169818,2,520.308033
-3.691212,4,520.354034
-1.269965,2,520.375034
-1.262794,2,520.394542
-2.57041,3,520.427542
-1.216864,2,520.451543
-3.722812,4,520.492542
-0.07212,1,520.503542
-0.043456,1,520.514542
-1.22878,2,520.539542
-3.794962,4,520.580543
-3.569483,4,520.623865
-2.349317,3,520.653867
-1.230248,2,520.677865
-2.467115,3,520.707864
-2.385857,3,520.739864
-2.446949,3,520.770867
-2.369485,3,520.804061
-2.461161,3,520.834061
-3.637861,4,520.876061
-2.54811,3,520.907062
-0.026633,1,520.921062
-0.013248,1,520.931063
-2.469295,3,520.963061
-2.461678,3,520.994061
-2.423615,3,521.028062
-2.335299,3,521.059062
-3.791873,4,521.101061
-2.5282,3,521.132061
-3.827894,4,521.182062
-0.04639,1,521.195063
-1.260722,2,521.215061
-2.427072,3,521.246061
-2.586656,3,521.283061
-3.61607,4,521.324062
-3.648037,4,521.364062
-0.073357,1,521.374061
-1.155659,2,521.401062
-2.401849,3,521.433062
-3.75822,4,521.501063
-2.551166,3,521.552577
-2.454276,3,521.593578
-1.227853,2,521.617577
-2.499478,3,521.652577
-2.393234,3,521.684576
-1.156356,2,521.709577
-0.019719,1,521.721578
-0.096475,1,521.731576
-1.235102,2,521.752576
-1.16298,2,521.779577
-3.603326,4,521.823732
-2.379222,3,521.854733
-3.643176,4,521.896731
-3.610841,4,521.943731
-3.8407,4,521.986732
-0.039288,1,521.996732
-1.264078,2,522.017732
-2.369236,3,522.052842
-2.360071,3,522.082842
-2.348679,3,522.112843
-2.352347,3,522.143843
-0.092427,1,522.159843
-0.03327,1,522.170843
-2.500398,3,522.200842
-2.36651,3,522.231843
-2.477871,3,522.266843
-0.04141,1,522.277842
-0.023861,1,522.286844
-2.459939,3,522.318842
-2.391201,3,522.352999
-3.564579,4,522.395001
-1.190491,2,522.415999
-1.163917,2,522.438
-2.434035,3,522.472999
-0.088841,1,522.485
-2.475142,3,522.517999
-0.013586,1,522.528
-3.785952,4,522.574
-1.174828,2,522.594999
-1.265239,2,522.615999
-2.467595,3,522.646999
-2.568906,3,522.68351
-2.509404,3,522.71451
-3.594422,4,522.756511
-2.483677,3,522.787511
-2.441439,3,522.823511
-1.247878,2,522.844511
-2.405631,3,522.87551
-1.17203,2,522.89351
-1.147493,2,522.91651
-2.396012,3,522.948512
-2.51344,3,522.98051
-2.528089,3,523.00951
-3.669929,4,523.05551
-0.073735,1,523.06551
-2.554456,3,523.096509
-2.556738,3,523.12651
-2.337559,3,523.17551
-2.34854,3,523.208509
-3.594977,4,523.26851
-1.272058,2,523.29351
-2.370842,3,523.33351
-3.79153,4,523.38051
-3.64483,4,523.43351
-2.459612,3,523.466605
-1.248532,2,523.494606
-2.335606,3,523.526784
-1.171026,2,523.548784
-2.493036,3,523.588783
-2.364327,3,523.634784
-2.446253,3,523.665784
-0.007222,1,523.676783
-2.427509,3,523.709784
-0.091718,1,523.723784
-2.342671,3,523.759784
-1.229364,2,523.787785
-2.505038,3,523.826293
-1.200259,2,523.855294
-1.23832,2,523.882411
-2.472942,3,523.918411
-2.488433,3,523.949413
-1.281127,2,523.978411
-2.447777,3,524.011412
-1.186212,2,524.034412
-1.141488,2,524.056411
-1.137022,2,524.081411
-2.460206,3,524.117411
-2.491,3,524.152411
-1.184842,2,524.175411
-3.665237,4,524.225411
-2.538476,3,524.258411
-2.411482,3,524.28941
-2.419554,3,524.325412
-1.230498,2,524.351412
-3.623977,4,524.400411
-3.720488,4,524.447411
-3.59644,4,524.492413
-1.1596,2,524.526411
-2.339746,3,524.560412
-2.475436,3,524.605412
-2.376329,3,524.644645
-1.142485,2,524.675645
-1.236401,2,524.701645
-0.089605,1,524.715646
-1.19819,2,524.741645
-1.192328,2,524.771645
-0.040798,1,524.784647
-2.403789,3,524.824645
-2.459553,3,524.864709
-2.490834,3,524.909709
-2.478526,3,524.950794
-2.501927,3,524.987301
-1.293777,2,525.0103
-2.389112,3,525.049302
-1.221255,2,525.070301
-2.429841,3,525.106302
-2.471943,3,525.143301
-2.377034,3,525.177301
-1.273526,2,525.1983
-3.851813,4,525.252301
-2.427274,3,525.2893
-0.063447,1,525.3033
-2.31732,3,525.3383
-2.479208,3,525.371301
-0.097135,1,525.381406
-0.090962,1,525.397406
-3.621842,4,525.448406
-2.325195,3,525.486865
-2.340892,3,525.526865
-1.204061,2,525.552867
-2.528592,3,525.587865
-1.247089,2,525.611866
-2.324807,3,525.651947
-2.56084,3,525.696025
-0.019744,1,525.708026
-2.317629,3,525.746493
-2.378864,3,525.781492
-1.281268,2,525.808492
-2.370045,3,525.847494
-2.536248,3,525.894494
-3.782627,4,525.951493
-2.368942,3,525.995492
-0.022455,1,526.007493
-2.490236,3,526.039492
-2.364246,3,526.075909
-1.197109,2,526.101911
-2.459399,3,526.138418
-3.603176,4,526.196417
-0.058065,1,526.207417
-3.720318,4,526.260417
-0.063471,1,526.272418
-3.711562,4,526.320417
-1.27833,2,526.341417
-3.721879,4,526.395417
-1.230366,2,526.415417
-3.652278,4,526.459417
-2.428099,3,526.496418
-1.24732,2,526.530417
-3.552617,4,526.583417
-3.673764,4,526.631418
-2.364239,3,526.665417
-3.557497,4,526.725417
-1.189759,2,526.752419
-2.441373,3,526.789417
-2.435545,3,526.832418
-2.472526,3,526.878417
-3.638353,4,526.929417
-3.677686,4,526.985547
-1.171414,2,527.013546
-0.09311,1,527.032546
-3.651452,4,527.079547
-3.612707,4,527.127546
-3.616094,4,527.171546
-2.387333,3,527.213546
-2.455738,3,527.244549
-2.399802,3,527.281055
-1.13794,2,527.301054
-3.817282,4,527.349057
-2.508371,3,527.383055
-1.272374,2,527.404055
-3.808187,4,527.457054
-1.145352,2,527.490055
-1.243182,2,527.515055
-2.333543,3,527.559054
-1.173097,2,527.585055
-2.518811,3,527.627055
-3.659728,4,527.686054
-2.455165,3,527.716055
-2.493754,3,527.749057
-3.76276,4,527.798119
-2.364803,3,527.830122
-0.095486,1,527.84012
-2.491491,3,527.875334
-3.644919,4,527.927334
-1.152832,2,527.945335
-2.549734,3,527.978333
-1.215987,2,527.999334
-3.754706,4,528.050334
-2.442987,3,528.093334
-3.706947,4,528.145334
-1.177992,2,528.167335
-3.59132,4,528.224334
-2.543584,3,528.261393
-2.587495,3,528.295492
-2.481461,3,528.335494
-0.050536,1,528.36069
-0.069765,1,528.373694
-2.473279,3,528.404197
-3.680441,4,528.446198
-3.664971,4,528.493197
-3.815726,4,528.539197
-0.047679,1,528.550197
-1.224245,2,528.571197
-2.45001,3,528.6084
-3.655485,4,528.654481
-2.405593,3,528.685652
-0.032383,1,528.697653
-3.791797,4,528.756654
-3.746332,4,528.798654
-2.45643,3,528.831653
-0.071594,1,528.846653
-2.505591,3,528.886653
-1.202129,2,528.908653
-0.08699,1,528.924653
-3.59185,4,528.978655
-1.191915,2,529.005654
-0.093642,1,529.014654
-1.173841,2,529.041654
-2.341077,3,529.076653
-2.449212,3,529.113653
-0.058613,1,529.132653
-0.060749,1,529.150653
-0.086821,1,529.165653
-3.799217,4,529.251654
-3.575748,4,529.306951
-2.44355,3,529.347951
-3.650608,4,529.39195
-2.41845,3,529.442951
-1.243487,2,529.467951
-1.127146,2,529.487951
-2.48785,3,529.520953
-0.027687,1,529.543463
-2.324256,3,529.578462
-0.074882,1,529.589462
-2.371276,3,529.621463
-3.570437,4,529.667462
-1.217287,2,529.68759
-1.195935,2,529.708589
-2.557823,3,529.739589
-1.283588,2,529.763816
-0.017802,1,529.774816
-2.459696,3,529.805817
-3.866031,4,529.841815
-0.023213,1,529.856816
-2.502572,3,529.885816
-1.162969,2,529.905816
-0.047326,1,529.915816
-1.242307,2,529.940815
-2.466776,3,529.975817
-2.336988,3,530.007816
-1.223354,2,530.027816
-1.16623,2,530.051816
-2.387894,3,530.084815
-2.49307,3,530.113815
-3.826105,4,530.155816
-2.595622,3,530.194816
-1.240854,2,530.215816
-0.051752,1,530.224815
-2.465574,3,530.254816
-3.590184,4,530.303815
-1.241593,2,530.325817
-2.488708,3,530.352815
-2.337234,3,530.383816
-0.090891,1,530.398072
-1.251085,2,530.42007
-3.753092,4,530.457071
-1.131688,2,530.479071
-2.309633,3,530.516072
-1.173199,2,530.536071
-3.664319,4,530.581074
-2.414346,3,530.614071
-3.676687,4,530.65807
-2.500011,3,530.690583
-2.407668,3,530.742907
-3.717425,4,530.807907
-3.620244,4,530.863906
-0.073539,1,530.874905
-1.250112,2,530.895905
-3.616477,4,530.937906
-3.843954,4,530.986906
-3.733744,4,531.034905
-3.731736,4,531.080905
-3.755923,4,531.123906
-2.39989,3,531.158906
-2.391206,3,531.190905
-2.337937,3,531.222905
-3.802677,4,531.263905
-1.141437,2,531.288906
-3.692172,4,531.328908
-0.037657,1,531.338906
-2.465456,3,531.368907
-2.54722,3,531.406905
-2.482899,3,531.437906
-3.586771,4,531.478905
-2.457812,3,531.510905
-3.622504,4,531.553906
-3.670164,4,531.594906
-2.499921,3,531.627905
-1.257412,2,531.649905
-1.24753,2,531.673906
-2.532758,3,531.703906
-3.695046,4,531.747133
-1.242079,2,531.768133
-0.071646,1,531.783132
-2.336081,3,531.812132
-1.297436,2,531.835643
-2.42041,3,531.868644
-2.435937,3,531.903643
-1.2229,2,531.925643
-3.646357,4,531.968899
-0.084771,1,531.977899
-2.519721,3,532.012899
-3.567126,4,532.061127
-1.19154,2,532.086127
-2.372343,3,532.115127
-2.498655,3,532.149127
-2.449782,3,532.183127
-2.483801,3,532.214127
-2.352452,3,532.246126
-1.241052,2,532.274127
-3.605714,4,532.314127
-3.609499,4,532.356127
-1.135639,2,532.378126
-2.458657,3,532.413127
-1.143916,2,532.434126
-2.453706,3,532.465127
-2.383024,3,532.498129
-1.207857,2,532.523127
-3.759862,4,532.566127
-1.187164,2,532.587127
-3.598554,4,532.628127
-1.274516,2,532.652126
-1.208009,2,532.673126
-1.21773,2,532.695126
-2.410627,3,532.728126
-0.070979,1,532.743127
-1.230239,2,532.764127
-1.148363,2,532.784127
-1.229434,2,532.805127
-0.085637,1,532.821126
-0.080924,1,532.832127
-2.47496,3,532.862127
-3.55707,4,532.904128
-1.146301,2,532.931127
-2.484448,3,532.961129
-3.955163,4,533.003637
-1.190318,2,533.023637
-2.52761,3,533.056637
-2.423046,3,533.087636
-2.452273,3,533.120636
-3.629588,4,533.164636
-2.449122,3,533.197636
-1.285488,2,533.219637
-2.35302,3,533.251712
-2.489649,3,533.28171
-2.459157,3,533.333711
-3.706509,4,533.401711
-3.615827,4,533.45171
-2.441622,3,533.48471
-1.264939,2,533.510711
-2.319987,3,533.542712
-1.211002,2,533.56571
-2.368648,3,533.597711
-2.516923,3,533.63671
-1.137235,2,533.65971
-2.362556,3,533.694833
-3.721843,4,533.736832
-2.37353,3,533.771832
-2.46904,3,533.811833
-1.261155,2,533.845868
-2.531292,3,533.894868
-3.710063,4,533.950867
-2.468964,3,533.982867
-1.248522,2,534.005869
-1.252172,2,534.027869
-1.228922,2,534.055867
-3.565751,4,534.098867
-3.751238,4,534.157027
-1.147499,2,534.181533
-3.601536,4,534.228533
-1.16021,2,534.251534
-2.515441,3,534.281533
-3.609729,4,534.324535
-2.333787,3,534.361534
-0.089817,1,534.371791
-2.31838,3,534.404854
-3.581745,4,534.448855
-2.477187,3,534.485855
-3.664016,4,534.529856
-3.694034,4,534.56892
-2.309406,3,534.602917
-2.507871,3,534.636918
-2.422243,3,534.668918
-2.428288,3,534.700041
-1.206138,2,534.72204
-2.486969,3,534.756041
-2.43683,3,534.787041
-0.079998,1,534.800042
-2.5042,3,534.831041
-0.012986,1,534.846042
-3.688045,4,534.888041
-1.162208,2,534.909041
-3.558755,4,534.954041
-1.241443,2,534.980041
-1.279888,2,535.000042
-3.61837,4,535.04304
-1.270251,2,535.06404
-2.508726,3,535.098042
-2.337873,3,535.132041
-2.465746,3,535.164301
-3.684903,4,535.205422
-1.199838,2,535.231424
-1.197872,2,535.252421
-0.078798,1,535.262422
-2.545217,3,535.295421
-2.382166,3,535.331933
-2.351779,3,535.365932
-2.517851,3,535.400934
-0.020068,1,535.411932
-1.234259,2,535.440933
-3.636265,4,535.486933
-0.052472,1,535.497933
-2.316972,3,535.536932
-2.530056,3,535.572932
-3.610108,4,535.616932
-2.503331,3,535.649072
-2.334733,3,535.679322
-0.098063,1,535.694604
-2.467794,3,535.725605
-3.628843,4,535.768739
-1.269075,2,535.795739
-2.429197,3,535.830737
-1.222671,2,535.851737
-2.560037,3,535.881738
-1.12851,2,535.90788
-3.672821,4,535.95388
-1.215543,2,535.974881
-1.241494,2,535.99588
-2.423129,3,536.027879
-3.799746,4,536.071984
-2.340607,3,536.108984
-2.551069,3,536.141985
-3.58506,4,536.181986
-1.243258,2,536.206984
-2.535382,3,536.240983
-1.226437,2,536.260984
-3.683676,4,536.303983
-2.484186,3,536.343984
-3.545059,4,536.412985
-1.139441,2,536.442989
-0.081446,1,536.456496
-1.208298,2,536.486495
-2.344511,3,536.520494
-2.550489,3,536.554495
-2.469959,3,536.587496
-1.242725,2,536.618495
-3.792546,4,536.664495
-3.69629,4,536.714495
-1.141537,2,536.734495
-2.393748,3,536.771495
-2.452446,3,536.804495
-1.260012,2,536.829495
-0.007866,1,536.840495
-2.503882,3,536.876629
-0.076342,1,536.888628
-3.751519,4,536.931629
-1.193482,2,536.951627
-1.178582,2,536.977705
-3.754353,4,537.020704
-2.40213,3,537.051704
-0.011208,1,537.062769
-2.330818,3,537.097768
-2.421936,3,537.127768
-2.458799,3,537.158768
-2.381219,3,537.188771
-1.152386,2,537.213769
-0.077171,1,537.224768
-3.595068,4,537.265767
-2.444448,3,537.295768
-1.139875,2,537.32177
-3.68395,4,537.363769
-1.274853,2,537.385767
-0.052008,1,537.396768
-2.441597,3,537.437769
-3.587501,4,537.478767
-2.568551,3,537.513768
-1.188898,2,537.537769
-2.489764,3,537.573768
-2.454262,3,537.605771
-2.473391,3,537.64857
-1.282357,2,537.66957
-1.153235,2,537.69757
-2.553349,3,537.73057
-0.049129,1,537.74157
-3.776816,4,537.782569
-2.50664,3,537.818572
-1.243266,2,537.83757
-3.609636,4,537.88557
-0.061284,1,537.895569
-2.370439,3,537.93257
-2.406072,3,537.96457
-2.339231,3,538.00157
-3.692309,4,538.04057
-3.713911,4,538.09157
-2.451259,3,538.12557
-1.249795,2,538.14757
-2.486926,3,538.178569
-2.445683,3,538.21857
-2.390548,3,538.24957
-2.327008,3,538.28057
-1.286651,2,538.304571
-3.727276,4,538.35857
-1.237851,2,538.37757
-2.432956,3,538.410569
-2.503652,3,538.440569
-0.078149,1,538.45557
-2.337592,3,538.48857
-2.426066,3,538.52157
-1.168313,2,538.54257
-2.42641,3,538.577571
-1.238109,2,538.59857
-2.361478,3,538.634571
-3.573541,4,538.681569
-1.238178,2,538.70757
-1.273893,2,538.73257
-2.422788,3,538.771078
-2.339492,3,538.80808
-1.237314,2,538.841079
-1.266274,2,538.864079
-0.090725,1,538.877079
-2.339461,3,538.915078
-1.139213,2,538.944079
-2.457118,3,538.982079
-3.751025,4,539.023078
-1.205051,2,539.043078
-0.068955,1,539.056078
-0.061815,1,539.070078
-2.485796,3,539.10008
-2.412851,3,539.132081
-3.602975,4,539.18125
-2.4691,3,539.21425
-1.234037,2,539.236252
-0.049382,1,539.24625
-2.416175,3,539.283251
-1.201329,2,539.305249
-2.335181,3,539.336251
-3.59012,4,539.374778
-2.473685,3,539.420778
-3.591196,4,539.469779
-2.492037,3,539.500778
-1.198777,2,539.520778
-1.18022,2,539.546778
-3.597922,4,539.588778
-3.604359,4,539.63778
-3.866189,4,539.676778
-0.061584,1,539.690778
-3.753341,4,539.732777
-2.495482,3,539.769778
-3.749014,4,539.814779
-3.533642,4,539.860778
-0.068893,1,539.870778
-2.424517,3,539.906285
-2.385611,3,539.939285
-2.486323,3,539.976339
-2.465039,3,540.011338
-2.377014,3,540.040339
-2.514488,3,540.080338
-1.233571,2,540.10734
-2.391669,3,540.149339
-1.153545,2,540.172551
-3.739628,4,540.214551
-1.244311,2,540.24255
-2.442972,3,540.277889
-2.426527,3,540.30789
-1.182364,2,540.32889
-1.283218,2,540.355889
-2.525066,3,540.38889
-1.132627,2,540.407891
-2.510784,3,540.44189
-1.17123,2,540.46389
-3.636234,4,540.51389
-2.491373,3,540.54289
-3.578511,4,540.583889
-3.687576,4,540.62989
-0.096961,1,540.639889
-3.887899,4,540.68089
-1.227217,2,540.70289
-2.413665,3,540.73989
-2.35131,3,540.770889
-1.153715,2,540.792889
-3.545272,4,540.836893
-3.560494,4,540.881891
-1.146872,2,540.902889
-2.360862,3,540.93889
-2.49179,3,540.97389
-2.413407,3,541.00789
-2.456848,3,541.048398
-1.273409,2,541.070516
-2.424186,3,541.101517
-2.436432,3,541.135516
-2.471321,3,541.167516
-2.581578,3,541.199517
-0.097686,1,541.209516
-2.426095,3,541.244517
-2.351313,3,541.276613
-1.271874,2,541.298611
-2.500584,3,541.329612
-2.507568,3,541.362611
-2.496997,3,541.395612
-0.052542,1,541.405611
-2.321784,3,541.436611
-1.262941,2,541.460612
-2.343464,3,541.494612
-2.467816,3,541.523611
-1.194039,2,541.542611
-0.063255,1,541.556612
-2.337352,3,541.590611
-1.171279,2,541.610611
-1.273557,2,541.631907
-2.600634,3,541.665904
-3.662563,4,541.707905
-2.381211,3,541.738904
-3.679416,4,541.780905
-2.374315,3,541.817905
-3.8234,4,541.857905
-2.461334,3,541.887905
-2.351185,3,541.920905
-3.677202,4,541.969905
-0.052791,1,541.990906
-3.53735,4,542.066905
-2.432166,3,542.110904
-2.478092,3,542.153906
-2.475741,3,542.186551
-2.356903,3,542.219552
-3.580255,4,542.264552
-1.180536,2,542.292551
-3.629215,4,542.337551
-3.668346,4,542.386551
-0.046956,1,542.398551
-2.388796,3,542.438556
-2.350887,3,542.473555
-3.680094,4,542.516551
-2.314531,3,542.54986
-2.361095,3,542.58586
-1.241073,2,542.606861
-1.159517,2,542.62786
-2.36722,3,542.657861
-3.561804,4,542.70386
-3.683582,4,542.745067
-0.051499,1,542.756066
-1.204899,2,542.774066
-1.298481,2,542.801067
-3.582576,4,542.842066
-0.06358,1,542.852067
-2.376497,3,542.881067
-2.421642,3,542.918066
-3.604465,4,542.959067
-1.268562,2,542.981066
-1.237947,2,543.002067
-2.497443,3,543.036066
-1.267088,2,543.057066
-2.551542,3,543.094068
-1.273412,2,543.114068
-3.684231,4,543.160066
-2.413454,3,543.191066
-0.090131,1,543.202066
-3.662309,4,543.244066
-0.049596,1,543.258066
-2.387203,3,543.28907
-0.042147,1,543.299577
-2.31668,3,543.332578
-0.068658,1,543.350577
-3.605236,4,543.391643
-2.336409,3,543.423642
-3.62237,4,543.464643
-0.092955,1,543.477643
-2.499335,3,543.508642
-3.739358,4,543.549643
-3.743456,4,543.592643
-0.091744,1,543.607643
-1.263153,2,543.628643
-0.076814,1,543.638642
-2.506434,3,543.669643
-1.213582,2,543.692643
-2.515469,3,543.722642
-2.32388,3,543.752642
-0.099955,1,543.762643
-2.478881,3,543.798739
-1.237913,2,543.817739
-2.332205,3,543.847738
-3.699525,4,543.889033
-2.435239,3,543.924033
-1.239923,2,543.945034
-1.261924,2,543.966033
-2.514638,3,543.998033
-2.479541,3,544.038033
-2.474805,3,544.070035
-2.496827,3,544.100033
-3.66064,4,544.145034
-2.361102,3,544.180034
-1.282336,2,544.199033
-1.266117,2,544.219033
-3.59746,4,544.261033
-2.549388,3,544.297033
-3.600943,4,544.340034
-1.262049,2,544.359033
-2.372575,3,544.390225
-2.419495,3,544.425225
-2.476331,3,544.458226
-1.151181,2,544.478733
-3.80061,4,544.522733
-1.204627,2,544.547734
-0.098035,1,544.560733
-0.04071,1,544.571734
-2.386203,3,544.603733
-0.073004,1,544.617735
-2.349082,3,544.649733
-3.729117,4,544.691796
-0.075121,1,544.700795
-2.445961,3,544.737795
-0.056379,1,544.749796
-2.366693,3,544.781795
-2.487708,3,544.810795
-2.352944,3,544.845796
-0.086342,1,544.856795
-2.439282,3,544.888868
-2.393502,3,544.918868
-1.269807,2,544.943867
-2.337239,3,544.974868
-2.403037,3,545.005869
-2.44775,3,545.038146
-1.192251,2,545.061144
-2.393394,3,545.090147
-2.382447,3,545.123144
-1.157931,2,545.143145
-3.652718,4,545.191146
-2.555672,3,545.224145
-3.715325,4,545.265145
-2.426832,3,545.296144
-3.807903,4,545.341404
-2.357839,3,545.373405
-3.576923,4,545.414405
-2.534661,3,545.447405
-1.265232,2,545.472404
-2.512874,3,545.504405
-1.262197,2,545.524405
-2.41334,3,545.556404
-1.130294,2,545.582405
-1.194654,2,545.603913
-3.572543,4,545.650913
-2.496854,3,545.682914
-3.577239,4,545.730913
-2.36865,3,545.761913
-2.372586,3,545.793913
-2.454897,3,545.825916
-3.70039,4,545.870913
-0.098668,1,545.881913
-2.505889,3,545.911913
-2.334311,3,545.941913
-0.057527,1,545.955913
-2.520804,3,545.989913
-1.245074,2,546.010913
-2.423001,3,546.041914
-2.476307,3,546.077993
-1.200432,2,546.099993
-1.270457,2,546.120993
-2.446444,3,546.152993
-2.330464,3,546.186992
-1.225879,2,546.208993
-2.456754,3,546.238993
-1.226033,2,546.260992
-2.436217,3,546.296993
-0.076778,1,546.308992
-2.340625,3,546.339992
-2.512818,3,546.369992
-1.173283,2,546.393993
-2.424569,3,546.425145
-2.37258,3,546.456145
-2.522313,3,546.486145
-0.071257,1,546.500145
-2.454441,3,546.535146
-0.084941,1,546.546146
-2.329746,3,546.576236
-1.223157,2,546.601234
-2.538291,3,546.634502
-3.620832,4,546.677504
-0.098181,1,546.687603
-2.504965,3,546.724606
-2.346914,3,546.75831
-1.170271,2,546.779309
-0.034249,1,546.789309
-0.064305,1,546.803309
-2.429332,3,546.834309
-3.693102,4,546.885309
-3.700115,4,546.927309
-1.204186,2,546.95331
-0.089245,1,546.965309
-0.053718,1,546.977309
-3.614885,4,547.017308
-2.525798,3,547.053308
-3.711682,4,547.096308
-0.024184,1,547.105309
-2.360269,3,547.136308
-2.440293,3,547.170309
-3.629297,4,547.214311
-3.704473,4,547.253309
-2.418592,3,547.28431
-2.41128,3,547.322308
-2.343313,3,547.353309
-1.164859,2,547.373544
-0.090629,1,547.383543
-2.36619,3,547.418542
-3.626859,4,547.458544
-3.545704,4,547.500543
-1.164478,2,547.523543
-3.607456,4,547.567543
-1.209157,2,547.58871
-0.06436,1,547.598708
-3.640053,4,547.641709
-1.184724,2,547.670712
-1.190586,2,547.694709
-3.699952,4,547.736858
-2.443869,3,547.76701
-2.399233,3,547.807011
-2.476368,3,547.838012
-3.664474,4,547.881519
-1.265542,2,547.903519
-0.068171,1,547.918519
-3.728827,4,547.962519
-3.643157,4,548.005519
-0.038431,1,548.016846
-1.223206,2,548.040846
-3.613488,4,548.085846
-3.659275,4,548.124846
-2.511949,3,548.157846
-1.245996,2,548.182846
-2.413947,3,548.214846
-3.760406,4,548.255846
-1.26945,2,548.275846
-0.00588,1,548.291846
-0.087147,1,548.302846
-1.190124,2,548.323846
-3.632142,4,548.363847
-0.057903,1,548.376847
-2.414444,3,548.409846
-0.080238,1,548.420847
-2.324549,3,548.451846
-2.369863,3,548.486847
-2.512476,3,548.518846
-2.503534,3,548.549847
-0.061028,1,548.560846
-1.143027,2,548.584846
-3.770479,4,548.626846
-2.42751,3,548.661848
-2.476483,3,548.692846
-0.032941,1,548.706846
-2.3775,3,548.739846
-1.234658,2,548.761846
-2.337387,3,548.793847
-1.208461,2,548.818846
-3.627106,4,548.870846
-0.020765,1,548.883847
-0.081868,1,548.894845
-3.609038,4,548.942847
-0.082767,1,548.953847
-2.324589,3,548.984846
-3.588461,4,549.026846
-2.472611,3,549.064847
-2.486296,3,549.098354
-2.435932,3,549.130356
-3.660249,4,549.175483
-2.367955,3,549.210481
-1.269358,2,549.230481
-3.785872,4,549.272481
-2.554431,3,549.304482
-1.269345,2,549.329481
-2.490371,3,549.360481
-2.367775,3,549.393481
-1.185382,2,549.413481
-2.450256,3,549.447481
-2.526659,3,549.47848
-2.364297,3,549.51148
-2.426394,3,549.540481
-1.167333,2,549.569481
-3.660401,4,549.614481
-1.23803,2,549.635481
-2.321409,3,549.664481
-2.563168,3,549.701483
-3.598891,4,549.744481
-2.463773,3,549.775481
-1.241671,2,549.79648
-2.492311,3,549.831481
-2.53058,3,549.862481
-2.480922,3,549.893542
-3.55091,4,549.935542
-3.538531,4,549.983542
-0.033054,1,549.994541
-2.430318,3,550.029541
-1.23249,2,550.051542
-2.309855,3,550.087541
-1.161123,2,550.106542
-2.475888,3,550.137542
-0.036747,1,550.150541
-0.082864,1,550.164542
-2.43992,3,550.196542
-1.15961,2,550.218545
-3.656564,4,550.269053
-2.366324,3,550.303054
-2.485113,3,550.335053
-3.678699,4,550.377482
-2.451158,3,550.407481
-0.082839,1,550.422482
-2.473096,3,550.452482
-2.592213,3,550.48478
-2.427688,3,550.515781
-2.42472,3,550.55478
-3.693213,4,550.59578
-3.619871,4,550.63978
-2.473835,3,550.673781
-1.126359,2,550.702781
-3.593247,4,550.74378
-0.086977,1,550.754782
-1.245749,2,550.776783
-1.23782,2,550.80278
-1.223787,2,550.82378
-2.539215,3,550.85478
-2.491987,3,550.883781
-2.335183,3,550.92478
-2.36475,3,550.959783
-0.081575,1,550.970288
-2.449251,3,551.001796
-2.353195,3,551.0388
-0.054356,1,551.049794
-2.468568,3,551.080795
-2.480779,3,551.109795
-1.135873,2,551.134794
-3.667771,4,551.174794
-0.093189,1,551.184794
-3.75641,4,551.224795
-0.079076,1,551.239795
-1.280515,2,551.262794
-3.612229,4,551.304794
-0.050819,1,551.315794
-1.172983,2,551.341794
-3.6106,4,551.387302
-3.838916,4,551.428303
-2.551137,3,551.461303
-2.345953,3,551.499303
-2.47201,3,551.530303
-3.684891,4,551.570304
-2.377426,3,551.603303
-2.460534,3,551.637304
-1.184242,2,551.657303
-2.415166,3,551.695303
-2.387016,3,551.726303
-2.500021,3,551.761303
-3.689353,4,551.803303
-2.386329,3,551.834439
-2.527936,3,551.864514
-1.133771,2,551.888513
-1.16157,2,551.910513
-0.037135,1,551.920516
-1.196294,2,551.938513
-1.208422,2,551.959513
-0.066991,1,551.969512
-2.44496,3,551.995516
-3.645795,4,552.032512
-1.225498,2,552.060594
-3.599978,4,552.104594
-3.554806,4,552.148595
-2.374621,3,552.179596
-2.462458,3,552.214595
-2.322852,3,552.252596
-1.287038,2,552.272595
-2.470459,3,552.304859
-0.073136,1,552.31986
-1.159662,2,552.34386
-2.429703,3,552.376861
-2.466316,3,552.407862
-2.416148,3,552.44086
-2.331123,3,552.47386
-2.370369,3,552.502865
-1.27,2,552.530366
-2.517386,3,552.565368
-1.225801,2,552.587367
-2.42823,3,552.621366
-1.233834,2,552.642366
-2.394579,3,552.67852
-3.724869,4,552.718519
-2.351791,3,552.750519
-2.478566,3,552.783653
-0.052283,1,552.797653
-3.653517,4,552.839723
-2.483193,3,552.935724
-2.346759,3,553.003725
-2.326802,3,553.047723
-3.65101,4,553.090723
-2.414464,3,553.124722
-2.440846,3,553.161723
-2.510133,3,553.203723
-2.457918,3,553.237722
-2.526983,3,553.278723
-3.690075,4,553.322723
-1.145529,2,553.347724
-2.422099,3,553.406724
-2.394115,3,553.454725
-1.272696,2,553.488724
-2.484444,3,553.529722
-1.238019,2,553.550722
-2.373261,3,553.584723
-3.62817,4,553.625722
-0.087213,1,553.639725
-2.386402,3,553.678232
-2.498776,3,553.715232
-1.212418,2,553.736231
-3.589638,4,553.785236
-2.496993,3,553.823231
-2.4367,3,553.854232
-0.085192,1,553.866232
-3.790891,4,553.913232
-0.08885,1,553.924232
-1.181778,2,553.945231
-3.79214,4,553.986232
-2.40915,3,554.022234
-0.011614,1,554.032232
-3.667958,4,554.073232
-2.322852,3,554.103232
-0.099846,1,554.116232
-0.044436,1,554.129232
-2.373897,3,554.159232
-2.499316,3,554.191232
-1.250531,2,554.216232
-1.167818,2,554.238232
-2.516069,3,554.268232
-1.234927,2,554.289232
-1.243418,2,554.314232
-3.55168,4,554.356231
-2.47166,3,554.386232
-2.350216,3,554.430233
-2.427903,3,554.491234
-2.411982,3,554.531232
-2.403626,3,554.566235
-1.267721,2,554.588233
-2.518253,3,554.626231
-1.20007,2,554.646232
-2.41453,3,554.678232
-3.60247,4,554.724233
-2.324759,3,554.764233
-2.434086,3,554.799742
-2.377291,3,554.832741
-2.374032,3,554.865741
-3.699379,4,554.913741
-2.502875,3,554.945742
-3.606444,4,554.984741
-1.152779,2,555.007041
-2.375874,3,555.04204
-3.841111,4,555.08104
-1.166177,2,555.101042
-2.309644,3,555.134042
-2.386513,3,555.169041
-2.52957,3,555.198041
-1.27347,2,555.221041
-2.361946,3,555.251219
-2.348252,3,555.285218
-1.184699,2,555.305219
-2.331863,3,555.338218
-2.463615,3,555.370219
-1.28433,2,555.394218
-2.437521,3,555.426218
-1.241948,2,555.449219
-2.382851,3,555.480219
-1.221521,2,555.504219
-0.074599,1,555.515219
-3.741013,4,555.560219
-2.381525,3,555.591218
-3.720967,4,555.637218
-3.664447,4,555.680218
-2.526145,3,555.712219
-0.061283,1,555.723222
-2.494852,3,555.758221
-2.394031,3,555.791218
-2.396297,3,555.82122
-2.593918,3,555.852218
-3.640489,4,555.897218
-2.47164,3,555.929221
-2.332062,3,555.961726
-1.2142,2,555.982726
-3.619447,4,556.030726
-2.342083,3,556.060727
-2.393215,3,556.091727
-0.062814,1,556.103726
-1.262607,2,556.128727
-1.260654,2,556.148726
-2.409046,3,556.177726
-2.402496,3,556.210887
-2.499852,3,556.246028
-3.632567,4,556.287027
-2.430201,3,556.321028
-3.758601,4,556.362029
-1.226359,2,556.385027
-1.26679,2,556.408026
-2.565902,3,556.439026
-0.074872,1,556.450027
-2.555939,3,556.484028
-3.91631,4,556.550029
-2.43152,3,556.594027
-2.568955,3,556.634028
-1.172187,2,556.663027
-1.240038,2,556.685027
-1.232459,2,556.705027
-2.402467,3,556.736027
-1.228768,2,556.762027
-2.397294,3,556.794137
-2.4467,3,556.826136
-0.082018,1,556.840137
-3.762789,4,556.895137
-2.383397,3,556.928138
-1.264868,2,556.949136
-2.51569,3,556.981136
-2.451976,3,557.016137
-3.721396,4,557.055136
-2.38414,3,557.087139
-3.76238,4,557.132643
-1.25034,2,557.157699
-2.376352,3,557.188699
-2.385032,3,557.221699
-0.082776,1,557.231699
-0.063471,1,557.245852
-2.482491,3,557.276852
-3.576173,4,557.319851
-1.238096,2,557.338852
-2.432211,3,557.372852
-3.538325,4,557.415853
-1.191019,2,557.435959
-2.329045,3,557.465959
-3.642053,4,557.5111
-1.242734,2,557.556101
-1.227444,2,557.5911
-0.039528,1,557.6091
-2.457545,3,557.6591
-2.550444,3,557.692219
-1.2371,2,557.714219
-1.17988,2,557.735555
-0.032738,1,557.751555
-3.609251,4,557.79261
-2.445917,3,557.825609
-2.412426,3,557.862609
-2.377389,3,557.900611
-2.447163,3,557.929609
-0.026173,1,557.94061
-2.516236,3,557.97161
-0.026637,1,557.987609
-1.183256,2,558.011609
-3.663419,4,558.055609
-2.491955,3,558.09061
-1.178764,2,558.117609
-1.222767,2,558.139609
-1.26409,2,558.162745
-1.232998,2,558.185745
-2.440942,3,558.223746
-3.629771,4,558.270746
-2.498195,3,558.305257
-1.263211,2,558.326255
-2.427844,3,558.360255
-2.481292,3,558.390255
-3.668776,4,558.434255
-1.216506,2,558.455254
-2.559988,3,558.489254
-2.481727,3,558.523256
-3.709018,4,558.565255
-3.770497,4,558.607254
-2.324594,3,558.644254
-2.491203,3,558.675255
-0.0738,1,558.685256
-1.137577,2,558.705255
-0.060112,1,558.719255
-1.158321,2,558.740255
-1.191632,2,558.761254
-1.225363,2,558.783255
-2.466099,3,558.818362
-1.195153,2,558.838362
-2.459826,3,558.869363
-3.613749,4,558.911363
-0.065395,1,558.925364
-2.56853,3,558.960362
-3.763948,4,559.008363
-1.154059,2,559.029365
-3.553432,4,559.079363
-2.501385,3,559.117363
-2.46155,3,559.152706
-2.394779,3,559.183707
-2.376048,3,559.218705
-3.565708,4,559.258706
-3.728859,4,559.301707
-3.76906,4,559.342706
-1.247649,2,559.366707
-3.702274,4,559.407706
-2.548197,3,559.437706
-1.240319,2,559.460335
-2.322273,3,559.494334
-0.052059,1,559.506334
-0.068348,1,559.517334
-2.410262,3,559.549333
-2.377611,3,559.586334
-2.405318,3,559.621335
-1.192668,2,559.642335
-2.44698,3,559.673334
-1.146736,2,559.698335
-1.183065,2,559.719334
-2.400027,3,559.750334
-2.375408,3,559.782335
-1.27388,2,559.806334
-1.269971,2,559.826334
-2.44046,3,559.858334
-2.485483,3,559.887333
-2.364111,3,559.92347
-0.099748,1,559.933469
-2.510933,3,559.966766
-3.614777,4,560.009767
-1.20182,2,560.033767
-2.397058,3,560.066767
-3.692963,4,560.109766
-2.506263,3,560.139765
-3.82173,4,560.186867
-2.345216,3,560.219008
-2.357114,3,560.248187
-2.333896,3,560.280189
-1.168139,2,560.304187
-2.456962,3,560.335188
-2.578864,3,560.367187
-2.41806,3,560.400187
-0.034638,1,560.414188
-0.098497,1,560.426187
-3.616382,4,560.467187
-3.678732,4,560.510188
-1.152463,2,560.536188
-0.01142,1,560.547187
-2.315393,3,560.577187
-2.518861,3,560.609702
-1.258488,2,560.638696
-1.193856,2,560.660696
-2.583349,3,560.692696
-1.16876,2,560.715696
-1.249912,2,560.740697
-1.19572,2,560.761696
-3.730332,4,560.803696
-2.558571,3,560.836696
-2.386212,3,560.870697
-3.645742,4,560.910696
-3.689757,4,560.951696
-3.621554,4,560.992696
-3.6627,4,561.040697
-0.061322,1,561.050696
-2.44946,3,561.080696
-2.340911,3,561.112697
-1.211555,2,561.143696
-2.441252,3,561.198697
-0.059261,1,561.217697
-2.331323,3,561.263698
-1.253822,2,561.293696
-1.282169,2,561.315696
-2.400568,3,561.351696
-2.398323,3,561.385696
-1.237828,2,561.410696
-0.042417,1,561.421697
-2.443024,3,561.454697
-1.188318,2,561.480698
-3.617857,4,561.528697
-3.690451,4,561.568696
-3.795376,4,561.611695
-3.595498,4,561.652697
-1.256142,2,561.675697
-2.489427,3,561.708696
-2.404998,3,561.739207
-1.227658,2,561.765207
-2.442931,3,561.801205
-2.529155,3,561.834206
-2.4718,3,561.865206
-1.266559,2,561.885206
-3.707969,4,561.932206
-1.168026,2,561.952268
-3.78488,4,561.993357
-1.217595,2,562.014357
-2.319516,3,562.047358
-1.149464,2,562.068357
-2.507451,3,562.101445
-2.336387,3,562.135765
-2.455502,3,562.170765
-1.179034,2,562.190765
-1.161451,2,562.212765
-1.20294,2,562.234765
-3.690338,4,562.280766
-3.583253,4,562.320764
-2.427991,3,562.353766
-2.50082,3,562.383765
-0.08139,1,562.396765
-1.186815,2,562.418764
-2.562478,3,562.448765
-2.386111,3,562.479764
-3.667358,4,562.524765
-0.012429,1,562.535764
-1.180891,2,562.556764
-0.085248,1,562.567764
-1.240843,2,562.592765
-3.852642,4,562.631764
-2.492622,3,562.663765
-1.239323,2,562.700765
-2.38238,3,562.760765
-2.437167,3,562.806765
-3.58956,4,562.856764
-1.283521,2,562.877769
-3.63895,4,562.926274
-2.479816,3,562.956274
-2.565046,3,562.990275
-2.477444,3,563.033433
-1.259323,2,563.059433
-2.32578,3,563.090434
-1.205291,2,563.112433
-2.343391,3,563.14353
-2.392078,3,563.180532
-2.401361,3,563.21053
-3.709625,4,563.25253
-3.582919,4,563.29253
-2.483195,3,563.32853
-2.469174,3,563.36453
-3.581736,4,563.40453
-0.023412,1,563.414529
-3.589273,4,563.45953
-1.284582,2,563.47953
-3.642171,4,563.521531
-3.73514,4,563.563597
-2.523052,3,563.598598
-2.360506,3,563.630596
-1.256086,2,563.651597
-3.613797,4,563.694597
-2.508985,3,563.727597
-2.340603,3,563.759597
-2.370349,3,563.791597
-0.091862,1,563.801598
-1.166833,2,563.825597
-0.0906,1,563.837597
-3.650219,4,563.880598
-2.446913,3,563.911597
-1.210728,2,563.935597
-0.097364,1,563.946597
-2.4328,3,563.977596
-2.430257,3,564.009597
-3.674109,4,564.052599
-3.876602,4,564.095107
-3.66654,4,564.137106
-1.282331,2,564.159106
-2.344399,3,564.200106
-3.58907,4,564.249107
-1.200382,2,564.286107
-3.566646,4,564.347107
-1.226667,2,564.378108
-2.349749,3,564.413105
-3.606821,4,564.456105
-3.62657,4,564.497106
-0.094196,1,564.510107
-3.729013,4,564.554108
-3.704115,4,564.602105
-2.52181,3,564.637106
-2.546691,3,564.673105
-2.36426,3,564.703106
-1.150765,2,564.724106
-3.565383,4,564.767106
-2.380243,3,564.800106
-3.63687,4,564.841107
-2.488539,3,564.873106
-0.067845,1,564.883106
-3.744314,4,564.928106
-3.679091,4,564.970106
-2.512978,3,565.001106
-1.211215,2,565.019106
-1.295591,2,565.044106
-3.67899,4,565.089106
-2.339675,3,565.119106
-2.457632,3,565.149106
-2.331699,3,565.184107
-3.606872,4,565.226106
-2.555449,3,565.257612
-0.039909,1,565.268614
-2.38023,3,565.303613
-1.228449,2,565.325612
-1.161688,2,565.348613
-1.220218,2,565.368613
-2.300454,3,565.401613
-2.330012,3,565.432612
-2.43283,3,565.461612
-1.256963,2,565.48181
-2.336437,3,565.51681
-1.15733,2,565.53881
-0.035151,1,565.54981
-0.094909,1,565.56081
-1.268951,2,565.58381
-1.261759,2,565.604812
-2.402037,3,565.63781
-0.055552,1,565.646809
-2.354977,3,565.68381
-2.326505,3,565.714811
-1.236341,2,565.73581
-0.043691,1,565.747811
-1.181193,2,565.77281
-2.533213,3,565.803813
-3.814122,4,565.845811
-3.781459,4,565.886809
-2.365847,3,565.921811
-2.448677,3,565.950811
-3.655911,4,565.99581
-2.379756,3,566.02781
-1.160908,2,566.053813
-2.390797,3,566.08881
-3.742835,4,566.13081
-2.495642,3,566.16281
-3.646074,4,566.21181
-1.183254,2,566.23081
-1.231887,2,566.253811
-2.345041,3,566.28781
-2.51882,3,566.32681
-2.452847,3,566.357998
-2.425956,3,566.395507
-1.235948,2,566.415509
-1.245664,2,566.441509
-2.391121,3,566.472594
-1.158064,2,566.495594
-3.70923,4,566.538594
-2.349312,3,566.571594
-1.206572,2,566.592593
-2.527219,3,566.624594
-3.603275,4,566.664687
-2.478232,3,566.699688
-3.666579,4,566.741688
-2.407138,3,566.771687
-0.079661,1,566.783688
-2.426507,3,566.818687
-2.387626,3,566.850687
-2.326764,3,566.880687
-3.709275,4,566.920687
-2.440536,3,566.955687
-1.197909,2,566.976687
-2.32638,3,567.007687
-1.298223,2,567.027687
-1.299038,2,567.054689
-2.401701,3,567.084687
-2.406215,3,567.1138
-3.668806,4,567.154799
-3.589623,4,567.201799
-2.513614,3,567.231799
-1.171474,2,567.253886
-2.492588,3,567.286025
-1.23471,2,567.315025
-2.487026,3,567.348024
-1.261101,2,567.370112
-0.038554,1,567.381112
-2.505188,3,567.416112
-2.504052,3,567.448114
-2.522314,3,567.477112
-3.732973,4,567.520113
-1.271138,2,567.546622
-1.244798,2,567.57062
-2.319223,3,567.602621
-0.036013,1,567.612621
-2.341311,3,567.648621
-1.183908,2,567.66862
-3.666991,4,567.710622
-0.095566,1,567.720621
-0.06396,1,567.736621
-3.724023,4,567.77362
-2.385939,3,567.804621
-2.489962,3,567.835621
-3.624755,4,567.984622
-3.63698,4,568.026803
-3.58398,4,568.068804
-2.365621,3,568.100804
-2.396653,3,568.136804
-2.376799,3,568.168803
-2.35918,3,568.200804
-2.565132,3,568.231925
-3.701629,4,568.277924
-1.21133,2,568.297925
-2.542514,3,568.331013
-2.442412,3,568.363011
-3.695742,4,568.440012
-2.505232,3,568.488011
-1.168209,2,568.514388
-2.455176,3,568.546387
-2.504665,3,568.584388
-2.360699,3,568.617389
-3.604216,4,568.659392
-3.673912,4,568.705899
-1.176598,2,568.733899
-1.280909,2,568.755899
-2.610538,3,568.789899
-2.440197,3,568.8229
-2.501531,3,568.858899
-3.733187,4,568.900899
-2.4152,3,568.934899
-3.606929,4,568.974898
-1.20043,2,568.998899
-3.606396,4,569.042899
-1.234692,2,569.064898
-1.179342,2,569.087898
-3.653829,4,569.1349
-1.194916,2,569.161037
-2.355248,3,569.192037
-1.136112,2,569.215135
-3.739466,4,569.263136
-3.958332,4,569.303135
-3.56296,4,569.343135
-2.458743,3,569.376388
-1.209085,2,569.400388
-2.459487,3,569.432387
-2.455072,3,569.463769
-2.473764,3,569.497768
-3.695393,4,569.542768
-1.296446,2,569.562768
-2.496669,3,569.593839
-0.051621,1,569.603843
-2.393386,3,569.639839
-2.485674,3,569.672954
-2.462744,3,569.703952
-3.794678,4,569.743952
-1.218063,2,569.768046
-2.376383,3,569.799046
-3.751543,4,569.842689
-2.398987,3,569.873689
-2.557382,3,569.911689
-2.493142,3,569.942688
-3.598275,4,569.985688
-0.080966,1,569.996689
-3.648055,4,570.043689
-3.588761,4,570.083688
-3.662169,4,570.124688
-2.329727,3,570.171688
-2.523419,3,570.207688
-1.244811,2,570.227791
-2.435638,3,570.258791
-2.486699,3,570.287792
-3.653372,4,570.332792
-1.225551,2,570.353792
-2.373952,3,570.383791
-2.535868,3,570.417791
-2.359783,3,570.453792
-1.154785,2,570.476791
-0.070196,1,570.489792
-1.142115,2,570.525793
-1.173459,2,570.573793
-3.588981,4,570.635793
-1.193983,2,570.657792
-2.355519,3,570.69295
-2.478478,3,570.728949
-3.570501,4,570.767949
-3.759706,4,570.814949
-3.603022,4,570.861028
-2.463231,3,570.901028
-2.456265,3,570.931027
-2.504843,3,570.961533
-2.424107,3,570.996537
-0.055413,1,571.019537
-1.132647,2,571.063536
-1.247128,2,571.098537
-2.459977,3,571.139537
-0.088627,1,571.157536
-2.322679,3,571.190536
-3.586998,4,571.235538
-1.256494,2,571.25688
-3.57072,4,571.305881
-2.46812,3,571.342881
-0.033035,1,571.353881
-2.38901,3,571.38488
-2.403025,3,571.420881
-1.199725,2,571.443881
-3.548479,4,571.48488
-0.067282,1,571.496881
-3.711697,4,571.582882
-2.373072,3,571.622881
-1.168255,2,571.647881
-2.407327,3,571.683024
-1.267177,2,571.708023
-2.492224,3,571.740022
-3.651845,4,571.781107
-1.231483,2,571.802107
-1.228789,2,571.830107
-2.55335,3,571.870108
-0.091415,1,571.883107
-2.499265,3,571.915107
-3.619076,4,571.961107
-0.085437,1,571.973111
-3.62467,4,572.014107
-1.257448,2,572.036107
-3.768804,4,572.080107
-1.172124,2,572.102107
-2.390427,3,572.135677
-3.699105,4,572.177676
-2.329532,3,572.213676
-1.165023,2,572.234676
-3.610392,4,572.276675
-2.425636,3,572.305676
-2.370302,3,572.341676
-2.438379,3,572.371676
-2.528408,3,572.401677
-2.392647,3,572.434677
-2.488139,3,572.470677
-3.672141,4,572.511676
-3.600916,4,572.555676
-0.072552,1,572.565676
-2.339819,3,572.600677
-2.444455,3,572.629676
-3.595067,4,572.672678
-2.494915,3,572.702675
-1.146054,2,572.726676
-2.456397,3,572.757676
-2.342742,3,572.788676
-2.551381,3,572.818677
-1.224115,2,572.842677
-2.486192,3,572.873677
-1.23871,2,572.894675
-1.192391,2,572.914676
-1.167934,2,572.939676
-2.583864,3,572.968676
-3.889171,4,573.010676
-2.495599,3,573.041676
-2.474867,3,573.080676
-2.367126,3,573.112675
-3.735979,4,573.150676
-1.175292,2,573.170676
-2.351071,3,573.210677
-2.348869,3,573.239676
-2.407606,3,573.271676
-1.193319,2,573.292679
-2.508206,3,573.331183
-3.630041,4,573.373184
-2.431395,3,573.405183
-2.542367,3,573.438183
-3.674622,4,573.484276
-2.333379,3,573.516459
-1.234445,2,573.539458
-1.197861,2,573.561582
-2.432819,3,573.615582
-1.254417,2,573.654582
-2.467884,3,573.693582
-0.039608,1,573.705584
-2.377299,3,573.746828
-3.825286,4,573.788829
-2.499785,3,573.819828
-0.071167,1,573.830828
-1.263804,2,573.856828
-2.421141,3,573.902829
-2.474204,3,573.937829
-2.437224,3,573.976828
-1.22067,2,574.002829
-2.457105,3,574.033829
-3.770447,4,574.076828
-0.099828,1,574.088829
-2.571559,3,574.124828
-2.469457,3,574.158829
-3.69433,4,574.204829
-2.566334,3,574.234828
-2.359391,3,574.270828
-3.647836,4,574.316829
-0.05906,1,574.32783
-0.071679,1,574.338829
-2.440975,3,574.374829
-2.383545,3,574.405828
-1.225623,2,574.427828
-2.366461,3,574.460338
-2.531334,3,574.496337
-3.657767,4,574.54034
-1.24661,2,574.559337
-2.500414,3,574.590337
-3.613629,4,574.637338
-2.504391,3,574.667337
-2.425618,3,574.698338
-1.254351,2,574.720338
-2.459923,3,574.756337
-2.319446,3,574.785338
-1.274279,2,574.805338
-2.426288,3,574.837337
-3.605195,4,574.883337
-3.664943,4,574.924338
-1.201445,2,574.944338
-3.602937,4,574.986337
-2.398152,3,575.021336
-2.520439,3,575.051337
-0.097204,1,575.063338
-1.177542,2,575.083337
-3.660593,4,575.128337
-2.510072,3,575.159337
-2.360463,3,575.190396
-3.69765,4,575.232531
-2.438035,3,575.265531
-1.266017,2,575.285531
-3.697785,4,575.327622
-1.299776,2,575.348623
-1.271289,2,575.372622
-1.225146,2,575.395621
-1.166145,2,575.415622
-1.167312,2,575.435624
-2.502775,3,575.468622
-1.273937,2,575.489621
-0.096454,1,575.501622
-3.74547,4,575.541621
-1.204315,2,575.568624
-3.698482,4,575.61213
-1.134331,2,575.64913
-2.335497,3,575.70313
-1.287016,2,575.742129
-0.072234,1,575.758129
-0.053099,1,575.770129
-2.425979,3,575.804129
-2.444476,3,575.844129
-0.098894,1,575.854129
-2.40891,3,575.886129
-1.270138,2,575.907129
-1.265482,2,575.938129
-2.364245,3,575.97413
-1.276519,2,575.996128
-3.597804,4,576.036129
-2.405341,3,576.071129
-1.133449,2,576.09113
-2.451243,3,576.12313
-3.609853,4,576.166129
-3.662188,4,576.213129
-0.066981,1,576.224129
-1.24118,2,576.24313
-1.219262,2,576.264129
-2.3307,3,576.29813
-2.508794,3,576.329129
-1.160922,2,576.35013
-2.472212,3,576.382129
-3.596609,4,576.428129
-2.368643,3,576.459129
-3.656502,4,576.501129
-0.074217,1,576.511129
-2.351418,3,576.547129
-2.457297,3,576.578129
-2.411448,3,576.609128
-3.582869,4,576.651129
-0.099711,1,576.664129
-2.461105,3,576.695129
-0.092914,1,576.707129
-3.66291,4,576.748133
-1.189354,2,576.772746
-2.428272,3,576.805746
-2.437922,3,576.839745
-2.335673,3,576.868746
-2.56654,3,576.904748
-2.531976,3,576.936746
-1.142481,2,576.958746
-1.15305,2,576.978746
-2.426129,3,577.014924
-1.26444,2,577.034924
-3.628216,4,577.077924
-2.562643,3,577.108925
-2.543261,3,577.144924
-2.480208,3,577.174343
-1.261464,2,577.193343
-2.425426,3,577.226343
-0.070358,1,577.239342
-2.478333,3,577.279344
-1.174055,2,577.300343
-1.187016,2,577.319342
-0.029971,1,577.334343
-1.127026,2,577.355344
-2.359385,3,577.388345
-1.254799,2,577.409343
-0.096498,1,577.422343
-3.801959,4,577.464343
-2.510649,3,577.493343
-1.206346,2,577.514344
-3.742256,4,577.557343
-2.487483,3,577.590343
-2.397175,3,577.622343
-2.384659,3,577.653343
-2.403754,3,577.688343
-2.548519,3,577.719343
-2.324132,3,577.750342
-1.133482,2,577.770342
-2.547328,3,577.806342
-2.503998,3,577.836344
-2.45344,3,577.866343
-3.726277,4,577.909851
-1.284094,2,577.934851
-2.411103,3,577.964853
-2.493671,3,577.995038
-3.756446,4,578.039037
-3.77653,4,578.083038
-2.383987,3,578.114037
-0.092512,1,578.124038
-1.210861,2,578.146037
-1.240585,2,578.171037
-2.375814,3,578.201038
-2.366701,3,578.231037
-2.39202,3,578.263038
-0.085579,1,578.276037
-2.413773,3,578.308038
-2.448903,3,578.339038
-1.15024,2,578.361037
-2.453236,3,578.396038
-2.529612,3,578.427038
-2.496034,3,578.460038
-1.263643,2,578.481038
-0.038358,1,578.495038
-1.263674,2,578.516037
-1.156021,2,578.538038
-3.686635,4,578.580374
-2.506564,3,578.612374
-1.192761,2,578.635375
-2.493395,3,578.666374
-0.038662,1,578.678374
-2.391241,3,578.713374
-1.147743,2,578.732375
-2.4069,3,578.764374
-3.720025,4,578.805375
-2.46121,3,578.839375
-2.338655,3,578.871374
-1.267625,2,578.894374
-3.740579,4,578.935374
-1.303988,2,578.959374
-1.270526,2,578.980376
-2.551954,3,579.012374
-0.02993,1,579.022375
-2.485931,3,579.056882
-2.426853,3,579.090881
-1.128531,2,579.112883
-2.342365,3,579.143882
-2.353581,3,579.180882
-2.360891,3,579.213881
-1.284676,2,579.237883
-2.336106,3,579.286883
-0.058203,1,579.324883
-0.063195,1,579.344396
-3.70987,4,579.401394
-3.6273,4,579.447394
-2.419048,3,579.484394
-0.037198,1,579.494394
-2.326273,3,579.526393
-3.596654,4,579.571394
-2.45512,3,579.612394
-2.339642,3,579.644393
-2.344574,3,579.676393
-1.235647,2,579.697394
-2.337119,3,579.731393
-1.240287,2,579.752393
-1.154059,2,579.774394
-3.59063,4,579.815393
-1.282511,2,579.838394
-2.409866,3,579.869393
-2.471547,3,579.900393
-2.487851,3,579.931393
-1.190912,2,579.955394
-1.140753,2,579.977393
-3.648468,4,580.019393
-1.192484,2,580.038394
-2.402426,3,580.072393
-2.503445,3,580.103394
-2.41813,3,580.132393
-1.253992,2,580.152393
-1.202138,2,580.176398
-2.498068,3,580.209903
-2.32519,3,580.241904
-2.471166,3,580.272905
-0.074783,1,580.293905
-2.34146,3,580.353062
-2.440139,3,580.400062
-2.427717,3,580.437468
-0.042857,1,580.452468
-2.359061,3,580.487469
-3.923177,4,580.527467
-1.21716,2,580.550468
-0.095633,1,580.565467
-2.316211,3,580.606467
-0.092501,1,580.620467
-2.498646,3,580.658467
-3.813377,4,580.703467
-1.189451,2,580.723468
-0.042626,1,580.733467
-2.500554,3,580.765467
-0.052725,1,580.778467
-3.699611,4,580.821467
-0.054926,1,580.832467
-2.386578,3,580.864467
-2.466714,3,580.901467
-2.413557,3,580.930468
-0.034202,1,580.941467
-2.44402,3,580.973467
-2.405248,3,581.007467
-2.427532,3,581.038467
-2.450981,3,581.068468
-1.184765,2,581.092468
-2.416569,3,581.127467
-0.019984,1,581.137467
-0.054212,1,581.148467
-1.216639,2,581.169467
-0.02699,1,581.183467
-1.213988,2,581.204467
-0.092263,1,581.214468
-2.525429,3,581.245469
-2.504045,3,581.280468
-2.499858,3,581.313468
-3.604725,4,581.37798
-2.474424,3,581.428983
-2.54978,3,581.47698
-2.458155,3,581.510979
-2.476837,3,581.54198
-2.355311,3,581.57398
-2.460939,3,581.608979
-2.318243,3,581.644429
-1.222319,2,581.670428
-0.087389,1,581.681683
-0.046326,1,581.697681
-1.211167,2,581.721682
-2.326217,3,581.753683
-1.243836,2,581.775682
-1.167024,2,581.799682
-3.651697,4,581.839682
-3.704447,4,581.882682
-2.383496,3,581.912682
-3.661553,4,581.956681
-1.280365,2,581.979682
-3.60544,4,582.021682
-2.546173,3,582.052683
-3.56852,4,582.100681
-0.095197,1,582.110682
-1.217163,2,582.133682
-0.062935,1,582.144681
-0.02073,1,582.158682
-2.384674,3,582.193684
-0.018098,1,582.204682
-1.15542,2,582.226681
-1.254137,2,582.252681
-3.708187,4,582.296682
-2.434318,3,582.330682
-3.730361,4,582.373682
-1.133056,2,582.401682
-2.437001,3,582.432682
-2.513635,3,582.464681
-1.190273,2,582.484681
-3.589091,4,582.531684
-1.190627,2,582.554251
-2.330009,3,582.585251
-1.137199,2,582.606251
-2.523166,3,582.643251
-2.355739,3,582.674252
-3.69692,4,582.71425
-3.69778,4,582.756251
-2.534903,3,582.79125
-1.172932,2,582.81025
-3.612547,4,582.853307
-0.049418,1,582.862309
-2.385455,3,582.898462
-2.531003,3,582.929462
-2.319632,3,582.960462
-2.381693,3,582.990462
-2.570677,3,583.025462
-1.142944,2,583.046462
-3.800844,4,583.088461
-1.177619,2,583.109464
-2.535832,3,583.142461
-2.448467,3,583.173462
-1.137492,2,583.195462
-1.250843,2,583.216461
-2.336057,3,583.250462
-1.269758,2,583.271462
-3.91703,4,583.311463
-1.1961,2,583.330462
-2.367228,3,583.365748
-1.268087,2,583.38675
-2.328879,3,583.423749
-1.250139,2,583.459751
-2.420986,3,583.51575
-1.216844,2,583.54875
-1.189471,2,583.572749
-2.467286,3,583.608749
-2.398447,3,583.644749
-2.341587,3,583.674751
-2.381655,3,583.712529
-1.306358,2,583.734529
-2.325594,3,583.774529
-1.169643,2,583.797529
-1.248102,2,583.81853
-2.398229,3,583.850529
-2.534983,3,583.888529
-2.433613,3,583.920529
-3.79392,4,583.963529
-0.014627,1,583.974529
-2.463326,3,584.009529
-3.779126,4,584.051529
-0.084219,1,584.061529
-0.090187,1,584.07253
-1.205906,2,584.09553
-0.015296,1,584.106529
-3.720838,4,584.148773
-0.05642,1,584.159773
-2.440577,3,584.194772
-3.558126,4,584.234774
-0.036078,1,584.245773
-2.424186,3,584.275773
-2.483207,3,584.309772
-1.199827,2,584.328773
-3.60846,4,584.371773
-1.204192,2,584.392772
-2.43012,3,584.429773
-1.185452,2,584.450774
-2.495133,3,584.51103
-2.453685,3,584.551182
-2.477289,3,584.595181
-2.361472,3,584.629181
-2.334296,3,584.66018
-3.649903,4,584.703182
-3.583289,4,584.749182
-2.463181,3,584.78318
-3.575105,4,584.828691
-1.162623,2,584.850691
-1.151016,2,584.875692
-3.67567,4,584.918692
-2.364696,3,584.949692
-2.438571,3,584.980694
-3.701194,4,585.025691
-3.885659,4,585.067693
-3.708654,4,585.108691
-2.452452,3,585.140692
-2.444985,3,585.176692
-2.360328,3,585.207691
-2.552994,3,585.236692
-3.70378,4,585.277691
-2.420976,3,585.313692
-2.524375,3,585.343692
-2.376248,3,585.376692
-3.758177,4,585.414691
-3.749288,4,585.458691
-2.489226,3,585.491691
-2.407522,3,585.524694
-3.704178,4,585.563693
-2.402539,3,585.599902
-1.211733,2,585.620901
-2.396402,3,585.650902
-2.353378,3,585.681903
-1.238288,2,585.706903
-2.464428,3,585.741903
-2.400677,3,585.771901
-1.165151,2,585.792902
-3.604064,4,585.840902
-2.566391,3,585.870902
-2.4957,3,585.901901
-2.385686,3,585.932902
-1.164321,2,585.956904
-3.750204,4,585.999409
-1.150733,2,586.021409
-1.246622,2,586.04141
-1.175863,2,586.066409
-1.169852,2,586.088518
-1.23419,2,586.110627
-0.035142,1,586.120626
-2.472515,3,586.157625
-3.541416,4,586.198625
-2.37771,3,586.228625
-2.474269,3,586.258625
-1.157313,2,586.283625
-3.795536,4,586.324627
-3.812962,4,586.366731
-0.020002,1,586.377731
-1.22384,2,586.402731
-3.713516,4,586.444731
-2.371237,3,586.476733
-1.256082,2,586.497732
-2.390623,3,586.554732
-2.516122,3,586.602732
-2.566574,3,586.643731
-3.709305,4,586.690732
-1.135669,2,586.716731
-3.581557,4,586.758731
-2.328787,3,586.789731
-2.423256,3,586.821733
-2.41536,3,586.863731
-2.610799,3,586.89611
-2.45303,3,586.930111
-3.603932,4,586.97111
-2.497235,3,587.006111
-2.32728,3,587.058112
-2.440209,3,587.107113
-1.240822,2,587.132622
-2.328577,3,587.182759
-2.440897,3,587.218758
-1.204627,2,587.241758
-2.343935,3,587.273759
-2.53723,3,587.311759
-3.65759,4,587.359758
-3.572377,4,587.401758
-2.483324,3,587.431758
-0.079055,1,587.446758
-2.49322,3,587.478758
-2.492102,3,587.50883
-2.49304,3,587.53983
-2.524893,3,587.57583
-2.506131,3,587.605833
-3.709172,4,587.645831
-3.768268,4,587.68883
-0.068614,1,587.70383
-1.204409,2,587.723831
-2.355863,3,587.75383
-1.237227,2,587.77483
-2.392366,3,587.81083
-1.16846,2,587.83283
-3.613519,4,587.86983
-2.349162,3,587.90183
-1.240308,2,587.925831
-3.685255,4,587.96683
-3.69823,4,588.014831
-1.268208,2,588.033831
-1.26675,2,588.058831
-2.374593,3,588.09083
-3.713465,4,588.132831
-3.784124,4,588.17283
-2.380334,3,588.207832
-2.48441,3,588.23983
-2.471003,3,588.270339
-1.155149,2,588.294339
-2.372345,3,588.329339
-0.043869,1,588.340339
-2.404337,3,588.372416
-2.388554,3,588.402417
-2.456373,3,588.438418
-2.33433,3,588.470417
-2.382582,3,588.500538
-2.50363,3,588.531538
-2.475402,3,588.568538
-2.479229,3,588.623538
-1.133722,2,588.654538
-2.387243,3,588.698538
-1.279013,2,588.726538
-2.347408,3,588.760539
-2.496904,3,588.794737
-1.233096,2,588.814736
-2.40696,3,588.849736
-2.357719,3,588.882738
-0.053975,1,588.895737
-1.191351,2,588.918737
-2.448369,3,588.954736
-1.140998,2,588.975047
-1.182245,2,588.99834
-2.465479,3,589.029339
-2.40531,3,589.064339
-3.720407,4,589.10834
-3.688454,4,589.14834
-1.252056,2,589.169339
-2.38974,3,589.206342
-2.509488,3,589.235339
-2.376613,3,589.266339
-2.587459,3,589.296339
-1.179309,2,589.32334
-2.419033,3,589.355339
-3.640965,4,589.398339
-2.491785,3,589.431344
-1.251831,2,589.456851
-1.272314,2,589.47985
-1.186939,2,589.498852
-2.339476,3,589.534068
-2.352572,3,589.572068
-2.331882,3,589.603262
-3.602199,4,589.645262
-2.444027,3,589.675262
-1.2493,2,589.700263
-3.549693,4,589.739262
-1.253616,2,589.761262
-1.133934,2,589.781262
-1.210978,2,589.805262
-2.566305,3,589.836262
-1.184905,2,589.858262
-0.080308,1,589.870262
-1.237071,2,589.893262
-2.451791,3,589.924262
-3.795178,4,589.966262
-2.400377,3,589.997262
-1.284094,2,590.025263
-3.610762,4,590.068263
-2.334867,3,590.101262
-1.157237,2,590.123263
-1.282245,2,590.148262
-1.168752,2,590.169262
-2.468315,3,590.203263
-0.016501,1,590.214262
-2.463686,3,590.250264
-2.478901,3,590.282263
-2.488577,3,590.316262
-1.2672,2,590.338264
-0.031295,1,590.353262
-2.379203,3,590.387262
-1.226027,2,590.410262
-1.163783,2,590.435264
-2.456428,3,590.472262
-3.628061,4,590.515264
-1.191468,2,590.534262
-0.054296,1,590.545262
-3.606976,4,590.594772
-3.789163,4,590.658773
-2.495214,3,590.713206
-2.37285,3,590.755821
-0.097157,1,590.772819
-2.322309,3,590.80482
-2.528889,3,590.839821
-1.252793,2,590.861819
-2.488667,3,590.896888
-2.527229,3,590.92889
-3.652551,4,590.976185
-1.134914,2,590.999184
-2.43233,3,591.036184
-0.044912,1,591.046185
-3.625693,4,591.088185
-2.454462,3,591.119185
-1.213902,2,591.144186
-2.426666,3,591.176186
-1.268676,2,591.197184
-1.166553,2,591.217184
-1.25865,2,591.240185
-2.309902,3,591.271184
-2.552506,3,591.302186
-2.439927,3,591.334184
-3.788371,4,591.379184
-2.576162,3,591.410184
-3.632822,4,591.448185
-1.211029,2,591.470187
-1.287377,2,591.495184
-0.081218,1,591.507185
-3.64588,4,591.548185
-3.603503,4,591.589184
-2.368166,3,591.625186
-2.500821,3,591.676187
-1.24529,2,591.712185
-2.327387,3,591.763696
-2.548207,3,591.804696
-2.432379,3,591.843698
-2.508648,3,591.891695
-3.543815,4,591.954697
-2.400671,3,592.003696
-2.402813,3,592.048696
-2.408992,3,592.087696
-0.070309,1,592.103696
-2.503194,3,592.146696
-2.505775,3,592.189696
-2.32571,3,592.223696
-2.475732,3,592.254697
-0.011647,1,592.271773
-2.539473,3,592.306772
-3.776241,4,592.356772
-2.482984,3,592.395772
-2.372075,3,592.438772
-2.421287,3,592.472771
-0.02483,1,592.487774
-1.242588,2,592.519773
-2.559609,3,592.563772
-2.472602,3,592.606773
-2.395986,3,592.648773
-0.092898,1,592.659773
-1.280766,2,592.688773
-2.595857,3,592.731772
-0.017103,1,592.748772
-0.008672,1,592.762773
-1.264606,2,592.789772
-0.07016,1,592.799771
-1.291063,2,592.832772
-2.481068,3,592.867884
-1.158346,2,592.897388
-2.365253,3,592.930388
-2.542383,3,592.965389
-1.1849,2,592.986387
-3.632908,4,593.039388
-2.551032,3,593.084389
-3.662662,4,593.133388
-3.758924,4,593.179388
-1.183119,2,593.22239
-2.379529,3,593.26239
-1.169763,2,593.296388
-0.097363,1,593.312388
-2.486859,3,593.35339
-2.364432,3,593.390389
-3.690128,4,593.451388
-3.653859,4,593.501389
-2.487303,3,593.536387
-1.25124,2,593.559388
-2.430017,3,593.606388
-1.194509,2,593.625389
-1.236097,2,593.658388
-1.220073,2,593.680388
-2.481907,3,593.718388
-2.400147,3,593.749387
-3.74826,4,593.800475
-2.379132,3,593.843474
-1.284471,2,593.873475
-2.380351,3,593.914856
-3.619758,4,593.968854
-2.389917,3,594.002853
-1.155288,2,594.023855
-0.096936,1,594.043364
-2.467859,3,594.092364
-2.483066,3,594.126364
-1.19706,2,594.153365
-2.465118,3,594.194692
-0.094664,1,594.211691
-1.25449,2,594.237691
-1.231584,2,594.267691
-3.647227,4,594.31469
-2.310287,3,594.354691
-2.313357,3,594.404691
-1.198687,2,594.439691
-2.475156,3,594.483691
-2.515338,3,594.532691
-1.234676,2,594.558691
-2.426599,3,594.595691
-2.325112,3,594.632691
-2.36227,3,594.67169
-1.219443,2,594.703691
-2.430682,3,594.742692
-2.482696,3,594.795693
-3.682133,4,594.864692
-2.37746,3,594.900692
-0.063067,1,594.916692
-3.646741,4,594.963691
-3.824675,4,595.01369
-2.364472,3,595.053691
-3.841848,4,595.108691
-2.310633,3,595.14869
-1.177921,2,595.181205
-3.614519,4,595.225201
-1.274586,2,595.247201
-2.44919,3,595.2892
-2.408722,3,595.3272
-1.243031,2,595.3552
-1.270007,2,595.3812
-3.618633,4,595.4432
-2.494404,3,595.484288
-2.48328,3,595.527289
-3.698859,4,595.579289
-2.373694,3,595.61329
-0.097723,1,595.635288
-0.072931,1,595.648289
-1.27312,2,595.667288
-2.519119,3,595.708292
-3.65629,4,595.763288
-3.560479,4,595.811288
-3.805327,4,595.854289
-3.653213,4,595.90229
-2.383654,3,595.956288
-1.30224,2,595.984289
-3.571544,4,596.042289
-3.846967,4,596.093291
-2.486936,3,596.135288
-2.497981,3,596.167289
-2.450466,3,596.207289
-2.39203,3,596.251288
-0.015311,1,596.270289
-2.36749,3,596.305292
-2.54607,3,596.348798
-2.354705,3,596.384798
-3.612145,4,596.434798
-1.229249,2,596.458798
-3.612836,4,596.510798
-3.564482,4,596.557798
-2.314603,3,596.603798
-2.441226,3,596.640799
-1.227459,2,596.665798
-1.255478,2,596.689798
-2.475787,3,596.745799
-2.548745,3,596.787798
-2.366736,3,596.828798
-3.560811,4,596.883798
-0.089148,1,596.899799
-2.497112,3,596.9428
-2.334979,3,596.975798
-2.453676,3,597.013798
-2.556867,3,597.051798
-1.185313,2,597.078798
-3.936081,4,597.127798
-2.406205,3,597.172798
-1.230108,2,597.201798
-3.65088,4,597.248798
-2.400537,3,597.285798
-2.464857,3,597.319798
-1.191635,2,597.344799
-2.352279,3,597.374798
-1.218324,2,597.401798
-2.458382,3,597.441798
-2.413923,3,597.478798
-2.457147,3,597.513798
-1.179405,2,597.532803
-3.678058,4,597.579306
-1.277772,2,597.608306
-2.481418,3,597.643306
-2.550232,3,597.684306
-3.848733,4,597.734305
-0.031742,1,597.753307
-2.45894,3,597.796308
-3.555704,4,597.847307
-2.508265,3,597.901308
-3.66693,4,597.974434
-0.088058,1,597.991433
-2.309759,3,598.023433
-2.510971,3,598.061433
-1.150472,2,598.089433
-0.094177,1,598.107434
-0.094302,1,598.123433
-1.250546,2,598.15251
-2.507793,3,598.197637
-1.25551,2,598.233636
-2.578665,3,598.284637
-3.737618,4,598.340882
-3.718358,4,598.407884
-0.064039,1,598.423883
-3.762724,4,598.483883
-3.750735,4,598.536086
-3.668028,4,598.606085
-1.205907,2,598.626086
-1.239826,2,598.649086
-3.73036,4,598.698596
-2.563257,3,598.735596
-3.702176,4,598.780596
-0.042946,1,598.790825
-2.472047,3,598.821825
-2.491033,3,598.857825
-2.446444,3,598.890824
-1.217487,2,598.911825
-2.338277,3,598.942826
-2.492881,3,598.979826
-3.662157,4,599.020825
-2.417074,3,599.055826
-3.639569,4,599.100826
-2.460576,3,599.136824
-1.140508,2,599.156826
-3.606142,4,599.196826
-3.694102,4,599.239825
-0.083151,1,599.254825
-1.213255,2,599.276825
-3.581654,4,599.319245
-2.422048,3,599.352245
-1.1461,2,599.374244
-3.556918,4,599.418245
-0.059762,1,599.429245
-1.200809,2,599.451245
-0.050172,1,599.466246
-2.475159,3,599.499245
-2.467778,3,599.535245
-2.334429,3,599.567246
-2.476272,3,599.604248
-2.323642,3,599.635245
-2.470919,3,599.670247
-2.519347,3,599.704246
-3.725702,4,599.751246
-2.548584,3,599.784246
-2.450026,3,599.814756
-2.445068,3,599.847753
-2.325188,3,599.884753
-1.256594,2,599.907754
-2.383788,3,599.940754
-3.710429,4,599.984754
-1.268856,2,600.046754
-1.139445,2,600.068754
-2.437317,3,600.102756
-0.062762,1,600.113756
-3.679981,4,600.159754
-1.263572,2,600.180754
-1.233863,2,600.203002
-1.192154,2,600.224003
-2.323897,3,600.260002
-2.462876,3,600.293003
-2.591356,3,600.325002
-2.451247,3,600.359003
-2.450009,3,600.393002
-2.546537,3,600.426004
-2.490408,3,600.459002
-2.540616,3,600.491003
-2.521749,3,600.530002
-2.419779,3,600.562005
-1.25443,2,600.583004
-1.215245,2,600.604004
-2.414074,3,600.640002
-2.463278,3,600.672002
-2.456555,3,600.701003
-3.576569,4,600.745003
-1.249854,2,600.771004
-1.161147,2,600.794003
-1.233479,2,600.816003
-0.051353,1,600.826003
-2.338077,3,600.869004
-2.445508,3,600.901003
-2.523352,3,600.933006
-3.578333,4,600.97759
-2.502363,3,601.012646
-0.074516,1,601.022646
-2.437158,3,601.053646
-3.761352,4,601.0977
-2.400952,3,601.134701
-2.33522,3,601.164701
-1.241501,2,601.185701
-1.253166,2,601.207702
-2.421669,3,601.243817
-3.670024,4,601.286819
-1.252745,2,601.307817
-2.4315,3,601.338817
-3.631692,4,601.385818
-0.098035,1,601.398817
-2.334458,3,601.427817
-3.605565,4,601.466817
-3.555692,4,601.516899
-2.552662,3,601.547899
-0.032297,1,601.558899
-3.578816,4,601.599898
-3.681686,4,601.644899
-2.471212,3,601.6739
-2.40289,3,601.705902
-3.774639,4,601.7469
-3.677414,4,601.792899
-2.36914,3,601.819899
-2.430594,3,601.8529
-2.500294,3,601.879899
-2.375507,3,601.914899
-2.454157,3,601.945966
-1.214326,2,601.966094
-2.355103,3,602.000097
-0.098116,1,602.026096
-0.047505,1,602.045095
-1.258929,2,602.086726
-1.194989,2,602.110726
-2.533363,3,602.154729
-2.348044,3,602.189725
-2.353211,3,602.220725
-2.496403,3,602.251928
-1.137325,2,602.28008
-3.605651,4,602.325082
-0.043368,1,602.33708
-0.080984,1,602.34808
-3.808876,4,602.399079
-0.089869,1,602.41008
-2.487572,3,602.44108
-1.203805,2,602.46208
-2.49268,3,602.499081
-2.530975,3,602.531196
-0.060841,1,602.542196
-0.011986,1,602.552199
-2.422251,3,602.588197
-1.29449,2,602.610196
-0.09972,1,602.622198
-3.667326,4,602.661197
-3.657643,4,602.709197
-2.305765,3,602.739197
-3.562182,4,602.779196
-2.345471,3,602.810196
-3.64709,4,602.859196
-3.558676,4,602.901197
-1.152349,2,602.923197
-2.393711,3,602.955197
-1.276039,2,602.980197
-2.512557,3,603.008196
-3.624716,4,603.052197
-0.073899,1,603.063197
-1.188591,2,603.087265
-3.797702,4,603.128265
-1.190265,2,603.150265
-2.387027,3,603.181268
-2.529212,3,603.215776
-2.362543,3,603.248776
-2.460659,3,603.280775
-3.77218,4,603.320776
-2.463524,3,603.357776
-2.508453,3,603.390776
-1.253858,2,603.412776
-1.279628,2,603.432776
-1.211981,2,603.458776
-3.680742,4,603.501776
-2.544513,3,603.531776
-0.092181,1,603.541842
-3.67889,4,603.584844
-2.583714,3,603.617842
-3.700393,4,603.656842
-2.533651,3,603.686843
-2.479952,3,603.721843
-3.594653,4,603.762842
-3.54922,4,603.805843
-3.635514,4,603.846842
-2.396852,3,603.881841
-3.626779,4,603.924842
-3.623079,4,603.963843
-1.185045,2,603.982843
-2.423588,3,604.020843
-2.468121,3,604.052843
-2.358827,3,604.082843
-2.403254,3,604.114844
-0.043942,1,604.128842
-2.483593,3,604.161844
-2.560606,3,604.194843
-2.387055,3,604.225844
-2.606905,3,604.258842
-0.029806,1,604.268843
-2.554862,3,604.298842
-0.016291,1,604.308844
-1.262411,2,604.334843
-0.02138,1,604.345843
-2.44225,3,604.381842
-2.37821,3,604.411351
-0.052392,1,604.426351
-3.675844,4,604.466352
-1.255276,2,604.488351
-2.332204,3,604.520352
-2.397138,3,604.55435
-3.609054,4,604.596351
-1.200501,2,604.618351
-1.205934,2,604.639352
-1.16975,2,604.664352
-0.054501,1,604.674351
-2.471961,3,604.706351
-2.336489,3,604.737351
-2.518764,3,604.771351
-0.034067,1,604.782351
-2.449874,3,604.812351
-2.427077,3,604.843352
-3.803587,4,604.88735
-3.802762,4,604.927351
-2.413376,3,604.957351
-2.321892,3,604.988351
-3.689617,4,605.035353
-3.663383,4,605.076352
-2.401976,3,605.107352
-2.336528,3,605.167353
-3.561277,4,605.242668
-1.171995,2,605.270667
-2.466598,3,605.303667
-2.385813,3,605.335667
-3.591912,4,605.383667
-2.415511,3,605.414667
-3.643397,4,605.459666
-1.153061,2,605.480667
-3.632889,4,605.52667
-1.280599,2,605.54718
-2.427507,3,605.579177
-2.522223,3,605.607176
-2.362646,3,605.643263
-2.452617,3,605.678263
-1.265346,2,605.700263
-2.438282,3,605.731263
-1.161586,2,605.758512
-2.528434,3,605.79051
-0.090274,1,605.80151
-3.634671,4,605.842693
-0.066424,1,605.856695
-0.026668,1,605.866694
-1.178516,2,605.884693
-3.578469,4,605.924693
-1.257261,2,605.949693
-2.454422,3,605.979693
-0.078188,1,605.990695
-3.640314,4,606.033694
-2.37663,3,606.067694
-1.26261,2,606.088694
-1.250395,2,606.109693
-2.406535,3,606.140694
-1.183301,2,606.167694
-2.431621,3,606.198694
-2.378362,3,606.229694
-2.418859,3,606.259694
-0.062268,1,606.273695
-2.431281,3,606.302695
-3.610802,4,606.345694
-3.648169,4,606.385694
-2.328575,3,606.420694
-2.574755,3,606.452694
-2.399403,3,606.482694
-2.350019,3,606.513694
-1.210205,2,606.538694
-1.209188,2,606.557695
-2.538819,3,606.588695
-3.756011,4,606.630693
-3.776374,4,606.677202
-2.474596,3,606.707201
-3.645597,4,606.747201
-2.36689,3,606.778365
-3.682793,4,606.822365
-2.400288,3,606.853365
-2.481788,3,606.885364
-1.167784,2,606.904366
-2.463297,3,606.937365
-0.064069,1,606.948365
-0.031165,1,606.957365
-2.518712,3,606.988365
-2.432624,3,607.021366
-1.151743,2,607.03986
-1.271465,2,607.06086
-2.361209,3,607.09086
-1.212415,2,607.116861
-1.23975,2,607.136859
-0.095852,1,607.14886
-1.235047,2,607.167859
-1.142436,2,607.19186
-1.207031,2,607.21486
-1.206408,2,607.235859
-2.346601,3,607.26386
-1.24482,2,607.288859
-1.253503,2,607.30986
-0.097873,1,607.320861
-1.204993,2,607.342859
-2.46037,3,607.37186
-3.650544,4,607.410859
-3.748368,4,607.450859
-1.23667,2,607.471859
-2.382942,3,607.504859
-1.128137,2,607.524859
-1.224452,2,607.546859
-2.493201,3,607.576859
-0.095943,1,607.590859
-1.261189,2,607.611859
-2.506425,3,607.64086
-0.042903,1,607.65286
-2.333737,3,607.68886
-0.026553,1,607.698859
-2.480403,3,607.731859
-0.051589,1,607.740859
-2.377153,3,607.774859
-2.494033,3,607.804859
-3.650054,4,607.84637
-3.540712,4,607.887369
-2.544323,3,607.922369
-0.057914,1,607.933371
-1.161496,2,607.955369
-2.342244,3,607.988371
-0.077821,1,608.008372
-1.12395,2,608.031369
-1.162164,2,608.04937
-2.319077,3,608.081369
-0.025277,1,608.09437
-3.663691,4,608.137369
-2.394224,3,608.168457
-2.474198,3,608.200455
-1.154485,2,608.225456
-1.244732,2,608.244597
-2.602349,3,608.276598
-2.416594,3,608.309676
-0.017732,1,608.323676
-2.502717,3,608.355676
-2.398753,3,608.384676
-1.240979,2,608.405676
-3.737747,4,608.451678
-3.908521,4,608.491677
-0.066688,1,608.501676
-1.279223,2,608.522676
-2.40369,3,608.558676
-2.495484,3,608.590676
-2.485238,3,608.620677
-2.393968,3,608.650679
-2.494491,3,608.685676
-1.246276,2,608.706679
-1.241413,2,608.727678
-3.641064,4,608.768676
-1.236135,2,608.794031
-2.368906,3,608.82503
-3.668008,4,608.867031
-2.572844,3,608.89803
-2.449781,3,608.934031
-0.069226,1,608.944031
-2.376525,3,608.97754
-3.645895,4,609.020642
-3.556526,4,609.066641
-0.082168,1,609.076641
-2.3799,3,609.10764
-1.266295,2,609.12864
-3.751774,4,609.174639
-1.255142,2,609.195642
-3.645122,4,609.234641
-3.663803,4,609.27564
-3.625702,4,609.32264
-2.392124,3,609.351641
-3.6524,4,609.39364
-3.713394,4,609.434782
-0.019778,1,609.448782
-0.097697,1,609.460783
-1.279533,2,609.481781
-3.667578,4,609.524984
-2.532734,3,609.559985
-1.229059,2,609.580985
-1.166265,2,609.602986
-2.387899,3,609.635985
-2.473017,3,609.671986
-2.464194,3,609.704989
-2.394317,3,609.737985
-2.533838,3,609.768985
-2.401448,3,609.819988
-1.198321,2,609.857986
-1.247558,2,609.890986
-3.620129,4,609.941985
-2.538494,3,609.999602
-1.169517,2,610.023602
-2.410686,3,610.056601
-2.473545,3,610.090603
-2.53106,3,610.133118
-2.379991,3,610.170113
-2.399006,3,610.203113
-0.015068,1,610.214113
-2.464962,3,610.251112
-1.26471,2,610.273114
-3.787762,4,610.343114
-3.7458,4,610.405114
-0.097184,1,610.422113
-1.132125,2,610.446114
-1.215016,2,610.467113
-3.743867,4,610.511114
-1.253375,2,610.538114
-1.193259,2,610.560115
-0.058611,1,610.570114
-2.516493,3,610.606113
-3.658641,4,610.652114
-1.270685,2,610.672113
-2.380264,3,610.704113
-1.263052,2,610.725114
-1.148859,2,610.752114
-1.171085,2,610.772113
-1.209321,2,610.793113
-2.401685,3,610.823113
-2.528203,3,610.859113
-2.421168,3,610.889113
-2.346497,3,610.921115
-2.456925,3,610.953114
-1.235656,2,610.977113
-2.430912,3,611.007113
-3.618848,4,611.049114
-2.35113,3,611.079113
-2.572558,3,611.114113
-1.148775,2,611.134114
-1.200088,2,611.155113
-1.182403,2,611.176113
-2.468295,3,611.210113
-3.544721,4,611.251117
-2.455527,3,611.282621
-1.287016,2,611.303621
-2.436579,3,611.339622
-0.095566,1,611.350621
-1.174388,2,611.371685
-1.298759,2,611.390686
-0.028247,1,611.404685
-1.1471,2,611.427685
-0.067601,1,611.437684
-1.220832,2,611.458685
-1.244435,2,611.482684
-2.44199,3,611.513685
-1.29113,2,611.534684
-1.279339,2,611.554684
-3.753641,4,611.599685
-3.610312,4,611.639826
-1.262053,2,611.657986
-2.393012,3,611.689228
-1.195558,2,611.717229
-2.366869,3,611.747229
-2.473284,3,611.778229
-1.15904,2,611.799228
-3.593573,4,611.848229
-2.456818,3,611.89823
-0.072798,1,611.91623
-2.542592,3,611.982231
-3.661395,4,612.032228
-2.358619,3,612.065229
-2.48043,3,612.097229
-3.710336,4,612.13923
-2.339907,3,612.17823
-2.338574,3,612.213229
-2.474769,3,612.243229
-2.45771,3,612.275228
-0.078303,1,612.289229
-1.227038,2,612.311228
-2.451533,3,612.343229
-2.382026,3,612.374228
-2.421768,3,612.40623
-3.626848,4,612.448815
-2.32533,3,612.480815
-0.0234,1,612.491815
-3.764599,4,612.535815
-0.090345,1,612.546817
-2.447602,3,612.578266
-1.236768,2,612.600267
-1.246805,2,612.624267
-2.438165,3,612.655266
-1.188453,2,612.675266
-0.010608,1,612.686266
-2.338235,3,612.721267
-2.503239,3,612.752266
-3.701574,4,612.794266
-2.441684,3,612.822266
-2.5302,3,612.853266
-2.400075,3,612.879266
-1.174902,2,612.897266
-2.387697,3,612.923266
-3.80619,4,612.961266
-2.478836,3,612.985464
-2.487473,3,613.010464
-3.621916,4,613.043464
-2.438024,3,613.071466
-2.387987,3,613.095464
-2.565696,3,613.119464
-0.05384,1,613.129464
-3.641809,4,613.165465
-2.441624,3,613.193465
-3.619136,4,613.225464
-2.416519,3,613.250464
-2.481549,3,613.280464
-1.154862,2,613.296464
-2.532303,3,613.320464
-1.286898,2,613.336464
-2.513272,3,613.366464
-2.37435,3,613.391464
-2.479713,3,613.416465
-3.621292,4,613.450464
-1.151566,2,613.471467
-0.090704,1,613.480464
-2.384591,3,613.509466
-2.393707,3,613.533468
-3.724023,4,613.571975
-3.57619,4,613.604974
-2.537791,3,613.628974
-3.639199,4,613.660974
-1.199573,2,613.682974
-2.410775,3,613.705974
-2.496527,3,613.729974
-2.4022,3,613.752975
-2.444625,3,613.786612
-2.495645,3,613.815836
-3.774855,4,613.847835
-2.343168,3,613.870892
-1.1432,2,613.89102
-1.216738,2,613.90802
-2.519387,3,613.931021
-3.785973,4,613.96302
-2.530124,3,613.990021
-1.280195,2,614.007019
-2.360411,3,614.03102
-2.391758,3,614.054021
-2.378137,3,614.08102
-2.382659,3,614.106021
-1.268864,2,614.121021
-3.807891,4,614.15334
-3.649511,4,614.188339
-2.550881,3,614.211339
-3.906335,4,614.243339
-2.564783,3,614.267339
-1.27724,2,614.286339
-2.462405,3,614.310339
-0.097846,1,614.318339
-1.160095,2,614.335339
-2.367437,3,614.362339
-3.533508,4,614.392886
-0.093199,1,614.400885
-2.56268,3,614.423886
-1.228406,2,614.444886
-2.427823,3,614.468886
-2.518424,3,614.490974
-1.245636,2,614.506973
-3.643758,4,614.542976
-1.208609,2,614.558975
-2.446112,3,614.580973
-2.444179,3,614.604973
-2.398619,3,614.631973
-0.087347,1,614.639973
-3.671271,4,614.671977
-1.205375,2,614.68748
-1.23334,2,614.708479
-3.802191,4,614.73948
-0.02808,1,614.74748
-2.412723,3,614.77248
-1.177074,2,614.793481
-3.632246,4,614.82448
-0.082544,1,614.83248
-1.136884,2,614.847481
-1.25526,2,614.86648
-3.671702,4,614.898482
-3.615771,4,614.92948
-3.621964,4,614.959481
-2.459858,3,614.98848
-2.507275,3,615.01248
-2.347826,3,615.03548
-3.763901,4,615.06648
-0.094921,1,615.077481
-0.04779,1,615.08548
-1.235923,2,615.103481
-2.484562,3,615.12648
-0.09599,1,615.13748
-2.500074,3,615.16148
-3.8639,4,615.192689
-2.452704,3,615.217688
-2.515465,3,615.244688
-1.238593,2,615.259689
-0.035417,1,615.267688
-1.257531,2,615.282688
-3.628933,4,615.318688
-2.515728,3,615.341687
-2.502219,3,615.364688
-2.486643,3,615.388687
-3.751429,4,615.424687
-2.473649,3,615.447689
-2.528771,3,615.47169
-3.789534,4,615.50269
-1.263315,2,615.521688
-3.625594,4,615.555689
-1.238986,2,615.571688
-3.665644,4,615.60269
-0.058473,1,615.613688
-3.720692,4,615.646689
-2.396993,3,615.669688
-0.092487,1,615.67769
-3.60621,4,615.711688
-2.473856,3,615.734689
-2.351212,3,615.759689
-2.467386,3,615.782688
-2.493031,3,615.809688
-3.626724,4,615.842195
-2.45698,3,615.866258
-2.464306,3,615.888257
-3.562459,4,615.923257
-2.434825,3,615.947445
-1.20017,2,615.963445
-2.515371,3,615.987445
-2.458009,3,616.013444
-2.364986,3,616.036737
-2.451223,3,616.059736
-1.204721,2,616.076736
-2.44589,3,616.104737
-1.222833,2,616.120737
-2.576124,3,616.144736
-3.580448,4,616.175736
-3.672951,4,616.211736
-1.16005,2,616.226737
-0.039037,1,616.233738
-0.004091,1,616.242737
-2.434207,3,616.268736
-1.175012,2,616.284737
-3.612468,4,616.316737
-2.51425,3,616.340737
-1.205584,2,616.359737
-2.41682,3,616.382738
-0.079585,1,616.390737
-2.342981,3,616.415737
-1.162343,2,616.445739
-1.268186,2,616.476738
-2.323957,3,616.522738
-2.316227,3,616.566737
-3.622522,4,616.605736
-1.201121,2,616.623737
-2.480355,3,616.648736
-3.703096,4,616.680736
-1.270593,2,616.701736
-2.375596,3,616.727738
-2.46076,3,616.756737
-2.462103,3,616.782737
-1.219493,2,616.805737
-2.38728,3,616.829736
-2.384696,3,616.854739
-1.152155,2,616.870737
-1.260105,2,616.888736
-0.049874,1,616.896737
-0.08282,1,616.905736
-2.435071,3,616.930738
-0.022065,1,616.957744
-3.601016,4,617.014255
-1.245977,2,617.037256
-0.097702,1,617.048255
-2.465027,3,617.08638
-3.728144,4,617.12038
-3.774071,4,617.15138
-2.360179,3,617.17538
-2.432635,3,617.20238
-0.089578,1,617.21038
-2.417533,3,617.235382
-1.281059,2,617.253381
-2.364814,3,617.28738
-1.268895,2,617.304702
-3.662992,4,617.334702
-2.429244,3,617.358701
-2.403086,3,617.388701
-2.524824,3,617.411701
-2.440782,3,617.434702
-1.261541,2,617.450701
-2.376914,3,617.477704
-2.341657,3,617.501701
-0.020827,1,617.510703
-2.430539,3,617.535702
-3.703374,4,617.568701
-1.199252,2,617.584702
-3.668078,4,617.616702
-3.70294,4,617.647702
-0.04057,1,617.658701
-2.358469,3,617.681702
-1.139177,2,617.697702
-2.452723,3,617.721703
-2.475729,3,617.749702
-0.084265,1,617.757701
-2.508061,3,617.781701
-2.500942,3,617.805702
-2.417052,3,617.833701
-2.415559,3,617.857701
-0.074532,1,617.864701
-2.526764,3,617.888701
-3.672093,4,617.924701
-2.383448,3,617.949701
-0.074384,1,617.957701
-2.391906,3,617.980701
-1.252309,2,618.000701
-2.448905,3,618.024701
-0.089159,1,618.032701
-3.686489,4,618.064701
-1.158887,2,618.083702
-0.054649,1,618.092705
-3.760604,4,618.126208
-3.64375,4,618.158317
-3.761056,4,618.195401
-0.014571,1,618.203403
-3.6634,4,618.235401
-3.628478,4,618.266402
-3.538487,4,618.302401
-1.267824,2,618.318401
-3.579518,4,618.348401
-1.21307,2,618.364402
-1.245104,2,618.384402
-0.067785,1,618.392401
-2.476785,3,618.416402
-1.187745,2,618.431401
-1.242796,2,618.450401
-2.570948,3,618.474401
-2.363473,3,618.498401
-3.603626,4,618.528402
-1.210333,2,618.547401
-3.749071,4,618.577401
-2.439096,3,618.602401
-2.454172,3,618.625401
-0.081667,1,618.6374
-0.073196,1,618.645401
-1.225986,2,618.661401
-1.225189,2,618.677401
-0.052431,1,618.687401
-2.510256,3,618.713401
-1.217325,2,618.728402
-2.55741,3,618.751401
-3.694178,4,618.785554
-1.250938,2,618.801553
-3.597483,4,618.833555
-2.470637,3,618.856554
-1.232487,2,618.875554
-2.437785,3,618.899554
-2.47133,3,618.924554
-1.261215,2,618.939553
-2.316132,3,618.967554
-1.259745,2,618.983554
-2.348902,3,619.006553
-3.680735,4,619.038554
-2.422117,3,619.065555
-2.4122,3,619.088554
-2.457522,3,619.111554
-1.258889,2,619.126554
-1.15426,2,619.146556
-2.466763,3,619.168554
-1.193894,2,619.183554
-3.569128,4,619.214554
-2.58286,3,619.242557
-2.513874,3,619.268131
-0.097572,1,619.277132
-3.657383,4,619.308132
-2.405521,3,619.335132
-2.465038,3,619.360132
-0.044406,1,619.368132
-2.339645,3,619.391133
-1.252746,2,619.410132
-0.034758,1,619.418131
-1.171475,2,619.434134
-3.651086,4,619.478321
-2.398857,3,619.535319
-0.098612,1,619.547318
-3.624959,4,619.589319
-2.509193,3,619.614318
-1.236556,2,619.638317
-3.59383,4,619.670317
-3.683401,4,619.704318
-1.286011,2,619.720318
-2.494316,3,619.750318
-1.258146,2,619.770317
-1.269115,2,619.791317
-2.50285,3,619.818317
-1.176563,2,619.838317
-2.514362,3,619.862317
-2.598165,3,619.885317
-1.175889,2,619.902316
-2.390774,3,619.931317
-2.34292,3,619.956406
-1.176435,2,619.973408
-0.057009,1,619.983407
-2.36421,3,620.013407
-3.584529,4,620.044407
-1.246798,2,620.060407
-1.178997,2,620.077407
-2.436759,3,620.104407
-1.168445,2,620.121407
-3.81067,4,620.152407
-1.22424,2,620.167407
-2.379109,3,620.194407
-2.548784,3,620.217407
-1.223483,2,620.234407
-3.610018,4,620.265409
-2.48379,3,620.294407
-3.544426,4,620.326406
-2.49167,3,620.350406
-3.623044,4,620.380411
-3.805122,4,620.418914
-1.236743,2,620.434916
-1.218947,2,620.451915
-1.157486,2,620.467914
-3.721112,4,620.503914
-3.608162,4,620.534914
-1.209541,2,620.550915
-1.254342,2,620.568914
-2.391265,3,620.596914
-2.460708,3,620.619914
-1.242192,2,620.635914
-2.371189,3,620.658914
-2.406662,3,620.686914
-2.422069,3,620.709915
-3.668664,4,620.740915
-1.136551,2,620.756914
-3.553984,4,620.792915
-3.651077,4,620.823914
-1.232332,2,620.839914
-2.526681,3,620.861914
-2.528415,3,620.890915
-1.219787,2,620.906914
-2.532706,3,620.929914
-1.251043,2,620.944913
-0.036319,1,620.955914
-2.411365,3,620.980914
-1.260422,2,620.997914
-3.556895,4,621.028915
-3.708379,4,621.062914
-2.342492,3,621.085914
-1.246256,2,621.101914
-0.045984,1,621.110914
-1.281842,2,621.130913
-2.385483,3,621.154017
-2.318157,3,621.177016
-2.461094,3,621.200016
-2.488122,3,621.229017
-2.356187,3,621.252017
-3.806798,4,621.283016
-2.533247,3,621.306016
-1.304589,2,621.326016
-1.175478,2,621.342017
-2.473956,3,621.365016
-0.04312,1,621.373017
-1.264985,2,621.393016
-1.209643,2,621.409016
-2.362528,3,621.432017
-2.464943,3,621.456017
-0.054249,1,621.468016
-2.455346,3,621.491017
-1.23997,2,621.507016
-2.583035,3,621.530529
-2.389542,3,621.560528
-0.068964,1,621.569527
-2.493466,3,621.592526
-1.224493,2,621.608597
-2.322417,3,621.636597
-1.15428,2,621.653598
-0.064071,1,621.661597
-1.277606,2,621.676597
-2.561671,3,621.7036
-0.074601,1,621.711597
-2.536168,3,621.734599
-2.360423,3,621.758597
-3.576196,4,621.793873
-0.034259,1,621.801872
-3.705042,4,621.832947
-1.252745,2,621.847948
-1.216075,2,621.866947
-3.730881,4,621.898947
-2.438117,3,621.921948
-3.66201,4,621.951946
-3.785462,4,621.987948
-3.665508,4,622.01911
-1.278018,2,622.03411
-1.20543,2,622.04911
-2.454744,3,622.07611
-0.099566,1,622.08411
-2.402849,3,622.10911
-2.342659,3,622.13211
-3.559828,4,622.167111
-0.064879,1,622.17511
-2.319627,3,622.199111
-2.50312,3,622.222113
-3.750897,4,622.25711
-2.525043,3,622.28011
-2.420385,3,622.303112
-0.084107,1,622.31211
-2.306812,3,622.349111
-2.438529,3,622.373112
-1.244305,2,622.38911
-0.066479,1,622.397114
-2.44355,3,622.42611
-2.444377,3,622.44911
-0.05036,1,622.45711
-2.453428,3,622.479111
-2.478384,3,622.50611
-1.26387,2,622.522113
-2.455288,3,622.54611
