timesteps,mean_reward,std_reward,success_rate,mean_ep_length
5000,-0.0017071791566447205,9.8135363386186e-06,0.0,999.0
10000,-7.892530975777137e-06,6.860308466085329e-06,0.0,999.0
15000,-0.0866652772793993,0.00010010450189269863,0.0,999.0
20000,-0.007642922556735153,1.284599227004097e-05,0.0,999.0
25000,-2.443712190380865e-06,5.077543969139169e-07,0.0,999.0
30000,-0.001220520517328723,1.0086553972098122e-05,0.0,999.0
