#{"t_start": 1777820877.8931916, "env_id": "FetchReach-v4"}
r,l,t
-66.735395,50,1.069499
-63.095023,50,1.126607
-4.354327,5,1.133132
-58.073811,50,1.187003
-58.147022,50,1.246227
-58.800781,50,1.296931
-24.183538,23,1.320976
-58.267814,50,1.376108
-58.853146,50,1.43047
-57.939928,50,1.4842
-60.620297,50,1.540429
-57.666125,50,1.59612
-63.589272,50,1.659934
-56.59585,50,1.710005
-9.936624,10,1.720541
-29.870037,27,1.748591
-64.394788,50,1.803913
-59.059333,50,1.857184
-12.072719,12,1.870423
-62.547752,50,1.926602
-45.790892,41,1.979944
-57.321824,50,2.037517
-61.015342,50,2.093228
-63.023658,50,2.146957
-62.519356,50,2.205054
-57.700156,50,2.262255
-58.80891,50,2.310931
-58.387138,50,2.364054
-56.838263,50,2.41714
-67.372989,50,2.47688
-64.901531,50,2.532028
-65.7616,50,2.583089
-61.290854,50,2.636873
-57.340774,50,2.692198
-60.708083,50,2.738376
-62.47142,50,2.788392
-58.002566,50,2.836905
-62.285398,50,2.88948
-61.677945,50,2.943134
-66.624343,50,2.994937
-58.985844,50,3.045185
-56.794705,50,3.101873
-62.33095,50,3.155029
-10.821966,11,3.167042
-14.5048,14,3.183072
-56.362648,50,3.234812
-40.255706,36,3.269872
-62.024486,50,3.323949
-58.240649,50,3.380033
-62.667211,50,3.435108
-65.309718,50,3.482294
-56.570534,50,3.535963
-61.322055,50,3.593068
-56.986928,50,3.648426
-59.846499,50,3.700994
-62.938747,50,3.754076
-60.396249,50,3.806157
-60.36694,50,3.862042
-56.888255,50,3.911115
-62.228704,50,3.966859
-14.655856,14,3.985887
-49.611173,46,4.027442
-57.725732,50,4.072159
-58.381512,50,4.129504
-58.177669,50,4.182137
-59.004049,50,4.233104
-59.443795,50,4.275302
-65.734937,50,4.328906
-59.835179,50,4.383032
-59.873506,50,4.437189
-15.82504,15,4.451922
-58.627362,50,4.495982
-62.249679,50,4.553242
-65.05635,50,4.607028
-65.375395,50,4.656242
-62.564017,50,4.701127
-61.331931,50,4.756004
-58.742175,50,4.808583
-62.942524,50,4.860004
-58.773559,50,4.900614
-60.237157,50,4.957153
-57.982367,50,5.010194
-60.09939,50,5.062925
-56.13845,50,5.123024
-59.002615,50,5.202008
-62.052718,50,5.272138
-30.311522,27,5.308327
-18.93308,18,5.330873
-5.415386,6,5.340889
-64.953611,50,5.39855
-59.500385,50,5.454816
-58.100369,50,5.513922
-61.626889,50,5.58066
-57.643256,50,5.639162
-63.266275,50,5.684843
-59.380956,50,5.733908
-57.659945,50,5.792011
-62.526906,50,5.844093
-59.823364,50,5.894904
-60.388292,50,5.950989
-64.538383,50,6.007059
-14.50584,14,6.021091
-40.912223,37,6.062241
-64.732801,50,6.112899
-57.774701,50,6.170995
-63.028435,50,6.221122
-8.806241,9,6.230144
-65.076437,50,6.279905
-57.803752,50,6.335982
-62.237819,50,6.391074
-57.518046,50,9.464849
-64.416697,50,10.253021
-56.683155,50,11.00999
-65.518826,50,11.749989
-5.480525,6,11.839109
-56.920449,50,12.576166
-60.975173,50,13.405962
-57.104674,50,14.251236
-60.146646,50,15.122856
-64.885977,50,15.99089
-60.927607,50,16.905045
-58.944623,50,18.045195
-59.751967,50,19.067166
-8.635774,9,19.219534
-59.027303,50,20.05402
-58.862104,50,20.886994
-64.401379,50,21.732961
-61.414018,50,22.581009
-63.761768,50,23.390145
-30.559836,29,23.850909
-62.975848,50,24.656104
-57.3948,50,25.374063
-40.222408,37,25.90603
-59.176711,50,26.647343
-57.227222,50,27.382912
-66.319184,50,28.184991
-64.015499,50,29.049938
-58.069478,50,29.919574
-16.938726,16,30.181497
-57.203361,50,31.014026
-59.586077,50,31.862124
-64.151943,50,32.690511
-58.873917,50,33.517004
-56.363221,50,34.238491
-57.958478,50,34.964344
-56.459197,50,35.684253
-63.736912,50,36.42011
-61.602888,50,37.128604
-58.81342,50,37.840925
-60.772028,50,38.650353
-57.572561,50,39.506049
-20.487373,20,39.840995
-60.739626,50,40.687148
-59.827699,50,41.568694
-60.283684,50,42.427074
-69.748654,50,43.270778
-61.995279,50,44.106938
-64.754296,50,44.909563
-66.308443,50,45.68704
-4.431391,5,45.760243
-0.021582,1,45.781943
-5.424857,6,45.876143
-3.210171,4,45.943925
-0.043433,1,45.960971
-0.025398,1,45.984002
-60.187205,50,46.786221
-60.891045,50,47.512963
-60.446083,50,48.198511
-62.383239,50,48.861705
-65.404446,50,49.501801
-59.283802,50,50.199968
-64.090895,50,50.952335
-56.914376,50,51.759474
-59.437394,50,52.56941
-13.665344,13,52.763558
-22.995265,22,53.128568
-60.430758,50,53.999503
-10.885113,11,54.186648
-63.078023,50,55.034816
-62.938956,50,55.899425
-57.366185,50,56.768639
-30.370739,28,57.261539
-13.33741,13,57.467036
-6.600651,7,57.584907
-9.897417,10,57.755443
-62.553713,50,58.549918
-0.043627,1,58.565435
-57.365131,50,59.334886
-59.0619,50,60.097018
-61.442033,50,60.800107
-60.723783,50,61.597009
-60.828113,50,62.417058
-60.03522,50,63.217083
-49.553271,44,63.923846
-58.71329,50,64.779242
-55.565025,50,65.635006
-63.40093,50,66.449896
-55.862549,50,67.222076
-1.114821,2,67.252112
-61.50978,50,68.017
-60.956068,50,68.76873
-60.661399,50,69.530255
-60.429994,50,70.292102
-7.558549,8,70.424066
-60.257982,50,71.186038
-58.956373,50,71.930084
-57.831905,50,72.683576
-59.43972,50,73.391214
-61.334061,50,74.095046
-61.902031,50,74.78615
-57.629092,50,75.486987
-64.198335,50,76.201908
-1.109701,2,76.243976
-56.186644,50,76.977472
-57.803233,50,77.683001
-55.864587,50,78.383287
-1.122887,2,78.415875
-61.662943,50,79.118581
-56.274464,50,79.820199
-62.248965,50,80.575463
-60.520238,50,81.317099
-63.125468,50,82.080969
-55.877047,50,82.819288
-60.092997,50,83.561983
-65.430283,50,84.280851
-60.589441,50,84.976362
-1.121747,2,85.002957
-54.849523,50,85.709529
-62.303987,50,86.441871
-62.68767,50,87.171095
-57.686325,50,90.170846
-7.690077,8,90.301028
-57.106948,50,91.023805
-57.259398,50,91.749918
-56.726523,50,92.471043
-62.211669,50,93.180806
-60.617499,50,93.887
-58.624238,50,94.851003
-64.528978,50,95.788329
-13.259489,13,96.025885
-59.786835,50,96.784032
-63.215855,50,97.541088
-60.589043,50,98.356947
-56.936122,50,99.339463
-60.093303,50,100.302886
-60.475313,50,101.237286
-56.330493,50,102.047057
-20.679954,20,102.376977
-60.485945,50,103.193018
-58.637316,50,103.950104
-59.681089,50,104.674921
-51.890296,47,105.403799
-5.464681,6,105.493414
-28.691881,26,105.846938
-59.603084,50,106.568385
-57.049882,50,107.281192
-58.065771,50,107.989421
-8.766785,9,108.121356
-6.462723,7,108.22288
-49.252213,44,108.841869
-63.836438,50,109.536309
-56.483396,50,110.412957
-13.080499,13,110.64297
-57.961663,50,111.590496
-57.643628,50,112.428898
-56.460609,50,113.113009
-57.327513,50,113.809153
-4.400886,5,113.87998
-15.690067,15,114.105502
-1.125896,2,114.135106
-58.187558,50,114.821954
-43.244695,39,115.383902
-18.930933,18,115.651048
-23.985024,22,116.051991
-57.716221,50,116.765199
-37.142822,34,117.250007
-56.451122,50,117.969461
-56.986813,50,118.711798
-23.483445,22,119.024258
-55.628257,50,119.718468
-0.042316,1,119.737003
-17.057673,16,119.968571
-36.204033,34,120.445193
-33.114194,30,120.868297
-50.203227,45,121.488437
-56.242582,50,122.181011
-11.345594,11,122.337037
-4.316062,5,122.409184
-31.004762,29,122.804006
-6.457439,7,122.909577
-21.005558,20,123.195479
-42.460504,38,123.738499
-55.587754,50,124.628548
-23.188492,22,125.056937
-55.291612,50,126.074885
-11.185223,11,126.293976
-56.126816,50,127.274903
-5.513677,6,127.385268
-18.639705,18,127.715132
-9.763485,10,127.894053
-11.213239,11,128.115848
-55.153534,50,129.032931
-14.086391,14,129.309476
-27.952487,26,129.82058
-13.435023,13,130.062847
-0.041942,1,130.081872
-14.082717,14,130.333078
-24.552887,23,130.73935
-56.590675,50,131.684933
-15.271974,15,131.885979
-34.309549,32,132.348372
-18.756023,18,132.65026
-8.825425,9,132.784997
-8.763764,9,132.934894
-45.81086,42,133.68002
-1.091126,2,133.711142
-12.171488,12,133.926121
-13.274505,13,134.171842
-9.983197,10,134.352943
-52.817813,48,135.215423
-21.975433,21,135.603117
-4.332275,5,135.698376
-55.497991,50,136.550978
-4.414617,5,136.621193
-20.55903,20,136.891037
-55.317052,50,137.620501
-33.818103,31,138.064035
-22.392247,21,138.369491
-20.598905,20,138.673897
-17.71107,17,138.909457
-7.561653,8,139.026137
-21.996285,21,139.346081
-7.846596,8,139.472038
-6.705925,7,139.582891
-0.041052,1,139.595905
-18.840884,18,139.84954
-15.288641,15,140.078498
-13.122542,13,140.276873
-18.796595,18,140.546033
-21.070435,20,140.822862
-8.715093,9,140.953059
-11.949686,12,141.12323
-10.946231,11,141.277229
-0.031978,1,141.29283
-18.489947,18,141.564112
-6.489395,7,141.669923
-6.616586,7,141.769532
-5.570388,6,141.85716
-18.613914,18,142.137079
-20.666416,20,142.458367
-16.365524,16,142.710659
-12.969654,13,142.892015
-37.503702,35,143.432078
-6.703148,7,143.543913
-4.487947,5,143.62703
-14.356095,14,143.839522
-20.909016,20,144.166851
-4.445947,5,144.251105
-4.319163,5,144.329423
-17.539937,17,144.596914
-11.857495,12,144.782915
-6.492114,7,144.889381
-9.807873,10,145.056161
-9.902295,10,145.198505
-5.503202,6,145.293802
-21.239156,20,145.590863
-4.409182,5,145.658477
-6.677259,7,145.752229
-26.340819,25,146.213389
-25.283475,24,146.696829
-3.281848,4,146.769562
-25.186534,24,147.211962
-1.123394,2,147.256108
-2.181504,3,147.309308
-5.465321,6,147.425097
-1.109192,2,147.462167
-15.42492,15,147.730986
-34.751397,33,148.343983
-17.676829,17,148.668593
-23.201942,22,149.085109
-6.695516,7,149.219462
-12.131281,12,149.442244
-3.345892,4,149.519536
-3.354681,4,149.59006
-0.042797,1,149.614091
-13.20816,13,149.843955
-10.786851,11,150.046984
-10.740302,11,150.24281
-8.865536,9,150.423312
-3.353141,4,150.501939
-19.715098,19,150.859458
-6.477866,7,150.998483
-7.862704,8,151.153226
-13.074436,13,151.393859
-5.506438,6,151.498524
-9.872607,10,151.696094
-14.740588,14,151.982143
-16.297265,16,152.296091
-6.52851,7,152.43187
-3.295093,4,152.502958
-22.470976,22,152.951062
-7.560708,8,153.109413
-5.478567,6,153.231072
-11.857766,12,153.455974
-3.339434,4,153.538578
-0.045553,1,153.557103
-21.790794,21,153.95028
-2.179309,3,154.010024
-9.665549,10,154.203984
-2.199264,3,154.260057
-30.085699,29,154.825917
-8.729092,9,155.01223
-7.510649,8,155.16709
-5.469783,6,155.25498
-4.323368,5,155.326143
-4.537284,5,155.394908
-5.547774,6,155.49308
-2.269367,3,155.537709
-25.018344,24,155.882855
-4.458763,5,155.959316
-3.211986,4,156.022098
-2.190525,3,156.068448
-0.048546,1,156.082975
-5.535122,6,156.173108
-4.443291,5,156.253106
-2.229524,3,156.293866
-3.232631,4,156.350177
-5.53893,6,156.439831
-2.215305,3,156.489402
-3.341385,4,156.549281
-3.324141,4,156.610968
-6.779206,7,156.714114
-9.760039,10,156.869353
-2.219252,3,156.913911
-2.213855,3,156.958475
-6.535534,7,157.064812
-9.712277,10,157.222108
-4.385179,5,157.297064
-0.049203,1,157.313087
-5.391564,6,157.39589
-5.528643,6,157.486941
-4.371523,5,157.558583
-4.526815,5,157.618744
-8.773384,9,157.76108
-1.09132,2,157.798627
-3.312702,4,157.856083
-1.09762,2,157.884665
-2.183985,3,157.927535
-4.460281,5,158.00839
-3.303794,4,158.067197
-3.334366,4,158.123024
-2.19834,3,158.170312
-10.820619,11,158.33523
-3.224303,4,158.391968
-4.567328,5,158.461205
-3.335218,4,158.520953
-10.818007,11,158.68312
-5.725529,6,158.774021
-19.514858,19,159.071064
-16.327781,16,159.353937
-2.225524,3,159.414021
-6.676667,7,159.534407
-0.023424,1,159.550965
-4.356018,5,159.629564
-5.432079,6,159.727431
-4.502014,5,159.803964
-4.464966,5,159.889889
-3.187567,4,159.960177
-3.340661,4,160.039536
-2.256478,3,160.087028
-4.46255,5,160.175296
-5.5136,6,160.274053
-5.493992,6,160.390903
-6.426324,7,160.509862
-4.398133,5,160.597086
-3.288246,4,160.659243
-2.240537,3,160.711895
-15.296905,15,160.961773
-4.447918,5,161.04704
-5.422837,6,161.152099
-5.609299,6,161.26097
-4.450265,5,161.345183
-7.550039,8,161.47847
-2.20377,3,161.531541
-17.733067,17,161.806824
-6.453596,7,161.932172
-4.513784,5,162.020914
-3.397664,4,162.087045
-3.263991,4,162.168369
-3.304825,4,162.241205
-3.317698,4,162.306904
-4.357981,5,162.399251
-3.341037,4,162.478438
-1.109281,2,162.510533
-7.615167,8,162.64184
-10.771013,11,162.816058
-3.252489,4,162.892987
-6.564423,7,163.019439
-2.193472,3,163.073017
-4.333229,5,163.159252
-4.454579,5,163.255854
-3.424276,4,163.326008
-8.705919,9,163.483055
-2.200022,3,163.537119
-5.460324,6,163.644056
-2.182107,3,163.692153
-7.548326,8,163.816945
-3.312631,4,163.889569
-6.72837,7,164.020922
-5.480858,6,164.125254
-2.220062,3,164.182025
-2.192074,3,164.2386
-17.353292,17,164.561049
-3.311473,4,164.631211
-7.72075,8,164.752053
-3.320683,4,164.814188
-2.18641,3,164.873115
-1.115817,2,164.913281
-20.546063,20,165.254065
-3.268685,4,165.324813
-3.318668,4,165.398486
-2.246791,3,165.453069
-9.851475,10,165.617289
-5.395178,6,165.712964
-0.022399,1,165.736995
-1.095414,2,165.771039
-3.329814,4,165.835106
-4.377113,5,165.92077
-2.231438,3,165.975115
-3.342518,4,166.047014
-2.2306,3,166.097075
-3.312116,4,166.165234
-7.639886,8,166.313301
-2.22202,3,166.364988
-0.049873,1,166.381011
-4.382583,5,166.467314
-10.877451,11,166.663138
-3.224402,4,166.722086
-4.470472,5,166.796864
-2.181677,3,166.846148
-4.406576,5,166.94106
-1.108561,2,166.97861
-2.192167,3,167.031802
-2.18449,3,167.081869
-2.256699,3,167.136446
-5.533206,6,167.240726
-2.199446,3,167.294842
-3.360258,4,167.361945
-3.334124,4,167.436059
-3.320361,4,167.506828
-1.118204,2,167.540935
-1.09454,2,167.575977
-4.428902,5,167.666833
-3.274792,4,167.730931
-8.735185,9,167.871839
-3.31285,4,167.939037
-4.506224,5,168.024033
-3.28227,4,168.094858
-3.318125,4,168.160811
-4.39488,5,168.250377
-0.018936,1,168.273978
-8.703349,9,168.42391
-3.256642,4,168.490022
-3.363014,4,168.552607
-2.236892,3,168.611964
-2.165313,3,168.66105
-2.210878,3,168.707109
-2.176774,3,168.75099
-3.32044,4,168.819583
-3.33287,4,168.884847
-5.446823,6,168.981064
-3.375451,4,169.049212
-2.175352,3,169.104966
-3.284347,4,169.167188
-2.178265,3,169.215909
-4.525981,5,169.298363
-3.296542,4,169.371053
-2.233235,3,169.422048
-2.191486,3,169.469311
-4.38834,5,169.550527
-10.793264,11,169.734589
-4.402241,5,169.809401
-3.322844,4,169.867198
-3.289514,4,169.928388
-10.915235,11,170.111891
-1.137033,2,170.145147
-1.107027,2,170.179836
-33.359833,32,170.68695
-2.235116,3,170.739017
-3.252487,4,170.800811
-2.250147,3,170.846373
-2.211752,3,170.895962
-3.335916,4,170.961113
-3.382876,4,171.020299
-4.342206,5,171.098418
-1.106006,2,171.13398
-3.316365,4,171.202048
-1.130419,2,171.23759
-2.198765,3,171.284931
-1.136176,2,171.316973
-6.607247,7,171.63472
-4.32389,5,171.716906
-3.405337,4,171.794154
-3.226742,4,171.867179
-4.463469,5,171.962728
-3.308303,4,172.036556
-25.776135,25,172.449517
-4.496248,5,172.530469
-3.306888,4,172.605991
-5.364068,6,172.696922
-3.334494,4,172.755101
-4.421093,5,172.852953
-3.267377,4,172.943135
-25.096543,24,173.388317
-2.214158,3,173.436382
-4.405474,5,173.510549
-3.323603,4,173.575199
-2.183067,3,173.619292
-3.311085,4,173.67852
-3.241749,4,173.735131
-0.049616,1,173.754673
-2.191925,3,173.800861
-3.294441,4,173.864982
-53.254371,50,174.650933
-1.12364,2,174.684972
-3.275205,4,174.74556
-3.364814,4,174.803845
-2.184412,3,174.850933
-1.120627,2,174.889481
-2.170109,3,174.935502
-4.307891,5,175.030138
-4.391288,5,175.128476
-2.179474,3,175.194118
-3.281989,4,175.256251
-2.20641,3,175.296935
-2.193834,3,175.348504
-3.408958,4,175.422228
-3.331954,4,175.489935
-3.370958,4,175.559223
-3.369542,4,175.631927
-6.58907,7,175.746575
-0.036057,1,175.764225
-3.321426,4,175.826105
-4.4278,5,175.909473
-3.23118,4,175.98717
-3.401949,4,176.060395
-1.108151,2,176.095433
-2.216292,3,176.150127
-34.20443,33,176.72698
-1.085244,2,176.758524
-2.241231,3,176.807659
-0.030785,1,176.82478
-2.202567,3,176.883054
-2.223937,3,176.932886
-3.339475,4,177.007115
-3.397294,4,177.079245
-3.299517,4,177.150193
-2.177124,3,177.206967
-1.104371,2,177.243525
-3.328654,4,177.315806
-0.020691,1,177.335833
-0.011501,1,177.354068
-2.192883,3,177.413976
-10.895395,11,177.632077
-2.163554,3,177.686925
-3.40435,4,177.758581
-3.375561,4,177.832004
-4.415113,5,177.928465
-3.34085,4,178.005865
-1.102808,2,178.049604
-3.263652,4,178.122022
-2.198345,3,178.170253
-3.335557,4,178.244418
-3.326053,4,178.308542
-11.984916,12,178.503895
-2.204276,3,178.55606
-1.109056,2,178.597111
-3.387505,4,178.658816
-2.164791,3,178.703897
-0.048815,1,178.718412
-2.195315,3,178.766808
-15.071859,15,179.019885
-1.098641,2,179.054995
-3.371783,4,179.121089
-2.265753,3,179.177229
-4.413844,5,179.256868
-3.249506,4,179.31945
-1.118106,2,179.350995
-4.405054,5,179.438598
-2.168374,3,179.49054
-1.073723,2,179.523862
-3.316532,4,179.588455
-2.23195,3,179.645029
-1.117903,2,179.679579
-7.749441,8,179.798389
-0.046465,1,179.811913
-3.237028,4,179.885828
-3.363342,4,179.951916
-2.250541,3,180.005988
-2.271594,3,180.055052
-3.333563,4,180.130957
-3.367439,4,180.19704
-1.102619,2,180.227083
-2.213793,3,180.271825
-3.332283,4,180.342914
-3.275822,4,180.405006
-1.138014,2,180.437048
-3.338623,4,180.501254
-2.21773,3,180.557015
-2.184237,3,180.604082
-5.416105,6,180.696829
-2.196046,3,180.739887
-0.021665,1,180.762416
-3.320505,4,180.819505
-3.261114,4,180.884238
-3.474109,4,180.951104
-3.308747,4,181.026947
-3.305416,4,181.092099
-2.218551,3,181.140029
-3.352817,4,181.206841
-1.098341,2,181.243942
-8.759534,9,181.394209
-2.208024,3,181.444403
-0.034285,1,181.458478
-3.280104,4,181.53861
-3.331742,4,181.614047
-3.361726,4,181.684904
-3.356501,4,181.753089
-3.341199,4,181.823003
-2.17775,3,181.883164
-2.186156,3,181.942169
-3.302801,4,182.022941
-1.123396,2,182.062023
-2.148029,3,182.107073
-3.270406,4,182.17333
-0.038729,1,182.19091
-7.621665,8,182.339173
-2.175179,3,182.38939
-3.359672,4,182.453161
-3.331454,4,182.51997
-1.104447,2,182.55858
-1.093004,2,182.594229
-2.254663,3,182.642961
-0.014142,1,182.659983
-0.017941,1,182.681012
-1.113414,2,182.711053
-3.310481,4,182.779154
-2.198086,3,182.824897
-2.184467,3,182.883069
-0.037679,1,182.896083
-3.311268,4,182.96584
-4.362345,5,183.053024
-3.282916,4,183.12718
-3.335347,4,183.193059
-1.113492,2,183.227103
-3.265007,4,183.313797
-2.196766,3,183.377048
-3.346017,4,183.445751
-2.22403,3,183.495927
-2.256744,3,183.548519
-1.093021,2,183.585105
-3.33547,4,183.654056
-1.110234,2,183.681097
-2.235134,3,183.726283
-3.288455,4,183.788784
-1.083886,2,183.820531
-0.048798,1,183.836971
-3.358812,4,183.899393
-13.001366,13,184.123882
-3.240902,4,184.19304
-3.290016,4,184.259168
-1.086102,2,184.291878
-3.31242,4,184.365999
-2.25766,3,184.415066
-1.083422,2,184.449117
-2.212695,3,184.501948
-2.242488,3,184.558522
-3.351211,4,184.626029
-2.224515,3,184.667215
-3.276175,4,184.72694
-5.423049,6,184.820496
-2.189332,3,184.87
-3.311335,4,184.933084
-3.394165,4,184.995869
-3.290587,4,185.064043
-2.237785,3,185.111114
-8.59501,9,185.261968
-2.253212,3,185.30953
-3.385039,4,185.380866
-3.302908,4,185.453468
-1.126724,2,185.484081
-2.209488,3,185.526841
-3.320103,4,185.594944
-15.375206,15,185.814949
-3.327354,4,185.874175
-1.129213,2,185.905884
-2.2217,3,185.957036
-2.210795,3,186.004103
-3.275585,4,186.060168
-1.124026,2,186.091011
-2.175549,3,186.155122
-3.372023,4,186.232935
-0.038642,1,186.252013
-7.649703,8,186.400577
-3.272957,4,186.472043
-1.083371,2,186.501086
-2.176102,3,186.543237
-1.099668,2,186.571844
-3.327802,4,186.630929
-2.190115,3,186.671019
-3.329464,4,186.730085
-3.350987,4,186.783704
-1.13917,2,186.818317
-1.123132,2,186.847361
-2.157172,3,186.893942
-1.135658,2,186.920988
-4.347808,5,187.001069
-2.201025,3,187.045237
-3.345996,4,187.103057
-2.205755,3,187.150723
-1.121301,2,187.184876
-3.32048,4,187.245455
-1.130142,2,187.275768
-3.467228,4,187.335021
-2.256859,3,187.382005
-0.046884,1,187.394019
-1.111356,2,187.422058
-2.268103,3,187.47076
-2.266095,3,187.518554
-3.313031,4,187.579589
-2.209353,3,187.624721
-3.395763,4,187.684028
-0.048499,1,187.703052
-3.302202,4,187.758626
-3.261934,4,187.81293
-3.337328,4,187.874734
-3.420895,4,187.940923
-1.137254,2,187.971102
-3.292229,4,188.034912
-3.26329,4,188.100057
-3.386174,4,188.166253
-2.225334,3,188.216927
-3.338619,4,188.283096
-2.171007,3,188.329978
-3.286549,4,188.400899
-5.513108,6,188.49481
-2.200985,3,188.545373
-3.33924,4,188.606115
-3.277902,4,188.674001
-2.219322,3,188.718555
-1.09345,2,188.749182
-3.314708,4,188.810344
-1.125111,2,188.846407
-0.032002,1,188.866029
-2.242686,3,188.9131
-2.181252,3,188.962102
-2.165387,3,189.014898
-3.291388,4,189.084064
-3.309038,4,189.149264
-3.272442,4,189.216051
-2.190704,3,189.269137
-3.394146,4,189.336856
-0.013099,1,189.351385
-2.243638,3,189.400068
-3.30587,4,189.475272
-3.348685,4,189.540924
-3.31385,4,189.610058
-4.424952,5,189.689278
-2.216719,3,189.736925
-2.164993,3,189.779564
-2.19434,3,189.823115
-4.373083,5,189.906888
-3.334586,4,189.978555
-1.078223,2,190.010098
-2.230198,3,190.058375
-2.179738,3,190.108448
-3.301671,4,190.184822
-3.323538,4,190.261075
-6.529797,7,190.395922
-2.204995,3,190.449503
-3.348967,4,190.526775
-10.812631,11,190.72202
-1.130976,2,190.754153
-2.208305,3,190.795881
-1.086478,2,190.836935
-1.118475,2,190.866008
-1.100233,2,190.896119
-3.377108,4,190.970091
-1.125355,2,191.005251
-0.043019,1,191.024837
-3.286351,4,191.091005
-2.196322,3,191.139524
-0.040472,1,191.166088
-2.20038,3,191.210996
-1.073267,2,191.244044
-2.271441,3,191.290253
-2.177633,3,191.349063
-4.499583,5,191.429903
-1.099019,2,191.462969
-1.079199,2,191.497012
-3.353532,4,191.574203
-0.033737,1,191.593286
-3.357871,4,191.655008
-3.326606,4,191.722113
-1.082848,2,191.761272
-2.190183,3,191.806918
-2.203272,3,191.855488
-0.049743,1,191.873513
-2.193513,3,191.926108
-3.368992,4,191.98691
-1.114377,2,192.020964
-2.238739,3,192.0731
-4.390877,5,192.159379
-0.04797,1,192.176001
-2.181641,3,192.228566
-2.199189,3,192.284216
-0.038718,1,192.310414
-2.179307,3,192.35855
-5.414454,6,192.460951
-2.27557,3,192.510026
-4.423967,5,192.602901
-3.355618,4,192.669593
-0.038079,1,192.688617
-3.310042,4,192.748382
-0.041205,1,192.76705
-3.395901,4,192.830265
-3.300008,4,192.893243
-2.198809,3,192.947534
-0.048031,1,192.966263
-1.113003,2,192.998431
-3.308025,4,193.065094
-1.11479,2,193.093226
-2.179782,3,193.153401
-0.047398,1,193.166987
-3.293232,4,193.236083
-3.307995,4,193.303834
-1.106687,2,193.345899
-3.375284,4,193.410082
-2.184724,3,193.46387
-3.336957,4,193.528468
-0.044625,1,193.549502
-3.376896,4,193.624123
-2.20121,3,193.67046
-2.21551,3,193.715952
-1.111293,2,193.755514
-4.471371,5,193.826845
-2.173043,3,193.874938
-1.10269,2,193.909998
-1.092627,2,193.943036
-2.243562,3,193.98759
-1.11811,2,194.021759
-3.344613,4,194.086023
-3.368752,4,194.167637
-2.195679,3,194.219849
-3.369932,4,194.286937
-2.233593,3,194.340009
-0.045414,1,194.362044
-0.046229,1,194.376055
-1.104442,2,194.406094
-3.328996,4,194.470004
-4.408524,5,194.565056
-2.185988,3,194.615855
-3.264517,4,194.68595
-1.12366,2,194.715984
-1.097323,2,194.75703
-3.30602,4,194.81914
-3.292324,4,194.883882
-1.08987,2,194.916915
-2.173662,3,194.963976
-2.208564,3,195.010031
-2.222977,3,195.057079
-2.209664,3,195.103831
-2.199546,3,195.163009
-2.165305,3,195.212075
-2.189791,3,195.261238
-2.258563,3,195.308464
-2.274777,3,195.363037
-2.241327,3,195.411104
-2.190768,3,195.462212
-4.455077,5,195.544966
-2.160834,3,195.597112
-2.191176,3,195.646944
-1.129418,2,195.678496
-2.255237,3,195.725105
-2.258633,3,195.779393
-2.256406,3,195.822968
-0.026874,1,195.838486
-3.265811,4,195.902073
-2.210938,3,195.956335
-4.432224,5,196.036013
-2.160555,3,196.080088
-1.119086,2,196.112747
-2.222546,3,196.165906
-1.129947,2,196.19996
-2.234471,3,196.247021
-4.479342,5,196.324697
-3.395089,4,196.39859
-2.181175,3,196.452847
-3.332687,4,196.518437
-3.313952,4,196.583881
-2.225348,3,196.641981
-2.189798,3,196.683083
-3.297922,4,196.742303
-0.046909,1,196.758333
-2.169704,3,196.80991
-1.092824,2,196.845958
-1.116414,2,196.880017
-0.03278,1,196.896032
-2.250821,3,196.948607
-3.295995,4,197.013318
-2.207755,3,197.055959
-3.301067,4,197.117104
-3.465619,4,197.183875
-1.122918,2,197.216917
-1.147938,2,197.246966
-3.281856,4,197.312062
-2.185446,3,197.364754
-2.159994,3,197.41503
-2.199125,3,197.462096
-2.168005,3,197.510838
-1.1145,2,197.549888
-2.213416,3,197.597115
-2.198544,3,197.64485
-2.248452,3,197.688477
-2.134168,3,197.737036
-2.255725,3,197.784072
-2.271689,3,197.832238
-1.123844,2,197.869865
-1.081629,2,197.909918
-2.174249,3,197.959473
-1.100782,2,197.9921
-0.00983,1,198.006116
-1.097912,2,198.040322
-4.44595,5,198.11851
-2.153127,3,198.164577
-3.324402,4,198.231836
-3.315238,4,198.304996
-2.216777,3,198.352065
-2.268819,3,198.40082
-1.096336,2,198.436863
-2.169819,3,198.492032
-3.345693,4,198.560117
-4.380741,5,198.644954
-2.157867,3,198.689147
-2.21419,3,198.741083
-4.426953,5,198.812845
-1.099868,2,198.849397
-1.126228,2,198.881068
-0.033037,1,198.903099
-1.090388,2,198.934227
-3.299062,4,198.99704
-3.314506,4,199.06213
-2.246254,3,199.113826
-3.31595,4,199.174456
-3.374833,4,199.237283
-1.136072,2,199.271004
-0.040954,1,199.293037
-2.260844,3,199.344115
-1.105072,2,199.376941
-3.371224,4,199.441034
-1.114394,2,199.479264
-0.027899,1,199.495868
-2.239222,3,199.544882
-1.123447,2,199.577004
-1.120957,2,199.615052
-3.326941,4,199.675689
-2.157776,3,199.71843
-1.104874,2,199.74697
-2.210176,3,199.797157
-2.188646,3,199.843868
-2.172494,3,199.891119
-0.020246,1,199.906835
-3.332563,4,199.977101
-3.302196,4,200.038455
-2.246563,3,200.085184
-0.014677,1,200.097233
-0.029424,1,200.116835
-2.216248,3,200.160403
-1.091928,2,200.189967
-3.317455,4,200.257546
-2.226618,3,200.310159
-1.092313,2,200.345886
-2.240917,3,200.401088
-0.009681,1,200.417103
-3.444902,4,200.489959
-2.173722,3,200.535022
-1.10246,2,200.57113
-2.206415,3,200.620912
-2.193235,3,200.678553
-4.32373,5,200.743846
-1.132341,2,200.776012
-4.486311,5,200.846117
-2.26699,3,200.895828
-0.033872,1,200.912859
-2.218818,3,200.955426
-2.255745,3,201.000093
-2.213942,3,201.048315
-3.288879,4,201.107065
-3.334299,4,201.165801
-1.124369,2,201.195838
-2.229995,3,201.238455
-3.394293,4,201.290865
-1.081983,2,201.319398
-3.409809,4,201.37948
-1.092158,2,201.41725
-0.032682,1,201.432874
-3.315256,4,201.504527
-2.223837,3,201.552099
-2.250149,3,201.603931
-2.243037,3,201.644983
-2.241081,3,201.6911
-0.024046,1,201.705112
-1.12094,2,201.736798
-1.115035,2,201.768396
-3.448884,4,201.833981
-3.392075,4,201.901948
-3.404919,4,201.973556
-3.289888,4,202.040927
-2.243208,3,202.088536
-3.335347,4,202.151135
-3.302918,4,202.222002
-1.089366,2,202.254049
-0.037669,1,202.269569
-3.342876,4,202.331898
-2.254869,3,202.380583
-3.466761,4,202.458949
-0.029235,1,202.481075
-3.368115,4,202.57504
-3.42364,4,202.65585
-2.188751,3,202.708521
-3.403003,4,202.771256
-2.231533,3,202.821969
-2.187072,3,202.88612
-2.207658,3,202.938349
-2.207175,3,202.992003
-2.245889,3,203.043075
-1.124013,2,203.084875
-3.293343,4,203.143955
-3.321628,4,203.208452
-2.174501,3,203.254016
-2.248752,3,203.305149
-4.541512,5,203.388413
-1.119603,2,203.419964
-1.117753,2,203.456522
-3.295393,4,203.523938
-3.308795,4,203.589564
-3.328931,4,203.657731
-3.290232,4,203.719913
-3.323228,4,203.793056
-0.048508,1,203.808569
-1.090139,2,203.838783
-2.217029,3,203.89027
-4.44753,5,203.977063
-1.085776,2,204.012155
-3.341624,4,204.076043
-3.299782,4,204.142833
-3.321028,4,204.217038
-0.041647,1,204.232064
-2.222552,3,204.281796
-3.398842,4,204.352119
-3.410376,4,204.425033
-2.212432,3,204.476222
-3.305102,4,204.546964
-2.266413,3,204.597074
-2.191609,3,204.650913
-3.30753,4,204.716021
-2.215477,3,204.764591
-4.492338,5,204.844871
-2.275334,3,204.907012
-0.046731,1,204.923042
-2.250694,3,204.974155
-3.316598,4,205.036946
-1.092197,2,205.077218
-0.038237,1,205.094955
-0.033882,1,205.115984
-1.083273,2,205.147025
-0.047546,1,205.167566
-2.205758,3,205.219402
-3.283262,4,205.28307
-3.353926,4,205.353185
-4.510257,5,205.439482
-3.253084,4,205.509951
-2.243016,3,205.559024
-3.315417,4,205.626898
-2.189399,3,205.682832
-1.099295,2,205.713872
-1.076586,2,205.746914
-1.105348,2,205.777032
-1.12097,2,205.810077
-2.186962,3,205.856686
-3.341458,4,205.916863
-2.157688,3,205.965956
-1.133045,2,206.002008
-0.021914,1,206.02003
-2.261826,3,206.072603
-3.316473,4,206.141923
-1.111532,2,206.18402
-2.233307,3,206.232094
-3.303397,4,206.299824
-2.178622,3,206.346877
-1.113318,2,206.388463
-2.235892,3,206.437029
-2.26695,3,206.487173
-2.191764,3,206.540556
-1.107125,2,206.57697
-1.098719,2,206.61202
-3.289099,4,206.674175
-3.354926,4,206.739959
-3.327506,4,206.805114
-2.247812,3,206.856595
-2.206076,3,206.909415
-0.040858,1,206.923932
-1.132321,2,206.963058
-2.282341,3,207.011807
-3.276722,4,207.083994
-1.118343,2,207.116034
-3.33371,4,207.190261
-1.126242,2,207.224026
-1.133228,2,207.256565
-0.042879,1,207.275099
-2.213248,3,207.328382
-0.018816,1,207.342903
-2.171358,3,207.39305
-3.30367,4,207.454197
-3.348246,4,207.526004
-1.137042,2,207.557551
-1.116053,2,207.590604
-2.170757,3,207.639951
-0.009858,1,207.661479
-2.165999,3,207.712977
-1.072113,2,207.745016
-0.043124,1,207.759535
-3.396309,4,207.826228
-0.035066,1,207.844825
-2.176438,3,207.897123
-1.140151,2,207.931255
-1.129853,2,207.970859
-1.096544,2,208.003896
-2.242479,3,208.057475
-4.476215,5,208.140956
-0.024537,1,208.161032
-3.37524,4,208.225108
-3.355387,4,208.286964
-2.176015,3,208.337028
-2.203083,3,208.396162
-3.302618,4,208.463085
-2.226094,3,208.512868
-3.349952,4,208.581536
-3.305709,4,208.650849
-1.127566,2,208.681971
-1.095112,2,208.713014
-2.243254,3,208.755066
-2.15573,3,208.809277
-0.042832,1,208.826875
-2.192708,3,208.874049
-0.048754,1,208.89208
-2.263325,3,208.950964
-2.164414,3,209.001086
-3.34865,4,209.069817
-0.048017,1,209.08683
-3.300653,4,209.165443
-1.129211,2,209.199479
-1.096002,2,209.235089
-4.437202,5,209.318345
-1.10408,2,209.355893
-2.186859,3,209.401957
-1.099673,2,209.433994
-3.313884,4,209.49708
-2.270217,3,209.555126
-2.186738,3,209.602843
-4.360004,5,209.686104
-1.139662,2,209.718371
-2.209781,3,209.771062
-3.317476,4,209.829245
-2.252467,3,209.879455
-0.044994,1,209.894971
-2.264027,3,209.946041
-1.087939,2,209.979593
-4.465775,5,210.063059
-1.099932,2,210.092093
-1.134551,2,210.130796
-2.23914,3,210.181051
-2.270638,3,210.23411
-2.166971,3,210.281126
-2.197752,3,210.336983
-2.217517,3,210.381837
-2.196857,3,210.432889
-2.235258,3,210.48121
-3.299478,4,210.546917
-0.048321,1,210.56245
-2.159308,3,210.607059
-2.195241,3,210.649969
-2.226905,3,210.697111
-1.121422,2,210.723909
-1.117802,2,210.752455
-3.324203,4,210.810042
-3.354025,4,210.87374
-2.267818,3,210.915872
-4.496985,5,210.990191
-2.187582,3,211.032982
-3.278256,4,211.100243
-2.16658,3,211.14488
-3.323542,4,211.206081
-2.22203,3,211.250774
-3.327169,4,211.322013
-2.210166,3,211.368587
-2.176209,3,211.415241
-3.31478,4,211.482942
-2.216951,3,211.537009
-3.334406,4,211.597111
-3.314121,4,211.659354
-2.227578,3,211.703909
-0.04438,1,211.721933
-1.134792,2,211.752971
-0.033499,1,211.766983
-1.106414,2,211.798526
-2.173346,3,211.858608
-2.236474,3,211.906578
-1.100018,2,211.940891
-3.277664,4,212.010006
-1.092403,2,212.047059
-2.17507,3,212.106397
-2.261381,3,212.151117
-2.267082,3,212.203912
-3.286932,4,212.27851
-0.028161,1,212.297035
-3.38457,4,212.362707
-3.364854,4,212.428388
-2.244277,3,212.482851
-2.270173,3,212.530922
-2.268345,3,212.580984
-2.244232,3,212.628536
-3.416369,4,212.69715
-1.104204,2,212.725816
-2.203727,3,212.777419
-4.388753,5,212.858554
-2.236462,3,212.915142
-2.258227,3,212.970068
-2.17992,3,213.018728
-3.31404,4,213.087094
-0.029796,1,213.111177
-2.163253,3,213.162308
-2.227516,3,213.212938
-2.208896,3,213.266019
-1.106782,2,213.30858
-2.228096,3,213.353814
-3.327295,4,213.418402
-3.361817,4,213.483003
-2.217786,3,213.540656
-1.118998,2,213.57614
-2.205075,3,213.62184
-1.106232,2,213.653881
-2.187911,3,213.703995
-0.041947,1,213.722025
-2.265208,3,213.764576
-2.194652,3,213.810188
-3.304653,4,213.888361
-2.16949,3,213.943944
-2.243506,3,213.997018
-3.431023,4,214.065125
-2.172491,3,214.119975
-1.097832,2,214.155017
-2.210265,3,214.202098
-3.266791,4,214.266902
-2.195556,3,214.322
-1.118116,2,214.355034
-1.111711,2,214.388574
-3.310725,4,214.454884
-2.25738,3,214.516197
-0.026647,1,214.53125
-2.210513,3,214.576387
-2.241667,3,214.624975
-2.184945,3,214.665556
-2.233627,3,214.714894
-1.113074,2,214.746936
-2.210754,3,214.788551
-2.191792,3,214.840705
-1.120443,2,214.873522
-2.25665,3,214.925767
-3.386061,4,214.988474
-2.186668,3,215.046047
-2.194247,3,215.09209
-3.291175,4,215.16051
-2.176459,3,215.208566
-2.212632,3,215.273103
-2.186097,3,215.323108
-6.598117,7,215.438551
-1.099641,2,215.471612
-2.210431,3,215.524863
-2.283058,3,215.571439
-3.340168,4,215.634098
-3.336236,4,215.691815
-1.074319,2,215.728352
-2.224923,3,215.773419
-2.239165,3,215.820002
-1.094645,2,215.852042
-2.182931,3,215.905248
-1.092641,2,215.941911
-1.145259,2,215.977044
-2.184271,3,216.027112
-0.045542,1,216.046197
-3.293443,4,216.11292
-3.301437,4,216.180529
-2.216109,3,216.226834
-3.376175,4,216.29601
-1.098665,2,216.328552
-2.235406,3,216.379189
-3.380516,4,216.440516
-2.218559,3,216.496007
-2.231999,3,216.544989
-2.211419,3,216.593079
-2.220053,3,216.637708
-4.433096,5,216.719507
-2.245988,3,216.761064
-3.282585,4,216.824081
-2.262276,3,216.873216
-2.235624,3,216.929955
-1.12076,2,216.961305
-2.208601,3,217.011907
-1.128958,2,217.044951
-2.245654,3,217.097073
-3.32179,4,217.159497
-3.334707,4,217.230815
-3.375151,4,217.297013
-3.333776,4,217.366615
-3.437039,4,217.429977
-3.363993,4,217.492559
-2.225956,3,217.541303
-2.216036,3,217.591051
-4.416597,5,217.665257
-3.330419,4,217.729895
-1.082647,2,217.756925
-2.215703,3,217.806036
-3.314165,4,217.870146
-2.203368,3,217.919433
-3.283088,4,217.993159
-3.344864,4,218.074388
-2.220173,3,218.134973
-2.264229,3,218.187549
-1.113487,2,218.227603
-2.225192,3,218.281813
-0.047719,1,218.300838
-3.346814,4,218.375378
-2.226531,3,218.428531
-3.303198,4,218.509183
-3.349646,4,218.585037
-3.305905,4,218.652194
-1.131525,2,218.683964
-2.233103,3,218.758566
-0.042583,1,218.778593
-0.026725,1,218.801693
-2.258011,3,218.881011
-3.334412,4,218.987204
-1.098395,2,219.013838
-2.231175,3,219.059397
-3.381966,4,219.135255
-3.303846,4,219.217111
-2.255838,3,219.277073
-2.225152,3,219.332887
-1.083205,2,219.370442
-2.22945,3,219.435083
-1.087678,2,219.471748
-2.293826,3,219.531933
-2.233242,3,219.587507
-3.341127,4,219.662159
-3.404221,4,219.724969
-3.324926,4,219.789552
-2.23157,3,219.835119
-1.074244,2,219.879289
-3.369455,4,219.951068
-1.079641,2,219.99403
-2.199126,3,220.049146
-3.354416,4,220.133983
-3.384611,4,220.216108
-2.249579,3,220.272464
-1.105035,2,220.313037
-2.273346,3,220.375117
-2.220505,3,220.430926
-2.203237,3,220.483034
-3.30492,4,220.56026
-1.12882,2,220.604017
-2.167021,3,220.657086
-0.044796,1,220.672616
-3.308691,4,220.733903
-1.102719,2,220.773044
-2.197632,3,220.820106
-3.294357,4,220.884923
-1.130589,2,220.918469
-2.25899,3,220.972546
-1.088513,2,221.004115
-3.367537,4,221.071932
-3.389332,4,221.139534
-1.130817,2,221.180094
-1.106816,2,221.216178
-2.231315,3,221.264863
-0.03514,1,221.281895
-1.067673,2,221.321961
-1.116473,2,221.356005
-3.352406,4,221.420095
-1.075509,2,221.455161
-3.398127,4,221.527071
-1.126412,2,221.560706
-3.329832,4,221.62846
-3.343765,4,221.680759
-1.131991,2,221.712306
-2.182617,3,221.754988
-0.029429,1,221.771018
-3.386677,4,221.826077
-0.034913,1,221.849614
-3.370129,4,221.907042
-2.213945,3,221.957107
-3.294796,4,222.019312
-2.216824,3,222.072062
-3.323037,4,222.129184
-2.272865,3,222.175921
-1.11767,2,222.205963
-1.109272,2,222.24203
-3.294951,4,222.308737
-1.070085,2,222.33941
-2.246289,3,222.388473
-3.313209,4,222.453064
-3.41817,4,222.512226
-3.283063,4,222.565925
-0.043748,1,222.578441
-3.359656,4,222.639529
-3.375668,4,222.690108
-2.242035,3,222.724221
-3.360946,4,222.774743
-3.358973,4,222.828451
-3.278965,4,222.878578
-2.199959,3,222.912144
-3.312205,4,222.96194
-1.122924,2,222.995992
-3.292943,4,223.050056
-2.181663,3,223.088601
-2.25783,3,223.124207
-3.322413,4,223.184001
-2.1805,3,223.222052
-1.108164,2,223.247078
-1.08632,2,223.278619
-2.235702,3,223.352346
-4.498085,5,223.470278
-1.115254,2,223.506817
-1.080956,2,223.539876
-3.327697,4,223.608486
-2.173192,3,223.65306
-0.036121,1,223.668579
-1.097961,2,223.697114
-2.173216,3,223.749378
-1.094754,2,223.776922
-1.094115,2,223.814989
-2.210661,3,223.884116
-0.025306,1,223.911961
-2.241497,3,223.968549
-2.261076,3,224.021213
-3.333572,4,224.089505
-2.218198,3,224.14609
-2.237236,3,224.199324
-4.448527,5,224.277026
-1.11114,2,224.308569
-3.37392,4,224.392012
-2.230644,3,224.438577
-1.096988,2,224.471143
-3.283706,4,224.534936
-3.324469,4,224.60615
-2.195226,3,224.655926
-2.192571,3,224.702998
-0.015214,1,224.720022
-3.387832,4,224.782095
-0.044615,1,224.797107
-2.271009,3,224.844887
-0.016663,1,224.860468
-2.218864,3,224.912982
-3.312121,4,224.97508
-4.472574,5,225.060948
-3.308444,4,225.133044
-2.262565,3,225.186127
-0.026178,1,225.202739
-3.334737,4,225.270477
-1.125443,2,225.302959
-2.205421,3,225.357031
-2.221921,3,225.406106
-2.225783,3,225.454855
-2.260151,3,225.504934
-3.319266,4,225.577034
-2.270137,3,225.626106
-3.329291,4,225.683913
-1.114089,2,225.712965
-1.131993,2,225.747508
-2.187511,3,225.791945
-2.169474,3,225.83951
-1.066222,2,225.86704
-3.281061,4,225.932761
-0.026475,1,225.950951
-2.246376,3,225.995003
-3.313248,4,226.057072
-3.372807,4,226.132886
-3.319298,4,226.199984
-2.17399,3,226.249549
-2.170875,3,226.296106
-3.373391,4,226.369483
-1.093152,2,226.401031
-3.30462,4,226.465122
-3.341141,4,226.52992
-0.042315,1,226.550949
-3.439543,4,226.610894
-2.241297,3,226.652081
-2.186058,3,226.698644
-1.133311,2,226.7329
-1.13254,2,226.759434
-2.255612,3,226.801892
-2.274626,3,226.844952
-1.08407,2,226.88052
-1.12383,2,226.910817
-2.175792,3,226.951877
-1.126315,2,226.983921
-2.23918,3,227.038495
-2.22862,3,227.077042
-2.223384,3,227.125667
-1.099357,2,227.15688
-0.03409,1,227.176905
-2.263843,3,227.226981
-3.312522,4,227.28506
-3.37719,4,227.34182
-3.343951,4,227.420611
-1.114724,2,227.458554
-2.237446,3,227.510914
-0.040653,1,227.526937
-2.203837,3,227.581031
-3.300813,4,227.642118
-3.428658,4,227.706043
-0.026176,1,227.723076
-2.240145,3,227.779383
-2.199615,3,227.825002
-1.129964,2,227.856125
-1.11662,2,227.892021
-2.275275,3,227.957141
-3.418149,4,228.027456
-3.362426,4,228.110976
-3.317999,4,228.171033
-3.274799,4,228.246886
-2.256078,3,228.293959
-2.202808,3,228.341029
-0.04957,1,228.356045
-1.137431,2,228.393103
-2.213743,3,228.433757
-3.28622,4,228.504929
-2.231497,3,228.550488
-2.253549,3,228.600056
-3.369221,4,228.655216
-2.238913,3,228.696152
-3.373971,4,228.74843
-3.384858,4,228.81302
-2.20827,3,228.856071
-3.353718,4,228.913897
-3.329969,4,228.973973
-2.234136,3,229.027036
-3.361834,4,229.088503
-3.302858,4,229.146069
-2.179092,3,229.188725
-1.122142,2,229.222938
-3.350058,4,229.285015
-2.232075,3,229.340641
-2.179588,3,229.397409
-0.037434,1,229.423065
-3.331928,4,229.497758
-5.48448,6,229.612977
-0.040799,1,229.634002
-2.211117,3,229.687062
-0.049582,1,229.706088
-2.199652,3,229.757242
-2.187758,3,229.809945
-2.194279,3,229.867014
-3.322283,4,229.937097
-1.106397,2,229.979303
-2.189949,3,230.035921
-3.364981,4,230.118533
-2.230974,3,230.169595
-1.118628,2,230.206672
-1.081892,2,230.2429
-0.026627,1,230.266937
-2.236755,3,230.320016
-1.08137,2,230.357057
-3.293609,4,230.43393
-3.351476,4,230.512043
-3.398831,4,230.593259
-2.246615,3,230.655946
-1.116798,2,230.690575
-0.036967,1,230.713021
-3.349518,4,230.78711
-4.462807,5,230.890061
-2.17816,3,230.955279
-1.104769,2,230.999446
-2.228349,3,231.060039
-0.034368,1,231.083065
-2.198629,3,231.140169
-2.191921,3,231.211984
-3.28768,4,231.292092
-0.04664,1,231.312118
-2.254573,3,231.37081
-2.233153,3,231.436905
-2.239897,3,231.491991
-1.122385,2,231.531041
-0.023435,1,231.552072
-4.364774,5,231.660966
-2.211545,3,231.714069
-2.155655,3,231.767421
-2.158713,3,231.819494
-3.331075,4,231.900601
-3.347771,4,232.001015
-3.310317,4,232.071718
-1.127382,2,232.109863
-1.079584,2,232.161947
-2.220813,3,232.228547
-3.305653,4,232.31708
-3.29379,4,232.394973
-3.382723,4,232.479085
-2.163755,3,232.543882
-2.257524,3,232.60501
-0.023592,1,232.63055
-1.113611,2,232.677154
-3.256265,4,232.755909
-0.048418,1,232.775439
-0.015267,1,232.793006
-3.392422,4,232.877616
-1.097765,2,232.919271
-0.023424,1,232.936836
-1.080613,2,232.979442
-2.172024,3,233.041054
-2.212792,3,233.104236
-2.15754,3,233.162897
-1.100056,2,233.205109
-1.074181,2,233.250909
-2.214888,3,233.308601
-3.276842,4,233.386385
-3.361562,4,233.465038
-2.249956,3,233.526287
-1.130905,2,233.562966
-3.275957,4,233.647233
-0.029329,1,233.665283
-3.293456,4,233.749969
-3.414408,4,233.82682
-2.244921,3,233.889424
-2.18248,3,233.958566
-3.386424,4,234.04284
-1.082496,2,234.081879
-4.420512,5,234.181514
-2.172401,3,234.240731
-1.123704,2,234.289434
-2.173473,3,234.344496
-0.034616,1,234.364515
-3.29962,4,234.448717
-2.196989,3,234.514019
-1.106224,2,234.55107
-2.211052,3,234.603918
-1.125689,2,234.639465
-3.3359,4,234.711559
-2.163894,3,234.760791
-3.368342,4,234.823381
-3.319804,4,234.890506
-2.195737,3,234.955924
-2.21579,3,235.011076
-2.167337,3,235.064781
-2.210513,3,235.119383
-3.333963,4,235.202018
-3.304388,4,235.276625
-3.301187,4,235.349374
-3.378283,4,235.427022
-2.224144,3,235.482607
-1.095813,2,235.517778
-2.167738,3,235.57099
-3.28678,4,235.639566
-2.275763,3,235.689242
-2.175249,3,235.742088
-3.287523,4,235.811898
-3.296185,4,235.88249
-1.101281,2,235.927084
-1.101404,2,235.979319
-1.117823,2,236.022063
-1.119625,2,236.055109
-0.029727,1,236.080839
-3.356365,4,236.168481
-2.206062,3,236.232101
-3.274863,4,236.322902
-2.228631,3,236.381494
-2.243179,3,236.435152
-2.229099,3,236.491003
-2.222068,3,236.545105
-3.332607,4,236.620986
-2.262211,3,236.667037
-2.188433,3,236.722255
-2.212761,3,236.770463
-2.184324,3,236.83401
-2.232884,3,236.885593
-1.108563,2,236.929867
-2.20131,3,236.985001
-1.133851,2,237.032069
-2.197078,3,237.087253
-3.373265,4,237.164989
-1.090377,2,237.202101
-2.196221,3,237.264049
-3.363706,4,237.333253
-1.11805,2,237.37093
-0.018627,1,237.389456
-3.34836,4,237.475424
-1.080225,2,237.510656
-2.208192,3,237.589222
-0.04347,1,237.60846
-2.246147,3,237.66705
-2.221134,3,237.720888
-1.11329,2,237.758434
-4.45925,5,237.84228
-3.345267,4,237.929837
-1.141178,2,237.966885
-1.13783,2,238.006956
-3.381713,4,238.086579
-3.364596,4,238.164883
-1.136777,2,238.206976
-3.325035,4,238.289169
-2.180663,3,238.342852
-2.223384,3,238.407508
-1.097908,2,238.448317
-4.451015,5,238.541718
-2.171178,3,238.596853
-2.188406,3,238.654935
-2.21687,3,238.705507
-2.199247,3,238.752557
-1.117502,2,238.78709
-3.295438,4,238.86087
-1.112755,2,238.900492
-2.23328,3,238.953081
-3.308803,4,239.031
-3.272651,4,239.110905
-3.349838,4,239.183076
-1.120777,2,239.2217
-2.264602,3,239.272821
-2.207796,3,239.330497
-3.320303,4,239.405184
-3.33561,4,239.47202
-2.178532,3,239.528754
-3.373135,4,239.607057
-3.355059,4,239.679469
-1.115834,2,239.712044
-3.333482,4,239.775113
-3.369411,4,239.840972
-2.188439,3,239.896529
-2.176833,3,239.952716
-2.197089,3,240.007027
-2.181033,3,240.073137
-3.314338,4,240.151938
-2.274787,3,240.212049
-1.117748,2,240.245085
-3.286587,4,240.32402
-2.249622,3,240.378593
-2.22149,3,240.433195
-3.344862,4,240.505979
-3.308659,4,240.59113
-2.20281,3,240.662995
-1.08081,2,240.704107
-1.111629,2,240.739286
-3.309355,4,240.806084
-1.129905,2,240.840449
-0.021071,1,240.860667
-3.32192,4,240.928535
-2.25424,3,240.989124
-3.360097,4,241.065883
-1.130539,2,241.103038
-1.124483,2,241.140697
-3.406773,4,241.221323
-2.269391,3,241.274937
-3.332388,4,241.346838
-2.19198,3,241.405969
-0.018115,1,241.429499
-2.239929,3,241.485109
-3.293076,4,241.559867
-2.172541,3,241.616964
-2.208342,3,241.679554
-2.228043,3,241.732166
-3.399582,4,241.794848
-1.073684,2,241.82839
-2.173997,3,241.887036
-0.020096,1,241.905065
-3.400716,4,241.977342
-2.265119,3,242.034909
-2.153751,3,242.098489
-1.098892,2,242.136042
-3.31427,4,242.210886
-3.303837,4,242.283977
-3.335571,4,242.359578
-0.024793,1,242.379607
-2.176544,3,242.434847
-3.418427,4,242.501946
-3.34113,4,242.572046
-3.304919,4,242.637715
-2.264489,3,242.679952
-1.070308,2,242.711002
-0.037597,1,242.733029
-2.235413,3,242.775074
-2.216173,3,242.824184
-1.121284,2,242.858339
-0.033461,1,242.87951
-3.280522,4,242.950839
-1.131327,2,242.985063
-3.322879,4,243.059438
-0.031743,1,243.079467
-2.244446,3,243.137118
-3.382538,4,243.216963
-2.178006,3,243.28357
-0.021064,1,243.307135
-1.108284,2,243.345817
-0.031733,1,243.364841
-1.115289,2,243.399393
-3.30378,4,243.481618
-0.045798,1,243.501241
-2.254845,3,243.561906
-3.314622,4,243.635125
-2.172576,3,243.699548
-2.226289,3,243.757196
-2.217981,3,243.802261
-2.177572,3,243.860007
-2.27405,3,243.917105
-1.126403,2,243.960277
-3.398214,4,244.045946
-3.390295,4,244.124559
-2.230934,3,244.194955
-1.131948,2,244.237004
-3.309628,4,244.328767
-1.129947,2,244.371992
-2.197964,3,244.443293
-1.075295,2,244.487447
-2.194583,3,244.547049
-0.020871,1,244.570086
-2.262232,3,244.636938
-1.117213,2,244.673985
-1.135926,2,244.716119
-1.103922,2,244.753864
-2.205786,3,244.820273
-0.015875,1,244.839796
-1.090836,2,244.87885
-3.410723,4,244.957007
-0.031272,1,244.982551
-2.189424,3,245.044611
-3.297,4,245.116835
-1.122341,2,245.15689
-3.321588,4,245.257026
-1.081824,2,245.304087
-3.282968,4,245.396854
-3.276611,4,245.482998
-3.336952,4,245.57862
-2.176037,3,245.643994
-1.109842,2,245.681044
-3.329912,4,245.755832
-2.234046,3,245.819932
-3.298999,4,245.900039
-2.236106,3,245.965121
-0.041911,1,245.983813
-3.325556,4,246.066917
-0.04723,1,246.086507
-2.26657,3,246.144228
-2.238827,3,246.196902
-3.32704,4,246.285028
-3.321746,4,246.366201
-1.13605,2,246.401827
-1.117776,2,246.440885
-1.134223,2,246.486946
-0.021968,1,246.506972
-3.314543,4,246.600128
-3.294696,4,246.676917
-2.227853,3,246.746019
-2.247839,3,246.801106
-0.037547,1,246.819192
-3.376731,4,246.89306
-1.131866,2,246.927095
-0.048694,1,246.943711
-3.273074,4,247.004894
-3.30999,4,247.06497
-2.255472,3,247.115074
-2.240056,3,247.161922
-3.288698,4,247.223054
-1.092904,2,247.255094
-0.02491,1,247.276125
-1.119666,2,247.306404
-2.184121,3,247.355033
-3.403494,4,247.414001
-1.078287,2,247.456062
-2.211933,3,247.504903
-3.420483,4,247.568487
-2.188583,3,247.614138
-1.114043,2,247.655848
-2.216259,3,247.695961
-1.095953,2,247.726359
-2.204082,3,247.769976
-2.269667,3,247.81616
-2.194854,3,247.860934
-3.403834,4,247.926038
-1.115739,2,247.956959
-2.210967,3,248.011111
-1.139191,2,248.037156
-3.290611,4,248.096401
-2.2049,3,248.140313
-3.315507,4,248.206585
-3.366906,4,248.261992
-2.220072,3,248.309201
-2.169431,3,248.355893
-4.349051,5,248.435085
-3.391993,4,248.496382
-3.350862,4,248.56008
-2.228813,3,248.605896
-4.469311,5,248.686513
-1.133456,2,248.712188
-3.307636,4,248.772416
-3.293083,4,248.827124
-5.622545,6,248.922007
-3.382063,4,248.993196
-2.261102,3,249.038381
-2.229586,3,249.083445
-2.209025,3,249.130068
-0.023607,1,249.145087
-0.022231,1,249.161081
-2.255694,3,249.209842
-1.092557,2,249.244889
-2.238482,3,249.286466
-3.318145,4,249.341076
-2.210076,3,249.384618
-1.113119,2,249.420815
-3.344549,4,249.478392
-2.239759,3,249.52102
-0.037483,1,249.537034
-2.231763,3,249.58461
-2.258314,3,249.629215
-3.316546,4,249.691001
-3.269257,4,249.754084
-2.26017,3,249.803941
-2.208875,3,249.852004
-3.281847,4,249.914625
-2.170896,3,249.968424
-3.354971,4,250.040599
-2.248399,3,250.096137
-2.165693,3,250.140335
-3.29168,4,250.203479
-1.11131,2,250.238526
-2.17471,3,250.287589
-2.260494,3,250.331545
-1.085748,2,250.3641
-1.133435,2,250.404977
-2.196698,3,250.452046
-3.349574,4,250.520339
-0.012576,1,250.536865
-2.173053,3,250.588935
-2.267646,3,250.640173
-1.141765,2,250.668322
-2.266568,3,250.713968
-1.134549,2,250.748517
-1.113698,2,250.778553
-2.230261,3,250.826271
-1.083374,2,250.859863
-2.202097,3,250.908445
-2.197711,3,250.956003
-3.340374,4,251.02112
-0.044882,1,251.035204
-2.171117,3,251.096567
-3.303111,4,251.16021
-1.113936,2,251.195022
-2.239707,3,251.242999
-3.318932,4,251.313153
-3.290393,4,251.379364
-1.084177,2,251.414958
-2.223862,3,251.462016
-3.28071,4,251.53379
-2.214476,3,251.584421
-1.06909,2,251.616451
-1.092326,2,251.648996
-2.218559,3,251.699114
-1.119359,2,251.734267
-2.231497,3,251.778489
-2.179095,3,251.827113
-3.31004,4,251.899966
-3.438758,4,251.967054
-1.104344,2,251.999607
-3.295791,4,252.066875
-3.279399,4,252.138503
-3.339719,4,252.210333
-1.091896,2,252.246077
-3.321604,4,252.309219
-2.203617,3,252.364066
-0.037743,1,252.379584
-3.336374,4,252.44183
-0.025956,1,252.458343
-1.127414,2,252.49943
-2.280818,3,252.550503
-2.251991,3,252.599603
-2.262078,3,252.64699
-1.137548,2,252.687553
-2.23398,3,252.731616
-2.237427,3,252.78187
-3.392311,4,252.846976
-2.186953,3,252.898553
-2.195053,3,252.946764
-3.32568,4,253.010962
-3.294244,4,253.082059
-2.233335,3,253.139269
-3.286471,4,253.206077
-2.187055,3,253.258325
-3.342266,4,253.324944
-2.236419,3,253.380032
-0.039378,1,253.398598
-3.379314,4,253.465855
-2.238339,3,253.519966
-2.21486,3,253.576035
-1.12618,2,253.609125
-3.35813,4,253.665834
-2.227525,3,253.711952
-2.217554,3,253.761016
-0.017331,1,253.776028
-2.245018,3,253.823281
-1.084088,2,253.854834
-1.106149,2,253.894397
-2.184815,3,253.951082
-3.327073,4,254.021287
-2.23871,3,254.066856
-1.0971,2,254.106982
-0.019339,1,254.127011
-2.217223,3,254.17949
-2.271246,3,254.225601
-2.218461,3,254.283848
-4.471195,5,254.364089
-2.200531,3,254.41382
-2.233777,3,254.459884
-1.084458,2,254.503454
-2.206202,3,254.552565
-1.140173,2,254.587338
-3.332412,4,254.654052
-3.312304,4,254.726311
-3.417986,4,254.787428
-0.035342,1,254.806455
-1.119387,2,254.837003
-2.255334,3,254.897604
-3.314303,4,254.966885
-3.469898,4,255.035009
-3.402596,4,255.097597
-2.228364,3,255.154227
-0.034543,1,255.169873
-2.22872,3,255.222001
-3.387715,4,255.283082
-0.042411,1,255.305619
-3.309758,4,255.374
-2.271262,3,255.422208
-2.245415,3,255.471873
-3.359895,4,255.540105
-2.266974,3,255.593434
-1.081022,2,255.629341
-1.092535,2,255.664939
-2.213855,3,255.715017
-1.107749,2,255.748559
-2.169679,3,255.793132
-2.225047,3,255.861049
-3.344351,4,255.958467
-2.220922,3,256.016739
-2.17982,3,256.07298
-2.244235,3,256.12383
-3.325425,4,256.198425
-1.129207,2,256.240493
-1.099199,2,256.276961
-2.205529,3,256.332999
-3.285248,4,256.401185
-0.03236,1,256.413243
-2.198749,3,256.458359
-3.355254,4,256.520403
-3.322295,4,256.586057
-1.13852,2,256.616355
-0.03321,1,256.633907
-2.159373,3,256.680968
-2.181679,3,256.731075
-2.219145,3,256.779235
-2.234323,3,256.820973
-2.166426,3,256.872053
-3.374906,4,256.943348
-2.225865,3,256.988486
-1.106248,2,257.022101
-1.109455,2,257.055169
-0.038869,1,257.079332
-4.48828,5,257.162097
-3.308119,4,257.230916
-2.236146,3,257.276847
-3.282376,4,257.34298
-3.298031,4,257.40957
-1.130668,2,257.436599
-2.231291,3,257.479371
-1.079871,2,257.518479
-0.041798,1,257.533002
-1.098157,2,257.566041
-2.22453,3,257.616819
-4.445792,5,257.69945
-1.082392,2,257.727024
-0.013603,1,257.745049
-3.324068,4,257.992022
-3.301739,4,258.060128
-0.04067,1,258.077237
-3.335727,4,258.13847
-0.014114,1,258.154997
-2.26968,3,258.21008
-1.11999,2,258.243138
-2.204042,3,258.290904
-1.118171,2,258.325947
-3.375023,4,258.398546
-3.406079,4,258.465718
-1.078384,2,258.497364
-1.127649,2,258.530958
-2.212751,3,258.581013
-2.217743,3,258.634899
-2.171533,3,258.67845
-1.115739,2,258.70749
-3.317468,4,258.773285
-0.031409,1,258.786301
-3.300398,4,258.847031
-2.248846,3,258.8926
-3.313411,4,258.962866
-2.26496,3,259.010949
-2.162376,3,259.064015
-2.23291,3,259.111104
-1.131458,2,259.148542
-1.138544,2,259.184095
-0.03962,1,259.200343
-2.215768,3,259.246955
-3.320061,4,259.320512
-1.114005,2,259.355602
-2.189695,3,259.404943
-1.11393,2,259.440994
-1.128551,2,259.477035
-3.342245,4,259.540166
-3.291574,4,259.600193
-2.170946,3,259.646929
-2.19631,3,259.697506
-2.177442,3,259.748597
-3.334502,4,259.808733
-3.371582,4,259.878559
-2.160079,3,259.927234
-2.177264,3,259.978488
-1.106917,2,260.010543
-2.248651,3,260.056946
-3.348958,4,260.127069
-1.119615,2,260.16114
-2.180321,3,260.202947
-2.265021,3,260.247002
-3.328811,4,260.317591
-2.194628,3,260.358564
-2.241303,3,260.404723
-0.037896,1,260.417233
-1.120618,2,260.452948
-2.168623,3,260.497206
-2.195123,3,260.536862
-2.20136,3,260.576913
-3.342877,4,260.640723
-3.302122,4,260.693386
-0.045137,1,260.706967
-1.117576,2,260.734007
-2.234541,3,260.781089
-3.31305,4,260.835899
-0.035288,1,260.848413
-3.305288,4,260.903093
-3.317982,4,260.96938
-3.351958,4,261.026986
-3.432341,4,261.085055
-2.26728,3,261.127614
-3.357953,4,261.192875
-0.035414,1,261.208393
-3.33243,4,261.265962
-3.3407,4,261.326039
-3.349831,4,261.390177
-1.077112,2,261.42187
-0.043623,1,261.434882
-2.188787,3,261.481867
-1.126017,2,261.513909
-1.123103,2,261.544959
-1.125183,2,261.572998
-2.195938,3,261.61305
-3.322803,4,261.66914
-1.074617,2,261.697406
-0.020354,1,261.713431
-4.423097,5,261.778541
-2.221689,3,261.821111
-2.244012,3,261.868329
-2.235348,3,261.910887
-1.095369,2,261.93942
-2.211519,3,261.986913
-2.230593,3,262.030977
-1.074984,2,262.058502
-1.081869,2,262.087034
-3.320644,4,262.150748
-2.268016,3,262.193852
-3.301464,4,262.250924
-1.071534,2,262.279955
-2.207748,3,262.327081
-3.298871,4,262.384921
-0.029132,1,262.398466
-3.347828,4,262.458541
-1.12968,2,262.49059
-2.200006,3,262.531278
-1.123134,2,262.561918
-2.212038,3,262.605047
-2.177371,3,262.647095
-1.140469,2,262.673663
-3.327676,4,262.726839
-2.264189,3,262.761889
-1.074761,2,262.794951
-1.103375,2,262.821987
-1.081641,2,262.852025
-2.1801,3,262.898574
-2.183628,3,262.951161
-3.366339,4,263.016104
-2.219542,3,263.063929
-1.076413,2,263.097061
-2.263395,3,263.154287
-2.180315,3,263.203612
-4.434279,5,263.286905
-3.348415,4,263.349486
-1.128898,2,263.385052
-3.376409,4,263.452924
-2.254258,3,263.507056
-0.028404,1,263.525079
-2.190955,3,263.580828
-0.044457,1,263.598352
-1.128444,2,263.630483
-2.254021,3,263.676017
-2.210177,3,263.727106
-2.179403,3,263.773582
-3.305408,4,263.845871
-3.427406,4,263.912987
-2.223339,3,263.96705
-0.029358,1,263.984077
-3.28722,4,264.051906
-1.090607,2,264.084941
-3.412433,4,264.166958
-3.296617,4,264.240093
-2.267758,3,264.292356
-2.193749,3,264.344015
-3.286056,4,264.414632
-2.176433,3,264.465869
-0.044922,1,264.483893
-2.204008,3,264.535982
-1.130863,2,264.578537
-1.101036,2,264.611116
-3.315537,4,264.68703
-3.332421,4,264.751043
-2.230256,3,264.820894
-1.084754,2,264.858438
-1.123156,2,264.894007
-2.248446,3,264.952102
-1.104596,2,265.002393
-3.288457,4,265.086025
-1.139959,2,265.124847
-2.202753,3,265.181961
-1.09215,2,265.231801
-1.135247,2,265.276928
-2.16113,3,265.341262
-2.237737,3,265.396386
-3.309097,4,265.472074
-3.392168,4,265.552929
-3.304692,4,265.621038
-0.036211,1,265.638553
-3.331628,4,265.708407
-1.111482,2,265.739949
-3.310479,4,265.807112
-2.221901,3,265.859338
-2.176891,3,265.909528
-2.213832,3,265.956912
-3.354375,4,266.02606
-2.166854,3,266.078635
-2.233062,3,266.135981
-1.141322,2,266.170035
-2.179492,3,266.222336
-3.324267,4,266.290994
-2.241532,3,266.349145
-1.118763,2,266.381988
-3.354166,4,266.446966
-2.205819,3,266.497544
-2.164698,3,266.555834
-0.044574,1,266.573862
-2.240145,3,266.628555
-0.045484,1,266.644081
-1.079959,2,266.681805
-2.22655,3,266.726926
-3.305383,4,266.794008
-1.109655,2,266.824543
-2.246818,3,266.880255
-1.141936,2,266.910377
-1.095633,2,266.941024
-2.208386,3,266.985074
-3.405865,4,267.061318
-3.34879,4,267.133187
-3.35574,4,267.201419
-1.11782,2,267.237121
-0.046557,1,267.26222
-3.288531,4,267.327126
-2.24217,3,267.376828
-2.250467,3,267.426922
-2.221049,3,267.483015
-2.223504,3,267.535109
-3.36617,4,267.59747
-1.118624,2,267.633114
-0.034373,1,267.653271
-1.114306,2,267.68587
-1.127039,2,267.715405
-1.137767,2,267.749477
-2.199811,3,267.800551
-3.299533,4,267.862832
-3.324621,4,267.928921
-2.226264,3,267.978508
-2.193272,3,268.031867
-2.174101,3,268.085932
-0.026687,1,268.103469
-2.268642,3,268.153211
-2.159744,3,268.211118
-3.311105,4,268.274879
-2.212735,3,268.324969
-1.126098,2,268.361035
-2.182842,3,268.421622
-2.241213,3,268.47088
-2.182888,3,268.52105
-3.319938,4,268.583759
-1.127919,2,268.629834
-2.267252,3,268.675961
-2.213891,3,268.722092
-0.031234,1,268.737107
-0.021057,1,268.760841
-3.292067,4,268.823427
-2.261376,3,268.868591
-3.33569,4,268.931837
-3.381079,4,269.002451
-1.099852,2,269.03349
-1.117012,2,269.06512
-2.234223,3,269.114039
-2.177691,3,269.169127
-3.284886,4,269.232019
-1.096006,2,269.268565
-3.308721,4,269.335824
-1.087706,2,269.376899
-2.195137,3,269.425467
-2.215425,3,269.47507
-2.200075,3,269.527277
-1.125524,2,269.565906
-0.023447,1,269.583931
-2.270069,3,269.635047
-0.019172,1,269.649571
-2.211879,3,269.69866
-2.257725,3,269.74492
-3.316375,4,269.796501
-3.314265,4,269.864109
-2.191311,3,269.916859
-3.292565,4,269.983958
-4.502072,5,270.061088
-2.212654,3,270.114753
-1.085397,2,270.156997
-2.178718,3,270.207109
-3.401693,4,270.274891
-2.261486,3,270.327045
-3.30456,4,270.401173
-2.248061,3,270.450862
-3.382236,4,270.516433
-1.077714,2,270.552042
-3.307569,4,270.624683
-2.251093,3,270.663813
-3.324118,4,270.722966
-1.124165,2,270.757017
-3.317122,4,270.833274
-2.185015,3,270.880378
-3.323405,4,270.948603
-2.221401,3,270.993941
-3.308715,4,271.066079
-3.306561,4,271.130321
-2.175709,3,271.179952
-2.281692,3,271.230845
-0.01279,1,271.251877
-3.321259,4,271.316002
-2.242457,3,271.366081
-2.185867,3,271.411768
-1.081109,2,271.449083
-2.181057,3,271.499219
-0.031634,1,271.514842
-2.229694,3,271.564914
-2.200457,3,271.620022
-3.320385,4,271.683106
-2.213132,3,271.729226
-0.019676,1,271.744298
-3.323323,4,271.815928
-3.294424,4,271.879532
-2.200928,3,271.926089
-1.116163,2,271.956742
-1.07138,2,271.992848
-3.276099,4,272.055422
-1.1028,2,272.08896
-3.329053,4,272.148533
-2.196387,3,272.202654
-1.074826,2,272.237309
-2.223003,3,272.285984
-0.049572,1,272.302519
-2.257666,3,272.35842
-2.162066,3,272.406494
-2.170686,3,272.455115
-3.340732,4,272.520976
-1.092533,2,272.559527
-3.297217,4,272.629205
-3.308173,4,272.692996
-3.350495,4,272.747134
-3.328911,4,272.818428
-2.26284,3,272.864998
-1.097847,2,272.90358
-1.074279,2,272.936784
-2.196057,3,272.994953
-0.046468,1,273.014485
-5.543302,6,273.114853
-3.313993,4,273.175939
-0.027185,1,273.195967
-1.111634,2,273.233046
-3.305622,4,273.292684
-3.329838,4,273.358482
-3.269435,4,273.438413
-1.098716,2,273.47196
-2.183143,3,273.521713
-2.290269,3,273.579459
-0.013605,1,273.602498
-3.398696,4,273.665418
-2.227049,3,273.709173
-3.350148,4,273.768407
-2.184589,3,273.819476
-3.346285,4,273.889171
-3.281097,4,273.955883
-2.243079,3,274.011959
-3.396333,4,274.086183
-2.237432,3,274.134968
-0.028242,1,274.151999
-2.160599,3,274.200074
-2.231736,3,274.252975
-3.426997,4,274.316056
-3.326301,4,274.383832
-3.302101,4,274.449924
-0.039795,1,274.471954
-2.16353,3,274.521023
-3.311571,4,274.587104
-1.118661,2,274.61847
-3.270446,4,274.685069
-2.208867,3,274.729134
-0.02368,1,274.745196
-2.147485,3,274.79496
-2.229408,3,274.847023
-3.307139,4,274.908607
-3.299482,4,274.975027
-3.310292,4,275.045118
-1.100765,2,275.083896
-0.020168,1,275.099414
-3.352309,4,275.15599
-3.338612,4,275.217062
-1.078388,2,275.253168
-3.374093,4,275.318456
-2.210845,3,275.366016
-2.177956,3,275.417082
-2.227196,3,275.470317
-1.113337,2,275.504
-1.107204,2,275.534035
-4.471066,5,275.610154
-2.268565,3,275.66199
-1.133623,2,275.693027
-2.186404,3,275.737086
-1.08233,2,275.767117
-2.180626,3,275.820511
-3.406144,4,275.885975
-2.202675,3,275.935039
-1.093974,2,275.97109
-3.380071,4,276.040005
-2.271503,3,276.08706
-3.318116,4,276.147213
-3.318081,4,276.20697
-3.279453,4,276.271063
-2.198807,3,276.321122
-2.247643,3,276.367096
-2.270197,3,276.419449
-1.12694,2,276.455998
-3.297146,4,276.516076
-2.175038,3,276.559256
-1.121652,2,276.58843
-1.070475,2,276.624984
-3.281845,4,276.680056
-3.295271,4,276.736132
-3.297902,4,276.790435
-2.224982,3,276.839992
-0.036042,1,276.855007
-0.037358,1,276.868522
-0.018561,1,276.882043
-2.171917,3,276.933215
-2.253275,3,276.980443
-3.350725,4,277.04073
-3.334128,4,277.097095
-3.416086,4,277.15939
-3.325445,4,277.21402
-1.118477,2,277.241057
-2.180003,3,277.282109
-3.375537,4,277.345961
-2.185026,3,277.395018
-0.043203,1,277.408533
-1.097442,2,277.440075
-1.087222,2,277.474768
-2.191896,3,277.525519
-2.204646,3,277.572285
-1.076857,2,277.606995
-1.141405,2,277.644051
-1.092083,2,277.674092
-2.247067,3,277.719265
-2.208716,3,277.764922
-3.325762,4,277.829506
-2.225683,3,277.876065
-4.448309,5,277.964027
-1.117087,2,277.997067
-2.237595,3,278.05179
-0.04334,1,278.071891
-3.323954,4,278.134964
-3.295542,4,278.20206
-0.024684,1,278.221086
-2.210523,3,278.275242
-3.380935,4,278.333991
-1.102479,2,278.365027
-2.208004,3,278.422112
-0.047671,1,278.439244
-2.207005,3,278.493905
-1.105982,2,278.524942
-3.300729,4,278.59604
-2.166761,3,278.645106
-2.282216,3,278.696956
-1.09792,2,278.728506
-3.395251,4,278.803636
-3.307159,4,278.862912
-1.112033,2,278.899462
-2.244421,3,278.950035
-0.029428,1,278.972064
-3.383575,4,279.044281
-2.258714,3,279.09297
-0.045658,1,279.111998
-1.13053,2,279.154046
-2.163704,3,279.20312
-3.293752,4,279.268523
-1.080004,2,279.299563
-1.082821,2,279.337104
-0.04531,1,279.353672
-3.318918,4,279.419924
-2.207463,3,279.469484
-0.027207,1,279.492026
-2.220788,3,279.541092
-2.250129,3,279.596201
-3.364753,4,279.65846
-3.305583,4,279.729079
-3.364905,4,279.788515
-2.183808,3,279.838683
-4.543236,5,279.923005
-3.304347,4,279.994102
-3.302422,4,280.060978
-2.207877,3,280.111079
-2.18096,3,280.164768
-2.195572,3,280.216409
-1.106989,2,280.250042
-3.374632,4,280.3148
-2.190564,3,280.36488
-1.087313,2,280.400442
-0.028668,1,280.414454
-2.223409,3,280.467183
-1.113874,2,280.499317
-3.338106,4,280.571926
-1.105152,2,280.601965
-1.116109,2,280.63701
-1.087802,2,280.66705
-2.24316,3,280.716118
-2.188456,3,280.757277
-1.107071,2,280.788341
-1.110866,2,280.820369
-2.24466,3,280.873456
-3.351837,4,280.941043
-2.255727,3,280.988605
-3.37206,4,281.061862
-0.013427,1,281.081887
-2.239915,3,281.134997
-1.102718,2,281.168539
-2.196109,3,281.214612
-1.144182,2,281.252242
-2.205214,3,281.296886
-2.215296,3,281.344981
-1.078438,2,281.377019
-2.214199,3,281.427589
-2.195013,3,281.479218
-2.21565,3,281.524943
-2.175959,3,281.571009
-0.042986,1,281.591036
-2.248303,3,281.642854
-4.378797,5,281.728476
-2.168229,3,281.775545
-2.168595,3,281.833439
-2.173,3,281.882035
-2.227212,3,281.933116
-1.099466,2,281.964221
-3.284719,4,282.039246
-2.20796,3,282.086845
-1.095177,2,282.132581
-0.03587,1,282.158872
-0.04512,1,282.187025
-2.212392,3,282.260908
-3.325573,4,282.335524
-1.129396,2,282.366172
-1.123429,2,282.407353
-2.254472,3,282.459531
-2.179895,3,282.521264
-2.194135,3,282.577095
-2.170181,3,282.635984
-2.222822,3,282.685047
-2.20815,3,282.732201
-1.108619,2,282.762996
-3.29828,4,282.82908
-3.284642,4,282.899431
-1.148809,2,282.933083
-3.292499,4,283.001852
-2.213208,3,283.062059
-2.277568,3,283.114131
-2.175395,3,283.164434
-3.31223,4,283.237092
-3.421092,4,283.316339
-2.235789,3,283.364997
-3.339573,4,283.432108
-1.129691,2,283.46624
-0.046252,1,283.487308
-2.23722,3,283.54597
-4.509225,5,283.638613
-3.305232,4,283.702815
-2.172815,3,283.753904
-2.160473,3,283.801984
-1.073789,2,283.836033
-0.047397,1,283.855068
-1.142027,2,283.892737
-2.241671,3,283.945936
-2.192309,3,284.000534
-1.101985,2,284.038311
-2.213029,3,284.099965
-0.020784,1,284.115485
-3.29463,4,284.188612
-3.319627,4,284.261831
-3.386785,4,284.333981
-3.282817,4,284.416617
-1.080451,2,284.454194
-3.3019,4,284.526821
-0.028664,1,284.551862
-1.076519,2,284.588408
-0.029567,1,284.607441
-1.094888,2,284.643006
-1.12205,2,284.683068
-0.013497,1,284.697077
-3.340001,4,284.768803
-0.014533,1,284.784874
-2.252135,3,284.840447
-3.390402,4,284.910605
-4.476573,5,285.001863
-2.250833,3,285.053006
-3.350465,4,285.131176
-3.328617,4,285.20293
-2.227898,3,285.257103
-2.192056,3,285.309313
-2.168701,3,285.363918
-0.044174,1,285.381946
-2.295007,3,285.434048
-3.379269,4,285.504198
-2.194142,3,285.56041
-0.030239,1,285.575874
-1.097324,2,285.613957
-1.091355,2,285.648508
-1.115532,2,285.686058
-3.375669,4,285.756813
-2.185036,3,285.805878
-3.359848,4,285.873006
-1.108667,2,285.91557
-2.275685,3,285.972265
-2.18218,3,286.026412
-2.257848,3,286.086247
-3.326539,4,286.16588
-1.095922,2,286.200933
-2.271262,3,286.253019
-3.37739,4,286.322124
-1.105077,2,286.361774
-1.086263,2,286.394812
-1.078544,2,286.429861
-3.328329,4,286.492937
-2.261201,3,286.548509
-2.272328,3,286.595068
-3.326997,4,286.653994
-1.131147,2,286.684029
-2.225408,3,286.738603
-2.228,3,286.781895
-1.136378,2,286.81394
-1.114549,2,286.84498
-1.095814,2,286.883037
-1.149593,2,286.915077
-3.289364,4,286.989309
-3.32975,4,287.060977
-2.197726,3,287.116039
-1.138094,2,287.151092
-2.190382,3,287.204897
-0.02711,1,287.220431
-3.320934,4,287.302033
-3.387818,4,287.370734
-3.295251,4,287.436003
-2.250431,3,287.485065
-1.132038,2,287.523118
-1.095628,2,287.557203
-3.342239,4,287.621917
-3.328484,4,287.680997
-2.252499,3,287.73506
-1.121512,2,287.763098
-2.23163,3,287.811887
-3.286387,4,287.878477
-3.299408,4,287.950591
-0.031574,1,287.969215
-3.302127,4,288.040913
-2.222981,3,288.090977
-1.096371,2,288.128521
-2.201586,3,288.175086
-1.112224,2,288.210141
-1.10339,2,288.242918
-3.347808,4,288.314003
-0.012988,1,288.332031
-3.301172,4,288.399613
-2.174786,3,288.447802
-2.179453,3,288.502949
-1.078244,2,288.534986
-1.133431,2,288.567026
-1.121819,2,288.598564
-2.231128,3,288.649168
-3.344305,4,288.71343
-1.137685,2,288.743988
-3.270005,4,288.806063
-2.192147,3,288.860883
-2.2022,3,288.913954
-0.048827,1,288.93098
-1.13392,2,288.964019
-3.329236,4,289.035113
-0.012458,1,289.05219
-3.342569,4,289.129923
-3.294315,4,289.198511
-3.333092,4,289.27011
-2.246124,3,289.319877
-1.122786,2,289.352562
-0.046068,1,289.369578
-2.207942,3,289.425894
-2.204189,3,289.476968
-2.202084,3,289.525034
-0.037808,1,289.538548
-2.184975,3,289.591694
-3.273604,4,289.653908
-2.193076,3,289.698454
-1.107877,2,289.731139
-2.233639,3,289.780986
-2.208714,3,289.824034
-1.10236,2,289.860088
-1.112441,2,289.896157
-1.081155,2,289.932859
-3.319804,4,289.996947
-1.098733,2,290.031003
-2.235812,3,290.07706
-2.26638,3,290.133228
-2.237533,3,290.180867
-2.176546,3,290.233046
-1.121085,2,290.266113
-2.169596,3,290.321499
-2.197979,3,290.373087
-1.086386,2,290.4058
-3.316607,4,290.470929
-2.235432,3,290.520493
-3.32614,4,290.581171
-2.237653,3,290.626278
-1.080607,2,290.654871
-2.25794,3,290.702948
-3.417265,4,290.765026
-1.09592,2,290.803299
-2.260765,3,290.849912
-2.24076,3,290.900982
-2.255117,3,290.944094
-2.230368,3,290.993045
-2.186244,3,291.035094
-3.335121,4,291.104881
-2.22718,3,291.156955
-3.365609,4,291.215039
-2.210368,3,291.2586
-2.166081,3,291.310919
-2.171396,3,291.35398
-2.216345,3,291.397539
-2.204211,3,291.443912
-3.414007,4,291.509491
-2.198879,3,291.556081
-2.273226,3,291.597759
-3.318456,4,291.653953
-0.025193,1,291.67098
-2.275218,3,291.710017
-3.350487,4,291.762897
-3.364603,4,291.817472
-1.090288,2,291.848527
-1.096365,2,291.883082
-0.010085,1,291.897102
-2.210928,3,291.93919
-1.077275,2,291.975295
-3.400508,4,292.033413
-1.092129,2,292.061451
-2.235774,3,292.10854
-0.014253,1,292.129076
-1.110525,2,292.158741
-1.141616,2,292.190937
-1.094706,2,292.221491
-2.176549,3,292.270082
-3.298721,4,292.330029
-3.41347,4,292.387098
-3.387844,4,292.446894
-3.406809,4,292.508471
-2.217356,3,292.555047
-2.184115,3,292.596957
-1.10342,2,292.631046
-3.448173,4,292.686111
-1.102772,2,292.71439
-1.086375,2,292.745952
-1.097063,2,292.775989
-3.369646,4,292.837101
-1.10842,2,292.868554
-3.37812,4,292.936272
-2.258066,3,292.989994
-0.045634,1,293.011021
-0.024475,1,293.027056
-2.242036,3,293.076767
-3.418254,4,293.142985
-2.209689,3,293.204075
-1.130454,2,293.236351
-3.269713,4,293.306052
-2.236609,3,293.358692
-0.045916,1,293.379325
-2.188611,3,293.435477
-3.356148,4,293.500113
-3.310759,4,293.565919
-2.24197,3,293.620552
-2.216701,3,293.66513
-2.235292,3,293.706887
-2.233307,3,293.753981
-3.302716,4,293.811063
-2.228865,3,293.862341
-1.09909,2,293.892378
-1.094399,2,293.92443
-2.206936,3,293.98059
-3.310453,4,294.046197
-3.336343,4,294.106868
-1.088625,2,294.135919
-1.07692,2,294.17849
-3.341124,4,294.238596
-3.347273,4,294.305893
-3.29244,4,294.371479
-0.049748,1,294.396499
-2.229503,3,294.445613
-1.104497,2,294.476782
-0.038854,1,294.494306
-1.096518,2,294.532025
-2.259667,3,294.57859
-2.224784,3,294.624369
-3.39172,4,294.680969
-3.362933,4,294.741079
-1.12195,2,294.772119
-3.362181,4,294.835023
-1.093098,2,294.867166
-3.391688,4,294.938551
-1.120749,2,294.973113
-1.099013,2,295.009864
-2.181952,3,295.057418
-1.119514,2,295.094998
-2.19491,3,295.143072
-1.082985,2,295.180688
-2.204676,3,295.226866
-2.245417,3,295.29298
-1.129461,2,295.326521
-3.309406,4,295.392863
-2.186025,3,295.442059
-1.130745,2,295.48269
-1.093772,2,295.515815
-1.113075,2,295.548377
-2.200806,3,295.595945
-2.231133,3,295.646536
-2.235238,3,295.689085
-3.32404,4,295.748731
-2.210407,3,295.790897
-2.21409,3,295.846577
-0.046523,1,295.864266
-2.26453,3,295.910904
-2.272549,3,295.959587
-3.321397,4,296.027343
-0.049278,1,296.042363
-4.455748,5,296.124526
-3.283822,4,296.195993
-2.172158,3,296.253167
-0.047546,1,296.271057
-2.286322,3,296.325143
-3.376343,4,296.403395
-3.361922,4,296.474994
-3.292884,4,296.538726
-0.036219,1,296.552881
-2.27336,3,296.60395
-2.221753,3,296.659136
-3.309089,4,296.719376
-0.036436,1,296.735392
-1.102486,2,296.762943
-0.019155,1,296.781966
-0.037448,1,296.798479
-3.343939,4,296.863277
-2.249782,3,296.914903
-3.329469,4,296.987525
-3.33315,4,297.053892
-2.256137,3,297.102526
-2.2051,3,297.156099
-2.180822,3,297.208417
-3.295091,4,297.281242
-2.229798,3,297.336011
-0.03542,1,297.355038
-2.203236,3,297.409961
-1.126993,2,297.445921
-0.033706,1,297.463942
-1.107718,2,297.495987
-2.256184,3,297.549564
-2.216445,3,297.601884
-2.235202,3,297.650626
-2.21522,3,297.701087
-3.285105,4,297.768469
-3.348325,4,297.829555
-1.125359,2,297.864119
-1.078502,2,297.899378
-2.214277,3,297.953043
-1.084765,2,297.987092
-2.289576,3,298.039321
-3.328463,4,298.106913
-2.192295,3,298.167411
-3.28225,4,298.234546
-1.090361,2,298.270576
-2.162519,3,298.319184
-1.125551,2,298.358347
-3.345597,4,298.431991
-2.213224,3,298.487061
-2.223569,3,298.537791
-1.088647,2,298.579897
-3.31232,4,298.645977
-3.407037,4,298.707047
-2.166542,3,298.752112
-0.041309,1,298.77015
-2.174974,3,298.81583
-3.274936,4,298.880224
-0.032635,1,298.900834
-3.3388,4,298.971992
-1.085088,2,299.007035
-3.394355,4,299.076794
-1.073334,2,299.112851
-2.174447,3,299.170943
-3.371359,4,299.245038
-3.32704,4,299.313144
-1.126267,2,299.349123
-3.279625,4,299.420429
-2.248813,3,299.473965
-3.266839,4,299.547056
-3.331454,4,299.618328
-2.253883,3,299.673908
-2.243497,3,299.720467
-1.1076,2,299.751023
-0.040269,1,299.76854
-1.128561,2,299.8086
-3.308,4,299.87695
-2.238306,3,299.936053
-2.256442,3,299.987785
-1.134359,2,300.029553
-3.279762,4,300.104936
-2.175199,3,300.159517
-1.095638,2,300.194067
-2.211904,3,300.25933
-0.010701,1,300.279351
-0.040222,1,300.298875
-2.269771,3,300.358526
-0.02795,1,300.383071
-1.127489,2,300.417108
-3.370938,4,300.482949
-1.127501,2,300.519993
-3.322154,4,300.598583
-2.20274,3,300.651275
-2.219244,3,300.698494
-1.096239,2,300.731045
-3.318301,4,300.805179
-2.237242,3,300.855022
-1.069798,2,300.888568
-2.24766,3,300.942884
-2.176584,3,301.0085
-3.312108,4,301.072118
-1.116853,2,301.109885
-2.22967,3,301.160972
-3.273195,4,301.23707
-2.202383,3,301.290355
-2.24389,3,301.349989
-3.389822,4,301.418477
-2.208132,3,301.477059
-2.271103,3,301.526649
-2.238957,3,301.575955
-3.319633,4,301.643051
-0.044449,1,301.665076
-3.312247,4,301.730857
-1.10243,2,301.762893
-3.300341,4,301.82651
-2.245476,3,301.884897
-3.351875,4,301.960081
-2.192675,3,302.011276
-0.037779,1,302.026799
-1.136416,2,302.059943
-3.34564,4,302.130491
-3.430093,4,302.195203
-2.24494,3,302.244041
-3.325906,4,302.317145
-2.260963,3,302.370482
-3.338188,4,302.436963
-2.160534,3,302.483033
-3.30434,4,302.557147
-1.10023,2,302.589914
-1.127312,2,302.624958
-3.324667,4,302.686037
-2.264143,3,302.741144
-3.298156,4,302.799913
-1.122479,2,302.831954
-1.127063,2,302.867004
-2.164614,3,302.919568
-2.205692,3,302.972162
-2.254482,3,303.019938
-3.322351,4,303.086079
-0.032789,1,303.111123
-0.033033,1,303.127648
-0.040503,1,303.142735
-2.250578,3,303.18698
-0.011267,1,303.208511
-3.341547,4,303.279134
-3.387432,4,303.347073
-3.396347,4,303.41491
-2.24482,3,303.474088
-2.257815,3,303.523323
-3.328527,4,303.586021
-0.027906,1,303.604048
-3.327215,4,303.667209
-0.01983,1,303.681318
-2.228536,3,303.724874
-1.124174,2,303.758418
-3.338033,4,303.825508
-1.092597,2,303.856074
-4.492591,5,303.941454
-2.206334,3,303.987093
-2.239489,3,304.041395
-2.156868,3,304.090082
-3.299744,4,304.157299
-2.228446,3,304.201934
-1.09755,2,304.236478
-2.214341,3,304.286114
-2.228629,3,304.336877
-3.30206,4,304.406344
-2.258111,3,304.460867
-3.317166,4,304.52746
-3.370205,4,304.594868
-3.29526,4,304.654991
-3.301851,4,304.721087
-3.314807,4,304.779309
-1.096461,2,304.811878
-3.357703,4,304.874988
-1.105028,2,304.913053
-0.011646,1,304.929072
-1.107017,2,304.958913
-1.10962,2,304.992036
-1.115333,2,305.030607
-2.166711,3,305.078455
-2.175421,3,305.12402
-1.09561,2,305.157571
-3.341252,4,305.217045
-3.315648,4,305.278782
-2.2502,3,305.325371
-0.028215,1,305.341392
-0.046854,1,305.36401
-1.126532,2,305.393052
-1.076858,2,305.423088
-2.255684,3,305.465853
-0.030564,1,305.488384
-1.076399,2,305.520934
-2.207435,3,305.564043
-2.202847,3,305.610105
-2.244346,3,305.659399
-1.099733,2,305.686931
-2.188144,3,305.727491
-1.084713,2,305.754041
-1.074242,2,305.785078
-0.047807,1,305.800599
-1.135881,2,305.829172
-3.33109,4,305.880378
-3.350445,4,305.947494
-2.23932,3,305.988539
-2.177981,3,306.0311
-0.037595,1,306.047114
-1.10803,2,306.081893
-1.113299,2,306.109939
-2.200056,3,306.152023
-2.24737,3,306.194078
-2.235526,3,306.243291
-2.23004,3,306.283905
-0.043819,1,306.296919
-2.178959,3,306.338476
-2.217491,3,306.385094
-1.127998,2,306.415136
-2.187379,3,306.458547
-2.215653,3,306.503155
-1.089835,2,306.53704
-1.135793,2,306.56858
-3.357964,4,306.626411
-1.08868,2,306.655022
-2.191515,3,306.699575
-1.137504,2,306.726615
-0.038293,1,306.741707
-1.123686,2,306.770041
-2.206904,3,306.817095
-2.244956,3,306.860306
-2.208792,3,306.905942
-0.03172,1,306.920968
-2.213493,3,306.967088
-1.125067,2,306.997135
-2.254542,3,307.043902
-1.128392,2,307.076947
-2.177284,3,307.126521
-0.022037,1,307.142543
-1.082785,2,307.173129
-3.31166,4,307.231081
-3.292828,4,307.293852
-2.255998,3,307.33541
-1.131802,2,307.361982
-2.200393,3,307.410047
-3.306127,4,307.479339
-1.110911,2,307.512884
-2.199436,3,307.559546
-2.226923,3,307.610612
-2.274143,3,307.670935
-1.108621,2,307.696966
-0.009445,1,307.710991
-3.306137,4,307.766556
-2.201318,3,307.81597
-0.037419,1,307.8305
-2.24456,3,307.876832
-2.200175,3,307.928917
-2.26081,3,307.98104
-3.29417,4,308.044702
-3.401398,4,308.108373
-1.110005,2,308.139945
-1.076646,2,308.176982
-3.32566,4,308.237571
-1.123357,2,308.267204
-2.27578,3,308.313902
-3.324616,4,308.381493
-1.134607,2,308.411528
-1.132159,2,308.448588
-2.236237,3,308.495826
-3.299946,4,308.569469
-2.235034,3,308.617035
-0.020564,1,308.634566
-0.010798,1,308.64958
-3.317363,4,308.713283
-2.196444,3,308.761082
-2.201419,3,308.80919
-2.20476,3,308.858423
-0.045212,1,308.879957
-2.232336,3,308.932534
-2.216376,3,308.981891
-2.24789,3,309.029475
-2.182344,3,309.083555
-3.333674,4,309.147254
-1.080196,2,309.179843
-2.264467,3,309.22941
-3.37554,4,309.294106
-1.14153,2,309.326286
-2.217383,3,309.370342
-0.043618,1,309.386356
-1.091541,2,309.427431
-3.286989,4,309.494053
-0.04116,1,309.512089
-3.314676,4,309.574005
-2.198566,3,309.628578
-3.325427,4,309.689891
-0.046623,1,309.703905
-1.139041,2,309.733011
-1.096354,2,309.771064
-0.025789,1,309.785074
-2.183258,3,309.830764
-2.254531,3,309.881902
-0.029004,1,309.902452
-2.234305,3,309.950116
-1.132397,2,309.985925
-0.027013,1,310.00095
-2.246593,3,310.057057
-3.323266,4,310.127386
-2.228613,3,310.173995
-2.272982,3,310.22205
-3.3471,4,310.288392
-0.046472,1,310.306913
-3.370898,4,310.367502
-3.321771,4,310.43012
-2.265576,3,310.484371
-2.252402,3,310.536503
-3.370054,4,310.600506
-1.090758,2,310.634518
-2.199572,3,310.685181
-1.094832,2,310.713856
-2.195732,3,310.761963
-2.266275,3,310.807021
-2.256329,3,310.866912
-3.400584,4,310.931509
-2.17477,3,310.984367
-2.250476,3,311.029022
-3.407999,4,311.095441
-2.167759,3,311.139536
-2.252859,3,311.189595
-2.175427,3,311.228972
-2.174157,3,311.276073
-2.203531,3,311.323301
-0.033028,1,311.338818
-3.311515,4,311.399447
-3.381427,4,311.457571
-2.164216,3,311.502833
-2.274151,3,311.547778
-0.03393,1,311.560408
-0.034508,1,311.579449
-3.335485,4,311.641553
-4.464036,5,311.701904
-1.092687,2,311.731452
-2.187342,3,311.780524
-1.123569,2,311.807815
-1.099337,2,311.83646
-1.088547,2,311.866009
-2.257007,3,311.917079
-3.385018,4,311.97287
-2.169194,3,312.014925
-0.049899,1,312.028444
-3.291603,4,312.089236
-1.090179,2,312.114137
-3.37566,4,312.17592
-2.214778,3,312.221066
-2.198877,3,312.269282
-2.234757,3,312.312888
-2.174033,3,312.353976
-2.252937,3,312.396029
-3.3828,4,312.45722
-1.069005,2,312.485842
-3.323883,4,312.546967
-1.128763,2,312.57601
-1.078007,2,312.60855
-0.016334,1,312.624073
-0.048591,1,312.639239
-0.029696,1,312.653887
-3.381039,4,312.71396
-1.1139,2,312.74218
-1.095972,2,312.765807
-2.248211,3,312.801863
-1.086427,2,312.839415
-1.128236,2,312.869444
-0.041021,1,312.885457
-3.334391,4,312.947035
-3.293454,4,313.012814
-2.230362,3,313.062908
-1.112396,2,313.088435
-2.185298,3,313.130497
-2.250411,3,313.183913
-2.231042,3,313.226461
-2.218457,3,313.270807
-0.042741,1,313.287514
-3.342326,4,313.347368
-3.3989,4,313.404969
-2.18691,3,313.441069
-3.342071,4,313.500276
-3.316908,4,313.55597
-2.230997,3,313.600031
-0.049602,1,313.614048
-3.367123,4,313.670888
-3.400811,4,313.75227
-2.190011,3,313.812095
-2.215768,3,313.869346
-3.278652,4,313.940947
-0.049896,1,313.962977
-2.239613,3,314.023067
-1.133292,2,314.061796
-2.169218,3,314.119549
-1.115467,2,314.165718
-3.369284,4,314.233976
-0.041176,1,314.251008
-1.114319,2,314.284047
-1.097006,2,314.321111
-3.390522,4,314.384848
-1.077972,2,314.415886
-0.031091,1,314.431733
-2.212249,3,314.496955
-3.353476,4,314.560987
-3.309926,4,314.622063
-3.318238,4,314.680689
-2.196231,3,314.725313
-0.04621,1,314.740253
-0.049312,1,314.754347
-0.037608,1,314.769358
-3.324807,4,314.835063
-1.109206,2,314.86711
-0.032585,1,314.88425
-3.356946,4,314.952882
-2.208999,3,315.008453
-2.178134,3,315.056013
-2.18629,3,315.106081
-3.405414,4,315.169357
-1.12177,2,315.206957
-2.172401,3,315.251025
-1.074739,2,315.281969
-2.190977,3,315.331029
-1.120366,2,315.37009
-2.233769,3,315.418758
-1.120115,2,315.451223
-3.301767,4,315.513396
-1.138923,2,315.549444
-2.225448,3,315.59585
-1.09828,2,315.626895
-2.187074,3,315.673959
-3.396327,4,315.743067
-2.235125,3,315.794823
-0.023799,1,315.811868
-2.229353,3,315.859938
-3.354481,4,315.928525
-2.212373,3,315.976083
-2.199423,3,316.023892
-0.005797,1,316.038406
-2.179258,3,316.090982
-2.256485,3,316.140044
-0.044253,1,316.155061
-1.135491,2,316.183105
-1.129727,2,316.220876
-2.196032,3,316.263942
-1.09631,2,316.296984
-0.041062,1,316.311013
-1.099602,2,316.346055
-3.313577,4,316.412266
-2.199311,3,316.459362
-2.158722,3,316.505923
-2.198107,3,316.555089
-1.087551,2,316.585875
-1.09606,2,316.616912
-1.108405,2,316.643947
-3.303638,4,316.712041
-3.40124,4,316.769099
-2.194016,3,316.811885
-2.202196,3,316.855438
-1.079323,2,316.894056
-3.361424,4,316.954268
-3.376698,4,317.012969
-0.046338,1,317.030001
-2.223976,3,317.081073
-1.120854,2,317.115112
-3.304405,4,317.179379
-2.256734,3,317.226943
-3.411864,4,317.300042
-1.075783,2,317.334968
-2.210113,3,317.383036
-2.193019,3,317.432109
-2.231688,3,317.484858
-3.321546,4,317.552444
-2.18714,3,317.596041
-2.173937,3,317.643199
-0.032675,1,317.661865
-2.177028,3,317.702913
-1.141671,2,317.729948
-3.298495,4,317.788359
-1.120873,2,317.824921
-3.392882,4,317.89053
-3.266035,4,317.951846
-2.206462,3,318.002909
-2.242216,3,318.05707
-1.084131,2,318.09071
-2.25016,3,318.135016
-2.177286,3,318.182082
-2.217828,3,318.235798
-1.124243,2,318.269484
-2.219163,3,318.32005
-2.172605,3,318.372755
-2.249083,3,318.428427
-2.221278,3,318.476082
-2.288691,3,318.524817
-1.076236,2,318.559479
-2.265578,3,318.610049
-1.13881,2,318.645286
-3.283522,4,318.702984
-1.112681,2,318.729518
-0.033211,1,318.747154
-1.095339,2,318.779859
-2.238616,3,318.824919
-3.303799,4,318.896091
-3.389244,4,318.963872
-1.129321,2,318.996862
-2.174429,3,319.040081
-2.235417,3,319.089813
-2.187825,3,319.140908
-3.343533,4,319.203999
-2.251736,3,319.253101
-2.242619,3,319.30287
-2.234108,3,319.351439
-3.395552,4,319.41404
-2.174068,3,319.459368
-1.115969,2,319.490925
-2.23362,3,319.547091
-3.421873,4,319.606858
-1.101071,2,319.639916
-3.297042,4,319.696004
-3.313101,4,319.760251
-1.098224,2,319.785815
-1.079455,2,319.813183
-3.288704,4,319.87684
-1.129567,2,319.911891
-2.257504,3,319.960959
-0.017061,1,319.974973
-1.101462,2,320.008517
-1.098668,2,320.044069
-1.115959,2,320.074107
-1.134873,2,320.105987
-3.428408,4,320.168569
-0.039845,1,320.192111
-2.24846,3,320.240479
-3.314346,4,320.302533
-3.330174,4,320.365839
-1.098002,2,320.403894
-3.364553,4,320.466987
-3.38373,4,320.531582
-2.218083,3,320.578774
-2.194066,3,320.62688
-2.203435,3,320.666053
-3.33612,4,320.718614
-2.2783,3,320.759294
-2.216806,3,320.804928
-2.245019,3,320.851045
-3.339305,4,320.906582
-2.200455,3,320.955149
-1.117487,2,320.990851
-2.222963,3,321.038915
-1.079591,2,321.068606
-1.120823,2,321.096196
-2.178928,3,321.14887
-2.213514,3,321.194971
-2.239492,3,321.239528
-2.237948,3,321.286238
-0.034979,1,321.304821
-2.169539,3,321.345376
-1.093837,2,321.377042
-1.097862,2,321.40858
-1.139461,2,321.443678
-0.02565,1,321.456186
-2.226179,3,321.501895
-3.263476,4,321.560017
-2.200257,3,321.608568
-2.208296,3,321.650157
-0.014763,1,321.663228
-1.137313,2,321.690871
-2.268245,3,321.734425
-2.235168,3,321.773001
-0.027861,1,321.786015
-0.043884,1,321.800479
-2.255221,3,321.845593
-1.076067,2,321.875719
-2.213671,3,321.916356
-3.284884,4,322.002043
-2.199205,3,322.071018
-1.134688,2,322.10857
-3.423691,4,322.172929
-2.205844,3,322.221
-3.404917,4,322.296854
-0.049709,1,322.313899
-3.277936,4,322.377068
-0.028833,1,322.394097
-2.220882,3,322.442872
-2.26037,3,322.489952
-2.259428,3,322.534508
-3.281789,4,322.59186
-3.365503,4,322.655573
-0.04865,1,322.669084
-3.297375,4,322.72587
-2.21824,3,322.762183
-2.204575,3,322.810901
-2.223828,3,322.853995
-0.031302,1,322.867007
-3.443941,4,322.932111
-1.071213,2,322.974385
-1.130787,2,323.007031
-2.169903,3,323.055264
-1.103942,2,323.086904
-2.189774,3,323.143498
-3.33262,4,323.210855
-2.200992,3,323.258457
-0.025203,1,323.275989
-3.332831,4,323.347162
-1.113756,2,323.38093
-3.354582,4,323.452118
-3.333645,4,323.513008
-3.42336,4,323.582893
-3.285475,4,323.644041
-2.256164,3,323.693111
-1.111771,2,323.722983
-1.122531,2,323.755555
-2.220799,3,323.799605
-1.071201,2,323.829214
-2.247716,3,323.878462
-2.235766,3,323.935547
-3.334061,4,324.001916
-2.254827,3,324.050181
-3.334348,4,324.11287
-1.110232,2,324.152038
-2.213531,3,324.202104
-3.32464,4,324.266031
-3.403425,4,324.335653
-2.184142,3,324.390901
-2.215931,3,324.44048
-0.040617,1,324.457075
-2.175832,3,324.505227
-3.339218,4,324.581019
-3.306501,4,324.641204
-1.144465,2,324.670841
-1.068108,2,324.700877
-2.226305,3,324.747426
-3.34962,4,324.807488
-1.107417,2,324.839056
-2.258675,3,324.884809
-2.174544,3,324.942451
-2.184179,3,324.992089
-3.316335,4,325.060418
-2.179938,3,325.108503
-0.033686,1,325.13205
-2.25037,3,325.185136
-1.090171,2,325.222991
-2.222452,3,325.27508
-0.048233,1,325.296111
-2.225645,3,325.349977
-0.01348,1,325.366995
-3.338121,4,325.439102
-2.209198,3,325.498509
-3.341246,4,325.564756
-0.047094,1,325.583918
-2.208053,3,325.634487
-1.131198,2,325.67153
-3.395032,4,325.736809
-1.092616,2,325.766973
-1.084554,2,325.799518
-2.223532,3,325.86332
-1.094179,2,325.903
-3.272581,4,325.974899
-2.17455,3,326.058627
-2.175237,3,326.118545
-1.120826,2,326.153332
-2.222999,3,326.203986
-3.31379,4,326.27517
-2.176759,3,326.343548
-3.370802,4,326.421926
-2.223919,3,326.477092
-2.252801,3,326.537866
-3.337174,4,326.614223
-3.325623,4,326.680951
-3.293036,4,326.748534
-0.025361,1,326.767104
-2.204836,3,326.820446
-3.342806,4,326.891187
-0.044189,1,326.907204
-2.197722,3,326.957366
-0.033443,1,326.983938
-2.2527,3,327.033002
-2.247802,3,327.084087
-1.104369,2,327.123227
-3.31521,4,327.196944
-1.142417,2,327.2342
-2.214335,3,327.284899
-2.165652,3,327.33647
-3.285176,4,327.416002
-3.290852,4,327.483891
-1.135214,2,327.528476
-0.032597,1,327.546513
-0.035417,1,327.570261
-3.372574,4,327.644139
-2.23564,3,327.693913
-0.011911,1,327.711945
-1.066876,2,327.756027
-2.23927,3,327.801088
-0.036022,1,327.817102
-2.195198,3,327.883951
-3.398877,4,327.964079
-0.043861,1,327.980103
-3.264167,4,328.045512
-3.282604,4,328.113336
-3.300421,4,328.186018
-1.126312,2,328.219563
-3.412445,4,328.281905
-2.224909,3,328.335491
-0.017071,1,328.357513
-1.084585,2,328.396104
-1.127976,2,328.428348
-2.203812,3,328.481938
-2.162515,3,328.54352
-0.019045,1,328.561157
-2.24681,3,328.61488
-1.146414,2,328.649432
-3.325736,4,328.718543
-3.38735,4,328.777225
-1.13231,2,328.809827
-2.220242,3,328.865029
-0.016622,1,328.890073
-2.190431,3,328.94529
-1.103311,2,328.978429
-3.309757,4,329.046518
-0.046992,1,329.069543
-1.115152,2,329.101091
-3.353818,4,329.16487
-3.437946,4,329.230962
-2.257563,3,329.288602
-3.293612,4,329.356372
-3.446224,4,329.428581
-1.135219,2,329.465831
-3.326549,4,329.542445
-2.200366,3,329.597047
-2.26908,3,329.647618
-2.23442,3,329.694275
-3.350352,4,329.763007
-2.208563,3,329.810063
-2.163906,3,329.863194
-3.306792,4,329.929362
-3.339666,4,330.00306
-2.237682,3,330.05884
-0.011877,1,330.076896
-1.116684,2,330.111967
-0.025653,1,330.1365
-1.073865,2,330.173551
-1.092045,2,330.20121
-3.308184,4,330.270996
-3.404955,4,330.342159
-2.172887,3,330.393894
-1.095961,2,330.428438
-2.194406,3,330.48403
-2.229671,3,330.540115
-2.233825,3,330.594007
-1.10033,2,330.628549
-2.224946,3,330.675767
-3.308459,4,330.747458
-2.24351,3,330.797529
-1.101309,2,330.833117
-3.358671,4,330.903896
-1.115541,2,330.942467
-2.242332,3,330.99214
-3.426718,4,331.064847
-1.097246,2,331.101897
-2.218365,3,331.16004
-1.071177,2,331.192103
-3.334955,4,331.264961
-0.045259,1,331.285
-1.122287,2,331.324048
-2.248545,3,331.372863
-0.036614,1,331.391893
-0.00898,1,331.408411
-2.190647,3,331.466016
-2.230135,3,331.51958
-2.235115,3,331.57037
-1.10522,2,331.608355
-1.127465,2,331.647019
-3.340486,4,331.711116
-2.284234,3,331.759325
-2.259867,3,331.804944
-0.03614,1,331.828536
-1.098475,2,331.863351
-2.249908,3,331.92195
-2.179698,3,331.970088
-2.278125,3,332.027171
-1.092222,2,332.061866
-2.221539,3,332.112938
-0.029133,1,332.133964
-2.173046,3,332.191104
-2.241777,3,332.244825
-0.043279,1,332.261851
-3.391484,4,332.324925
-2.233442,3,332.382038
-3.365496,4,332.447122
-1.104775,2,332.482877
-1.143698,2,332.512919
-3.323982,4,332.587137
-3.358708,4,332.646072
-2.184054,3,332.691191
-2.205202,3,332.730815
-1.093547,2,332.768869
-1.139722,2,332.793961
-1.129361,2,332.823996
-3.34232,4,332.886881
-1.120229,2,332.923934
-2.22581,3,332.96701
-2.243682,3,333.014312
-3.299665,4,333.076967
-2.201429,3,333.128547
-1.088431,2,333.161333
-1.103693,2,333.187006
-2.189241,3,333.231071
-3.411299,4,333.29085
-3.318082,4,333.348926
-0.03457,1,333.36299
-3.391172,4,333.420073
-3.316902,4,333.490873
-1.091148,2,333.520904
-1.07692,2,333.55097
-3.384572,4,333.611058
-2.220828,3,333.689987
-1.12248,2,333.725043
-3.297559,4,333.796996
-2.204666,3,333.84357
-2.221061,3,333.897366
-3.290384,4,333.961002
-1.109873,2,334.000058
-3.430154,4,334.062825
-2.175338,3,334.122002
-2.254157,3,334.167325
-2.202697,3,334.215281
-1.124867,2,334.243397
-3.389277,4,334.30704
-3.348462,4,334.362181
-2.23626,3,334.405885
-1.098532,2,334.433918
-2.239122,3,334.480003
-2.233278,3,334.524641
-2.162062,3,334.571288
-1.137842,2,334.600688
-2.237238,3,334.650021
-1.108177,2,334.677047
-3.335093,4,334.728611
-2.168317,3,334.772927
-2.243801,3,334.819984
-0.0297,1,334.834003
-2.196152,3,334.885451
-1.132598,2,334.915486
-1.114462,2,334.951303
-1.141306,2,334.984879
-2.241701,3,335.030946
-2.277042,3,335.080022
-2.231842,3,335.134112
-3.320062,4,335.196916
-1.095745,2,335.23097
-3.383904,4,335.292596
-2.186981,3,335.345916
-3.360403,4,335.408499
-3.295113,4,335.473099
-2.253351,3,335.528393
-2.212671,3,335.578461
-1.094215,2,335.606997
-2.223847,3,335.656066
-1.128439,2,335.684102
-2.226336,3,335.734847
-3.376443,4,335.792956
-3.38292,4,335.854047
-1.114309,2,335.889598
-3.348081,4,335.957032
-2.225292,3,336.001089
-3.333499,4,336.065566
-2.260913,3,336.115195
-3.28659,4,336.180886
-3.311117,4,336.239478
-3.342364,4,336.300962
-2.27,3,336.342519
-0.024482,1,336.360308
-2.199029,3,336.406953
-2.20023,3,336.450025
-3.388627,4,336.506089
-3.365813,4,336.576915
-2.226082,3,336.625864
-2.24952,3,336.666921
-0.036981,1,336.681948
-2.207722,3,336.732015
-3.283981,4,336.791098
-2.226391,3,336.83822
-2.27947,3,336.88288
-3.399733,4,336.948463
-2.253352,3,336.99703
-3.30476,4,337.066705
-1.103376,2,337.098858
-1.123557,2,337.13394
-1.101209,2,337.16498
-1.093653,2,337.196023
-3.27088,4,337.252104
-3.294083,4,337.318467
-3.31233,4,337.37854
-3.335174,4,337.433114
-0.035337,1,337.448386
-2.18289,3,337.494948
-3.301382,4,337.551031
-3.340351,4,337.610743
-0.03707,1,337.626257
-2.277855,3,337.675923
-2.16738,3,337.72301
-1.106693,2,337.753214
-3.329429,4,337.809412
-3.322106,4,337.887012
-2.243318,3,337.931075
-3.306347,4,337.989207
-2.257404,3,338.033923
-0.019695,1,338.053955
-0.013775,1,338.066966
-3.307767,4,338.126047
-2.239067,3,338.176132
-3.440213,4,338.238552
-2.232977,3,338.286119
-2.252718,3,338.329854
-1.127868,2,338.356378
-2.204524,3,338.405048
-1.117048,2,338.431091
-3.326981,4,338.485262
-3.366498,4,338.540942
-1.118129,2,338.572978
-1.100357,2,338.603016
-2.185736,3,338.649585
-2.276201,3,338.6952
-2.22523,3,338.771118
-1.108708,2,338.81399
-1.106441,2,338.856186
-1.085094,2,338.892967
-3.375267,4,338.970292
-1.11366,2,339.006942
-3.305811,4,339.080842
-3.327367,4,339.145933
-2.190176,3,339.200006
-1.104589,2,339.231045
-2.256652,3,339.280147
-3.397139,4,339.342864
-1.119824,2,339.380909
-1.13549,2,339.411956
-3.304902,4,339.471059
-2.227573,3,339.515111
-3.317709,4,339.583969
-1.129663,2,339.616012
-0.01944,1,339.631042
-3.311899,4,339.69029
-0.013087,1,339.710917
-2.257971,3,339.752068
-3.32268,4,339.81026
-2.204721,3,339.857405
-2.16932,3,339.910993
-0.048095,1,339.927007
-1.119523,2,339.957558
-0.043553,1,339.973596
-2.217486,3,340.025833
-3.335915,4,340.089423
-3.322722,4,340.15117
-2.214657,3,340.198354
-2.266787,3,340.253433
-2.170052,3,340.293024
-2.291301,3,340.334095
-1.080191,2,340.371369
-2.271154,3,340.422986
-3.375212,4,340.485564
-2.222591,3,340.533284
-2.216045,3,340.578371
-3.298015,4,340.639959
-0.022405,1,340.65148
-3.297718,4,340.710095
-2.167482,3,340.753742
-2.226736,3,340.803874
-1.082304,2,341.006352
-1.133446,2,341.037394
-2.19973,3,341.087463
-2.173862,3,341.146037
-2.257459,3,341.194109
-2.253964,3,341.239246
-1.120607,2,341.273297
-3.362332,4,341.34101
-2.201605,3,341.387569
-2.242801,3,341.432884
-0.048574,1,341.450414
-2.239751,3,341.503995
-2.225896,3,341.546551
-3.295879,4,341.608762
-0.01126,1,341.62291
-2.234533,3,341.668964
-1.076045,2,341.6925
-3.404288,4,341.744593
-3.326293,4,341.802897
-1.134834,2,341.853503
-1.14513,2,341.893098
-3.278302,4,341.96644
-2.216716,3,342.022197
-1.115022,2,342.059528
-0.032882,1,342.073048
-3.299436,4,342.140246
-2.200117,3,342.194993
-2.229914,3,342.250084
-1.134044,2,342.279131
-1.067052,2,342.309367
-1.107549,2,342.340915
-1.111068,2,342.379505
-0.041388,1,342.394028
-2.205634,3,342.438601
-3.327804,4,342.497292
-2.209708,3,342.540884
-2.217138,3,342.587025
-0.04669,1,342.601047
-1.094869,2,342.627072
-1.10789,2,342.661117
-1.115956,2,342.687284
-1.107048,2,342.71388
-2.243286,3,342.752435
-0.023267,1,342.771053
-1.104876,2,342.801093
-4.49379,5,342.866847
-2.230053,3,342.914918
-2.226069,3,342.96549
-0.020689,1,342.979506
-2.163253,3,343.024082
-2.161104,3,343.063146
-1.099197,2,343.101306
-2.167151,3,343.152391
-2.170634,3,343.195951
-2.262825,3,343.244011
-2.229343,3,343.296906
-0.029717,1,343.310926
-0.028401,1,343.326939
-1.084762,2,343.360023
-2.261961,3,343.409928
-0.048777,1,343.421947
-0.0437,1,343.436958
-1.105189,2,343.469275
-2.228647,3,343.516972
-1.10517,2,343.551526
-1.092189,2,343.581742
-3.347983,4,343.636852
-2.251552,3,343.688483
-3.32365,4,343.743058
-2.258161,3,343.786767
-3.384559,4,343.843067
-2.246084,3,343.894925
-2.206547,3,343.941987
-1.106195,2,343.973181
-3.412754,4,344.036925
-2.262179,3,344.091043
-3.292272,4,344.154125
-3.355124,4,344.233101
-0.022505,1,344.251136
-2.227892,3,344.310934
-1.128916,2,344.356294
-2.177446,3,344.417001
-1.097732,2,344.455564
-2.23056,3,344.517262
-2.212499,3,344.573523
-1.124284,2,344.609378
-3.36247,4,344.674014
-2.226465,3,344.729587
-1.106155,2,344.761765
-2.189071,3,344.809879
-0.028887,1,344.825896
-3.334258,4,344.911746
-2.183244,3,344.966931
-3.324069,4,345.038532
-1.131438,2,345.075153
-2.198181,3,345.134992
-3.331972,4,345.210263
-2.227474,3,345.26488
-2.181435,3,345.319954
-0.045405,1,345.343985
-2.191429,3,345.396798
-1.115673,2,345.436855
-3.335312,4,345.510999
-2.237615,3,345.572341
-1.102251,2,345.608435
-3.308288,4,345.679193
-3.315044,4,345.746438
-2.260067,3,345.802938
-3.376412,4,345.874136
-2.156065,3,345.923893
-3.288149,4,345.997112
-3.330834,4,346.079418
-2.287287,3,346.131095
-2.268189,3,346.18223
-3.304429,4,346.255989
-1.072292,2,346.302057
-1.101991,2,346.3371
-3.361102,4,346.415032
-3.284988,4,346.486765
-2.174344,3,346.547434
-2.221823,3,346.601768
-2.208146,3,346.655355
-2.267693,3,346.700953
-1.122087,2,346.74047
-0.046636,1,346.755528
-2.250496,3,346.806288
-2.197115,3,346.861909
-0.026474,1,346.885939
-3.302092,4,346.954549
-1.089883,2,346.989215
-3.341551,4,347.06502
-2.214169,3,347.125101
-1.140533,2,347.162827
-0.034681,1,347.179351
-1.103926,2,347.215902
-2.213477,3,347.278578
-1.12172,2,347.317235
-2.183514,3,347.371937
-3.338398,4,347.446541
-3.330935,4,347.529423
-2.228414,3,347.584046
-3.306577,4,347.655173
-1.135686,2,347.686834
-2.178401,3,347.74641
-0.031054,1,347.763995
-0.048292,1,347.782027
-0.043833,1,347.79704
-2.206734,3,347.851703
-1.135485,2,347.88728
-2.233637,3,347.940944
-0.017336,1,347.958466
-3.310869,4,348.039336
-3.280393,4,348.116981
-2.217599,3,348.171233
-2.222003,3,348.221943
-2.18949,3,348.286041
-3.293958,4,348.357523
-3.299686,4,348.439875
-2.266097,3,348.495994
-1.124694,2,348.537046
-3.342059,4,348.606815
-2.275551,3,348.659388
-1.138602,2,348.695035
-3.361921,4,348.770195
-1.110296,2,348.804847
-3.333955,4,348.863979
-3.304714,4,348.93208
-2.206499,3,348.989269
-2.185757,3,349.04092
-1.126759,2,349.077041
-1.134123,2,349.112697
-0.043938,1,349.136826
-1.107252,2,349.17597
-2.238401,3,349.227042
-3.36701,4,349.295258
-1.083308,2,349.336853
-2.187399,3,349.396756
-0.042312,1,349.415924
-3.312414,4,349.48954
-2.250418,3,349.551144
-3.384641,4,349.619366
-1.11367,2,349.65598
-0.031038,1,349.671009
-1.079943,2,349.711059
-3.331824,4,349.771688
-3.31983,4,349.840927
-2.220901,3,349.888483
-2.218096,3,349.946054
-3.282265,4,350.015269
-1.109816,2,350.049152
-1.07943,2,350.083247
-0.029004,1,350.10381
-2.185643,3,350.156895
-1.129123,2,350.192949
-3.338652,4,350.265155
-3.461871,4,350.340541
-3.320252,4,350.409168
-1.142927,2,350.447458
-3.294515,4,350.517206
-3.323935,4,350.591005
-3.383944,4,350.65259
-2.215199,3,350.701314
-1.099064,2,350.729359
-1.116379,2,350.761407
-2.178232,3,350.810024
-0.048492,1,350.828544
-2.204654,3,350.8828
-1.123031,2,350.925856
-2.241637,3,350.978439
-1.067208,2,351.013987
-2.170644,3,351.063334
-2.197147,3,351.120988
-1.128387,2,351.15153
-2.200384,3,351.202841
-2.300273,3,351.253414
-2.239369,3,351.307371
-0.031769,1,351.32602
-2.178242,3,351.379301
-2.207915,3,351.431043
-2.220999,3,351.492969
-2.220401,3,351.546052
-3.43358,4,351.61951
-3.308632,4,351.689407
-3.286742,4,351.756045
-3.314912,4,351.828345
-2.229383,3,351.888642
-3.313786,4,351.956021
-2.22036,3,352.022228
-2.262108,3,352.073036
-3.335722,4,352.147718
-3.285811,4,352.218488
-1.10098,2,352.257547
-0.023272,1,352.274099
-1.07077,2,352.305254
-3.295582,4,352.382275
-2.224022,3,352.436906
-2.240746,3,352.488729
-0.022088,1,352.50328
-3.38934,4,352.571399
-0.033932,1,352.594421
-2.19843,3,352.647504
-1.07861,2,352.67867
-0.033814,1,352.694219
-3.29571,4,352.76987
-3.334966,4,352.829946
-0.049288,1,352.844962
-1.139642,2,352.882992
-2.216191,3,352.942069
-2.201736,3,352.995922
-2.229201,3,353.045996
-3.314066,4,353.119452
-2.17341,3,353.175515
-0.04443,1,353.194539
-2.164218,3,353.243847
-2.195266,3,353.293161
-3.295747,4,353.366368
-3.298104,4,353.434984
-0.033264,1,353.451511
-0.034341,1,353.46858
-1.145735,2,353.510285
-2.243056,3,353.57089
-2.1878,3,353.624961
-1.129871,2,353.662024
-3.318522,4,353.727109
-1.112704,2,353.759371
-1.083187,2,353.794936
-3.343915,4,353.863036
-2.259419,3,353.923132
-2.255552,3,353.982916
-1.130764,2,354.015955
-3.353872,4,354.086832
-2.241421,3,354.144914
-2.1858,3,354.194943
-1.089809,2,354.229489
-3.30111,4,354.298587
-3.345562,4,354.364892
-2.182992,3,354.421973
-3.358631,4,354.491067
-1.113346,2,354.53112
-3.288081,4,354.603985
-1.1063,2,354.642039
-2.242691,3,354.689594
-0.042668,1,354.710168
-1.082499,2,354.751894
-2.196886,3,354.799958
-0.008804,1,354.815972
-2.237763,3,354.868538
-2.178858,3,354.921155
-2.196951,3,354.977345
-3.359852,4,355.048458
-0.025751,1,355.064985
-2.206548,3,355.121066
-2.259365,3,355.170719
-0.036886,1,355.1893
-1.136736,2,355.222886
-2.262159,3,355.280873
-0.021455,1,355.299894
-2.235799,3,355.352962
-2.238259,3,355.406025
-3.312825,4,355.47919
-2.223584,3,355.536886
-0.045831,1,355.552909
-1.088832,2,355.583946
-3.271865,4,355.657043
-2.197318,3,355.700108
-2.275938,3,355.751303
-2.158887,3,355.795863
-3.35085,4,355.870446
-2.183406,3,355.924046
-0.041898,1,355.941079
-3.349936,4,356.009877
-2.162487,3,356.068455
-1.080986,2,356.101008
-3.408752,4,356.172104
-1.120027,2,356.208299
-3.296018,4,356.281982
-1.120606,2,356.31202
-1.106582,2,356.346065
-2.245678,3,356.397285
-2.192445,3,356.449376
-3.31954,4,356.518469
-3.386263,4,356.587066
-2.255963,3,356.633199
-2.249194,3,356.685938
-3.296108,4,356.752032
-2.203436,3,356.796094
-2.192718,3,356.845305
-2.190987,3,356.902965
-1.086432,2,356.938507
-3.288849,4,357.004304
-0.012666,1,357.01932
-3.346422,4,357.093688
-2.178244,3,357.142889
-2.183246,3,357.196983
-0.037211,1,357.214004
-1.12795,2,357.255883
-3.320073,4,357.322986
-0.048495,1,357.337
-1.119891,2,357.373224
-2.220326,3,357.426498
-2.233229,3,357.471866
-3.335424,4,357.540964
-3.360575,4,357.603796
-2.181739,3,357.655367
-2.222182,3,357.70596
-3.297177,4,357.76721
-3.317566,4,357.834966
-3.316442,4,357.905105
-2.179366,3,357.954838
-2.21365,3,358.009432
-1.069447,2,358.045977
-2.2115,3,358.100114
-2.244092,3,358.154709
-2.218275,3,358.205886
-1.131287,2,358.241362
-2.231454,3,358.292007
-1.137843,2,358.323047
-3.344653,4,358.391779
-2.18743,3,358.440893
-0.041139,1,358.465924
-3.370419,4,358.533037
-2.188765,3,358.581117
-3.420054,4,358.64714
-3.305727,4,358.716858
-3.311009,4,358.78499
-3.32395,4,358.851582
-2.248838,3,358.907259
-2.208498,3,358.965086
-3.311338,4,359.031799
-1.12664,2,359.062981
-0.012619,1,359.081008
-2.267718,3,359.137083
-3.357053,4,359.202821
-3.32432,4,359.26592
-0.036659,1,359.281945
-2.220396,3,359.334004
-2.206031,3,359.385111
-2.238332,3,359.432882
-3.331733,4,359.494179
-1.121957,2,359.529341
-2.268695,3,359.589962
-3.36072,4,359.657202
-3.361637,4,359.720848
-1.068342,2,359.758903
-2.234997,3,359.80871
-3.279658,4,359.872933
-3.306897,4,359.93952
-2.25893,3,359.995912
-3.320482,4,360.061522
-0.023513,1,360.077148
-3.450238,4,360.142306
-3.310417,4,360.212905
-3.285269,4,360.277252
-2.190707,3,360.323864
-0.043607,1,360.339886
-1.10595,2,360.377608
-2.267676,3,360.419256
-2.227264,3,360.468321
-1.113842,2,360.499433
-3.326421,4,360.565084
-1.083592,2,360.596706
-3.281632,4,360.65886
-3.393573,4,360.718496
-3.284557,4,360.786294
-3.380572,4,360.844099
-2.242694,3,360.89277
-2.23963,3,360.936826
-2.242157,3,360.98845
-2.176931,3,361.036013
-0.00711,1,361.050036
-2.21019,3,361.092878
-3.278952,4,361.158466
-1.087849,2,361.186908
-1.127493,2,361.219465
-2.192585,3,361.264535
-1.107362,2,361.298744
-4.538272,5,361.370412
-2.172156,3,361.415146
-2.188335,3,361.458389
-1.09061,2,361.494025
-3.346195,4,361.560113
-0.045975,1,361.573846
-1.121383,2,361.603886
-2.214417,3,361.661476
-3.288034,4,361.722063
-2.253427,3,361.771146
-3.464026,4,361.838371
-1.123829,2,361.878688
-2.21509,3,361.928343
-2.224639,3,361.978434
-3.420649,4,362.05005
-3.321764,4,362.123921
-3.326798,4,362.201256
-2.197261,3,362.257415
-3.363851,4,362.331061
-2.175583,3,362.392335
-2.170116,3,362.445949
-0.024875,1,362.462143
-3.307618,4,362.530878
-0.041157,1,362.555419
-3.366131,4,362.616051
-2.196455,3,362.667176
-3.322895,4,362.724941
-2.233268,3,362.779302
-1.082758,2,362.810909
-1.11899,2,362.849463
-3.339753,4,362.919167
-2.18339,3,362.984011
-3.403685,4,363.051832
-1.085215,2,363.093392
-2.21172,3,363.14849
-2.226747,3,363.205863
-2.185866,3,363.25293
-0.039044,1,363.270446
-0.041607,1,363.289483
-2.176065,3,363.348613
-3.302824,4,363.42197
-1.117948,2,363.456514
-3.286962,4,363.522031
-2.217741,3,363.577213
-0.047222,1,363.595263
-2.233749,3,363.649377
-0.009982,1,363.664401
-1.089603,2,363.701968
-2.243086,3,363.754533
-1.129018,2,363.787185
-1.090024,2,363.817314
-0.033377,1,363.839873
-2.240192,3,363.893985
-2.252262,3,363.948554
-3.355129,4,364.015917
-2.22341,3,364.072501
-3.289449,4,364.141851
-1.090178,2,364.177398
-0.022954,1,364.196424
-3.393453,4,364.271933
-2.240991,3,364.326002
-1.122006,2,364.360559
-1.072289,2,364.397278
-2.18067,3,364.452363
-3.31174,4,364.522978
-2.186644,3,364.571543
-2.195969,3,364.622809
-2.169548,3,364.67339
-2.235665,3,364.72313
-3.297323,4,364.784014
-0.02406,1,364.79853
-2.22773,3,364.856614
-3.285396,4,364.922833
-2.243635,3,364.976161
-2.220661,3,365.023815
-1.08448,2,365.065376
-1.127982,2,365.09502
-2.186601,3,365.150353
-3.27992,4,365.216876
-1.098834,2,365.26112
-2.245297,3,365.314789
-2.249023,3,365.36839
-3.317019,4,365.441002
-2.22931,3,365.501301
-0.006237,1,365.514312
-2.24386,3,365.567395
-2.269974,3,365.623005
-1.099092,2,365.65757
-3.302637,4,365.72229
-1.126698,2,365.755365
-2.178203,3,365.803019
-2.234453,3,365.865222
-2.210948,3,365.922889
-2.242925,3,365.973463
-3.38146,4,366.040389
-1.078601,2,366.084012
-0.025504,1,366.101037
-0.041427,1,366.11956
-1.06647,2,366.155622
-0.024093,1,366.179192
-2.17041,3,366.23292
-3.366015,4,366.307054
-1.12507,2,366.342103
-2.229096,3,366.40482
-0.044419,1,366.421845
-2.179291,3,366.477052
-1.084745,2,366.513102
-2.234148,3,366.564822
-3.304715,4,366.638418
-2.263917,3,366.684089
-2.176252,3,366.741276
-3.282728,4,366.819454
-0.024488,1,366.838495
-2.176152,3,366.893158
-3.326931,4,366.966978
-2.248257,3,367.033075
-3.296727,4,367.100829
-2.201495,3,367.159417
-2.158268,3,367.215874
-2.228426,3,367.277456
-0.045391,1,367.294477
-3.364355,4,367.366825
-3.413423,4,367.441934
-3.421596,4,367.518327
-3.410946,4,367.589992
-1.130081,2,367.625551
-1.111594,2,367.657317
-2.277685,3,367.71592
-3.285719,4,367.774492
-2.192168,3,367.825823
-0.035943,1,367.840852
-1.088056,2,367.882924
-2.180028,3,367.937001
-3.448966,4,368.010983
-3.254613,4,368.080093
-1.125304,2,368.122276
-1.124232,2,368.155309
-3.347604,4,368.228435
-2.194971,3,368.281022
-2.274932,3,368.340101
-3.421196,4,368.407273
-3.286279,4,368.475966
-3.398877,4,368.547091
-1.105957,2,368.58583
-2.24284,3,368.6369
-3.405675,4,368.703487
-1.095258,2,368.733522
-1.139144,2,368.770072
-1.09686,2,368.805112
-3.364652,4,368.869485
-1.109925,2,368.907032
-1.137018,2,368.947089
-2.235567,3,369.002876
-1.094168,2,369.038424
-2.166285,3,369.08607
-2.196133,3,369.149302
-2.161914,3,369.200419
-0.012327,1,369.219931
-2.232332,3,369.270517
-3.315941,4,369.342246
-1.108104,2,369.378982
-2.198659,3,369.432192
-2.179236,3,369.489929
-1.12432,2,369.528472
-3.318146,4,369.597063
-1.084589,2,369.62961
-3.325975,4,369.692942
-2.254446,3,369.743009
-2.220486,3,369.791079
-1.125042,2,369.822118
-3.412624,4,369.889359
-3.332676,4,369.962485
-1.111007,2,369.999126
-1.102879,2,370.03321
-2.23056,3,370.083681
-2.206642,3,370.141841
-2.216787,3,370.19841
-2.194647,3,370.250985
-3.375904,4,370.320072
-2.192906,3,370.377144
-1.098516,2,370.410846
-3.313792,4,370.480814
-1.117652,2,370.51686
-2.213984,3,370.578459
-3.297806,4,370.650061
-0.035869,1,370.667079
-2.183285,3,370.714
-1.118756,2,370.752052
-2.183447,3,370.796104
-1.086099,2,370.827249
-1.121176,2,370.861962
-2.258017,3,370.913033
-2.200477,3,370.967101
-2.224918,3,371.018418
-2.229648,3,371.068485
-2.234822,3,371.126341
-0.009334,1,371.144365
-1.118603,2,371.182923
-2.157536,3,371.236992
-2.205114,3,371.294075
-2.245294,3,371.347213
-2.188784,3,371.401937
-0.013671,1,371.418454
-2.212611,3,371.475106
-2.187769,3,371.528348
-2.239304,3,371.582995
-2.218718,3,371.634062
-2.175493,3,371.694163
-2.26304,3,371.740847
-0.039237,1,371.756863
-3.299494,4,371.814953
-1.090986,2,371.855007
-1.13614,2,371.886054
-2.291213,3,371.935119
-0.038659,1,371.953283
-3.332571,4,372.024993
-2.187192,3,372.077255
-0.047386,1,372.093875
-1.108087,2,372.129932
-2.239314,3,372.18913
-1.130565,2,372.223369
-2.221069,3,372.277516
-0.042416,1,372.296115
-2.165564,3,372.355898
-3.380464,4,372.444067
-2.201876,3,372.503972
-1.116998,2,372.540035
-3.287455,4,372.62192
-2.16689,3,372.672014
-2.181624,3,372.726087
-2.219947,3,372.780915
-0.035399,1,372.800946
-2.230231,3,372.860036
-2.251985,3,372.909275
-2.190387,3,372.954934
-3.268844,4,373.023772
-2.252369,3,373.075906
-2.229032,3,373.12398
-2.178076,3,373.169549
-2.191932,3,373.225206
-2.264159,3,373.274393
-3.376572,4,373.336046
-0.017036,1,373.352078
-2.198968,3,373.413899
-0.018483,1,373.430536
-0.029141,1,373.448448
-2.182852,3,373.498527
-1.130626,2,373.539277
-2.176527,3,373.58708
-0.035722,1,373.606107
-2.233138,3,373.653422
-3.332668,4,373.721205
-1.094463,2,373.750772
-1.096485,2,373.778803
-3.286798,4,373.832955
-1.132648,2,373.869017
-1.083112,2,373.903109
-2.195256,3,373.946191
-2.288833,3,373.993405
-1.088438,2,374.027018
-2.219628,3,374.072127
-1.10683,2,374.107257
-1.088197,2,374.136932
-2.2078,3,374.189238
-3.404727,4,374.249404
-1.123737,2,374.285982
-3.320527,4,374.347068
-2.227488,3,374.401988
-1.108583,2,374.437034
-1.129691,2,374.467582
-3.309809,4,374.531857
-3.356959,4,374.602147
-1.092306,2,374.634805
-3.366939,4,374.69738
-3.304108,4,374.756975
-3.303585,4,374.825831
-2.268207,3,374.873415
-1.082657,2,374.904452
-1.109675,2,374.937497
-1.106705,2,374.975585
-3.374792,4,375.033236
-1.103607,2,375.063804
-2.242103,3,375.105913
-2.257366,3,375.162997
-0.03049,1,375.176518
-3.314612,4,375.223807
-3.405059,4,375.285935
-1.122056,2,375.315975
-2.156552,3,375.436814
-3.316594,4,375.522012
-1.096349,2,375.550056
-2.22818,3,375.599256
-2.199162,3,375.644834
-2.233059,3,375.689429
-2.185897,3,375.731473
-1.107148,2,375.768519
-3.359142,4,375.826091
-2.264682,3,375.870336
-2.216096,3,375.915389
-0.018971,1,375.93397
-3.323194,4,375.988531
-2.223851,3,376.030296
-2.240005,3,376.073941
-2.166664,3,376.123018
-3.335233,4,376.182123
-2.164112,3,376.22691
-3.276966,4,376.285484
-1.085219,2,376.317086
-2.22128,3,376.358721
-2.239071,3,376.406395
-2.222306,3,376.453382
-2.159865,3,376.501944
-2.211484,3,376.545994
-2.230445,3,376.593122
-3.378779,4,376.650351
-2.158459,3,376.700017
-2.237365,3,376.741071
-2.165131,3,376.782651
-1.134104,2,376.810263
-0.031362,1,376.830852
-0.045121,1,376.846907
-2.269949,3,376.891483
-2.194591,3,376.937104
-2.229669,3,376.987289
-1.109152,2,377.019355
-1.081858,2,377.047387
-3.359896,4,377.103971
-1.128966,2,377.141123
-3.320857,4,377.193335
-1.111105,2,377.2249
-0.036687,1,377.240923
-0.035679,1,377.258443
-2.176827,3,377.300491
-2.227782,3,377.342083
-3.338828,4,377.40131
-2.262928,3,377.452885
-3.41291,4,377.510867
-1.100585,2,377.539899
-3.316091,4,377.602027
-1.120857,2,377.639571
-2.231349,3,377.682224
-1.132955,2,377.709857
-1.082496,2,377.740893
-0.036274,1,377.759438
-2.198695,3,377.8051
-3.332455,4,377.858343
-3.41804,4,377.922972
-2.175048,3,377.972211
-1.140361,2,378.004283
-2.190337,3,378.046954
-1.066409,2,378.075497
-0.00976,1,378.097516
-1.082463,2,378.129285
-1.077805,2,378.158385
-2.150614,3,378.201446
-0.032175,1,378.222986
-1.107449,2,378.252023
-3.319697,4,378.306137
-0.044619,1,378.322824
-1.071188,2,378.358375
-2.209579,3,378.401428
-2.170945,3,378.447066
-3.346629,4,378.502971
-3.311692,4,378.561037
-1.135799,2,378.590719
-3.293726,4,378.648841
-2.197519,3,378.685895
-3.330696,4,378.755978
-0.031873,1,378.774507
-2.254393,3,378.82111
-0.049931,1,378.836125
-1.116002,2,378.874231
-1.072634,2,378.903877
-1.13576,2,378.929913
-2.288705,3,378.978476
-2.189011,3,379.026227
-2.228793,3,379.072352
-1.086841,2,379.10295
-3.306368,4,379.16354
-3.29993,4,379.226119
-2.153291,3,379.273326
-0.009866,1,379.287334
-2.243839,3,379.332981
-2.275189,3,379.38067
-2.232773,3,379.425099
-2.285843,3,379.467745
-0.048741,1,379.48183
-2.267905,3,379.529888
-2.205779,3,379.577114
-1.139313,2,379.606788
-3.383484,4,379.665884
-3.349387,4,379.725047
-2.239994,3,379.766102
-1.124362,2,379.798709
-2.181605,3,379.844826
-0.031369,1,379.866853
-1.131089,2,379.898396
-2.251856,3,379.949975
-1.089325,2,379.984022
-1.13428,2,380.022071
-3.291761,4,380.089789
-2.233658,3,380.138352
-2.247824,3,380.190866
-1.096327,2,380.233931
-1.137415,2,380.263969
-3.399753,4,380.336967
-3.312628,4,380.404813
-2.259489,3,380.458393
-2.23883,3,380.513982
-0.038279,1,380.532005
-1.094833,2,380.566048
-3.295951,4,380.643883
-3.313636,4,380.70431
-2.174895,3,380.750922
-3.334545,4,380.816999
-1.144653,2,380.85705
-2.227448,3,380.913231
-2.170189,3,380.969481
-2.243624,3,381.026052
-1.110714,2,381.069634
-2.230091,3,381.126919
-3.270911,4,381.204058
-0.032864,1,381.221086
-3.284478,4,381.300879
-2.212779,3,381.350951
-2.177616,3,381.404904
-2.250223,3,381.454129
-3.441053,4,381.537
-2.223901,3,381.588568
-2.1877,3,381.639243
-3.347098,4,381.701994
-2.269405,3,381.756064
-2.251959,3,381.805131
-3.341886,4,381.879417
-0.029303,1,381.896934
-2.248229,3,381.957017
-2.167314,3,382.010098
-3.28401,4,382.079913
-2.237639,3,382.128467
-3.30638,4,382.207074
-2.257289,3,382.259241
-2.216783,3,382.310882
-2.18246,3,382.359454
-1.134607,2,382.4012
-2.231645,3,382.453963
-2.24955,3,382.504106
-3.351413,4,382.575442
-0.036762,1,382.600585
-2.223225,3,382.64856
-2.186448,3,382.699285
-1.108656,2,382.733123
-2.221404,3,382.78629
-2.260365,3,382.833878
-1.094895,2,382.868419
-0.013746,1,382.884951
-2.203014,3,382.940771
-2.193262,3,382.992108
-2.212338,3,383.049814
-2.224433,3,383.100378
-2.200987,3,383.161054
-2.237508,3,383.21593
-2.233456,3,383.26699
-2.212295,3,383.319183
-3.460313,4,383.394865
-3.459315,4,383.460381
-2.188374,3,383.514516
-3.353509,4,383.580675
-1.137199,2,383.622877
-1.125405,2,383.653922
-1.135935,2,383.684465
-2.239142,3,383.741119
-2.190595,3,383.792356
-1.133807,2,383.82847
-1.100584,2,383.866027
-1.072705,2,383.897267
-1.102867,2,383.938394
-3.461875,4,384.002481
-1.116138,2,384.039611
-2.258535,3,384.083936
-3.415551,4,384.186784
-3.281882,4,384.277578
-2.172589,3,384.331847
-2.184305,3,384.386429
-1.130978,2,384.4286
-0.030863,1,384.446706
-2.159007,3,384.502691
-3.289853,4,384.575421
-2.203566,3,384.632032
-3.284287,4,384.706916
-0.036814,1,384.726953
-2.163043,3,384.790246
-3.358823,4,384.861951
-2.247212,3,384.919162
-3.311542,4,384.995969
-1.107856,2,385.03769
-2.219061,3,385.096832
-1.093269,2,385.130896
-3.406315,4,385.190486
-1.074061,2,385.222074
-0.021679,1,385.245103
-1.109365,2,385.279322
-2.249595,3,385.33196
-2.225188,3,385.383038
-3.322724,4,385.453143
-2.191156,3,385.499874
-2.189115,3,385.545934
-2.238108,3,385.596067
-3.299619,4,385.660863
-3.45506,4,385.721093
-1.070047,2,385.747116
-1.123792,2,385.780258
-1.136663,2,385.818455
-0.018949,1,385.835981
-3.339742,4,385.901181
-2.207678,3,385.946813
-3.290401,4,386.023972
-2.167621,3,386.073553
-2.234172,3,386.130914
-2.210708,3,386.177474
-1.143547,2,386.220086
-2.194146,3,386.273368
-3.300295,4,386.340996
-1.095893,2,386.374542
-1.139677,2,386.414919
-3.297424,4,386.485082
-3.295437,4,386.554818
-1.111575,2,386.585371
-3.324759,4,386.656092
-0.047114,1,386.672118
-3.327718,4,386.730861
-2.207581,3,386.777426
-2.183634,3,386.826142
-1.077217,2,386.856929
-2.243448,3,386.908588
-0.029223,1,386.925116
-2.230362,3,386.981942
-3.397091,4,387.052043
-1.108753,2,387.086245
-1.132823,2,387.120893
-0.027896,1,387.144928
-3.278617,4,387.214091
-2.255849,3,387.269314
-1.0739,2,387.301886
-2.1848,3,387.356948
-1.100669,2,387.391104
-0.029727,1,387.406121
-2.224181,3,387.458353
-1.114669,2,387.496052
-3.295618,4,387.568323
-3.306612,4,387.626953
-3.353812,4,387.68956
-2.205174,3,387.732705
-2.253406,3,387.77937
-3.329821,4,387.844003
-3.279409,4,387.919285
-2.238168,3,387.975374
-3.378277,4,388.043981
-1.093607,2,388.084056
-2.254623,3,388.136815
-2.242748,3,388.194927
-2.237854,3,388.246991
-0.03443,1,388.264022
-1.134181,2,388.297206
-1.096423,2,388.336879
-0.031621,1,388.355907
-2.189849,3,388.405225
-1.108921,2,388.441927
-0.036898,1,388.460958
-2.231062,3,388.514637
-3.308796,4,388.588315
-1.075673,2,388.624897
-3.361323,4,388.69717
-1.088583,2,388.731981
-0.049023,1,388.746998
-0.027444,1,388.763025
-1.072088,2,388.797098
-0.044642,1,388.811673
-3.436581,4,388.878963
-0.028139,1,388.89649
-1.123645,2,388.941055
-2.216491,3,388.992312
-2.171052,3,389.04693
-2.198597,3,389.097058
-3.336285,4,389.177289
-3.295686,4,389.25287
-2.233482,3,389.306031
-1.074535,2,389.342097
-0.043701,1,389.374388
-2.218121,3,389.435391
-1.113281,2,389.473052
-2.260648,3,389.533372
-0.024268,1,389.557589
-2.215108,3,389.620976
-2.207885,3,389.671044
-3.298319,4,389.731319
-1.15058,2,389.767361
-1.093598,2,389.795904
-2.16172,3,389.838451
-1.11393,2,389.871993
-1.123299,2,389.907091
-2.179413,3,389.956234
-2.201378,3,390.003969
-1.12868,2,390.03501
-2.229057,3,390.094197
-2.207846,3,390.141937
-2.181591,3,390.194057
-3.294207,4,390.260865
-2.278827,3,390.314294
-3.307305,4,390.378996
-2.177763,3,390.425902
-2.175437,3,390.477482
-3.315798,4,390.548296
-0.018756,1,390.560816
-3.383743,4,390.626965
-1.124567,2,390.658509
-2.173019,3,390.710878
-0.021377,1,390.728398
-3.3775,4,390.783514
-1.130495,2,390.817296
-0.04583,1,390.83836
-0.036087,1,390.854885
-2.259735,3,390.898532
-2.237484,3,390.946092
-3.331665,4,391.010917
-2.272084,3,391.061994
-1.076542,2,391.096094
-2.194325,3,391.145844
-2.18638,3,391.208619
-1.119663,2,391.259465
-1.115948,2,391.299291
-2.230178,3,391.361041
-2.231986,3,391.416894
-3.380082,4,391.482103
-1.08483,2,391.518404
-2.191566,3,391.571992
-3.330007,4,391.64434
-2.174604,3,391.690418
-0.03341,1,391.706955
-0.014061,1,391.720976
-2.163217,3,391.771054
-1.109054,2,391.79861
-2.222701,3,391.84183
-2.199041,3,391.887425
-2.202325,3,391.940496
-3.312184,4,392.002258
-3.336228,4,392.062886
-2.180667,3,392.107031
-2.20912,3,392.156093
-3.303164,4,392.21423
-2.220266,3,392.263875
-3.283989,4,392.319973
-1.11911,2,392.357018
-3.28375,4,392.414594
-3.406989,4,392.47491
-1.118716,2,392.506027
-2.20144,3,392.555089
-1.065239,2,392.583132
-1.124194,2,392.614214
-0.030287,1,392.630278
-2.184748,3,392.676407
-2.251235,3,392.718483
-2.255088,3,392.761049
-2.206008,3,392.805688
-2.237493,3,392.850821
-1.092396,2,392.877353
-3.335116,4,392.9361
-2.188648,3,392.97653
-1.133705,2,393.010692
-2.224441,3,393.058375
-2.169219,3,393.105745
-0.032729,1,393.124275
-2.215711,3,393.175959
-1.09781,2,393.211074
-3.284648,4,393.276407
-2.252071,3,393.327093
-2.229062,3,393.380808
-3.366648,4,393.446888
-0.009898,1,393.469935
-3.316942,4,393.541858
-1.090941,2,393.580416
-2.232502,3,393.634069
-2.227497,3,393.677624
-1.073821,2,393.713219
-2.16848,3,393.766859
-1.094812,2,393.796897
-3.342406,4,393.86601
-0.029199,1,393.884036
-1.141975,2,393.926093
-3.313208,4,393.998367
-1.076109,2,394.031919
-2.194956,3,394.082147
-0.039779,1,394.105271
-2.222249,3,394.160372
-3.28598,4,394.232849
-2.189906,3,394.282432
-2.185523,3,394.342088
-3.27915,4,394.410871
-3.374368,4,394.483972
-0.049068,1,394.501002
-1.12671,2,394.544051
-2.264696,3,394.599166
-1.107258,2,394.641986
-2.190771,3,394.690047
-1.095478,2,394.733108
-3.3691,4,394.798832
-3.438105,4,394.870596
-3.353924,4,394.938595
-3.328594,4,395.01396
-3.293815,4,395.082048
-3.329118,4,395.147141
-1.098774,2,395.18085
-2.201214,3,395.242954
-0.044679,1,395.270008
-1.090784,2,395.322108
-3.276669,4,395.411946
-1.108684,2,395.455013
-1.127593,2,395.493066
-3.449559,4,395.570958
-2.220488,3,395.625029
-2.183739,3,395.679604
-2.224471,3,395.726905
-0.04755,1,395.742932
-3.302199,4,395.807008
-3.360961,4,395.88111
-2.258502,3,395.93126
-1.109187,2,395.964928
-2.255315,3,396.013997
-2.181571,3,396.065063
-0.035839,1,396.085095
-2.179087,3,396.133867
-1.144171,2,396.164905
-3.288256,4,396.240016
-2.170019,3,396.291086
-3.302072,4,396.358359
-2.220114,3,396.411938
-3.341771,4,396.484036
-2.206202,3,396.534934
-3.336083,4,396.603039
-2.26582,3,396.655108
-3.37184,4,396.726413
-2.204122,3,396.774463
-2.246371,3,396.82004
-0.034564,1,396.83856
-2.230623,3,396.897171
-2.22283,3,396.953918
-0.04683,1,396.972946
-1.085304,2,397.006987
-0.031996,1,397.028517
-3.351421,4,397.10022
-3.418955,4,397.168408
-2.262284,3,397.22299
-3.353433,4,397.302168
-2.176289,3,397.356341
-2.205244,3,397.409588
-2.229816,3,397.464432
-2.215397,3,397.52337
-1.142623,2,397.559954
-2.235972,3,397.615017
-2.215811,3,397.663437
-2.18562,3,397.716022
-3.299574,4,397.782134
-1.133826,2,397.812804
-2.203497,3,397.863873
-0.047133,1,397.888597
-2.267794,3,397.943861
-2.165142,3,397.992928
-2.226457,3,398.058523
-0.041246,1,398.08708
-3.313162,4,398.160267
-2.255861,3,398.214876
-1.114072,2,398.253936
-0.041111,1,398.281979
-1.09002,2,398.318531
-2.201476,3,398.370827
-2.173447,3,398.424325
-1.118764,2,398.45994
-2.264151,3,398.506236
-3.291799,4,398.57843
-2.187265,3,398.634065
-2.233669,3,398.687682
-2.212029,3,398.74029
-2.264634,3,398.790582
-1.123876,2,398.828811
-2.227946,3,398.884085
-2.218481,3,398.938732
-2.251229,3,398.985352
-0.013198,1,398.999897
-2.189181,3,399.051968
-2.254878,3,399.096051
-3.28534,4,399.156263
-1.100224,2,399.186062
-1.091919,2,399.222115
-1.081696,2,399.251194
-2.224719,3,399.314852
-2.218338,3,399.35991
-3.289541,4,399.431103
-3.314729,4,399.492267
-3.327815,4,399.553843
-3.343346,4,399.621949
-2.196783,3,399.670626
-1.112717,2,399.704065
-2.167104,3,399.747112
-2.215228,3,399.790369
-1.097296,2,399.830038
-2.289671,3,399.876446
-3.332205,4,399.944335
-2.212039,3,399.992159
-2.17606,3,400.051826
-2.185385,3,400.097375
-1.124158,2,400.12844
-1.12319,2,400.158478
-3.306059,4,400.217169
-0.029838,1,400.230805
-3.266758,4,400.290378
-0.033902,1,400.310742
-2.249393,3,400.387608
-2.266302,3,400.439467
-2.198138,3,400.492192
-2.247545,3,400.539909
-2.238113,3,400.597078
-2.237068,3,400.651867
-1.097804,2,400.685409
-2.219223,3,400.735074
-1.12562,2,400.771135
-2.238659,3,400.818792
-2.238046,3,400.864064
-2.223026,3,400.911272
-2.181111,3,400.959913
-2.168193,3,401.000252
-2.276142,3,401.044851
-1.088119,2,401.074885
-1.144092,2,401.112303
-2.202454,3,401.161939
-1.074716,2,401.196483
-1.092122,2,401.226294
-0.043325,1,401.245314
-3.295302,4,401.301432
-3.35569,4,401.362113
-3.291303,4,401.418249
-3.316881,4,401.482381
-0.039526,1,401.496401
-3.268304,4,401.556877
-1.141897,2,401.589424
-3.329107,4,401.650853
-2.194415,3,401.69642
-2.212483,3,401.735138
-2.178239,3,401.778367
-1.079977,2,401.811423
-2.229493,3,401.852833
-2.232132,3,401.902922
-2.234248,3,401.950746
-3.289256,4,402.026878
-1.119499,2,402.060927
-3.369681,4,402.128563
-2.244856,3,402.175144
-1.077191,2,402.223913
-2.246276,3,402.277066
-1.122521,2,402.312798
-1.134127,2,402.350854
-2.25509,3,402.410039
-2.284243,3,402.455096
-3.348748,4,402.514783
-2.182131,3,402.565848
-2.182526,3,402.622046
-2.177992,3,402.674111
-3.341174,4,402.743794
-2.213733,3,402.79536
-3.292754,4,402.863987
-1.140761,2,402.906578
-2.222056,3,402.960994
-3.333927,4,403.03328
-2.212531,3,403.095454
-3.363071,4,403.163069
-2.168438,3,403.220051
-3.338003,4,403.293215
-2.174613,3,403.350863
-1.100641,2,403.382907
-1.113364,2,403.419514
-0.043526,1,403.436531
-1.076207,2,403.474998
-1.121724,2,403.511092
-3.359873,4,403.582035
-1.115305,2,403.617206
-0.033215,1,403.638393
-2.265389,3,403.680955
-1.137601,2,403.714037
-2.237392,3,403.763107
-2.23413,3,403.816807
-2.197071,3,403.866869
-2.273894,3,403.921456
-1.085528,2,403.957072
-0.007539,1,403.984116
-1.097633,2,404.015177
-3.306354,4,404.07839
-0.020617,1,404.09642
-2.23839,3,404.152682
-3.348845,4,404.226172
-2.27521,3,404.273907
-3.29074,4,404.345083
-2.246201,3,404.410939
-3.447409,4,404.478467
-0.01402,1,404.49349
-2.163355,3,404.542256
-1.088808,2,404.585353
-1.094632,2,404.618889
-1.11418,2,404.654055
-1.085877,2,404.684092
-2.222171,3,404.733906
-2.187766,3,404.782969
-2.180011,3,404.828617
-0.039053,1,404.847206
-1.127091,2,404.88385
-3.316574,4,404.946997
-1.086224,2,404.983051
-1.115238,2,405.017591
-3.377218,4,405.087549
-3.306735,4,405.150585
-3.304203,4,405.21718
-1.091881,2,405.249323
-1.129584,2,405.286542
-2.175917,3,405.333822
-1.100889,2,405.37487
-2.231382,3,405.44081
-2.260824,3,405.51409
-1.071248,2,405.549235
-3.314181,4,405.614986
-1.104193,2,405.645027
-3.320709,4,405.705115
-2.213183,3,405.748372
-2.178397,3,405.787437
-2.214217,3,405.831915
-1.075626,2,405.865958
-2.238218,3,405.910036
-3.302822,4,405.974122
-2.168184,3,406.022919
-2.164526,3,406.075999
-3.31498,4,406.132063
-2.255029,3,406.176111
-3.376956,4,406.236885
-3.309965,4,406.305249
-2.225437,3,406.35058
-2.265748,3,406.395216
-1.125637,2,406.425456
-2.243509,3,406.470657
-2.194535,3,406.517199
-2.223696,3,406.56093
-1.067446,2,406.589477
-3.363892,4,406.652973
-2.177203,3,406.690533
-2.171184,3,406.7351
-2.221222,3,406.774704
-3.29547,4,406.835892
-2.248651,3,406.880063
-1.067486,2,406.909223
-1.104451,2,406.939308
-2.226125,3,406.989407
-2.22306,3,407.033088
-3.309207,4,407.092319
-3.397711,4,407.153918
-2.231411,3,407.20405
-2.214019,3,407.247111
-2.177117,3,407.293334
-2.264233,3,407.334981
-3.361325,4,407.400317
-2.164092,3,407.44493
-3.306737,4,407.508654
-1.091502,2,407.540467
-0.035405,1,407.559411
-3.309455,4,407.618613
-3.31912,4,407.672833
-3.293861,4,407.727029
-2.255632,3,407.771089
-1.141262,2,407.799118
-3.362651,4,407.859387
-0.034134,1,407.872911
-1.144348,2,407.912088
-3.300785,4,407.971074
-3.334696,4,408.025863
-1.131001,2,408.060919
-2.284852,3,408.112235
-1.133278,2,408.144957
-1.12254,2,408.177
-2.250849,3,408.226113
-3.347179,4,408.304862
-2.200759,3,408.359427
-3.32282,4,408.430263
-1.122788,2,408.465325
-2.193496,3,408.518676
-3.292846,4,408.587418
-0.040576,1,408.602051
-3.319141,4,408.665274
-2.236233,3,408.715885
-1.122886,2,408.744915
-2.187867,3,408.79049
-2.211846,3,408.833343
-0.022828,1,408.855364
-2.247609,3,408.909123
-1.078717,2,408.940229
-2.250026,3,408.988862
-1.138613,2,409.025438
-2.201699,3,409.078608
-2.24533,3,409.129271
-1.091895,2,409.161866
-3.421181,4,409.23597
-1.121502,2,409.271029
-0.012088,1,409.287548
-1.129775,2,409.322114
-0.034959,1,409.343209
-3.277616,4,409.408516
-2.252369,3,409.462097
-2.160758,3,409.514231
-1.127475,2,409.554855
-2.162563,3,409.605423
-1.074979,2,409.642118
-2.215989,3,409.687228
-0.015082,1,409.706264
-1.083904,2,409.735885
-0.040068,1,409.750908
-2.182008,3,409.797463
-3.284142,4,409.864071
-2.187308,3,409.914922
-1.14268,2,409.946971
-2.248527,3,409.99709
-0.033951,1,410.02086
-0.027227,1,410.035878
-3.29264,4,410.105036
-2.182114,3,410.157107
-1.107489,2,410.194836
-2.172652,3,410.249423
-3.307006,4,410.316027
-1.119808,2,410.352088
-1.100202,2,410.389155
-2.212833,3,410.440347
-2.261953,3,410.492095
-2.281621,3,410.545847
-1.12688,2,410.586904
-3.36532,4,410.661014
-0.048721,1,410.677027
-1.089023,2,410.708564
-1.107363,2,410.747117
-2.179049,3,410.795522
-1.105688,2,410.830857
-3.300373,4,410.89844
-1.084747,2,410.934994
-3.328794,4,411.000092
-1.109368,2,411.03126
-1.074473,2,411.06849
-2.20409,3,411.130088
-1.093368,2,411.164135
-0.047618,1,411.184206
-1.129497,2,411.219253
-1.097804,2,411.251909
-3.304698,4,411.321002
-3.295188,4,411.395113
-2.177419,3,411.448526
-1.092665,2,411.488591
-1.085088,2,411.525259
-3.313705,4,411.596926
-2.259007,3,411.650002
-0.035304,1,411.672036
-2.243189,3,411.721095
-3.301,4,411.787266
-1.098851,2,411.816909
-3.342874,4,411.890534
-1.127903,2,411.923063
-3.369754,4,411.992764
-3.349018,4,412.053952
-1.118431,2,412.092
-0.044208,1,412.10852
-1.124655,2,412.143069
-1.096779,2,412.176109
-3.337337,4,412.253852
-1.086712,2,412.286896
-3.339287,4,412.355282
-2.201757,3,412.407199
-2.268167,3,412.466977
-2.162154,3,412.51858
-2.213421,3,412.570243
-2.229927,3,412.623849
-3.35167,4,412.695953
-2.193593,3,412.742018
-3.302633,4,412.807112
-1.103102,2,412.837062
-1.131622,2,412.876107
-1.115481,2,412.905164
-2.223106,3,412.95389
-2.213634,3,413.003068
-2.168903,3,413.056871
-2.185035,3,413.106025
-2.235144,3,413.155102
-1.098765,2,413.197218
-2.224791,3,413.26007
-2.30159,3,413.325904
-2.265248,3,413.385004
-1.069752,2,413.419214
-0.043674,1,413.441995
-1.090834,2,413.477033
-3.326162,4,413.554163
-2.269911,3,413.611084
-1.079338,2,413.654244
-2.196228,3,413.700284
-1.075912,2,413.732031
-0.046183,1,413.749562
-3.439404,4,413.8172
-1.123022,2,413.853909
-3.33306,4,413.920748
-1.077867,2,413.957147
-3.386516,4,414.025918
-1.143149,2,414.060969
-1.136747,2,414.095058
-2.232061,3,414.144161
-3.320141,4,414.220861
-1.14162,2,414.253898
-2.188563,3,414.303016
-2.254029,3,414.356102
-2.262706,3,414.411032
-2.250539,3,414.464116
-3.327784,4,414.533927
-2.176318,3,414.584997
-3.305895,4,414.657327
-3.383369,4,414.725078
-2.186563,3,414.773683
-1.125946,2,414.803237
-1.115849,2,414.841887
-1.130404,2,414.875928
-2.210154,3,414.930026
-3.322624,4,415.003138
-2.210569,3,415.063235
-1.108881,2,415.096862
-1.074765,2,415.129902
-2.226578,3,415.185974
-3.322471,4,415.261782
-1.104322,2,415.294321
-2.277412,3,415.343036
-0.047725,1,415.361069
-3.313312,4,415.439247
-2.16916,3,415.492308
-1.118356,2,415.528359
-2.267959,3,415.575914
-2.243459,3,415.633814
-2.178278,3,415.679371
-1.130997,2,415.715421
-1.070161,2,415.745981
-1.133951,2,415.785037
-0.012848,1,415.800566
-2.230536,3,415.848357
-3.417705,4,415.916997
-0.014118,1,415.937022
-1.136182,2,415.970067
-0.031827,1,415.986082
-2.238336,3,416.040195
-1.107572,2,416.075843
-2.244168,3,416.132115
-3.341041,4,416.20038
-3.283401,4,416.270824
-1.11143,2,416.313037
-0.042199,1,416.332062
-3.28307,4,416.404366
-2.250481,3,416.461211
-2.161191,3,416.520873
-0.015276,1,416.539394
-1.1113,2,416.57394
-2.206403,3,416.629545
-3.367564,4,416.696652
-2.177906,3,416.743789
-2.236385,3,416.793852
-3.357016,4,416.856971
-2.222299,3,416.920164
-3.272065,4,416.990657
-2.220631,3,417.041352
-2.181664,3,417.090039
-2.28452,3,417.140537
-1.099357,2,417.173975
-0.038486,1,417.192011
-3.291333,4,417.267176
-1.13078,2,417.302393
-1.130927,2,417.341962
-3.296421,4,417.41924
-3.260903,4,417.492893
-2.237519,3,417.553061
-2.204235,3,417.607305
-2.198684,3,417.661941
-1.113109,2,417.697479
-2.199794,3,417.760197
-0.041407,1,417.777468
-2.208832,3,417.830061
-3.359129,4,417.896743
-0.011836,1,417.919368
-2.201404,3,417.970972
-3.339255,4,418.041318
-1.066117,2,418.074349
-0.023344,1,418.094919
-3.325239,4,418.163304
-1.101252,2,418.19684
-2.269396,3,418.249354
-3.332977,4,418.326521
-2.205198,3,418.381813
-3.270294,4,418.453943
-2.227638,3,418.506831
-1.093453,2,418.545886
-0.044573,1,418.563909
-1.12563,2,418.596461
-2.237063,3,418.646051
-3.41472,4,418.718763
-2.184245,3,418.766016
-2.203922,3,418.81316
-1.097222,2,418.84482
-2.238408,3,418.905415
-2.221509,3,418.958594
-2.233488,3,419.013027
-0.026981,1,419.031061
-2.181847,3,419.084874
-3.338927,4,419.15305
-2.174104,3,419.206128
-2.251971,3,419.259259
-2.253242,3,419.320958
-2.201682,3,419.370021
-2.190066,3,419.42409
-1.111868,2,419.455241
-0.049955,1,419.480862
-2.172089,3,419.534959
-2.191823,3,419.589474
-2.196613,3,419.643085
-3.311854,4,419.711281
-1.092911,2,419.740315
-2.21473,3,419.793083
-2.211563,3,419.841815
-1.095598,2,419.880871
-2.204062,3,419.929173
-0.045839,1,419.946845
-2.191172,3,420.000441
-2.177205,3,420.055829
-1.139435,2,420.092901
-2.225019,3,420.145816
-2.181739,3,420.195894
-1.116015,2,420.232049
-2.181346,3,420.279609
-3.388549,4,420.344799
-4.489792,5,420.430926
-1.081159,2,420.467293
-0.029711,1,420.484319
-2.177522,3,420.53693
-2.21217,3,420.58499
-1.121145,2,420.623046
-1.108681,2,420.65885
-2.215832,3,420.702888
-2.200443,3,420.746938
-3.360096,4,420.810025
-1.136196,2,420.840064
-2.1585,3,420.885122
-2.255639,3,420.936876
-3.331678,4,421.008471
-1.133774,2,421.042024
-3.288365,4,421.101109
-3.325929,4,421.16084
-2.215675,3,421.216485
-2.208272,3,421.259455
-3.296889,4,421.321074
-2.164501,3,421.366133
-1.082005,2,421.406836
-2.209889,3,421.456051
-1.141101,2,421.491104
-3.288227,4,421.557091
-1.068647,2,421.597317
-1.074292,2,421.631874
-2.268878,3,421.676927
-1.080868,2,421.708466
-1.117364,2,421.747144
-1.118225,2,421.773385
-2.184622,3,421.822956
-2.220699,3,421.872017
-2.179213,3,421.924412
-2.171653,3,421.974063
-0.004119,1,421.990085
-2.218751,3,422.034977
-2.190173,3,422.088558
-1.10739,2,422.12112
-2.238146,3,422.16878
-2.266737,3,422.216416
-2.2471,3,422.267097
-0.013774,1,422.287695
-3.344709,4,422.350884
-1.083007,2,422.380942
-2.198123,3,422.433061
-2.232653,3,422.481177
-3.397108,4,422.549377
-1.080962,2,422.584931
-2.241311,3,422.640097
-1.107126,2,422.669202
-2.176483,3,422.713073
-3.381794,4,422.774765
-3.299457,4,422.846986
-3.30047,4,422.91114
-3.344663,4,422.97682
-2.212119,3,423.02692
-2.202237,3,423.085001
-2.209869,3,423.129231
-3.32817,4,423.193922
-1.120279,2,423.224233
-2.274928,3,423.275913
-3.285222,4,423.33609
-3.352596,4,423.402833
-0.046581,1,423.419515
-2.166634,3,423.473101
-2.180956,3,423.524796
-1.123952,2,423.55724
-1.132723,2,423.591297
-2.277349,3,423.645976
-2.204659,3,423.687033
-2.183325,3,423.734291
-0.010154,1,423.7473
-2.185415,3,423.793362
-2.217923,3,423.845742
-3.314099,4,423.908335
-2.185778,3,423.958513
-2.181722,3,424.019289
-2.208608,3,424.066979
-2.218951,3,424.120202
-1.117434,2,424.156867
-2.20147,3,424.210444
-1.107463,2,424.246086
-3.299654,4,424.311772
-3.340174,4,424.376849
-1.132889,2,424.41641
-3.316759,4,424.488616
-2.184357,3,424.539557
-3.284377,4,424.605715
-3.384211,4,424.675936
-2.168857,3,424.727191
-0.009536,1,424.742763
-2.258759,3,424.79031
-2.273491,3,424.843887
-3.338937,4,424.911083
-3.368611,4,424.979389
-2.168385,3,425.027147
-1.085854,2,425.068498
-1.110953,2,425.100669
-3.405164,4,425.166844
-2.23415,3,425.216437
-3.311213,4,425.290259
-1.138088,2,425.323829
-2.26757,3,425.372908
-3.315437,4,425.437486
-1.11607,2,425.475155
-3.333403,4,425.541842
-2.22645,3,425.594906
-1.097541,2,425.625997
-0.034038,1,425.64703
-3.349157,4,425.711123
-1.079964,2,425.741205
-2.238676,3,425.789896
-2.220001,3,425.84105
-2.232973,3,425.887105
-0.02687,1,425.907017
-3.33948,4,425.974117
-2.183219,3,426.031985
-2.306647,3,426.083051
-2.222567,3,426.136163
-2.227223,3,426.184864
-1.118299,2,426.22702
-2.23518,3,426.272076
-3.329252,4,426.339392
-1.112392,2,426.373114
-0.0376,1,426.397649
-2.262703,3,426.450809
-2.188366,3,426.499866
-2.157364,3,426.550881
-0.016775,1,426.57391
-2.228881,3,426.625095
-0.041324,1,426.642131
-0.017885,1,426.659203
-2.249408,3,426.715356
-1.111624,2,426.744948
-2.265376,3,426.794015
-0.019412,1,426.810544
-1.113451,2,426.849139
-2.225319,3,426.900984
-1.071557,2,427.124201
-3.296871,4,427.189555
-3.346522,4,427.262022
-1.130033,2,427.298567
-3.339561,4,427.365955
-2.15343,3,427.414526
-2.194611,3,427.470173
-1.135854,2,427.500276
-1.077939,2,427.537623
-1.120082,2,427.571836
-1.108298,2,427.610401
-1.094944,2,427.647023
-3.303152,4,427.709131
-2.249663,3,427.754851
-1.101701,2,427.788392
-3.351209,4,427.855093
-2.19849,3,427.907692
-0.040183,1,427.925287
-0.034982,1,427.95241
-2.232909,3,428.000284
-2.222,3,428.046005
-0.024731,1,428.064034
-2.244328,3,428.124334
-2.196878,3,428.171068
-2.266849,3,428.221157
-3.274296,4,428.290877
-2.294357,3,428.348524
-3.317288,4,428.416117
-2.27327,3,428.461277
-2.210867,3,428.511939
-0.040748,1,428.532967
-0.01676,1,428.549489
-1.095596,2,428.585052
-2.190714,3,428.635361
-1.132596,2,428.670067
-3.30119,4,428.730084
-0.012282,1,428.745098
-3.285633,4,428.811131
-2.208498,3,428.865054
-3.341463,4,428.929405
-0.037435,1,428.943993
-1.097072,2,428.981053
-1.083271,2,429.016598
-2.242072,3,429.071997
-2.246692,3,429.119563
-2.275767,3,429.169371
-2.217705,3,429.22297
-2.199086,3,429.270028
-2.227287,3,429.319099
-3.379563,4,429.380344
-2.204978,3,429.43305
-2.236719,3,429.477108
-3.322791,4,429.541343
-2.244901,3,429.585973
-0.044106,1,429.609012
-3.331319,4,429.669389
-3.333662,4,429.72711
-0.042491,1,429.741824
-3.4111,4,429.80091
-3.280058,4,429.862049
-2.188384,3,429.911122
-1.130824,2,429.946838
-1.070337,2,429.981893
-2.229661,3,430.026444
-2.160548,3,430.075248
-3.300565,4,430.135863
-1.075044,2,430.17293
-2.204671,3,430.218493
-2.264614,3,430.269568
-3.354411,4,430.328898
-2.20936,3,430.381093
-2.213312,3,430.430177
-1.122521,2,430.464281
-2.255551,3,430.516546
-1.083529,2,430.55213
-3.334538,4,430.612832
-3.416526,4,430.678422
-3.293306,4,430.741017
-1.127744,2,430.775053
-2.231876,3,430.818611
-3.306265,4,430.878354
-3.298596,4,430.945986
-1.113816,2,430.984039
-1.123707,2,431.015286
-0.049764,1,431.031824
-2.263322,3,431.079881
-1.120566,2,431.11611
-2.199228,3,431.170842
-2.204961,3,431.220373
-1.09751,2,431.250006
-3.284672,4,431.316303
-2.172673,3,431.3685
-2.233613,3,431.415148
-2.206836,3,431.461003
-2.234019,3,431.512578
-1.121002,2,431.541921
-0.021903,1,431.556934
-0.012383,1,431.572958
-3.366087,4,431.642292
-3.308375,4,431.705106
-1.10202,2,431.735761
-0.030396,1,431.751825
-2.227599,3,431.802884
-3.306214,4,431.86597
-3.392568,4,431.934062
-3.415488,4,432.003259
-1.13996,2,432.045863
-2.178292,3,432.099433
-2.165907,3,432.154523
-2.245513,3,432.212963
-1.107956,2,432.252018
-3.313101,4,432.324111
-1.081887,2,432.361299
-1.12484,2,432.397051
-0.022603,1,432.421097
-3.397762,4,432.491854
-2.225047,3,432.546919
-2.167134,3,432.596
-2.17106,3,432.652099
-3.383033,4,432.714974
-2.223907,3,432.762037
-3.315709,4,432.830278
-3.395633,4,432.902926
-3.326194,4,432.97602
-1.127593,2,433.017074
-2.194411,3,433.073274
-3.3806,4,433.154958
-2.258165,3,433.206024
-2.221958,3,433.261105
-1.105434,2,433.29723
-3.404629,4,433.373915
-3.278334,4,433.443112
-3.407817,4,433.515988
-3.30028,4,433.587079
-1.1336,2,433.630725
-3.301341,4,433.695999
-3.297778,4,433.760099
-2.196226,3,433.810821
-1.099678,2,433.851873
-3.366979,4,433.921977
-3.281932,4,434.000088
-3.293403,4,434.072323
-0.044215,1,434.095876
-2.226258,3,434.151279
-1.129746,2,434.187322
-2.173072,3,434.247177
-0.028832,1,434.26831
-2.188961,3,434.321889
-0.013794,1,434.341917
-3.324658,4,434.419479
-3.312264,4,434.501315
-0.039763,1,434.519367
-1.135382,2,434.554962
-1.112722,2,434.590591
-3.311661,4,434.663106
-1.13902,2,434.697273
-2.263298,3,434.740851
-2.25639,3,434.796928
-2.206528,3,434.852652
-2.227042,3,434.906829
-2.223512,3,434.962071
-1.091905,2,435.000151
-3.2999,4,435.075935
-2.174763,3,435.132046
-2.177347,3,435.185111
-2.209175,3,435.243912
-3.280176,4,435.318522
-2.227546,3,435.373089
-2.230938,3,435.426797
-1.086604,2,435.464347
-2.220779,3,435.52333
-2.264906,3,435.577025
-2.232961,3,435.633132
-2.242086,3,435.691958
-1.073106,2,435.729183
-1.128775,2,435.761342
-3.314518,4,435.825527
-1.09578,2,435.861074
-1.075964,2,435.904163
-2.248479,3,435.957034
-0.030859,1,435.977059
-1.0872,2,436.014639
-0.011951,1,436.036247
-2.224866,3,436.089471
-0.044967,1,436.108315
-3.303518,4,436.176043
-2.210964,3,436.235708
-1.107152,2,436.270939
-3.35081,4,436.345268
-0.048561,1,436.359284
-0.042172,1,436.381999
-0.028382,1,436.400019
-1.121104,2,436.437228
-0.049296,1,436.454872
-2.207993,3,436.51546
-3.354313,4,436.586054
-2.177797,3,436.635232
-0.021994,1,436.648757
-0.021916,1,436.669814
-1.092931,2,436.698342
-2.180861,3,436.745025
-1.118247,2,436.776566
-0.049639,1,436.796177
-2.200816,3,436.844809
-2.185636,3,436.898382
-0.019948,1,436.915415
-1.132547,2,436.960578
-3.442122,4,437.02979
-0.048371,1,437.046808
-2.174568,3,437.096877
-2.231897,3,437.156715
-3.367659,4,437.229982
-2.221244,3,437.280046
-2.270204,3,437.332285
-3.330915,4,437.414871
-1.124627,2,437.449421
-3.341631,4,437.521524
-2.228067,3,437.578521
-3.257207,4,437.65238
-3.34261,4,437.71409
-1.107573,2,437.746162
-2.190536,3,437.789964
-0.039339,1,437.811992
-1.097644,2,437.845112
-2.210686,3,437.901288
-1.074875,2,437.940953
-2.239976,3,438.00061
-1.0599,2,438.035918
-1.09638,2,438.072977
-3.293914,4,438.139587
-2.184922,3,438.20108
-1.09946,2,438.236219
-2.166305,3,438.291894
-2.275329,3,438.345989
-1.120515,2,438.390567
-3.324798,4,438.45933
-0.015673,1,438.477354
-2.212793,3,438.53211
-2.254672,3,438.585905
-2.220347,3,438.640213
-1.099044,2,438.666332
-0.040908,1,438.681052
-2.256623,3,438.737122
-3.33651,4,438.802843
-2.158629,3,438.851279
-2.212125,3,438.900533
-2.232359,3,438.963895
-1.126523,2,438.99843
-3.363302,4,439.07009
-2.203685,3,439.120187
-1.121231,2,439.163013
-2.271778,3,439.216603
-1.117148,2,439.252205
-2.1815,3,439.310842
-1.107859,2,439.350979
-3.310983,4,439.42258
-2.228963,3,439.479357
-2.234094,3,439.533001
-2.233279,3,439.591084
-2.266228,3,439.641211
-3.30093,4,439.701971
-1.109502,2,439.736085
-3.353577,4,439.800278
-2.29644,3,439.849347
-1.123656,2,439.882057
-1.119026,2,439.914097
-2.203807,3,439.973819
-1.077371,2,440.010873
-0.047544,1,440.029399
-2.197723,3,440.083027
-2.234206,3,440.137011
-1.095111,2,440.174074
-0.039731,1,440.1921
-2.293339,3,440.24093
-0.044547,1,440.266957
-2.249277,3,440.315034
-2.218488,3,440.369137
-3.283329,4,440.441315
-2.201819,3,440.4969
-0.025838,1,440.514928
-2.251186,3,440.568523
-2.217974,3,440.629117
-2.170136,3,440.683309
-3.338559,4,440.748431
-2.235486,3,440.788487
-2.190424,3,440.84105
-0.024642,1,440.862072
-2.171119,3,440.918687
-3.295423,4,440.985268
-2.175528,3,441.035865
-3.290968,4,441.11498
-1.088844,2,441.152029
-3.361564,4,441.221164
-2.230142,3,441.274983
-2.206605,3,441.330832
-2.192839,3,441.386791
-1.094257,2,441.420948
-2.203784,3,441.470012
-2.21328,3,441.526085
-1.139171,2,441.564162
-0.046633,1,441.581808
-2.169855,3,441.636883
-2.221588,3,441.693972
-3.347808,4,441.755063
-3.302132,4,441.817188
-2.225107,3,441.864805
-2.268575,3,441.919884
-2.183158,3,441.967096
-2.229009,3,442.023811
-3.345699,4,442.08947
-3.291018,4,442.167659
-3.414866,4,442.242893
-2.267162,3,442.295964
-2.251897,3,442.351049
-3.319699,4,442.427693
-0.036976,1,442.444796
-3.286065,4,442.519341
-1.072004,2,442.554742
-0.03599,1,442.577458
-3.396932,4,442.646959
-3.331224,4,442.715048
-2.155575,3,442.760789
-3.299807,4,442.828883
-1.088992,2,442.864027
-1.102474,2,442.897062
-2.237857,3,442.944143
-2.204998,3,442.999327
-0.04943,1,443.021358
-2.235505,3,443.069466
-0.011905,1,443.083985
-3.361863,4,443.163153
-2.220217,3,443.213099
-1.092647,2,443.247184
-3.389493,4,443.311002
-2.205389,3,443.383058
-2.253346,3,443.44697
-2.211336,3,443.50707
-0.022516,1,443.526604
-0.038508,1,443.552259
-2.243513,3,443.611066
-0.046537,1,443.630606
-2.253305,3,443.689538
-3.286515,4,443.77081
-3.331596,4,443.834963
-2.249068,3,443.885031
-2.181239,3,443.934597
-3.307693,4,444.006968
-2.161518,3,444.051135
-2.218529,3,444.103298
-3.270034,4,444.170893
-2.221453,3,444.225469
-0.025091,1,444.240268
-3.347957,4,444.306911
-1.128497,2,444.342993
-3.441713,4,444.417086
-3.390306,4,444.482851
-2.213545,3,444.533721
-1.124147,2,444.564792
-2.230266,3,444.621979
-2.180946,3,444.670112
-1.135639,2,444.698718
-0.004263,1,444.713444
-2.246695,3,444.767048
-2.238873,3,444.816112
-1.134446,2,444.847235
-1.114477,2,444.882339
-1.136982,2,444.921111
-2.247966,3,444.971869
-2.254963,3,445.016916
-3.313362,4,445.079136
-2.28785,3,445.134052
-2.238098,3,445.185154
-2.163825,3,445.240405
-2.24917,3,445.293103
-1.140754,2,445.332228
-2.238091,3,445.374818
-1.140971,2,445.401853
-3.348709,4,445.457091
-2.216258,3,445.503212
-2.180341,3,445.6267
-2.278443,3,445.686863
-2.269434,3,445.728417
-1.099127,2,445.759521
-3.36639,4,445.817109
-2.186253,3,445.886953
-2.204079,3,445.938552
-2.222973,3,445.996081
-3.466184,4,446.053965
-0.015976,1,446.069484
-2.19988,3,446.115052
-2.218558,3,446.171271
-0.036359,1,446.19397
-2.254592,3,446.240539
-3.413569,4,446.296822
-2.241935,3,446.347406
-3.346812,4,446.404993
-2.217442,3,446.450227
-2.237484,3,446.49094
-0.008844,1,446.513971
-0.045564,1,446.52899
-2.196083,3,446.570111
-2.201671,3,446.620477
-2.250262,3,446.669464
-2.280376,3,446.710622
-0.009382,1,446.725539
-2.245654,3,446.768652
-1.119274,2,446.798817
-2.200256,3,446.846385
-0.049793,1,446.860939
-2.163411,3,446.903996
-1.105144,2,446.939547
-0.037253,1,446.955562
-1.083102,2,446.987181
-2.182534,3,447.030432
-1.113154,2,447.065865
-3.379137,4,447.126461
-2.246325,3,447.173358
-3.293055,4,447.230518
-0.021737,1,447.25111
-1.130761,2,447.280211
-1.075187,2,447.309306
-2.262002,3,447.352101
-3.353556,4,447.417283
-2.180247,3,447.461857
-2.247046,3,447.505907
-0.019816,1,447.52193
-1.133847,2,447.558586
-0.043046,1,447.574111
-1.104074,2,447.605297
-2.254685,3,447.650214
-1.091473,2,447.68333
-1.097054,2,447.712916
-2.270266,3,447.757038
-3.440917,4,447.810109
-3.28611,4,447.878417
-2.160285,3,447.922974
-2.220887,3,447.97059
-0.022469,1,447.986099
-2.192038,3,448.040956
-2.174474,3,448.089519
-0.041073,1,448.104042
-0.039262,1,448.120722
-2.175411,3,448.173993
-3.330249,4,448.232582
-1.082114,2,448.264251
-1.140086,2,448.291929
-2.256609,3,448.337206
-2.179745,3,448.380347
-1.124231,2,448.412038
-0.027629,1,448.426551
-1.130906,2,448.462308
-0.03512,1,448.477318
-0.013946,1,448.491072
-3.392103,4,448.556238
-2.25337,3,448.606879
-2.175406,3,448.653094
-2.235274,3,448.69228
-1.083657,2,448.723872
-2.237012,3,448.771968
-2.208417,3,448.816025
-3.310143,4,448.87396
-2.209265,3,448.911009
-1.10512,2,448.952915
-1.103737,2,448.983959
-3.357213,4,449.037188
-2.253488,3,449.084945
-2.215265,3,449.136507
-3.285752,4,449.193111
-2.284727,3,449.23519
-2.187462,3,449.280888
-1.100062,2,449.314928
-2.247137,3,449.358486
-1.106266,2,449.390031
-1.129353,2,449.418559
-3.340823,4,449.486934
-1.124332,2,449.511985
-2.258037,3,449.555038
-2.197633,3,449.602106
-0.045764,1,449.625156
-0.036614,1,449.639289
-2.238312,3,449.68405
-2.202105,3,449.726099
-0.039306,1,449.745252
-1.121273,2,449.7729
-1.081688,2,449.804937
-2.220276,3,449.851149
-1.0784,2,449.885381
-0.018286,1,449.903067
-2.175469,3,449.947171
-3.328059,4,450.006924
-1.138869,2,450.041976
-2.186294,3,450.085032
-2.194992,3,450.130096
-1.128048,2,450.159187
-1.112853,2,450.193916
-0.045358,1,450.20994
-3.321699,4,450.27602
-1.067354,2,450.310947
-2.219619,3,450.372041
-3.459028,4,450.437121
-3.335101,4,450.49699
-0.005329,1,450.512015
-3.349835,4,450.578603
-2.251205,3,450.631027
-2.163739,3,450.678586
-0.0433,1,450.694122
-2.183677,3,450.749921
-2.276835,3,450.80099
-0.021764,1,450.818506
-1.096293,2,450.856079
-2.170602,3,450.912923
-1.129209,2,450.947082
-0.044781,1,450.967104
-2.229053,3,451.021939
-2.261953,3,451.08211
-1.113994,2,451.120303
-2.232197,3,451.172231
-2.266186,3,451.227323
-0.045325,1,451.250448
-1.086322,2,451.282915
-3.271399,4,451.353853
-2.237243,3,451.400923
-2.283472,3,451.459504
-2.196577,3,451.507072
-1.135734,2,451.542166
-3.274298,4,451.604906
-2.171473,3,451.660994
-1.108217,2,451.693033
-3.34338,4,451.755135
-3.353055,4,451.830345
-0.023465,1,451.859809
-2.189638,3,451.919914
-2.210084,3,451.971988
-2.281036,3,452.023847
-0.026579,1,452.044873
-3.351345,4,452.12199
-3.309122,4,452.203114
-2.224952,3,452.255908
-1.122728,2,452.292958
-2.192777,3,452.348527
-3.30952,4,452.421119
-2.162951,3,452.471279
-3.369353,4,452.540958
-2.240645,3,452.59603
-0.038869,1,452.612053
-2.218929,3,452.666926
-1.136102,2,452.709996
-2.230213,3,452.760068
-3.288815,4,452.824183
-1.123684,2,452.862847
-1.142884,2,452.902907
-2.186976,3,452.954119
-3.287587,4,453.024997
-3.360751,4,453.094099
-3.399893,4,453.16842
-1.129306,2,453.201977
-1.110129,2,453.23702
-1.076606,2,453.273069
-1.104027,2,453.314133
-1.133138,2,453.349955
-1.085271,2,453.383002
-1.076603,2,453.418543
-1.102965,2,453.455112
-3.368663,4,453.526924
-3.291543,4,453.59301
-2.242112,3,453.647085
-2.190096,3,453.697227
-2.265231,3,453.749865
-1.113703,2,453.78191
-2.19566,3,453.829981
-3.284042,4,453.908593
-1.135566,2,453.944702
-1.126338,2,453.98328
-2.246472,3,454.035003
-2.268077,3,454.098606
-1.143638,2,454.132693
-1.090894,2,454.174299
-2.2611,3,454.23242
-1.139597,2,454.272962
-1.09567,2,454.308501
-2.202762,3,454.363114
-1.10109,2,454.396195
-2.188477,3,454.450174
-1.085697,2,454.483293
-3.322443,4,454.551142
-2.252179,3,454.600704
-3.284673,4,454.667227
-2.160311,3,454.710033
-1.102352,2,454.743238
-1.120283,2,454.775864
-1.104874,2,454.810917
-0.042081,1,454.826928
-2.251985,3,454.882093
-1.118893,2,454.915174
-3.289349,4,454.987027
-1.121258,2,455.022082
-2.226711,3,455.076781
-2.228037,3,455.128347
-0.047012,1,455.151892
-2.225732,3,455.20998
-1.136203,2,455.244106
-0.008441,1,455.261694
-2.264909,3,455.319944
-2.192682,3,455.370012
-3.356541,4,455.436104
-2.242157,3,455.488331
-1.108745,2,455.528392
-1.095101,2,455.561169
-3.296735,4,455.63083
-3.31594,4,455.690033
-1.12108,2,455.727077
-3.289267,4,455.789335
-1.117885,2,455.82088
-3.310167,4,455.890071
-1.111346,2,455.933669
-1.097001,2,455.970801
-2.268172,3,456.022871
-3.301428,4,456.097043
-0.037717,1,456.120078
-1.085305,2,456.157289
-0.009503,1,456.175036
-3.416155,4,456.242124
-2.15845,3,456.30193
-3.399942,4,456.376044
-1.110844,2,456.411467
-2.261701,3,456.465034
-1.137446,2,456.509176
-2.184912,3,456.558775
-3.388218,4,456.630019
-3.287543,4,456.695053
-2.273922,3,456.750261
-0.044789,1,456.764021
-1.065338,2,456.795059
-3.336177,4,456.862236
-1.111893,2,456.901864
-2.170611,3,456.954973
-2.165201,3,457.00204
-2.217602,3,457.060058
-2.199688,3,457.122996
-2.219041,3,457.176188
-2.184848,3,457.225068
-2.242911,3,457.279953
-1.072318,2,457.316996
-1.103435,2,457.352189
-3.390838,4,457.424961
-1.108031,2,457.460904
-1.135528,2,457.502955
-0.037536,1,457.523088
-2.210293,3,457.577238
-3.318591,4,457.649289
-2.168407,3,457.699496
-2.221507,3,457.745078
-2.280857,3,457.791187
-1.089826,2,457.822903
-3.299444,4,457.895109
-2.179963,3,457.950401
-3.329624,4,458.020044
-3.318645,4,458.092039
-2.211277,3,458.154452
-3.288205,4,458.220066
-3.342225,4,458.300985
-2.235275,3,458.354339
-3.322779,4,458.434528
-2.178311,3,458.489499
-2.280141,3,458.540582
-2.250614,3,458.596994
-0.045685,1,458.618524
-2.284157,3,458.665147
-2.18238,3,458.715032
-2.274059,3,458.760106
-1.077443,2,458.802357
-2.198373,3,458.845459
-1.076977,2,458.882061
-1.069377,2,458.917097
-3.345764,4,458.991108
-3.321155,4,459.064034
-2.175081,3,459.120209
-2.219099,3,459.171932
-1.102876,2,459.20955
-2.189756,3,459.259197
-3.33909,4,459.329191
-2.281323,3,459.383195
-2.25983,3,459.434788
-0.021772,1,459.451316
-2.160932,3,459.505096
-3.374043,4,459.567032
-1.07161,2,459.606086
-1.073149,2,459.636678
-0.02875,1,459.651239
-1.132977,2,459.679332
-3.335042,4,459.743039
-2.205421,3,459.785087
-2.220727,3,459.829271
-2.221808,3,459.87833
-2.221133,3,459.931917
-1.145986,2,459.964754
-3.314511,4,460.022026
-3.277657,4,460.087079
-2.191744,3,460.14829
-0.049602,1,460.165312
-3.311302,4,460.225487
-2.233082,3,460.2702
-2.170215,3,460.321932
-1.129069,2,460.356042
-3.387413,4,460.420155
-2.213399,3,460.470991
-2.272465,3,460.523053
-0.025152,1,460.540582
-2.175873,3,460.586862
-2.210361,3,460.643114
-3.396862,4,460.736476
-2.245451,3,460.791934
-1.131319,2,460.820973
-2.231641,3,460.865198
-2.222461,3,460.920864
-2.159842,3,460.972075
-2.204363,3,461.023016
-1.108784,2,461.056189
-2.187195,3,461.110944
-1.096481,2,461.143502
-0.038821,1,461.165237
-3.342959,4,461.243213
-2.257948,3,461.296955
-1.111216,2,461.337525
-0.015885,1,461.354259
-1.115783,2,461.383837
-1.121688,2,461.429414
-2.185246,3,461.482083
-3.338202,4,461.550853
-2.184105,3,461.595894
-2.179512,3,461.649164
-2.232414,3,461.689327
-2.181842,3,461.731879
-3.326742,4,461.791071
-0.037112,1,461.809591
-2.264172,3,461.85531
-2.205664,3,461.901043
-2.164782,3,461.94619
-0.036872,1,461.965977
-2.223292,3,462.014042
-2.203257,3,462.060321
-2.17725,3,462.111029
-3.307147,4,462.194717
-1.12288,2,462.229981
-0.009047,1,462.248755
-1.098292,2,462.283004
-0.023817,1,462.308543
-2.272436,3,462.367167
-3.311518,4,462.439518
-1.099927,2,462.475212
-1.124511,2,462.520033
-3.383326,4,462.597045
-2.247684,3,462.663248
-1.11359,2,462.720173
-1.12415,2,462.777061
-2.276276,3,462.835405
-0.042404,1,462.859597
-3.27539,4,462.931319
-3.294182,4,463.016962
-2.21904,3,463.071319
-2.224135,3,463.11849
-2.254726,3,463.175248
-1.0841,2,463.213865
-2.174727,3,463.265054
-2.195169,3,463.319138
-0.02492,1,463.337278
-0.025773,1,463.365309
-2.229167,3,463.422954
-2.222416,3,463.475195
-2.269866,3,463.529978
-2.233925,3,463.585827
-2.251915,3,463.638916
-0.038576,1,463.656066
-3.279667,4,463.731005
-1.101841,2,463.773118
-1.103559,2,463.806837
-2.26129,3,463.860717
-3.340536,4,463.936853
-0.028145,1,463.959893
-0.028017,1,463.979918
-2.200823,3,464.026976
-3.341693,4,464.094177
-2.167429,3,464.145982
-2.159987,3,464.202066
-2.245884,3,464.251222
-1.133693,2,464.289839
-0.014499,1,464.312863
-2.213574,3,464.373806
-0.035116,1,464.391834
-2.242769,3,464.447156
-3.263518,4,464.531646
-3.30268,4,464.599442
-1.118202,2,464.631989
-2.21032,3,464.68049
-3.278405,4,464.752162
-3.308473,4,464.814965
-3.33681,4,464.883795
-3.3006,4,464.953939
-2.229358,3,465.014021
-0.023679,1,465.032053
-1.143425,2,465.068786
-2.174401,3,465.121954
-0.033994,1,465.148491
-1.094536,2,465.183107
-3.377838,4,465.255468
-1.082065,2,465.287347
-0.019018,1,465.306926
-3.361385,4,465.377082
-2.156398,3,465.425952
-3.338623,4,465.494952
-2.272184,3,465.553147
-2.25639,3,465.609431
-2.214907,3,465.655138
-2.150704,3,465.711147
-2.25477,3,465.769826
-1.105694,2,465.803868
-1.101522,2,465.838917
-3.334617,4,465.91305
-2.205177,3,465.97225
-1.07108,2,466.006015
-2.271484,3,466.063081
-1.116319,2,466.095122
-3.322691,4,466.176066
-3.32754,4,466.245294
-1.106174,2,466.279897
-2.256882,3,466.329965
-2.166413,3,466.391913
-3.335255,4,466.465091
-2.203641,3,466.519814
-2.233085,3,466.572992
-2.21411,3,466.634087
-2.237417,3,466.678704
-2.196519,3,466.729937
-3.323225,4,466.804105
-3.28868,4,466.875079
-3.330632,4,466.946412
-3.305559,4,467.017109
-2.244499,3,467.070965
-1.095321,2,467.108507
-3.381874,4,467.175766
-0.049786,1,467.193291
-1.120965,2,467.227344
-2.236161,3,467.287263
-2.222548,3,467.337516
-0.023846,1,467.355058
-2.248312,3,467.404721
-2.261256,3,467.460848
-1.074965,2,467.495895
-2.192953,3,467.548433
-2.247089,3,467.597002
-1.122338,2,467.63507
-2.277549,3,467.686225
-2.254253,3,467.736006
-0.046641,1,467.751032
-1.081088,2,467.792093
-3.308338,4,467.853011
-2.168357,3,467.906076
-1.122622,2,467.940152
-0.04313,1,467.960162
-0.040118,1,467.97926
-3.291548,4,468.050996
-3.359508,4,468.118598
-2.25029,3,468.176926
-2.224783,3,468.232005
-0.040504,1,468.246018
-2.188301,3,468.289568
-2.239801,3,468.344196
-3.306141,4,468.409965
-2.256528,3,468.459533
-3.313347,4,468.527229
-2.190592,3,468.59408
-1.094497,2,468.629183
-1.08749,2,468.660979
-1.138287,2,468.693015
-2.165622,3,468.745084
-2.176146,3,468.794801
-0.025621,1,468.810302
-2.197209,3,468.863955
-3.301448,4,468.937569
-0.028572,1,468.95409
-3.350011,4,469.021942
-1.10288,2,469.055983
-2.158321,3,469.113077
-2.225097,3,469.167159
-2.245243,3,469.222
-3.313044,4,469.293017
-1.134726,2,469.332072
-1.128944,2,469.365111
-1.08001,2,469.395907
-3.29872,4,469.466002
-1.076926,2,469.507046
-1.064678,2,469.543106
-0.036586,1,469.561702
-1.085075,2,469.598545
-3.268729,4,469.67523
-2.208652,3,469.718508
-3.288446,4,469.784101
-1.138577,2,469.815202
-2.167756,3,469.876931
-1.136666,2,469.91299
-2.184208,3,469.968559
-2.215318,3,470.022153
-1.102405,2,470.059974
-2.26935,3,470.11204
-1.116819,2,470.148585
-1.086877,2,470.183704
-3.284783,4,470.253984
-1.0925,2,470.290043
-1.119634,2,470.324091
-1.130578,2,470.355155
-2.213721,3,470.415042
-2.183662,3,470.463108
-2.201328,3,470.518503
-3.313338,4,470.590111
-1.118288,2,470.634279
-1.074628,2,470.668406
-2.254213,3,470.716973
-0.027273,1,470.737504
-2.202359,3,470.790875
-1.141248,2,470.822922
-0.026575,1,470.842038
-2.243186,3,470.896105
-1.076476,2,470.936187
-2.285306,3,470.990954
-1.112501,2,471.026997
-2.252654,3,471.083122
-2.1896,3,471.139405
-2.183356,3,471.189877
-1.072798,2,471.220926
-0.042759,1,471.238959
-0.039994,1,471.262035
-2.175259,3,471.312112
-2.175154,3,471.360314
-0.023438,1,471.378489
-2.166305,3,471.432072
-2.219815,3,471.481967
-1.087347,2,471.517012
-1.13004,2,471.554065
-0.011612,1,471.577092
-2.192337,3,471.631899
-0.04289,1,471.646912
-1.113846,2,471.679465
-2.258671,3,471.730044
-1.110415,2,471.762086
-3.299657,4,471.832194
-3.350757,4,471.902979
-3.291814,4,471.978579
-0.030103,1,471.993115
-2.169607,3,472.044983
-2.21762,3,472.097043
-3.303139,4,472.176254
-3.329031,4,472.242019
-1.105733,2,472.273065
-3.295207,4,472.341999
-2.176861,3,472.396069
-2.232107,3,472.446147
-1.114246,2,472.478788
-3.297275,4,472.542962
-0.022965,1,472.565993
-1.131401,2,472.600167
-3.288408,4,472.663946
-2.178376,3,472.713019
-3.33346,4,472.784956
-3.276926,4,472.854062
-3.35283,4,472.923915
-1.12269,2,472.956969
-2.271765,3,473.015063
-0.029843,1,473.032089
-2.243216,3,473.078678
-3.359252,4,473.149478
-1.067441,2,473.192049
-2.184999,3,473.246116
-1.080351,2,473.281293
-0.020756,1,473.298591
-1.108086,2,473.33729
-0.047588,1,473.355866
-3.390373,4,473.42396
-2.197478,3,473.470075
-3.367231,4,473.541431
-2.228776,3,473.594051
-2.207694,3,473.646148
-1.108493,2,473.675904
-3.288698,4,473.74115
-1.097334,2,473.771342
-1.081641,2,473.80497
-2.195456,3,473.870372
-2.209038,3,473.955124
-3.304105,4,474.035203
-2.178915,3,474.086864
-3.276126,4,474.154002
-3.341951,4,474.22914
-0.013993,1,474.247504
-2.273061,3,474.299425
-0.044219,1,474.316952
-2.179171,3,474.374073
-1.123523,2,474.409142
-2.196703,3,474.456882
-0.036932,1,474.471903
-3.388208,4,474.535976
-1.1284,2,474.572071
-0.040907,1,474.587088
-2.265701,3,474.632894
-3.316557,4,474.69955
-2.155212,3,474.744197
-1.068703,2,474.773249
-1.07096,2,474.805944
-0.036448,1,474.826972
-3.336214,4,474.893154
-1.099586,2,474.92834
-1.092505,2,474.959511
-0.018095,1,474.980045
-2.277876,3,475.036113
-3.339843,4,475.098444
-2.201339,3,475.148514
-2.22103,3,475.197497
-2.227603,3,475.253164
-3.356606,4,475.314897
-2.243853,3,475.367117
-2.179803,3,475.439016
-2.172474,3,475.4986
-2.171015,3,475.557147
-0.022048,1,475.574834
-3.343931,4,475.652022
-3.305677,4,475.721758
-1.138607,2,475.758513
-2.273041,3,475.80858
-2.22257,3,475.864115
-1.118361,2,475.896868
-2.195873,3,475.94345
-0.029646,1,475.960987
-2.176185,3,476.016065
-2.268929,3,476.064295
-2.208909,3,476.118389
-0.048821,1,476.137416
-1.101644,2,476.175093
-3.31742,4,476.240376
-1.114964,2,476.274998
-3.360999,4,476.344235
-2.184251,3,476.397001
-1.11486,2,476.431052
-1.121406,2,476.4646
-1.077079,2,476.495268
-3.347537,4,476.564013
-2.254777,3,476.609564
-0.027338,1,476.625086
-3.310568,4,476.686207
-3.365223,4,476.75491
-0.008539,1,476.772943
-0.038074,1,476.792973
-2.241198,3,476.836025
-0.049787,1,476.859569
-2.284779,3,476.910218
-1.095454,2,476.941888
-2.168926,3,476.992959
-2.179999,3,477.045029
-2.220363,3,477.095104
-1.074011,2,477.126234
-2.21803,3,477.174025
-2.199215,3,477.23312
-2.168208,3,477.280758
-3.280982,4,477.343971
-2.24149,3,477.398538
-0.041267,1,477.421077
-1.107415,2,477.45312
-3.295853,4,477.518354
-3.347387,4,477.582947
-2.245683,3,477.638528
-1.133272,2,477.66606
-0.049201,1,477.681083
-0.008737,1,477.695101
-3.324176,4,477.768414
-3.377139,4,477.834001
-1.070017,2,477.87005
-3.376312,4,477.93719
-0.020544,1,477.961005
-2.242821,3,478.016084
-2.196524,3,478.066956
-2.235419,3,478.120039
-0.048792,1,478.14207
-2.208942,3,478.192293
-2.261708,3,478.240914
-2.230712,3,478.291982
-2.214961,3,478.347056
-2.212731,3,478.395691
-2.165771,3,478.446253
-3.289641,4,478.510993
-2.237886,3,478.566067
-2.218546,3,478.616135
-3.327563,4,478.685112
-3.302026,4,478.749521
-2.235936,3,478.804885
-2.243049,3,478.854965
-2.215466,3,478.903048
-0.025735,1,478.919569
-3.381498,4,478.999414
-2.180748,3,479.051008
-2.224295,3,479.09707
-2.237315,3,479.147037
-2.170528,3,479.198608
-0.047124,1,479.215149
-2.18585,3,479.262898
-3.367671,4,479.329995
-2.183306,3,479.38407
-0.017704,1,479.398587
-2.15733,3,479.448719
-2.250852,3,479.494905
-3.363389,4,479.56952
-3.285639,4,479.635695
-1.103986,2,479.665233
-0.043407,1,479.682394
-2.169703,3,479.73102
-1.125783,2,479.760212
-2.190386,3,479.802879
-2.245282,3,479.850215
-2.224572,3,479.902889
-2.25806,3,479.956464
-1.100309,2,479.99208
-1.132837,2,480.024138
-2.164516,3,480.080027
-1.098793,2,480.111067
-2.285272,3,480.157142
-0.041278,1,480.173223
-2.183859,3,480.228452
-0.041796,1,480.243977
-2.18724,3,480.299558
-3.31506,4,480.366182
-2.151362,3,480.422978
-3.37306,4,480.487118
-2.272237,3,480.534896
-3.38653,4,480.592371
-1.115431,2,480.628577
-0.02909,1,480.6456
-2.273916,3,480.68602
-2.251141,3,480.72857
-0.037373,1,480.74926
-2.161831,3,480.786987
-1.085108,2,480.821045
-1.106265,2,480.853595
-2.188651,3,480.904854
-2.159191,3,480.950427
-2.218564,3,480.995113
-2.17903,3,481.042496
-2.226,3,481.093881
-2.235603,3,481.140499
-1.118684,2,481.172043
-2.200826,3,481.218608
-0.034462,1,481.241023
-2.239885,3,481.289469
-2.218591,3,481.336027
-2.154757,3,481.381748
-2.239224,3,481.434922
-3.359292,4,481.496054
-4.497811,5,481.569943
-2.269387,3,481.621025
-3.33802,4,481.67917
-2.190867,3,481.721998
-0.02276,1,481.737012
-2.239814,3,481.779608
-1.139625,2,481.811917
-1.114164,2,481.840519
-3.287405,4,481.902263
-2.23986,3,481.954095
-2.215776,3,482.004259
-2.248144,3,482.050417
-0.013084,1,482.064429
-2.17186,3,482.108564
-2.236043,3,482.166082
-2.186223,3,482.209277
-3.29675,4,482.275086
-2.269919,3,482.319883
-1.080002,2,482.356436
-2.179525,3,482.399535
-2.188477,3,482.442609
-2.254363,3,482.491248
-3.339687,4,482.558634
-1.127563,2,482.591829
-1.108652,2,482.61987
-2.231949,3,482.660427
-1.123185,2,482.69406
-0.045769,1,482.70707
-2.234675,3,482.745379
-2.197187,3,482.783973
-3.357334,4,482.844563
-1.089924,2,482.877012
-1.10402,2,482.908557
-2.26201,3,482.953243
-2.2649,3,483.003012
-3.317001,4,483.063853
-0.040145,1,483.076866
-2.177289,3,483.120416
-2.220221,3,483.170119
-3.353118,4,483.22729
-3.325039,4,483.287112
-2.173905,3,483.331911
-2.218487,3,483.378548
-3.371417,4,483.441979
-0.018756,1,483.457499
-0.027302,1,483.473158
-2.251396,3,483.5386
-2.173814,3,483.604058
-2.227173,3,483.666872
-3.335739,4,483.730959
-3.306078,4,483.79715
-2.24421,3,483.846398
-2.252286,3,483.901222
-0.037617,1,483.918434
-1.092379,2,483.960512
-2.245764,3,484.013946
-2.220707,3,484.061075
-1.11855,2,484.093115
-1.13772,2,484.135966
-2.218783,3,484.188804
-2.235179,3,484.244321
-2.217196,3,484.293081
-1.115855,2,484.333182
-2.240594,3,484.382943
-2.189853,3,484.436005
-2.250567,3,484.486262
-2.23101,3,484.544425
-3.427267,4,484.608353
-2.213925,3,484.657459
-3.293282,4,484.717103
-2.220768,3,484.764858
-3.323489,4,484.823932
-2.260662,3,484.873155
-0.044709,1,484.888289
-2.190542,3,484.948488
-2.250638,3,485.003115
-3.396134,4,485.070345
-1.087444,2,485.104941
-0.047676,1,485.126974
-3.346858,4,485.196157
-2.231231,3,485.249377
-1.131393,2,485.285935
-3.393948,4,485.360044
-3.360147,4,485.427135
-3.315357,4,485.493884
-2.180216,3,485.540949
-2.182073,3,485.595082
-0.029885,1,485.614103
-1.118549,2,485.649249
-3.278162,4,485.709417
-1.109758,2,485.746473
-1.097481,2,485.774055
-1.144455,2,485.803092
-0.037835,1,485.816108
-2.213155,3,485.87228
-3.324795,4,485.934925
-1.134542,2,485.970478
-2.283245,3,486.024088
-2.245541,3,486.081233
-2.246166,3,486.126891
-2.237298,3,486.177137
-3.293147,4,486.246516
-3.305239,4,486.319508
-1.108131,2,486.352104
-3.271762,4,486.419373
-2.156623,3,486.470246
-2.171811,3,486.527055
-2.207989,3,486.57717
-1.077509,2,486.612994
-2.169675,3,486.665564
-1.139687,2,486.704832
-3.369355,4,486.765059
-2.170286,3,486.811149
-3.349223,4,486.875542
-2.186809,3,486.933953
-3.40227,4,487.006093
-2.218455,3,487.057266
-1.087485,2,487.091932
-1.141984,2,487.126972
-2.171647,3,487.18006
-2.169367,3,487.230136
-0.012449,1,487.246154
-2.202782,3,487.305917
-2.180416,3,487.359493
-0.033365,1,487.377011
-2.214162,3,487.428588
-1.092441,2,487.464738
-3.321037,4,487.534024
-2.247549,3,487.58409
-0.036007,1,487.601111
-2.151654,3,487.659514
-1.079232,2,487.690863
-3.284891,4,487.758391
-2.236873,3,487.800955
-2.240187,3,487.855531
-3.283591,4,487.920861
-1.091392,2,487.954101
-2.281145,3,488.001861
-3.370342,4,488.082019
-1.109033,2,488.122065
-2.188323,3,488.174258
-3.328296,4,488.235944
-0.024742,1,488.259491
-2.257584,3,488.307067
-2.224715,3,488.355268
-3.341884,4,488.420947
-0.049063,1,488.440968
-2.160231,3,488.492092
-2.208285,3,488.540826
-2.228058,3,488.586005
-1.093087,2,488.623062
-2.259878,3,488.666611
-1.088398,2,488.69576
-2.190264,3,488.740959
-0.008674,1,488.763003
-3.299156,4,488.818566
-2.195306,3,488.869983
-2.181499,3,488.914042
-2.234408,3,488.969197
-3.374737,4,489.03043
-3.298476,4,489.097002
-2.176231,3,489.14858
-2.23696,3,489.199162
-2.242848,3,489.248369
-2.203403,3,489.29593
-2.178492,3,489.340986
-3.357838,4,489.407069
-3.301296,4,489.463264
-1.12198,2,489.494868
-1.115901,2,489.531923
-2.172376,3,489.586994
-3.34714,4,489.653091
-2.176136,3,489.696194
-0.045301,1,489.712234
-1.134582,2,489.743034
-2.182363,3,489.786095
-2.243092,3,489.829278
-3.274183,4,489.884922
-2.213364,3,489.936975
-3.282646,4,489.997059
-3.373011,4,490.058445
-3.371238,4,490.119535
-2.243703,3,490.174158
-2.218232,3,490.219295
-1.118944,2,490.253929
-2.165294,3,490.306017
-2.163545,3,490.35709
-2.176138,3,490.403887
-3.364056,4,490.469972
-0.041875,1,490.490002
-1.124614,2,490.525044
-1.13276,2,490.553086
-2.189605,3,490.601335
-2.186305,3,490.646147
-1.129172,2,490.683816
-1.119307,2,490.713847
-0.043186,1,490.729867
-2.232013,3,490.770451
-0.047179,1,490.792489
-2.231114,3,490.841236
-2.163467,3,490.885945
-2.22155,3,490.943036
-2.182741,3,490.993105
-2.171274,3,491.036238
-2.26465,3,491.078535
-0.046756,1,491.096059
-2.258142,3,491.151896
-3.276609,4,491.218399
-1.116481,2,491.253129
-2.224053,3,491.310007
-2.225902,3,491.374115
-3.371044,4,491.446898
-0.049815,1,491.465927
-3.31157,4,491.538534
-3.337456,4,491.617161
-1.087879,2,491.653954
-3.312459,4,491.726051
-2.223485,3,491.781261
-0.020262,1,491.80391
-3.313327,4,491.873005
-2.165152,3,491.924077
-1.127854,2,491.958667
-2.229902,3,492.01594
-1.135547,2,492.051491
-3.381267,4,492.11595
-1.095892,2,492.153089
-2.182468,3,492.210909
-0.023642,1,492.230593
-1.081679,2,492.266067
-2.230583,3,492.320153
-2.199972,3,492.382888
-0.013093,1,492.400914
-2.279211,3,492.454996
-0.038625,1,492.473022
-3.315229,4,492.549176
-1.08052,2,492.582935
-2.184513,3,492.634001
-2.256465,3,492.680659
-3.383649,4,492.748437
-0.045799,1,492.767071
-1.10501,2,492.798609
-2.237013,3,492.847408
-3.332047,4,492.925011
-2.237358,3,492.976203
-3.321673,4,493.042963
-1.127624,2,493.077057
-2.23799,3,493.130127
-3.408587,4,493.203941
-1.116947,2,493.240656
-2.187392,3,493.293858
-3.331842,4,493.366972
-1.134782,2,493.398511
-0.036634,1,493.417037
-3.358759,4,493.487141
-3.374043,4,493.562059
-1.102464,2,493.598607
-1.083495,2,493.633224
-3.372859,4,493.700004
-1.114205,2,493.734051
-2.200032,3,493.785243
-2.201743,3,493.830461
-2.212288,3,493.886004
-1.079813,2,493.926057
-2.269111,3,493.975164
-2.212701,3,494.024889
-2.252074,3,494.070503
-1.075367,2,494.109542
-1.118028,2,494.143089
-0.049861,1,494.158607
-2.248138,3,494.21011
-2.227103,3,494.27197
-0.009278,1,494.288486
-1.096883,2,494.326037
-1.093709,2,494.362596
-2.165464,3,494.416875
-1.129998,2,494.450929
-1.125528,2,494.482091
-2.226898,3,494.533242
-2.247659,3,494.594061
-2.174773,3,494.645683
-3.357198,4,494.706854
-0.023989,1,494.720884
-2.206764,3,494.779533
-0.048085,1,494.795053
-1.074561,2,494.827094
-1.114471,2,494.865191
-3.285619,4,494.93697
-2.202081,3,494.993243
-2.270669,3,495.039978
-2.285172,3,495.094102
-2.242341,3,495.148318
-2.230642,3,495.19694
-0.027007,1,495.211963
-3.350918,4,495.277548
-2.237581,3,495.336707
-3.349297,4,495.404118
-1.129051,2,495.439325
-2.197018,3,495.484921
-1.107465,2,495.526972
-2.239962,3,495.577102
-2.201539,3,495.63024
-2.170209,3,495.682029
-1.113859,2,495.717065
-2.186923,3,495.766143
-3.306047,4,495.822279
-3.356818,4,495.894013
-2.191151,3,495.950643
-2.245787,3,496.003197
-0.044672,1,496.01996
-1.128734,2,496.051008
-3.386595,4,496.118541
-2.172343,3,496.167209
-2.274228,3,496.219422
-3.279026,4,496.287084
-2.187479,3,496.348382
-3.335371,4,496.422021
-3.322489,4,496.489187
-2.266571,3,496.543935
-0.012375,1,496.567085
-3.279642,4,496.638424
-2.192012,3,496.681482
-0.021588,1,496.699517
-1.127848,2,496.737064
-2.194064,3,496.790209
-2.154715,3,496.838402
-2.226514,3,496.888493
-1.121966,2,496.92704
-2.219815,3,496.980155
-0.033723,1,496.994179
-2.18379,3,497.039865
-2.264254,3,497.094004
-3.328217,4,497.15959
-0.049615,1,497.174382
-3.292472,4,497.235984
-2.17685,3,497.296112
-3.311999,4,497.364123
-1.101729,2,497.399319
-2.263694,3,497.452965
-2.21194,3,497.512993
-3.419604,4,497.581332
-2.256544,3,497.633994
-3.327376,4,497.695574
-2.218552,3,497.749856
-2.258827,3,497.792821
-2.215405,3,497.845883
-2.230124,3,497.900427
-2.223382,3,497.956583
-3.388592,4,498.029456
-2.275328,3,498.078587
-1.137103,2,498.113183
-3.36831,4,498.17835
-0.042192,1,498.194877
-0.029394,1,498.2119
-2.190963,3,498.260482
-2.216802,3,498.315889
-2.201181,3,498.367051
-3.31885,4,498.442229
-2.217396,3,498.495857
-3.295598,4,498.572078
-3.376909,4,498.640281
-1.104513,2,498.671997
-3.396412,4,498.737081
-2.198431,3,498.785999
-2.165032,3,498.836063
-2.167005,3,498.887184
-2.22246,3,498.94387
-1.115394,2,498.980979
-2.23142,3,499.035049
-0.03459,1,499.053079
-2.225602,3,499.108492
-0.031657,1,499.135038
-3.314978,4,499.203829
-1.140143,2,499.23387
-2.275864,3,499.285448
-0.022999,1,499.306056
-2.206048,3,499.363214
-0.014499,1,499.381984
-2.216721,3,499.43105
-0.018623,1,499.45408
-3.342668,4,499.525972
-1.113441,2,499.560525
-1.078461,2,499.599178
-2.18935,3,499.656379
-2.231948,3,499.708441
-2.230336,3,499.756501
-2.249329,3,499.808606
-1.101629,2,499.847198
-2.196431,3,499.901007
-2.246451,3,499.954071
-0.010078,1,499.973213
-1.067771,2,500.014884
-2.237929,3,500.064022
-0.039555,1,500.08205
-2.227818,3,500.130996
-1.108373,2,500.172058
-0.020095,1,500.184072
-1.077471,2,500.207097
-2.238972,3,500.246846
-2.215619,3,500.298477
-3.330507,4,500.405109
-3.371191,4,500.505004
-3.425431,4,500.565595
-1.079662,2,500.600713
-0.048572,1,500.614226
-0.025092,1,500.629813
-2.242365,3,500.676971
-3.32044,4,500.738561
-2.213147,3,500.780259
-2.163419,3,500.819879
-0.027293,1,500.833894
-3.281998,4,500.901117
-2.222452,3,500.941825
-2.16769,3,500.984088
-2.182873,3,501.030209
-0.037599,1,501.050286
-1.125693,2,501.081854
-2.278738,3,501.126903
-3.309528,4,501.183491
-1.111703,2,501.218556
-2.225884,3,501.263122
-2.248828,3,501.310842
-2.25975,3,501.355888
-2.284323,3,501.405078
-2.227904,3,501.450701
-2.199982,3,501.491848
-0.048786,1,501.505861
-3.329278,4,501.568443
-1.073254,2,501.599568
-2.27789,3,501.642204
-2.229691,3,501.684843
-1.074915,2,501.719896
-2.248223,3,501.759449
-2.213521,3,501.802507
-3.396992,4,501.86122
-3.363685,4,501.924089
-2.219294,3,501.965685
-0.032858,1,501.980309
-2.259811,3,502.0299
-2.233145,3,502.078453
-3.278736,4,502.14024
-2.2778,3,502.183825
-1.10972,2,502.21686
-0.025416,1,502.235884
-3.371138,4,502.289969
-0.033215,1,502.306984
-1.08391,2,502.340033
-2.193487,3,502.387429
-0.03073,1,502.400996
-2.227057,3,502.446031
-1.135082,2,502.47557
-2.182511,3,502.522851
-0.032461,1,502.536863
-3.333519,4,502.592994
-2.235171,3,502.641062
-0.04947,1,502.659587
-2.205099,3,502.700849
-1.085133,2,502.728375
-2.180466,3,502.777081
-2.194367,3,502.826871
-3.317518,4,502.887033
-2.272559,3,502.92959
-2.218359,3,502.976218
-0.042407,1,502.995045
-2.202535,3,503.036099
-2.254869,3,503.084217
-2.219801,3,503.129853
-1.112542,2,503.163897
-1.094087,2,503.193869
-3.317814,4,503.251947
-2.19363,3,503.297005
-1.085453,2,503.333057
-2.181908,3,503.377116
-2.238487,3,503.422867
-2.264809,3,503.465924
-3.320463,4,503.533027
-2.168366,3,503.573078
-2.200353,3,503.613228
-2.233258,3,503.652904
-3.392196,4,503.706967
-0.009036,1,503.721997
-2.224161,3,503.767058
-3.307733,4,503.820085
-2.218965,3,503.876918
-0.049337,1,503.89494
-1.128762,2,503.921057
-3.361305,4,503.984216
-2.244049,3,504.037083
-1.103441,2,504.073061
-3.283628,4,504.134241
-1.090131,2,504.163134
-3.332424,4,504.229455
-3.282536,4,504.291163
-3.329844,4,504.354103
-1.121742,2,504.383226
-3.303923,4,504.445873
-2.265191,3,504.490932
-2.238128,3,504.536988
-0.01872,1,504.553011
-2.258884,3,504.600073
-1.078636,2,504.630113
-1.075337,2,504.656193
-1.131214,2,504.682875
-1.128022,2,504.710916
-0.046706,1,504.725929
-2.258922,3,504.769495
-2.20826,3,504.807037
-2.216608,3,504.859611
-2.22792,3,504.905246
-1.075454,2,504.935912
-1.131989,2,504.970965
-0.042678,1,504.992996
-1.087724,2,505.027038
-0.047317,1,505.043065
-1.126972,2,505.081212
-1.076445,2,505.120505
-0.039489,1,505.141975
-2.205567,3,505.201079
-1.066487,2,505.237115
-2.273087,3,505.298436
-2.186797,3,505.347002
-3.332621,4,505.421116
-1.126081,2,505.455246
-2.152484,3,505.523019
-3.321444,4,505.620097
-2.200922,3,505.683904
-1.094594,2,505.725975
-1.074394,2,505.763029
-1.113246,2,505.795073
-0.042931,1,505.812098
-2.228043,3,505.87285
-0.043733,1,505.898386
-3.31861,4,505.979218
-2.213507,3,506.03199
-2.22562,3,506.085967
-1.112385,2,506.128532
-2.215828,3,506.183288
-3.387519,4,506.255857
-2.226888,3,506.311084
-2.159084,3,506.373446
-0.032581,1,506.393053
-0.046323,1,506.411082
-2.189034,3,506.460276
-2.180206,3,506.518405
-2.165425,3,506.572143
-2.206397,3,506.623956
-2.179113,3,506.671093
-3.309718,4,506.739251
-2.229618,3,506.785967
-1.122873,2,506.817002
-3.352639,4,506.889317
-0.036208,1,506.915915
-3.302599,4,506.98951
-2.190312,3,507.046865
-3.318774,4,507.11507
-2.193537,3,507.175195
-3.307312,4,507.243067
-3.284793,4,507.309981
-2.231476,3,507.359544
-3.324077,4,507.439256
-1.1134,2,507.474066
-2.190092,3,507.530332
-2.238896,3,507.582052
-0.009741,1,507.606095
-2.184425,3,507.654851
-0.048814,1,507.669383
-0.024491,1,507.68393
-1.102236,2,507.720981
-2.244625,3,507.766546
-1.088832,2,507.799167
-3.327179,4,507.866461
-1.122626,2,507.908543
-3.367007,4,507.976133
-2.163489,3,508.031863
-2.180582,3,508.083028
-2.221018,3,508.139609
-3.43498,4,508.210673
-3.284841,4,508.279543
-2.215815,3,508.331478
-3.417302,4,508.407248
-2.231374,3,508.460923
-2.175396,3,508.514113
-2.263643,3,508.569566
-2.197685,3,508.631928
-2.207898,3,508.680495
-1.099788,2,508.710802
-1.133291,2,508.736826
-2.270941,3,508.785995
-1.104063,2,508.81704
-3.337837,4,508.881901
-1.099137,2,508.916948
-3.345599,4,508.98708
-2.260854,3,509.043
-2.221554,3,509.095919
-0.049733,1,509.118451
-1.073804,2,509.160006
-2.270462,3,509.218859
-3.368905,4,509.288644
-1.103607,2,509.320517
-2.234016,3,509.381453
-1.077938,2,509.414824
-3.315971,4,509.488579
-2.22169,3,509.544946
-1.078183,2,509.581273
-1.105185,2,509.61687
-3.333874,4,509.685474
-2.224998,3,509.727041
-1.112372,2,509.763102
-2.28021,3,509.809467
-2.158731,3,509.858533
-1.079376,2,509.892116
-2.20977,3,509.950916
-3.346563,4,510.02294
-2.181979,3,510.075506
-2.249832,3,510.130683
-1.118046,2,510.175292
-1.099678,2,510.212994
-3.362286,4,510.283222
-2.237529,3,510.338533
-3.309421,4,510.421016
-2.260471,3,510.478607
-2.182083,3,510.532068
-2.261657,3,510.587185
-3.308917,4,510.662951
-3.328244,4,510.725908
-1.080201,2,510.76196
-2.190107,3,510.808566
-3.345138,4,510.884649
-2.244471,3,510.936849
-0.042686,1,510.95688
-2.245995,3,511.017071
-2.229692,3,511.076177
-2.243281,3,511.130914
-1.125923,2,511.167468
-1.134561,2,511.20476
-0.046448,1,511.229351
-2.222184,3,511.285177
-2.247079,3,511.339939
-3.326794,4,511.411786
-0.038689,1,511.431809
-3.348539,4,511.500985
-2.270841,3,511.552052
-3.293976,4,511.626034
-1.12959,2,511.662088
-2.18364,3,511.714885
-0.030553,1,511.730524
-2.218259,3,511.783141
-2.205027,3,511.841851
-0.049686,1,511.860883
-2.227933,3,511.914111
-0.008508,1,511.931207
-2.21705,3,511.989814
-0.019754,1,512.006831
-0.03036,1,512.024856
-2.215462,3,512.081107
-2.266827,3,512.139877
-2.230948,3,512.201078
-1.127774,2,512.236121
-2.260714,3,512.290846
-3.299088,4,512.368956
-2.215539,3,512.426175
-2.170432,3,512.481106
-1.135748,2,512.516213
-2.191485,3,512.576415
-3.278675,4,512.647216
-1.124666,2,512.680011
-1.140008,2,512.710582
-0.041785,1,512.733089
-2.254881,3,512.78218
-1.129451,2,512.811253
-2.208608,3,512.861919
-2.229404,3,512.917071
-2.261212,3,512.965646
-2.19137,3,513.015807
-2.183061,3,513.073402
-1.122772,2,513.120072
-0.022926,1,513.135091
-3.463838,4,513.20685
-2.169399,3,513.266448
-2.270273,3,513.524967
-1.092203,2,513.560025
-3.349092,4,513.629546
-3.309423,4,513.68715
-3.3534,4,513.7569
-2.173823,3,513.804991
-2.212392,3,513.856056
-2.213244,3,513.904815
-2.186695,3,513.963889
-0.041141,1,513.980021
-2.254423,3,514.028589
-0.048798,1,514.047112
-2.181909,3,514.108578
-1.114661,2,514.140664
-3.315758,4,514.211057
-2.279454,3,514.267658
-2.159033,3,514.324449
-0.042516,1,514.340476
-0.006827,1,514.357116
-3.286059,4,514.423969
-1.113333,2,514.465035
-3.335536,4,514.530149
-2.23465,3,514.584
-0.035507,1,514.602024
-2.240047,3,514.65609
-2.219162,3,514.703851
-0.039854,1,514.71937
-0.036254,1,514.734893
-0.007212,1,514.760923
-3.332337,4,514.819497
-2.175665,3,514.862055
-2.200533,3,514.909137
-3.343038,4,514.976931
-3.294065,4,515.043017
-2.19789,3,515.092084
-2.179383,3,515.142228
-3.302683,4,515.212052
-2.175413,3,515.261112
-1.12273,2,515.293323
-2.158315,3,515.343034
-2.22629,3,515.400388
-2.239714,3,515.446077
-1.077827,2,515.47918
-1.113859,2,515.512879
-0.037572,1,515.53691
-0.042442,1,515.55094
-1.111801,2,515.584074
-2.176973,3,515.634297
-2.230499,3,515.683005
-3.312139,4,515.743083
-3.33059,4,515.802245
-1.069541,2,515.836839
-2.227334,3,515.889542
-3.38367,4,515.949126
-3.33248,4,516.013896
-1.118685,2,516.045947
-2.164236,3,516.095251
-2.235861,3,516.146954
-2.264778,3,516.200943
-3.332334,4,516.263033
-3.290146,4,516.330334
-2.238963,3,516.381467
-0.023354,1,516.397482
-0.047142,1,516.413069
-2.176924,3,516.467368
-2.20719,3,516.51502
-3.300731,4,516.579607
-1.137247,2,516.613924
-3.337102,4,516.682123
-1.136662,2,516.709829
-1.117521,2,516.74088
-3.363339,4,516.80122
-0.039292,1,516.82191
-2.172175,3,516.871127
-2.270397,3,516.919335
-3.355356,4,516.979423
-2.210639,3,517.033007
-2.169051,3,517.085263
-0.012294,1,517.099402
-3.273361,4,517.17051
-3.309171,4,517.243886
-1.096858,2,517.278435
-2.178767,3,517.330083
-1.136921,2,517.371431
-1.138488,2,517.422482
-0.034866,1,517.4493
-1.115118,2,517.485214
-3.294156,4,517.559453
-2.26154,3,517.613979
-2.262625,3,517.664048
-2.221784,3,517.719555
-1.142382,2,517.758613
-0.045739,1,517.780495
-3.290651,4,517.852975
-1.090931,2,517.886114
-3.350393,4,517.944919
-0.047373,1,517.967452
-2.266895,3,518.015066
-3.37215,4,518.069543
-2.28952,3,518.114915
-2.270395,3,518.167485
-3.364797,4,518.224862
-1.087302,2,518.2529
-1.102219,2,518.282972
-2.231791,3,518.335049
-2.207888,3,518.384229
-2.263645,3,518.43048
-0.04088,1,518.44696
-2.211458,3,518.501084
-3.410487,4,518.564845
-3.296187,4,518.624898
-2.266454,3,518.670483
-2.228377,3,518.717098
-3.329763,4,518.77697
-2.245618,3,518.82107
-3.34469,4,518.886085
-0.008315,1,518.907112
-3.303728,4,518.968956
-0.034404,1,518.985481
-0.025314,1,519.004133
-0.024788,1,519.024862
-0.020158,1,519.040891
-2.236289,3,519.08602
-2.21722,3,519.132079
-2.195008,3,519.182954
-0.035123,1,519.201999
-0.018519,1,519.21852
-2.203656,3,519.264086
-1.098466,2,519.30728
-1.105818,2,519.339998
-2.168012,3,519.39511
-3.351883,4,519.466023
-3.423026,4,519.543009
-2.255668,3,519.595188
-2.208117,3,519.647022
-2.262799,3,519.696937
-3.30881,4,519.771554
-2.261041,3,519.81914
-2.193685,3,519.871413
-3.336608,4,519.940045
-2.172785,3,519.999847
-3.316681,4,520.073025
-3.367319,4,520.142157
-1.065886,2,520.174417
-2.20766,3,520.228735
-2.195544,3,520.276956
-1.139011,2,520.314004
-2.196887,3,520.369589
-2.193955,3,520.424941
-2.234805,3,520.474513
-1.083732,2,520.509599
-3.304543,4,520.585835
-0.028513,1,520.60686
-1.126791,2,520.64193
-3.287586,4,520.704046
-2.188854,3,520.750112
-3.294359,4,520.815948
-2.27864,3,520.865035
-1.106947,2,520.897085
-2.172058,3,520.946247
-2.22045,3,521.003916
-2.181145,3,521.054988
-2.27324,3,521.107054
-1.118793,2,521.142104
-0.045037,1,521.16396
-2.17318,3,521.213032
-2.213985,3,521.261918
-2.193073,3,521.308469
-2.177513,3,521.375094
-0.023277,1,521.393151
-2.209086,3,521.445016
-2.193527,3,521.502105
-2.235578,3,521.556893
-1.091722,2,521.591087
-2.238154,3,521.641853
-2.195962,3,521.688418
-0.032859,1,521.710958
-2.272,3,521.75851
-0.045753,1,521.775037
-3.313014,4,521.84077
-1.093646,2,521.8784
-1.068452,2,521.915954
-0.041994,1,521.93398
-3.432207,4,522.001073
-2.222155,3,522.061902
-0.015802,1,522.079421
-1.11254,2,522.11197
-0.048027,1,522.12598
-1.116857,2,522.164032
-2.199811,3,522.211101
-2.214755,3,522.2584
-3.332712,4,522.323987
-1.105355,2,522.361044
-0.046313,1,522.381075
-1.097788,2,522.418628
-2.200013,3,522.471018
-1.130411,2,522.510074
-2.166494,3,522.557683
-3.309924,4,522.636002
-3.396558,4,522.703106
-3.2745,4,522.772964
-1.130293,2,522.809511
-2.188428,3,522.864082
-3.278949,4,522.933799
-2.198246,3,522.993397
-3.290167,4,523.067026
-0.031785,1,523.084239
-2.18422,3,523.139977
-2.229197,3,523.199562
-1.094066,2,523.234111
-0.040068,1,523.254787
-1.082391,2,523.289877
-1.124759,2,523.326925
-0.049856,1,523.345957
-3.337853,4,523.417048
-3.275772,4,523.490769
-2.209306,3,523.545503
-2.201944,3,523.598598
-2.207362,3,523.655001
-0.048084,1,523.671031
-0.038068,1,523.69407
-2.185894,3,523.744158
-2.195458,3,523.791847
-3.29686,4,523.858431
-3.286493,4,523.933037
-0.007468,1,523.952064
-2.213981,3,524.003846
-2.283284,3,524.058422
-3.307502,4,524.140155
-1.082057,2,524.173909
-3.327496,4,524.249505
-1.113231,2,524.284084
-3.298986,4,524.368497
-2.196563,3,524.425173
-1.118954,2,524.466843
-1.123743,2,524.505998
-2.240427,3,524.567082
-0.042992,1,524.583292
-2.261169,3,524.641014
-2.249779,3,524.691581
-0.044863,1,524.715196
-3.330819,4,524.794113
-1.07632,2,524.825882
-3.382976,4,524.896116
-0.04784,1,524.917295
-2.184642,3,524.970511
-1.125427,2,525.007068
-2.212317,3,525.057251
-3.314537,4,525.135903
-2.177584,3,525.188483
-2.298276,3,525.245056
-0.03448,1,525.261089
-1.137215,2,525.2992
-0.047803,1,525.314269
-1.108624,2,525.350866
-2.217704,3,525.399954
-3.382211,4,525.474117
-3.296269,4,525.547131
-3.418494,4,525.616823
-2.207396,3,525.662887
-3.310638,4,525.731996
-2.215336,3,525.783274
-1.099019,2,525.819474
-3.387605,4,525.892814
-2.271535,3,525.948539
-3.333929,4,526.026875
-2.249499,3,526.079451
-0.033526,1,526.099559
-2.222454,3,526.160191
-2.20283,3,526.214846
-2.242458,3,526.26841
-3.330719,4,526.335033
-1.141997,2,526.373088
-0.03963,1,526.389107
-2.199873,3,526.440958
-2.176022,3,526.490521
-3.312381,4,526.571893
-2.180401,3,526.625047
-2.18731,3,526.671117
-0.044445,1,526.68713
-0.029517,1,526.712864
-2.222196,3,526.763927
-2.216042,3,526.811261
-2.225485,3,526.861878
-2.20913,3,526.917047
-2.243467,3,526.970234
-2.203836,3,527.019008
-0.048075,1,527.039545
-3.290403,4,527.117108
-2.257441,3,527.169926
-1.13615,2,527.207019
-1.103209,2,527.244067
-2.214338,3,527.299158
-1.092929,2,527.332838
-3.338786,4,527.398465
-1.076762,2,527.440049
-3.28012,4,527.512844
-1.091328,2,527.549895
-2.268861,3,527.602057
-2.168391,3,527.652775
-3.453481,4,527.722295
-1.094486,2,527.755909
-2.203308,3,527.801012
-0.048236,1,527.817032
-1.086337,2,527.858595
-0.017096,1,527.875625
-2.220876,3,527.924891
-1.092111,2,527.960947
-1.085231,2,527.998512
-2.176911,3,528.049553
-1.11474,2,528.083463
-2.200521,3,528.129165
-0.048516,1,528.152844
-0.03318,1,528.170868
-2.221124,3,528.225996
-3.340118,4,528.299194
-2.214502,3,528.349455
-0.013714,1,528.365974
-2.203519,3,528.415118
-3.333502,4,528.474491
-0.045444,1,528.499529
-3.335352,4,528.561827
-2.251817,3,528.615095
-2.186989,3,528.661867
-0.015303,1,528.681395
-0.047609,1,528.695408
-2.264177,3,528.746031
-0.025359,1,528.761058
-2.182038,3,528.807178
-3.329566,4,528.875308
-3.284501,4,528.944943
-2.201889,3,528.996055
-2.20424,3,529.05322
-2.188874,3,529.105043
-2.175098,3,529.157109
-2.224631,3,529.208325
-1.129048,2,529.245871
-2.180584,3,529.293969
-2.166351,3,529.344044
-3.419958,4,529.410105
-2.233554,3,529.46381
-2.205579,3,529.518428
-1.126631,2,529.554975
-1.129252,2,529.586527
-1.097391,2,529.628459
-1.084203,2,529.663005
-1.078483,2,529.694549
-1.078739,2,529.731071
-1.134895,2,529.772841
-1.093002,2,529.804653
-2.197349,3,529.85684
-2.2114,3,529.907029
-1.126055,2,529.951107
-2.181681,3,530.004023
-2.158949,3,530.056092
-2.252071,3,530.109263
-3.3916,4,530.188918
-2.223917,3,530.242061
-2.215657,3,530.295728
-3.471489,4,530.366953
-3.346882,4,530.435062
-1.114151,2,530.471114
-0.027406,1,530.489147
-3.391477,4,530.555807
-1.067808,2,530.5939
-2.237892,3,530.64497
-2.253429,3,530.696085
-3.37336,4,530.762897
-2.170306,3,530.817074
-2.221945,3,530.866856
-0.04738,1,530.884386
-2.232632,3,530.940022
-2.21884,3,530.995588
-3.356402,4,531.063911
-2.22609,3,531.116991
-2.210174,3,531.173081
-1.089176,2,531.216773
-1.108366,2,531.252861
-2.178588,3,531.304926
-1.074488,2,531.33847
-0.041194,1,531.367013
-0.020599,1,531.382042
-2.176659,3,531.4286
-2.187364,3,531.480957
-1.102193,2,531.518522
-2.251407,3,531.57511
-1.126316,2,531.608441
-2.239389,3,531.657004
-2.186056,3,531.7141
-3.331597,4,531.777365
-3.358115,4,531.84596
-2.226711,3,531.894043
-3.348458,4,531.969837
-3.309443,4,532.034999
-2.21553,3,532.081063
-0.040329,1,532.096078
-2.16464,3,532.150815
-2.184371,3,532.199979
-0.042056,1,532.215996
-2.223113,3,532.272077
-1.10855,2,532.311315
-1.064403,2,532.344065
-1.080267,2,532.380742
-0.036547,1,532.397259
-3.307987,4,532.465913
-1.098602,2,532.495957
-2.241442,3,532.545017
-1.142691,2,532.576055
-1.136779,2,532.61426
-2.1834,3,532.659886
-2.234721,3,532.706952
-3.328749,4,532.770046
-2.21116,3,532.82916
-2.219024,3,532.882948
-2.224238,3,532.938514
-3.314069,4,533.006134
-2.189807,3,533.066868
-1.125125,2,533.101066
-1.129306,2,533.136812
-2.209358,3,533.182389
-2.257903,3,533.236996
-1.07389,2,533.274046
-1.130882,2,533.312301
-3.376789,4,533.388619
-3.324586,4,533.472963
-0.009969,1,533.492053
-1.077446,2,533.529596
-1.099816,2,533.55714
-2.19034,3,533.606013
-2.244115,3,533.655079
-2.268411,3,533.698767
-2.230716,3,533.739468
-1.100617,2,533.782556
-2.205145,3,533.826313
-2.16429,3,533.872933
-2.248148,3,533.919555
-1.112067,2,533.953609
-2.260165,3,534.000012
-2.239282,3,534.048582
-2.230933,3,534.094182
-1.130574,2,534.126971
-1.128158,2,534.158509
-2.27521,3,534.203199
-3.377847,4,534.26051
-3.26828,4,534.332129
-3.303227,4,534.3915
-1.125915,2,534.42308
-0.010975,1,534.440112
-2.250942,3,534.4884
-3.31326,4,534.547004
-3.3729,4,534.602178
-3.332675,4,534.659379
-3.279632,4,534.713976
-2.172965,3,534.755034
-3.295753,4,534.81127
-0.04506,1,534.822889
-2.270333,3,534.880482
-1.097788,2,534.907779
-3.379559,4,534.96996
-0.03188,1,534.984487
-2.247365,3,535.036161
-1.129883,2,535.065887
-2.220877,3,535.110683
-2.238714,3,535.15384
-1.115934,2,535.196398
-2.224419,3,535.240816
-3.299659,4,535.305953
-3.292652,4,535.367028
-2.174924,3,535.419504
-2.189985,3,535.468369
-0.039545,1,535.486403
-0.009042,1,535.502126
-1.138321,2,535.536987
-1.13585,2,535.564024
-2.195485,3,535.609553
-1.112875,2,535.641095
-2.162113,3,535.689323
-0.027942,1,535.705308
-1.114984,2,535.736887
-2.241141,3,535.782058
-2.190496,3,535.83615
-1.099064,2,535.872197
-2.179884,3,535.921939
-1.110108,2,535.952973
-0.014603,1,535.975002
-0.033573,1,535.99403
-2.241368,3,536.046099
-1.098062,2,536.078264
-2.235387,3,536.132999
-3.305113,4,536.201095
-3.297048,4,536.272041
-2.191135,3,536.327137
-1.132711,2,536.368418
-3.337309,4,536.444052
-1.118829,2,536.478595
-3.304835,4,536.545934
-0.032381,1,536.566964
-3.370887,4,536.636061
-1.118403,2,536.666095
-1.100842,2,536.692133
-3.360366,4,536.755981
-2.238524,3,536.79854
-0.027339,1,536.813062
-2.256617,3,536.863785
-1.094444,2,536.902108
-2.158146,3,536.954912
-3.34437,4,537.024001
-3.322951,4,537.095442
-2.273696,3,537.149563
-2.26897,3,537.203744
-2.303003,3,537.256043
-3.333495,4,537.325261
-1.125255,2,537.36689
-1.152001,2,537.403025
-3.324185,4,537.470267
-0.036509,1,537.489385
-3.293369,4,537.575033
-2.233045,3,537.629605
-1.110003,2,537.659293
-2.269802,3,537.708423
-1.105394,2,537.744967
-2.219582,3,537.787016
-3.337142,4,537.854092
-2.18337,3,537.910862
-2.218838,3,537.975953
-2.217658,3,538.028639
-2.217152,3,538.082415
-2.234736,3,538.130026
-3.402968,4,538.212996
-2.175952,3,538.26709
-2.177895,3,538.3203
-3.308558,4,538.394952
-0.034035,1,538.419989
-2.251989,3,538.473075
-2.219915,3,538.532869
-1.114422,2,538.571031
-1.135584,2,538.61609
-3.33954,4,538.680225
-2.234794,3,538.728435
-2.272376,3,538.777003
-0.020565,1,538.795073
-2.23469,3,538.846173
-3.37775,4,538.910497
-1.109149,2,538.945986
-2.268889,3,539.01131
-2.177038,3,539.067019
-2.209582,3,539.122113
-2.266967,3,539.174871
-2.275911,3,539.231979
-2.235677,3,539.279537
-2.207653,3,539.346003
-2.173619,3,539.422188
-1.121548,2,539.472
-1.132408,2,539.51394
-2.23597,3,539.567007
-3.350481,4,539.639463
-2.221389,3,539.699206
-1.088152,2,539.738607
-1.131088,2,539.774823
-2.169236,3,539.830153
-3.306998,4,539.909137
-3.328643,4,539.979426
-2.209478,3,540.036142
-3.305445,4,540.110414
-3.313523,4,540.185615
-3.360899,4,540.258503
-1.120093,2,540.289549
-0.021752,1,540.305095
-2.23064,3,540.363936
-0.028083,1,540.383465
-2.219074,3,540.435868
-2.280768,3,540.492076
-2.177482,3,540.552099
-2.180042,3,540.604927
-2.159904,3,540.654999
-3.364835,4,540.719275
-1.089978,2,540.755843
-3.312608,4,540.817
-0.040831,1,540.836029
-2.158709,3,540.894121
-2.227079,3,540.949843
-2.266815,3,541.001043
-2.230276,3,541.05511
-3.427118,4,541.124902
-2.180165,3,541.184488
-3.324457,4,541.253002
-2.242913,3,541.305081
-2.192875,3,541.361952
-2.232679,3,541.420101
-1.082715,2,541.454196
-2.242619,3,541.505933
-2.195441,3,541.557003
-2.19431,3,541.614997
-3.30378,4,541.685593
-1.123684,2,541.71482
-3.305451,4,541.7769
-3.38317,4,541.844056
-2.218509,3,541.894125
-1.125547,2,541.926249
-2.242507,3,541.976877
-2.255969,3,542.035828
-3.376724,4,542.104007
-1.071264,2,542.145065
-2.207962,3,542.19514
-2.166059,3,542.249824
-1.069251,2,542.285383
-2.271264,3,542.33505
-0.037546,1,542.352075
-1.132292,2,542.389127
-3.420043,4,542.459952
-3.361978,4,542.526791
-2.222516,3,542.576859
-2.238298,3,542.631013
-3.387641,4,542.691321
-2.182131,3,542.734949
-2.213029,3,542.779935
-0.028619,1,542.802027
-2.225135,3,542.84958
-3.277229,4,542.909811
-1.091086,2,542.943855
-2.269782,3,542.992994
-3.401,4,543.052946
-2.249765,3,543.098593
-2.239412,3,543.149998
-1.068149,2,543.187562
-1.112753,2,543.221859
-2.204018,3,543.269931
-2.245599,3,543.317042
-2.242392,3,543.370131
-0.017479,1,543.385242
-0.019479,1,543.399895
-2.207211,3,543.449453
-1.134739,2,543.49053
-1.096101,2,543.519273
-2.242769,3,543.566869
-1.143883,2,543.597414
-0.010702,1,543.617013
-3.401461,4,543.677094
-2.19234,3,543.718382
-1.129099,2,543.750931
-2.176548,3,543.799505
-0.038486,1,543.812108
-2.263033,3,543.856967
-2.229095,3,543.900535
-0.046822,1,543.919561
-3.294277,4,543.982044
-3.30238,4,544.0419
-0.044459,1,544.058424
-1.117036,2,544.099493
-3.283352,4,544.158416
-2.171212,3,544.205042
-3.32898,4,544.26512
-2.244819,3,544.316974
-3.302212,4,544.378535
-1.105963,2,544.410132
-2.235969,3,544.456931
-0.034136,1,544.477531
-1.142282,2,544.509241
-3.325302,4,544.571045
-2.19018,3,544.616955
-2.222149,3,544.667023
-3.334374,4,544.727169
-2.27124,3,544.769861
-2.172619,3,544.812996
-2.219408,3,544.86707
-2.169895,3,544.90862
-3.320324,4,544.965881
-2.172617,3,545.01201
-2.179614,3,545.061079
-3.352964,4,545.123844
-1.143753,2,545.153879
-2.227215,3,545.199452
-0.048717,1,545.218504
-2.236421,3,545.267074
-2.220667,3,545.314871
-2.219925,3,545.363944
-2.259822,3,545.421057
-3.341103,4,545.48674
-3.269405,4,545.556986
-3.382515,4,545.62681
-2.305635,3,545.686398
-2.202184,3,545.737045
-2.173804,3,545.783111
-2.213165,3,545.831304
-2.229662,3,545.888974
-2.206393,3,545.934741
-2.222965,3,545.986349
-3.340266,4,546.048501
-1.115611,2,546.085047
-3.372464,4,546.156852
-1.122127,2,546.193011
-3.308654,4,546.254101
-3.45321,4,546.332935
-2.215902,3,546.387505
-0.037538,1,546.405058
-0.024748,1,546.422084
-1.087535,2,546.46183
-2.248101,3,546.514986
-3.33148,4,546.582096
-3.396584,4,546.652967
-2.261442,3,546.707142
-1.118131,2,546.743856
-2.211817,3,546.788918
-3.307965,4,546.855075
-3.403049,4,546.924988
-1.117027,2,546.958426
-1.127185,2,546.990481
-0.015404,1,547.006011
-0.036662,1,547.029543
-3.279664,4,547.094153
-1.130753,2,547.124887
-0.043697,1,547.14191
-0.023285,1,547.16594
-2.230992,3,547.219562
-2.256752,3,547.270185
-0.02407,1,547.287757
-3.280792,4,547.366983
-2.251605,3,547.420082
-2.253082,3,547.470553
-0.039783,1,547.48882
-0.02993,1,547.511027
-3.309804,4,547.583141
-2.172601,3,547.638402
-2.213228,3,547.687468
-0.038407,1,547.708493
-3.315725,4,547.772081
-1.134514,2,547.804157
-0.017871,1,547.822344
-2.186951,3,547.877092
-2.221115,3,547.929245
-2.243562,3,547.984906
-2.177496,3,548.040978
-3.2874,4,548.117078
-2.2227,3,548.170813
-1.105303,2,548.205003
-1.096283,2,548.243056
-1.073399,2,548.283118
-1.11749,2,548.320883
-2.227573,3,548.380456
-3.312884,4,548.451719
-0.046905,1,548.474895
-1.088742,2,548.506998
-1.131649,2,548.544054
-2.179782,3,548.598624
-1.135171,2,548.640624
-0.034881,1,548.657048
-3.362522,4,548.72837
-2.241512,3,548.773926
-1.145275,2,548.814897
-2.239877,3,548.862975
-0.040168,1,548.881001
-2.220699,3,548.935368
-2.250904,3,548.996983
-2.172261,3,549.055064
-1.137173,2,549.086103
-1.092898,2,549.124264
-2.192815,3,549.183133
-2.203874,3,549.239506
-0.032551,1,549.258528
-2.201671,3,549.313124
-2.252805,3,549.371856
-3.365487,4,549.438434
-3.341286,4,549.512046
-2.156416,3,549.571163
-1.121181,2,549.61594
-0.014629,1,549.639484
-3.284613,4,549.707071
-2.175886,3,549.757156
-1.123719,2,549.796002
-0.022918,1,549.814025
-0.024298,1,549.833062
-1.116483,2,549.869604
-1.119673,2,549.911974
-2.243142,3,549.964043
-3.372591,4,550.033807
-2.189561,3,550.086959
-2.260968,3,550.143104
-2.206953,3,550.195851
-3.331057,4,550.268447
-2.177504,3,550.323024
-0.032061,1,550.349559
-2.233693,3,550.402291
-2.186053,3,550.458435
-2.255869,3,550.507096
-2.240402,3,550.570947
-2.240573,3,550.623028
-1.098386,2,550.657071
-3.375975,4,550.719893
-2.158232,3,550.772962
-2.257992,3,550.818513
-2.251785,3,550.869582
-2.17969,3,550.919322
-0.035762,1,550.943082
-1.108327,2,550.978666
-1.119545,2,551.012926
-1.085355,2,551.045968
-1.075064,2,551.083022
-3.306285,4,551.151112
-2.176841,3,551.199999
-1.074747,2,551.23404
-2.186668,3,551.294138
-1.144299,2,551.329399
-1.130596,2,551.363948
-2.170674,3,551.416878
-2.164444,3,551.474949
-2.205785,3,551.523013
-2.210846,3,551.583117
-2.27486,3,551.636872
-2.199557,3,551.689948
-3.349797,4,551.751081
-2.193736,3,551.801904
-2.24881,3,551.854971
-1.124276,2,551.896036
-2.181425,3,551.947104
-0.015682,1,551.964139
-1.112369,2,551.99943
-1.146154,2,552.043106
-1.130035,2,552.074836
-0.048411,1,552.093365
-2.271155,3,552.143962
-2.177173,3,552.202135
-3.317891,4,552.266846
-2.20975,3,552.31851
-2.165388,3,552.367069
-2.169403,3,552.424843
-2.167819,3,552.476905
-2.213594,3,552.53002
-1.119189,2,552.565065
-2.218959,3,552.623838
-3.308271,4,552.686917
-2.246975,3,552.736009
-0.04844,1,552.753035
-1.101015,2,552.792593
-3.402115,4,552.856946
-2.175321,3,552.911101
-2.208097,3,552.96289
-0.006209,1,552.982922
-3.355997,4,553.052043
-2.161553,3,553.104703
-1.128779,2,553.139256
-1.077119,2,553.178414
-2.187171,3,553.23106
-2.210299,3,553.282128
-2.25071,3,553.336025
-2.218597,3,553.392897
-2.203454,3,553.440872
-0.048472,1,553.456891
-2.231748,3,553.50701
-2.174036,3,553.568596
-3.330423,4,553.639823
-2.165495,3,553.686876
-1.081283,2,553.723051
-1.112588,2,553.762105
-1.102174,2,553.794359
-3.431151,4,553.864975
-1.069928,2,553.898527
-3.337413,4,553.972892
-2.184959,3,554.024008
-3.275602,4,554.094612
-3.33052,4,554.162052
-2.262346,3,554.218643
-0.012501,1,554.235814
-1.066296,2,554.276881
-2.200154,3,554.352926
-1.123942,2,554.409225
-2.193397,3,554.471096
-2.229007,3,554.527212
-0.043094,1,554.549314
-3.328996,4,554.630899
-3.329039,4,554.701139
-2.168127,3,554.756881
-0.031703,1,554.775912
-3.373588,4,554.849375
-1.065586,2,554.884926
-2.184786,3,554.9331
-2.183001,3,554.990838
-2.16466,3,555.045959
-3.325414,4,555.11118
-3.29922,4,555.176827
-2.186032,3,555.224963
-1.1376,2,555.265018
-2.195766,3,555.31458
-2.278586,3,555.365836
-2.227971,3,555.421959
-3.301922,4,555.495551
-2.204746,3,555.54393
-2.259875,3,555.590997
-3.280464,4,555.6627
-3.320003,4,555.731952
-2.154217,3,555.779503
-1.114228,2,555.811103
-3.333955,4,555.881871
-2.257498,3,555.949594
-0.023122,1,555.967113
-3.312991,4,556.03704
-1.128637,2,556.072093
-2.255603,3,556.132909
-2.212783,3,556.181978
-1.099273,2,556.211087
-2.193223,3,556.26082
-2.217197,3,556.316019
-3.374051,4,556.380114
-1.117481,2,556.415189
-2.248418,3,556.463948
-1.094308,2,556.504509
-3.406911,4,556.57194
-2.210363,3,556.620701
-2.221258,3,556.666884
-1.083808,2,556.706983
-1.097199,2,556.73702
-2.248962,3,556.786085
-2.198856,3,556.831817
-1.086744,2,556.870877
-2.173542,3,556.923892
-3.301652,4,556.989503
-3.306057,4,557.06332
-3.311619,4,557.130655
-1.117302,2,557.167084
-0.032382,1,557.186109
-1.076431,2,557.216444
-1.123864,2,557.256049
-2.261476,3,557.308634
-2.184428,3,557.34984
-1.124114,2,557.384881
-1.087026,2,557.420974
-3.309664,4,557.488557
-2.228348,3,557.541979
-3.312395,4,557.611135
-3.278407,4,557.677028
-1.117959,2,557.711145
-2.220732,3,557.749904
-2.202657,3,557.800472
-2.242158,3,557.863912
-2.250764,3,557.917162
-1.123388,2,557.956828
-2.252412,3,558.01248
-2.222757,3,558.073006
-3.275529,4,558.163536
-3.343695,4,558.223926
-3.350063,4,558.289523
-2.220476,3,558.344917
-3.286662,4,558.403497
-3.322486,4,558.468434
-3.295495,4,558.524776
-3.39384,4,558.593009
-3.367981,4,558.651904
-2.225042,3,558.695467
-3.35564,4,558.757097
-2.182228,3,558.804379
-3.29953,4,558.863056
-3.336775,4,558.919354
-2.241437,3,558.964966
-2.246791,3,559.017131
-3.332922,4,559.080973
-3.319944,4,559.138603
-3.383195,4,559.198412
-2.182321,3,559.246901
-0.011092,1,559.262926
-1.094268,2,559.290963
-1.131238,2,559.320093
-2.248684,3,559.373907
-0.041691,1,559.389929
-1.083923,2,559.416987
-2.231985,3,559.463058
-3.338464,4,559.525016
-3.296623,4,559.586093
-0.016127,1,559.599113
-2.173672,3,559.64093
-2.218085,3,559.695506
-0.039584,1,559.709525
-0.048468,1,559.722184
-2.199322,3,559.760873
-3.334017,4,559.825989
-1.095113,2,559.857025
-2.166067,3,559.907194
-1.064213,2,559.934986
-1.072992,2,559.97104
-1.108398,2,560.005595
-0.047708,1,560.021705
-2.211951,3,560.064301
-0.005583,1,560.086913
-0.04504,1,560.102997
-1.136309,2,560.134037
-1.121893,2,560.166074
-1.095536,2,560.201753
-2.264774,3,560.254224
-2.232244,3,560.301367
-0.01106,1,560.314378
-2.18296,3,560.367019
-3.290913,4,560.426273
-3.344344,4,560.481931
-3.322103,4,560.541035
-3.334636,4,560.610184
-3.283939,4,560.668557
-2.252028,3,560.712127
-1.068285,2,560.738666
-2.224326,3,560.786964
-2.197765,3,560.832859
-1.134267,2,560.864902
-2.212497,3,560.914158
-3.373888,4,560.982938
-2.167391,3,561.03304
-2.197827,3,561.0796
-0.0306,1,561.098663
-1.086159,2,561.135824
-2.174258,3,561.185891
-2.24562,3,561.240003
-2.203453,3,561.290609
-1.141882,2,561.329213
-2.211949,3,561.380898
-0.04751,1,561.396417
-1.082173,2,561.429495
-1.098351,2,561.469544
-0.047518,1,561.48507
-2.26474,3,561.53594
-2.267304,3,561.585002
-2.187421,3,561.639955
-2.197983,3,561.687164
-3.357903,4,561.749897
-0.024135,1,561.765915
-3.315042,4,561.833082
-1.070309,2,561.86514
-3.322648,4,561.934869
-2.179342,3,561.985933
-3.354393,4,562.056067
-3.340002,4,562.122867
-2.239806,3,562.172878
-2.240064,3,562.227117
-2.274637,3,562.280918
-3.269217,4,562.350063
-3.331378,4,562.420855
-2.186072,3,562.46992
-2.218852,3,562.523991
-0.034882,1,562.538508
-2.194824,3,562.585072
-1.09004,2,562.616116
-1.116776,2,562.654291
-2.200966,3,562.699386
-1.135204,2,562.735957
-1.130156,2,562.766995
-2.181861,3,562.816076
-2.18953,3,562.872941
-1.08796,2,562.90748
-3.331784,4,562.973255
-1.096175,2,563.007113
-1.081155,2,563.039381
-0.047583,1,563.056898
-2.225758,3,563.112481
-3.389552,4,563.186875
-0.014754,1,563.204404
-1.104483,2,563.236025
-3.380048,4,563.307159
-2.195722,3,563.368449
-1.133173,2,563.403512
-2.165336,3,563.456216
-3.326732,4,563.524276
-1.108718,2,563.562863
-2.222045,3,563.619441
-2.189992,3,563.661957
-1.09123,2,563.688482
-2.258701,3,563.743866
-3.285512,4,563.813012
-0.02976,1,563.83104
-3.463917,4,563.898638
-1.135458,2,563.940867
-3.358462,4,564.005477
-1.093,2,564.037062
-2.231798,3,564.089282
-3.397907,4,564.16107
-3.405469,4,564.228767
-3.355371,4,564.299984
-1.08815,2,564.333026
-2.267869,3,564.392104
-1.115366,2,564.426183
-0.014225,1,564.441255
-0.042312,1,564.456858
-2.213742,3,564.511945
-3.33277,4,564.577016
-0.046217,1,564.59304
-3.278027,4,564.654301
-1.134817,2,564.688454
-3.339428,4,564.750047
-1.110892,2,564.78409
-0.014268,1,564.799122
-3.28444,4,564.869405
-3.286592,4,564.934989
-2.180517,3,564.984066
-2.240404,3,565.034235
-2.191129,3,565.086895
-1.104913,2,565.119871
-0.029294,1,565.135937
-2.251945,3,565.184012
-2.18334,3,565.240596
-2.182884,3,565.289898
-2.175771,3,565.336954
-1.142212,2,565.372998
-2.249469,3,565.427066
-2.239145,3,565.481307
-0.040638,1,565.494869
-1.136587,2,565.525919
-1.095729,2,565.56698
-1.08343,2,565.60104
-0.03733,1,565.616054
-1.086612,2,565.647094
-2.211375,3,565.697718
-3.299776,4,565.754974
-3.30742,4,565.819565
-1.092289,2,565.851107
-3.293274,4,565.92304
-2.250377,3,565.973153
-1.072225,2,566.007758
-2.254535,3,566.05694
-2.218386,3,566.110873
-2.174086,3,566.161942
-2.223344,3,566.210506
-3.329049,4,566.277256
-2.226361,3,566.336074
-2.165742,3,566.389302
-3.333533,4,566.458618
-1.09361,2,566.495361
-2.223628,3,566.548438
-2.216704,3,566.601124
-0.047633,1,566.616175
-2.202546,3,566.662861
-2.217436,3,566.71195
-2.238365,3,566.755999
-2.228113,3,566.804583
-0.00786,1,566.819601
-1.143873,2,566.858667
-2.243598,3,566.91087
-1.099079,2,566.941915
-2.270957,3,566.990982
-2.226776,3,567.046053
-1.125992,2,567.08111
-1.082398,2,567.114318
-2.182561,3,567.165108
-1.125071,2,567.205811
-2.204105,3,567.255884
-0.009338,1,567.271904
-3.325236,4,567.336984
-3.308343,4,567.411994
-3.301036,4,567.484101
-2.257708,3,567.536877
-1.119223,2,567.574937
-2.193377,3,567.633027
-3.351428,4,567.692098
-2.225193,3,567.738329
-3.340466,4,567.801922
-3.359813,4,567.871011
-1.114634,2,567.911058
-2.20843,3,567.961182
-2.272111,3,568.010407
-2.206947,3,568.062952
-2.211091,3,568.111036
-1.125275,2,568.147089
-0.02909,1,568.169189
-1.133668,2,568.214953
-3.396487,4,568.28507
-3.278711,4,568.364023
-2.185478,3,568.417105
-2.253524,3,568.478543
-3.289444,4,568.557119
-2.227103,3,568.612074
-0.009849,1,568.633103
-1.115695,2,568.667216
-2.200857,3,568.70853
-2.235295,3,568.755096
-2.270886,3,568.797229
-2.167357,3,568.848409
-2.259018,3,568.899322
-2.25308,3,568.953072
-3.321172,4,569.019248
-2.216354,3,569.079398
-2.214962,3,569.126964
-3.379529,4,569.195065
-3.36814,4,569.258441
-2.273018,3,569.317018
-1.125433,2,569.350701
-1.066449,2,569.380768
-2.175748,3,569.42838
-1.071307,2,569.469953
-2.198401,3,569.51603
-3.322603,4,569.580167
-2.231561,3,569.632938
-0.044856,1,569.653967
-1.135492,2,569.684013
-2.256231,3,569.726214
-0.02969,1,569.739265
-2.240433,3,569.785943
-2.279332,3,569.828367
-2.167432,3,569.87694
-1.083333,2,569.911106
-2.165435,3,569.970862
-2.224204,3,570.02495
-2.246216,3,570.074011
-1.108193,2,570.105185
-2.235949,3,570.160952
-2.251623,3,570.209532
-0.032851,1,570.223554
-2.185994,3,570.272853
-3.384086,4,570.346036
-3.309723,4,570.414307
-2.2381,3,570.46852
-2.227282,3,570.519206
-0.038175,1,570.541301
-0.044964,1,570.560925
-2.233627,3,570.613032
-2.196613,3,570.664107
-1.074324,2,570.699233
-2.178799,3,570.747117
-0.04122,1,570.76368
-3.349916,4,570.820956
-3.367389,4,570.891749
-1.086486,2,570.923888
-1.086219,2,570.959437
-1.081712,2,570.991991
-0.042622,1,571.016024
-3.350788,4,571.083841
-2.253209,3,571.131929
-2.194301,3,571.183999
-1.107762,2,571.222065
-2.222835,3,571.270154
-2.265201,3,571.32186
-0.049676,1,571.339881
-0.033161,1,571.358402
-2.230705,3,571.403092
-0.045617,1,571.419128
-1.094283,2,571.453823
-2.204052,3,571.506405
-2.265406,3,571.553043
-3.393932,4,571.624706
-3.327948,4,571.681932
-1.134617,2,571.717062
-2.238839,3,571.759125
-2.175889,3,571.79937
-3.276257,4,571.855999
-3.410404,4,571.915185
-2.21514,3,571.962887
-3.346408,4,572.025976
-0.049216,1,572.043792
-1.075575,2,572.080406
-2.258517,3,572.126966
-3.298759,4,572.187039
-2.245124,3,572.233876
-3.403456,4,572.302082
-1.07252,2,572.331134
-0.033668,1,572.34689
-1.140433,2,572.382942
-2.199687,3,572.436098
-1.137879,2,572.465289
-1.091613,2,572.503476
-0.031661,1,572.521117
-0.043915,1,572.543223
-2.191032,3,572.58486
-2.216169,3,572.631272
-2.26499,3,572.670885
-2.173038,3,572.721222
-2.23888,3,572.763819
-0.048983,1,572.775832
-1.088426,2,572.800869
-3.389485,4,572.866988
-2.23251,3,572.911216
-2.177501,3,572.957025
-3.289151,4,573.015356
-1.09908,2,573.051928
-1.124279,2,573.080964
-1.134411,2,573.116042
-1.085342,2,573.148583
-3.296703,4,573.224927
-0.017433,1,573.243958
-0.030943,1,573.262987
-2.183387,3,573.322142
-1.125441,2,573.364853
-2.18746,3,573.408407
-0.030602,1,573.42107
-0.032224,1,573.43508
-2.18613,3,573.489449
-2.188834,3,573.531139
-2.284026,3,573.579985
-1.088945,2,573.607515
-3.284684,4,573.669435
-1.12866,2,573.70098
-3.336679,4,573.756718
-3.342625,4,573.816088
-2.159828,3,573.865946
-1.08173,2,573.896985
-2.234955,3,573.938564
-3.301793,4,573.996142
-2.190246,3,574.049377
-2.233947,3,574.093931
-1.084788,2,574.12547
-1.121443,2,574.158562
-2.264239,3,574.21027
-2.195772,3,574.255972
-2.159599,3,574.303542
-1.122396,2,574.3361
-2.185039,3,574.382852
-0.046281,1,574.398368
-3.347921,4,574.460062
-1.130166,2,574.488594
-2.255088,3,574.543842
-2.274602,3,574.5939
-2.191135,3,574.641111
-2.192894,3,574.687239
-2.226139,3,574.740062
-1.113455,2,574.7696
-2.216589,3,574.816291
-2.214816,3,574.861902
-3.42312,4,574.932047
-1.131685,2,574.962082
-0.047867,1,574.977093
-3.369854,4,575.041914
-1.101512,2,575.082966
-2.266192,3,575.132099
-0.038594,1,575.147115
-3.353257,4,575.214427
-2.197333,3,575.272095
-3.275036,4,575.34394
-2.255306,3,575.391004
-3.341768,4,575.455616
-2.210101,3,575.514393
-2.192594,3,575.565849
-2.206664,3,575.614415
-2.203401,3,575.666011
-2.224849,3,575.72023
-3.294886,4,575.783881
-2.225802,3,575.828494
-3.301609,4,575.897077
-3.303535,4,575.973959
-2.266847,3,576.02028
-2.185999,3,576.071954
-1.117772,2,576.109514
-2.160756,3,576.16393
-1.131638,2,576.200979
-3.362542,4,576.266303
-3.312085,4,576.333936
-1.100118,2,576.375
-1.101524,2,576.407545
-2.273048,3,576.461981
-3.320942,4,576.530085
-1.09266,2,576.570218
-3.441955,4,576.642061
-3.347886,4,576.697129
-2.231088,3,576.742828
-3.338002,4,576.799398
-1.125817,2,576.824982
-2.24901,3,576.873049
-2.25449,3,576.921229
-2.27717,3,576.965935
-2.213072,3,577.009011
-1.078872,2,577.037669
-3.300844,4,577.098446
-1.117657,2,577.133043
-2.175114,3,577.176102
-2.250125,3,577.225257
-3.371748,4,577.292973
-1.094102,2,577.33209
-3.333237,4,577.396965
-3.29458,4,577.462867
-3.320296,4,577.527029
-1.144163,2,577.564079
-3.310395,4,577.624232
-3.274903,4,577.683986
-1.104546,2,577.71353
-0.048289,1,577.735209
-2.193265,3,577.780901
-2.21261,3,577.823469
-2.177329,3,577.87309
-1.098945,2,577.914785
-2.213189,3,577.956836
-0.049152,1,577.974869
-3.336047,4,578.037006
-2.264978,3,578.086067
-3.36066,4,578.146821
-1.141693,2,578.176857
-1.068859,2,578.2064
-0.039029,1,578.231008
-0.044395,1,578.245023
-1.088931,2,578.277074
-1.107919,2,578.319799
-3.300475,4,578.396927
-2.253206,3,578.446933
-1.137242,2,578.478482
-2.177388,3,578.526552
-1.134376,2,578.563238
-1.087355,2,578.595006
-1.082235,2,578.636907
-2.166794,3,578.688484
-3.369141,4,578.76086
-1.113498,2,578.789891
-2.21264,3,578.828941
-3.318919,4,578.895068
-1.12582,2,578.929276
-3.375151,4,578.993925
-2.267008,3,579.03949
-1.127173,2,579.07608
-3.344278,4,579.133254
-2.219683,3,579.174928
-2.226285,3,579.221082
-0.033374,1,579.234095
-2.204956,3,579.289377
-2.276585,3,579.337098
-2.273743,3,579.384825
-0.014749,1,579.400855
-2.194899,3,579.458492
-2.166637,3,579.51217
-2.251693,3,579.560855
-2.241447,3,579.609422
-3.327763,4,579.681759
-2.212564,3,579.736951
-1.127712,2,579.773003
-0.031727,1,579.791027
-2.205441,3,579.853728
-2.247872,3,579.907398
-0.04038,1,579.931431
-3.328045,4,580.00659
-3.340332,4,580.087731
-3.357879,4,580.161009
-1.088565,2,580.19706
-1.107411,2,580.233768
-0.040954,1,580.2583
-1.108602,2,580.296821
-2.256357,3,580.373262
-2.226193,3,580.4489
-2.242951,3,580.522205
-3.313254,4,580.604887
-0.030028,1,580.629959
-0.036359,1,580.649991
-2.235692,3,580.721108
-0.026444,1,580.737137
-2.277527,3,580.788409
-1.098557,2,580.822966
-2.244176,3,580.887062
-3.327354,4,580.961816
-1.07849,2,581.00387
-2.184309,3,581.058481
-2.241745,3,581.120536
-1.132966,2,581.162962
-2.180521,3,581.214534
-2.219193,3,581.263885
-0.03674,1,581.285917
-2.16637,3,581.343043
-3.302664,4,581.411942
-3.311565,4,581.483026
-0.016861,1,581.506052
-0.03899,1,581.520575
-2.221325,3,581.576029
-2.215297,3,581.629233
-2.174082,3,581.68844
-1.10931,2,581.723053
-1.068504,2,581.754089
-1.133028,2,581.787143
-2.167791,3,581.847439
-1.130986,2,581.884795
-3.281668,4,581.955008
-2.237282,3,582.008575
-1.119748,2,582.047213
-0.013426,1,582.06526
-2.22268,3,582.118447
-0.018203,1,582.136969
-2.162282,3,582.190042
-2.168943,3,582.239279
-1.128915,2,582.269938
-1.077934,2,582.300554
-2.1987,3,582.357184
-2.182691,3,582.410883
-3.364738,4,582.482984
-2.247896,3,582.541921
-1.102532,2,582.584975
-0.046968,1,582.603001
-3.41215,4,582.67099
-2.228183,3,582.719604
-3.27959,4,582.790868
-2.228908,3,582.840998
-1.078395,2,582.877042
-1.098207,2,582.914603
-2.183453,3,582.972873
-1.092732,2,583.010961
-2.267715,3,583.065037
-2.20907,3,583.120207
-3.316074,4,583.196954
-3.275675,4,583.264708
-2.181419,3,583.314031
-1.130255,2,583.347075
-0.042127,1,583.367103
-3.36775,4,583.441046
-2.237428,3,583.495124
-2.209764,3,583.550958
-2.16795,3,583.611543
-1.109007,2,583.64726
-2.242789,3,583.694036
-2.197239,3,583.742813
-2.168643,3,583.796885
-2.241469,3,583.846063
-0.029054,1,583.867095
-3.34828,4,583.936938
-2.163561,3,583.994025
-2.261514,3,584.04702
-2.192409,3,584.100866
-0.049007,1,584.118693
-2.274084,3,584.172963
-2.195711,3,584.227151
-2.171879,3,584.280953
-2.219569,3,584.339609
-0.0168,1,584.368471
-1.070011,2,584.406021
-2.233342,3,584.459316
-2.240561,3,584.512447
-2.26337,3,584.576956
-2.173549,3,584.624174
-2.255865,3,584.672873
-3.295829,4,584.731056
-3.384402,4,584.796894
-2.220004,3,584.844064
-2.293605,3,584.894142
-1.078801,2,584.923861
-3.340693,4,584.989446
-3.309234,4,585.049454
-1.121437,2,585.082996
-2.205856,3,585.127073
-3.326615,4,585.191921
-2.265697,3,585.234072
-1.134815,2,585.264106
-3.28702,4,585.326097
-2.278482,3,585.374848
-2.166062,3,585.419909
-3.36672,4,585.482996
-1.109912,2,585.516042
-3.307798,4,585.587139
-0.044946,1,585.606201
-0.02314,1,585.623804
-3.287989,4,585.689897
-2.172197,3,585.743967
-1.136301,2,585.776022
-2.231675,3,585.817076
-0.032993,1,585.836609
-3.359969,4,585.906996
-2.179771,3,585.958568
-2.248345,3,586.010314
-2.251757,3,586.059924
-2.164472,3,586.113997
-3.294495,4,586.182078
-2.263913,3,586.233747
-2.163174,3,586.282873
-2.208079,3,586.334944
-2.248704,3,586.382003
-2.180462,3,586.432066
-3.3562,4,586.49876
-1.122542,2,586.538783
-3.345202,4,586.606024
-3.326534,4,586.67386
-2.241895,3,586.720946
-1.10446,2,586.752997
-2.187891,3,586.795048
-1.06956,2,586.829089
-0.030726,1,586.847196
-0.041307,1,586.869318
-2.1912,3,586.916023
-0.030005,1,586.93856
-1.074341,2,586.970101
-1.120926,2,587.011698
-2.272523,3,587.064872
-2.175241,3,587.115946
-2.242968,3,587.167019
-2.224184,3,587.220102
-1.096056,2,587.254713
-2.180839,3,587.302923
-0.021803,1,587.321201
-2.25764,3,587.377059
-0.01052,1,587.394084
-2.265157,3,587.443829
-3.404726,4,587.510919
-0.037846,1,587.535446
-2.212457,3,587.591046
-1.111876,2,587.622303
-2.2335,3,587.668596
-2.172059,3,587.721974
-1.101648,2,587.753016
-3.291652,4,587.81661
-2.18093,3,587.871874
-2.246389,3,587.931458
-1.101238,2,587.967119
-2.183948,3,588.016372
-0.023961,1,588.034993
-2.21248,3,588.094073
-3.30065,4,588.16531
-2.300937,3,588.219502
-2.250643,3,588.27511
-2.251784,3,588.329458
-0.0399,1,588.344979
-3.293628,4,588.414566
-2.213458,3,588.462341
-2.271383,3,588.518516
-1.128365,2,588.55283
-1.088714,2,588.590882
-3.408018,4,588.657106
-3.286465,4,588.733992
-1.104247,2,588.768531
-2.164367,3,588.821616
-3.317307,4,588.89299
-2.219886,3,588.955094
-1.076873,2,588.986782
-3.32629,4,589.057284
-1.114972,2,589.090508
-1.071156,2,589.126509
-1.077335,2,589.160116
-3.393162,4,589.230011
-1.076564,2,589.266051
-2.235257,3,589.319136
-2.188581,3,589.372941
-3.296867,4,589.4422
-2.178296,3,589.495901
-3.307022,4,589.560316
-3.314085,4,589.626908
-2.189578,3,589.671982
-1.102163,2,589.704029
-1.1167,2,589.739209
-1.085506,2,589.769424
-2.214447,3,589.8145
-2.226573,3,589.861227
-3.304866,4,589.933096
-1.090603,2,589.96294
-2.212284,3,590.016516
-1.117951,2,590.050362
-3.366204,4,590.118723
-0.028732,1,590.134879
-2.244831,3,590.182942
-2.28437,3,590.237118
-1.122825,2,590.274889
-2.228447,3,590.321044
-1.069011,2,590.354086
-3.279705,4,590.413398
-2.245363,3,590.464292
-1.136969,2,590.499364
-2.168666,3,590.549294
-2.223405,3,590.598352
-2.257277,3,590.650031
-3.330599,4,590.711115
-1.078389,2,590.73983
-2.218066,3,590.786878
-3.329019,4,590.856144
-2.248438,3,590.90385
-1.120256,2,590.939452
-2.275755,3,590.987016
-3.36118,4,591.053899
-2.229558,3,591.102969
-3.353265,4,591.169577
-0.021817,1,591.186096
-2.256199,3,591.244165
-1.08693,2,591.276836
-2.167944,3,591.32951
-1.136728,2,591.366255
-1.110433,2,591.401106
-3.388005,4,591.467057
-2.176083,3,591.510214
-2.205689,3,591.558519
-3.355047,4,591.620615
-2.187789,3,591.670229
-2.211928,3,591.71287
-1.072966,2,591.741059
-2.27718,3,591.796149
-3.331349,4,591.859992
-3.332645,4,591.922123
-2.222731,3,591.96391
-1.091197,2,592.001962
-3.34569,4,592.066122
-3.302743,4,592.129964
-2.23265,3,592.176022
-3.352526,4,592.244825
-1.121287,2,592.280879
-2.207035,3,592.335075
-0.009477,1,592.353102
-0.034296,1,592.37683
-1.135676,2,592.411882
-1.082965,2,592.44503
-1.133171,2,592.476064
-2.233542,3,592.53586
-0.042418,1,592.554893
-1.127078,2,592.590944
-2.252254,3,592.644068
-1.098134,2,592.679159
-3.287429,4,592.750924
-1.108496,2,592.78413
-3.346604,4,592.860042
-2.284743,3,592.917623
-2.245316,3,592.972904
-2.249258,3,593.024481
-1.136501,2,593.0573
-2.227272,3,593.119567
-2.269262,3,593.166882
-2.247812,3,593.221466
-2.19061,3,593.270899
-1.108226,2,593.315472
-1.133568,2,593.349574
-2.205843,3,593.396873
-3.315829,4,593.469351
-2.188683,3,593.524431
-2.178573,3,593.575019
-2.190593,3,593.623596
-3.327412,4,593.686835
-1.090119,2,593.721107
-2.225734,3,593.77002
-3.424367,4,593.831195
-2.201887,3,593.883885
-3.295527,4,593.957581
-2.184182,3,594.008435
-0.03456,1,594.025064
-1.104929,2,594.055105
-2.216875,3,594.117368
-1.08007,2,594.148483
-2.189928,3,594.203053
-0.005653,1,594.217575
-3.29733,4,594.297015
-3.2966,4,594.366891
-2.240036,3,594.418455
-2.26188,3,594.472067
-3.392402,4,594.545857
-2.264434,3,594.59393
-2.180353,3,594.647308
-3.300942,4,594.706982
-0.032409,1,594.731063
-3.355129,4,594.799857
-2.270261,3,594.854089
-2.226847,3,594.908452
-0.009893,1,594.933132
-1.13475,2,594.96936
-3.374005,4,595.041083
-1.131141,2,595.076152
-1.103645,2,595.115432
-2.267803,3,595.16404
-3.358889,4,595.231737
-2.166612,3,595.282014
-1.075787,2,595.321142
-2.241227,3,595.369287
-2.276984,3,595.42412
-1.117511,2,595.46028
-2.274364,3,595.521578
-3.33445,4,595.588801
-3.316806,4,595.653991
-0.013364,1,595.667004
-1.136904,2,595.704053
-1.065432,2,595.736177
-2.253619,3,595.782852
-2.168896,3,595.833935
-1.126693,2,595.872989
-2.186671,3,595.928563
-1.080263,2,595.961889
-2.232401,3,596.011955
-3.341134,4,596.090093
-2.235681,3,596.145904
-3.311381,4,596.217503
-1.13364,2,596.260193
-1.114626,2,596.306908
-2.2522,3,596.36211
-3.319855,4,596.433956
-3.379279,4,596.505049
-2.19545,3,596.559833
-1.103874,2,596.591873
-2.166684,3,596.638423
-3.336087,4,596.697028
-1.096674,2,596.736238
-3.2913,4,596.799373
-2.233655,3,596.852034
-2.214127,3,596.906109
-3.348353,4,596.976863
-2.164904,3,597.029996
-2.206868,3,597.081064
-3.361952,4,597.148741
-2.213401,3,597.209934
-3.356647,4,597.282282
-0.006183,1,597.298808
-3.3381,4,597.364906
-2.236552,3,597.423492
-3.310045,4,597.493934
-2.227634,3,597.547115
-2.273535,3,597.59706
-3.302724,4,597.662901
-0.015221,1,597.681932
-1.105061,2,597.711524
-1.105295,2,597.742067
-1.121278,2,597.778613
-2.261475,3,597.821448
-2.156746,3,597.87502
-1.093941,2,597.911072
-3.298652,4,597.983948
-1.089753,2,598.022502
-1.090331,2,598.058602
-3.391837,4,598.131755
-1.108809,2,598.173294
-1.119618,2,598.208382
-2.20855,3,598.262063
-0.028966,1,598.278578
-1.072743,2,598.316663
-2.21137,3,598.370709
-0.047284,1,598.386869
-2.209655,3,598.440948
-3.377659,4,598.520087
-3.312472,4,598.591036
-2.193686,3,598.641113
-1.109136,2,598.673885
-3.390666,4,598.736965
-2.2386,3,598.78403
-3.318345,4,598.849424
-1.133525,2,598.887009
-3.335847,4,598.961117
-2.216672,3,599.010925
-3.3369,4,599.077005
-0.030539,1,599.098539
-1.109961,2,599.136093
-3.291538,4,599.209401
-2.167056,3,599.262032
-2.19835,3,599.317097
-0.01026,1,599.342154
-1.105493,2,599.374809
-2.238924,3,599.426381
-2.233887,3,599.475985
-3.275474,4,599.731538
-1.122402,2,599.762161
-2.212918,3,599.809899
-1.111587,2,599.845992
-2.190954,3,599.904083
-3.347763,4,599.980905
-2.21427,3,600.032021
-0.03453,1,600.051052
-1.085669,2,600.088592
-3.446084,4,600.161863
-1.087123,2,600.198414
-3.325497,4,600.270659
-0.03555,1,600.295036
-2.215912,3,600.34961
-2.202531,3,600.402282
-2.218411,3,600.456884
-3.299485,4,600.538528
-1.094638,2,600.57308
-2.178582,3,600.623855
-0.019734,1,600.644879
-3.320653,4,600.716978
-0.04711,1,600.733005
-0.028135,1,600.752027
-2.221323,3,600.796085
-1.130267,2,600.839302
-2.236251,3,600.89448
-2.166157,3,600.953102
-0.02814,1,600.971705
-2.235912,3,601.033022
-2.182072,3,601.088594
-2.219274,3,601.142912
-1.135723,2,601.178447
-1.090219,2,601.221016
-3.337879,4,601.29512
-3.343279,4,601.372001
-2.225156,3,601.427064
-2.252715,3,601.488343
-1.109979,2,601.530928
-2.258024,3,601.583987
-3.332733,4,601.650641
-2.169807,3,601.706788
-2.231326,3,601.750926
-1.089833,2,601.780957
-2.226314,3,601.829513
-0.02583,1,601.851051
-2.270134,3,601.898618
-3.351571,4,601.97006
-0.024535,1,601.988583
-2.208822,3,602.043262
-2.25052,3,602.095929
-2.182457,3,602.147062
-2.207344,3,602.198397
-1.121861,2,602.240993
-2.218406,3,602.296058
-2.206307,3,602.349206
-1.113127,2,602.382808
-3.387312,4,602.455086
-2.176441,3,602.506258
-3.350091,4,602.573918
-3.289088,4,602.640045
-0.045299,1,602.658563
-3.280403,4,602.727751
-3.349142,4,602.797014
-3.329517,4,602.858609
-2.197853,3,602.910274
-2.146002,3,602.956972
-2.21097,3,603.00704
-1.138798,2,603.039249
-1.100234,2,603.076818
-3.301509,4,603.144047
-0.04069,1,603.162072
-2.236036,3,603.214794
-1.091174,2,603.253037
-0.049942,1,603.271069
-2.263682,3,603.319185
-1.130037,2,603.351828
-2.157358,3,603.403892
-2.206982,3,603.449985
-1.129074,2,603.484026
-0.022773,1,603.505053
-2.271264,3,603.560874
-2.198577,3,603.612943
-0.045626,1,603.629464
-2.268606,3,603.675119
-3.324733,4,603.74499
-3.323608,4,603.808578
-1.124388,2,603.840815
-2.28962,3,603.890875
-3.317461,4,603.959501
-3.316915,4,604.019569
-3.28399,4,604.081862
-1.141206,2,604.111902
-3.31737,4,604.183998
-2.222253,3,604.232152
-1.101604,2,604.269557
-2.251471,3,604.32048
-1.117611,2,604.36036
-2.193698,3,604.418586
-1.094694,2,604.45475
-1.080823,2,604.492917
-0.043539,1,604.512932
-2.247528,3,604.562028
-3.32305,4,604.631132
-0.03431,1,604.648325
-2.242367,3,604.704912
-2.222416,3,604.752021
-2.199715,3,604.800086
-2.265949,3,604.849205
-3.344171,4,604.921943
-2.264525,3,604.972073
-2.211039,3,605.019239
-2.17784,3,605.065348
-2.185841,3,605.134078
-2.189096,3,605.189312
-2.172385,3,605.234514
-2.203191,3,605.285847
-1.100661,2,605.342026
-2.245482,3,605.412675
-1.139257,2,605.46084
-2.192544,3,605.529017
-1.135205,2,605.58079
-2.22549,3,605.64691
-1.120272,2,605.689973
-2.238103,3,605.744101
-2.255339,3,605.809928
-2.183649,3,605.871086
-3.385948,4,605.961024
-1.117843,2,606.000074
-2.233027,3,606.054295
-2.240118,3,606.091926
-3.355824,4,606.153114
-3.400424,4,606.218486
-1.140181,2,606.257152
-0.014783,1,606.273942
-0.010084,1,606.290966
-2.228461,3,606.339522
-1.126774,2,606.37924
-2.211966,3,606.425586
-1.086595,2,606.463815
-3.282186,4,606.535415
-1.098198,2,606.57722
-3.389564,4,606.642022
-2.190149,3,606.693084
-3.292228,4,606.752818
-3.423244,4,606.826415
-3.352187,4,606.893961
-1.126808,2,606.92651
-2.251971,3,606.971819
-2.200048,3,607.025385
-1.100167,2,607.056065
-1.076635,2,607.092108
-1.092092,2,607.121794
-1.106559,2,607.154866
-3.35597,4,607.22095
-2.168973,3,607.267126
-1.141086,2,607.299491
-2.249442,3,607.353862
-0.039116,1,607.370506
-2.183438,3,607.424942
-2.193157,3,607.472039
-3.353316,4,607.544769
-0.017146,1,607.560814
-0.010954,1,607.578334
-2.22207,3,607.629415
-1.134955,2,607.665004
-3.372946,4,607.725586
-2.25782,3,607.77198
-2.26652,3,607.815082
-2.247466,3,607.87283
-2.210712,3,607.920441
-2.243633,3,607.970698
-1.080615,2,608.003109
-3.274713,4,608.071879
-1.080558,2,608.105916
-3.277839,4,608.166744
-1.108658,2,608.200475
-1.118263,2,608.234474
-2.17737,3,608.282213
-2.182421,3,608.331191
-3.356685,4,608.391984
-0.020314,1,608.415012
-2.244711,3,608.459242
-2.254798,3,608.501913
-1.125591,2,608.536462
-3.299026,4,608.601029
-2.195588,3,608.648712
-3.409505,4,608.706858
-1.11073,2,608.7354
-1.120687,2,608.771061
-3.311562,4,608.825749
-2.250154,3,608.870887
-3.349378,4,608.93047
-2.223362,3,608.985133
-0.026814,1,609.002236
-1.121783,2,609.034435
-1.130913,2,609.064071
-3.325968,4,609.124182
-3.392694,4,609.184953
-3.315542,4,609.240137
-2.213416,3,609.283801
-2.295977,3,609.333971
-1.137149,2,609.363003
-2.259646,3,609.413067
-3.332555,4,609.470872
-2.232108,3,609.521944
-3.343467,4,609.584895
-2.183173,3,609.631273
-1.091227,2,609.659406
-1.134391,2,609.692955
-2.220494,3,609.737514
-3.29979,4,609.788374
-3.306404,4,609.845057
-3.274967,4,609.903256
-3.301013,4,609.965143
-2.239073,3,610.012377
-2.2252,3,610.058535
-1.137111,2,610.08859
-2.2397,3,610.13134
-2.167695,3,610.175982
-3.308094,4,610.235209
-2.26378,3,610.284925
-2.223546,3,610.333506
-3.383574,4,610.394893
-1.089514,2,610.422931
-2.182633,3,610.473225
-2.273706,3,610.518437
-1.137021,2,610.548481
-1.117214,2,610.580019
-2.183269,3,610.637125
-3.318243,4,610.70305
-1.126227,2,610.733599
-0.042318,1,610.749159
-2.254888,3,610.796895
-2.268861,3,610.848656
-3.422537,4,610.909424
-2.200308,3,610.958439
-0.0155,1,610.980576
-2.189103,3,611.029556
-1.101781,2,611.063849
-1.121328,2,611.096887
-3.338053,4,611.162806
-2.251885,3,611.206859
-2.248138,3,611.251039
-2.189791,3,611.2956
-1.097091,2,611.331346
-2.18478,3,611.37852
-3.345248,4,611.438614
-0.038765,1,611.451865
-3.33113,4,611.520972
-2.21982,3,611.567051
-0.043741,1,611.583516
-1.134318,2,611.614185
-1.11541,2,611.65183
-2.210267,3,611.693883
-2.241732,3,611.738948
-1.126621,2,611.765033
-0.04957,1,611.785058
-3.349045,4,611.8422
-2.271995,3,611.890513
-3.339445,4,611.952046
-0.042224,1,611.97408
-1.09137,2,612.007808
-2.153137,3,612.101946
-2.183643,3,612.167007
-2.186742,3,612.22662
-2.200385,3,612.274987
-1.125843,2,612.305032
-2.25478,3,612.357155
-2.278729,3,612.409434
-3.320161,4,612.502108
-3.35192,4,612.599993
-1.117712,2,612.637561
-3.309762,4,612.714379
-3.295152,4,612.776925
-3.336296,4,612.835141
-2.260361,3,612.886832
-1.11893,2,612.92739
-2.26493,3,612.971029
-0.047105,1,612.985042
-1.119836,2,613.017081
-0.047268,1,613.03662
-0.029179,1,613.050176
-0.047272,1,613.063217
-2.202081,3,613.104901
-0.042693,1,613.127432
-1.096932,2,613.155059
-3.254977,4,613.213189
-3.321826,4,613.269501
-1.091848,2,613.304044
-1.079859,2,613.333585
-2.25051,3,613.379948
-2.169924,3,613.425008
-1.087208,2,613.462152
-3.354356,4,613.519933
-2.256924,3,613.566857
-3.288065,4,613.62298
-2.206715,3,613.673135
-2.219095,3,613.71487
-3.281573,4,613.771034
-1.129227,2,613.802079
-2.259562,3,613.856249
-3.345491,4,613.923995
-2.199626,3,613.971958
-2.217112,3,614.021017
-3.374655,4,614.091909
-3.35325,4,614.157068
-2.238605,3,614.203869
-3.298834,4,614.27201
-2.261071,3,614.326082
-1.097007,2,614.367317
-0.03134,1,614.387004
-1.069294,2,614.417065
-2.273646,3,614.475982
-1.115768,2,614.511031
-3.327345,4,614.575309
-2.16429,3,614.62492
-1.141272,2,614.663491
-1.096052,2,614.694806
-3.327304,4,614.755924
-2.250761,3,614.804988
-2.207311,3,614.864716
-2.262907,3,614.916986
-2.24174,3,614.970274
-2.236044,3,615.02393
-1.113173,2,615.065039
-0.012051,1,615.081063
-2.277202,3,615.136168
-2.171406,3,615.190869
-3.28905,4,615.266981
-0.04558,1,615.284013
-2.191582,3,615.332089
-2.256883,3,615.383878
-2.174355,3,615.440972
-1.120219,2,615.476016
-3.303257,4,615.542115
-2.174784,3,615.594958
-2.180545,3,615.651038
-3.335833,4,615.712113
-2.15382,3,615.755922
-2.211333,3,615.802991
-0.04125,1,615.822017
-1.083613,2,615.854178
-3.291145,4,615.929399
-3.437954,4,616.002099
-0.023534,1,616.025141
-1.13236,2,616.058323
-1.077812,2,616.09287
-3.301045,4,616.164961
-2.2265,3,616.226047
-2.192191,3,616.276115
-2.216891,3,616.33184
-2.259636,3,616.379915
-2.199298,3,616.438487
-1.079996,2,616.475045
-3.376449,4,616.547046
-1.124061,2,616.580091
-3.304455,4,616.652896
-1.09248,2,616.679929
-1.076122,2,616.709962
-3.389562,4,616.768535
-2.235386,3,616.822114
-2.195671,3,616.875898
-3.324859,4,616.952003
-1.075394,2,616.993062
-0.012487,1,617.012092
-2.236147,3,617.065806
-3.279476,4,617.13404
-1.083862,2,617.168598
-1.097825,2,617.210914
-2.250894,3,617.263986
-1.125116,2,617.297024
-2.239298,3,617.348597
-1.133894,2,617.385791
-1.073688,2,617.422957
-0.047672,1,617.440983
-0.014776,1,617.456996
-2.273061,3,617.519578
-1.102769,2,617.556154
-2.177732,3,617.606961
-1.136454,2,617.642025
-1.137042,2,617.676068
-1.140032,2,617.702107
-3.306785,4,617.762924
-3.319861,4,617.821998
-3.354667,4,617.891105
-2.16901,3,617.936918
-2.187951,3,617.990991
-2.183832,3,618.036043
-1.120302,2,618.086995
-1.119542,2,618.122053
-3.352419,4,618.196723
-2.177409,3,618.245967
-2.188368,3,618.307055
-1.122978,2,618.342107
-2.208902,3,618.392289
-1.109448,2,618.425922
-3.351835,4,618.500154
-3.310243,4,618.566886
-0.04517,1,618.588429
-2.206769,3,618.645252
-2.223227,3,618.709365
-2.194217,3,618.771974
-1.076229,2,618.805015
-2.192844,3,618.8586
-1.120883,2,618.895969
-2.167286,3,618.95407
-0.018579,1,618.973102
-1.082194,2,619.011858
-2.208545,3,619.07511
-2.182843,3,619.129894
-3.270164,4,619.196021
-1.101133,2,619.227067
-2.221323,3,619.284907
-3.298242,4,619.354605
-2.204035,3,619.405874
-2.206231,3,619.457007
-2.250334,3,619.513082
-3.400708,4,619.578353
-3.354772,4,619.649161
-1.10967,2,619.680873
-1.142813,2,619.716918
-2.251378,3,619.760792
-2.263137,3,619.801845
-1.092855,2,619.833972
-1.085086,2,619.870029
-2.2019,3,619.917083
-3.404872,4,619.984891
-0.040444,1,620.002922
-2.160345,3,620.060505
-3.287262,4,620.129336
-2.269139,3,620.183996
-2.178219,3,620.233137
-2.199155,3,620.291983
-3.316226,4,620.359304
-1.116487,2,620.392942
-3.328714,4,620.455086
-0.025833,1,620.480131
-3.285254,4,620.547086
-1.100528,2,620.577138
-2.214305,3,620.630944
-1.123888,2,620.66951
-3.298021,4,620.731095
-3.299408,4,620.785979
-0.010473,1,620.803004
-3.323209,4,620.869154
-3.343279,4,620.93208
-2.229662,3,620.9785
-1.098468,2,621.012056
-1.066673,2,621.049605
-0.01611,1,621.065119
-3.344815,4,621.130616
-2.220498,3,621.183388
-1.112706,2,621.221058
-1.11891,2,621.256289
-1.148853,2,621.290895
-0.017316,1,621.306909
-0.048172,1,621.329951
-2.254459,3,621.38016
-3.296754,4,621.445512
-3.271095,4,621.511885
-0.041213,1,621.535423
-1.078505,2,621.567094
-2.187796,3,621.619293
-2.296774,3,621.664936
-3.321485,4,621.73209
-0.038257,1,621.748612
-3.408846,4,621.812932
-2.216661,3,621.860809
-0.030284,1,621.880834
-1.131613,2,621.91587
-0.040616,1,621.933414
-3.27784,4,621.996019
-1.107169,2,622.033576
-2.227279,3,622.083941
-2.218905,3,622.131006
-3.27554,4,622.201838
-2.183049,3,622.260964
-1.139844,2,622.293001
-3.44665,4,622.359491
-2.183784,3,622.407106
-3.355988,4,622.483927
-1.089453,2,622.515967
-2.171951,3,622.568311
-3.352144,4,622.634428
-2.243834,3,622.688549
-2.231092,3,622.737221
-3.305517,4,622.799956
-2.245823,3,622.843171
-2.166339,3,622.894869
-0.032654,1,622.911894
-0.047752,1,622.928419
-3.339742,4,622.996922
-2.227004,3,623.053073
-3.354145,4,623.122319
-1.136224,2,623.159874
-3.347398,4,623.222959
-3.376689,4,623.296097
-2.173011,3,623.346338
-1.139431,2,623.37996
-3.47022,4,623.442541
-2.221084,3,623.494954
-2.255547,3,623.545128
-1.086309,2,623.575847
-1.107026,2,623.609899
-1.068683,2,623.645467
-2.173623,3,623.695073
-1.067574,2,623.724112
-1.099374,2,623.753891
-2.188152,3,623.80597
-0.034059,1,623.822002
-2.1753,3,623.868882
-2.270245,3,623.915959
-1.145348,2,623.95118
-3.340722,4,624.020023
-2.212767,3,624.067588
-1.12928,2,624.103382
-0.041399,1,624.124033
-3.288612,4,624.192173
-1.076421,2,624.225864
-2.245003,3,624.271106
-3.397809,4,624.346347
-2.231993,3,624.395019
-2.166159,3,624.449263
-2.249093,3,624.496959
-3.425102,4,624.573107
-1.084063,2,624.60687
-2.212559,3,624.655044
-0.019156,1,624.67407
-2.181517,3,624.727261
-1.113692,2,624.761944
-2.178546,3,624.808351
-0.007638,1,624.822881
-2.201436,3,624.874051
-3.328978,4,624.937421
-3.364989,4,625.000057
-2.17888,3,625.047616
-3.349317,4,625.120807
-1.073795,2,625.157137
-2.176307,3,625.208444
-0.032413,1,625.224967
-3.270399,4,625.296954
-3.307653,4,625.361561
-1.151855,2,625.392219
-2.203285,3,625.442081
-0.036398,1,625.464104
-0.04727,1,625.480739
-1.08428,2,625.513893
-2.235516,3,625.564461
-2.188692,3,625.623211
-2.248455,3,625.67191
-2.216598,3,625.716969
-3.335994,4,625.780954
-3.376264,4,625.854215
-2.282935,3,625.903862
-2.261453,3,625.955942
-1.09517,2,625.986977
-2.233131,3,626.040744
-3.29566,4,626.106874
-2.180511,3,626.156099
-2.179125,3,626.208483
-1.144006,2,626.245543
-2.258969,3,626.29594
-1.070975,2,626.324987
-3.284964,4,626.396942
-1.081829,2,626.4345
-2.250223,3,626.482135
-1.088135,2,626.519471
-2.254177,3,626.569175
-1.127608,2,626.606889
-3.35397,4,626.673184
-2.237244,3,626.718361
-1.081322,2,626.751109
-1.129566,2,626.786795
-1.102698,2,626.81483
-0.014115,1,626.83286
-1.135463,2,626.871019
-2.159634,3,626.921102
-3.320931,4,626.983971
-1.136443,2,627.01502
-2.189702,3,627.062817
-2.204212,3,627.118397
-1.118037,2,627.152007
-3.393165,4,627.221111
-2.195916,3,627.274919
-0.048804,1,627.296952
-2.242585,3,627.34553
-3.288412,4,627.414817
-2.260597,3,627.463016
-2.211765,3,627.518585
-2.206745,3,627.570326
-1.096225,2,627.59707
-3.326014,4,627.660187
-2.171949,3,627.713878
-3.307451,4,627.777094
-2.208548,3,627.82426
-1.128079,2,627.856962
-1.129122,2,627.894012
-2.22791,3,627.94311
-2.26025,3,627.985862
-3.305312,4,628.045958
-3.340641,4,628.113057
-3.433976,4,628.177028
-1.085686,2,628.21109
-1.117969,2,628.242144
-1.12443,2,628.283891
-0.033975,1,628.300862
-2.218573,3,628.348471
-2.17573,3,628.397046
-0.01633,1,628.424093
-3.305032,4,628.481811
-2.222268,3,628.532876
-1.13467,2,628.565923
-1.084665,2,628.606976
-1.133942,2,628.635018
-3.351846,4,628.718448
-2.195809,3,628.773744
-1.093615,2,628.819924
-2.239925,3,628.883049
-2.270395,3,628.930112
-1.10215,2,628.958766
-1.071,2,628.990972
-2.275309,3,629.03502
-1.133692,2,629.06207
-3.311582,4,629.119198
-3.320448,4,629.176944
-1.119316,2,629.205978
-2.173858,3,629.253108
-3.407117,4,629.313837
-3.286981,4,629.377031
-2.165637,3,629.422094
-2.193094,3,629.469341
-3.289579,4,629.530974
-2.165112,3,629.583904
-2.159718,3,629.624952
-1.116799,2,629.652387
-2.189701,3,629.69399
-2.23637,3,629.743587
-2.185603,3,629.781145
-2.252989,3,629.82293
-1.127562,2,629.852474
-3.347628,4,629.917152
-0.049935,1,629.934221
-2.162981,3,629.975818
-1.086126,2,630.003856
-1.108073,2,630.034888
-2.219341,3,630.077072
-2.2123,3,630.119132
-3.318588,4,630.179482
-0.018954,1,630.198503
-2.253717,3,630.24056
-1.094006,2,630.269263
-2.236863,3,630.312861
-1.118279,2,630.348406
-2.268398,3,630.392036
-3.339364,4,630.444602
-2.269835,3,630.491836
-2.257766,3,630.539398
-2.254125,3,630.584957
-2.156815,3,630.628512
-3.395911,4,630.685092
-1.092942,2,630.718401
-0.019567,1,630.731923
-2.249834,3,630.7741
-1.13959,2,630.803285
-0.043348,1,630.821934
-2.206237,3,630.86717
-2.179237,3,630.917068
-2.247643,3,630.960747
-3.31144,4,631.023936
-2.166128,3,631.061986
-2.24782,3,631.107042
-1.112956,2,631.140091
-1.11373,2,631.174144
-2.195163,3,631.221945
-3.323425,4,631.288529
-2.206656,3,631.341105
-1.075836,2,631.380983
-1.119936,2,631.412024
-1.1189,2,631.447066
-3.308822,4,631.519452
-2.204915,3,631.575027
-2.263208,3,631.622095
-3.395375,4,631.689561
-3.384252,4,631.754908
-3.405385,4,631.82059
-2.248523,3,631.870229
-3.321964,4,631.941535
-2.237502,3,631.993817
-1.083588,2,632.034884
-1.096552,2,632.06701
-2.217445,3,632.11208
-2.186638,3,632.157263
-3.353288,4,632.229156
-0.025956,1,632.244939
-2.204624,3,632.289995
-2.181873,3,632.343583
-2.274736,3,632.394878
-2.257219,3,632.444988
-2.281811,3,632.490045
-2.202442,3,632.537602
-1.125596,2,632.578823
-2.167755,3,632.626964
-1.115234,2,632.660042
-2.258237,3,632.702093
-0.04573,1,632.724157
-2.201679,3,632.771896
-2.207873,3,632.816946
-3.341963,4,632.88204
-0.005587,1,632.905068
-3.314946,4,632.973854
-3.29259,4,633.039433
-0.04044,1,633.054953
-1.118862,2,633.094011
-1.087519,2,633.130072
-1.106446,2,633.162931
-2.233731,3,633.211012
-2.217262,3,633.262202
-2.231588,3,633.312925
-3.316098,4,633.38002
-0.049835,1,633.397041
-2.244698,3,633.453264
-3.33242,4,633.521018
-1.073037,2,633.555211
-2.196917,3,633.610666
-2.207796,3,633.666219
-0.045712,1,633.68226
-2.190818,3,633.726894
-3.357146,4,633.790978
-0.04993,1,633.810001
-3.25642,4,633.876035
-3.29247,4,633.943285
-2.248763,3,633.986966
-0.032902,1,634.012007
-0.048597,1,634.028524
-2.254407,3,634.076091
-2.291561,3,634.12685
-1.145308,2,634.163906
-2.224772,3,634.216964
-2.203647,3,634.262021
-2.198911,3,634.314144
-1.117179,2,634.348682
-2.176679,3,634.396972
-2.209918,3,634.447051
-2.162623,3,634.499216
-2.185681,3,634.553895
-1.093959,2,634.583934
-2.171791,3,634.638508
-2.193264,3,634.684065
-2.239551,3,634.736306
-2.225135,3,634.783023
-2.158365,3,634.82707
-2.179276,3,634.880377
-1.125966,2,634.922035
-1.128838,2,634.957077
-2.231999,3,635.005858
-1.115311,2,635.036903
-2.189283,3,635.095044
-1.086262,2,635.128587
-2.211979,3,635.183263
-1.113282,2,635.218456
-1.132928,2,635.255049
-1.099274,2,635.293097
-2.2633,3,635.340883
-2.25608,3,635.393952
-1.074786,2,635.430012
-2.226227,3,635.484338
-2.216991,3,635.539929
-0.024348,1,635.558455
-0.014626,1,635.578484
-1.123701,2,635.620576
-1.128653,2,635.65411
-1.118993,2,635.686774
-0.033099,1,635.70689
-2.17075,3,635.758464
-2.259012,3,635.805041
-0.009551,1,635.820067
-2.228615,3,635.877751
-3.368843,4,635.953084
-3.312327,4,636.025049
-2.299411,3,636.081067
-2.168296,3,636.142406
-2.233309,3,636.195039
-3.395209,4,636.273947
-0.023433,1,636.292979
-2.257275,3,636.353143
-2.211082,3,636.406934
-3.344917,4,636.473911
-2.186673,3,636.526983
-1.111737,2,636.57006
-2.199038,3,636.625866
-3.326402,4,636.690108
-0.044645,1,636.706686
-2.26171,3,636.762838
-2.214631,3,636.808388
-3.330851,4,636.874042
-2.225161,3,636.928602
-2.186359,3,636.982842
-2.261141,3,637.036903
-0.034607,1,637.057435
-2.170809,3,637.1102
-2.268513,3,637.170545
-2.229726,3,637.221051
-2.215932,3,637.271171
-3.340573,4,637.340582
-2.182221,3,637.400819
-2.23521,3,637.450903
-2.220873,3,637.503969
-1.137871,2,637.540532
-3.437969,4,637.613861
-1.108635,2,637.642903
-1.093392,2,637.673036
-3.331348,4,637.741131
-1.121284,2,637.779336
-0.029987,1,637.795857
-2.164702,3,637.847429
-1.112126,2,637.882997
-2.178856,3,637.941085
-2.24501,3,637.990253
-2.259117,3,638.04553
-3.303832,4,638.114803
-3.308319,4,638.197058
-3.428535,4,638.267053
-1.138339,2,638.298597
-1.12874,2,638.333202
-2.246636,3,638.389338
-3.345371,4,638.457014
-2.186234,3,638.505079
-2.168722,3,638.555217
-3.314952,4,638.63496
-1.10896,2,638.666502
-1.133675,2,638.700071
-1.110791,2,638.728599
-1.069865,2,638.769285
-2.172188,3,638.818407
-1.123604,2,638.855473
-3.307845,4,638.924894
-2.217705,3,638.983043
-2.181362,3,639.03919
-2.215186,3,639.092874
-1.117762,2,639.129923
-2.233187,3,639.188553
-1.069448,2,639.222115
-2.232606,3,639.274446
-2.194712,3,639.323066
-2.279372,3,639.383239
-2.200779,3,639.433063
-0.010136,1,639.449088
-2.200024,3,639.502291
-1.107655,2,639.540472
-1.131978,2,639.575052
-1.097331,2,639.607103
-3.29099,4,639.672881
-3.366556,4,639.739967
-2.202134,3,639.788557
-1.101145,2,639.821115
-2.187204,3,639.870103
-1.126592,2,639.910976
-2.213575,3,639.9621
-3.302668,4,640.035861
-0.036389,1,640.052909
-2.277445,3,640.106484
-1.105013,2,640.140049
-0.037302,1,640.159583
-3.308446,4,640.226955
-2.269823,3,640.284111
-2.221329,3,640.338417
-3.314148,4,640.403103
-2.171311,3,640.447366
-3.274343,4,640.513049
-2.240534,3,640.561152
-2.255253,3,640.610467
-3.364374,4,640.680242
-1.130691,2,640.716885
-1.111447,2,640.750429
-1.089666,2,640.780775
-1.104553,2,640.812829
-2.222851,3,640.868525
-1.075839,2,640.90208
-0.015199,1,640.914093
-1.094417,2,640.946701
-1.115834,2,640.985826
-3.394548,4,641.049413
-1.069847,2,641.082997
-2.183457,3,641.134083
-0.042233,1,641.157614
-1.09419,2,641.189846
-2.192084,3,641.242417
-3.319781,4,641.308589
-0.04934,1,641.33267
-2.165142,3,641.381832
-2.252542,3,641.428512
-2.218632,3,641.476384
-3.363991,4,641.549512
-2.229684,3,641.603152
-2.242025,3,641.654019
-1.092761,2,641.686064
-3.315603,4,641.756356
-2.222048,3,641.803002
-3.355648,4,641.869602
-3.304569,4,641.934057
-2.252589,3,641.990834
-3.303407,4,642.054429
-3.381329,4,642.126993
-1.078502,2,642.164126
-3.326937,4,642.241023
-1.146396,2,642.277076
-3.445468,4,642.342941
-2.22226,3,642.391267
-2.178746,3,642.442978
-3.388111,4,642.50607
-0.022771,1,642.525102
-2.239971,3,642.575268
-1.117744,2,642.610342
-2.255812,3,642.659443
-2.182258,3,642.699581
-2.213127,3,642.744767
-2.242934,3,642.795915
-1.076315,2,642.824954
-3.359406,4,642.89008
-2.285062,3,642.935722
-3.406215,4,643.004912
-2.218756,3,643.054483
-1.071189,2,643.088533
-2.247199,3,643.135095
-3.386933,4,643.209935
-1.104308,2,643.241982
-2.226207,3,643.291109
-2.258021,3,643.343024
-2.178403,3,643.402966
-3.294656,4,643.464546
-2.23666,3,643.512728
-2.24657,3,643.559261
-2.220404,3,643.616024
-0.011734,1,643.633047
-3.296982,4,643.690147
-3.270234,4,643.749963
-3.340869,4,643.815044
-1.121249,2,643.847085
-1.095166,2,643.881304
-2.226056,3,643.927119
-2.248542,3,643.980472
-1.071684,2,644.012998
-2.252828,3,644.063912
-1.133647,2,644.09946
-2.260066,3,644.147526
-0.019645,1,644.167047
-2.280498,3,644.217119
-0.017804,1,644.234819
-0.047426,1,644.25685
-1.090401,2,644.294923
-1.093484,2,644.328483
-1.119393,2,644.372077
-0.002613,1,644.397115
-3.333355,4,644.464956
-3.414999,4,644.527049
-1.112937,2,644.556091
-0.03633,1,644.578712
-2.216028,3,644.629947
-2.260537,3,644.669506
-1.136654,2,644.699045
-2.248742,3,644.751704
-2.261633,3,644.79586
-2.17898,3,644.844922
-2.211691,3,644.894994
-0.034295,1,644.914026
-3.290296,4,644.977113
-1.084492,2,645.007796
-1.102631,2,645.042032
-1.109187,2,645.0821
-2.247635,3,645.126851
-1.091269,2,645.160907
-1.086551,2,645.191946
-2.238587,3,645.245019
-1.08409,2,645.281077
-2.185351,3,645.341072
-2.158628,3,645.399355
-2.162839,3,645.459429
-2.24821,3,645.513
-2.246719,3,645.556055
-2.169195,3,645.602118
-1.100577,2,645.637298
-2.283305,3,645.680551
-3.393369,4,645.736117
-3.386781,4,645.789969
-3.330238,4,645.857064
-3.29244,4,645.916842
-2.16842,3,645.963915
-1.123677,2,645.989955
-1.11682,2,646.021998
-1.069096,2,646.05404
-2.227959,3,646.098595
-2.199518,3,646.143281
-1.133778,2,646.17702
-1.129722,2,646.20856
-0.013796,1,646.223079
-2.224755,3,646.26832
-1.148535,2,646.300873
-2.229491,3,646.344923
-2.193158,3,646.390498
-3.355922,4,646.446061
-1.082059,2,646.483129
-2.258142,3,646.524945
-2.194544,3,646.57001
-2.23151,3,646.611063
-2.210098,3,646.656126
-3.313206,4,646.716011
-2.238956,3,646.751073
-2.250773,3,646.79268
-2.194852,3,646.848481
-0.036154,1,646.863009
-0.044082,1,646.877022
-2.179749,3,646.921088
-3.31114,4,646.987317
-1.115354,2,647.017179
-2.244306,3,647.061297
-2.2283,3,647.106066
-2.207055,3,647.16042
-2.26848,3,647.204086
-1.136883,2,647.232143
-2.190484,3,647.278439
-2.269395,3,647.330342
-1.099132,2,647.360044
-1.115069,2,647.387077
-1.128844,2,647.417113
-3.305815,4,647.484974
-1.076322,2,647.513016
-3.274565,4,647.572239
-1.08307,2,647.600029
-1.113423,2,647.63307
-2.256106,3,647.669165
-2.250252,3,647.711962
-3.305462,4,647.763073
-2.236727,3,647.815328
-2.248605,3,647.861099
-3.317532,4,647.923918
-3.314911,4,647.984552
-0.047778,1,648.006552
-1.117354,2,648.037122
-1.127385,2,648.065881
-3.327682,4,648.129973
-3.393353,4,648.200867
-2.211786,3,648.25293
-2.173933,3,648.302004
-2.21942,3,648.352067
-1.123821,2,648.390132
-2.239296,3,648.440384
-3.312854,4,648.502956
-2.267547,3,648.556021
-2.244893,3,648.609601
-1.13351,2,648.640265
-3.284971,4,648.695989
-3.312786,4,648.752101
-2.169401,3,648.803903
-0.028025,1,648.818418
-2.268967,3,648.868482
-2.203634,3,648.914046
-3.29487,4,648.983213
-1.1065,2,649.018337
-3.328886,4,649.082929
-2.198377,3,649.134001
-3.338446,4,649.207098
-1.131009,2,649.242312
-2.155664,3,649.289916
-3.335612,4,649.362893
-2.15179,3,649.415954
-2.211673,3,649.46602
-3.279998,4,649.530113
-2.203547,3,649.576947
-1.14005,2,649.613005
-3.297861,4,649.676086
-0.036206,1,649.691115
-3.372221,4,649.746915
-3.340886,4,649.811996
-2.205676,3,649.858553
-1.114285,2,649.894109
-2.244567,3,649.942904
-2.245442,3,649.999982
-2.164101,3,650.049551
-1.077525,2,650.083098
-2.262838,3,650.133338
-1.118508,2,650.173085
-2.227067,3,650.223322
-2.273299,3,650.27197
-2.254998,3,650.326049
-3.406874,4,650.401261
-0.013184,1,650.417304
-2.159787,3,650.469478
-2.186103,3,650.517041
-2.222646,3,650.573714
-1.141676,2,650.610441
-2.243445,3,650.663927
-1.139443,2,650.692965
-2.213418,3,650.746032
-2.222778,3,650.797095
-3.341936,4,650.86189
-0.006782,1,650.879412
-2.16085,3,650.933004
-1.08173,2,650.966048
-1.096939,2,651.001117
-3.333959,4,651.064914
-3.269705,4,651.140022
-1.122727,2,651.173058
-3.366865,4,651.245191
-2.206286,3,651.293861
-0.046109,1,651.319396
-3.411361,4,651.391084
-2.224385,3,651.440858
-1.125109,2,651.471982
-3.318127,4,651.550586
-3.43098,4,651.61936
-2.238475,3,651.671279
-1.073658,2,651.702842
-3.314185,4,651.77095
-3.303793,4,651.828518
-2.213965,3,651.884106
-1.081673,2,651.919201
-3.348881,4,651.99198
-1.139035,2,652.020609
-2.209651,3,652.073096
-1.103955,2,652.106233
-2.23765,3,652.163999
-2.16839,3,652.215068
-3.389312,4,652.279308
-1.098516,2,652.318422
-1.093235,2,652.362995
-1.097415,2,652.39605
-3.311872,4,652.470348
-3.285565,4,652.540045
-3.353015,4,652.616206
-3.400708,4,652.687036
-0.047047,1,652.70306
-1.112538,2,652.738601
-2.23033,3,652.790833
-2.251227,3,652.835889
-1.068814,2,652.869441
-2.158804,3,652.916009
-1.094683,2,652.955592
-2.2322,3,653.006899
-3.31355,4,653.071002
-1.076353,2,653.107046
-2.267911,3,653.166152
-1.118248,2,653.199829
-1.080414,2,653.230869
-2.272965,3,653.277042
-2.182308,3,653.334216
-0.025051,1,653.350295
-1.07528,2,653.383837
-2.211453,3,653.431917
-2.171155,3,653.483013
-0.048224,1,653.499543
-3.302859,4,653.562689
-3.373536,4,653.626908
-1.105969,2,653.664194
-2.253622,3,653.709496
-2.180408,3,653.754571
-2.2046,3,653.798508
-2.263014,3,653.848571
-2.230684,3,653.895962
-2.1719,3,653.945225
-1.130106,2,653.974955
-3.382673,4,654.045062
-2.194747,3,654.093719
-1.097564,2,654.127058
-3.371063,4,654.195225
-2.169131,3,654.259416
-0.036537,1,654.276014
-1.134705,2,654.312066
-2.215218,3,654.365131
-0.048347,1,654.389266
-3.324602,4,654.459464
-1.105857,2,654.490024
-3.323051,4,654.555618
-2.159559,3,654.613895
-1.078844,2,654.645941
-0.020551,1,654.66047
-1.104413,2,654.690181
-1.137644,2,654.730919
-2.232637,3,654.78409
-2.175342,3,654.829921
-2.211984,3,654.875289
-0.022945,1,654.896919
-3.359978,4,654.961046
-2.231394,3,655.007109
-0.011826,1,655.02316
-2.232749,3,655.087044
-0.036952,1,655.103068
-3.401306,4,655.173278
-1.095628,2,655.204938
-2.260654,3,655.27007
-0.042262,1,655.287088
-2.237404,3,655.335818
-3.308018,4,655.40705
-1.139407,2,655.445103
-2.217874,3,655.499888
-3.435459,4,655.568518
-2.281996,3,655.621098
-2.22373,3,655.673939
-0.029514,1,655.68695
-0.039429,1,655.704982
-2.268272,3,655.751048
-1.128378,2,655.790153
-0.029715,1,655.806906
-2.17973,3,655.849981
-1.127353,2,655.885061
-0.013176,1,655.905094
-0.04265,1,655.921117
-1.12257,2,655.951857
-2.255478,3,655.994958
-3.36508,4,656.066546
-1.112694,2,656.098838
-3.325199,4,656.167368
-2.21153,3,656.212971
-2.210258,3,656.268396
-1.081924,2,656.300947
-0.026972,1,656.316959
-2.219703,3,656.368534
-1.08417,2,656.408344
-1.135374,2,656.439387
-3.404289,4,656.509613
-3.316954,4,656.575437
-2.191678,3,656.626083
-2.210579,3,656.667313
-3.295311,4,656.733012
-2.258282,3,656.777564
-3.282607,4,656.843933
-3.346214,4,656.905064
-2.277255,3,656.950829
-2.231832,3,656.998464
-2.265214,3,657.049529
-2.187355,3,657.096202
-2.170445,3,657.150945
-1.070197,2,657.182003
-1.092537,2,657.221058
-0.036561,1,657.237068
-1.103896,2,657.268614
-0.02125,1,657.28429
-0.032173,1,657.306941
-0.03702,1,657.324983
-1.078479,2,657.356529
-2.157711,3,657.403927
-2.177671,3,657.459056
-2.23924,3,657.506899
-2.167115,3,657.557471
-2.170792,3,657.606022
-2.249975,3,657.664607
-1.126517,2,657.695337
-2.182428,3,657.740512
-2.276543,3,657.78609
-2.189671,3,657.834933
-3.349881,4,657.901096
-0.023033,1,657.917107
-1.107711,2,657.946198
-3.315939,4,658.015002
-1.105128,2,658.046042
-2.165999,3,658.094206
-2.216314,3,658.142889
-3.316177,4,658.210622
-1.077896,2,658.241118
-3.363863,4,658.30606
-2.187131,3,658.355639
-1.118831,2,658.394852
-1.094521,2,658.429901
-1.087662,2,658.463128
-3.335985,4,658.532899
-2.26111,3,658.591104
-1.093763,2,658.623996
-1.139856,2,658.653031
-3.344753,4,658.716941
-0.029135,1,658.738475
-2.164223,3,658.786086
-2.213721,3,658.831903
-2.259652,3,658.880046
-0.031927,1,658.902073
-3.333117,4,658.962271
-1.111001,2,658.994883
-2.231993,3,659.042962
-2.190136,3,659.098338
-2.226409,3,659.143899
-1.12556,2,659.173998
-2.196579,3,659.22006
-2.199437,3,659.270712
-2.27251,3,659.321987
-3.330507,4,659.387086
-3.332036,4,659.451898
-3.293761,4,659.518606
-2.23075,3,659.567358
-2.18018,3,659.61319
-2.201713,3,659.661031
-3.355621,4,659.723604
-2.210516,3,659.772289
-0.026063,1,659.786304
-3.307826,4,659.84496
-2.19938,3,659.899853
-2.235469,3,659.950934
-2.219877,3,659.998575
-1.09672,2,660.031215
-2.214339,3,660.084836
-2.256623,3,660.1309
-1.143569,2,660.16144
-2.188122,3,660.210796
-2.206638,3,660.26171
-2.188448,3,660.306804
-2.219775,3,660.350901
-2.26198,3,660.396029
-2.231535,3,660.447096
-2.164396,3,660.493769
-2.214382,3,660.539331
-1.118682,2,660.567366
-0.018635,1,660.588546
-2.203163,3,660.637116
-3.401944,4,660.694279
-2.199077,3,660.738407
-2.242104,3,660.78406
-0.045363,1,660.798594
-3.332296,4,660.859451
-2.227561,3,660.911061
-3.329806,4,660.981041
-1.098975,2,661.010098
-3.292642,4,661.069236
-1.109101,2,661.101434
-2.232207,3,661.15392
-3.286054,4,661.216007
-2.254548,3,661.262076
-2.174109,3,661.311816
-3.39114,4,661.378406
-3.351688,4,661.442001
-2.232494,3,661.484053
-1.087756,2,661.516098
-2.261363,3,661.570961
-2.242523,3,661.617015
-3.285153,4,661.677107
-2.236536,3,661.725908
-2.235571,3,661.774115
-2.17364,3,661.81576
-0.017668,1,661.831916
-2.201081,3,661.877048
-0.010424,1,661.898575
-3.294439,4,661.971932
-2.202921,3,662.018996
-2.28765,3,662.070532
-3.308061,4,662.138455
-1.069804,2,662.171514
-1.10627,2,662.200679
-2.172931,3,662.244851
-1.117257,2,662.28498
-2.27089,3,662.329546
-0.041634,1,662.344064
-2.224526,3,662.394
-2.219518,3,662.44506
-0.047715,1,662.461596
-1.125616,2,662.497149
-2.168749,3,662.543868
-1.0685,2,662.583683
-1.098502,2,662.616818
-2.211563,3,662.66239
-1.125229,2,662.692024
-1.123948,2,662.729575
-2.261868,3,662.771749
-2.160682,3,662.81294
-2.239742,3,662.857494
-2.238805,3,662.9068
-1.100755,2,662.940858
-2.173534,3,662.988507
-2.186241,3,663.038583
-1.071784,2,663.073782
-3.280144,4,663.134864
-1.098657,2,663.168406
-1.109424,2,663.199472
-2.174694,3,663.254064
-2.178385,3,663.30544
-3.365962,4,663.370114
-1.091404,2,663.408423
-1.118086,2,663.444974
-0.034963,1,663.461002
-3.343245,4,663.529587
-2.277457,3,663.57519
-3.30779,4,663.646992
-2.189027,3,663.697055
-2.210947,3,663.745129
-2.24665,3,663.787301
-2.221944,3,663.837011
-3.272331,4,663.906107
-3.396203,4,663.974671
-2.178659,3,664.023836
-2.261177,3,664.076901
-2.193096,3,664.122966
-1.10209,2,664.157002
-0.042511,1,664.174025
-2.186969,3,664.227092
-2.189731,3,664.276871
-1.081818,2,664.306908
-3.312038,4,664.377045
-3.302005,4,664.442758
-2.176744,3,664.494356
-0.037339,1,664.507069
-2.205133,3,664.556269
-2.254704,3,664.608395
-3.330491,4,664.662977
-2.204165,3,664.710042
-2.218845,3,664.753104
-2.233727,3,664.800313
-3.300714,4,664.854928
-1.109832,2,664.883962
-1.122969,2,664.914996
-2.17135,3,664.964061
-2.211512,3,665.007108
-2.216084,3,665.048394
-3.372491,4,665.100518
-1.135166,2,665.136004
-3.272411,4,665.190073
-3.314909,4,665.253723
-2.243445,3,665.304083
-3.412025,4,665.38096
-2.204374,3,665.425013
-0.007188,1,665.439532
-3.320881,4,665.502113
-2.252857,3,665.556031
-0.031248,1,665.57106
-2.217727,3,665.620307
-2.17844,3,665.660901
-1.076063,2,665.695949
-2.175763,3,665.735002
-1.133071,2,665.760627
-2.224216,3,665.804087
-2.23515,3,665.851223
-2.25422,3,665.894068
-2.285491,3,665.936124
-2.241176,3,665.981047
-2.203909,3,666.031607
-3.301609,4,666.092923
-0.047772,1,666.110946
-2.175021,3,666.154
-3.330663,4,666.217083
-2.205094,3,666.256685
-2.178062,3,666.296807
-3.478384,4,666.346979
-0.033815,1,666.366511
-1.111606,2,666.396257
-3.317518,4,666.455953
-0.046859,1,666.472094
-1.13514,2,666.50544
-2.193316,3,666.55308
-2.233923,3,666.599266
-2.21574,3,666.643899
-1.114648,2,666.683966
-2.287928,3,666.726905
-3.320533,4,666.788507
-2.225933,3,666.830606
-2.218614,3,666.877666
-2.188284,3,666.920937
-2.223657,3,666.964496
-2.166823,3,667.0121
-3.294693,4,667.072422
-3.283992,4,667.132872
-0.012311,1,667.146886
-2.216293,3,667.193038
-2.24375,3,667.274121
-0.038613,1,667.293356
-2.230581,3,667.355081
-3.347032,4,667.41689
-2.264517,3,667.475101
-3.351391,4,667.545806
-2.244649,3,667.602963
-2.214993,3,667.653039
-1.111887,2,667.689598
-1.142999,2,667.72075
-0.012138,1,667.736261
-3.357982,4,667.798418
-2.18057,3,667.852003
-2.187693,3,667.901119
-2.162066,3,667.950887
-2.232168,3,668.000099
-1.099848,2,668.041794
-2.174607,3,668.089431
-2.25033,3,668.14201
-3.291123,4,668.203173
-3.328342,4,668.269405
-1.147043,2,668.302022
-2.181812,3,668.351088
-2.255503,3,668.399181
-2.224494,3,668.456489
-2.274583,3,668.506059
-1.118569,2,668.538599
-3.280502,4,668.60298
-2.160616,3,668.657051
-2.233281,3,668.706842
-1.137053,2,668.738387
-1.101745,2,668.772439
-3.345527,4,668.836092
-2.255683,3,668.884233
-2.246293,3,668.931985
-3.303071,4,668.994113
-3.376227,4,669.0619
-2.281819,3,669.115025
-3.322384,4,669.178485
-2.173569,3,669.223052
-2.176798,3,669.276134
-1.112664,2,669.306867
-3.288491,4,669.371468
-2.230263,3,669.416049
-1.081485,2,669.452101
-3.44332,4,669.513892
-2.265409,3,669.567469
-2.263607,3,669.618798
-0.032069,1,669.641996
-2.180996,3,669.688593
-2.165005,3,669.730263
-1.118426,2,669.759495
-0.047962,1,669.779131
-3.378674,4,669.838357
-0.006275,1,669.856882
-1.123274,2,669.888933
-0.008316,1,669.911073
-2.279735,3,669.956172
-1.105555,2,669.988609
-0.04065,1,670.003894
-3.310891,4,670.077103
-2.217698,3,670.124165
-3.388969,4,670.190874
-2.264737,3,670.239434
-3.313326,4,670.312321
-3.317592,4,670.370572
-0.026787,1,670.384163
-1.107072,2,670.419351
-3.383134,4,670.482039
-2.174727,3,670.530111
-2.268816,3,670.577455
-1.145308,2,670.60702
-2.248454,3,670.663102
-3.340072,4,670.723879
-1.110835,2,670.75492
-3.327729,4,670.812946
-2.177539,3,670.869026
-3.395237,4,670.931895
-2.172269,3,670.980467
-3.319333,4,671.039964
-3.382299,4,671.106279
-1.131313,2,671.138395
-1.136526,2,671.170446
-1.105523,2,671.203115
-2.257771,3,671.251917
-2.232185,3,671.299244
-0.04304,1,671.315881
-2.220603,3,671.359961
-2.252663,3,671.416074
-2.17461,3,671.460798
-1.120789,2,671.489422
-1.096079,2,671.520591
-0.01153,1,671.540995
-2.231691,3,671.587106
-3.333132,4,671.648541
-1.129124,2,671.677125
-2.18646,3,671.723899
-3.27831,4,671.781023
-0.014508,1,671.796038
-2.232873,3,671.839599
-2.206124,3,671.89221
-1.099277,2,671.921823
-2.203635,3,671.970403
-2.216938,3,672.01206
-0.042865,1,672.032082
-2.20663,3,672.081233
-1.112907,2,672.115235
-3.416337,4,672.179456
-0.013936,1,672.204157
-1.1207,2,672.238312
-1.134389,2,672.266359
-2.210775,3,672.311742
-2.223908,3,672.360908
-2.170146,3,672.40953
-2.202848,3,672.452091
-2.175583,3,672.497198
-2.266166,3,672.543969
-1.098717,2,672.571516
-1.098145,2,672.604352
-2.235637,3,672.65196
-3.336825,4,672.719232
-2.211425,3,672.760486
-3.401107,4,672.816099
-2.161124,3,672.862885
-2.16723,3,672.910023
-1.118471,2,672.943065
-2.218488,3,672.990162
-2.189584,3,673.031965
-3.329974,4,673.095188
-3.366006,4,673.153928
-2.214267,3,673.200296
-1.120715,2,673.229389
-3.305704,4,673.297062
-3.353435,4,673.358408
-3.295223,4,673.417046
-1.13521,2,673.44508
-1.086972,2,673.475124
-0.044187,1,673.49025
-3.293507,4,673.549927
-2.231518,3,673.596781
-1.14026,2,673.632842
-3.291823,4,673.686991
-2.209003,3,673.733061
-2.268715,3,673.774119
-1.098989,2,673.804288
-3.400009,4,673.867426
-2.266181,3,673.91083
-1.12006,2,673.941866
-3.359578,4,674.001067
-0.02658,1,674.01608
-3.439006,4,674.079306
-1.125037,2,674.106971
-2.207129,3,674.158535
-2.252341,3,674.201463
-3.319825,4,674.261862
-2.190718,3,674.305003
-2.156103,3,674.354066
-3.373795,4,674.41192
-0.015606,1,674.425931
-2.158308,3,674.46949
-2.240067,3,674.516136
-0.046415,1,674.531846
-1.121236,2,674.560881
-1.096227,2,674.589968
-1.080329,2,674.624017
-2.206075,3,674.664572
-2.254218,3,674.707679
-3.362289,4,674.759387
-2.25549,3,674.809333
-1.078766,2,674.839923
-3.284923,4,674.900111
-3.303367,4,674.964446
-2.260527,3,675.013102
-3.339557,4,675.0754
-3.304054,4,675.136889
-2.269673,3,675.178555
-1.103547,2,675.213118
-2.177793,3,675.261992
-1.098214,2,675.29011
-2.212301,3,675.334822
-2.176827,3,675.387051
-2.195066,3,675.432117
-3.324836,4,675.493969
-2.210493,3,675.537023
-2.214338,3,675.592988
-0.043772,1,675.60701
-3.356642,4,675.6666
-0.047638,1,675.683725
-3.369992,4,675.74765
-2.250516,3,675.795331
-0.036043,1,675.810347
-3.367525,4,675.872067
-1.089838,2,675.911721
-2.268187,3,675.955872
-2.190691,3,676.003977
-1.140908,2,676.033014
-0.026267,1,676.057045
-0.034822,1,676.073578
-3.311396,4,676.136914
-0.046281,1,676.153944
-3.296407,4,676.226115
-2.24136,3,676.273332
-2.249065,3,676.321961
-2.207641,3,676.369519
-2.171596,3,676.42286
-2.211982,3,676.471055
-2.202072,3,676.516826
-2.193133,3,676.566799
-2.247363,3,676.616968
-2.244577,3,676.667535
-0.038489,1,676.682081
-2.243522,3,676.729214
-3.363779,4,676.792774
-3.287219,4,676.852883
-2.243027,3,676.905029
-3.341908,4,676.973127
-3.287807,4,677.044963
-2.207109,3,677.093749
-2.249104,3,677.142601
-1.088086,2,677.176931
-2.24432,3,677.237024
-1.093668,2,677.269579
-3.372571,4,677.341865
-2.215822,3,677.395108
-2.188675,3,677.450828
-2.278685,3,677.499497
-1.103269,2,677.535045
-2.202283,3,677.582605
-2.178485,3,677.63322
-2.18301,3,677.675487
-3.372476,4,677.734104
-0.044709,1,677.751683
-2.277215,3,677.802935
-3.384798,4,677.867515
-3.325185,4,677.934924
-2.201049,3,677.989209
-1.069359,2,678.026311
-3.337784,4,678.09384
-0.040184,1,678.10986
-2.224871,3,678.159929
-2.240891,3,678.215084
-2.251688,3,678.267247
-2.231715,3,678.320116
-2.246829,3,678.37207
-2.213031,3,678.429163
-0.024553,1,678.445794
-0.027664,1,678.461817
-0.046184,1,678.479381
-0.031335,1,678.501912
-2.161118,3,678.551981
-0.014606,1,678.568997
-3.387736,4,678.63114
-3.273928,4,678.693285
-1.107202,2,678.721915
-3.328237,4,678.783192
-2.194421,3,678.82401
-3.339952,4,678.899274
-0.033033,1,678.916935
-2.167774,3,678.965503
-2.211181,3,679.014813
-2.20221,3,679.073078
-1.119557,2,679.105118
-2.219736,3,679.151855
-2.164089,3,679.20497
-0.017808,1,679.231018
-1.149726,2,679.264065
-1.092116,2,679.299197
-2.178931,3,679.350665
-1.126319,2,679.393061
-1.109416,2,679.425613
-1.09616,2,679.460913
-1.120455,2,679.497096
-3.340465,4,679.571461
-0.029989,1,679.590065
-1.09414,2,679.624113
-1.136045,2,679.653913
-1.085281,2,679.690396
-2.180289,3,679.735938
-2.234518,3,679.779504
-0.024696,1,679.795118
-3.344279,4,679.865366
-1.127102,2,679.896404
-2.168056,3,679.946048
-3.362426,4,680.008415
-3.364023,4,680.080517
-3.323811,4,680.144926
-2.272871,3,680.19706
-3.307499,4,680.264304
-2.249292,3,680.321899
-1.09029,2,680.355937
-1.083631,2,680.394755
-0.049306,1,680.412294
-2.187106,3,680.469567
-1.069814,2,680.500333
-3.305051,4,680.568594
-2.23672,3,680.618402
-1.121082,2,680.655953
-3.304553,4,680.71483
-2.177329,3,680.758389
-3.31976,4,680.818647
-2.244858,3,680.872421
-2.234962,3,680.923203
-2.202907,3,680.970461
-3.340545,4,681.036776
-2.169517,3,681.093887
-2.250992,3,681.145951
-1.112471,2,681.18306
-2.286316,3,681.232716
-2.18763,3,681.287153
-1.140458,2,681.316837
-1.072936,2,681.346884
-3.408552,4,681.412091
-1.07691,2,681.449203
-2.275121,3,681.497011
-1.085303,2,681.53107
-2.214392,3,681.583162
-0.029289,1,681.601901
-3.275492,4,681.66098
-2.270808,3,681.703049
-0.038547,1,681.718565
-2.276041,3,681.770303
-3.314471,4,681.83093
-2.265132,3,681.878556
-2.152103,3,681.928618
-0.040949,1,681.949199
-2.174543,3,681.999877
-2.189612,3,682.048438
-2.173345,3,682.102763
-3.294041,4,682.176407
-3.393006,4,682.243058
-3.314292,4,682.316802
-3.408497,4,682.385951
-1.087303,2,682.42301
-0.038216,1,682.443043
-0.037453,1,682.460069
-2.242131,3,682.50633
-1.132765,2,682.546997
-2.222935,3,682.598491
-1.080985,2,682.632037
-1.09777,2,682.658568
-2.167902,3,682.712216
-3.289839,4,682.773861
-2.201343,3,682.81841
-3.310312,4,682.879863
-2.210109,3,682.939568
-2.181994,3,682.989155
-2.2253,3,683.039387
-2.253681,3,683.267422
-1.076036,2,683.306979
-2.224067,3,683.354209
-0.012648,1,683.371318
-2.243084,3,683.422957
-3.321978,4,683.495051
-2.181202,3,683.542118
-1.096557,2,683.572098
-3.380825,4,683.639423
-3.341865,4,683.700304
-2.169252,3,683.740884
-2.182417,3,683.780439
-1.137902,2,683.805054
-2.181065,3,683.852816
-2.186469,3,683.900035
-2.297943,3,683.948595
-2.160216,3,684.001904
-2.218978,3,684.052096
-1.142848,2,684.081819
-2.175155,3,684.128384
-3.320277,4,684.191049
-2.215681,3,684.245197
-3.332329,4,684.305035
-2.21166,3,684.356097
-1.134149,2,684.388725
-0.028744,1,684.411896
-2.258939,3,684.460958
-1.065849,2,684.491818
-2.262771,3,684.546884
-2.251815,3,684.603029
-1.098471,2,684.637089
-2.199179,3,684.68607
-3.367272,4,684.744249
-0.030283,1,684.765965
-0.008835,1,684.782
-2.268726,3,684.824048
-3.356801,4,684.882311
-2.200479,3,684.932894
-0.023526,1,684.948408
-1.062999,2,684.981041
-3.339128,4,685.041762
-3.36952,4,685.11063
-3.385996,4,685.170927
-2.230816,3,685.222833
-1.10468,2,685.249369
-1.112804,2,685.285146
-1.102662,2,685.315059
-2.18485,3,685.359134
-1.128125,2,685.389378
-1.091965,2,685.424012
-0.033196,1,685.438528
-2.237841,3,685.479242
-2.254599,3,685.526805
-3.369664,4,685.588395
-2.267372,3,685.633956
-3.286961,4,685.687115
-3.378412,4,685.738384
-3.355175,4,685.795949
-2.270969,3,685.834994
-3.353956,4,685.893821
-2.245683,3,685.935874
-2.187511,3,685.986938
-2.212619,3,686.031008
-1.092106,2,686.06004
-2.251604,3,686.105091
-2.244878,3,686.155824
-3.296658,4,686.216903
-3.336901,4,686.275975
-2.236634,3,686.321043
-2.222626,3,686.368662
-0.040807,1,686.382827
-2.241003,3,686.42688
-2.210636,3,686.473065
-1.136687,2,686.513124
-2.178153,3,686.55834
-0.029782,1,686.573862
-3.326851,4,686.638452
-2.2582,3,686.690643
-2.181575,3,686.73709
-3.316687,4,686.791876
-2.251053,3,686.836926
-2.243511,3,686.892002
-1.081215,2,686.924037
-2.235556,3,686.972117
-2.259051,3,687.022825
-3.302544,4,687.097015
-2.183668,3,687.145079
-3.318373,4,687.215986
-1.131835,2,687.252045
-2.270936,3,687.306608
-2.231769,3,687.359456
-0.048999,1,687.375478
-1.088075,2,687.411251
-1.093447,2,687.44946
-2.184862,3,687.503072
-2.182234,3,687.555305
-2.206807,3,687.605025
-1.112263,2,687.642082
-3.313991,4,687.699842
-1.089264,2,687.733894
-3.304112,4,687.790968
-3.305486,4,687.858414
-2.157107,3,687.906895
-1.089282,2,687.940948
-2.174324,3,687.986002
-2.160351,3,688.039581
-3.283663,4,688.107789
-3.332709,4,688.17242
-2.198795,3,688.221036
-2.279031,3,688.280202
-1.118035,2,688.310298
-0.045349,1,688.326857
-2.266901,3,688.375984
-2.213675,3,688.429553
-3.309633,4,688.500432
-2.224974,3,688.547049
-1.079053,2,688.581611
-3.313378,4,688.653862
-1.135827,2,688.68944
-2.231263,3,688.740005
-1.11252,2,688.770049
-2.270603,3,688.822656
-3.322881,4,688.888444
-3.329078,4,688.957045
-1.123236,2,688.991127
-2.204681,3,689.046341
-1.089947,2,689.083085
-1.13521,2,689.114136
-2.228104,3,689.16484
-3.342253,4,689.239509
-1.131801,2,689.271055
-2.239179,3,689.32631
-3.310317,4,689.390946
-2.263747,3,689.44102
-1.134324,2,689.477571
-1.080447,2,689.515198
-3.385554,4,689.586445
-1.118356,2,689.62708
-2.211005,3,689.674457
-1.094924,2,689.710146
-1.123784,2,689.742997
-3.323053,4,689.806134
-2.159208,3,689.853835
-2.199307,3,689.903982
-1.110143,2,689.937019
-2.251423,3,689.986599
-3.313085,4,690.05287
-3.372719,4,690.12203
-3.298846,4,690.190668
-3.340213,4,690.266934
-1.095769,2,690.300093
-2.2757,3,690.35329
-3.303377,4,690.417099
-2.173462,3,690.47538
-2.165677,3,690.523028
-1.138301,2,690.556084
-1.090995,2,690.587121
-1.124143,2,690.626899
-1.129394,2,690.65695
-3.357924,4,690.717062
-1.069891,2,690.747098
-2.220554,3,690.804921
-1.13773,2,690.835966
-1.133844,2,690.867012
-3.310664,4,690.930706
-2.23063,3,690.979898
-2.165361,3,691.029961
-2.23002,3,691.075518
-0.049441,1,691.091229
-1.129085,2,691.132088
-0.02763,1,691.15011
-3.285366,4,691.216112
-1.122053,2,691.249225
-3.331303,4,691.333096
-1.086162,2,691.369297
-0.020951,1,691.385913
-2.278241,3,691.441017
-3.358322,4,691.521878
-2.252141,3,691.5774
-3.393199,4,691.648386
-2.265376,3,691.701696
-3.322292,4,691.780516
-1.124488,2,691.815786
-2.279826,3,691.866848
-1.069439,2,691.903985
-3.340096,4,691.97558
-1.115593,2,692.0108
-3.363562,4,692.072874
-1.087482,2,692.1095
-2.249545,3,692.163337
-2.181917,3,692.215074
-1.075084,2,692.248615
-0.025861,1,692.266738
-0.036788,1,692.286862
-1.105957,2,692.322915
-1.09242,2,692.354955
-2.249043,3,692.405068
-3.330648,4,692.47737
-2.217018,3,692.529935
-1.141795,2,692.561988
-3.289607,4,692.636136
-0.031584,1,692.657208
-0.014722,1,692.670913
-0.023229,1,692.685428
-2.25884,3,692.73307
-1.101066,2,692.770815
-2.168894,3,692.818436
-1.114141,2,692.857
-3.318275,4,692.920821
-1.122072,2,692.960881
-2.167461,3,693.011061
-2.235321,3,693.067142
-2.156478,3,693.12097
-3.321074,4,693.193178
-2.223304,3,693.246846
-2.207739,3,693.29693
-2.208963,3,693.347749
-2.206531,3,693.406975
-0.046725,1,693.425004
-2.214321,3,693.476578
-1.078308,2,693.515076
-2.202064,3,693.576717
-2.238312,3,693.629871
-1.086016,2,693.665912
-3.28018,4,693.730701
-3.383917,4,693.796146
-1.129715,2,693.825221
-2.254067,3,693.875408
-2.224054,3,693.929557
-3.406212,4,694.010947
-0.045286,1,694.029975
-1.140108,2,694.067025
-3.38661,4,694.133832
-3.289164,4,694.204439
-2.241629,3,694.255114
-2.264694,3,694.309908
-2.272413,3,694.358467
-3.386355,4,694.436896
-3.291466,4,694.513179
-2.171822,3,694.564836
-2.174193,3,694.618566
-3.326946,4,694.685297
-2.212603,3,694.732896
-2.258949,3,694.780456
-2.217685,3,694.83511
-1.100581,2,694.871783
-2.192366,3,694.920998
-2.242164,3,694.971061
-2.176449,3,695.019417
-3.341244,4,695.089516
-0.036749,1,695.104043
-0.035782,1,695.122065
-3.305996,4,695.1912
-2.266868,3,695.242924
-2.193625,3,695.293111
-1.105914,2,695.326025
-1.12774,2,695.357067
-0.005245,1,695.380605
-3.326066,4,695.455037
-0.030114,1,695.469556
-3.32003,4,695.540039
-2.171081,3,695.598664
-3.275782,4,695.660365
-1.134991,2,695.689498
-1.115687,2,695.727077
-3.30845,4,695.793311
-2.206395,3,695.843078
-1.099471,2,695.877619
-1.083004,2,695.913306
-1.091787,2,695.951908
-2.242607,3,696.001044
-0.04961,1,696.015055
-1.121975,2,696.050808
-0.029514,1,696.074183
-2.201796,3,696.129904
-2.235423,3,696.177459
-1.096772,2,696.212087
-2.185103,3,696.264261
-2.205819,3,696.313871
-1.079682,2,696.348416
-1.123258,2,696.383471
-2.229854,3,696.437083
-2.176521,3,696.497294
-1.076645,2,696.533875
-2.211348,3,696.589455
-2.303843,3,696.643024
-0.032348,1,696.661052
-0.023007,1,696.675065
-3.409708,4,696.739973
-1.081998,2,696.78081
-1.072878,2,696.813853
-2.195664,3,696.866922
-1.140666,2,696.899977
-0.048531,1,696.923006
-4.548956,5,697.006109
-2.22188,3,697.059833
-2.272301,3,697.110952
-2.275474,3,697.166022
-2.195312,3,697.219599
-1.135456,2,697.25586
-3.360217,4,697.324817
-2.262975,3,697.383842
-3.390626,4,697.450937
-3.33242,4,697.521065
-1.118534,2,697.554098
-1.095308,2,697.595874
-3.327963,4,697.663978
-2.181111,3,697.71205
-2.271847,3,697.760118
-3.333881,4,697.83218
-0.032817,1,697.849826
-2.245631,3,697.907198
-1.101759,2,697.936872
-3.339278,4,698.013984
-2.257105,3,698.066044
-0.009905,1,698.082069
-3.353246,4,698.151217
-3.359884,4,698.230029
-2.230259,3,698.280094
-2.241814,3,698.332048
-1.119236,2,698.365092
-0.047127,1,698.385641
-3.369818,4,698.449888
-2.226777,3,698.496946
-2.2357,3,698.554024
-2.274387,3,698.60959
-2.251574,3,698.662913
-3.317411,4,698.722999
-3.42398,4,698.788579
-2.20482,3,698.84686
-0.014749,1,698.863889
-2.195807,3,698.916962
-3.316343,4,698.988552
-0.042128,1,699.008576
-2.249185,3,699.062054
-2.265598,3,699.116852
-2.250129,3,699.164923
-0.012584,1,699.189496
-3.319056,4,699.261108
-2.200947,3,699.310249
-2.182314,3,699.359876
-0.008284,1,699.381922
-1.136936,2,699.412968
-1.098839,2,699.445003
-2.217644,3,699.491103
-3.359943,4,699.565926
-2.24404,3,699.618545
-2.182229,3,699.672161
-3.394969,4,699.73407
-2.219466,3,699.787646
-1.15094,2,699.818345
-1.104874,2,699.853902
-3.321558,4,699.922062
-1.142069,2,699.959146
-3.354055,4,700.035985
-1.091547,2,700.072046
-2.190887,3,700.122155
-1.105467,2,700.159878
-2.202733,3,700.211568
-3.300506,4,700.278409
-1.104443,2,700.31416
-2.279947,3,700.370894
-1.103928,2,700.405079
-1.067228,2,700.440908
-2.233239,3,700.488977
-1.123259,2,700.527074
-2.254127,3,700.577178
-3.292553,4,700.644077
-3.334736,4,700.703099
-0.011867,1,700.72271
-2.272492,3,700.775045
-3.389262,4,700.836154
-3.29772,4,700.910407
-1.092831,2,700.955209
-2.199274,3,701.007055
-0.034489,1,701.025082
-3.301562,4,701.095999
-0.046934,1,701.118531
-1.129947,2,701.152077
-1.086145,2,701.190717
-2.222931,3,701.238371
-2.217883,3,701.298459
-1.129621,2,701.332116
-0.043293,1,701.348295
-3.29094,4,701.415468
-2.254088,3,701.471227
-1.116813,2,701.513941
-2.18059,3,701.56303
-2.231411,3,701.611616
-1.106148,2,701.653806
-2.230787,3,701.700366
-2.229393,3,701.747031
-2.204944,3,701.799228
-2.17758,3,701.864993
-2.188128,3,701.920845
-0.03184,1,701.940904
-2.260365,3,701.993495
-3.303982,4,702.067585
-2.18752,3,702.115735
-2.203391,3,702.169398
-2.228597,3,702.21998
-1.092372,2,702.261043
-1.115626,2,702.295596
-2.223966,3,702.352052
-2.246223,3,702.404187
-2.260215,3,702.462895
-2.223424,3,702.513112
-3.406397,4,702.581005
-0.04396,1,702.596524
-0.030029,1,702.620561
-0.049252,1,702.637136
-2.263757,3,702.688961
-3.292355,4,702.750346
-2.23531,3,702.80455
-2.189767,3,702.855282
-1.123856,2,702.896458
-1.127556,2,702.92711
-2.164106,3,702.984322
-1.118737,2,703.013843
-3.351262,4,703.087455
-2.234446,3,703.140946
-2.1971,3,703.197329
-1.090194,2,703.231948
-1.098503,2,703.269491
-2.184469,3,703.321569
-2.167482,3,703.379945
-1.076117,2,703.414033
-0.042129,1,703.433059
-2.245295,3,703.484619
-3.435556,4,703.555918
-1.109,2,703.589469
-3.330828,4,703.656853
-2.183741,3,703.703931
-2.268039,3,703.755013
-3.285783,4,703.815197
-2.240574,3,703.864863
-1.072308,2,703.897423
-2.228118,3,703.957007
-2.223781,3,704.009522
-2.26073,3,704.059237
-2.233506,3,704.109852
-2.188203,3,704.168417
-2.248086,3,704.215163
-2.204867,3,704.26685
-2.247916,3,704.318463
-2.227986,3,704.383093
-1.123085,2,704.417145
-2.200512,3,704.463811
-2.256975,3,704.516968
-3.352463,4,704.588573
-1.132539,2,704.620215
-3.324088,4,704.679361
-3.438798,4,704.735015
-3.381202,4,704.799594
-3.351686,4,704.861842
-0.043441,1,704.878377
-3.325757,4,704.945108
-3.349168,4,705.013158
-2.223522,3,705.063852
-2.209578,3,705.112925
-3.30903,4,705.178518
-0.007909,1,705.197551
-2.169877,3,705.244354
-2.200297,3,705.295153
-0.020751,1,705.310253
-0.01697,1,705.330928
-2.174203,3,705.383003
-0.030942,1,705.400531
-2.246134,3,705.449833
-1.107977,2,705.48738
-2.170161,3,705.53607
-3.334123,4,705.606426
-1.11226,2,705.6385
-1.114534,2,705.673059
-2.224145,3,705.718612
-1.082993,2,705.744832
-2.195155,3,705.790396
-3.319214,4,705.875025
-0.047925,1,705.893223
-2.243344,3,705.953875
-3.289213,4,706.037321
-2.254954,3,706.102534
-1.083351,2,706.144868
-1.080594,2,706.183924
-0.044485,1,706.203084
-2.232504,3,706.269858
-3.343443,4,706.35204
-2.218994,3,706.410168
-1.106131,2,706.446914
-2.233857,3,706.506512
-1.12791,2,706.544117
-1.145023,2,706.584214
-0.007781,1,706.604247
-2.276066,3,706.668536
-2.222018,3,706.722182
-2.248691,3,706.772874
-2.19235,3,706.825957
-0.026937,1,706.845982
-2.239865,3,706.906191
-1.114299,2,706.943857
-2.182236,3,707.003152
-2.16634,3,707.071008
-1.080022,2,707.110565
-2.223819,3,707.162257
-2.257679,3,707.212972
-2.19684,3,707.265038
-3.420569,4,707.333158
-1.100947,2,707.364813
-1.134954,2,707.395358
-3.378757,4,707.467052
-3.29637,4,707.529281
-3.352003,4,707.597121
-2.24716,3,707.644913
-2.270019,3,707.694483
-2.242321,3,707.735528
-2.267701,3,707.782586
-1.116668,2,707.811707
-0.027756,1,707.831845
-2.166953,3,707.879911
-2.221003,3,707.928526
-3.357407,4,707.997121
-2.216903,3,708.054197
-1.082298,2,708.086345
-2.242175,3,708.134763
-2.218923,3,708.182832
-2.161986,3,708.237612
-2.195748,3,708.285884
-3.289957,4,708.352111
-2.212114,3,708.396837
-2.235417,3,708.46845
-3.446334,4,708.536068
-1.085048,2,708.571121
-2.221577,3,708.620366
-2.278207,3,708.672894
-2.244381,3,708.715976
-1.073373,2,708.743017
-2.208297,3,708.787578
-3.294389,4,708.849816
-1.088813,2,708.880861
-0.019434,1,708.898386
-2.177307,3,708.946945
-2.283442,3,709.004035
-2.204185,3,709.054105
-2.242271,3,709.103227
-2.203683,3,709.150959
-3.309755,4,709.220571
-1.131433,2,709.252252
-3.384385,4,709.317116
-1.0764,2,709.349961
-3.31359,4,709.421077
-2.184037,3,709.46922
-2.173496,3,709.523016
-0.04301,1,709.542048
-3.376782,4,709.614293
-2.252393,3,709.661925
-1.102795,2,709.690971
-1.133266,2,709.721012
-1.076644,2,709.75505
-3.357733,4,709.812121
-2.250103,3,709.858453
-2.239011,3,709.903022
-0.045981,1,709.923048
-3.40601,4,709.990323
-1.114355,2,710.026018
-2.266458,3,710.074082
-2.258991,3,710.128781
-3.33518,4,710.194933
-2.239976,3,710.246004
-2.251806,3,710.293068
-2.183918,3,710.345319
-2.189736,3,710.396027
-2.190704,3,710.445096
-1.142662,2,710.479351
-1.099034,2,710.518508
-0.029809,1,710.53503
-2.187382,3,710.583094
-2.241444,3,710.634519
-3.404,4,710.703016
-2.220934,3,710.751082
-2.184127,3,710.79063
-2.206897,3,710.838403
-3.314422,4,710.906989
-1.124658,2,710.937025
-3.312487,4,710.998618
-2.177556,3,711.050989
-3.353789,4,711.122099
-3.288932,4,711.187403
-2.260317,3,711.237025
-2.166746,3,711.29211
-1.070751,2,711.329329
-3.358612,4,711.391019
-1.136219,2,711.424062
-1.11943,2,711.455108
-2.209078,3,711.513
-0.039568,1,711.530024
-2.1754,3,711.581093
-0.04418,1,711.599116
-2.264192,3,711.65187
-2.273725,3,711.698927
-1.09964,2,711.733019
-2.162223,3,711.778572
-0.027454,1,711.798607
-2.201956,3,711.843834
-2.23279,3,711.88788
-2.177431,3,711.936951
-1.136633,2,711.973002
-1.071019,2,712.00304
-0.04134,1,712.017051
-2.15579,3,712.070681
-3.292178,4,712.136871
-3.293504,4,712.206961
-0.036108,1,712.224988
-2.285209,3,712.275058
-3.279742,4,712.346195
-2.255876,3,712.396896
-1.093592,2,712.42994
-1.084723,2,712.462986
-1.099711,2,712.503043
-3.38531,4,712.565744
-1.142648,2,712.599921
-0.02274,1,712.620952
-0.028219,1,712.643984
-3.33233,4,712.70406
-1.140768,2,712.7371
-2.218404,3,712.777217
-1.140185,2,712.814956
-1.107799,2,712.841997
-3.361369,4,712.894592
-2.197017,3,712.947323
-1.099431,2,712.976876
-3.285283,4,713.129578
-2.186283,3,713.173147
-1.119052,2,713.20064
-2.180194,3,713.248372
-2.167393,3,713.290531
-1.100531,2,713.322991
-2.196646,3,713.373059
-3.35542,4,713.440269
-2.209097,3,713.482862
-1.098847,2,713.515954
-2.268828,3,713.562024
-3.278917,4,713.628526
-0.041464,1,713.642049
-2.240164,3,713.687104
-2.249165,3,713.730314
-1.107868,2,713.763956
-2.178975,3,713.807017
-3.359779,4,713.865098
-2.220221,3,713.905169
-2.185216,3,713.95596
-2.170607,3,713.997079
-1.094792,2,714.03017
-2.199549,3,714.07498
-2.249416,3,714.119544
-3.325103,4,714.178616
-1.1293,2,714.211811
-2.231722,3,714.256869
-1.115334,2,714.289414
-2.236171,3,714.32997
-2.242065,3,714.377028
-1.092367,2,714.404069
-3.379218,4,714.473272
-2.226935,3,714.516019
-3.405776,4,714.577108
-2.179666,3,714.624053
-2.222728,3,714.671159
-3.364845,4,714.728358
-1.123207,2,714.756927
-3.362742,4,714.813507
-2.229178,3,714.863569
-1.105363,2,714.893898
-2.257597,3,714.940978
-0.043025,1,714.955992
-1.087752,2,714.991048
-1.088084,2,715.021693
-1.082289,2,715.046319
-3.465474,4,715.101021
-2.247509,3,715.152083
-2.191979,3,715.193883
-2.258844,3,715.240452
-3.325269,4,715.296623
-1.107803,2,715.332884
-3.284839,4,715.393832
-1.091716,2,715.422874
-2.179049,3,715.47048
-3.373214,4,715.53622
-2.249721,3,715.587273
-2.232447,3,715.634056
-3.308231,4,715.68769
-3.424836,4,715.745864
-2.233782,3,715.791943
-2.248498,3,715.834094
-2.249182,3,715.879282
-2.187522,3,715.929016
-1.098134,2,715.957075
-2.186979,3,716.002928
-0.048219,1,716.018441
-1.099533,2,716.051003
-0.024704,1,716.067017
-2.163386,3,716.115186
-3.329062,4,716.175909
-0.038399,1,716.198445
-3.284785,4,716.257075
-3.292923,4,716.316251
-3.364189,4,716.369472
-3.326765,4,716.430644
-1.137084,2,716.46115
-3.324557,4,716.525448
-3.30177,4,716.601577
-0.025102,1,716.623597
-2.198112,3,716.6709
-3.318807,4,716.722039
-2.213877,3,716.762093
-1.076019,2,716.796263
-2.180259,3,716.835915
-1.084519,2,716.86696
-2.159881,3,716.916202
-1.117642,2,716.953936
-1.112975,2,716.980977
-3.360734,4,717.041106
-2.233681,3,717.085872
-0.027513,1,717.107408
-0.019499,1,717.124061
-1.087265,2,717.152105
-2.170475,3,717.193851
-2.169484,3,717.239973
-2.278175,3,717.281025
-0.012497,1,717.29454
-2.263152,3,717.335103
-0.044351,1,717.35417
-3.329069,4,717.407446
-2.209563,3,717.44855
-2.197957,3,717.489603
-3.304806,4,717.554845
-2.235435,3,717.60294
-2.240427,3,717.649508
-1.085616,2,717.678546
-3.30533,4,717.744286
-3.342141,4,717.806121
-2.230889,3,717.85184
-1.132781,2,717.883886
-0.046372,1,717.906105
-2.184776,3,717.952918
-1.12737,2,717.98696
-3.312934,4,718.049569
-2.220202,3,718.104233
-2.270585,3,718.152833
-0.045707,1,718.169849
-3.306024,4,718.236386
-3.450864,4,718.308547
-1.082328,2,718.3401
-0.042128,1,718.357118
-2.271116,3,718.406324
-0.044011,1,718.42592
-1.100973,2,718.459972
-2.176458,3,718.511548
-2.154708,3,718.564915
-2.2926,3,718.625036
-2.223682,3,718.677105
-2.196356,3,718.720948
-3.322058,4,718.784025
-3.282199,4,718.860859
-0.045111,1,718.879882
-2.246844,3,718.928548
-1.080915,2,718.973145
-2.273787,3,719.041157
-1.101311,2,719.076913
-1.078676,2,719.115005
-1.135275,2,719.147047
-1.093779,2,719.188606
-1.109493,2,719.225869
-2.19605,3,719.278433
-2.200571,3,719.335792
-0.033609,1,719.358298
-2.27191,3,719.408361
-2.290213,3,719.459603
-0.034644,1,719.474142
-2.305948,3,719.527019
-1.142445,2,719.565071
-2.217342,3,719.61714
-1.095736,2,719.653008
-3.290669,4,719.716112
-2.165807,3,719.765856
-0.037739,1,719.781888
-1.126979,2,719.811151
-1.119951,2,719.851264
-2.277012,3,719.905073
-2.232495,3,719.959261
-3.373897,4,720.030246
-2.221739,3,720.090871
-2.256115,3,720.145049
-0.027965,1,720.163074
-1.134075,2,720.196648
-1.089866,2,720.238472
-2.204414,3,720.28854
-3.314848,4,720.352829
-3.339118,4,720.414419
-1.107292,2,720.453108
-2.249403,3,720.499427
-0.04485,1,720.514957
-1.120426,2,720.546997
-1.106294,2,720.583049
-0.038036,1,720.602579
-3.434118,4,720.665937
-2.249837,3,720.712058
-2.281544,3,720.764116
-2.175213,3,720.813015
-2.213841,3,720.863089
-0.042364,1,720.878603
-2.234072,3,720.932295
-2.179443,3,720.988868
-3.286746,4,721.061999
-3.303438,4,721.132118
-1.088369,2,721.176813
-2.185214,3,721.225921
-1.089256,2,721.261974
-2.242088,3,721.316098
-2.196806,3,721.371279
-2.238944,3,721.420402
-3.374669,4,721.485957
-2.234875,3,721.535038
-2.24045,3,721.590708
-2.247939,3,721.641921
-2.255208,3,721.68497
-2.253446,3,721.733153
-0.043432,1,721.753242
-2.252097,3,721.802995
-2.191769,3,721.848546
-3.324467,4,721.916767
-1.110313,2,721.956936
-2.212236,3,722.003506
-2.218713,3,722.05123
-0.03278,1,722.071831
-1.108154,2,722.112105
-2.167687,3,722.164817
-1.075559,2,722.204947
-1.104558,2,722.236988
-1.133099,2,722.281051
-0.048851,1,722.29908
-1.146017,2,722.333124
-2.208363,3,722.382822
-3.328908,4,722.454004
-3.301332,4,722.519597
-2.187565,3,722.565838
-0.040602,1,722.581862
-1.091655,2,722.622013
-0.024961,1,722.637028
-0.019106,1,722.654053
-0.021366,1,722.670073
-3.306779,4,722.739503
-0.013245,1,722.753018
-3.306511,4,722.815613
-1.128975,2,722.847167
-2.165396,3,722.903595
-2.228654,3,722.954803
-2.175281,3,723.005873
-1.093554,2,723.043934
-2.231991,3,723.098559
-2.220942,3,723.153751
-1.075326,2,723.189446
-3.305288,4,723.256038
-0.049413,1,723.276066
-0.039012,1,723.293096
-2.28793,3,723.341837
-1.119498,2,723.375404
-2.249612,3,723.429171
-3.337402,4,723.497454
-2.170447,3,723.552036
-0.038805,1,723.571072
-3.309961,4,723.6428
-2.214481,3,723.690965
-2.219964,3,723.739529
-1.100549,2,723.767064
-1.138465,2,723.810764
-2.223387,3,723.859911
-1.127409,2,723.895961
-2.205454,3,723.945029
-2.23848,3,723.997102
-1.088788,2,724.030837
-0.021755,1,724.048354
-1.127707,2,724.080908
-3.284279,4,724.157007
-2.223443,3,724.206604
-3.367235,4,724.274885
-3.329653,4,724.346987
-3.319939,4,724.41861
-2.259695,3,724.466844
-2.202048,3,724.516986
-1.104316,2,724.553047
-1.062833,2,724.591095
-2.191105,3,724.640327
-3.350217,4,724.702962
-3.312471,4,724.772056
-1.082721,2,724.810114
-2.263138,3,724.853992
-3.28563,4,724.927109
-2.199519,3,724.97588
-0.045691,1,724.999433
-2.217956,3,725.049515
-1.115825,2,725.084062
-2.290511,3,725.133781
-3.288515,4,725.199977
-1.117081,2,725.236024
-2.15908,3,725.286096
-2.211803,3,725.338406
-3.310586,4,725.413022
-1.127436,2,725.447061
-2.208575,3,725.493146
-1.089096,2,725.522967
-2.174828,3,725.580044
-1.088931,2,725.611112
-2.18437,3,725.660827
-1.142489,2,725.690866
-2.17516,3,725.744931
-1.107088,2,725.775972
-2.248921,3,725.826044
-3.365152,4,725.893282
-2.240959,3,725.949914
-2.209924,3,725.999477
-1.10656,2,726.034085
-2.176714,3,726.081928
-2.241695,3,726.141061
-1.125677,2,726.174095
-2.214542,3,726.220898
-1.128427,2,726.252941
-1.089784,2,726.293993
-2.175722,3,726.348407
-2.233392,3,726.399489
-2.268376,3,726.456805
-2.247955,3,726.506904
-3.289386,4,726.578498
-0.042504,1,726.594023
-0.035771,1,726.608564
-0.009438,1,726.629591
-2.238848,3,726.678764
-1.120769,2,726.70662
-3.329201,4,726.762835
-3.37306,4,726.830556
-3.369386,4,726.89643
-2.271093,3,726.945104
-1.11597,2,726.979274
-1.123948,2,727.017014
-1.123969,2,727.048559
-1.104579,2,727.076095
-2.154432,3,727.125307
-3.366718,4,727.195924
-1.124094,2,727.225982
-2.183976,3,727.274049
-3.349485,4,727.336743
-3.3568,4,727.408505
-0.039982,1,727.423031
-2.236347,3,727.470094
-0.012378,1,727.486115
-2.185579,3,727.54097
-1.096282,2,727.573009
-1.093848,2,727.604048
-2.239878,3,727.653118
-1.123325,2,727.68587
-2.24885,3,727.729925
-3.404857,4,727.791002
-2.176524,3,727.833049
-2.189792,3,727.887109
-2.177078,3,727.934982
-2.24933,3,727.988988
-2.229219,3,728.033112
-1.106095,2,728.072303
-3.32945,4,728.138532
-3.288582,4,728.202837
-0.009769,1,728.216847
-2.173698,3,728.271944
-2.214086,3,728.322008
-2.194486,3,728.369565
-1.091256,2,728.404114
-1.079958,2,728.445784
-2.181774,3,728.494904
-2.223722,3,728.544405
-2.269475,3,728.591058
-1.124491,2,728.628604
-3.279108,4,728.686897
-1.091052,2,728.718444
-2.189036,3,728.763003
-1.109735,2,728.795037
-1.087189,2,728.82708
-0.026217,1,728.84611
-3.286529,4,728.902922
-2.174763,3,728.954987
-2.28009,3,729.008566
-3.278228,4,729.071249
-2.257258,3,729.125183
-2.238123,3,729.183922
-1.104005,2,729.217171
-2.176077,3,729.266883
-1.084088,2,729.30245
-2.279426,3,729.361133
-0.042628,1,729.377184
-2.205168,3,729.431214
-1.109866,2,729.461864
-2.242185,3,729.51299
-1.136035,2,729.543033
-3.347391,4,729.610119
-2.23948,3,729.655927
-2.242149,3,729.70302
-2.211218,3,729.748582
-3.443663,4,729.802807
-1.080907,2,729.839921
-1.117867,2,729.875967
-2.18353,3,729.921045
-3.326464,4,729.98615
-1.069981,2,730.016886
-2.282414,3,730.074967
-1.093549,2,730.10851
-2.261496,3,730.161089
-1.104044,2,730.195278
-2.189484,3,730.250992
-2.228939,3,730.296748
-2.27299,3,730.348364
-2.245149,3,730.402913
-3.328237,4,730.475016
-2.176506,3,730.525222
-0.023301,1,730.545222
-1.095462,2,730.599982
-0.041567,1,730.63602
-2.240143,3,730.701025
-2.276711,3,730.755223
-3.314731,4,730.821873
-2.245342,3,730.878447
-2.221212,3,730.937104
-2.250106,3,730.992917
-0.028738,1,731.012032
-0.030903,1,731.039569
-3.338782,4,731.106964
-2.241877,3,731.161057
-1.100252,2,731.196094
-3.344755,4,731.269538
-3.358212,4,731.332997
-0.039658,1,731.350022
-2.223237,3,731.402092
-2.173781,3,731.459395
-2.172536,3,731.512022
-2.22028,3,731.56959
-3.347512,4,731.636998
-2.189967,3,731.687059
-3.309976,4,731.743719
-1.068283,2,731.768787
-3.41365,4,731.832092
-3.30268,4,731.904545
-2.251669,3,731.950979
-1.146123,2,731.985016
-2.192528,3,732.036095
-0.037555,1,732.058634
-3.301335,4,732.126371
-1.070301,2,732.158452
-2.203824,3,732.204522
-1.094911,2,732.244118
-1.081946,2,732.274978
-0.016551,1,732.289999
-2.167313,3,732.342114
-2.210037,3,732.396857
-1.103865,2,732.430408
-1.130461,2,732.463992
-2.176275,3,732.517096
-2.24155,3,732.573313
-2.233613,3,732.624977
-2.157524,3,732.671156
-3.363906,4,732.730913
-3.325955,4,732.797374
-1.130196,2,732.823915
-1.120151,2,732.856956
-1.121722,2,732.894011
-2.270283,3,732.952599
-0.005739,1,732.967251
-1.102087,2,733.003382
-1.097824,2,733.035985
-2.196366,3,733.089548
-2.206671,3,733.141937
-0.021898,1,733.15695
-2.271034,3,733.209532
-2.206342,3,733.263887
-2.159413,3,733.31547
-3.411169,4,733.386166
-3.318799,4,733.456824
-0.024445,1,733.475847
-2.197955,3,733.526418
-2.246116,3,733.577007
-2.218172,3,733.629257
-2.205382,3,733.684897
-3.322018,4,733.741998
-3.331129,4,733.806593
-3.298135,4,733.869849
-3.318625,4,733.942025
-2.175416,3,733.995087
-0.030528,1,734.011619
-2.223783,3,734.064874
-1.132033,2,734.108442
-1.120367,2,734.145077
-2.195482,3,734.197243
-1.073812,2,734.23416
-2.292398,3,734.29099
-1.098264,2,734.324106
-2.214184,3,734.378509
-1.126628,2,734.411094
-3.287172,4,734.483885
-3.317539,4,734.551068
-1.108148,2,734.584112
-2.205767,3,734.634005
-2.240208,3,734.687085
-3.303899,4,734.750499
-2.252427,3,734.795022
-2.274505,3,734.838611
-2.219183,3,734.893887
-0.025121,1,734.912432
-3.313095,4,734.979571
-2.248187,3,735.033825
-2.162639,3,735.089403
-0.011605,1,735.107433
-2.241557,3,735.157039
-0.016498,1,735.173066
-3.385985,4,735.251946
-3.349924,4,735.322536
-2.180963,3,735.372822
-2.214379,3,735.4234
-3.430929,4,735.501027
-2.249328,3,735.553221
-1.11994,2,735.585935
-3.297703,4,735.654062
-2.169231,3,735.707639
-3.287828,4,735.766967
-2.225577,3,735.810538
-2.190405,3,735.862119
-1.133801,2,735.904392
-0.012778,1,735.920417
-2.213587,3,735.966987
-3.304667,4,736.038609
-1.086995,2,736.079607
-2.247969,3,736.1309
-2.173914,3,736.189439
-1.111869,2,736.223171
-3.313792,4,736.299979
-0.013346,1,736.317014
-0.026909,1,736.333066
-3.318569,4,736.394842
-1.068787,2,736.435086
-2.23494,3,736.482868
-3.334982,4,736.558513
-2.209046,3,736.610529
-2.214984,3,736.665294
-0.04563,1,736.680914
-2.183541,3,736.729244
-1.094776,2,736.760335
-3.32069,4,736.854103
-1.129092,2,736.896862
-3.356389,4,736.974081
-2.235335,3,737.028319
-2.206243,3,737.084899
-0.048262,1,737.105433
-3.288931,4,737.180926
-2.237777,3,737.234506
-3.298547,4,737.319586
-1.10204,2,737.357131
-1.123215,2,737.399845
-2.177395,3,737.451164
-2.187658,3,737.515443
-1.108406,2,737.552087
-3.415144,4,737.627043
-2.175663,3,737.673105
-2.276333,3,737.736425
-1.115105,2,737.770004
-1.10244,2,737.801054
-2.252505,3,737.846004
-2.183521,3,737.902089
-1.110738,2,737.934703
-3.329047,4,738.000956
-0.049842,1,738.017471
-2.176781,3,738.073999
-2.234401,3,738.121114
-2.214278,3,738.174841
-2.233167,3,738.22196
-0.048209,1,738.245988
-3.280079,4,738.321332
-1.080663,2,738.355918
-3.298866,4,738.422524
-0.04502,1,738.443546
-1.128487,2,738.479083
-1.120117,2,738.513728
-2.1946,3,738.564336
-2.282044,3,738.623051
-2.165769,3,738.671115
-3.384486,4,738.730415
-3.300712,4,738.79304
-0.034639,1,738.813569
-2.166442,3,738.86631
-3.352684,4,738.935055
-2.235932,3,738.987734
-2.205193,3,739.040465
-0.028218,1,739.055943
-1.1192,2,739.090995
-2.201233,3,739.138549
-2.211408,3,739.190304
-2.235451,3,739.23598
-2.162936,3,739.287042
-2.207505,3,739.337331
-1.087863,2,739.380953
-2.220018,3,739.428547
-2.205116,3,739.481151
-2.176625,3,739.528347
-1.127469,2,739.563903
-1.085202,2,739.604959
-0.022618,1,739.623214
-3.306803,4,739.690876
-0.038034,1,739.712409
-2.175882,3,739.765028
-1.093923,2,739.796076
-0.024163,1,739.816608
-3.322561,4,739.885858
-2.219186,3,739.938466
-0.045373,1,739.954989
-2.192913,3,740.004053
-3.337048,4,740.075226
-1.11621,2,740.107366
-3.32148,4,740.180003
-1.117255,2,740.212166
-2.253793,3,740.272856
-0.03976,1,740.290885
-2.210771,3,740.332994
-3.341912,4,740.401084
-2.216306,3,740.460859
-2.206702,3,740.513434
-1.130785,2,740.547464
-3.295972,4,740.614137
-3.306215,4,740.68503
-2.212004,3,740.73261
-3.364703,4,740.793411
-0.034064,1,740.811945
-1.07634,2,740.849494
-2.159239,3,740.905582
-2.200174,3,740.957219
-2.242812,3,741.006618
-2.241562,3,741.065843
-1.068561,2,741.099396
-0.044674,1,741.115993
-2.275884,3,741.168566
-0.048824,1,741.192106
-2.170676,3,741.241802
-2.226525,3,741.293877
-2.231109,3,741.347078
-2.187936,3,741.40489
-3.378758,4,741.474077
-3.461559,4,741.540874
-3.396637,4,741.615477
-1.104777,2,741.655917
-1.136972,2,741.691963
-1.093649,2,741.728287
-2.15924,3,741.776979
-1.110992,2,741.817531
-1.10039,2,741.851277
-0.03279,1,741.868384
-2.229439,3,741.922978
-2.189314,3,741.984561
-1.139514,2,742.019275
-2.196472,3,742.079464
-2.226272,3,742.133038
-1.127966,2,742.17209
-1.081827,2,742.207637
-1.071211,2,742.241866
-2.242641,3,742.296932
-1.118935,2,742.335985
-2.253392,3,742.388561
-1.109615,2,742.424113
-1.078232,2,742.462831
-3.376906,4,742.534434
-3.344609,4,742.608982
-0.042733,1,742.626014
-1.120326,2,742.66707
-2.241041,3,742.730587
-1.066823,2,742.766018
-1.068101,2,742.800075
-3.396741,4,742.868468
-2.185297,3,742.928556
-1.116844,2,742.964107
-3.432966,4,743.038986
-3.371695,4,743.112013
-1.107732,2,743.157071
-3.302456,4,743.230033
-2.225575,3,743.280814
-1.115658,2,743.316855
-3.315551,4,743.390962
-0.030746,1,743.408482
-2.21544,3,743.464063
-1.092659,2,743.500111
-2.166981,3,743.563899
-0.011276,1,743.583927
-2.19634,3,743.637006
-2.246379,3,743.691096
-3.352895,4,743.770038
-1.113119,2,743.806577
-2.270892,3,743.860469
-3.273565,4,743.941078
-3.320725,4,744.02103
-3.341265,4,744.093117
-1.116414,2,744.1268
-1.070951,2,744.16195
-2.184414,3,744.219531
-2.236008,3,744.272813
-3.375407,4,744.346004
-0.044478,1,744.365034
-2.236975,3,744.432043
-2.198993,3,744.487102
-3.323068,4,744.564018
-0.04556,1,744.58204
-2.247633,3,744.645138
-2.187756,3,744.696909
-0.044238,1,744.714934
-0.042802,1,744.732964
-3.294999,4,744.812071
-1.080723,2,744.847105
-1.065432,2,744.883925
-3.326056,4,744.960027
-2.232471,3,745.020113
-1.109015,2,745.055214
-1.070821,2,745.090966
-2.165989,3,745.140626
-1.083635,2,745.182092
-3.310274,4,745.252866
-3.332655,4,745.319948
-2.188318,3,745.370344
-2.188148,3,745.427074
-2.200794,3,745.475273
-3.377465,4,745.545925
-1.109312,2,745.580998
-2.190436,3,745.637072
-1.124806,2,745.671765
-2.215616,3,745.720919
-3.348281,4,745.786999
-2.155312,3,745.849597
-0.029863,1,745.867215
-2.225482,3,745.921923
-1.143592,2,745.958468
-1.143229,2,746.002037
-2.189068,3,746.055114
-2.186674,3,746.114099
-0.023047,1,746.130133
-2.22044,3,746.19092
-2.196482,3,746.243999
-2.220458,3,746.29856
-1.134148,2,746.336109
-3.321834,4,746.412961
-2.257752,3,746.468537
-2.221614,3,746.524117
-3.406752,4,746.600892
-2.257358,3,746.660499
-3.338235,4,746.728566
-0.012974,1,746.747085
-3.301899,4,746.810964
-1.13739,2,746.851015
-3.330865,4,746.899565
-0.025376,1,746.914083
-2.174662,3,746.961198
-3.363257,4,747.108392
-1.114643,2,747.159465
-1.089552,2,747.188497
-2.242727,3,747.230577
-1.117383,2,747.266101
-2.162,3,747.312949
-3.348397,4,747.372037
-2.219522,3,747.420101
-1.132506,2,747.453319
-0.010858,1,747.467337
-2.271847,3,747.513925
-2.202135,3,747.555977
-2.2139,3,747.607041
-2.205603,3,747.650105
-2.192003,3,747.690227
-0.014886,1,747.706081
-2.188131,3,747.757301
-2.215976,3,747.801879
-2.164043,3,747.846023
-0.021707,1,747.86105
-2.275848,3,747.913814
-0.015874,1,747.92832
-0.015941,1,747.946967
-0.010867,1,747.969518
-2.256764,3,748.046877
-2.1944,3,748.106987
-2.253987,3,748.162077
-3.344376,4,748.225303
-0.029261,1,748.243949
-3.334321,4,748.305034
-3.280915,4,748.376849
-2.253679,3,748.426924
-0.048778,1,748.451974
-0.022017,1,748.473009
-3.35836,4,748.565
-3.3347,4,748.642712
-2.202288,3,748.695881
-1.085617,2,748.726919
-2.240926,3,748.769996
-2.232011,3,748.813063
-2.208444,3,748.87073
-1.132409,2,748.900878
-0.008961,1,748.915898
-2.225191,3,748.974522
-1.119593,2,749.038534
-0.048447,1,749.057065
-3.330396,4,749.141992
-2.234739,3,749.193067
-2.260022,3,749.244783
-1.116947,2,749.27886
-3.415214,4,749.346057
-1.132904,2,749.380152
-0.03958,1,749.405233
-0.016494,1,749.419267
-2.253986,3,749.464936
-3.30027,4,749.527309
-2.19236,3,749.575983
-2.178247,3,749.624081
-3.303772,4,749.678743
-3.328008,4,749.731839
-3.330054,4,749.7869
-1.094995,2,749.821964
-3.340961,4,749.884044
-2.212369,3,749.932117
-3.419786,4,749.998346
-2.215611,3,750.043995
-2.214006,3,750.084045
-2.256761,3,750.124127
-3.292724,4,750.191819
-1.132996,2,750.220888
-2.214811,3,750.263942
-3.317507,4,750.344239
-2.194766,3,750.400961
-3.351827,4,750.45855
-0.045155,1,750.474074
-1.072061,2,750.50311
-1.097484,2,750.535826
-3.378181,4,750.593915
-2.238964,3,750.633467
-3.399052,4,750.685112
-2.221282,3,750.728762
-2.228251,3,750.769404
-2.183179,3,750.811964
-2.200058,3,750.857515
-3.362944,4,750.922752
-3.334362,4,750.979383
-0.039772,1,750.992901
-0.022463,1,751.006916
-2.27065,3,751.058553
-2.281719,3,751.097106
-2.182283,3,751.144825
-2.255072,3,751.188375
-3.345268,4,751.257516
-1.124006,2,751.291097
-1.108621,2,751.317232
-3.314414,4,751.381937
-2.173206,3,751.438548
-1.095462,2,751.473098
-0.02815,1,751.489172
-1.12532,2,751.519299
-2.168369,3,751.573954
-3.373935,4,751.638704
-1.151148,2,751.664883
-0.029053,1,751.680911
-3.281196,4,751.742077
-2.256004,3,751.787672
-0.016536,1,751.805751
-2.256877,3,751.846999
-2.247128,3,751.890061
-3.305985,4,751.951698
-3.333352,4,752.016573
-1.089323,2,752.04621
-2.172855,3,752.096903
-1.086447,2,752.128491
-0.048747,1,752.147021
-2.186676,3,752.193083
-2.245979,3,752.24877
-3.309257,4,752.309434
-0.037392,1,752.324461
-2.19374,3,752.374813
-3.46952,4,752.439412
-2.17658,3,752.489977
-3.285887,4,752.555891
-3.336115,4,752.614477
-0.031284,1,752.635141
-2.245145,3,752.675937
-2.226553,3,752.716502
-2.172544,3,752.753539
-2.194096,3,752.800107
-2.232144,3,752.840705
-2.236503,3,752.888608
-1.084623,2,752.914747
-3.351558,4,752.975834
-3.351475,4,753.038449
-0.045249,1,753.054971
-2.260064,3,753.099532
-1.129351,2,753.135101
-2.158418,3,753.179327
-2.21386,3,753.226397
-1.079038,2,753.257074
-1.063852,2,753.295722
-0.036374,1,753.312845
-2.228413,3,753.365768
-1.133306,2,753.394809
-1.135961,2,753.43101
-2.282003,3,753.478561
-1.125795,2,753.511111
-1.124213,2,753.545274
-2.216156,3,753.596859
-2.172334,3,753.648929
-2.241213,3,753.697363
-2.173706,3,753.74011
-3.294149,4,753.804875
-2.166282,3,753.845966
-1.073814,2,753.876005
-2.24895,3,753.919566
-0.039389,1,753.938675
-2.193224,3,753.982816
-1.067359,2,754.018873
-2.207484,3,754.067085
-0.049218,1,754.092134
-0.047171,1,754.109262
-2.271753,3,754.16084
-2.175121,3,754.20589
-3.328669,4,754.272908
-2.228272,3,754.322481
-3.347681,4,754.385832
-2.267613,3,754.436032
-1.075885,2,754.469574
-1.092308,2,754.496103
-2.192162,3,754.545361
-3.300369,4,754.604972
-0.027186,1,754.631185
-3.27966,4,754.689841
-2.25043,3,754.732928
-1.137555,2,754.765969
-2.176734,3,754.81655
-2.274804,3,754.866169
-3.286322,4,754.934481
-0.024113,1,754.952508
-0.038961,1,754.974532
-0.014567,1,754.993246
-3.316123,4,755.061737
-2.238873,3,755.111881
-3.292922,4,755.190047
-2.216027,3,755.241184
-1.130426,2,755.2729
-2.163986,3,755.327044
-1.131443,2,755.368599
-2.291909,3,755.419312
-1.081638,2,755.45193
-1.143692,2,755.484972
-2.237734,3,755.546143
-1.091344,2,755.583968
-2.249064,3,755.638604
-2.189842,3,755.686969
-3.276765,4,755.766075
-1.113411,2,755.794112
-1.102559,2,755.824338
-3.359559,4,755.894046
-2.217685,3,755.947612
-3.304809,4,756.011014
-1.080573,2,756.042106
-1.120339,2,756.07717
-2.236098,3,756.134966
-0.020564,1,756.151998
-0.041051,1,756.170588
-3.395486,4,756.241242
-2.2498,3,756.295107
-1.11117,2,756.333268
-2.219585,3,756.384017
-2.222934,3,756.436132
-0.033639,1,756.455873
-2.255475,3,756.508443
-2.210689,3,756.5621
-2.288798,3,756.612906
-2.200999,3,756.665011
-3.29648,4,756.726588
-3.350546,4,756.786194
-2.250475,3,756.835017
-3.356132,4,756.904111
-0.022203,1,756.919138
-1.13781,2,756.953823
-2.250933,3,756.99838
-3.295301,4,757.074018
-1.068979,2,757.107057
-2.268112,3,757.163203
-1.120317,2,757.193917
-2.252623,3,757.248536
-1.106844,2,757.284092
-2.197472,3,757.332255
-3.296997,4,757.398412
-2.204678,3,757.456494
-2.251447,3,757.509178
-0.046837,1,757.526231
-1.113969,2,757.559431
-2.20934,3,757.616515
-2.22053,3,757.661799
-0.031348,1,757.676812
-2.240412,3,757.725384
-2.277171,3,757.779472
-2.231786,3,757.827539
-2.290703,3,757.872603
-3.314362,4,757.941888
-3.279916,4,758.009976
-1.116738,2,758.045177
-3.313171,4,758.106909
-3.280607,4,758.169553
-2.228014,3,758.222717
-3.29534,4,758.288409
-2.166068,3,758.335479
-0.040449,1,758.353075
-2.191697,3,758.411281
-0.037555,1,758.42831
-0.045676,1,758.444834
-2.18569,3,758.4919
-2.264871,3,758.547038
-2.233023,3,758.5971
-2.201008,3,758.644851
-3.415225,4,758.710938
-3.335736,4,758.780044
-2.2289,3,758.832149
-3.297501,4,758.90392
-2.249496,3,758.950993
-2.218259,3,759.001061
-2.236776,3,759.050177
-2.237154,3,759.098376
-0.016068,1,759.112898
-2.209126,3,759.166965
-1.142905,2,759.199515
-1.078794,2,759.233064
-2.235264,3,759.281734
-0.009505,1,759.302271
-2.215394,3,759.35044
-0.012664,1,759.368571
-1.133659,2,759.400118
-2.204963,3,759.458396
-3.288301,4,759.521186
-2.229519,3,759.568335
-0.021201,1,759.585861
-1.131894,2,759.622926
-2.242334,3,759.666979
-2.243728,3,759.716051
-2.163688,3,759.757788
-2.215907,3,759.809942
-3.381907,4,759.872036
-2.220267,3,759.925108
-1.091564,2,759.954867
-2.184589,3,760.005938
-3.319049,4,760.06302
-2.208181,3,760.112093
-1.082422,2,760.145162
-3.301822,4,760.21489
-1.097427,2,760.245841
-2.182267,3,760.290392
-2.208905,3,760.341471
-1.147801,2,760.379128
-1.092281,2,760.412863
-1.084054,2,760.444926
-1.093799,2,760.476958
-0.039518,1,760.499997
-3.387758,4,760.568335
-1.12787,2,760.599879
-2.175065,3,760.648507
-3.327868,4,760.715095
-2.282445,3,760.75726
-2.214988,3,760.802985
-2.231809,3,760.851073
-0.014264,1,760.872094
-2.213026,3,760.921446
-3.357141,4,760.986053
-2.190535,3,761.03269
-3.300342,4,761.095901
-3.294574,4,761.158334
-3.329053,4,761.222432
-3.382551,4,761.288562
-1.084304,2,761.327124
-1.107476,2,761.359826
-2.261336,3,761.403892
-1.11048,2,761.435931
-2.268068,3,761.486005
-0.045601,1,761.500025
-2.251721,3,761.544083
-2.236364,3,761.594781
-2.287065,3,761.650997
-0.020722,1,761.66601
-3.384831,4,761.72873
-2.166421,3,761.776953
-2.270187,3,761.831026
-1.100365,2,761.862065
-2.161849,3,761.909151
-1.137524,2,761.939465
-3.280792,4,762.007057
-3.330976,4,762.063773
-1.097601,2,762.096486
-1.099262,2,762.127038
-2.284418,3,762.176099
-1.124252,2,762.20327
-2.222924,3,762.245981
-0.044895,1,762.261007
-2.178282,3,762.318575
-3.32667,4,762.381888
-1.110323,2,762.41693
-3.308369,4,762.480024
-2.234872,3,762.536095
-3.348423,4,762.602304
-2.224351,3,762.651987
-2.19554,3,762.697045
-3.305249,4,762.764115
-2.230272,3,762.809913
-2.177574,3,762.859591
-1.135196,2,762.891756
-1.079249,2,762.930537
-2.234022,3,762.980058
-1.063652,2,763.010089
-2.280545,3,763.064914
-1.078551,2,763.105971
-3.426463,4,763.170059
-2.184079,3,763.219131
-2.201348,3,763.261308
-2.176879,3,763.320995
-1.125427,2,763.352034
-0.0289,1,763.368551
-2.211719,3,763.422706
-3.28101,4,763.490569
-2.233416,3,763.543061
-2.269844,3,763.590714
-1.098774,2,763.62689
-2.252424,3,763.676947
-2.230712,3,763.717001
-2.207261,3,763.76407
-2.22317,3,763.808678
-1.097019,2,763.847046
-2.186847,3,763.897116
-0.035632,1,763.913718
-0.049562,1,763.931234
-1.125468,2,763.972874
-1.095046,2,764.004079
-0.005909,1,764.022078
-3.301396,4,764.088391
-2.170235,3,764.143983
-0.040374,1,764.164011
-2.189691,3,764.216084
-3.363471,4,764.283886
-2.231753,3,764.340991
-2.198919,3,764.397069
-2.211474,3,764.450804
-2.228708,3,764.500921
-2.197635,3,764.554957
-2.267391,3,764.604027
-0.040857,1,764.622052
-3.289395,4,764.682193
-1.091734,2,764.719917
-2.167677,3,764.766976
-2.249212,3,764.815034
-0.038715,1,764.832057
-2.220388,3,764.888624
-1.120773,2,764.920799
-3.274917,4,764.990941
-2.179997,3,765.037249
-2.217319,3,765.093898
-3.290795,4,765.15397
-3.371252,4,765.216259
-3.295868,4,765.282872
-0.006194,1,765.301899
-1.104873,2,765.335447
-3.335372,4,765.403205
-2.169378,3,765.451866
-1.122619,2,765.49092
-1.110835,2,765.525459
-0.042405,1,765.544016
-2.212302,3,765.594082
-2.207374,3,765.644927
-1.120926,2,765.674972
-1.089652,2,765.706012
-1.129832,2,765.734052
-2.21562,3,765.787118
-2.227782,3,765.834948
-2.157294,3,765.91212
-3.356336,4,765.998619
-1.131565,2,766.050443
-0.028497,1,766.069394
-1.123023,2,766.104944
-0.041486,1,766.123484
-2.199117,3,766.184897
-1.145512,2,766.220976
-0.041521,1,766.23901
-1.075028,2,766.27612
-1.137139,2,766.316876
-2.171731,3,766.370502
-0.03396,1,766.389069
-1.105572,2,766.419824
-2.207447,3,766.474069
-0.037237,1,766.491097
-3.291462,4,766.554012
-3.344431,4,766.624619
-1.120761,2,766.660884
-2.160034,3,766.706943
-2.180229,3,766.752067
-2.274337,3,766.797121
-2.234667,3,766.849988
-3.342448,4,766.913074
-2.216278,3,766.95724
-3.376209,4,767.020017
-1.12714,2,767.059064
-2.207547,3,767.105219
-2.262849,3,767.153933
-3.275746,4,767.213012
-2.169849,3,767.263722
-1.101483,2,767.293833
-2.225401,3,767.339419
-2.184559,3,767.385975
-3.317129,4,767.450212
-1.134022,2,767.482841
-3.377439,4,767.544977
-2.22521,3,767.59405
-1.130951,2,767.631148
-0.045283,1,767.644446
-3.317197,4,767.696081
-1.06768,2,767.72462
-3.308716,4,767.781927
-2.234057,3,767.825484
-2.271451,3,767.87115
-2.25863,3,767.919863
-2.202572,3,767.971034
-2.179431,3,768.017088
-3.279382,4,768.075888
-2.194206,3,768.11844
-1.109869,2,768.154104
-3.349384,4,768.358536
-2.233722,3,768.405117
-2.161162,3,768.445119
-2.190854,3,768.494857
-1.131127,2,768.522902
-2.206853,3,768.570047
-3.345424,4,768.627622
-2.23159,3,768.680844
-2.231504,3,768.720894
-0.040188,1,768.73341
-2.194999,3,768.773974
-1.116706,2,768.808515
-2.205706,3,768.849209
-2.193299,3,768.892839
-2.212756,3,768.938551
-2.256594,3,768.985117
-3.36998,4,769.046016
-0.043606,1,769.062043
-3.323851,4,769.12212
-2.242768,3,769.172988
-0.025586,1,769.187
-2.233557,3,769.233145
-1.120342,2,769.259262
-2.254445,3,769.309872
-2.23853,3,769.353954
-0.028181,1,769.366969
-2.253417,3,769.406028
-3.326002,4,769.465302
-1.13277,2,769.494016
-1.077457,2,769.522053
-1.102471,2,769.551126
-2.24938,3,769.600928
-1.092639,2,769.631027
-1.141551,2,769.658567
-3.296156,4,769.721846
-1.118029,2,769.755954
-3.328162,4,769.813042
-2.23124,3,769.862359
-2.229211,3,769.911983
-2.197047,3,769.966293
-0.04782,1,769.985918
-2.216521,3,770.03549
-2.244865,3,770.085089
-1.079641,2,770.126383
-2.231415,3,770.177091
-1.120481,2,770.210233
-3.39983,4,770.271914
-2.169006,3,770.321988
-2.228382,3,770.36709
-2.237012,3,770.415282
-2.220551,3,770.459472
-3.356351,4,770.526047
-2.245126,3,770.577119
-3.307478,4,770.643187
-2.204645,3,770.688471
-2.170716,3,770.73955
-3.295829,4,770.800883
-3.343845,4,770.863089
-1.118744,2,770.896135
-2.188642,3,770.951951
-1.06717,2,770.98414
-3.401206,4,771.049614
-3.317621,4,771.114959
-0.04452,1,771.137498
-2.218848,3,771.186562
-1.06684,2,771.22339
-1.066704,2,771.258456
-2.196172,3,771.310036
-2.168382,3,771.356339
-3.318686,4,771.421117
-1.132717,2,771.450957
-1.111228,2,771.490011
-3.326213,4,771.562984
-3.309868,4,771.631592
-2.215952,3,771.675853
-1.106461,2,771.709906
-0.01106,1,771.724431
-2.221463,3,771.774089
-2.261825,3,771.817215
-1.133695,2,771.858396
-2.165143,3,771.910765
-1.074934,2,771.944086
-2.187361,3,771.998404
-1.09965,2,772.036463
-2.205125,3,772.086724
-2.222625,3,772.132489
-2.248461,3,772.186076
-2.172763,3,772.238665
-2.201452,3,772.292843
-2.22952,3,772.370115
-2.211026,3,772.422053
-2.162166,3,772.478388
-3.305136,4,772.54921
-2.249907,3,772.599922
-2.276245,3,772.653494
-2.193113,3,772.709824
-2.184546,3,772.755918
-2.203625,3,772.800517
-1.130054,2,772.834063
-3.288814,4,772.904404
-1.099111,2,772.936958
-0.018367,1,772.953988
-1.120241,2,772.984032
-2.251793,3,773.041277
-2.232419,3,773.093004
-0.037563,1,773.110039
-1.085524,2,773.142338
-1.094378,2,773.181589
-3.379404,4,773.244909
-1.076784,2,773.276953
-1.12306,2,773.310508
-0.036543,1,773.332584
-0.013551,1,773.349597
-1.133871,2,773.382236
-3.286759,4,773.443411
-2.224219,3,773.496985
-2.250403,3,773.543115
-2.26801,3,773.592287
-2.251936,3,773.644
-2.187352,3,773.695063
-2.223249,3,773.7452
-0.042699,1,773.760256
-1.077118,2,773.790832
-1.137499,2,773.829401
-2.236795,3,773.877034
-2.19573,3,773.927618
-2.255858,3,773.980588
-0.035615,1,773.999569
-1.131074,2,774.037701
-1.102887,2,774.071864
-1.071063,2,774.106902
-2.157133,3,774.164111
-2.169323,3,774.210904
-2.188418,3,774.262815
-2.22995,3,774.31288
-1.109317,2,774.35201
-2.197947,3,774.403075
-3.301176,4,774.46525
-2.214694,3,774.51494
-3.40309,4,774.586099
-2.231618,3,774.634332
-2.196579,3,774.678506
-2.161237,3,774.731228
-3.317551,4,774.793921
-2.213671,3,774.842119
-3.283868,4,774.90996
-2.22224,3,774.961083
-3.320431,4,775.032913
-0.042123,1,775.052943
-3.419788,4,775.121027
-3.308242,4,775.195124
-2.263211,3,775.25341
-2.200074,3,775.302017
-2.178937,3,775.350826
-1.065799,2,775.382874
-2.200904,3,775.435005
-1.102009,2,775.467045
-1.095695,2,775.497083
-0.043944,1,775.512114
-2.260899,3,775.566813
-0.039516,1,775.584846
-2.193255,3,775.635917
-2.248463,3,775.682986
-2.274899,3,775.737157
-1.144216,2,775.770828
-1.136211,2,775.800865
-1.111043,2,775.836405
-3.3824,4,775.912294
-3.303066,4,775.978495
-3.328342,4,776.050201
-0.005012,1,776.068496
-1.139119,2,776.107044
-3.325285,4,776.180924
-1.108386,2,776.211961
-2.280509,3,776.26052
-2.262183,3,776.315958
-2.233424,3,776.368599
-2.20006,3,776.417316
-2.181604,3,776.466857
-3.377701,4,776.537452
-3.317618,4,776.604928
-3.334066,4,776.66204
-2.284269,3,776.707092
-2.165307,3,776.762882
-2.200868,3,776.814998
-2.241679,3,776.861306
-2.160008,3,776.918413
-3.341516,4,776.990762
-0.029146,1,777.007115
-3.345262,4,777.07604
-3.332305,4,777.147026
-0.024298,1,777.167048
-2.209467,3,777.220192
-2.185935,3,777.269362
-2.165174,3,777.324934
-2.268583,3,777.383948
-2.224858,3,777.438556
-1.120689,2,777.471264
-1.089099,2,777.500896
-2.254089,3,777.559574
-2.180949,3,777.608645
-2.194684,3,777.65541
-3.335385,4,777.716085
-1.108978,2,777.754839
-1.132183,2,777.784887
-2.231708,3,777.83446
-1.133733,2,777.869595
-2.279578,3,777.923874
-0.021162,1,777.941399
-2.283253,3,777.996888
-2.187217,3,778.049472
-1.105061,2,778.094049
-1.097099,2,778.129601
-3.396595,4,778.198373
-1.084986,2,778.233434
-2.190371,3,778.289531
-3.292368,4,778.358627
-3.278759,4,778.426388
-2.225875,3,778.480819
-1.078527,2,778.523877
-0.036286,1,778.542414
-1.125415,2,778.576966
-1.082559,2,778.610524
-2.224094,3,778.667312
-3.358728,4,778.724936
-1.073417,2,778.754053
-0.017553,1,778.771083
-1.095629,2,778.806129
-2.196791,3,778.856781
-2.239479,3,778.906847
-2.196951,3,778.955821
-1.090788,2,778.996901
-1.066797,2,779.032868
-1.101154,2,779.069411
-1.126754,2,779.105959
-2.29602,3,779.161125
-2.183028,3,779.21479
-3.301431,4,779.282955
-2.242476,3,779.334533
-1.126774,2,779.372824
-2.225913,3,779.425884
-2.235646,3,779.475445
-2.247427,3,779.529521
-3.37063,4,779.599806
-2.197995,3,779.649976
-1.08858,2,779.679513
-1.080739,2,779.711056
-1.138588,2,779.74726
-1.143293,2,779.776846
-1.136646,2,779.810403
-0.049401,1,779.824908
-2.179178,3,779.882111
-2.206896,3,779.936535
-2.22965,3,779.988324
-2.205569,3,780.036383
-2.254298,3,780.092982
-0.039435,1,780.110004
-3.352906,4,780.177589
-0.044067,1,780.196275
-3.275181,4,780.2709
-2.233316,3,780.323987
-2.252189,3,780.373052
-2.242075,3,780.431681
-3.370069,4,780.503884
-2.210895,3,780.55869
-2.208735,3,780.608566
-1.131783,2,780.645117
-2.224926,3,780.692311
-0.049411,1,780.706858
-2.17263,3,780.751917
-2.162723,3,780.794957
-1.08085,2,780.835453
-2.271537,3,780.891078
-1.079569,2,780.924114
-3.39359,4,780.993923
-2.211495,3,781.050997
-3.369183,4,781.117074
-1.121813,2,781.15277
-1.101906,2,781.196022
-2.268378,3,781.256104
-1.114771,2,781.29131
-1.09102,2,781.323903
-3.373338,4,781.397008
-2.241839,3,781.457172
-2.226956,3,781.50842
-0.047242,1,781.526946
-2.192083,3,781.57702
-1.098222,2,781.617072
-0.043273,1,781.635107
-1.118651,2,781.664244
-2.218055,3,781.709849
-3.373808,4,781.779582
-1.096361,2,781.809144
-0.014316,1,781.822252
-3.349202,4,781.889594
-2.169049,3,781.94693
-0.010768,1,781.96696
-3.321305,4,782.041073
-1.083152,2,782.075116
-0.014269,1,782.096174
-2.176204,3,782.152972
-2.18168,3,782.203044
-3.302368,4,782.283914
-2.247637,3,782.336987
-2.195351,3,782.392075
-1.094426,2,782.425111
-0.049679,1,782.444149
-1.075974,2,782.489388
-3.359131,4,782.560031
-2.282509,3,782.613617
-0.040581,1,782.631751
-1.074477,2,782.6673
-3.29777,4,782.730015
-2.22531,3,782.776065
-3.299261,4,782.8388
-3.317623,4,782.906998
-2.169317,3,782.957189
-2.217888,3,783.005412
-3.345335,4,783.073081
-1.127472,2,783.110298
-1.109522,2,783.146914
-1.067696,2,783.178451
-2.241199,3,783.228526
-2.217326,3,783.282177
-2.215012,3,783.331454
-1.128755,2,783.365006
-1.069064,2,783.396046
-0.045405,1,783.417073
-2.194242,3,783.469292
-2.212665,3,783.519462
-2.209907,3,783.565525
-1.129891,2,783.606745
-1.120495,2,783.639403
-1.141661,2,783.664443
-3.336325,4,783.724246
-3.308119,4,783.783936
-2.189026,3,783.828498
-1.128304,2,783.860165
-3.379207,4,783.924895
-0.041865,1,783.946428
-1.093461,2,783.975006
-2.193082,3,784.022076
-2.253145,3,784.070302
-3.337718,4,784.141006
-2.178332,3,784.190076
-3.394956,4,784.260288
-3.326763,4,784.321985
-3.401778,4,784.390853
-2.245427,3,784.437322
-1.073386,2,784.469929
-2.174544,3,784.520464
-2.194938,3,784.578392
-2.184516,3,784.626954
-2.226681,3,784.675056
-2.226028,3,784.716106
-3.287338,4,784.776849
-1.117971,2,784.806898
-2.241206,3,784.849611
-1.088273,2,784.877213
-2.238896,3,784.928458
-2.252074,3,784.971794
-3.396107,4,785.034378
-1.119366,2,785.064948
-3.311685,4,785.126029
-2.206182,3,785.174047
-2.188292,3,785.216098
-3.313321,4,785.274806
-3.392257,4,785.336406
-2.241297,3,785.381991
-1.129689,2,785.416039
-3.284654,4,785.475853
-1.122643,2,785.508395
-1.086372,2,785.53744
-3.290723,4,785.597064
-3.316884,4,785.653396
-1.089565,2,785.685966
-2.22895,3,785.725019
-3.44506,4,785.776878
-1.120804,2,785.803917
-2.180403,3,785.848475
-2.231979,3,785.891035
-1.128295,2,785.915064
-2.169227,3,785.954748
-2.22636,3,786.004898
-2.163963,3,786.045444
-0.039884,1,786.060462
-2.244919,3,786.105096
-3.328943,4,786.166919
-2.210448,3,786.206967
-2.222128,3,786.254066
-2.23502,3,786.295121
-2.191281,3,786.347051
-2.18933,3,786.392134
-1.102745,2,786.420787
-0.022788,1,786.439308
-0.021637,1,786.456844
-3.306045,4,786.516165
-1.074716,2,786.545354
-1.09889,2,786.574981
-0.011497,1,786.59701
-3.321477,4,786.65561
-1.121831,2,786.683823
-2.229585,3,786.72688
-1.107307,2,786.759496
-0.006746,1,786.773015
-2.223657,3,786.814068
-3.321531,4,786.8748
-2.187819,3,786.921864
-1.098851,2,786.95192
-3.351353,4,787.014999
-2.290383,3,787.065235
-3.394004,4,787.141535
-3.385656,4,787.209317
-0.048875,1,787.227113
-3.31185,4,787.290095
-3.310696,4,787.361931
-3.371822,4,787.430024
-1.094327,2,787.466109
-2.233439,3,787.514914
-1.10888,2,787.555044
-1.119266,2,787.588583
-3.365281,4,787.65427
-3.290299,4,787.716021
-3.289625,4,787.782307
-1.136045,2,787.811877
-2.247776,3,787.874096
-2.174043,3,787.936361
-0.035952,1,787.967007
-2.251328,3,788.018582
-3.337763,4,788.089487
-3.337017,4,788.157146
-0.041956,1,788.183281
-3.35302,4,788.256419
-3.407049,4,788.332057
-2.16885,3,788.380585
-1.12138,2,788.417248
-2.228564,3,788.464955
-2.241091,3,788.515021
-1.077731,2,788.549584
-1.11315,2,788.588434
-2.226855,3,788.641032
-1.11685,2,788.672075
-1.118129,2,788.702114
-2.273093,3,788.753856
-2.229731,3,788.796902
-2.234081,3,788.843475
-2.246347,3,788.888537
-2.215572,3,788.939603
-3.268268,4,789.006874
-2.262749,3,789.055439
-2.186164,3,789.101023
-2.25532,3,789.156305
-2.17432,3,789.20689
-1.140736,2,789.237431
-2.186394,3,789.28701
-3.315049,4,789.360853
-3.292306,4,789.428448
-2.159979,3,789.477022
-2.173347,3,789.532113
-0.023447,1,789.555197
-2.194466,3,789.603879
-1.092325,2,789.640477
-1.135478,2,789.674822
-0.038758,1,789.695852
-2.240466,3,789.745425
-2.217342,3,789.787468
-2.225172,3,789.837573
-2.167505,3,789.888617
-2.188531,3,789.935865
-1.084201,2,789.963988
-2.240868,3,790.011044
-2.177283,3,790.061613
-3.290506,4,790.126899
-1.084796,2,790.159993
-1.126375,2,790.194038
-1.104377,2,790.231098
-2.265225,3,790.283763
-2.216508,3,790.334971
-2.235688,3,790.38357
-3.342658,4,790.452418
-1.151073,2,790.484029
-3.330235,4,790.549154
-2.205995,3,790.603829
-2.187585,3,790.654935
-3.320099,4,790.714007
-1.107246,2,790.745581
-0.042452,1,790.762381
-2.200862,3,790.816949
-2.292453,3,790.866071
-0.037826,1,790.882101
-2.242918,3,790.930314
-2.226995,3,790.980383
-0.048158,1,790.996911
-2.211317,3,791.047487
-1.090771,2,791.079563
-1.123768,2,791.119131
-2.197961,3,791.168344
-2.261337,3,791.216899
-2.213465,3,791.266015
-2.223435,3,791.323504
-0.025447,1,791.341611
-2.180433,3,791.392894
-2.245169,3,791.439467
-3.33402,4,791.511072
-1.069698,2,791.544213
-3.30695,4,791.61199
-2.273539,3,791.657543
-1.073929,2,791.692804
-3.429186,4,791.748392
-1.134896,2,791.776947
-1.070685,2,791.808497
-2.26466,3,791.860542
-0.03951,1,791.877215
-2.244893,3,791.924945
-2.219516,3,791.972096
-2.215913,3,792.024277
-2.202278,3,792.07002
-2.248703,3,792.117076
-0.047477,1,792.1351
-3.345112,4,792.203085
-0.027971,1,792.221107
-0.014244,1,792.241161
-2.177904,3,792.294332
-0.042452,1,792.314892
-1.130589,2,792.34945
-1.072194,2,792.383228
-1.078428,2,792.414832
-3.325488,4,792.484919
-1.065346,2,792.514953
-1.091189,2,792.546995
-2.246955,3,792.596063
-1.116663,2,792.634737
-2.212186,3,792.676855
-1.149447,2,792.709407
-2.197928,3,792.754038
-2.239271,3,792.805111
-3.371523,4,792.873905
-2.214822,3,792.923978
-2.267377,3,792.976115
-2.221764,3,793.02933
-2.251401,3,793.073945
-2.215217,3,793.122011
-0.048749,1,793.138532
-0.041369,1,793.157115
-1.125136,2,793.186791
-1.08074,2,793.223849
-0.010411,1,793.241379
-3.38069,4,793.316715
-2.193654,3,793.368669
-3.316776,4,793.431913
-2.192512,3,793.48004
-2.233956,3,793.537282
-0.021281,1,793.554972
-3.346338,4,793.617054
-1.114792,2,793.650568
-2.168366,3,793.69528
-3.326843,4,793.752049
-3.35706,4,793.809172
-2.185983,3,793.858481
-3.316061,4,793.935108
-2.255605,3,793.979866
-2.261135,3,794.025922
-2.27199,3,794.070995
-0.011833,1,794.095022
-2.214015,3,794.141087
-1.067216,2,794.169142
-1.079922,2,794.199866
-3.323315,4,794.269965
-1.140877,2,794.303081
-1.131181,2,794.335122
-0.04929,1,794.352215
-1.122047,2,794.390934
-1.1046,2,794.425972
-3.329188,4,794.484054
-0.004273,1,794.500075
-1.087725,2,794.534109
-3.365873,4,794.596902
-1.138467,2,794.629449
-2.179265,3,794.677011
-0.028149,1,794.697037
-2.184463,3,794.740791
-2.183687,3,794.78687
-3.380769,4,794.849462
-1.120692,2,794.887014
-1.086217,2,794.916051
-0.03632,1,794.932073
-2.244168,3,794.976165
-2.223252,3,795.021943
-1.090572,2,795.049474
-3.314766,4,795.106047
-1.083326,2,795.135086
-3.353517,4,795.199415
-0.007902,1,795.212933
-2.224235,3,795.252987
-2.18234,3,795.300057
-1.131315,2,795.333097
-2.210984,3,795.375889
-2.270616,3,795.418462
-2.218264,3,795.463526
-0.044733,1,795.483718
-2.246697,3,795.526967
-3.380158,4,795.586054
-2.202291,3,795.632116
-1.120167,2,795.66585
-3.341068,4,795.720464
-1.067133,2,795.746955
-3.397567,4,795.804039
-2.235149,3,795.855008
-3.383478,4,795.910623
-2.25311,3,795.954261
-3.341327,4,796.010589
-3.3158,4,796.071856
-3.306132,4,796.128432
-1.126726,2,796.156969
-0.021628,1,796.172996
-1.096108,2,796.20404
-2.261193,3,796.246107
-2.203666,3,796.290091
-1.11105,2,796.322926
-0.01526,1,796.339956
-2.295596,3,796.381996
-3.317238,4,796.441078
-2.234112,3,796.479245
-1.113758,2,796.51841
-2.162814,3,796.55997
-0.041965,1,796.573983
-2.167744,3,796.621058
-2.173953,3,796.665363
-2.184684,3,796.70692
-1.134948,2,796.73947
-2.246128,3,796.778519
-3.299056,4,796.844112
-3.334344,4,796.899357
-2.245356,3,796.943938
-2.232548,3,796.986994
-3.322701,4,797.066126
-2.262955,3,797.136154
-2.271698,3,797.19698
-2.179654,3,797.247062
-3.349098,4,797.316287
-3.387607,4,797.38694
-2.18959,3,797.440042
-3.381535,4,797.513788
-3.299269,4,797.58602
-2.158032,3,797.642218
-2.207739,3,797.684868
-0.04152,1,797.700896
-3.393792,4,797.764343
-0.025955,1,797.778417
-0.019402,1,797.792439
-2.23824,3,797.840572
-3.357568,4,797.905904
-2.249386,3,797.957009
-2.266641,3,798.004072
-3.345559,4,798.075842
-2.225335,3,798.124912
-2.219168,3,798.175505
-1.116346,2,798.209131
-3.305753,4,798.274878
-2.266964,3,798.325939
-2.190447,3,798.371005
-2.270878,3,798.422074
-2.198997,3,798.470747
-3.374735,4,798.53844
-2.183333,3,798.587
-3.386526,4,798.648579
-1.090639,2,798.680129
-1.117019,2,798.718753
-3.339848,4,798.772856
-2.177464,3,798.818419
-2.2396,3,798.864981
-2.183339,3,798.923054
-3.308477,4,798.987262
-2.24463,3,799.041266
-2.28043,3,799.09452
-2.153303,3,799.151905
-3.343355,4,799.214977
-1.071295,2,799.247015
-3.297194,4,799.308605
-3.302253,4,799.380921
-2.166285,3,799.425979
-1.130328,2,799.457016
-2.236491,3,799.502075
-0.021707,1,799.525105
-3.298554,4,799.589403
-3.331335,4,799.646971
-1.072925,2,799.676006
-2.211014,3,799.726079
-3.390841,4,799.784778
-0.044328,1,799.799305
-1.100306,2,799.829468
-2.191289,3,799.88205
-1.113622,2,799.917091
-2.235724,3,799.959266
-1.1357,2,799.990318
-2.157688,3,800.044959
-1.115379,2,800.075996
-1.11128,2,800.111354
-1.132614,2,800.142952
-0.03594,1,800.163978
-1.070663,2,800.196015
-3.347036,4,800.258605
-1.107939,2,800.294773
-2.196024,3,800.349396
-3.309944,4,800.409995
-3.319023,4,800.481086
-0.042075,1,800.495098
-1.098585,2,800.53402
-0.03647,1,800.548535
-2.27631,3,800.600112
-1.084952,2,800.633732
-2.274491,3,800.690935
-1.085089,2,800.720349
-3.32185,4,800.779456
-2.18538,3,800.827035
-3.374456,4,800.907204
-3.29134,4,800.973964
-0.006194,1,800.99199
-0.037187,1,801.007009
-2.309823,3,801.062441
-1.126246,2,801.09602
-2.236415,3,801.146085
-2.155053,3,801.196092
-2.263635,3,801.251066
-3.355273,4,801.314753
-2.162464,3,801.365968
-2.183862,3,801.415031
-1.110875,2,801.453083
-2.232123,3,801.503712
-2.221802,3,801.559928
-2.234045,3,801.610007
-2.20008,3,801.666077
-1.116513,2,801.694174
-0.049107,1,801.70936
-2.233683,3,801.753925
-3.384896,4,801.822018
-2.229878,3,801.872092
-0.020773,1,801.890116
-2.215544,3,801.936845
-2.24491,3,801.992988
-3.371991,4,802.056183
-2.197223,3,802.10686
-1.143353,2,802.144004
-1.099852,2,802.188585
-1.069387,2,802.229323
-2.170943,3,802.284914
-2.222867,3,802.340526
-3.386999,4,802.413944
-1.06933,2,802.452027
-0.035759,1,802.46854
-2.20652,3,802.521165
-3.314558,4,802.598378
-1.087536,2,802.629926
-1.140762,2,802.663998
-2.25338,3,802.714084
-1.078556,2,802.757199
-3.28401,4,802.821895
-1.104518,2,802.853938
-2.172264,3,802.908513
-1.113184,2,802.952094
-3.360084,4,803.019313
-2.221557,3,803.068499
-0.048268,1,803.086024
-2.182402,3,803.140099
-2.247683,3,803.196901
-2.23124,3,803.249488
-3.288595,4,803.319544
-2.233079,3,803.37431
-0.04077,1,803.391879
-2.200758,3,803.440947
-2.252014,3,803.486099
-3.385213,4,803.558443
-2.273733,3,803.607007
-2.260252,3,803.658694
-3.346852,4,803.721968
-2.268014,3,803.776285
-2.171366,3,803.820934
-2.19956,3,803.877117
-2.220606,3,803.929383
-1.074172,2,803.966074
-2.199367,3,804.015248
-0.028744,1,804.031859
-0.038482,1,804.05092
-2.235832,3,804.113995
-2.254428,3,804.165086
-2.231114,3,804.218304
-2.287167,3,804.269912
-3.302712,4,804.340479
-2.253488,3,804.387682
-2.251846,3,804.439937
-3.376304,4,804.506072
-3.472255,4,804.575314
-2.257689,3,804.631968
-1.123679,2,804.664507
-3.3069,4,804.723881
-3.41652,4,804.790856
-1.140624,2,804.819897
-0.046208,1,804.839926
-1.088125,2,804.875032
-3.27948,4,804.946321
-2.164831,3,804.99696
-3.28199,4,805.064564
-0.023445,1,805.080217
-3.360634,4,805.154052
-2.250303,3,805.203119
-1.082441,2,805.235282
-2.232214,3,805.288521
-2.196614,3,805.35013
-1.126314,2,805.380221
-3.420978,4,805.441891
-2.259969,3,805.487027
-0.00811,1,805.507049
-1.132934,2,805.541106
-2.228573,3,805.585822
-2.217777,3,805.63589
-2.223166,3,805.686978
-1.080105,2,805.718521
-1.11391,2,805.745567
-3.276353,4,805.803869
-2.208035,3,805.857441
-2.244015,3,805.905189
-2.20756,3,805.957411
-3.337189,4,806.017061
-1.147391,2,806.05927
-2.259594,3,806.106912
-3.308527,4,806.172094
-3.361473,4,806.229989
-1.081546,2,806.270086
-3.300509,4,806.331845
-1.095706,2,806.364897
-1.129014,2,806.403961
-2.186958,3,806.454536
-2.262558,3,806.502097
-2.23268,3,806.549388
-2.160946,3,806.595976
-1.130229,2,806.629522
-1.098703,2,806.659063
-2.273219,3,806.709244
-2.230133,3,806.755463
-0.013891,1,806.773482
-2.172469,3,806.817537
-0.041012,1,806.83533
-1.133256,2,806.865878
-3.321627,4,806.93698
-3.365692,4,807.003421
-2.16628,3,807.060114
-2.221526,3,807.114183
-0.049047,1,807.13526
-1.120244,2,807.173894
-3.349763,4,807.240994
-2.229285,3,807.290355
-2.273332,3,807.348476
-2.21758,3,807.397093
-1.119622,2,807.430551
-1.128484,2,807.464122
-1.098458,2,807.503742
-2.218865,3,807.55236
-1.123419,2,807.584962
-2.242329,3,807.632032
-3.307551,4,807.695665
-2.211175,3,807.740432
-2.167192,3,807.783
-0.039455,1,807.801023
-2.22068,3,807.854602
-3.274491,4,807.926056
-2.210877,3,807.97183
-1.10875,2,808.002867
-2.211558,3,808.05955
-0.037211,1,808.07707
-2.182073,3,808.126667
-1.10249,2,808.160946
-1.074956,2,808.196985
-3.310024,4,808.267623
-1.138779,2,808.30123
-3.451678,4,808.37069
-3.305864,4,808.442879
-1.070241,2,808.476416
-2.190874,3,808.523998
-0.012787,1,808.541023
-2.283391,3,808.593883
-2.260953,3,808.642951
-2.248321,3,808.687048
-0.029414,1,808.703078
-1.091899,2,808.740156
-1.128467,2,808.770201
-2.231105,3,808.81688
-1.137093,2,808.848435
-3.290015,4,808.916079
-1.133837,2,808.947649
-3.33699,4,809.010454
-1.124664,2,809.04555
-1.095058,2,809.083128
-3.378088,4,809.155462
-2.197515,3,809.200562
-3.294948,4,809.273911
-2.24781,3,809.326984
-0.026464,1,809.347516
-1.093743,2,809.380838
-2.264745,3,809.431953
-0.037032,1,809.457494
-2.227958,3,809.506097
-3.366444,4,809.571941
-3.302439,4,809.635343
-2.248549,3,809.685932
-3.329978,4,809.742024
-2.186325,3,809.786012
-2.233257,3,809.828573
-1.121962,2,809.86615
-2.217692,3,809.920874
-0.027399,1,809.936888
-3.30711,4,810.00414
-3.32652,4,810.07107
-1.084076,2,810.103109
-2.208287,3,810.146781
-3.401214,4,810.21194
-3.332453,4,810.276518
-3.321544,4,810.339389
-0.049396,1,810.355463
-2.229188,3,810.39903
-0.020024,1,810.418572
-0.036371,1,810.4386
-3.340852,4,810.496818
-2.248167,3,810.541886
-2.200685,3,810.592232
-3.318528,4,810.654464
-1.074849,2,810.68504
-1.119347,2,810.712077
-1.132147,2,810.745621
-3.277947,4,810.810899
-2.250692,3,810.857453
-2.181407,3,810.903054
-0.017303,1,810.924079
-3.314283,4,810.988405
-2.213238,3,811.033969
-1.080495,2,811.065104
-2.204375,3,811.119844
-2.224007,3,811.169497
-3.310105,4,811.228581
-1.142637,2,811.260254
-2.205035,3,811.312898
-2.172017,3,811.358463
-2.237636,3,811.403041
-1.122869,2,811.435076
-3.303327,4,811.501258
-2.24661,3,811.546548
-1.099269,2,811.578602
-1.101616,2,811.609406
-1.087049,2,811.645033
-2.207416,3,811.686887
-3.294879,4,811.749041
-2.155718,3,811.796218
-1.122798,2,811.832983
-3.306675,4,811.896835
-1.099284,2,811.932882
-3.358556,4,811.999218
-2.232202,3,812.053367
-2.285323,3,812.100961
-2.213854,3,812.148516
-2.210539,3,812.19723
-0.038833,1,812.222282
-2.266045,3,812.268582
-2.230041,3,812.320675
-2.256114,3,812.373499
-2.242894,3,812.436977
-3.28396,4,812.513987
-1.13929,2,812.553214
-3.325595,4,812.62592
-2.181303,3,812.677491
-3.355841,4,812.743105
-2.285337,3,812.78942
-2.226562,3,812.835995
-1.081918,2,812.872977
-2.276248,3,812.921045
-3.309392,4,812.986783
-0.030757,1,813.004043
-1.089342,2,813.041099
-1.122679,2,813.073712
-2.279846,3,813.123946
-1.129201,2,813.153172
-2.190721,3,813.209949
-3.310016,4,813.27213
-1.112352,2,813.30586
-2.190091,3,813.353441
-1.125067,2,813.397092
-2.228527,3,813.446323
-3.292896,4,813.510931
-2.266758,3,813.558556
-1.136234,2,813.596099
-3.308673,4,813.658496
-2.166657,3,813.699181
-3.348171,4,813.756395
-0.029167,1,813.777417
-1.124768,2,813.807064
-1.132061,2,813.836106
-0.030133,1,813.850133
-2.176184,3,813.902833
-3.278972,4,813.969501
-2.272482,3,814.014055
-1.133098,2,814.050114
-1.080543,2,814.0863
-1.092253,2,814.121895
-2.201481,3,814.168973
-1.105158,2,814.199508
-1.113991,2,814.234067
-3.274027,4,814.302323
-3.320652,4,814.367444
-1.114858,2,814.4014
-0.042958,1,814.419966
-0.042793,1,814.436982
-1.133253,2,814.466039
-0.013862,1,814.485068
-2.184559,3,814.536201
-2.247771,3,814.582026
-1.122325,2,814.614207
-2.212136,3,814.659445
-2.264666,3,814.71211
-0.022096,1,814.727139
-2.213851,3,814.77087
-2.162663,3,814.814929
-3.304358,4,814.881044
-2.231948,3,814.927099
-3.306179,4,814.985935
-1.112779,2,815.016971
-0.006726,1,815.040004
-2.190082,3,815.08489
-2.205091,3,815.131954
-2.242664,3,815.180925
-1.139292,2,815.216968
-2.212788,3,815.264539
-2.211073,3,815.31159
-0.010707,1,815.330615
-2.218222,3,815.390964
-2.227081,3,815.438521
-3.335698,4,815.503831
-2.212027,3,815.549388
-3.275187,4,815.617001
-1.123916,2,815.64654
-2.183805,3,815.693859
-2.226972,3,815.741921
-2.229696,3,815.790051
-1.066057,2,815.820365
-2.21458,3,815.864252
-3.332188,4,815.928542
-1.125494,2,815.962231
-1.123743,2,815.991042
-2.243256,3,816.041113
-1.088063,2,816.072879
-1.127916,2,816.111941
-2.239621,3,816.160448
-1.067893,2,816.193116
-1.121931,2,816.22586
-2.189404,3,816.277072
-2.233073,3,816.320893
-2.241688,3,816.376882
-2.167666,3,816.426954
-1.1107,2,816.466057
-1.129143,2,816.495101
-2.241131,3,816.543255
-2.250158,3,816.590336
-0.041549,1,816.610986
-3.292661,4,816.672829
-3.32903,4,816.726897
-2.213572,3,816.771475
-2.193061,3,816.820542
-3.291298,4,816.878754
-2.215115,3,816.924882
-3.348926,4,816.978526
-1.088492,2,817.013083
-0.036802,1,817.027094
-0.032936,1,817.042133
-1.125208,2,817.073853
-3.305353,4,817.136951
-1.119619,2,817.166491
-1.07461,2,817.195249
-2.202993,3,817.241843
-0.012643,1,817.261942
-2.279135,3,817.310566
-2.266884,3,817.356224
-2.210043,3,817.40292
-2.223581,3,817.454501
-3.398787,4,817.508323
-2.205969,3,817.556387
-1.084958,2,817.587149
-2.273466,3,817.636851
-2.215631,3,817.681944
-2.15758,3,817.726001
-1.131986,2,817.755546
-3.320855,4,817.813856
-2.265618,3,817.854416
-2.23769,3,817.896972
-0.037546,1,817.913
-1.139052,2,817.947542
-2.244546,3,817.991701
-0.0057,1,818.006213
-2.244382,3,818.049453
-1.097938,2,818.084819
-3.308595,4,818.143903
-2.232247,3,818.187449
-2.162957,3,818.235025
-1.082635,2,818.268616
-2.231139,3,818.312867
-2.217865,3,818.354428
-2.25116,3,818.398721
-2.228855,3,818.447433
-3.340235,4,818.518601
-2.201404,3,818.57706
-1.123675,2,818.61081
-2.205421,3,818.674931
-2.159226,3,818.7195
-2.236674,3,818.765569
-2.19102,3,818.810814
-0.048217,1,818.831844
-1.093878,2,818.866158
-0.033958,1,818.883878
-2.22351,3,818.929953
-0.011848,1,818.949488
-3.308141,4,819.004103
-2.179595,3,819.043936
-2.248845,3,819.087486
-3.373884,4,819.149317
-3.365387,4,819.208402
-1.134156,2,819.236942
-2.236398,3,819.280074
-3.319757,4,819.354366
-1.10532,2,819.38102
-1.097404,2,819.412064
-0.032122,1,819.427075
-2.183458,3,819.473744
-2.164439,3,819.51488
-1.079469,2,819.544925
-2.22665,3,819.588544
-2.201607,3,819.641762
-3.347467,4,819.695007
-1.081584,2,819.722354
-2.265009,3,819.767509
-2.190868,3,819.813085
-3.378294,4,819.870896
-2.207158,3,819.91132
-2.278387,3,819.958371
-2.244383,3,820.006939
-3.319043,4,820.0686
-2.280677,3,820.111085
-2.22175,3,820.15016
-2.157184,3,820.199358
-1.103099,2,820.226892
-2.282128,3,820.272963
-2.23939,3,820.319526
-2.176796,3,820.368597
-2.208474,3,820.414577
-0.01339,1,820.431254
-3.375346,4,820.488596
-0.008132,1,820.512886
-1.070834,2,820.556966
-0.031251,1,820.581024
-2.175937,3,820.643056
-0.035884,1,820.668597
-1.119843,2,820.706917
-1.124216,2,820.742973
-2.236966,3,820.790657
-3.336296,4,820.866322
-2.203291,3,820.922019
-2.211551,3,820.970088
-1.09069,2,820.99927
-3.363684,4,821.065919
-1.134883,2,821.092963
-2.154883,3,821.13852
-3.304306,4,821.196102
-1.11739,2,821.236302
-3.361923,4,821.299447
-0.035806,1,821.314962
-0.023833,1,821.329984
-1.116461,2,821.366032
-3.383235,4,821.429613
-3.282796,4,821.490918
-2.175451,3,821.550019
-1.113723,2,821.604121
-2.238757,3,821.658506
-2.192946,3,821.714107
-2.225571,3,821.766991
-2.193002,3,821.821071
-2.234366,3,821.883948
-3.317727,4,821.951049
-2.271888,3,822.000695
-0.010362,1,822.020164
-0.006447,1,822.038342
-2.242278,3,822.078404
-2.22667,3,822.122962
-2.203886,3,822.172541
-2.16812,3,822.219104
-3.394868,4,822.284107
-2.256904,3,822.331321
-3.433456,4,822.406963
-0.024522,1,822.424998
-1.132568,2,822.459033
-2.218652,3,822.508414
-2.287679,3,822.562162
-3.322995,4,822.62838
-3.3242,4,822.686222
-0.035351,1,822.702867
-1.080656,2,822.738416
-2.212863,3,822.780888
-3.386017,4,822.844965
-3.31021,4,822.906071
-3.300183,4,822.975978
-1.115521,2,823.007042
-2.243542,3,823.066223
-2.195926,3,823.121098
-1.076621,2,823.163987
-0.007892,1,823.182019
-1.062795,2,823.219581
-1.121638,2,823.257401
-1.089012,2,823.297087
-3.294837,4,823.362892
-2.190279,3,823.412969
-3.302877,4,823.484934
-3.291104,4,823.555034
-3.420521,4,823.626197
-0.025252,1,823.639977
-1.130941,2,823.67103
-2.190563,3,823.720094
-2.183223,3,823.759934
-2.172021,3,823.807002
-2.17989,3,823.856071
-0.047905,1,823.875105
-0.02052,1,823.892144
-2.244394,3,823.94135
-2.191413,3,823.989918
-2.253358,3,824.046994
-0.022235,1,824.063019
-0.014012,1,824.080044
-2.233639,3,824.129128
-2.188156,3,824.179405
-3.281878,4,824.245287
-1.094275,2,824.275346
-1.085462,2,824.305379
-2.222874,3,824.374028
-0.048957,1,824.390051
-2.245321,3,824.435111
-0.002282,1,824.450841
-3.403046,4,824.516972
-1.088817,2,824.549524
-1.132296,2,824.583077
-3.26706,4,824.643132
-2.288495,3,824.692851
-2.262837,3,824.738412
-3.298185,4,824.797048
-2.23963,3,824.84411
-2.206977,3,824.900245
-1.124279,2,824.93037
-2.207239,3,824.994044
-1.088904,2,825.03914
-1.076364,2,825.085974
-2.214206,3,825.144049
-2.265018,3,825.192112
-2.260544,3,825.232972
-3.333087,4,825.298553
-0.038618,1,825.313073
-2.286777,3,825.357806
-2.27634,3,825.400367
-2.177497,3,825.453042
-2.173967,3,825.493109
-3.306685,4,825.54831
-1.138401,2,825.578358
-2.185887,3,825.623918
-3.394266,4,825.684161
-3.32082,4,825.737321
-2.236451,3,825.779975
-1.123871,2,825.810018
-2.177146,3,825.853568
-1.085429,2,825.885251
-2.232363,3,825.94619
-2.179745,3,826.002859
-2.229201,3,826.048418
-0.004729,1,826.063944
-2.221434,3,826.11201
-0.044225,1,826.135038
-2.171203,3,826.183106
-1.116871,2,826.215039
-2.244548,3,826.262109
-1.1075,2,826.296831
-1.120084,2,826.324951
-2.247081,3,826.366006
-2.239953,3,826.406057
-1.138337,2,826.441108
-2.220692,3,826.483826
-1.088141,2,826.511891
-1.066842,2,826.540927
-1.061167,2,826.579493
-2.233733,3,826.626056
-2.240893,3,826.669395
-1.091946,2,826.700661
-3.33938,4,826.764533
-2.263621,3,826.810073
-2.215269,3,826.861323
-2.205567,3,826.911995
-1.114005,2,826.950561
-3.304248,4,827.013297
-3.36244,4,827.075915
-3.300493,4,827.14002
-1.08619,2,827.175154
-2.177454,3,827.226924
-2.24185,3,827.273489
-2.197539,3,827.320557
-1.072913,2,827.357367
-1.12113,2,827.387144
-0.043789,1,827.403759
-1.107884,2,827.435332
-1.095228,2,827.470511
-0.018768,1,827.487035
-2.203008,3,827.537107
-2.218431,3,827.584866
-2.240439,3,827.641951
-2.23812,3,827.691274
-2.246175,3,827.735963
-1.14797,2,827.768508
-2.19689,3,827.816866
-1.109979,2,827.851917
-2.214876,3,827.897008
-2.225551,3,827.945076
-2.192006,3,828.002995
-1.136467,2,828.036037
-3.423798,4,828.107265
-2.207855,3,828.155504
-0.033143,1,828.175533
-2.16653,3,828.223148
-2.239677,3,828.275892
-0.047385,1,828.293922
-1.069146,2,828.331971
-3.307356,4,828.394542
-1.139849,2,828.429325
-2.166242,3,828.475462
-1.105259,2,828.50704
-2.271884,3,828.557616
-1.12292,2,828.58778
-2.16411,3,828.638395
-3.311405,4,828.706028
-0.010182,1,828.721055
-2.16125,3,828.774688
-2.190008,3,828.820851
-1.140995,2,828.861412
-2.185332,3,828.911065
-2.26269,3,828.960782
-3.385224,4,829.021999
-2.186365,3,829.077142
-0.014443,1,829.094796
-2.24661,3,829.140367
-2.17871,3,829.190876
-1.097495,2,829.232939
-2.229656,3,829.282061
-3.306857,4,829.343871
-0.034136,1,829.361402
-3.355422,4,829.433742
-0.034359,1,829.448756
-3.356729,4,829.511349
-1.136528,2,829.543393
-3.38466,4,829.609981
-1.114569,2,829.642033
-2.296368,3,829.682844
-2.202137,3,829.729904
-1.128448,2,829.763458
-2.248394,3,829.81029
-3.346809,4,829.870338
-2.193682,3,829.916956
-3.271053,4,829.98614
-1.090567,2,830.016839
-2.223674,3,830.06941
-2.219191,3,830.116116
-2.243511,3,830.17243
-3.329274,4,830.237078
-3.347871,4,830.306805
-1.086982,2,830.336851
-1.075997,2,830.375014
-3.318702,4,830.442112
-3.320682,4,830.500853
-3.316732,4,830.561427
-2.195382,3,830.611188
-2.223843,3,830.658306
-2.206208,3,830.699419
-1.075607,2,830.730765
-3.409154,4,830.793229
-2.251733,3,830.840816
-2.160817,3,830.890006
-3.380656,4,830.96221
-1.07657,2,830.998338
-1.118585,2,831.033901
-2.158906,3,831.083089
-1.095155,2,831.118758
-2.256258,3,831.175946
-3.326087,4,831.240541
-2.231348,3,831.290814
-2.249261,3,831.339885
-3.385608,4,831.413081
-2.176673,3,831.4592
-0.048192,1,831.479328
-2.244854,3,831.526804
-3.325245,4,831.593972
-1.069262,2,831.627016
-3.296356,4,831.684325
-1.118157,2,831.7139
-3.368847,4,831.786027
-2.220576,3,831.836103
-3.375035,4,831.899319
-1.08379,2,831.931911
-3.300521,4,832.003114
-3.297816,4,832.069412
-3.306948,4,832.13248
-2.247379,3,832.183062
-0.019935,1,832.204088
-0.035338,1,832.221118
-2.241931,3,832.270958
-3.334957,4,832.341057
-3.333669,4,832.415841
-3.415518,4,832.483006
-0.01569,1,832.497018
-1.113227,2,832.53107
-2.220328,3,832.585287
-3.34531,4,832.649214
-2.19998,3,832.694988
-0.014957,1,832.710009
-3.3794,4,832.769497
-3.370665,4,832.833136
-2.229555,3,832.882901
-0.040045,1,832.900931
-2.253849,3,832.956007
-1.103763,2,832.988556
-0.043249,1,833.004078
-3.300652,4,833.069292
-1.097399,2,833.109931
-0.049775,1,833.126955
-1.088633,2,833.162133
-2.172413,3,833.210948
-2.226024,3,833.26752
-0.030975,1,833.286213
-0.030483,1,833.302299
-0.046216,1,833.319389
-3.394868,4,833.394024
-3.2903,4,833.456104
-2.225808,3,833.511024
-3.335803,4,833.572145
-2.203548,3,833.620992
-1.124108,2,833.649526
-1.072815,2,833.679167
-2.241808,3,833.725911
-0.012248,1,833.743936
-2.160326,3,833.784032
-0.036433,1,833.800562
-2.179097,3,833.848601
-3.284812,4,833.918415
-1.110009,2,833.952961
-1.099046,2,833.988499
-3.298692,4,834.053858
-1.140482,2,834.08946
-0.01573,1,834.105983
-2.227767,3,834.157558
-3.446583,4,834.22093
-0.013141,1,834.24396
-2.251944,3,834.289269
-1.083703,2,834.322885
-0.022893,1,834.341924
-1.124207,2,834.376466
-2.233278,3,834.425116
-2.164162,3,834.47483
-1.116332,2,834.510883
-1.07976,2,834.545932
-2.20198,3,834.591004
-2.239746,3,834.635055
-3.413842,4,834.6933
-2.273767,3,834.738409
-1.127716,2,834.766943
-0.025363,1,834.783967
-2.232009,3,834.82702
-3.289915,4,834.896113
-1.119756,2,834.929304
-2.246893,3,834.973532
-2.166567,3,835.026118
-0.039286,1,835.045806
-1.122017,2,835.080664
-3.393014,4,835.148449
-1.069779,2,835.178504
-1.134207,2,835.218561
-1.092106,2,835.260868
-3.335653,4,835.350043
-2.205787,3,835.41219
-3.332259,4,835.483123
-2.249646,3,835.532869
-2.204052,3,835.590442
-3.362524,4,835.658382
-3.301855,4,835.724963
-0.037784,1,835.738476
-1.12762,2,835.767011
-3.311168,4,835.822085
-3.438277,4,835.892067
-3.364621,4,835.955191
-3.366216,4,836.019415
-3.365466,4,836.075318
-2.213391,3,836.140562
-2.192828,3,836.187304
-2.167825,3,836.235917
-3.412505,4,836.297107
-1.074869,2,836.34089
-3.35394,4,836.402978
-0.02119,1,836.419493
-2.243626,3,836.464044
-2.262306,3,836.516114
-2.244189,3,836.561817
-3.301782,4,836.622931
-2.231996,3,836.669497
-3.318731,4,836.726062
-3.333417,4,836.782211
-3.269739,4,836.836086
-1.128974,2,836.867662
-1.125618,2,836.900275
-2.260714,3,836.945903
-3.356614,4,837.007014
-1.124371,2,837.038562
-0.036427,1,837.057086
-2.174325,3,837.110026
-2.181324,3,837.154078
-2.214074,3,837.200249
-2.220818,3,837.246912
-1.111737,2,837.281281
-3.300759,4,837.336855
-0.044957,1,837.353883
-2.256643,3,837.408421
-3.294914,4,837.475108
-1.094219,2,837.5049
-2.17977,3,837.54996
-2.258733,3,837.596884
-2.221639,3,837.646963
-2.239689,3,837.68956
-2.173681,3,837.725107
-1.123286,2,837.756255
-3.306804,4,837.80393
-2.285895,3,837.845982
-1.063738,2,837.872023
-2.225932,3,837.917074
-1.074048,2,837.940875
-2.236053,3,837.98689
-2.201533,3,838.025948
-1.104517,2,838.056984
-3.386869,4,838.106834
-1.089755,2,838.13187
-3.311945,4,838.18394
-1.133634,2,838.214979
-1.098915,2,838.244013
-1.115982,2,838.271139
-2.19774,3,838.311828
-0.042455,1,838.329855
-1.113076,2,838.360903
-0.049795,1,838.373992
-1.116031,2,838.405033
-0.039784,1,838.42506
-0.042065,1,838.439582
-2.244142,3,838.48594
-3.283351,4,838.541027
-1.07399,2,838.574298
-2.239425,3,838.614966
-3.502007,4,838.665537
-1.092645,2,838.693094
-2.27267,3,838.734823
-2.223005,3,838.770921
-2.222326,3,838.804957
-3.312111,4,838.873382
-2.227314,3,838.936937
-1.144311,2,838.97651
-2.174554,3,839.025942
-2.267414,3,839.067503
-2.230855,3,839.116698
-3.354905,4,839.185005
-3.322689,4,839.247087
-2.231619,3,839.290194
-1.132079,2,839.321899
-2.158066,3,839.367455
-1.107497,2,839.397001
-2.210899,3,839.43505
-2.258922,3,839.477613
-1.077065,2,839.50594
-2.185818,3,839.545989
-3.362815,4,839.601799
-2.172425,3,839.643852
-2.239539,3,839.676392
-1.129914,2,839.696984
-2.262849,3,839.736034
-3.351177,4,839.783148
-2.226544,3,839.911953
-1.124521,2,839.947003
-1.124752,2,839.97216
-1.113384,2,840.003273
-2.2478,3,840.040219
-3.369303,4,840.086862
-1.070549,2,840.1119
-3.317577,4,840.167467
-1.080704,2,840.189487
-2.262008,3,840.224527
-3.289182,4,840.275091
-2.165535,3,840.324482
-0.044797,1,840.33649
-2.168647,3,840.384205
-3.295036,4,840.439318
-2.249821,3,840.486876
-3.354587,4,840.542953
-3.356083,4,840.605524
-2.156238,3,840.645179
-2.249294,3,840.690516
-2.214032,3,840.735105
-2.21315,3,840.773405
-1.103822,2,840.799949
-2.245977,3,840.853011
-2.222293,3,840.90158
-0.041183,1,840.919205
-2.248808,3,840.962927
-0.008943,1,840.984458
-3.350649,4,841.041516
-1.076376,2,841.070046
-3.27346,4,841.122112
-1.120492,2,841.160318
-1.138961,2,841.188351
-3.317547,4,841.243923
-1.135477,2,841.276007
-2.257184,3,841.324078
-2.170601,3,841.371161
-2.229398,3,841.415969
-3.340448,4,841.47555
-1.09906,2,841.511175
-1.096475,2,841.540268
-0.042663,1,841.555031
-3.301483,4,841.616345
-2.20089,3,841.662937
-2.177362,3,841.70349
-2.255824,3,841.743065
-0.014121,1,841.758577
-1.115577,2,841.790187
-3.322426,4,841.845927
-0.026399,1,841.862959
-2.155189,3,841.908512
-2.26212,3,841.958386
-3.299634,4,842.020497
-2.257193,3,842.063091
-1.138614,2,842.091225
-0.045277,1,842.111267
-2.230574,3,842.154902
-3.316799,4,842.213485
-1.135427,2,842.241523
-2.217399,3,842.291094
-1.115468,2,842.32021
-2.265174,3,842.367411
-1.064872,2,842.399494
-3.341882,4,842.464086
-1.108373,2,842.494172
-1.11031,2,842.524256
-2.222747,3,842.571999
-3.427037,4,842.637152
-2.173782,3,842.680837
-2.272827,3,842.720898
-3.298227,4,842.773474
-1.129591,2,842.811053
-3.295563,4,842.869152
-1.116913,2,842.900243
-3.358718,4,842.958367
-2.246981,3,843.008656
-3.273381,4,843.062897
-1.073652,2,843.090435
-0.037583,1,843.10497
-1.113231,2,843.139521
-2.172294,3,843.180104
-2.27377,3,843.222265
-2.23243,3,843.263306
-1.120179,2,843.296859
-3.393023,4,843.358446
-3.357464,4,843.417207
-0.048568,1,843.432249
-2.192133,3,843.479321
-2.230905,3,843.526924
-1.126439,2,843.555966
-0.005083,1,843.571019
-2.262145,3,843.623094
-0.037629,1,843.638612
-3.375592,4,843.691325
-1.091647,2,843.720937
-1.094121,2,843.754976
-3.378834,4,843.813201
-2.21081,3,843.85683
-0.020044,1,843.871357
-2.166031,3,843.920007
-2.213317,3,843.962055
-2.225665,3,844.009259
-2.203746,3,844.052848
-1.08002,2,844.083954
-0.033764,1,844.100976
-3.293109,4,844.15204
-2.22336,3,844.189123
-1.07197,2,844.219319
-3.358483,4,844.272588
-1.133319,2,844.298713
-0.030318,1,844.313282
-2.2254,3,844.36392
-3.281408,4,844.417115
-3.310688,4,844.484008
-1.093993,2,844.513045
-2.245343,3,844.564109
-2.233269,3,844.606771
-2.243056,3,844.651838
-1.140751,2,844.68088
-1.092885,2,844.71392
-2.270439,3,844.760984
-0.024433,1,844.775998
-3.388353,4,844.832078
-2.263735,3,844.883175
-1.109135,2,844.913797
-3.306614,4,844.969384
-0.031797,1,844.984398
-2.193265,3,845.025011
-2.203988,3,845.066062
-2.185069,3,845.106306
-3.357329,4,845.152049
-3.349195,4,845.210336
-2.228363,3,845.248518
-1.119538,2,845.274556
-2.245617,3,845.316189
-2.230933,3,845.358292
-2.19119,3,845.395536
-2.159995,3,845.433152
-1.137737,2,845.456284
-3.358741,4,845.519805
-1.120291,2,845.553811
-2.215847,3,845.640321
-3.278419,4,845.720838
-0.039332,1,845.745837
-1.146927,2,845.787358
-2.210317,3,845.841358
-1.085308,2,845.873868
-2.205911,3,845.924868
-1.117391,2,845.957873
-2.18621,3,846.004379
-3.294812,4,846.060382
-1.123361,2,846.092887
-1.134459,2,846.122887
-2.193726,3,846.162889
-2.165408,3,846.204394
-1.111782,2,846.235394
-1.131402,2,846.261398
-0.044653,1,846.273901
-2.167339,3,846.316902
-1.076997,2,846.347903
-2.227317,3,846.38541
-3.371673,4,846.440411
-1.108174,2,846.464414
-0.033256,1,846.483919
-0.029308,1,846.498919
-2.241714,3,846.549919
-2.204855,3,846.591425
-3.301528,4,846.651942
-2.238777,3,846.69045
-1.116221,2,846.71645
-0.024952,1,846.729576
-2.194831,3,846.783714
-1.099947,2,846.810928
-2.164729,3,846.853454
-3.297676,4,846.908199
-2.235285,3,846.954005
-3.303982,4,847.011521
-2.250624,3,847.052974
-1.101187,2,847.083974
-1.090787,2,847.116179
-3.319957,4,847.17123
-3.318041,4,847.227713
-3.421417,4,847.276366
-0.031183,1,847.29449
-3.378173,4,847.34584
-2.248047,3,847.384008
-3.381323,4,847.444006
-3.29113,4,847.506332
-0.035957,1,847.520512
-2.210469,3,847.561896
-2.200735,3,847.600899
-2.24531,3,847.653896
-2.238464,3,847.689896
-2.189986,3,847.729898
-2.270293,3,847.768991
-1.120529,2,847.798994
-2.199137,3,847.843617
-1.075847,2,847.872617
-3.385643,4,847.931712
-1.129184,2,847.967944
-2.225976,3,848.007542
-2.218043,3,848.04821
-1.098825,2,848.078362
-2.169831,3,848.134985
-2.261927,3,848.181499
-0.048318,1,848.195501
-2.262859,3,848.236357
-1.08568,2,848.264721
-3.323802,4,848.321968
-2.244827,3,848.361511
-3.289822,4,848.418625
-3.327917,4,848.474408
-0.047856,1,848.487407
-3.483741,4,848.549595
-1.115761,2,848.579128
-2.198102,3,848.631652
-2.173508,3,848.705975
-1.074018,2,848.754412
-2.231218,3,848.816412
-3.281072,4,848.889871
-1.074684,2,848.91487
-2.173647,3,848.956656
-2.250867,3,849.004115
-2.210076,3,849.055115
-2.246997,3,849.099114
-1.137109,2,849.133115
-2.212911,3,849.183117
-2.219539,3,849.229114
-2.233415,3,849.267114
-3.321729,4,849.319114
-0.045305,1,849.332116
-2.207512,3,849.380115
-2.166381,3,849.422114
-1.139507,2,849.447114
-2.251147,3,849.483116
-2.25184,3,849.528115
-3.286105,4,849.724114
-0.026883,1,849.737115
-2.163507,3,849.776115
-1.136543,2,849.805114
-2.179533,3,849.845115
-2.237141,3,849.881114
-1.104101,2,849.906114
-0.033847,1,849.925113
-2.162263,3,849.964116
-1.089271,2,849.989115
-1.138642,2,850.015114
-2.29362,3,850.059116
-3.333565,4,850.127624
-2.191162,3,850.165624
-3.357101,4,850.215624
-2.18864,3,850.259624
-3.425984,4,850.309624
-2.218533,3,850.343624
-2.181371,3,850.381624
-3.361203,4,850.434625
-0.026937,1,850.445625
-2.241755,3,850.484626
-2.223817,3,850.517623
-2.246446,3,850.554626
-2.237041,3,850.590625
-2.180038,3,850.623623
-2.269143,3,850.657624
-1.089339,2,850.686623
-3.300647,4,850.733624
-3.342211,4,850.777624
-0.023971,1,850.791624
-2.195112,3,850.832623
-2.179329,3,850.869625
-3.341953,4,850.921624
-2.166707,3,850.956626
-2.182059,3,850.999624
-1.122665,2,851.026624
-1.081545,2,851.052624
-2.181356,3,851.090624
-3.279116,4,851.148623
-3.358855,4,851.200624
-0.027332,1,851.212624
-1.102273,2,851.239133
-2.172443,3,851.279133
-3.292324,4,851.328132
-0.034917,1,851.341132
-2.188585,3,851.377132
-2.211187,3,851.417132
-3.300223,4,851.469134
-1.128703,2,851.491132
-1.125684,2,851.514134
-2.245497,3,851.555132
-1.132472,2,851.583133
-2.276511,3,851.619132
-1.137295,2,851.644132
-3.351089,4,851.697132
-2.198142,3,851.731133
-0.043889,1,851.743132
-3.336951,4,851.790132
-0.02533,1,851.807133
-2.202412,3,851.843133
-0.031242,1,851.855133
-2.156023,3,851.892132
-0.043813,1,851.908133
-3.295374,4,851.954133
-2.16641,3,851.989133
-3.315637,4,852.039133
-0.045958,1,852.055133
-2.252182,3,852.091133
-3.377975,4,852.141133
-3.379516,4,852.189133
-0.045889,1,852.211133
-1.135264,2,852.262134
-0.037944,1,852.281133
-2.257031,3,852.327134
-1.119674,2,852.367134
-2.258219,3,852.405643
-1.138283,2,852.429642
-0.049736,1,852.441643
-2.239059,3,852.485643
-1.12352,2,852.508644
-2.16208,3,852.548642
-3.36089,4,852.600643
-2.218186,3,852.642643
-1.123294,2,852.667642
-1.133033,2,852.690734
-3.27443,4,852.731735
-2.243114,3,852.767733
-2.238757,3,852.802736
-2.249621,3,852.836734
-3.3366,4,852.882735
-2.177079,3,852.920734
-1.141067,2,852.943734
-1.128427,2,852.967734
-3.297467,4,853.018734
-2.277628,3,853.059735
-2.285155,3,853.093734
-1.133946,2,853.118734
-2.185637,3,853.154183
-2.20047,3,853.190186
-2.253828,3,853.225182
-1.078601,2,853.250182
-3.410951,4,853.294182
-1.096209,2,853.321183
-1.07089,2,853.346183
-0.020363,1,853.357182
-2.19659,3,853.389182
-0.04563,1,853.411182
-2.176617,3,853.451183
-3.38175,4,853.496183
-0.03384,1,853.508187
-2.221963,3,853.54969
-0.027418,1,853.561692
-2.190059,3,853.595802
-2.249284,3,853.630801
-2.179497,3,853.668801
-0.044286,1,853.678801
-2.217534,3,853.710801
-2.206345,3,853.745803
-2.156066,3,853.789802
-2.179517,3,853.824801
-2.195811,3,853.867802
-2.230223,3,853.907801
-1.099067,2,853.931801
-2.198255,3,853.968802
-2.198492,3,854.008802
-1.079198,2,854.031801
-3.342312,4,854.082802
-2.278528,3,854.118802
-3.32615,4,854.163802
-2.203408,3,854.196897
-3.406303,4,854.245897
-2.189306,3,854.278896
-3.286705,4,854.327898
-2.258715,3,854.362896
-1.131989,2,854.387896
-2.265514,3,854.423898
-2.157699,3,854.458897
-2.202495,3,854.492896
-0.048193,1,854.506897
-1.098925,2,854.529899
-3.282722,4,854.578897
-2.250877,3,854.610897
-3.27655,4,854.665406
-2.171422,3,854.697479
-2.184363,3,854.730479
-2.225865,3,854.762478
-3.360753,4,854.810478
-1.063795,2,854.831479
-3.281966,4,854.876483
-2.168373,3,854.911479
-0.032456,1,854.926481
-2.272351,3,854.960479
-1.12893,2,854.98548
-2.217043,3,855.017478
-2.237365,3,855.058625
-1.099453,2,855.080625
-1.131581,2,855.104625
-2.224062,3,855.138623
-2.178791,3,855.178625
-1.107655,2,855.203627
-2.230305,3,855.237624
-1.110646,2,855.261624
-2.220987,3,855.298761
-0.037403,1,855.31276
-2.175974,3,855.348865
-3.275389,4,855.393866
-1.086562,2,855.424866
-2.203021,3,855.462865
-2.185087,3,855.495866
-2.263014,3,855.532867
-0.033561,1,855.546866
-2.224163,3,855.582867
-0.044144,1,855.594867
-2.17312,3,855.630866
-1.112226,2,855.657867
-2.264391,3,855.692866
-3.317881,4,855.738866
-1.067987,2,855.764866
-2.252206,3,855.804377
-2.178853,3,855.834377
-1.071811,2,855.856378
-0.007348,1,855.868377
-0.03639,1,855.885378
-2.2319,3,855.921378
-3.348586,4,855.970379
-3.33893,4,856.016377
-1.09568,2,856.041576
-0.045044,1,856.052576
-0.026617,1,856.064576
-3.30828,4,856.112575
-2.263912,3,856.151576
-3.359806,4,856.196576
-0.013041,1,856.207575
-2.180312,3,856.240575
-2.227338,3,856.279575
-3.323023,4,856.325694
-3.346719,4,856.369694
-2.204167,3,856.404693
-2.21657,3,856.442693
-2.178119,3,856.4752
-1.081366,2,856.495707
-0.046069,1,856.506706
-2.183661,3,856.546707
-3.297688,4,856.589706
-2.242871,3,856.623706
-1.082318,2,856.648706
-3.305759,4,856.694706
-1.105153,2,856.715706
-0.033039,1,856.725763
-3.32373,4,856.767201
-1.090974,2,856.791202
-1.101294,2,856.812201
-3.354257,4,856.863201
-2.216379,3,856.898201
-2.202296,3,856.938711
-2.24798,3,856.975711
-3.338089,4,857.020712
-1.136872,2,857.043917
-0.03716,1,857.060917
-3.365903,4,857.111917
-3.318972,4,857.155917
-0.017687,1,857.166917
-1.109708,2,857.196042
-3.312426,4,857.241042
-3.324483,4,857.291139
-2.265211,3,857.323138
-1.121712,2,857.351139
-2.207737,3,857.384139
-3.386129,4,857.431138
-1.136392,2,857.452139
-0.003514,1,857.467138
-0.045448,1,857.478139
-1.098627,2,857.501139
-3.318075,4,857.54614
-0.031595,1,857.561138
-2.206974,3,857.595139
-0.042596,1,857.608139
-2.165788,3,857.648222
-2.19388,3,857.68622
-2.253664,3,857.721221
-3.289777,4,857.77161
-0.027238,1,857.783611
-1.071214,2,857.808611
-3.379823,4,857.85461
-2.206193,3,857.88761
-2.219514,3,857.920611
-0.020646,1,857.93661
-2.189798,3,857.972719
-1.116173,2,857.994718
-2.174758,3,858.027719
-1.099763,2,858.05572
-3.328858,4,858.10323
-0.013003,1,858.114229
-0.039215,1,858.12623
-3.303622,4,858.176229
-0.041891,1,858.189231
-2.160157,3,858.22223
-3.306058,4,858.26523
-2.235249,3,858.30623
-2.243897,3,858.34023
-2.216775,3,858.374233
-3.315768,4,858.421229
-2.188274,3,858.457229
-1.132996,2,858.47823
-3.387667,4,858.52523
-2.28008,3,858.55723
-1.135698,2,858.584229
-2.241094,3,858.619229
-2.184131,3,858.652231
-1.09448,2,858.674448
-2.225137,3,858.710448
-2.276083,3,858.743447
-2.180978,3,858.773448
-2.231964,3,858.804448
-1.09241,2,858.831448
-3.338694,4,858.875448
-1.116583,2,858.898448
-2.167094,3,858.933449
-2.280375,3,858.967448
-2.272057,3,859.002449
-2.221774,3,859.037449
-1.131036,2,859.060448
-2.222922,3,859.099447
-2.2629,3,859.133448
-2.243004,3,859.170448
-3.28062,4,859.215451
-2.245535,3,859.253956
-0.015068,1,859.267956
-2.217047,3,859.302956
-1.120943,2,859.324956
-2.157426,3,859.366956
-1.072511,2,859.389958
-2.244474,3,859.422036
-0.022061,1,859.433035
-0.044438,1,859.447036
-2.221098,3,859.483095
-1.082433,2,859.50659
-3.319892,4,859.550591
-2.185194,3,859.59059
-2.267775,3,859.62459
-3.333606,4,859.66559
-2.222267,3,859.69959
-0.040094,1,859.71459
-2.228573,3,859.745589
-2.30559,3,859.777591
-2.233474,3,859.810589
-2.218725,3,859.84759
-3.344142,4,859.892591
-3.318489,4,859.94059
-2.238086,3,859.972589
-1.066808,2,860.00059
-2.270383,3,860.035591
-0.044246,1,860.04659
-1.125034,2,860.068589
-1.117015,2,860.094589
-1.113763,2,860.11759
-2.263837,3,860.15359
-2.253002,3,860.188589
-2.17074,3,860.227591
-2.19243,3,860.262592
-0.042773,1,860.27459
-2.228362,3,860.30759
-2.170357,3,860.348589
-0.028114,1,860.359591
-2.242791,3,860.392591
-2.244768,3,860.426098
-1.07057,2,860.452101
-3.323955,4,860.501099
-1.064163,2,860.523098
-3.367232,4,860.568098
-0.040012,1,860.583099
-1.135411,2,860.606098
-3.297512,4,860.648098
-0.02609,1,860.6591
-1.08942,2,860.686099
-3.309035,4,860.728098
-3.41257,4,860.770098
-3.321468,4,860.81418
-1.142276,2,860.839179
-2.23215,3,860.873179
-3.344435,4,860.92018
-2.189172,3,860.95718
-2.242781,3,860.99318
-1.09299,2,861.01718
-2.203806,3,861.04918
-2.2301,3,861.08218
-2.258742,3,861.12218
-3.332026,4,861.16818
-2.201026,3,861.201262
-2.267787,3,861.235261
-1.07301,2,861.261261
-1.080003,2,861.283261
-0.019444,1,861.29526
-1.099147,2,861.317262
-1.103771,2,861.346382
-0.033033,1,861.364383
-2.232233,3,861.426735
-3.332997,4,861.491736
-1.10479,2,861.521736
-2.271157,3,861.560247
-3.275205,4,861.60841
-2.196957,3,861.64441
-2.230052,3,861.686409
-2.160123,3,861.72241
-2.166865,3,861.759519
-2.237371,3,861.792521
-0.034255,1,861.80852
-1.08005,2,861.831519
-2.21052,3,861.866519
-2.234493,3,861.90252
-2.20258,3,861.945521
-2.18118,3,861.979519
-2.185198,3,862.01352
-1.140508,2,862.037519
-2.264364,3,862.076519
-1.112235,2,862.09952
-2.218119,3,862.135519
-1.118031,2,862.15952
-2.198473,3,862.19652
-3.360969,4,862.243519
-2.179701,3,862.277519
-2.241401,3,862.311519
-0.027527,1,862.325519
-3.335846,4,862.37252
-2.247697,3,862.40852
-2.174416,3,862.442519
-2.171339,3,862.48152
-3.329126,4,862.525519
-2.211817,3,862.56052
-2.222999,3,862.592519
-3.286419,4,862.639519
-2.224954,3,862.67252
-2.269186,3,862.703519
-3.355743,4,862.74703
-1.074367,2,862.77303
-2.202751,3,862.806029
-2.193484,3,862.838029
-1.137448,2,862.859029
-2.246446,3,862.898029
-1.111031,2,862.92103
-2.186807,3,862.952029
-3.316826,4,862.99903
-0.046101,1,863.01503
-2.194123,3,863.047029
-2.256878,3,863.081029
-1.103853,2,863.104031
-3.287784,4,863.15303
-2.245664,3,863.186029
-2.202549,3,863.221032
-0.045467,1,863.233029
-3.340176,4,863.282029
-0.042197,1,863.293029
-1.08854,2,863.317029
-3.386924,4,863.362028
-2.200293,3,863.402029
-0.006643,1,863.413029
-3.33222,4,863.459028
-2.159668,3,863.492028
-1.077671,2,863.519029
-0.024653,1,863.532028
-2.186078,3,863.56503
-2.235297,3,863.600031
-1.121881,2,863.62703
-1.085584,2,863.65103
-2.266972,3,863.684029
-1.118599,2,863.707029
-1.126779,2,863.733029
-2.244161,3,863.765029
-2.234927,3,863.798029
-2.17928,3,863.830029
-2.210508,3,863.871546
-2.209037,3,863.906538
-2.214142,3,863.940538
-1.134015,2,863.961538
-3.287916,4,864.01654
-1.105988,2,864.039539
-2.208816,3,864.07254
-3.297866,4,864.119539
-2.179027,3,864.159695
-2.216946,3,864.194765
-2.209466,3,864.228766
-2.180312,3,864.260767
-3.354069,4,864.313766
-2.255192,3,864.34811
-3.303028,4,864.392111
-1.077961,2,864.417109
-2.183766,3,864.454112
-3.427634,4,864.49811
-1.081977,2,864.52111
-1.132562,2,864.545109
-2.192837,3,864.583111
-2.264644,3,864.617112
-1.125007,2,864.64111
-2.174398,3,864.67511
-2.176039,3,864.71011
-1.091954,2,864.731109
-2.162826,3,864.76511
-2.233248,3,864.79711
-1.141661,2,864.821111
-2.219042,3,864.856111
-1.114903,2,864.879111
-2.190842,3,864.912109
-1.110594,2,864.93911
-0.040266,1,864.95111
-3.368498,4,864.999619
-2.190247,3,865.033617
-3.350131,4,865.085793
-3.330225,4,865.130792
-3.284791,4,865.177911
-0.036798,1,865.189911
-2.237911,3,865.226911
-2.194068,3,865.259911
-2.214835,3,865.294911
-3.324052,4,865.338911
-3.319894,4,865.388911
-2.238324,3,865.427911
-1.139201,2,865.44991
-1.101661,2,865.47191
-3.303535,4,865.524911
-2.168168,3,865.559911
-2.190907,3,865.593912
-0.031067,1,865.605912
-1.135616,2,865.634911
-1.128652,2,865.654911
-2.206731,3,865.685911
-2.201281,3,865.71717
-2.251875,3,865.76017
-3.319268,4,865.803429
-2.220716,3,865.837429
-3.398833,4,865.881429
-1.115411,2,865.907429
-2.162045,3,865.942589
-2.284319,3,865.977588
-0.044173,1,865.988588
-2.28909,3,866.02559
-3.44427,4,866.074682
-2.211996,3,866.107683
-2.279521,3,866.14219
-1.085521,2,866.169189
-1.11845,2,866.192189
-1.119525,2,866.21519
-2.204202,3,866.251189
-1.118213,2,866.278189
-2.19441,3,866.31119
-2.226023,3,866.343189
-0.040288,1,866.355189
-3.384396,4,866.404189
-2.196114,3,866.438189
-1.135313,2,866.46019
-2.258045,3,866.49719
-2.22896,3,866.53419
-3.360549,4,866.578189
-2.198792,3,866.614191
-3.408112,4,866.657188
-1.125899,2,866.681188
-2.179131,3,866.714189
-2.192242,3,866.746189
-0.036832,1,866.756189
-0.030223,1,866.77019
-2.230248,3,866.803514
-3.295461,4,866.847515
-1.12445,2,866.869512
-2.211179,3,866.906512
-2.244593,3,866.942513
-1.092441,2,866.965525
-2.17192,3,866.998627
-3.319317,4,867.047626
-1.124849,2,867.070626
-1.11675,2,867.092626
-0.019852,1,867.104627
-2.235696,3,867.143627
-2.281634,3,867.179628
-1.12048,2,867.202626
-1.091973,2,867.225836
-0.020496,1,867.239834
-3.311574,4,867.286569
-2.228678,3,867.318568
-2.204168,3,867.353678
-2.192709,3,867.392769
-2.225388,3,867.426769
-0.011097,1,867.437769
-2.247209,3,867.469769
-0.010262,1,867.48477
-1.090445,2,867.50777
-3.328227,4,867.551769
-2.241882,3,867.58677
-1.093942,2,867.611771
-1.109064,2,867.63277
-1.130539,2,867.65277
-1.117523,2,867.672771
-2.217986,3,867.71177
-3.303663,4,867.75377
-2.248148,3,867.78477
-1.132778,2,867.80677
-2.210331,3,867.845769
-2.249054,3,867.87777
-3.338496,4,867.92277
-1.11065,2,867.944772
-3.315639,4,867.99277
-2.247203,3,868.02777
-3.358181,4,868.074769
-3.380922,4,868.119776
-2.172091,3,868.15677
-3.284973,4,868.199769
-0.037024,1,868.21177
-1.066401,2,868.23277
-0.031263,1,868.252209
-1.078534,2,868.276209
-1.096893,2,868.296209
-1.109249,2,868.31921
-2.23662,3,868.357209
-1.101746,2,868.37921
-2.232373,3,868.412723
-3.301842,4,868.456719
-0.036246,1,868.47272
-2.280321,3,868.50672
-3.393659,4,868.54972
-1.081436,2,868.573719
-2.243215,3,868.61172
-2.255314,3,868.642719
-2.233217,3,868.674892
-2.195088,3,868.708959
-2.184499,3,868.74496
-2.258983,3,868.775959
-3.356496,4,868.81796
-3.372061,4,868.861961
-1.133669,2,868.888959
-3.354154,4,868.93396
-2.270326,3,868.967962
-1.119418,2,868.989961
-2.172429,3,869.029093
-0.028723,1,869.040092
-0.035197,1,869.051093
-2.215449,3,869.084093
-2.183953,3,869.122093
-2.206857,3,869.155092
-1.09566,2,869.178359
-2.223096,3,869.212358
-1.07087,2,869.241359
-1.082623,2,869.264358
-2.199093,3,869.297359
-2.19195,3,869.330359
-1.135158,2,869.355359
-2.159972,3,869.388359
-2.21983,3,869.420358
-2.245716,3,869.455358
-2.202797,3,869.493358
-0.049615,1,869.504359
-2.252721,3,869.537359
-3.293397,4,869.582869
-1.103082,2,869.608868
-2.205019,3,869.642869
-3.358954,4,869.685869
-2.253686,3,869.71687
-3.395934,4,869.76199
-2.177076,3,869.79399
-2.186373,3,869.824989
-2.163368,3,869.85799
-1.083954,2,869.887075
-2.226372,3,869.923075
-2.279863,3,869.957075
-2.211381,3,869.988074
-0.020678,1,870.005075
-0.047947,1,870.016075
-3.308855,4,870.066076
-3.346117,4,870.111075
-1.080463,2,870.137074
-0.009771,1,870.148075
-2.162482,3,870.183074
-2.264312,3,870.215193
-1.12656,2,870.242194
-1.099303,2,870.264194
-3.325533,4,870.308306
-1.083315,2,870.329308
-1.121426,2,870.355306
-1.091694,2,870.379307
-3.365288,4,870.422308
-3.331925,4,870.470306
-2.200721,3,870.507323
-3.328598,4,870.552306
-3.347328,4,870.598307
-3.321967,4,870.643306
-3.343426,4,870.691813
-0.02736,1,870.701816
-2.230736,3,870.735816
-2.166969,3,870.767817
-1.110255,2,870.794816
-2.229392,3,870.824816
-0.029652,1,870.835817
-2.171171,3,870.869818
-1.134,2,870.896817
-2.167039,3,870.930816
-2.210584,3,870.963817
-2.193408,3,870.997816
-1.111086,2,871.025816
-0.021835,1,871.037816
-2.228889,3,871.071818
-1.095312,2,871.094817
-3.307492,4,871.144816
-3.352595,4,871.187817
-3.406329,4,871.242818
-2.26696,3,871.278817
-1.128751,2,871.305816
-2.247247,3,871.340003
-2.202806,3,871.372004
-1.110801,2,871.393003
-2.237695,3,871.433004
-2.273061,3,871.466006
-2.232098,3,871.499003
-1.135515,2,871.520132
-3.356615,4,871.570217
-1.083773,2,871.592217
-3.386663,4,871.636216
-1.112146,2,871.658216
-2.163468,3,871.694358
-1.077601,2,871.716361
-2.255975,3,871.748359
-2.187714,3,871.783359
-2.236522,3,871.820359
-1.085918,2,871.842868
-1.079778,2,871.866869
-1.105568,2,871.888868
-3.351856,4,871.937869
-2.274645,3,871.972868
-2.215786,3,872.008868
-2.242679,3,872.040869
-0.042615,1,872.05587
-1.089771,2,872.077868
-2.283455,3,872.11287
-2.195043,3,872.146869
-3.339561,4,872.194869
-0.014371,1,872.208868
-1.088351,2,872.231868
-0.045938,1,872.243869
-1.121982,2,872.269868
-3.414829,4,872.315951
-2.242328,3,872.34995
-1.117504,2,872.37295
-2.19023,3,872.40995
-2.243842,3,872.44395
-3.292806,4,872.487949
-1.139702,2,872.50995
-3.320547,4,872.56195
-2.239198,3,872.59495
-2.290717,3,872.62795
-2.253334,3,872.66195
-1.131289,2,872.68795
-2.17402,3,872.719949
-1.102998,2,872.739949
-2.171386,3,872.773061
-2.203722,3,872.81106
-2.202941,3,872.843061
-3.355461,4,872.890134
-3.293532,4,872.935134
-2.237646,3,872.976136
-2.245869,3,873.010644
-3.28385,4,873.053644
-0.010705,1,873.064644
-3.293368,4,873.118643
-2.165161,3,873.151643
-2.291564,3,873.183643
-3.362979,4,873.229644
-2.258424,3,873.265643
-2.177766,3,873.299643
-1.125999,2,873.322644
-3.318851,4,873.366836
-2.258519,3,873.402835
-2.179871,3,873.435836
-2.19424,3,873.468835
-0.043955,1,873.479836
-1.084654,2,873.506835
-0.04699,1,873.517837
-3.319008,4,873.564836
-2.228556,3,873.598837
-1.098864,2,873.626835
-0.04812,1,873.639835
-2.223865,3,873.672836
-2.202814,3,873.703837
-3.337804,4,873.751836
-3.454873,4,873.794835
-3.34009,4,873.836836
-2.176704,3,873.875835
-2.175144,3,873.916836
-3.311937,4,873.962836
-1.095842,2,873.984837
-3.295453,4,874.028837
-1.110649,2,874.054836
-2.168568,3,874.089835
-3.318506,4,874.131839
-3.334102,4,874.179351
-0.046767,1,874.194349
-3.371347,4,874.238349
-3.345165,4,874.283349
-2.265979,3,874.316349
-2.274111,3,874.353349
-2.19705,3,874.387349
-1.079398,2,874.411424
-3.300256,4,874.456424
-2.190705,3,874.493423
-3.313071,4,874.539498
-2.245709,3,874.570498
-0.038926,1,874.581499
-3.372056,4,874.632584
-3.33995,4,874.675584
-2.256047,3,874.705585
-1.098847,2,874.728583
-2.164811,3,874.763584
-3.337573,4,874.806813
-2.173934,3,874.841071
-2.239437,3,874.876067
-2.166291,3,874.915067
-3.314002,4,874.962068
-2.268342,3,874.995067
-0.021925,1,875.005068
-2.195086,3,875.043067
-1.118614,2,875.067068
-1.083039,2,875.089067
-1.111542,2,875.109067
-2.159216,3,875.147067
-1.143146,2,875.170068
-2.223825,3,875.204071
-1.123305,2,875.227067
-2.163556,3,875.262069
-1.078183,2,875.285576
-0.019301,1,875.299575
-0.048003,1,875.311575
-1.135166,2,875.337575
-1.128488,2,875.359574
-2.207814,3,875.393917
-0.025716,1,875.404916
-2.178595,3,875.440917
-2.164865,3,875.473916
-1.114881,2,875.497916
-0.029827,1,875.509917
-1.098975,2,875.536918
-2.262738,3,875.575916
-3.433452,4,875.626915
-3.397993,4,875.670916
-2.200008,3,875.710916
-2.235387,3,875.743917
-3.323674,4,875.786916
-2.184352,3,875.817917
-1.079205,2,875.843915
-2.195828,3,875.876916
-3.374474,4,875.921916
-2.237443,3,875.955916
-3.318429,4,876.004916
-1.098822,2,876.026917
-1.112817,2,876.049916
-2.169621,3,876.082916
-3.286224,4,876.137916
-2.238159,3,876.174917
-2.213545,3,876.210916
-2.16458,3,876.244916
-1.124334,2,876.276918
-2.20073,3,876.311916
-1.079346,2,876.334917
-3.350175,4,876.377916
-2.182303,3,876.418918
-1.098065,2,876.442179
-2.2584,3,876.480179
-3.303849,4,876.529179
-2.2415,3,876.572179
-3.343741,4,876.625179
-2.205989,3,876.659178
-0.039106,1,876.67018
-2.221221,3,876.711264
-2.209685,3,876.747281
-2.163441,3,876.780282
-3.414415,4,876.825282
-2.218989,3,876.863281
-1.102128,2,876.886281
-2.163029,3,876.921281
-1.136247,2,876.944281
-2.174268,3,876.983281
-2.18283,3,877.017281
-2.213105,3,877.054283
-3.321155,4,877.103282
-3.297523,4,877.159282
-2.265747,3,877.195282
-1.082839,2,877.218282
-2.245743,3,877.255282
-1.127486,2,877.290281
-2.244349,3,877.328282
-1.128297,2,877.354464
-0.019698,1,877.367656
-2.248564,3,877.407654
-2.246664,3,877.442654
-3.287493,4,877.488654
-3.359674,4,877.537655
-1.142646,2,877.570165
-1.120761,2,877.595163
-2.166412,3,877.635454
-0.013744,1,877.649454
-2.167148,3,877.692455
-1.093895,2,877.716454
-3.340259,4,877.757454
-1.065356,2,877.777454
-0.038431,1,877.795523
-3.436455,4,877.843522
-2.199284,3,877.876523
-2.268312,3,877.915522
-2.277395,3,877.957523
-3.304386,4,878.002522
-3.296198,4,878.055522
-2.179861,3,878.089522
-2.196009,3,878.128522
-2.180082,3,878.162522
-2.180444,3,878.196521
-2.284538,3,878.230522
-3.353216,4,878.280522
-1.105849,2,878.302522
-3.318459,4,878.345523
-2.203139,3,878.377522
-3.357681,4,878.425522
-2.250581,3,878.460523
-1.088946,2,878.483522
-2.222779,3,878.515522
-2.246031,3,878.571522
-2.179653,3,878.608523
-3.312159,4,878.651523
-3.33698,4,878.697521
-1.093192,2,878.72403
-1.140478,2,878.74603
-2.301967,3,878.7802
-2.245782,3,878.826633
-2.249718,3,878.903632
-3.363988,4,878.966638
-2.237904,3,879.006632
-3.302327,4,879.051691
-1.099541,2,879.079695
-3.303792,4,879.125691
-1.119351,2,879.15069
-1.087781,2,879.176691
-3.357474,4,879.232692
-1.092972,2,879.255694
-2.179863,3,879.288691
-1.068681,2,879.314691
-3.371254,4,879.39607
-3.481009,4,879.46007
-2.251074,3,879.49907
-2.237104,3,879.53843
-1.107393,2,879.564429
-2.224068,3,879.59843
-2.222344,3,879.634429
-2.238349,3,879.67043
-3.345523,4,879.718429
-1.143686,2,879.738429
-3.278414,4,879.781429
-0.028374,1,879.792429
-2.197684,3,879.83043
-2.25197,3,879.863429
-2.242235,3,879.898429
-3.404148,4,879.941938
-1.118238,2,879.967938
-2.194976,3,880.004939
-3.389445,4,880.048939
-2.195368,3,880.081094
-2.254402,3,880.120095
-2.243578,3,880.154094
-3.304806,4,880.201224
-0.040301,1,880.212225
-3.329568,4,880.261225
-3.296271,4,880.305225
-3.329717,4,880.371225
-2.169122,3,880.424226
-3.285966,4,880.490698
-1.127927,2,880.514698
-2.22319,3,880.555699
-2.255039,3,880.589698
-3.329272,4,880.641697
-1.109745,2,880.666698
-2.191198,3,880.702698
-2.262528,3,880.732697
-2.185158,3,880.768698
-1.080696,2,880.789698
-0.032578,1,880.799698
-1.069705,2,880.820697
-1.089867,2,880.847697
-3.306287,4,880.892698
-1.101513,2,880.913698
-2.182813,3,880.946697
-2.240759,3,880.985698
-2.265263,3,881.020698
-3.370967,4,881.063862
-3.300231,4,881.111507
-2.234745,3,881.150506
-2.227971,3,881.187506
-2.260499,3,881.220508
-3.245943,4,881.264506
-0.030073,1,881.279506
-1.062366,2,881.303506
-1.121598,2,881.326506
-2.224532,3,881.358506
-0.048058,1,881.372506
-2.180121,3,881.409506
-2.270747,3,881.443507
-1.129413,2,881.466506
-3.283935,4,881.515506
-2.233088,3,881.547506
-0.012058,1,881.558506
-2.198249,3,881.591506
-2.206801,3,881.630507
-1.09917,2,881.651506
-3.272849,4,881.692507
-0.031478,1,881.702507
-3.364752,4,881.749506
-2.185144,3,881.779508
-1.084725,2,881.801506
-2.21076,3,881.834506
-1.128057,2,881.861507
-2.231554,3,881.897506
-3.328654,4,881.945506
-1.115136,2,881.968506
-1.118917,2,881.996507
-2.282328,3,882.027507
-0.049877,1,882.038509
-2.257716,3,882.072505
-3.309801,4,882.119507
-0.042493,1,882.129508
-3.314707,4,882.174507
-1.126811,2,882.198506
-3.375301,4,882.245015
-1.08548,2,882.270015
-2.195776,3,882.303014
-3.360085,4,882.345136
-2.170172,3,882.385136
-0.049815,1,882.397135
-3.331647,4,882.442138
-2.208467,3,882.474136
-2.192829,3,882.514251
-2.216868,3,882.547364
-2.25542,3,882.582364
-2.206106,3,882.617365
-2.250633,3,882.653363
-3.333087,4,882.695364
-3.333431,4,882.738364
-0.03554,1,882.749364
-2.174157,3,882.786366
-2.222293,3,882.820364
-3.299575,4,882.870364
-2.25148,3,882.931365
-1.072295,2,882.974365
-2.236123,3,883.019797
-2.176488,3,883.061797
-2.280141,3,883.094797
-1.117078,2,883.121796
-2.248221,3,883.158797
-2.162768,3,883.196796
-1.089048,2,883.220796
-1.09219,2,883.250796
-2.288817,3,883.287796
-3.415938,4,883.329796
-2.256492,3,883.363796
-3.272061,4,883.4118
-2.184306,3,883.445305
-3.363199,4,883.491306
-1.089914,2,883.515306
-2.18682,3,883.55147
-2.1839,3,883.585966
-2.207787,3,883.619966
-1.094713,2,883.641965
-3.2904,4,883.687966
-3.30572,4,883.732965
-2.219372,3,883.763964
-2.269301,3,883.794966
-3.348887,4,883.841965
-2.181198,3,883.876966
-1.117846,2,883.919966
-1.097503,2,883.955966
-2.219604,3,884.011968
-1.130055,2,884.039965
-2.237762,3,884.076965
-0.019738,1,884.088965
-2.182816,3,884.125965
-3.421642,4,884.172966
-2.251131,3,884.211966
-0.037422,1,884.223967
-1.133747,2,884.254967
-2.205226,3,884.288965
-2.24129,3,884.320965
-2.219632,3,884.371967
-1.109833,2,884.400966
-2.229302,3,884.436966
-3.395466,4,884.483965
-1.065827,2,884.506966
-2.28355,3,884.545139
-2.236404,3,884.579645
-3.353616,4,884.625647
-2.261495,3,884.657645
-2.181699,3,884.694644
-3.324884,4,884.737645
-0.032738,1,884.748646
-0.031454,1,884.758644
-2.221393,3,884.796644
-2.192782,3,884.829644
-1.120244,2,884.852644
-2.184692,3,884.883644
-2.27459,3,884.922644
-3.328313,4,884.965644
-1.123489,2,884.988644
-2.244039,3,885.023647
-3.311978,4,885.071645
-2.250048,3,885.103643
-2.22285,3,885.138644
-1.129104,2,885.160645
-2.231067,3,885.198643
-2.165077,3,885.234646
-1.135796,2,885.257644
-2.21586,3,885.289644
-3.300801,4,885.339645
-3.323196,4,885.383644
-1.096318,2,885.406645
-3.308165,4,885.476645
-2.202824,3,885.530753
-2.248412,3,885.575755
-0.047164,1,885.589753
-1.08906,2,885.612754
-3.332341,4,885.670752
-2.252751,3,885.706758
-2.176513,3,885.747263
-3.359858,4,885.795263
-2.22535,3,885.834263
-1.133115,2,885.857263
-3.351542,4,885.904546
-1.148624,2,885.927547
-1.133852,2,885.955547
-1.113318,2,885.978547
-1.08277,2,886.002641
-1.077341,2,886.024642
-2.253015,3,886.060642
-1.135884,2,886.083643
-0.04787,1,886.093642
-3.37092,4,886.140641
-1.10352,2,886.165641
-3.338835,4,886.210819
-1.074789,2,886.232819
-2.173383,3,886.265819
-1.1417,2,886.29282
-0.032561,1,886.303821
-0.025359,1,886.315819
-2.220155,3,886.352819
-2.220961,3,886.39082
-0.047354,1,886.402821
-2.206744,3,886.438819
-1.132721,2,886.459819
-1.132844,2,886.48682
-2.182123,3,886.51982
-1.13941,2,886.54282
-3.302513,4,886.58782
-2.19241,3,886.62482
-1.070334,2,886.645819
-2.218023,3,886.679819
-2.276148,3,886.710819
-3.337363,4,886.75582
-0.033878,1,886.767821
-1.118273,2,886.789819
-1.112592,2,886.810819
-2.160297,3,886.847822
-2.258713,3,886.884329
-1.084835,2,886.910328
-2.239622,3,886.945506
-2.265594,3,886.986506
-2.181232,3,887.023505
-3.340846,4,887.071505
-0.037266,1,887.082505
-2.170121,3,887.121505
-2.220335,3,887.153614
-2.20054,3,887.185722
-3.30429,4,887.231723
-1.065992,2,887.258723
-2.2244,3,887.291723
-0.044791,1,887.302723
-3.333424,4,887.347724
-1.096738,2,887.371723
-2.20843,3,887.404723
-2.220972,3,887.441892
-2.170894,3,887.473893
-2.285195,3,887.511892
-2.266283,3,887.547894
-1.069662,2,887.569893
-1.073208,2,887.592892
-2.202869,3,887.629892
-1.126292,2,887.651892
-3.345027,4,887.694892
-2.270839,3,887.725892
-2.282113,3,887.762892
-2.236679,3,887.794892
-1.134243,2,887.815892
-2.215106,3,887.847892
-0.031382,1,887.863892
-2.242567,3,887.896892
-1.080352,2,887.919892
-1.101556,2,887.942892
-0.012529,1,887.956892
-0.049671,1,887.970893
-2.177368,3,888.004894
-1.129844,2,888.026403
-1.063549,2,888.053401
-3.408941,4,888.099564
-2.257309,3,888.132563
-1.108596,2,888.155564
-3.372197,4,888.207563
-2.244469,3,888.240564
-2.207232,3,888.271564
-2.20138,3,888.306566
-2.197354,3,888.342564
-2.274275,3,888.376563
-2.161198,3,888.409802
-1.076003,2,888.432803
-2.26517,3,888.469804
-2.252016,3,888.5019
-2.223245,3,888.536901
-3.389702,4,888.5809
-2.163771,3,888.6209
-2.224167,3,888.6549
-3.279272,4,888.6959
-3.391291,4,888.7399
-3.385146,4,888.7839
-2.192773,3,888.8149
-0.046169,1,888.8259
-1.105528,2,888.848968
-1.12113,2,888.875969
-2.196769,3,888.906969
-2.184437,3,888.941079
-2.20391,3,888.97408
-0.042591,1,888.989078
-2.207101,3,889.022078
-2.226593,3,889.055079
-1.079864,2,889.088082
-2.229497,3,889.125079
-2.264196,3,889.158077
-2.253003,3,889.193082
-1.133924,2,889.213591
-0.017544,1,889.229587
-1.131612,2,889.252587
-1.078755,2,889.273587
-3.337799,4,889.319655
-2.252917,3,889.354656
-1.094511,2,889.377655
-3.273468,4,889.422757
-0.018602,1,889.43486
-2.195981,3,889.472859
-1.075024,2,889.49486
-2.216135,3,889.529921
-3.373455,4,889.57392
-2.245006,3,889.61302
-2.162929,3,889.64602
-1.136496,2,889.66702
-3.378514,4,889.706019
-1.143471,2,889.731146
-1.133921,2,889.753145
-2.280613,3,889.783146
-0.02297,1,889.793146
-2.240105,3,889.831146
-2.223238,3,889.863146
-0.0494,1,889.874146
-2.178015,3,889.909147
-2.185147,3,889.948146
-2.205882,3,889.981146
-2.164673,3,890.010146
-2.16599,3,890.043149
-0.028084,1,890.058145
-0.036645,1,890.070145
-3.353352,4,890.112146
-3.311667,4,890.157147
-2.213148,3,890.197146
-0.010262,1,890.209146
-1.138656,2,890.230146
-3.296278,4,890.274148
-2.226458,3,890.311146
-2.183946,3,890.342146
-2.170337,3,890.374658
-1.117674,2,890.400656
-2.172204,3,890.438657
-1.121451,2,890.460655
-1.081048,2,890.482655
-3.284676,4,890.531656
-1.140133,2,890.556656
-2.203871,3,890.589656
-2.225945,3,890.625655
-2.243414,3,890.657655
-1.094455,2,890.682655
-1.072835,2,890.703737
-3.326112,4,890.743736
-1.102461,2,890.763736
-2.199922,3,890.800736
-2.242463,3,890.833736
-2.212032,3,890.865735
-1.13028,2,890.887736
-1.103342,2,890.914736
-2.246025,3,890.949737
-1.144681,2,890.970737
-2.229673,3,891.005737
-0.037056,1,891.020737
-2.176127,3,891.05385
-2.212525,3,891.08785
-2.215356,3,891.12085
-0.022716,1,891.134937
-2.177496,3,891.169938
-3.465052,4,891.214936
-1.106676,2,891.238036
-0.047779,1,891.252035
-2.165173,3,891.289036
-0.045218,1,891.301036
-2.250589,3,891.334037
-3.4147,4,891.384037
-1.089586,2,891.406036
-0.024503,1,891.416035
-2.252452,3,891.448036
-0.025191,1,891.463037
-3.351027,4,891.509037
-0.027168,1,891.51904
-2.191225,3,891.553546
-2.240569,3,891.593547
-2.209363,3,891.630546
-0.014106,1,891.641546
-2.222186,3,891.674547
-2.207815,3,891.711546
-2.218526,3,891.743547
-2.224774,3,891.774548
-1.089675,2,891.794546
-2.207832,3,891.832545
-0.011744,1,891.843546
-0.030645,1,891.854546
-1.108913,2,891.877546
-0.00689,1,891.892545
-1.10834,2,891.916545
-0.045323,1,891.927546
-2.259577,3,891.961546
-2.251133,3,891.995547
-2.240548,3,892.028545
-3.297824,4,892.071547
-2.242447,3,892.106547
-2.291007,3,892.145545
-2.224941,3,892.181546
-2.242444,3,892.215546
-2.183807,3,892.249546
-2.237954,3,892.286546
-1.127571,2,892.308546
-1.112596,2,892.331547
-0.044457,1,892.341546
-0.024112,1,892.361546
-1.106753,2,892.381546
-2.168232,3,892.415546
-1.124831,2,892.436546
-1.083033,2,892.463547
-3.34593,4,892.508547
-3.35351,4,892.551545
-2.195234,3,892.585546
-2.299524,3,892.624546
-1.140684,2,892.645546
-3.30408,4,892.687054
-2.27203,3,892.719054
-3.288851,4,892.764054
-0.047063,1,892.774054
-1.104904,2,892.797054
-0.03143,1,892.808144
-0.003847,1,892.823144
-2.185724,3,892.855143
-0.008139,1,892.866143
-1.077659,2,892.888261
-1.127237,2,892.91626
-3.363821,4,892.96026
-2.187804,3,892.993261
-3.362628,4,893.04126
-0.047383,1,893.056261
-2.216996,3,893.09026
-2.260984,3,893.125261
-1.093628,2,893.14826
-3.303282,4,893.19626
-1.086201,2,893.219261
-2.166167,3,893.25226
-1.070201,2,893.275262
-2.272139,3,893.315884
-2.176872,3,893.350884
-3.342908,4,893.394884
-3.343814,4,893.440089
-2.264924,3,893.477089
-1.085467,2,893.498089
-3.301143,4,893.543155
-0.025452,1,893.555156
-2.181366,3,893.594157
-2.254275,3,893.625156
-2.162216,3,893.654216
-2.189139,3,893.689216
-2.273972,3,893.723217
-1.0719,2,893.744215
-3.403664,4,893.789284
-1.08832,2,893.808794
-2.266434,3,893.848793
-2.229699,3,893.884793
-1.069327,2,893.906794
-1.125566,2,893.928794
-2.166567,3,893.965793
-1.135712,2,893.986794
-3.445699,4,894.034793
-1.098034,2,894.055794
-2.190169,3,894.093794
-1.134792,2,894.116794
-2.166089,3,894.150794
-1.125598,2,894.174793
-2.215867,3,894.213793
-1.114486,2,894.235793
-1.089999,2,894.257794
-2.237217,3,894.290793
-2.204078,3,894.330793
-2.168317,3,894.370793
-2.187651,3,894.405793
-2.183826,3,894.440793
-2.169947,3,894.476794
-1.087292,2,894.497793
-1.11927,2,894.519794
-2.209,3,894.553793
-2.251761,3,894.592793
-2.208524,3,894.624793
-3.395834,4,894.668794
-0.004006,1,894.679794
-2.233658,3,894.715794
-3.380884,4,894.758793
-0.037188,1,894.770793
-0.044421,1,894.781796
-1.1105,2,894.806796
-0.003692,1,894.816794
-3.37473,4,894.858793
-0.030188,1,894.871794
-2.216461,3,894.906794
-3.283025,4,894.949798
-0.019477,1,894.959306
-2.229257,3,894.993306
-2.248211,3,895.033693
-1.097046,2,895.058693
-3.318391,4,895.106693
-1.105245,2,895.128693
-2.217862,3,895.165693
-1.09056,2,895.187693
-2.250031,3,895.222693
-2.225071,3,895.255692
-2.23807,3,895.293693
-2.188917,3,895.327693
-2.163429,3,895.359692
-3.312382,4,895.404692
-3.296033,4,895.454693
-2.241945,3,895.488693
-3.289201,4,895.535694
-1.077122,2,895.558693
-1.07701,2,895.583694
-3.341095,4,895.631693
-2.188026,3,895.664916
-2.217056,3,895.696917
-3.358895,4,895.744917
-3.443797,4,895.787917
-3.36217,4,895.829916
-2.230047,3,895.862917
-2.227631,3,895.901917
-2.182792,3,895.932917
-2.283293,3,895.965918
-3.378545,4,896.014916
-2.210182,3,896.053918
-2.253882,3,896.090919
-2.194556,3,896.126426
-3.385158,4,896.170426
-3.37942,4,896.222426
-2.252844,3,896.254426
-2.204807,3,896.289426
-3.350031,4,896.336426
-2.202099,3,896.374426
-1.105402,2,896.396426
-2.198987,3,896.431661
-2.182221,3,896.46366
-1.11688,2,896.491661
-2.239468,3,896.53066
-2.201972,3,896.585661
-1.085732,2,896.634994
-3.322975,4,896.699994
-2.280729,3,896.736993
-2.258046,3,896.771992
-2.202967,3,896.804993
-1.076576,2,896.830992
-3.379242,4,896.881993
-1.071354,2,896.905993
-1.122517,2,896.931994
-1.089964,2,896.962993
-1.090501,2,896.987993
-1.116577,2,897.011993
-0.018085,1,897.022992
-2.239361,3,897.061992
-2.244409,3,897.098993
-2.19189,3,897.132993
-2.247325,3,897.164994
-1.078661,2,897.192993
-3.421232,4,897.240993
-3.400885,4,897.289501
-0.008935,1,897.300573
-1.116537,2,897.327575
-3.370871,4,897.373806
-2.191347,3,897.407807
-1.127087,2,897.429805
-2.200425,3,897.465806
-2.26539,3,897.497806
-2.287365,3,897.534807
-3.375251,4,897.605807
-1.070124,2,897.647807
-3.297632,4,897.702807
-2.172259,3,897.738805
-2.215901,3,897.773806
-2.21169,3,897.811805
-3.335761,4,897.859806
-2.231039,3,897.897807
-3.301445,4,897.945808
-2.242578,3,897.985806
-2.160769,3,898.018808
-2.230953,3,898.052805
-1.123657,2,898.074807
-2.167157,3,898.118807
-2.220052,3,898.150808
-1.09816,2,898.173805
-2.17494,3,898.207806
-2.267013,3,898.244807
-3.333934,4,898.290094
-3.288198,4,898.336094
-2.241579,3,898.369095
-0.037972,1,898.386094
-2.250515,3,898.421601
-2.253404,3,898.456602
-2.247339,3,898.491601
-3.291362,4,898.542698
-2.254718,3,898.576699
-3.34935,4,898.623699
-3.388982,4,898.665699
-0.034371,1,898.679698
-1.08966,2,898.7007
-2.177546,3,898.733698
-1.118771,2,898.753698
-2.217749,3,898.790699
-1.081628,2,898.812698
-2.275606,3,898.848699
-2.175243,3,898.8827
-1.120579,2,898.908699
-3.341543,4,898.954698
-3.349496,4,898.996698
-1.136427,2,899.019762
-1.135107,2,899.04876
-2.178264,3,899.081762
-3.354522,4,899.127761
-3.411279,4,899.171762
-2.188402,3,899.209761
-2.229288,3,899.241761
-2.228861,3,899.277996
-1.079956,2,899.301
-2.185448,3,899.336997
-0.022394,1,899.347996
-2.210448,3,899.383997
-2.18483,3,899.416996
-2.225424,3,899.453997
-2.170167,3,899.489998
-2.184233,3,899.522997
-2.25398,3,899.557521
-2.235961,3,899.596509
-2.241294,3,899.63151
-0.04837,1,899.642509
-2.195481,3,899.673642
-1.141186,2,899.701643
-2.174445,3,899.733641
-2.250806,3,899.765642
-1.116828,2,899.787641
-2.198434,3,899.824893
-2.177279,3,899.856893
-0.022533,1,899.867892
-1.096941,2,899.889892
-2.229373,3,899.927892
-1.078918,2,899.948895
-1.093966,2,899.970892
-2.234265,3,900.003893
-2.199523,3,900.043894
-3.355683,4,900.090894
-3.338686,4,900.136892
-1.130989,2,900.157892
-2.193886,3,900.193892
-2.257335,3,900.227893
-2.190175,3,900.261892
-3.331467,4,900.304892
-1.095911,2,900.331893
-2.218404,3,900.365892
-2.285362,3,900.398892
-2.246004,3,900.430893
-1.123938,2,900.458893
-1.131571,2,900.48121
-1.093611,2,900.504209
-2.173585,3,900.538211
-2.176518,3,900.57621
-2.166588,3,900.60921
-3.30279,4,900.65221
-2.225016,3,900.68521
-1.125249,2,900.710212
-2.250111,3,900.74272
-1.124443,2,900.76372
-1.070727,2,900.785719
-1.104033,2,900.812719
-2.27716,3,900.847719
-1.091523,2,900.870718
-0.040019,1,900.881719
-1.119851,2,900.90872
-2.241439,3,900.943719
-3.4004,4,900.986719
-2.199112,3,901.020818
-1.140748,2,901.046817
-3.300523,4,901.093817
-2.167298,3,901.128954
-1.078626,2,901.152202
-1.145323,2,901.179203
-1.086598,2,901.202203
-2.228647,3,901.235203
-0.013617,1,901.248202
-2.227519,3,901.284202
-2.242984,3,901.318202
-2.253848,3,901.352203
-1.136654,2,901.374202
-0.008762,1,901.388203
-2.196803,3,901.421203
-1.119979,2,901.443202
-1.078025,2,901.469203
-2.22803,3,901.504203
-3.307041,4,901.548202
-1.101812,2,901.573203
-0.026569,1,901.586203
-3.31103,4,901.639204
-3.390314,4,901.685202
-2.250417,3,901.715204
-2.177318,3,901.746202
-0.049459,1,901.759202
-2.179045,3,901.793203
-2.262754,3,901.825203
-1.132085,2,901.846203
-2.256362,3,901.883767
-3.28837,4,901.932769
-3.321097,4,901.976767
-1.086621,2,902.000769
-2.210128,3,902.037767
-0.02487,1,902.048768
-3.309617,4,902.093769
-2.217642,3,902.160768
-1.107361,2,902.202768
-2.209168,3,902.248768
-1.130164,2,902.278768
-1.083156,2,902.306767
-1.130576,2,902.336771
-2.165567,3,902.370767
-3.297124,4,902.414768
-2.22871,3,902.452768
-3.376146,4,902.504768
-3.307221,4,902.550768
-3.322086,4,902.595768
-1.106169,2,902.618767
-1.143875,2,902.643767
-0.041994,1,902.654767
-3.318567,4,902.699767
-3.302049,4,902.739935
-2.188204,3,902.776933
-2.250609,3,902.808933
-1.123566,2,902.831935
-1.152218,2,902.855028
-2.276259,3,902.89503
-2.205133,3,902.929029
-2.255975,3,902.961029
-2.244156,3,902.994029
-2.200159,3,903.032033
-2.191165,3,903.065539
-2.197941,3,903.096541
-0.034701,1,903.109538
-2.245341,3,903.14654
-3.277877,4,903.190541
-2.166524,3,903.225539
-2.234172,3,903.26054
-0.00958,1,903.276539
-2.276502,3,903.309539
-3.383226,4,903.35454
-2.242892,3,903.386539
-2.181785,3,903.423538
-2.216616,3,903.458539
-0.012413,1,903.470539
-1.12794,2,903.492539
-3.302447,4,903.542542
-2.239957,3,903.577539
-2.198556,3,903.609539
-0.04948,1,903.620539
-2.166623,3,903.659539
-2.298454,3,903.689539
-0.010759,1,903.70054
-0.018675,1,903.711539
-1.128811,2,903.736538
-0.032103,1,903.747538
-1.140529,2,903.770539
-2.252078,3,903.802539
-1.089696,2,903.828538
-2.198668,3,903.862539
-2.276293,3,903.897539
-1.083418,2,903.920539
-3.312617,4,903.96754
-2.279631,3,904.001539
-3.327683,4,904.043538
-3.378798,4,904.087538
-1.092729,2,904.115539
-2.179961,3,904.147539
-1.080776,2,904.169538
-0.048068,1,904.180539
-2.246107,3,904.221051
-2.174306,3,904.254138
-3.343153,4,904.296139
-3.317099,4,904.341138
-2.242587,3,904.378138
-1.12656,2,904.401139
-2.214347,3,904.4357
-1.099624,2,904.4587
-1.110082,2,904.4847
-1.104861,2,904.5077
-2.243541,3,904.5437
-2.175537,3,904.578701
-3.373876,4,904.627703
-2.192755,3,904.6597
-1.142065,2,904.6807
-2.186321,3,904.711699
-3.312947,4,904.7607
-2.210086,3,904.792701
-1.0781,2,904.8137
-0.048213,1,904.8247
-2.233405,3,904.863702
-2.235717,3,904.8977
-1.095232,2,904.9187
-2.237244,3,904.9447
-0.046905,1,904.958701
-1.133101,2,904.9797
-1.116916,2,904.9997
-3.320932,4,905.037699
-2.170923,3,905.070701
-2.161522,3,905.100699
-1.096091,2,905.120701
-2.237755,3,905.150702
-2.253932,3,905.186699
-1.118082,2,905.206702
-2.214987,3,905.242699
-2.157564,3,905.2717
-2.181294,3,905.3067
-1.111258,2,905.326701
-2.218044,3,905.3547
-2.247155,3,905.382702
-3.348867,4,905.429704
-2.190828,3,905.458607
-0.03033,1,905.468606
-3.322655,4,905.505606
-3.411712,4,905.55161
-2.187715,3,905.579606
-3.424374,4,905.617605
-2.159597,3,905.648606
-1.078611,2,905.672606
-3.308107,4,905.709606
-1.131815,2,905.728606
-2.222974,3,905.755606
-2.196855,3,905.786606
-1.123434,2,905.804605
-2.157174,3,905.83179
-3.313379,4,905.871791
-2.235439,3,905.905791
-2.243217,3,905.934791
-3.342588,4,905.973791
-2.193334,3,906.00379
-0.048415,1,906.01679
-0.036317,1,906.026792
-1.135693,2,906.047791
-2.261233,3,906.077791
-3.335176,4,906.122791
-3.288972,4,906.162791
-3.396875,4,906.20679
-3.338815,4,906.245792
-2.188469,3,906.281791
-2.172642,3,906.311791
-3.283149,4,906.34879
-3.416673,4,906.38779
-2.242552,3,906.422791
-2.259664,3,906.45079
-2.222221,3,906.479791
-2.197059,3,906.508791
-0.009322,1,906.522791
-2.186376,3,906.551794
-2.274998,3,906.579794
-2.169906,3,906.611298
-3.313361,4,906.654298
-1.123153,2,906.673298
-3.309055,4,906.715298
-2.250542,3,906.745299
-2.1644,3,906.778299
-2.229152,3,906.807299
-1.110008,2,906.827359
-1.127282,2,906.84936
-2.237454,3,906.893461
-2.270225,3,906.928558
-2.180268,3,906.964559
-3.288479,4,907.008559
-0.046549,1,907.023558
-2.242438,3,907.060559
-2.181011,3,907.093558
-2.253019,3,907.126561
-3.306559,4,907.17656
-1.091234,2,907.197558
-3.466543,4,907.243558
-2.206428,3,907.278558
-1.113471,2,907.305558
-3.334419,4,907.350559
-2.199246,3,907.384917
-2.223983,3,907.420917
-1.098882,2,907.446918
-2.175747,3,907.480916
-1.111315,2,907.504916
-2.231156,3,907.537916
-2.196157,3,907.574916
-2.231586,3,907.611917
-1.095102,2,907.636916
-3.337149,4,907.678916
-1.145989,2,907.703917
-2.233828,3,907.740423
-2.276141,3,907.773427
-3.431744,4,907.816426
-0.011844,1,907.832543
-2.233126,3,907.868868
-3.279159,4,907.911869
-2.256521,3,907.945869
-3.32314,4,907.993869
-0.049315,1,908.005869
-2.156795,3,908.040869
-2.245852,3,908.075869
-1.080574,2,908.099868
-0.047875,1,908.112869
-0.047189,1,908.124868
-1.12616,2,908.148869
-2.263897,3,908.187869
-1.125402,2,908.209869
-2.279534,3,908.243869
-3.377317,4,908.292869
-3.36225,4,908.34587
-0.031365,1,908.357869
-3.385264,4,908.403868
-3.365674,4,908.447869
-3.32665,4,908.498868
-1.105918,2,908.521869
-1.122482,2,908.543869
-3.376194,4,908.591405
-2.28,3,908.632405
-3.350281,4,908.684406
-0.019193,1,908.697405
-2.239421,3,908.734478
-2.252652,3,908.774549
-2.228062,3,908.810552
-1.10731,2,908.83355
-2.180761,3,908.87055
-2.245966,3,908.91006
-3.348675,4,908.960059
-2.206434,3,909.112059
-3.321231,4,909.161059
-2.232217,3,909.199059
-1.070136,2,909.22206
-3.290839,4,909.28206
-3.319241,4,909.33506
-0.043657,1,909.356059
-1.105656,2,909.38306
-3.296773,4,909.435059
-2.220875,3,909.476061
-1.073441,2,909.50806
-3.284168,4,909.559061
-0.029195,1,909.575059
-1.096074,2,909.601059
-0.027871,1,909.616063
-2.231255,3,909.654059
-2.23228,3,909.69206
-2.165177,3,909.73106
-2.246354,3,909.772059
-2.164484,3,909.81006
-2.243495,3,909.84606
-3.290187,4,909.894059
-3.345023,4,909.95206
-2.277332,3,909.987059
-2.219932,3,910.026059
-2.229543,3,910.064063
-2.176963,3,910.105571
-1.129097,2,910.131571
-2.193729,3,910.166668
-3.384591,4,910.214667
-1.136302,2,910.245669
-1.075461,2,910.269667
-2.232002,3,910.304764
-0.032385,1,910.314765
-3.326483,4,910.368838
-1.130228,2,910.390837
-1.116382,2,910.413837
-1.095717,2,910.436837
-2.161834,3,910.478836
-2.234702,3,910.512837
-2.288136,3,910.548837
-2.222322,3,910.584838
-2.223543,3,910.625836
-2.270141,3,910.659837
-2.248306,3,910.697837
-2.281062,3,910.733961
-2.253307,3,910.77596
-2.20992,3,910.81196
-1.12677,2,910.836043
-1.105251,2,910.858044
-2.223956,3,910.901043
-2.227297,3,910.937042
-2.227506,3,910.972042
-3.292981,4,911.022043
-1.125459,2,911.048042
-1.083851,2,911.071042
-1.118982,2,911.095042
-0.027987,1,911.109042
-2.170572,3,911.147043
-2.222186,3,911.183044
-2.258358,3,911.220045
-3.28203,4,911.268551
-2.257128,3,911.311615
-0.033762,1,911.326615
-2.211234,3,911.364614
-3.38446,4,911.411613
-2.21536,3,911.453614
-2.174643,3,911.487613
-1.120446,2,911.510614
-1.128692,2,911.533614
-2.213724,3,911.574697
-3.339735,4,911.622697
-1.126362,2,911.645698
-2.212948,3,911.682697
-3.311798,4,911.736697
-0.047712,1,911.748697
-2.177897,3,911.785838
-2.28016,3,911.818838
-3.277186,4,911.875837
-2.278506,3,911.909838
-0.018883,1,911.921838
-3.286635,4,911.966837
-3.346257,4,912.016837
-2.225841,3,912.050965
-2.202516,3,912.088966
-3.382924,4,912.136965
-3.370466,4,912.188967
-2.188406,3,912.226967
-2.210822,3,912.261967
-2.247508,3,912.303337
-2.18847,3,912.345336
-2.22587,3,912.380337
-1.113767,2,912.40785
-2.180288,3,912.442971
-0.045859,1,912.459972
-0.026845,1,912.470972
-1.128865,2,912.493971
-1.098763,2,912.517974
-2.275125,3,912.557974
-2.177007,3,912.590971
-2.172368,3,912.625972
-2.244105,3,912.664972
-0.046771,1,912.680973
-3.300591,4,912.730123
-0.023484,1,912.742122
-0.043124,1,912.756121
-3.40206,4,912.805411
-0.045448,1,912.816412
-2.249976,3,912.852412
-1.101827,2,912.876414
-2.252397,3,912.915412
-2.270152,3,912.951411
-0.028218,1,912.962411
-0.013223,1,912.97641
-2.213477,3,913.016412
-1.149739,2,913.039412
-0.047578,1,913.051411
-3.338473,4,913.099412
-3.333194,4,913.150412
-1.132905,2,913.174411
-3.281219,4,913.224411
-2.181868,3,913.258412
-3.326731,4,913.313411
-3.283403,4,913.363411
-1.076709,2,913.388414
-2.20009,3,913.426412
-2.171173,3,913.467412
-2.269188,3,913.502413
-3.306938,4,913.553921
-0.033783,1,913.566922
-1.093296,2,913.599059
-3.410496,4,913.646059
-1.095312,2,913.669058
-2.196081,3,913.703059
-2.27212,3,913.749058
-2.179846,3,913.790059
-2.237547,3,913.831137
-3.401152,4,913.887138
-2.227035,3,913.928137
-2.25071,3,913.971483
-1.125405,2,913.996484
-1.129152,2,914.023483
-1.10823,2,914.053483
-3.351619,4,914.107486
-2.272325,3,914.141483
-0.047089,1,914.152483
-3.349593,4,914.211484
-2.294873,3,914.244483
-3.355498,4,914.292483
-2.263392,3,914.328483
-2.252407,3,914.368484
-3.301588,4,914.413484
-3.279749,4,914.461483
-3.316325,4,914.505483
-2.18241,3,914.546485
-2.217144,3,914.584483
-3.323976,4,914.638484
-1.103325,2,914.665484
-2.210894,3,914.711993
-2.244451,3,914.758073
-2.179994,3,914.797075
-2.207014,3,914.834074
-0.021527,1,914.854074
-2.227073,3,914.894075
-3.314758,4,914.941075
-2.190118,3,914.976075
-3.319464,4,915.028074
-0.01715,1,915.040074
-2.272727,3,915.077075
-0.011897,1,915.089074
-1.131809,2,915.118075
-0.015525,1,915.130074
-2.228024,3,915.165074
-2.180363,3,915.204138
-0.027027,1,915.221233
-3.327278,4,915.268233
-1.126789,2,915.291233
-1.135369,2,915.315234
-2.185639,3,915.354318
-3.316361,4,915.404321
-1.101395,2,915.429318
-1.107849,2,915.45032
-1.084318,2,915.480319
-0.026861,1,915.492318
-2.232084,3,915.528318
-2.181246,3,915.562318
-2.25973,3,915.604319
-0.018351,1,915.618317
-2.228527,3,915.654318
-2.21749,3,915.688317
-3.396337,4,915.744318
-3.407385,4,915.788318
-2.204145,3,915.823318
-2.166163,3,915.858318
-3.376612,4,915.911829
-3.340699,4,915.95983
-2.191725,3,915.996005
-2.172187,3,916.030003
-3.279904,4,916.082088
-1.086627,2,916.105088
-2.237607,3,916.141088
-2.191485,3,916.17309
-2.251228,3,916.212089
-2.212564,3,916.245088
-3.320306,4,916.293089
-1.069036,2,916.316089
-3.303804,4,916.370087
-1.142854,2,916.394089
-2.215465,3,916.431088
-2.248662,3,916.468181
-2.180697,3,916.51026
-2.233741,3,916.546262
-2.156717,3,916.582366
-2.220649,3,916.617365
-1.081823,2,916.64478
-2.269208,3,916.676779
-0.043417,1,916.688779
-3.327122,4,916.738779
-0.030152,1,916.760779
-0.002411,1,916.774779
-1.086256,2,916.799779
-3.276993,4,916.851778
-1.124743,2,916.881779
-2.232272,3,916.917779
-0.041306,1,916.932782
-3.304405,4,916.981779
-2.187323,3,917.019779
-1.132674,2,917.047782
-1.120641,2,917.07429
-2.202845,3,917.11329
-1.100073,2,917.14029
-2.211034,3,917.18229
-2.193422,3,917.216292
-2.208525,3,917.250291
-0.032348,1,917.268289
-2.217887,3,917.30829
-3.308347,4,917.35538
-3.332478,4,917.405566
-2.172405,3,917.443567
-3.321252,4,917.498566
-2.205479,3,917.532566
-2.170048,3,917.564566
-1.101398,2,917.594566
-1.108595,2,917.618565
-3.299761,4,917.662566
-3.381354,4,917.712831
-3.368199,4,917.764831
-2.236998,3,917.800831
-3.336074,4,917.84883
-2.193605,3,917.88283
-3.360136,4,917.94083
-2.198293,3,917.972832
-2.244315,3,918.00583
-1.085147,2,918.02883
-2.230376,3,918.066833
-0.030883,1,918.081831
-0.016816,1,918.093832
-2.251564,3,918.127831
-2.215676,3,918.16883
-1.082098,2,918.192831
-2.164067,3,918.22934
-2.183814,3,918.26476
-1.10375,2,918.297761
-1.122379,2,918.319761
-0.04855,1,918.33176
-1.120171,2,918.35676
-1.072376,2,918.382761
-1.103871,2,918.405044
-1.10892,2,918.428047
-2.168314,3,918.461045
-1.130983,2,918.489043
-1.125184,2,918.517044
-1.068656,2,918.540045
-1.115769,2,918.562045
-2.231167,3,918.602043
-3.321599,4,918.652044
-3.383573,4,918.697045
-1.118186,2,918.721047
-2.200032,3,918.761044
-1.070149,2,918.783046
-1.109699,2,918.812044
-3.275091,4,918.858044
-0.0478,1,918.872045
-1.127016,2,918.896044
-2.259233,3,918.935044
-0.021334,1,918.947046
-2.17568,3,918.988044
-0.010117,1,918.999044
-2.239549,3,919.039046
-0.027001,1,919.051047
-2.193875,3,919.090046
-2.258783,3,919.125045
-3.311321,4,919.172045
-2.251898,3,919.206045
-2.270957,3,919.251045
-0.028965,1,919.263044
-1.081275,2,919.285046
-2.175269,3,919.318046
-0.039788,1,919.335045
-1.065353,2,919.361045
-1.085172,2,919.385555
-2.164111,3,919.420652
-0.011557,1,919.438652
-3.344566,4,919.487748
-2.206595,3,919.525754
-2.245506,3,919.560747
-1.075917,2,919.590748
-1.125524,2,919.614748
-2.30518,3,919.649747
-2.211331,3,919.688761
-0.010738,1,919.704748
-2.251918,3,919.739748
-2.207538,3,919.776748
-1.127798,2,919.801748
-3.335939,4,919.853749
-3.451962,4,919.898747
-0.032673,1,919.910748
-1.135255,2,919.934748
-2.197657,3,919.974748
-2.252363,3,920.013748
-2.243306,3,920.055748
-2.194671,3,920.096748
-2.246316,3,920.13975
-1.124292,2,920.170748
-1.11933,2,920.200748
-3.319947,4,920.254747
-1.121845,2,920.287748
-2.182388,3,920.327749
-3.322464,4,920.382748
-2.304615,3,920.420748
-2.23194,3,920.461747
-0.036183,1,920.472747
-2.192124,3,920.507853
-3.318085,4,920.557362
-3.284307,4,920.614362
-0.041981,1,920.629362
-2.190993,3,920.672362
-1.133877,2,920.701362
-3.37602,4,920.768364
-1.130027,2,920.805362
-3.322289,4,920.854484
-3.331679,4,920.902485
-3.325712,4,920.957486
-2.196867,3,921.000485
-3.32473,4,921.059588
-3.358748,4,921.115588
-0.017927,1,921.134588
-0.049788,1,921.149588
-1.139739,2,921.175588
-3.343085,4,921.22983
-3.30413,4,921.28183
-1.112519,2,921.30683
-1.085823,2,921.332829
-2.196222,3,921.36983
-2.236712,3,921.41383
-2.235039,3,921.45383
-2.192251,3,921.49683
-2.273597,3,921.530995
-2.209246,3,921.575256
-1.102037,2,921.601256
-1.122094,2,921.628257
-3.325723,4,921.677256
-3.31578,4,921.726769
-1.081413,2,921.751973
-2.201739,3,921.790973
-2.24028,3,921.826973
-2.26449,3,921.868093
-2.1886,3,921.905094
-2.20798,3,921.940093
-0.017788,1,921.952093
-2.232397,3,921.994093
-1.13168,2,922.018094
-3.40182,4,922.063094
-3.385498,4,922.115095
-0.049013,1,922.130093
-1.070256,2,922.157093
-1.107285,2,922.181093
-3.400365,4,922.236093
-1.127861,2,922.266094
-1.092343,2,922.291095
-0.029,1,922.304094
-2.257962,3,922.341094
-3.324998,4,922.394093
-1.13244,2,922.422094
-2.189841,3,922.459162
-1.131453,2,922.482162
-1.07817,2,922.511162
-1.091886,2,922.538162
-1.10294,2,922.564161
-2.20894,3,922.601162
-2.261485,3,922.649162
-2.210415,3,922.685162
-2.175576,3,922.724162
-2.234693,3,922.766162
-1.117262,2,922.797162
-2.216728,3,922.834162
-3.311076,4,922.884671
-2.176969,3,922.922859
-2.297373,3,922.964859
-1.077776,2,922.99086
-1.097896,2,923.014859
-1.092453,2,923.040859
-2.235,3,923.081861
-3.271428,4,923.129859
-2.225506,3,923.16186
-2.16631,3,923.19986
-2.217845,3,923.24086
-0.045801,1,923.252859
-1.086765,2,923.278921
-1.150389,2,923.30792
-0.016686,1,923.327921
-1.0678,2,923.35392
-0.033565,1,923.366919
-1.108819,2,923.391919
-1.122136,2,923.42592
-2.25274,3,923.46192
-2.174334,3,923.498919
-1.141032,2,923.52592
-3.369141,4,923.58192
-3.328874,4,923.634921
-1.132805,2,923.662217
-2.196499,3,923.702217
-1.093644,2,923.736217
-2.19071,3,923.773217
-2.233618,3,923.812217
-1.084371,2,923.836216
-3.293482,4,923.888216
-2.234542,3,923.923218
-0.037605,1,923.937217
-2.25491,3,923.974216
-3.34372,4,924.026218
-2.174296,3,924.067335
-2.257548,3,924.110838
-3.378797,4,924.165838
-2.172857,3,924.210838
-2.165092,3,924.248922
-2.229869,3,924.283922
-2.232566,3,924.320922
-0.03811,1,924.334923
-1.119789,2,924.359923
-2.223768,3,924.394923
-2.19892,3,924.431923
-2.216543,3,924.477414
-3.312017,4,924.532413
-2.168148,3,924.569413
-0.018713,1,924.581412
-3.382683,4,924.636413
-0.044003,1,924.651412
-2.232759,3,924.684413
-1.117581,2,924.711412
-1.117415,2,924.745413
-2.219467,3,924.785413
-1.094391,2,924.808413
-0.009871,1,924.820413
-2.168911,3,924.860418
-2.268165,3,924.895412
-3.344131,4,924.942412
-2.231821,3,924.974412
-2.267822,3,925.013412
-2.206862,3,925.049412
-1.08303,2,925.072413
-2.19982,3,925.104414
-3.415206,4,925.158412
-2.241979,3,925.193412
-2.245299,3,925.229413
-3.311777,4,925.2781
-2.226396,3,925.317099
-2.187896,3,925.3551
-2.279951,3,925.398099
-0.028098,1,925.412099
-3.314871,4,925.4711
-2.23464,3,925.513217
-3.305332,4,925.561217
-2.206716,3,925.598387
-2.24677,3,925.637388
-1.071476,2,925.659389
-3.287927,4,925.710389
-1.141905,2,925.734388
-2.251337,3,925.776388
-2.19453,3,925.813388
-2.238413,3,925.848388
-3.312361,4,925.89539
-1.078762,2,925.923388
-0.048348,1,925.935388
-2.186342,3,925.971387
-2.195045,3,926.006388
-3.350887,4,926.061764
-3.288563,4,926.112764
-2.277321,3,926.148764
-3.315269,4,926.193109
-1.095562,2,926.221108
-2.212822,3,926.259111
-2.254409,3,926.297108
-2.202388,3,926.332108
-2.222389,3,926.37411
-2.249102,3,926.409108
-3.386364,4,926.460616
-2.157208,3,926.498617
-1.067752,2,926.528616
-1.107233,2,926.554616
-2.254575,3,926.594618
-3.393502,4,926.644616
-2.270391,3,926.688616
-1.13994,2,926.715615
-2.189045,3,926.750615
-2.192925,3,926.787615
-2.19222,3,926.829615
-2.198145,3,926.864618
-1.137283,2,926.887617
-3.415437,4,926.936616
-3.334287,4,926.989615
-3.303884,4,927.039615
-3.46273,4,927.086616
-3.307151,4,927.135616
-2.162819,3,927.177615
-2.228406,3,927.215615
-1.066465,2,927.241616
-1.092153,2,927.265615
-2.217997,3,927.306614
-2.244119,3,927.344615
-0.047841,1,927.359616
-3.322669,4,927.410616
-1.118274,2,927.444616
-2.209256,3,927.479615
-2.250105,3,927.515615
-1.120399,2,927.540616
-3.334457,4,927.596123
-1.106902,2,927.622125
-2.223261,3,927.662124
-2.215005,3,927.707124
-2.19822,3,927.751124
-0.043244,1,927.765253
-3.345107,4,927.822381
-1.103755,2,927.845381
-1.114814,2,927.876382
-3.408161,4,927.929382
-0.017518,1,927.942382
-2.207989,3,927.980382
-1.0863,2,928.017529
-3.312738,4,928.074528
-0.042971,1,928.087527
-1.076606,2,928.112766
-1.130391,2,928.145766
-3.340471,4,928.192765
-3.296075,4,928.241766
-3.322794,4,928.291767
-2.216337,3,928.330765
-2.247328,3,928.369765
-2.177695,3,928.407766
-3.389572,4,928.456766
-0.047582,1,928.473766
-0.023578,1,928.486765
-1.112361,2,928.512765
-2.256009,3,928.553767
-1.065141,2,928.587766
-3.28368,4,928.637767
-3.433335,4,928.684767
-2.232217,3,928.721766
-2.2578,3,928.763276
-1.119455,2,928.790277
-0.025476,1,928.801276
-1.132749,2,928.826277
-3.322965,4,928.883277
-2.259152,3,928.921277
-2.258634,3,928.958277
-2.252467,3,928.996278
-3.383029,4,929.051276
-2.235725,3,929.08651
-2.262549,3,929.122511
-3.384693,4,929.16751
-1.132439,2,929.19351
-3.343191,4,929.24451
-1.117986,2,929.286511
-3.332336,4,929.358681
-0.028637,1,929.38068
-3.363171,4,929.446681
-2.205228,3,929.489681
-0.047379,1,929.502681
-3.302379,4,929.56868
-2.236326,3,929.615939
-2.171972,3,929.65994
-2.238514,3,929.702939
-2.24904,3,929.744939
-3.315324,4,929.797939
-2.221649,3,929.835939
-2.236569,3,929.874938
-3.285018,4,929.932554
-2.219828,3,929.969669
-1.12251,2,929.997668
-2.257138,3,930.033668
-2.238059,3,930.072668
-2.190961,3,930.110669
-2.229613,3,930.145669
-1.104148,2,930.169668
-2.219645,3,930.211668
-1.109594,2,930.236668
-2.268598,3,930.271668
-3.293271,4,930.319669
-3.340065,4,930.370668
-1.078643,2,930.394669
-0.018206,1,930.407668
-0.001893,1,930.421668
-2.227782,3,930.462749
-1.099348,2,930.485749
-3.321634,4,930.53575
-2.255947,3,930.575169
-1.098642,2,930.609169
-2.214261,3,930.653169
-0.039096,1,930.66717
-2.176133,3,930.70317
-1.081525,2,930.732169
-1.134517,2,930.757168
-2.167802,3,930.794169
-2.176217,3,930.829169
-3.328012,4,930.883168
-1.098502,2,930.906169
-2.240509,3,930.946169
-3.36065,4,930.997169
-1.13493,2,931.024169
-2.187875,3,931.058679
-2.235727,3,931.096766
-2.237636,3,931.130766
-1.104578,2,931.160766
-2.20739,3,931.202766
-2.20175,3,931.241769
-1.076177,2,931.266767
-1.128558,2,931.301767
-0.024628,1,931.313766
-0.044329,1,931.328766
-2.22068,3,931.365769
-0.021931,1,931.381766
-2.276008,3,931.42086
-1.123388,2,931.446859
-0.045311,1,931.459858
-2.232223,3,931.504858
-3.365442,4,931.56086
-3.402153,4,931.616859
-2.177292,3,931.659859
-2.215796,3,931.703861
-0.045534,1,931.716858
-2.213761,3,931.755858
-1.142903,2,931.780858
-2.179799,3,931.839859
-1.134306,2,931.885859
-3.334289,4,931.961954
-2.22326,3,932.008954
-2.201107,3,932.052953
-2.260075,3,932.094953
-2.223862,3,932.139952
-1.133163,2,932.169954
-2.189337,3,932.216955
-2.174536,3,932.253461
-0.01263,1,932.265781
-2.207936,3,932.317033
-3.369844,4,932.420033
-1.097828,2,932.454033
-3.336317,4,932.515031
-3.342321,4,932.569031
-0.019279,1,932.588032
-2.179707,3,932.636034
-1.073316,2,932.665031
-2.241388,3,932.704031
-2.240815,3,932.74724
-0.030403,1,932.763239
-3.277696,4,932.832239
-2.256807,3,932.91124
-2.213987,3,932.976238
-2.205491,3,933.018239
-0.037561,1,933.031238
-2.263803,3,933.073239
-3.345807,4,933.135239
-2.197223,3,933.180238
-0.039871,1,933.194238
-2.204585,3,933.231238
-1.136845,2,933.261238
-2.218534,3,933.299238
-0.04721,1,933.312238
-3.350017,4,933.359237
-1.071165,2,933.39024
-0.031689,1,933.402746
-3.394482,4,933.449831
-3.316381,4,933.50096
-3.36269,4,933.559959
-0.012936,1,933.573958
-3.338887,4,933.630959
-3.319289,4,933.684958
-2.250356,3,933.728962
-1.131363,2,933.755203
-3.293284,4,933.805202
-1.105206,2,933.831203
-1.123639,2,933.863204
-0.032104,1,933.874203
-2.218471,3,933.912203
-1.087314,2,933.942204
-1.126177,2,933.974203
-2.290505,3,934.010203
-2.179494,3,934.047203
-3.304578,4,934.094203
-1.109156,2,934.124204
-3.379887,4,934.176203
-2.220426,3,934.217204
-2.228702,3,934.262203
-0.038171,1,934.280203
-0.038593,1,934.294203
-1.105506,2,934.321204
-1.122514,2,934.347203
-0.027471,1,934.369204
-2.251301,3,934.407203
-1.11001,2,934.431203
-2.27444,3,934.467205
-3.346623,4,934.524204
-1.127219,2,934.550206
-2.259662,3,934.595715
-2.23492,3,934.635716
-1.112348,2,934.668715
-2.218355,3,934.707793
-2.238089,3,934.746793
-1.13198,2,934.772793
-2.160583,3,934.816793
-1.125992,2,934.844794
-2.168046,3,934.889795
-3.357983,4,934.951331
-2.216323,3,934.996331
-2.210613,3,935.039331
-2.229248,3,935.078331
-1.131205,2,935.103331
-1.082489,2,935.136332
-2.238631,3,935.174332
-1.099095,2,935.200331
-2.266033,3,935.236332
-3.322303,4,935.292332
-2.259981,3,935.331332
-0.047838,1,935.349334
-3.31924,4,935.406332
-2.195459,3,935.450331
-2.225671,3,935.490334
-0.018959,1,935.503331
-2.176133,3,935.541332
-1.127968,2,935.573333
-0.017924,1,935.586332
-1.085563,2,935.613332
-3.334315,4,935.668331
-2.204166,3,935.718839
-0.049456,1,935.730918
-3.305626,4,935.781126
-2.253532,3,935.822126
-1.118116,2,935.855127
-2.25642,3,935.892295
-3.3484,4,935.944294
-2.164158,3,935.978294
-2.256479,3,936.022296
-1.127517,2,936.048294
-1.132547,2,936.074294
-2.257385,3,936.114293
-1.088834,2,936.150293
-3.288409,4,936.200294
-2.298409,3,936.241296
-1.081074,2,936.268294
-2.190948,3,936.313293
-2.177759,3,936.353293
-1.090494,2,936.379295
-0.030247,1,936.390293
-2.182724,3,936.436295
-2.280758,3,936.475292
-1.124547,2,936.498295
-1.081652,2,936.524293
-2.208613,3,936.575293
-1.090136,2,936.600294
-3.396811,4,936.651546
-1.111767,2,936.678546
-2.193263,3,936.722546
-2.269566,3,936.761548
-1.112382,2,936.790547
-3.299929,4,936.840549
-2.236977,3,936.891057
-3.276603,4,936.943058
-2.242854,3,936.981058
-3.30815,4,937.036057
-3.398527,4,937.090057
-1.122134,2,937.118058
-1.101196,2,937.14306
-1.075696,2,937.170058
-3.35521,4,937.228057
-3.311154,4,937.281057
-1.112569,2,937.305058
-1.130167,2,937.333057
-2.203688,3,937.377058
-2.232291,3,937.445244
-1.123948,2,937.487245
-2.187567,3,937.543245
-2.202534,3,937.594244
-2.226759,3,937.636365
-3.327641,4,937.695365
-1.074041,2,937.726365
-3.28158,4,937.805501
-3.341173,4,937.878501
-1.119991,2,937.9115
-3.289981,4,937.973501
-2.262849,3,938.033017
-1.111815,2,938.062014
-2.260867,3,938.108014
-1.132222,2,938.143013
-0.022202,1,938.168015
-2.204646,3,938.224015
-2.158952,3,938.277016
-3.279366,4,938.355015
-3.354901,4,938.419158
-2.174401,3,938.462305
-1.132406,2,938.489303
-0.025153,1,938.505305
-1.138053,2,938.537305
-2.197149,3,938.577479
-1.135758,2,938.604616
-2.230916,3,938.647615
-2.233695,3,938.697617
-2.17679,3,938.745617
-3.386135,4,938.813617
-2.264108,3,938.864615
-2.167788,3,938.915616
-1.089589,2,938.944615
-2.243502,3,938.987616
-0.02216,1,939.002619
-1.136353,2,939.034616
-1.10875,2,939.063616
-2.186569,3,939.110616
-2.22632,3,939.151617
-0.026462,1,939.170619
-2.232009,3,939.222131
-2.159198,3,939.266129
-2.296849,3,939.313129
-2.197955,3,939.365129
-0.03419,1,939.378128
-2.239274,3,939.426128
-1.116802,2,939.457128
-2.182229,3,939.508128
-1.079114,2,939.540128
-0.032277,1,939.554128
-2.167152,3,939.594128
-2.275352,3,939.644128
-0.041086,1,939.660129
-2.272116,3,939.698129
-2.199111,3,939.739128
-3.294992,4,939.79213
-0.019147,1,939.80513
-3.353454,4,939.855248
-1.127081,2,939.881247
-1.113889,2,939.911248
-3.371048,4,939.966247
-2.232845,3,940.002373
-3.340528,4,940.054374
-3.409346,4,940.120375
-2.298922,3,940.163374
-1.150423,2,940.194375
-1.104351,2,940.222374
-2.227923,3,940.270375
-0.047422,1,940.285374
-2.202902,3,940.327375
-2.179207,3,940.36638
-3.281869,4,940.428884
-0.031118,1,940.443884
-2.162614,3,940.516885
-2.260333,3,940.569884
-3.369656,4,940.645884
-2.269461,3,940.692885
-2.212264,3,940.742885
-0.046715,1,940.759884
-2.161976,3,940.811885
-2.227772,3,940.857884
-1.127322,2,940.884886
-0.035583,1,940.899885
-2.223546,3,940.944885
-2.23312,3,940.983883
-0.021085,1,940.995885
-2.231546,3,941.033884
-2.232964,3,941.080884
-2.161981,3,941.121884
-2.22741,3,941.163883
-3.372386,4,941.216884
-2.187892,3,941.262883
-3.318418,4,941.314883
-2.194318,3,941.351883
-1.085705,2,941.377883
-2.26495,3,941.420883
-0.016035,1,941.433148
-1.070096,2,941.457148
-1.101248,2,941.480149
-2.210849,3,941.524149
-1.078254,2,941.54615
-2.213838,3,941.585033
-2.26347,3,941.623033
-3.386062,4,941.677033
-3.321495,4,941.727032
-2.212064,3,941.766033
-2.197839,3,941.804032
-2.189497,3,941.847033
-3.334889,4,941.899034
-1.106183,2,941.925035
-2.214742,3,941.963033
-2.243756,3,942.006034
-2.202071,3,942.045033
-1.102249,2,942.071033
-1.070999,2,942.097034
-2.256611,3,942.138034
-3.307149,4,942.192033
-0.03792,1,942.205035
-2.298527,3,942.243034
-1.115768,2,942.275036
-3.294566,4,942.324035
-2.264363,3,942.365034
-2.186443,3,942.403034
-2.205087,3,942.447033
-3.352766,4,942.499033
-3.384846,4,942.550034
-2.227725,3,942.589034
-3.323666,4,942.647032
-2.171917,3,942.686033
-1.129047,2,942.715542
-0.035308,1,942.729542
-0.047041,1,942.747544
-2.182634,3,942.787542
-2.168822,3,942.830542
-1.126982,2,942.856543
-3.295188,4,942.916543
-0.046929,1,942.929542
-2.18613,3,942.970543
-0.013141,1,942.983542
-2.1997,3,943.028542
-3.386574,4,943.082542
-2.263875,3,943.118542
-2.246424,3,943.158543
-2.218553,3,943.201542
-2.249436,3,943.241542
-3.324742,4,943.291542
-0.009221,1,943.305542
-2.167586,3,943.348647
-3.303381,4,943.403656
-1.121441,2,943.427647
-2.159578,3,943.461647
-3.308689,4,943.531649
-2.175997,3,943.594049
-1.091188,2,943.629048
-1.120619,2,943.665047
-2.167636,3,943.729048
-2.261975,3,943.779047
-3.314038,4,943.841048
-2.231539,3,943.886561
-2.19501,3,943.952559
-2.287702,3,943.995559
-3.321987,4,944.056771
-3.288072,4,944.112021
-2.171827,3,944.15802
-2.244716,3,944.200384
-3.297563,4,944.262383
-0.022119,1,944.274385
-2.247023,3,944.318383
-2.20403,3,944.372383
-2.231037,3,944.411384
-3.314661,4,944.464383
-2.249807,3,944.504384
-2.261255,3,944.545383
-2.229747,3,944.585383
-2.197283,3,944.621384
-2.270933,3,944.667383
-2.213483,3,944.704383
-2.185056,3,944.738384
-1.101241,2,944.763383
-2.275353,3,944.804383
-2.25717,3,944.841384
-1.074602,2,944.865382
-2.234395,3,944.901382
-1.114692,2,944.930385
-2.175011,3,944.967383
-2.220092,3,945.004383
-0.045438,1,945.017385
-3.364627,4,945.074893
-3.31982,4,945.127012
-1.116124,2,945.158012
-1.119865,2,945.188536
-2.290513,3,945.245536
-3.343428,4,945.297534
-1.084743,2,945.322634
-2.160001,3,945.363633
-1.098673,2,945.391634
-0.021314,1,945.404634
-1.072843,2,945.432633
-2.205925,3,945.468634
-2.268546,3,945.510633
-0.03719,1,945.522634
-3.339881,4,945.571634
-1.116326,2,945.595634
-2.309117,3,945.637829
-2.196283,3,945.673899
-2.241102,3,945.709899
-3.314384,4,945.757899
-2.24336,3,945.803899
-2.257226,3,945.8419
-2.275363,3,945.878901
-2.262358,3,945.916075
-0.014391,1,945.933074
-1.067349,2,945.960075
-2.255897,3,945.999137
-2.209464,3,946.037289
-1.083826,2,946.069288
-2.250895,3,946.106289
-0.041421,1,946.120287
-1.107138,2,946.145287
-1.124147,2,946.17629
-2.253479,3,946.222971
-0.014711,1,946.236972
-1.084828,2,946.261972
-2.209559,3,946.305971
-0.016938,1,946.320971
-2.199063,3,946.355971
-0.047458,1,946.366971
-2.296111,3,946.414971
-1.070535,2,946.439972
-2.24624,3,946.472971
-1.072819,2,946.499971
-1.1397,2,946.534971
-2.224885,3,946.573971
-2.215031,3,946.613971
-2.255546,3,946.653516
-2.183931,3,946.702515
-3.322105,4,946.760515
-1.098227,2,946.785514
-3.391545,4,946.836515
-3.336711,4,946.894515
-2.246072,3,946.932514
-2.195624,3,946.970514
-0.032035,1,946.984515
-1.081748,2,947.019515
-1.149276,2,947.048515
-2.180956,3,947.092515
-3.30616,4,947.142514
-1.119224,2,947.170514
-0.015874,1,947.184514
-2.189643,3,947.225516
-1.137509,2,947.249515
-0.009201,1,947.267514
-0.037604,1,947.281515
-1.118396,2,947.308514
-2.246226,3,947.350024
-2.161427,3,947.395023
-3.401839,4,947.451024
-2.259862,3,947.488176
-0.049679,1,947.500177
-2.172657,3,947.541176
-2.275387,3,947.576176
-1.140642,2,947.598294
-2.267282,3,947.637295
-3.326295,4,947.697294
-1.093045,2,947.721548
-2.203757,3,947.762549
-1.077098,2,947.788549
-1.097034,2,947.819549
-2.172091,3,947.860548
-1.129232,2,947.88755
-2.225336,3,947.923548
-1.144333,2,947.954548
-3.358281,4,948.005548
-3.29114,4,948.059549
-2.228172,3,948.098549
-2.157214,3,948.140549
-1.08951,2,948.169548
-1.099169,2,948.194549
-2.232526,3,948.234548
-2.224855,3,948.281549
-2.28065,3,948.31855
-3.437137,4,948.369549
-2.195214,3,948.409549
-2.155754,3,948.44955
-1.098689,2,948.473548
-2.175604,3,948.514058
-0.037894,1,948.528058
-2.207486,3,948.567058
-2.269167,3,948.608138
-2.180879,3,948.645138
-1.096106,2,948.669251
-1.113164,2,948.6996
-2.205908,3,948.740599
-2.21041,3,948.7756
-2.172488,3,948.812599
-0.012918,1,948.830599
-1.120457,2,948.857598
-2.228835,3,948.892599
-2.239118,3,948.9316
-0.01781,1,948.949602
-2.167255,3,948.988601
-2.162497,3,949.0256
-1.132605,2,949.051599
-2.20825,3,949.093601
-3.325279,4,949.141598
-3.308693,4,949.192599
-2.191976,3,949.232599
-2.262774,3,949.2806
-2.286512,3,949.319599
-1.093422,2,949.346598
-0.012734,1,949.3596
-2.231084,3,949.404599
-2.18975,3,949.441599
-3.404906,4,949.4946
-2.220342,3,949.5326
-3.325549,4,949.5876
-1.082292,2,949.612599
-1.093463,2,949.637109
-2.203633,3,949.678107
-2.207069,3,949.721108
-1.144337,2,949.750312
-0.017376,1,949.763311
-3.306676,4,949.814311
-1.118783,2,949.847311
-3.272641,4,949.899313
-2.213051,3,949.941311
-1.081686,2,949.963312
-1.107513,2,949.992311
-2.206857,3,950.029311
-1.079504,2,950.053311
-1.108935,2,950.077312
-2.259678,3,950.119313
-3.410919,4,950.167312
-2.21441,3,950.203311
-1.103735,2,950.228312
-2.180779,3,950.272311
-3.373627,4,950.317313
-3.300831,4,950.364311
-3.367184,4,950.412312
-0.039667,1,950.429594
-2.189205,3,950.463594
-1.1316,2,950.485593
-2.273582,3,950.517594
-3.30952,4,950.563594
-1.12616,2,950.585593
-1.094124,2,950.607594
-1.127952,2,950.628593
-1.069695,2,950.654595
-1.069727,2,950.678594
-2.222829,3,950.714593
-2.243041,3,950.750594
-2.205485,3,950.792104
-3.396903,4,950.840104
-1.087113,2,950.865104
-3.359522,4,950.916104
-3.307931,4,950.966104
-2.188565,3,951.002105
-0.031715,1,951.014104
-1.075634,2,951.039104
-2.245636,3,951.078106
-1.130365,2,951.103104
-1.10342,2,951.128105
-3.283808,4,951.17721
-2.222112,3,951.223371
-1.129224,2,951.252661
-2.286801,3,951.290662
-1.119201,2,951.315661
-2.232831,3,951.356663
-2.208488,3,951.391662
-1.105824,2,951.413661
-2.229971,3,951.450662
-2.184215,3,951.487663
-1.139149,2,951.510662
-0.041303,1,951.521662
-2.302624,3,951.556663
-1.114031,2,951.583661
-0.0279,1,951.595661
-3.294222,4,951.644662
-2.17992,3,951.682662
-3.317725,4,951.736662
-3.303126,4,951.787662
-1.10027,2,951.811661
-2.248555,3,951.845662
-3.38594,4,951.898662
-2.221831,3,951.935169
-3.307534,4,951.981169
-1.128265,2,952.00617
-2.218352,3,952.046168
-3.436992,4,952.09117
-0.014844,1,952.105169
-1.129033,2,952.128169
-2.205973,3,952.165168
-2.20488,3,952.201246
-3.378813,4,952.251246
-3.297333,4,952.300245
-2.214406,3,952.343245
-1.122108,2,952.367246
-1.117961,2,952.390245
-2.252286,3,952.423246
-0.040787,1,952.441245
-2.263429,3,952.473245
-2.202528,3,952.505244
-1.145273,2,952.528245
-2.22568,3,952.567245
-3.378734,4,952.611245
-3.289865,4,952.665421
-2.225198,3,952.724875
-3.391755,4,952.798875
-2.298384,3,952.840875
-2.216749,3,952.879875
-1.126451,2,952.903875
-1.129953,2,952.931876
-3.289115,4,952.975876
-2.267788,3,953.014874
-2.173207,3,953.048878
-3.317733,4,953.104388
-1.107043,2,953.129388
-2.220714,3,953.165388
-2.265345,3,953.200388
-2.222125,3,953.244389
-1.122471,2,953.269388
-3.307968,4,953.317389
-0.034764,1,953.330388
-3.288663,4,953.380389
-1.12846,2,953.402388
-1.137553,2,953.426388
-2.224433,3,953.460467
-0.043997,1,953.473466
-1.090269,2,953.494467
-0.045058,1,953.50547
-1.096073,2,953.529467
-1.084143,2,953.557467
-2.191403,3,953.590467
-2.235091,3,953.624468
-0.027445,1,953.635467
-0.016412,1,953.652467
-1.138707,2,953.675468
-2.244771,3,953.709467
-3.296911,4,953.756468
-2.256975,3,953.792655
-2.203001,3,953.825657
-1.140553,2,953.849656
-2.25341,3,953.891656
-0.026697,1,953.909657
-3.296012,4,953.954806
-2.180643,3,953.990806
-1.127529,2,954.014322
-1.074859,2,954.041321
-2.270972,3,954.074322
-1.081604,2,954.097322
-1.076586,2,954.119324
-2.245306,3,954.156321
-0.016889,1,954.167321
-1.109861,2,954.192322
-2.223057,3,954.250323
-2.223265,3,954.312838
-1.131209,2,954.370837
-1.065362,2,954.403837
-2.179553,3,954.456836
-2.207775,3,954.506996
-1.070148,2,954.538995
-2.217657,3,954.582995
-1.107774,2,954.607994
-3.319131,4,954.662995
-2.199206,3,954.698994
-2.239242,3,954.734993
-3.308732,4,954.786994
-1.071219,2,954.816994
-2.190676,3,954.856317
-3.333796,4,954.905319
-2.173311,3,954.942318
-0.041698,1,954.959317
-3.367197,4,955.008318
-1.135181,2,955.033318
-3.293363,4,955.082317
-2.260101,3,955.126318
-3.363962,4,955.180317
-1.146047,2,955.203318
-2.201997,3,955.243318
-1.117352,2,955.273318
-3.340309,4,955.323317
-2.237494,3,955.358317
-3.353391,4,955.408318
-2.269213,3,955.446317
-1.118122,2,955.468828
-2.163366,3,955.502829
-3.293012,4,955.551829
-1.092737,2,955.577828
-2.171506,3,955.610828
-3.369801,4,955.659962
-0.048577,1,955.671955
-2.169427,3,955.709955
-2.17412,3,955.743954
-1.071567,2,955.767069
-2.265561,3,955.80007
-3.324778,4,955.848068
-2.168592,3,955.883072
-2.282409,3,955.91707
-2.238902,3,955.952069
-1.098546,2,955.978069
-3.400533,4,956.025068
-2.16803,3,956.061069
-2.221209,3,956.09707
-2.240395,3,956.136069
-1.128449,2,956.158167
-2.273256,3,956.192167
-2.219414,3,956.229168
-0.018713,1,956.248168
-3.360726,4,956.295168
-2.225692,3,956.329167
-2.242607,3,956.361168
-1.122047,2,956.389168
-3.388895,4,956.434167
-2.177919,3,956.466167
-0.048805,1,956.477168
-1.114274,2,956.503167
-2.257695,3,956.535167
-2.234901,3,956.566167
-2.193113,3,956.600169
-3.311936,4,956.647676
-2.242728,3,956.681761
-2.18755,3,956.716837
-2.191331,3,956.751986
-1.120139,2,956.778985
-2.248708,3,956.811985
-3.297798,4,956.859088
-2.162879,3,956.894088
-2.305616,3,956.93209
-0.044626,1,956.943089
-2.27503,3,956.978087
-0.038301,1,956.990088
-2.214515,3,957.028415
-3.382851,4,957.076415
-0.031096,1,957.088414
-3.322944,4,957.133415
-3.280296,4,957.185415
-1.073083,2,957.206416
-2.244284,3,957.244417
-3.370281,4,957.291414
-2.238353,3,957.328413
-0.043695,1,957.340414
-1.132557,2,957.362414
-3.319384,4,957.407415
-0.042297,1,957.422414
-1.11454,2,957.445415
-3.312136,4,957.489415
-3.392345,4,957.5346
-2.190638,3,957.570599
-0.040391,1,957.5836
-1.119364,2,957.604599
-2.203769,3,957.637599
-1.090844,2,957.667599
-2.172232,3,957.7046
-2.268818,3,957.739602
-0.029649,1,957.752106
-3.373531,4,957.802107
-3.311663,4,957.847106
-2.168622,3,957.878106
-0.041525,1,957.890106
-3.285733,4,957.940359
-2.162181,3,957.97536
-3.330416,4,958.02036
-0.022467,1,958.033361
-2.23566,3,958.07136
-3.327838,4,958.11736
-3.309001,4,958.16736
-3.329324,4,958.21436
-1.076823,2,958.24336
-3.284189,4,958.290359
-3.342163,4,958.334359
-3.303591,4,958.382361
-1.106413,2,958.40836
-3.329003,4,958.456361
-0.040641,1,958.468359
-2.235725,3,958.500359
-0.009648,1,958.515359
-2.206,3,958.548359
-3.293874,4,958.592359
-2.25723,3,958.623359
-1.102834,2,958.650359
-2.233017,3,958.685359
-2.251192,3,958.718359
-2.181009,3,958.751359
-1.128093,2,958.778359
-2.22709,3,958.811359
-2.213983,3,958.843359
-2.266381,3,958.874359
-3.318056,4,958.924868
-2.193502,3,958.956868
-1.132027,2,958.980869
-2.160703,3,959.019869
-0.026686,1,959.033869
-1.098691,2,959.057869
-2.185617,3,959.09087
-2.260562,3,959.12587
-2.251664,3,959.161869
-2.265592,3,959.196868
-2.272309,3,959.234868
-3.345042,4,959.283869
-0.048043,1,959.306869
-2.182616,3,959.36587
-2.238903,3,959.409869
-2.228866,3,959.455869
-1.08438,2,959.485004
-2.219843,3,959.522005
-3.334246,4,959.569004
-0.047473,1,959.582006
-2.229756,3,959.630225
-2.236987,3,959.673326
-2.237134,3,959.711327
-0.025425,1,959.725326
-3.389342,4,959.779326
-2.171968,3,959.815326
-1.100321,2,959.840326
-2.242927,3,959.875326
-2.222479,3,959.917325
-1.084338,2,959.941325
-1.088952,2,959.966325
-2.239982,3,960.006325
-1.076858,2,960.035329
-3.27942,4,960.087836
-0.032097,1,960.101837
-1.090684,2,960.128836
-2.172477,3,960.169837
-1.130004,2,960.194837
-2.261009,3,960.231838
-1.123598,2,960.256836
-2.227802,3,960.295837
-0.019355,1,960.307837
-0.031906,1,960.321836
-2.2446,3,960.356836
-0.023592,1,960.371836
-3.389095,4,960.417836
-3.295234,4,960.463836
-2.168128,3,960.497936
-0.016825,1,960.513937
-0.020641,1,960.525937
-2.177483,3,960.566936
-0.00949,1,960.577936
-2.155921,3,960.614937
-2.224125,3,960.651051
-1.12713,2,960.67405
-2.238085,3,960.70805
-1.106991,2,960.736049
-2.27052,3,960.773171
-2.215165,3,960.810172
-3.365076,4,960.856172
-1.129129,2,960.884172
-2.158088,3,960.918171
-2.253501,3,960.963172
-1.136801,2,960.988313
-3.419924,4,961.041313
-2.202448,3,961.077312
-3.310996,4,961.124312
-1.122367,2,961.149312
-3.281074,4,961.201822
-1.075785,2,961.226822
-2.174734,3,961.259822
-1.085535,2,961.282823
-2.230409,3,961.323822
-1.145014,2,961.347821
-1.122829,2,961.370821
-1.075934,2,961.392821
-1.071614,2,961.419823
-0.007415,1,961.431821
-1.103124,2,961.452821
-3.273569,4,961.492822
-1.084893,2,961.516823
-2.24804,3,961.549821
-3.312322,4,961.590821
-3.357152,4,961.634821
-1.131889,2,961.659822
-2.192226,3,961.691821
-1.111025,2,961.714822
-2.219798,3,961.749822
-1.124316,2,961.777822
-2.242253,3,961.811822
-0.049872,1,961.823821
-2.274682,3,961.858821
-1.125918,2,961.887822
-2.235217,3,961.921822
-2.224082,3,961.956821
-2.17448,3,961.989823
-2.235938,3,962.027822
-2.174814,3,962.061821
-2.233361,3,962.095822
-3.333406,4,962.141823
-2.246679,3,962.178821
-2.252503,3,962.212822
-2.226537,3,962.248821
-1.076138,2,962.273822
-1.109085,2,962.300822
-2.261286,3,962.335826
-3.312447,4,962.381329
-2.248269,3,962.41433
-3.373214,4,962.46033
-1.074784,2,962.481329
-1.081156,2,962.50133
-3.319172,4,962.54533
-1.141561,2,962.57133
-3.408509,4,962.616329
-1.079345,2,962.641435
-3.336161,4,962.684435
-3.388374,4,962.735526
-3.289784,4,962.778526
-2.218715,3,962.812525
-1.095279,2,962.835526
-2.282424,3,962.876526
-2.227263,3,962.909527
-2.157738,3,962.944527
-0.031767,1,962.958526
-3.311309,4,963.005526
-1.074485,2,963.029526
-2.242964,3,963.064526
-2.185684,3,963.098526
-1.128674,2,963.124525
-0.009809,1,963.135527
-2.207671,3,963.169827
-1.135659,2,963.192826
-2.273316,3,963.228826
-2.233915,3,963.266826
-2.249218,3,963.300826
-2.207639,3,963.332826
-1.102041,2,963.359827
-1.095289,2,963.381826
-1.091207,2,963.406827
-3.300149,4,963.451827
-3.311027,4,963.495829
-3.276585,4,963.541415
-2.203393,3,963.573415
-2.176603,3,963.606415
-2.206649,3,963.645415
-2.217836,3,963.678414
-2.195637,3,963.710414
-0.031517,1,963.724414
-1.119391,2,963.749414
-3.425306,4,963.792414
-2.264379,3,963.827415
-1.086782,2,963.848414
-3.296414,4,963.895415
-0.026575,1,963.906414
-2.245877,3,963.941538
-3.276291,4,963.985539
-2.239425,3,964.023538
-1.097719,2,964.049538
-1.113211,2,964.073538
-2.258063,3,964.10654
-3.335138,4,964.155539
-3.30428,4,964.203539
-2.259954,3,964.237537
-1.129353,2,964.260539
-2.216449,3,964.300675
-2.190317,3,964.333677
-3.442838,4,964.382676
-1.115837,2,964.404675
-3.403447,4,964.451764
-0.037034,1,964.464764
-1.135552,2,964.490905
-0.038397,1,964.501907
-2.252886,3,964.536905
-1.11491,2,964.557905
-3.284582,4,964.602906
-2.198252,3,964.633905
-2.191998,3,964.670413
-2.187836,3,964.70656
-1.076789,2,964.72856
-0.043074,1,964.739561
-1.07711,2,964.76556
-0.031143,1,964.776561
-2.197932,3,964.80956
-2.203656,3,964.844626
-2.248197,3,964.881626
-2.21124,3,964.914627
-1.131605,2,964.937764
-2.234384,3,964.970765
-2.213694,3,965.006765
-3.360224,4,965.051765
-3.362801,4,965.095765
-0.048217,1,965.106764
-2.175025,3,965.144765
-2.250908,3,965.176765
-2.240334,3,965.209765
-3.321376,4,965.248942
-2.167076,3,965.290942
-2.269108,3,965.321942
-0.023955,1,965.333942
-0.026311,1,965.343942
-2.282207,3,965.383943
-2.225184,3,965.417941
-3.365663,4,965.458942
-3.339631,4,965.500942
-0.047021,1,965.514942
-1.075713,2,965.536942
-1.13432,2,965.557943
-1.103091,2,965.577941
-2.237999,3,965.613942
-2.218547,3,965.647942
-2.19416,3,965.682028
-0.014857,1,965.695028
-2.262953,3,965.730029
-2.190808,3,965.762029
-2.284394,3,965.794029
-2.208645,3,965.828537
-1.071701,2,965.854536
-3.28272,4,965.898537
-1.114678,2,965.920537
-2.249277,3,965.954536
-1.125669,2,965.981537
-2.1529,3,966.014538
-2.177682,3,966.049543
-2.161435,3,966.082536
-2.268978,3,966.118536
-2.176662,3,966.153537
-3.323273,4,966.199537
-2.186298,3,966.232536
-2.213572,3,966.271686
-2.200008,3,966.307685
-3.280391,4,966.349771
-2.212746,3,966.384772
-1.114112,2,966.410772
-3.316517,4,966.452917
-3.300033,4,966.498915
-0.046456,1,966.508916
-2.172967,3,966.543002
-2.247784,3,966.576003
-3.313519,4,966.617002
-0.035865,1,966.628003
-0.04239,1,966.643002
-2.234082,3,966.676003
-2.219828,3,966.711002
-2.267172,3,966.742003
-3.345592,4,966.790003
-3.319986,4,966.834003
-0.03251,1,966.844002
-2.277263,3,966.877003
-2.206523,3,966.914003
-2.254445,3,966.948003
-2.23048,3,966.981518
-1.120794,2,967.003513
-3.316127,4,967.050582
-3.336426,4,967.093757
-2.161164,3,967.129757
-1.071914,2,967.152758
-2.285083,3,967.196765
-1.091619,2,967.219757
-2.234287,3,967.25485
-2.166736,3,967.29185
-1.125657,2,967.32085
-2.240798,3,967.35885
-1.123863,2,967.38085
-1.111785,2,967.40085
-2.215678,3,967.43785
-2.228576,3,967.468849
-2.219398,3,967.499849
-3.358694,4,967.539851
-2.230841,3,967.57685
-1.134452,2,967.59685
-2.220609,3,967.629851
-3.324674,4,967.679849
-2.207692,3,967.71885
-0.049,1,967.730849
-1.120681,2,967.753851
-1.103611,2,967.77785
-3.290108,4,967.82385
-1.112422,2,967.84485
-2.242788,3,967.876851
-1.106775,2,967.90085
-0.020034,1,967.91685
-2.207603,3,967.960988
-3.29988,4,968.004988
-0.031174,1,968.015987
-3.36853,4,968.06607
-0.049977,1,968.07707
-2.201387,3,968.112074
-0.013861,1,968.122579
-3.327902,4,968.17358
-2.198551,3,968.205579
-0.039524,1,968.219579
-1.117436,2,968.240579
-1.087465,2,968.26558
-2.169271,3,968.300581
-2.227766,3,968.334579
-3.315003,4,968.376578
-2.244021,3,968.413579
-2.237031,3,968.449581
-2.221331,3,968.482579
-2.274636,3,968.513579
-2.241313,3,968.549579
-1.115211,2,968.570581
-2.210731,3,968.60258
-3.367136,4,968.650578
-0.013648,1,968.66658
-2.173457,3,968.700581
-3.424237,4,968.744579
-2.207559,3,968.77758
-3.37323,4,968.82758
-3.314333,4,968.87558
-2.184172,3,968.90858
-2.247661,3,968.94258
-3.277059,4,968.994836
-1.094498,2,969.016835
-0.037949,1,969.028837
-0.0171,1,969.038835
-2.217273,3,969.076836
-0.042837,1,969.088835
-0.020599,1,969.099836
-3.339087,4,969.142835
-1.124026,2,969.169835
-1.116164,2,969.191835
-0.040045,1,969.204836
-1.071405,2,969.226836
-2.230808,3,969.263836
-2.246657,3,969.299835
-2.240069,3,969.33384
-1.125195,2,969.358345
-2.254544,3,969.395344
-3.330918,4,969.443344
-2.284017,3,969.474344
-2.228741,3,969.506344
-0.042337,1,969.520345
-1.110885,2,969.543344
-2.212785,3,969.574344
-3.311254,4,969.613345
-0.037966,1,969.628345
-3.313028,4,969.674345
-0.0423,1,969.686344
-2.254198,3,969.721344
-1.10402,2,969.750344
-0.047913,1,969.762345
-2.223868,3,969.795343
-2.216763,3,969.829344
-2.206672,3,969.867345
-0.02243,1,969.877345
-2.255992,3,969.910344
-2.20909,3,969.943344
-0.044425,1,969.958345
-1.120479,2,969.983344
-1.132744,2,970.004775
-1.093951,2,970.026775
-0.028656,1,970.042775
-1.125902,2,970.063774
-2.269771,3,970.098775
-2.162174,3,970.130775
-2.228677,3,970.166775
-2.226226,3,970.203774
-3.345385,4,970.245776
-1.120168,2,970.268775
-1.118472,2,970.298775
-1.103185,2,970.321775
-1.088252,2,970.344775
-1.121597,2,970.366775
-3.292159,4,970.416775
-0.023455,1,970.427777
-2.29315,3,970.459775
-0.03713,1,970.468775
-2.187684,3,970.504779
-2.208152,3,970.541283
-2.232654,3,970.572284
-2.169285,3,970.605282
-2.265339,3,970.643283
-2.262031,3,970.678283
-1.084686,2,970.701283
-2.171745,3,970.737283
-3.371451,4,970.791284
-2.171416,3,970.830283
-0.022561,1,970.843282
-2.160896,3,970.876282
-0.040482,1,970.890284
-0.036631,1,970.902284
-2.237354,3,970.937284
-2.159685,3,970.972284
-2.19938,3,971.01138
-2.258517,3,971.04438
-0.041924,1,971.05738
-2.239991,3,971.09138
-3.311794,4,971.14238
-2.189807,3,971.178381
-2.292371,3,971.22238
-2.262121,3,971.26038
-2.229308,3,971.306382
-1.104027,2,971.329381
-2.233201,3,971.363381
-3.295042,4,971.411381
-1.083116,2,971.43738
-0.019848,1,971.44738
-0.04983,1,971.458381
-2.210825,3,971.49238
-2.160679,3,971.527381
-2.179031,3,971.55938
-1.108372,2,971.58038
-3.290506,4,971.623383
-2.154232,3,971.666889
-3.315369,4,971.712889
-1.109414,2,971.736889
-2.279591,3,971.769889
-1.143291,2,971.795891
-3.327411,4,971.842889
-2.253834,3,971.87589
-2.222181,3,971.908976
-3.283855,4,971.958975
-2.163344,3,971.992975
-1.111574,2,972.015975
-3.305795,4,972.061975
-3.31894,4,972.108978
-0.042727,1,972.120977
-2.21936,3,972.154975
-2.191778,3,972.188976
-2.264589,3,972.226975
-3.395705,4,972.273978
-2.284304,3,972.311975
-0.00888,1,972.324975
-2.260371,3,972.365975
-2.242732,3,972.399975
-1.077143,2,972.421975
-1.13824,2,972.443975
-2.18729,3,972.483989
-2.184089,3,972.514976
-1.093884,2,972.535975
-3.345927,4,972.577976
-2.195322,3,972.616975
-0.019425,1,972.628977
-0.035712,1,972.638975
-2.16866,3,972.671975
-3.379596,4,972.721976
-3.328254,4,972.768979
-0.005183,1,972.781483
-1.131785,2,972.806486
-2.22643,3,972.843483
-0.035975,1,972.855483
-3.392067,4,972.903484
-1.072443,2,972.927484
-1.114002,2,972.953484
-0.036796,1,972.964483
-2.163644,3,972.997483
-3.409834,4,973.044483
-3.347859,4,973.092483
-3.27779,4,973.137483
-1.087259,2,973.159483
-2.204781,3,973.193483
-2.283633,3,973.231483
-2.172115,3,973.264482
-1.109722,2,973.287484
-0.041896,1,973.299483
-3.320384,4,973.350484
-2.268874,3,973.384485
-2.234466,3,973.417484
-3.291825,4,973.463484
-2.213125,3,973.499484
-2.246007,3,973.529483
-1.124332,2,973.553808
-0.031653,1,973.563808
-1.116169,2,973.591809
-2.223092,3,973.622809
-2.193456,3,973.776809
-1.121986,2,973.800962
-2.295172,3,973.839963
-2.24839,3,973.872962
-2.199446,3,973.91047
-0.033978,1,973.923471
-2.194134,3,973.95693
-2.240235,3,973.985933
-2.227192,3,974.015931
-3.357314,4,974.053931
-3.303679,4,974.096933
-0.014664,1,974.10693
-3.353773,4,974.14793
-2.169063,3,974.17693
-2.249132,3,974.207931
-2.182942,3,974.238931
-3.363768,4,974.27593
-3.323657,4,974.31393
-2.246584,3,974.351932
-2.234568,3,974.380931
-3.291168,4,974.419931
-2.237402,3,974.448931
-2.207944,3,974.47993
-2.18732,3,974.506931
-2.177548,3,974.534931
-0.042705,1,974.543931
-2.163522,3,974.57493
-3.341983,4,974.609931
-3.328828,4,974.64893
-3.338706,4,974.689931
-2.238874,3,974.729931
-3.335758,4,974.76993
-2.237438,3,974.800931
-3.322117,4,974.836931
-2.19279,3,974.871933
-0.018666,1,974.883931
-2.18337,3,974.911931
-3.302228,4,974.947932
-2.194346,3,974.979932
-0.017135,1,974.98893
-1.087254,2,975.010932
-3.294708,4,975.05044
-3.368381,4,975.096498
-2.208635,3,975.126574
-2.222813,3,975.156574
-1.06764,2,975.175574
-3.290775,4,975.219574
-3.31834,4,975.257574
-3.290934,4,975.296578
-2.168865,3,975.329575
-1.108752,2,975.354574
-2.249241,3,975.382574
-0.027798,1,975.393574
-3.280077,4,975.431868
-0.016733,1,975.444866
-2.263996,3,975.471867
-2.188282,3,975.498866
-1.099845,2,975.516866
-1.107499,2,975.539866
-3.318466,4,975.575866
-0.040847,1,975.585866
-0.047834,1,975.594866
-0.012153,1,975.607866
-2.206113,3,975.634866
-2.290392,3,975.665867
-2.262456,3,975.693866
-0.04885,1,975.706866
-0.02664,1,975.717867
-2.179532,3,975.746866
-0.007036,1,975.756866
-3.314244,4,975.799867
-1.11424,2,975.818866
-3.362247,4,975.860866
-3.304424,4,975.905922
-2.16635,3,975.942922
-1.110703,2,975.965923
-0.021567,1,975.977921
-1.067313,2,975.999922
-1.072808,2,976.025921
-3.284692,4,976.071924
-2.241898,3,976.110923
-1.131398,2,976.134924
-3.357755,4,976.181427
-2.265048,3,976.220747
-2.193487,3,976.254962
-1.076977,2,976.275963
-2.26848,3,976.315963
-2.21321,3,976.350964
-2.184899,3,976.382962
-0.046454,1,976.393962
-1.109287,2,976.420962
-2.218688,3,976.453963
-1.076758,2,976.474962
-2.228617,3,976.506962
-2.243131,3,976.543962
-2.18726,3,976.572963
-3.355463,4,976.616964
-1.086667,2,976.640962
-2.242337,3,976.678962
-2.176348,3,976.712963
-2.222233,3,976.746963
-0.026784,1,976.757962
-2.176374,3,976.793963
-2.218264,3,976.827963
-1.116864,2,976.852963
-1.074456,2,976.875963
-1.104221,2,976.902963
-1.101126,2,976.925964
-2.180078,3,976.959962
-3.372498,4,977.004963
-1.101381,2,977.031962
-2.176392,3,977.070962
-2.255941,3,977.103964
-1.109348,2,977.126963
-2.206642,3,977.164962
-3.374218,4,977.208962
-2.184239,3,977.243963
-2.283504,3,977.278964
-2.262609,3,977.324966
-3.344339,4,977.373474
-2.241425,3,977.409474
-2.243384,3,977.445473
-2.261702,3,977.482473
-1.083644,2,977.503474
-2.219245,3,977.537474
-2.187279,3,977.569474
-2.276201,3,977.605474
-3.327279,4,977.653475
-1.124074,2,977.676473
-2.194994,3,977.708473
-2.183835,3,977.747474
-2.275715,3,977.781475
-1.111801,2,977.804474
-3.333691,4,977.855473
-1.073019,2,977.882474
-1.072004,2,977.906473
-2.238624,3,977.939475
-0.047088,1,977.953474
-1.074437,2,977.978474
-2.210552,3,978.011475
-0.02893,1,978.022474
-3.367099,4,978.067473
-3.3295,4,978.114473
-3.322174,4,978.157473
-1.094247,2,978.182677
-1.09077,2,978.204678
-2.243314,3,978.243832
-2.213118,3,978.278833
-1.108822,2,978.301831
-2.174849,3,978.336832
-0.034517,1,978.351831
-2.229708,3,978.386832
-0.044396,1,978.398951
-3.356315,4,978.441949
-1.10195,2,978.465949
-3.352679,4,978.508457
-2.269568,3,978.540459
-2.190759,3,978.572458
-2.263778,3,978.610563
-2.22548,3,978.644562
-1.086997,2,978.665562
-3.393168,4,978.711778
-3.293023,4,978.758925
-1.14145,2,978.779926
-1.067916,2,978.801925
-2.240713,3,978.834925
-1.111122,2,978.864926
-2.194764,3,978.900926
-2.237396,3,978.934926
-2.212679,3,978.968925
-1.094303,2,978.993925
-1.111811,2,979.017997
-2.231702,3,979.052996
-1.129458,2,979.075996
-1.109217,2,979.101996
-2.161731,3,979.135997
-2.262286,3,979.169997
-2.213011,3,979.202996
-0.026296,1,979.217997
-1.112683,2,979.239996
-1.117328,2,979.262996
-2.234633,3,979.297157
-2.208912,3,979.333156
-2.221098,3,979.372159
-2.267063,3,979.406158
-3.297455,4,979.447157
-2.268618,3,979.483157
-3.365371,4,979.525157
-3.334316,4,979.567157
-1.066151,2,979.590157
-2.243476,3,979.624159
-2.232644,3,979.658666
-2.183704,3,979.694666
-1.115781,2,979.716666
-2.214719,3,979.754667
-3.368739,4,979.799666
-1.080459,2,979.823667
-2.236017,3,979.857666
-1.080034,2,979.883666
-1.102239,2,979.906666
-1.094118,2,979.930666
-2.302457,3,979.963666
-3.35502,4,980.013666
-2.278525,3,980.048666
-0.013056,1,980.060667
-3.289711,4,980.107667
-2.217854,3,980.144666
-2.192009,3,980.176667
-3.304114,4,980.220667
-1.122254,2,980.244666
-2.240201,3,980.280667
-1.086793,2,980.303667
-2.190152,3,980.336666
-0.009358,1,980.349668
-2.230605,3,980.389666
-1.136141,2,980.41275
-3.338479,4,980.454749
-1.09809,2,980.476749
-2.198756,3,980.51099
-1.096155,2,980.530989
-1.116993,2,980.55199
-2.207473,3,980.584991
-2.247481,3,980.619992
-1.127855,2,980.64299
-1.10073,2,980.66599
-1.10074,2,980.68799
-3.345718,4,980.737991
-3.380934,4,980.784993
-2.265886,3,980.819953
-1.110816,2,980.840953
-3.33789,4,980.891023
-2.185583,3,980.928024
-1.10514,2,980.949088
-2.188792,3,980.985089
-3.386141,4,981.035089
-2.223138,3,981.069088
-0.046338,1,981.080089
-0.04749,1,981.09221
-2.267418,3,981.13021
-1.077271,2,981.152209
-2.233235,3,981.18421
-1.13656,2,981.211209
-3.387788,4,981.264209
-1.124082,2,981.287209
-1.098951,2,981.308208
-2.229049,3,981.343211
-1.127898,2,981.37221
-1.127017,2,981.395209
-3.333398,4,981.440209
-3.3484,4,981.484209
-1.080676,2,981.513209
-0.04619,1,981.52421
-3.286763,4,981.571314
-3.373961,4,981.613315
-0.031675,1,981.628315
-1.138192,2,981.650314
-3.389404,4,981.695316
-3.412091,4,981.741314
-2.278348,3,981.783314
-2.208503,3,981.816314
-3.351159,4,981.861314
-0.017631,1,981.872314
-2.214399,3,981.912318
-2.261587,3,981.948823
-1.11159,2,981.972823
-2.259462,3,982.009826
-1.123903,2,982.038823
-2.244499,3,982.070823
-1.065081,2,982.094822
-3.361622,4,982.139823
-1.089449,2,982.165824
-2.165325,3,982.199823
-1.118729,2,982.222825
-2.208959,3,982.256823
-1.131988,2,982.282935
-2.245499,3,982.315935
-2.268555,3,982.355935
-1.104055,2,982.377935
-2.219105,3,982.421935
-2.214051,3,982.455935
-1.082951,2,982.477041
-1.071164,2,982.498043
-3.316405,4,982.547042
-3.373196,4,982.591045
-1.070497,2,982.613043
-2.262386,3,982.644042
-2.170614,3,982.683042
-2.211847,3,982.720042
-0.038614,1,982.731042
-0.031483,1,982.742043
-3.361926,4,982.796043
-2.193559,3,982.826041
-1.126635,2,982.849042
-2.222213,3,982.884845
-3.327525,4,982.934844
-1.081907,2,982.958846
-2.211753,3,982.992845
-2.175342,3,983.026844
-0.031659,1,983.044845
-3.344674,4,983.093355
-2.223896,3,983.127431
-1.109798,2,983.150431
-0.022858,1,983.166432
-2.20711,3,983.199431
-3.36584,4,983.247432
-2.221186,3,983.281431
-3.281965,4,983.331431
-3.334262,4,983.378432
-2.180806,3,983.410432
-3.38724,4,983.457431
-3.349968,4,983.504431
-1.08204,2,983.527431
-1.086857,2,983.550432
-2.243631,3,983.583432
-3.409409,4,983.629434
-2.263681,3,983.664491
-0.023124,1,983.678492
-2.168249,3,983.711492
-0.018946,1,983.771493
-3.317533,4,983.815492
-0.03886,1,983.829494
-2.229028,3,983.863755
-1.096822,2,983.893756
-2.214355,3,983.927754
-0.042749,1,983.939755
-2.196959,3,983.971755
-3.305783,4,984.021755
-2.167945,3,984.053755
-3.327344,4,984.099755
-0.043245,1,984.110755
-2.265382,3,984.152755
-1.103851,2,984.178757
-1.117963,2,984.204756
-1.127827,2,984.228758
-2.204884,3,984.268265
-2.220922,3,984.306265
-2.218168,3,984.340266
-1.120323,2,984.362344
-2.223312,3,984.407344
-1.117401,2,984.432344
-3.383717,4,984.478343
-1.141051,2,984.499343
-1.092004,2,984.528343
-1.149582,2,984.551343
-1.112027,2,984.572345
-2.27515,3,984.604344
-2.210777,3,984.64344
-2.241085,3,984.677439
-2.227581,3,984.713439
-1.068447,2,984.736439
-3.39099,4,984.78844
-1.117374,2,984.809439
-1.103582,2,984.833438
-1.07259,2,984.855439
-3.316339,4,984.902439
-2.172075,3,984.93597
-0.038408,1,984.94797
-2.204778,3,984.98597
-0.008608,1,984.99997
-3.323012,4,985.045972
-2.19541,3,985.08097
-1.103941,2,985.102969
-2.194249,3,985.138969
-2.189667,3,985.174969
-1.084149,2,985.200969
-1.09706,2,985.22497
-2.231421,3,985.26297
-0.008665,1,985.27597
-1.128701,2,985.29997
-0.038749,1,985.31197
-1.127557,2,985.33897
-3.34124,4,985.390481
-2.160203,3,985.430481
-3.396067,4,985.475481
-2.176166,3,985.518481
-2.241021,3,985.554481
-1.077705,2,985.577481
-3.301824,4,985.62448
-3.312315,4,985.68096
-2.251495,3,985.72096
-2.267464,3,985.762959
-0.010776,1,985.774959
-2.2041,3,985.81696
-1.071854,2,985.843959
-3.27559,4,985.89296
-1.131301,2,985.918961
-2.159769,3,985.963959
-2.185175,3,985.999959
-2.201931,3,986.034961
-2.241173,3,986.07396
-1.132102,2,986.10296
-2.252516,3,986.14096
-2.171789,3,986.17896
-2.241848,3,986.214961
-1.139501,2,986.245959
-3.372094,4,986.29696
-1.110485,2,986.322962
-3.304457,4,986.36996
-1.106029,2,986.40996
-0.025506,1,986.42396
-2.243998,3,986.455959
-2.265783,3,986.490222
-1.091049,2,986.518223
-1.106597,2,986.540732
-2.184312,3,986.569731
-3.302637,4,986.613731
-2.211319,3,986.652731
-2.186542,3,986.689907
-2.204572,3,986.728379
-2.181795,3,986.766394
-2.195991,3,986.808379
-3.344635,4,986.884379
-2.236381,3,986.937379
-0.014053,1,986.955379
-2.251905,3,987.010585
-2.172308,3,987.058585
-2.266155,3,987.101584
-2.20001,3,987.139674
-2.21773,3,987.187105
-1.100357,2,987.216105
-0.045813,1,987.231104
-1.127495,2,987.260107
-1.129515,2,987.294105
-3.320658,4,987.348105
-0.049422,1,987.361105
-2.197496,3,987.405104
-1.139664,2,987.435105
-0.04564,1,987.449104
-2.241191,3,987.489105
-1.11673,2,987.517104
-2.211869,3,987.565104
-2.238414,3,987.609106
-0.043249,1,987.622104
-0.045012,1,987.636105
-2.235709,3,987.678104
-2.209617,3,987.718616
-2.272818,3,987.757617
-0.029015,1,987.770617
-3.437913,4,987.831617
-3.451802,4,987.884713
-2.20428,3,987.923714
-2.163185,3,987.965712
-1.135989,2,987.997714
-1.077317,2,988.023713
-1.090952,2,988.051715
-0.037921,1,988.064712
-1.101225,2,988.097713
-1.112235,2,988.123713
-3.296261,4,988.175713
-2.163746,3,988.210185
-1.112495,2,988.239186
-0.042565,1,988.251186
-2.170868,3,988.288186
-1.106037,2,988.313185
-2.245451,3,988.360185
-0.029042,1,988.377186
-0.034428,1,988.392185
-1.140925,2,988.420186
-3.358588,4,988.474186
-2.219162,3,988.511185
-2.216999,3,988.545185
-3.287766,4,988.596186
-3.409278,4,988.666487
-2.255518,3,988.704485
-2.239351,3,988.739486
-2.193788,3,988.775486
-1.088348,2,988.803485
-2.202877,3,988.840485
-2.215638,3,988.877996
-2.160157,3,988.943223
-2.265308,3,989.007223
-3.314094,4,989.077224
-2.189909,3,989.120222
-1.124961,2,989.146222
-1.123836,2,989.175224
-2.209826,3,989.211223
-2.166121,3,989.251223
-3.390606,4,989.299225
-1.081845,2,989.327222
-3.276586,4,989.373222
-3.379549,4,989.420222
-2.18021,3,989.454225
-2.171836,3,989.492224
-1.074936,2,989.513504
-2.283452,3,989.548504
-2.196262,3,989.586504
-2.231584,3,989.635505
-1.103601,2,989.663504
-2.211011,3,989.709506
-2.203273,3,989.752505
-2.239586,3,989.802503
-2.239468,3,989.849505
-3.292587,4,989.895505
-2.220995,3,989.938504
-2.283042,3,989.985506
-1.108392,2,990.018505
-0.025886,1,990.033507
-1.11839,2,990.064017
-0.036693,1,990.081019
-0.028559,1,990.092019
-1.066759,2,990.116018
-2.202073,3,990.155018
-3.40841,4,990.222018
-1.099963,2,990.254021
-2.212439,3,990.298019
-3.377693,4,990.357021
-2.243542,3,990.406019
-3.33622,4,990.465018
-2.277137,3,990.508019
-1.104257,2,990.537019
-2.171178,3,990.588125
-3.275249,4,990.645126
-2.212962,3,990.692128
-1.085506,2,990.720125
-3.344411,4,990.778308
-2.234295,3,990.837307
-2.203478,3,990.877307
-0.033892,1,990.895308
-2.260431,3,990.953306
-2.246421,3,990.991305
-2.216739,3,991.024306
-2.193436,3,991.057306
-2.228117,3,991.098307
-2.227713,3,991.145307
-2.255699,3,991.190307
-3.330865,4,991.243816
-3.445963,4,991.296816
-2.193191,3,991.33682
-3.345762,4,991.395818
-2.223648,3,991.440817
-1.085179,2,991.475817
-2.258095,3,991.521817
-0.032959,1,991.536944
-3.326777,4,991.597224
-0.024941,1,991.616226
-2.222657,3,991.660223
-2.192528,3,991.707223
-2.246306,3,991.753228
-1.130572,2,991.792224
-2.202807,3,991.838224
-1.080444,2,991.872224
-1.07391,2,991.906224
-2.244338,3,991.946224
-1.110657,2,991.971223
-3.304229,4,992.027223
-3.366529,4,992.080498
-3.286685,4,992.1375
-0.007147,1,992.150498
-3.347548,4,992.198498
-2.240682,3,992.240497
-2.174947,3,992.282497
-2.152463,3,992.319497
-3.304329,4,992.369498
-1.110699,2,992.393008
-1.062328,2,992.424007
-3.283282,4,992.471007
-1.131157,2,992.494006
-2.257644,3,992.528006
-2.19717,3,992.571007
-2.244888,3,992.60414
-0.007356,1,992.615224
-0.026781,1,992.626225
-0.010127,1,992.642225
-2.224997,3,992.678223
-1.11655,2,992.704224
-2.21533,3,992.739224
-2.201977,3,992.787225
-2.187737,3,992.825225
-1.103106,2,992.849225
-3.43069,4,992.900332
-2.184487,3,992.939332
-3.291035,4,992.988333
-2.189437,3,993.023333
-1.136336,2,993.044332
-2.28271,3,993.081333
-0.042762,1,993.092333
-1.084236,2,993.116333
-3.338899,4,993.157332
-1.071785,2,993.183333
-3.335882,4,993.227331
-0.041891,1,993.238332
-1.107671,2,993.259331
-1.126948,2,993.284332
-2.167603,3,993.318332
-3.325284,4,993.363332
-2.261006,3,993.395849
-2.275536,3,993.43485
-2.218016,3,993.468849
-2.194643,3,993.50085
-0.028242,1,993.511852
-0.028361,1,993.526359
-3.286085,4,993.57036
-2.246287,3,993.601358
-3.39319,4,993.644359
-0.013577,1,993.661359
-1.10478,2,993.684359
-2.220339,3,993.718359
-0.04738,1,993.72936
-2.179193,3,993.767359
-0.029073,1,993.779359
-2.165874,3,993.812435
-2.236621,3,993.844434
-2.210948,3,993.882435
-1.111714,2,993.904434
-0.025411,1,993.915435
-0.047383,1,993.927435
-0.031074,1,993.941436
-1.129224,2,993.964435
-3.296311,4,994.009435
-3.306976,4,994.053435
-2.24115,3,994.093436
-2.173227,3,994.126435
-2.179538,3,994.159438
-3.331125,4,994.204435
-0.040142,1,994.219435
-1.081553,2,994.242435
-3.302521,4,994.286435
-2.279319,3,994.320435
-2.217941,3,994.357435
-2.168834,3,994.393435
-2.217639,3,994.432435
-1.068241,2,994.459436
-2.283873,3,994.503435
-2.257493,3,994.555435
-1.138411,2,994.584436
-3.433134,4,994.652435
-2.25905,3,994.696959
-1.090664,2,994.724961
-2.249451,3,994.777138
-3.301662,4,994.827231
-1.112595,2,994.854316
-1.092856,2,994.880316
-3.292738,4,994.940644
-2.219679,3,994.982643
-2.226,3,995.032642
-3.37964,4,995.095643
-1.133316,2,995.137643
-2.220662,3,995.181643
-3.347977,4,995.272643
-0.026172,1,995.283643
-2.200227,3,995.317645
-2.164602,3,995.365643
-1.081706,2,995.408643
-1.137911,2,995.434644
-2.221845,3,995.477644
-2.201843,3,995.513643
-2.22453,3,995.588939
-2.214003,3,995.620939
-0.046294,1,995.63194
-3.345079,4,995.69494
-1.081402,2,995.724939
-3.298513,4,995.769939
-1.134305,2,995.810941
-1.135694,2,995.829942
-3.440749,4,995.887452
-3.379276,4,995.932451
-2.225472,3,995.965451
-0.007005,1,995.977452
-2.21874,3,996.020452
-0.01083,1,996.033453
-1.081214,2,996.058456
-3.291389,4,996.110454
-2.221161,3,996.155453
-2.223818,3,996.191452
-3.27106,4,996.238828
-2.279305,3,996.274828
-3.3489,4,996.321828
-2.228078,3,996.355828
-2.180965,3,996.389829
-2.212235,3,996.423829
-2.256361,3,996.462828
-1.066456,2,996.484828
-0.037498,1,996.495828
-0.040048,1,996.50583
-1.105089,2,996.531827
-2.188474,3,996.566827
-2.29478,3,996.597828
-3.271115,4,996.642076
-1.124656,2,996.665075
-2.28962,3,996.702075
-2.237465,3,996.735075
-2.164895,3,996.770076
-0.049316,1,996.788076
-2.268392,3,996.822076
-2.239134,3,996.857075
-0.034411,1,996.868076
-2.177606,3,996.907075
-2.243392,3,996.942076
-2.209571,3,996.978079
-3.363548,4,997.021585
-3.307351,4,997.067587
-2.262916,3,997.101906
-2.213023,3,997.136907
-1.08806,2,997.158906
-1.088664,2,997.185907
-2.205559,3,997.219906
-1.078556,2,997.243075
-2.251141,3,997.276074
-2.249187,3,997.314075
-2.196392,3,997.348074
-2.17013,3,997.381074
-1.13752,2,997.401074
-3.360973,4,997.452074
-2.169386,3,997.483074
-3.341812,4,997.524075
-1.083368,2,997.545074
-1.114445,2,997.572074
-2.219308,3,997.603074
-3.275083,4,997.645075
-1.09458,2,997.671076
-1.107353,2,997.697074
-1.085574,2,997.720074
-2.265419,3,997.756074
-1.132968,2,997.781075
-2.206658,3,997.820075
-1.068278,2,997.843074
-1.078097,2,997.866073
-0.026858,1,997.877074
-2.212487,3,997.917074
-2.163016,3,997.953074
-2.169375,3,997.987074
-0.012057,1,998.001074
-3.344027,4,998.056075
-2.160637,3,998.091074
-0.041878,1,998.104074
-1.087985,2,998.127073
-3.314985,4,998.176583
-2.27548,3,998.215582
-3.299749,4,998.261583
-2.243335,3,998.297582
-3.373518,4,998.347583
-1.079769,2,998.371583
-1.140621,2,998.395585
-1.115715,2,998.417583
-3.338821,4,998.469582
-1.114749,2,998.491581
-1.116195,2,998.513583
-1.142317,2,998.535582
-0.039249,1,998.549583
-1.104787,2,998.570583
-3.291149,4,998.613582
-3.275387,4,998.658581
-3.421184,4,998.704582
-2.199992,3,998.737582
-2.210907,3,998.770707
-2.182357,3,998.803706
-3.296632,4,998.851707
-2.221834,3,998.887706
-3.318306,4,998.929705
-0.017191,1,998.940706
-2.191941,3,998.979705
-0.041884,1,998.990706
-2.216255,3,999.023706
-3.390439,4,999.069706
-2.15634,3,999.106706
-1.119346,2,999.127706
-1.09326,2,999.150706
-2.220451,3,999.185706
-3.361141,4,999.241706
-2.176489,3,999.272025
-3.428036,4,999.320029
-3.273199,4,999.364536
-3.33869,4,999.409769
-0.038308,1,999.422768
-1.108227,2,999.445769
-3.304534,4,999.509769
-2.204297,3,999.564769
-2.270271,3,999.605769
-3.365052,4,999.658161
-0.029476,1,999.670161
-1.078343,2,999.697162
-3.350519,4,999.74816
-3.365239,4,999.79316
-2.217523,3,999.83216
-2.17529,3,999.87516
-3.323249,4,999.92016
-0.036283,1,999.93316
-2.204213,3,999.96716
-2.255501,3,1000.003159
-2.251282,3,1000.037161
-2.224205,3,1000.07316
-2.185867,3,1000.10416
-2.197949,3,1000.14116
-3.34847,4,1000.186162
-0.032404,1,1000.198159
-3.299506,4,1000.243161
-0.041509,1,1000.26016
-1.130265,2,1000.281162
-0.013732,1,1000.293161
-2.276525,3,1000.327161
-1.126908,2,1000.35316
-2.236937,3,1000.386473
-2.224851,3,1000.421676
-3.31176,4,1000.466675
-1.117374,2,1000.491679
-3.329622,4,1000.538187
-2.180894,3,1000.569186
-3.299792,4,1000.609185
-3.330979,4,1000.661185
-3.346374,4,1000.708186
-2.240419,3,1000.744186
-2.17204,3,1000.779186
-3.296669,4,1000.829185
-2.194813,3,1000.865185
-1.096474,2,1000.886185
-2.193848,3,1000.922186
-3.419762,4,1000.971185
-2.22098,3,1001.005185
-2.16665,3,1001.037186
-0.044919,1,1001.048185
-1.076015,2,1001.075186
-1.076905,2,1001.096185
-3.295575,4,1001.141185
-3.334551,4,1001.186186
-3.286625,4,1001.235309
-3.400377,4,1001.281311
-0.014529,1,1001.293309
-2.275959,3,1001.327311
-0.040552,1,1001.34231
-1.122173,2,1001.363309
-1.103053,2,1001.386309
-2.160084,3,1001.42031
-2.191159,3,1001.459309
-1.073107,2,1001.481309
-2.2172,3,1001.516309
-2.188154,3,1001.556311
-1.079257,2,1001.585309
-3.313709,4,1001.627309
-3.32462,4,1001.670309
-2.211554,3,1001.706313
-3.313371,4,1001.75582
-2.166245,3,1001.792819
-2.260048,3,1001.829819
-1.094482,2,1001.854892
-1.124595,2,1001.881892
-1.087586,2,1001.905892
-3.356922,4,1001.952893
-0.021408,1,1001.964892
-2.164761,3,1002.003891
-3.322894,4,1002.05202
-1.120352,2,1002.076021
-2.277005,3,1002.112132
-0.013179,1,1002.128131
-1.11346,2,1002.153131
-3.396055,4,1002.199131
-2.289264,3,1002.233131
-2.204507,3,1002.274131
-2.181919,3,1002.310131
-1.090448,2,1002.335247
-2.233758,3,1002.372247
-3.333168,4,1002.422247
-2.178426,3,1002.456247
-3.281175,4,1002.498246
-1.080927,2,1002.522247
-2.276292,3,1002.558428
-1.115124,2,1002.580428
-2.237716,3,1002.614428
-2.262331,3,1002.645429
-2.209495,3,1002.680428
-3.351861,4,1002.726428
-3.305731,4,1002.769428
-3.362808,4,1002.816428
-2.274852,3,1002.852428
-2.269598,3,1002.884938
-2.165906,3,1002.921936
-2.184581,3,1002.953935
-2.170476,3,1002.997936
-2.154379,3,1003.034935
-0.013724,1,1003.045936
-2.237548,3,1003.078935
-3.330861,4,1003.126935
-0.029209,1,1003.138936
-0.042496,1,1003.149936
-2.175913,3,1003.180937
-2.202995,3,1003.217935
-1.127699,2,1003.242098
-1.120412,2,1003.263098
-2.239214,3,1003.296098
-2.164419,3,1003.333099
-0.03695,1,1003.345099
-3.303862,4,1003.391098
-2.205052,3,1003.424098
-0.008861,1,1003.440184
-2.195358,3,1003.472184
-2.22971,3,1003.505184
-2.202831,3,1003.535185
-1.130848,2,1003.562185
-3.326496,4,1003.609296
-3.303212,4,1003.654296
-2.167166,3,1003.691297
-1.144946,2,1003.717295
-3.295394,4,1003.761296
-2.26891,3,1003.795296
-3.279078,4,1003.839296
-1.074314,2,1003.866296
-1.109701,2,1003.887295
-2.22737,3,1003.922296
-3.336514,4,1003.967296
-2.175982,3,1004.004295
-2.257481,3,1004.038298
-2.165794,3,1004.070803
-2.190994,3,1004.102803
-2.240391,3,1004.143804
-1.097844,2,1004.164803
-1.119163,2,1004.187804
-2.197798,3,1004.220803
-1.132682,2,1004.252802
-0.023503,1,1004.262803
-0.034286,1,1004.273803
-2.221827,3,1004.307803
-2.29391,3,1004.357806
-2.20099,3,1004.395803
-3.321644,4,1004.444803
-2.207829,3,1004.478803
-3.354546,4,1004.527803
-2.209525,3,1004.562803
-2.258976,3,1004.595804
-3.275128,4,1004.652804
-3.366165,4,1004.702802
-3.402366,4,1004.747803
-2.249321,3,1004.783804
-2.219709,3,1004.816803
-2.203446,3,1004.853803
-3.31765,4,1004.896803
-3.42671,4,1004.941805
-2.232576,3,1004.973803
-2.187074,3,1005.011803
-0.047585,1,1005.021803
-0.034454,1,1005.032803
-2.166521,3,1005.063803
-1.094531,2,1005.089803
-2.241482,3,1005.123803
-1.144063,2,1005.144803
-3.337339,4,1005.185806
-3.30486,4,1005.237313
-2.209129,3,1005.271313
-3.302787,4,1005.329315
-3.301225,4,1005.383708
-2.198122,3,1005.43071
-2.25065,3,1005.46871
-3.278523,4,1005.514709
-1.089431,2,1005.54471
-2.242586,3,1005.605709
-2.183333,3,1005.66871
-0.049071,1,1005.685709
-0.029682,1,1005.700709
-1.137634,2,1005.73671
-2.259075,3,1005.785709
-3.301711,4,1005.833708
-0.012138,1,1005.845709
-2.200407,3,1005.889708
-2.282945,3,1005.926711
-2.189568,3,1005.965709
-2.175917,3,1006.00971
-1.090389,2,1006.040709
-2.172369,3,1006.077709
-3.28124,4,1006.147709
-1.102264,2,1006.174709
-2.189281,3,1006.22071
-1.116341,2,1006.245712
-1.110935,2,1006.273709
-1.13602,2,1006.300709
-2.25035,3,1006.342217
-0.01831,1,1006.358218
-2.192821,3,1006.394218
-2.208982,3,1006.435218
-2.257638,3,1006.477321
-3.284377,4,1006.528319
-1.10881,2,1006.553319
-2.287646,3,1006.60532
-3.298083,4,1006.67932
-3.285441,4,1006.73332
-0.038627,1,1006.754319
-1.116859,2,1006.78532
-3.2895,4,1006.836319
-0.010203,1,1006.847321
-1.119802,2,1006.87032
-3.341405,4,1006.919319
-1.074319,2,1006.94732
-2.262216,3,1006.982319
-2.260795,3,1007.014319
-3.370823,4,1007.057319
-0.040101,1,1007.073319
-1.099381,2,1007.093319
-0.033445,1,1007.104318
-2.248819,3,1007.135318
-3.370522,4,1007.18532
-0.047442,1,1007.197318
-2.167811,3,1007.230319
-3.310905,4,1007.272319
-2.265249,3,1007.312319
-1.100851,2,1007.333319
-3.390488,4,1007.375321
-2.29565,3,1007.411319
-3.394199,4,1007.472318
-1.137671,2,1007.499828
-1.082148,2,1007.530829
-2.24662,3,1007.572829
-0.044786,1,1007.591829
-2.21325,3,1007.630828
-3.338539,4,1007.682828
-2.208948,3,1007.716829
-2.23403,3,1007.763829
-2.268137,3,1007.802248
-2.227852,3,1007.847248
-2.25596,3,1007.887247
-2.210715,3,1007.933247
-0.031929,1,1007.949247
-2.184014,3,1007.988373
-1.104638,2,1008.020372
-2.197727,3,1008.064459
-0.038433,1,1008.077458
-2.253054,3,1008.113629
-3.278613,4,1008.167629
-0.011981,1,1008.18563
-2.253989,3,1008.229629
-1.110126,2,1008.258628
-0.048599,1,1008.277629
-0.036611,1,1008.299629
-3.38631,4,1008.356629
-0.049473,1,1008.373628
-2.251871,3,1008.414628
-2.219238,3,1008.456905
-1.121444,2,1008.484904
-1.107661,2,1008.511903
-0.031849,1,1008.524904
-1.093727,2,1008.553905
-2.183286,3,1008.591904
-2.202575,3,1008.63208
-2.190774,3,1008.669594
-3.282643,4,1008.739592
-3.402224,4,1008.789759
-2.198407,3,1008.84376
-2.275917,3,1008.884759
-2.230993,3,1008.925759
-3.292918,4,1008.977759
-1.131804,2,1009.004759
-2.269799,3,1009.041759
-2.233969,3,1009.086759
-2.224267,3,1009.121759
-3.349327,4,1009.175761
-1.103361,2,1009.200762
-3.292293,4,1009.254759
-0.03081,1,1009.266758
-2.164715,3,1009.306933
-1.089083,2,1009.333935
-1.084715,2,1009.364933
-2.178274,3,1009.401933
-2.279723,3,1009.438934
-0.041901,1,1009.450933
-2.247379,3,1009.495932
-3.311007,4,1009.540932
-2.178277,3,1009.575933
-2.260472,3,1009.613934
-2.222825,3,1009.654932
-2.206526,3,1009.690933
-3.39793,4,1009.741933
-1.1093,2,1009.764933
-3.302104,4,1009.81802
-0.026243,1,1009.83202
-2.189603,3,1009.874023
-0.010559,1,1009.887531
-0.020598,1,1009.905531
-2.179323,3,1009.942532
-3.294737,4,1009.989531
-1.123687,2,1010.012532
-2.235744,3,1010.056532
-2.1995,3,1010.093532
-2.239844,3,1010.130531
-2.161046,3,1010.169531
-2.163529,3,1010.210531
-3.286388,4,1010.262532
-2.264072,3,1010.299532
-3.379821,4,1010.348531
-1.085815,2,1010.380531
-1.135099,2,1010.406532
-2.224008,3,1010.445532
-1.135269,2,1010.471531
-2.25802,3,1010.51762
-2.162401,3,1010.55862
-1.120562,2,1010.58462
-2.267179,3,1010.624621
-2.232363,3,1010.66662
-3.368779,4,1010.719734
-3.396924,4,1010.770735
-2.212201,3,1010.807735
-1.110449,2,1010.836734
-2.177537,3,1010.872847
-3.334204,4,1010.923078
-2.164239,3,1010.957079
-3.388525,4,1011.01308
-3.337552,4,1011.06359
-0.038402,1,1011.074589
-2.26339,3,1011.11359
-1.075017,2,1011.143592
-2.196407,3,1011.17859
-1.076952,2,1011.20759
-1.125925,2,1011.231591
-2.167875,3,1011.273589
-0.043521,1,1011.28459
-3.302012,4,1011.33059
-2.185366,3,1011.37359
-0.028832,1,1011.389589
-3.35868,4,1011.436589
-2.222634,3,1011.47559
-3.328081,4,1011.524591
-3.339677,4,1011.578589
-2.221858,3,1011.613886
-2.230365,3,1011.654984
-2.242506,3,1011.691983
-3.273853,4,1011.745985
-1.1173,2,1011.768984
-0.039173,1,1011.779985
-3.286208,4,1011.833062
-3.320743,4,1011.885062
-2.249496,3,1011.922133
-2.196048,3,1011.957135
-2.253842,3,1011.996134
-1.101492,2,1012.02722
-0.02071,1,1012.04022
-1.089834,2,1012.06222
-2.16752,3,1012.09622
-0.040726,1,1012.114221
-2.165017,3,1012.15122
-3.37449,4,1012.19473
-0.03126,1,1012.20773
-0.026591,1,1012.22373
-2.196456,3,1012.26173
-2.159852,3,1012.29673
-2.217852,3,1012.330817
-0.022376,1,1012.349816
-1.1009,2,1012.37599
-3.387637,4,1012.423351
-2.228448,3,1012.461352
-3.316293,4,1012.518353
-1.070376,2,1012.540352
-3.327274,4,1012.586354
-1.111811,2,1012.609352
-2.186442,3,1012.648351
-2.220407,3,1012.684352
-1.110674,2,1012.706352
-1.103905,2,1012.730352
-3.28752,4,1012.787352
-0.04324,1,1012.799351
-1.134582,2,1012.821352
-3.368892,4,1012.866352
-3.287066,4,1012.917352
-1.140282,2,1012.940351
-0.040463,1,1012.952352
-3.337915,4,1013.000352
-2.247586,3,1013.037352
-2.163498,3,1013.072353
-3.299368,4,1013.123353
-1.090424,2,1013.147353
-0.017595,1,1013.163352
-1.129428,2,1013.185352
-1.123637,2,1013.209362
-1.10629,2,1013.233352
-1.116125,2,1013.260354
-1.110699,2,1013.282352
-2.153939,3,1013.317353
-0.048131,1,1013.330352
-1.065994,2,1013.357352
-3.320008,4,1013.402354
-2.228084,3,1013.44086
-1.132828,2,1013.46399
-1.120251,2,1013.493141
-3.294393,4,1013.54414
-3.385301,4,1013.594202
-1.092024,2,1013.619391
-2.233203,3,1013.66139
-2.264605,3,1013.695392
-1.134559,2,1013.717391
-2.165562,3,1013.752392
-2.157946,3,1013.794391
-1.087969,2,1013.81739
-1.119021,2,1013.84039
-2.207465,3,1013.87839
-2.169134,3,1013.919391
-2.172017,3,1013.954391
-1.11841,2,1013.977391
-2.259188,3,1014.017392
-1.131626,2,1014.04339
-3.33852,4,1014.08739
-2.279311,3,1014.124391
-2.234632,3,1014.158391
-1.086812,2,1014.18739
-0.04374,1,1014.201391
-3.291148,4,1014.252391
-1.135717,2,1014.27739
-2.165531,3,1014.31939
-3.303567,4,1014.365391
-2.208317,3,1014.401391
-1.109265,2,1014.426391
-2.230389,3,1014.466393
-3.371928,4,1014.51839
-3.386615,4,1014.56539
-2.2361,3,1014.600899
-3.390878,4,1014.653899
-3.317893,4,1014.701899
-2.224084,3,1014.734899
-3.358629,4,1014.778898
-2.273808,3,1014.816898
-2.156198,3,1014.851898
-1.134874,2,1014.8769
-2.275355,3,1014.911899
-2.240591,3,1014.949899
-2.18944,3,1014.988056
-3.371539,4,1015.030163
-0.034724,1,1015.043163
-2.212322,3,1015.086162
-3.372333,4,1015.132346
-1.104157,2,1015.155347
-1.071165,2,1015.177346
-0.042387,1,1015.194345
-2.25947,3,1015.238347
-1.122919,2,1015.261346
-1.117019,2,1015.285347
-2.175748,3,1015.324346
-1.13665,2,1015.348346
-0.006213,1,1015.360345
-2.223851,3,1015.395348
-1.103464,2,1015.425347
-3.322056,4,1015.473346
-1.096575,2,1015.498345
-1.123632,2,1015.527347
-2.275759,3,1015.567345
-2.258524,3,1015.600633
-1.111008,2,1015.626632
-3.290377,4,1015.670632
-0.029376,1,1015.686632
-2.248513,3,1015.723144
-1.077416,2,1015.750143
-2.264444,3,1015.785146
-1.125812,2,1015.813144
-1.117267,2,1015.836143
-3.348493,4,1015.886142
-1.063784,2,1015.910142
-2.231507,3,1015.949143
-3.353775,4,1016.000299
-3.318203,4,1016.047298
-3.399098,4,1016.09739
-2.208886,3,1016.13739
-1.125833,2,1016.160391
-2.264012,3,1016.198389
-3.358852,4,1016.24939
-1.077255,2,1016.276391
-3.326131,4,1016.32439
-0.012141,1,1016.335389
-1.134377,2,1016.360389
-3.328096,4,1016.41539
-1.079887,2,1016.438391
-3.296245,4,1016.486391
-0.046083,1,1016.500391
-3.29738,4,1016.55439
-3.391742,4,1016.602489
-3.351174,4,1016.651489
-2.239322,3,1016.687489
-2.229368,3,1016.728489
-1.059216,2,1016.752489
-3.372271,4,1016.799488
-3.379768,4,1016.846488
-2.192445,3,1016.886492
-2.222818,3,1016.924001
-1.129696,2,1016.950999
-2.242069,3,1016.984998
-2.162669,3,1017.025998
-1.091492,2,1017.049999
-2.25077,3,1017.084997
-2.212415,3,1017.122998
-2.245315,3,1017.162997
-2.241803,3,1017.200112
-2.168993,3,1017.235112
-3.349723,4,1017.284114
-2.209582,3,1017.326114
-2.271636,3,1017.363113
-2.178548,3,1017.401113
-0.026096,1,1017.413112
-2.175184,3,1017.454112
-3.36967,4,1017.507113
-0.023493,1,1017.518113
-1.098677,2,1017.540113
-1.148116,2,1017.570113
-3.343265,4,1017.619112
-3.282007,4,1017.667112
-0.030986,1,1017.679112
-2.254845,3,1017.718113
-2.211184,3,1017.753112
-1.075201,2,1017.776113
-1.114604,2,1017.802113
-2.200144,3,1017.842112
-2.227951,3,1017.874112
-3.357822,4,1017.923112
-2.199392,3,1017.959113
-1.126217,2,1017.987112
-2.252857,3,1018.023113
-2.277782,3,1018.063112
-0.031079,1,1018.076112
-1.112716,2,1018.108114
-3.343098,4,1018.16062
-2.232085,3,1018.19662
-1.092817,2,1018.21862
-2.178417,3,1018.259621
-0.038236,1,1018.27162
-3.407058,4,1018.31762
-3.443847,4,1018.36462
-1.069064,2,1018.39562
-3.352431,4,1018.44262
-3.30456,4,1018.49362
-0.049704,1,1018.508621
-1.115481,2,1018.537621
-2.246881,3,1018.578621
-0.041903,1,1018.591621
-2.19189,3,1018.62962
-3.363014,4,1018.680621
-3.271107,4,1018.72562
-1.0945,2,1018.74962
-1.106825,2,1018.77462
-2.196252,3,1018.816621
-2.191641,3,1018.851621
-1.082912,2,1018.874621
-1.12195,2,1018.89662
-1.109461,2,1018.92462
-2.197459,3,1018.95862
-0.037376,1,1018.96962
-3.35053,4,1019.01862
-1.126069,2,1019.048621
-3.328642,4,1019.101621
-1.087486,2,1019.12862
-2.273379,3,1019.16262
-2.277637,3,1019.201621
-1.079123,2,1019.22362
-1.132418,2,1019.249621
-2.166822,3,1019.285131
-1.118298,2,1019.315131
-2.282774,3,1019.352131
-2.169093,3,1019.389131
-3.369648,4,1019.43713
-3.292798,4,1019.491131
-3.352637,4,1019.53813
-1.088614,2,1019.56113
-0.044455,1,1019.57413
-1.091793,2,1019.60013
-2.189103,3,1019.633131
-1.133599,2,1019.655131
-1.098623,2,1019.68013
-2.221332,3,1019.717129
-1.123834,2,1019.73913
-3.40328,4,1019.789132
-1.113286,2,1019.813131
-3.298005,4,1019.86213
-1.14529,2,1019.88713
-1.145466,2,1019.912131
-3.27887,4,1019.957131
-0.028611,1,1019.974131
-3.293221,4,1020.02313
-2.250414,3,1020.058131
-3.296366,4,1020.101131
-3.350086,4,1020.155132
-1.129313,2,1020.177131
-2.16729,3,1020.213131
-2.243235,3,1020.249131
-2.261568,3,1020.29113
-2.234123,3,1020.32613
-1.10262,2,1020.356131
-2.225312,3,1020.411132
-2.253476,3,1020.471642
-0.038292,1,1020.487641
-2.284316,3,1020.53664
-1.118188,2,1020.56464
-3.350233,4,1020.621771
-1.107297,2,1020.64777
-2.246408,3,1020.690016
-1.107735,2,1020.720021
-2.223303,3,1020.772014
-2.174838,3,1020.811015
-2.2344,3,1020.847017
-2.268016,3,1020.882195
-2.153494,3,1020.922195
-0.0258,1,1020.933195
-2.20518,3,1020.970195
-2.233925,3,1021.008196
-2.244789,3,1021.047194
-3.299504,4,1021.094195
-3.293915,4,1021.146196
-1.104791,2,1021.168195
-2.218795,3,1021.209195
-0.022528,1,1021.222195
-2.265161,3,1021.255194
-0.010876,1,1021.267194
-1.072163,2,1021.296195
-3.2996,4,1021.345196
-2.164819,3,1021.382195
-1.113578,2,1021.406195
-2.254199,3,1021.447194
-1.139441,2,1021.469195
-2.229071,3,1021.506194
-2.277577,3,1021.545195
-3.282035,4,1021.597195
-3.368229,4,1021.648842
-3.327125,4,1021.692843
-2.264446,3,1021.729844
-3.421584,4,1021.784525
-2.220855,3,1021.818525
-2.204259,3,1021.857639
-0.026675,1,1021.87164
-2.224418,3,1021.909639
-2.191191,3,1021.945639
-3.329961,4,1021.99564
-2.204894,3,1022.031638
-2.185562,3,1022.072638
-1.106796,2,1022.099639
-3.327615,4,1022.148725
-2.226792,3,1022.183796
-2.186428,3,1022.225013
-2.192207,3,1022.259013
-0.003185,1,1022.271014
-2.171928,3,1022.309013
-2.160315,3,1022.348013
-2.214431,3,1022.384013
-1.113473,2,1022.407012
-1.087232,2,1022.43216
-2.157372,3,1022.471396
-3.343373,4,1022.523396
-1.090866,2,1022.547396
-3.29346,4,1022.594396
-0.042726,1,1022.611397
-1.126298,2,1022.638396
-1.124818,2,1022.661396
-1.141377,2,1022.686396
-3.282781,4,1022.737396
-2.210511,3,1022.775396
-3.35326,4,1022.82506
-2.208869,3,1022.86306
-2.232106,3,1022.906061
-2.164593,3,1022.944061
-2.215443,3,1022.98206
-2.255276,3,1023.01906
-3.291371,4,1023.071212
-1.091232,2,1023.094211
-1.132048,2,1023.117212
-3.393918,4,1023.162212
-1.113205,2,1023.192212
-3.317471,4,1023.239212
-2.184364,3,1023.273211
-2.284544,3,1023.311212
-2.186397,3,1023.347212
-2.171041,3,1023.381212
-2.236324,3,1023.417212
-3.333978,4,1023.460214
-1.106887,2,1023.488213
-3.321102,4,1023.540211
-2.164726,3,1023.574213
-2.222725,3,1023.610212
-3.299299,4,1023.666212
-2.276021,3,1023.703212
-0.037466,1,1023.715214
-2.18966,3,1023.752212
-2.227921,3,1023.791212
-3.404801,4,1023.840212
-2.245706,3,1023.874212
-2.188744,3,1023.910212
-2.236317,3,1023.95172
-2.236172,3,1023.985721
-2.198916,3,1024.019721
-3.376372,4,1024.06772
-3.300204,4,1024.11772
-3.357228,4,1024.165721
-1.089467,2,1024.19272
-1.07886,2,1024.215721
-2.209167,3,1024.257721
-3.292271,4,1024.304722
-2.229455,3,1024.341723
-2.184014,3,1024.374721
-2.259207,3,1024.417803
-2.248674,3,1024.450803
-3.264981,4,1024.498801
-3.290529,4,1024.548801
-2.21546,3,1024.586802
-1.072931,2,1024.612866
-1.103814,2,1024.636866
-2.188416,3,1024.670866
-1.107809,2,1024.697867
-0.011647,1,1024.707866
-2.236166,3,1024.742867
-3.281759,4,1024.790869
-2.283084,3,1024.834066
-2.212824,3,1024.869066
-2.27038,3,1024.908067
-1.12378,2,1024.933066
-2.206041,3,1024.972066
-2.193671,3,1025.007066
-2.176628,3,1025.043508
-3.319839,4,1025.090509
-3.353117,4,1025.145017
-2.245222,3,1025.181016
-1.136419,2,1025.204015
-2.255068,3,1025.238257
-2.259093,3,1025.283258
-3.297814,4,1025.329258
-2.254279,3,1025.362258
-2.245418,3,1025.401259
-2.213236,3,1025.442257
-0.03446,1,1025.452258
-2.192714,3,1025.487257
-2.225301,3,1025.525258
-3.289998,4,1025.578258
-1.072518,2,1025.604258
-2.24009,3,1025.639257
-2.252893,3,1025.678257
-2.280737,3,1025.719258
-3.406991,4,1025.763258
-1.081649,2,1025.786258
-2.272794,3,1025.823257
-1.072675,2,1025.851258
-2.201415,3,1025.887259
-3.285394,4,1025.953562
-1.140746,2,1025.987563
-2.223204,3,1026.045561
-2.24755,3,1026.091561
-2.240632,3,1026.13656
-2.186692,3,1026.171561
-0.036825,1,1026.18756
-2.20128,3,1026.22356
-1.131536,2,1026.250559
-3.476885,4,1026.303563
-3.323502,4,1026.366228
-2.252382,3,1026.408227
-2.202299,3,1026.443227
-2.218068,3,1026.481328
-2.248689,3,1026.529329
-0.027516,1,1026.54233
-3.384246,4,1026.594328
-1.137045,2,1026.62133
-2.19814,3,1026.661329
-1.079001,2,1026.685329
-1.147535,2,1026.711329
-0.038445,1,1026.724329
-2.202341,3,1026.769328
-3.334203,4,1026.823329
-2.194997,3,1026.861329
-2.197502,3,1026.899328
-1.110129,2,1026.929329
-2.198349,3,1026.965329
-2.192684,3,1027.002329
-0.00615,1,1027.017329
-0.047633,1,1027.035329
-3.344222,4,1027.086329
-3.321582,4,1027.13945
-3.326687,4,1027.191665
-2.208465,3,1027.232666
-2.19055,3,1027.268666
-3.327729,4,1027.315666
-0.045202,1,1027.326665
-2.307965,3,1027.369668
-3.301018,4,1027.419666
-0.037278,1,1027.431665
-1.091677,2,1027.453666
-0.042426,1,1027.46967
-2.224522,3,1027.510952
-2.237459,3,1027.548082
-3.345996,4,1027.599081
-2.219909,3,1027.642082
-2.249242,3,1027.678082
-2.238751,3,1027.713187
-1.125271,2,1027.738188
-1.12495,2,1027.766284
-1.083282,2,1027.791284
-2.197745,3,1027.826283
-2.242553,3,1027.86236
-2.21082,3,1027.904359
-3.370437,4,1027.95436
-2.265021,3,1027.99036
-0.026928,1,1028.004361
-0.025055,1,1028.023499
-2.250638,3,1028.055499
-2.182126,3,1028.091501
-1.084996,2,1028.118499
-2.253811,3,1028.160499
-2.263183,3,1028.2035
-2.169825,3,1028.2485
-2.219537,3,1028.2875
-1.089438,2,1028.3145
-2.249768,3,1028.351499
-3.304868,4,1028.399606
-1.074478,2,1028.425606
-3.321439,4,1028.481607
-2.239509,3,1028.518606
-1.082081,2,1028.543607
-1.110253,2,1028.568608
-3.296406,4,1028.619608
-0.036071,1,1028.632119
-2.231519,3,1028.669116
-1.129755,2,1028.696116
-3.318976,4,1028.7512
-2.186652,3,1028.793201
-3.336209,4,1028.842199
-2.209981,3,1028.8782
-0.017735,1,1028.898199
-2.226974,3,1028.9352
-0.040142,1,1028.9502
-1.099445,2,1028.990201
-0.010825,1,1029.0172
-2.191034,3,1029.064287
-0.047957,1,1029.081287
-2.246267,3,1029.131452
-2.222679,3,1029.184452
-2.173454,3,1029.229451
-3.279075,4,1029.287587
-2.26507,3,1029.331588
-0.038794,1,1029.351588
-2.272567,3,1029.385587
-1.088136,2,1029.411587
-0.045985,1,1029.423587
-2.187015,3,1029.465588
-2.238656,3,1029.50466
-2.167361,3,1029.54566
-1.150583,2,1029.56866
-2.217656,3,1029.610666
-2.223968,3,1029.647662
-2.270343,3,1029.68066
-0.047446,1,1029.69166
-1.144613,2,1029.717662
-3.340624,4,1029.769667
-3.296225,4,1029.822174
-2.199495,3,1029.860175
-3.302372,4,1029.913173
-2.251056,3,1029.954175
-0.019662,1,1029.976175
-2.278536,3,1030.037175
-2.271795,3,1030.092175
-2.265401,3,1030.135174
-2.159833,3,1030.180574
-2.25657,3,1030.223575
-2.224776,3,1030.268574
-2.231444,3,1030.310576
-2.26066,3,1030.350574
-1.121983,2,1030.375574
-1.105643,2,1030.405574
-1.068383,2,1030.433576
-1.084163,2,1030.458574
-2.27313,3,1030.494575
-1.141415,2,1030.526574
-1.131137,2,1030.554574
-0.038187,1,1030.566577
-1.083285,2,1030.589575
-2.165824,3,1030.630752
-3.317336,4,1030.677756
-2.192555,3,1030.715754
-2.17823,3,1030.749755
-2.234087,3,1030.792753
-2.216422,3,1030.826753
-2.255976,3,1030.860754
-3.34515,4,1030.913129
-3.317,4,1030.98013
-2.274716,3,1031.019134
-1.123496,2,1031.043641
-2.234777,3,1031.083642
-2.242921,3,1031.130641
-0.044315,1,1031.143641
-2.201027,3,1031.177641
-2.219091,3,1031.215641
-1.125873,2,1031.246643
-2.185431,3,1031.280641
-1.077678,2,1031.304641
-2.206764,3,1031.337641
-2.214337,3,1031.377717
-3.29841,4,1031.427963
-3.413499,4,1031.477965
-2.21283,3,1031.518963
-2.228393,3,1031.560964
-2.160507,3,1031.598963
-2.202977,3,1031.635963
-2.184688,3,1031.672963
-1.112513,2,1031.702966
-2.217658,3,1031.738964
-1.119068,2,1031.764963
-0.043908,1,1031.775964
-2.19871,3,1031.815963
-1.075702,2,1031.840963
-1.128755,2,1031.864963
-0.043594,1,1031.876963
-3.333791,4,1031.923962
-2.238971,3,1031.956963
-2.181842,3,1031.994963
-2.263742,3,1032.028964
-3.332151,4,1032.092963
-1.094886,2,1032.113963
-3.374759,4,1032.157962
-3.278579,4,1032.206475
-2.23217,3,1032.241475
-0.02553,1,1032.252475
-2.164359,3,1032.285475
-2.21479,3,1032.318475
-3.379425,4,1032.364475
-2.168036,3,1032.398475
-2.199596,3,1032.430475
-2.195528,3,1032.461475
-2.23279,3,1032.496475
-2.165409,3,1032.532475
-3.311022,4,1032.574475
-2.240984,3,1032.609477
-0.035382,1,1032.626475
-1.115605,2,1032.648475
-1.073572,2,1032.668474
-2.272069,3,1032.699539
-0.019449,1,1032.713538
-3.285036,4,1032.757538
-1.104512,2,1032.776538
-2.207619,3,1032.808539
-2.167886,3,1032.846542
-2.177372,3,1032.878541
-2.176943,3,1032.910539
-1.070483,2,1032.933538
-2.163612,3,1032.971539
-2.212065,3,1033.004539
-3.286766,4,1033.07854
-0.026771,1,1033.09454
-0.012575,1,1033.12054
-3.358586,4,1033.178541
-0.049376,1,1033.19454
-2.265065,3,1033.23654
-2.239051,3,1033.274539
-1.08077,2,1033.29654
-2.169201,3,1033.334047
-3.383168,4,1033.384052
-2.167302,3,1033.427051
-1.135797,2,1033.45005
-1.110149,2,1033.472051
-1.122657,2,1033.501052
-0.029818,1,1033.517051
-2.221667,3,1033.551393
-2.207111,3,1033.583391
-2.233578,3,1033.616392
-1.076876,2,1033.641392
-1.073748,2,1033.661392
-2.212288,3,1033.692392
-2.234503,3,1033.725497
-2.218129,3,1033.761496
-3.361107,4,1033.802498
-1.085302,2,1033.823496
-0.011318,1,1033.834497
-1.119259,2,1033.859498
-2.279977,3,1033.893497
-2.205409,3,1033.924795
-2.231572,3,1033.958794
-3.320414,4,1034.003795
-3.311079,4,1034.065795
-1.083348,2,1034.098976
-0.013068,1,1034.115976
-1.13267,2,1034.148976
-3.306427,4,1034.203975
-2.198201,3,1034.237975
-2.25057,3,1034.268234
-0.02335,1,1034.284235
-2.232086,3,1034.315233
-3.317081,4,1034.359604
-2.235629,3,1034.398604
-2.181681,3,1034.436604
-3.313301,4,1034.477603
-1.102664,2,1034.501606
-1.139989,2,1034.523114
-1.12275,2,1034.566114
-2.205737,3,1034.617115
-1.1081,2,1034.650113
-3.331265,4,1034.704114
-1.130131,2,1034.745114
-2.276028,3,1034.784112
-1.126439,2,1034.806224
-1.091947,2,1034.832226
-2.273674,3,1034.869225
-2.251558,3,1034.906225
-3.332286,4,1034.955225
-1.128546,2,1034.978225
-1.137998,2,1035.005224
-0.0375,1,1035.016226
-1.078462,2,1035.044225
-0.036896,1,1035.068227
-2.272446,3,1035.132225
-2.200193,3,1035.183225
-2.178416,3,1035.221224
-2.246374,3,1035.256225
-1.126791,2,1035.284225
-1.102684,2,1035.307225
-2.250818,3,1035.343225
-3.342977,4,1035.395225
-2.230189,3,1035.435226
-2.172566,3,1035.470226
-1.114293,2,1035.494224
-2.286537,3,1035.527369
-2.174775,3,1035.565369
-2.263017,3,1035.602369
-3.319845,4,1035.653371
-3.271627,4,1035.714881
-2.221907,3,1035.754881
-3.332522,4,1035.798881
-3.287242,4,1035.847881
-2.184334,3,1035.881881
-1.131081,2,1035.909882
-2.261154,3,1035.942881
-2.227172,3,1035.97588
-2.236378,3,1036.009883
-1.135763,2,1036.03888
-2.25808,3,1036.076882
-0.039229,1,1036.094881
-1.10655,2,1036.135881
-3.310932,4,1036.209974
-2.220544,3,1036.25097
-2.212152,3,1036.286117
-0.049306,1,1036.297117
-2.228857,3,1036.337116
-2.17132,3,1036.370116
-1.090703,2,1036.392244
-3.379247,4,1036.442243
-1.087152,2,1036.472245
-2.241692,3,1036.508243
-1.10004,2,1036.532244
-2.255126,3,1036.565246
-1.108492,2,1036.595243
-2.260931,3,1036.629663
-2.210165,3,1036.787662
-1.078764,2,1036.810663
-1.119598,2,1036.835662
-2.209226,3,1036.87118
-3.404794,4,1036.920173
-1.121371,2,1036.944173
-2.171297,3,1036.982173
-1.106626,2,1037.003173
-0.049787,1,1037.013173
-3.339408,4,1037.058322
-2.194073,3,1037.096321
-1.125112,2,1037.118322
-2.265974,3,1037.158322
-0.027424,1,1037.168321
-2.176589,3,1037.209321
-2.198823,3,1037.242322
-2.190643,3,1037.275321
-2.234504,3,1037.309323
-1.096059,2,1037.336533
-3.308002,4,1037.384534
-3.323368,4,1037.429533
-2.256622,3,1037.464533
-3.375564,4,1037.513533
-1.080562,2,1037.534534
-2.180864,3,1037.568533
-3.316378,4,1037.615533
-3.402231,4,1037.662534
-1.096033,2,1037.686534
-2.241153,3,1037.719533
-0.034944,1,1037.731533
-1.126082,2,1037.759533
-2.165751,3,1037.794533
-2.192038,3,1037.826535
-2.214903,3,1037.859533
-2.294544,3,1037.898535
-3.369826,4,1037.941533
-1.09095,2,1037.962532
-3.434001,4,1038.004536
-2.27883,3,1038.050044
-3.412739,4,1038.101045
-2.224613,3,1038.144045
-2.196314,3,1038.189044
-0.021011,1,1038.209044
-3.408668,4,1038.259234
-2.206989,3,1038.292233
-0.022671,1,1038.303232
-1.091573,2,1038.328353
-3.377841,4,1038.376352
-2.241482,3,1038.409352
-2.174238,3,1038.442353
-1.115977,2,1038.473352
-2.179597,3,1038.513352
-0.031695,1,1038.526352
-2.190174,3,1038.561435
-2.22327,3,1038.598435
-0.021228,1,1038.610435
-3.29756,4,1038.653434
-2.254316,3,1038.686433
-0.027614,1,1038.704435
-2.162347,3,1038.735436
-2.277894,3,1038.768434
-0.038188,1,1038.781434
-2.224238,3,1038.816435
-0.015353,1,1038.827434
-2.193758,3,1038.860435
-1.119031,2,1038.881433
-2.187194,3,1038.917434
-2.256599,3,1038.953434
-3.426331,4,1038.998435
-2.259922,3,1039.030434
-3.315523,4,1039.077433
-2.20303,3,1039.111434
-3.274561,4,1039.155437
-3.354774,4,1039.197944
-2.265012,3,1039.235944
-0.005196,1,1039.246945
-0.03574,1,1039.256944
-2.207768,3,1039.287943
-3.32541,4,1039.337943
-2.224089,3,1039.368945
-2.177344,3,1039.398944
-3.288105,4,1039.443944
-3.362149,4,1039.490944
-2.285814,3,1039.521943
-2.267872,3,1039.556945
-2.274327,3,1039.588944
-2.242812,3,1039.625944
-1.128667,2,1039.647946
-2.233533,3,1039.680944
-2.16832,3,1039.713944
-3.313039,4,1039.758945
-0.029687,1,1039.771944
-0.034459,1,1039.781944
-1.135075,2,1039.804945
-0.019483,1,1039.819944
-3.365094,4,1039.859945
-2.261746,3,1039.893944
-2.190265,3,1039.926944
-1.066272,2,1039.950944
-3.336093,4,1039.995944
-2.278218,3,1040.027944
-3.286622,4,1040.069944
-3.434344,4,1040.116945
-2.290638,3,1040.148945
-2.179239,3,1040.179944
-2.26817,3,1040.213944
-3.329395,4,1040.260944
-2.294216,3,1040.291944
-3.342955,4,1040.337296
-2.209875,3,1040.370296
-3.320178,4,1040.414296
-3.315826,4,1040.458297
-2.182865,3,1040.493573
-0.010627,1,1040.505573
-0.014765,1,1040.520571
-2.273746,3,1040.559572
-3.311202,4,1040.603572
-1.120013,2,1040.623573
-3.337431,4,1040.673573
-2.179189,3,1040.705573
-3.351107,4,1040.748572
-2.25592,3,1040.782572
-2.223394,3,1040.819572
-2.24441,3,1040.852834
-1.095545,2,1040.875834
-2.202925,3,1040.907834
-3.295378,4,1040.956835
-2.265901,3,1040.991835
-1.088647,2,1041.012834
-1.121661,2,1041.032834
-2.187901,3,1041.065834
-2.204801,3,1041.096834
-0.027245,1,1041.106834
-1.133694,2,1041.132834
-2.231446,3,1041.166835
-1.092306,2,1041.186834
-1.089582,2,1041.206833
-0.040864,1,1041.217835
-0.040166,1,1041.237835
-1.087711,2,1041.272835
-3.308538,4,1041.348836
-3.354725,4,1041.402835
-3.324813,4,1041.450836
-1.107737,2,1041.470834
-2.19809,3,1041.501834
-1.133032,2,1041.523837
-3.426695,4,1041.575345
-3.293905,4,1041.617345
-1.102908,2,1041.641344
-1.133904,2,1041.663345
-1.098532,2,1041.689345
-2.218691,3,1041.724345
-3.335708,4,1041.800345
-2.242614,3,1041.851521
-3.313106,4,1041.919521
-2.236998,3,1041.953521
-2.225244,3,1041.98652
-1.101639,2,1042.007519
-2.187067,3,1042.039519
-2.202244,3,1042.06752
-3.35795,4,1042.10952
-3.36679,4,1042.152525
-2.1695,3,1042.18652
-2.237061,3,1042.215519
-2.171847,3,1042.245942
-2.20906,3,1042.273942
-1.087659,2,1042.298944
-2.170176,3,1042.333942
-1.10246,2,1042.352944
-1.132438,2,1042.370942
-2.2655,3,1042.403942
-3.332814,4,1042.441943
-2.197911,3,1042.470942
-2.195688,3,1042.498942
-2.246335,3,1042.532942
-3.351835,4,1042.572943
-2.183184,3,1042.600941
-2.231984,3,1042.630942
-2.166985,3,1042.663942
-3.336528,4,1042.701941
-1.069025,2,1042.719945
-3.401366,4,1042.760575
-3.333779,4,1042.802573
-2.186325,3,1042.830573
-2.191021,3,1042.860802
-2.223072,3,1042.888801
-3.353739,4,1042.927801
-2.258137,3,1042.957029
-2.177805,3,1042.98303
-2.249943,3,1043.011031
-1.072612,2,1043.03703
-3.315721,4,1043.07603
-0.043569,1,1043.08603
-3.290535,4,1043.124031
-2.188633,3,1043.15503
-3.303655,4,1043.196029
-2.167133,3,1043.231365
-0.017136,1,1043.243365
-2.230927,3,1043.281365
-2.196724,3,1043.332368
-3.327185,4,1043.407087
-2.21024,3,1043.453087
-0.038542,1,1043.471086
-2.221015,3,1043.518086
-1.100105,2,1043.547086
-2.265144,3,1043.592087
-1.128673,2,1043.630087
-1.06677,2,1043.662086
-0.045579,1,1043.677087
-2.26201,3,1043.721451
-2.174214,3,1043.764452
-2.1583,3,1043.807451
-3.324846,4,1043.863451
-2.191944,3,1043.905958
-1.143833,2,1043.934884
-2.251257,3,1043.976885
-2.213225,3,1044.019884
-3.371731,4,1044.076884
-1.083946,2,1044.108885
-1.140228,2,1044.135884
-3.348354,4,1044.193204
-3.328952,4,1044.248204
-2.168987,3,1044.295204
-1.142682,2,1044.322205
-3.269908,4,1044.377203
-3.411099,4,1044.434203
-3.297784,4,1044.493579
-3.370764,4,1044.548791
-1.118643,2,1044.575789
-2.179547,3,1044.619789
-2.233028,3,1044.66779
-2.250964,3,1044.708789
-2.225375,3,1044.75079
-1.065167,2,1044.77979
-3.297664,4,1044.83779
-3.397138,4,1044.89279
-3.356117,4,1044.949788
-1.130275,2,1044.977788
-2.280596,3,1045.022788
-3.312111,4,1045.077792
-2.249181,3,1045.119299
-3.331604,4,1045.1743
-2.1851,3,1045.2263
-3.332054,4,1045.283299
-3.290707,4,1045.342301
-2.255301,3,1045.385298
-2.175478,3,1045.431302
-1.102259,2,1045.459298
-2.210715,3,1045.501299
-0.030343,1,1045.5153
-0.007493,1,1045.535299
-2.276815,3,1045.579299
-1.144416,2,1045.6083
-2.193545,3,1045.650299
-2.24926,3,1045.696299
-2.212285,3,1045.739299
-3.278072,4,1045.796299
-3.381557,4,1045.854301
-0.014275,1,1045.871299
-2.228476,3,1045.914299
-1.073465,2,1045.944299
-0.042079,1,1045.959299
-1.113432,2,1045.993299
-2.261568,3,1046.033299
-2.165585,3,1046.076299
-1.105292,2,1046.107301
-2.206012,3,1046.156299
-0.041565,1,1046.1713
-2.168249,3,1046.2113
-3.363549,4,1046.270809
-3.304885,4,1046.329015
-2.180981,3,1046.371015
-3.340125,4,1046.443017
-1.138325,2,1046.486016
-0.041959,1,1046.514016
-3.300871,4,1046.587016
-3.327436,4,1046.649015
-2.275171,3,1046.692017
-3.333091,4,1046.755016
-2.191454,3,1046.804015
-1.101095,2,1046.833015
-2.166051,3,1046.875015
-2.207868,3,1046.922015
-2.206805,3,1046.965015
-1.067895,2,1046.996016
-2.189267,3,1047.046015
-1.08076,2,1047.083015
-2.182308,3,1047.133016
-3.372007,4,1047.196017
-0.015416,1,1047.211016
-2.171234,3,1047.267017
-3.287054,4,1047.333016
-2.240422,3,1047.381158
-1.115352,2,1047.410673
-2.256913,3,1047.460669
-2.181801,3,1047.503667
-3.348921,4,1047.569669
-0.033499,1,1047.585666
-2.208037,3,1047.645667
-2.282794,3,1047.696671
-2.188728,3,1047.745668
-3.401563,4,1047.808667
-2.230406,3,1047.857666
-1.115484,2,1047.886667
-2.212127,3,1047.93368
-1.086684,2,1047.963666
-1.084896,2,1047.996667
-3.336107,4,1048.054667
-2.271866,3,1048.097667
-1.133257,2,1048.128667
-2.237357,3,1048.175667
-2.158993,3,1048.218667
-3.288215,4,1048.281669
-2.171233,3,1048.332666
-2.229583,3,1048.388666
-3.357692,4,1048.456666
-1.085241,2,1048.489067
-0.048096,1,1048.507066
-2.196191,3,1048.568066
-1.122122,2,1048.602071
-3.315547,4,1048.663577
-2.174814,3,1048.712578
-2.182259,3,1048.766578
-3.280657,4,1048.831578
-3.359629,4,1048.89258
-2.204128,3,1048.940578
-3.35476,4,1049.009577
-3.347662,4,1049.072577
-1.104625,2,1049.104578
-0.039063,1,1049.122578
-2.225569,3,1049.175578
-0.010118,1,1049.190579
-3.29077,4,1049.254578
-1.116515,2,1049.286822
-2.256369,3,1049.340823
-1.10332,2,1049.373823
-2.232741,3,1049.425822
-3.38464,4,1049.506824
-3.408112,4,1049.601822
-1.066846,2,1049.640822
-1.137465,2,1049.680822
-3.338281,4,1049.746825
-1.067598,2,1049.792335
-2.243421,3,1049.847333
-2.208584,3,1049.900333
-3.370492,4,1049.972332
-2.226554,3,1050.029332
-3.360301,4,1050.098333
-3.335624,4,1050.167335
-0.006798,1,1050.184333
-2.233241,3,1050.244334
-3.404998,4,1050.315333
-2.18819,3,1050.370332
-1.078537,2,1050.404332
-1.097569,2,1050.442342
-2.194396,3,1050.485332
-3.354204,4,1050.552333
-1.080177,2,1050.588334
-3.402924,4,1050.663332
-1.12344,2,1050.695333
-3.326377,4,1050.761456
-2.193069,3,1050.807456
-2.245489,3,1050.858455
-3.393051,4,1050.923964
-1.120005,2,1050.958965
-2.177718,3,1051.004964
-1.113618,2,1051.039965
-1.075051,2,1051.070964
-3.298066,4,1051.136964
-1.128677,2,1051.165964
-2.228313,3,1051.217965
-1.119506,2,1051.250963
-2.242403,3,1051.295966
-2.223532,3,1051.344964
-2.282995,3,1051.392964
-2.283873,3,1051.439963
-2.243741,3,1051.487964
-3.314239,4,1051.550963
-2.197469,3,1051.600965
-1.10765,2,1051.632964
-1.119388,2,1051.665963
-3.358875,4,1051.723964
-1.077737,2,1051.760964
-3.340373,4,1051.820964
-2.181371,3,1051.865964
-1.080634,2,1051.896965
-1.115038,2,1051.932963
-2.169295,3,1051.980964
-0.047565,1,1051.994965
-2.199999,3,1052.041965
-2.22722,3,1052.092471
-1.092362,2,1052.124471
-1.090015,2,1052.154472
-2.294409,3,1052.20147
-3.33056,4,1052.26447
-0.024048,1,1052.280472
-2.216887,3,1052.332472
-1.068237,2,1052.363471
-1.070524,2,1052.399471
-3.307527,4,1052.461775
-1.125179,2,1052.491774
-2.247217,3,1052.539775
-1.124013,2,1052.579776
-1.074288,2,1052.614775
-1.111294,2,1052.649775
-2.24957,3,1052.703776
-3.408455,4,1052.781155
-1.096734,2,1052.817155
-3.317912,4,1052.895155
-2.27146,3,1052.952154
-2.165956,3,1053.020154
-2.200964,3,1053.076154
-0.038335,1,1053.093155
-2.236408,3,1053.149155
-1.100949,2,1053.198155
-1.092628,2,1053.237155
-1.066142,2,1053.272667
-2.20458,3,1053.324668
-1.066591,2,1053.362667
-2.285272,3,1053.410909
-1.124383,2,1053.440909
-3.327033,4,1053.504909
-3.346409,4,1053.57491
-2.225665,3,1053.623909
-2.192864,3,1053.670147
-0.038101,1,1053.685146
-3.314314,4,1053.748147
-2.223368,3,1053.792147
-2.184189,3,1053.839147
-2.166451,3,1053.883147
-0.03703,1,1053.906148
-1.126054,2,1053.935146
-3.304367,4,1053.998147
-2.299074,3,1054.045147
-2.209468,3,1054.096147
-0.042959,1,1054.111147
-3.319391,4,1054.172146
-3.33248,4,1054.231147
-2.159336,3,1054.282147
-1.084927,2,1054.30915
-1.086043,2,1054.340148
-2.205483,3,1054.389148
-2.182815,3,1054.43766
-2.206445,3,1054.485654
-1.117577,2,1054.515814
-0.041315,1,1054.532812
-1.090926,2,1054.570197
-2.224081,3,1054.617196
-2.281713,3,1054.662197
-3.287983,4,1054.725197
-1.109024,2,1054.759196
-2.238246,3,1054.803196
-2.213877,3,1054.850198
-3.329772,4,1054.914196
-2.24486,3,1054.966197
-2.233079,3,1055.012198
-2.211461,3,1055.055197
-2.179112,3,1055.100197
-1.127541,2,1055.131196
-2.234742,3,1055.178197
-2.249045,3,1055.221388
-3.288481,4,1055.280389
-0.028296,1,1055.30039
-2.223277,3,1055.344389
-3.283336,4,1055.409502
-0.039411,1,1055.426501
-2.213033,3,1055.478502
-2.184457,3,1055.526587
-2.202061,3,1055.575219
-2.252943,3,1055.624222
-1.098456,2,1055.660218
-2.274459,3,1055.710218
-2.20136,3,1055.760219
-2.251538,3,1055.808218
-1.106723,2,1055.844219
-1.111147,2,1055.874219
-2.159363,3,1055.922218
-2.167166,3,1055.972218
-2.182242,3,1056.024219
-2.237608,3,1056.073218
-1.080485,2,1056.105218
-2.209676,3,1056.148218
-2.266127,3,1056.19922
-2.180105,3,1056.242218
-1.138831,2,1056.27422
-2.201066,3,1056.320217
-2.223209,3,1056.373217
-1.128805,2,1056.405218
-1.105279,2,1056.433218
-1.084373,2,1056.46222
-1.137354,2,1056.49922
-2.225941,3,1056.546218
-3.335922,4,1056.610301
-0.016436,1,1056.626302
-3.378156,4,1056.689301
-0.039284,1,1056.707301
-2.24561,3,1056.755814
-3.292982,4,1056.813812
-2.199277,3,1056.862814
-0.015262,1,1056.875813
-3.318361,4,1056.937813
-0.044776,1,1056.954391
-3.337289,4,1057.017391
-1.096088,2,1057.048392
-3.458335,4,1057.109391
-1.114215,2,1057.140392
-0.04929,1,1057.160392
-2.242088,3,1057.208392
-1.079709,2,1057.239392
-2.151459,3,1057.287392
-1.116532,2,1057.321391
-3.315798,4,1057.381392
-1.118363,2,1057.416392
-2.235132,3,1057.464391
-3.321641,4,1057.533393
-2.258796,3,1057.582391
-0.026177,1,1057.597391
-3.369748,4,1057.657391
-1.115258,2,1057.696397
-1.126716,2,1057.731393
-3.291653,4,1057.794392
-2.236388,3,1057.838391
-3.335604,4,1057.906901
-2.275815,3,1057.954899
-2.218652,3,1058.002197
-0.015632,1,1058.021179
-1.075635,2,1058.05718
-1.126617,2,1058.08818
-2.164525,3,1058.138249
-1.131025,2,1058.168249
-2.234934,3,1058.221553
-2.205988,3,1058.271553
-1.133655,2,1058.303553
-2.27903,3,1058.355554
-2.177729,3,1058.407553
-2.241164,3,1058.456555
-3.316007,4,1058.518554
-0.0095,1,1058.533553
-2.236918,3,1058.584553
-0.049194,1,1058.600554
-1.087202,2,1058.631554
-1.135609,2,1058.662554
-1.074383,2,1058.697553
-2.252755,3,1058.746553
-1.152221,2,1058.778553
-3.315202,4,1058.838554
-1.114284,2,1058.875554
-2.283084,3,1058.925554
-0.023023,1,1058.941554
-1.099672,2,1058.978554
-1.074643,2,1059.020559
-2.228781,3,1059.072063
-2.25887,3,1059.128062
-2.203412,3,1059.181063
-2.175059,3,1059.235062
-2.274282,3,1059.283063
-2.233555,3,1059.333062
-0.047181,1,1059.347063
-1.06973,2,1059.384062
-3.34974,4,1059.454163
-2.1663,3,1059.503165
-2.248855,3,1059.552164
-1.106423,2,1059.591266
-2.242625,3,1059.63637
-0.039787,1,1059.654369
-1.093223,2,1059.68337
-2.232578,3,1059.733368
-1.078978,2,1059.767369
-3.323673,4,1059.828371
-2.281601,3,1059.876369
-0.018267,1,1059.895369
-2.220906,3,1059.94337
-2.218446,3,1059.992369
-3.318904,4,1060.057369
-2.233806,3,1060.10637
-1.130722,2,1060.137369
-3.29229,4,1060.20188
-2.180827,3,1060.246881
-0.013593,1,1060.26688
-2.171502,3,1060.313956
-1.08534,2,1060.341956
-2.280904,3,1060.384957
-3.381746,4,1060.449957
-3.338328,4,1060.510956
-1.103755,2,1060.541956
-0.032225,1,1060.561956
-2.255776,3,1060.611957
-3.375206,4,1060.670956
-0.02865,1,1060.685956
-3.316625,4,1060.74396
-2.267533,3,1060.794955
-2.177294,3,1060.840956
-2.206283,3,1060.883955
-2.21254,3,1060.929956
-2.243096,3,1060.983956
-2.192991,3,1061.033955
-2.172483,3,1061.084958
-2.203717,3,1061.133955
-3.319815,4,1061.200958
-1.118186,2,1061.232956
-2.267553,3,1061.279956
-3.279441,4,1061.341959
-1.061513,2,1061.379462
-1.127702,2,1061.413838
-3.377789,4,1061.483838
-0.040274,1,1061.501837
-2.273856,3,1061.554837
-1.075243,2,1061.589839
-3.341835,4,1061.654837
-2.20293,3,1061.703837
-1.087486,2,1061.739837
-1.131034,2,1061.771838
-2.201928,3,1061.820838
-3.311798,4,1061.881838
-1.086318,2,1061.916837
-2.175941,3,1061.961837
-1.107872,2,1061.993837
-2.158068,3,1062.039837
-0.02042,1,1062.058837
-2.175862,3,1062.102839
-3.328194,4,1062.159837
-0.040975,1,1062.176838
-0.033963,1,1062.196839
-2.20258,3,1062.239838
-1.081653,2,1062.267837
-2.18967,3,1062.314837
-3.355244,4,1062.382837
-2.283746,3,1062.430838
-2.175365,3,1062.475838
-0.01493,1,1062.493837
-2.212837,3,1062.541344
-1.110456,2,1062.573343
-1.103696,2,1062.603343
-2.201358,3,1062.649344
-1.07974,2,1062.684344
-2.160136,3,1062.733405
-2.294677,3,1062.777403
-0.026614,1,1062.793403
-2.256173,3,1062.842404
-1.127013,2,1062.870404
-3.284556,4,1062.932404
-3.384608,4,1062.992404
-3.300316,4,1063.056551
-3.316462,4,1063.115898
-1.130352,2,1063.143898
-1.087137,2,1063.170897
-1.096657,2,1063.206899
-1.086224,2,1063.236899
-2.194672,3,1063.281898
-3.298049,4,1063.340898
-2.18841,3,1063.390898
-3.389431,4,1063.452899
-1.113902,2,1063.483897
-2.201204,3,1063.525898
-1.07944,2,1063.561898
-1.097792,2,1063.592898
-2.203928,3,1063.640898
-2.265113,3,1063.688899
-1.123953,2,1063.726174
-2.18358,3,1063.774681
-2.213151,3,1063.81968
-2.240928,3,1063.869681
-1.092612,2,1063.90368
-1.116135,2,1063.93568
-2.205754,3,1063.983681
-2.164513,3,1064.029881
-2.203485,3,1064.077882
-1.123025,2,1064.108881
-2.289423,3,1064.153882
-1.123669,2,1064.184883
-0.026169,1,1064.207882
-3.2963,4,1064.272881
-0.034855,1,1064.288882
-0.030591,1,1064.307882
-2.256915,3,1064.370882
-2.187635,3,1064.423881
-1.134299,2,1064.456882
-3.340577,4,1064.523883
-2.200059,3,1064.579881
-3.368133,4,1064.643882
-3.319111,4,1064.708882
-2.17468,3,1064.757881
-1.127881,2,1064.795881
-2.189802,3,1064.841881
-2.284335,3,1064.889881
-2.210773,3,1064.933393
-0.040049,1,1064.956392
-3.291208,4,1065.019393
-2.247221,3,1065.064391
-2.227835,3,1065.10546
-2.262976,3,1065.156459
-3.301265,4,1065.215459
-1.121753,2,1065.246459
-1.072167,2,1065.277632
-1.120349,2,1065.310632
-2.170753,3,1065.353632
-1.094865,2,1065.382632
-1.072623,2,1065.411631
-1.107329,2,1065.443711
-2.183419,3,1065.48871
-2.185429,3,1065.532711
-2.222942,3,1065.582711
-2.257105,3,1065.631711
-2.280087,3,1065.67671
-2.277268,3,1065.719711
-2.240895,3,1065.764771
-0.044986,1,1065.784772
-2.200982,3,1065.827898
-3.28669,4,1065.889897
-0.016031,1,1065.905897
-0.025784,1,1065.924898
-2.179456,3,1065.970898
-2.237703,3,1066.016897
-1.101615,2,1066.047897
-3.312209,4,1066.1169
-3.310753,4,1066.177404
-0.036188,1,1066.193404
-2.235877,3,1066.239509
-3.368626,4,1066.307511
-2.203769,3,1066.36951
-3.355731,4,1066.447511
-2.22116,3,1066.49651
-3.341729,4,1066.56651
-1.075277,2,1066.60051
-1.11008,2,1066.633511
-2.227329,3,1066.689511
-3.293804,4,1066.764511
-1.096747,2,1066.796509
-2.243002,3,1066.84551
-2.186986,3,1066.88851
-3.322695,4,1066.954598
-0.046914,1,1066.970599
-0.038648,1,1066.990598
-2.230295,3,1067.037599
-3.274053,4,1067.1076
-1.07454,2,1067.140599
-3.333618,4,1067.203599
-0.048128,1,1067.220599
-0.015371,1,1067.241598
-1.111692,2,1067.272598
-3.420419,4,1067.334107
-2.227004,3,1067.385107
-1.135737,2,1067.418107
-0.0113,1,1067.434107
-2.267846,3,1067.479106
-2.164716,3,1067.526108
-2.234544,3,1067.579107
-1.141586,2,1067.608108
-3.405465,4,1067.666112
-2.164982,3,1067.711283
-0.018487,1,1067.731283
-2.227921,3,1067.777284
-2.2462,3,1067.822284
-1.082901,2,1067.853283
-3.298175,4,1067.922284
-2.23596,3,1067.963284
-1.128953,2,1067.993283
-2.213989,3,1068.040284
-3.380364,4,1068.103283
-1.096127,2,1068.132284
-1.083359,2,1068.161284
-2.236502,3,1068.209284
-2.217978,3,1068.259283
-1.141262,2,1068.287283
-3.375722,4,1068.349284
-2.221884,3,1068.392284
-1.074533,2,1068.430284
-3.385066,4,1068.490285
-3.313695,4,1068.550794
-2.270001,3,1068.596792
-2.221562,3,1068.646792
-2.249494,3,1068.692877
-1.097612,2,1068.723876
-1.11302,2,1068.753875
-0.023288,1,1068.772875
-3.274013,4,1068.832876
-2.190025,3,1068.877876
-2.206575,3,1068.923875
-2.247608,3,1068.976877
-1.130081,2,1069.007878
-0.009379,1,1069.022876
-2.246628,3,1069.073024
-2.250362,3,1069.124026
-3.286715,4,1069.188024
-2.180554,3,1069.232025
-3.417739,4,1069.297025
-2.170066,3,1069.351025
-0.013339,1,1069.367024
-1.13898,2,1069.402025
-3.351386,4,1069.493025
-2.253489,3,1069.566027
-2.23172,3,1069.625025
-1.097539,2,1069.657617
-2.274958,3,1069.706617
-1.073691,2,1069.747617
-2.229656,3,1069.800617
-3.304093,4,1069.867617
-3.297441,4,1069.934618
-1.104256,2,1069.973616
-3.348389,4,1070.036617
-2.185858,3,1070.084617
-2.280274,3,1070.129617
-2.166876,3,1070.187616
-1.133107,2,1070.219617
-2.235298,3,1070.267617
-3.386735,4,1070.334616
-1.126714,2,1070.372616
-1.123052,2,1070.405617
-2.198888,3,1070.454616
-1.089755,2,1070.486616
-3.32119,4,1070.556616
-3.373874,4,1070.619621
-2.171736,3,1070.664619
-2.160868,3,1070.713617
-2.25576,3,1070.765616
-2.176572,3,1070.807618
-3.29428,4,1070.869248
-2.216951,3,1070.913248
-0.018162,1,1070.936317
-1.125727,2,1070.967317
-2.224957,3,1071.012316
-0.033929,1,1071.026408
-3.316233,4,1071.094407
-1.103351,2,1071.122406
-0.035478,1,1071.138406
-3.352728,4,1071.198406
-2.261965,3,1071.248405
-0.047472,1,1071.265406
-1.12285,2,1071.296406
-2.16041,3,1071.341406
-2.192726,3,1071.394406
-0.038796,1,1071.410408
-1.128995,2,1071.441406
-2.272888,3,1071.486406
-0.048469,1,1071.507407
-2.238197,3,1071.554406
-1.122362,2,1071.588406
-0.032427,1,1071.603406
-3.301889,4,1071.666408
-1.122126,2,1071.695407
-2.208801,3,1071.739407
-2.271131,3,1071.783491
-1.070638,2,1071.820492
-2.251814,3,1071.865491
-3.376345,4,1071.926491
-1.129408,2,1071.95549
-0.024957,1,1071.980001
-2.203308,3,1072.033001
-1.115031,2,1072.063003
-2.250129,3,1072.107002
-2.191433,3,1072.156001
-2.203117,3,1072.202116
-2.190881,3,1072.248194
-1.140086,2,1072.279193
-2.219085,3,1072.331195
-1.110606,2,1072.363193
-0.045422,1,1072.378193
-1.068145,2,1072.405193
-2.160767,3,1072.455195
-1.141816,2,1072.489194
-0.018229,1,1072.504195
-2.193217,3,1072.551195
-2.219787,3,1072.604195
-0.034821,1,1072.617193
-2.165116,3,1072.662195
-1.070539,2,1072.694193
-2.207991,3,1072.745267
-3.338564,4,1072.804266
-0.044044,1,1072.817266
-3.323152,4,1072.87761
-3.341235,4,1072.941611
-1.088296,2,1072.981611
-0.025714,1,1073.015612
-3.312799,4,1073.094611
-2.215231,3,1073.157122
-1.107701,2,1073.192121
-0.024245,1,1073.209122
-2.218429,3,1073.263121
-3.287364,4,1073.343122
-2.163136,3,1073.39312
-0.038182,1,1073.409121
-2.28572,3,1073.46212
-2.174907,3,1073.520122
-2.22579,3,1073.573121
-2.21939,3,1073.621121
-2.229442,3,1073.668121
-0.036214,1,1073.691202
-2.250007,3,1073.740276
-2.161694,3,1073.790276
-1.112646,2,1073.819274
-3.32844,4,1073.891432
-1.12302,2,1073.921432
-2.210064,3,1073.963433
-2.178676,3,1074.011528
-1.074535,2,1074.047677
-2.21517,3,1074.090676
-1.126921,2,1074.120678
-2.178684,3,1074.166677
-1.117561,2,1074.206676
-0.048126,1,1074.222677
-2.175694,3,1074.264678
-2.271072,3,1074.31319
-2.215707,3,1074.362183
-3.420384,4,1074.419184
-1.094013,2,1074.451185
-0.041228,1,1074.46619
-3.281436,4,1074.528183
-3.292195,4,1074.586183
-1.132784,2,1074.619184
-1.091595,2,1074.647184
-2.224668,3,1074.699184
-1.094664,2,1074.727184
-3.329514,4,1074.789183
-2.262797,3,1074.837185
-3.315373,4,1074.898182
-1.10823,2,1074.926183
-2.302395,3,1074.971184
-0.023515,1,1074.987184
-1.122049,2,1075.023182
-0.049036,1,1075.039184
-3.298827,4,1075.099184
-1.083253,2,1075.126184
-2.180169,3,1075.173184
-3.299181,4,1075.231183
-3.320004,4,1075.289184
-2.189831,3,1075.335185
-2.166899,3,1075.385183
-2.283003,3,1075.431182
-2.187883,3,1075.474692
-2.263027,3,1075.520693
-0.041613,1,1075.541692
-1.133106,2,1075.571694
-0.03261,1,1075.588692
-1.108788,2,1075.618693
-2.176441,3,1075.676693
-2.251222,3,1075.724692
-2.264162,3,1075.772694
-3.391898,4,1075.832693
-2.277361,3,1075.88412
-2.217206,3,1075.929119
-3.346998,4,1075.991119
-1.101235,2,1076.019119
-2.207762,3,1076.070119
-1.122061,2,1076.10112
-3.347962,4,1076.16612
-3.312725,4,1076.23112
-2.23994,3,1076.28412
-0.031802,1,1076.300119
-2.213918,3,1076.34612
-1.087335,2,1076.37712
-3.385987,4,1076.448119
-2.207397,3,1076.49312
-2.178668,3,1076.54112
-0.030049,1,1076.55912
-1.145757,2,1076.626909
-2.208078,3,1076.691908
-2.181938,3,1076.754908
-2.220812,3,1076.808906
-3.380965,4,1076.880906
-0.028168,1,1076.897906
-1.09792,2,1076.933907
-1.091192,2,1076.969907
-1.113891,2,1077.004906
-2.247389,3,1077.049906
-2.258824,3,1077.096123
-2.215155,3,1077.143122
-3.350795,4,1077.209123
-1.094411,2,1077.239123
-2.246801,3,1077.287123
-2.241043,3,1077.328122
-2.217923,3,1077.380122
-1.074825,2,1077.410123
-1.124368,2,1077.441122
-2.221775,3,1077.485122
-0.012665,1,1077.506123
-2.27186,3,1077.551122
-1.132576,2,1077.583122
-2.210813,3,1077.632122
-3.29248,4,1077.697657
-2.203836,3,1077.746716
-2.277535,3,1077.792715
-2.294901,3,1077.840224
-2.229515,3,1077.891224
-2.189272,3,1077.934224
-2.179856,3,1077.981224
-3.319314,4,1078.040224
-1.092744,2,1078.076225
-0.049283,1,1078.091224
-2.209099,3,1078.138224
-2.256859,3,1078.192224
-1.103163,2,1078.232224
-2.183063,3,1078.279224
-2.205103,3,1078.324224
-2.277993,3,1078.369224
-1.122249,2,1078.407224
-2.245434,3,1078.452225
-2.264762,3,1078.499224
-1.103915,2,1078.529224
-2.225479,3,1078.580223
-1.148063,2,1078.614226
-3.440539,4,1078.678225
-0.046656,1,1078.694225
-2.23293,3,1078.750224
-1.124119,2,1078.783224
-0.020594,1,1078.799225
-1.075506,2,1078.834224
-1.075579,2,1078.867224
-1.124649,2,1078.900225
-1.076323,2,1078.934225
-1.136308,2,1078.964225
-1.14516,2,1079.001811
-0.012018,1,1079.017811
-1.127306,2,1079.053892
-1.122272,2,1079.08508
-2.250839,3,1079.140081
-0.010351,1,1079.157079
-1.069616,2,1079.19008
-2.177649,3,1079.240081
-3.394508,4,1079.30708
-2.231367,3,1079.355514
-2.177059,3,1079.402515
-2.254218,3,1079.451514
-2.172521,3,1079.502515
-1.073257,2,1079.532515
-2.231768,3,1079.576514
-0.016691,1,1079.595514
-3.387055,4,1079.662516
-1.095517,2,1079.694514
-3.300284,4,1079.756514
-2.205182,3,1079.802514
-3.287325,4,1079.871514
-1.144687,2,1079.901514
-3.36976,4,1079.963514
-2.297905,3,1080.007514
-2.244491,3,1080.060515
-2.273964,3,1080.103514
-1.128441,2,1080.133516
-3.324093,4,1080.195147
-2.22701,3,1080.243149
-1.075896,2,1080.276148
-1.12054,2,1080.305147
-2.237114,3,1080.352148
-2.197588,3,1080.404147
-3.316817,4,1080.470147
-3.320463,4,1080.52831
-0.046142,1,1080.544309
-2.16101,3,1080.59731
-2.206383,3,1080.642309
-3.362061,4,1080.706309
-0.022813,1,1080.72031
-2.225916,3,1080.772309
-1.126662,2,1080.804309
-3.34255,4,1080.85731
-2.239671,3,1080.904309
-0.048896,1,1080.922309
-2.265805,3,1080.968309
-1.094596,2,1080.997309
-2.254191,3,1081.043724
-1.108949,2,1081.077726
-2.265986,3,1081.122724
-3.347011,4,1081.184724
-2.225568,3,1081.228724
-2.183195,3,1081.283726
-2.222421,3,1081.330232
-2.20916,3,1081.378233
-3.340579,4,1081.440233
-1.103723,2,1081.475232
-1.07764,2,1081.504232
-2.261663,3,1081.551235
-1.111573,2,1081.580233
-0.008982,1,1081.600234
-2.162613,3,1081.644684
-1.12147,2,1081.678685
-2.273609,3,1081.724685
-1.129074,2,1081.761685
-2.173698,3,1081.813685
-2.241295,3,1081.860685
-0.010507,1,1081.878685
-0.038335,1,1081.900684
-1.121758,2,1081.932684
-0.042836,1,1081.947684
-2.257396,3,1081.994684
-2.242794,3,1082.047684
-1.13194,2,1082.080685
-0.0163,1,1082.094684
-1.139314,2,1082.126684
-2.234616,3,1082.178685
-3.370712,4,1082.245684
-1.128333,2,1082.276685
-3.369486,4,1082.344684
-3.339713,4,1082.413684
-2.17893,3,1082.465195
-1.073814,2,1082.498194
-2.231112,3,1082.542194
-1.128054,2,1082.580194
-2.275421,3,1082.632866
-3.321262,4,1082.691867
-2.246288,3,1082.736866
-3.346853,4,1082.799867
-2.194485,3,1082.846867
-2.227302,3,1082.894866
-2.197819,3,1082.938867
-2.185795,3,1082.991867
-1.109065,2,1083.022867
-1.109349,2,1083.053867
-2.2516,3,1083.100866
-2.236037,3,1083.152867
-0.039647,1,1083.167866
-2.248053,3,1083.215867
-3.273402,4,1083.273866
-2.17842,3,1083.324867
-2.181504,3,1083.372867
-1.11971,2,1083.402867
-3.281221,4,1083.458867
-2.279764,3,1083.509867
-3.318722,4,1083.569866
-1.10594,2,1083.595874
-1.148675,2,1083.630379
-3.32768,4,1083.69838
-2.248769,3,1083.74538
-1.075481,2,1083.775378
-1.064311,2,1083.805378
-0.037225,1,1083.824378
-1.116425,2,1083.854476
-1.089411,2,1083.887476
-2.24698,3,1083.932552
-2.179269,3,1083.982551
-2.191396,3,1084.024552
-2.246796,3,1084.070551
-3.3346,4,1084.132945
-2.246226,3,1084.187945
-1.119524,2,1084.218945
-0.025359,1,1084.232945
-2.210749,3,1084.282945
-2.28632,3,1084.339948
-2.173682,3,1084.383946
-2.21549,3,1084.432944
-2.234616,3,1084.482945
-2.232987,3,1084.537946
-1.127142,2,1084.570945
-1.094661,2,1084.601945
-3.314585,4,1084.674946
-1.097345,2,1084.710945
-2.194485,3,1084.763948
-1.107807,2,1084.799456
-3.288116,4,1084.864455
-1.076758,2,1084.902457
-2.183027,3,1084.946457
-2.24397,3,1084.990457
-2.167973,3,1085.036455
-0.014532,1,1085.057534
-3.289219,4,1085.117536
-3.347504,4,1085.179535
-1.077975,2,1085.210535
-2.188984,3,1085.263535
-2.169444,3,1085.310617
-1.110216,2,1085.342616
-3.286766,4,1085.404617
-3.393235,4,1085.472616
-3.30374,4,1085.533617
-3.327193,4,1085.591616
-2.190855,3,1085.641769
-0.041445,1,1085.66277
-2.214493,3,1085.706769
-1.081968,2,1085.737769
-2.253831,3,1085.780771
-2.20385,3,1085.83177
-2.266198,3,1085.87577
-1.095396,2,1085.906769
-1.123965,2,1085.937769
-1.11935,2,1085.971772
-2.216961,3,1086.015278
-2.220518,3,1086.059278
-1.116943,2,1086.086278
-1.105399,2,1086.123278
-2.272989,3,1086.168447
-0.048977,1,1086.184449
-2.212586,3,1086.229446
-3.372208,4,1086.295447
-2.245179,3,1086.342633
-3.293134,4,1086.402935
-2.235122,3,1086.448934
-2.228763,3,1086.499934
-0.022395,1,1086.513934
-2.226877,3,1086.557935
-2.238594,3,1086.601251
-2.223847,3,1086.654252
-1.1385,2,1086.683251
-1.139241,2,1086.715252
-1.129465,2,1086.748251
-1.084454,2,1086.787251
-2.197944,3,1086.836251
-3.309258,4,1086.896251
-2.245511,3,1086.941252
-2.21177,3,1086.993252
-1.071941,2,1087.023254
-1.148957,2,1087.054253
-1.08317,2,1087.083253
-2.266354,3,1087.132253
-2.188933,3,1087.180761
-3.285258,4,1087.240762
-2.176106,3,1087.290958
-0.011427,1,1087.310957
-3.360635,4,1087.378958
-3.341579,4,1087.443958
-2.287853,3,1087.494959
-2.246238,3,1087.546958
-2.234027,3,1087.600958
-3.316057,4,1087.661958
-2.194933,3,1087.707958
-2.179593,3,1087.759958
-2.213794,3,1087.809958
-2.204885,3,1087.857957
-0.045069,1,1087.874959
-1.099724,2,1087.916958
-3.280444,4,1087.979958
-2.240891,3,1088.027959
-3.306293,4,1088.089367
-2.206188,3,1088.141367
-3.352221,4,1088.200367
-3.375191,4,1088.263367
-2.258056,3,1088.306877
-3.331788,4,1088.373938
-2.278092,3,1088.418937
-3.280071,4,1088.479938
-0.02231,1,1088.49711
-3.356971,4,1088.560108
-1.062574,2,1088.593284
-2.218749,3,1088.638284
-1.112632,2,1088.667284
-2.202924,3,1088.716285
-2.215244,3,1088.763283
-2.227103,3,1088.811284
-2.254789,3,1088.855283
-3.340049,4,1088.919283
-0.04192,1,1088.934284
-2.241005,3,1088.980284
-2.257015,3,1089.023284
-2.218689,3,1089.073284
-3.275796,4,1089.136284
-2.179576,3,1089.181285
-1.075027,2,1089.210283
-2.192334,3,1089.261284
-2.239832,3,1089.307283
-3.33525,4,1089.371284
-0.012158,1,1089.387284
-1.099354,2,1089.424284
-2.163453,3,1089.471284
-1.128312,2,1089.498286
-1.08032,2,1089.529796
-2.193526,3,1089.577793
-2.262436,3,1089.625033
-2.223973,3,1089.669033
-3.297584,4,1089.730033
-0.011003,1,1089.749034
-2.242517,3,1089.797034
-0.046898,1,1089.811034
-3.338372,4,1089.875033
-2.275838,3,1089.925033
-2.227876,3,1089.972034
-3.368633,4,1090.034034
-2.173161,3,1090.078034
-2.175082,3,1090.128438
-3.321113,4,1090.189438
-2.175443,3,1090.235437
-3.379679,4,1090.297437
-2.262183,3,1090.347441
-2.232891,3,1090.393438
-1.079285,2,1090.422439
-1.119927,2,1090.453439
-3.389508,4,1090.522439
-0.013375,1,1090.538439
-1.131959,2,1090.570438
-0.049921,1,1090.58744
-2.174517,3,1090.642438
-3.27823,4,1090.705949
-1.1357,2,1090.739015
-0.04989,1,1090.758015
-2.171851,3,1090.809015
-3.343912,4,1090.874016
-0.033136,1,1090.889015
-3.325424,4,1090.950124
-2.162143,3,1091.001123
-0.04886,1,1091.017124
-2.270013,3,1091.063123
-2.159136,3,1091.115123
-2.248233,3,1091.166124
-2.163529,3,1091.221124
-2.251236,3,1091.268235
-2.180095,3,1091.319235
-2.233832,3,1091.370574
-2.177158,3,1091.417576
-0.039062,1,1091.433576
-1.123846,2,1091.460575
-2.264238,3,1091.512575
-2.22073,3,1091.559575
-1.078509,2,1091.589577
-0.022195,1,1091.605575
-3.289679,4,1091.672575
-0.019107,1,1091.688576
-0.048459,1,1091.705578
-3.308384,4,1091.771574
-2.235081,3,1091.821575
-3.296828,4,1091.883206
-2.305824,3,1091.927206
-3.310433,4,1091.992207
-2.166443,3,1092.041207
-1.140167,2,1092.071207
-0.038448,1,1092.087206
-2.186785,3,1092.131279
-2.259038,3,1092.181278
-2.19847,3,1092.226279
-2.276441,3,1092.27228
-0.047192,1,1092.287278
-2.211505,3,1092.33428
-0.031624,1,1092.348279
-2.19365,3,1092.392279
-1.14048,2,1092.425539
-3.367448,4,1092.48554
-3.388814,4,1092.543539
-2.160554,3,1092.587541
-3.322826,4,1092.65254
-2.248781,3,1092.70254
-2.247973,3,1092.75054
-0.047265,1,1092.764539
-3.302063,4,1092.82754
-1.10249,2,1092.864541
-1.12107,2,1092.893539
-0.02975,1,1092.90954
-1.142564,2,1092.936539
-3.293446,4,1093.004545
-1.129124,2,1093.03505
-2.260241,3,1093.08005
-2.175382,3,1093.12605
-1.111748,2,1093.16105
-2.207991,3,1093.20505
-2.177027,3,1093.250049
-2.182089,3,1093.30005
-2.245598,3,1093.35005
-2.203743,3,1093.393052
-1.1117,2,1093.425049
-2.219412,3,1093.47005
-2.187192,3,1093.521178
-2.17783,3,1093.566179
-1.126118,2,1093.595178
-2.213675,3,1093.643178
-2.2407,3,1093.69425
-0.021905,1,1093.70925
-2.221631,3,1093.75825
-2.190136,3,1093.807249
-2.239769,3,1093.862375
-1.13631,2,1093.893374
-0.047699,1,1093.910374
-1.133252,2,1093.941375
-0.022859,1,1093.962374
-2.235925,3,1094.007375
-3.319797,4,1094.072375
-3.423725,4,1094.134374
-1.105665,2,1094.170881
-2.230658,3,1094.218868
-1.109745,2,1094.253869
-2.218255,3,1094.301869
-0.04672,1,1094.321868
-1.115919,2,1094.354869
-1.101752,2,1094.390869
-3.370237,4,1094.451868
-1.118471,2,1094.486867
-2.208664,3,1094.533868
-3.304872,4,1094.59487
-2.183826,3,1094.644867
-2.243191,3,1094.693868
-2.234878,3,1094.737868
-1.136761,2,1094.770868
-1.126254,2,1094.801868
-2.205183,3,1094.853871
-0.045687,1,1094.869876
-1.128944,2,1094.900874
-2.173646,3,1094.947869
-2.196921,3,1094.996868
-2.234665,3,1095.042868
-2.253163,3,1095.093869
-2.236159,3,1095.138868
-1.090793,2,1095.172868
-1.128546,2,1095.202868
-0.046757,1,1095.217868
-3.325439,4,1095.278869
-2.206169,3,1095.332458
-3.297625,4,1095.396458
-0.046885,1,1095.41082
-3.309297,4,1095.469819
-1.086715,2,1095.50782
-1.135739,2,1095.539825
-3.412348,4,1095.603822
-2.184553,3,1095.651819
-3.294147,4,1095.71582
-3.291743,4,1095.774819
-2.267592,3,1095.823819
-3.367304,4,1095.88482
-3.285974,4,1095.94982
-2.272994,3,1095.996819
-0.034352,1,1096.012819
-3.384797,4,1096.076011
-2.252813,3,1096.12901
-3.342547,4,1096.18801
-2.222512,3,1096.23701
-2.159553,3,1096.28101
-1.128965,2,1096.31201
-2.202575,3,1096.36201
-2.201345,3,1096.410011
-1.112768,2,1096.441014
-3.323182,4,1096.503519
-1.131052,2,1096.531519
-2.206206,3,1096.578519
-2.2644,3,1096.625653
-1.108124,2,1096.661654
-1.12067,2,1096.691653
-3.368947,4,1096.748653
-2.225167,3,1096.797653
-1.08224,2,1096.832653
-3.354908,4,1096.896653
-2.167338,3,1096.94482
-1.094534,2,1096.974821
-1.123426,2,1097.014821
-2.181527,3,1097.060821
-3.2996,4,1097.125822
-1.117908,2,1097.15782
-1.078295,2,1097.195821
-0.021319,1,1097.211821
-2.183954,3,1097.260229
-3.284335,4,1097.326227
-2.238442,3,1097.383229
-3.364504,4,1097.449229
-3.313336,4,1097.511228
-1.095147,2,1097.545429
-2.276401,3,1097.597429
-2.186038,3,1097.647945
-1.13006,2,1097.680938
-1.092781,2,1097.709938
-0.037146,1,1097.729949
-1.082159,2,1097.759939
-1.110776,2,1097.79294
-2.183238,3,1097.833939
-3.313343,4,1097.90594
-0.032273,1,1097.923939
-3.346347,4,1097.983939
-2.184237,3,1098.03094
-1.086081,2,1098.064939
-2.181891,3,1098.113939
-2.189457,3,1098.158938
-2.171507,3,1098.207939
-2.172193,3,1098.261939
-2.240007,3,1098.306938
-3.362548,4,1098.369939
-3.305823,4,1098.431938
-3.360687,4,1098.496938
-2.231833,3,1098.542938
-2.187098,3,1098.583938
-2.212009,3,1098.631938
-0.015262,1,1098.65594
-2.220145,3,1098.699939
-3.399086,4,1098.756938
-1.107718,2,1098.786942
-2.237561,3,1098.837446
-3.385118,4,1098.898447
-3.368101,4,1098.959446
-3.327233,4,1099.018703
-2.186044,3,1099.068703
-3.369734,4,1099.132702
-1.093188,2,1099.165703
-2.235486,3,1099.211857
-1.096834,2,1099.246857
-0.022743,1,1099.262858
-1.133685,2,1099.291857
-2.167831,3,1099.337857
-2.189315,3,1099.387859
-2.187575,3,1099.432857
-2.226299,3,1099.478986
-1.074355,2,1099.508985
-2.18063,3,1099.566987
-1.114655,2,1099.599986
-0.045742,1,1099.616986
-2.211032,3,1099.662985
-2.210558,3,1099.712986
-1.083397,2,1099.741986
-2.189917,3,1099.784986
-3.326629,4,1099.843987
-2.288159,3,1099.894103
-0.026733,1,1099.911103
-1.077844,2,1099.941104
-1.12342,2,1099.975612
-2.199216,3,1100.026787
-0.026482,1,1100.042789
-2.226069,3,1100.092788
-0.01279,1,1100.110789
-2.220103,3,1100.16179
-0.033235,1,1100.178788
-2.237524,3,1100.240789
-3.346803,4,1100.326789
-2.227534,3,1100.388787
-1.099814,2,1100.425787
-2.173211,3,1100.475787
-1.085725,2,1100.514026
-2.22654,3,1100.571294
-2.25221,3,1100.627294
-2.180154,3,1100.682294
-3.342261,4,1100.747293
-2.241388,3,1100.800295
-2.206001,3,1100.851294
-2.257587,3,1100.898295
-2.234512,3,1100.941293
-1.133331,2,1100.978295
-2.168124,3,1101.024294
-1.142596,2,1101.054295
-2.237907,3,1101.103294
-3.350996,4,1101.167806
-1.127052,2,1101.199806
-1.138032,2,1101.229808
-2.193031,3,1101.273983
-0.034614,1,1101.294984
-2.183268,3,1101.341984
-1.141286,2,1101.371984
-2.173149,3,1101.419136
-2.193657,3,1101.470231
-2.168994,3,1101.517232
-1.081902,2,1101.546231
-2.243614,3,1101.590231
-1.127842,2,1101.625232
-2.202591,3,1101.672231
-2.235256,3,1101.718242
-2.212381,3,1101.763231
-2.212202,3,1101.812231
-3.29308,4,1101.869232
-1.110995,2,1101.902231
-0.039606,1,1101.918232
-2.161415,3,1101.968232
-0.041587,1,1101.985231
-3.314542,4,1102.053232
-2.262953,3,1102.099232
-3.394066,4,1102.162231
-2.193648,3,1102.208231
-2.166838,3,1102.253231
-2.22638,3,1102.301232
-1.077156,2,1102.337235
-2.265414,3,1102.386742
-1.126173,2,1102.415742
-0.015146,1,1102.431741
-1.108965,2,1102.467742
-3.290272,4,1102.533741
-2.23501,3,1102.580742
-2.282918,3,1102.626741
-2.193641,3,1102.681741
-2.194789,3,1102.730741
-1.131295,2,1102.760742
-2.270871,3,1102.810893
-2.276077,3,1102.861007
-2.189013,3,1102.908007
-1.123736,2,1102.941007
-2.195157,3,1102.988008
-0.01024,1,1103.008007
-2.248343,3,1103.061085
-0.046372,1,1103.080085
-3.348501,4,1103.150213
-1.121854,2,1103.189212
-1.11134,2,1103.219212
-2.219102,3,1103.275212
-2.240454,3,1103.319212
-1.136217,2,1103.353305
-1.071391,2,1103.385304
-2.192156,3,1103.428305
-2.296094,3,1103.474619
-2.245197,3,1103.527128
-2.221343,3,1103.569129
-3.286541,4,1103.63213
-0.048425,1,1103.648134
-1.130362,2,1103.686131
-1.090263,2,1103.717129
-3.321733,4,1103.779304
-3.358402,4,1103.843306
-0.041596,1,1103.864303
-1.121913,2,1103.896304
-2.201681,3,1103.940387
-0.028101,1,1103.956387
-0.041305,1,1103.975386
-3.320012,4,1104.038387
-2.280336,3,1104.085389
-3.326105,4,1104.147387
-1.098452,2,1104.184387
-1.140888,2,1104.215387
-0.036694,1,1104.228386
-2.180878,3,1104.275387
-2.218672,3,1104.326782
-2.21918,3,1104.374783
-3.366547,4,1104.436784
-3.324669,4,1104.496783
-2.164135,3,1104.544784
-2.248177,3,1104.591784
-3.296477,4,1104.650785
-2.230798,3,1104.700461
-1.076231,2,1104.734461
-0.02855,1,1104.750462
-2.255184,3,1104.796461
-3.277406,4,1104.857461
-1.135875,2,1104.89046
-3.2877,4,1104.949461
-1.122882,2,1104.979462
-2.163696,3,1105.022788
-1.12009,2,1105.055789
-1.110363,2,1105.086789
-2.24879,3,1105.136789
-2.219695,3,1105.182789
-3.331949,4,1105.249788
-0.034249,1,1105.263788
-0.034974,1,1105.279789
-2.208816,3,1105.321789
-0.036225,1,1105.343789
-1.07724,2,1105.373788
-3.402867,4,1105.433788
-3.355225,4,1105.493788
-2.193808,3,1105.538789
-2.246618,3,1105.585788
-1.102911,2,1105.615789
-2.166079,3,1105.662788
-2.170229,3,1105.719789
-0.036545,1,1105.734789
-2.276612,3,1105.783788
-2.169499,3,1105.836297
-1.137969,2,1105.880296
-1.09861,2,1105.915296
-2.207501,3,1105.964308
-1.119494,2,1105.994295
-2.238686,3,1106.049455
-1.124568,2,1106.080455
-2.189788,3,1106.128455
-1.089641,2,1106.159453
-1.08209,2,1106.198455
-1.097107,2,1106.231455
-1.107567,2,1106.260619
-3.298347,4,1106.329619
-3.337025,4,1106.395619
-2.181282,3,1106.442621
-2.196313,3,1106.484619
-2.223025,3,1106.527619
-2.178311,3,1106.57662
-2.234648,3,1106.621619
-2.164203,3,1106.66762
-0.007005,1,1106.683618
-1.072965,2,1106.717619
-1.108415,2,1106.751619
-3.352311,4,1106.812621
-1.137753,2,1106.84562
-0.031878,1,1106.864619
-0.01028,1,1106.883618
-1.08182,2,1106.915618
-1.090236,2,1106.946618
-0.024239,1,1106.967619
-1.11255,2,1107.001134
-2.203903,3,1107.044198
-0.025551,1,1107.059197
-3.368021,4,1107.1292
-2.282782,3,1107.172282
-1.080732,2,1107.201282
-1.114888,2,1107.232282
-2.2122,3,1107.282484
-1.094997,2,1107.312484
-3.436582,4,1107.371484
-2.22097,3,1107.414809
-1.096028,2,1107.451809
-2.245067,3,1107.494808
-2.166369,3,1107.538808
-2.213603,3,1107.580809
-2.236642,3,1107.629808
-2.195448,3,1107.676808
-3.324967,4,1107.74081
-2.250057,3,1107.790808
-1.134132,2,1107.825809
-3.364246,4,1107.883808
-2.206653,3,1107.928809
-0.037232,1,1107.943808
-1.080254,2,1107.978808
-1.124427,2,1108.006808
-2.221041,3,1108.051808
-3.315252,4,1108.111808
-3.374835,4,1108.181321
-2.178528,3,1108.23032
-0.032792,1,1108.247319
-2.246796,3,1108.297319
-1.136211,2,1108.334318
-1.08552,2,1108.36232
-0.039962,1,1108.377319
-2.27372,3,1108.42232
-2.170029,3,1108.469321
-2.237516,3,1108.511319
-1.142845,2,1108.543319
-2.246125,3,1108.58932
-1.105578,2,1108.62532
-2.243308,3,1108.671319
-2.168198,3,1108.718319
-2.265931,3,1108.766319
-1.130021,2,1108.80232
-2.244299,3,1108.853319
-0.040311,1,1108.871319
-3.332475,4,1108.936433
-3.350952,4,1109.030541
-2.202803,3,1109.093146
-1.132963,2,1109.132145
-3.336846,4,1109.199145
-3.332681,4,1109.271144
-1.114777,2,1109.306145
-3.345263,4,1109.377655
-1.10679,2,1109.413653
-2.163163,3,1109.469886
-2.228334,3,1109.539886
-1.070624,2,1109.576185
-1.12975,2,1109.612186
-2.202574,3,1109.676185
-1.120821,2,1109.712186
-2.208354,3,1109.763185
-3.322977,4,1109.831185
-3.305849,4,1109.899187
-2.255013,3,1109.942184
-2.22156,3,1109.989185
-3.356303,4,1110.047184
-1.12153,2,1110.082187
-2.254603,3,1110.127186
-0.045028,1,1110.146185
-2.241967,3,1110.193185
-1.079258,2,1110.226184
-2.157212,3,1110.273184
-1.075858,2,1110.306185
-2.255264,3,1110.352185
-1.087419,2,1110.387375
-3.342738,4,1110.450376
-2.249739,3,1110.493376
-2.213745,3,1110.540374
-3.306826,4,1110.604048
-2.2515,3,1110.650048
-1.091118,2,1110.681049
-2.246101,3,1110.728047
-2.238524,3,1110.776047
-2.187452,3,1110.822048
-3.331004,4,1110.883228
-2.268145,3,1110.925228
-2.180105,3,1110.975228
-2.181992,3,1111.023227
-0.015776,1,1111.038227
-1.125698,2,1111.070227
-1.140573,2,1111.10623
-1.116158,2,1111.135227
-2.262666,3,1111.178228
-2.243468,3,1111.223227
-2.265141,3,1111.275228
-0.031122,1,1111.291228
-2.202686,3,1111.334227
-3.279492,4,1111.395228
-2.206394,3,1111.448228
-0.036076,1,1111.466227
-2.243765,3,1111.514227
-2.273081,3,1111.561227
-2.219406,3,1111.610227
-3.342501,4,1111.669228
-1.115227,2,1111.700228
-2.185965,3,1111.746733
-1.132905,2,1111.779733
-2.259129,3,1111.825734
-0.037945,1,1111.841734
-0.011223,1,1111.857733
-3.33369,4,1111.9229
-2.234652,3,1111.973898
-2.263579,3,1112.021897
-1.123667,2,1112.057898
-2.223489,3,1112.108019
-1.077703,2,1112.140131
-2.217127,3,1112.187404
-2.241029,3,1112.234402
-2.178866,3,1112.293402
-0.035827,1,1112.307402
-2.200806,3,1112.359402
-1.120875,2,1112.394403
-1.09635,2,1112.430402
-2.21293,3,1112.478402
-0.03698,1,1112.496402
-2.16741,3,1112.544403
-2.185742,3,1112.599404
-1.10025,2,1112.629403
-1.111332,2,1112.661403
-2.241574,3,1112.713403
-2.27089,3,1112.763402
-2.234544,3,1112.809402
-2.219843,3,1112.852403
-2.219603,3,1112.897911
-2.214618,3,1112.94908
-1.070804,2,1112.97708
-2.20166,3,1113.02108
-0.011454,1,1113.03708
-2.195575,3,1113.083185
-1.120674,2,1113.112187
-1.14003,2,1113.143185
-2.227438,3,1113.191719
-0.034156,1,1113.209719
-2.271756,3,1113.254719
-2.162086,3,1113.298718
-2.200621,3,1113.342719
-2.194119,3,1113.392719
-3.307716,4,1113.45392
-2.191666,3,1113.502921
-0.036168,1,1113.518921
-3.367492,4,1113.589922
-2.189622,3,1113.649922
-0.035153,1,1113.670921
-1.094507,2,1113.709922
-1.116184,2,1113.751922
-2.186605,3,1113.802921
-3.297482,4,1113.869922
-2.186768,3,1113.923029
-3.339738,4,1113.997345
-0.035459,1,1114.01385
-3.408315,4,1114.07585
-1.142316,2,1114.107851
-2.238126,3,1114.157933
-1.117951,2,1114.189933
-2.216444,3,1114.237934
-3.303155,4,1114.299934
-0.04698,1,1114.324935
-2.207576,3,1114.377209
-3.441496,4,1114.446209
-0.040877,1,1114.464208
-0.047779,1,1114.485209
-3.285871,4,1114.549208
-2.21875,3,1114.600209
-1.063637,2,1114.635208
-2.228135,3,1114.69421
-2.173106,3,1114.738211
-2.217153,3,1114.788316
-0.049474,1,1114.803316
-2.264956,3,1114.853316
-2.176371,3,1114.903316
-2.242476,3,1114.952316
-0.018018,1,1114.968317
-2.295826,3,1115.182908
-3.322401,4,1115.252142
-1.094226,2,1115.283142
-1.100977,2,1115.315141
-3.311639,4,1115.377142
-2.193886,3,1115.422142
-3.302523,4,1115.485141
-3.301209,4,1115.545142
-1.129568,2,1115.582142
-3.304674,4,1115.641142
-1.099099,2,1115.673142
-2.193783,3,1115.719227
-1.110408,2,1115.754225
-1.077107,2,1115.787227
-2.170449,3,1115.832228
-2.22643,3,1115.879225
-2.206302,3,1115.929226
-2.281732,3,1115.976225
-2.296044,3,1116.024282
-2.196775,3,1116.069284
-1.132231,2,1116.104283
-0.048955,1,1116.120283
-1.138131,2,1116.150767
-1.132965,2,1116.182766
-1.108123,2,1116.220766
-2.176398,3,1116.267765
-3.325984,4,1116.331276
-2.234706,3,1116.373276
-3.313327,4,1116.440275
-2.179754,3,1116.484275
-1.098492,2,1116.515275
-2.212702,3,1116.560276
-2.240308,3,1116.609427
-2.270315,3,1116.65854
-0.008897,1,1116.67454
-3.363736,4,1116.733539
-0.036372,1,1116.75254
-2.203285,3,1116.799539
-1.090231,2,1116.829539
-2.170547,3,1116.87554
-1.074765,2,1116.91054
-2.201814,3,1116.955539
-0.043381,1,1116.97054
-2.232948,3,1117.016552
-2.21116,3,1117.06654
-0.012204,1,1117.084541
-3.376887,4,1117.146539
-2.198705,3,1117.19454
-1.145317,2,1117.231541
-1.139943,2,1117.26454
-0.028684,1,1117.28054
-1.11711,2,1117.310539
-3.354423,4,1117.376614
-1.118769,2,1117.406616
-2.244356,3,1117.450615
-2.282398,3,1117.495122
-1.109821,2,1117.531122
-1.082152,2,1117.56429
-2.244215,3,1117.61429
-2.170805,3,1117.664395
-2.203937,3,1117.71863
-2.221564,3,1117.76963
-1.102534,2,1117.813631
-1.135686,2,1117.85763
-1.107085,2,1117.900631
-0.04725,1,1117.91963
-2.242644,3,1117.978629
-2.23055,3,1118.025632
-2.232096,3,1118.081631
-2.217506,3,1118.13863
-1.071597,2,1118.176631
-3.317819,4,1118.243629
-2.184085,3,1118.297629
-0.041421,1,1118.313629
-3.323019,4,1118.37863
-1.13811,2,1118.41263
-2.197738,3,1118.460629
-2.151735,3,1118.506629
-2.184739,3,1118.554629
-2.163226,3,1118.60114
-0.039042,1,1118.624141
-0.027189,1,1118.64014
-2.256513,3,1118.68514
-0.018694,1,1118.703141
-2.190427,3,1118.756139
-1.074723,2,1118.786139
-2.217377,3,1118.83214
-2.246106,3,1118.877141
-2.249599,3,1118.929141
-2.21374,3,1118.97914
-2.165418,3,1119.02114
-2.232956,3,1119.06814
-0.033789,1,1119.08814
-2.244505,3,1119.13314
-2.213629,3,1119.180139
-2.201606,3,1119.22714
-1.079383,2,1119.262141
-2.212766,3,1119.310139
-0.047883,1,1119.32314
-2.201076,3,1119.36714
-1.099109,2,1119.40814
-3.285097,4,1119.46814
-1.118957,2,1119.499141
-3.337464,4,1119.55814
-2.242946,3,1119.612141
-2.217923,3,1119.657142
-2.202114,3,1119.70414
-1.116576,2,1119.735139
-3.322102,4,1119.804651
-1.127323,2,1119.83865
-3.292843,4,1119.89865
-2.225535,3,1119.94565
-2.255539,3,1119.992649
-2.212651,3,1120.033649
-3.403087,4,1120.09065
-0.007491,1,1120.105649
-3.336046,4,1120.171749
-2.238333,3,1120.216749
-2.252855,3,1120.263032
-2.250317,3,1120.312032
-2.216841,3,1120.364207
-2.16782,3,1120.412205
-2.248538,3,1120.456205
-2.177301,3,1120.502205
-3.306754,4,1120.568205
-0.017699,1,1120.583206
-2.20749,3,1120.627206
-1.069855,2,1120.657207
-1.149149,2,1120.695206
-2.251792,3,1120.743206
-3.351833,4,1120.803205
-1.075392,2,1120.836207
-3.331765,4,1120.933111
-2.181114,3,1120.991111
-3.408376,4,1121.06611
-1.070427,2,1121.100109
-2.268513,3,1121.15811
-3.348316,4,1121.229109
-1.116873,2,1121.26511
-2.198924,3,1121.31311
-2.220779,3,1121.37211
-2.219945,3,1121.438111
-2.24482,3,1121.499111
-1.10478,2,1121.53411
-2.213461,3,1121.593111
-1.117054,2,1121.623109
-2.230054,3,1121.671111
-2.176422,3,1121.72811
-2.169114,3,1121.778109
-0.048951,1,1121.794109
-1.094817,2,1121.826109
-2.165817,3,1121.871109
-1.071587,2,1121.90711
-0.020437,1,1121.924109
-2.207898,3,1121.970109
-1.109843,2,1122.001109
-2.207203,3,1122.051406
-2.233687,3,1122.096053
-1.09926,2,1122.129052
-3.312556,4,1122.191122
-1.089145,2,1122.230121
-1.093448,2,1122.262121
-2.211515,3,1122.307121
-3.351197,4,1122.367121
-3.32076,4,1122.429123
-1.067817,2,1122.462121
-2.214955,3,1122.50612
-0.045149,1,1122.523122
-3.312942,4,1122.589121
-2.199815,3,1122.632124
-2.180676,3,1122.677121
-0.016734,1,1122.692121
-1.072797,2,1122.72912
-2.187589,3,1122.77512
-3.403704,4,1122.84112
-1.126112,2,1122.874122
-1.095779,2,1122.914122
-1.107374,2,1122.944121
-1.115771,2,1122.975121
-3.340619,4,1123.036596
-1.131259,2,1123.072596
-2.262266,3,1123.118597
-2.168401,3,1123.164597
-0.035319,1,1123.179596
-2.210743,3,1123.231598
-2.177597,3,1123.274437
-3.322567,4,1123.337438
-1.130751,2,1123.362438
-3.399046,4,1123.434439
-2.226667,3,1123.503642
-0.046163,1,1123.520643
-2.228138,3,1123.573643
-2.209002,3,1123.620642
-2.236626,3,1123.664641
-2.163807,3,1123.706642
-1.111851,2,1123.741641
-3.272348,4,1123.80478
-1.091854,2,1123.832916
-0.036357,1,1123.844916
-0.046856,1,1123.860916
-0.020615,1,1123.877915
-0.030726,1,1123.894917
-1.075958,2,1123.921916
-0.034728,1,1123.934917
-3.391191,4,1123.990915
-3.324296,4,1124.043053
-2.164371,3,1124.083055
-1.108984,2,1124.110192
-3.423957,4,1124.158193
-1.117366,2,1124.185192
-2.168209,3,1124.224191
-3.372785,4,1124.275192
-0.035796,1,1124.293191
-3.308062,4,1124.353487
-2.257154,3,1124.395488
-2.173952,3,1124.433994
-2.257226,3,1124.476066
-2.244082,3,1124.514066
-2.219942,3,1124.549361
-0.020555,1,1124.563361
-2.201119,3,1124.607363
-3.309007,4,1124.656361
-2.194595,3,1124.690361
-3.396916,4,1124.74236
-2.218382,3,1124.78436
-2.178215,3,1124.81636
-2.227248,3,1124.858361
-2.173751,3,1124.897361
-3.341608,4,1124.951361
-1.126036,2,1124.97736
-3.294562,4,1125.023361
-2.211581,3,1125.063361
-1.107607,2,1125.09236
-3.308187,4,1125.14036
-3.276246,4,1125.19136
-2.222805,3,1125.22736
-1.102404,2,1125.258361
-2.24014,3,1125.294371
-2.243978,3,1125.32736
-2.2312,3,1125.36236
-2.248414,3,1125.40436
-1.072427,2,1125.433361
-2.255201,3,1125.496361
-2.235359,3,1125.551616
-2.203375,3,1125.60513
-2.180161,3,1125.645128
-3.293402,4,1125.695129
-2.16132,3,1125.73613
-2.27485,3,1125.787129
-1.122155,2,1125.816128
-1.06356,2,1125.842128
-2.181253,3,1125.878129
-1.092455,2,1125.90713
-3.368178,4,1125.970129
-2.166195,3,1126.011237
-2.262475,3,1126.052238
-2.229825,3,1126.104237
-3.35916,4,1126.161305
-2.205994,3,1126.207306
-2.185879,3,1126.251308
-1.120041,2,1126.288306
-1.137754,2,1126.321306
-1.10434,2,1126.350307
-2.186145,3,1126.396306
-0.027808,1,1126.419305
-3.273663,4,1126.478306
-1.084818,2,1126.509306
-0.035124,1,1126.527307
-3.294383,4,1126.595307
-1.082007,2,1126.628306
-3.377997,4,1126.691703
-2.23817,3,1126.741211
-2.172173,3,1126.796212
-2.22043,3,1126.848212
-2.26084,3,1126.896324
-3.345094,4,1126.962498
-1.073918,2,1126.997497
-1.088701,2,1127.027498
-2.270206,3,1127.0875
-2.251432,3,1127.148499
-0.024126,1,1127.173498
-3.318009,4,1127.250498
-3.287059,4,1127.314497
-2.216539,3,1127.357498
-2.170955,3,1127.415498
-1.096346,2,1127.447497
-3.419583,4,1127.512498
-2.204053,3,1127.555497
-1.131226,2,1127.590497
-1.091288,2,1127.622497
-2.235032,3,1127.669497
-0.025758,1,1127.682498
-3.312096,4,1127.748806
-3.39222,4,1127.805806
-3.390711,4,1127.873808
-2.231469,3,1127.922318
-1.138495,2,1127.958316
-2.172647,3,1127.999314
-0.033413,1,1128.014315
-1.100662,2,1128.044315
-1.101241,2,1128.081326
-2.236264,3,1128.128546
-1.113764,2,1128.159546
-2.169383,3,1128.208827
-1.129557,2,1128.241827
-1.095987,2,1128.271827
-1.13092,2,1128.303828
-3.381747,4,1128.365827
-3.326876,4,1128.433828
-0.029951,1,1128.447827
-2.175218,3,1128.498827
-3.296857,4,1128.561828
-2.186841,3,1128.639828
-1.140975,2,1128.677828
-3.33866,4,1128.761829
-2.253548,3,1128.812828
-3.3391,4,1128.885828
-2.195516,3,1128.938828
-2.236343,3,1128.990827
-2.170734,3,1129.037827
-3.303207,4,1129.116343
-1.114496,2,1129.162342
-3.354856,4,1129.237342
-1.076365,2,1129.275342
-3.336287,4,1129.346342
-3.406967,4,1129.411499
-3.341843,4,1129.476498
-3.403913,4,1129.539498
-1.11563,2,1129.573498
-2.199003,3,1129.623611
-1.113893,2,1129.653758
-1.068408,2,1129.682757
-2.238058,3,1129.738757
-2.231594,3,1129.784757
-3.356409,4,1129.847757
-3.338333,4,1129.909757
-2.263883,3,1129.959756
-0.025386,1,1129.974756
-0.018261,1,1129.989757
-0.007522,1,1130.004756
-2.253304,3,1130.057757
-1.071492,2,1130.085756
-2.224765,3,1130.129756
-2.250639,3,1130.177756
-1.110209,2,1130.212755
-0.041787,1,1130.229757
-0.039887,1,1130.244756
-1.116977,2,1130.278758
-2.247043,3,1130.330264
-2.271523,3,1130.377264
-1.138607,2,1130.406263
-1.116367,2,1130.436264
-0.011141,1,1130.455264
-3.285482,4,1130.513264
-2.205802,3,1130.558264
-2.286656,3,1130.606263
-1.105946,2,1130.640264
-1.099777,2,1130.670265
-2.176383,3,1130.716263
-2.240856,3,1130.761264
-3.280755,4,1130.829264
-2.180746,3,1130.872263
-2.228969,3,1130.919264
-1.104882,2,1130.948263
-2.234151,3,1131.000263
-1.112999,2,1131.031263
-2.219879,3,1131.075265
-1.138704,2,1131.108264
-1.118683,2,1131.148263
-2.191113,3,1131.191265
-3.302183,4,1131.252264
-2.219588,3,1131.297264
-2.190766,3,1131.346398
-2.230889,3,1131.391598
-0.038887,1,1131.406599
-2.272664,3,1131.453184
-0.008808,1,1131.475184
-2.16403,3,1131.517184
-3.405212,4,1131.579184
-2.219389,3,1131.626185
-2.208481,3,1131.695187
-0.019134,1,1131.718186
-2.265042,3,1131.778185
-1.110668,2,1131.819185
-2.276917,3,1131.880185
-2.271521,3,1131.931185
-1.109902,2,1131.964185
-1.084766,2,1131.999186
-2.230219,3,1132.057185
-1.103584,2,1132.090186
-0.041925,1,1132.106184
-2.196532,3,1132.157184
-3.316111,4,1132.227185
-1.137425,2,1132.263184
-3.306146,4,1132.323186
-2.221454,3,1132.370185
-2.22301,3,1132.427185
-2.239141,3,1132.474185
-1.100464,2,1132.503185
-3.419519,4,1132.565185
-1.07487,2,1132.596186
-2.216604,3,1132.641816
-3.286249,4,1132.700816
-2.172783,3,1132.745817
-2.174463,3,1132.797816
-2.230327,3,1132.841816
-0.042463,1,1132.855816
-2.225846,3,1132.903816
-2.168018,3,1132.953816
-2.192605,3,1133.000816
-3.348142,4,1133.059817
-2.25782,3,1133.107129
-1.141428,2,1133.143128
-0.011695,1,1133.157129
-2.272302,3,1133.205129
-1.128054,2,1133.237129
-0.049349,1,1133.256128
-2.221473,3,1133.298129
-3.380032,4,1133.360129
-2.236432,3,1133.405129
-3.302484,4,1133.47213
-1.078602,2,1133.504129
-1.127076,2,1133.533131
-0.027788,1,1133.549129
-2.24862,3,1133.59713
-0.033867,1,1133.614131
-2.249377,3,1133.66013
-1.124415,2,1133.692131
-3.287192,4,1133.758134
-2.188133,3,1133.805641
-3.293492,4,1133.866641
-2.210737,3,1133.908884
-1.068804,2,1133.941885
-3.408207,4,1134.001032
-2.240228,3,1134.045133
-3.292647,4,1134.107131
-2.194708,3,1134.158132
-0.021625,1,1134.173131
-2.208723,3,1134.223133
-3.32665,4,1134.302391
-2.161371,3,1134.368392
-1.089655,2,1134.40539
-2.191742,3,1134.458391
-2.214495,3,1134.50139
-3.360976,4,1134.568392
-3.31486,4,1134.636397
-3.281922,4,1134.692389
-3.312857,4,1134.756389
-2.241485,3,1134.809391
-1.092915,2,1134.84439
-2.238473,3,1134.896391
-1.086529,2,1134.925899
-3.319131,4,1134.9949
-0.027738,1,1135.010899
-2.254474,3,1135.057014
-1.106314,2,1135.089014
-3.295319,4,1135.157015
-2.189108,3,1135.208266
-1.109442,2,1135.241265
-2.202169,3,1135.288267
-2.239353,3,1135.339449
-2.263334,3,1135.385448
-2.175579,3,1135.435449
-2.222532,3,1135.478448
-3.391825,4,1135.546448
-1.123625,2,1135.576447
-3.314403,4,1135.640448
-2.210511,3,1135.684447
-2.273225,3,1135.736447
-2.280948,3,1135.784448
-3.26655,4,1135.844448
-1.125113,2,1135.874447
-3.34254,4,1135.935447
-2.254034,3,1135.980447
-2.239149,3,1136.024447
-1.09665,2,1136.055447
-1.111293,2,1136.095959
-3.282429,4,1136.156958
-2.159469,3,1136.204046
-2.262362,3,1136.249158
-2.177066,3,1136.304159
-0.035273,1,1136.318158
-2.216441,3,1136.367158
-1.073396,2,1136.398158
-3.296164,4,1136.46223
-0.017272,1,1136.47623
-1.106092,2,1136.50823
-2.228727,3,1136.55095
-2.269783,3,1136.59995
-3.305435,4,1136.660949
-2.193377,3,1136.703949
-3.325085,4,1136.765951
-2.193057,3,1136.817951
-1.131155,2,1136.849949
-1.09099,2,1136.87995
-2.247928,3,1136.918951
-1.100853,2,1136.956949
-2.184329,3,1136.998949
-2.226773,3,1137.045949
-1.082577,2,1137.076949
-2.229385,3,1137.126949
-2.199117,3,1137.17095
-2.244879,3,1137.214074
-2.228031,3,1137.261722
-2.184164,3,1137.313722
-2.280798,3,1137.356723
-1.139676,2,1137.388722
-2.161281,3,1137.429722
-3.274953,4,1137.496723
-2.229001,3,1137.540722
-2.25244,3,1137.586721
-2.184166,3,1137.632722
-2.239399,3,1137.682722
-3.318895,4,1137.741722
-2.163876,3,1137.784722
-0.007801,1,1137.799723
-0.008111,1,1137.821723
-1.079235,2,1137.851722
-1.118158,2,1137.882722
-1.100606,2,1137.911722
-0.026357,1,1137.933722
-2.219707,3,1137.978722
-0.012387,1,1137.993722
-1.151999,2,1138.021723
-1.127938,2,1138.059722
-1.105837,2,1138.088722
-3.298902,4,1138.151723
-2.190417,3,1138.197722
-1.126785,2,1138.238723
-2.240933,3,1138.288722
-2.297219,3,1138.334723
-3.336151,4,1138.424567
-0.020164,1,1138.451567
-2.183248,3,1138.510565
-2.260697,3,1138.559566
-2.211614,3,1138.608567
-2.290826,3,1138.664802
-2.182541,3,1138.7208
-1.096217,2,1138.751801
-1.114474,2,1138.784801
-2.24517,3,1138.838801
-0.023394,1,1138.852801
-1.132158,2,1138.8848
-3.294967,4,1138.9468
-2.172671,3,1138.996801
-2.205594,3,1139.0458
-2.205024,3,1139.089802
-0.04394,1,1139.107801
-1.133847,2,1139.147801
-2.207124,3,1139.189801
-3.349886,4,1139.2538
-0.044509,1,1139.271801
-2.192788,3,1139.3238
-2.219536,3,1139.370801
-1.140869,2,1139.402801
-1.075805,2,1139.431799
-2.224531,3,1139.483804
-2.237373,3,1139.529801
-2.253355,3,1139.5728
-2.198954,3,1139.61531
-2.25291,3,1139.66531
-1.115277,2,1139.697311
-2.209091,3,1139.74231
-0.040312,1,1139.758309
-2.209582,3,1139.82131
-2.235082,3,1139.869309
-2.25716,3,1139.918312
-2.288814,3,1139.96331
-3.313898,4,1140.02931
-2.169212,3,1140.074735
-2.17479,3,1140.130736
-1.106965,2,1140.162737
-2.161565,3,1140.217735
-2.161139,3,1140.265737
-3.374986,4,1140.332736
-0.035284,1,1140.351737
-1.098672,2,1140.386736
-1.118316,2,1140.421736
-1.105205,2,1140.454736
-1.123993,2,1140.486736
-3.360067,4,1140.560737
-2.197194,3,1140.606737
-2.283326,3,1140.652736
-2.248738,3,1140.697736
-3.361024,4,1140.761244
-3.353054,4,1140.832244
-1.123141,2,1140.865245
-2.22019,3,1140.913321
-1.073247,2,1140.95132
-1.076764,2,1140.979321
-2.213815,3,1141.028322
-2.291967,3,1141.07632
-0.023132,1,1141.096321
-2.210779,3,1141.14332
-2.210248,3,1141.18632
-2.226757,3,1141.232321
-2.159215,3,1141.281322
-2.187968,3,1141.325447
-2.202435,3,1141.372447
-3.291384,4,1141.436551
-3.300769,4,1141.499631
-2.245901,3,1141.547631
-3.359073,4,1141.6027
-0.018028,1,1141.616699
-2.193065,3,1141.670698
-3.377792,4,1141.729021
-2.256096,3,1141.77702
-2.179644,3,1141.825021
-3.397858,4,1141.89202
-3.302548,4,1141.952529
-3.303246,4,1142.012662
-0.018381,1,1142.025663
-1.142639,2,1142.061662
-3.336303,4,1142.123662
-2.186001,3,1142.171828
-2.260208,3,1142.219827
-2.209755,3,1142.271829
-2.245915,3,1142.317828
-2.268854,3,1142.360829
-1.117645,2,1142.389828
-3.319876,4,1142.459829
-1.104481,2,1142.490829
-3.328992,4,1142.551829
-1.109774,2,1142.580252
-2.193842,3,1142.633251
-3.324137,4,1142.694251
-2.191204,3,1142.744252
-3.439319,4,1142.806251
-1.091004,2,1142.841252
-2.207805,3,1142.889252
-2.168426,3,1142.935424
-3.32327,4,1143.000522
-2.224836,3,1143.053663
-2.213753,3,1143.105278
-2.203358,3,1143.155278
-2.218468,3,1143.206277
-1.070532,2,1143.238278
-3.291224,4,1143.301277
-2.286455,3,1143.349277
-2.232164,3,1143.397277
-2.175773,3,1143.447277
-0.034852,1,1143.464277
-3.282435,4,1143.530277
-2.246424,3,1143.578278
-2.204316,3,1143.634278
-0.033589,1,1143.649278
-3.300459,4,1143.710276
-2.214895,3,1143.758276
-1.075101,2,1143.794276
-2.278169,3,1143.843277
-3.289745,4,1143.899277
-3.350084,4,1143.962277
-2.21601,3,1144.013277
-2.184734,3,1144.062277
-1.143055,2,1144.091277
-2.199597,3,1144.134277
-3.289174,4,1144.201277
-2.207074,3,1144.247788
-3.37067,4,1144.308788
-3.32697,4,1144.370279
-2.180147,3,1144.417279
-1.127557,2,1144.44828
-2.204124,3,1144.496279
-2.205717,3,1144.54028
-1.072197,2,1144.575279
-1.132104,2,1144.606279
-2.166224,3,1144.65028
-1.06668,2,1144.68228
-2.195682,3,1144.731279
-3.34518,4,1144.790284
-3.356135,4,1144.852279
-1.104833,2,1144.883279
-0.037855,1,1144.90328
-2.18397,3,1144.945279
-1.072067,2,1144.973279
-1.109281,2,1145.00428
-1.132767,2,1145.04328
-0.042834,1,1145.05728
-2.221514,3,1145.106279
-2.21947,3,1145.152279
-3.304515,4,1145.21628
-0.037503,1,1145.232279
-1.066821,2,1145.267279
-1.078873,2,1145.299279
-2.196237,3,1145.349279
-2.252566,3,1145.397787
-1.070499,2,1145.427786
-2.256531,3,1145.473897
-2.254189,3,1145.529899
-2.247733,3,1145.58208
-3.358855,4,1145.644255
-0.024534,1,1145.660256
-2.174497,3,1145.710255
-0.045361,1,1145.724255
-1.120936,2,1145.752254
-0.048175,1,1145.768255
-0.049622,1,1145.787255
-1.08107,2,1145.821254
-1.087079,2,1145.851255
-2.228004,3,1145.897255
-1.098639,2,1145.933255
-3.312588,4,1145.994256
-3.31712,4,1146.054256
-2.175283,3,1146.099255
-3.287777,4,1146.168254
-2.231885,3,1146.214428
-2.225265,3,1146.262429
-0.048319,1,1146.279429
-1.072749,2,1146.312428
-1.129772,2,1146.343429
-3.307558,4,1146.40343
-3.306922,4,1146.469428
-3.301871,4,1146.538943
-0.023674,1,1146.555937
-2.215392,3,1146.605937
-2.283858,3,1146.652029
-1.119573,2,1146.692122
-1.101967,2,1146.72412
-2.251031,3,1146.773122
-3.392268,4,1146.841309
-1.099509,2,1146.882309
-1.115767,2,1146.915309
-3.376079,4,1146.973309
-1.08985,2,1147.004308
-1.083128,2,1147.041309
-3.273448,4,1147.103308
-3.319581,4,1147.163619
-0.02056,1,1147.178618
-0.027237,1,1147.199619
-3.301434,4,1147.262619
-1.136583,2,1147.292619
-2.191555,3,1147.337619
-0.046009,1,1147.356619
-0.022449,1,1147.371621
-1.109235,2,1147.401618
-0.046428,1,1147.417619
-2.207672,3,1147.468619
-2.243822,3,1147.512618
-0.039087,1,1147.52862
-2.208981,3,1147.574619
-3.307599,4,1147.639621
-0.045109,1,1147.654619
-2.254172,3,1147.699125
-2.234711,3,1147.746125
-3.34925,4,1147.815125
-2.178594,3,1147.860125
-2.223331,3,1147.906125
-2.170261,3,1147.948126
-3.277479,4,1148.017904
-2.227297,3,1148.063142
-2.221556,3,1148.108379
-2.183563,3,1148.155379
-0.039829,1,1148.17373
-1.10154,2,1148.202728
-2.165322,3,1148.247729
-1.133895,2,1148.27773
-2.19239,3,1148.329729
-2.253179,3,1148.371728
-2.225294,3,1148.418728
-3.283814,4,1148.48473
-2.196218,3,1148.54273
-2.188641,3,1148.591729
-0.038967,1,1148.605728
-2.236471,3,1148.653729
-1.079042,2,1148.687728
-2.197028,3,1148.73373
-0.038482,1,1148.748729
-2.261468,3,1148.796728
-2.233753,3,1148.850731
-2.205273,3,1148.903332
-2.264432,3,1148.950332
-2.280274,3,1148.997333
-2.173288,3,1149.050332
-2.232531,3,1149.103393
-2.248222,3,1149.149393
-2.261596,3,1149.194393
-3.326557,4,1149.264464
-2.257557,3,1149.306465
-2.178271,3,1149.355718
-1.076209,2,1149.389719
-2.205999,3,1149.440719
-3.304177,4,1149.50172
-2.20428,3,1149.546721
-2.237396,3,1149.587718
-3.318388,4,1149.653719
-1.134935,2,1149.682718
-2.231763,3,1149.72672
-0.03464,1,1149.741718
-2.217598,3,1149.790718
-1.106111,2,1149.819719
-3.31432,4,1149.879724
-1.075103,2,1149.908718
-1.114154,2,1149.944719
-0.039899,1,1149.959719
-3.301043,4,1150.019718
-2.214633,3,1150.06423
-1.096563,2,1150.10323
-0.038553,1,1150.119231
-0.044686,1,1150.138231
-1.075989,2,1150.18223
-2.272106,3,1150.251231
-3.336659,4,1150.322519
-3.295995,4,1150.384517
-3.392106,4,1150.456518
-0.042399,1,1150.478518
-3.286593,4,1150.551654
-0.020765,1,1150.567655
-2.172242,3,1150.615654
-1.079904,2,1150.653654
-1.126621,2,1150.683654
-2.232945,3,1150.734654
-2.1931,3,1150.778655
-1.113263,2,1150.814654
-0.017938,1,1150.831654
-1.076497,2,1150.859656
-1.120046,2,1150.888654
-1.144524,2,1150.922655
-2.280417,3,1150.969655
-2.235868,3,1151.010654
-2.280405,3,1151.055654
-3.352918,4,1151.120657
-0.034897,1,1151.136654
-1.101836,2,1151.165655
-2.244892,3,1151.214653
-1.11585,2,1151.250167
-0.022956,1,1151.268162
-2.224848,3,1151.316163
-2.221488,3,1151.360163
-2.215067,3,1151.411162
-3.326897,4,1151.470162
-2.249982,3,1151.516248
-1.117134,2,1151.545247
-0.027507,1,1151.564247
-2.171,3,1151.611248
-1.123154,2,1151.645247
-2.252953,3,1151.687248
-3.374064,4,1151.759247
-1.085936,2,1151.788315
-1.13278,2,1151.820316
-0.043899,1,1151.840316
-2.231033,3,1151.890314
-1.05988,2,1151.924315
-0.030669,1,1151.941316
-2.230896,3,1151.988315
-2.240305,3,1152.041316
-2.230342,3,1152.088315
-2.26675,3,1152.135316
-2.207835,3,1152.18542
-1.129711,2,1152.22042
-2.176088,3,1152.266422
-2.203721,3,1152.317545
-2.216391,3,1152.362545
-2.230589,3,1152.419053
-2.241006,3,1152.466052
-2.231946,3,1152.516052
-1.114274,2,1152.545053
-1.124461,2,1152.581053
-3.308772,4,1152.640052
-1.100494,2,1152.671054
-0.020287,1,1152.687052
-2.178499,3,1152.739052
-2.260203,3,1152.784052
-1.076321,2,1152.816052
-2.205844,3,1152.866052
-2.201685,3,1152.914052
-2.166054,3,1152.958052
-2.162055,3,1153.000053
-2.169215,3,1153.049052
-3.353491,4,1153.113052
-3.324409,4,1153.173053
-1.122695,2,1153.202054
-3.39612,4,1153.263052
-2.226677,3,1153.312052
-2.201143,3,1153.360052
-0.019349,1,1153.377052
-0.031279,1,1153.393053
-2.264222,3,1153.442335
-2.245936,3,1153.490335
-1.07412,2,1153.521335
-1.11015,2,1153.556453
-1.101916,2,1153.59896
-2.187232,3,1153.64196
-3.30087,4,1153.70296
-1.129848,2,1153.734959
-2.217106,3,1153.789959
-2.173706,3,1153.835959
-1.107827,2,1153.86596
-0.019723,1,1153.87996
-2.218126,3,1153.92996
-1.083501,2,1153.95896
-1.128686,2,1153.989959
-2.244515,3,1154.032959
-1.073372,2,1154.066961
-1.116034,2,1154.09996
-2.208165,3,1154.146959
-2.252885,3,1154.188959
-2.232684,3,1154.240972
-1.082385,2,1154.272057
-3.409438,4,1154.334057
-1.120566,2,1154.367057
-2.177468,3,1154.419056
-2.201872,3,1154.463056
-2.300882,3,1154.512056
-2.251679,3,1154.562058
-1.094982,2,1154.602057
-3.315427,4,1154.660056
-0.036906,1,1154.674338
-2.211115,3,1154.72134
-2.219214,3,1154.770977
-0.003329,1,1154.784975
-0.049038,1,1154.802977
-1.08626,2,1154.834976
-2.198399,3,1154.884976
-2.23546,3,1154.933976
-3.348921,4,1154.997101
-1.110765,2,1155.03045
-2.165581,3,1155.081448
-3.312385,4,1155.144539
-1.135358,2,1155.175538
-1.129476,2,1155.208538
-2.253354,3,1155.26954
-2.22818,3,1155.332541
-3.284597,4,1155.414538
-1.069392,2,1155.450538
-0.012695,1,1155.473539
-2.224168,3,1155.523538
-2.24819,3,1155.577538
-0.01665,1,1155.596538
-1.090542,2,1155.635539
-2.258578,3,1155.680538
-1.120529,2,1155.711539
-1.098704,2,1155.740636
-1.086115,2,1155.775634
-0.043035,1,1155.79181
-1.113731,2,1155.823809
-2.247863,3,1155.867812
-2.205886,3,1155.918316
-2.222855,3,1155.960316
-2.286125,3,1156.006316
-1.101477,2,1156.037319
-2.215888,3,1156.087316
-2.194142,3,1156.135316
-2.200815,3,1156.180317
-2.23998,3,1156.225316
-1.121967,2,1156.258317
-0.014008,1,1156.274318
-1.134605,2,1156.304317
-1.12886,2,1156.334316
-2.209269,3,1156.384316
-0.045836,1,1156.402317
-2.17534,3,1156.449317
-2.240963,3,1156.492317
-1.082091,2,1156.525316
-3.302888,4,1156.586317
-3.329365,4,1156.644317
-2.186077,3,1156.687317
-2.166643,3,1156.736317
-2.269517,3,1156.785317
-1.07396,2,1156.814316
-2.206073,3,1156.858317
-2.19367,3,1156.905317
-2.237416,3,1156.951316
-2.255261,3,1156.997316
-2.198217,3,1157.040317
-2.241215,3,1157.089316
-2.207586,3,1157.138826
-3.323568,4,1157.196824
-0.037068,1,1157.214825
-1.139728,2,1157.248825
-3.356031,4,1157.306824
-2.222707,3,1157.353824
-1.129711,2,1157.382823
-3.320052,4,1157.448825
-2.196834,3,1157.490824
-0.022014,1,1157.506825
-0.033074,1,1157.522824
-1.132857,2,1157.557964
-2.240978,3,1157.598964
-2.211029,3,1157.652963
-3.298708,4,1157.71303
-2.240029,3,1157.77003
-2.212521,3,1157.813031
-3.287487,4,1157.877119
-1.131046,2,1157.90712
-2.218786,3,1157.955121
-1.124272,2,1157.986127
-1.114747,2,1158.015119
-2.205131,3,1158.06012
-2.25478,3,1158.111323
-1.11959,2,1158.139323
-1.136182,2,1158.171322
-2.17897,3,1158.219323
-2.234835,3,1158.271836
-3.291262,4,1158.335831
-2.201328,3,1158.382831
-1.107635,2,1158.418831
-2.216364,3,1158.468831
-3.266547,4,1158.53483
-2.223572,3,1158.580831
-1.088292,2,1158.610831
-2.215511,3,1158.66283
-2.280691,3,1158.710832
-2.166962,3,1158.763926
-0.021195,1,1158.780057
-3.311094,4,1158.852057
-2.219844,3,1158.899057
-0.032128,1,1158.916056
-1.091975,2,1158.946055
-1.073485,2,1158.983352
-0.031659,1,1158.998352
-2.236629,3,1159.042352
-2.241011,3,1159.087351
-1.091576,2,1159.122351
-1.137244,2,1159.152351
-3.291322,4,1159.213351
-1.075678,2,1159.241351
-1.082538,2,1159.276351
-3.373344,4,1159.337352
-2.257246,3,1159.383351
-2.274568,3,1159.429859
-0.022348,1,1159.450859
-2.185069,3,1159.498859
-2.188614,3,1159.544859
-1.080323,2,1159.574859
-1.092972,2,1159.61086
-2.189146,3,1159.657858
-1.134716,2,1159.686997
-3.447387,4,1159.749997
-1.104808,2,1159.783996
-1.10789,2,1159.812996
-3.402614,4,1159.874996
-2.210597,3,1159.920996
-0.037099,1,1159.940206
-2.217282,3,1159.986208
-2.220712,3,1160.031209
-2.229132,3,1160.078206
-1.090258,2,1160.112206
-2.22427,3,1160.156206
-2.239753,3,1160.20327
-2.249933,3,1160.24627
-3.350596,4,1160.313371
-2.194271,3,1160.356891
-2.170505,3,1160.403889
-2.193461,3,1160.44689
-2.166445,3,1160.497889
-0.039973,1,1160.51389
-2.258067,3,1160.558889
-1.130549,2,1160.589889
-2.158015,3,1160.642398
-1.091688,2,1160.672621
-2.228132,3,1160.717622
-0.036018,1,1160.733901
-2.166623,3,1160.789901
-2.178979,3,1160.842902
-3.344717,4,1160.906901
-3.326603,4,1160.967903
-1.105545,2,1161.002901
-1.098109,2,1161.034901
-2.225651,3,1161.081901
-1.1166,2,1161.107901
-2.230151,3,1161.158901
-2.253733,3,1161.202903
-1.128388,2,1161.2339
-0.041073,1,1161.249901
-3.370615,4,1161.319901
-3.314546,4,1161.379902
-2.247748,3,1161.425901
-2.203707,3,1161.47391
-3.333393,4,1161.543901
-1.130522,2,1161.575901
-2.219646,3,1161.624902
-2.251577,3,1161.6699
-2.215387,3,1161.723907
-1.115698,2,1161.7539
-3.339937,4,1161.822418
-2.213651,3,1161.872411
-2.264709,3,1161.928411
-2.225154,3,1161.97241
-1.112934,2,1162.00441
-1.114067,2,1162.03741
-2.222579,3,1162.088411
-1.098352,2,1162.12041
-0.027748,1,1162.13741
-3.322346,4,1162.195411
-2.30725,3,1162.250586
-2.266502,3,1162.294586
-1.128314,2,1162.325586
-3.349264,4,1162.390587
-2.238852,3,1162.439586
-1.102303,2,1162.470586
-1.113028,2,1162.500586
-2.24589,3,1162.544586
-1.074182,2,1162.581671
-0.021553,1,1162.595671
-3.306739,4,1162.654671
-3.365835,4,1162.711672
-3.290919,4,1162.773672
-3.329527,4,1162.83604
-2.244842,3,1162.879039
-1.097102,2,1162.90704
-2.186378,3,1162.95504
-1.087721,2,1162.986552
-2.176909,3,1163.031469
-1.080452,2,1163.063468
-1.125119,2,1163.099468
-0.015405,1,1163.117468
-2.22024,3,1163.162848
-0.01561,1,1163.178848
-2.235419,3,1163.228847
-1.108933,2,1163.259848
-3.347837,4,1163.321847
-0.042039,1,1163.336846
-1.129566,2,1163.374847
-1.136955,2,1163.401847
-1.076212,2,1163.432846
-0.03327,1,1163.446846
-2.221495,3,1163.498847
-2.261099,3,1163.543847
-2.259514,3,1163.588846
-2.256462,3,1163.634851
-3.323745,4,1163.698847
-1.076272,2,1163.726847
-1.081559,2,1163.755847
-0.032232,1,1163.770846
-2.204335,3,1163.825847
-1.11478,2,1163.854848
-2.161165,3,1163.899847
-3.353949,4,1163.959846
-1.071285,2,1163.997849
-1.103935,2,1164.038848
-2.256712,3,1164.104847
-1.104277,2,1164.145361
-2.216227,3,1164.202018
-0.015854,1,1164.220018
-2.178073,3,1164.265019
-3.31016,4,1164.332019
-2.30179,3,1164.38702
-2.277464,3,1164.437019
-1.106536,2,1164.469018
-1.098042,2,1164.499019
-1.115105,2,1164.534019
-3.330408,4,1164.595018
-1.105608,2,1164.62502
-1.107063,2,1164.656019
-1.070301,2,1164.691019
-2.223503,3,1164.734019
-2.165299,3,1164.78202
-1.110551,2,1164.812019
-0.032666,1,1164.834018
-2.196822,3,1164.881019
-2.184931,3,1164.925019
-2.266716,3,1164.968019
-1.098459,2,1165.007019
-2.222052,3,1165.049019
-2.244691,3,1165.095018
-1.146497,2,1165.125018
-3.33223,4,1165.189018
-1.126932,2,1165.220018
-1.129837,2,1165.248018
-0.014556,1,1165.263018
-2.174291,3,1165.313528
-1.072122,2,1165.34253
-2.213446,3,1165.383528
-0.023656,1,1165.400636
-2.182277,3,1165.449636
-2.248812,3,1165.495635
-2.260548,3,1165.543636
-2.154814,3,1165.585635
-2.161119,3,1165.638635
-3.352061,4,1165.701211
-2.184574,3,1165.746211
-2.224398,3,1165.793212
-2.278877,3,1165.847212
-2.16575,3,1165.895213
-3.34533,4,1165.956213
-2.184617,3,1166.002213
-2.218635,3,1166.044212
-2.206799,3,1166.090211
-2.242811,3,1166.135396
-1.123278,2,1166.165396
-1.120591,2,1166.201395
-2.198588,3,1166.247396
-1.126665,2,1166.276395
-2.280727,3,1166.325396
-3.393211,4,1166.390395
-3.352718,4,1166.451399
-2.269801,3,1166.501903
-2.229764,3,1166.550208
-3.315389,4,1166.618207
-3.285192,4,1166.679207
-3.328033,4,1166.7366
-2.181552,3,1166.787599
-1.140257,2,1166.8236
-1.124935,2,1166.857598
-1.097203,2,1166.888598
-2.237607,3,1166.932661
-2.176594,3,1166.983658
-2.222789,3,1167.025659
-0.0342,1,1167.039659
-1.136683,2,1167.069753
-1.114669,2,1167.107754
-1.072367,2,1167.137754
-2.228677,3,1167.184753
-1.070892,2,1167.217754
-1.132211,2,1167.252755
-0.01491,1,1167.267754
-3.343434,4,1167.34092
-2.176697,3,1167.38592
-1.119148,2,1167.42292
-2.268514,3,1167.464921
-2.25899,3,1167.511921
-1.103896,2,1167.545919
-3.33244,4,1167.612921
-3.296202,4,1167.674427
-0.020443,1,1167.690427
-2.258681,3,1167.732427
-2.172368,3,1167.78643
-2.25315,3,1167.829428
-2.243005,3,1167.875427
-0.01578,1,1167.889426
-1.116091,2,1167.923427
-2.213541,3,1167.974428
-1.116671,2,1168.004427
-1.115914,2,1168.033427
-3.322092,4,1168.115428
-1.131368,2,1168.151428
-2.231226,3,1168.216429
-2.208063,3,1168.268428
-2.28352,3,1168.328427
-2.189736,3,1168.384428
-3.413357,4,1168.451427
-3.316005,4,1168.516429
-2.206293,3,1168.566429
-0.018007,1,1168.582427
-2.222142,3,1168.626427
-2.230123,3,1168.668428
-2.243625,3,1168.723433
-0.0122,1,1168.739427
-2.222579,3,1168.781428
-1.103959,2,1168.808937
-1.127096,2,1168.849938
-3.320408,4,1168.91206
-2.207016,3,1168.964188
-2.248963,3,1169.006188
-2.256136,3,1169.053187
-2.20603,3,1169.101188
-2.225058,3,1169.147187
-0.012267,1,1169.162188
-3.331908,4,1169.228186
-0.008717,1,1169.243187
-3.310664,4,1169.306189
-2.271656,3,1169.348187
-2.197936,3,1169.398187
-3.322949,4,1169.457187
-2.239751,3,1169.502186
-2.19097,3,1169.547336
-1.10897,2,1169.580336
-1.088638,2,1169.612336
-2.223852,3,1169.656337
-1.108616,2,1169.685336
-0.04035,1,1169.706336
-1.091801,2,1169.736336
-2.234607,3,1169.779336
-2.244662,3,1169.829336
-1.133504,2,1169.863337
-2.25092,3,1169.908336
-1.138433,2,1169.940339
-3.282011,4,1169.996952
-3.274289,4,1170.064039
-3.292978,4,1170.12418
-2.208123,3,1170.172289
-3.306415,4,1170.235613
-1.08849,2,1170.273612
-3.459289,4,1170.328613
-3.39689,4,1170.391613
-2.234327,3,1170.439614
-2.191677,3,1170.493614
-0.02621,1,1170.508614
-3.301505,4,1170.569614
-1.138095,2,1170.599612
-0.025884,1,1170.622613
-3.305,4,1170.687614
-2.173807,3,1170.741613
-1.074163,2,1170.770612
-3.276767,4,1170.843614
-1.108412,2,1170.874614
-2.190165,3,1170.916613
-2.177717,3,1170.960613
-2.225707,3,1171.006615
-3.389087,4,1171.070614
-2.156354,3,1171.11612
-2.243879,3,1171.168121
-2.278714,3,1171.219262
-1.134439,2,1171.25326
-3.370412,4,1171.31726
-3.311617,4,1171.377261
-2.214344,3,1171.424261
-2.221796,3,1171.470261
-3.372633,4,1171.535261
-2.256313,3,1171.579369
-2.186699,3,1171.63337
-1.102309,2,1171.660473
-3.299946,4,1171.723473
-2.263829,3,1171.766473
-3.340081,4,1171.834473
-2.199158,3,1171.877474
-2.266566,3,1171.923474
-3.315512,4,1171.981474
-2.277499,3,1172.036474
-2.237339,3,1172.083474
-3.366825,4,1172.147474
-2.1814,3,1172.192473
-3.289858,4,1172.257478
-2.221923,3,1172.299982
-3.348078,4,1172.358981
-1.109894,2,1172.388981
-3.360168,4,1172.453981
-3.308997,4,1172.514981
-2.273017,3,1172.556982
-2.24475,3,1172.604981
-2.211937,3,1172.654981
-0.019116,1,1172.670982
-3.362059,4,1172.731982
-1.114827,2,1172.758982
-2.170446,3,1172.810982
-2.181198,3,1172.856983
-3.345758,4,1172.916981
-3.29314,4,1172.977981
-1.092075,2,1173.012982
-0.013977,1,1173.02898
-2.243166,3,1173.072982
-2.219505,3,1173.11798
-2.251677,3,1173.165981
-2.199562,3,1173.212982
-2.174842,3,1173.260982
-3.359085,4,1173.319982
-1.068919,2,1173.357981
-2.290898,3,1173.403985
-3.320658,4,1173.47249
-2.282484,3,1173.51649
-3.399136,4,1173.589491
-2.223308,3,1173.631491
-3.363453,4,1173.693791
-2.238204,3,1173.737791
-2.179208,3,1173.789792
-2.21622,3,1173.833791
-0.015483,1,1173.849791
-2.216913,3,1173.896791
-0.049482,1,1173.918792
-2.161483,3,1173.960791
-2.271946,3,1174.00879
-2.150868,3,1174.051791
-2.258321,3,1174.100792
-2.268691,3,1174.147791
-0.022133,1,1174.159791
-2.196039,3,1174.203792
-0.012056,1,1174.223792
-3.292366,4,1174.284797
-2.1805,3,1174.332792
-2.237778,3,1174.377792
-2.172087,3,1174.426791
-1.121715,2,1174.458791
-2.216564,3,1174.50279
-1.084227,2,1174.535791
-2.248908,3,1174.587298
-2.246011,3,1174.634297
-1.135386,2,1174.664412
-1.124297,2,1174.693413
-1.09193,2,1174.72648
-0.040575,1,1174.74248
-2.203563,3,1174.786567
-2.194779,3,1174.832567
-2.218281,3,1174.888568
-2.245931,3,1174.933568
-2.212792,3,1174.97964
-2.275065,3,1175.024639
-3.309797,4,1175.08864
-2.24469,3,1175.13364
-2.231865,3,1175.177723
-1.080654,2,1175.207722
-0.027395,1,1175.227724
-2.248175,3,1175.274724
-1.1261,2,1175.303722
-2.241523,3,1175.350723
-1.088991,2,1175.386722
-1.118933,2,1175.416722
-0.016483,1,1175.433985
-2.163816,3,1175.475985
-2.249934,3,1175.522985
-2.267131,3,1175.567985
-0.035892,1,1175.581986
-1.086649,2,1175.609985
-2.210221,3,1175.656987
-3.338867,4,1175.716989
-2.217014,3,1175.765494
-3.338205,4,1175.822493
-1.104308,2,1175.861493
-3.325176,4,1175.921493
-3.309256,4,1175.981495
-2.172892,3,1176.026494
-3.33634,4,1176.090493
-2.187929,3,1176.133493
-2.281205,3,1176.177493
-2.229777,3,1176.221726
-2.192964,3,1176.269727
-3.381497,4,1176.331727
-0.01308,1,1176.346726
-3.328314,4,1176.408727
-2.258314,3,1176.460727
-1.116318,2,1176.488727
-1.092474,2,1176.518725
-1.123615,2,1176.546726
-3.320948,4,1176.611726
-2.26814,3,1176.656727
-2.242173,3,1176.702844
-2.221613,3,1176.751846
-2.227174,3,1176.803844
-1.074995,2,1176.834845
-3.303828,4,1176.896352
-2.193388,3,1176.953352
-2.232304,3,1177.024473
-1.126217,2,1177.062474
-3.338752,4,1177.128582
-2.25273,3,1177.177581
-2.236901,3,1177.233581
-1.135176,2,1177.265581
-1.073151,2,1177.30258
-1.115362,2,1177.336581
-2.165524,3,1177.389581
-2.157341,3,1177.435672
-1.141589,2,1177.465783
-2.187109,3,1177.511936
-1.079645,2,1177.546937
-2.262283,3,1177.590936
-0.018186,1,1177.605937
-2.23568,3,1177.652936
-2.1923,3,1177.700937
-2.252418,3,1177.743935
-2.27683,3,1177.788055
-2.242773,3,1177.833055
-3.307575,4,1177.904054
-1.095821,2,1177.934446
-0.005226,1,1177.948446
-1.070944,2,1177.980446
-3.318345,4,1178.04354
-0.034092,1,1178.057544
-1.082268,2,1178.088129
-1.071246,2,1178.116126
-2.181831,3,1178.165125
-2.20601,3,1178.216125
-2.238711,3,1178.260205
-2.16773,3,1178.304206
-2.255163,3,1178.360205
-2.247303,3,1178.405206
-2.250152,3,1178.450208
-3.321868,4,1178.511206
-2.202661,3,1178.558206
-3.445259,4,1178.619205
-1.138282,2,1178.649206
-2.260425,3,1178.696206
-1.078768,2,1178.734206
-3.313083,4,1178.793205
-3.323094,4,1178.856212
-2.250486,3,1178.899205
-2.186977,3,1178.954206
-2.196649,3,1178.998205
-3.326899,4,1179.059207
-0.032584,1,1179.075206
-2.187435,3,1179.122205
-2.211689,3,1179.167286
-2.215806,3,1179.210285
-3.454233,4,1179.276794
-2.227953,3,1179.322796
-1.117892,2,1179.352795
-1.098959,2,1179.382795
-1.123745,2,1179.414794
-0.033975,1,1179.433795
-1.135764,2,1179.462794
-1.088995,2,1179.492795
-3.339192,4,1179.554116
-2.256785,3,1179.607117
-2.251049,3,1179.652116
-2.24146,3,1179.693116
-1.085852,2,1179.725116
-1.095796,2,1179.759202
-1.092521,2,1179.790202
-2.20329,3,1179.834202
-3.322394,4,1179.895203
-3.302403,4,1179.965307
-2.185357,3,1180.009307
-2.283469,3,1180.063308
-2.205794,3,1180.109309
-3.332734,4,1180.178483
-1.121047,2,1180.207484
-2.202393,3,1180.251485
-2.233719,3,1180.298484
-2.206448,3,1180.347483
-0.046417,1,1180.362484
-2.257459,3,1180.405487
-2.214331,3,1180.453092
-1.111752,2,1180.490233
-2.25288,3,1180.533592
-0.043078,1,1180.549591
-2.225649,3,1180.596591
-2.265779,3,1180.644593
-2.236238,3,1180.689592
-1.089062,2,1180.724592
-2.164502,3,1180.770592
-1.123969,2,1180.804591
-2.165255,3,1180.851593
-2.20201,3,1180.899591
-2.242417,3,1180.949592
-1.128654,2,1180.982593
-0.024633,1,1180.997592
-1.075799,2,1181.028594
-3.319879,4,1181.086591
-2.256742,3,1181.137591
-2.238712,3,1181.184592
-3.425564,4,1181.244593
-2.223847,3,1181.290592
-0.037225,1,1181.309592
-1.087433,2,1181.342592
-1.083477,2,1181.373593
-3.356962,4,1181.432592
-1.12474,2,1181.466592
-3.357426,4,1181.532593
-1.074288,2,1181.565593
-2.200128,3,1181.613098
-1.112724,2,1181.646201
-0.030705,1,1181.663205
-3.317731,4,1181.722201
-2.290847,3,1181.763268
-2.187468,3,1181.818268
-3.322018,4,1181.877269
-1.136808,2,1181.906268
-1.153294,2,1181.936268
-3.343899,4,1182.002551
-2.197505,3,1182.05255
-3.353706,4,1182.113549
-3.343135,4,1182.175551
-2.234652,3,1182.222549
-1.094499,2,1182.253549
-2.177886,3,1182.30055
-0.045478,1,1182.315549
-2.249879,3,1182.36655
-2.211259,3,1182.409549
-2.244917,3,1182.460549
-1.122864,2,1182.491549
-1.135507,2,1182.525549
-2.194406,3,1182.567549
-2.156496,3,1182.61355
-3.397135,4,1182.671731
-1.09376,2,1182.714736
-2.232503,3,1182.759319
-2.228865,3,1182.80432
-0.04828,1,1182.82032
-2.162835,3,1182.87032
-3.413381,4,1182.932319
-0.037859,1,1182.946604
-2.226944,3,1182.988604
-3.305093,4,1183.057605
-2.265057,3,1183.105605
-3.33579,4,1183.168604
-2.269997,3,1183.214604
-3.335464,4,1183.280603
-2.20009,3,1183.325604
-0.042254,1,1183.342603
-3.345236,4,1183.403605
-2.175533,3,1183.455603
-2.243152,3,1183.499604
-1.111474,2,1183.528604
-1.144704,2,1183.560604
-2.24908,3,1183.607605
-3.386457,4,1183.668604
-1.083111,2,1183.698604
-1.143558,2,1183.726604
-3.318812,4,1183.792604
-3.300166,4,1183.851833
-2.222342,3,1183.897338
-1.136797,2,1183.931463
-2.248337,3,1183.979463
-3.306573,4,1184.041463
-0.032379,1,1184.055463
-2.252169,3,1184.101465
-2.253891,3,1184.149463
-3.288953,4,1184.211463
-2.25835,3,1184.259463
-0.036725,1,1184.274462
-2.219038,3,1184.322463
-2.214963,3,1184.381805
-2.272418,3,1184.428805
-2.197867,3,1184.478804
-3.347401,4,1184.547806
-2.218113,3,1184.591026
-2.219077,3,1184.638026
-1.121999,2,1184.670028
-1.130324,2,1184.703025
-3.347962,4,1184.767026
-1.140206,2,1184.796026
-0.028497,1,1184.813027
-2.179552,3,1184.867026
-1.105325,2,1184.900025
-3.391533,4,1184.960027
-2.230763,3,1185.006026
-2.226023,3,1185.05503
-2.218102,3,1185.100445
-2.228949,3,1185.145447
-2.215063,3,1185.191445
-1.087764,2,1185.231445
-1.082034,2,1185.256444
-2.156207,3,1185.301446
-2.218168,3,1185.347618
-3.30639,4,1185.410941
-0.020861,1,1185.427941
-2.20048,3,1185.472941
-3.341076,4,1185.534941
-2.170557,3,1185.584941
-3.350874,4,1185.646942
-1.117195,2,1185.673941
-1.123669,2,1185.703941
-1.142753,2,1185.738943
-2.208047,3,1185.786941
-3.349279,4,1185.845942
-0.016189,1,1185.863942
-2.221048,3,1185.910943
-2.233662,3,1185.961941
-3.341721,4,1186.021941
-3.302583,4,1186.084941
-3.302328,4,1186.147941
-3.389607,4,1186.216945
-3.394745,4,1186.278449
-2.16183,3,1186.328449
-2.217336,3,1186.392447
-3.289475,4,1186.450448
-0.029977,1,1186.464449
-3.375119,4,1186.523448
-3.32054,4,1186.587449
-0.027572,1,1186.602448
-2.172673,3,1186.649622
-3.318357,4,1186.706621
-2.302082,3,1186.759624
-1.112342,2,1186.789622
-2.168124,3,1186.837622
-1.095286,2,1186.868729
-3.393245,4,1186.93773
-0.013326,1,1186.95396
-2.233807,3,1186.999961
-2.185062,3,1187.04296
-2.253756,3,1187.094959
-0.039019,1,1187.109961
-0.040782,1,1187.12296
-0.013602,1,1187.139961
-2.236519,3,1187.19296
-1.115319,2,1187.22396
-1.14067,2,1187.257961
-1.121614,2,1187.305961
-2.243812,3,1187.366961
-0.023922,1,1187.385966
-2.225688,3,1187.440559
-1.089169,2,1187.470675
-3.313069,4,1187.539675
-1.141074,2,1187.567675
-2.187271,3,1187.621675
-3.327635,4,1187.689798
-2.179145,3,1187.747797
-2.284886,3,1187.790797
-2.270413,3,1187.837797
-2.198443,3,1187.881876
-2.180227,3,1187.929875
-2.263976,3,1187.977875
-3.275036,4,1188.037221
-1.135897,2,1188.068222
-2.242434,3,1188.117223
-2.263413,3,1188.161222
-1.129478,2,1188.196222
-2.225516,3,1188.240222
-2.214841,3,1188.292222
-0.028185,1,1188.308222
-1.120503,2,1188.339225
-1.103372,2,1188.369222
-3.275541,4,1188.434464
-2.199176,3,1188.478465
-3.307981,4,1188.539579
-0.018625,1,1188.553582
-3.354753,4,1188.620089
-2.28643,3,1188.668089
-2.237924,3,1188.715089
-2.242304,3,1188.759204
-0.039612,1,1188.777204
-2.162472,3,1188.824203
-2.274023,3,1188.869203
-1.11622,2,1188.900203
-0.03976,1,1188.922203
-2.214534,3,1188.969203
-2.23636,3,1189.015204
-2.161802,3,1189.064204
-0.031272,1,1189.083203
-1.070488,2,1189.113203
-2.271832,3,1189.157203
-2.186123,3,1189.201203
-1.06996,2,1189.236204
-1.12841,2,1189.268205
-3.339322,4,1189.331204
-2.264818,3,1189.375203
-2.231127,3,1189.424203
-2.193663,3,1189.473203
-3.307742,4,1189.533204
-1.098901,2,1189.562203
-2.214855,3,1189.613204
-2.229568,3,1189.656335
-2.247108,3,1189.701843
-3.297139,4,1189.759842
-0.038767,1,1189.780842
-1.134116,2,1189.814842
-1.109851,2,1189.846369
-3.294832,4,1189.904368
-3.345326,4,1189.967368
-1.111224,2,1189.998369
-0.037123,1,1190.01437
-2.163561,3,1190.061369
-1.082125,2,1190.097369
-1.135712,2,1190.128369
-0.01797,1,1190.144369
-0.025743,1,1190.160369
-3.333237,4,1190.226368
-1.127195,2,1190.257368
-1.073509,2,1190.286368
-2.222069,3,1190.328374
-1.102338,2,1190.366368
-2.180215,3,1190.409369
-3.34639,4,1190.467369
-1.084715,2,1190.495368
-2.223177,3,1190.55137
-2.202585,3,1190.59837
-0.040262,1,1190.611369
-1.10189,2,1190.638368
-1.11314,2,1190.671369
-0.035063,1,1190.688369
-0.038773,1,1190.702371
-0.011419,1,1190.715368
-2.170805,3,1190.767369
-2.242297,3,1190.816368
-3.395028,4,1190.874879
-2.202401,3,1190.920879
-2.233991,3,1190.97488
-0.032787,1,1190.991879
-0.045293,1,1191.004879
-1.104697,2,1191.036977
-2.180452,3,1191.084977
-1.144153,2,1191.115978
-0.040379,1,1191.133162
-2.239261,3,1191.179162
-2.277749,3,1191.235162
-1.121305,2,1191.264161
-2.185093,3,1191.308163
-0.022267,1,1191.324161
-2.219802,3,1191.375161
-1.096203,2,1191.40416
-3.384171,4,1191.468161
-2.203246,3,1191.515163
-1.109368,2,1191.552162
-2.175152,3,1191.604161
-1.077878,2,1191.634162
-2.18581,3,1191.683161
-2.238101,3,1191.738545
-3.353036,4,1191.796546
-2.266057,3,1191.840546
-1.134148,2,1191.870546
-2.17212,3,1191.920546
-2.235928,3,1191.963546
-2.249035,3,1192.007056
-2.250105,3,1192.053057
-1.101249,2,1192.090057
-2.216638,3,1192.137056
-2.245837,3,1192.182159
-1.094193,2,1192.217159
-2.25524,3,1192.266228
-0.03663,1,1192.281228
-2.241776,3,1192.329621
-2.276631,3,1192.373621
-1.107141,2,1192.414622
-2.175113,3,1192.479622
-3.329628,4,1192.555623
-2.179039,3,1192.60562
-2.306937,3,1192.662621
-3.330612,4,1192.721622
-2.203938,3,1192.778623
-2.201472,3,1192.823621
-3.31632,4,1192.894621
-2.221098,3,1192.93662
-1.116365,2,1192.967621
-3.316793,4,1193.03162
-1.132864,2,1193.065622
-3.308415,4,1193.12562
-1.108817,2,1193.15462
-2.198367,3,1193.204129
-1.066656,2,1193.241129
-0.03668,1,1193.256128
-2.214356,3,1193.303276
-2.245989,3,1193.350275
-2.203866,3,1193.403276
-1.085089,2,1193.437275
-1.097928,2,1193.468275
-2.158671,3,1193.517652
-1.133358,2,1193.556653
-2.17171,3,1193.605653
-1.08839,2,1193.636652
-2.243528,3,1193.684652
-3.321598,4,1193.745652
-2.248226,3,1193.793652
-2.167982,3,1193.836652
-1.100168,2,1193.868653
-2.182281,3,1193.922653
-2.163385,3,1193.967653
-0.040735,1,1193.987654
-2.201183,3,1194.036652
-2.281165,3,1194.092652
-3.347777,4,1194.152654
-3.30407,4,1194.216792
-3.359846,4,1194.276792
-1.110435,2,1194.315793
-0.022555,1,1194.330791
-2.241468,3,1194.376299
-1.132066,2,1194.4073
-1.097155,2,1194.443299
-2.265914,3,1194.487501
-3.351952,4,1194.558503
-1.131479,2,1194.588502
-0.03111,1,1194.610501
-3.391114,4,1194.667614
-2.204576,3,1194.717614
-0.046695,1,1194.736614
-0.04105,1,1194.762614
-2.209504,3,1194.816614
-3.299125,4,1194.890615
-2.261266,3,1194.945615
-1.136141,2,1194.991614
-2.206273,3,1195.048615
-2.159954,3,1195.104614
-1.124471,2,1195.140617
-2.205715,3,1195.204615
-2.271044,3,1195.431615
-3.311847,4,1195.489614
-0.017151,1,1195.504616
-2.164209,3,1195.557122
-2.20702,3,1195.603122
-1.117202,2,1195.635122
-2.235972,3,1195.682121
-2.206547,3,1195.736122
-1.084069,2,1195.769122
-2.185721,3,1195.811121
-0.026408,1,1195.826121
-0.039622,1,1195.847124
-2.159149,3,1195.893121
-2.165198,3,1195.940122
-0.04667,1,1195.958121
-2.192931,3,1196.012122
-2.242708,3,1196.059121
-3.395988,4,1196.117121
-2.24953,3,1196.161121
-3.350865,4,1196.228122
-2.176075,3,1196.281123
-2.217081,3,1196.326122
-2.193555,3,1196.374121
-2.20113,3,1196.434122
-3.271197,4,1196.504122
-1.076738,2,1196.538122
-1.116747,2,1196.568121
-0.029444,1,1196.588121
-1.12559,2,1196.618121
-2.237689,3,1196.663123
-3.277627,4,1196.727833
-3.349875,4,1196.79183
-1.085846,2,1196.820831
-3.351524,4,1196.878831
-1.097633,2,1196.909831
-1.119656,2,1196.94483
-1.127681,2,1196.976831
-2.199656,3,1197.02583
-2.219802,3,1197.07689
-2.225081,3,1197.133892
-2.242441,3,1197.201025
-0.032139,1,1197.222025
-0.034695,1,1197.244025
-1.124715,2,1197.291027
-2.178937,3,1197.340025
-1.109616,2,1197.370025
-3.400162,4,1197.437025
-1.133354,2,1197.474029
-2.241356,3,1197.525024
-2.261832,3,1197.570026
-2.181915,3,1197.620242
-2.24377,3,1197.669241
-2.211134,3,1197.71324
-1.14536,2,1197.742241
-1.127633,2,1197.772241
-3.339193,4,1197.836749
-0.023892,1,1197.854747
-2.21291,3,1197.900748
-2.191586,3,1197.948747
-0.015805,1,1197.970747
-1.104704,2,1198.001901
-3.319633,4,1198.064899
-2.226178,3,1198.1079
-2.19021,3,1198.1609
-2.236601,3,1198.203901
-2.186961,3,1198.246901
-1.066282,2,1198.2789
-1.123958,2,1198.313901
-2.276325,3,1198.360901
-1.135675,2,1198.390901
-2.25013,3,1198.4339
-3.340975,4,1198.501028
-2.231844,3,1198.548028
-1.143428,2,1198.581029
-2.199588,3,1198.624028
-2.265251,3,1198.672028
-0.048618,1,1198.687028
-1.118051,2,1198.716028
-0.044267,1,1198.731029
-2.266501,3,1198.783027
-2.229359,3,1198.828028
-2.239546,3,1198.874028
-2.257413,3,1198.923029
-2.193876,3,1198.969028
-2.189197,3,1199.019539
-2.253437,3,1199.064538
-0.046306,1,1199.077539
-2.269873,3,1199.132537
-2.226804,3,1199.176538
-0.028071,1,1199.191538
-3.285969,4,1199.251539
-2.265983,3,1199.297539
-1.126715,2,1199.328538
-2.241761,3,1199.373539
-2.204348,3,1199.419538
-2.209829,3,1199.469537
-2.241751,3,1199.511537
-3.302657,4,1199.572538
-2.232114,3,1199.614537
-3.375484,4,1199.680538
-0.025557,1,1199.695538
-2.189127,3,1199.737626
-2.233204,3,1199.782626
-1.145744,2,1199.818626
-3.346545,4,1199.877626
-3.327605,4,1199.943627
-2.193713,3,1199.989626
-1.132603,2,1200.030627
-1.108098,2,1200.060634
-2.258277,3,1200.104627
-2.171272,3,1200.150628
-2.2778,3,1200.198218
-2.240987,3,1200.246217
-2.254247,3,1200.291219
-2.237663,3,1200.341218
-2.163561,3,1200.389218
-0.009848,1,1200.404218
-2.166278,3,1200.452216
-2.20141,3,1200.496219
-2.161623,3,1200.546217
-1.092673,2,1200.576217
-3.351127,4,1200.635217
-2.199468,3,1200.681217
-2.21973,3,1200.728218
-2.213263,3,1200.772218
-2.172634,3,1200.815216
-3.374404,4,1200.876217
-2.234539,3,1200.931217
-3.403159,4,1200.992218
-1.081872,2,1201.023217
-1.079314,2,1201.052217
-2.232095,3,1201.103218
-2.224442,3,1201.149216
-3.31375,4,1201.207402
-1.084971,2,1201.239404
-2.267686,3,1201.288404
-1.086531,2,1201.317403
-2.280879,3,1201.363907
-3.309709,4,1201.42503
-2.218519,3,1201.477029
-2.26539,3,1201.523103
-2.19573,3,1201.568102
-3.294158,4,1201.628104
-2.237365,3,1201.681103
-3.329204,4,1201.744402
-2.206226,3,1201.791404
-2.188796,3,1201.836403
-2.227847,3,1201.888402
-2.207948,3,1201.930402
-2.232704,3,1201.976402
-1.07549,2,1202.010403
-2.214076,3,1202.058403
-2.187001,3,1202.105403
-2.274981,3,1202.145402
-0.041079,1,1202.160403
-2.165416,3,1202.212403
-3.29611,4,1202.274404
-2.16983,3,1202.319402
-2.255086,3,1202.364402
-2.253711,3,1202.414402
-2.205259,3,1202.460402
-1.0804,2,1202.490404
-2.163772,3,1202.532406
-3.335056,4,1202.595991
-0.039004,1,1202.612992
-3.284939,4,1202.67399
-1.088543,2,1202.705991
-2.227196,3,1202.757991
-2.238754,3,1202.799129
-2.194265,3,1202.846207
-1.120673,2,1202.882207
-3.309114,4,1202.949207
-2.26512,3,1202.994206
-2.156223,3,1203.041207
-2.242051,3,1203.086207
-2.285726,3,1203.134532
-0.011727,1,1203.151531
-2.195649,3,1203.197532
-2.224729,3,1203.242531
-3.333128,4,1203.308533
-2.260348,3,1203.354532
-2.159576,3,1203.400532
-2.240944,3,1203.447532
-2.25784,3,1203.494531
-3.29559,4,1203.557532
-3.350788,4,1203.618532
-2.234997,3,1203.665536
-2.240998,3,1203.716041
-1.111823,2,1203.750045
-2.192272,3,1203.795041
-2.209887,3,1203.839041
-1.081413,2,1203.873042
-2.261536,3,1203.921041
-1.126061,2,1203.954041
-1.121102,2,1203.987041
-1.1317,2,1204.024043
-2.259712,3,1204.07204
-1.136843,2,1204.102041
-2.178213,3,1204.146041
-2.265935,3,1204.196042
-1.099688,2,1204.225041
-2.186499,3,1204.272041
-1.084354,2,1204.304043
-1.069704,2,1204.339041
-2.272711,3,1204.386041
-2.164643,3,1204.43013
-0.010744,1,1204.445129
-2.259213,3,1204.493129
-1.072666,2,1204.526129
-1.128603,2,1204.55413
-2.246809,3,1204.59813
-3.342928,4,1204.674129
-3.308543,4,1204.73925
-2.19688,3,1204.781249
-3.348771,4,1204.844249
-1.074521,2,1204.878757
-0.034958,1,1204.892759
-2.179152,3,1204.938757
-3.318443,4,1204.999758
-3.361967,4,1205.070757
-2.172785,3,1205.115758
-2.179146,3,1205.158758
-3.30395,4,1205.221757
-1.099641,2,1205.258757
-0.033317,1,1205.273757
-1.123704,2,1205.304759
-3.324004,4,1205.363758
-3.340234,4,1205.427758
-3.330319,4,1205.484757
-1.086929,2,1205.512758
-0.041014,1,1205.526758
-2.217453,3,1205.570757
-2.239612,3,1205.609757
-1.11199,2,1205.634759
-3.322405,4,1205.691758
-0.047181,1,1205.707758
-2.171219,3,1205.746758
-2.207027,3,1205.783758
-1.080976,2,1205.807757
-2.221313,3,1205.853758
-0.030501,1,1205.867757
-2.215723,3,1205.909757
-1.106252,2,1205.938757
-0.021659,1,1205.956757
-2.229274,3,1205.995757
-3.300702,4,1206.058268
-0.007416,1,1206.070269
-3.322868,4,1206.129269
-1.124674,2,1206.155268
-1.11255,2,1206.183268
-2.174778,3,1206.222333
-3.301099,4,1206.280331
-3.354271,4,1206.335404
-2.174444,3,1206.375405
-1.132094,2,1206.404405
-0.04943,1,1206.422408
-0.044037,1,1206.435405
-2.252159,3,1206.476404
-1.115114,2,1206.503405
-1.087409,2,1206.533406
-1.114001,2,1206.563491
-3.329798,4,1206.616723
-2.239034,3,1206.653723
-0.042317,1,1206.674723
-2.178598,3,1206.717723
-1.117294,2,1206.743723
-0.043397,1,1206.756723
-3.297346,4,1206.817724
-3.374744,4,1206.872942
-1.114846,2,1206.899943
-0.030514,1,1206.912942
-0.003804,1,1206.933941
-2.237127,3,1206.972942
-2.23225,3,1207.010942
-2.19371,3,1207.051941
-2.208401,3,1207.098942
-2.208542,3,1207.138941
-0.024538,1,1207.152941
-2.227394,3,1207.193944
-1.077946,2,1207.22745
-1.081507,2,1207.25545
-2.232164,3,1207.301451
-0.032753,1,1207.312451
-2.18776,3,1207.355451
-2.257982,3,1207.396451
-0.035067,1,1207.414451
-1.143884,2,1207.43945
-3.331907,4,1207.502555
-0.038789,1,1207.516556
-0.049258,1,1207.529555
-1.125356,2,1207.557555
-2.224129,3,1207.603788
-2.282399,3,1207.642787
-2.238851,3,1207.684787
-2.236856,3,1207.728788
-1.102407,2,1207.759786
-1.126373,2,1207.789788
-2.16739,3,1207.83379
-3.377976,4,1207.887787
-2.247576,3,1207.933789
-3.380496,4,1207.986787
-0.010884,1,1207.999786
-2.239928,3,1208.039787
-2.218358,3,1208.086867
-1.109924,2,1208.115868
-0.045315,1,1208.128867
-2.24517,3,1208.168866
-1.108896,2,1208.199867
-3.410084,4,1208.257866
-2.25159,3,1208.300866
-3.378752,4,1208.366375
-3.31645,4,1208.431375
-1.099523,2,1208.459375
-0.015539,1,1208.478375
-2.214091,3,1208.523375
-2.171036,3,1208.572374
-2.191711,3,1208.618375
-2.20389,3,1208.664375
-2.234017,3,1208.711541
-2.184222,3,1208.758541
-1.101793,2,1208.789542
-1.122513,2,1208.825543
-1.137648,2,1208.85354
-2.229689,3,1208.90654
-2.158175,3,1208.957667
-2.163026,3,1209.024368
-2.212328,3,1209.080368
-2.21189,3,1209.143579
-3.400448,4,1209.20958
-2.180809,3,1209.254579
-3.309459,4,1209.316579
-0.038294,1,1209.341579
-2.160233,3,1209.393789
-2.290688,3,1209.44179
-2.242508,3,1209.488789
-0.027024,1,1209.5103
-2.223913,3,1209.556298
-0.024271,1,1209.573299
-3.320649,4,1209.631299
-2.165881,3,1209.681417
-2.276414,3,1209.725417
-2.195523,3,1209.775616
-2.218488,3,1209.823704
-2.176229,3,1209.872077
-1.073373,2,1209.903077
-3.385652,4,1209.963078
-1.136059,2,1209.995077
-1.135414,2,1210.031077
-1.105183,2,1210.059078
-2.208927,3,1210.105078
-1.112721,2,1210.140079
-2.234835,3,1210.188077
-1.099929,2,1210.215352
-2.191791,3,1210.263428
-3.343427,4,1210.324721
-2.226746,3,1210.379883
-2.247096,3,1210.423884
-1.079781,2,1210.456282
-3.296324,4,1210.515283
-2.243566,3,1210.565282
-2.169962,3,1210.608281
-0.043198,1,1210.623282
-2.178895,3,1210.667282
-3.40618,4,1210.72779
-3.274751,4,1210.785178
-0.047062,1,1210.799177
-1.080275,2,1210.830178
-0.032659,1,1210.850177
-3.389008,4,1210.910177
-3.365172,4,1210.969177
-2.252267,3,1211.018178
-3.327452,4,1211.085177
-3.369915,4,1211.148178
-2.235082,3,1211.195177
-0.013321,1,1211.213177
-2.18166,3,1211.263258
-2.247157,3,1211.309258
-1.082707,2,1211.342259
-0.023479,1,1211.35426
-2.214263,3,1211.40326
-3.31377,4,1211.465258
-1.097191,2,1211.497259
-3.366881,4,1211.561259
-1.0642,2,1211.595258
-0.039569,1,1211.609258
-2.275249,3,1211.656258
-3.402262,4,1211.715258
-1.138259,2,1211.75226
-2.176918,3,1211.798259
-3.398791,4,1211.858259
-2.284483,3,1211.908258
-3.347396,4,1211.973768
-1.141682,2,1212.003767
-2.290507,3,1212.047017
-2.170911,3,1212.092017
-2.175758,3,1212.143017
-2.196883,3,1212.188017
-0.021374,1,1212.203018
-2.211037,3,1212.249017
-2.261472,3,1212.301018
-2.170105,3,1212.346017
-3.336532,4,1212.409164
-0.022936,1,1212.422163
-0.021971,1,1212.439441
-3.340521,4,1212.498442
-1.070548,2,1212.529442
-1.140489,2,1212.558441
-3.354864,4,1212.625442
-2.223587,3,1212.670442
-2.272954,3,1212.713442
-1.116396,2,1212.747442
-2.247453,3,1212.795442
-2.190942,3,1212.842443
-2.184417,3,1212.890442
-2.195068,3,1212.936443
-1.076555,2,1212.974442
-3.383578,4,1213.034441
-2.254904,3,1213.077443
-3.337374,4,1213.137954
-3.307467,4,1213.206954
-2.203739,3,1213.255049
-3.381314,4,1213.315049
-2.242771,3,1213.359048
-3.319409,4,1213.424048
-2.219294,3,1213.467119
-2.167947,3,1213.518118
-2.180482,3,1213.560117
-2.195321,3,1213.607315
-2.247548,3,1213.653314
-2.262441,3,1213.695814
-2.188798,3,1213.738814
-1.134226,2,1213.774815
-3.300524,4,1213.829815
-2.164023,3,1213.878814
-2.190469,3,1213.927814
-1.090302,2,1213.966814
-1.102496,2,1213.994822
-1.119728,2,1214.025815
-2.253517,3,1214.073815
-3.342866,4,1214.139816
-2.223946,3,1214.186815
-3.280566,4,1214.247816
-2.20311,3,1214.293323
-2.210664,3,1214.341322
-2.269312,3,1214.389323
-0.019503,1,1214.404322
-3.350824,4,1214.460323
-3.330502,4,1214.524323
-0.049147,1,1214.538322
-3.301901,4,1214.599323
-0.025294,1,1214.615322
-2.193941,3,1214.662323
-2.252904,3,1214.706322
-2.221941,3,1214.757322
-1.105382,2,1214.786324
-1.124933,2,1214.819323
-1.127632,2,1214.850323
-2.163857,3,1214.891323
-0.022887,1,1214.907322
-1.082389,2,1214.945324
-1.115377,2,1214.975323
-3.32656,4,1215.03842
-0.025506,1,1215.05742
-2.219688,3,1215.12342
-2.199385,3,1215.18742
-2.195312,3,1215.245421
-3.31537,4,1215.315419
-1.066779,2,1215.352419
-3.30773,4,1215.41493
-0.045492,1,1215.43393
-2.224689,3,1215.48093
-2.211066,3,1215.536058
-2.190255,3,1215.582057
-1.081826,2,1215.614057
-0.033855,1,1215.629058
-2.243151,3,1215.678058
-3.318885,4,1215.7363
-2.208438,3,1215.781556
-1.080159,2,1215.813555
-0.030701,1,1215.833555
-3.335335,4,1215.889555
-2.302537,3,1215.936555
-1.129094,2,1215.963556
-2.201594,3,1216.011556
-1.086979,2,1216.042556
-2.267819,3,1216.087554
-2.177817,3,1216.133555
-2.263959,3,1216.185915
-2.19535,3,1216.228915
-1.127457,2,1216.256915
-0.044544,1,1216.270914
-2.257082,3,1216.319916
-2.162869,3,1216.369102
-0.036156,1,1216.384103
-2.178816,3,1216.429101
-2.211028,3,1216.482101
-1.140396,2,1216.515101
-0.044811,1,1216.531102
-2.189783,3,1216.575104
-2.276077,3,1216.627769
-0.034165,1,1216.643769
-3.339971,4,1216.706769
-3.315741,4,1216.765768
-2.247417,3,1216.815768
-2.23441,3,1216.857768
-0.033727,1,1216.871771
-0.011424,1,1216.887768
-1.097048,2,1216.921767
-2.187185,3,1216.963768
-1.066842,2,1216.994768
-2.17054,3,1217.041768
-2.222799,3,1217.090768
-2.30428,3,1217.142768
-2.188139,3,1217.187768
-3.29719,4,1217.248768
-1.117715,2,1217.282768
-0.029083,1,1217.296769
-2.22073,3,1217.340768
-2.182191,3,1217.388767
-1.12084,2,1217.420768
-1.132534,2,1217.451768
-2.265294,3,1217.499768
-2.187784,3,1217.543966
-2.217547,3,1217.597966
-1.112099,2,1217.627966
-3.380242,4,1217.688966
-1.098254,2,1217.717967
-3.331901,4,1217.781475
-1.132673,2,1217.811478
-3.351048,4,1217.870744
-2.273801,3,1217.920744
-1.13577,2,1217.952746
-2.306378,3,1217.998745
-2.178852,3,1218.046745
-3.39668,4,1218.113745
-1.098602,2,1218.146745
-3.279301,4,1218.210745
-2.232572,3,1218.258744
-1.13234,2,1218.288744
-1.076099,2,1218.323745
-0.025377,1,1218.341744
-2.228478,3,1218.384124
-2.256766,3,1218.431126
-0.045066,1,1218.453124
-1.097654,2,1218.482124
-2.233608,3,1218.527125
-1.114058,2,1218.557125
-2.185262,3,1218.607124
-2.259773,3,1218.656126
-1.105411,2,1218.718906
-1.131305,2,1218.758906
-2.276676,3,1218.824198
-1.139472,2,1218.859197
-3.334663,4,1218.926708
-1.143507,2,1218.957893
-1.083549,2,1219.002894
-2.169305,3,1219.051894
-2.244345,3,1219.096892
-3.307005,4,1219.162893
-1.091523,2,1219.197892
-2.25858,3,1219.244892
-0.024203,1,1219.259893
-2.277347,3,1219.306892
-2.226296,3,1219.358892
-1.085229,2,1219.388893
-1.104013,2,1219.415893
-1.130208,2,1219.445892
-2.191286,3,1219.492084
-2.181692,3,1219.537086
-1.092882,2,1219.569086
-2.241603,3,1219.615084
-2.220355,3,1219.668084
-2.216774,3,1219.710084
-2.24521,3,1219.756085
-2.159645,3,1219.801086
-3.278401,4,1219.867084
-3.362625,4,1219.932085
-2.20833,3,1219.975084
-0.017075,1,1219.990255
-2.217204,3,1220.038257
-1.089252,2,1220.070155
-2.200247,3,1220.115156
-0.01075,1,1220.135156
-1.057451,2,1220.175157
-2.200309,3,1220.225157
-0.026369,1,1220.239156
-3.313439,4,1220.300157
-2.235666,3,1220.355155
-2.221826,3,1220.408156
-1.122113,2,1220.444156
-1.072341,2,1220.478156
-2.214974,3,1220.532155
-2.192741,3,1220.573156
-3.359632,4,1220.632156
-2.229795,3,1220.679156
-2.227738,3,1220.732156
-2.252414,3,1220.779157
-2.194785,3,1220.822155
-1.110669,2,1220.853155
-2.251629,3,1220.902156
-1.102511,2,1220.931156
-2.274079,3,1220.978156
-1.065459,2,1221.009156
-1.096056,2,1221.044156
-2.182644,3,1221.091155
-2.245904,3,1221.137156
-0.018831,1,1221.152156
-3.445188,4,1221.221667
-2.232042,3,1221.279667
-3.319974,4,1221.361667
-2.167896,3,1221.415666
-1.149335,2,1221.452665
-0.047254,1,1221.467666
-3.353951,4,1221.528666
-1.101491,2,1221.560667
-3.314126,4,1221.638668
-3.346966,4,1221.701667
-1.111883,2,1221.739666
-2.255482,3,1221.783667
-1.09153,2,1221.815666
-0.025768,1,1221.831666
-2.264954,3,1221.876665
-3.339305,4,1221.937667
-1.130834,2,1221.976667
-3.353064,4,1222.036666
-3.377579,4,1222.095666
-3.318185,4,1222.157666
-2.238776,3,1222.208666
-2.205258,3,1222.258667
-2.157396,3,1222.305667
-2.215275,3,1222.349667
-2.205614,3,1222.401178
-2.161507,3,1222.446178
-2.213156,3,1222.489179
-0.016654,1,1222.504179
-0.00777,1,1222.523177
-3.30984,4,1222.58127
-2.172234,3,1222.631268
-2.286559,3,1222.677267
-3.343887,4,1222.752268
-2.234405,3,1222.798269
-1.080736,2,1222.830267
-0.031694,1,1222.846268
-2.226001,3,1222.898272
-2.249074,3,1222.947267
-2.223495,3,1222.989267
-3.35007,4,1223.047267
-0.048015,1,1223.068269
-2.200862,3,1223.114268
-3.348146,4,1223.175269
-1.081609,2,1223.203267
-2.158289,3,1223.250268
-2.169827,3,1223.298558
-2.189655,3,1223.343696
-1.126499,2,1223.374696
-2.25814,3,1223.423697
-2.156882,3,1223.467695
-0.04756,1,1223.481696
-3.284864,4,1223.538699
-1.136199,2,1223.576206
-2.217811,3,1223.624207
-3.264073,4,1223.684207
-2.211606,3,1223.73748
-2.221173,3,1223.785478
-0.028121,1,1223.802479
-1.124012,2,1223.834478
-0.031969,1,1223.850479
-0.04901,1,1223.871479
-2.197899,3,1223.922478
-2.172746,3,1223.971479
-2.186594,3,1224.018478
-2.232404,3,1224.069479
-1.065475,2,1224.098478
-2.209654,3,1224.144479
-2.208181,3,1224.191478
-1.097511,2,1224.226478
-1.119701,2,1224.258479
-3.366235,4,1224.320478
-2.181577,3,1224.364478
-1.099818,2,1224.399479
-2.179301,3,1224.443478
-2.174873,3,1224.490478
-2.199763,3,1224.532478
-3.335904,4,1224.598478
-2.189942,3,1224.644478
-3.323572,4,1224.712987
-3.282798,4,1224.773986
-3.303795,4,1224.842986
-2.236792,3,1224.884985
-1.124762,2,1224.914986
-2.262266,3,1224.958985
-1.079888,2,1224.991985
-2.271865,3,1225.040132
-2.261947,3,1225.085132
-2.241351,3,1225.132132
-2.162025,3,1225.186132
-1.130105,2,1225.216132
-0.008194,1,1225.231132
-2.19593,3,1225.280198
-1.098642,2,1225.315197
-1.111625,2,1225.346198
-3.285355,4,1225.406198
-1.133255,2,1225.438344
-1.075342,2,1225.474342
-0.037455,1,1225.489343
-0.048574,1,1225.504344
-2.152636,3,1225.547342
-1.084641,2,1225.585343
-1.082472,2,1225.612343
-2.195294,3,1225.656343
-3.287109,4,1225.714342
-3.345776,4,1225.776342
-1.135033,2,1225.806342
-2.271764,3,1225.850852
-1.08385,2,1225.879851
-3.334161,4,1225.944851
-1.109381,2,1225.974938
-2.233352,3,1226.020937
-0.033657,1,1226.035938
-1.087796,2,1226.072937
-2.263953,3,1226.116938
-0.044299,1,1226.134937
-0.013904,1,1226.149938
-0.048148,1,1226.170938
-0.048718,1,1226.184939
-3.27969,4,1226.246077
-1.072832,2,1226.278076
-2.273132,3,1226.327077
-3.45608,4,1226.386078
-3.329707,4,1226.445076
-0.014899,1,1226.461076
-2.177885,3,1226.508076
-1.130869,2,1226.538077
-1.122438,2,1226.569076
-2.222682,3,1226.614218
-0.00885,1,1226.631219
-3.389247,4,1226.69822
-3.307621,4,1226.757332
-3.309173,4,1226.819332
-2.288502,3,1226.866332
-1.063897,2,1226.898486
-1.135121,2,1226.927487
-1.105922,2,1226.955489
-3.386605,4,1227.020121
-2.272232,3,1227.063216
-1.078556,2,1227.091216
-3.320531,4,1227.153216
-2.268071,3,1227.201217
-3.312336,4,1227.262324
-2.207843,3,1227.307543
-1.118958,2,1227.337544
-2.164633,3,1227.388542
-1.109866,2,1227.421542
-2.227844,3,1227.470541
-3.282633,4,1227.531544
-3.376969,4,1227.599541
-1.127876,2,1227.626541
-1.080708,2,1227.657542
-2.204373,3,1227.703597
-2.175672,3,1227.752599
-2.168781,3,1227.797597
-1.075016,2,1227.829598
-3.335442,4,1227.887599
-2.208995,3,1227.939598
-2.181452,3,1227.985597
-1.128778,2,1228.016597
-1.103986,2,1228.044598
-3.425353,4,1228.110598
-3.441133,4,1228.17511
-3.386962,4,1228.240105
-2.261764,3,1228.285173
-1.084505,2,1228.322174
-3.394765,4,1228.378174
-0.049974,1,1228.392174
-2.234938,3,1228.441174
-1.11727,2,1228.475173
-1.10287,2,1228.503258
-2.241318,3,1228.551259
-2.164663,3,1228.595258
-2.226721,3,1228.645462
-0.027212,1,1228.661462
-0.009823,1,1228.675462
-2.234781,3,1228.716461
-1.086503,2,1228.752461
-0.024957,1,1228.769462
-3.311837,4,1228.827462
-3.31643,4,1228.892462
-1.092584,2,1228.926463
-3.4238,4,1228.991461
-3.275528,4,1229.049461
-3.303731,4,1229.108461
-1.071183,2,1229.142462
-2.268425,3,1229.190461
-2.262082,3,1229.234461
-3.368457,4,1229.29346
-2.26506,3,1229.33946
-3.31655,4,1229.402295
-2.161989,3,1229.446395
-3.380354,4,1229.506396
-3.277674,4,1229.570395
-1.126268,2,1229.598394
-3.342927,4,1229.660395
-2.284661,3,1229.702527
-1.104207,2,1229.740526
-2.213887,3,1229.783526
-2.207183,3,1229.827527
-3.31207,4,1229.888528
-2.181272,3,1229.940527
-3.342653,4,1230.003923
-3.335296,4,1230.067924
-2.203736,3,1230.113924
-2.211308,3,1230.166923
-2.159414,3,1230.211923
-3.286598,4,1230.269924
-1.092418,2,1230.298924
-2.23598,3,1230.346923
-2.228235,3,1230.390923
-2.180794,3,1230.438924
-2.246688,3,1230.488924
-2.23865,3,1230.542431
-2.228717,3,1230.58243
-2.184764,3,1230.627523
-1.088595,2,1230.658523
-2.268361,3,1230.708716
-2.250654,3,1230.754715
-0.012389,1,1230.768715
-2.25568,3,1230.811716
-3.309373,4,1230.879716
-1.103948,2,1230.906717
-1.072548,2,1230.935716
-2.187449,3,1230.981717
-0.046401,1,1231.002717
-3.347056,4,1231.089253
-3.373787,4,1231.170253
-0.040471,1,1231.189253
-1.103993,2,1231.229252
-0.037264,1,1231.245253
-2.183117,3,1231.295252
-2.232247,3,1231.340253
-3.349148,4,1231.416252
-1.082125,2,1231.447254
-0.018105,1,1231.463253
-1.129278,2,1231.498252
-1.11762,2,1231.534253
-2.253528,3,1231.577253
-1.126854,2,1231.609252
-2.247253,3,1231.653252
-1.138167,2,1231.686252
-2.163927,3,1231.735764
-3.323587,4,1231.797765
-1.113733,2,1231.828764
-2.178496,3,1231.880764
-1.133714,2,1231.910765
-0.044905,1,1231.928765
-2.241609,3,1231.972826
-1.117262,2,1232.005826
-2.245777,3,1232.054825
-0.015065,1,1232.068826
-3.291898,4,1232.133826
-2.212474,3,1232.184826
-2.233312,3,1232.228825
-3.301614,4,1232.289825
-2.214889,3,1232.332826
-2.256131,3,1232.382826
-0.018405,1,1232.398826
-3.319946,4,1232.45392
-3.357797,4,1232.51592
-2.206193,3,1232.56292
-1.113165,2,1232.59392
-2.267087,3,1232.640088
-2.207222,3,1232.682194
-3.287337,4,1232.747194
-2.215285,3,1232.789193
-2.265201,3,1232.834193
-2.267803,3,1232.880703
-2.203151,3,1232.927702
-2.28448,3,1232.975703
-2.181134,3,1233.018702
-0.036869,1,1233.033702
-0.013856,1,1233.057702
-3.394853,4,1233.117
-2.288633,3,1233.167001
-1.093734,2,1233.200999
-2.246251,3,1233.251
-2.222034,3,1233.297999
-0.034799,1,1233.315
-0.031825,1,1233.327
-2.249805,3,1233.378999
-2.285285,3,1233.423114
-1.091908,2,1233.453114
-2.175425,3,1233.499114
-2.235321,3,1233.551115
-0.043041,1,1233.567115
-3.355158,4,1233.630114
-1.096798,2,1233.659225
-0.032375,1,1233.680225
-2.215699,3,1233.732225
-3.289085,4,1233.790225
-3.385646,4,1233.851225
-2.229873,3,1233.897225
-2.21055,3,1233.944226
-0.026168,1,1233.959224
-2.271713,3,1234.00423
-2.213251,3,1234.053851
-2.164383,3,1234.09885
-3.313894,4,1234.157851
-3.404227,4,1234.219936
-0.033591,1,1234.240936
-2.235603,3,1234.284936
-1.104704,2,1234.317936
-1.081181,2,1234.348935
-3.357187,4,1234.412224
-3.372134,4,1234.476224
-2.248125,3,1234.521224
-2.175176,3,1234.563226
-1.11006,2,1234.598397
-3.371112,4,1234.658397
-0.027442,1,1234.673396
-1.136307,2,1234.704398
-3.278809,4,1234.765396
-2.291635,3,1234.815396
-2.24912,3,1234.861396
-3.378263,4,1234.920398
-2.16692,3,1234.970397
-2.262168,3,1235.016396
-3.277631,4,1235.074397
-3.295071,4,1235.133397
-0.011779,1,1235.154396
-3.322773,4,1235.221905
-2.21161,3,1235.269906
-3.34205,4,1235.330906
-2.273712,3,1235.381906
-1.097274,2,1235.409904
-1.084223,2,1235.439905
-0.023612,1,1235.456906
-2.157885,3,1235.502904
-3.350823,4,1235.56602
-2.271024,3,1235.61002
-2.237739,3,1235.65902
-3.313107,4,1235.722214
-2.265547,3,1235.768214
-2.262033,3,1235.815215
-1.127052,2,1235.845215
-3.317596,4,1235.914215
-3.31172,4,1235.975399
-1.121948,2,1236.0114
-2.240721,3,1236.057402
-0.020356,1,1236.076401
-2.196875,3,1236.121402
-1.135193,2,1236.1514
-0.026338,1,1236.1664
-2.225066,3,1236.220488
-2.204481,3,1236.261488
-2.253718,3,1236.307489
-2.234221,3,1236.353995
-0.035047,1,1236.375073
-2.166907,3,1236.422172
-2.179495,3,1236.469172
-3.400428,4,1236.527245
-0.029854,1,1236.549244
-2.268968,3,1236.593246
-2.197236,3,1236.638246
-3.315285,4,1236.701391
-0.026406,1,1236.72039
-1.086219,2,1236.75039
-3.435585,4,1236.81139
-2.177156,3,1236.856391
-2.221441,3,1236.90939
-2.257621,3,1236.953392
-3.31318,4,1237.013389
-1.076638,2,1237.041389
-3.361577,4,1237.111389
-3.323004,4,1237.168391
-2.166714,3,1237.217391
-2.222295,3,1237.272392
-3.396821,4,1237.360391
-1.112751,2,1237.396392
-1.106135,2,1237.431393
-0.036748,1,1237.44739
-2.193883,3,1237.495902
-2.27675,3,1237.546901
-3.439508,4,1237.609902
-2.219751,3,1237.660902
-1.110663,2,1237.697901
-2.202256,3,1237.746901
-3.337902,4,1237.808901
-2.23529,3,1237.853901
-1.087084,2,1237.888902
-2.241197,3,1237.931901
-1.099184,2,1237.961901
-0.013177,1,1237.979901
-1.108162,2,1238.012901
-3.361645,4,1238.070903
-1.126015,2,1238.102901
-0.033539,1,1238.117901
-2.194474,3,1238.166901
-2.176618,3,1238.214901
-0.021046,1,1238.229901
-2.159542,3,1238.274901
-2.259053,3,1238.324903
-3.320717,4,1238.385901
-0.019844,1,1238.400901
-2.264854,3,1238.446901
-1.08449,2,1238.478902
-1.107075,2,1238.509901
-2.265606,3,1238.557902
-1.074491,2,1238.588902
-2.214448,3,1238.642901
-3.32005,4,1238.706407
-3.294224,4,1238.767408
-1.111716,2,1238.796489
-1.120283,2,1238.83349
-3.370014,4,1238.895488
-2.254782,3,1238.939489
-2.223744,3,1238.985488
-2.197019,3,1239.032489
-2.215098,3,1239.080489
-2.234951,3,1239.125489
-0.049523,1,1239.14149
-2.264671,3,1239.195489
-1.125806,2,1239.228577
-3.343515,4,1239.292576
-3.322692,4,1239.350576
-2.265505,3,1239.403575
-2.208502,3,1239.447575
-0.002774,1,1239.462575
-0.02392,1,1239.478576
-0.026459,1,1239.498575
-2.237657,3,1239.546576
-0.042879,1,1239.561576
-2.154149,3,1239.606576
-3.340426,4,1239.672575
-2.271678,3,1239.716578
-0.041686,1,1239.732749
-3.358685,4,1239.791746
-3.293887,4,1239.861256
-2.205211,3,1239.903255
-3.342132,4,1239.964503
-2.26198,3,1240.010502
-3.416942,4,1240.078503
-1.096123,2,1240.109503
-0.046723,1,1240.123774
-2.181229,3,1240.171046
-1.142571,2,1240.208048
-1.080019,2,1240.238047
-2.204523,3,1240.285047
-0.02847,1,1240.300045
-3.31992,4,1240.374047
-3.295409,4,1240.456048
-2.200403,3,1240.510045
-2.18655,3,1240.556046
-3.35743,4,1240.623046
-2.185377,3,1240.675048
-3.342607,4,1240.752049
-2.25255,3,1240.797045
-2.166477,3,1240.847046
-2.182025,3,1240.893046
-3.323672,4,1240.953047
-2.244728,3,1240.9987
-0.030717,1,1241.018699
-1.116945,2,1241.050703
-1.076939,2,1241.080702
-2.268748,3,1241.12894
-1.084933,2,1241.163943
-2.250474,3,1241.20794
-1.138765,2,1241.237941
-0.008582,1,1241.251941
-2.20818,3,1241.303941
-2.196515,3,1241.346941
-1.074922,2,1241.377941
-2.209955,3,1241.421941
-1.065013,2,1241.459941
-2.202761,3,1241.50594
-2.267134,3,1241.548942
-3.329564,4,1241.610941
-2.206899,3,1241.663941
-2.263688,3,1241.70894
-1.14722,2,1241.739268
-2.205479,3,1241.782268
-2.167497,3,1241.831268
-2.278408,3,1241.875268
-2.172789,3,1241.922268
-2.248811,3,1241.965268
-2.283045,3,1242.014269
-2.166284,3,1242.062268
-2.284008,3,1242.107267
-1.114548,2,1242.139774
-1.092814,2,1242.176775
-3.366165,4,1242.235775
-2.231931,3,1242.283774
-1.115924,2,1242.313033
-2.288232,3,1242.363035
-2.156812,3,1242.409033
-2.283616,3,1242.453035
-3.355551,4,1242.517033
-0.028142,1,1242.539035
-2.299912,3,1242.588047
-2.152349,3,1242.632034
-2.192518,3,1242.681033
-2.230797,3,1242.731342
-1.077007,2,1242.760341
-1.064124,2,1242.791341
-2.17711,3,1242.834341
-3.407778,4,1242.897342
-0.025847,1,1242.915342
-1.123907,2,1242.942343
-2.279948,3,1242.989342
-2.236282,3,1243.038342
-2.217699,3,1243.083344
-0.043879,1,1243.097342
-2.268685,3,1243.144342
-2.21273,3,1243.192342
-1.126172,2,1243.223343
-3.303323,4,1243.285348
-2.260629,3,1243.330982
-1.1179,2,1243.366982
-2.224657,3,1243.414157
-3.329354,4,1243.477156
-1.099176,2,1243.505156
-1.101173,2,1243.540157
-3.364201,4,1243.59716
-3.296029,4,1243.655155
-1.093484,2,1243.687157
-3.328833,4,1243.750156
-2.192427,3,1243.796156
-2.2221,3,1243.837155
-0.03815,1,1243.854156
-2.225659,3,1243.904157
-1.108548,2,1243.935157
-2.180265,3,1243.983157
-2.228468,3,1244.030156
-1.123026,2,1244.063156
-1.076845,2,1244.096156
-1.145102,2,1244.127156
-2.184207,3,1244.171157
-1.101633,2,1244.205156
-1.113788,2,1244.239156
-2.253363,3,1244.286156
-2.160232,3,1244.333157
-1.145046,2,1244.382157
-2.22735,3,1244.42916
-0.04877,1,1244.446669
-3.356387,4,1244.505666
-2.219902,3,1244.559667
-2.225592,3,1244.603666
-0.032181,1,1244.619666
-3.317077,4,1244.680665
-2.251739,3,1244.729666
-2.202201,3,1244.783665
-2.255582,3,1244.830666
-3.302538,4,1244.894667
-2.162011,3,1244.942666
-0.040379,1,1244.957666
-0.047837,1,1244.972666
-2.260894,3,1245.021665
-2.237325,3,1245.073666
-2.174635,3,1245.119667
-0.041641,1,1245.134666
-2.279191,3,1245.180808
-0.026291,1,1245.202807
-0.017996,1,1245.217806
-3.372539,4,1245.279883
-2.201298,3,1245.325047
-3.329247,4,1245.390048
-2.194179,3,1245.435047
-0.038115,1,1245.451048
-2.210428,3,1245.495047
-2.165716,3,1245.545047
-1.125033,2,1245.577182
-0.034039,1,1245.591183
-2.180511,3,1245.638689
-2.225563,3,1245.68469
-2.175122,3,1245.729688
-1.10291,2,1245.759689
-0.043376,1,1245.774688
-2.253072,3,1245.820691
-0.025361,1,1245.834688
-2.173116,3,1245.878689
-1.111166,2,1245.907689
-1.099317,2,1245.941691
-3.32739,4,1246.00069
-1.129901,2,1246.03069
-3.324227,4,1246.089689
-2.261656,3,1246.137689
-0.016715,1,1246.15369
-1.080139,2,1246.183692
-2.2612,3,1246.228688
-2.21054,3,1246.283689
-3.370083,4,1246.344748
-2.24198,3,1246.390924
-1.13044,2,1246.422923
-3.438051,4,1246.48802
-1.084894,2,1246.52702
-0.042839,1,1246.541021
-2.245655,3,1246.585021
-0.040005,1,1246.60302
-1.109774,2,1246.636019
-2.176114,3,1246.679019
-2.1964,3,1246.728019
-2.23371,3,1246.775529
-1.117916,2,1246.804529
-2.218869,3,1246.851528
-2.158691,3,1246.894528
-2.257116,3,1246.944527
-1.113533,2,1246.975528
-0.037221,1,1246.991528
-3.27638,4,1247.050528
-3.311113,4,1247.114529
-0.019739,1,1247.129528
-2.169976,3,1247.175527
-2.197735,3,1247.221528
-3.278499,4,1247.28953
-2.216605,3,1247.332529
-3.407956,4,1247.392528
-1.103818,2,1247.421528
-0.013618,1,1247.440528
-1.139867,2,1247.468528
-1.121851,2,1247.499529
-1.110329,2,1247.527529
-0.049108,1,1247.547528
-2.230448,3,1247.59453
-1.138316,2,1247.62953
-3.391665,4,1247.691528
-0.031527,1,1247.713528
-2.206957,3,1247.760527
-0.040216,1,1247.775528
-1.11602,2,1247.80853
-2.256512,3,1247.860528
-1.135908,2,1247.888528
-2.220602,3,1247.936038
-2.20671,3,1247.984038
-0.034996,1,1248.006038
-0.041237,1,1248.020039
-2.233304,3,1248.068038
-2.263688,3,1248.111037
-3.287674,4,1248.175039
-3.334397,4,1248.235037
-1.098657,2,1248.267037
-1.127426,2,1248.298037
-1.129547,2,1248.331038
-2.229995,3,1248.376037
-2.263676,3,1248.417039
-2.161332,3,1248.460037
-2.258641,3,1248.509038
-1.127981,2,1248.540038
-1.07248,2,1248.571039
-2.21564,3,1248.616179
-3.320452,4,1248.67818
-0.037951,1,1248.69218
-2.249343,3,1248.741412
-1.097339,2,1248.768412
-3.307409,4,1248.834414
-2.274085,3,1248.878412
-0.049817,1,1248.893413
-0.017819,1,1248.909412
-2.26911,3,1248.959413
-2.171117,3,1249.002413
-0.045964,1,1249.017412
-2.225581,3,1249.062412
-2.244915,3,1249.11092
-2.247901,3,1249.156921
-3.2914,4,1249.21992
-3.308593,4,1249.285921
-1.13367,2,1249.325921
-1.105362,2,1249.36392
-0.029668,1,1249.380919
-2.261824,3,1249.42592
-2.294717,3,1249.48092
-1.113417,2,1249.511921
-2.261966,3,1249.55992
-2.291279,3,1249.61092
-2.265836,3,1249.661921
-2.173238,3,1249.71292
-2.218667,3,1249.761922
-2.177299,3,1249.808924
-2.202348,3,1249.859921
-2.191542,3,1249.90692
-3.374966,4,1249.96992
-1.097817,2,1250.00192
-1.117427,2,1250.040921
-2.193914,3,1250.085921
-1.139787,2,1250.11792
-2.262604,3,1250.16192
-1.12702,2,1250.197921
-1.144928,2,1250.231428
-3.321559,4,1250.29043
-2.266643,3,1250.336428
-2.208906,3,1250.384429
-2.158795,3,1250.429428
-0.036572,1,1250.446429
-0.019144,1,1250.459429
-2.227206,3,1250.505429
-2.2092,3,1250.551429
-2.194457,3,1250.596429
-2.258698,3,1250.64043
-2.184022,3,1250.693429
-2.159118,3,1250.738429
-1.104243,2,1250.769428
-2.246526,3,1250.813429
-0.040369,1,1250.833428
-1.093904,2,1250.864428
-2.228174,3,1250.914429
-2.206743,3,1250.96043
-0.035127,1,1250.980429
-3.339648,4,1251.04043
-2.246501,3,1251.08481
-3.365577,4,1251.14981
-3.356431,4,1251.216053
-1.092651,2,1251.247053
-3.314877,4,1251.309053
-2.293343,3,1251.361052
-1.116505,2,1251.39463
-3.287339,4,1251.45463
-2.224629,3,1251.499159
-0.027094,1,1251.51616
-3.335008,4,1251.580161
-2.166786,3,1251.62516
-1.127065,2,1251.656159
-2.172167,3,1251.70116
-2.260074,3,1251.752159
-2.215103,3,1251.80216
-2.199382,3,1251.84816
-2.180906,3,1251.898159
-2.193414,3,1251.94716
-2.151906,3,1251.99216
-2.23876,3,1252.03516
-3.310268,4,1252.09716
-0.038019,1,1252.11816
-3.357032,4,1252.180159
-2.265781,3,1252.229159
-3.270028,4,1252.29216
-2.185608,3,1252.34316
-2.237014,3,1252.385159
-1.102934,2,1252.41516
-1.128094,2,1252.44716
-1.102014,2,1252.480159
-0.012754,1,1252.49616
-0.042553,1,1252.513159
-3.32812,4,1252.575673
-0.031392,1,1252.594672
-0.007679,1,1252.611673
-2.245622,3,1252.661673
-1.137656,2,1252.693811
-3.297686,4,1252.76181
-2.190039,3,1252.803883
-3.295778,4,1252.862883
-3.297376,4,1252.920883
-2.199433,3,1252.976883
-2.185334,3,1253.020884
-1.123693,2,1253.051883
-2.213828,3,1253.097884
-1.097944,2,1253.133884
-1.142238,2,1253.161883
-2.185236,3,1253.207883
-3.358821,4,1253.265884
-2.187507,3,1253.322885
-2.209059,3,1253.367883
-1.117409,2,1253.397883
-2.18557,3,1253.445281
-0.045379,1,1253.46535
-2.220249,3,1253.508348
-0.023922,1,1253.525348
-2.247868,3,1253.567348
-2.259549,3,1253.619349
-2.233581,3,1253.684355
-2.19186,3,1253.744863
-1.107278,2,1253.780863
-3.26897,4,1253.85333
-2.25429,3,1253.898329
-1.142211,2,1253.929332
-2.196731,3,1253.97833
-2.236147,3,1254.03433
-2.174366,3,1254.08433
-2.223028,3,1254.130329
-2.211501,3,1254.183329
-2.233926,3,1254.22833
-3.324922,4,1254.28533
-2.179399,3,1254.330329
-3.34648,4,1254.389329
-3.351922,4,1254.45133
-3.287966,4,1254.517329
-1.090163,2,1254.54833
-2.286218,3,1254.590419
-3.318115,4,1254.660419
-2.233524,3,1254.703418
-1.069519,2,1254.730417
-2.254675,3,1254.774417
-2.197859,3,1254.824418
-3.322832,4,1254.891133
-1.110047,2,1254.922133
-1.148054,2,1254.953133
-3.369901,4,1255.018132
-2.204587,3,1255.063132
-2.171348,3,1255.105132
-3.285535,4,1255.166132
-1.142145,2,1255.203466
-3.324197,4,1255.263466
-2.276393,3,1255.313465
-1.085577,2,1255.342465
-0.048354,1,1255.361466
-0.033652,1,1255.375466
-3.323196,4,1255.434466
-2.257831,3,1255.477465
-1.116979,2,1255.512466
-1.105622,2,1255.539465
-3.296603,4,1255.599466
-1.12189,2,1255.630465
-3.375824,4,1255.699466
-0.035093,1,1255.723467
-1.114135,2,1255.764467
-2.27783,3,1255.820466
-1.115724,2,1255.866467
-2.220409,3,1255.913466
-3.343274,4,1255.977537
-3.288972,4,1256.048055
-0.03488,1,1256.072053
-1.110602,2,1256.107054
-2.275824,3,1256.156052
-1.114077,2,1256.186053
-2.270089,3,1256.235053
-0.03653,1,1256.250052
-2.233731,3,1256.295054
-3.379392,4,1256.361052
-2.229707,3,1256.417053
-0.022844,1,1256.433052
-1.117561,2,1256.463053
-1.112536,2,1256.496052
-3.346988,4,1256.560053
-2.289867,3,1256.608158
-2.242349,3,1256.651334
-2.25615,3,1256.696334
-2.235111,3,1256.762335
-3.320129,4,1256.837335
-1.103324,2,1256.872334
-1.079447,2,1256.907335
-0.043739,1,1256.928335
-1.125727,2,1256.958334
-3.309554,4,1257.015333
-3.373448,4,1257.081334
-3.314626,4,1257.152333
-1.093439,2,1257.183842
-3.352576,4,1257.264843
-3.316954,4,1257.339843
-3.345888,4,1257.422842
-0.046644,1,1257.438842
-1.125321,2,1257.468934
-3.393703,4,1257.534935
-2.169296,3,1257.596936
-2.188515,3,1257.642084
-3.326221,4,1257.706157
-2.242865,3,1257.751323
-3.304952,4,1257.819325
-1.126016,2,1257.850326
-1.105487,2,1257.880325
-2.182359,3,1257.927324
-2.223754,3,1257.977323
-2.253562,3,1258.023323
-2.269244,3,1258.070324
-0.042714,1,1258.086323
-2.192859,3,1258.142324
-1.097434,2,1258.173324
-2.228303,3,1258.221323
-1.115336,2,1258.253324
-1.116824,2,1258.287323
-1.102272,2,1258.318325
-2.17667,3,1258.363831
-3.333217,4,1258.423831
-2.246838,3,1258.474978
-2.22304,3,1258.519977
-2.214207,3,1258.566978
-2.172956,3,1258.613978
-1.144819,2,1258.649977
-1.138219,2,1258.680976
-2.192999,3,1258.728977
-3.336848,4,1258.790979
-0.029298,1,1258.815978
-3.301184,4,1258.873977
-2.230579,3,1258.918977
-3.453072,4,1258.980137
-1.140462,2,1259.020136
-1.115163,2,1259.050136
-2.283982,3,1259.09326
-0.043745,1,1259.106261
-1.117272,2,1259.14226
-3.329011,4,1259.197261
-3.290998,4,1259.262324
-0.04016,1,1259.278324
-0.031746,1,1259.301324
-1.068128,2,1259.336324
-1.089393,2,1259.369323
-3.364308,4,1259.427323
-2.235309,3,1259.475324
-3.342852,4,1259.535932
-2.233173,3,1259.580933
-1.092659,2,1259.609933
-2.211074,3,1259.658932
-0.022297,1,1259.674932
-1.120462,2,1259.703934
-2.209125,3,1259.745932
-2.272658,3,1259.802932
-2.206492,3,1259.847933
-2.257292,3,1259.889932
-2.173378,3,1259.937932
-3.29909,4,1260.003109
-2.260436,3,1260.049109
-2.267036,3,1260.092109
-2.290029,3,1260.139108
-0.042864,1,1260.159108
-1.107492,2,1260.194108
-3.377871,4,1260.255173
-2.264618,3,1260.313173
-2.249988,3,1260.383173
-2.294144,3,1260.442173
-3.301899,4,1260.513174
-0.037685,1,1260.530173
-2.237059,3,1260.583174
-2.229187,3,1260.634172
-2.234034,3,1260.68565
-2.182693,3,1260.73416
-3.319963,4,1260.800156
-2.236836,3,1260.844157
-2.161959,3,1260.890157
-2.171373,3,1260.934158
-2.235927,3,1260.984157
-2.273548,3,1261.029156
-2.216756,3,1261.073158
-0.008568,1,1261.088156
-2.153894,3,1261.139157
-2.228684,3,1261.187157
-2.232684,3,1261.235313
-3.374396,4,1261.294414
-2.190609,3,1261.349413
-1.08799,2,1261.380413
-0.015299,1,1261.394412
-2.237212,3,1261.439413
-0.019703,1,1261.462413
-1.128247,2,1261.492413
-3.387387,4,1261.554414
-2.166252,3,1261.597414
-2.282877,3,1261.645414
-2.248474,3,1261.692414
-2.249651,3,1261.73852
-2.251124,3,1261.785522
-2.261772,3,1261.83352
-2.208647,3,1261.881026
-2.16738,3,1261.929029
-2.195773,3,1261.974026
-2.217695,3,1262.023027
-3.362139,4,1262.081026
-2.169373,3,1262.128027
-2.251868,3,1262.172026
-1.105474,2,1262.210028
-3.312799,4,1262.269026
-2.238343,3,1262.316026
-3.337596,4,1262.379027
-3.311185,4,1262.447026
-0.031378,1,1262.465027
-2.228861,3,1262.508028
-2.188212,3,1262.552026
-1.088094,2,1262.587028
-0.036143,1,1262.603026
-2.271441,3,1262.649027
-1.127171,2,1262.679027
-1.083683,2,1262.717027
-2.210279,3,1262.762028
-2.224587,3,1262.804029
-2.284318,3,1262.851026
-0.036761,1,1262.872028
-0.015966,1,1262.886026
-2.190961,3,1262.931026
-3.284092,4,1262.994025
-0.015973,1,1263.012026
-2.22679,3,1263.057534
-3.320009,4,1263.120535
-3.34537,4,1263.177879
-2.209962,3,1263.229363
-2.254277,3,1263.274362
-2.269811,3,1263.324364
-2.287859,3,1263.369496
-3.314306,4,1263.432498
-1.114349,2,1263.463643
-3.311255,4,1263.527733
-2.158055,3,1263.571734
-2.219546,3,1263.622733
-2.176251,3,1263.665819
-3.344069,4,1263.724819
-3.328723,4,1263.78782
-2.165659,3,1263.838819
-0.036639,1,1263.852819
-1.105694,2,1263.881199
-0.031757,1,1263.897198
-1.126275,2,1263.9342
-2.18699,3,1263.979199
-1.071053,2,1264.010199
-2.192238,3,1264.054199
-3.380684,4,1264.128198
-1.070095,2,1264.156199
-2.178505,3,1264.202199
-2.228703,3,1264.246712
-2.220178,3,1264.303085
-1.115317,2,1264.340086
-0.048442,1,1264.360085
-2.183724,3,1264.424084
-3.284279,4,1264.502084
-1.079009,2,1264.537084
-2.245415,3,1264.581084
-2.177584,3,1264.637085
-2.2515,3,1264.690084
-2.1807,3,1264.736084
-3.316337,4,1264.796084
-3.349107,4,1264.859084
-2.19746,3,1264.905083
-2.247918,3,1264.949084
-3.273145,4,1265.009348
-0.017413,1,1265.023349
-2.257304,3,1265.075348
-2.212777,3,1265.11635
-0.02354,1,1265.131349
-2.199868,3,1265.181417
-3.329859,4,1265.247417
-3.387204,4,1265.31042
-2.248073,3,1265.36051
-2.204184,3,1265.407509
-2.278832,3,1265.458017
-3.324744,4,1265.521115
-3.324942,4,1265.579117
-2.20175,3,1265.622115
-1.110221,2,1265.656115
-3.336044,4,1265.718115
-2.279915,3,1265.764115
-2.266714,3,1265.810115
-1.103226,2,1265.846115
-3.340687,4,1265.907114
-3.284792,4,1265.966115
-1.119151,2,1265.997114
-2.177497,3,1266.048521
-1.086922,2,1266.07752
-1.107055,2,1266.10852
-0.041719,1,1266.124521
-3.314194,4,1266.189883
-0.04948,1,1266.205883
-1.085654,2,1266.235883
-3.360717,4,1266.294941
-2.237775,3,1266.348943
-1.076432,2,1266.385943
-0.030961,1,1266.398942
-3.376862,4,1266.459221
-0.009932,1,1266.479223
-2.239991,3,1266.525222
-0.022051,1,1266.541221
-1.090275,2,1266.570222
-3.325637,4,1266.636734
-2.284211,3,1266.683736
-1.106553,2,1266.716735
-2.215049,3,1266.762734
-2.25508,3,1266.813734
-2.175453,3,1266.858826
-2.23665,3,1266.900826
-3.336512,4,1266.959913
-2.256408,3,1267.008913
-1.136654,2,1267.041991
-3.298319,4,1267.10014
-2.232814,3,1267.15014
-3.360292,4,1267.21314
-1.07548,2,1267.245395
-1.116311,2,1267.275394
-2.244733,3,1267.320396
-2.235056,3,1267.373395
-2.248,3,1267.417395
-2.267867,3,1267.465394
-3.305952,4,1267.525394
-2.243519,3,1267.576394
-1.141747,2,1267.605395
-2.247775,3,1267.655395
-3.382823,4,1267.713395
-2.23212,3,1267.761903
-2.254002,3,1267.809902
-1.113844,2,1267.840903
-3.311415,4,1267.904904
-1.104252,2,1267.939904
-3.304673,4,1268.000904
-1.082243,2,1268.032903
-2.224829,3,1268.076903
-2.182726,3,1268.130015
-2.271686,3,1268.17417
-3.307446,4,1268.233171
-1.141123,2,1268.26317
-2.170939,3,1268.31017
-2.183333,3,1268.355171
-2.249461,3,1268.403171
-1.115119,2,1268.43417
-3.324834,4,1268.49917
-3.314233,4,1268.559169
-2.214551,3,1268.60131
-1.091393,2,1268.630311
-2.19686,3,1268.682311
-1.087183,2,1268.712311
-1.115775,2,1268.742311
-2.209043,3,1268.787313
-2.273772,3,1268.835311
-2.151961,3,1268.87631
-1.119642,2,1268.90731
-3.337286,4,1268.966821
-1.100196,2,1269.006821
-3.320307,4,1269.06582
-2.181548,3,1269.109822
-0.045063,1,1269.12482
-3.285448,4,1269.187945
-2.254751,3,1269.236947
-1.075467,2,1269.265945
-2.202285,3,1269.312075
-2.235353,3,1269.360075
-2.227133,3,1269.408075
-2.174176,3,1269.454074
-2.223832,3,1269.498326
-2.278476,3,1269.546322
-2.24489,3,1269.590323
-2.240168,3,1269.632322
-1.143435,2,1269.662323
-2.150326,3,1269.710323
-1.080308,2,1269.741322
-3.279438,4,1269.803323
-1.11956,2,1269.830323
-1.095994,2,1269.865322
-1.133269,2,1269.897322
-2.258771,3,1269.940322
-2.252847,3,1269.989323
-3.282399,4,1270.053323
-0.035585,1,1270.068324
-0.019377,1,1270.083322
-2.198773,3,1270.129326
-2.241805,3,1270.181925
-3.28962,4,1270.242925
-2.220172,3,1270.283924
-0.014969,1,1270.299924
-2.205977,3,1270.351925
-2.204211,3,1270.402925
-1.093864,2,1270.431924
-0.049453,1,1270.446925
-1.087899,2,1270.482924
-2.212713,3,1270.530925
-3.332021,4,1270.587225
-3.329029,4,1270.648226
-1.10398,2,1270.681304
-3.420714,4,1270.742307
-2.2135,3,1270.786305
-2.218895,3,1270.829304
-2.28851,3,1270.881405
-2.221828,3,1270.923406
-2.241286,3,1270.970404
-0.013396,1,1270.985404
-2.193178,3,1271.034731
-1.097591,2,1271.063731
-2.246355,3,1271.112731
-2.259021,3,1271.156732
-1.128416,2,1271.193731
-2.167501,3,1271.240732
-3.310875,4,1271.30324
-2.171643,3,1271.347373
-2.259288,3,1271.402374
-2.267689,3,1271.448522
-2.228623,3,1271.490521
-2.177409,3,1271.537522
-1.133624,2,1271.571522
-1.134333,2,1271.602523
-0.02464,1,1271.619523
-2.235869,3,1271.664522
-1.138993,2,1271.696523
-2.234338,3,1271.741523
-2.237386,3,1271.786523
-0.04064,1,1271.803522
-1.097886,2,1271.840522
-2.206807,3,1271.883526
-2.19054,3,1271.927523
-3.368076,4,1271.986522
-2.180937,3,1272.035522
-1.075654,2,1272.067523
-2.214765,3,1272.11385
-2.161717,3,1272.162849
-0.040957,1,1272.181849
-3.36592,4,1272.243849
-2.170618,3,1272.289849
-2.265876,3,1272.33185
-1.131738,2,1272.36685
-2.216013,3,1272.413849
-2.187226,3,1272.457357
-2.183773,3,1272.504357
-2.178558,3,1272.554357
-3.320512,4,1272.618356
-2.251072,3,1272.6626
-1.130286,2,1272.6936
-2.171869,3,1272.747599
-2.239348,3,1272.790599
-1.119675,2,1272.821601
-1.12694,2,1272.853599
-3.342852,4,1272.9176
-2.218344,3,1272.964599
-2.245081,3,1273.012601
-3.341151,4,1273.071599
-0.034289,1,1273.0916
-2.219977,3,1273.138599
-1.130948,2,1273.172821
-2.199258,3,1273.215821
-3.293303,4,1273.280821
-3.31713,4,1273.358556
-2.230782,3,1273.407556
-0.043887,1,1273.422556
-2.205346,3,1273.473556
-2.170131,3,1273.522743
-2.227764,3,1273.569743
-2.280477,3,1273.620253
-1.120949,2,1273.657251
-2.190138,3,1273.702251
-2.22409,3,1273.745251
-2.163922,3,1273.790251
-2.299668,3,1273.842327
-1.138722,2,1273.872382
-3.340671,4,1273.933383
-2.164084,3,1273.976382
-1.085534,2,1274.013382
-1.088321,2,1274.043382
-3.320593,4,1274.102382
-1.125799,2,1274.133383
-2.212389,3,1274.185382
-2.254185,3,1274.231382
-0.021029,1,1274.248382
-2.273056,3,1274.292382
-3.309336,4,1274.358382
-2.246264,3,1274.401382
-0.039779,1,1274.419383
-2.263447,3,1274.462519
-2.166819,3,1274.513645
-2.253558,3,1274.557644
-1.08773,2,1274.763786
-2.196485,3,1274.80929
-2.173249,3,1274.856293
-3.333856,4,1274.92129
-0.048173,1,1274.93629
-2.175223,3,1274.98129
-0.046409,1,1275.001292
-0.040337,1,1275.018292
-2.267526,3,1275.062378
-3.318551,4,1275.122378
-0.026874,1,1275.143384
-0.02649,1,1275.159377
-1.12058,2,1275.187377
-3.323629,4,1275.247521
-1.088626,2,1275.281714
-2.244775,3,1275.324715
-2.196202,3,1275.375714
-2.202362,3,1275.418153
-1.119704,2,1275.453153
-1.119774,2,1275.483153
-2.219726,3,1275.529154
-1.069215,2,1275.559154
-1.12273,2,1275.595152
-1.103039,2,1275.624154
-0.04498,1,1275.640153
-2.191005,3,1275.699154
-1.081933,2,1275.747154
-2.25343,3,1275.806154
-0.024367,1,1275.823154
-2.164569,3,1275.872152
-3.387183,4,1275.940665
-2.225829,3,1275.988753
-1.125396,2,1276.024043
-0.045821,1,1276.040042
-1.146377,2,1276.078053
-3.288074,4,1276.145042
-2.1751,3,1276.193042
-0.044148,1,1276.208042
-2.239913,3,1276.261042
-1.091849,2,1276.291042
-3.46695,4,1276.349042
-2.205937,3,1276.397043
-3.32817,4,1276.469042
-2.178565,3,1276.512043
-1.114774,2,1276.542042
-0.02279,1,1276.558041
-0.026642,1,1276.579042
-1.080673,2,1276.608041
-0.008184,1,1276.626043
-3.33179,4,1276.688042
-2.182819,3,1276.738042
-3.30958,4,1276.796041
-2.280079,3,1276.841042
-2.237853,3,1276.885041
-1.103882,2,1276.919042
-2.186703,3,1276.963043
-2.244609,3,1277.010425
-1.112182,2,1277.039425
-1.105914,2,1277.074427
-3.323768,4,1277.135069
-2.211419,3,1277.181069
-3.290717,4,1277.243195
-2.236062,3,1277.291194
-1.070715,2,1277.323194
-2.21951,3,1277.365194
-3.367013,4,1277.428194
-2.190623,3,1277.479196
-1.134899,2,1277.509194
-2.252314,3,1277.555194
-3.292964,4,1277.613195
-2.24356,3,1277.668194
-2.209546,3,1277.711195
-2.215844,3,1277.757195
-1.143165,2,1277.787195
-2.28171,3,1277.839195
-1.131839,2,1277.872194
-1.129458,2,1277.903194
-3.374821,4,1277.960195
-2.163009,3,1278.014194
-3.394352,4,1278.077195
-0.043151,1,1278.092196
-3.335952,4,1278.150195
-1.103268,2,1278.188194
-0.048967,1,1278.204194
-2.279906,3,1278.248704
-2.233393,3,1278.294703
-0.004858,1,1278.316782
-1.08573,2,1278.350784
-2.233494,3,1278.398784
-1.110261,2,1278.438783
-2.281336,3,1278.495783
-1.120123,2,1278.532849
-2.244792,3,1278.579847
-0.049398,1,1278.596084
-1.135524,2,1278.639083
-1.114199,2,1278.670083
-2.170782,3,1278.719084
-2.187506,3,1278.768268
-1.134246,2,1278.807267
-3.33415,4,1278.86827
-1.128349,2,1278.899266
-3.282114,4,1278.960268
-3.314939,4,1279.028267
-1.0988,2,1279.057267
-3.32365,4,1279.117348
-1.089957,2,1279.149348
-2.272613,3,1279.205349
-2.284851,3,1279.250349
-2.252111,3,1279.29435
-2.241902,3,1279.339348
-1.11331,2,1279.376348
-1.122179,2,1279.413982
-2.227826,3,1279.457981
-1.099001,2,1279.489981
-1.13943,2,1279.526982
-1.113085,2,1279.558981
-3.34181,4,1279.61906
-2.221633,3,1279.66506
-2.262515,3,1279.71706
-3.314606,4,1279.781151
-2.190503,3,1279.829148
-1.084449,2,1279.862149
-3.357747,4,1279.926147
-2.211915,3,1279.973147
-1.118266,2,1280.000148
-0.018334,1,1280.016149
-3.434654,4,1280.08215
-2.175144,3,1280.126148
-2.182832,3,1280.172148
-2.171395,3,1280.218223
-3.418773,4,1280.283222
-0.046542,1,1280.298222
-2.264306,3,1280.341223
-2.226143,3,1280.387223
-0.044987,1,1280.409223
-2.262072,3,1280.457222
-2.243259,3,1280.504221
-2.211492,3,1280.546227
-1.096715,2,1280.584805
-2.205167,3,1280.629805
-2.169381,3,1280.670922
-0.035444,1,1280.685924
-2.166885,3,1280.739923
-0.049143,1,1280.755923
-3.32023,4,1280.818922
-0.038279,1,1280.834922
-2.241713,3,1280.883923
-2.192536,3,1280.932922
-2.255602,3,1280.978922
-1.119684,2,1281.009081
-3.318988,4,1281.079081
-1.070843,2,1281.110206
-2.236768,3,1281.159353
-2.251043,3,1281.203352
-2.215247,3,1281.254352
-3.326707,4,1281.315351
-0.043748,1,1281.331352
-0.037755,1,1281.346352
-3.390625,4,1281.417351
-1.11486,2,1281.450352
-1.09481,2,1281.482352
-2.178513,3,1281.526352
-2.174853,3,1281.574352
-0.037582,1,1281.592351
-3.3145,4,1281.655352
-3.30331,4,1281.717354
-2.28017,3,1281.76986
-1.100358,2,1281.79986
-1.116,2,1281.83286
-0.024583,1,1281.847859
-2.230695,3,1281.89686
-3.32426,4,1281.95786
-2.175958,3,1282.00086
-2.2342,3,1282.045859
-0.039272,1,1282.065859
-1.099922,2,1282.09586
-1.104866,2,1282.12586
-2.240489,3,1282.16986
-2.264216,3,1282.21786
-3.362529,4,1282.282859
-0.049813,1,1282.29886
-2.177513,3,1282.34286
-0.025182,1,1282.363859
-1.090034,2,1282.39286
-2.285171,3,1282.43986
-2.170492,3,1282.484859
-2.197056,3,1282.53286
-2.1951,3,1282.577859
-2.257234,3,1282.62786
-2.298026,3,1282.672861
-0.043754,1,1282.69286
-2.171198,3,1282.736861
-3.312526,4,1282.80186
-0.034219,1,1282.817859
-0.024602,1,1282.836859
-2.18184,3,1282.884372
-2.232821,3,1282.929367
-1.10604,2,1282.960492
-2.234128,3,1283.013492
-1.15049,2,1283.046493
-1.118229,2,1283.077492
-0.046361,1,1283.094492
-2.19887,3,1283.146492
-1.144631,2,1283.176492
-1.113473,2,1283.207492
-2.170337,3,1283.251492
-3.388215,4,1283.314492
-3.32984,4,1283.372492
-1.068056,2,1283.403492
-2.190633,3,1283.448492
-0.019102,1,1283.470492
-2.176766,3,1283.514899
-2.197113,3,1283.557898
-1.074752,2,1283.587899
-3.333527,4,1283.651898
-0.039201,1,1283.664898
-2.223894,3,1283.710898
-2.18281,3,1283.753898
-3.28656,4,1283.817899
-3.3302,4,1283.878898
-1.120271,2,1283.910898
-1.08182,2,1283.939898
-1.085867,2,1283.9749
-0.035142,1,1283.989898
-1.124989,2,1284.0209
-3.366325,4,1284.080509
-2.195326,3,1284.130513
-2.221431,3,1284.173634
-2.278386,3,1284.220634
-1.096337,2,1284.252634
-3.421428,4,1284.315634
-0.015046,1,1284.329634
-1.082316,2,1284.360635
-0.018192,1,1284.375634
-2.226573,3,1284.425635
-2.225708,3,1284.46876
-1.123944,2,1284.496759
-0.038977,1,1284.511023
-1.14206,2,1284.546022
-2.205512,3,1284.593022
-2.262615,3,1284.638023
-2.245968,3,1284.684022
-1.134319,2,1284.716023
-2.273748,3,1284.757022
-3.317543,4,1284.813024
-2.237888,3,1284.852022
-1.105612,2,1284.888023
-1.083561,2,1284.912022
-3.328494,4,1284.966022
-2.26981,3,1285.010022
-1.116181,2,1285.040029
-0.042758,1,1285.054024
-2.22922,3,1285.093022
-0.030161,1,1285.109023
-2.216439,3,1285.154022
-2.283806,3,1285.200536
-3.337408,4,1285.255597
-3.335248,4,1285.313598
-0.026841,1,1285.333596
-1.101648,2,1285.363598
-1.125497,2,1285.403599
-1.07589,2,1285.442598
-3.332194,4,1285.522062
-2.261106,3,1285.574048
-2.225819,3,1285.620048
-2.243633,3,1285.662048
-3.332729,4,1285.723048
-3.358648,4,1285.785048
-1.114989,2,1285.813047
-0.039937,1,1285.828048
-1.112286,2,1285.862047
-0.0054,1,1285.878048
-1.097599,2,1285.906047
-2.235071,3,1285.945047
-1.135681,2,1285.977048
-2.208171,3,1286.02206
-2.250604,3,1286.064047
-2.168448,3,1286.109047
-0.010531,1,1286.126047
-2.17964,3,1286.167048
-3.300505,4,1286.224055
-3.31824,4,1286.278271
-2.252729,3,1286.324272
-1.071044,2,1286.349275
-3.3712,4,1286.407782
-3.333439,4,1286.461882
-2.216992,3,1286.505882
-2.185194,3,1286.550944
-2.226565,3,1286.588944
-1.084887,2,1286.615943
-2.184683,3,1286.660943
-2.24517,3,1286.698943
-1.063348,2,1286.721943
-2.208715,3,1286.762943
-2.22481,3,1286.804944
-2.233409,3,1286.841943
-2.198779,3,1286.881944
-2.22446,3,1286.916943
-0.031565,1,1286.933942
-2.216452,3,1286.973943
-3.304988,4,1287.017943
-0.045378,1,1287.031944
-1.082649,2,1287.059943
-1.124814,2,1287.085943
-3.341895,4,1287.132943
-1.100449,2,1287.156945
-1.121049,2,1287.188944
-2.17635,3,1287.225945
-3.361447,4,1287.273943
-2.243994,3,1287.313943
-1.108554,2,1287.342944
-2.244023,3,1287.377943
-1.142525,2,1287.404943
-2.208038,3,1287.446943
-2.258423,3,1287.492047
-1.075728,2,1287.524706
-1.105003,2,1287.55265
-1.130118,2,1287.57665
-2.196469,3,1287.623815
-2.196179,3,1287.664814
-0.040739,1,1287.678816
-2.221263,3,1287.718815
-0.013914,1,1287.738814
-1.115917,2,1287.767814
-2.17623,3,1287.808814
-1.080319,2,1287.834813
-3.346195,4,1287.895814
-2.191864,3,1287.938815
-0.026568,1,1287.954813
-3.341126,4,1288.009016
-2.262503,3,1288.057016
-1.099138,2,1288.086017
-2.198863,3,1288.125077
-2.206663,3,1288.165078
-1.111507,2,1288.200078
-2.252296,3,1288.24054
-0.031721,1,1288.25354
-2.269367,3,1288.29554
-3.336324,4,1288.352721
-3.287329,4,1288.410829
-2.260814,3,1288.453828
-1.103213,2,1288.48183
-2.262006,3,1288.529829
-2.241418,3,1288.569829
-2.224797,3,1288.61583
-3.309324,4,1288.667912
-1.107369,2,1288.70042
-3.309202,4,1288.75442
-2.260021,3,1288.793419
-1.122229,2,1288.82042
-2.18909,3,1288.868419
-2.263475,3,1288.90842
-2.205677,3,1288.95342
-2.163068,3,1288.99542
-1.102642,2,1289.027419
-3.327127,4,1289.08942
-1.09296,2,1289.116421
-2.250926,3,1289.162421
-2.172617,3,1289.20542
-2.2891,3,1289.247419
-2.165627,3,1289.287419
-2.240049,3,1289.328419
-3.292834,4,1289.394419
-3.339176,4,1289.45842
-3.348974,4,1289.522419
-0.009839,1,1289.537419
-1.114567,2,1289.571419
-2.171111,3,1289.62142
-2.163683,3,1289.66442
-2.214906,3,1289.71242
-1.126339,2,1289.748419
-3.357016,4,1289.80942
-1.141807,2,1289.841932
-1.114029,2,1289.872932
-1.136158,2,1289.908931
-0.026301,1,1289.925932
-3.32925,4,1289.988932
-2.164325,3,1290.034931
-2.251849,3,1290.088081
-2.20105,3,1290.135081
-2.19193,3,1290.180146
-2.244546,3,1290.227146
-2.217024,3,1290.277418
-1.102677,2,1290.309418
-0.032489,1,1290.326419
-0.045969,1,1290.341417
-2.209963,3,1290.396418
-2.264406,3,1290.442418
-1.116931,2,1290.479419
-2.258368,3,1290.522418
-0.014395,1,1290.542418
-3.347679,4,1290.601418
-0.042515,1,1290.616418
-3.356677,4,1290.672417
-0.019622,1,1290.692418
-1.097841,2,1290.723418
-2.196474,3,1290.765418
-2.228343,3,1290.809417
-2.203337,3,1290.861419
-2.275553,3,1290.904418
-2.23988,3,1290.952418
-2.199873,3,1290.994419
-2.190023,3,1291.045932
-3.358556,4,1291.106014
-0.027025,1,1291.121014
-2.278273,3,1291.168014
-2.204321,3,1291.218014
-2.238533,3,1291.263373
-1.141031,2,1291.292372
-2.1877,3,1291.340373
-3.32541,4,1291.402372
-2.276296,3,1291.447373
-3.317294,4,1291.511372
-2.228447,3,1291.554373
-3.327696,4,1291.618373
-3.338181,4,1291.679372
-3.39605,4,1291.737372
-3.305152,4,1291.803373
-1.121775,2,1291.840372
-0.041189,1,1291.855372
-2.210841,3,1291.901373
-3.299217,4,1291.960373
-1.099938,2,1291.994373
-2.231511,3,1292.041372
-1.077163,2,1292.071373
-0.023567,1,1292.089373
-2.218888,3,1292.143372
-2.258145,3,1292.187883
-3.290727,4,1292.250882
-2.248365,3,1292.294882
-3.360962,4,1292.358883
-2.195805,3,1292.403882
-3.270282,4,1292.461884
-1.150047,2,1292.494884
-2.18828,3,1292.543882
-2.173026,3,1292.591882
-1.123709,2,1292.621882
-2.24144,3,1292.664884
-1.112656,2,1292.698882
-1.098172,2,1292.729883
-1.129512,2,1292.758882
-2.162419,3,1292.807883
-0.041146,1,1292.827883
-1.084019,2,1292.861882
-2.220116,3,1292.906882
-2.221679,3,1292.954883
-3.350959,4,1293.024883
-0.013258,1,1293.04589
-1.134785,2,1293.085883
-2.222793,3,1293.145885
-2.247219,3,1293.206883
-1.138003,2,1293.238883
-2.163947,3,1293.284883
-2.235262,3,1293.335888
-0.044558,1,1293.358397
-1.113687,2,1293.388514
-2.187547,3,1293.444514
-1.132704,2,1293.478513
-1.080843,2,1293.515514
-2.226917,3,1293.563514
-2.259117,3,1293.608514
-2.207133,3,1293.660513
-2.234052,3,1293.706513
-2.154555,3,1293.753513
-1.066282,2,1293.782515
-3.304678,4,1293.840514
-2.252455,3,1293.890513
-2.194268,3,1293.931513
-2.290082,3,1293.981516
-3.276434,4,1294.040513
-1.10713,2,1294.075513
-1.105751,2,1294.106514
-1.125798,2,1294.137513
-2.246009,3,1294.181513
-2.209507,3,1294.232514
-3.298394,4,1294.291514
-3.30091,4,1294.352515
-2.189147,3,1294.399604
-2.20454,3,1294.449605
-0.013515,1,1294.465605
-3.347319,4,1294.532125
-3.299105,4,1294.592124
-2.173232,3,1294.645124
-2.219246,3,1294.689295
-1.124093,2,1294.720295
-1.109353,2,1294.751294
-2.198376,3,1294.800411
-1.076013,2,1294.831411
-3.27518,4,1294.890412
-2.254122,3,1294.935411
-2.236755,3,1294.987411
-1.091129,2,1295.017411
-2.177172,3,1295.060412
-2.20167,3,1295.107412
-3.388969,4,1295.174411
-0.020688,1,1295.190411
-3.303597,4,1295.248411
-3.320479,4,1295.311256
-2.231021,3,1295.364347
-1.082767,2,1295.393346
-2.202424,3,1295.439347
-1.121814,2,1295.470346
-3.388297,4,1295.536348
-2.249247,3,1295.579463
-1.130103,2,1295.609463
-0.048745,1,1295.626464
-2.274403,3,1295.67397
-2.176908,3,1295.716971
-2.255898,3,1295.76597
-3.304169,4,1295.82297
-0.019029,1,1295.84297
-0.030254,1,1295.85997
-2.24623,3,1295.90597
-3.323998,4,1295.967971
-1.096524,2,1296.001971
-1.100673,2,1296.029969
-2.216961,3,1296.078969
-3.332125,4,1296.140969
-3.323116,4,1296.207971
-0.017197,1,1296.22297
-2.26267,3,1296.26897
-1.115259,2,1296.30097
-2.235546,3,1296.34697
-3.371679,4,1296.407971
-1.132575,2,1296.43697
-3.335808,4,1296.49997
-2.184513,3,1296.549969
-3.331862,4,1296.614971
-2.204625,3,1296.65997
-2.286478,3,1296.706235
-2.239339,3,1296.758236
-1.117143,2,1296.788237
-2.192637,3,1296.836742
-3.305947,4,1296.899744
-1.098913,2,1296.937743
-0.02611,1,1296.952744
-3.326602,4,1297.011743
-3.317341,4,1297.072744
-2.187269,3,1297.123743
-1.070022,2,1297.153743
-2.174914,3,1297.203744
-0.038842,1,1297.220746
-3.31295,4,1297.289743
-2.186708,3,1297.333929
-3.376354,4,1297.395928
-1.072208,2,1297.425928
-2.262716,3,1297.47293
-0.03734,1,1297.48993
-1.132077,2,1297.523931
-3.292881,4,1297.583928
-3.393871,4,1297.647928
-0.026172,1,1297.662928
-1.136591,2,1297.691929
-1.144615,2,1297.722928
-1.114933,2,1297.756929
-2.202026,3,1297.803928
-3.347494,4,1297.865929
-1.073077,2,1297.891928
-1.127672,2,1297.929928
-0.040646,1,1297.943928
-1.080237,2,1297.974438
-2.265198,3,1298.020409
-3.345956,4,1298.08841
-2.240121,3,1298.132745
-2.238361,3,1298.178743
-2.235176,3,1298.222746
-2.23643,3,1298.280745
-2.192481,3,1298.324083
-1.12084,2,1298.355083
-0.040012,1,1298.373083
-2.258989,3,1298.419083
-2.246921,3,1298.464083
-1.090994,2,1298.496447
-1.124286,2,1298.528447
-2.239463,3,1298.583447
-1.120678,2,1298.613446
-3.271525,4,1298.672448
-1.08085,2,1298.701849
-3.388791,4,1298.76385
-2.251644,3,1298.81085
-2.214742,3,1298.857849
-1.130827,2,1298.886849
-1.087484,2,1298.923852
-0.018181,1,1298.940848
-3.290592,4,1299.002849
-3.316573,4,1299.063918
-1.132014,2,1299.096916
-3.31618,4,1299.162423
-2.221472,3,1299.208555
-0.011942,1,1299.226556
-2.16841,3,1299.275555
-1.140125,2,1299.304554
-1.137625,2,1299.335554
-2.191209,3,1299.384554
-3.344055,4,1299.44691
-2.226162,3,1299.49591
-3.359733,4,1299.560235
-2.242623,3,1299.608235
-2.236984,3,1299.657235
-1.115983,2,1299.690236
-0.013724,1,1299.707236
-1.13692,2,1299.738235
-1.106185,2,1299.774235
-1.128575,2,1299.805235
-1.104607,2,1299.836235
-1.139425,2,1299.867234
-3.280913,4,1299.934234
-2.22678,3,1299.978235
-3.351955,4,1300.044235
-1.133743,2,1300.075234
-0.017572,1,1300.097235
-3.394845,4,1300.158235
-2.256146,3,1300.204236
-0.025429,1,1300.220236
-3.326571,4,1300.288747
-0.014256,1,1300.304854
-2.242108,3,1300.351855
-1.115723,2,1300.38094
-1.116251,2,1300.416942
-2.203566,3,1300.46394
-1.107512,2,1300.496108
-1.108177,2,1300.52711
-2.209257,3,1300.578108
-0.04965,1,1300.594106
-3.288986,4,1300.655446
-1.116248,2,1300.685446
-1.138351,2,1300.721447
-1.084035,2,1300.749445
-0.022533,1,1300.765446
-2.183253,3,1300.811446
-1.076066,2,1300.844445
-0.026784,1,1300.860445
-2.183986,3,1300.907447
-2.174139,3,1300.951445
-3.348287,4,1301.014446
-1.083612,2,1301.043446
-0.045029,1,1301.058446
-2.225394,3,1301.106445
-1.143061,2,1301.141445
-1.076768,2,1301.171446
-1.096578,2,1301.202446
-2.248967,3,1301.248446
-2.192803,3,1301.301447
-3.323238,4,1301.366446
-2.187375,3,1301.410446
-2.267949,3,1301.456953
-3.334161,4,1301.522065
-3.344656,4,1301.584065
-2.216795,3,1301.636185
-2.24635,3,1301.681184
-1.128394,2,1301.715185
-2.254792,3,1301.762185
-1.078599,2,1301.791184
-1.102706,2,1301.821185
-0.04894,1,1301.838185
-1.127534,2,1301.869184
-1.131804,2,1301.900184
-2.208956,3,1301.943184
-3.401011,4,1302.009185
-3.465592,4,1302.069184
-1.120797,2,1302.102185
-1.114792,2,1302.132267
-2.217765,3,1302.180267
-1.112132,2,1302.211268
-0.04334,1,1302.227269
-3.295539,4,1302.284268
-2.231511,3,1302.335267
-1.097692,2,1302.364267
-2.253751,3,1302.412267
-2.190272,3,1302.460268
-2.249205,3,1302.510267
-2.19931,3,1302.558269
-1.075724,2,1302.588267
-3.420934,4,1302.650919
-1.143379,2,1302.686919
-1.131621,2,1302.715919
-3.323907,4,1302.778919
-2.179578,3,1302.821929
-2.240384,3,1302.873919
-3.300809,4,1302.929919
-2.169699,3,1302.97792
-2.191379,3,1303.02692
-2.185686,3,1303.08092
-3.391085,4,1303.142124
-2.244072,3,1303.185206
-1.107543,2,1303.215209
-2.223579,3,1303.263207
-2.225896,3,1303.314207
-0.027783,1,1303.328207
-3.344992,4,1303.391207
-2.224694,3,1303.443342
-3.307812,4,1303.502342
-1.079424,2,1303.537341
-0.033687,1,1303.551341
-2.240575,3,1303.600343
-2.271354,3,1303.647341
-2.23576,3,1303.690688
-2.204023,3,1303.735686
-2.249236,3,1303.785194
-2.303621,3,1303.829194
-2.245878,3,1303.879195
-1.092507,2,1303.909194
-3.282109,4,1303.974355
-2.171948,3,1304.019356
-2.186782,3,1304.069355
-1.107683,2,1304.098508
-3.420851,4,1304.163507
-0.030223,1,1304.180508
-2.163692,3,1304.226507
-3.310066,4,1304.295507
-0.04865,1,1304.315508
-2.229326,3,1304.372511
-2.173271,3,1304.419508
-1.116786,2,1304.448508
-0.025658,1,1304.467508
-2.190927,3,1304.517507
-3.320084,4,1304.577508
-2.234322,3,1304.623508
-1.093254,2,1304.659508
-2.277399,3,1304.706507
-2.272584,3,1304.754831
-0.034451,1,1304.770832
-2.217115,3,1304.822831
-0.043654,1,1304.853832
-3.382273,4,1304.931832
-2.185909,3,1304.987344
-3.327723,4,1305.057342
-2.248111,3,1305.104343
-3.322653,4,1305.171344
-1.130667,2,1305.205343
-2.242125,3,1305.260552
-2.165784,3,1305.308551
-0.045343,1,1305.323552
-2.225472,3,1305.370551
-1.131354,2,1305.405551
-1.11716,2,1305.435551
-3.274966,4,1305.49655
-1.077881,2,1305.527552
-1.110365,2,1305.56355
-1.116335,2,1305.592551
-3.281686,4,1305.656551
-2.202931,3,1305.698551
-1.13704,2,1305.734551
-3.331853,4,1305.791949
-3.368483,4,1305.855947
-3.32935,4,1305.914948
-2.175249,3,1305.967948
-2.232868,3,1306.010949
-2.236518,3,1306.057948
-1.142877,2,1306.087947
-2.243447,3,1306.136459
-2.246534,3,1306.183458
-2.200577,3,1306.225458
-1.106197,2,1306.256562
-0.041975,1,1306.279561
-0.045542,1,1306.29371
-1.095005,2,1306.323711
-0.012699,1,1306.339712
-2.248104,3,1306.391711
-2.276541,3,1306.433714
-2.172139,3,1306.479712
-2.230812,3,1306.522712
-2.199406,3,1306.577712
-2.189872,3,1306.626711
-0.048254,1,1306.64171
-0.021701,1,1306.65671
-1.122794,2,1306.69171
-1.087693,2,1306.72471
-1.130504,2,1306.753711
-3.381162,4,1306.812711
-0.033313,1,1306.83271
-0.032332,1,1306.847711
-0.042234,1,1306.862712
-2.234281,3,1306.924713
-2.227271,3,1306.989711
-3.329114,4,1307.060712
-2.17881,3,1307.108711
-0.026292,1,1307.124712
-1.070601,2,1307.16371
-2.221486,3,1307.212712
-1.090517,2,1307.252872
-2.211015,3,1307.301383
-3.286217,4,1307.369516
-3.277753,4,1307.43098
-2.198772,3,1307.477981
-1.074744,2,1307.508981
-2.197711,3,1307.56098
-2.243724,3,1307.60398
-3.43422,4,1307.662979
-3.422951,4,1307.722981
-2.264061,3,1307.77398
-2.188809,3,1307.817979
-1.099471,2,1307.845979
-2.247166,3,1307.889979
-2.26077,3,1307.93998
-0.035603,1,1307.954979
-2.263058,3,1307.99898
-1.141532,2,1308.031979
-3.311424,4,1308.09698
-1.095977,2,1308.12798
-2.250528,3,1308.170979
-3.425469,4,1308.236979
-3.320802,4,1308.29698
-2.196298,3,1308.345979
-2.210064,3,1308.39098
-1.116796,2,1308.423984
-3.391002,4,1308.520494
-2.15656,3,1308.581492
-2.247561,3,1308.638492
-2.173352,3,1308.683492
-2.236863,3,1308.734493
-1.09189,2,1308.770048
-1.095529,2,1308.805048
-2.255532,3,1308.853048
-2.225771,3,1308.908047
-0.046729,1,1308.926051
-2.251378,3,1308.986049
-3.328165,4,1309.058047
-0.048706,1,1309.08105
-3.311438,4,1309.149403
-2.253865,3,1309.197404
-2.201804,3,1309.251402
-0.038076,1,1309.274401
-0.045629,1,1309.290403
-2.152721,3,1309.3374
-3.35624,4,1309.395402
-2.199591,3,1309.443401
-1.114553,2,1309.473402
-0.037628,1,1309.488401
-1.123185,2,1309.519402
-3.408222,4,1309.589563
-2.163985,3,1309.636074
-1.113476,2,1309.666073
-0.028737,1,1309.680072
-3.351474,4,1309.750072
-2.162612,3,1309.795073
-2.251493,3,1309.838072
-2.194056,3,1309.882072
-2.277135,3,1309.932073
-2.192107,3,1309.999073
-2.220486,3,1310.056073
-0.049211,1,1310.074074
-0.042128,1,1310.097074
-2.194984,3,1310.148072
-3.290954,4,1310.212072
-2.225638,3,1310.262072
-2.218032,3,1310.324072
-1.078751,2,1310.356071
-1.131697,2,1310.385072
-1.093397,2,1310.416073
-2.198659,3,1310.466072
-3.337212,4,1310.525074
-1.095599,2,1310.557072
-2.174547,3,1310.602188
-2.301875,3,1310.648188
-2.303968,3,1310.694187
-2.212022,3,1310.739188
-2.241254,3,1310.782695
-3.279251,4,1310.850878
-2.231214,3,1310.894878
-1.087802,2,1310.924878
-1.119524,2,1310.956003
-1.111345,2,1310.991194
-2.214765,3,1311.035193
-2.247106,3,1311.079529
-1.114679,2,1311.111527
-2.237677,3,1311.160528
-0.048327,1,1311.177528
-3.339747,4,1311.236528
-1.076056,2,1311.267528
-2.247008,3,1311.319528
-2.19637,3,1311.361528
-2.256814,3,1311.405527
-3.349947,4,1311.463529
-2.278989,3,1311.512528
-1.122107,2,1311.545529
-2.191989,3,1311.591528
-2.157638,3,1311.64053
-2.246397,3,1311.691529
-2.203643,3,1311.73453
-1.129555,2,1311.764674
-3.34887,4,1311.824675
-3.325388,4,1311.891675
-2.282977,3,1311.936736
-3.305097,4,1311.993807
-3.377306,4,1312.056312
-1.101387,2,1312.093313
-2.238834,3,1312.137312
-3.3736,4,1312.200312
-0.026207,1,1312.215312
-3.331082,4,1312.279313
-1.070943,2,1312.310313
-2.291304,3,1312.356313
-2.213193,3,1312.407311
-2.183,3,1312.458312
-2.287284,3,1312.504315
-0.012631,1,1312.522312
-3.383342,4,1312.578312
-2.275899,3,1312.628313
-1.127394,2,1312.660313
-1.098592,2,1312.687311
-1.091901,2,1312.718313
-0.021142,1,1312.741312
-3.274428,4,1312.798311
-2.217879,3,1312.845312
-1.095049,2,1312.875311
-3.314256,4,1312.940312
-1.130836,2,1312.971312
-3.388513,4,1313.033503
-3.356035,4,1313.094511
-3.386295,4,1313.160013
-2.195899,3,1313.208011
-1.09047,2,1313.238012
-2.25133,3,1313.286097
-3.364068,4,1313.352098
-2.225147,3,1313.400326
-2.195762,3,1313.446324
-1.11999,2,1313.478325
-2.178278,3,1313.530325
-1.096853,2,1313.561324
-2.218415,3,1313.608325
-1.132993,2,1313.639326
-2.258132,3,1313.687324
-0.030016,1,1313.704324
-3.328714,4,1313.763327
-3.290576,4,1313.828326
-2.252805,3,1313.878325
-3.301531,4,1313.942325
-0.010231,1,1313.957323
-0.039237,1,1313.970324
-0.020423,1,1313.991324
-2.196543,3,1314.036324
-1.087415,2,1314.067651
-2.212143,3,1314.110649
-2.217186,3,1314.16165
-0.037603,1,1314.176649
-1.07618,2,1314.20665
-1.100264,2,1314.23565
-2.17958,3,1314.286653
-2.257972,3,1314.331158
-1.117703,2,1314.358158
-1.119708,2,1314.388157
-3.382282,4,1314.450158
-1.130059,2,1314.481158
-2.177863,3,1314.527158
-2.231316,3,1314.572158
-2.275254,3,1314.621157
-2.25551,3,1314.663157
-1.090604,2,1314.693158
-1.128012,2,1314.725157
-1.128346,2,1314.761158
-3.402372,4,1314.820157
-2.232266,3,1314.863221
-3.377732,4,1314.92522
-2.163438,3,1314.973221
-1.129974,2,1315.004318
-1.133821,2,1315.036317
-3.307978,4,1315.094317
-0.044034,1,1315.118317
-2.240608,3,1315.166318
-3.450397,4,1315.224318
-3.310787,4,1315.283317
-0.03539,1,1315.302317
-2.214769,3,1315.34752
-2.166236,3,1315.392519
-2.244107,3,1315.434027
-2.176288,3,1315.486027
-2.216729,3,1315.532027
-0.025534,1,1315.546027
-1.145712,2,1315.577027
-3.290474,4,1315.641028
-1.13183,2,1315.672028
-1.080453,2,1315.703027
-2.239805,3,1315.744027
-2.231276,3,1315.792027
-2.264621,3,1315.837027
-3.406857,4,1315.895026
-2.165578,3,1315.940027
-2.265412,3,1315.991028
-2.182921,3,1316.036028
-0.046279,1,1316.050027
-2.180911,3,1316.095026
-2.244262,3,1316.149027
-0.048614,1,1316.162026
-2.230551,3,1316.207026
-1.124041,2,1316.238026
-1.097504,2,1316.273028
-3.423452,4,1316.33603
-2.236683,3,1316.383028
-1.110754,2,1316.413027
-2.207591,3,1316.466028
-2.258829,3,1316.513027
-3.394889,4,1316.577534
-2.266374,3,1316.621534
-1.131108,2,1316.656534
-3.38829,4,1316.716535
-1.112605,2,1316.745534
-2.163029,3,1316.794535
-2.272773,3,1316.843534
-3.303489,4,1316.907534
-3.389866,4,1316.965672
-0.014856,1,1316.981673
-2.195647,3,1317.032672
-1.127828,2,1317.061674
-1.079786,2,1317.090672
-3.280281,4,1317.148673
-3.279055,4,1317.211972
-0.027581,1,1317.228973
-1.119217,2,1317.257972
-1.130181,2,1317.287972
-2.202558,3,1317.334972
-0.016763,1,1317.350972
-2.260632,3,1317.398972
-1.134132,2,1317.425971
-2.163079,3,1317.477974
-2.172906,3,1317.523973
-1.106205,2,1317.554973
-1.118739,2,1317.585973
-1.082271,2,1317.618972
-2.191463,3,1317.662971
-2.24929,3,1317.712479
-1.081896,2,1317.74248
-1.12258,2,1317.777478
-0.035567,1,1317.794479
-2.189336,3,1317.838478
-0.035503,1,1317.854479
-0.045091,1,1317.875479
-3.351046,4,1317.935479
-3.319944,4,1317.995566
-0.008596,1,1318.01266
-3.371113,4,1318.076661
-2.204637,3,1318.12666
-2.175488,3,1318.170741
-2.243805,3,1318.216743
-2.259492,3,1318.266741
-2.193382,3,1318.30874
-2.186003,3,1318.35374
-2.257632,3,1318.398203
-0.047841,1,1318.417202
-3.297864,4,1318.476202
-3.332807,4,1318.541202
-3.303621,4,1318.602202
-3.329005,4,1318.667202
-2.172171,3,1318.710202
-0.014421,1,1318.725202
-2.159992,3,1318.772202
-3.297649,4,1318.837204
-2.244042,3,1318.884709
-2.259929,3,1318.927708
-3.315269,4,1318.988708
-1.071934,2,1319.026708
-0.045774,1,1319.041709
-0.049669,1,1319.054709
-2.181185,3,1319.102709
-1.124803,2,1319.138052
-3.414057,4,1319.195052
-3.285963,4,1319.254055
-2.18413,3,1319.298052
-2.230175,3,1319.350052
-2.206491,3,1319.395052
-2.177531,3,1319.444051
-2.158597,3,1319.488252
-0.023754,1,1319.511254
-2.179179,3,1319.560252
-2.246139,3,1319.602252
-1.100443,2,1319.632251
-1.086755,2,1319.670251
-2.230256,3,1319.715251
-1.076869,2,1319.748251
-2.201643,3,1319.794251
-0.030554,1,1319.815252
-2.245089,3,1319.860253
-0.035535,1,1319.876251
-2.253833,3,1319.920251
-2.203392,3,1319.975251
-2.287906,3,1320.021765
-0.031992,1,1320.035764
-2.232605,3,1320.083064
-3.331537,4,1320.146064
-3.290392,4,1320.250067
-3.286548,4,1320.329065
-1.083679,2,1320.365065
-2.223694,3,1320.422064
-2.246884,3,1320.469065
-1.132513,2,1320.501066
-2.218628,3,1320.558066
-2.16368,3,1320.617066
-2.173646,3,1320.667065
-2.209557,3,1320.711065
-1.13747,2,1320.744065
-2.25161,3,1320.795063
-2.195816,3,1320.839064
-3.400705,4,1320.903064
-2.264741,3,1320.949064
-0.034173,1,1320.972064
-2.177758,3,1321.017065
-2.168814,3,1321.062067
-3.299258,4,1321.124064
-2.18176,3,1321.176572
-2.235046,3,1321.223572
-0.004857,1,1321.237573
-1.122852,2,1321.267573
-3.302702,4,1321.335573
-1.144735,2,1321.364575
-2.164216,3,1321.413572
-0.021655,1,1321.428572
-1.073834,2,1321.463671
-1.094388,2,1321.495671
-1.141357,2,1321.526671
-1.078895,2,1321.559671
-1.099062,2,1321.596798
-1.091759,2,1321.628798
-2.292338,3,1321.672919
-1.117673,2,1321.701918
-2.189019,3,1321.755002
-1.067146,2,1321.784002
-3.34784,4,1321.844185
-3.444542,4,1321.902184
-2.221318,3,1321.953185
-2.219354,3,1321.999185
-2.23823,3,1322.044187
-3.333725,4,1322.105186
-0.010195,1,1322.126187
-2.250923,3,1322.171185
-1.134559,2,1322.200186
-1.088448,2,1322.228185
-0.01346,1,1322.247184
-2.215414,3,1322.291187
-3.32661,4,1322.352692
-3.304171,4,1322.415692
-3.32017,4,1322.478692
-2.269376,3,1322.525692
-2.239116,3,1322.571692
-2.251766,3,1322.618693
-2.245023,3,1322.666693
-1.137517,2,1322.698693
-2.179998,3,1322.743692
-2.231723,3,1322.787694
-0.041682,1,1322.808692
-0.038715,1,1322.823693
-1.105058,2,1322.856693
-1.073663,2,1322.885826
-3.291218,4,1322.950825
-3.333748,4,1323.012042
-3.394356,4,1323.075138
-3.312059,4,1323.134138
-2.247333,3,1323.186138
-1.104299,2,1323.215137
-1.10587,2,1323.247139
-1.136506,2,1323.275138
-1.1146,2,1323.312138
-1.085242,2,1323.343139
-2.246614,3,1323.389138
-2.201702,3,1323.441652
-2.188211,3,1323.492798
-2.237282,3,1323.540797
-1.132806,2,1323.570797
-0.043517,1,1323.585798
-2.198534,3,1323.633797
-2.190854,3,1323.678797
-2.232702,3,1323.725797
-0.026446,1,1323.741797
-3.41029,4,1323.814799
-2.19356,3,1323.859796
-3.302205,4,1323.915796
-1.139913,2,1323.948798
-3.313072,4,1324.007797
-2.205605,3,1324.055048
-2.220632,3,1324.101143
-0.045599,1,1324.117288
-3.333196,4,1324.181287
-2.190617,3,1324.222287
-3.392627,4,1324.284286
-2.272415,3,1324.328287
-2.257025,3,1324.379288
-2.198526,3,1324.424287
-2.20288,3,1324.471287
-0.044889,1,1324.486288
-2.261387,3,1324.533533
-2.202989,3,1324.579533
-0.031275,1,1324.596534
-3.306813,4,1324.657042
-0.049669,1,1324.678042
-1.088989,2,1324.709043
-2.247331,3,1324.755137
-3.357635,4,1324.820138
-2.248852,3,1324.869212
-2.258505,3,1324.917211
-1.110285,2,1324.94721
-2.174468,3,1324.992212
-2.222202,3,1325.048212
-2.230945,3,1325.09121
-2.249326,3,1325.142211
-1.076528,2,1325.17221
-2.253316,3,1325.224211
-2.193713,3,1325.26721
-3.3156,4,1325.325211
-2.213225,3,1325.373348
-2.26071,3,1325.421347
-3.335327,4,1325.483348
-2.195258,3,1325.527348
-3.2943,4,1325.589348
-1.113449,2,1325.624348
-2.227617,3,1325.670347
-1.084589,2,1325.701349
-1.120724,2,1325.731348
-2.194711,3,1325.780856
-3.286007,4,1325.842959
-1.124994,2,1325.872959
-2.167206,3,1325.921958
-2.204752,3,1325.971959
-2.204702,3,1326.020958
-2.238649,3,1326.064959
-2.231396,3,1326.111959
-1.082258,2,1326.152959
-2.18688,3,1326.194958
-2.220029,3,1326.239958
-2.22909,3,1326.281959
-1.106599,2,1326.317959
-2.235739,3,1326.371959
-1.0797,2,1326.405959
-2.1947,3,1326.451959
-2.272728,3,1326.501958
-1.080644,2,1326.531958
-3.383865,4,1326.596959
-2.153747,3,1326.64396
-2.166061,3,1326.696959
-2.247136,3,1326.741958
-3.351651,4,1326.802958
-2.294288,3,1326.848061
-1.104161,2,1326.883061
-1.115648,2,1326.915066
-1.09785,2,1326.945884
-1.08308,2,1326.976883
-1.08467,2,1327.014883
-0.03761,1,1327.030884
-2.234238,3,1327.075883
-2.268121,3,1327.120885
-2.225588,3,1327.172883
-2.225232,3,1327.216883
-2.19126,3,1327.261884
-3.3348,4,1327.321883
-2.196587,3,1327.368884
-2.25516,3,1327.412884
-2.167101,3,1327.458884
-1.097608,2,1327.487883
-1.068471,2,1327.526883
-3.319022,4,1327.592886
-1.095107,2,1327.621884
-1.088682,2,1327.652884
-2.22166,3,1327.706883
-1.103998,2,1327.737883
-3.334389,4,1327.800883
-2.202176,3,1327.847884
-1.081273,2,1327.881884
-2.231101,3,1327.929884
-2.198975,3,1327.973884
-2.228441,3,1328.021883
-2.21617,3,1328.070885
-2.231064,3,1328.115394
-1.092847,2,1328.145394
-3.410228,4,1328.202394
-2.192858,3,1328.252732
-0.047795,1,1328.267733
-2.210143,3,1328.309732
-1.109701,2,1328.341734
-2.190994,3,1328.393733
-3.407177,4,1328.454733
-2.238271,3,1328.498734
-2.173024,3,1328.545732
-1.131374,2,1328.578733
-0.035365,1,1328.594734
-2.231448,3,1328.635733
-0.025445,1,1328.650732
-2.16721,3,1328.701732
-0.039908,1,1328.713732
-1.130202,2,1328.742733
-3.312286,4,1328.799733
-2.214711,3,1328.847732
-2.215188,3,1328.894733
-0.031777,1,1328.909733
-2.205719,3,1328.953732
-3.371044,4,1329.017733
-0.042043,1,1329.031733
-2.292972,3,1329.075732
-1.114754,2,1329.104732
-2.2397,3,1329.153732
-2.183714,3,1329.197732
-2.204356,3,1329.241795
-2.236001,3,1329.284797
-3.304352,4,1329.352307
-2.287766,3,1329.399308
-2.258784,3,1329.447306
-2.240208,3,1329.491306
-1.100887,2,1329.527306
-0.041027,1,1329.544392
-1.111146,2,1329.574393
-2.190816,3,1329.618489
-3.28607,4,1329.680578
-2.251308,3,1329.725577
-2.165389,3,1329.772578
-0.047495,1,1329.788577
-2.253083,3,1329.837578
-2.166015,3,1329.883576
-3.305833,4,1329.942578
-3.273451,4,1330.004655
-2.178875,3,1330.053657
-0.018584,1,1330.069655
-1.084189,2,1330.100755
-1.108689,2,1330.130862
-2.211587,3,1330.180862
-0.024647,1,1330.197861
-2.239828,3,1330.241862
-1.069224,2,1330.267862
-3.360856,4,1330.334862
-2.174974,3,1330.383197
-1.111591,2,1330.418199
-1.131151,2,1330.44671
-2.233454,3,1330.496022
-0.020475,1,1330.512023
-2.255494,3,1330.558022
-3.322047,4,1330.623023
-1.13081,2,1330.659022
-2.228978,3,1330.701401
-1.109263,2,1330.732401
-1.065242,2,1330.762401
-1.098398,2,1330.796401
-1.083219,2,1330.828401
-1.098368,2,1330.861402
-1.126316,2,1330.887402
-3.390097,4,1330.9514
-2.229755,3,1330.997401
-1.126707,2,1331.025402
-2.185399,3,1331.069479
-2.258064,3,1331.120479
-1.095478,2,1331.148479
-2.217109,3,1331.19348
-3.34909,4,1331.253479
-1.145175,2,1331.28948
-0.046953,1,1331.30548
-0.026058,1,1331.32048
-1.107166,2,1331.351479
-2.200092,3,1331.40148
-0.026685,1,1331.41648
-2.213646,3,1331.46156
-2.280183,3,1331.503729
-3.359018,4,1331.572729
-2.266082,3,1331.619244
-2.175569,3,1331.665242
-0.020502,1,1331.679242
-1.069909,2,1331.714243
-3.310392,4,1331.776242
-1.096979,2,1331.805242
-1.063211,2,1331.836241
-2.242908,3,1331.889242
-0.022115,1,1331.903242
-1.100632,2,1331.933242
-1.099701,2,1331.964242
-1.072895,2,1331.996243
-1.093616,2,1332.025243
-2.222532,3,1332.071242
-0.014179,1,1332.086243
-2.22143,3,1332.139243
-2.248172,3,1332.183243
-2.236793,3,1332.226242
-0.025281,1,1332.241242
-1.096364,2,1332.275243
-2.233692,3,1332.321242
-2.237938,3,1332.367242
-2.25224,3,1332.413244
-0.036403,1,1332.432243
-2.216055,3,1332.475242
-1.081569,2,1332.506243
-2.182719,3,1332.550243
-1.143534,2,1332.585243
-1.141115,2,1332.624242
-2.272174,3,1332.668243
-2.217804,3,1332.713243
-0.045719,1,1332.731242
-2.257853,3,1332.775752
-2.231739,3,1332.819662
-0.048318,1,1332.837663
-3.383564,4,1332.902664
-2.243913,3,1332.951663
-2.217719,3,1332.996663
-3.34407,4,1333.057663
-2.264795,3,1333.106663
-2.184968,3,1333.151662
-2.198365,3,1333.196663
-2.20075,3,1333.241727
-2.158582,3,1333.290727
-2.23208,3,1333.334787
-3.296121,4,1333.398787
-3.323578,4,1333.454788
-3.290334,4,1333.528788
-1.114262,2,1333.558787
-2.184579,3,1333.615788
-2.183841,3,1333.676789
-3.338966,4,1333.758971
-3.398711,4,1333.833094
-2.234036,3,1333.877094
-1.09817,2,1333.9101
-1.072942,2,1333.947605
-2.187377,3,1333.998605
-2.246833,3,1334.053608
-1.119834,2,1334.085605
-2.237225,3,1334.134605
-1.102674,2,1334.163605
-2.224942,3,1334.209723
-2.183974,3,1334.252722
-3.296403,4,1334.317866
-2.221023,3,1334.360866
-2.267349,3,1334.409869
-3.346386,4,1334.472866
-1.144852,2,1334.506867
-1.074349,2,1334.534866
-2.291347,3,1334.581064
-1.123591,2,1334.613182
-2.2377,3,1334.66118
-2.26898,3,1334.704181
-2.183522,3,1334.750181
-3.330371,4,1334.81018
-2.256888,3,1334.859181
-3.29304,4,1334.919298
-1.073384,2,1334.947296
-2.21319,3,1334.990296
-1.084705,2,1335.028296
-3.366476,4,1335.089065
-2.230264,3,1335.136066
-0.023,1,1335.151272
-2.165969,3,1335.196272
-0.015605,1,1335.209564
-3.376319,4,1335.275563
-2.223819,3,1335.320562
-3.397129,4,1335.385564
-2.19602,3,1335.428563
-1.097108,2,1335.457564
-3.304564,4,1335.519562
-1.062187,2,1335.553562
-1.071135,2,1335.587563
-2.212304,3,1335.634563
-2.27536,3,1335.679562
-3.379786,4,1335.746562
-0.040694,1,1335.761563
-3.353713,4,1335.823562
-2.182346,3,1335.86757
-2.181164,3,1335.915563
-1.091867,2,1335.944563
-1.13333,2,1335.972562
-1.108765,2,1336.002562
-3.324312,4,1336.071562
-0.04433,1,1336.085562
-2.247638,3,1336.133562
-0.018738,1,1336.149563
-1.115764,2,1336.183563
-2.19606,3,1336.229562
-2.238272,3,1336.274071
-3.337807,4,1336.33107
-3.396132,4,1336.39607
-2.248013,3,1336.441308
-3.347696,4,1336.505307
-1.127029,2,1336.537308
-1.112294,2,1336.572308
-1.118685,2,1336.600308
-2.21424,3,1336.646308
-0.048657,1,1336.663308
-3.287664,4,1336.726308
-2.286108,3,1336.770308
-1.140301,2,1336.801308
-2.167847,3,1336.843308
-2.1994,3,1336.893308
-1.067069,2,1336.922308
-3.325784,4,1336.980308
-0.031662,1,1336.994309
-3.319109,4,1337.060366
-2.184988,3,1337.106366
-2.162478,3,1337.151366
-2.252973,3,1337.195367
-2.250721,3,1337.248453
-1.12171,2,1337.278454
-0.045691,1,1337.293453
-3.306111,4,1337.354453
-2.225942,3,1337.401454
-1.116372,2,1337.432962
-3.277958,4,1337.491962
-2.169379,3,1337.537065
-1.111125,2,1337.573065
-3.292153,4,1337.636066
-2.19885,3,1337.683066
-2.203418,3,1337.727065
-2.292761,3,1337.778066
-3.288612,4,1337.840065
-2.171766,3,1337.885065
-2.241704,3,1337.927065
-0.030818,1,1337.947065
-3.319521,4,1338.004065
-2.20611,3,1338.047066
-1.074261,2,1338.079066
-1.075536,2,1338.116066
-3.3755,4,1338.172066
-2.190056,3,1338.219066
-3.309699,4,1338.280065
-1.090389,2,1338.314065
-3.348468,4,1338.375066
-1.114497,2,1338.405065
-2.191239,3,1338.450066
-2.206647,3,1338.496065
-0.035331,1,1338.511066
-2.240436,3,1338.559065
-2.215976,3,1338.603067
-2.247493,3,1338.657576
-2.25854,3,1338.700576
-2.249177,3,1338.742575
-1.137739,2,1338.772575
-1.091531,2,1338.808576
-2.190064,3,1338.855576
-2.172898,3,1338.902575
-2.165425,3,1338.946575
-1.13798,2,1338.982576
-1.104696,2,1339.010575
-0.027022,1,1339.025576
-3.378076,4,1339.082576
-2.212774,3,1339.134577
-1.140348,2,1339.164576
-3.350138,4,1339.226575
-1.117816,2,1339.254575
-0.028417,1,1339.275576
-2.272157,3,1339.321577
-3.33273,4,1339.376575
-0.046957,1,1339.392575
-1.065467,2,1339.427575
-3.320483,4,1339.488576
-3.280719,4,1339.550576
-1.124653,2,1339.581576
-2.297913,3,1339.633575
-1.080442,2,1339.664575
-2.177944,3,1339.710576
-3.395555,4,1339.769578
-1.112608,2,1339.804083
-1.097515,2,1339.834083
-3.298678,4,1339.898091
-3.311472,4,1339.954083
-0.043551,1,1339.976083
-0.036158,1,1339.991083
-2.292711,3,1340.039083
-3.278502,4,1340.095083
-2.206818,3,1340.144083
-2.158372,3,1340.190083
-1.077032,2,1340.219084
-1.097667,2,1340.247083
-2.24201,3,1340.295084
-1.081389,2,1340.326084
-3.31203,4,1340.385082
-2.253652,3,1340.433082
-2.229323,3,1340.481083
-3.328587,4,1340.543082
-3.427206,4,1340.602083
-0.046526,1,1340.618082
-0.021445,1,1340.641082
-3.317779,4,1340.698082
-2.193089,3,1340.744083
-2.182484,3,1340.786083
-0.038637,1,1340.806084
-2.268254,3,1340.852083
-2.24579,3,1340.896083
-0.040619,1,1340.911085
-2.194321,3,1340.965591
-3.425709,4,1341.025591
-2.192071,3,1341.072592
-2.265409,3,1341.11569
-3.321484,4,1341.17969
-2.258577,3,1341.22969
-2.245575,3,1341.273763
-2.238355,3,1341.322129
-3.379468,4,1341.385129
-2.211671,3,1341.433128
-2.191202,3,1341.478129
-2.240506,3,1341.524129
-1.10888,2,1341.55813
-3.351446,4,1341.61713
-1.069773,2,1341.65113
-1.108102,2,1341.68113
-2.28135,3,1341.731128
-2.210334,3,1341.774128
-0.007574,1,1341.78813
-2.24817,3,1341.83213
-2.223648,3,1341.882129
-2.268614,3,1341.927129
-0.04603,1,1341.94413
-2.18149,3,1341.991129
-2.171312,3,1342.042131
-1.100386,2,1342.07413
-3.298754,4,1342.132151
-2.244213,3,1342.17915
-3.376739,4,1342.24315
-2.287636,3,1342.289151
-0.034193,1,1342.30315
-2.202085,3,1342.34615
-2.273489,3,1342.395151
-1.132195,2,1342.42415
-2.229564,3,1342.468151
-2.181091,3,1342.518152
-3.36371,4,1342.582151
-2.253587,3,1342.633151
-2.222136,3,1342.682152
-1.121906,2,1342.71615
-1.094517,2,1342.749151
-3.307196,4,1342.80615
-1.105935,2,1342.839153
-2.276685,3,1342.884151
-3.283611,4,1342.95015
-2.169649,3,1342.99315
-3.310918,4,1343.05015
-0.049149,1,1343.067152
-1.099741,2,1343.10215
-2.189302,3,1343.145151
-1.086248,2,1343.174151
-0.017357,1,1343.19015
-1.072126,2,1343.224151
-3.344439,4,1343.288662
-1.096347,2,1343.315663
-2.202569,3,1343.361747
-2.201896,3,1343.41288
-2.274446,3,1343.458881
-3.352514,4,1343.51788
-1.095313,2,1343.546881
-2.163521,3,1343.595939
-2.227022,3,1343.642414
-0.029388,1,1343.659413
-3.312589,4,1343.720414
-3.317106,4,1343.78649
-2.250799,3,1343.835491
-1.113855,2,1343.868492
-3.285342,4,1343.928657
-2.21013,3,1343.977656
-3.339311,4,1344.03677
-3.340577,4,1344.096768
-3.336172,4,1344.160769
-3.328848,4,1344.227993
-2.162176,3,1344.273994
-1.115446,2,1344.303111
-2.238214,3,1344.351112
-3.320491,4,1344.420038
-3.339244,4,1344.479036
-1.112745,2,1344.509037
-1.090137,2,1344.539037
-3.327388,4,1344.603036
-0.044756,1,1344.618037
-2.20943,3,1344.666037
-2.174066,3,1344.713124
-2.230562,3,1344.761125
-3.283716,4,1344.826224
-2.19383,3,1344.868325
-2.252375,3,1344.913324
-2.254395,3,1344.965324
-2.190782,3,1345.012323
-1.141722,2,1345.044325
-0.042465,1,1345.060324
-3.304153,4,1345.123323
-3.29278,4,1345.185324
-3.425416,4,1345.250325
-2.193417,3,1345.296325
-1.080379,2,1345.330325
-0.041248,1,1345.345325
-3.382113,4,1345.405324
-1.089394,2,1345.436324
-1.097238,2,1345.471326
-3.341264,4,1345.527324
-3.284795,4,1345.586834
-1.11841,2,1345.615833
-1.128428,2,1345.649834
-0.049175,1,1345.665833
-2.19842,3,1345.710955
-2.261494,3,1345.756954
-2.225428,3,1345.810955
-2.171396,3,1345.852956
-2.248119,3,1345.897031
-3.319283,4,1345.958032
-1.078419,2,1345.996033
-3.315339,4,1346.057113
-2.246969,3,1346.103113
-1.129211,2,1346.136112
-0.025119,1,1346.154113
-2.165672,3,1346.198113
-1.124249,2,1346.227113
-3.287317,4,1346.28424
-2.27678,3,1346.334241
-2.205811,3,1346.379239
-1.138231,2,1346.411239
-3.318804,4,1346.475239
-2.164705,3,1346.52624
-1.144032,2,1346.557239
-2.213574,3,1346.602292
-2.21796,3,1346.644292
-0.043715,1,1346.664293
-2.191736,3,1346.714796
-2.232107,3,1346.7578
-3.362034,4,1346.816798
-0.047919,1,1346.835799
-3.391514,4,1346.895799
-1.117429,2,1346.922799
-1.086524,2,1346.9508
-2.218003,3,1346.999798
-2.231461,3,1347.044799
-1.125457,2,1347.071798
-2.20145,3,1347.117799
-1.13849,2,1347.153799
-2.229962,3,1347.195799
-2.234282,3,1347.2428
-2.18079,3,1347.285799
-2.241693,3,1347.335799
-3.349334,4,1347.397798
-2.220488,3,1347.438799
-1.114884,2,1347.473799
-3.307986,4,1347.537799
-1.097688,2,1347.5728
-2.241462,3,1347.615799
-2.188633,3,1347.660799
-2.275052,3,1347.712798
-3.279771,4,1347.773968
-2.220642,3,1347.817969
-1.13274,2,1347.846077
-2.206976,3,1347.900082
-1.108248,2,1347.931587
-2.303656,3,1347.977587
-1.099759,2,1348.009587
-0.04475,1,1348.029587
-2.254642,3,1348.076588
-0.027084,1,1348.090587
-1.104398,2,1348.120588
-1.090636,2,1348.155587
-0.043823,1,1348.169588
-1.11746,2,1348.201587
-3.311931,4,1348.263587
-3.322518,4,1348.333588
-1.141726,2,1348.365587
-2.195759,3,1348.415587
-0.041362,1,1348.431587
-2.195792,3,1348.485587
-3.357775,4,1348.546587
-0.043356,1,1348.560587
-1.097228,2,1348.590588
-1.135046,2,1348.626588
-2.213938,3,1348.671588
-1.113147,2,1348.704587
-1.139472,2,1348.732588
-2.253311,3,1348.782591
-1.101332,2,1348.814588
-2.20154,3,1348.860881
-0.024177,1,1348.875881
-3.373683,4,1348.936881
-3.294176,4,1348.999882
-3.322965,4,1349.060881
-1.127926,2,1349.093881
-1.132396,2,1349.130392
-2.287036,3,1349.17575
-1.142051,2,1349.209749
-2.176483,3,1349.253749
-3.32953,4,1349.32075
-2.172619,3,1349.36575
-2.253574,3,1349.41075
-1.13303,2,1349.44075
-2.156595,3,1349.49075
-0.023347,1,1349.50875
-2.248804,3,1349.557749
-2.223251,3,1349.599749
-3.362863,4,1349.66475
-0.039639,1,1349.67875
-3.408557,4,1349.73975
-2.229889,3,1349.78675
-2.227244,3,1349.835749
-2.234688,3,1349.881749
-1.09452,2,1349.911749
-2.158423,3,1349.954751
-3.286865,4,1350.018749
-2.272325,3,1350.061974
-2.174335,3,1350.111972
-3.28486,4,1350.170974
-2.185211,3,1350.220973
-1.120944,2,1350.250972
-2.237182,3,1350.298481
-3.311028,4,1350.357481
-1.111434,2,1350.38948
-2.179724,3,1350.437479
-2.236328,3,1350.481575
-0.047333,1,1350.496576
-1.076615,2,1350.533576
-3.351222,4,1350.593575
-0.041006,1,1350.611576
-1.13951,2,1350.645576
-2.223607,3,1350.695576
-2.165227,3,1350.741576
-2.199338,3,1350.786576
-3.380778,4,1350.84574
-3.316664,4,1350.909068
-3.287062,4,1350.975381
-0.041852,1,1350.990383
-3.302635,4,1351.047381
-1.130895,2,1351.084382
-2.278697,3,1351.129382
-2.248297,3,1351.180382
-2.235651,3,1351.224381
-2.198699,3,1351.273381
-1.106565,2,1351.303381
-2.241256,3,1351.347383
-1.131135,2,1351.375381
-2.264647,3,1351.428384
-1.109808,2,1351.459891
-2.168691,3,1351.505891
-2.227606,3,1351.552891
-1.108741,2,1351.58789
-1.089382,2,1351.616891
-3.317904,4,1351.67489
-3.392914,4,1351.73689
-1.129586,2,1351.76989
-2.237862,3,1351.814891
-0.04739,1,1351.83089
-2.249607,3,1351.87589
-1.123698,2,1351.91189
-3.325183,4,1351.97189
-1.120849,2,1351.999891
-2.173557,3,1352.04689
-3.328067,4,1352.11589
-2.249639,3,1352.160891
-3.308728,4,1352.21989
-1.116338,2,1352.25089
-2.175492,3,1352.300891
-2.251812,3,1352.343891
-2.219779,3,1352.39389
-3.344687,4,1352.453891
-2.177199,3,1352.50789
-2.237068,3,1352.549891
-2.189263,3,1352.597891
-2.213782,3,1352.641892
-3.316867,4,1352.709397
-2.180725,3,1352.755398
-2.236949,3,1352.801646
-3.379345,4,1352.863102
-2.240553,3,1352.910254
-3.312664,4,1352.973254
-2.196371,3,1353.018253
-3.339652,4,1353.084254
-3.300509,4,1353.152254
-1.079152,2,1353.182253
-2.211235,3,1353.229253
-1.13646,2,1353.262254
-3.398158,4,1353.329254
-2.224556,3,1353.377254
-2.235858,3,1353.58836
-2.20689,3,1353.633476
-0.04443,1,1353.652477
-1.068457,2,1353.684477
-1.104423,2,1353.719476
-3.277879,4,1353.779475
-1.099484,2,1353.815989
-0.015866,1,1353.832986
-1.081214,2,1353.863982
-1.137508,2,1353.895983
-0.042545,1,1353.920983
-2.233875,3,1353.963984
-3.362367,4,1354.026984
-2.272773,3,1354.071173
-2.216671,3,1354.125172
-2.190063,3,1354.169172
-2.207035,3,1354.216172
-1.074414,2,1354.250172
-1.076624,2,1354.288171
-3.450409,4,1354.351173
-2.245667,3,1354.397172
-2.187529,3,1354.444172
-1.10486,2,1354.480172
-2.193511,3,1354.528173
-1.117459,2,1354.559172
-2.231515,3,1354.607172
-2.280133,3,1354.657173
-2.256024,3,1354.707172
-2.236811,3,1354.752173
-3.347228,4,1354.814172
-1.134588,2,1354.847172
-1.122158,2,1354.878172
-2.241289,3,1354.925539
-2.173228,3,1354.970543
-1.095117,2,1355.006048
-2.180716,3,1355.053049
-0.022308,1,1355.068048
-2.174446,3,1355.115049
-3.293496,4,1355.180049
-1.075582,2,1355.21105
-0.012879,1,1355.229048
-1.112518,2,1355.258049
-2.240737,3,1355.31405
-0.034889,1,1355.331048
-0.044934,1,1355.346049
-0.04852,1,1355.360049
-0.019569,1,1355.379049
-2.22432,3,1355.421049
-2.249475,3,1355.467048
-2.217439,3,1355.511049
-1.069984,2,1355.54605
-1.070304,2,1355.575049
-3.334885,4,1355.632265
-0.03482,1,1355.645265
-0.038093,1,1355.665265
-2.227333,3,1355.711265
-1.07399,2,1355.739266
-2.207345,3,1355.784265
-1.075166,2,1355.819264
-3.410912,4,1355.879265
-1.066509,2,1355.910264
-2.295449,3,1355.952266
-1.13799,2,1355.990266
-2.245606,3,1356.035265
-3.401215,4,1356.095622
-2.164601,3,1356.14013
-3.355579,4,1356.206131
-2.214805,3,1356.253131
-2.213499,3,1356.301129
-1.140048,2,1356.332294
-1.121692,2,1356.368293
-0.020716,1,1356.384294
-3.339635,4,1356.446293
-0.03842,1,1356.461293
-2.223334,3,1356.509293
-3.346144,4,1356.568292
-3.351958,4,1356.629293
-2.205545,3,1356.676292
-3.308954,4,1356.742293
-0.048127,1,1356.758294
-2.261561,3,1356.801292
-1.091873,2,1356.830293
-3.302351,4,1356.897293
-3.30634,4,1356.956293
-0.019038,1,1356.972293
-3.320029,4,1357.030293
-2.226511,3,1357.086293
-2.174917,3,1357.131293
-3.304566,4,1357.193614
-2.278031,3,1357.238613
-2.276156,3,1357.286615
-1.115806,2,1357.320119
-1.1321,2,1357.350202
-1.101864,2,1357.380202
-2.250983,3,1357.429203
-2.228529,3,1357.473381
-2.183143,3,1357.516382
-2.171176,3,1357.562381
-2.265084,3,1357.611382
-2.208539,3,1357.657382
-3.300699,4,1357.715383
-2.188299,3,1357.761381
-3.378308,4,1357.824382
-2.255506,3,1357.869381
-1.081101,2,1357.901381
-0.046133,1,1357.916381
-2.27746,3,1357.968381
-0.037397,1,1357.983382
-1.144797,2,1358.013381
-2.237479,3,1358.058383
-1.099477,2,1358.096382
-3.288794,4,1358.155381
-2.18945,3,1358.201381
-0.021359,1,1358.216381
-1.124826,2,1358.250382
-3.346113,4,1358.310382
-0.014838,1,1358.326384
-2.22704,3,1358.375382
-2.221372,3,1358.428382
-0.041216,1,1358.442384
-1.074398,2,1358.470428
-2.273295,3,1358.518428
-1.080143,2,1358.550429
-2.167728,3,1358.592429
-1.097233,2,1358.623428
-2.225097,3,1358.667429
-3.386677,4,1358.735429
-2.166231,3,1358.779429
-0.01403,1,1358.794428
-3.323994,4,1358.872429
-1.110067,2,1358.91943
-0.046396,1,1358.937429
-1.126599,2,1358.978429
-3.411245,4,1359.040429
-2.231321,3,1359.092428
-1.115548,2,1359.120429
-1.132788,2,1359.150428
-2.237473,3,1359.198428
-2.249776,3,1359.254441
-0.038141,1,1359.272429
-3.401705,4,1359.334429
-2.235013,3,1359.382429
-0.018139,1,1359.404428
-2.212735,3,1359.449428
-0.025519,1,1359.465429
-3.291475,4,1359.528429
-2.175948,3,1359.580428
-1.113873,2,1359.610937
-1.126673,2,1359.641937
-1.072561,2,1359.671938
-2.247376,3,1359.724938
-1.081773,2,1359.754937
-2.213728,3,1359.798937
-0.044504,1,1359.814938
-2.18535,3,1359.867938
-2.227959,3,1359.913938
-3.290713,4,1359.972938
-3.315892,4,1360.030938
-2.261002,3,1360.084939
-0.046075,1,1360.097937
-2.268171,3,1360.141938
-2.196581,3,1360.188937
-0.049246,1,1360.207941
-3.337597,4,1360.270937
-2.201586,3,1360.312939
-1.130998,2,1360.341938
-2.259575,3,1360.391939
-1.095709,2,1360.423937
-1.069119,2,1360.452938
-2.203297,3,1360.497938
-2.167614,3,1360.543938
-2.269813,3,1360.590938
-1.113784,2,1360.617937
-1.115897,2,1360.647937
-1.134833,2,1360.683939
-2.209846,3,1360.730939
-3.387676,4,1360.788454
-3.288426,4,1360.848695
-2.283013,3,1360.898694
-3.388918,4,1360.958935
-3.353182,4,1361.017934
-1.131,2,1361.050934
-2.292545,3,1361.100936
-2.196084,3,1361.148934
-2.256179,3,1361.197934
-3.383114,4,1361.258936
-0.044381,1,1361.276934
-1.074534,2,1361.306935
-2.218012,3,1361.351934
-1.120712,2,1361.382935
-2.276189,3,1361.432934
-2.244349,3,1361.479934
-1.141811,2,1361.508935
-1.086543,2,1361.538934
-0.037778,1,1361.559935
-0.023769,1,1361.575934
-3.287729,4,1361.634934
-2.17583,3,1361.683936
-2.170416,3,1361.734934
-2.256422,3,1361.782936
-3.295949,4,1361.843934
-2.246407,3,1361.887934
-2.179126,3,1361.939934
-1.091361,2,1361.969938
-3.415165,4,1362.034442
-1.137401,2,1362.067526
-2.253103,3,1362.117527
-1.099868,2,1362.150527
-2.263493,3,1362.196527
-3.403818,4,1362.262526
-0.031981,1,1362.281526
-3.303507,4,1362.34088
-1.141586,2,1362.37488
-1.090898,2,1362.40488
-2.245644,3,1362.455881
-2.267089,3,1362.50518
-0.046632,1,1362.52018
-1.08603,2,1362.549181
-2.246277,3,1362.600181
-2.210794,3,1362.64318
-1.095107,2,1362.67218
-0.029224,1,1362.691181
-2.212011,3,1362.738179
-1.126674,2,1362.77118
-2.260622,3,1362.820181
-2.224266,3,1362.864181
-3.286614,4,1362.92918
-1.134232,2,1362.95818
-2.155605,3,1363.00718
-3.330663,4,1363.06718
-0.038861,1,1363.086182
-2.227439,3,1363.134689
-1.097837,2,1363.164691
-2.190172,3,1363.207689
-0.039872,1,1363.229688
-2.198047,3,1363.274688
-2.196708,3,1363.319688
-2.250544,3,1363.370688
-3.356815,4,1363.435041
-3.353604,4,1363.492187
-0.046344,1,1363.506186
-2.173769,3,1363.548187
-2.201836,3,1363.600186
-3.332494,4,1363.659185
-0.030124,1,1363.676187
-3.307033,4,1363.738185
-2.218105,3,1363.789187
-2.25905,3,1363.834187
-2.168989,3,1363.877185
-0.049267,1,1363.896191
-0.040966,1,1363.914187
-2.184705,3,1363.957185
-1.133159,2,1363.987185
-2.200685,3,1364.035186
-1.107067,2,1364.071186
-3.318767,4,1364.135187
-3.313799,4,1364.197187
-3.314057,4,1364.264186
-2.270114,3,1364.315699
-3.293497,4,1364.398827
-2.203511,3,1364.457828
-2.206145,3,1364.528293
-2.249354,3,1364.592293
-2.280696,3,1364.647292
-1.089332,2,1364.683292
-2.223755,3,1364.729292
-3.394586,4,1364.799292
-2.194522,3,1364.849292
-1.124614,2,1364.887291
-3.318879,4,1364.956291
-3.287943,4,1365.019292
-2.20577,3,1365.066405
-2.155906,3,1365.115405
-1.119621,2,1365.145404
-0.020902,1,1365.165405
-2.194659,3,1365.212403
-2.229253,3,1365.255404
-2.268196,3,1365.299403
-0.038448,1,1365.320516
-2.236474,3,1365.365518
-2.166097,3,1365.410517
-2.239406,3,1365.459519
-0.014603,1,1365.478521
-2.218611,3,1365.523028
-0.029023,1,1365.540027
-3.297027,4,1365.602134
-2.240921,3,1365.650134
-2.232801,3,1365.694134
-3.3135,4,1365.755132
-3.30722,4,1365.814133
-2.227832,3,1365.865133
-2.224101,3,1365.911133
-1.102534,2,1365.943135
-1.127514,2,1365.979133
-1.137592,2,1366.023134
-2.175249,3,1366.086134
-2.21833,3,1366.144277
-1.10651,2,1366.179277
-1.135453,2,1366.222277
-0.030417,1,1366.239277
-0.048123,1,1366.255277
-2.220621,3,1366.307277
-2.199923,3,1366.363276
-3.293832,4,1366.428277
-2.190758,3,1366.472276
-1.075664,2,1366.511277
-2.255831,3,1366.581277
-2.224226,3,1366.644282
-1.115904,2,1366.681093
-3.328075,4,1366.745091
-2.226508,3,1366.797092
-2.224811,3,1366.849092
-0.029042,1,1366.866092
-2.187383,3,1366.909262
-3.339313,4,1366.975263
-2.283126,3,1367.021262
-1.067689,2,1367.049262
-2.268955,3,1367.094261
-0.048878,1,1367.113262
-3.269784,4,1367.173262
-2.198223,3,1367.223262
-2.193535,3,1367.267262
-0.037938,1,1367.287262
-2.172201,3,1367.330262
-3.292395,4,1367.389262
-0.043681,1,1367.407262
-2.208656,3,1367.456264
-0.049547,1,1367.471262
-1.122746,2,1367.499263
-0.043098,1,1367.516263
-0.022799,1,1367.535263
-2.160343,3,1367.579262
-1.119689,2,1367.610263
-1.090542,2,1367.641263
-2.175442,3,1367.692263
-1.136819,2,1367.723263
-1.069277,2,1367.753263
-2.178382,3,1367.797263
-3.349515,4,1367.863769
-2.200955,3,1367.90677
-1.123518,2,1367.937845
-3.305458,4,1367.992844
-1.112295,2,1368.023844
-2.187743,3,1368.064844
-0.034298,1,1368.077844
-2.170258,3,1368.118844
-2.222248,3,1368.169844
-2.21246,3,1368.204844
-1.115914,2,1368.232844
-2.197073,3,1368.277843
-2.195885,3,1368.318844
-3.327912,4,1368.371844
-2.260856,3,1368.412844
-2.258025,3,1368.454844
-2.248967,3,1368.500845
-2.240056,3,1368.541845
-2.199775,3,1368.580844
-1.094986,2,1368.609965
-2.191892,3,1368.654047
-2.248547,3,1368.695145
-2.204663,3,1368.740504
-3.333498,4,1368.795535
-2.161467,3,1368.840535
-3.316348,4,1368.897536
-3.322467,4,1368.953535
-0.042455,1,1368.966536
-2.25518,3,1369.011046
-3.400017,4,1369.067045
-2.243784,3,1369.108045
-2.165168,3,1369.148112
-2.21369,3,1369.192111
-3.326582,4,1369.245111
-1.112479,2,1369.272113
-2.203967,3,1369.312112
-3.29939,4,1369.370112
-1.108251,2,1369.398111
-3.356228,4,1369.449111
-0.019439,1,1369.463111
-2.218592,3,1369.510111
-3.321647,4,1369.563111
-1.113369,2,1369.590111
-2.160176,3,1369.633111
-2.279893,3,1369.676111
-1.062076,2,1369.710112
-2.196774,3,1369.750111
-2.18064,3,1369.790111
-1.131782,2,1369.829112
-0.03607,1,1369.843111
-1.085082,2,1369.870203
-0.046947,1,1369.882204
-3.38988,4,1369.943203
-2.236249,3,1369.983212
-1.120982,2,1370.011203
-0.040137,1,1370.025203
-2.209916,3,1370.072204
-0.036038,1,1370.086204
-2.283912,3,1370.128301
-3.298025,4,1370.182007
-1.11428,2,1370.212008
-2.21199,3,1370.253008
-1.098705,2,1370.279008
-1.099278,2,1370.308007
-0.025401,1,1370.327007
-2.221629,3,1370.368007
-1.10886,2,1370.393007
-1.099826,2,1370.420007
-2.208341,3,1370.468007
-3.278412,4,1370.522007
-2.24646,3,1370.561074
-2.203428,3,1370.600074
-2.19057,3,1370.648165
-0.031296,1,1370.663164
-1.130005,2,1370.696164
-2.237926,3,1370.743164
-2.195465,3,1370.792165
-0.02813,1,1370.809164
-1.116802,2,1370.840164
-0.048812,1,1370.854164
-3.288075,4,1370.921506
-2.166729,3,1370.966506
-0.017865,1,1370.980505
-2.161045,3,1371.026505
-1.081583,2,1371.064506
-3.320667,4,1371.123506
-2.195871,3,1371.168505
-1.133129,2,1371.198506
-2.154309,3,1371.249506
-2.200913,3,1371.293509
-2.26749,3,1371.340022
-2.237551,3,1371.389024
-3.348263,4,1371.451102
-0.03179,1,1371.468103
-3.345717,4,1371.526212
-3.344254,4,1371.586212
-1.123461,2,1371.620212
-1.116935,2,1371.657213
-2.260318,3,1371.723213
-3.380779,4,1371.798213
-0.03409,1,1371.829214
-2.280398,3,1371.879213
-3.314383,4,1371.945213
-3.435164,4,1372.016429
-2.245469,3,1372.073429
-2.269074,3,1372.12243
-1.086949,2,1372.152428
-1.122976,2,1372.180428
-2.16853,3,1372.232428
-2.244687,3,1372.277428
-1.09089,2,1372.307428
-0.015212,1,1372.323428
-3.386873,4,1372.388729
-2.204215,3,1372.434928
-2.155887,3,1372.482436
-2.24115,3,1372.527435
-0.030032,1,1372.548436
-1.09578,2,1372.577435
-1.106224,2,1372.608435
-2.189848,3,1372.65456
-2.237701,3,1372.70356
-2.22987,3,1372.747915
-0.034508,1,1372.760913
-0.031,1,1372.776916
-2.299582,3,1372.824912
-1.066156,2,1372.855912
-0.03538,1,1372.871912
-2.203472,3,1372.918911
-3.357763,4,1372.982911
-3.340519,4,1373.044912
-2.166754,3,1373.087912
-2.208417,3,1373.135912
-1.129628,2,1373.170911
-1.067585,2,1373.198913
-0.04186,1,1373.214912
-1.06021,2,1373.243912
-0.043637,1,1373.263911
-1.117492,2,1373.293912
-2.257248,3,1373.340911
-1.122466,2,1373.370912
-2.246938,3,1373.420912
-2.177859,3,1373.467911
-2.246305,3,1373.512913
-3.354655,4,1373.572912
-1.139061,2,1373.606913
-2.180404,3,1373.652419
-2.248734,3,1373.699419
-1.081062,2,1373.72842
-2.199457,3,1373.780487
-3.281538,4,1373.836488
-2.273773,3,1373.881486
-2.165705,3,1373.924486
-2.228788,3,1373.975583
-1.092914,2,1374.011584
-1.118289,2,1374.040583
-0.035817,1,1374.056582
-2.235342,3,1374.111655
-2.199826,3,1374.15311
-2.226366,3,1374.19711
-0.028317,1,1374.21511
-3.332626,4,1374.281111
-1.125111,2,1374.31111
-2.224381,3,1374.35811
-2.165365,3,1374.40411
-0.013546,1,1374.42611
-1.091154,2,1374.45711
-2.250202,3,1374.50011
-3.405363,4,1374.560112
-2.18283,3,1374.609109
-2.206504,3,1374.65611
-2.198157,3,1374.70111
-0.045348,1,1374.717111
-1.094562,2,1374.758109
-2.205139,3,1374.801622
-2.182371,3,1374.847623
-0.025673,1,1374.86162
-3.331416,4,1374.934621
-2.307518,3,1374.979622
-0.013771,1,1374.994621
-1.114991,2,1375.023713
-1.073077,2,1375.06009
-2.277405,3,1375.105301
-1.112956,2,1375.136302
-0.026474,1,1375.151302
-2.214419,3,1375.203301
-1.117887,2,1375.231372
-0.013183,1,1375.247375
-3.383136,4,1375.308489
-0.015959,1,1375.328489
-2.23446,3,1375.37249
-2.239475,3,1375.416571
-2.201593,3,1375.45657
-3.351152,4,1375.523571
-2.203058,3,1375.568633
-1.131126,2,1375.600632
-1.10352,2,1375.634632
-2.212672,3,1375.682631
-3.285826,4,1375.744631
-2.261594,3,1375.789807
-3.28237,4,1375.847931
-1.130239,2,1375.883931
-0.027963,1,1375.898931
-0.021418,1,1375.91393
-2.229087,3,1375.960683
-2.232068,3,1376.014682
-3.275672,4,1376.077684
-3.326554,4,1376.139682
-1.122545,2,1376.168682
-1.090387,2,1376.205682
-2.204524,3,1376.24785
-0.017354,1,1376.259848
-2.280136,3,1376.305927
-3.316534,4,1376.368926
-0.021672,1,1376.383927
-3.306699,4,1376.446926
-2.175739,3,1376.491927
-1.133764,2,1376.527926
-1.080826,2,1376.558926
-2.265893,3,1376.604004
-1.090469,2,1376.638005
-2.182551,3,1376.688074
-1.117849,2,1376.718075
-2.191107,3,1376.766075
-2.250479,3,1376.808074
-2.173289,3,1376.859074
-0.017329,1,1376.873075
-1.091339,2,1376.901074
-2.27834,3,1376.948075
-0.041246,1,1376.970074
-3.34646,4,1377.031074
-3.341469,4,1377.090076
-3.316825,4,1377.153583
-2.2549,3,1377.202582
-2.166464,3,1377.246582
-2.273666,3,1377.293583
-0.047905,1,1377.309582
-1.110026,2,1377.345582
-1.091208,2,1377.373583
-0.029633,1,1377.389582
-0.011502,1,1377.407582
-3.36463,4,1377.475584
-1.09121,2,1377.512583
-2.197577,3,1377.559583
-0.045417,1,1377.575583
-1.084743,2,1377.610693
-2.240626,3,1377.655692
-2.261967,3,1377.698959
-2.218812,3,1377.746959
-1.121422,2,1377.783958
-1.104771,2,1377.815958
-2.21098,3,1377.861959
-0.013847,1,1377.877958
-2.263576,3,1377.932958
-2.249836,3,1377.98005
-2.230709,3,1378.023049
-2.165315,3,1378.07105
-3.320817,4,1378.133381
-3.358524,4,1378.19538
-3.298375,4,1378.258383
-2.175921,3,1378.303887
-3.298486,4,1378.367889
-2.237166,3,1378.412887
-2.245611,3,1378.456887
-3.350155,4,1378.519887
-3.394332,4,1378.590887
-2.227252,3,1378.636092
-2.259362,3,1378.674092
-2.183089,3,1378.719092
-2.212,3,1378.771091
-2.262369,3,1378.814091
-2.188831,3,1378.864092
-2.307901,3,1378.911214
-2.15639,3,1378.964213
-2.22249,3,1379.007213
-2.167149,3,1379.052212
-2.267286,3,1379.098213
-2.171712,3,1379.144213
-3.313604,4,1379.205214
-0.024147,1,1379.219212
-1.094578,2,1379.249213
-3.311002,4,1379.315213
-2.196412,3,1379.358214
-2.212273,3,1379.403217
-2.203721,3,1379.450724
-2.271401,3,1379.505722
-2.199101,3,1379.550722
-2.235397,3,1379.595723
-3.342342,4,1379.655723
-2.239899,3,1379.708723
-2.207513,3,1379.753941
-3.288121,4,1379.81694
-3.336992,4,1379.875941
-0.04086,1,1379.89394
-3.424357,4,1379.95694
-0.020159,1,1379.97194
-2.197507,3,1380.017174
-3.288027,4,1380.086282
-2.264837,3,1380.13228
-2.188734,3,1380.173282
-2.221252,3,1380.220281
-1.101092,2,1380.252282
-0.037868,1,1380.269282
-2.231174,3,1380.315284
-0.04112,1,1380.331282
-3.311656,4,1380.430592
-1.112165,2,1380.468592
-0.016658,1,1380.488591
-2.232525,3,1380.534592
-3.330043,4,1380.601099
-3.363797,4,1380.662204
-2.244572,3,1380.714205
-2.218373,3,1380.763204
-3.309021,4,1380.840206
-1.143049,2,1380.885208
-0.035177,1,1380.906206
-2.248564,3,1380.976343
-2.200079,3,1381.032341
-3.323655,4,1381.091341
-2.243379,3,1381.144342
-1.133682,2,1381.176343
-1.088092,2,1381.216343
-2.276166,3,1381.263341
-2.160729,3,1381.307343
-2.215321,3,1381.350343
-2.218266,3,1381.403341
-1.081758,2,1381.432343
-2.202141,3,1381.480342
-1.113208,2,1381.512342
-0.021578,1,1381.532342
-2.175033,3,1381.581341
-3.294418,4,1381.641409
-2.157587,3,1381.686479
-2.178207,3,1381.73299
-3.29693,4,1381.798987
-2.257283,3,1381.844986
-2.226979,3,1381.889985
-0.022526,1,1381.913987
-2.194246,3,1381.958986
-2.169782,3,1382.005189
-3.312054,4,1382.065188
-2.176561,3,1382.116187
-3.409798,4,1382.181302
-3.376345,4,1382.243478
-2.163586,3,1382.289476
-2.168215,3,1382.338478
-1.145068,2,1382.371478
-2.276505,3,1382.414476
-3.29418,4,1382.474477
-1.120384,2,1382.507477
-0.04221,1,1382.521476
-2.267098,3,1382.564476
-2.169991,3,1382.612478
-2.25905,3,1382.660477
-3.383235,4,1382.721477
-1.111474,2,1382.750632
-3.390637,4,1382.81363
-1.14773,2,1382.848632
-2.207245,3,1382.900142
-2.231083,3,1382.946138
-1.138384,2,1382.977138
-2.201252,3,1383.02614
-1.127553,2,1383.05514
-1.097272,2,1383.083139
-2.216453,3,1383.130139
-1.071603,2,1383.16414
-3.309566,4,1383.229141
-1.113934,2,1383.258326
-1.122281,2,1383.288326
-3.284752,4,1383.353327
-3.358085,4,1383.410327
-1.14151,2,1383.443326
-0.006752,1,1383.458411
-2.189477,3,1383.50741
-2.241337,3,1383.555621
-0.038692,1,1383.568623
-1.10881,2,1383.601622
-2.224169,3,1383.648622
-3.326763,4,1383.707622
-3.383667,4,1383.777623
-3.346133,4,1383.836625
-1.093579,2,1383.871621
-1.061903,2,1383.901622
-2.197217,3,1383.944623
-2.197082,3,1383.991621
-1.081744,2,1384.024623
-3.323379,4,1384.084131
-2.203333,3,1384.13313
-2.224727,3,1384.184132
-2.273008,3,1384.24513
-3.32006,4,1384.305131
-2.248758,3,1384.349131
-2.213705,3,1384.393131
-1.069803,2,1384.431131
-1.102078,2,1384.461131
-1.097909,2,1384.490132
-1.096124,2,1384.521133
-3.314929,4,1384.587132
-1.109973,2,1384.61613
-2.176372,3,1384.663131
-3.317235,4,1384.723131
-1.074421,2,1384.758132
-1.090442,2,1384.790131
-2.204142,3,1384.834131
-3.326745,4,1384.898133
-2.293639,3,1384.964132
-3.30881,4,1385.047132
-2.218863,3,1385.102131
-2.249455,3,1385.149131
-0.033174,1,1385.171131
-0.023637,1,1385.188131
-0.019858,1,1385.207134
-2.2194,3,1385.258641
-2.213944,3,1385.317946
-2.209015,3,1385.362945
-2.226085,3,1385.407945
-2.222624,3,1385.461946
-2.212031,3,1385.530945
-1.115933,2,1385.568944
-3.356296,4,1385.635944
-1.143662,2,1385.665944
-1.107763,2,1385.702945
-1.129694,2,1385.738945
-0.042614,1,1385.755945
-3.303632,4,1385.823945
-2.242819,3,1385.873945
-0.035697,1,1385.887944
-3.329494,4,1385.950945
-3.317044,4,1386.014944
-2.253575,3,1386.062944
-2.179824,3,1386.109945
-2.204862,3,1386.155945
-1.107998,2,1386.189944
-2.240796,3,1386.237944
-2.16388,3,1386.280945
-1.115461,2,1386.311946
-1.129264,2,1386.338944
-2.241757,3,1386.3878
-1.10447,2,1386.418801
-2.188697,3,1386.4648
-1.10412,2,1386.494799
-2.172167,3,1386.546799
-1.071172,2,1386.576799
-2.223901,3,1386.625799
-1.139929,2,1386.654799
-0.013153,1,1386.674802
-1.130824,2,1386.706024
-3.319648,4,1386.767023
-2.244488,3,1386.811023
-1.07542,2,1386.846025
-2.246618,3,1386.892023
-2.252562,3,1386.940025
-3.318662,4,1387.030024
-1.079279,2,1387.078023
-0.008089,1,1387.095023
-3.409647,4,1387.159367
-0.035629,1,1387.177367
-1.094124,2,1387.215366
-3.378846,4,1387.280367
-2.166983,3,1387.331367
-1.111041,2,1387.366366
-2.231604,3,1387.422365
-2.266165,3,1387.469366
-2.17736,3,1387.514365
-3.373302,4,1387.571872
-1.077348,2,1387.608871
-0.027837,1,1387.624872
-2.187529,3,1387.670873
-1.099104,2,1387.700873
-3.432619,4,1387.765871
-1.062027,2,1387.797872
-1.12319,2,1387.831872
-1.096249,2,1387.862871
-2.187669,3,1387.910872
-3.323495,4,1387.973871
-3.354358,4,1388.036012
-3.352134,4,1388.098011
-2.20692,3,1388.147013
-3.332036,4,1388.210013
-1.123172,2,1388.239012
-1.124671,2,1388.269012
-0.041936,1,1388.289014
-2.228289,3,1388.333185
-2.241556,3,1388.380183
-2.243054,3,1388.425185
-2.27492,3,1388.474185
-1.10014,2,1388.506184
-2.205311,3,1388.552183
-1.142064,2,1388.581184
-2.263651,3,1388.635184
-2.176334,3,1388.679183
-2.214353,3,1388.726692
-1.0944,2,1388.756693
-2.247267,3,1388.806693
-2.208103,3,1388.851692
-2.193768,3,1388.894693
-1.086267,2,1388.925693
-1.079814,2,1388.966692
-2.227854,3,1389.009693
-1.109357,2,1389.042691
-3.290453,4,1389.100972
-2.190509,3,1389.150971
-2.181054,3,1389.196972
-2.237666,3,1389.244089
-1.124167,2,1389.277088
-2.243663,3,1389.329089
-2.239184,3,1389.373185
-3.311838,4,1389.431496
-2.185029,3,1389.477495
-2.259931,3,1389.527496
-1.134056,2,1389.555495
-0.0181,1,1389.570495
-2.193865,3,1389.615494
-2.255679,3,1389.663496
-1.139766,2,1389.692495
-1.08612,2,1389.724495
-1.102653,2,1389.756495
-0.03988,1,1389.776495
-3.284791,4,1389.840494
-0.03505,1,1389.855494
-3.32353,4,1389.915001
-3.308163,4,1389.981003
-3.293792,4,1390.044001
-2.207002,3,1390.089001
-1.061159,2,1390.117001
-2.196342,3,1390.167001
-2.184077,3,1390.212165
-1.092307,2,1390.243168
-1.109989,2,1390.276165
-0.009839,1,1390.297258
-2.196633,3,1390.342257
-2.27085,3,1390.394258
-1.118202,2,1390.422259
-3.277047,4,1390.490258
-2.247767,3,1390.550259
-2.203198,3,1390.612259
-2.203877,3,1390.667258
-3.340909,4,1390.73326
-2.220989,3,1390.778258
-3.390241,4,1390.849257
-2.206156,3,1390.897257
-2.251091,3,1390.948257
-2.167656,3,1390.992358
-3.365945,4,1391.053146
-1.102967,2,1391.082147
-2.275769,3,1391.134146
-3.301654,4,1391.192146
-2.24296,3,1391.239146
-1.073605,2,1391.273145
-0.013379,1,1391.293273
-2.198499,3,1391.339272
-3.379545,4,1391.400273
-2.249239,3,1391.445271
-0.036677,1,1391.46727
-3.309166,4,1391.528271
-0.040397,1,1391.544271
-2.183384,3,1391.592271
-2.249071,3,1391.642352
-2.256254,3,1391.688353
-2.294396,3,1391.732352
-2.231973,3,1391.776352
-2.251602,3,1391.828353
-2.174026,3,1391.871354
-2.234529,3,1391.916353
-2.246142,3,1391.960353
-1.115639,2,1391.999352
-2.228201,3,1392.045353
-3.365308,4,1392.104352
-2.167783,3,1392.155354
-2.271579,3,1392.20486
-2.191654,3,1392.250867
-1.086235,2,1392.279862
-0.025748,1,1392.29486
-2.283639,3,1392.345861
-3.302156,4,1392.40186
-1.139859,2,1392.432861
-1.129585,2,1392.462862
-1.097576,2,1392.497861
-2.233177,3,1392.540861
-2.236733,3,1392.586861
-3.356954,4,1392.644861
-0.043517,1,1392.663861
-0.028031,1,1392.68086
-3.307782,4,1392.738862
-2.253383,3,1392.78286
-1.138819,2,1392.820861
-2.233927,3,1392.863861
-2.219391,3,1392.913861
-2.192275,3,1392.961862
-0.017603,1,1392.982861
-2.208686,3,1393.028861
-3.308515,4,1393.086862
-3.305328,4,1393.144861
-2.245663,3,1393.195871
-2.243448,3,1393.239861
-1.144231,2,1393.270861
-1.068684,2,1393.298862
-3.330131,4,1393.368505
-2.222127,3,1393.411849
-2.199684,3,1393.45785
-2.239541,3,1393.501849
-3.265533,4,1393.568848
-3.279534,4,1393.626848
-1.074548,2,1393.657848
-2.233158,3,1393.703848
-3.352462,4,1393.771848
-2.192617,3,1393.817847
-1.076568,2,1393.851848
-3.334767,4,1393.908849
-1.076274,2,1393.943849
-3.351855,4,1394.004848
-2.264806,3,1394.048847
-0.026469,1,1394.064848
-3.348645,4,1394.133848
-2.203858,3,1394.179847
-2.20586,3,1394.222849
-2.253807,3,1394.267848
-2.16952,3,1394.320849
-1.121384,2,1394.350849
-2.24115,3,1394.394848
-2.218054,3,1394.439847
-1.088709,2,1394.473849
-2.259324,3,1394.518357
-2.273339,3,1394.564357
-2.270404,3,1394.610358
-1.122114,2,1394.651358
-3.356226,4,1394.711568
-3.323288,4,1394.773569
-1.079175,2,1394.802569
-0.034746,1,1394.82257
-1.106712,2,1394.853568
-3.330324,4,1394.916568
-3.344148,4,1394.979569
-2.237914,3,1395.029568
-3.324752,4,1395.090569
-2.247833,3,1395.134568
-0.016379,1,1395.147569
-2.186495,3,1395.198569
-2.162884,3,1395.242568
-2.174877,3,1395.289569
-2.265613,3,1395.336568
-2.189949,3,1395.385651
-0.032974,1,1395.400655
-2.243566,3,1395.446652
-2.162771,3,1395.494746
-2.228851,3,1395.545747
-3.397088,4,1395.607746
-1.113377,2,1395.636746
-3.370758,4,1395.697255
-0.03992,1,1395.716254
-3.286688,4,1395.776255
-3.338931,4,1395.836255
-3.353681,4,1395.900255
-2.165206,3,1395.952255
-1.117406,2,1395.984256
-1.078515,2,1396.013258
-0.042739,1,1396.028255
-2.226634,3,1396.079255
-2.190369,3,1396.125256
-2.197217,3,1396.170255
-2.192276,3,1396.220255
-2.227638,3,1396.269256
-1.116213,2,1396.303255
-2.221097,3,1396.350256
-2.223602,3,1396.394256
-1.137119,2,1396.427256
-3.30111,4,1396.486401
-2.216255,3,1396.534401
-2.265661,3,1396.579496
-1.080633,2,1396.614495
-2.174363,3,1396.66055
-2.227757,3,1396.70455
-3.338116,4,1396.766549
-2.17558,3,1396.816058
-2.292768,3,1396.863059
-0.014379,1,1396.878058
-2.2431,3,1396.926059
-1.093434,2,1396.963058
-1.095826,2,1396.995059
-2.292266,3,1397.043059
-3.290663,4,1397.103058
-2.221811,3,1397.15406
-2.230256,3,1397.204058
-2.193818,3,1397.247058
-1.066952,2,1397.277059
-1.1247,2,1397.314059
-2.251877,3,1397.357059
-2.278031,3,1397.403408
-3.277946,4,1397.463408
-3.315548,4,1397.529408
-3.31812,4,1397.588408
-2.227221,3,1397.634407
-2.231682,3,1397.675564
-3.367797,4,1397.742563
-2.208103,3,1397.785749
-2.21783,3,1397.834746
-2.173876,3,1397.882833
-2.230771,3,1397.930833
-3.307087,4,1397.991343
-1.127244,2,1398.021342
-2.181731,3,1398.070343
-2.175583,3,1398.120342
-1.133981,2,1398.152341
-3.303114,4,1398.216341
-1.113804,2,1398.245343
-1.137404,2,1398.280343
-3.322005,4,1398.338342
-1.119563,2,1398.369342
-2.191948,3,1398.419343
-1.092521,2,1398.457341
-2.289667,3,1398.505341
-3.275023,4,1398.563342
-1.137582,2,1398.592341
-0.044411,1,1398.613342
-2.268525,3,1398.655341
-3.281074,4,1398.717419
-2.191633,3,1398.761419
-2.261539,3,1398.812419
-2.186183,3,1398.857419
-3.343605,4,1398.91855
-2.239202,3,1398.965551
-2.185382,3,1399.014671
-2.212394,3,1399.059765
-0.042612,1,1399.075766
-2.199427,3,1399.11977
-2.184407,3,1399.171276
-2.199814,3,1399.214277
-1.129384,2,1399.244284
-2.272865,3,1399.290277
-1.106604,2,1399.322275
-2.180889,3,1399.368275
-2.296648,3,1399.410275
-2.172584,3,1399.455275
-2.245072,3,1399.512275
-3.312236,4,1399.568275
-0.022168,1,1399.583275
-1.103394,2,1399.615276
-1.107594,2,1399.647276
-3.309807,4,1399.710276
-2.259839,3,1399.755275
-2.203332,3,1399.801276
-1.126515,2,1399.838276
-2.209869,3,1399.881275
-1.080257,2,1399.912275
-2.217196,3,1399.959275
-2.257606,3,1400.008276
-2.234503,3,1400.053277
-0.025665,1,1400.068275
-1.082356,2,1400.098275
-2.195406,3,1400.149276
-3.319175,4,1400.210275
-0.044936,1,1400.227276
-2.209103,3,1400.275787
-2.236288,3,1400.328024
-2.16554,3,1400.3782
-2.177231,3,1400.423201
-1.132245,2,1400.4532
-1.110539,2,1400.4902
-0.03701,1,1400.5052
-2.208275,3,1400.5482
-1.137698,2,1400.579199
-1.115238,2,1400.61529
-3.304799,4,1400.676289
-1.10798,2,1400.70729
-2.23128,3,1400.753289
-2.177378,3,1400.80829
-2.192808,3,1400.85729
-2.251308,3,1400.904291
-2.206315,3,1400.94829
-3.372606,4,1401.011289
-0.0194,1,1401.02747
-2.259144,3,1401.07247
-2.160718,3,1401.119471
-1.148705,2,1401.15647
-3.32237,4,1401.216471
-1.085111,2,1401.247471
-2.196931,3,1401.29047
-2.164672,3,1401.338471
-2.187321,3,1401.38447
-1.128885,2,1401.414473
-3.291659,4,1401.474439
-2.235274,3,1401.521439
-2.226515,3,1401.571439
-3.390901,4,1401.63144
-1.125664,2,1401.65944
-3.348787,4,1401.724439
-1.093178,2,1401.754438
-2.240249,3,1401.80244
-1.100387,2,1401.83344
-3.353733,4,1401.900439
-3.316794,4,1401.961438
-1.0834,2,1401.991439
-1.096416,2,1402.021439
-3.296009,4,1402.090441
-1.091827,2,1402.121439
-3.324907,4,1402.179439
-2.243027,3,1402.230439
-2.223492,3,1402.278441
-2.152469,3,1402.32144
-0.002973,1,1402.34044
-0.035624,1,1402.356439
-2.170651,3,1402.404439
-3.350451,4,1402.465439
-2.208566,3,1402.50944
-2.249663,3,1402.556699
-2.250961,3,1402.605701
-0.033677,1,1402.623207
-3.326413,4,1402.683207
-1.086791,2,1402.714208
-3.377556,4,1402.785208
-2.240818,3,1402.837285
-3.291638,4,1402.906285
-3.329558,4,1402.972285
-2.23906,3,1403.030285
-2.163128,3,1403.07842
-2.210179,3,1403.13242
-2.202086,3,1403.184419
-3.368037,4,1403.26342
-2.237716,3,1403.317419
-3.322852,4,1403.39942
-3.353489,4,1403.48642
-1.094155,2,1403.53342
-2.166784,3,1403.587419
-0.048277,1,1403.604419
-2.167838,3,1403.658419
-2.216359,3,1403.71442
-2.22761,3,1403.773931
-0.037972,1,1403.792934
-3.333539,4,1403.864933
-1.141817,2,1403.906932
-2.27473,3,1403.956932
-2.294475,3,1404.00293
-0.044465,1,1404.01593
-1.133829,2,1404.050931
-1.122012,2,1404.084933
-1.106123,2,1404.115932
-2.22592,3,1404.165931
-2.165876,3,1404.222931
-3.359722,4,1404.288932
-2.222767,3,1404.341931
-2.219583,3,1404.389931
-2.163832,3,1404.445932
-2.227534,3,1404.495932
-0.038302,1,1404.510931
-2.167539,3,1404.55993
-2.236186,3,1404.611931
-1.113573,2,1404.649931
-2.172557,3,1404.703931
-3.348864,4,1404.768931
-2.24009,3,1404.828932
-3.351426,4,1404.896931
-2.256337,3,1404.948936
-3.319819,4,1405.019445
-3.293018,4,1405.089445
-2.226133,3,1405.135444
-1.093676,2,1405.168445
-0.006093,1,1405.189445
-2.172068,3,1405.243445
-2.249707,3,1405.295447
-1.12828,2,1405.330445
-1.118411,2,1405.359445
-2.232235,3,1405.411444
-2.207427,3,1405.457446
-2.268531,3,1405.503444
-3.280437,4,1405.565444
-2.256294,3,1405.618444
-1.127073,2,1405.649445
-1.129249,2,1405.681445
-0.049018,1,1405.694444
-1.087242,2,1405.734446
-2.226058,3,1405.777445
-1.134773,2,1405.807447
-1.143893,2,1405.839445
-3.332356,4,1405.904444
-3.435337,4,1405.965445
-2.169879,3,1406.012444
-2.186519,3,1406.062444
-3.328867,4,1406.125954
-3.386695,4,1406.190953
-1.098243,2,1406.223953
-1.069964,2,1406.260955
-2.212055,3,1406.312953
-2.2113,3,1406.358954
-2.275305,3,1406.405955
-2.247628,3,1406.449953
-2.186508,3,1406.501954
-2.203693,3,1406.546954
-1.074629,2,1406.579953
-2.162889,3,1406.624953
-2.200555,3,1406.676954
-3.41667,4,1406.740953
-0.018531,1,1406.756953
-2.273846,3,1406.806953
-3.323335,4,1406.874954
-2.206987,3,1406.919953
-3.436517,4,1406.982118
-0.043053,1,1406.997118
-3.320819,4,1407.066118
-3.355108,4,1407.125117
-1.107666,2,1407.154118
-3.41277,4,1407.214118
-1.079085,2,1407.247118
-2.179715,3,1407.294626
-2.240836,3,1407.341625
-0.018188,1,1407.358626
-1.10738,2,1407.395628
-2.267359,3,1407.441626
-0.048443,1,1407.457627
-2.200147,3,1407.503706
-3.305806,4,1407.568969
-1.105872,2,1407.597969
-0.044443,1,1407.612968
-2.242857,3,1407.65797
-1.090033,2,1407.692969
-0.037463,1,1407.709969
-3.314156,4,1407.768969
-3.341385,4,1407.83397
-3.322417,4,1407.899969
-0.045875,1,1407.917969
-3.334417,4,1407.977969
-2.209466,3,1408.025969
-0.042131,1,1408.046969
-2.242803,3,1408.089211
-3.287145,4,1408.15221
-2.220657,3,1408.195211
-3.35446,4,1408.26221
-0.047287,1,1408.27921
-2.271675,3,1408.324211
-2.173512,3,1408.380211
-2.252207,3,1408.432721
-1.091726,2,1408.463719
-2.232503,3,1408.508799
-2.253281,3,1408.5598
-3.3222,4,1408.6288
-2.262669,3,1408.672799
-2.164342,3,1408.724799
-1.137233,2,1408.7568
-0.02215,1,1408.7768
-2.224518,3,1408.8288
-2.211309,3,1408.874798
-2.200819,3,1408.9228
-1.080747,2,1408.959799
-3.373915,4,1409.028128
-3.325637,4,1409.104128
-2.182381,3,1409.165128
-2.201204,3,1409.228129
-1.093485,2,1409.269128
-1.08508,2,1409.310127
-3.311438,4,1409.383639
-2.224687,3,1409.447639
-2.23963,3,1409.49864
-2.252403,3,1409.553639
-1.075362,2,1409.59226
-1.141731,2,1409.632767
-2.178228,3,1409.690767
-0.032817,1,1409.707767
-2.207074,3,1409.753767
-3.313532,4,1409.825912
-1.091431,2,1409.861911
-2.178639,3,1409.910912
-2.183372,3,1409.957912
-2.188271,3,1410.009911
-2.250553,3,1410.056911
-2.195631,3,1410.112911
-3.333457,4,1410.179912
-3.365885,4,1410.248911
-2.202137,3,1410.298912
-1.118207,2,1410.335911
-3.398009,4,1410.401034
-2.232801,3,1410.456033
-0.037985,1,1410.473034
-2.222942,3,1410.518037
-2.210469,3,1410.576034
-0.02698,1,1410.600033
-2.244732,3,1410.65618
-1.12886,2,1410.690181
-2.250924,3,1410.742181
-2.213815,3,1410.803693
-3.346626,4,1410.873695
-3.308562,4,1410.935692
-3.391426,4,1410.998691
-1.135812,2,1411.034692
-3.351931,4,1411.099692
-2.164775,3,1411.147692
-1.079924,2,1411.180693
-3.29615,4,1411.250692
-2.18412,3,1411.298691
-2.235504,3,1411.351693
-3.318115,4,1411.418691
-3.327693,4,1411.487692
-2.216344,3,1411.534692
-2.218782,3,1411.580692
-3.34175,4,1411.648772
-3.366263,4,1411.720773
-3.402399,4,1411.787055
-2.290193,3,1411.833434
-1.120461,2,1411.866432
-1.081838,2,1411.901431
-2.217174,3,1411.949942
-1.087524,2,1411.985942
-3.342538,4,1412.053942
-2.173023,3,1412.106941
-2.200369,3,1412.150942
-1.11157,2,1412.184941
-0.020513,1,1412.202942
-2.271763,3,1412.256345
-1.07877,2,1412.292344
-2.223451,3,1412.344344
-0.020861,1,1412.359344
-3.34765,4,1412.430344
-2.175154,3,1412.476345
-1.112071,2,1412.513343
-1.093714,2,1412.545344
-1.098723,2,1412.585344
-2.232284,3,1412.640344
-2.276692,3,1412.685344
-1.141027,2,1412.715344
-2.255402,3,1412.767344
-3.28369,4,1412.833345
-0.006796,1,1412.849346
-2.262878,3,1412.898345
-2.208607,3,1412.953344
-2.161397,3,1413.002345
-1.091657,2,1413.029343
-1.142439,2,1413.062344
-0.012148,1,1413.082344
-3.312367,4,1413.149853
-0.024815,1,1413.165853
-1.083248,2,1413.197854
-2.235358,3,1413.255853
-0.024595,1,1413.273853
-2.242183,3,1413.323853
-2.224101,3,1413.368852
-2.219425,3,1413.421853
-2.245485,3,1413.469969
-2.25808,3,1413.522095
-3.286183,4,1413.588223
-2.174827,3,1413.647223
-0.01729,1,1413.663224
-2.2343,3,1413.712325
-3.312682,4,1413.775326
-2.163001,3,1413.830325
-0.034565,1,1413.846326
-3.333284,4,1413.912325
-2.194794,3,1413.95742
-3.348366,4,1414.025421
-2.193787,3,1414.077422
-3.342108,4,1414.147421
-2.201881,3,1414.200421
-3.378421,4,1414.274933
-1.112425,2,1414.306933
-3.311227,4,1414.366932
-0.035508,1,1414.383933
-2.263575,3,1414.433933
-1.120831,2,1414.464933
-0.032695,1,1414.482932
-3.313322,4,1414.552932
-3.370557,4,1414.626932
-3.320494,4,1414.688932
-0.049193,1,1414.706932
-1.116899,2,1414.741932
-1.077279,2,1414.777932
-3.291345,4,1414.85001
-3.346712,4,1414.91001
-2.24861,3,1414.95401
-1.088684,2,1414.99101
-1.12307,2,1415.02501
-3.319986,4,1415.09101
-2.262053,3,1415.15101
-3.333208,4,1415.21701
-3.367447,4,1415.28101
-1.093722,2,1415.312124
-1.084711,2,1415.345124
-0.023913,1,1415.368123
-2.242898,3,1415.416632
-1.12832,2,1415.452637
-2.266663,3,1415.505637
-3.300069,4,1415.576637
-1.13063,2,1415.610637
-3.365819,4,1415.696637
-3.311086,4,1415.793637
-3.298828,4,1415.886637
-3.304621,4,1415.960636
-2.14936,3,1416.010637
-1.10097,2,1416.049637
-3.338224,4,1416.130637
-0.047853,1,1416.151637
-3.363081,4,1416.216636
-1.115987,2,1416.246637
-0.040651,1,1416.268636
-1.11908,2,1416.299637
-0.033366,1,1416.315637
-1.104592,2,1416.344636
-1.089193,2,1416.382637
-1.130161,2,1416.416636
-2.247539,3,1416.464635
-2.18729,3,1416.513636
-1.094465,2,1416.554636
-3.358903,4,1416.620269
-1.141589,2,1416.652333
-2.194242,3,1416.696334
-0.010716,1,1416.715333
-2.219001,3,1416.760332
-1.128472,2,1416.791332
-1.087192,2,1416.823419
-1.091098,2,1416.8605
-0.006528,1,1416.876499
-1.089665,2,1416.9085
-2.242291,3,1416.954667
-0.032665,1,1416.975668
-1.083303,2,1417.005667
-0.038911,1,1417.023667
-3.366798,4,1417.080667
-3.294153,4,1417.146668
-1.087764,2,1417.176668
-2.248058,3,1417.220813
-1.11552,2,1417.256813
-1.095511,2,1417.290813
-2.1833,3,1417.334812
-2.176231,3,1417.381812
-2.249786,3,1417.423813
-1.139159,2,1417.459813
-3.310813,4,1417.518812
-0.046391,1,1417.533813
-3.305868,4,1417.594813
-3.437532,4,1417.656812
-3.32785,4,1417.718324
-1.135162,2,1417.751324
-0.04754,1,1417.767324
-2.204369,3,1417.827438
-2.245989,3,1417.876633
-3.32887,4,1417.939633
-1.11617,2,1417.967954
-2.223161,3,1418.018954
-2.169205,3,1418.060154
-1.135178,2,1418.087154
-0.045384,1,1418.104161
-2.184209,3,1418.153154
-1.103944,2,1418.184156
-2.227765,3,1418.230156
-1.138496,2,1418.260155
-3.339296,4,1418.327155
-2.179734,3,1418.375154
-2.227523,3,1418.421154
-2.204421,3,1418.465156
-3.315304,4,1418.528155
-3.343971,4,1418.589154
-1.123496,2,1418.619155
-2.215864,3,1418.668154
-1.10926,2,1418.704154
-1.076499,2,1418.735155
-3.360179,4,1418.804154
-1.093006,2,1418.834155
-2.281379,3,1418.890157
-2.196722,3,1418.934662
-2.180493,3,1418.981662
-2.199181,3,1419.029662
-2.21654,3,1419.080662
-2.249687,3,1419.127662
-2.214297,3,1419.171662
-2.207847,3,1419.230017
-2.17117,3,1419.296302
-2.216392,3,1419.355303
-2.164949,3,1419.411494
-1.094131,2,1419.448495
-1.115375,2,1419.485644
-2.215088,3,1419.536645
-2.231478,3,1419.591082
-2.189477,3,1419.64308
-3.309839,4,1419.713081
-2.210583,3,1419.756081
-2.226024,3,1419.803082
-2.214147,3,1419.847083
-1.144947,2,1419.88608
-2.191076,3,1419.933081
-2.158931,3,1419.976083
-2.281145,3,1420.024081
-1.096114,2,1420.058084
-3.309084,4,1420.119812
-3.395885,4,1420.180905
-3.324263,4,1420.246905
-2.204623,3,1420.294904
-2.231016,3,1420.340906
-1.116387,2,1420.371907
-1.086104,2,1420.402906
-1.112442,2,1420.442904
-3.425486,4,1420.505905
-3.329424,4,1420.567052
-3.284362,4,1420.628052
-3.351444,4,1420.690377
-3.325523,4,1420.754376
-1.083743,2,1420.784377
-1.072158,2,1420.816376
-2.154122,3,1420.874376
-2.167191,3,1420.924376
-2.186447,3,1420.968376
-1.103018,2,1420.999376
-1.130734,2,1421.033376
-1.063979,2,1421.063375
-2.168838,3,1421.108376
-3.396668,4,1421.166376
-3.296929,4,1421.235886
-2.24289,3,1421.282887
-1.09254,2,1421.312886
-1.076299,2,1421.343886
-2.179925,3,1421.392886
-3.341053,4,1421.453886
-2.216729,3,1421.497885
-2.181301,3,1421.545886
-1.107308,2,1421.577888
-3.313548,4,1421.636888
-2.286098,3,1421.680899
-3.353141,4,1421.743032
-2.220485,3,1421.789428
-1.127637,2,1421.819429
-3.334899,4,1421.88343
-2.23561,3,1421.928429
-2.180087,3,1421.980429
-1.083137,2,1422.01143
-2.236901,3,1422.058428
-2.276076,3,1422.106428
-1.148078,2,1422.143429
-3.400482,4,1422.207428
-1.127775,2,1422.236428
-1.110715,2,1422.266429
-2.1682,3,1422.316429
-2.234406,3,1422.360939
-2.203283,3,1422.410939
-2.280971,3,1422.453939
-2.26964,3,1422.506939
-2.162306,3,1422.555938
-2.222621,3,1422.598938
-2.219066,3,1422.646942
-2.225254,3,1422.697939
-0.044659,1,1422.712938
-2.212874,3,1422.758938
-1.128164,2,1422.788938
-1.102627,2,1422.823939
-3.31732,4,1422.889938
-3.376188,4,1422.949054
-2.214304,3,1422.998054
-3.399677,4,1423.063053
-2.251478,3,1423.10917
-1.085194,2,1423.13917
-2.210185,3,1423.183171
-2.17969,3,1423.23217
-3.380111,4,1423.295286
-3.355341,4,1423.358826
-2.234158,3,1423.409826
-1.074933,2,1423.446827
-0.026629,1,1423.463826
-2.222376,3,1423.51583
-1.132482,2,1423.548337
-1.071837,2,1423.586337
-3.285928,4,1423.651337
-2.246874,3,1423.696337
-2.179692,3,1423.746336
-2.159417,3,1423.797338
-2.248134,3,1423.841336
-2.209393,3,1423.89274
-2.189743,3,1423.93674
-3.316209,4,1424.005739
-0.027613,1,1424.020898
-3.308802,4,1424.079894
-1.077087,2,1424.105892
-3.295181,4,1424.173007
-2.273778,3,1424.219177
-3.351814,4,1424.283177
-3.336565,4,1424.352302
-1.140134,2,1424.395301
-0.020985,1,1424.410515
-2.237348,3,1424.455515
-2.221208,3,1424.504517
-0.045351,1,1424.523515
-1.112527,2,1424.553515
-0.018135,1,1424.568515
-1.073915,2,1424.597516
-2.269738,3,1424.646515
-3.288084,4,1424.707023
-1.141137,2,1424.73614
-2.233173,3,1424.781266
-3.279657,4,1424.853266
-1.123842,2,1424.886267
-3.287667,4,1424.947268
-2.273184,3,1424.994267
-1.105109,2,1425.030266
-0.013871,1,1425.048267
-1.138032,2,1425.079437
-2.27068,3,1425.121437
-0.046972,1,1425.140437
-2.207714,3,1425.186437
-1.074038,2,1425.219436
-2.221865,3,1425.266438
-2.187903,3,1425.318438
-2.266847,3,1425.365438
-2.223922,3,1425.409437
-3.344541,4,1425.468437
-2.203212,3,1425.518437
-2.23395,3,1425.563437
-2.259974,3,1425.612438
-1.09916,2,1425.643437
-0.049682,1,1425.662437
-1.113211,2,1425.692438
-2.234509,3,1425.737437
-2.194215,3,1425.780438
-2.279192,3,1425.835952
-2.251159,3,1425.883945
-0.030928,1,1425.897944
-2.248829,3,1425.945945
-1.115424,2,1425.981944
-2.286845,3,1426.027944
-1.108512,2,1426.058945
-1.080711,2,1426.087944
-0.045048,1,1426.107944
-2.256122,3,1426.157944
-3.319227,4,1426.217946
-2.273359,3,1426.264944
-2.164773,3,1426.313944
-0.007941,1,1426.327944
-2.166147,3,1426.377947
-0.024126,1,1426.391945
-2.204881,3,1426.442944
-3.297272,4,1426.504945
-3.334231,4,1426.564944
-3.349492,4,1426.624944
-3.385996,4,1426.688944
-1.111274,2,1426.717944
-2.226652,3,1426.761945
-2.158426,3,1426.809946
-1.078976,2,1426.842944
-2.198529,3,1426.892945
-2.174264,3,1426.939944
-2.238894,3,1426.98345
-3.406581,4,1427.04845
-0.029978,1,1427.06245
-1.077575,2,1427.090451
-2.229516,3,1427.139605
-1.081119,2,1427.174605
-3.360325,4,1427.234606
-2.255209,3,1427.279607
-2.193977,3,1427.324606
-2.264944,3,1427.374605
-3.336988,4,1427.437605
-3.33418,4,1427.502606
-3.316473,4,1427.566686
-2.292803,3,1427.620685
-1.117835,2,1427.650686
-3.34784,4,1427.711687
-1.113333,2,1427.742686
-2.251821,3,1427.795686
-2.17948,3,1427.838685
-3.333051,4,1427.908688
-2.205114,3,1427.955685
-1.122076,2,1427.988686
-2.21503,3,1428.036685
-1.078903,2,1428.064686
-2.229877,3,1428.109685
-1.131679,2,1428.141193
-1.114846,2,1428.171193
-2.192526,3,1428.218347
-3.315953,4,1428.278781
-2.209438,3,1428.33178
-2.182596,3,1428.375781
-2.23334,3,1428.420781
-2.240561,3,1428.466782
-2.276813,3,1428.515781
-2.17429,3,1428.561781
-1.109678,2,1428.590783
-3.336781,4,1428.647783
-2.194291,3,1428.695781
-1.108486,2,1428.72578
-1.092653,2,1428.754781
-3.3803,4,1428.817781
-2.241503,3,1428.86778
-2.20167,3,1428.92378
-0.039849,1,1428.93878
-2.203365,3,1428.98678
-1.107639,2,1429.02478
-1.065138,2,1429.05578
-2.22825,3,1429.10478
-2.183771,3,1429.148781
-2.23758,3,1429.202781
-1.11993,2,1429.235781
-2.207343,3,1429.282783
-3.357827,4,1429.351294
-2.234099,3,1429.401294
-2.237881,3,1429.449295
-3.289214,4,1429.509295
-0.021136,1,1429.522294
-2.235845,3,1429.573294
-2.214298,3,1429.6196
-2.241857,3,1429.666746
-2.194829,3,1429.710814
-3.336998,4,1429.77894
-1.099058,2,1429.807938
-2.190216,3,1429.86194
-2.270391,3,1429.911938
-2.176057,3,1429.96494
-2.256983,3,1430.018939
-3.289024,4,1430.091273
-1.085046,2,1430.122272
-0.048889,1,1430.142273
-3.349863,4,1430.206281
-2.178724,3,1430.254273
-1.129982,2,1430.285273
-3.335792,4,1430.355273
-3.301034,4,1430.416272
-1.082056,2,1430.444275
-2.222176,3,1430.489784
-3.306506,4,1430.558784
-2.239438,3,1430.604141
-2.277035,3,1430.64914
-3.337175,4,1430.71114
-2.25962,3,1430.761364
-3.316302,4,1430.820431
-2.216944,3,1430.869431
-1.133286,2,1430.899431
-2.188757,3,1430.950431
-1.121465,2,1430.984432
-1.121303,2,1431.013431
-2.225338,3,1431.059431
-3.358683,4,1431.129508
-2.192823,3,1431.171507
-2.241177,3,1431.217506
-3.335375,4,1431.274506
-3.318638,4,1431.33886
-0.03607,1,1431.353859
-1.068567,2,1431.383157
-1.131733,2,1431.414159
-0.011853,1,1431.435158
-2.165074,3,1431.482158
-0.024426,1,1431.497158
-2.170522,3,1431.547159
-2.183266,3,1431.601161
-2.203259,3,1431.654667
-2.17804,3,1431.698667
-3.306844,4,1431.765787
-2.196706,3,1431.816787
-1.107743,2,1431.848953
-2.216043,3,1431.898341
-1.126719,2,1431.93334
-0.045319,1,1431.958341
-2.202942,3,1432.009341
-2.186416,3,1432.05834
-2.194778,3,1432.10434
-3.282207,4,1432.177341
-1.143557,2,1432.208341
-0.027435,1,1432.22334
-1.132707,2,1432.25334
-1.120379,2,1432.290339
-3.305778,4,1432.35234
-2.237667,3,1432.40134
-0.046623,1,1432.418341
-2.249329,3,1432.46834
-2.21644,3,1432.51734
-3.341018,4,1432.57634
-3.371501,4,1432.63934
-2.186211,3,1432.688341
-2.233131,3,1432.73334
-2.222965,3,1432.776857
-2.195843,3,1432.823857
-1.109631,2,1432.856857
-2.239497,3,1432.904857
-1.104566,2,1432.936857
-0.03777,1,1432.954858
-1.117869,2,1432.990858
-1.091117,2,1433.024857
-2.170171,3,1433.074857
-1.11096,2,1433.103857
-2.207558,3,1433.15687
-2.252689,3,1433.200857
-3.393779,4,1433.261962
-2.2329,3,1433.305962
-3.351832,4,1433.376962
-1.122399,2,1433.403962
-1.113916,2,1433.437131
-1.136958,2,1433.46913
-2.185182,3,1433.518215
-2.190683,3,1433.563586
-3.30078,4,1433.623589
-2.202015,3,1433.668671
-2.17712,3,1433.719755
-2.247713,3,1433.763999
-1.142017,2,1433.793999
-0.046865,1,1433.809999
-2.176409,3,1433.863109
-3.307774,4,1433.92611
-2.226509,3,1434.148796
-2.249963,3,1434.196795
-1.139731,2,1434.232795
-1.140424,2,1434.264795
-0.016107,1,1434.282795
-2.230154,3,1434.330795
-2.182452,3,1434.386796
-3.374736,4,1434.446795
-1.117596,2,1434.483796
-1.150926,2,1434.514796
-0.006873,1,1434.536796
-1.133201,2,1434.568795
-1.111286,2,1434.599796
-0.041498,1,1434.614797
-2.235064,3,1434.662795
-2.249352,3,1434.708795
-0.043926,1,1434.724796
-2.212423,3,1434.771796
-2.207,3,1434.822795
-3.333291,4,1434.886194
-2.236395,3,1434.939193
-2.195759,3,1434.986194
-2.193477,3,1435.042194
-0.031834,1,1435.057196
-3.355601,4,1435.121701
-0.042563,1,1435.1407
-2.187461,3,1435.190704
-0.019356,1,1435.206699
-1.109198,2,1435.2357
-0.012332,1,1435.250701
-2.192564,3,1435.3017
-2.223936,3,1435.3507
-2.228451,3,1435.398701
-2.257029,3,1435.446701
-1.088094,2,1435.4837
-2.18526,3,1435.527699
-0.032227,1,1435.5417
-2.259112,3,1435.5867
-1.113728,2,1435.621701
-2.20053,3,1435.665701
-1.085488,2,1435.6997
-1.132903,2,1435.729702
-2.235343,3,1435.786701
-2.196792,3,1435.836701
-0.009251,1,1435.854701
-2.231974,3,1435.9067
-0.036168,1,1435.9297
-2.246453,3,1435.9777
-3.312083,4,1436.0477
-2.216752,3,1436.097701
-2.199749,3,1436.1507
-0.034273,1,1436.1677
-2.194869,3,1436.211701
-2.256439,3,1436.264446
-2.231701,3,1436.315445
-2.184981,3,1436.364445
-1.086212,2,1436.396445
-1.121997,2,1436.426445
-1.067261,2,1436.465445
-2.221787,3,1436.512446
-0.042455,1,1436.528445
-2.248842,3,1436.579447
-2.227615,3,1436.633445
-1.099181,2,1436.665444
-2.229194,3,1436.709445
-2.215515,3,1436.755446
-2.238885,3,1436.808446
-3.326303,4,1436.870446
-0.016573,1,1436.888446
-1.12612,2,1436.922446
-2.197743,3,1436.973449
-2.15771,3,1437.024446
-3.403913,4,1437.092446
-1.103334,2,1437.129446
-1.13217,2,1437.164446
-1.11519,2,1437.198447
-3.307312,4,1437.261446
-2.259244,3,1437.307446
-2.280283,3,1437.364447
-1.099937,2,1437.394551
-1.113493,2,1437.427055
-1.08657,2,1437.456055
-1.120296,2,1437.491056
-0.034222,1,1437.510055
-1.133728,2,1437.545177
-0.041093,1,1437.561178
-0.038801,1,1437.582178
-2.22675,3,1437.631176
-2.18892,3,1437.681176
-2.254533,3,1437.731177
-0.033812,1,1437.756176
-2.265658,3,1437.798176
-3.359811,4,1437.858178
-3.304474,4,1437.926307
-1.134965,2,1437.961307
-1.112196,2,1437.998306
-2.210559,3,1438.042307
-0.041473,1,1438.058306
-3.331987,4,1438.125378
-1.09486,2,1438.154378
-2.242727,3,1438.199652
-2.234088,3,1438.243651
-2.2277,3,1438.294651
-2.18046,3,1438.346652
-2.23035,3,1438.394651
-1.110582,2,1438.432651
-1.09374,2,1438.467651
-1.09456,2,1438.497651
-0.046677,1,1438.51365
-0.036292,1,1438.530652
-1.134363,2,1438.567651
-2.270419,3,1438.614164
-1.103529,2,1438.646158
-2.215031,3,1438.695159
-2.259407,3,1438.745158
-3.379281,4,1438.807158
-2.27883,3,1438.854158
-1.085548,2,1438.882158
-3.300334,4,1438.947159
-1.121444,2,1438.980158
-0.049809,1,1438.996158
-1.10712,2,1439.030159
-2.251753,3,1439.081158
-2.202012,3,1439.126158
-2.222612,3,1439.17525
-1.136987,2,1439.207361
-2.199436,3,1439.258361
-2.228196,3,1439.309362
-0.010261,1,1439.325362
-2.160886,3,1439.375361
-3.358898,4,1439.438545
-1.105841,2,1439.467547
-2.274947,3,1439.515545
-3.349143,4,1439.578229
-0.028491,1,1439.599228
-3.282098,4,1439.668228
-2.217444,3,1439.718228
-2.20013,3,1439.770739
-1.081208,2,1439.807738
-1.11452,2,1439.839739
-2.240264,3,1439.887738
-3.333799,4,1439.952738
-0.04876,1,1439.972738
-2.170664,3,1440.016738
-3.373833,4,1440.077737
-1.111893,2,1440.109738
-2.195533,3,1440.164737
-2.165939,3,1440.212836
-0.029188,1,1440.228836
-2.239429,3,1440.274837
-2.24214,3,1440.328836
-1.125924,2,1440.360836
-2.18027,3,1440.408836
-1.112248,2,1440.436837
-0.009927,1,1440.455837
-2.266976,3,1440.500836
-3.378551,4,1440.556836
-3.313725,4,1440.617837
-1.099561,2,1440.654836
-2.17413,3,1440.702837
-3.314636,4,1440.765837
-1.140884,2,1440.795836
-2.232963,3,1440.853837
-2.207153,3,1440.900354
-2.249633,3,1440.949348
-1.12094,2,1440.977349
-2.248699,3,1441.032348
-2.249285,3,1441.077348
-2.275078,3,1441.125347
-2.190862,3,1441.173426
-3.285221,4,1441.241425
-3.338786,4,1441.305514
-2.229471,3,1441.348514
-2.278526,3,1441.394515
-2.223319,3,1441.445513
-1.120236,2,1441.475514
-2.194332,3,1441.522619
-0.017503,1,1441.537619
-2.174329,3,1441.585617
-2.241023,3,1441.6307
-1.12846,2,1441.661698
-0.009601,1,1441.676698
-0.042899,1,1441.696839
-3.348214,4,1441.756839
-2.253008,3,1441.800839
-3.272085,4,1441.857839
-1.101183,2,1441.892839
-2.20625,3,1441.939947
-2.190573,3,1441.984947
-2.249576,3,1442.028947
-2.242012,3,1442.081567
-0.023143,1,1442.09757
-3.313168,4,1442.15666
-3.327256,4,1442.213658
-2.204543,3,1442.268778
-3.346445,4,1442.326896
-0.011166,1,1442.342897
-2.197002,3,1442.386897
-3.311199,4,1442.446896
-2.21643,3,1442.493042
-2.241672,3,1442.53804
-1.087491,2,1442.56604
-3.312045,4,1442.63504
-3.358845,4,1442.69704
-2.226008,3,1442.73904
-3.340395,4,1442.79804
-2.211668,3,1442.85015
-3.305945,4,1442.916149
-2.200458,3,1442.962528
-2.227111,3,1443.003527
-1.114805,2,1443.042526
-2.209613,3,1443.087527
-1.110423,2,1443.117527
-0.048799,1,1443.132527
-2.261611,3,1443.182526
-0.047297,1,1443.196527
-2.284332,3,1443.241033
-0.018022,1,1443.25754
-2.19465,3,1443.30954
-2.219213,3,1443.371677
-1.123453,2,1443.412677
-1.135968,2,1443.450678
-2.262865,3,1443.513677
-1.141825,2,1443.544853
-1.127712,2,1443.574854
-3.314382,4,1443.638852
-1.083601,2,1443.672851
-3.28526,4,1443.738852
-1.110273,2,1443.771985
-2.219933,3,1443.822984
-2.254627,3,1443.873984
-2.172231,3,1443.923984
-2.259772,3,1443.967986
-2.235519,3,1444.011339
-2.26072,3,1444.064338
-1.096397,2,1444.095339
-3.41764,4,1444.154339
-2.219854,3,1444.196339
-2.195178,3,1444.248338
-1.076935,2,1444.277338
-2.173639,3,1444.32334
-2.223452,3,1444.38134
-2.19907,3,1444.445648
-3.341144,4,1444.517818
-2.155922,3,1444.56882
-3.328347,4,1444.628923
-3.325533,4,1444.704923
-3.296271,4,1444.769922
-3.349655,4,1444.835676
-1.131144,2,1444.866677
-2.278255,3,1444.947181
-2.280661,3,1445.000182
-2.176891,3,1445.05218
-1.08132,2,1445.08118
-2.176207,3,1445.14018
-1.07267,2,1445.174181
-2.171093,3,1445.23218
-2.275891,3,1445.278179
-1.120195,2,1445.31318
-1.096524,2,1445.347179
-2.218601,3,1445.38818
-2.173063,3,1445.435266
-1.089421,2,1445.475267
-2.246711,3,1445.518267
-2.160707,3,1445.567555
-1.116368,2,1445.60056
-1.095027,2,1445.636066
-2.1676,3,1445.683065
-0.026047,1,1445.699064
-2.185955,3,1445.748065
-1.066404,2,1445.785067
-3.29995,4,1445.847145
-0.036927,1,1445.864147
-2.230913,3,1445.931146
-2.172618,3,1445.983324
-1.146663,2,1446.015624
-2.291317,3,1446.062623
-3.318342,4,1446.126622
-2.221133,3,1446.178621
-1.11354,2,1446.208622
-2.219559,3,1446.254622
-1.122706,2,1446.287628
-2.220046,3,1446.341621
-2.246207,3,1446.387623
-2.225387,3,1446.434621
-3.322759,4,1446.493624
-1.150662,2,1446.528622
-1.10787,2,1446.560622
-0.027005,1,1446.576622
-2.238339,3,1446.623622
-2.277303,3,1446.676622
-2.249269,3,1446.719622
-2.200763,3,1446.759624
-1.137753,2,1446.790131
-2.158659,3,1446.837132
-2.268102,3,1446.875131
-3.338283,4,1446.928321
-2.172521,3,1446.96732
-2.16871,3,1447.014321
-0.007137,1,1447.028321
-2.272615,3,1447.068321
-2.213899,3,1447.109323
-3.300301,4,1447.166321
-1.119925,2,1447.19232
-2.175028,3,1447.235321
-3.306998,4,1447.291322
-2.197138,3,1447.340321
-2.206431,3,1447.386321
-2.217475,3,1447.42732
-2.184402,3,1447.472322
-2.280216,3,1447.519321
-1.146351,2,1447.548321
-0.033676,1,1447.561321
-2.221353,3,1447.601321
-3.286468,4,1447.661321
-2.256804,3,1447.703322
-2.241721,3,1447.744321
-2.196156,3,1447.788321
-1.09591,2,1447.819321
-2.197018,3,1447.857321
-1.089939,2,1447.885322
-2.235565,3,1447.927828
-2.21848,3,1447.974831
-2.171441,3,1448.015829
-3.275326,4,1448.068829
-1.1338,2,1448.098828
-1.067872,2,1448.127827
-2.262111,3,1448.166828
-2.275541,3,1448.20583
-2.226749,3,1448.245828
-2.264236,3,1448.287829
-2.228865,3,1448.326828
-0.042819,1,1448.339829
-2.212581,3,1448.381829
-0.028311,1,1448.397828
-3.293134,4,1448.450829
-2.193416,3,1448.488828
-2.226248,3,1448.525828
-0.018623,1,1448.545827
-2.225958,3,1448.590828
-2.199808,3,1448.636828
-2.289604,3,1448.679828
-1.120852,2,1448.714828
-2.271403,3,1448.758828
-2.217557,3,1448.801828
-1.095429,2,1448.832828
-0.016635,1,1448.849829
-1.096153,2,1448.877828
-2.192834,3,1448.916828
-2.235673,3,1448.95683
-0.019339,1,1448.976828
-1.103812,2,1449.002829
-0.049924,1,1449.017828
-3.365091,4,1449.074339
-2.243566,3,1449.123339
-2.249912,3,1449.166339
-2.187361,3,1449.211338
-0.01356,1,1449.225339
-0.027151,1,1449.24534
-3.4155,4,1449.29734
-3.383391,4,1449.352559
-2.257925,3,1449.391559
-1.063121,2,1449.428558
-2.171927,3,1449.472559
-2.23743,3,1449.521666
-2.202783,3,1449.566666
-0.007516,1,1449.585666
-2.182123,3,1449.632666
-2.227296,3,1449.673667
-2.220508,3,1449.716666
-2.238233,3,1449.767667
-3.338574,4,1449.823666
-2.201773,3,1449.870665
-2.233228,3,1449.914666
-3.318472,4,1449.982946
-2.264851,3,1450.028945
-2.184724,3,1450.074946
-2.184925,3,1450.120947
-1.111066,2,1450.161945
-3.33782,4,1450.226459
-2.208598,3,1450.272455
-2.215955,3,1450.319456
-2.173772,3,1450.362457
-1.134494,2,1450.389456
-2.160411,3,1450.431628
-1.099262,2,1450.45663
-2.189278,3,1450.50272
-2.205515,3,1450.54472
-3.281783,4,1450.599718
-1.092036,2,1450.629719
-3.307953,4,1450.691719
-1.143537,2,1450.719719
-3.390027,4,1450.777719
-2.260623,3,1450.81872
-2.187052,3,1450.863719
-1.099191,2,1450.889719
-2.202472,3,1450.92772
-2.169475,3,1450.96872
-2.237477,3,1451.01272
-2.164993,3,1451.052718
-3.299626,4,1451.103847
-2.253793,3,1451.147846
-3.320441,4,1451.207845
-2.261857,3,1451.248846
-2.188931,3,1451.293846
-2.183498,3,1451.334846
-2.253277,3,1451.378352
-0.029883,1,1451.395355
-2.220669,3,1451.434436
-0.048994,1,1451.448436
-1.129014,2,1451.483437
-3.350678,4,1451.540437
-1.118453,2,1451.569437
-3.305835,4,1451.62557
-1.120077,2,1451.655568
-1.109706,2,1451.683568
-0.049077,1,1451.696569
-1.073284,2,1451.726894
-1.079442,2,1451.758893
-2.248148,3,1451.798893
-2.200639,3,1451.838893
-3.386569,4,1451.890893
-2.204385,3,1451.935893
-2.193383,3,1451.978893
-2.246076,3,1452.016894
-1.104118,2,1452.042893
-2.211535,3,1452.088893
-2.249066,3,1452.132894
-3.336168,4,1452.186893
-1.080944,2,1452.210893
-2.262162,3,1452.256894
-2.157588,3,1452.297894
-2.181604,3,1452.339894
-2.238899,3,1452.378893
-0.032929,1,1452.399893
-3.382522,4,1452.452275
-2.16105,3,1452.495277
-0.042724,1,1452.508276
-0.019449,1,1452.528279
-2.271304,3,1452.573784
-0.011273,1,1452.588785
-2.284773,3,1452.632785
-0.012328,1,1452.651785
-2.165849,3,1452.693785
-0.024151,1,1452.710784
-2.16518,3,1452.749785
-1.118295,2,1452.780785
-2.216425,3,1452.822784
-2.25564,3,1452.862786
-3.329748,4,1452.917784
-0.021043,1,1452.940787
-1.127429,2,1452.979784
-2.2559,3,1453.028949
-1.101402,2,1453.05895
-1.083996,2,1453.091951
-1.100051,2,1453.12195
-1.112775,2,1453.150951
-1.093815,2,1453.17695
-2.216853,3,1453.22195
-2.229143,3,1453.26495
-1.11613,2,1453.29295
-0.011994,1,1453.306951
-2.200331,3,1453.34895
-3.326885,4,1453.400017
-1.119681,2,1453.425017
-2.16442,3,1453.463018
-1.116622,2,1453.494017
-2.223783,3,1453.533018
-3.316197,4,1453.588018
-3.313842,4,1453.654018
-2.189808,3,1453.727531
-2.241382,3,1453.781703
-3.355731,4,1453.85382
-1.136882,2,1453.887821
-3.335586,4,1453.96582
-2.170818,3,1454.011977
-2.168155,3,1454.065977
-3.327896,4,1454.125975
-3.312338,4,1454.193975
-0.040472,1,1454.207975
-2.26278,3,1454.248974
-1.140371,2,1454.275071
-0.0355,1,1454.294071
-1.135296,2,1454.323073
-2.224359,3,1454.365071
-1.087877,2,1454.394072
-0.040875,1,1454.415072
-0.040141,1,1454.427071
-3.349981,4,1454.474072
-2.287228,3,1454.508072
-2.220662,3,1454.549071
-3.38883,4,1454.600071
-1.086151,2,1454.625073
-3.312549,4,1454.676072
-2.168329,3,1454.718073
-2.196494,3,1454.752071
-2.223196,3,1454.784071
-2.232484,3,1454.820074
-0.045203,1,1454.836073
-0.035518,1,1454.848071
-2.271242,3,1454.883074
-3.347242,4,1454.933581
-2.245299,3,1454.979581
-3.310643,4,1455.033581
-2.236233,3,1455.06858
-3.310791,4,1455.11758
-2.227801,3,1455.155689
-2.182518,3,1455.189689
-3.357,4,1455.238689
-2.159369,3,1455.27569
-3.367582,4,1455.32569
-2.231412,3,1455.36469
-2.255037,3,1455.40069
-2.216133,3,1455.43569
-2.230048,3,1455.47569
-0.010744,1,1455.486689
-2.206726,3,1455.522689
-1.136488,2,1455.547688
-1.106922,2,1455.577689
-0.031161,1,1455.589691
-2.235693,3,1455.628689
-0.019928,1,1455.642688
-2.218777,3,1455.683689
-3.301156,4,1455.734689
-2.226695,3,1455.770689
-2.270071,3,1455.810689
-2.229272,3,1455.85269
-1.115319,2,1455.876692
-2.266829,3,1455.913689
-2.189535,3,1455.952689
-2.279098,3,1455.993809
-2.166417,3,1456.030321
-2.161417,3,1456.068321
-1.079988,2,1456.09232
-3.338893,4,1456.152336
-1.116247,2,1456.180321
-3.345113,4,1456.228321
-1.130967,2,1456.252321
-2.176526,3,1456.298321
-2.278183,3,1456.337321
-1.080138,2,1456.360321
-1.132597,2,1456.386321
-2.186182,3,1456.422321
-2.225068,3,1456.45932
-3.274806,4,1456.506321
-2.225539,3,1456.54432
-0.022017,1,1456.561321
-3.423373,4,1456.608321
-3.353422,4,1456.657322
-2.210369,3,1456.690321
-2.210326,3,1456.735321
-2.176478,3,1456.771321
-1.105223,2,1456.79432
-2.267813,3,1456.831321
-2.197295,3,1456.872321
-3.304759,4,1456.925321
-2.235281,3,1456.96532
-2.238046,3,1457.00632
-1.100756,2,1457.034321
-2.246533,3,1457.06932
-2.177588,3,1457.104321
-1.125706,2,1457.130321
-2.213676,3,1457.169321
-3.356393,4,1457.215828
-3.381952,4,1457.262828
-0.017743,1,1457.275829
-0.037249,1,1457.292828
-0.024146,1,1457.310829
-3.297116,4,1457.358827
-2.214498,3,1457.392828
-3.313742,4,1457.448829
-3.392695,4,1457.497828
-2.247614,3,1457.536827
-0.011327,1,1457.547827
-0.026958,1,1457.563828
-2.200371,3,1457.596827
-2.191512,3,1457.634827
-2.214664,3,1457.671827
-2.289604,3,1457.710827
-2.182619,3,1457.742827
-2.242551,3,1457.776828
-2.253269,3,1457.812831
-2.182082,3,1457.852827
-1.107853,2,1457.877829
-2.159642,3,1457.911828
-0.025234,1,1457.924827
-2.273406,3,1457.967828
-1.144345,2,1457.993828
-1.140328,2,1458.016828
-3.297598,4,1458.064827
-2.247776,3,1458.107828
-2.184964,3,1458.141827
-3.407803,4,1458.192133
-2.168819,3,1458.227134
-2.190731,3,1458.265135
-1.090721,2,1458.290134
-1.10248,2,1458.317133
-1.142609,2,1458.340137
-2.163859,3,1458.382645
-2.183992,3,1458.427645
-3.411561,4,1458.474645
-2.215598,3,1458.511645
-2.179118,3,1458.554644
-2.221763,3,1458.589646
-2.225215,3,1458.623645
-1.120747,2,1458.648644
-2.233898,3,1458.692644
-2.253919,3,1458.728644
-3.324839,4,1458.779644
-2.221475,3,1458.816644
-2.238723,3,1458.859644
-2.22876,3,1458.895646
-2.24908,3,1458.932645
-2.172777,3,1458.969645
-2.162631,3,1459.006646
-1.104413,2,1459.029645
-3.319203,4,1459.080644
-3.347416,4,1459.128644
-2.161009,3,1459.173646
-2.189038,3,1459.208644
-2.223145,3,1459.244649
-3.321209,4,1459.293644
-3.297389,4,1459.346644
-3.315021,4,1459.397644
-3.364344,4,1459.446645
-3.321028,4,1459.492153
-3.282502,4,1459.548151
-1.104076,2,1459.573152
-2.181821,3,1459.610152
-2.214677,3,1459.654153
-3.389256,4,1459.739153
-3.399987,4,1459.804153
-2.201511,3,1459.849153
-1.134824,2,1459.876153
-0.039379,1,1459.895153
-0.037846,1,1459.909153
-2.24903,3,1459.954153
-1.131529,2,1459.985154
-3.358805,4,1460.052152
-1.143133,2,1460.083153
-0.015835,1,1460.095153
-2.214154,3,1460.137152
-2.197844,3,1460.178152
-2.250466,3,1460.215153
-0.022193,1,1460.226153
-2.277592,3,1460.262152
-1.132977,2,1460.292151
-1.076765,2,1460.315152
-1.138772,2,1460.340153
-2.183527,3,1460.374153
-3.346937,4,1460.427152
-2.256857,3,1460.470153
-1.062533,2,1460.501156
-2.266975,3,1460.541153
-0.037707,1,1460.556152
-2.189808,3,1460.591393
-1.079844,2,1460.617393
-2.266783,3,1460.654339
-0.024893,1,1460.671339
-0.045839,1,1460.68334
-1.142375,2,1460.706339
-2.190272,3,1460.74734
-2.219883,3,1460.782339
-2.206875,3,1460.81834
-2.266824,3,1460.854414
-2.240355,3,1460.891415
-2.168588,3,1460.941415
-2.243447,3,1460.983415
-2.254944,3,1461.020497
-3.308941,4,1461.068496
-2.22722,3,1461.108617
-3.403001,4,1461.159617
-2.218699,3,1461.195617
-3.280056,4,1461.241616
-3.37855,4,1461.291616
-3.409793,4,1461.337616
-2.167442,3,1461.375616
-3.331879,4,1461.424616
-1.103773,2,1461.452616
-1.094219,2,1461.476616
-2.218823,3,1461.515616
-2.218127,3,1461.549616
-2.227783,3,1461.590617
-1.083678,2,1461.614617
-3.30861,4,1461.667617
-2.230351,3,1461.700616
-1.10607,2,1461.729617
-2.200947,3,1461.766617
-1.077559,2,1461.790617
-3.395405,4,1461.835126
-0.014242,1,1461.852127
-3.31178,4,1461.900126
-1.140589,2,1461.929127
-3.33581,4,1461.978128
-3.287723,4,1462.025128
-3.407084,4,1462.069129
-2.172183,3,1462.105127
-2.182276,3,1462.137127
-1.140087,2,1462.166127
-1.139962,2,1462.191127
-3.316877,4,1462.236127
-3.339302,4,1462.285126
-2.251359,3,1462.327127
-3.309332,4,1462.378126
-2.16407,3,1462.413126
-3.301791,4,1462.468127
-3.310104,4,1462.520128
-1.101803,2,1462.541126
-3.455091,4,1462.589127
-2.203626,3,1462.625126
-3.303258,4,1462.679128
-2.162515,3,1462.713127
-2.24038,3,1462.747126
-2.240065,3,1462.783127
-3.371834,4,1462.834126
-2.164778,3,1462.869126
-1.12631,2,1462.893127
-2.20037,3,1462.933128
-1.149106,2,1462.96613
-2.178738,3,1463.004636
-1.128234,2,1463.033636
-2.16671,3,1463.072636
-2.218569,3,1463.112636
-2.203539,3,1463.149635
-1.129608,2,1463.172635
-0.033153,1,1463.184635
-3.331404,4,1463.235636
-1.139116,2,1463.259636
-2.275688,3,1463.295637
-2.237128,3,1463.331636
-1.139099,2,1463.361635
-2.203873,3,1463.395636
-1.12911,2,1463.420636
-2.163648,3,1463.459635
-2.178008,3,1463.496636
-3.366249,4,1463.547635
-0.044728,1,1463.559636
-3.274796,4,1463.613065
-0.04828,1,1463.628228
-2.225737,3,1463.662226
-2.165598,3,1463.702228
-2.250938,3,1463.742228
-0.047324,1,1463.759227
-2.201443,3,1463.796228
-3.283742,4,1463.846228
-2.18919,3,1463.879228
-2.246427,3,1463.929227
-3.318578,4,1463.979227
-2.214674,3,1464.014228
-2.220642,3,1464.047227
-3.343247,4,1464.098228
-1.094939,2,1464.123229
-2.190944,3,1464.163737
-2.160953,3,1464.202737
-2.169969,3,1464.244736
-0.028517,1,1464.255736
-3.366311,4,1464.303736
-2.2649,3,1464.339737
-0.044775,1,1464.356736
-3.344798,4,1464.404736
-1.104078,2,1464.429736
-2.238899,3,1464.465737
-2.184125,3,1464.503737
-1.115787,2,1464.526738
-3.347342,4,1464.576737
-2.234574,3,1464.612736
-2.249233,3,1464.652736
-0.02994,1,1464.666736
-3.395404,4,1464.715736
-1.082022,2,1464.739737
-2.273615,3,1464.780737
-2.28183,3,1464.816739
-2.233716,3,1464.853736
-1.108568,2,1464.876737
-1.094029,2,1464.906736
-1.125356,2,1464.931736
-3.326887,4,1464.980737
-1.101352,2,1465.006737
-2.261878,3,1465.046736
-0.047079,1,1465.057736
-1.125676,2,1465.080737
-1.112055,2,1465.105737
-2.174795,3,1465.146737
-3.376844,4,1465.192736
-2.189427,3,1465.232737
-2.179984,3,1465.269739
-2.24002,3,1465.314197
-0.018537,1,1465.329196
-1.119199,2,1465.352196
-3.337411,4,1465.402195
-1.074394,2,1465.430195
-0.009193,1,1465.441195
-1.116265,2,1465.465195
-2.232659,3,1465.501195
-2.247989,3,1465.545194
-0.035991,1,1465.558195
-2.257128,3,1465.593194
-0.024672,1,1465.606194
-1.149327,2,1465.635194
-2.267456,3,1465.678195
-1.076918,2,1465.702195
-2.250472,3,1465.738194
-3.288421,4,1465.792194
-0.04891,1,1465.806195
-2.158723,3,1465.841195
-3.322385,4,1465.894196
-2.241282,3,1465.941195
-2.22716,3,1465.981196
-1.119139,2,1466.007195
-1.0992,2,1466.034197
-1.111725,2,1466.064196
-1.113954,2,1466.091195
-1.130095,2,1466.117196
-3.401162,4,1466.165195
-2.258963,3,1466.209196
-3.349061,4,1466.264194
-0.045482,1,1466.278195
-3.301941,4,1466.332196
-1.091273,2,1466.364195
-2.255628,3,1466.403195
-2.254591,3,1466.443704
-3.338771,4,1466.493704
-3.401509,4,1466.555703
-0.031268,1,1466.571707
-1.068413,2,1466.597704
-2.162013,3,1466.640704
-2.1916,3,1466.681704
-2.193977,3,1466.717706
-1.074656,2,1466.741704
-1.070183,2,1466.768704
-0.049448,1,1466.784704
-1.068236,2,1466.808705
-2.205932,3,1466.844704
-1.133312,2,1466.873705
-3.382725,4,1466.927704
-1.119101,2,1466.954704
-2.234316,3,1466.994704
-2.252614,3,1467.028704
-2.237086,3,1467.066706
-3.331544,4,1467.116704
-3.332018,4,1467.163703
-2.238836,3,1467.201705
-2.220904,3,1467.242705
-3.272841,4,1467.292704
-3.324146,4,1467.339705
-2.202716,3,1467.375704
-2.232388,3,1467.417704
-2.265504,3,1467.449704
-2.275285,3,1467.486704
-2.243586,3,1467.524704
-3.442687,4,1467.576706
-2.23124,3,1467.611213
-1.129045,2,1467.640213
-0.017033,1,1467.655213
-2.201551,3,1467.697213
-3.370195,4,1467.750213
-2.256685,3,1467.787338
-2.201373,3,1467.827471
-0.047831,1,1467.84447
-1.09365,2,1467.868469
-1.143697,2,1467.89247
-2.194805,3,1467.930469
-3.314805,4,1467.988468
-1.150101,2,1468.011469
-1.09179,2,1468.034469
-2.266615,3,1468.06947
-2.165388,3,1468.112468
-2.180347,3,1468.149468
-1.135241,2,1468.172469
-3.357082,4,1468.224469
-1.092011,2,1468.25347
-1.128341,2,1468.279469
-0.016923,1,1468.291469
-1.0682,2,1468.317469
-1.112003,2,1468.346468
-1.110442,2,1468.37147
-2.243999,3,1468.40947
-1.081609,2,1468.43347
-3.295122,4,1468.485469
-2.258955,3,1468.523469
-0.041363,1,1468.53647
-0.019237,1,1468.549469
-2.266705,3,1468.59047
-1.089759,2,1468.616469
-3.329588,4,1468.664469
-2.275093,3,1468.70347
-2.194189,3,1468.747473
-1.116725,2,1468.775979
-2.211537,3,1468.82098
-1.132237,2,1468.85498
-2.232822,3,1468.905097
-2.161004,3,1468.951097
-2.19291,3,1468.993096
-2.260547,3,1469.030097
-2.226037,3,1469.075099
-1.083914,2,1469.102098
-1.125588,2,1469.129097
-3.316966,4,1469.186097
-0.03947,1,1469.205096
-1.107219,2,1469.23034
-2.254446,3,1469.27034
-1.120748,2,1469.298339
-2.223554,3,1469.338338
-3.35223,4,1469.384341
-3.300247,4,1469.433772
-2.274301,3,1469.470774
-0.042187,1,1469.487772
-0.029963,1,1469.499772
-2.276371,3,1469.537771
-2.170524,3,1469.575771
-3.318819,4,1469.632772
-3.307247,4,1469.678771
-1.116916,2,1469.703771
-3.359189,4,1469.754773
-2.243209,3,1469.796772
-1.082241,2,1469.821772
-2.207085,3,1469.859772
-2.24274,3,1469.895781
-2.174695,3,1469.937281
-2.180705,3,1469.97528
-2.235019,3,1470.010281
-2.249686,3,1470.049281
-0.003183,1,1470.06928
-2.245916,3,1470.108281
-2.249863,3,1470.146281
-1.087954,2,1470.172282
-2.216828,3,1470.216281
-1.135806,2,1470.242281
-2.195942,3,1470.279281
-1.119103,2,1470.304281
-2.207055,3,1470.348281
-1.13188,2,1470.37428
-2.249253,3,1470.41028
-2.229989,3,1470.443287
-1.12466,2,1470.476281
-0.03146,1,1470.48928
-0.038913,1,1470.503281
-3.34506,4,1470.552281
-2.173866,3,1470.593281
-2.274828,3,1470.631281
-0.043354,1,1470.644281
-2.238571,3,1470.684281
-3.32157,4,1470.740283
-2.234499,3,1470.778281
-3.319011,4,1470.830281
-3.309924,4,1470.906281
-0.046061,1,1470.935282
-3.319455,4,1471.01228
-0.006389,1,1471.029281
-0.040677,1,1471.049284
-0.036791,1,1471.069793
-2.204523,3,1471.110792
-3.307662,4,1471.164793
-1.109581,2,1471.194793
-1.089011,2,1471.227793
-1.081884,2,1471.256793
-0.014048,1,1471.272793
-2.268122,3,1471.314794
-2.202974,3,1471.354794
-0.038047,1,1471.368793
-2.182317,3,1471.409793
-2.256142,3,1471.447792
-0.045194,1,1471.465793
-1.076048,2,1471.488792
-2.248256,3,1471.526793
-1.126524,2,1471.552794
-2.190525,3,1471.595794
-1.097492,2,1471.620792
-2.230179,3,1471.656792
-1.106094,2,1471.682793
-1.071959,2,1471.714792
-2.306069,3,1471.754793
-3.290822,4,1471.806792
-1.127266,2,1471.835792
-2.166524,3,1471.875793
-2.212302,3,1471.913804
-2.300162,3,1471.956793
-3.323383,4,1472.009793
-3.336596,4,1472.060793
-2.20371,3,1472.098792
-1.10237,2,1472.125793
-3.287961,4,1472.177794
-2.262621,3,1472.222303
-2.170523,3,1472.263304
-2.246811,3,1472.297303
-2.249151,3,1472.334304
-1.093638,2,1472.367303
-3.356134,4,1472.419304
-2.231124,3,1472.455303
-3.370602,4,1472.504304
-0.036902,1,1472.521303
-2.174897,3,1472.557303
-3.411265,4,1472.613304
-0.022911,1,1472.626303
-2.257914,3,1472.668303
-3.368939,4,1472.719304
-2.244924,3,1472.756303
-1.142341,2,1472.776303
-2.182019,3,1472.819304
-3.276575,4,1472.870304
-1.095802,2,1472.896304
-2.194827,3,1472.935303
-2.198114,3,1472.983303
-2.170994,3,1473.023303
-2.182287,3,1473.057303
-2.275615,3,1473.091303
-1.067816,2,1473.119304
-2.271049,3,1473.159303
-2.197524,3,1473.198304
-1.118746,2,1473.223304
-1.109612,2,1473.252304
-1.115627,2,1473.274303
-2.227618,3,1473.310303
-1.074943,2,1473.333303
-0.035676,1,1473.350304
-2.154456,3,1473.388818
-1.120715,2,1473.413811
-2.213545,3,1473.454813
-1.144932,2,1473.484812
-2.191085,3,1473.524812
-2.183383,3,1473.566812
-2.169826,3,1473.603812
-2.19297,3,1473.647811
-1.122748,2,1473.67481
-2.215086,3,1473.71081
-2.237796,3,1473.753812
-2.20615,3,1473.79581
-2.311352,3,1473.831811
-1.113986,2,1473.855812
-0.049483,1,1473.866811
-3.271441,4,1473.919811
-0.040406,1,1473.934812
-0.026022,1,1473.947811
-1.135755,2,1473.971812
-3.38866,4,1474.025811
-3.316663,4,1474.075811
-3.348338,4,1474.126811
-3.310212,4,1474.176812
-3.320646,4,1474.233811
-1.131728,2,1474.258811
-1.122323,2,1474.286811
-2.159825,3,1474.32381
-1.136957,2,1474.351811
-2.189639,3,1474.38881
-1.114219,2,1474.413812
-3.290072,4,1474.462812
-3.314892,4,1474.511815
-2.25235,3,1474.550318
-3.352532,4,1474.598318
-0.004728,1,1474.610318
-0.036927,1,1474.629319
-2.183705,3,1474.667318
-2.187707,3,1474.701318
-3.384115,4,1474.751318
-2.238726,3,1474.788318
-2.225241,3,1474.82452
-1.093387,2,1474.85252
-2.200389,3,1474.897521
-2.200504,3,1474.941521
-1.093975,2,1474.96752
-2.188682,3,1475.006521
-3.351415,4,1475.052522
-0.048832,1,1475.070521
-0.033129,1,1475.08252
-3.294851,4,1475.134067
-2.189601,3,1475.172065
-3.389629,4,1475.226065
-1.087102,2,1475.252067
-3.324187,4,1475.301066
-1.132007,2,1475.328066
-1.145944,2,1475.357064
-1.137636,2,1475.382065
-3.292519,4,1475.437066
-0.038828,1,1475.449064
-3.350758,4,1475.507065
-0.049705,1,1475.520066
-0.029716,1,1475.534065
-3.318537,4,1475.583066
-2.250095,3,1475.627065
-2.226579,3,1475.668068
-3.376736,4,1475.726574
-2.236296,3,1475.765574
-1.10049,2,1475.795574
-3.348061,4,1475.847574
-2.219815,3,1475.887573
-1.126085,2,1475.911573
-0.027907,1,1475.931573
-3.364066,4,1475.986574
-2.211642,3,1476.025574
-1.106301,2,1476.053574
-2.197499,3,1476.097574
-3.316082,4,1476.149574
-2.156221,3,1476.187574
-1.117345,2,1476.213573
-2.191244,3,1476.255574
-3.375935,4,1476.305573
-2.181287,3,1476.343573
-1.128389,2,1476.369573
-2.251106,3,1476.410574
-1.088914,2,1476.439573
-1.140311,2,1476.463573
-2.199004,3,1476.498573
-1.131508,2,1476.532573
-3.342282,4,1476.582574
-1.101376,2,1476.607575
-2.173584,3,1476.647573
-2.228994,3,1476.682573
-2.215296,3,1476.720573
-2.251324,3,1476.755573
-2.176109,3,1476.792574
-3.276,4,1476.848082
-1.085805,2,1476.876081
-1.103883,2,1476.90008
-1.131423,2,1476.928082
-3.292451,4,1476.991082
-3.358567,4,1477.041082
-1.10617,2,1477.070082
-3.347488,4,1477.121083
-0.028179,1,1477.138081
-2.227098,3,1477.178082
-1.079648,2,1477.205081
-3.288688,4,1477.255081
-3.300959,4,1477.313081
-2.233647,3,1477.347081
-2.25534,3,1477.383081
-2.162056,3,1477.42108
-2.229135,3,1477.464081
-1.126847,2,1477.487081
-3.318808,4,1477.534081
-0.037371,1,1477.546081
-1.077114,2,1477.572082
-2.209958,3,1477.609082
-3.286272,4,1477.658081
-2.232454,3,1477.697081
-2.233161,3,1477.735081
-2.173761,3,1477.770081
-2.177573,3,1477.809082
-3.364701,4,1477.855081
-1.095878,2,1477.884081
-2.223882,3,1477.921081
-2.210074,3,1477.960082
-1.079254,2,1478.001087
-2.202733,3,1478.0646
-3.320811,4,1478.135597
-0.040746,1,1478.151601
-1.11881,2,1478.183597
-2.167034,3,1478.228597
-2.213231,3,1478.267596
-2.244269,3,1478.305596
-2.168383,3,1478.348596
-2.166255,3,1478.398597
-2.266395,3,1478.441597
-0.025696,1,1478.455597
-3.327682,4,1478.505596
-3.288786,4,1478.559597
-3.302719,4,1478.606597
-1.143517,2,1478.636597
-2.264572,3,1478.675597
-0.048995,1,1478.691597
-2.238501,3,1478.728597
-3.384656,4,1478.776596
-3.345268,4,1478.825596
-2.222512,3,1478.868596
-2.237401,3,1478.908596
-2.243316,3,1478.945596
-1.115766,2,1478.974596
-1.075684,2,1479.004596
-3.37668,4,1479.051596
-3.303435,4,1479.099597
-3.31445,4,1479.148596
-0.020021,1,1479.164596
-1.066841,2,1479.190101
-1.10899,2,1479.214104
-1.134703,2,1479.240105
-2.273849,3,1479.286104
-1.124382,2,1479.310104
-1.140073,2,1479.335106
-1.089229,2,1479.359105
-1.093542,2,1479.388104
-1.12912,2,1479.414104
-3.436833,4,1479.463104
-1.116038,2,1479.489106
-2.261527,3,1479.531104
-1.11339,2,1479.554105
-3.342799,4,1479.601104
-0.021983,1,1479.616105
-1.117182,2,1479.648104
-3.310074,4,1479.704105
-1.107157,2,1479.732116
-2.167465,3,1479.772105
-1.143721,2,1479.802105
-2.257845,3,1479.841105
-1.129933,2,1479.865104
-2.227846,3,1479.903104
-2.221268,3,1479.941106
-1.120567,2,1479.969104
-2.247629,3,1480.010105
-1.118566,2,1480.034105
-1.089177,2,1480.063118
-0.030603,1,1480.076104
-2.193027,3,1480.114105
-3.32745,4,1480.166109
-2.249594,3,1480.207104
-2.225665,3,1480.244104
-3.333419,4,1480.293105
-2.237835,3,1480.332104
-1.10647,2,1480.362619
-2.183542,3,1480.400613
-3.313997,4,1480.455613
-2.300545,3,1480.499614
-3.332626,4,1480.555614
-3.295085,4,1480.608614
-2.229899,3,1480.649614
-3.278848,4,1480.698615
-2.230441,3,1480.744613
-1.106149,2,1480.770613
-2.233531,3,1480.810614
-2.261607,3,1480.848614
-3.438201,4,1480.907613
-2.203952,3,1480.945614
-2.25274,3,1480.983613
-2.174389,3,1481.023615
-3.313703,4,1481.113616
-2.18544,3,1481.167615
-2.207579,3,1481.216614
-3.288021,4,1481.276614
-3.324127,4,1481.331613
-0.028308,1,1481.345614
-2.251444,3,1481.389613
-1.130298,2,1481.417613
-0.015111,1,1481.437615
-2.198457,3,1481.473614
-2.236957,3,1481.512122
-2.261213,3,1481.551121
-1.098768,2,1481.581123
-2.240496,3,1481.620121
-3.288823,4,1481.667122
-3.356965,4,1481.717122
-0.021612,1,1481.731122
-2.170347,3,1481.771122
-2.273403,3,1481.808121
-2.23251,3,1481.843122
-2.179611,3,1481.884121
-0.047413,1,1481.896122
-2.211275,3,1481.938122
-2.226174,3,1481.978122
-3.285876,4,1482.036122
-2.261394,3,1482.076121
-2.262799,3,1482.116123
-2.307357,3,1482.157121
-2.187378,3,1482.198122
-2.165928,3,1482.239121
-0.012106,1,1482.253121
-2.232389,3,1482.288122
-2.162304,3,1482.330122
-2.255184,3,1482.369121
-2.240914,3,1482.407121
-3.326908,4,1482.456122
-2.246191,3,1482.497123
-3.289199,4,1482.546122
-3.353788,4,1482.596121
-2.281839,3,1482.633122
-1.125408,2,1482.662632
-1.121237,2,1482.690633
-3.31437,4,1482.739632
-2.180564,3,1482.777634
-2.185212,3,1482.822633
-2.22062,3,1482.859632
-2.173802,3,1482.897633
-0.047577,1,1482.911633
-2.244963,3,1482.954633
-2.234237,3,1482.992633
-2.25043,3,1483.031634
-2.187785,3,1483.068633
-1.113513,2,1483.096633
-3.324467,4,1483.147633
-2.178663,3,1483.184633
-1.080049,2,1483.210633
-1.076469,2,1483.241633
-3.401883,4,1483.289633
-3.346384,4,1483.336633
-2.251118,3,1483.375632
-1.135829,2,1483.405633
-2.169068,3,1483.447634
-1.129642,2,1483.475632
-2.151272,3,1483.512633
-1.131064,2,1483.543633
-2.20631,3,1483.587633
-2.231853,3,1483.623633
-3.373639,4,1483.672634
-1.110968,2,1483.700633
-1.083525,2,1483.724633
-0.041077,1,1483.737632
-2.242706,3,1483.775633
-1.112891,2,1483.805636
-3.293251,4,1483.855141
-2.174822,3,1483.89614
-2.228362,3,1483.934147
-3.276412,4,1483.99614
-3.303117,4,1484.051141
-0.041063,1,1484.063141
-1.064754,2,1484.08714
-1.120119,2,1484.121141
-1.068333,2,1484.14614
-2.2001,3,1484.182141
-1.126652,2,1484.20714
-0.038007,1,1484.22614
-3.381276,4,1484.27614
-2.168819,3,1484.31414
-2.237224,3,1484.36914
-3.32592,4,1484.423141
-3.29278,4,1484.468141
-2.189907,3,1484.504141
-2.199941,3,1484.54014
-2.254094,3,1484.58214
-3.35698,4,1484.62814
-3.323718,4,1484.679141
-3.295731,4,1484.72614
-2.23097,3,1484.76814
-2.29025,3,1484.805141
-0.048984,1,1484.81914
-2.19571,3,1484.85514
-2.177734,3,1484.898142
-1.12484,2,1484.922142
-1.134658,2,1484.94614
-2.234146,3,1484.986654
-1.110076,2,1485.016652
-0.047938,1,1485.028649
-0.009715,1,1485.04065
-3.425801,4,1485.092649
-1.092352,2,1485.122651
-1.07617,2,1485.145649
-3.334565,4,1485.193649
-1.131648,2,1485.220649
-2.180338,3,1485.258649
-0.041292,1,1485.27165
-3.296778,4,1485.31965
-1.063863,2,1485.34265
-0.045498,1,1485.36065
-2.255303,3,1485.39665
-3.334416,4,1485.45165
-0.044352,1,1485.463649
-2.203078,3,1485.503649
-2.266492,3,1485.53765
-2.238981,3,1485.57465
-3.324761,4,1485.626649
-2.19771,3,1485.66765
-1.089419,2,1485.68965
-2.204543,3,1485.725649
-2.232539,3,1485.76165
-0.038602,1,1485.77865
-0.047249,1,1485.791651
-0.022441,1,1485.807651
-1.115308,2,1485.83365
-3.363824,4,1485.886651
-2.273688,3,1485.925649
-1.069231,2,1485.950651
-2.170634,3,1485.989649
-3.351195,4,1486.045652
-2.201219,3,1486.083649
-2.182178,3,1486.12265
-2.230774,3,1486.15916
-1.13447,2,1486.18716
-0.029238,1,1486.20216
-1.144156,2,1486.228161
-3.30486,4,1486.280161
-3.361257,4,1486.337161
-2.164081,3,1486.376161
-2.239491,3,1486.417161
-3.388458,4,1486.466161
-0.049567,1,1486.483161
-2.303583,3,1486.518161
-3.311309,4,1486.570161
-0.036434,1,1486.583161
-2.227585,3,1486.62816
-3.355656,4,1486.678161
-2.251891,3,1486.71616
-2.201145,3,1486.756161
-1.104703,2,1486.78416
-1.106718,2,1486.809161
-2.227878,3,1486.84416
-2.263677,3,1486.881161
-1.095043,2,1486.911161
-2.255195,3,1486.94516
-1.104314,2,1486.973161
-0.04954,1,1486.986175
-2.237784,3,1487.035161
-3.403271,4,1487.085161
-2.194144,3,1487.123162
-1.119096,2,1487.14716
-2.16545,3,1487.190161
-3.431982,4,1487.243161
-2.270512,3,1487.283674
-2.246821,3,1487.324674
-2.179653,3,1487.372674
-0.017959,1,1487.385677
-2.238051,3,1487.425673
-2.200293,3,1487.464674
-1.131217,2,1487.493673
-1.095214,2,1487.520674
-2.238875,3,1487.558674
-2.261773,3,1487.598674
-3.271838,4,1487.655674
-1.073693,2,1487.678941
-2.295063,3,1487.715941
-2.232078,3,1487.753942
-3.2927,4,1487.806942
-3.355963,4,1487.854053
-2.242853,3,1487.891053
-2.262891,3,1487.927052
-3.408041,4,1487.987053
-2.196225,3,1488.025052
-2.232022,3,1488.069053
-3.318641,4,1488.121157
-3.307293,4,1488.194158
-2.230482,3,1488.251158
-2.252248,3,1488.342965
-1.097164,2,1488.393963
-2.26109,3,1488.450475
-1.072642,2,1488.481475
-3.322302,4,1488.541476
-3.282322,4,1488.600477
-2.224112,3,1488.655476
-1.120557,2,1488.690476
-1.094961,2,1488.718476
-2.193106,3,1488.769475
-1.130582,2,1488.802474
-1.136032,2,1488.828474
-2.198304,3,1488.875475
-3.389915,4,1488.930475
-2.254578,3,1488.975475
-3.379255,4,1489.031475
-2.18432,3,1489.069475
-1.078589,2,1489.093475
-2.263803,3,1489.134475
-1.11638,2,1489.161475
-2.230022,3,1489.200476
-3.30572,4,1489.255476
-2.185858,3,1489.301475
-2.180022,3,1489.343475
-2.195702,3,1489.384475
-3.337884,4,1489.435483
-2.186603,3,1489.478475
-2.229386,3,1489.515475
-2.222203,3,1489.552475
-2.291155,3,1489.587476
-2.184009,3,1489.62899
-1.121196,2,1489.655131
-0.028823,1,1489.669131
-2.289056,3,1489.709131
-1.105684,2,1489.739131
-1.070623,2,1489.768132
-2.236374,3,1489.809132
-2.186607,3,1489.852132
-2.203764,3,1489.900132
-1.09507,2,1489.927131
-0.044529,1,1489.939132
-3.319555,4,1489.988133
-2.253357,3,1490.037131
-3.300445,4,1490.086131
-1.091001,2,1490.113132
-2.216126,3,1490.151131
-3.279422,4,1490.204132
-3.343956,4,1490.257131
-3.297843,4,1490.303131
-2.192892,3,1490.3402
-2.228222,3,1490.386364
-0.032827,1,1490.398364
-2.235607,3,1490.440364
-2.23836,3,1490.480363
-1.133543,2,1490.507363
-2.173269,3,1490.545363
-3.354791,4,1490.598573
-2.218661,3,1490.635572
-3.322954,4,1490.697572
-1.131232,2,1490.725572
-1.097538,2,1490.750572
-2.199055,3,1490.792083
-0.044724,1,1490.811083
-2.212963,3,1490.846083
-1.139911,2,1490.870083
-2.242007,3,1490.913188
-3.296343,4,1490.966188
-2.172553,3,1491.004189
-3.319806,4,1491.061307
-2.225198,3,1491.102307
-2.236638,3,1491.147307
-1.112912,2,1491.173308
-2.183093,3,1491.211307
-3.374533,4,1491.265307
-1.073088,2,1491.293308
-2.221549,3,1491.329307
-3.338656,4,1491.378307
-2.262009,3,1491.413306
-1.075821,2,1491.444307
-2.245141,3,1491.480659
-2.249886,3,1491.524649
-2.217747,3,1491.559647
-3.430687,4,1491.614647
-3.304405,4,1491.659647
-3.329645,4,1491.708647
-2.245703,3,1491.742648
-1.111279,2,1491.769647
-0.035661,1,1491.780647
-2.246269,3,1491.815647
-0.005335,1,1491.827648
-2.209886,3,1491.868648
-2.256276,3,1491.90965
-2.234071,3,1491.950375
-2.239656,3,1491.989375
-1.078974,2,1492.022375
-1.080994,2,1492.046374
-2.183948,3,1492.083375
-2.246962,3,1492.121376
-2.172336,3,1492.158374
-1.117198,2,1492.182374
-2.215837,3,1492.218374
-1.076125,2,1492.244375
-0.025891,1,1492.261375
-2.186589,3,1492.298374
-2.233768,3,1492.337505
-2.165295,3,1492.372502
-1.109099,2,1492.399502
-2.153967,3,1492.434505
-2.231005,3,1492.471501
-1.09621,2,1492.496501
-2.236347,3,1492.536503
-2.218563,3,1492.572501
-2.281944,3,1492.605503
-2.266166,3,1492.643502
-2.264924,3,1492.687502
-2.263806,3,1492.725502
-2.159796,3,1492.762502
-2.180273,3,1492.801502
-2.279863,3,1492.844502
-3.364178,4,1492.898503
-2.231496,3,1492.934843
-0.006323,1,1492.948843
-2.197615,3,1492.988843
-2.255241,3,1493.030843
-2.17001,3,1493.065844
-0.016277,1,1493.079348
-2.234583,3,1493.122646
-2.269581,3,1493.159647
-3.379487,4,1493.212646
-2.163453,3,1493.252646
-2.274792,3,1493.296647
-2.210172,3,1493.336647
-3.348164,4,1493.384646
-0.03876,1,1493.396649
-1.132267,2,1493.423647
-3.314131,4,1493.473647
-0.036794,1,1493.485646
-2.240475,3,1493.519648
-2.22386,3,1493.560647
-0.04709,1,1493.571647
-2.239488,3,1493.608648
-2.172211,3,1493.648647
-1.132425,2,1493.674646
-2.257606,3,1493.709646
-2.209057,3,1493.746647
-3.345975,4,1493.798648
-2.256242,3,1493.839647
-2.250944,3,1493.876646
-1.145157,2,1493.899647
-2.188372,3,1493.935646
-3.321589,4,1493.985646
-2.248331,3,1494.020647
-1.101767,2,1494.047646
-2.230812,3,1494.082883
-2.264402,3,1494.123885
-2.224682,3,1494.159883
-1.07422,2,1494.182884
-3.477953,4,1494.231884
-3.278009,4,1494.28539
-3.335063,4,1494.334391
-2.260294,3,1494.368391
-3.287874,4,1494.41639
-2.265092,3,1494.454499
-3.350634,4,1494.500501
-2.244935,3,1494.537502
-2.205702,3,1494.577501
-2.234806,3,1494.6195
-2.178036,3,1494.656499
-1.085662,2,1494.678499
-2.17488,3,1494.711562
-1.129955,2,1494.738658
-2.171667,3,1494.776658
-0.042743,1,1494.789659
-2.241993,3,1494.829658
-3.33581,4,1494.882657
-0.042135,1,1494.894658
-2.244423,3,1494.931658
-2.247961,3,1494.971659
-2.236435,3,1495.011751
-1.084283,2,1495.03575
-3.303541,4,1495.085749
-2.185481,3,1495.12275
-2.224657,3,1495.16275
-3.345307,4,1495.208749
-3.302078,4,1495.25475
-2.188376,3,1495.291749
-0.033388,1,1495.309749
-2.194983,3,1495.344749
-2.250567,3,1495.38675
-2.248776,3,1495.425259
-2.230979,3,1495.46645
-3.349211,4,1495.521449
-1.114556,2,1495.548449
-2.243406,3,1495.589449
-1.100907,2,1495.61745
-0.04212,1,1495.63256
-2.25817,3,1495.667559
-3.364821,4,1495.713559
-2.28214,3,1495.75363
-2.16695,3,1495.790737
-1.130777,2,1495.815738
-2.164478,3,1495.894737
-0.032484,1,1495.920964
-2.196994,3,1495.974196
-0.045535,1,1495.991194
-1.110206,2,1496.024196
-0.0348,1,1496.049195
-2.27985,3,1496.099194
-2.194835,3,1496.142194
-2.239805,3,1496.181194
-2.23111,3,1496.226195
-1.079768,2,1496.255194
-2.174646,3,1496.294196
-1.132949,2,1496.323195
-1.14682,2,1496.355196
-2.225515,3,1496.389193
-2.216477,3,1496.431195
-2.222658,3,1496.470194
-1.109864,2,1496.497194
-1.065921,2,1496.529196
-2.175612,3,1496.567194
-2.234454,3,1496.601701
-0.043259,1,1496.619705
-1.083674,2,1496.645704
-1.117174,2,1496.671705
-2.20746,3,1496.70603
-2.253416,3,1496.74903
-2.238541,3,1496.78303
-0.022217,1,1496.79503
-1.081918,2,1496.82503
-2.242149,3,1496.871029
-3.322998,4,1496.92603
-2.236428,3,1496.96603
-2.17421,3,1497.010029
-2.244285,3,1497.054029
-2.231646,3,1497.094032
-1.102483,2,1497.120029
-3.278416,4,1497.166029
-0.046296,1,1497.184029
-2.276508,3,1497.21703
-2.308572,3,1497.25103
-1.130526,2,1497.27603
-2.245041,3,1497.314104
-1.138225,2,1497.338104
-3.443309,4,1497.385104
-2.174214,3,1497.420104
-2.209141,3,1497.461105
-1.087479,2,1497.485105
-2.224043,3,1497.519105
-1.110277,2,1497.542104
-0.033806,1,1497.561104
-0.044955,1,1497.573105
-0.047742,1,1497.582105
-2.195861,3,1497.622105
-2.183572,3,1497.661104
-2.218761,3,1497.696104
-2.208229,3,1497.730104
-2.273925,3,1497.765615
-0.034746,1,1497.783616
-3.361007,4,1497.826616
-0.021182,1,1497.840615
-0.037358,1,1497.852618
-2.183445,3,1497.893615
-1.099957,2,1497.917616
-2.231864,3,1497.954614
-1.130126,2,1497.977615
-2.243947,3,1498.014615
-2.184748,3,1498.053781
-2.170849,3,1498.087782
-0.043062,1,1498.097781
-2.240789,3,1498.134782
-2.173908,3,1498.169783
-3.299854,4,1498.215898
-1.101302,2,1498.239026
-2.257574,3,1498.281026
-2.197371,3,1498.316157
-2.256991,3,1498.350158
-2.183649,3,1498.388157
-1.096482,2,1498.415157
-3.341669,4,1498.460157
-2.231175,3,1498.500158
-1.073671,2,1498.525158
-1.134983,2,1498.552157
-2.221352,3,1498.588158
-2.234253,3,1498.624158
-2.24253,3,1498.664157
-2.191888,3,1498.703439
-3.373425,4,1498.751437
-1.13204,2,1498.774437
-2.237467,3,1498.809437
-2.201649,3,1498.848438
-3.289753,4,1498.899441
-1.101007,2,1498.925949
-1.071464,2,1498.951074
-2.229573,3,1498.990073
-2.211396,3,1499.025074
-0.024582,1,1499.041074
-2.160635,3,1499.079072
-3.345209,4,1499.131073
-2.18458,3,1499.168073
-2.161723,3,1499.204241
-1.100475,2,1499.231241
-3.436494,4,1499.286242
-0.040287,1,1499.298241
-1.131136,2,1499.323242
-1.132849,2,1499.346241
-2.21899,3,1499.387241
-2.2525,3,1499.421241
-1.131123,2,1499.443241
-2.276559,3,1499.481241
-1.126736,2,1499.508241
-0.026853,1,1499.52124
-2.190897,3,1499.55824
-1.125443,2,1499.579241
-3.272925,4,1499.631242
-0.048187,1,1499.643241
-3.368194,4,1499.691241
-3.376684,4,1499.739241
-2.18166,3,1499.77824
-2.201326,3,1499.81624
-3.325525,4,1499.868243
-1.098898,2,1499.912241
-2.225241,3,1499.976242
-3.355999,4,1500.045242
-2.244869,3,1500.088753
-2.232264,3,1500.127748
-2.231567,3,1500.19775
-3.319168,4,1500.258749
-1.114697,2,1500.28775
-2.179033,3,1500.321749
-2.188832,3,1500.36675
-1.072725,2,1500.388749
-1.082388,2,1500.413749
-0.026176,1,1500.42575
-1.085023,2,1500.454749
-2.195014,3,1500.49975
-2.248504,3,1500.534749
-3.34884,4,1500.582848
-2.160979,3,1500.62485
-2.231833,3,1500.657849
-2.198846,3,1500.691848
-0.016825,1,1500.703848
-1.075117,2,1500.733848
-1.147788,2,1500.756849
-2.245557,3,1500.794848
-0.028897,1,1500.806971
-2.241938,3,1500.84697
-3.281017,4,1500.894969
-2.241878,3,1500.931065
-2.183217,3,1500.968065
-1.073927,2,1500.996063
-2.263635,3,1501.034064
-2.239506,3,1501.071179
-3.370321,4,1501.120268
-2.20599,3,1501.162268
-1.092053,2,1501.186269
-2.265359,3,1501.221267
-2.187927,3,1501.255267
-2.243348,3,1501.295271
-3.35183,4,1501.344776
-2.198582,3,1501.377775
-3.353786,4,1501.423775
-0.044208,1,1501.438776
-1.134924,2,1501.463777
-1.134943,2,1501.486775
-2.221262,3,1501.522777
-2.172034,3,1501.564776
-1.089591,2,1501.586777
-0.025577,1,1501.598778
-3.274775,4,1501.645843
-2.262023,3,1501.68593
-1.122321,2,1501.710066
-2.29586,3,1501.744068
-3.345198,4,1501.792191
-3.457419,4,1501.846191
-2.282928,3,1501.882191
-0.038894,1,1501.896191
-0.014353,1,1501.907191
-1.068081,2,1501.935192
-1.100319,2,1501.958191
-3.369263,4,1502.006192
-2.198771,3,1502.042191
-2.194923,3,1502.084191
-2.17791,3,1502.123191
-3.401948,4,1502.172191
-3.306855,4,1502.219191
-0.045151,1,1502.236191
-1.127346,2,1502.260192
-1.125919,2,1502.284191
-2.191316,3,1502.322191
-2.184912,3,1502.360191
-3.333271,4,1502.406192
-2.245309,3,1502.444301
-2.164242,3,1502.506811
-2.166762,3,1502.569809
-2.231706,3,1502.613808
-3.369899,4,1502.660808
-2.231189,3,1502.700809
-2.193487,3,1502.740808
-0.036838,1,1502.752808
-2.275764,3,1502.79581
-0.048811,1,1502.810808
-1.112259,2,1502.839809
-1.084098,2,1502.863808
-2.259258,3,1502.904808
-1.131185,2,1502.933809
-2.295816,3,1502.974809
-0.023677,1,1502.985808
-1.082842,2,1503.011808
-1.126788,2,1503.035808
-1.114919,2,1503.066808
-1.109465,2,1503.090808
-3.328173,4,1503.13781
