#{"t_start": 1777836217.1957333, "env_id": "FetchReach-v4"}
r,l,t
-67.474464,50,1.402862
-63.761887,50,1.459454
-4.448246,5,1.466961
-58.614745,50,1.524075
-58.823344,50,1.590851
-59.423856,50,1.652963
-24.474783,23,1.679507
-58.951535,50,1.732879
-59.62531,50,1.794986
-58.636717,50,1.845829
-61.294511,50,1.898416
-58.361045,50,1.95078
-64.214565,50,2.005851
-57.328362,50,2.058443
-10.079386,10,2.068465
-30.194952,27,2.107682
-64.999184,50,2.173001
-59.693521,50,2.229844
-12.198631,12,2.244865
-63.151358,50,2.304965
-46.41799,41,2.365773
-57.980816,50,2.422875
-61.625442,50,2.481987
-63.694313,50,2.542895
-63.218492,50,2.604904
-58.429702,50,2.664014
-59.499821,50,2.715929
-59.077894,50,2.772055
-57.553928,50,2.82993
-67.971471,50,2.893923
-65.590262,50,2.939996
-66.450939,50,2.992783
-61.878889,50,3.053883
-58.067343,50,3.111988
-61.366286,50,3.166804
-63.198032,50,3.224914
-58.62791,50,3.29159
-62.95975,50,3.352832
-62.333192,50,3.413982
-67.284547,50,3.469197
-59.673884,50,3.526936
-57.497439,50,3.586055
-62.995639,50,3.63922
-10.975669,11,3.653243
-14.704792,14,3.675914
-56.984501,50,3.737028
-40.731041,36,3.7768
-62.67465,50,3.839924
-58.915877,50,3.901053
-63.361889,50,3.960483
-65.981885,50,4.006888
-57.253764,50,4.054976
-62.013169,50,4.11978
-57.553684,50,4.1819
-60.496335,50,4.236857
-63.609876,50,4.29547
-61.00937,50,4.363948
-61.042989,50,4.421146
-57.511887,50,4.47286
-62.925013,50,4.526996
-14.85301,14,4.547031
-50.20188,46,4.707035
-58.375849,50,4.832778
-59.091147,50,4.896906
-58.91993,50,4.964733
-59.674508,50,5.042926
-60.060588,50,5.121765
-66.407644,50,5.179373
-60.530483,50,5.240789
-60.487222,50,5.297376
-16.021914,15,5.317
-59.356759,50,5.375806
-62.992094,50,5.436901
-65.639047,50,5.496514
-66.073453,50,5.552802
-63.179226,50,5.610417
-62.002403,50,5.671065
-59.340883,50,5.733975
-63.642493,50,5.784142
-59.450646,50,5.843959
-60.886886,50,5.900068
-58.581514,50,5.960412
-60.722419,50,6.006434
-56.84586,50,6.058281
-59.62234,50,6.113937
-62.724401,50,6.17706
-30.647556,27,6.206883
-19.199767,18,6.226917
-5.505184,6,6.240953
-65.561818,50,6.300136
-60.117326,50,6.360828
-58.785509,50,6.414019
-62.244791,50,6.480834
-58.2983,50,6.535806
-63.965679,50,6.590914
-60.023179,50,6.646776
-58.359278,50,6.710957
-63.188556,50,6.766705
-60.417054,50,6.821983
-61.078186,50,6.876744
-65.237965,50,6.938552
-14.682125,14,6.951826
-41.33288,37,6.986877
-65.34724,50,7.040022
-58.434493,50,7.101385
-63.701346,50,7.157079
-8.959308,9,7.16694
-65.713419,50,7.221753
-58.417007,50,7.286869
-62.921524,50,7.353805
-58.109651,50,14.111665
-65.097185,50,16.116976
-57.322354,50,17.989972
-66.212976,50,19.656998
-5.551055,6,19.841233
-57.65202,50,21.536995
-61.676466,50,23.350358
-57.781186,50,25.454772
-60.815527,50,27.638514
-65.541461,50,29.419499
-61.671899,50,31.015934
-59.628276,50,32.565005
-60.391911,50,34.661853
-8.751607,9,35.083994
-59.701454,50,37.327026
-59.589894,50,39.374896
-65.061337,50,41.453071
-62.030771,50,43.520001
-64.479372,50,45.7907
-30.962927,29,47.125527
-63.652473,50,49.606104
-58.125642,50,51.726984
-40.736808,37,53.419977
-59.830745,50,55.588331
-57.960713,50,57.786892
-66.999148,50,59.601858
-64.732483,50,61.523979
-58.815492,50,63.206735
-17.144944,16,63.730779
-57.753953,50,65.571808
-60.298064,50,67.561937
-64.848723,50,69.756788
-59.536268,50,71.650541
-57.02807,50,73.79283
-58.578408,50,75.380995
-57.123263,50,77.332139
-64.277344,50,79.115121
-62.302685,50,80.971841
-59.4361,50,82.72584
-61.42127,50,84.799889
-58.236699,50,86.902823
-20.760088,20,87.705913
-61.170898,50,89.561862
-60.513199,50,91.427024
-60.957643,50,93.443208
-70.4363,50,95.700898
-62.649471,50,97.901948
-65.359378,50,100.178454
-66.880683,50,102.366707
-4.476507,5,102.598299
-0.036514,1,102.646877
-5.505765,6,102.923006
-3.257513,4,103.089919
-0.064807,1,103.141012
-0.035571,1,103.193804
-61.010836,50,105.440704
-61.564543,50,107.564163
-61.238325,50,109.806888
-63.123009,50,111.993897
-66.152903,50,114.384102
-59.985117,50,116.615996
-64.697272,50,118.996807
-57.568102,50,120.881778
-60.051027,50,122.435152
-13.831393,13,122.779709
-23.304235,22,123.375978
-61.140971,50,124.861212
-11.05717,11,125.212883
-63.733898,50,127.20849
-63.591595,50,129.263797
-58.12702,50,131.435279
-30.782843,28,132.70844
-13.534863,13,133.310764
-6.686468,7,133.654086
-10.056956,10,134.140398
-63.260905,50,136.446842
-0.053324,1,136.49293
-57.97546,50,138.765964
-59.720647,50,141.034587
-62.019417,50,142.609497
-61.384349,50,144.223951
-61.508672,50,146.043837
-60.596081,50,148.247072
-50.204808,44,150.107006
-59.38687,50,152.070936
-56.132238,50,154.317003
-64.064566,50,156.642832
-56.627182,50,158.796984
-1.147684,2,158.885964
-62.146533,50,161.182702
-61.531676,50,163.452906
-61.367889,50,165.204998
-61.065464,50,165.797655
-7.641707,8,165.886886
-60.853784,50,166.495063
-59.520014,50,167.481877
-58.601204,50,168.134289
-60.051267,50,168.690836
-61.929858,50,169.257466
-62.326311,50,169.828471
-58.43583,50,170.401637
-64.813836,50,170.935733
-1.145827,2,170.96628
-40.06689,36,171.340549
-61.987139,50,171.849491
-29.232069,27,172.142274
-60.355825,50,172.697099
-57.849728,50,173.520882
-46.078771,41,174.046877
-61.936506,50,174.615022
-61.569149,50,175.182779
-62.129802,50,175.82848
-57.124532,50,176.358316
-60.985206,50,176.99478
-64.193485,50,177.671858
-61.067477,50,178.253764
-5.518955,6,178.32294
-56.063959,50,178.902717
-61.439534,50,179.46545
-64.433418,50,180.042777
-59.167391,50,182.392943
-16.776073,16,182.583867
-58.930565,50,183.123847
-59.153074,50,183.677649
-59.775449,50,184.202138
-62.045338,50,184.72292
-59.804826,50,185.313244
-62.096024,50,185.84488
-63.067269,50,186.4219
-67.757224,50,187.011953
-62.50762,50,187.590323
-59.745538,50,188.204143
-56.997267,50,188.816829
-58.412135,50,189.439338
-57.8069,50,190.040479
-58.162598,50,190.658375
-41.817172,37,191.126801
-6.741204,7,191.209364
-61.575876,50,191.869446
-57.231696,50,192.499443
-60.728573,50,193.118108
-56.374136,50,193.714111
-59.435508,50,194.382617
-58.910889,50,194.997619
-61.79244,50,195.595191
-57.556882,50,196.116356
-57.524277,50,196.623864
-40.600234,38,197.000864
-4.434999,5,197.050864
-63.031171,50,197.567545
-11.711827,11,197.677546
-6.705009,7,197.748545
-56.489571,50,198.302642
-17.78676,17,198.485151
-58.13738,50,199.01915
-2.222163,3,199.052151
-57.079024,50,199.587682
-3.382342,4,199.632681
-19.143177,18,199.823682
-55.539855,50,200.347768
-58.252432,50,200.867276
-51.866973,47,201.348275
-57.948565,50,201.849783
-56.141141,50,202.371852
-4.462824,5,202.42585
-25.87142,24,202.670043
-13.448683,13,202.805043
-57.667454,50,203.321621
-14.74405,14,203.471621
-30.145939,28,203.75562
-0.057068,1,203.76962
-17.344133,16,203.92962
-37.742045,35,204.294131
-30.964523,28,204.56921
-51.239208,46,205.06021
-56.023907,50,205.572719
-12.611808,12,205.69272
-6.592134,7,205.760719
-31.676604,29,206.06772
-9.838528,10,206.169719
-13.834312,13,206.295719
-44.650587,40,206.696231
-20.646217,19,206.898383
-50.171002,45,207.35583
-4.490149,5,207.40483
-57.34247,50,207.91447
-15.818968,15,208.102471
-23.917299,23,208.35047
-18.891111,18,208.527563
-16.503175,16,208.68764
-30.094371,28,209.002148
-50.629895,46,209.487148
-1.161353,2,209.513148
-18.007109,17,209.709148
-54.94146,50,210.275081
-0.066717,1,210.285082
-11.316116,11,210.394083
-23.826593,22,210.629081
-24.681263,22,210.851081
-9.014332,9,210.951082
-22.958684,22,211.183596
-14.686305,14,211.339595
-33.178824,31,211.659736
-2.221337,3,211.687737
-27.957933,26,211.965734
-15.509343,15,212.128736
-21.486183,20,212.340242
-15.824265,15,212.493242
-0.059323,1,212.507242
-56.344691,50,213.00124
-5.474215,6,213.067241
-4.440559,5,213.11324
-22.547623,21,213.330241
-23.403982,22,213.551748
-3.311193,4,213.598918
-22.867881,21,213.799136
-21.099783,20,214.019448
-5.794724,6,214.075446
-11.061943,11,214.199447
-12.53743,12,214.317448
-0.049596,1,214.326449
-56.478518,50,214.85925
-15.604241,15,215.060251
-37.513562,35,215.468693
-0.033003,1,215.479694
-8.980776,9,215.583694
-11.258146,11,215.736206
-11.136844,11,215.878418
-11.222652,11,216.024418
-31.281637,29,216.322417
-2.282726,3,216.363417
-23.109985,22,216.576417
-16.552626,16,216.751552
-0.046967,1,216.761552
-3.32349,4,216.808558
-5.428131,6,216.873065
-15.369867,15,217.043063
-24.497081,23,217.291062
-6.477249,7,217.374065
-15.445221,15,217.552063
-1.119498,2,217.576062
-5.575107,6,217.644063
-18.77606,18,217.842329
-21.205621,20,218.159839
-4.520038,5,218.245839
-7.69824,8,218.35284
-7.836057,8,218.443062
-3.430478,4,218.482062
-16.403442,16,218.694063
-29.157573,27,219.026065
-13.370717,13,219.190573
-2.23374,3,219.228571
-27.325413,26,219.521572
-8.925966,9,219.625572
-10.081175,10,219.756573
-13.288698,13,219.909721
-2.271891,3,219.960721
-39.311176,37,220.370476
-4.483461,5,220.427475
-55.094165,50,220.991475
-29.68488,28,221.315476
-16.98577,16,221.487987
-4.352123,5,221.543986
-2.246888,3,221.576987
-2.236044,3,221.609987
-2.254744,3,221.642987
-54.573212,50,222.205987
-7.792352,8,222.309987
-6.767445,7,222.403182
-14.644147,14,222.554692
-15.613661,15,222.727692
-5.698835,6,222.788691
-3.386252,4,222.826692
-14.226062,14,222.968757
-9.756863,10,223.078758
-4.5735,5,223.131757
-15.244533,15,223.27896
-7.677736,8,223.361963
-6.66713,7,223.43196
-3.40885,4,223.47096
-9.912457,10,223.574962
-4.465228,5,223.624468
-11.226329,11,223.740468
-3.395165,4,223.785468
-10.911138,11,223.894471
-30.53853,29,224.201468
-4.511684,5,224.262469
-8.738147,9,224.359468
-5.563044,6,224.423469
-2.283722,3,224.454468
-1.106493,2,224.478469
-1.118609,2,224.497468
-7.773874,8,224.57647
-2.29299,3,224.611469
-4.578501,5,224.672469
-2.251928,3,224.703468
-22.943003,22,224.955165
-8.649051,9,225.060163
-7.7339,8,225.157163
-15.165785,15,225.340163
-20.894696,20,225.576163
-4.548182,5,225.625165
-2.22735,3,225.658164
-12.113646,12,225.786163
-0.06615,1,225.797164
-4.607521,5,225.844165
-11.103346,11,225.967673
-4.467592,5,226.018673
-3.470768,4,226.058675
-24.258341,23,226.307676
-2.230568,3,226.340673
-2.253935,3,226.369673
-4.385462,5,226.419673
-4.612883,5,226.471673
-4.506606,5,226.528674
-3.363043,4,226.568675
-1.119373,2,226.588674
-3.375181,4,226.635673
-5.517619,6,226.696673
-4.4643,5,226.747676
-7.82491,8,226.825672
-7.876266,8,226.911675
-4.437251,5,226.965673
-2.263418,3,227.009677
-2.268961,3,227.048188
-2.282818,3,227.086185
-4.501675,5,227.146185
-3.340566,4,227.191276
-5.412821,6,227.261273
-2.304128,3,227.304272
-11.257146,11,227.431273
-7.740281,8,227.524273
-5.681313,6,227.585273
-25.171761,24,227.840272
-0.039503,1,227.855274
-9.969605,10,227.963272
-1.117929,2,227.983272
-8.748858,9,228.080817
-4.565917,5,228.136821
-4.463078,5,228.202323
-3.427951,4,228.254326
-3.314723,4,228.303324
-3.319158,4,228.359326
-1.134826,2,228.384323
-5.709049,6,228.462324
-3.372656,4,228.505325
-11.156751,11,228.643446
-8.979995,9,228.756446
-3.321047,4,228.797446
-7.849969,8,228.886446
-4.414546,5,228.951445
-5.736713,6,229.009446
-1.119082,2,229.028904
-4.426143,5,229.083052
-8.716746,9,229.190052
-45.185407,42,229.635683
-7.829373,8,229.713683
-0.055104,1,229.724686
-3.440895,4,229.773025
-6.616121,7,229.841026
-3.405945,4,229.883025
-4.493319,5,229.934025
-5.591118,6,230.002025
-4.343241,5,230.052025
-3.397686,4,230.094026
-3.357004,4,230.139028
-3.367693,4,230.188026
-4.619003,5,230.233026
-9.961385,10,230.334025
-2.341472,3,230.361179
-4.567514,5,230.418689
-3.449521,4,230.459688
-3.398155,4,230.498688
-2.219611,3,230.528687
-4.577662,5,230.585688
-2.189352,3,230.629853
-7.930582,8,230.716421
-5.643594,6,230.776
-3.292207,4,230.819001
-3.341624,4,230.856
-2.263232,3,230.884998
-5.53091,6,230.945998
-3.432238,4,230.988
-2.171512,3,231.013999
-3.390176,4,231.052998
-3.385462,4,231.092998
-1.149507,2,231.121998
-4.484014,5,231.171999
-7.549137,8,231.250998
-3.352944,4,231.289999
-19.922986,19,231.48
-4.549815,5,231.536003
-4.494365,5,231.590513
-2.286834,3,231.621638
-3.384681,4,231.675637
-1.108941,2,231.69964
-8.838336,9,231.789831
-3.360786,4,231.840831
-15.512158,15,231.987832
-6.630803,7,232.056831
-2.22948,3,232.084831
-1.166131,2,232.104984
-13.069767,13,232.241982
-7.724945,8,232.322983
-6.759947,7,232.396237
-3.408421,4,232.435234
-3.315577,4,232.482234
-3.263857,4,232.523235
-21.115504,20,232.726741
-2.272445,3,232.756742
-4.452399,5,232.812741
-2.332709,3,232.840741
-3.382987,4,232.87774
-4.406745,5,232.932742
-0.02803,1,232.94674
-0.075591,1,232.95874
-2.297042,3,232.98974
-3.369805,4,233.03474
-4.42794,5,233.09274
-3.372306,4,233.138743
-2.274938,3,233.16574
-3.417088,4,233.20474
-4.50712,5,233.262743
-3.339905,4,233.30182
-0.062322,1,233.310821
-3.384293,4,233.349823
-3.448893,4,233.393822
-1.163907,2,233.41382
-7.7449,8,233.49182
-12.071129,12,233.61682
-4.504385,5,233.669821
-1.136734,2,233.690822
-2.232248,3,233.719821
-6.577499,7,233.791825
-2.312802,3,233.826328
-3.386517,4,233.866327
-3.353158,4,233.906328
-3.484191,4,233.947327
-5.595322,6,234.012329
-3.421191,4,234.052327
-5.481697,6,234.111327
-1.13508,2,234.134327
-6.71011,7,234.212327
-2.284001,3,234.244328
-8.825402,9,234.342327
-3.38621,4,234.380327
-5.625506,6,234.443327
-2.302545,3,234.475327
-3.421646,4,234.51933
-12.078145,12,234.635328
-0.052449,1,234.650328
-14.33445,14,234.795327
-3.376824,4,234.832327
-4.4583,5,234.886327
-6.551535,7,234.965837
-1.117855,2,234.984837
-2.29149,3,235.016837
-2.245105,3,235.047837
-3.375136,4,235.091967
-3.38181,4,235.140967
-2.261444,3,235.17497
-3.441436,4,235.214966
-3.313258,4,235.259968
-1.169425,2,235.284967
-2.231125,3,235.318968
-4.626706,5,235.37397
-2.258904,3,235.409967
-2.245473,3,235.437969
-6.542671,7,235.505128
-2.240816,3,235.536126
-5.434976,6,235.597127
-5.562981,6,235.665126
-3.347217,4,235.703126
-2.327205,3,235.734126
-5.563892,6,235.800128
-1.15957,2,235.823127
-1.143515,2,235.842223
-3.351065,4,235.884224
-3.341498,4,235.928226
-5.52283,6,235.987418
-3.377883,4,236.024416
-3.367018,4,236.068928
-3.41517,4,236.110925
-3.459228,4,236.153925
-2.263162,3,236.184925
-1.134847,2,236.206927
-4.44463,5,236.258925
-2.250278,3,236.289925
-2.287001,3,236.323925
-2.235266,3,236.354926
-7.811654,8,236.441361
-2.277109,3,236.469363
-5.668145,6,236.534361
-1.130431,2,236.552658
-4.565263,5,236.60966
-3.381353,4,236.653658
-2.289668,3,236.683657
-7.853711,8,236.76866
-3.394181,4,236.81566
-3.321046,4,236.859658
-3.395218,4,236.899659
-2.336859,3,236.934658
-1.162648,2,236.959658
-6.747475,7,237.04466
-4.430794,5,237.095658
-2.305228,3,237.129658
-3.384644,4,237.187168
-1.170269,2,237.206167
-3.340941,4,237.246312
-3.349957,4,237.419312
-1.124659,2,237.441311
-2.266649,3,237.470312
-3.376365,4,237.510312
-3.529665,4,237.559312
-2.208063,3,237.593312
-2.248607,3,237.622311
-3.477451,4,237.658312
-2.230523,3,237.691312
-1.172346,2,237.716312
-2.216095,3,237.747312
-1.135456,2,237.765312
-2.325413,3,237.796312
-2.247526,3,237.835312
-2.285931,3,237.868313
-2.294567,3,237.902313
-4.451639,5,237.954312
-3.476033,4,238.008312
-3.399421,4,238.050313
-3.377471,4,238.090315
-3.482449,4,238.134312
-4.580446,5,238.202389
-0.070353,1,238.212387
-3.433362,4,238.256387
-4.605924,5,238.307894
-3.307501,4,238.352894
-3.489105,4,238.394895
-1.139681,2,238.417895
-2.267329,3,238.452894
-6.724565,7,238.540895
-2.205544,3,238.585894
-3.350317,4,238.634894
-0.054528,1,238.646115
-4.388179,5,238.712114
-2.217358,3,238.740115
-3.444752,4,238.777115
-4.571339,5,238.836114
-2.301745,3,238.870115
-1.168697,2,238.892116
-1.113069,2,238.917115
-3.447457,4,238.965114
-0.041038,1,238.980114
-0.032341,1,238.991115
-9.79138,10,239.095115
-3.49694,4,239.139115
-2.259612,3,239.174114
-3.485291,4,239.222205
-3.478002,4,239.263327
-3.467156,4,239.308326
-3.437873,4,239.352326
-1.149586,2,239.372325
-3.340545,4,239.417718
-1.185147,2,239.439225
-3.432912,4,239.490224
-3.423083,4,239.530224
-4.605709,5,239.591223
-1.17406,2,239.610362
-1.160688,2,239.637362
-4.560094,5,239.691364
-2.223177,3,239.720363
-0.065748,1,239.732363
-3.352095,4,239.781362
-5.509442,6,239.83848
-1.148054,2,239.856479
-3.440763,4,239.897479
-3.426348,4,239.948479
-3.372796,4,239.997478
-1.178301,2,240.018479
-3.285294,4,240.062479
-3.416955,4,240.111479
-2.213044,3,240.140616
-1.113076,2,240.160618
-5.55426,6,240.241616
-2.313625,3,240.278616
-1.132968,2,240.297616
-6.865926,7,240.369619
-0.065596,1,240.378616
-6.567086,7,240.448619
-3.460474,4,240.487616
-2.306302,3,240.516616
-3.408733,4,240.554618
-3.441877,4,240.618129
-3.458762,4,240.663129
-1.130923,2,240.68513
-2.223533,3,240.71813
-4.502359,5,240.776203
-3.33403,4,240.817202
-2.239697,3,240.844202
-3.416822,4,240.885202
-2.302487,3,240.920203
-2.223026,3,240.949202
-4.41454,5,241.00235
-2.256855,3,241.035349
-0.055915,1,241.050411
-3.384741,4,241.096521
-2.259814,3,241.133523
-4.644313,5,241.205521
-3.367213,4,241.255522
-3.397407,4,241.299617
-2.26047,3,241.331617
-3.426259,4,241.371617
-1.150264,2,241.401618
-4.559524,5,241.457618
-2.291545,3,241.485617
-0.059449,1,241.498617
-2.292902,3,241.535847
-3.394611,4,241.574847
-3.457068,4,241.611847
-3.422993,4,241.650849
-3.410152,4,241.692849
-1.173709,2,241.713356
-3.339015,4,241.757354
-3.406237,4,241.813358
-1.178571,2,241.843354
-2.232677,3,241.875621
-3.380837,4,241.91462
-0.064803,1,241.924619
-5.603807,6,241.990619
-1.175264,2,242.009619
-3.431822,4,242.050621
-3.417651,4,242.089619
-1.142776,2,242.11362
-1.149046,2,242.131619
-3.401198,4,242.17362
-0.039978,1,242.18262
-0.035326,1,242.204619
-2.19991,3,242.237619
-4.470146,5,242.292619
-2.253311,3,242.322619
-2.226396,3,242.355619
-0.058808,1,242.365619
-4.531864,5,242.415746
-2.302807,3,242.445746
-2.296402,3,242.479746
-10.973125,11,242.589747
-1.171034,2,242.608746
-4.378824,5,242.661746
-2.255239,3,242.695746
-11.021726,11,242.804897
-2.291777,3,242.831894
-5.578581,6,242.890402
-1.132669,2,242.913401
-3.399565,4,242.955403
-1.116362,2,242.975402
-3.348619,4,243.013406
-4.47634,5,243.067402
-1.10412,2,243.087402
-0.063145,1,243.096402
-3.495498,4,243.132405
-3.415242,4,243.177403
-2.214526,3,243.206403
-2.354147,3,243.238404
-0.057614,1,243.250402
-3.38615,4,243.307403
-4.451119,5,243.357403
-1.139981,2,243.376402
-2.290293,3,243.408402
-2.3056,3,243.441401
-8.858472,9,243.538403
-2.298871,3,243.569403
-3.348462,4,243.610403
-3.479578,4,243.656405
-2.281918,3,243.684404
-4.493926,5,243.737401
-3.488744,4,243.784403
-2.295756,3,243.819403
-2.328005,3,243.850402
-2.272327,3,243.882403
-3.375462,4,243.920403
-3.49272,4,243.970405
-4.489741,5,244.027911
-4.405058,5,244.075911
-3.393452,4,244.114911
-3.407142,4,244.155909
-3.446799,4,244.198909
-3.438127,4,244.242909
-2.236942,3,244.275911
-2.28624,3,244.309909
-2.265458,3,244.340909
-3.371904,4,244.385335
-2.203495,3,244.417333
-2.219001,3,244.453332
-3.467844,4,244.497333
-1.115795,2,244.520334
-3.536348,4,244.563334
-2.297427,3,244.598332
-1.124023,2,244.619404
-2.265394,3,244.656405
-1.151508,2,244.677404
-4.50954,5,244.732406
-2.276681,3,244.761404
-3.401189,4,244.799404
-3.414953,4,244.843605
-1.194801,2,244.867605
-1.17244,2,244.886605
-2.249931,3,244.914606
-2.26125,3,244.947606
-4.501251,5,245.002605
-2.259656,3,245.031605
-4.533655,5,245.132121
-2.294359,3,245.168123
-1.178086,2,245.196122
-3.421492,4,245.239122
-1.172027,2,245.262121
-4.635294,5,245.316122
-2.314966,3,245.352122
-1.118791,2,245.376124
-1.146431,2,245.397122
-3.424988,4,245.434121
-2.34503,3,245.470124
-2.34732,3,245.501124
-3.361366,4,245.542121
-4.614157,5,245.591122
-0.057324,1,245.607121
-4.514298,5,245.656121
-3.37376,4,245.692121
-3.473405,4,245.732123
-4.63654,5,245.788122
-2.25334,3,245.820122
-3.380356,4,245.860121
-2.297552,3,245.890122
-3.479445,4,245.932124
-2.274303,3,245.960122
-3.441906,4,245.998122
-1.168048,2,246.017122
-2.296483,3,246.054121
-3.453983,4,246.090122
-2.252478,3,246.117278
-4.522037,5,246.173281
-2.295215,3,246.208278
-2.255854,3,246.249793
-1.138785,2,246.27879
-3.398195,4,246.317791
-1.163447,2,246.34179
-0.058383,1,246.353791
-3.421084,4,246.390791
-2.285471,3,246.420791
-2.198365,3,246.463852
-3.375118,4,246.512853
-2.308953,3,246.544852
-2.269327,3,246.580852
-3.361407,4,246.628096
-4.603575,5,246.677098
-0.033463,1,246.692098
-3.371304,4,246.737095
-3.410125,4,246.787096
-3.417844,4,246.834097
-3.401425,4,246.874095
-3.427696,4,246.916096
-3.342485,4,246.963098
-2.239804,3,246.993095
-2.230513,3,247.030096
-3.404162,4,247.073095
-3.410781,4,247.122095
-0.067128,1,247.131097
-2.279738,3,247.168095
-2.248399,3,247.201096
-2.270811,3,247.253096
-3.446486,4,247.305095
-3.378448,4,247.354096
-2.264506,3,247.391606
-4.559523,5,247.465607
-3.374915,4,247.519608
-2.232846,3,247.567607
-2.296134,3,247.602607
-1.1302,2,247.635608
-2.210733,3,247.668607
-1.125322,2,247.691609
-4.577304,5,247.747607
-1.159477,2,247.776608
-1.112135,2,247.799607
-2.310101,3,247.830606
-2.280533,3,247.865607
-0.052446,1,247.880607
-2.30028,3,247.918606
-1.115341,2,247.939609
-3.468626,4,247.981606
-2.241215,3,248.027607
-3.501437,4,248.069606
-1.137076,2,248.093607
-1.124649,2,248.123606
-3.46638,4,248.177607
-0.04594,1,248.188607
-3.453658,4,248.235606
-3.399056,4,248.285606
-1.156862,2,248.312606
-2.255576,3,248.349606
-4.422886,5,248.401608
-1.125428,2,248.427608
-2.274637,3,248.468606
-3.494851,4,248.510609
-1.167607,2,248.537115
-2.278105,3,248.577117
-3.422096,4,248.636115
-0.057004,1,248.648116
-2.254205,3,248.687114
-2.299602,3,248.724114
-0.043798,1,248.741116
-1.184179,2,248.769114
-2.312075,3,248.809116
-3.421481,4,248.854115
-3.427175,4,248.914117
-6.691272,7,248.994114
-0.057443,1,249.004115
-4.4987,5,249.058211
-0.065968,1,249.07321
-3.462202,4,249.119212
-3.416453,4,249.164212
-1.192472,2,249.18821
-0.069803,1,249.207209
-1.157831,2,249.230211
-3.386854,4,249.283211
-1.174416,2,249.308211
-2.244381,3,249.360209
-0.069369,1,249.37221
-3.384407,4,249.420212
-3.417137,4,249.469212
-1.128097,2,249.495212
-3.481077,4,249.538209
-2.242584,3,249.57421
-3.457366,4,249.627409
-0.060856,1,249.64291
-3.452592,4,249.68591
-2.286145,3,249.716911
-2.283588,3,249.752029
-4.380235,5,249.817029
-3.519863,4,249.87503
-2.242606,3,249.922035
-0.069646,1,249.944313
-1.160163,2,249.994312
-2.312313,3,250.035313
-1.147261,2,250.061313
-3.390554,4,250.110547
-3.449639,4,250.156549
-2.264428,3,250.192547
-3.443414,4,250.239549
-2.307117,3,250.288547
-0.055198,1,250.309548
-0.054989,1,250.322548
-4.380827,5,250.391547
-3.393743,4,250.444549
-3.449593,4,250.504549
-2.228591,3,250.542547
-2.248285,3,250.57555
-1.193397,2,250.602548
-0.073115,1,250.618548
-3.399723,4,250.673548
-3.396429,4,250.719547
-1.1326,2,250.749547
-2.264815,3,250.800061
-2.254726,3,250.83806
-2.290423,3,250.88806
-3.355179,4,250.940156
-2.296948,3,250.985157
-2.235939,3,251.021157
-2.27288,3,251.060157
-3.366068,4,251.115155
-3.414397,4,251.180157
-2.314973,3,251.237156
-2.25605,3,251.298289
-4.574635,5,251.393289
-1.155593,2,251.433291
-2.259202,3,251.480289
-2.248627,3,251.53929
-2.329411,3,251.597387
-3.412886,4,251.674657
-2.338289,3,251.720656
-0.052446,1,251.740655
-2.231041,3,251.822655
-2.238886,3,251.888656
-4.561105,5,251.981252
-2.248559,3,252.040253
-1.162143,2,252.079432
-2.281678,3,252.129432
-2.234613,3,252.173432
-3.400377,4,252.229433
-4.600323,5,252.317432
-4.549139,5,252.414434
-2.241331,3,252.457432
-4.536939,5,252.528432
-3.440969,4,252.582431
-2.322261,3,252.634432
-2.276367,3,252.66943
-3.430165,4,252.71343
-0.063975,1,252.725431
-2.236917,3,252.765432
-1.136178,2,252.802433
-1.155301,2,252.881432
-0.044079,1,252.904432
-3.405428,4,253.008638
-3.377753,4,253.073164
-2.279755,3,253.115671
-3.430268,4,253.232672
-5.702294,6,253.34367
-3.32202,4,253.39167
-2.25206,3,253.432669
-3.373013,4,253.476669
-2.266752,3,253.513669
-2.228089,3,253.54667
-2.250045,3,253.580672
-2.240415,3,253.612669
-2.229297,3,253.65467
-2.284615,3,253.688671
-2.290799,3,253.726671
-3.39821,4,253.777671
-0.065917,1,253.79967
-2.316329,3,253.83967
-3.42028,4,253.892939
-1.167996,2,253.916938
-1.115423,2,253.948938
-4.39525,5,254.011939
-1.165058,2,254.040939
-0.044392,1,254.05294
-1.148991,2,254.087938
-4.55861,5,254.155941
-1.136388,2,254.179941
-3.407184,4,254.227943
-3.405081,4,254.281448
-2.29822,3,254.327448
-2.334294,3,254.361447
-1.129066,2,254.38454
-2.234983,3,254.424539
-3.45822,4,254.46554
-3.420384,4,254.507622
-2.233984,3,254.539625
-2.270454,3,254.574623
-4.571586,5,254.638623
-1.144786,2,254.661623
-1.195336,2,254.681623
-0.045471,1,254.695622
-2.217106,3,254.725623
-3.365195,4,254.767623
-3.416563,4,254.810623
-3.41433,4,254.867624
-3.427534,4,254.909624
-4.553432,5,254.975625
-2.223151,3,255.013623
-0.065716,1,255.029623
-3.360905,4,255.082623
-1.164514,2,255.106623
-3.458538,4,255.159624
-1.156567,2,255.192623
-0.056254,1,255.205624
-2.325907,3,255.242623
-2.230011,3,255.280623
-4.395212,5,255.370137
-3.449204,4,255.487137
-2.22146,3,255.549137
-1.134125,2,255.595136
-2.255511,3,255.655136
-2.274097,3,255.704139
-2.256549,3,255.759137
-0.039474,1,255.775137
-3.410676,4,255.840137
-3.402896,4,255.892136
-2.281648,3,255.924136
-0.020714,1,255.934138
-0.051283,1,255.949136
-2.308366,3,255.982136
-1.139139,2,256.004136
-3.425415,4,256.045135
-2.297893,3,256.086136
-1.144887,2,256.110137
-3.385126,4,256.165137
-0.041498,1,256.182138
-4.656315,5,256.249137
-2.245801,3,256.309138
-2.211713,3,256.365137
-2.277395,3,256.410136
-2.267246,3,256.455136
-2.281387,3,256.488136
-2.234076,3,256.530143
-4.617718,5,256.595649
-3.416791,4,256.65365
-0.057372,1,256.664649
-2.276925,3,256.702765
-2.340556,3,256.756764
-3.343184,4,256.817765
-3.37029,4,256.871765
-3.424442,4,256.924763
-1.173165,2,256.948764
-2.289274,3,256.994763
-3.498655,4,257.044763
-1.132078,2,257.067764
-3.502931,4,257.113763
-1.126123,2,257.141764
-0.041456,1,257.155763
-3.422344,4,257.212764
-2.283715,3,257.248764
-2.337567,3,257.295763
-2.299179,3,257.339765
-2.315932,3,257.381763
-0.051363,1,257.392763
-1.169434,2,257.421765
-1.146646,2,257.446765
-3.550413,4,257.502766
-4.567407,5,257.567766
-3.531074,4,257.624763
-3.373411,4,257.670767
-2.332338,3,257.708272
-3.37279,4,257.754273
-3.435001,4,257.807272
-1.145383,2,257.832273
-0.059774,1,257.845273
-3.452259,4,257.890274
-3.382188,4,257.943272
-5.73034,6,258.009273
-0.053395,1,258.020275
-3.484398,4,258.064272
-3.518661,4,258.114274
-2.248939,3,258.148273
-4.553749,5,258.205273
-3.338743,4,258.247273
-2.244882,3,258.286273
-2.285647,3,258.333275
-2.257763,3,258.376276
-2.313039,3,258.423275
-1.17118,2,258.465275
-4.478534,5,258.526457
-3.388208,4,258.574458
-2.224956,3,258.618458
-2.303707,3,258.661458
-4.684188,5,258.721459
-1.187637,2,258.749457
-1.165254,2,258.774458
-3.422664,4,258.829971
-3.420872,4,258.87811
-3.441849,4,258.93411
-3.366741,4,258.99211
-3.379979,4,259.049109
-0.066155,1,259.062108
-1.130081,2,259.093108
-2.268549,3,259.127108
-4.59638,5,259.187108
-1.116295,2,259.20911
-3.438715,4,259.251108
-3.394043,4,259.301108
-2.347277,3,259.340109
-0.074174,1,259.351108
-2.250879,3,259.38811
-3.536721,4,259.429108
-3.525015,4,259.479316
-2.287964,3,259.511316
-3.415115,4,259.551318
-2.318727,3,259.584316
-2.257891,3,259.620316
-3.391554,4,259.663315
-3.355089,4,259.709316
-5.718248,6,259.783585
-3.415475,4,259.850585
-1.12869,2,259.873586
-2.360766,3,259.906585
-2.347543,3,259.940589
-1.143148,2,259.971094
-0.056375,1,259.983174
-0.051815,1,259.995173
-1.119908,2,260.018174
-0.068749,1,260.035175
-2.244596,3,260.070174
-3.405006,4,260.118175
-3.47447,4,260.164452
-4.637912,5,260.229454
-2.212273,3,260.263453
-2.31598,3,260.296455
-3.409844,4,260.350455
-2.254068,3,260.387453
-1.150821,2,260.409454
-1.110075,2,260.434797
-2.205878,3,260.465798
-1.168638,2,260.497797
-2.273684,3,260.534797
-3.443157,4,260.580799
-2.208673,3,260.613796
-1.186286,2,260.640797
-0.046885,1,260.651796
-3.381484,4,260.699798
-3.414136,4,260.743796
-1.160395,2,260.776797
-3.378792,4,260.818796
-3.401188,4,260.861797
-2.254268,3,260.901796
-1.165579,2,260.929796
-2.329977,3,260.962797
-3.431829,4,261.005796
-2.275344,3,261.036797
-1.144191,2,261.062796
-1.151805,2,261.086307
-3.360429,4,261.134309
-3.462244,4,261.187424
-3.400197,4,261.235425
-2.317195,3,261.265424
-3.350731,4,261.311502
-0.054363,1,261.327502
-1.172823,2,261.354502
-3.434036,4,261.396503
-3.356074,4,261.441503
-1.171388,2,261.463502
-3.43838,4,261.512502
-1.173567,2,261.535504
-1.188064,2,261.558502
-0.055485,1,261.571502
-2.308194,3,261.611502
-0.041925,1,261.621503
-2.254725,3,261.656502
-3.402711,4,261.705504
-3.436325,4,261.766503
-2.236133,3,261.800502
-1.139621,2,261.825502
-2.253429,3,261.857502
-0.019537,1,261.875502
-3.331152,4,261.918502
-1.116569,2,261.941655
-0.058867,1,261.951652
-3.4882,4,262.008651
-0.050049,1,262.019652
-2.236633,3,262.051652
-1.193772,2,262.075652
-2.246675,3,262.116652
-1.15207,2,262.136652
-2.299231,3,262.170653
-4.619201,5,262.237163
-0.031088,1,262.252163
-3.472946,4,262.297164
-3.445784,4,262.354164
-2.231734,3,262.386164
-2.291173,3,262.429164
-3.385626,4,262.478165
-2.29639,3,262.512243
-4.544823,5,262.566378
-3.407167,4,262.614376
-1.191373,2,262.636377
-1.131341,2,262.660379
-2.318633,3,262.699378
-2.216758,3,262.734488
-0.056869,1,262.745487
-2.253845,3,262.780488
-1.113286,2,262.802487
-2.339964,3,262.843487
-2.217227,3,262.880488
-3.419597,4,262.932491
-0.070853,1,262.944488
-3.390319,4,263.004489
-2.216686,3,263.039487
-1.146125,2,263.059489
-5.627333,6,263.129488
-1.128206,2,263.156487
-2.216097,3,263.188488
-1.157735,2,263.213489
-3.404564,4,263.254487
-3.459006,4,263.311488
-2.265692,3,263.352999
-3.397538,4,263.399997
-2.247039,3,263.436998
-2.280128,3,263.480998
-4.516344,5,263.538997
-3.359906,4,263.585
-0.0685,1,263.595997
-3.382637,4,263.650997
-1.119227,2,263.673997
-6.786217,7,263.757
-1.136151,2,263.779998
-2.237628,3,263.824999
-5.509732,6,263.891998
-3.399953,4,263.94
-2.225939,3,263.980998
-2.262099,3,264.024001
-2.271235,3,264.054998
-2.277641,3,264.093999
-3.359533,4,264.146
-3.379773,4,264.196999
-0.059442,1,264.209998
-2.224176,3,264.244997
-2.277951,3,264.278998
-2.287772,3,264.316998
-1.166898,2,264.341998
-1.172267,2,264.364999
-4.50137,5,264.421999
-3.435254,4,264.471
-2.355292,3,264.512507
-5.71738,6,264.579506
-2.265845,3,264.614508
-3.353145,4,264.662508
-2.243875,3,264.699506
-3.413578,4,264.742507
-2.2734,3,264.774506
-3.42203,4,264.822512
-2.29472,3,264.861507
-2.268769,3,264.897507
-2.350989,3,264.928509
-2.280369,3,264.968506
-3.405626,4,265.013506
-4.489753,5,265.066508
-2.274344,3,265.103507
-0.062553,1,265.118506
-2.210758,3,265.150506
-0.061497,1,265.163506
-1.159797,2,265.188506
-2.231113,3,265.230509
-2.304496,3,265.260508
-1.155076,2,265.287508
-3.336869,4,265.333506
-1.120336,2,265.362506
-2.237045,3,265.399506
-2.322282,3,265.43151
-3.407812,4,265.479509
-3.364658,4,265.535507
-0.048759,1,265.549506
-3.459034,4,265.596506
-3.476875,4,265.651016
-2.31143,3,265.695014
-2.348355,3,265.738013
-3.390795,4,265.779014
-3.353929,4,265.824013
-3.479967,4,265.881013
-1.141266,2,265.903013
-2.263243,3,265.938013
-3.384051,4,265.986014
-2.290239,3,266.024014
-2.320533,3,266.060016
-2.234401,3,266.095014
-3.407141,4,266.140013
-0.055155,1,266.156013
-2.246223,3,266.193013
-3.344902,4,266.235014
-2.272132,3,266.271016
-1.157748,2,266.298014
-2.288071,3,266.333013
-3.434225,4,266.381013
-3.472369,4,266.422013
-2.273657,3,266.469014
-2.211629,3,266.509014
-2.260432,3,266.547014
-1.139179,2,266.575016
-2.246638,3,266.621013
-0.057037,1,266.633013
-3.406913,4,266.684014
-2.253719,3,266.731013
-2.335397,3,266.781525
-1.169182,2,266.813524
-2.311444,3,266.853526
-3.539864,4,266.905525
-1.200856,2,266.938525
-1.155543,2,266.967525
-2.266656,3,267.007525
-3.35005,4,267.065525
-2.273446,3,267.107524
-1.161652,2,267.128527
-1.143692,2,267.152524
-3.382707,4,267.199527
-2.341364,3,267.242526
-0.037612,1,267.256525
-2.262267,3,267.295525
-2.327596,3,267.329526
-2.247566,3,267.380526
-2.302773,3,267.422568
-1.144077,2,267.447527
-2.245263,3,267.488525
-2.231539,3,267.533525
-1.173346,2,267.556527
-3.3868,4,267.604525
-4.557529,5,267.670525
-2.253059,3,267.725525
-2.254901,3,267.762527
-3.355135,4,267.816526
-2.243301,3,267.853526
-2.283955,3,267.921045
-2.248962,3,267.976043
-3.521771,4,268.040042
-1.141057,2,268.069041
-2.270637,3,268.111043
-3.416765,4,268.158041
-3.42428,4,268.208041
-3.424822,4,268.264041
-1.113367,2,268.295041
-2.255192,3,268.331041
-2.328887,3,268.378041
-1.121105,2,268.403041
-2.259278,3,268.441043
-1.142704,2,268.467042
-2.243333,3,268.504042
-2.260762,3,268.53804
-1.122996,2,268.574043
-3.357811,4,268.625041
-3.41072,4,268.681042
-2.290694,3,268.725044
-3.509394,4,268.787041
-2.235078,3,268.826041
-2.328828,3,268.863041
-3.480447,4,268.914042
-2.249745,3,268.956041
-3.34834,4,269.010043
-2.292311,3,269.048045
-2.271852,3,269.131555
-3.450428,4,269.286555
-2.318367,3,269.352554
-3.375714,4,269.423555
-3.370812,4,269.484554
-3.367713,4,269.541555
-1.162366,2,269.574555
-2.29237,3,269.620556
-2.225641,3,269.657553
-2.318437,3,269.704555
-3.39498,4,269.754555
-3.409325,4,269.812553
-3.458441,4,269.864553
-3.441022,4,269.923554
-3.526682,4,269.975554
-3.431239,4,270.037554
-2.279024,3,270.076556
-2.269254,3,270.120554
-3.430076,4,270.169555
-3.48122,4,270.218063
-1.122018,2,270.245062
-3.342198,4,270.300063
-3.407874,4,270.360064
-2.264322,3,270.397063
-3.38617,4,270.451064
-3.422578,4,270.507063
-2.314279,3,270.542063
-2.336645,3,270.580063
-1.162749,2,270.604064
-2.321787,3,270.644063
-0.071965,1,270.653062
-3.385913,4,270.703063
-2.30593,3,270.737064
-3.394287,4,270.793063
-3.466626,4,270.836063
-3.41123,4,270.883062
-1.192789,2,270.906062
-3.36416,4,270.952063
-0.06242,1,270.963063
-0.04053,1,270.975062
-2.303574,3,271.016063
-3.370322,4,271.065062
-1.144837,2,271.087064
-3.356079,4,271.137064
-3.472708,4,271.178062
-3.388997,4,271.231062
-3.360875,4,271.273063
-2.273932,3,271.301062
-1.126027,2,271.323063
-2.320249,3,271.363572
-1.136815,2,271.38457
-3.41497,4,271.42757
-2.277834,3,271.462571
-3.435663,4,271.516574
-3.503882,4,271.573571
-2.366401,3,271.605572
-2.319174,3,271.639572
-1.120045,2,271.672572
-3.424976,4,271.725571
-1.123101,2,271.753571
-3.299132,4,271.813572
-3.462224,4,271.889573
-3.481333,4,271.944573
-3.381519,4,272.039572
-1.165064,2,272.077571
-3.392413,4,272.167574
-2.29182,3,272.261573
-2.280686,3,272.328573
-3.407253,4,272.475578
-1.155367,2,272.538089
-1.169356,2,272.591089
-0.04886,1,272.614088
-3.392794,4,272.781881
-1.150024,2,272.836997
-2.254052,3,272.892996
-2.297767,3,272.943975
-2.216546,3,273.001975
-3.367584,4,273.087164
-1.140549,2,273.143251
-3.437994,4,273.289963
-3.485175,4,273.389062
-2.205049,3,273.479822
-1.137575,2,273.547038
-5.476634,6,273.699131
-0.052086,1,273.723176
-1.110764,2,273.763876
-2.21311,3,273.834025
-3.445755,4,273.909151
-1.108714,2,273.944743
-3.508453,4,274.023954
-2.215368,3,274.091074
-3.422267,4,274.284487
-5.548533,6,274.399276
-1.165532,2,274.454899
-2.239399,3,274.566023
-0.048569,1,274.58519
-3.449995,4,274.686603
-0.060433,1,274.714144
-5.589639,6,274.842496
-3.361927,4,274.919284
-2.318105,3,275.06943
-2.287123,3,275.21093
-3.416122,4,275.40506
-3.385395,4,275.537548
-1.16966,2,275.597486
-1.1248,2,275.659354
-3.348855,4,275.759893
-1.115637,2,275.814638
-2.332794,3,275.887746
-3.39903,4,275.964833
-3.534612,4,276.061687
-3.373951,4,276.137203
-0.067648,1,276.162729
-3.461332,4,276.247512
-3.503639,4,276.347764
-3.420973,4,276.436038
-3.420105,4,276.519347
-3.464449,4,276.617293
-3.36801,4,276.691963
-2.247694,3,276.758354
-3.434996,4,276.838017
-1.160927,2,276.877321
-3.407942,4,276.950438
-2.244835,3,276.992731
-2.305669,3,277.04031
-3.414218,4,277.118444
-2.263973,3,277.188478
-1.151917,2,277.252959
-1.143645,2,277.379441
-2.314726,3,277.475465
-3.548746,4,277.573332
-1.163773,2,277.618743
-1.122999,2,277.65738
-3.418593,4,277.736438
-2.22643,3,277.788628
-1.113179,2,277.824445
-1.119169,2,277.861226
-2.202869,3,277.916395
-1.125675,2,277.953479
-1.121937,2,277.985041
-2.282891,3,278.04185
-0.035277,1,278.068409
-2.326,3,278.118226
-2.347039,3,278.170317
-3.413882,4,278.237444
-2.272949,3,278.302932
-2.310482,3,278.35331
-5.651501,6,278.456276
-1.157184,2,278.491832
-3.463022,4,278.563471
-2.289212,3,278.622953
-1.133715,2,278.660323
-2.313221,3,278.70841
-3.385945,4,278.783343
-2.256905,3,278.834446
-2.270072,3,278.886402
-0.045053,1,278.904079
-3.485602,4,278.987316
-0.069938,1,279.006353
-2.366207,3,279.068588
-0.039758,1,279.087375
-2.284966,3,279.224398
-3.381411,4,279.30756
-4.610903,5,279.406493
-2.33104,3,279.468421
-3.384534,4,279.640204
-0.047314,1,279.701836
-3.408101,4,279.858622
-1.178037,2,279.910434
-2.273915,3,279.987789
-3.353862,4,280.080417
-2.313265,3,280.177446
-2.32474,3,280.235783
-3.410011,4,280.336802
-3.392158,4,280.444653
-3.44162,4,280.529305
-1.15258,2,280.574637
-1.162552,2,280.638165
-2.256072,3,280.70865
-2.227901,3,280.773984
-1.146086,2,280.823373
-3.338755,4,280.931881
-0.038958,1,280.952434
-2.307403,3,281.018408
-3.382995,4,281.104452
-3.470202,4,281.215476
-3.379053,4,281.314185
-2.217058,3,281.389639
-2.233018,3,281.455361
-3.464545,4,281.553357
-1.135255,2,281.601957
-3.366449,4,281.690318
-3.456324,4,281.770539
-0.051436,1,281.801868
-3.522765,4,281.884567
-3.349782,4,281.983982
-2.261768,3,282.072752
-2.232186,3,282.161931
-1.184363,2,282.200574
-2.349996,3,282.26877
-3.392508,4,282.351812
-0.071243,1,282.379379
-1.150461,2,282.425293
-1.187184,2,282.475489
-1.171912,2,282.529311
-2.294258,3,282.670471
-2.300803,3,282.772314
-2.277518,3,282.86275
-1.151898,2,282.930611
-0.058457,1,282.989367
-2.315852,3,283.06826
-3.384585,4,283.230308
-3.458667,4,283.386272
-3.450232,4,283.487382
-1.157921,2,283.533491
-2.282304,3,283.600693
-0.048709,1,283.622587
-2.278337,3,283.702595
-3.388107,4,283.790347
-3.547139,4,283.877454
-0.036604,1,283.903306
-2.299385,3,283.976461
-2.269352,3,284.086576
-1.166752,2,284.137623
-1.133961,2,284.201794
-2.348854,3,284.285352
-3.509613,4,284.389332
-4.502918,5,284.499323
-3.403868,4,284.57177
-2.294602,3,284.631797
-3.367918,4,284.70338
-2.282149,3,284.757712
-1.134161,2,284.790457
-2.222921,3,284.848858
-2.301032,3,284.896366
-3.381478,4,284.961989
-2.298877,3,285.006313
-2.323656,3,285.064731
-3.472845,4,285.125472
-2.301026,3,285.177853
-4.559842,5,285.258193
-3.463349,4,285.326404
-2.255456,3,285.374755
-3.423544,4,285.440838
-3.401312,4,285.497434
-2.276129,3,285.546762
-3.448859,4,285.613328
-3.372689,4,285.673455
-2.255318,3,285.720275
-2.234646,3,285.770547
-4.501185,5,285.847837
-2.279706,3,285.891795
-2.243464,3,285.941892
-0.063028,1,285.960918
-3.400359,4,286.019376
-3.477781,4,286.082524
-0.067218,1,286.10029
-3.355442,4,286.165764
-0.067957,1,286.182798
-2.269031,3,286.227614
-2.267662,3,286.275468
-2.262961,3,286.32627
-3.386007,4,286.398289
-1.135596,2,286.426339
-2.258198,3,286.477445
-3.44538,4,286.542861
-3.360081,4,286.610286
-2.227321,3,286.658397
-0.070572,1,286.678436
-0.042126,1,286.69948
-2.321095,3,286.744875
-1.13249,2,286.783218
-3.346292,4,286.846843
-3.406159,4,286.916329
-3.501385,4,286.966281
-2.319228,3,287.007345
-1.156068,2,287.036401
-0.0568,1,287.059732
-3.455658,4,287.133261
-3.517077,4,287.186657
-2.231693,3,287.235494
-1.147903,2,287.270226
-2.300525,3,287.315317
-0.055236,1,287.333346
-2.251639,3,287.379406
-2.243961,3,287.428504
-3.383801,4,287.485431
-0.067036,1,287.501955
-3.364442,4,287.567279
-2.306128,3,287.617373
-2.315011,3,287.664673
-1.168387,2,287.691809
-0.045496,1,287.705337
-3.404383,4,287.778271
-3.334797,4,287.833943
-1.170489,2,287.860483
-2.225609,3,287.904242
-3.422471,4,287.972525
-3.410447,4,288.030318
-3.409774,4,288.086291
-1.174277,2,288.11635
-1.114515,2,288.152917
-2.281175,3,288.195704
-2.301492,3,288.240934
-3.397204,4,288.309362
-3.468663,4,288.378384
-2.223863,3,288.426478
-2.316681,3,288.472833
-0.046368,1,288.488357
-1.152313,2,288.524416
-2.270869,3,288.573562
-0.053804,1,288.589272
-0.040797,1,288.6043
-3.46634,4,288.667718
-1.144135,2,288.700486
-0.05327,1,288.715348
-1.109536,2,288.751912
-2.229345,3,288.804
-2.278238,3,288.847499
-2.210738,3,288.890323
-1.129495,2,288.92188
-1.118935,2,288.957683
-2.289115,3,289.003657
-3.381711,4,289.06328
-4.517895,5,289.154949
-3.377388,4,289.224421
-2.220293,3,289.280578
-2.310383,3,289.334975
-0.042071,1,289.355281
-3.367049,4,289.435433
-4.622184,5,289.517246
-2.313756,3,289.560562
-2.23823,3,289.602496
-4.562942,5,289.689398
-1.118581,2,289.724462
-3.464047,4,289.789258
-2.213351,3,289.858601
-1.158601,2,289.970307
-2.270224,3,290.036459
-0.057036,1,290.05349
-3.395553,4,290.12689
-2.272923,3,290.190298
-1.137348,2,290.230385
-2.253466,3,290.290508
-1.152377,2,290.325373
-3.412009,4,290.405285
-2.222371,3,290.45847
-3.444966,4,290.542355
-3.405341,4,290.630522
-2.250505,3,290.710974
-2.268391,3,290.818965
-2.214709,3,290.879501
-2.2785,3,290.943968
-3.413907,4,291.03187
-3.393005,4,291.115686
-2.321115,3,291.180357
-3.443406,4,291.275668
-2.293059,3,291.372709
-1.163002,2,291.446662
-2.226963,3,291.515532
-3.361404,4,291.605676
-3.403006,4,291.700372
-2.22392,3,291.779788
-3.337312,4,291.874389
-3.386053,4,291.998401
-1.15461,2,292.085345
-1.14816,2,292.149598
-1.157215,2,292.199393
-1.150304,2,292.25407
-0.054782,1,292.299392
-3.438774,4,292.410423
-2.278296,3,292.491825
-2.330237,3,292.562496
-2.292485,3,292.643459
-2.325659,3,292.71349
-2.293825,3,292.785429
-2.290846,3,292.852825
-3.389533,4,292.945866
-2.332925,3,293.028508
-2.282054,3,293.102252
-2.271841,3,293.167944
-2.257349,3,293.236132
-2.309089,3,293.306255
-1.159681,2,293.37541
-2.268445,3,293.449399
-1.165892,2,293.503289
-2.254221,3,293.568428
-3.485108,4,293.66572
-1.154212,2,293.713606
-2.255699,3,293.784425
-3.454919,4,293.903444
-1.161066,2,294.040299
-0.043315,1,294.082901
-4.526111,5,294.265959
-1.122355,2,294.312565
-2.259785,3,294.396466
-0.067636,1,294.417288
-3.362145,4,294.529337
-2.278457,3,294.590463
-1.161678,2,294.636411
-3.495429,4,294.716342
-3.386864,4,294.80827
-1.190561,2,294.857546
-2.227934,3,294.924214
-3.477167,4,295.026367
-4.503581,5,295.15948
-2.233032,3,295.224468
-3.454095,4,295.328434
-2.244229,3,295.39034
-2.295027,3,295.468522
-1.145666,2,295.513428
-3.485939,4,295.607391
-2.22781,3,295.672642
-2.237015,3,295.748339
-3.308915,4,295.848257
-2.254547,3,295.954542
-1.149887,2,296.02552
-3.367132,4,296.214495
-1.149633,2,296.253846
-2.289132,3,296.338495
-3.396713,4,296.444398
-2.26811,3,296.561893
-3.430425,4,296.700344
-1.152354,2,296.752523
-3.391182,4,296.848318
-2.274805,3,296.953341
-3.421408,4,297.047351
-3.398735,4,297.132895
-2.242721,3,297.200294
-3.476057,4,297.30988
-3.43072,4,297.411844
-1.160179,2,297.459954
-3.402684,4,297.549927
-3.464857,4,297.668279
-2.260148,3,297.73626
-1.177053,2,297.785867
-2.244964,3,297.84938
-2.256654,3,297.919262
-3.409157,4,298.020774
-3.402778,4,298.114528
-1.149937,2,298.158706
-3.387462,4,298.256546
-2.314455,3,298.323274
-2.266113,3,298.388918
-3.413296,4,298.48415
-3.365837,4,298.584319
-2.256528,3,298.654787
-1.127763,2,298.701879
-1.147412,2,298.745791
-3.348334,4,298.830498
-1.18278,2,298.874892
-0.038652,1,298.900672
-3.377291,4,298.993756
-3.359943,4,299.088867
-3.449569,4,299.158496
-2.225717,3,299.218359
-1.162479,2,299.258713
-3.530655,4,299.362541
-2.364039,3,299.4284
-3.436001,4,299.512093
-2.236985,3,299.579471
-0.042623,1,299.604271
-3.331125,4,299.680689
-3.365328,4,299.752816
-1.164316,2,299.796449
-2.247132,3,299.858712
-2.27951,3,299.924616
-3.501538,4,300.010647
-1.118166,2,300.054782
-2.2454,3,300.130316
-0.0237,1,300.155887
-3.500817,4,300.245905
-2.333704,3,300.310552
-1.16737,2,300.364717
-1.155119,2,300.413683
-2.336735,3,300.485523
-3.398036,4,300.569962
-3.439856,4,300.664738
-0.043197,1,300.685774
-2.246136,3,300.76373
-3.485872,4,300.844838
-3.39501,4,300.935301
-3.397108,4,301.008456
-3.382065,4,301.083713
-0.067886,1,301.100425
-0.053377,1,301.128483
-3.342147,4,301.210415
-2.274305,3,301.263596
-2.20613,3,301.322828
-0.052472,1,301.348882
-2.302509,3,301.406424
-1.183292,2,301.447025
-3.388548,4,301.52191
-0.046424,1,301.543459
-2.28616,3,301.600449
-3.481698,4,301.668823
-1.177212,2,301.704367
-0.037541,1,301.729407
-1.151202,2,301.765802
-0.045775,1,301.782582
-1.15102,2,301.821964
-3.368097,4,301.906456
-0.065058,1,301.92549
-2.333613,3,301.975447
-2.35769,3,302.025296
-2.240921,3,302.080452
-2.282279,3,302.128613
-2.259598,3,302.179666
-2.226788,3,302.231975
-2.350519,3,302.296306
-2.209255,3,302.352921
-3.421318,4,302.42433
-3.484353,4,302.496558
-2.282287,3,302.550947
-1.166267,2,302.585521
-3.405387,4,302.64894
-1.168219,2,302.680793
-2.251076,3,302.745431
-1.111244,2,302.783808
-2.240883,3,302.836399
-0.041037,1,302.852936
-2.331974,3,302.912974
-2.205641,3,302.961751
-1.191507,2,302.994423
-1.15232,2,303.036494
-2.259099,3,303.095912
-0.016961,1,303.115712
-1.138881,2,303.155412
-4.56906,5,303.249862
-0.046697,1,303.275848
-2.266524,3,303.337494
-3.40327,4,303.418478
-1.160118,2,303.460541
-3.41242,4,303.533757
-0.057328,1,303.549814
-3.350426,4,303.618413
-2.306946,3,303.675562
-3.4271,4,303.752587
-2.215445,3,303.814146
-1.147827,2,303.846464
-4.493717,5,303.95245
-2.299626,3,304.020431
-3.351141,4,304.100897
-3.359238,4,304.191829
-0.065902,1,304.214384
-3.4273,4,304.309609
-0.078978,1,304.332805
-3.405266,4,304.410378
-2.265073,3,304.473732
-3.411783,4,304.543474
-3.408341,4,304.610407
-2.237974,3,304.665303
-1.156727,2,304.700358
-1.183781,2,304.750972
-0.035991,1,304.771719
-3.365866,4,304.848818
-3.367745,4,304.92345
-2.303644,3,304.99182
-2.312529,3,305.05405
-0.06519,1,305.078629
-3.496526,4,305.161866
-2.200007,3,305.218493
-1.111546,2,305.253817
-2.290189,3,305.303362
-3.393082,4,305.379411
-2.328511,3,305.435604
-2.302892,3,305.497666
-3.353145,4,305.57653
-1.131261,2,305.613765
-0.041242,1,305.644561
-1.173504,2,305.680344
-2.255479,3,305.734386
-3.526087,4,305.805436
-1.120263,2,305.845226
-2.274905,3,305.897401
-3.516674,4,305.964267
-2.271918,3,306.019362
-1.151108,2,306.064717
-2.288654,3,306.127376
-1.129501,2,306.169966
-2.267401,3,306.228299
-2.360165,3,306.289721
-2.23798,3,306.344316
-3.484605,4,306.414444
-1.170664,2,306.452747
-2.265599,3,306.515365
-1.193451,2,306.550933
-2.332704,3,306.604455
-2.266365,3,306.662951
-2.316756,3,306.730354
-3.490875,4,306.807319
-2.288316,3,306.867949
-2.213282,3,306.920261
-3.384114,4,307.013491
-3.510206,4,307.091961
-3.439231,4,307.163825
-2.308558,3,307.221898
-3.521417,4,307.29845
-1.170449,2,307.33053
-3.386269,4,307.405277
-3.384262,4,307.475691
-4.691043,5,307.566255
-3.468267,4,307.625344
-2.305523,3,307.658468
-2.321551,3,307.69956
-2.254637,3,307.740232
-0.042674,1,307.752754
-0.038961,1,307.762262
-2.303585,3,307.798389
-1.13709,2,307.827432
-2.295715,3,307.863526
-3.426945,4,307.905281
-2.302984,3,307.941811
-1.162193,2,307.969359
-3.459634,4,308.013412
-2.324198,3,308.053971
-0.05849,1,308.068546
-2.306747,3,308.106721
-2.337865,3,308.142753
-3.423332,4,308.188316
-2.302017,3,308.22336
-2.325715,3,308.27194
-2.265396,3,308.309528
-3.342035,4,308.349762
-2.239209,3,308.388362
-3.429926,4,308.437422
-3.370675,4,308.480965
-2.256651,3,308.516224
-3.378273,4,308.562281
-1.158198,2,308.589351
-2.234175,3,308.623391
-3.391194,4,308.669463
-1.131243,2,308.690119
-1.204707,2,308.718232
-2.259965,3,308.749767
-3.436174,4,308.794327
-0.027574,1,308.808342
-2.230573,3,308.850897
-3.39402,4,308.894462
-2.230626,3,308.926547
-3.372556,4,308.97621
-2.223002,3,309.016255
-1.157947,2,309.043286
-2.274827,3,309.078362
-1.132278,2,309.101892
-2.264502,3,309.148462
-2.249547,3,309.184599
-3.410036,4,309.227278
-0.061124,1,309.237288
-2.237824,3,309.28048
-3.368274,4,309.329254
-1.165856,2,309.353796
-2.324835,3,309.39193
-3.386535,4,309.44359
-3.36992,4,309.483227
-1.119378,2,309.506258
-2.271327,3,309.545304
-3.350482,4,309.595388
-2.290138,3,309.630417
-1.11664,2,309.652447
-1.143759,2,309.673973
-2.286704,3,309.710169
-1.159046,2,309.73019
-2.286881,3,309.771743
-2.265003,3,309.810289
-3.378691,4,309.858345
-3.520107,4,309.9034
-1.147829,2,309.925423
-3.373571,4,309.968469
-3.365064,4,310.015668
-3.395665,4,310.070276
-1.135439,2,310.091805
-3.413116,4,310.145373
-2.270811,3,310.186442
-0.040931,1,310.197456
-3.406552,4,310.246158
-0.047538,1,310.262181
-1.163156,2,310.290251
-2.354042,3,310.333322
-2.321392,3,310.379376
-2.336541,3,310.419437
-2.23434,3,310.457482
-2.303437,3,310.497225
-3.356978,4,310.537266
-3.48245,4,310.591835
-2.255341,3,310.631884
-2.248428,3,310.664424
-2.321088,3,310.695457
-3.361609,4,310.739118
-2.310904,3,310.778254
-2.311071,3,310.815299
-2.243153,3,310.845332
-3.447052,4,310.889386
-2.296311,3,310.929436
-0.058283,1,310.945462
-3.507771,4,310.987226
-2.289975,3,311.021769
-2.27477,3,311.067337
-1.166412,2,311.096377
-3.451584,4,311.148442
-2.284801,3,311.185494
-2.28052,3,311.225077
-0.044378,1,311.238589
-3.35687,4,311.284045
-1.124459,2,311.304161
-1.15284,2,311.333704
-2.235769,3,311.371802
-3.412518,4,311.418352
-3.334493,4,311.4739
-1.141807,2,311.503465
-0.038353,1,311.51548
-2.270323,3,311.545185
-3.402092,4,311.599242
-2.275841,3,311.634287
-3.512346,4,311.678332
-2.289391,3,311.714378
-2.297582,3,311.744407
-1.13,2,311.779451
-2.256461,3,311.815104
-2.221476,3,311.852727
-3.398172,4,311.898308
-3.388504,4,311.953379
-6.720266,7,312.037186
-0.062249,1,312.050197
-1.166912,2,312.073735
-2.31683,3,312.117332
-3.371077,4,312.165471
-4.630722,5,312.221652
-3.513281,4,312.271721
-3.346387,4,312.320348
-0.050994,1,312.33338
-3.337167,4,312.383453
-3.473253,4,312.446164
-1.1077,2,312.47628
-2.352835,3,312.513327
-2.354776,3,312.550374
-2.315173,3,312.594516
-3.447103,4,312.694264
-2.341561,3,312.751861
-1.115853,2,312.79358
-1.143875,2,312.828252
-2.278486,3,312.885424
-1.150332,2,312.913467
-2.247915,3,312.95975
-2.289648,3,313.011888
-3.440508,4,313.072829
-2.274624,3,313.111925
-2.23398,3,313.142956
-2.313611,3,313.169514
-3.388057,4,313.214225
-1.171741,2,313.240257
-1.151378,2,313.280379
-2.268817,3,313.382703
-2.299857,3,313.482732
-0.040164,1,313.510364
-2.267999,3,313.596024
-3.441694,4,313.723633
-3.395469,4,313.837348
-2.23131,3,313.926259
-0.042916,1,313.959445
-2.210869,3,314.0472
-2.24986,3,314.113491
-2.301844,3,314.144105
-2.320904,3,314.237327
-2.225264,3,314.314158
-3.465205,4,314.430357
-2.269922,3,314.480652
-1.142884,2,314.49722
-1.153134,2,314.513236
-0.061979,1,314.526248
-4.600734,5,314.598485
-2.342036,3,314.710418
-2.32281,3,314.820285
-3.354206,4,314.947229
-3.371162,4,315.069628
-1.174118,2,315.129276
-2.28816,3,315.224595
-1.130252,2,315.291893
-0.066956,1,315.32944
-1.131346,2,315.382053
-2.288632,3,315.475534
-3.47877,4,315.587862
-1.123052,2,315.618437
-0.031397,1,315.659589
-3.408331,4,315.786484
-3.393607,4,315.908191
-0.059863,1,315.939237
-3.431685,4,316.06757
-0.03322,1,316.101757
-3.390716,4,316.240343
-1.15346,2,316.304335
-2.258411,3,316.390664
-1.14486,2,316.450275
-3.508442,4,316.567677
-4.547755,5,316.706193
-1.117191,2,316.759765
-1.190083,2,316.830409
-2.28485,3,316.904315
-2.278979,3,316.955383
-2.238964,3,317.050467
-1.156585,2,317.102723
-3.412752,4,317.226456
-0.054166,1,317.257746
-3.382667,4,317.37336
-3.365306,4,317.483507
-3.407044,4,317.597401
-3.377492,4,317.702723
-1.165373,2,317.749778
-2.308345,3,317.8302
-1.179045,2,317.892285
-2.225571,3,317.972653
-0.070963,1,318.001721
-2.251493,3,318.092896
-3.404392,4,318.205222
-1.146892,2,318.256284
-2.245922,3,318.336508
-1.163392,2,318.395235
-1.161467,2,318.453317
-3.471331,4,318.552779
-3.371629,4,318.911724
-2.245695,3,318.990386
-2.248564,3,319.079232
-2.234011,3,319.160843
-3.402507,4,319.284213
-3.446685,4,319.407471
-2.206982,3,319.499285
-2.233807,3,319.580458
-1.157937,2,319.630144
-2.314946,3,319.710266
-3.43081,4,319.833287
-1.177691,2,319.893449
-2.231644,3,319.974302
-3.375905,4,320.101797
-3.397733,4,320.165379
-2.260241,3,320.209483
-2.301113,3,320.256307
-0.062758,1,320.276149
-1.176608,2,320.319489
-2.245037,3,320.366719
-2.24452,3,320.410663
-2.265698,3,320.454259
-3.450687,4,320.518432
-3.383838,4,320.581674
-0.067974,1,320.60522
-1.169363,2,320.6854
-2.284466,3,320.741978
-2.353238,3,320.775323
-0.055971,1,320.790336
-3.376462,4,320.836411
-3.372747,4,320.891703
-3.398768,4,320.943287
-3.53254,4,320.988374
-2.339469,3,321.025435
-3.466284,4,321.082705
-0.062485,1,321.097224
-3.418858,4,321.14328
-3.433387,4,321.189351
-3.414127,4,321.241925
-1.117578,2,321.268969
-0.061972,1,321.278601
-2.247821,3,321.309202
-1.178505,2,321.338242
-1.160092,2,321.362774
-1.170709,2,321.390323
-2.253269,3,321.424378
-3.424585,4,321.468929
-1.120861,2,321.492019
-0.048073,1,321.506137
-3.490729,4,321.55488
-2.284036,3,321.595438
-2.304762,3,321.633481
-2.309862,3,321.668721
-1.146542,2,321.691895
-2.255736,3,321.730441
-2.300934,3,321.768057
-1.118389,2,321.79021
-1.125564,2,321.819253
-3.428266,4,321.86939
-3.397214,4,321.91545
-3.36434,4,321.962153
-1.103308,2,321.989386
-2.28722,3,322.034458
-3.400394,4,322.083605
-0.0497,1,322.093229
-3.45587,4,322.140286
-2.218649,3,322.181911
-2.261964,3,322.219456
-1.157608,2,322.242511
-2.303273,3,322.278306
-1.168304,2,322.311846
-2.233564,3,322.350402
-3.440387,4,322.409373
-2.32264,3,322.449424
-1.116403,2,322.478697
-1.14629,2,322.503271
-1.123199,2,322.530302
-2.270673,3,322.570862
-2.248133,3,322.614486
-3.472459,4,322.670212
-2.286938,3,322.715538
-1.13656,2,322.742136
-3.401538,4,322.797299
-2.246605,3,322.847374
-3.475655,4,322.899461
-3.423711,4,322.941695
-1.16935,2,322.976335
-3.470515,4,323.022891
-3.34949,4,323.075515
-0.057936,1,323.086126
-2.282176,3,323.129216
-0.065988,1,323.139227
-1.167638,2,323.170294
-2.30481,3,323.229397
-2.27843,3,323.286194
-2.252379,3,323.357333
-2.351985,3,323.44745
-3.501084,4,323.525301
-2.294703,3,323.580582
-0.056387,1,323.60338
-3.333612,4,323.680493
-1.130874,2,323.746331
-4.564414,5,323.885484
-3.370401,4,323.95111
-2.31839,3,323.9834
-2.265365,3,324.016441
-2.323397,3,324.056285
-2.23879,3,324.096699
-0.060538,1,324.106423
-2.248192,3,324.143473
-1.167052,2,324.181677
-1.15857,2,324.208704
-3.410203,4,324.258808
-2.32622,3,324.302488
-2.317499,3,324.352878
-1.139226,2,324.390266
-2.222651,3,324.424321
-2.31511,3,324.457352
-1.151118,2,324.485478
-2.319143,3,324.522636
-2.252819,3,324.557286
-2.243171,3,324.594362
-1.128721,2,324.625407
-1.181442,2,324.658965
-1.167357,2,324.68426
-2.300483,3,324.726321
-3.387303,4,324.78047
-3.487487,4,324.819214
-3.38868,4,324.86378
-0.052278,1,324.877384
-3.413959,4,324.924443
-1.152529,2,324.946467
-2.332756,3,324.984236
-2.284148,3,325.015272
-2.253821,3,325.058827
-2.279426,3,325.094415
-3.448766,4,325.132955
-2.232987,3,325.168501
-2.293258,3,325.208263
-2.235504,3,325.243315
-2.257834,3,325.286439
-3.433008,4,325.343194
-2.32038,3,325.425556
-1.166442,2,325.459724
-3.458772,4,325.506413
-2.297169,3,325.551983
-2.240898,3,325.594226
-0.068267,1,325.610237
-2.319532,3,325.647289
-0.07111,1,325.65981
-0.061742,1,325.674379
-2.302432,3,325.715432
-3.388884,4,325.778341
-1.149692,2,325.819419
-2.316563,3,325.893583
-2.234024,3,325.962862
-1.136819,2,326.002498
-2.261854,3,326.055321
-3.478225,4,326.115299
-3.451453,4,326.170868
-3.428778,4,326.230639
-1.165088,2,326.265372
-1.102997,2,326.290393
-3.368854,4,326.353565
-2.291433,3,326.400426
-2.309203,3,326.440479
-2.271166,3,326.486323
-2.288127,3,326.527375
-3.466447,4,326.573434
-1.15735,2,326.594461
-0.055039,1,326.611976
-1.150022,2,326.634635
-1.161758,2,326.657262
-2.224543,3,326.687295
-2.292701,3,326.72634
-3.398441,4,326.782928
-3.401808,4,326.840111
-2.308478,3,326.871786
-2.255442,3,326.907329
-2.234699,3,326.947376
-0.037924,1,326.960385
-3.38647,4,327.032546
-1.17899,2,327.075361
-3.391236,4,327.139459
-2.275289,3,327.197459
-1.17123,2,327.235316
-2.238476,3,327.274374
-2.300904,3,327.306401
-2.244453,3,327.342947
-2.367793,3,327.379078
-1.179031,2,327.410252
-3.390061,4,327.457313
-2.263782,3,327.493857
-0.058235,1,327.507384
-0.041212,1,327.5219
-3.368222,4,327.574481
-3.367609,4,327.628359
-3.429103,4,327.676427
-3.482399,4,327.740074
-1.123696,2,327.763805
-1.156967,2,327.783393
-2.299532,3,327.816427
-1.169342,2,327.837448
-3.361881,4,327.87971
-1.139377,2,327.89825
-3.386429,4,327.942796
-1.124446,2,327.966501
-2.254358,3,327.995236
-2.282901,3,328.028274
-2.283693,3,328.057302
-1.177193,2,328.081922
-0.040713,1,328.091933
-2.348696,3,328.127476
-0.028805,1,328.136487
-2.277254,3,328.174769
-3.370767,4,328.2154
-3.391275,4,328.252939
-3.400222,4,328.290194
-2.258729,3,328.332084
-2.332436,3,328.36571
-4.614061,5,328.423504
-2.277175,3,328.456163
-1.116178,2,328.484203
-2.239601,3,328.508223
-3.505877,4,328.541756
-2.327378,3,328.571789
-3.393342,4,328.630373
-2.32151,3,328.662919
-3.480134,4,328.701966
-1.133564,2,328.722499
-3.389308,4,328.76833
-2.310955,3,328.800364
-3.431308,4,328.836407
-1.169143,2,328.853426
-3.418353,4,328.897468
-2.24575,3,328.926102
-3.404765,4,328.967275
-2.2816,3,328.99431
-3.419124,4,329.036353
-3.394526,4,329.074401
-2.247343,3,329.104433
-3.414415,4,329.145482
-0.029,1,329.157506
-3.397972,4,329.195628
-2.338404,3,329.221898
-2.235498,3,329.249422
-1.119258,2,329.274113
-2.255895,3,329.301978
-0.054898,1,329.310485
-2.268917,3,329.3417
-2.254319,3,329.381753
-3.43265,4,329.420296
-3.349397,4,329.462845
-0.041474,1,329.472858
-3.404565,4,329.520525
-3.365571,4,329.557278
-2.247076,3,329.590312
-1.142544,2,329.61535
-0.067186,1,329.629359
-3.385211,4,329.668401
-1.139662,2,329.686419
-3.40299,4,329.740495
-2.243419,3,329.806332
-1.119286,2,329.84941
-2.290468,3,329.912714
-0.066748,1,329.93041
-2.333204,3,329.984201
-1.176082,2,330.019253
-1.191356,2,330.045299
-3.429704,4,330.121958
-1.116454,2,330.16397
-3.372295,4,330.213458
-2.357646,3,330.250678
-3.464496,4,330.300347
-3.409089,4,330.365473
-3.369475,4,330.415379
-1.124036,2,330.453465
-0.066864,1,330.470491
-2.258865,3,330.519349
-0.074557,1,330.534385
-3.511002,4,330.596493
-3.393727,4,330.676466
-0.045181,1,330.704278
-1.154645,2,330.761891
-2.350155,3,330.851918
-3.419381,4,330.94034
-2.284618,3,331.018508
-1.140762,2,331.055543
-2.238857,3,331.113351
-2.37192,3,331.160416
-0.03418,1,331.18446
-3.474596,4,331.255446
-2.308651,3,331.304308
-3.451811,4,331.366418
-2.244463,3,331.422193
-3.469171,4,331.49037
-3.345558,4,331.558494
-3.353587,4,331.645802
-3.513542,4,331.725439
-3.366188,4,331.801883
-0.043598,1,331.820415
-2.229104,3,331.872792
-2.290268,3,331.925698
-3.515519,4,331.990452
-2.376057,3,332.03764
-3.387669,4,332.110412
-0.069648,1,332.135469
-2.236845,3,332.191973
-2.347352,3,332.245989
-1.179085,2,332.275423
-2.285852,3,332.33269
-2.277006,3,332.381773
-0.051998,1,332.402315
-1.162708,2,332.440677
-3.325122,4,332.524816
-3.39044,4,332.602959
-3.403859,4,332.679983
-3.393271,4,332.753556
-1.144164,2,332.788669
-0.042889,1,332.804377
-3.451946,4,332.871167
-3.404493,4,332.934335
-1.119114,2,332.973416
-3.45728,4,333.030249
-2.278421,3,333.072831
-2.269248,3,333.120408
-2.288301,3,333.175175
-1.160684,2,333.208429
-1.144195,2,333.238485
-3.526639,4,333.300726
-3.392776,4,333.375506
-1.177571,2,333.409276
-2.250957,3,333.459377
-1.11482,2,333.493699
-2.215642,3,333.541774
-3.489458,4,333.602704
-2.257997,3,333.650486
-1.139167,2,333.678986
-3.444205,4,333.747308
-3.371562,4,333.799371
-3.427514,4,333.862499
-3.397863,4,333.928492
-2.330193,3,333.984078
-2.262584,3,334.069911
-3.362232,4,334.282838
-2.330462,3,334.342023
-1.16951,2,334.395656
-3.388082,4,334.487789
-1.19675,2,334.528695
-1.160416,2,334.569269
-1.125808,2,334.613365
-3.349856,4,334.695518
-3.379139,4,334.792491
-3.373766,4,334.866912
-2.286398,3,334.92757
-0.060575,1,334.943659
-0.061931,1,334.960421
-0.032318,1,334.977968
-2.244544,3,335.028557
-2.325287,3,335.075658
-3.439697,4,335.135195
-3.387717,4,335.197805
-4.575527,5,335.272781
-3.401246,4,335.327298
-1.160435,2,335.362859
-2.256595,3,335.409446
-3.455579,4,335.484314
-2.267054,3,335.525386
-0.060152,1,335.5384
-1.140908,2,335.565306
-1.133757,2,335.596709
-2.26031,3,335.636462
-2.278836,3,335.688277
-1.123135,2,335.723346
-2.24664,3,335.782705
-1.135174,2,335.840524
-2.309677,3,335.917721
-2.26445,3,335.973345
-3.45371,4,336.056479
-2.281121,3,336.113449
-3.474213,4,336.180498
-1.155885,2,336.218374
-2.2998,3,336.284538
-0.062555,1,336.302609
-3.41326,4,336.381745
-3.389622,4,336.470961
-0.046855,1,336.497563
-2.290534,3,336.575522
-3.484805,4,336.819367
-1.149486,2,336.859452
-2.273464,3,336.982123
-0.057121,1,337.005437
-2.277216,3,337.087946
-1.156749,2,337.13424
-3.396637,4,337.238727
-1.193476,2,337.289622
-3.400052,4,337.361975
-1.129148,2,337.391701
-3.478213,4,337.476875
-3.377892,4,337.553444
-1.14733,2,337.590526
-2.296046,3,337.637314
-0.04976,1,337.660349
-3.473785,4,337.725286
-3.37215,4,337.79213
-1.114027,2,337.830379
-2.249448,3,337.894313
-1.163267,2,337.930506
-3.369693,4,337.994696
-1.127961,2,338.031936
-1.125862,2,338.072088
-0.071987,1,338.086423
-3.384614,4,338.15725
-2.288465,3,338.197515
-0.050736,1,338.217178
-2.298435,3,338.260953
-3.362799,4,338.306291
-3.468426,4,338.373706
-3.401538,4,338.45641
-3.474757,4,338.534341
-2.226581,3,338.593968
-4.682484,5,338.675627
-3.398409,4,338.747292
-2.353829,3,338.797478
-2.291276,3,338.848382
-2.25381,3,338.889704
-2.254014,3,338.939612
-1.152163,2,338.969917
-3.459627,4,339.042954
-2.246542,3,339.097406
-1.114069,2,339.13748
-0.049497,1,339.153573
-2.281271,3,339.203737
-1.141304,2,339.235203
-3.459686,4,339.306308
-1.151198,2,339.342878
-1.153708,2,339.380953
-1.136511,2,339.413471
-2.283515,3,339.476492
-2.255333,3,339.52847
-1.152117,2,339.563259
-1.175427,2,339.595443
-2.320423,3,339.661905
-3.444057,4,339.731956
-3.396857,4,339.807397
-3.434028,4,339.87921
-0.026844,1,339.90327
-2.329121,3,339.9693
-1.137355,2,340.008395
-2.254105,3,340.064306
-1.188389,2,340.119481
-2.273696,3,340.1723
-2.261959,3,340.23244
-1.114647,2,340.270979
-2.293673,3,340.346232
-2.263049,3,340.407657
-2.286682,3,340.463637
-2.242645,3,340.522667
-0.054278,1,340.545718
-2.323847,3,340.590185
-3.429742,4,340.646275
-2.247893,3,340.689555
-2.222524,3,340.749424
-2.226227,3,340.796216
-2.292757,3,340.847306
-1.158323,2,340.880568
-3.344608,4,340.956448
-2.263132,3,340.99929
-1.144767,2,341.038376
-0.043765,1,341.057409
-0.067726,1,341.079956
-2.269663,3,341.128403
-2.339599,3,341.179157
-1.173013,2,341.20821
-1.156795,2,341.241974
-2.312799,3,341.282771
-2.24343,3,341.336399
-2.252978,3,341.398189
-2.242343,3,341.460319
-2.297102,3,341.520676
-2.263561,3,341.572617
-1.141527,2,341.608375
-3.40218,4,341.680505
-3.352761,4,341.747358
-1.19918,2,341.782675
-2.323131,3,341.833458
-2.255337,3,341.880338
-3.394604,4,341.946468
-2.251449,3,341.995417
-3.396769,4,342.068745
-3.52806,4,342.136216
-2.312635,3,342.17846
-3.457528,4,342.244733
-1.186329,2,342.282091
-0.06365,1,342.305332
-2.32261,3,342.362951
-3.580471,4,342.43935
-3.423096,4,342.515976
-2.238101,3,342.597878
-1.163856,2,342.640637
-1.111545,2,342.677274
-0.059622,1,342.697314
-1.173623,2,342.7404
-2.33654,3,342.788692
-2.254173,3,342.846396
-1.145326,2,342.887989
-2.270179,3,342.95191
-0.036817,1,342.969949
-3.369934,4,343.050351
-3.384842,4,343.130526
-3.486673,4,343.222508
-3.351656,4,343.301855
-1.118049,2,343.343452
-3.375508,4,343.42281
-0.041155,1,343.447359
-1.123183,2,343.490704
-0.058349,1,343.507746
-1.139749,2,343.538487
-1.161096,2,343.576865
-0.030691,1,343.593644
-3.422512,4,343.664498
-0.026424,1,343.68768
-3.373223,4,343.756325
-3.484426,4,343.825657
-3.52908,4,343.898234
-2.325514,3,343.954367
-3.446227,4,344.032768
-3.411839,4,344.101893
-2.287474,3,344.160672
-2.266757,3,344.217704
-1.180401,2,344.260546
-0.060335,1,344.278714
-3.449541,4,344.354437
-3.465224,4,344.488438
-2.260959,3,344.548358
-0.048331,1,344.564175
-1.138845,2,344.597741
-1.124346,2,344.63416
-1.169371,2,344.68219
-3.479118,4,344.749397
-2.250844,3,344.808192
-3.46094,4,344.879476
-1.139102,2,344.923285
-2.347579,3,344.970877
-2.240848,3,345.023525
-3.366521,4,345.084438
-3.390643,4,345.159715
-1.138516,2,345.195308
-2.332355,3,345.245401
-3.473115,4,345.303552
-1.14158,2,345.347595
-1.119899,2,345.380379
-1.10766,2,345.414219
-3.393976,4,345.480446
-2.318698,3,345.537363
-2.339016,3,345.595487
-3.382503,4,345.661916
-2.208806,3,345.718218
-2.306934,3,345.783367
-2.281826,3,345.834474
-1.19791,2,345.868339
-1.167836,2,345.908432
-1.145461,2,345.950524
-2.263609,3,346.017336
-3.376603,4,346.090269
-3.416226,4,346.169159
-2.251186,3,346.235262
-2.218039,3,346.287728
-2.265206,3,346.343821
-0.046632,1,346.362347
-3.421203,4,346.440529
-3.473317,4,346.510448
-2.343926,3,346.564347
-2.321696,3,346.608929
-1.174434,2,346.652743
-1.125954,2,346.683714
-3.417281,4,346.748477
-3.424184,4,346.807484
-2.320062,3,346.857454
-1.165096,2,346.89173
-2.269184,3,346.941888
-2.319337,3,346.993728
-3.38023,4,347.075882
-0.053555,1,347.093912
-2.347862,3,347.150258
-2.302837,3,347.208671
-1.129331,2,347.255203
-2.261789,3,347.313362
-1.16744,2,347.349434
-1.129382,2,347.386314
-3.426581,4,347.465475
-0.0317,1,347.485256
-3.368113,4,347.563409
-2.259435,3,347.627754
-2.250867,3,347.68926
-0.074889,1,347.705296
-2.212586,3,347.760398
-1.179361,2,347.79527
-2.284793,3,347.860412
-3.476965,4,347.933473
-2.224261,3,347.990548
-3.348859,4,348.048312
-2.249631,3,348.109435
-2.256054,3,348.161815
-1.104914,2,348.197393
-1.172337,2,348.228446
-3.382572,4,348.299266
-0.024049,1,348.316809
-3.434707,4,348.37548
-3.391274,4,348.436368
-3.446919,4,348.515607
-2.28694,3,348.56546
-1.187297,2,348.599321
-0.0665,1,348.615354
-2.282629,3,348.676486
-2.278429,3,348.743484
-2.273869,3,348.802923
-0.064289,1,348.823742
-2.251278,3,348.879254
-2.287512,3,348.933939
-2.266776,3,348.984339
-1.151612,2,349.010375
-2.27914,3,349.068497
-2.273804,3,349.118337
-1.148094,2,349.153409
-1.142835,2,349.19048
-1.145434,2,349.237714
-3.384012,4,349.322884
-1.143406,2,349.360752
-2.307661,3,349.426477
-2.333653,3,349.528337
-2.298206,3,349.595487
-2.237226,3,349.659636
-1.172067,2,349.696654
-2.240171,3,349.765546
-2.280639,3,349.829454
-1.125963,2,349.870574
-3.406805,4,349.954252
-2.292806,3,350.02197
-3.420241,4,350.106863
-2.308121,3,350.197243
-1.118726,2,350.239333
-3.376906,4,350.324048
-3.512343,4,350.407431
-1.12061,2,350.450397
-3.366323,4,350.533587
-2.32507,3,350.605484
-2.309122,3,350.670665
-2.291884,3,350.740772
-2.25708,3,350.795418
-3.409946,4,350.875354
-2.277137,3,350.924146
-3.453685,4,350.981064
-2.305098,3,351.020272
-2.247053,3,351.063342
-2.246933,3,351.105742
-2.292507,3,351.1464
-2.256918,3,351.192788
-3.495434,4,351.26047
-2.268545,3,351.311806
-3.393506,4,351.371909
-3.385222,4,351.428289
-0.051243,1,351.446316
-2.345287,3,351.487883
-3.447635,4,351.548478
-3.438936,4,351.600449
-1.137063,2,351.633633
-1.138806,2,351.65771
-0.037795,1,351.669728
-2.279084,3,351.70729
-1.128414,2,351.736337
-3.461565,4,351.7906
-1.136563,2,351.82536
-2.309649,3,351.873442
-0.022149,1,351.895525
-1.141842,2,351.929412
-1.187348,2,351.958466
-1.134483,2,351.990532
-2.244463,3,352.045332
-3.395285,4,352.111795
-3.500751,4,352.174907
-3.501113,4,352.236458
-3.496431,4,352.318028
-2.284072,3,352.370376
-2.230327,3,352.41846
-1.150414,2,352.450216
-3.55185,4,352.521842
-1.147072,2,352.548381
-1.142348,2,352.571913
-1.13985,2,352.605479
-3.460209,4,352.671926
-1.143763,2,352.697468
-3.485211,4,352.747222
-2.328469,3,352.784278
-0.066994,1,352.804317
-0.040864,1,352.817331
-3.342258,4,352.871921
-3.496685,4,352.952968
-2.244336,3,353.020416
-1.181696,2,353.055491
-3.343369,4,353.117465
-2.303161,3,353.17037
-0.062474,1,353.198735
-2.273627,3,353.254321
-3.453797,4,353.325444
-3.416634,4,353.392579
-2.314663,3,353.440365
-2.282853,3,353.494979
-2.290538,3,353.545461
-2.305863,3,353.596817
-3.391809,4,353.670602
-2.291182,3,353.715242
-1.132232,2,353.748295
-1.130157,2,353.805523
-2.259571,3,353.859415
-3.394852,4,353.91644
-3.428706,4,353.970638
-1.127333,2,354.000716
-1.115584,2,354.038362
-3.448425,4,354.100986
-3.434035,4,354.172971
-3.382423,4,354.244872
-0.068148,1,354.268684
-2.268015,3,354.328596
-1.150149,2,354.360392
-0.065359,1,354.372913
-1.140648,2,354.40097
-2.328939,3,354.434317
-2.268434,3,354.474378
-3.48531,4,354.525316
-3.458033,4,354.575526
-1.174959,2,354.594362
-3.452973,4,354.629398
-1.151243,2,354.646418
-3.477451,4,354.687511
-1.151932,2,354.703604
-1.134855,2,354.720635
-2.25156,3,354.744209
-1.170884,2,354.768234
-2.271622,3,354.799304
-1.119978,2,354.817324
-2.27872,3,354.840343
-2.330033,3,354.877909
-2.196041,3,354.903543
-3.383528,4,354.937621
-2.256031,3,354.965403
-2.211678,3,355.000585
-1.148503,2,355.021821
-1.13991,2,355.045365
-2.266988,3,355.079912
-2.300265,3,355.119618
-2.284402,3,355.146246
-3.411221,4,355.179779
-2.271276,3,355.205806
-2.270881,3,355.236367
-0.070426,1,355.244376
-2.353614,3,355.269396
-2.351384,3,355.293904
-3.378767,4,355.338232
-1.10296,2,355.358258
-3.448693,4,355.441886
-3.388304,4,355.502702
-2.230776,3,355.546363
-0.07414,1,355.569404
-3.426184,4,355.62644
-3.442982,4,355.708709
-3.452886,4,355.803963
-3.378248,4,355.890966
-0.060661,1,355.908784
-3.394779,4,355.989949
-2.276683,3,356.066266
-3.385276,4,356.173519
-0.058102,1,356.204752
-1.134011,2,356.254497
-0.045618,1,356.27793
-0.057029,1,356.306984
-3.458491,4,356.397791
-2.334801,3,356.467712
-3.436084,4,356.58456
-3.418541,4,356.701905
-3.399499,4,356.994704
-2.280444,3,357.077867
-1.18255,2,357.140767
-3.355747,4,357.355589
-2.264464,3,357.445627
-0.056059,1,357.48552
-2.272071,3,357.655298
-2.212925,3,357.773251
-0.040062,1,357.809827
-1.145135,2,357.852886
-2.331364,3,357.932585
-2.309221,3,358.038202
-2.295864,3,358.170405
-2.27414,3,358.316719
-3.378568,4,358.514533
-3.431273,4,358.672122
-1.176189,2,358.723432
-1.122327,2,358.818401
-2.299243,3,358.934456
-1.121282,2,358.973551
-3.420313,4,359.062137
-3.411407,4,359.185723
-2.264636,3,359.278629
-2.309922,3,359.332917
-1.120449,2,359.371993
-1.167997,2,359.398522
-1.173636,2,359.436348
-3.443607,4,359.530418
-2.286587,3,359.618959
-2.277389,3,359.692073
-1.132247,2,359.743272
-3.406628,4,359.895669
-3.515284,4,360.062962
-2.231935,3,360.161695
-0.065221,1,360.208401
-2.232059,3,360.320357
-2.294918,3,360.434022
-0.05193,1,360.462553
-3.428066,4,360.611774
-1.141761,2,360.682767
-3.498171,4,360.815446
-1.124778,2,360.895584
-2.242231,3,360.999337
-3.472621,4,361.124678
-3.428005,4,361.242791
-1.17401,2,361.335722
-3.354597,4,361.510311
-2.298854,3,361.620273
-3.341788,4,361.740498
-3.439399,4,361.873282
-2.307731,3,361.998355
-2.294326,3,362.089348
-1.1676,2,362.14968
-0.062393,1,362.181078
-1.17905,2,362.275473
-3.39124,4,362.436281
-2.303719,3,362.530285
-2.317078,3,362.650334
-1.175371,2,362.743767
-3.35623,4,362.901992
-2.251418,3,363.033317
-1.13614,2,363.088234
-2.273178,3,363.179408
-0.024774,1,363.209461
-0.050068,1,363.23673
-2.345019,3,363.325586
-0.036427,1,363.372027
-1.175876,2,363.455281
-3.457004,4,363.58723
-1.165878,2,363.664371
-3.423244,4,363.844305
-2.277642,3,363.936471
-2.291654,3,364.064387
-1.122397,2,364.146637
-3.399773,4,364.307409
-2.291131,3,364.424307
-0.067021,1,364.479097
-2.329829,3,364.577442
-2.24966,3,364.703409
-3.40044,4,364.843255
-1.142749,2,364.916386
-2.309283,3,365.033468
-2.29561,3,365.138481
-2.280631,3,365.240304
-2.325207,3,365.342559
-3.493741,4,365.505268
-2.261049,3,365.617608
-2.339951,3,365.738424
-2.299374,3,365.861773
-3.402979,4,366.030486
-0.063328,1,366.080412
-3.389802,4,366.248363
-1.151186,2,366.332675
-3.394806,4,366.503516
-2.319106,3,366.622531
-3.429696,4,366.788483
-2.253115,3,366.918332
-0.065288,1,366.963415
-1.172205,2,367.045369
-3.435462,4,367.22039
-3.54616,4,367.387377
-2.305754,3,367.51641
-2.361981,3,367.647346
-2.329238,3,367.752155
-3.413137,4,367.902547
-2.215976,3,368.01362
-2.332232,3,368.143273
-1.152065,2,368.218251
-1.176206,2,368.290471
-3.426787,4,368.434334
-2.323151,3,368.582087
-3.35389,4,368.732925
-1.171212,2,368.806919
-1.181758,2,368.880871
-2.214347,3,369.00272
-2.262881,3,369.11338
-2.323153,3,369.244279
-3.391377,4,369.385483
-0.049545,1,369.428181
-0.055345,1,369.465241
-0.055686,1,369.504316
-3.372202,4,369.661807
-0.020373,1,369.688844
-3.434432,4,369.753262
-3.478963,4,369.855442
-3.513511,4,369.968328
-2.308762,3,370.086612
-2.325401,3,370.165265
-3.431487,4,370.245899
-0.043274,1,370.293677
-3.413063,4,370.438353
-0.035698,1,370.483457
-2.301094,3,370.559369
-1.149155,2,370.625591
-3.414027,4,370.724087
-1.132164,2,370.778474
-3.561468,4,370.882793
-2.26627,3,370.973295
-2.321251,3,371.065413
-1.198052,2,371.141766
-3.39175,4,371.261769
-2.300947,3,371.362969
-1.136314,2,371.44182
-2.285799,3,371.516649
-2.285236,3,371.602563
-2.366301,3,371.686388
-2.318219,3,371.777285
-3.40504,4,371.915137
-3.443715,4,372.050407
-3.382331,4,372.151844
-3.371908,4,372.31756
-2.37183,3,372.411865
-1.137531,2,372.475377
-3.463579,4,372.642136
-1.155154,2,372.720588
-0.033793,1,372.754242
-1.136851,2,372.838431
-1.143464,2,372.912586
-1.150442,2,372.981761
-2.235825,3,373.098859
-2.251145,3,373.199508
-1.120098,2,373.258248
-3.44365,4,373.428392
-3.400459,4,373.602844
-2.312125,3,373.708133
-0.046499,1,373.747152
-0.071424,1,373.785215
-1.156302,2,373.855418
-1.118489,2,373.918286
-2.328763,3,374.035346
-0.059148,1,374.077465
-1.117398,2,374.147249
-2.263409,3,374.276273
-2.275279,3,374.402528
-2.318607,3,374.522604
-1.132855,2,374.596789
-2.245477,3,374.687312
-1.113207,2,374.750615
-1.138208,2,374.824778
-0.069999,1,374.848811
-1.186271,2,374.904722
-3.414079,4,375.060263
-3.442881,4,375.209582
-2.317221,3,375.322717
-2.245288,3,375.443177
-0.064803,1,375.476225
-1.145926,2,375.561932
-1.165105,2,375.621728
-2.283102,3,375.714828
-2.309997,3,375.797604
-2.303884,3,375.919829
-2.279945,3,376.037192
-0.07204,1,376.077256
-2.234522,3,376.174277
-2.279352,3,376.285427
-1.171598,2,376.353287
-2.280049,3,376.479448
-2.28826,3,376.589888
-1.146915,2,376.660333
-2.225315,3,376.715485
-3.48188,4,376.827696
-1.131323,2,376.914725
-2.243156,3,377.037348
-1.188556,2,377.143828
-0.062375,1,377.18615
-1.176244,2,377.262754
-2.256407,3,377.403666
-2.304847,3,377.513689
-2.263648,3,377.636611
-0.049828,1,377.679416
-2.268708,3,377.775734
-1.181613,2,377.827343
-2.310105,3,377.914531
-2.211642,3,377.993219
-2.251686,3,378.080374
-0.03751,1,378.108435
-1.12125,2,378.157201
-3.407575,4,378.274409
-3.370134,4,378.421917
-2.312408,3,378.532934
-1.184131,2,378.58969
-2.259187,3,378.679284
-2.335268,3,378.773476
-1.145029,2,378.860372
-2.266073,3,378.97406
-2.304225,3,379.046174
-2.348908,3,379.140359
-1.155963,2,379.200257
-0.029923,1,379.240342
-3.415394,4,379.432788
-2.260366,3,379.568686
-0.047217,1,379.605412
-2.320493,3,379.736314
-2.256459,3,379.846022
-2.338006,3,379.977315
-3.402955,4,380.128429
-3.484272,4,380.27406
-1.164294,2,380.353753
-1.112944,2,380.438408
-3.42166,4,380.567309
-1.171339,2,380.61738
-2.347803,3,380.698561
-3.4181,4,380.85053
-2.208102,3,380.92434
-1.171327,2,380.986404
-2.318151,3,381.102871
-3.393377,4,381.260329
-2.284083,3,381.3585
-0.038203,1,381.409389
-0.026912,1,381.443453
-3.41033,4,381.609685
-2.265533,3,381.715989
-2.265036,3,381.820272
-2.276677,3,381.916457
-0.065905,1,381.947157
-2.318224,3,382.029178
-2.264186,3,382.150577
-2.318636,3,382.269263
-2.25972,3,382.397568
-3.429264,4,382.545213
-1.114261,2,382.620842
-3.371561,4,382.741719
-4.547706,5,382.944329
-2.232771,3,383.056268
-2.273708,3,383.152977
-0.064003,1,383.186326
-1.126861,2,383.262895
-3.362024,4,383.415549
-0.055863,1,383.460247
-3.406562,4,383.595245
-2.259395,3,383.717405
-3.435518,4,383.877314
-1.113164,2,383.950242
-2.23288,3,384.046659
-1.128448,2,384.133473
-0.037154,1,384.179165
-2.243492,3,384.298751
-2.309998,3,384.402506
-0.052201,1,384.432711
-2.319913,3,384.557371
-1.170959,2,384.628651
-0.054437,1,384.663452
-2.315266,3,384.783361
-3.411817,4,384.940562
-2.282096,3,385.050275
-2.347392,3,385.159286
-3.437401,4,385.303905
-0.063229,1,385.340432
-3.470496,4,385.495282
-3.38773,4,385.62933
-3.388207,4,385.781985
-3.36952,4,385.941761
-3.463917,4,386.086488
-1.125755,2,386.174294
-2.296141,3,386.288579
-1.138439,2,386.355318
-2.259879,3,386.486387
-3.38188,4,386.649213
-2.31865,3,386.765188
-3.494325,4,386.905867
-2.243228,3,387.020513
-2.322149,3,387.138252
-3.481868,4,387.283363
-2.217437,3,387.394421
-2.31715,3,387.500918
-2.233753,3,387.6283
-2.263371,3,387.741694
-2.281376,3,387.828522
-0.056061,1,387.854146
-3.397528,4,388.01176
-3.465404,4,388.171763
-1.185788,2,388.246502
-3.415598,4,388.410131
-0.049636,1,388.435187
-0.059442,1,388.47398
-3.422352,4,388.579367
-3.499593,4,388.737568
-1.141978,2,388.806772
-1.17824,2,388.887602
-1.171045,2,388.959301
-1.123942,2,389.035302
-1.115257,2,389.115074
-2.335882,3,389.204892
-3.470154,4,389.293733
-2.223521,3,389.338321
-0.071428,1,389.350335
-3.37661,4,389.41067
-1.128033,2,389.43848
-3.450338,4,389.490381
-2.285306,3,389.528696
-2.262589,3,389.571856
-2.289795,3,389.605578
-2.225671,3,389.647535
-2.332441,3,389.688269
-3.495046,4,389.745445
-1.110844,2,389.774302
-2.366213,3,389.813869
-1.17024,2,389.841923
-0.065781,1,389.862564
-0.039937,1,389.876643
-0.067601,1,389.891674
-0.054569,1,389.909851
-3.504473,4,389.99837
-1.159469,2,390.045262
-1.136753,2,390.098861
-2.307979,3,390.195431
-1.126388,2,390.268318
-1.179069,2,390.36745
-0.065118,1,390.405509
-3.381682,4,390.549446
-3.368829,4,390.678475
-2.30075,3,390.794442
-1.165718,2,390.870439
-2.256166,3,390.975249
-3.388216,4,391.127648
-2.289994,3,391.24768
-2.291617,3,391.361964
-0.067005,1,391.385326
-3.432184,4,391.545124
-3.509447,4,391.687247
-2.264766,3,391.805294
-3.425971,4,391.93558
-3.402751,4,392.080223
-3.325625,4,392.21296
-1.113473,2,392.285249
-3.45601,4,392.423495
-3.472595,4,392.616588
-2.245651,3,392.721819
-2.282357,3,392.849344
-3.353133,4,393.022075
-1.110694,2,393.112671
-2.311749,3,393.228605
-2.211028,3,393.372977
-2.24908,3,393.480511
-1.162618,2,393.537258
-3.45123,4,393.667308
-0.067269,1,393.694495
-1.159166,2,393.737297
-1.140018,2,393.818737
-3.492676,4,393.94521
-1.126736,2,394.010809
-0.050134,1,394.053969
-2.28161,3,394.184214
-3.464434,4,394.320609
-3.384784,4,394.472773
-3.405498,4,394.572776
-2.277865,3,394.687522
-0.063803,1,394.71979
-0.064824,1,394.761783
-0.068433,1,394.800846
-3.402274,4,394.971816
-1.150575,2,395.049298
-0.055515,1,395.099875
-3.461533,4,395.246253
-2.29517,3,395.355588
-2.246367,3,395.45181
-2.249239,3,395.569276
-3.482259,4,395.71746
-1.135294,2,395.795317
-2.231227,3,395.895488
-0.070188,1,395.923181
-2.264228,3,396.032741
-1.177346,2,396.10837
-2.294157,3,396.228299
-1.15949,2,396.301908
-3.370738,4,396.442158
-1.174349,2,396.502013
-2.293168,3,396.575042
-1.153141,2,396.652707
-2.267285,3,396.763463
-3.484754,4,396.948508
-2.31085,3,397.064441
-0.041094,1,397.098253
-2.282308,3,397.211783
-3.477592,4,397.382669
-2.266711,3,397.504443
-2.259108,3,397.604304
-0.020707,1,397.640361
-2.233829,3,397.728177
-3.36996,4,397.869625
-0.071873,1,397.912693
-1.183716,2,397.98726
-1.169509,2,398.068392
-2.247447,3,398.193472
-1.119158,2,398.274458
-0.061644,1,398.311102
-1.137464,2,398.398406
-3.388001,4,398.544268
-2.284908,3,398.651919
-2.225247,3,398.76824
-2.245618,3,398.891784
-1.116975,2,398.964085
-1.121724,2,399.046244
-1.170295,2,399.118347
-2.32719,3,399.227168
-3.481717,4,399.388185
-2.245905,3,399.509717
-2.256993,3,399.644235
-1.135749,2,399.724598
-3.461131,4,399.850498
-3.471781,4,399.981978
-0.06449,1,400.012758
-2.283336,3,400.104322
-1.164643,2,400.187447
-3.378559,4,400.34329
-2.323579,3,400.462933
-3.505823,4,400.64048
-1.134341,2,400.732598
-2.263872,3,400.865487
-2.263273,3,400.996398
-2.289889,3,401.111772
-3.414854,4,401.247464
-2.240221,3,401.357317
-2.247535,3,401.46347
-0.05072,1,401.50731
-2.256715,3,401.616465
-2.230025,3,401.740406
-3.39565,4,401.896243
-2.211142,3,402.013521
-3.501629,4,402.152718
-3.320832,4,402.294221
-2.274016,3,402.401662
-2.338147,3,402.465244
-1.118859,2,402.526642
-3.345211,4,402.652657
-2.238507,3,402.78413
-2.278875,3,402.898183
-1.159363,2,402.977252
-2.284802,3,403.097355
-2.240078,3,403.214369
-2.323241,3,403.336242
-2.28542,3,403.415454
-3.402938,4,403.583292
-1.114502,2,403.663272
-2.353908,3,403.779462
-1.190783,2,403.854997
-3.356722,4,403.975362
-1.148761,2,404.039689
-0.051196,1,404.065806
-1.128926,2,404.127632
-2.291977,3,404.237225
-3.375871,4,404.368214
-3.481725,4,404.512706
-1.168548,2,404.585251
-1.202956,2,404.640643
-2.297973,3,404.7239
-2.258205,3,404.820586
-3.380763,4,404.954426
-2.331848,3,405.062929
-2.272615,3,405.17925
-2.305982,3,405.297449
-3.496018,4,405.436488
-2.249628,3,405.561769
-1.172534,2,405.64204
-2.280808,3,405.775244
-3.531699,4,405.926381
-1.137659,2,405.993477
-3.368903,4,406.142674
-3.408406,4,406.291783
-1.136212,2,406.36753
-1.119052,2,406.446386
-3.359037,4,406.580325
-2.213725,3,406.697335
-2.297393,3,406.800321
-0.024687,1,406.837526
-1.135489,2,406.885261
-1.142532,2,406.967327
-1.153112,2,407.043508
-1.188466,2,407.12552
-3.549814,4,407.259471
-0.057789,1,407.306283
-2.29735,3,407.412674
-3.412117,4,407.583323
-3.429407,4,407.730686
-1.13529,2,407.796488
-3.466861,4,407.92089
-3.474632,4,408.076378
-2.303408,3,408.193413
-2.264775,3,408.315443
-2.260757,3,408.443355
-3.389357,4,408.578314
-2.348508,3,408.688487
-2.277261,3,408.820898
-2.314102,3,408.956311
-3.48487,4,409.073596
-2.267539,3,409.14408
-1.150988,2,409.206425
-2.288448,3,409.299458
-1.1159,2,409.371813
-1.159762,2,409.444032
-1.191073,2,409.518954
-2.277049,3,409.627404
-2.307449,3,409.754742
-2.322721,3,409.869557
-0.056527,1,409.897375
-2.22609,3,409.980598
-1.141405,2,410.044601
-1.140473,2,410.11888
-1.186052,2,410.178251
-0.045133,1,410.207483
-3.334075,4,410.349556
-2.304846,3,410.465411
-2.29162,3,410.568262
-2.263459,3,410.677608
-0.029077,1,410.710681
-1.186592,2,410.78955
-3.375906,4,410.96275
-2.319149,3,411.081789
-0.037792,1,411.117848
-0.068378,1,411.15559
-2.332431,3,411.288275
-1.113198,2,411.373662
-2.281787,3,411.501699
-2.323677,3,411.625367
-2.260718,3,411.752676
-1.186045,2,411.820271
-3.504868,4,411.976332
-2.26403,3,412.081732
-3.482108,4,412.243452
-0.062016,1,412.276238
-2.287195,3,412.377255
-0.045057,1,412.403304
-2.300478,3,412.504292
-2.353962,3,412.619529
-3.389418,4,412.81186
-3.371739,4,412.957594
-3.479756,4,413.100322
-0.069198,1,413.134448
-2.35505,3,413.248406
-2.28735,3,413.357236
-2.282588,3,413.465256
-2.291626,3,413.579252
-0.054384,1,413.613813
-3.557824,4,413.790433
-1.120239,2,413.874312
-2.211552,3,413.975486
-2.244929,3,414.095111
-1.154533,2,414.164349
-2.244665,3,414.274884
-3.472809,4,414.428779
-2.270409,3,414.540356
-0.053217,1,414.585441
-3.401878,4,414.751757
-1.156403,2,414.845376
-3.44531,4,414.956271
-2.331786,3,415.034369
-3.53782,4,415.14437
-3.369866,4,415.266258
-2.341428,3,415.374455
-1.149494,2,415.445334
-2.238312,3,415.558322
-2.28862,3,415.664719
-0.070032,1,415.698434
-2.316925,3,415.810771
-2.30421,3,415.920851
-3.447745,4,416.06295
-2.30106,3,416.168361
-3.425648,4,416.324377
-1.153461,2,416.397471
-2.264397,3,416.503367
-3.41483,4,416.641911
-3.535291,4,416.780451
-2.250379,3,416.913634
-2.250657,3,416.994066
-0.063397,1,417.008424
-2.227292,3,417.072597
-3.401431,4,417.169393
-3.39084,4,417.304561
-2.248342,3,417.421885
-0.064406,1,417.468456
-2.283494,3,417.586483
-3.454813,4,417.733882
-1.141461,2,417.796307
-2.3361,3,417.923205
-2.243519,3,418.032899
-2.234447,3,418.156667
-3.425402,4,418.263176
-2.21765,3,418.375236
-0.044619,1,418.419817
-2.312723,3,418.545562
-1.118905,2,418.619227
-2.293029,3,418.746371
-0.061963,1,418.776431
-2.305082,3,418.850404
-0.029635,1,418.880461
-3.417666,4,418.979293
-2.282893,3,419.090479
-3.412298,4,419.230449
-0.072775,1,419.274147
-2.288089,3,419.353258
-1.171195,2,419.437378
-3.524578,4,419.565331
-1.149256,2,419.617228
-1.122483,2,419.704378
-2.286942,3,419.830307
-1.156086,2,419.89841
-3.353398,4,420.064424
-2.258897,3,420.186407
-2.237311,3,420.293701
-1.16079,2,420.366046
-2.292403,3,420.477444
-3.400144,4,420.645338
-2.226253,3,420.765405
-3.444349,4,420.937119
-2.294213,3,421.038517
-2.3251,3,421.163556
-3.431736,4,421.32042
-3.425494,4,421.474135
-3.389986,4,421.635363
-0.044888,1,421.68204
-2.266184,3,421.82042
-3.451487,4,421.971968
-0.066859,1,422.009337
-2.254887,3,422.110453
-0.053625,1,422.148574
-2.318033,3,422.275313
-3.359397,4,422.421741
-1.149694,2,422.507877
-3.432321,4,422.659535
-2.234329,3,422.785249
-2.287059,3,422.908488
-2.221417,3,423.038429
-3.364008,4,423.193385
-3.349768,4,423.353379
-2.220795,3,423.476344
-0.060358,1,423.524267
-0.057011,1,423.574472
-3.469679,4,423.713423
-2.302194,3,423.832317
-0.023322,1,423.872967
-1.10925,2,423.948402
-2.307673,3,424.057333
-0.057001,1,424.090371
-2.247707,3,424.146596
-3.490231,4,424.247552
-0.073066,1,424.277452
-3.368396,4,424.408444
-3.370978,4,424.526065
-3.393301,4,424.658371
-1.17224,2,424.732981
-3.497477,4,424.850328
-2.287996,3,424.937577
-0.036281,1,424.971929
-1.140144,2,425.039744
-1.159809,2,425.102949
-2.26666,3,425.224549
-2.230918,3,425.35457
-0.021511,1,425.39847
-2.301048,3,425.526554
-1.188201,2,425.595371
-3.442857,4,425.730675
-3.485558,4,425.879485
-2.221043,3,425.975464
-2.277893,3,426.105371
-0.041162,1,426.148298
-2.254257,3,426.255198
-1.143561,2,426.33181
-3.385882,4,426.486483
-0.066341,1,426.531709
-1.160599,2,426.601809
-3.442152,4,426.745406
-3.556564,4,426.896282
-2.333964,3,427.008581
-3.349658,4,427.16822
-3.552143,4,427.316227
-1.187565,2,427.385431
-3.418211,4,427.537368
-2.268241,3,427.630506
-2.352963,3,427.749534
-2.283394,3,427.863317
-3.454028,4,428.019929
-2.271372,3,428.128323
-2.216673,3,428.240371
-3.397667,4,428.396586
-3.440801,4,428.558192
-3.331487,4,428.71049
-0.010597,1,428.743591
-1.151336,2,428.822482
-0.052544,1,428.86665
-1.109539,2,428.940599
-1.128896,2,429.022838
-3.406865,4,429.158501
-3.485437,4,429.320041
-2.232795,3,429.439205
-1.144925,2,429.518328
-2.268959,3,429.649215
-2.299028,3,429.768493
-2.295568,3,429.87515
-1.143461,2,429.947417
-2.28257,3,430.044156
-3.380464,4,430.218791
-2.310206,3,430.334463
-1.150992,2,430.407373
-3.455112,4,430.568268
-1.161692,2,430.64544
-2.295252,3,430.728943
-4.605115,5,430.904479
-1.142541,2,430.984254
-2.298139,3,431.097146
-1.11816,2,431.176365
-3.431513,4,431.326623
-0.064485,1,431.359316
-1.178968,2,431.439654
-2.322296,3,431.589249
-0.066185,1,431.638467
-0.02589,1,431.679559
-2.247948,3,431.802758
-2.306283,3,431.924066
-2.294498,3,432.034251
-1.143708,2,432.10446
-1.165078,2,432.188519
-3.408581,4,432.342829
-3.393408,4,432.487177
-2.326925,3,432.600398
-0.052244,1,432.642486
-1.147025,2,432.72789
-2.302767,3,432.841932
-2.240021,3,432.958297
-2.373683,3,433.079321
-1.126324,2,433.150447
-2.282486,3,433.332959
-0.04914,1,433.385417
-2.233858,3,433.487243
-2.309152,3,433.57447
-0.071324,1,433.603306
-3.480031,4,433.73943
-2.296703,3,433.865296
-3.480969,4,434.019842
-1.156219,2,434.090455
-1.200096,2,434.180336
-3.418707,4,434.329922
-3.444525,4,434.499444
-2.25517,3,434.603332
-2.253844,3,434.722974
-1.147556,2,434.804009
-1.190153,2,434.877365
-1.167961,2,434.929947
-3.434416,4,435.040596
-1.170708,2,435.101937
-2.292598,3,435.208385
-2.295681,3,435.323874
-3.384117,4,435.467416
-2.25216,3,435.574254
-1.125017,2,435.64648
-1.13606,2,435.722404
-2.242595,3,435.829947
-3.56959,4,435.99029
-2.342743,3,436.111926
-0.051904,1,436.150952
-3.471906,4,436.309352
-3.409744,4,436.463329
-1.14034,2,436.552683
-1.129311,2,436.633229
-3.483026,4,436.789453
-2.274651,3,436.927477
-1.162168,2,437.009421
-3.399085,4,437.150341
-2.270153,3,437.270473
-2.289684,3,437.392604
-3.355453,4,437.514369
-1.157375,2,437.569663
-3.566362,4,437.691906
-2.243776,3,437.818429
-3.368895,4,437.962026
-2.271874,3,438.08436
-1.175432,2,438.14873
-3.487003,4,438.276673
-3.439536,4,438.373504
-2.294241,3,438.470395
-1.146234,2,438.560683
-2.327257,3,438.679405
-2.290068,3,438.792009
-2.204282,3,438.904374
-2.234217,3,439.017349
-2.335264,3,439.132264
-1.135207,2,439.209454
-3.421176,4,439.365314
-2.241564,3,439.480295
-3.348253,4,439.610382
-0.037985,1,439.650153
-2.237136,3,439.760309
-2.236144,3,439.880512
-1.158323,2,439.965435
-1.188938,2,440.034236
-2.302638,3,440.135388
-2.358028,3,440.244391
-2.289589,3,440.352086
-3.390285,4,440.461963
-1.135088,2,440.52382
-3.472525,4,440.671938
-2.251218,3,440.784387
-3.447388,4,440.930343
-3.383408,4,441.067403
-2.317498,3,441.16829
-2.277632,3,441.285468
-1.141285,2,441.361799
-2.281173,3,441.453452
-1.160102,2,441.534378
-2.308331,3,441.645665
-3.494553,4,441.790278
-3.473288,4,441.918388
-1.146362,2,441.996101
-3.456227,4,442.151964
-2.26543,3,442.258467
-3.395028,4,442.403639
-2.322393,3,442.511824
-3.373097,4,442.665287
-3.40941,4,442.806322
-3.410621,4,442.954282
-2.341752,3,443.069309
-0.050428,1,443.108389
-2.262579,3,443.175784
-2.282739,3,443.272581
-3.488449,4,443.459494
-3.472089,4,443.634242
-2.30611,3,443.746338
-2.304598,3,443.869443
-0.063456,1,443.905326
-2.289074,3,444.004835
-3.379958,4,444.115478
-2.321838,3,444.198405
-2.363543,3,444.282912
-3.496723,4,444.415539
-2.327921,3,444.544657
-3.393432,4,444.675391
-1.138049,2,444.726652
-1.150302,2,444.784455
-1.141983,2,444.849828
-1.133049,2,444.923349
-2.321646,3,445.020271
-3.37106,4,445.123276
-3.406533,4,445.210484
-3.433184,4,445.32685
-0.062205,1,445.364634
-2.252342,3,445.449501
-3.372396,4,445.556406
-3.448373,4,445.678392
-0.058894,1,445.71745
-3.41403,4,445.837492
-2.218918,3,445.942299
-1.146353,2,446.012704
-3.446314,4,446.158206
-3.415525,4,446.300149
-3.338563,4,446.445574
-3.406122,4,446.556467
-2.329398,3,446.649606
-0.02642,1,446.698763
-0.028918,1,446.738607
-3.401553,4,446.8643
-3.341792,4,446.98961
-3.547746,4,447.111969
-2.299029,3,447.229858
-2.328388,3,447.350503
-1.183076,2,447.423269
-2.271677,3,447.518369
-1.158622,2,447.568409
-3.392657,4,447.703328
-3.441611,4,447.848584
-1.1546,2,447.913442
-1.13042,2,447.998448
-2.245734,3,448.10036
-3.399637,4,448.210393
-2.294625,3,448.318465
-1.154755,2,448.394362
-1.149421,2,448.457423
-1.124184,2,448.536759
-3.468988,4,448.658134
-1.163995,2,448.727502
-3.388392,4,448.877423
-2.375553,3,448.978373
-2.256809,3,449.101797
-1.141932,2,449.184432
-2.324931,3,449.314528
-3.48121,4,449.454269
-1.163147,2,449.544908
-2.227429,3,449.619634
-3.390884,4,449.758697
-2.288032,3,449.864291
-3.417527,4,449.991804
-1.17878,2,450.046922
-0.031831,1,450.070647
-3.407107,4,450.191751
-0.02975,1,450.234517
-2.330533,3,450.342528
-3.426789,4,450.476431
-2.273723,3,450.593488
-2.242582,3,450.706271
-0.060396,1,450.729815
-1.177841,2,450.783477
-0.066851,1,450.813568
-2.292512,3,450.907417
-3.385137,4,451.015497
-3.443062,4,451.124416
-2.287738,3,451.233927
-2.342097,3,451.34264
-2.217952,3,451.448493
-2.367577,3,451.562866
-1.121835,2,451.65062
-2.3354,3,451.742751
-3.498339,4,451.86867
-2.294717,3,451.950583
-2.297197,3,452.061932
-3.362043,4,452.218458
-0.039496,1,452.254274
-3.393671,4,452.401968
-1.187782,2,452.477294
-2.307383,3,452.587363
-1.115058,2,452.654696
-1.168246,2,452.728832
-2.264585,3,452.847573
-2.238266,3,452.970419
-2.346102,3,453.080295
-2.304365,3,453.194396
-1.158304,2,453.270281
-3.445978,4,453.391951
-2.257817,3,453.491825
-2.302008,3,453.597599
-1.10677,2,453.684285
-2.31299,3,453.803326
-2.292174,3,453.921898
-3.392648,4,454.0606
-0.020531,1,454.099399
-2.308475,3,454.210358
-1.122102,2,454.287303
-3.525056,4,454.443729
-3.42179,4,454.586305
-1.184355,2,454.646424
-2.23582,3,454.726396
-3.348956,4,454.867671
-2.271418,3,454.956516
-1.157099,2,455.007283
-0.049444,1,455.03383
-3.393172,4,455.118379
-2.238447,3,455.199289
-2.278164,3,455.612981
-2.217454,3,455.712798
-0.074881,1,455.74202
-1.141341,2,455.80534
-1.147171,2,455.867274
-0.067073,1,455.897322
-2.282871,3,455.999506
-3.419018,4,456.106864
-2.273678,3,456.226405
-2.289595,3,456.345456
-0.066376,1,456.380338
-1.132525,2,456.47053
-1.148426,2,456.560648
-1.177274,2,456.635506
-1.140375,2,456.723376
-2.317321,3,456.826325
-0.042175,1,456.879305
-1.130219,2,456.949716
-3.568421,4,457.095478
-2.305207,3,457.207289
-2.289868,3,457.33296
-0.041056,1,457.37032
-2.236625,3,457.483861
-2.217331,3,457.589345
-1.153416,2,457.658679
-2.250532,3,457.762867
-2.220688,3,457.877397
-2.333414,3,457.992903
-2.281552,3,458.128246
-0.055089,1,458.160442
-0.053866,1,458.194263
-1.126678,2,458.27024
-2.334054,3,458.395311
-0.069769,1,458.427361
-0.074254,1,458.463593
-1.141119,2,458.525325
-2.306868,3,458.647634
-1.141699,2,458.722863
-1.142375,2,458.797323
-3.453831,4,458.885346
-2.310316,3,458.985356
-3.380871,4,459.136867
-2.348599,3,459.258369
-3.490934,4,459.398302
-2.296542,3,459.520416
-2.293641,3,459.60437
-1.166122,2,459.664274
-3.524765,4,459.789495
-2.333644,3,459.913469
-3.356387,4,460.049262
-3.440992,4,460.184526
-0.041632,1,460.221192
-2.299207,3,460.337278
-1.158661,2,460.426418
-2.253504,3,460.555342
-1.143156,2,460.634961
-2.311993,3,460.7184
-2.292742,3,460.834021
-1.178217,2,460.901839
-3.456443,4,461.054636
-2.295574,3,461.179494
-1.164511,2,461.262885
-2.249691,3,461.367316
-0.044462,1,461.400367
-3.399632,4,461.510802
-2.244739,3,461.61744
-3.437624,4,461.760442
-1.185594,2,461.819208
-2.24667,3,461.931863
-3.42275,4,462.086323
-2.293622,3,462.191937
-2.220403,3,462.297352
-0.066156,1,462.334928
-2.238305,3,462.446159
-1.156628,2,462.4752
-3.387541,4,462.617436
-3.330749,4,462.770284
-1.137112,2,462.842746
-3.388226,4,462.990407
-3.427435,4,463.124313
-2.329908,3,463.209671
-3.456909,4,463.32424
-1.194762,2,463.366304
-3.340823,4,463.511805
-3.422195,4,463.696295
-3.405336,4,463.852751
-2.342008,3,463.958416
-3.393885,4,464.107404
-1.103244,2,464.156309
-1.143385,2,464.226426
-3.478076,4,464.320344
-3.379997,4,464.442733
-2.239898,3,464.555403
-2.290888,3,464.661087
-2.274267,3,464.744533
-2.346173,3,464.818428
-1.155433,2,464.882752
-0.067717,1,464.909291
-2.318589,3,464.992955
-2.267934,3,465.067429
-0.041664,1,465.101978
-3.372,4,465.244437
-1.122754,2,465.319283
-3.413282,4,465.470319
-2.285611,3,465.595182
-2.243564,3,465.680467
-0.05077,1,465.709592
-1.148458,2,465.773509
-2.285214,3,465.894435
-1.151988,2,465.97833
-2.24945,3,466.068479
-3.417283,4,466.228728
-3.419276,4,466.349257
-2.27513,3,466.462962
-3.398759,4,466.598866
-2.229744,3,466.678455
-2.268181,3,466.798702
-0.055836,1,466.836471
-0.068072,1,466.87622
-1.118781,2,466.957349
-2.256437,3,467.077247
-1.189442,2,467.157381
-2.310821,3,467.269238
-0.048474,1,467.296555
-2.357065,3,467.409332
-2.315283,3,467.541851
-2.282299,3,467.670358
-2.310407,3,467.793674
-2.238626,3,467.937311
-3.368799,4,468.094361
-3.387606,4,468.248347
-2.333548,3,468.366448
-1.167711,2,468.45845
-3.428761,4,468.606385
-3.390171,4,468.758248
-1.173149,2,468.838377
-3.463424,4,468.987545
-1.148621,2,469.06082
-3.454093,4,469.193419
-3.393964,4,469.30337
-2.269386,3,469.405418
-2.234533,3,469.479372
-1.178667,2,469.53682
-1.194541,2,469.594968
-0.069732,1,469.630875
-1.169527,2,469.69365
-2.291679,3,469.786326
-3.471398,4,469.919416
-1.123545,2,469.989361
-2.254098,3,470.102948
-0.060516,1,470.133517
-3.419955,4,470.260421
-2.303206,3,470.384524
-3.471138,4,470.523351
-1.140428,2,470.574411
-0.045247,1,470.60472
-1.1182,2,470.689281
-3.478366,4,470.831744
-3.430048,4,470.988274
-2.301034,3,471.108265
-2.277998,3,471.224077
-3.354496,4,471.380201
-1.138579,2,471.454563
-1.129194,2,471.527238
-0.044963,1,471.564371
-2.249586,3,471.64
-1.170717,2,471.680238
-3.433985,4,471.803322
-3.578212,4,471.918285
-3.382797,4,472.030345
-2.225448,3,472.110375
-2.329448,3,472.210375
-2.336109,3,472.305343
-3.471799,4,472.434027
-2.263697,3,472.552166
-1.132349,2,472.632506
-1.168875,2,472.721771
-2.261219,3,472.83733
-0.076041,1,472.86687
-2.268524,3,472.976304
-1.154391,2,473.059977
-2.300949,3,473.170355
-1.109947,2,473.23999
-2.229359,3,473.348965
-2.242082,3,473.471798
-1.17033,2,473.540922
-2.262141,3,473.654569
-3.444613,4,473.821736
-2.30848,3,473.937491
-0.055115,1,473.976241
-2.232687,3,474.084749
-2.266169,3,474.180203
-2.275876,3,474.275533
-2.292385,3,474.379063
-3.533748,4,474.521987
-3.402115,4,474.680323
-3.359633,4,474.852664
-3.419149,4,475.007352
-2.292296,3,475.142986
-3.41621,4,475.268472
-2.296089,3,475.383687
-2.33433,3,475.484175
-3.433626,4,475.618392
-3.370187,4,475.775448
-1.147132,2,475.850729
-0.032573,1,475.888472
-1.114164,2,475.943923
-3.384514,4,476.078704
-2.280306,3,476.202848
-2.286719,3,476.318319
-0.04934,1,476.363878
-3.496784,4,476.522895
-0.057897,1,476.568892
-2.268644,3,476.698526
-1.119193,2,476.759302
-0.063583,1,476.788356
-3.369688,4,476.913267
-3.432641,4,477.069356
-0.070353,1,477.099411
-1.194929,2,477.168554
-2.293617,3,477.257481
-2.269201,3,477.345819
-2.295131,3,477.442149
-3.411986,4,477.596421
-2.253536,3,477.723505
-0.072894,1,477.762776
-2.2261,3,477.870274
-2.280191,3,477.984369
-2.34048,3,478.085088
-3.387677,4,478.223413
-0.054274,1,478.262652
-0.052406,1,478.304012
-1.190453,2,478.379284
-2.301076,3,478.482554
-2.265709,3,478.57476
-1.172033,2,478.632972
-3.40647,4,478.755633
-1.141472,2,478.80034
-1.111704,2,478.863481
-3.441543,4,478.989009
-2.322417,3,479.086652
-2.320199,3,479.207441
-1.171236,2,479.2843
-3.410714,4,479.442396
-3.340929,4,479.599434
-2.247665,3,479.713987
-1.142067,2,479.790447
-3.393691,4,479.960456
-3.441528,4,480.09028
-2.265425,3,480.197333
-3.460397,4,480.312793
-1.16121,2,480.384836
-3.360818,4,480.506445
-1.153039,2,480.580358
-2.303008,3,480.661703
-0.065552,1,480.699259
-1.113404,2,480.778446
-2.258541,3,480.889466
-0.021384,1,480.917222
-2.284254,3,481.01535
-2.228056,3,481.107236
-2.2706,3,481.221872
-3.435535,4,481.362498
-0.048387,1,481.402794
-2.262432,3,481.477234
-3.381591,4,481.607452
-0.065104,1,481.630483
-2.216862,3,481.743675
-3.382757,4,481.906358
-0.046019,1,481.942416
-2.309137,3,482.062205
-2.292674,3,482.166348
-3.412152,4,482.323605
-2.27914,3,482.430251
-0.06633,1,482.469416
-1.127968,2,482.544735
-3.351636,4,482.687579
-2.256619,3,482.908717
-3.396246,4,483.084361
-2.212752,3,483.224291
-3.451484,4,483.380625
-2.249491,3,483.499295
-0.060138,1,483.531837
-3.3831,4,483.680622
-2.235789,3,483.800166
-1.125949,2,483.86193
-3.501995,4,483.981854
-1.173303,2,484.040978
-3.382293,4,484.156468
-1.160161,2,484.227344
-1.159374,2,484.290296
-2.312657,3,484.370349
-2.244957,3,484.45878
-3.391431,4,484.569665
-3.494997,4,484.661904
-2.301177,3,484.76188
-2.311751,3,484.866194
-2.34567,3,484.990433
-2.278996,3,485.077742
-2.280096,3,485.156599
-2.249139,3,485.236269
-1.112342,2,485.287456
-2.328314,3,485.365397
-0.031191,1,485.398446
-3.432669,4,485.506419
-2.239369,3,485.578418
-2.247471,3,485.658624
-0.059993,1,485.679444
-1.184217,2,485.762046
-3.395058,4,485.911003
-0.074733,1,485.943854
-1.164629,2,486.027374
-2.261811,3,486.112644
-2.283732,3,486.221896
-3.449973,4,486.335371
-3.446151,4,486.44532
-2.261813,3,486.573639
-2.283569,3,486.677259
-3.393035,4,486.834415
-3.391271,4,486.983377
-3.395114,4,487.111823
-2.244236,3,487.221991
-2.278668,3,487.339463
-1.11992,2,487.412909
-2.272028,3,487.534369
-2.303739,3,487.668347
-2.292126,3,487.78323
-1.184171,2,487.867365
-2.309458,3,487.990355
-1.179305,2,488.082499
-3.435095,4,488.241853
-2.251263,3,488.362548
-0.060528,1,488.408278
-3.472174,4,488.557591
-2.253161,3,488.660162
-3.503434,4,488.808358
-3.407737,4,488.960328
-3.40072,4,489.097482
-3.408887,4,489.247299
-2.309127,3,489.361968
-2.271686,3,489.476359
-3.380516,4,489.607234
-1.167292,2,489.675347
-0.026338,1,489.717411
-3.377087,4,489.875305
-3.469324,4,490.017154
-3.421774,4,490.154371
-0.057926,1,490.189419
-2.27938,3,490.305437
-2.254942,3,490.414292
-2.298576,3,490.525381
-3.417984,4,490.664695
-1.179958,2,490.750043
-2.365647,3,490.876203
-3.44453,4,491.011823
-3.468061,4,491.164428
-1.111054,2,491.239391
-2.298852,3,491.357835
-3.36675,4,491.497638
-3.390755,4,491.642926
-2.352537,3,491.735362
-3.418543,4,491.838305
-0.041436,1,491.86206
-3.562195,4,491.94684
-3.412916,4,492.042515
-2.316779,3,492.123488
-2.248112,3,492.193702
-0.072221,1,492.227478
-1.133906,2,492.30928
-3.3833,4,492.443623
-2.291022,3,492.559108
-1.155218,2,492.627481
-3.420387,4,492.75492
-1.114612,2,492.82939
-3.365527,4,492.973744
-3.474132,4,493.128344
-3.378285,4,493.279627
-3.475249,4,493.379474
-2.310101,3,493.477484
-2.306943,3,493.53636
-3.333252,4,493.687401
-2.259313,3,493.80294
-0.027437,1,493.835069
-2.290542,3,493.947496
-3.354905,4,494.084333
-1.130288,2,494.159585
-1.189903,2,494.230429
-2.232419,3,494.334636
-1.151516,2,494.397586
-4.629912,5,494.545856
-1.189215,2,494.590199
-2.257323,3,494.664368
-1.132748,2,494.726465
-3.444131,4,494.887291
-1.107525,2,494.964426
-1.169879,2,495.023464
-2.275466,3,495.12406
-3.346617,4,495.243215
-2.320821,3,495.341719
-3.588993,4,495.5063
-1.161497,2,495.592946
-2.261326,3,495.699152
-2.268959,3,495.800444
-3.577092,4,495.952779
-2.373589,3,496.082642
-3.418146,4,496.231933
-2.259423,3,496.339339
-3.471734,4,496.489432
-2.24224,3,496.598369
-2.213762,3,496.706284
-0.048041,1,496.740324
-3.396175,4,496.89045
-0.064255,1,496.933254
-3.497829,4,497.049811
-2.270277,3,497.103472
-3.405028,4,497.211935
-2.301812,3,497.33418
-1.142316,2,497.396425
-1.182296,2,497.450058
-3.43682,4,497.569659
-2.249893,3,497.680243
-3.49182,4,497.821879
-1.128619,2,497.876729
-2.30007,3,497.952974
-2.300744,3,498.044652
-2.23125,3,498.157827
-0.05568,1,498.194287
-0.063124,1,498.225349
-2.239536,3,498.320308
-3.375548,4,498.460599
-1.169636,2,498.512841
-3.390809,4,498.610388
-2.289496,3,498.688208
-0.078995,1,498.713253
-2.304623,3,498.837269
-0.026915,1,498.874435
-1.143543,2,498.95289
-2.313983,3,499.063837
-1.175872,2,499.138159
-1.138627,2,499.209157
-0.051984,1,499.256404
-2.296022,3,499.35229
-2.292438,3,499.45873
-3.461964,4,499.597242
-2.261428,3,499.700777
-3.34895,4,499.861813
-1.140964,2,499.932792
-0.044404,1,499.972055
-3.515259,4,500.130331
-2.306475,3,500.253857
-1.16361,2,500.331999
-1.11265,2,500.405468
-1.188734,2,500.488371
-3.425664,4,500.630324
-2.261401,3,500.726141
-2.245528,3,500.799254
-1.183549,2,500.881918
-2.298194,3,500.996466
-2.327346,3,501.109465
-0.042345,1,501.148142
-2.295969,3,501.26251
-3.376437,4,501.404392
-2.321671,3,501.510304
-2.261625,3,501.629284
-1.131447,2,501.711974
-1.160838,2,501.790284
-2.2394,3,501.90637
-2.309877,3,502.011853
-1.133217,2,502.103291
-2.296288,3,502.207216
-2.299801,3,502.316384
-3.422351,4,502.464643
-2.304479,3,502.630491
-0.020517,1,502.66977
-2.310089,3,502.78631
-2.351827,3,502.886402
-1.136406,2,502.960817
-3.383343,4,503.125281
-2.212108,3,503.224416
-2.253636,3,503.329275
-2.297126,3,503.442737
-2.274502,3,503.530322
-2.30445,3,503.64334
-3.491586,4,503.79419
-1.119486,2,503.873603
-0.049443,1,503.914436
-0.061022,1,503.951986
-1.103065,2,504.023289
-0.04035,1,504.056515
-2.238672,3,504.175587
-3.451748,4,504.325491
-1.162533,2,504.386396
-2.319902,3,504.489287
-0.060388,1,504.523354
-2.231998,3,504.625349
-1.138021,2,504.700335
-2.284002,3,504.78656
-3.395489,4,504.889488
-2.350471,3,504.98775
-2.221891,3,505.104668
-3.365216,4,505.260952
-0.043885,1,505.295417
-2.263315,3,505.410423
-3.436167,4,505.561938
-2.305825,3,505.691822
-3.364218,4,505.829417
-2.27559,3,505.940356
-1.178332,2,506.027629
-2.284799,3,506.137314
-0.057105,1,506.176543
-3.465543,4,506.318343
-3.515025,4,506.457947
-3.5405,4,506.58469
-3.516838,4,506.725312
-1.172722,2,506.801873
-1.15139,2,506.878117
-2.350054,3,506.997226
-3.340013,4,507.132886
-2.256694,3,507.219405
-0.056384,1,507.24194
-1.132088,2,507.303296
-2.243797,3,507.396447
-3.560485,4,507.532838
-2.287222,3,507.650993
-1.159407,2,507.734824
-2.207344,3,507.859462
-3.446565,4,508.023334
-2.248139,3,508.147455
-3.387288,4,508.315273
-3.523053,4,508.45587
-3.372857,4,508.583613
-3.52243,4,508.730436
-1.143367,2,508.809251
-2.284751,3,508.926363
-3.506331,4,509.046093
-1.138386,2,509.115572
-1.188475,2,509.196435
-1.152298,2,509.253401
-3.452435,4,509.404217
-1.133233,2,509.475699
-1.189139,2,509.56856
-2.293006,3,509.6934
-1.125482,2,509.782575
-2.219861,3,509.902834
-2.272599,3,510.007342
-1.183852,2,510.081859
-0.027347,1,510.109403
-2.287371,3,510.206287
-2.371088,3,510.336338
-1.151098,2,510.403301
-2.265916,3,510.486706
-2.220472,3,510.561728
-1.176893,2,510.630959
-3.397817,4,510.750881
-1.123668,2,510.808412
-3.406466,4,510.940769
-2.335433,3,511.066614
-2.289173,3,511.162128
-1.163516,2,511.215465
-3.510876,4,511.32332
-3.447267,4,511.480655
-1.167196,2,511.558505
-1.139996,2,511.630335
-2.27512,3,511.725352
-2.261057,3,511.823457
-2.268052,3,511.936392
-2.241027,3,512.060729
-3.491685,4,512.218371
-2.269726,3,512.343564
-1.147606,2,512.413917
-3.410097,4,512.581909
-1.175761,2,512.652541
-2.283745,3,512.765539
-3.384903,4,512.895485
-0.06085,1,512.930221
-2.261679,3,513.050854
-1.153245,2,513.134456
-2.261713,3,513.255855
-1.132501,2,513.325301
-1.172277,2,513.395176
-3.37671,4,513.544069
-2.266262,3,513.654291
-2.281435,3,513.768233
-2.299766,3,513.876536
-2.317161,3,513.99829
-0.026234,1,514.037367
-1.167984,2,514.117229
-2.221698,3,514.227466
-2.27139,3,514.35933
-2.299226,3,514.475294
-2.246198,3,514.594047
-0.030992,1,514.629672
-2.285734,3,514.74837
-2.258218,3,514.853786
-2.292201,3,514.937396
-2.290937,3,515.066595
-2.243415,3,515.19528
-2.346233,3,515.304304
-0.058281,1,515.346369
-2.344282,3,515.474649
-1.123222,2,515.558555
-1.175289,2,515.64549
-2.355079,3,515.765467
-0.057467,1,515.798638
-2.371897,3,515.914224
-2.257111,3,516.024326
-1.111956,2,516.088255
-1.149416,2,516.15855
-2.280341,3,516.281763
-2.213009,3,516.391874
-2.284568,3,516.498228
-0.070627,1,516.532775
-2.210581,3,516.659838
-3.472261,4,516.823363
-2.253922,3,516.910833
-1.143048,2,516.956819
-3.37651,4,517.080298
-2.22233,3,517.183257
-1.180263,2,517.260375
-2.281633,3,517.369838
-0.051494,1,517.397511
-2.288634,3,517.516296
-2.315428,3,517.630491
-2.25848,3,517.726446
-2.293123,3,517.846275
-2.31442,3,517.962939
-2.313589,3,518.077537
-2.240627,3,518.177312
-2.259132,3,518.302531
-2.335197,3,518.424274
-3.490767,4,518.566492
-0.040687,1,518.602364
-2.245037,3,518.705478
-0.042917,1,518.73271
-0.045397,1,518.769409
-2.214844,3,518.891824
-1.158668,2,518.995517
-2.23417,3,519.117358
-0.060864,1,519.153411
-2.314148,3,519.256412
-3.41161,4,519.388424
-1.143339,2,519.462947
-1.124943,2,519.530304
-3.362667,4,519.685252
-1.177972,2,519.763368
-1.117286,2,519.833477
-2.24814,3,519.920312
-3.404574,4,520.070287
-1.124525,2,520.155417
-2.273087,3,520.265341
-1.158441,2,520.340438
-1.12571,2,520.410319
-2.274098,3,520.531773
-3.499132,4,520.674489
-1.180676,2,520.750281
-3.407778,4,520.884187
-2.312037,3,521.005513
-1.138882,2,521.08028
-1.184633,2,521.146388
-2.364786,3,521.258232
-3.442249,4,521.411947
-1.130785,2,521.484158
-3.452714,4,521.628907
-3.377591,4,521.740263
-3.401848,4,521.862573
-2.343944,3,521.967464
-1.12001,2,522.047436
-1.158824,2,522.120282
-1.154029,2,522.211924
-3.477608,4,522.34294
-1.141498,2,522.410337
-2.3033,3,522.533294
-3.402974,4,522.687217
-0.05483,1,522.716262
-3.419772,4,522.862976
-3.508895,4,522.98863
-1.152196,2,523.047387
-2.217576,3,523.142815
-3.41977,4,523.287488
-1.128902,2,523.357839
-2.298982,3,523.484397
-2.264219,3,523.621961
-2.296297,3,523.746441
-2.262996,3,523.859429
-1.147992,2,523.94934
-3.415319,4,524.066272
-2.336588,3,524.160443
-2.285157,3,524.280326
-0.042404,1,524.310367
-3.416201,4,524.438417
-2.276622,3,524.552229
-2.305039,3,524.673488
-2.219381,3,524.790696
-3.414247,4,524.945385
-2.218974,3,525.053285
-3.349577,4,525.207213
-1.122288,2,525.308433
-2.285801,3,525.420337
-2.307058,3,525.519262
-2.282306,3,525.613355
-2.215375,3,525.734425
-2.272998,3,525.831961
-2.283369,3,525.924598
-3.473765,4,526.07666
-1.1665,2,526.195454
-2.290879,3,526.332565
-2.214543,3,526.434308
-2.221624,3,526.540313
-0.052173,1,526.593514
-0.067938,1,526.624654
-2.345341,3,526.716378
-2.266503,3,526.819546
-2.297477,3,526.923937
-1.147316,2,526.990284
-1.116269,2,527.066736
-3.474174,4,527.196457
-1.173267,2,527.254758
-3.402454,4,527.43428
-1.158084,2,527.511748
-0.063161,1,527.543935
-0.051721,1,527.586304
-2.240938,3,527.690685
-2.278477,3,527.830256
-3.440843,4,527.984479
-2.342663,3,528.106312
-3.499978,4,528.244503
-1.136963,2,528.344426
-3.393016,4,528.503801
-1.140995,2,528.587224
-2.293479,3,528.694293
-1.172175,2,528.779524
-1.124481,2,528.850356
-0.05879,1,528.890085
-2.275461,3,528.994589
-3.45145,4,529.144326
-3.546468,4,529.312815
-2.244139,3,529.440421
-1.196999,2,529.539292
-2.263529,3,529.672815
-1.110879,2,529.755507
-0.030286,1,529.800256
-1.114048,2,529.879542
-1.117635,2,529.960935
-2.204364,3,530.077832
-0.056091,1,530.120482
-1.156554,2,530.191701
-3.390108,4,530.33726
-0.061143,1,530.376431
-1.115059,2,530.450236
-2.262149,3,530.557838
-2.237254,3,530.664815
-3.411841,4,530.810277
-3.390638,4,530.927286
-2.222868,3,531.012667
-3.360537,4,531.119419
-2.259817,3,531.206589
-3.427054,4,531.36854
-0.051989,1,531.411739
-2.309798,3,531.529211
-1.10283,2,531.568767
-1.156589,2,531.630163
-1.119276,2,531.690769
-1.162663,2,531.773654
-2.368131,3,531.864812
-2.242869,3,531.974574
-2.288909,3,532.050951
-1.128867,2,532.107325
-3.391507,4,532.255349
-3.385208,4,532.394341
-2.219367,3,532.476616
-0.021467,1,532.51371
-2.313925,3,532.585582
-3.407324,4,532.704111
-2.287576,3,532.787788
-2.358422,3,532.896465
-0.069809,1,532.933687
-2.357957,3,533.052639
-2.278601,3,533.169914
-2.244145,3,533.274937
-3.455142,4,533.431896
-3.435759,4,533.58757
-2.308884,3,533.704322
-1.166264,2,533.748382
-2.242171,3,533.830301
-0.061995,1,533.866863
-1.169966,2,533.946325
-2.327286,3,534.068942
-1.113174,2,534.147368
-2.225217,3,534.269568
-2.344251,3,534.382153
-2.314708,3,534.488592
-2.302102,3,534.604759
-1.136385,2,534.675228
-1.17891,2,534.743343
-3.517897,4,534.893605
-3.396366,4,535.047421
-2.334053,3,535.164889
-2.308853,3,535.283481
-0.065408,1,535.317598
-1.137532,2,535.394275
-3.382723,4,535.566544
-2.349838,3,535.685762
-2.246472,3,535.778451
-3.413115,4,535.909279
-2.244945,3,536.020232
-2.30376,3,536.142724
-2.233491,3,536.25448
-2.306823,3,536.355327
-1.159246,2,536.422023
-2.323865,3,536.531832
-2.300941,3,536.659913
-0.054784,1,536.69743
-3.354784,4,536.856362
-2.261086,3,536.951842
-2.243725,3,537.035439
-2.291661,3,537.135365
-3.55169,4,537.234339
-2.27776,3,537.332106
-2.226489,3,537.423932
-3.434608,4,537.550562
-2.348264,3,537.630298
-2.285534,3,537.736309
-3.441239,4,537.860992
-0.046623,1,537.908281
-2.317272,3,538.000605
-2.218766,3,538.074602
-3.351909,4,538.190299
-2.295888,3,538.269922
-3.397745,4,538.450324
-2.345418,3,538.572482
-2.279607,3,538.675619
-2.227267,3,538.761026
-1.185745,2,538.818391
-2.301047,3,538.909284
-2.336784,3,539.019354
-3.454517,4,539.183499
-0.061027,1,539.221735
-2.283649,3,539.33945
-2.257222,3,539.463945
-1.143389,2,539.546405
-2.278506,3,539.672944
-3.40628,4,539.844434
-1.118563,2,539.916646
-0.032018,1,539.94632
-2.269737,3,540.064151
-2.26017,3,540.177547
-2.297112,3,540.292128
-2.289946,3,540.413336
-2.270679,3,540.502767
-2.309996,3,540.585505
-2.287363,3,540.70193
-2.27347,3,540.81451
-3.578363,4,540.966403
-3.563819,4,541.119431
-2.250658,3,541.225446
-2.380711,3,541.333389
-1.174535,2,541.423221
-1.169606,2,541.501918
-1.183586,2,541.572674
-2.286837,3,541.687367
-2.252108,3,541.813308
-2.213591,3,541.9204
-1.143263,2,541.995368
-0.070838,1,542.03342
-1.136838,2,542.112569
-4.634105,5,542.297358
-1.163845,2,542.384445
-2.314917,3,542.49253
-3.544158,4,542.643378
-3.355964,4,542.815247
-2.224702,3,542.923464
-2.243088,3,543.037492
-2.21912,3,543.172844
-0.045631,1,543.214316
-2.231014,3,543.333654
-2.336422,3,543.452786
-2.267676,3,543.585278
-3.37676,4,543.730644
-0.061801,1,543.767868
-2.219472,3,543.892566
-3.429197,4,544.053488
-2.303882,3,544.172585
-3.382741,4,544.311919
-1.155053,2,544.392786
-2.288119,3,544.512879
-1.14132,2,544.593429
-3.516462,4,544.75427
-1.122387,2,544.833333
-0.047279,1,544.89062
-1.14892,2,544.98054
-2.337691,3,545.087766
-2.285972,3,545.204325
-3.392484,4,545.340481
-2.24812,3,545.41277
-2.245425,3,545.501823
-2.303772,3,545.60059
-2.342273,3,545.719335
-3.555805,4,545.903259
-1.104632,2,545.975519
-1.173971,2,546.049435
-2.21573,3,546.170527
-0.029155,1,546.216276
-3.42302,4,546.372895
-2.258624,3,546.501757
-3.361156,4,546.674281
-2.23512,3,546.787369
-2.299046,3,546.905231
-2.278545,3,547.031685
-1.197324,2,547.094396
-2.258103,3,547.188198
-2.331778,3,547.31282
-1.146148,2,547.377075
-1.192485,2,547.457356
-2.341229,3,547.578523
-3.376198,4,547.732824
-1.158155,2,547.79203
-3.433148,4,547.913713
-0.071092,1,547.950344
-2.35791,3,548.055223
-2.272205,3,548.158831
-2.246614,3,548.28502
-1.111523,2,548.337631
-3.368648,4,548.415549
-0.044015,1,548.433413
-2.306697,3,548.490305
-3.501035,4,548.543406
-1.163067,2,548.577177
-1.181006,2,548.604226
-0.046751,1,548.620241
-3.37584,4,548.678656
-2.321342,3,548.712579
-1.116472,2,548.733365
-2.245779,3,548.783646
-1.157829,2,548.809481
-0.050972,1,548.82729
-2.258475,3,548.864857
-1.159864,2,548.900468
-3.361564,4,548.952871
-3.394178,4,549.007393
-3.452478,4,549.110354
-2.27528,3,549.182182
-2.326518,3,549.248344
-3.421398,4,549.37742
-3.357078,4,549.519399
-2.298153,3,549.638309
-3.46076,4,549.814091
-1.136705,2,549.905381
-2.335796,3,550.014318
-2.329676,3,550.137355
-2.307988,3,550.259865
-0.060266,1,550.295305
-1.181187,2,550.360905
-1.140653,2,550.446396
-0.049109,1,550.489785
-2.250001,3,550.60039
-1.173505,2,550.677599
-0.056069,1,550.718361
-2.291832,3,550.827255
-3.395399,4,550.96745
-1.113067,2,551.018613
-3.44995,4,551.134429
-1.13854,2,551.220328
-0.067002,1,551.264457
-0.054224,1,551.298198
-1.116664,2,551.381908
-0.069068,1,551.410458
-3.541495,4,551.510461
-0.052814,1,551.539227
-1.166258,2,551.586194
-2.259667,3,551.639276
-2.237233,3,551.749351
-2.243256,3,551.848282
-3.433344,4,551.996442
-3.365956,4,552.140447
-2.299555,3,552.244415
-1.113507,2,552.317205
-0.05734,1,552.370787
-2.286919,3,552.402918
-1.158674,2,552.419438
-3.392058,4,552.452975
-0.043999,1,552.466499
-2.281315,3,552.530208
-2.275764,3,552.634416
-3.379605,4,552.774445
-2.247041,3,552.897217
-1.146438,2,552.970964
-2.214557,3,553.077451
-1.143205,2,553.1443
-1.163677,2,553.23322
-1.1987,2,553.29743
-2.268813,3,553.389386
-1.176907,2,553.422936
-2.295452,3,553.487235
-2.265432,3,553.549636
-2.236977,3,553.616379
-3.37653,4,553.709351
-2.361525,3,553.815879
-3.42527,4,553.911825
-2.237839,3,554.031868
-2.233894,3,554.129322
-3.391906,4,554.255479
-0.035298,1,554.287306
-3.481338,4,554.416444
-1.161791,2,554.470613
-2.245436,3,554.601779
-0.037182,1,554.636343
-3.452012,4,554.772952
-2.217839,3,554.850599
-0.066447,1,554.878434
-0.057435,1,554.897462
-2.304566,3,554.960035
-3.325605,4,555.050313
-3.426042,4,555.203305
-3.402555,4,555.317153
-1.132407,2,555.378463
-2.276511,3,555.502635
-2.266637,3,555.616415
-1.1733,2,555.670532
-1.152657,2,555.724229
-2.298079,3,555.800452
-2.285912,3,555.878506
-3.476958,4,555.976595
-1.114952,2,556.018403
-2.277882,3,556.09929
-3.404902,4,556.238351
-2.235868,3,556.366594
-0.063124,1,556.403873
-0.023631,1,556.438297
-2.222892,3,556.550281
-1.156208,2,556.633333
-2.286366,3,556.74172
-2.272581,3,556.850445
-2.25449,3,556.970636
-3.405137,4,557.112852
-3.435321,4,557.275326
-2.257506,3,557.39727
-2.272943,3,557.514371
-3.377618,4,557.620432
-2.274778,3,557.707309
-3.34659,4,557.827209
-1.166878,2,557.900373
-2.314188,3,558.010279
-3.522818,4,558.151878
-1.164564,2,558.222727
-2.283154,3,558.355324
-1.116538,2,558.439259
-1.172438,2,558.511975
-0.051118,1,558.55165
-2.26086,3,558.686237
-3.355426,4,558.840236
-3.362443,4,558.990378
-2.26484,3,559.113198
-2.311729,3,559.235387
-1.131769,2,559.310258
-3.466354,4,559.466205
-2.243877,3,559.584467
-1.179487,2,559.658279
-2.286134,3,559.76543
-2.214911,3,559.877365
-0.047919,1,559.911928
-2.262879,3,560.016321
-1.150282,2,560.071929
-3.372235,4,560.210236
-2.33421,3,560.341958
-2.285822,3,560.456345
-3.448257,4,560.610384
-0.03311,1,560.651953
-3.397266,4,560.798421
-1.133202,2,560.897331
-2.29619,3,561.031796
-2.289941,3,561.16049
-1.119877,2,561.23293
-2.236521,3,561.343312
-1.139598,2,561.420437
-3.429214,4,561.56942
-0.050671,1,561.59848
-2.236123,3,561.676407
-3.394023,4,561.826418
-1.116077,2,561.904216
-2.262649,3,562.019411
-0.062915,1,562.066491
-2.299901,3,562.171899
-3.368559,4,562.303398
-2.23308,3,562.406386
-2.257221,3,562.525456
-3.348679,4,562.675381
-3.490352,4,562.820393
-0.061975,1,562.860461
-1.178251,2,562.962907
-2.347313,3,563.083241
-1.159335,2,563.138327
-2.257243,3,563.206443
-1.129305,2,563.24427
-3.465985,4,563.308388
-3.507297,4,563.365489
-3.465747,4,563.420414
-2.388508,3,563.468483
-3.375738,4,563.518712
-3.432262,4,563.569462
-1.157769,2,563.590501
-2.272194,3,563.640476
-0.065735,1,563.654237
-1.127645,2,563.681861
-3.350958,4,563.73059
-1.154381,2,563.761872
-1.169051,2,563.788411
-3.567971,4,563.862708
-2.29488,3,563.938068
-2.235499,3,564.011994
-2.294133,3,564.113259
-1.122251,2,564.189991
-3.373557,4,564.347354
-3.450199,4,564.573544
-2.327346,3,564.671997
-1.159814,2,564.738395
-2.302159,3,564.829355
-2.238643,3,564.94833
-0.051678,1,564.966352
-2.240318,3,565.055485
-1.192498,2,565.135414
-3.351056,4,565.289395
-2.236019,3,565.393641
-3.391901,4,565.52746
-2.272114,3,565.668359
-3.433576,4,565.827313
-2.249116,3,565.938467
-3.446051,4,566.097429
-2.364748,3,566.221893
-3.429622,4,566.38338
-2.265015,3,566.43747
-2.293177,3,566.472697
-0.061684,1,566.488351
-2.287991,3,566.540292
-2.295909,3,566.586355
-0.076971,1,566.600367
-1.129836,2,566.623953
-0.045366,1,566.637409
-3.395247,4,566.685486
-3.526109,4,566.72525
-3.387847,4,566.791853
-3.4343,4,566.860464
-2.261979,3,566.895845
-2.250374,3,566.984332
-2.288424,3,567.10031
-2.270532,3,567.218555
-1.196859,2,567.290363
-2.303099,3,567.354468
-2.26454,3,567.404223
-2.255692,3,567.488347
-3.392393,4,567.583718
-1.191181,2,567.630394
-2.256411,3,567.735449
-0.060773,1,567.770028
-2.34381,3,567.846483
-2.225961,3,567.925415
-2.282109,3,567.999344
-0.06113,1,568.025388
-3.381122,4,568.121877
-2.324797,3,568.202113
-1.166049,2,568.228371
-1.095127,2,568.308733
-1.123112,2,568.349402
-2.252877,3,568.441797
-2.221429,3,568.546149
-1.162439,2,568.621916
-2.312097,3,568.709438
-3.359433,4,568.83459
-2.24734,3,568.930158
-2.302295,3,569.006666
-2.266097,3,569.083606
-3.375805,4,569.192551
-1.151673,2,569.270862
-2.28475,3,569.358251
-3.323602,4,569.44037
-2.315907,3,569.550366
-0.029288,1,569.589933
-2.23564,3,569.688423
-2.329407,3,569.798193
-3.334339,4,569.91063
-1.141883,2,569.974338
-1.127026,2,570.014408
-1.114892,2,570.060461
-2.297843,3,570.155334
-2.277837,3,570.240515
-3.355113,4,570.34732
-3.405719,4,570.471102
-3.43352,4,570.581732
-3.441762,4,570.714724
-2.247352,3,570.837392
-1.158039,2,570.910262
-2.225849,3,571.002958
-2.265715,3,571.090073
-1.148319,2,571.187788
-2.376466,3,571.283293
-3.423375,4,571.412792
-2.285001,3,571.477959
-2.223319,3,571.550329
-2.247643,3,571.636373
-1.166144,2,571.709386
-1.175227,2,571.793621
-3.396525,4,571.966402
-0.048011,1,572.000501
-2.301064,3,572.128441
-0.045243,1,572.163582
-2.293766,3,572.245504
-2.329828,3,572.345516
-2.276027,3,572.460232
-3.341457,4,572.582078
-2.307983,3,572.680916
-2.298619,3,572.787491
-1.129531,2,572.856296
-2.261067,3,572.970849
-1.158871,2,573.052885
-2.304374,3,573.14836
-2.300596,3,573.257306
-2.286001,3,573.379747
-2.2528,3,573.496411
-1.189787,2,573.584407
-3.39425,4,573.740285
-1.128511,2,573.814243
-1.188112,2,573.893518
-2.256154,3,574.013419
-1.128838,2,574.090174
-1.126241,2,574.160287
-0.065724,1,574.209172
-2.299976,3,574.318127
-3.453825,4,574.474512
-2.295401,3,574.582739
-3.400725,4,574.747422
-0.065514,1,574.793661
-2.290364,3,574.899602
-2.236106,3,574.984622
-3.409093,4,575.114005
-2.273373,3,575.209201
-2.309557,3,575.284584
-2.25394,3,575.379382
-1.112538,2,575.440473
-2.302922,3,575.551851
-2.322892,3,575.670353
-2.290388,3,575.796243
-3.374341,4,575.921928
-1.147564,2,575.996251
-3.474174,4,576.153442
-2.324918,3,576.271946
-1.105206,2,576.331929
-2.307098,3,576.42532
-1.161042,2,576.48851
-1.183564,2,576.565253
-2.31641,3,576.67268
-2.368975,3,576.785515
-3.444987,4,576.957221
-2.249709,3,577.054423
-2.242686,3,577.144908
-2.237439,3,577.260189
-3.401946,4,577.400318
-2.275469,3,577.512579
-3.343615,4,577.674069
-2.23788,3,577.784409
-2.274434,3,577.895312
-3.438399,4,578.034523
-2.290356,3,578.124297
-3.452981,4,578.289348
-2.230731,3,578.371902
-3.422396,4,578.516329
-2.223798,3,578.627471
-1.140955,2,578.704373
-1.160696,2,578.778512
-0.067668,1,578.820374
-1.125644,2,578.900482
-1.175676,2,578.964348
-3.46836,4,579.124364
-1.13978,2,579.205799
-0.045919,1,579.221892
-2.33076,3,579.27296
-1.191404,2,579.331841
-2.29914,3,579.404059
-2.29167,3,579.500371
-2.274875,3,579.619314
-2.346823,3,579.725462
-1.132524,2,579.796342
-0.030358,1,579.832894
-1.142407,2,579.910713
-2.320594,3,580.016662
-0.038994,1,580.064312
-2.320461,3,580.166454
-3.428346,4,580.215724
-3.384043,4,580.283233
-3.359966,4,580.375504
-2.301382,3,580.470403
-3.56738,4,580.593414
-0.042216,1,580.639483
-2.224406,3,580.764163
-1.121975,2,580.849251
-1.146226,2,580.922876
-1.153172,2,580.999523
-1.131819,2,581.073296
-2.28667,3,581.210219
-2.250587,3,581.308366
-2.253886,3,581.424261
-0.060005,1,581.460445
-1.179697,2,581.532798
-2.373541,3,581.63439
-1.115898,2,581.674469
-1.16188,2,581.727231
-3.471265,4,581.838675
-3.388562,4,581.940399
-3.390721,4,582.054374
-1.145197,2,582.11195
-1.167739,2,582.176207
-2.246249,3,582.268491
-1.139112,2,582.328318
-2.285129,3,582.415461
-2.330664,3,582.515284
-1.121871,2,582.586403
-3.393693,4,582.684912
-1.125469,2,582.753953
-3.411939,4,582.881881
-2.29566,3,582.976284
-2.230102,3,583.079442
-2.26625,3,583.203331
-1.112853,2,583.299292
-2.298441,3,583.418279
-3.40795,4,583.552902
-2.231507,3,583.665309
-2.223833,3,583.77528
-3.408794,4,583.90628
-3.364024,4,584.045502
-3.494084,4,584.178263
-3.392944,4,584.29022
-2.285698,3,584.408477
-2.328351,3,584.502496
-1.169794,2,584.567366
-2.306079,3,584.655305
-2.245715,3,584.747476
-2.29213,3,584.848325
-1.113163,2,584.915459
-3.467771,4,585.046633
-2.231646,3,585.119412
-2.247174,3,585.229295
-2.261029,3,585.34725
-3.367939,4,585.479033
-2.306059,3,585.577991
-1.105045,2,585.628271
-1.153918,2,585.688976
-2.291554,3,585.792642
-2.288963,3,585.892971
-3.38005,4,586.000512
-3.485149,4,586.157307
-2.302511,3,586.275765
-2.27446,3,586.386826
-2.242428,3,586.490142
-2.326315,3,586.573939
-3.460737,4,586.715654
-2.213969,3,586.830292
-2.362466,3,586.970301
-1.129025,2,587.04984
-0.05592,1,587.097454
-3.390496,4,587.33297
-3.404023,4,587.483588
-3.35354,4,587.620631
-2.321444,3,587.754642
-2.225549,3,587.844245
-3.431611,4,587.955084
-0.054032,1,588.006423
-1.186689,2,588.090226
-2.331136,3,588.205714
-3.445967,4,588.358411
-1.169454,2,588.437404
-2.353494,3,588.503713
-1.182541,2,588.563427
-1.154105,2,588.625585
-2.316893,3,588.736641
-3.447495,4,588.887841
-2.256832,3,588.988456
-3.42383,4,589.104437
-1.159523,2,589.157267
-2.237247,3,589.256325
-3.359908,4,589.376617
-0.065249,1,589.409259
-3.42065,4,589.552578
-2.304593,3,589.653366
-1.170164,2,589.703517
-2.240554,3,589.782698
-2.277905,3,589.873309
-0.036072,1,589.917468
-2.319591,3,590.002986
-1.118763,2,590.057365
-3.376745,4,590.183928
-2.215464,3,590.300647
-2.259985,3,590.370329
-2.3075,3,590.45482
-1.122814,2,590.52591
-3.534416,4,590.678313
-1.151007,2,590.754229
-0.033861,1,590.785785
-1.16517,2,590.868182
-0.066361,1,590.907414
-3.343185,4,591.038538
-2.317986,3,591.132333
-1.19183,2,591.182947
-1.169744,2,591.266617
-2.230094,3,591.363338
-1.115767,2,591.442129
-2.270698,3,591.532717
-0.035525,1,591.575516
-1.132561,2,591.636554
-0.059125,1,591.654662
-2.252585,3,591.706177
-3.349994,4,591.769296
-2.252164,3,591.82463
-1.201258,2,591.858474
-2.343534,3,591.896267
-0.063661,1,591.921808
-0.052567,1,591.942848
-3.362479,4,592.045505
-2.246916,3,592.153426
-1.157421,2,592.208229
-2.233135,3,592.304389
-3.393406,4,592.478414
-1.178965,2,592.553262
-1.144142,2,592.637055
-2.290527,3,592.747476
-2.334403,3,592.85731
-3.408621,4,593.007482
-1.16601,2,593.092843
-3.455913,4,593.267858
-0.072051,1,593.312157
-1.120208,2,593.390963
-1.135681,2,593.470344
-2.226915,3,593.566299
-1.135478,2,593.640475
-3.384568,4,593.794222
-1.128969,2,593.873348
-3.43165,4,593.986839
-1.14029,2,594.060313
-1.114353,2,594.122963
-2.258311,3,594.220457
-1.14044,2,594.266191
-1.099546,2,594.350185
-1.191741,2,594.409292
-1.128163,2,594.470974
-3.382112,4,594.593845
-3.38573,4,594.748305
-2.223543,3,594.860198
-1.139951,2,594.939471
-1.112076,2,595.014364
-3.393058,4,595.170475
-2.333835,3,595.28791
-0.062117,1,595.336385
-2.316143,3,595.453339
-3.381586,4,595.609453
-1.149514,2,595.690482
-3.449959,4,595.854079
-1.170456,2,595.909636
-3.457673,4,596.022616
-3.406207,4,596.080869
-1.159865,2,596.12534
-0.067673,1,596.165403
-1.178744,2,596.240378
-1.148456,2,596.313581
-3.431789,4,596.481733
-1.114885,2,596.548453
-3.422381,4,596.697512
-2.26025,3,596.783827
-2.337093,3,596.871912
-2.224157,3,596.969218
-2.280239,3,597.082486
-2.279115,3,597.184492
-3.455515,4,597.339488
-2.268683,3,597.451866
-2.359029,3,597.554336
-1.15615,2,597.629271
-1.167307,2,597.704056
-1.154372,2,597.763284
-2.280691,3,597.835198
-2.268105,3,597.90643
-2.243174,3,597.992705
-2.216377,3,598.068544
-2.312982,3,598.158382
-1.134925,2,598.206545
-2.292534,3,598.299601
-3.420922,4,598.440198
-2.354628,3,598.565361
-1.117964,2,598.651849
-0.070814,1,598.699528
-1.12654,2,598.767296
-3.435738,4,598.945246
-3.396519,4,599.092385
-1.117767,2,599.168236
-2.249431,3,599.291773
-0.068271,1,599.33033
-0.064731,1,599.361876
-3.560604,4,599.519438
-1.168636,2,599.580798
-3.424831,4,599.730234
-1.117464,2,599.799564
-3.465852,4,599.971853
-1.199952,2,600.048289
-1.189954,2,600.123212
-2.294898,3,600.22608
-3.405561,4,600.413612
-1.186656,2,600.485388
-2.261906,3,600.599421
-2.319607,3,600.714454
-2.369053,3,600.830489
-2.312292,3,600.937347
-2.38173,3,601.043331
-2.255215,3,601.155256
-3.405525,4,601.343526
-3.479475,4,601.482765
-2.254154,3,601.57783
-1.177951,2,601.643435
-1.162526,2,601.690916
-2.217585,3,601.816331
-2.269073,3,601.941824
-3.415995,4,602.099955
-2.293181,3,602.182752
-1.14788,2,602.247398
-1.129406,2,602.320397
-2.281459,3,602.423489
-3.408772,4,602.558312
-1.150528,2,602.611911
-2.343187,3,602.726316
-0.074404,1,602.766376
-3.410615,4,602.912941
-2.235626,3,603.029461
-1.148361,2,603.110333
-2.342669,3,603.210555
-2.288716,3,603.357529
-2.257814,3,603.47196
-1.183832,2,603.539302
-0.078515,1,603.578869
-2.217242,3,603.690383
-0.02993,1,603.723434
-2.30086,3,603.837336
-3.500562,4,603.97526
-0.032638,1,603.99278
-1.180583,2,604.036616
-0.051386,1,604.064631
-2.327653,3,604.158151
-1.151564,2,604.234389
-2.299696,3,604.338215
-3.431497,4,604.468411
-3.342656,4,604.61633
-1.148666,2,604.674417
-0.065282,1,604.703455
-3.369592,4,604.812952
-3.348878,4,604.928327
-2.200534,3,605.036612
-0.029409,1,605.06375
-1.145295,2,605.119547
-2.251153,3,605.203272
-3.469921,4,605.337374
-2.23324,3,605.382958
-2.305202,3,605.437325
-3.443762,4,605.53752
-2.280803,3,605.618395
-3.362812,4,605.733377
-2.300859,3,605.827587
-2.259541,3,605.889426
-2.380734,3,605.971768
-1.140698,2,606.00932
-0.071505,1,606.040364
-3.352463,4,606.140376
-1.17034,2,606.203476
-1.178993,2,606.264272
-3.369941,4,606.375445
-2.288924,3,606.458381
-2.300885,3,606.565165
-2.278137,3,606.654455
-2.267045,3,606.750514
-1.152798,2,606.827399
-2.248587,3,606.913626
-0.048755,1,606.940213
-2.260263,3,607.016346
-3.454435,4,607.13835
-0.026487,1,607.17292
-2.263587,3,607.282857
-3.431965,4,607.407274
-1.116972,2,607.499413
-0.042148,1,607.530463
-3.415793,4,607.687427
-1.129833,2,607.743213
-2.339799,3,607.831854
-3.420973,4,607.987796
-2.255338,3,608.06626
-3.3501,4,608.158395
-2.308019,3,608.219453
-1.131679,2,608.270293
-0.057738,1,608.306647
-1.160654,2,608.368305
-2.319228,3,608.466464
-3.523932,4,608.629372
-2.250755,3,608.736371
-2.27173,3,608.81454
-1.137336,2,608.86547
-2.301115,3,608.956309
-2.279135,3,609.073336
-2.296405,3,609.187546
-0.039881,1,609.229401
-1.209336,2,609.301768
-3.411336,4,609.439387
-1.202082,2,609.522086
-2.321874,3,609.634375
-2.321252,3,609.760504
-2.273953,3,609.872859
-2.244461,3,609.986983
-1.150989,2,610.036316
-0.070697,1,610.066367
-2.233822,3,610.155521
-2.230447,3,610.28041
-2.274723,3,610.389943
-3.389253,4,610.451904
-1.144231,2,610.479446
-2.285973,3,610.530925
-2.292866,3,610.566976
-1.128671,2,610.600364
-2.270508,3,610.649463
-0.077965,1,610.663505
-2.259762,3,610.710267
-2.230954,3,610.762855
-2.232524,3,610.800606
-2.287406,3,610.837411
-2.238161,3,610.881
-1.160916,2,610.942811
-2.243612,3,611.01462
-3.478289,4,611.141939
-3.5429,4,611.261909
-1.118051,2,611.338405
-0.055592,1,611.373459
-2.237942,3,611.483746
-2.298876,3,611.592918
-1.172617,2,611.650295
-1.154605,2,611.708419
-2.305442,3,611.82643
-2.260253,3,611.93915
-3.471044,4,612.104439
-2.255223,3,612.203394
-2.224986,3,612.341945
-3.385663,4,612.495166
-3.42248,4,612.655325
-1.163826,2,612.724271
-3.364063,4,612.874961
-3.425623,4,613.030267
-2.277736,3,613.143463
-2.265756,3,613.262766
-3.375879,4,613.412683
-2.217306,3,613.53741
-1.129799,2,613.620157
-2.276366,3,613.718535
-2.231009,3,613.808387
-3.364667,4,613.951775
-1.116858,2,614.038229
-1.123084,2,614.115267
-2.344315,3,614.181869
-1.125012,2,614.230148
-1.175681,2,614.307376
-1.161935,2,614.380485
-2.227502,3,614.47388
-2.27574,3,614.560394
-2.25058,3,614.640565
-2.222063,3,614.745216
-0.022164,1,614.783265
-2.278553,3,614.897787
-2.259449,3,615.012582
-1.148214,2,615.069392
-2.328567,3,615.162941
-2.350803,3,615.263437
-2.299383,3,615.35295
-0.041131,1,615.375487
-3.443807,4,615.500262
-1.122537,2,615.553358
-2.258717,3,615.687306
-2.295352,3,615.801868
-3.488974,4,615.953683
-1.123152,2,616.029257
-2.294435,3,616.099307
-1.142274,2,616.127368
-2.235903,3,616.172941
-3.446902,4,616.230497
-2.344105,3,616.276378
-3.369076,4,616.344433
-3.431604,4,616.395179
-2.249953,3,616.433229
-2.258715,3,616.478295
-2.278696,3,616.512973
-3.414773,4,616.565208
-1.155583,2,616.593768
-3.392082,4,616.653738
-3.369678,4,616.709604
-3.465057,4,616.764469
-0.06491,1,616.785516
-2.22605,3,616.869904
-2.248979,3,616.923709
-1.166237,2,616.969511
-1.185914,2,617.020448
-3.382997,4,617.130502
-2.260379,3,617.218553
-2.242285,3,617.312278
-0.020081,1,617.33839
-2.256663,3,617.44181
-2.287228,3,617.564246
-3.397973,4,617.70737
-2.264517,3,617.812675
-2.239929,3,617.925676
-2.26739,3,618.030398
-2.287924,3,618.1403
-1.142733,2,618.218564
-2.250712,3,618.331804
-1.154418,2,618.414476
-3.366552,4,618.574021
-3.454772,4,618.72044
-1.179965,2,618.804347
-3.403063,4,618.938371
-2.248229,3,619.056266
-3.36295,4,619.203434
-3.486341,4,619.342889
-2.240661,3,619.444314
-0.019245,1,619.484257
-2.32394,3,619.592897
-2.346035,3,619.727233
-3.44119,4,619.850363
-3.470476,4,619.950306
-1.19406,2,619.993929
-1.117946,2,620.04177
-1.158951,2,620.089844
-3.495299,4,620.212616
-2.300347,3,620.290723
-3.4133,4,620.406179
-1.191324,2,620.45943
-2.360857,3,620.517328
-3.404284,4,620.566397
-1.170888,2,620.592937
-3.425183,4,620.639632
-2.286952,3,620.675313
-1.132605,2,620.702847
-0.057044,1,620.719404
-3.437189,4,620.761953
-1.130342,2,620.785486
-2.318757,3,620.820298
-2.272572,3,620.860353
-2.282143,3,620.893892
-0.046227,1,620.905431
-3.453786,4,620.950479
-2.239776,3,620.986236
-3.435941,4,621.034455
-2.275645,3,621.070095
-2.300441,3,621.099727
-1.151383,2,621.125356
-2.300751,3,621.157393
-3.409763,4,621.201977
-1.154411,2,621.225637
-0.060305,1,621.241768
-2.333674,3,621.275314
-2.25873,3,621.309447
-1.151855,2,621.334484
-0.032082,1,621.351071
-2.28864,3,621.387273
-0.075367,1,621.396785
-0.044177,1,621.406329
-2.316941,3,621.444374
-1.154118,2,621.462889
-2.352105,3,621.493932
-0.04388,1,621.508713
-1.169168,2,621.534326
-2.294914,3,621.570364
-0.07091,1,621.584387
-3.408154,4,621.622703
-3.446951,4,621.672791
-1.171656,2,621.694825
-3.435326,4,621.736394
-1.17166,2,621.759416
-2.266822,3,621.794533
-1.186291,2,621.818267
-1.125928,2,621.841792
-1.172197,2,621.866329
-1.143978,2,621.894398
-1.135729,2,621.91342
-3.405457,4,621.956462
-2.31308,3,621.984218
-1.12586,2,622.016344
-3.49064,4,622.067408
-2.244922,3,622.106466
-0.060637,1,622.121979
-0.057085,1,622.135103
-2.288344,3,622.177239
-2.293949,3,622.211843
-0.049346,1,622.22937
-2.320283,3,622.264417
-2.262599,3,622.293963
-3.401025,4,622.469468
-3.361913,4,622.516152
-3.414696,4,622.572827
-3.400685,4,622.624478
-2.352151,3,622.660669
-2.273803,3,622.692797
-0.059769,1,622.706812
-0.040187,1,622.725835
-1.130934,2,622.750446
-2.253441,3,622.784508
-1.178496,2,622.814219
-3.412817,4,622.863282
-0.032181,1,622.871787
-3.362741,4,622.918352
-2.283332,3,622.960406
-3.456464,4,623.009479
-0.050603,1,623.022534
-1.133806,2,623.041101
-1.125948,2,623.068235
-2.310776,3,623.109304
-2.334053,3,623.153978
-2.358684,3,623.199458
-2.298728,3,623.24717
-2.243795,3,623.30177
-2.287737,3,623.344342
-3.469543,4,623.403432
-2.286247,3,623.443483
-2.317721,3,623.481774
-3.405581,4,623.530332
-2.305131,3,623.573386
-0.069674,1,623.586401
-3.436329,4,623.630442
-3.413923,4,623.673497
-0.063211,1,623.682165
-3.519381,4,623.734234
-3.377756,4,623.780281
-2.249947,3,623.811862
-1.177697,2,623.833398
-0.072888,1,623.847409
-2.293219,3,623.881947
-1.176132,2,623.907528
-3.374923,4,623.9494
-1.103645,2,623.977439
-2.258382,3,624.01616
-2.33853,3,624.04823
-3.43888,4,624.088272
-2.26767,3,624.127371
-2.279812,3,624.159406
-1.150326,2,624.187445
-2.303144,3,624.222622
-1.126112,2,624.245236
-3.409159,4,624.291789
-3.490562,4,624.335207
-3.399851,4,624.389348
-1.182651,2,624.418486
-2.296204,3,624.456305
-3.396387,4,624.505389
-3.392024,4,624.550437
-1.145597,2,624.579473
-1.170975,2,624.602538
-0.0714,1,624.612604
-2.331752,3,624.646232
-1.164708,2,624.679279
-2.266058,3,624.720476
-2.261557,3,624.754261
-1.135403,2,624.780291
-3.369338,4,624.83543
-2.233152,3,624.869468
-2.298454,3,624.900654
-2.296391,3,624.931796
-2.289288,3,624.970339
-1.167778,2,624.994461
-0.036181,1,625.004472
-0.023119,1,625.012979
-3.483444,4,625.067378
-3.414496,4,625.117945
-1.151791,2,625.147501
-0.036226,1,625.157525
-2.294353,3,625.208367
-3.406249,4,625.250416
-3.494274,4,625.302098
-3.543222,4,625.344413
-1.180331,2,625.369439
-2.248102,3,625.413557
-2.247981,3,625.445322
-2.305984,3,625.474357
-1.130823,2,625.496885
-3.386945,4,625.555488
-1.112936,2,625.580585
-1.169373,2,625.608284
-0.044947,1,625.626308
-3.503639,4,625.679369
-2.299868,3,625.71342
-2.218539,3,625.753464
-2.228277,3,625.792188
-3.493852,4,625.841863
-2.305167,3,625.874408
-3.39368,4,625.914455
-3.506493,4,625.965334
-3.414217,4,626.004373
-1.150675,2,626.025396
-2.266931,3,626.05543
-3.486146,4,626.099478
-2.318287,3,626.130139
-2.294542,3,626.161858
-1.153011,2,626.184391
-3.514149,4,626.230442
-2.314047,3,626.263504
-3.482712,4,626.345322
-3.377266,4,626.478366
-1.193774,2,626.511911
-3.377588,4,626.6141
-3.409483,4,626.706414
-2.238777,3,626.755478
-1.132529,2,626.787243
-3.462954,4,626.836307
-3.353183,4,626.895382
-3.399403,4,626.986537
-0.069021,1,627.002059
-2.305512,3,627.036773
-1.166881,2,627.065404
-2.240013,3,627.127504
-0.050086,1,627.163341
-2.247682,3,627.230428
-0.033873,1,627.254025
-3.413153,4,627.413377
-3.403575,4,627.507744
-0.056021,1,627.536592
-1.188579,2,627.599911
-1.15277,2,627.650209
-3.39981,4,627.780418
-1.169683,2,627.830617
-2.344076,3,627.902067
-2.341357,3,627.970343
-2.26364,3,628.048478
-2.291389,3,628.116539
-2.304928,3,628.18797
-1.120319,2,628.235322
-3.368727,4,628.345262
-2.238658,3,628.395832
-2.23631,3,628.423421
-2.277047,3,628.447444
-2.324511,3,628.480479
-2.301153,3,628.506607
-2.284217,3,628.53178
-1.128321,2,628.550309
-2.286865,3,628.59287
-2.360376,3,628.631927
-2.314046,3,628.672979
-2.294402,3,628.714271
-1.108983,2,628.744316
-1.18173,2,628.778366
-3.412674,4,628.866674
-1.127911,2,628.904654
-1.117232,2,628.953435
-2.300361,3,629.016756
-0.051164,1,629.032276
-1.143986,2,629.063566
-0.036999,1,629.087386
-2.288657,3,629.133751
-0.05914,1,629.147508
-3.387098,4,629.199791
-2.284525,3,629.272602
-1.142453,2,629.322927
-3.45353,4,629.438682
-0.076613,1,629.462734
-0.063356,1,629.508338
-0.04506,1,629.539416
-1.168309,2,629.630681
-0.067322,1,629.65836
-2.294048,3,629.724554
-3.461965,4,629.839347
-2.23697,3,629.909496
-0.026662,1,629.929338
-0.041705,1,629.953394
-1.11989,2,629.995486
-2.230063,3,630.059354
-1.158295,2,630.092948
-0.06422,1,630.121958
-2.244129,3,630.211929
-2.243409,3,630.279266
-0.030695,1,630.306634
-1.193444,2,630.386758
-3.543319,4,630.451876
-0.076673,1,630.465402
-2.230539,3,630.506968
-2.294259,3,630.553795
-3.474603,4,630.612114
-2.288598,3,630.653565
-2.349171,3,630.689354
-3.410544,4,630.744536
-1.172382,2,630.775228
-3.404679,4,630.824813
-2.303633,3,630.862513
-2.297115,3,630.912058
-3.442516,4,630.972913
-1.170678,2,630.997455
-2.237696,3,631.059214
-0.044149,1,631.099815
-1.137658,2,631.123456
-2.282704,3,631.156196
-1.111721,2,631.185241
-2.279036,3,631.239445
-0.074999,1,631.255489
-1.150043,2,631.295959
-3.358046,4,631.363402
-2.248665,3,631.45332
-1.154372,2,631.484378
-2.224843,3,631.539649
-3.409956,4,631.596471
-1.162385,2,631.631904
-3.40157,4,631.685488
-0.023453,1,631.69621
-2.275164,3,631.737497
-2.319838,3,631.781844
-2.284873,3,631.82059
-1.133677,2,631.851829
-0.063159,1,631.86936
-3.375787,4,631.936411
-3.444675,4,631.996321
-2.213815,3,632.035377
-2.267795,3,632.079441
-2.291531,3,632.119275
-1.164145,2,632.143316
-3.464047,4,632.194394
-2.266287,3,632.241806
-1.163444,2,632.270346
-2.351441,3,632.306911
-1.162862,2,632.337712
-2.228381,3,632.38844
-1.152413,2,632.425217
-3.370848,4,632.488438
-2.285888,3,632.537428
-2.306407,3,632.588402
-2.301608,3,632.64724
-2.345327,3,632.6843
-3.397384,4,632.733589
-1.143486,2,632.764248
-3.436998,4,632.819564
-2.382117,3,632.864267
-1.175115,2,632.897832
-1.162797,2,632.927343
-2.272969,3,632.980434
-1.131161,2,633.015599
-0.058293,1,633.030633
-2.272731,3,633.083382
-2.295987,3,633.139716
-1.13738,2,633.170375
-0.061389,1,633.187418
-3.405862,4,633.24193
-0.065371,1,633.260465
-2.311968,3,633.306861
-2.299081,3,633.347669
-3.354115,4,633.405492
-2.267093,3,633.456363
-0.04283,1,633.477397
-2.302507,3,633.524379
-2.287957,3,633.570458
-2.238133,3,633.622301
-3.435949,4,633.683416
-2.288395,3,633.733689
-2.262946,3,633.778319
-0.049309,1,633.797858
-2.238877,3,633.842174
-3.384439,4,633.902544
-2.240614,3,633.950443
-3.360478,4,634.025538
-1.136722,2,634.060309
-3.451935,4,634.125382
-2.288193,3,634.17947
-2.26341,3,634.241904
-2.232459,3,634.287486
-1.142591,2,634.317426
-2.266676,3,634.3643
-2.276693,3,634.415589
-1.186165,2,634.441721
-1.101096,2,634.466258
-2.222666,3,634.50453
-2.295442,3,634.549295
-3.437148,4,634.612396
-3.391774,4,634.670258
-2.283795,3,634.713881
-2.335969,3,634.766335
-2.233929,3,634.813598
-2.296301,3,634.863329
-3.464873,4,634.930513
-3.369229,4,634.987266
-3.537958,4,635.049434
-2.327709,3,635.098098
-2.320059,3,635.144392
-3.435739,4,635.203483
-0.053899,1,635.214537
-3.355969,4,635.27289
-1.110264,2,635.300935
-0.058207,1,635.322134
-3.540678,4,635.385945
-3.410326,4,635.457311
-1.158672,2,635.493389
-3.398317,4,635.55765
-1.129328,2,635.59036
-1.144236,2,635.616918
-2.288524,3,635.655381
-2.276703,3,635.70295
-0.079273,1,635.714879
-2.308814,3,635.75843
-0.039757,1,635.773457
-3.456361,4,635.833219
-2.270724,3,635.876297
-1.149755,2,635.903844
-3.496664,4,635.954299
-2.261985,3,635.999878
-2.316739,3,636.042959
-2.267797,3,636.088337
-0.03882,1,636.101856
-0.053193,1,636.122535
-2.334742,3,636.162753
-0.072817,1,636.173995
-2.328164,3,636.209823
-3.340036,4,636.272889
-3.426152,4,636.348321
-2.304454,3,636.396429
-2.241409,3,636.457314
-3.395734,4,636.525377
-2.210153,3,636.576464
-2.293353,3,636.650316
-2.287291,3,636.717487
-2.275075,3,636.787392
-0.04268,1,636.808938
-3.44878,4,636.896451
-1.158403,2,636.947424
-3.556414,4,637.044327
-3.527787,4,637.130515
-2.273114,3,637.190889
-1.166209,2,637.244414
-2.2768,3,637.316354
-2.253159,3,637.376486
-1.184732,2,637.430696
-0.032785,1,637.46043
-2.287387,3,637.538465
-2.303469,3,637.662743
-1.197512,2,637.766414
-1.142965,2,637.865396
-1.190508,2,637.974446
-2.302659,3,638.098768
-2.330444,3,638.228756
-2.343089,3,638.977285
-3.417163,4,639.321339
-3.351752,4,639.406339
-2.225057,3,639.464339
-2.317883,3,639.528852
-1.19858,2,639.574851
-2.310928,3,639.695853
-2.232724,3,639.734852
-3.433005,4,639.778851
-2.29431,3,639.81685
-2.23973,3,639.84985
-2.358579,3,639.884851
-2.345794,3,639.915849
-1.140132,2,639.93885
-3.452767,4,639.977849
-2.250744,3,640.01285
-2.251114,3,640.040851
-2.263347,3,640.080851
-3.562423,4,640.185852
-0.035239,1,640.208851
-2.265502,3,640.261851
-2.292047,3,640.321852
-0.054252,1,640.339851
-2.339543,3,640.386851
-3.531594,4,640.45385
-2.333909,3,640.50385
-2.347971,3,640.536849
-2.284317,3,640.567849
-2.309205,3,640.60085
-0.02554,1,640.615851
-0.066428,1,640.627851
-2.248492,3,640.657354
-2.268445,3,640.688358
-2.286186,3,640.726361
-3.407551,4,640.772357
-0.033285,1,640.781357
-2.336867,3,640.809358
-1.164314,2,640.833358
-2.247239,3,640.864357
-0.065434,1,640.874357
-2.238821,3,640.903358
-1.146795,2,640.925357
-0.063938,1,640.93436
-1.117763,2,640.952357
-2.257749,3,640.979356
-1.138637,2,641.002357
-3.477382,4,641.05056
-2.317218,3,641.0818
-3.352239,4,641.129004
-0.044922,1,641.143131
-1.174537,2,641.164237
-1.119267,2,641.187515
-2.339327,3,641.216885
-3.450244,4,641.259243
-2.264976,3,641.285244
-2.312506,3,641.315243
-0.048891,1,641.324327
-1.170806,2,641.349551
-0.062517,1,641.360552
-1.15273,2,641.387552
-2.325937,3,641.471501
-1.132683,2,641.5105
-1.144328,2,641.540499
-2.340877,3,641.585768
-3.567332,4,641.643016
-3.355995,4,641.699018
-2.216715,3,641.742172
-2.268384,3,641.785177
-0.040017,1,641.799685
-2.262081,3,641.833682
-2.248119,3,641.858683
-0.068926,1,641.868684
-0.052736,1,641.880754
-2.239779,3,641.920928
-2.368017,3,641.948928
-1.13855,2,641.967212
-1.179922,2,641.985212
-2.342946,3,642.017213
-2.239889,3,642.045211
-1.177287,2,642.067212
-0.041232,1,642.077213
-1.167071,2,642.099037
-0.06124,1,642.110038
-0.03428,1,642.124037
-3.504192,4,642.164146
-2.319156,3,642.196147
-2.222948,3,642.226225
-2.299637,3,642.254687
-1.130968,2,642.270686
-2.295117,3,642.298687
-2.269413,3,642.322686
-2.356817,3,642.35192
-2.269109,3,642.379921
-1.146738,2,642.405921
-1.145886,2,642.428104
-3.461115,4,642.469515
-2.3229,3,642.496654
-2.283856,3,642.535656
-3.37947,4,642.581727
-3.394842,4,642.620888
-2.260634,3,642.651147
-1.147948,2,642.675218
-3.349186,4,642.719486
-1.152694,2,642.737485
-1.163421,2,642.754577
-3.426396,4,642.798659
-1.160021,2,642.815658
-2.316425,3,642.841659
-2.258035,3,642.865658
-0.063556,1,642.882732
-0.069786,1,642.892732
-2.316584,3,642.920734
-2.276358,3,642.95135
-0.051258,1,642.964486
-1.169159,2,642.984622
-1.122746,2,643.003619
-2.270967,3,643.034707
-1.120685,2,643.054709
-0.038962,1,643.063707
-1.199365,2,643.079707
-2.336707,3,643.104784
-1.183248,2,643.126861
-2.245646,3,643.153923
-2.241504,3,643.178018
-1.189623,2,643.197018
-1.157962,2,643.22302
-0.066838,1,643.234111
-3.39898,4,643.274112
-1.111349,2,643.295112
-2.262983,3,643.330378
-3.511672,4,643.367378
-3.440207,4,643.41178
-0.017919,1,643.421858
-3.451207,4,643.475426
-2.331603,3,643.501888
-2.204257,3,643.528342
-0.057967,1,643.538341
-2.25483,3,643.57451
-2.37376,3,643.600667
-0.045948,1,643.609668
-1.122087,2,643.626736
-2.240408,3,643.659853
-1.184456,2,643.679852
-0.065968,1,643.688033
-2.272559,3,643.714139
-2.339164,3,643.743409
-1.155364,2,643.762588
-2.296407,3,643.787853
-2.335573,3,643.813853
-0.067875,1,643.833855
-1.123411,2,643.860853
-3.337133,4,643.905989
-3.385734,4,643.948105
-2.371247,3,643.982104
-2.267896,3,644.007104
-1.183134,2,644.026104
-3.355829,4,644.060108
-2.22102,3,644.099745
-1.154438,2,644.123832
-3.438181,4,644.169379
-3.435839,4,644.210511
-0.053398,1,644.222512
-2.263682,3,644.248691
-2.281379,3,644.272691
-3.38936,4,644.316922
-0.046991,1,644.330922
-3.453617,4,644.365041
-3.398021,4,644.39904
-2.3045,3,644.42741
-1.162124,2,644.457411
-2.267552,3,644.49775
-3.388759,4,644.58375
-2.225018,3,644.628662
-3.487552,4,644.699733
-2.288236,3,644.74388
-0.064736,1,644.75688
-2.300414,3,644.793015
-1.178992,2,644.823377
-2.271463,3,644.871467
-3.347471,4,644.911588
-1.163108,2,644.927892
-1.208471,2,644.951303
-2.2506,3,644.981736
-3.358797,4,645.015001
-3.449892,4,645.050001
-3.501705,4,645.101087
-1.171515,2,645.123222
-1.150591,2,645.14422
-1.120339,2,645.168593
-1.159012,2,645.192328
-2.235907,3,645.22063
-1.117452,2,645.238875
-1.122221,2,645.257107
-1.141372,2,645.279413
-3.462681,4,645.314412
-2.352016,3,645.342414
-2.27831,3,645.368412
-2.238411,3,645.401413
-2.317325,3,645.433574
-1.166379,2,645.458051
-2.265517,3,645.484253
-3.353421,4,645.525393
-1.181419,2,645.541528
-1.180222,2,645.557526
-2.322919,3,645.581526
-2.342783,3,645.614764
-2.235912,3,645.641849
-1.139751,2,645.658964
-2.320585,3,645.685291
-1.183606,2,645.706291
-1.142895,2,645.726292
-2.25321,3,645.753291
-1.148214,2,645.775501
-2.247656,3,645.805584
-1.136841,2,645.822584
-3.411885,4,645.858584
-2.33971,3,645.884584
-3.364264,4,645.924584
-2.229655,3,645.951584
-1.134423,2,645.974585
-1.170818,2,645.994668
-1.131174,2,646.021028
-0.067219,1,646.031025
-2.322799,3,646.060027
-1.163181,2,646.081025
-2.324388,3,646.116165
-1.156471,2,646.135253
-2.322864,3,646.162252
-2.288758,3,646.188478
-0.062824,1,646.200481
-2.287116,3,646.2257
-1.179633,2,646.242859
-0.024856,1,646.251859
-2.336141,3,646.288859
-2.259225,3,646.31686
-3.462031,4,646.35393
-3.345643,4,646.390435
-1.153906,2,646.41844
-1.12326,2,646.442439
-2.307914,3,646.476437
-3.406547,4,646.51877
-1.141308,2,646.546771
-3.35537,4,646.584858
-1.161354,2,646.6022
-3.395907,4,646.637313
-1.174628,2,646.659414
-1.136568,2,646.676415
-2.344084,3,646.706552
-3.376716,4,646.748711
-0.05259,1,646.765834
-1.139536,2,646.789918
-0.024513,1,646.806049
-3.532028,4,646.850047
-1.162992,2,646.871048
-3.490099,4,646.904047
-1.149976,2,646.925048
-2.341789,3,646.962357
-1.17127,2,646.986356
-2.2529,3,647.015421
-3.504667,4,647.049734
-2.327862,3,647.075734
-3.377053,4,647.116799
-0.057962,1,647.125881
-1.108108,2,647.145182
-3.419041,4,647.185185
-1.151808,2,647.206254
-2.235798,3,647.236339
-2.242751,3,647.263385
-2.297205,3,647.290501
-2.271325,3,647.319501
-2.27792,3,647.34564
-2.240003,3,647.372642
-2.320445,3,647.40164
-0.075153,1,647.413639
-1.137181,2,647.434641
-3.491676,4,647.478641
-1.140486,2,647.502761
-1.190955,2,647.571797
-0.060016,1,647.589797
-2.263344,3,647.644041
-3.393272,4,647.708232
-2.23469,3,647.753231
-2.299572,3,647.785417
-2.364717,3,647.824764
-1.123399,2,647.846869
-3.377176,4,647.897869
-2.24426,3,647.925869
-3.423682,4,647.969957
-3.406399,4,648.013957
-2.296768,3,648.048957
-2.339975,3,648.075958
-3.442904,4,648.116959
-2.31767,3,648.146957
-3.412549,4,648.184032
-2.241316,3,648.208281
-2.347749,3,648.233281
-2.328006,3,648.258754
-0.065817,1,648.271754
-3.42283,4,648.304754
-2.235229,3,648.333234
-3.369859,4,648.369592
-1.110439,2,648.389589
-2.245302,3,648.414589
-1.111923,2,648.430589
-1.108526,2,648.447589
-3.456105,4,648.49259
-3.388576,4,648.524589
-2.240374,3,648.54859
-2.294625,3,648.574672
-1.140268,2,648.596732
-2.258502,3,648.619731
-3.423823,4,648.65186
-3.454776,4,648.690642
-2.345655,3,648.723733
-0.044797,1,648.731733
-2.200154,3,648.765281
-3.452435,4,648.801593
-1.119729,2,648.832592
-1.122051,2,648.849592
-0.051553,1,648.857593
-1.181548,2,648.873593
-3.424662,4,648.911593
-2.262621,3,648.937593
-2.27963,3,648.960593
-2.285195,3,648.993656
-2.289864,3,649.030917
-2.237479,3,649.054917
-3.40087,4,649.085987
-2.316989,3,649.114321
-2.246295,3,649.142549
-0.075369,1,649.151549
-3.400633,4,649.183647
-2.304661,3,649.207054
-2.221772,3,649.238215
-1.19118,2,649.254217
-3.486917,4,649.287488
-2.287117,3,649.315576
-2.372081,3,649.346645
-0.048979,1,649.356644
-2.238066,3,649.380767
-2.269734,3,649.404827
-3.477515,4,649.449222
-2.299179,3,649.482222
-1.181339,2,649.49839
-2.27953,3,649.527469
-2.275608,3,649.612981
-2.198335,3,649.661766
-2.267863,3,649.706205
-1.155971,2,649.730298
-2.252395,3,649.768549
-1.143151,2,649.794622
-0.05931,1,649.804627
-3.403135,4,649.853642
-2.330023,3,649.896324
-1.141003,2,649.918555
-0.033333,1,649.928555
-1.163034,2,649.945554
-1.167047,2,649.96575
-2.233572,3,649.990858
-3.427148,4,650.024131
-2.25361,3,650.053131
-2.230473,3,650.081303
-2.29885,3,650.105303
-2.243806,3,650.130611
-3.416356,4,650.163613
-0.059393,1,650.175119
-2.328511,3,650.19984
-2.268628,3,650.226014
-2.205304,3,650.259141
-0.050781,1,650.27023
-2.290634,3,650.295428
-2.272605,3,650.322585
-2.226571,3,650.347774
-3.400887,4,650.383996
-1.152053,2,650.399996
-0.03328,1,650.408996
-1.138894,2,650.424996
-0.038219,1,650.435995
-3.394217,4,650.481114
-3.408865,4,650.516335
-1.139517,2,650.532397
-1.164098,2,650.556398
-3.488544,4,650.589397
-2.309022,3,650.613463
-1.139124,2,650.634764
-1.176494,2,650.655764
-2.362164,3,650.681953
-0.062131,1,650.691954
-2.294304,3,650.715234
-3.378466,4,650.755359
-2.289466,3,650.785944
-2.315081,3,650.811218
-2.339435,3,650.84364
-1.125047,2,650.867709
-2.222301,3,650.894708
-2.270411,3,650.92791
-0.045025,1,650.935907
-0.042613,1,650.947908
-2.303827,3,650.975414
-2.315121,3,651.002413
-2.355278,3,651.030663
-2.309291,3,651.067143
-2.322893,3,651.096143
-0.058687,1,651.106143
-2.324138,3,651.131143
-1.135564,2,651.151143
-1.147462,2,651.168143
-2.337722,3,651.192143
-3.452272,4,651.225142
-0.045635,1,651.242145
-0.047266,1,651.250288
-2.270413,3,651.275348
-3.437297,4,651.307348
-2.23919,3,651.338543
-2.227374,3,651.362614
-2.308275,3,651.386733
-2.23702,3,651.410959
-0.02821,1,651.421959
-2.283146,3,651.450958
-0.057707,1,651.460107
-2.30773,3,651.491333
-2.305212,3,651.521333
-3.374084,4,651.560332
-1.1603,2,651.576471
-2.249049,3,651.605469
-3.323809,4,651.64847
-2.35714,3,651.673469
-3.427597,4,651.704769
-3.398119,4,651.736174
-2.303722,3,651.766308
-0.0304,1,651.775308
-1.179275,2,651.794308
-2.234146,3,651.823587
-0.050182,1,651.835589
-1.135307,2,651.851587
-3.458812,4,651.886693
-1.104731,2,651.902693
-0.038805,1,651.914758
-3.467111,4,651.946987
-2.210617,3,651.969986
-3.407295,4,652.003986
-2.34834,3,652.033986
-2.326318,3,652.057987
-2.258017,3,652.081988
-1.153403,2,652.107901
-2.303279,3,652.135902
-1.139693,2,652.158138
-1.126743,2,652.178135
-3.452528,4,652.215207
-2.257746,3,652.248338
-1.120344,2,652.265337
-2.350106,3,652.289486
-1.158272,2,652.306486
-3.401208,4,652.343565
-3.403217,4,652.380813
-1.130105,2,652.396812
-2.328573,3,652.421812
-1.175918,2,652.442972
-2.351574,3,652.468973
-2.261293,3,652.503038
-2.295407,3,652.528035
-2.268023,3,652.557193
-2.291619,3,652.581486
-2.246818,3,652.604487
-3.424525,4,652.643487
-3.387871,4,652.680626
-3.415297,4,652.712103
-3.410917,4,652.74535
-2.324083,3,652.770447
-1.139026,2,652.790648
-3.472307,4,652.823887
-0.075661,1,652.831887
-1.160016,2,652.849091
-2.310187,3,652.878091
-2.272014,3,652.902203
-0.050029,1,652.912205
-2.313471,3,652.936203
-3.377028,4,652.974203
-1.113764,2,652.998205
-2.268506,3,653.031508
-2.323077,3,653.055654
-1.161011,2,653.079657
-3.397778,4,653.11477
-2.312787,3,653.141142
-1.103876,2,653.157142
-1.123898,2,653.176142
-3.39944,4,653.214345
-2.208599,3,653.240335
-1.168177,2,653.258337
-0.071217,1,653.269336
-0.073107,1,653.281335
-3.361687,4,653.321336
-3.434074,4,653.367512
-2.305717,3,653.395798
-2.302822,3,653.421798
-0.063675,1,653.430798
-2.252331,3,653.453798
-2.311824,3,653.490798
-3.360377,4,653.524798
-2.31003,3,653.549798
-3.407769,4,653.58087
-2.247017,3,653.608871
-1.137068,2,653.62587
-1.117274,2,653.644928
-1.18085,2,653.661108
-2.259061,3,653.69211
-2.249245,3,653.715107
-0.05152,1,653.723107
-2.256855,3,653.751214
-2.327521,3,653.782594
-0.044716,1,653.796594
-3.437575,4,653.831665
-1.147369,2,653.848884
-2.24338,3,653.877239
-2.302488,3,653.900479
-2.329067,3,653.924479
-3.412829,4,653.958605
-1.189484,2,653.978605
-1.174852,2,653.994725
-1.119737,2,654.011724
-3.369357,4,654.042725
-1.113565,2,654.064725
-1.104485,2,654.081725
-0.061919,1,654.090725
-1.124322,2,654.107816
-3.325005,4,654.147816
-2.262529,3,654.177816
-2.326846,3,654.203816
-2.226628,3,654.232193
-2.221287,3,654.260257
-1.19239,2,654.278387
-2.24935,3,654.30359
-2.288743,3,654.327911
-1.142587,2,654.347977
-2.351438,3,654.373981
-1.157922,2,654.395593
-1.121177,2,654.418735
-3.35527,4,654.462735
-1.136365,2,654.486736
-1.172417,2,654.512735
-1.165513,2,654.534735
-2.290949,3,654.568735
-2.232176,3,654.596735
-2.2669,3,654.631882
-3.38922,4,654.671569
-1.170666,2,654.694568
-1.111305,2,654.716568
-2.289977,3,654.747635
-0.048381,1,654.756636
-2.271434,3,654.78782
-1.19198,2,654.80682
-0.052809,1,654.81582
-2.289467,3,654.845881
-1.114149,2,654.870267
-3.441074,4,654.907267
-1.16504,2,654.931266
-2.313821,3,654.962349
-2.25535,3,654.997348
-2.23436,3,655.023348
-1.119343,2,655.040347
-0.071464,1,655.048347
-0.054663,1,655.061448
-2.240305,3,655.085601
-2.233002,3,655.109601
-0.04497,1,655.117601
-2.227938,3,655.148604
-2.294254,3,655.174601
-1.126448,2,655.192602
-1.178921,2,655.207865
-0.035167,1,655.219865
-2.249845,3,655.248867
-0.061579,1,655.258865
-1.137046,2,655.275865
-2.336209,3,655.305068
-1.159585,2,655.321065
-3.393752,4,655.353224
-3.429299,4,655.387351
-3.364575,4,655.425539
-0.045281,1,655.433538
-2.252292,3,655.457539
-2.269856,3,655.48454
-3.382401,4,655.534164
-3.407792,4,655.568165
-1.145997,2,655.589164
-3.369387,4,655.631234
-2.234136,3,655.667235
-2.30645,3,655.692233
-1.155844,2,655.710524
-3.36761,4,655.742895
-0.047394,1,655.753959
-2.20976,3,655.779065
-3.371029,4,655.813066
-2.25966,3,655.837337
-3.418119,4,655.881423
-2.318729,3,655.915531
-3.438089,4,655.953877
-1.172777,2,655.971217
-2.338615,3,656.000302
-0.057619,1,656.011304
-2.327848,3,656.037302
-3.455243,4,656.070696
-1.115647,2,656.090762
-2.252337,3,656.114762
-1.132917,2,656.131943
-0.049344,1,656.140942
-1.150884,2,656.162039
-0.068479,1,656.171039
-3.476287,4,656.211219
-2.286486,3,656.235287
-3.465168,4,656.27335
-2.301374,3,656.297901
-2.280527,3,656.3259
-1.161848,2,656.3419
-3.3558,4,656.381024
-1.142725,2,656.397024
-1.122286,2,656.41323
-2.252921,3,656.43723
-2.277141,3,656.467301
-3.364536,4,656.5063
-2.24006,3,656.53437
-3.359725,4,656.56656
-3.43576,4,656.605247
-0.028034,1,656.613245
-2.358356,3,656.637355
-0.066379,1,656.646355
-2.235563,3,656.689866
-1.162502,2,656.706918
-2.253197,3,656.738921
-0.054405,1,656.750919
-3.482911,4,656.795055
-1.1907,2,656.813055
-0.065185,1,656.821332
-2.318009,3,656.845463
-3.421415,4,656.881721
-2.207129,3,656.90772
-1.117764,2,656.92988
-1.102869,2,656.947067
-0.053043,1,656.958068
-3.421224,4,656.991068
-1.127911,2,657.008067
-1.132071,2,657.033165
-0.031764,1,657.044163
-2.354141,3,657.076262
-3.453722,4,657.114259
-2.274329,3,657.141374
-2.279097,3,657.171549
-2.308436,3,657.197549
-3.453389,4,657.231549
-2.293589,3,657.259873
-2.253704,3,657.291119
-2.224083,3,657.319205
-2.222274,3,657.35056
-0.038866,1,657.360728
-2.395786,3,657.389797
-3.365477,4,657.421854
-1.185799,2,657.437979
-2.34844,3,657.463099
-2.296631,3,657.498098
-1.154662,2,657.521102
-2.247477,3,657.545098
-0.053071,1,657.553098
-2.215188,3,657.586296
-3.394008,4,657.620437
-2.284788,3,657.645437
-0.068141,1,657.654515
-1.140155,2,657.677606
-3.415587,4,657.711985
-1.162297,2,657.729986
-3.432511,4,657.767985
-2.236746,3,657.801745
-1.154377,2,657.820984
-1.15788,2,657.841371
-1.119887,2,657.857537
-3.461512,4,657.901042
-2.333816,3,657.925041
-0.056102,1,657.934041
-3.389767,4,657.966159
-3.453763,4,658.004524
-0.035819,1,658.013524
-0.062581,1,658.024527
-2.316119,3,658.051524
-0.065866,1,658.064624
-3.394593,4,658.100329
-1.138959,2,658.12433
-2.233789,3,658.16073
-2.231215,3,658.192731
-2.30629,3,658.222894
-0.069297,1,658.235894
-2.286632,3,658.26598
-2.255269,3,658.29398
-2.203953,3,658.325116
-2.303222,3,658.35646
-2.317146,3,658.384526
-0.057897,1,658.395663
-1.152682,2,658.413846
-3.38424,4,658.447056
-3.436034,4,658.483278
-2.313691,3,658.520367
-1.190774,2,658.540365
-0.062969,1,658.550365
-0.025977,1,658.558365
-3.413841,4,658.597364
-3.470984,4,658.635522
-1.108853,2,658.657724
-3.485333,4,658.690801
-0.038066,1,658.702914
-2.316209,3,658.731174
-2.278856,3,658.757243
-2.324746,3,658.786326
-0.073792,1,658.798325
-2.265814,3,658.827612
-2.355816,3,658.863891
-2.294649,3,658.894972
-2.276628,3,658.924732
-2.269709,3,658.953824
-2.2188,3,658.984317
-3.344235,4,659.02432
-2.322252,3,659.059482
-2.287163,3,659.082661
-3.428653,4,659.117038
-2.339784,3,659.141109
-2.303946,3,659.170223
-2.313113,3,659.194325
-2.266188,3,659.223799
-0.048722,1,659.232798
-3.490472,4,659.269883
-1.177654,2,659.291124
-2.289582,3,659.320353
-2.293217,3,659.346353
-2.248336,3,659.376418
-0.070121,1,659.38447
-2.254918,3,659.408722
-3.453672,4,659.442366
-2.247674,3,659.471495
-0.038101,1,659.479495
-1.180355,2,659.496554
-2.306986,3,659.529624
-3.465017,4,659.565624
-3.36177,4,659.597624
-1.154978,2,659.615624
-0.071378,1,659.624624
-2.23737,3,659.654624
-1.167236,2,659.671724
-2.226378,3,659.703923
-2.332663,3,659.735226
-2.290147,3,659.768682
-2.340221,3,659.793682
-1.139793,2,659.810835
-1.177903,2,659.827188
-2.210965,3,659.856266
-1.148651,2,659.872674
-3.441784,4,659.908025
-0.072235,1,659.920025
-2.268243,3,659.950025
-0.061741,1,659.958025
-2.238751,3,659.987229
-2.346901,3,660.014228
-1.172568,2,660.03523
-3.468832,4,660.072845
-2.355588,3,660.10198
-3.472614,4,660.136982
-1.176989,2,660.161982
-0.051011,1,660.17198
-3.381115,4,660.20698
-2.318115,3,660.234981
-0.054721,1,660.24598
-2.234175,3,660.271113
-1.137836,2,660.289112
-1.159261,2,660.305113
-2.246746,3,660.336113
-2.218937,3,660.360112
-2.289805,3,660.386379
-2.242518,3,660.41562
-2.28996,3,660.44362
-2.308387,3,660.46762
-1.167864,2,660.483621
-2.252119,3,660.50662
-0.055078,1,660.52275
-2.304427,3,660.55275
-2.298245,3,660.585751
-1.162639,2,660.601868
-2.295037,3,660.632049
-3.46934,4,660.672048
-3.568011,4,660.70705
-3.370122,4,660.746049
-3.394413,4,660.783111
-2.279033,3,660.810472
-0.051149,1,660.819584
-2.312674,3,660.846025
-2.223656,3,660.875091
-1.154437,2,660.891243
-3.355663,4,660.924789
-2.316719,3,660.950892
-2.298501,3,660.979892
-2.337994,3,661.003892
-0.032852,1,661.011893
-2.22932,3,661.035892
-2.331591,3,661.064892
-2.247493,3,661.091894
-3.36123,4,661.13034
-3.409633,4,661.162402
-1.112638,2,661.184791
-2.242332,3,661.213382
-2.247187,3,661.239382
-3.38405,4,661.271382
-3.433702,4,661.319381
-1.158052,2,661.335382
-1.1535,2,661.351796
-2.28406,3,661.379171
-1.173853,2,661.426234
-0.070079,1,661.434309
-3.392095,4,661.469533
-2.245513,3,661.495533
-3.461313,4,661.540799
-1.144115,2,661.559801
-1.145088,2,661.5768
-2.331521,3,661.605971
-2.338239,3,661.635972
-3.387965,4,661.682385
-0.0626,1,661.696386
-2.250204,3,661.727592
-2.283201,3,661.756917
-3.452458,4,661.788916
-2.380977,3,661.822257
-2.248993,3,661.846468
-2.284436,3,661.879615
-3.482189,4,661.910615
-0.034053,1,661.919615
-0.051191,1,661.927615
-2.330299,3,661.956689
-2.231167,3,661.981689
-2.296676,3,662.011322
-3.411807,4,662.044323
-3.41782,4,662.080322
-2.3147,3,662.104675
-2.333424,3,662.127674
-0.053963,1,662.137926
-1.13758,2,662.164058
-2.336183,3,662.191056
-2.289707,3,662.218057
-1.184372,2,662.235055
-1.17377,2,662.259107
-2.280705,3,662.285191
-2.2921,3,662.309464
-2.286651,3,662.33597
-1.142892,2,662.359171
-2.302446,3,662.385252
-2.243747,3,662.417746
-2.303165,3,662.44388
-2.28057,3,662.474025
-3.519633,4,662.508348
-2.25324,3,662.54342
-3.354649,4,662.576651
-2.276225,3,662.607651
-3.413123,4,662.639779
-2.343688,3,662.664068
-0.067028,1,662.672194
-2.257809,3,662.70226
-3.351618,4,662.73553
-3.4902,4,662.767637
-1.141212,2,662.783636
-1.099405,2,662.803636
-3.449733,4,662.838636
-2.31607,3,662.862637
-1.169881,2,662.881772
-3.476589,4,662.920893
-3.468572,4,662.953439
-3.42449,4,662.985439
-2.248409,3,663.008759
-2.245581,3,663.041762
-0.044905,1,663.052759
-1.172204,2,663.06876
-3.338525,4,663.099941
-1.156722,2,663.120941
-1.136172,2,663.137941
-1.190378,2,663.154941
-0.047421,1,663.163941
-2.264283,3,663.191942
-3.391936,4,663.223941
-1.157999,2,663.240941
-2.367965,3,663.266035
-2.305897,3,663.294121
-2.309698,3,663.317121
-2.317293,3,663.3423
-3.360102,4,663.376396
-3.382711,4,663.413396
-1.161417,2,663.434628
-3.355418,4,663.471353
-1.192362,2,663.488647
-2.251853,3,663.516647
-2.259408,3,663.550703
-1.122395,2,663.570703
-2.236105,3,663.597861
-2.235268,3,663.626862
-3.508024,4,663.65813
-2.228875,3,663.68313
-3.456078,4,663.72213
-2.254585,3,663.759133
-3.498935,4,663.796507
-2.319611,3,663.822507
-1.122132,2,663.840508
-1.189723,2,663.861506
-2.241809,3,663.887571
-2.239669,3,663.91457
-0.0214,1,663.92357
-2.24916,3,663.95557
-2.233053,3,663.979701
-0.041217,1,663.987701
-2.286964,3,664.016828
-1.130769,2,664.040827
-3.420666,4,664.079893
-2.325978,3,664.111893
-0.057302,1,664.123894
-1.154863,2,664.150894
-1.136307,2,664.169894
-3.377024,4,664.209097
-2.311898,3,664.245249
-2.314939,3,664.277403
-2.318027,3,664.307402
-1.141144,2,664.327677
-2.363051,3,664.36079
-3.479095,4,664.407911
-1.141028,2,664.427233
-2.255983,3,664.455233
-3.402564,4,664.490429
-0.042174,1,664.503429
-2.312199,3,664.529429
-2.303083,3,664.564429
-3.419105,4,664.601688
-0.06952,1,664.617193
-2.200811,3,664.646311
-2.292714,3,664.676379
-2.291192,3,664.711379
-1.141627,2,664.737554
-2.337424,3,664.769552
-1.125566,2,664.787697
-2.260505,3,664.815771
-0.022758,1,664.830771
-3.372765,4,664.868063
-2.266331,3,664.902156
-2.252752,3,664.934456
-2.29964,3,664.971783
-3.492478,4,665.011189
-3.375644,4,665.067294
-2.240842,3,665.095295
-2.325962,3,665.131386
-2.293117,3,665.160386
-2.29097,3,665.190386
-2.255853,3,665.221386
-3.464311,4,665.268659
-3.374521,4,665.311966
-1.171677,2,665.337093
-1.163238,2,665.356093
-2.24259,3,665.393527
-3.427228,4,665.443889
-2.223554,3,665.504688
-0.066084,1,665.532689
-1.177781,2,665.573688
-2.256716,3,665.619687
-2.312445,3,665.667687
-3.346801,4,665.730894
-2.295965,3,665.772471
-3.357756,4,665.813471
-3.52941,4,665.864582
-3.431291,4,665.916681
-2.293784,3,665.960218
-2.292022,3,665.992318
-1.165869,2,666.012319
-2.212257,3,666.040558
-1.186441,2,666.065559
-2.236174,3,666.096559
-3.482956,4,666.133559
-0.061003,1,666.144562
-1.167802,2,666.166773
-1.171663,2,666.184772
-2.23706,3,666.211772
-2.248135,3,666.235772
-1.180156,2,666.260865
-1.151677,2,666.289865
-0.066273,1,666.305865
-2.319993,3,666.334048
-0.065555,1,666.346048
-2.310671,3,666.372105
-2.223676,3,666.39519
-2.273308,3,666.42119
-2.247409,3,666.450287
-2.23123,3,666.482795
-2.331678,3,666.514066
-0.067085,1,666.525066
-2.316373,3,666.558066
-3.351884,4,666.597067
-1.177552,2,666.615065
-2.293955,3,666.645066
-2.299714,3,666.678518
-3.444058,4,666.717895
-1.112652,2,666.734895
-3.398901,4,666.777895
-3.433176,4,666.824186
-1.123061,2,666.842184
-3.396955,4,666.884186
-2.305831,3,666.912996
-0.028826,1,666.926078
-3.401075,4,666.967221
-2.200837,3,667.000782
-1.176026,2,667.019873
-2.305757,3,667.053269
-1.178813,2,667.072429
-3.445332,4,667.11343
-1.132431,2,667.131688
-2.245957,3,667.165876
-0.043982,1,667.175877
-1.116387,2,667.195877
-2.287547,3,667.225876
-2.258769,3,667.262949
-0.023171,1,667.272949
-2.365577,3,667.304024
-0.056467,1,667.314025
-3.393435,4,667.376028
-1.119403,2,667.397025
-2.244842,3,667.42915
-2.315257,3,667.459308
-3.486069,4,667.505404
-0.071861,1,667.513405
-1.146207,2,667.532405
-2.300282,3,667.570405
-3.432687,4,667.615404
-2.316025,3,667.642405
-3.429382,4,667.675681
-1.182716,2,667.691757
-2.286777,3,667.720759
-3.505489,4,667.753757
-1.160558,2,667.771758
-2.246821,3,667.796758
-3.405809,4,667.834759
-1.187978,2,667.853757
-0.05898,1,667.862758
-3.451791,4,667.897856
-3.455048,4,667.938394
-1.157679,2,667.957395
-1.117121,2,667.975395
-3.47218,4,668.010529
-1.166511,2,668.03804
-2.27038,3,668.069039
-2.266124,3,668.09804
-2.267715,3,668.125039
-1.12571,2,668.148039
-2.342497,3,668.17904
-2.290278,3,668.209039
-2.310046,3,668.238376
-1.112686,2,668.266377
-1.167481,2,668.288377
-0.074932,1,668.299376
-2.31946,3,668.329376
-2.274609,3,668.36149
-0.032562,1,668.37049
-1.152713,2,668.39249
-1.126539,2,668.416492
-1.191253,2,668.435591
-1.184365,2,668.452665
-1.165265,2,668.469746
-2.286264,3,668.496744
-3.352037,4,668.537745
-2.21298,3,668.561152
-3.444572,4,668.602228
-0.052491,1,668.614227
-2.25727,3,668.642227
-0.064555,1,668.651227
-1.137493,2,668.672395
-1.165899,2,668.692393
-2.330245,3,668.734392
-2.255506,3,668.758479
-2.340863,3,668.783758
-2.348653,3,668.806929
-2.286859,3,668.835933
-2.308758,3,668.864928
-0.0463,1,668.873928
-3.447603,4,668.911571
-2.298153,3,668.951739
-3.418495,4,668.99414
-1.185259,2,669.011447
-2.267512,3,669.037448
-1.147296,2,669.062449
-3.324267,4,669.101447
-2.270009,3,669.125557
-2.221167,3,669.150557
-1.150671,2,669.173561
-2.270196,3,669.208313
-3.381627,4,669.242314
-3.44954,4,669.277313
-2.253489,3,669.311313
-2.307843,3,669.33966
-0.063963,1,669.347661
-1.180717,2,669.364661
-3.489019,4,669.407736
-2.240116,3,669.434735
-2.365468,3,669.458133
-3.336643,4,669.492131
-2.259781,3,669.521132
-3.37642,4,669.554426
-2.343561,3,669.58255
-2.35165,3,669.611553
-0.029036,1,669.62855
-3.329831,4,669.665619
-2.245224,3,669.695617
-0.040194,1,669.706617
-1.159579,2,669.732618
-2.254467,3,669.764816
-2.212216,3,669.792998
-2.284733,3,669.820999
-1.165269,2,669.854998
-2.273006,3,669.882998
-0.047445,1,669.891999
-2.255476,3,669.921998
-2.350972,3,669.956998
-3.423725,4,669.999492
-1.111477,2,670.016492
-3.360131,4,670.051492
-2.229108,3,670.084495
-3.403386,4,670.117491
-1.133057,2,670.134492
-3.35448,4,670.170492
-2.296185,3,670.200668
-3.5294,4,670.237668
-2.318737,3,670.269669
-3.410853,4,670.304668
-2.281938,3,670.340669
-2.348945,3,670.367293
-2.284827,3,670.39634
-2.286964,3,670.423497
-2.284628,3,670.457567
-3.492518,4,670.504764
-2.337445,3,670.532101
-2.218291,3,670.558548
-3.449171,4,670.60593
-0.056624,1,670.61493
-0.047196,1,670.625932
-2.240464,3,670.664931
-2.282239,3,670.701931
-2.260411,3,670.730062
-3.401552,4,670.769062
-2.286511,3,670.797061
-3.35606,4,670.837062
-3.488766,4,670.877175
-1.136661,2,670.894176
-3.502307,4,670.928527
-2.24486,3,670.961886
-2.233486,3,670.991136
-2.212703,3,671.033872
-2.294373,3,671.101125
-1.157055,2,671.142612
-2.292239,3,671.184612
-0.056789,1,671.199613
-2.280597,3,671.244892
-0.0523,1,671.261892
-3.406131,4,671.311994
-2.219879,3,671.349211
-2.351573,3,671.387582
-0.034884,1,671.404583
-2.280653,3,671.439775
-0.028564,1,671.453904
-2.285554,3,671.485171
-0.034381,1,671.497171
-3.448673,4,671.535798
-1.158304,2,671.552035
-1.118395,2,671.576363
-2.250472,3,671.620559
-2.294352,3,671.657491
-2.302507,3,671.689964
-2.336681,3,671.722124
-1.138943,2,671.752125
-2.260688,3,671.802125
-2.32453,3,671.843224
-0.02144,1,671.856394
-1.121717,2,671.881764
-2.296046,3,671.911764
-0.058852,1,671.922765
-2.286204,3,671.961766
-1.154334,2,671.991994
-0.040416,1,672.011995
-1.108084,2,672.035994
-3.346401,4,672.087047
-2.26476,3,672.125046
-3.424517,4,672.163383
-3.488772,4,672.202383
-3.530068,4,672.244548
-1.114048,2,672.269548
-0.072734,1,672.279547
-0.046721,1,672.290547
-2.282038,3,672.323549
-3.39122,4,672.369548
-2.276455,3,672.396547
-2.218195,3,672.428548
-0.040092,1,672.439547
-3.363511,4,672.493603
-2.268169,3,672.534929
-2.218512,3,672.571254
-2.232924,3,672.608254
-0.058965,1,672.626255
-1.167044,2,672.652258
-2.350067,3,672.689768
-3.418288,4,672.730767
-1.13616,2,672.756768
-2.283063,3,672.783767
-2.327773,3,672.8081
-3.367312,4,672.8441
-2.353532,3,672.8741
-2.285344,3,672.902224
-2.265807,3,672.939223
-0.073241,1,672.948223
-3.416387,4,672.992225
-0.0691,1,673.002223
-3.388184,4,673.044224
-2.317221,3,673.072223
-1.117145,2,673.098224
-2.325331,3,673.125224
-2.279232,3,673.151441
-3.510708,4,673.18544
-3.455514,4,673.226441
-2.295649,3,673.255696
-0.05573,1,673.264696
-2.318736,3,673.288831
-2.28247,3,673.320832
-3.340142,4,673.358834
-2.364031,3,673.382831
-1.152021,2,673.397984
-0.053866,1,673.409984
-3.465477,4,673.454192
-0.064712,1,673.462304
-1.107269,2,673.47756
-2.259485,3,673.509647
-0.064715,1,673.517648
-2.311915,3,673.543799
-1.182894,2,673.559799
-2.247762,3,673.588242
-0.052384,1,673.596241
-3.432077,4,673.652453
-2.270109,3,673.715163
-1.120766,2,673.756281
-2.278716,3,673.800927
-1.135143,2,673.830927
-2.247173,3,673.876927
-2.257013,3,673.922926
-3.411452,4,673.970999
-2.360511,3,674.012252
-2.275707,3,674.047589
-0.06968,1,674.063589
-2.283385,3,674.091941
-2.332615,3,674.120124
-2.287094,3,674.151125
-1.173271,2,674.174123
-1.14278,2,674.196125
-3.390463,4,674.239124
-2.248662,3,674.267125
-1.132713,2,674.293124
-2.236342,3,674.332197
-2.271458,3,674.362195
-2.344911,3,674.386267
-2.348547,3,674.416428
-1.182621,2,674.433428
-2.2595,3,674.462428
-2.29506,3,674.485428
-3.503104,4,674.53168
-0.021807,1,674.539681
-2.292778,3,674.56375
-3.385631,4,674.59775
-2.274846,3,674.636751
-0.064276,1,674.64875
-1.175332,2,674.668914
-3.439359,4,674.701911
-2.305828,3,674.73097
-1.138405,2,674.748165
-3.354627,4,674.780383
-1.128698,2,674.796694
-3.436067,4,674.836694
-3.355737,4,674.870694
-3.40997,4,674.901693
-1.145967,2,674.917693
-3.374521,4,674.955774
-3.376774,4,674.998434
-2.297585,3,675.023435
-0.036177,1,675.031434
-2.321688,3,675.065434
-1.11939,2,675.083435
-1.107241,2,675.099435
-1.176242,2,675.115435
-1.185628,2,675.138437
-0.06222,1,675.147435
-2.328754,3,675.175435
-2.283869,3,675.205541
-2.304147,3,675.23454
-2.281795,3,675.25954
-1.130834,2,675.27654
-1.172983,2,675.292668
-0.068578,1,675.304668
-1.14238,2,675.322668
-0.072963,1,675.330668
-1.171879,2,675.346668
-1.140276,2,675.368832
-0.071659,1,675.377833
-2.259905,3,675.403832
-0.058438,1,675.411833
-2.360078,3,675.439832
-2.257862,3,675.468832
-3.433574,4,675.511835
-1.170264,2,675.532071
-2.213337,3,675.560245
-3.403472,4,675.591245
-2.277688,3,675.625449
-1.122659,2,675.645449
-0.069254,1,675.657449
-1.163246,2,675.679449
-0.066042,1,675.689449
-2.294689,3,675.715449
-0.0583,1,675.728449
-2.367942,3,675.752449
-2.283366,3,675.780449
-2.271,3,675.803449
-1.148843,2,675.823523
-2.285799,3,675.848614
-3.515966,4,675.886845
-2.284008,3,675.914844
-1.185925,2,675.935914
-0.055906,1,675.94399
-0.059657,1,675.951991
-2.242895,3,675.977991
-2.263383,3,676.00599
-2.227917,3,676.02999
-2.272176,3,676.057991
-2.215986,3,676.086991
-3.39512,4,676.1335
-2.30439,3,676.163501
-1.147851,2,676.1855
-3.445014,4,676.2305
-0.057529,1,676.2425
-3.375962,4,676.27765
-2.254806,3,676.304924
-3.411611,4,676.338064
-2.25579,3,676.367063
-3.392396,4,676.401234
-3.357483,4,676.433309
-2.278925,3,676.456309
-3.40678,4,676.501368
-1.162758,2,676.525368
-2.245189,3,676.55447
-2.313572,3,676.5847
-0.033622,1,676.599698
-2.233697,3,676.63475
-0.078132,1,676.645751
-0.04525,1,676.654751
-1.144657,2,676.67575
-2.340309,3,676.705753
-1.134567,2,676.723753
-3.418869,4,676.755966
-1.160721,2,676.775969
-3.464432,4,676.820244
-2.200614,3,676.852242
-2.253988,3,676.876242
-2.276002,3,676.90555
-3.535935,4,676.938632
-3.353454,4,676.970706
-2.284107,3,676.994801
-3.527798,4,677.032988
-2.304366,3,677.058987
-2.219219,3,677.084987
-2.338624,3,677.110987
-2.270212,3,677.142987
-2.276132,3,677.167988
-1.141424,2,677.184987
-1.196439,2,677.201126
-2.331995,3,677.232125
-1.146997,2,677.24829
-3.427074,4,677.285794
-1.124096,2,677.302794
-3.432744,4,677.342061
-2.333375,3,677.369251
-2.28407,3,677.395252
-0.06857,1,677.403251
-1.116454,2,677.428252
-2.336093,3,677.452432
-3.466076,4,677.485568
-1.142972,2,677.504568
-2.312696,3,677.532567
-1.130791,2,677.548568
-3.38496,4,677.581019
-2.286692,3,677.605116
-1.109414,2,677.631372
-1.166588,2,677.655372
-3.408705,4,677.689628
-2.294343,3,677.720629
-1.164359,2,677.790067
-3.413167,4,677.856383
-2.209386,3,677.897512
-1.127872,2,677.920512
-2.287486,3,677.956705
-3.446253,4,677.998201
-2.246066,3,678.033202
-2.310109,3,678.070375
-1.167781,2,678.097546
-1.146697,2,678.11773
-3.45432,4,678.15173
-2.309399,3,678.175835
-3.399388,4,678.215834
-2.336684,3,678.241046
-2.247584,3,678.266047
-2.31473,3,678.294046
-3.425237,4,678.336047
-3.423431,4,678.380047
-1.121704,2,678.399048
-2.261218,3,678.426551
-3.451639,4,678.474659
-2.311371,3,678.50185
-0.06846,1,678.51185
-3.352416,4,678.556
-2.295948,3,678.585996
-2.307812,3,678.610296
-1.169883,2,678.63242
-2.206436,3,678.660668
-0.06469,1,678.673791
-2.253403,3,678.698792
-2.320101,3,678.726792
-3.409258,4,678.76092
-0.060309,1,678.773
-3.423148,4,678.810178
-2.341384,3,678.834176
-3.378278,4,678.869177
-2.200278,3,678.900176
-2.239265,3,678.931179
-0.051198,1,678.941176
-2.255437,3,678.965176
-2.265561,3,678.994176
-1.100348,2,679.012176
-2.3055,3,679.037177
-0.025694,1,679.045177
-2.270401,3,679.074176
-0.038544,1,679.082176
-0.050568,1,679.090313
-2.27794,3,679.114658
-2.333192,3,679.145658
-2.28644,3,679.170724
-1.16717,2,679.1859
-2.330054,3,679.211241
-3.379877,4,679.250241
-2.284004,3,679.274241
-1.182582,2,679.290241
-1.179326,2,679.306241
-2.240823,3,679.342317
-2.329107,3,679.366317
-1.170574,2,679.383317
-2.240133,3,679.406317
-0.058245,1,679.417399
-2.331369,3,679.4444
-1.1796,2,679.4614
-2.2597,3,679.485465
-2.292888,3,679.516507
-2.332968,3,679.541624
-2.259103,3,679.578139
-2.247375,3,679.607625
-1.186288,2,679.635978
-0.043746,1,679.649066
-3.594423,4,679.683066
-2.232099,3,679.708397
-3.391687,4,679.748468
-1.123182,2,679.766523
-3.455477,4,679.798524
-3.392354,4,679.830598
-3.454153,4,679.868935
-2.251784,3,679.894936
-2.28108,3,679.920935
-2.287645,3,679.947935
-2.25031,3,679.977935
-0.05577,1,679.988936
-2.342911,3,680.015935
-1.107426,2,680.036352
-2.245769,3,680.067353
-1.162467,2,680.084352
-2.374319,3,680.111352
-3.401404,4,680.144595
-2.210352,3,680.173595
-0.062349,1,680.181595
-0.022852,1,680.189596
-2.332158,3,680.217652
-1.154795,2,680.238899
-2.37485,3,680.263899
-2.291651,3,680.287896
-0.055153,1,680.401024
-2.309761,3,680.436021
-2.290201,3,680.461021
-0.064836,1,680.472161
-0.058118,1,680.48416
-0.029098,1,680.49616
-3.430837,4,680.534161
-2.249561,3,680.56616
-2.270061,3,680.594159
-3.438458,4,680.645402
-3.377741,4,680.684744
-2.267727,3,680.70902
-2.248347,3,680.735438
-3.388227,4,680.784951
-2.24347,3,680.811949
-1.165683,2,680.83295
-1.197762,2,680.85195
-2.284226,3,680.88795
-2.304685,3,680.91795
-1.123932,2,680.93495
-1.153841,2,680.95095
-0.058876,1,680.96795
-0.07012,1,680.97695
-1.158318,2,680.994017
-2.250567,3,681.018018
-2.301704,3,681.051223
-3.390204,4,681.084362
-3.409611,4,681.120843
-0.078768,1,681.128842
-2.272326,3,681.156951
-3.481483,4,681.191209
-3.418514,4,681.223365
-1.157416,2,681.239604
-2.220862,3,681.288606
-2.287392,3,681.357604
-2.344728,3,681.402609
-3.433059,4,681.461734
-2.329864,3,681.502734
-2.309676,3,681.54284
-0.046336,1,681.554837
-0.073547,1,681.566988
-2.234236,3,681.610558
-2.261795,3,681.652725
-2.341709,3,681.681918
-1.190191,2,681.696917
-3.419597,4,681.734387
-1.189005,2,681.757389
-1.154284,2,681.773386
-3.463236,4,681.807549
-0.051294,1,681.819549
-2.23947,3,681.846549
-3.401996,4,681.883609
-3.471862,4,681.915661
-2.274842,3,681.947661
-2.242304,3,681.974741
-0.032743,1,681.982741
-2.290838,3,682.008891
-3.409493,4,682.046398
-1.140491,2,682.063398
-2.231834,3,682.088398
-2.216792,3,682.112482
-1.198176,2,682.132482
-0.054596,1,682.140483
-1.136732,2,682.15663
-3.363738,4,682.193689
-2.332086,3,682.222689
-3.383554,4,682.258851
-2.259806,3,682.283849
-2.228904,3,682.309035
-0.05345,1,682.320031
-3.3547,4,682.355033
-1.131586,2,682.371032
-3.45374,4,682.405244
-0.065575,1,682.422244
-2.34071,3,682.451244
-3.494242,4,682.490305
-3.413795,4,682.529304
-2.360733,3,682.563484
-3.493567,4,682.611484
-1.149317,2,682.632609
-1.142483,2,682.6557
-2.302274,3,682.690027
-2.27865,3,682.728436
-3.371075,4,682.769801
-0.061853,1,682.780899
-2.281127,3,682.818194
-3.541977,4,682.862548
-2.33206,3,682.890546
-2.323059,3,682.914806
-2.315035,3,682.943911
-3.424615,4,682.977018
-2.302982,3,683.016018
-3.422831,4,683.066535
-0.025798,1,683.085475
-3.362846,4,683.127883
-0.057893,1,683.136977
-0.044624,1,683.145979
-0.043708,1,683.159107
-0.046776,1,683.170105
-2.284153,3,683.203597
-2.278806,3,683.232961
-2.240353,3,683.275254
-0.054793,1,683.286582
-0.044157,1,683.297583
-2.259772,3,683.328585
-1.155758,2,683.354759
-1.146212,2,683.381758
-2.22949,3,683.415759
-3.428239,4,683.453977
-3.486009,4,683.492976
-3.329043,4,683.527287
-2.259256,3,683.552285
-2.345418,3,683.580285
-3.377304,4,683.623841
-2.342762,3,683.652512
-2.251018,3,683.680992
-3.417314,4,683.724291
-2.239334,3,683.758561
-3.391915,4,683.797627
-3.480341,4,683.841627
-1.106921,2,683.859627
-2.24602,3,683.893628
-2.249118,3,683.922626
-1.188908,2,683.941824
-2.267866,3,683.967038
-2.225051,3,683.997459
-2.289564,3,684.02346
-1.123206,2,684.041461
-3.387528,4,684.074458
-0.055788,1,684.087459
-1.172376,2,684.105458
-3.345683,4,684.140666
-2.280255,3,684.168835
-3.383385,4,684.215834
-3.375178,4,684.255342
-1.139632,2,684.277591
-1.184485,2,684.300592
-2.263751,3,684.337591
-2.239401,3,684.366591
-2.34152,3,684.392591
-1.170648,2,684.409962
-0.06332,1,684.425037
-2.214116,3,684.45209
-2.293794,3,684.477231
-2.262389,3,684.503298
-2.241699,3,684.531773
-0.046045,1,684.541773
-2.265171,3,684.573773
-2.248584,3,684.598774
-2.277321,3,684.629848
-1.137352,2,684.652849
-2.292147,3,684.691848
-2.258675,3,684.718952
-0.053043,1,684.730952
-2.326567,3,684.759099
-0.068173,1,684.767099
-3.390608,4,684.801304
-1.127584,2,684.830304
-1.118924,2,684.853303
-0.057763,1,684.861303
-3.546993,4,684.895304
-2.283377,3,684.927305
-0.03487,1,684.936304
-1.153983,2,684.953304
-0.067028,1,684.962304
-1.166893,2,684.983305
-2.250942,3,685.006413
-2.25607,3,685.035804
-3.423661,4,685.073937
-1.145138,2,685.094936
-0.072127,1,685.104934
-1.136974,2,685.124933
-2.268823,3,685.149934
-1.170362,2,685.176936
-2.236017,3,685.213935
-2.334531,3,685.245936
-3.515702,4,685.280042
-2.322488,3,685.313043
-1.188421,2,685.332042
-2.272973,3,685.365047
-3.35908,4,685.401551
-2.259793,3,685.438671
-3.356189,4,685.482001
-0.052862,1,685.491998
-2.25265,3,685.515998
-2.290279,3,685.547123
-1.154822,2,685.566121
-0.05336,1,685.574121
-1.114807,2,685.593124
-1.18087,2,685.615122
-1.103129,2,685.631121
-3.418866,4,685.676563
-3.350772,4,685.710932
-2.27844,3,685.743063
-2.26108,3,685.767861
-2.264736,3,685.806098
-0.067681,1,685.817095
-0.053494,1,685.836097
-2.248129,3,685.862095
-2.271098,3,685.902499
-3.379509,4,685.933639
-3.406441,4,685.978639
-0.027939,1,685.986638
-2.284929,3,686.011811
-2.383017,3,686.040194
-3.400519,4,686.081194
-1.126172,2,686.098257
-3.420028,4,686.131649
-1.158312,2,686.147649
-3.384065,4,686.184648
-2.267512,3,686.214833
-1.154437,2,686.232102
-1.172811,2,686.248101
-2.32091,3,686.277103
-0.065879,1,686.285101
-2.327892,3,686.311315
-2.3312,3,686.338449
-0.068793,1,686.352452
-3.40488,4,686.390741
-1.115634,2,686.411741
-3.468677,4,686.448402
-0.068657,1,686.461403
-2.250648,3,686.489403
-1.16966,2,686.505406
-2.276566,3,686.536911
-2.36723,3,686.56838
-2.263862,3,686.593382
-3.424892,4,686.632548
-0.050666,1,686.64389
-1.177217,2,686.677042
-0.065149,1,686.688041
-1.162844,2,686.70504
-2.274756,3,686.729388
-3.501789,4,686.774938
-3.367992,4,686.816005
-3.52728,4,686.848006
-2.258929,3,686.875005
-3.402731,4,686.916006
-2.276702,3,686.945137
-1.139862,2,686.960424
-3.480404,4,686.994631
-2.331513,3,687.025632
-3.408339,4,687.057632
-2.3091,3,687.080633
-0.059443,1,687.093633
-2.271495,3,687.12468
-2.269099,3,687.14888
-3.331152,4,687.179965
-3.431642,4,687.215517
-2.243919,3,687.244577
-0.063946,1,687.252578
-2.242549,3,687.276577
-2.236026,3,687.299884
-3.390779,4,687.340197
-2.246797,3,687.364197
-2.258809,3,687.388197
-0.07057,1,687.396197
-0.060295,1,687.408197
-2.280193,3,687.439622
-2.281024,3,687.465619
-2.320602,3,687.489619
-2.278689,3,687.51776
-2.305765,3,687.544865
-2.258783,3,687.567865
-0.079435,1,687.575864
-3.370093,4,687.614867
-2.324786,3,687.647984
-1.175603,2,687.670574
-1.154354,2,687.692575
-2.299351,3,687.725575
-1.127148,2,687.743576
-3.420011,4,687.782766
-1.129846,2,687.800766
-3.340065,4,687.83696
-1.130067,2,687.857157
-3.38154,4,687.895318
-1.207519,2,687.912318
-3.556767,4,687.949317
-1.134811,2,687.968479
-2.275007,3,687.99361
-0.068818,1,688.001609
-1.128709,2,688.021611
-0.036804,1,688.03061
-2.305096,3,688.05461
-1.155259,2,688.072841
-1.127394,2,688.092911
-2.216353,3,688.115911
-1.150804,2,688.131911
-2.268494,3,688.15591
-1.106331,2,688.175053
-0.050645,1,688.186152
-2.292135,3,688.211333
-3.440014,4,688.242503
-2.268712,3,688.274503
-0.020671,1,688.282503
-2.275451,3,688.308676
-3.444335,4,688.357767
-0.078097,1,688.373769
-3.444456,4,688.411765
-2.302264,3,688.435984
-2.226136,3,688.462325
-0.031173,1,688.475326
-0.07247,1,688.487326
-2.345807,3,688.523708
-0.041027,1,688.532838
-2.245052,3,688.566903
-3.395246,4,688.614902
-3.373154,4,688.655903
-2.259671,3,688.682905
-2.284027,3,688.724027
-2.258372,3,688.754179
-2.246263,3,688.777178
-2.272506,3,688.801179
-1.182048,2,688.824687
-2.247981,3,688.855862
-2.213645,3,688.879928
-3.522553,4,688.913928
-2.298821,3,688.950271
-2.259309,3,688.975446
-1.159167,2,688.992443
-1.174981,2,689.008444
-1.139065,2,689.030443
-1.129414,2,689.04854
-1.128591,2,689.066891
-1.107963,2,689.083022
-2.215056,3,689.112022
-1.119251,2,689.130022
-2.274768,3,689.159023
-2.268093,3,689.19338
-1.157016,2,689.216379
-2.258212,3,689.24438
-2.213462,3,689.267682
-2.326372,3,689.299985
-3.46826,4,689.337985
-2.293924,3,689.361985
-2.284743,3,689.389241
-3.584435,4,689.424238
-3.417324,4,689.462238
-1.161345,2,689.47724
-0.054216,1,689.485347
-3.506084,4,689.519503
-1.116739,2,689.539503
-2.304439,3,689.563503
-2.333509,3,689.587585
-3.485952,4,689.624861
-2.210792,3,689.65286
-2.282037,3,689.680858
-1.109226,2,689.69902
-2.299701,3,689.728545
-2.253276,3,689.757621
-3.451083,4,689.789812
-2.291528,3,689.81387
-2.273345,3,689.84029
-1.135095,2,689.866287
-1.160133,2,689.882288
-2.238969,3,689.905287
-1.125284,2,689.921288
-0.06291,1,689.935287
-0.047513,1,689.943449
-2.248115,3,689.967077
-2.253914,3,689.993078
-1.150972,2,690.016081
-2.32455,3,690.046077
-1.161997,2,690.066077
-2.322699,3,690.09008
-2.231538,3,690.119078
-3.439989,4,690.156078
-3.449227,4,690.188307
-2.299669,3,690.211307
-3.434345,4,690.248583
-3.408181,4,690.283859
-2.298951,3,690.309859
-0.056775,1,690.317984
-2.207631,3,690.345984
-2.264443,3,690.376984
-0.063341,1,690.385984
-2.293491,3,690.409984
-1.152379,2,690.429377
-1.112692,2,690.446376
-1.11827,2,690.463486
-0.060337,1,690.471647
-3.381903,4,690.520826
-1.12201,2,690.540825
-2.316745,3,690.570918
-2.229341,3,690.600155
-1.19574,2,690.623316
-2.266754,3,690.653317
-2.283465,3,690.679575
-3.439522,4,690.723281
-2.295414,3,690.751281
-2.289288,3,690.785284
-2.286153,3,690.810679
-3.402438,4,690.850978
-2.235967,3,690.878978
-1.175418,2,690.894978
-1.163109,2,690.909979
-2.275624,3,690.94014
-2.327068,3,690.970139
-1.116238,2,690.986139
-2.218001,3,691.015305
-3.467905,4,691.059374
-3.434975,4,691.108888
-0.024735,1,691.118886
-1.117149,2,691.140887
-1.136968,2,691.165887
-2.246386,3,691.201886
-2.318251,3,691.228962
-3.388296,4,691.265189
-2.28944,3,691.290189
-1.148015,2,691.311188
-2.281632,3,691.335188
-2.257755,3,691.365527
-2.318862,3,691.396527
-1.153447,2,691.417526
-2.32505,3,691.445526
-2.293971,3,691.475765
-2.293929,3,691.500824
-1.162531,2,691.522825
-1.175386,2,691.541824
-3.385808,4,691.582415
-3.488875,4,691.622415
-2.281144,3,691.659415
-3.375378,4,691.698549
-1.182916,2,691.715549
-0.023024,1,691.72455
-3.366218,4,691.766549
-3.397376,4,691.805704
-3.46141,4,691.83989
-3.416036,4,691.886529
-3.330655,4,691.927527
-2.261586,3,691.951525
-3.384233,4,691.986614
-0.072679,1,691.994826
-3.366811,4,692.033322
-1.139053,2,692.050322
-3.4883,4,692.083322
-0.056305,1,692.091322
-2.313409,3,692.12053
-1.184239,2,692.13753
-2.258938,3,692.16453
-2.308248,3,692.188531
-1.152791,2,692.208714
-2.290689,3,692.23522
-3.37425,4,692.268332
-3.361131,4,692.307332
-2.21812,3,692.341623
-2.250175,3,692.367803
-0.059567,1,692.375802
-0.023356,1,692.384803
-1.190361,2,692.404803
-2.214368,3,692.435802
-2.276573,3,692.461803
-1.152085,2,692.479803
-2.214976,3,692.509805
-0.051341,1,692.520805
-1.145446,2,692.536803
-2.293995,3,692.56212
-2.246526,3,692.594263
-1.135946,2,692.610262
-2.241228,3,692.634324
-1.150626,2,692.649324
-0.033805,1,692.663324
-0.051049,1,692.672327
-2.327745,3,692.699406
-1.139935,2,692.722657
-2.307871,3,692.777999
-3.385101,4,692.810998
-3.365697,4,692.842998
-2.248272,3,692.867177
-1.17889,2,692.888648
-3.433313,4,692.92083
-1.167274,2,692.93783
-3.376789,4,692.96983
-0.045351,1,692.984914
-3.477139,4,693.024174
-1.167548,2,693.043177
-1.151001,2,693.063174
-3.439806,4,693.116313
-2.307603,3,693.140312
-0.048421,1,693.148313
-2.327421,3,693.172313
-1.129084,2,693.192429
-2.211779,3,693.224696
-3.451458,4,693.260695
-3.4173,4,693.291695
-2.3473,3,693.323885
-2.347321,3,693.349121
-2.387484,3,693.373629
-3.427199,4,693.411257
-1.170577,2,693.434258
-1.212852,2,693.456256
-3.413314,4,693.500359
-0.063944,1,693.509359
-3.355333,4,693.546423
-2.28131,3,693.571488
-1.151236,2,693.587488
-2.354378,3,693.611488
-1.145683,2,693.630599
-2.281967,3,693.661714
-3.418452,4,693.694714
-2.242975,3,693.724715
-2.284344,3,693.758962
-2.265635,3,693.783028
-2.299214,3,693.807029
-2.310677,3,693.837093
-3.489,4,693.880766
-1.194656,2,693.897767
-2.216801,3,693.921768
-3.376069,4,693.953767
-0.058185,1,693.964955
-2.32697,3,693.992103
-2.279308,3,694.02118
-1.148639,2,694.038181
-1.173137,2,694.05818
-3.434401,4,694.09318
-2.303065,3,694.12118
-2.333525,3,694.14518
-0.039615,1,694.15618
-2.294573,3,694.18118
-3.478279,4,694.222181
-1.138295,2,694.240341
-2.351187,3,694.267981
-2.241374,3,694.29207
-2.254466,3,694.317306
-3.386217,4,694.350382
-3.400298,4,694.387474
-2.29225,3,694.410685
-2.266587,3,694.436926
-2.219002,3,694.461924
-1.162942,2,694.480923
-2.19928,3,694.506487
-2.291527,3,694.540487
-3.417314,4,694.580487
-2.307561,3,694.607627
-1.129921,2,694.623627
-1.165172,2,694.643939
-2.248492,3,694.677173
-3.382844,4,694.724174
-3.409141,4,694.758579
-2.285712,3,694.783695
-3.38065,4,694.824182
-3.390488,4,694.862437
-3.450244,4,694.895437
-1.154498,2,694.91444
-0.0421,1,694.925439
-2.286923,3,694.953438
-0.058812,1,694.962438
-2.277435,3,694.988438
-3.412328,4,695.020438
-2.228039,3,695.05073
-2.235538,3,695.075826
-1.168125,2,695.095827
-3.457535,4,695.131826
-1.131333,2,695.150826
-3.401463,4,695.191826
-0.058783,1,695.199826
-1.184252,2,695.216826
-2.29365,3,695.245826
-3.394031,4,695.276826
-2.327324,3,695.301983
-3.54108,4,695.336082
-2.261638,3,695.367209
-3.419756,4,695.398691
-2.315847,3,695.430691
-2.243076,3,695.454691
-2.321235,3,695.482692
-1.118868,2,695.498692
-2.298868,3,695.531692
-2.256234,3,695.558692
-2.258447,3,695.588691
-2.362129,3,695.615693
-1.176594,2,695.634039
-2.360969,3,695.662039
-3.473176,4,695.702134
-2.287957,3,695.735938
-1.16362,2,695.753938
-2.312693,3,695.778937
-2.324435,3,695.810938
-3.457222,4,695.850064
-1.100055,2,695.867063
-2.251525,3,695.905064
-2.227344,3,695.935146
-1.116068,2,695.954145
-2.328236,3,695.990147
-0.052073,1,696.002146
-1.167626,2,696.025146
-3.518746,4,696.068218
-3.455954,4,696.103218
-2.249859,3,696.129219
-2.305745,3,696.159218
-3.486262,4,696.192218
-2.227628,3,696.216218
-2.27477,3,696.240306
-0.040573,1,696.252306
-2.297264,3,696.27749
-3.3545,4,696.31555
-1.151077,2,696.336548
-3.377939,4,696.371548
-3.523873,4,696.40479
-2.328561,3,696.42979
-2.287258,3,696.457791
-1.113328,2,696.47979
-1.151483,2,696.49679
-2.24634,3,696.527791
-2.316697,3,696.56379
-2.326518,3,696.59779
-0.047042,1,696.60879
-0.0343,1,696.62079
-2.269243,3,696.65079
-1.18773,2,696.674793
-1.138788,2,696.69379
-2.317932,3,696.72879
-1.177622,2,696.752791
-0.019566,1,696.765791
-3.497825,4,696.80379
-2.256314,3,696.828002
-1.1682,2,696.846003
-2.231664,3,696.87557
-0.055752,1,696.885674
-2.337676,3,696.917765
-2.274253,3,696.954958
-0.060211,1,696.970956
-2.328301,3,697.000956
-3.362233,4,697.037956
-0.067159,1,697.049959
-1.168319,2,697.073122
-3.339584,4,697.105479
-2.242009,3,697.129636
-3.421866,4,697.162914
-3.350608,4,697.198913
-3.363623,4,697.230915
-1.144892,2,697.24613
-2.302032,3,697.2716
-0.062859,1,697.283601
-2.220343,3,697.311601
-3.414399,4,697.34888
-2.266463,3,697.379051
-2.27848,3,697.414049
-3.425977,4,697.449049
-3.35696,4,697.48105
-2.251438,3,697.514169
-2.272781,3,697.549167
-2.230322,3,697.58034
-3.420029,4,697.635343
-2.234671,3,697.66034
-2.246124,3,697.68934
-3.437098,4,697.73034
-1.196253,2,697.75134
-2.278003,3,697.778342
-0.067863,1,697.790478
-2.301501,3,697.821966
-2.289512,3,697.846112
-2.284863,3,697.870112
-2.330138,3,697.900244
-3.422852,4,697.934308
-3.342365,4,697.972307
-3.460643,4,698.013419
-3.429857,4,698.059491
-2.290339,3,698.08949
-2.242028,3,698.12057
-2.286073,3,698.150712
-2.299734,3,698.187786
-2.270016,3,698.219784
-2.306338,3,698.246784
-3.427369,4,698.281784
-1.159908,2,698.302785
-3.458971,4,698.334786
-1.150657,2,698.350993
-3.407448,4,698.387318
-3.55522,4,698.429317
-2.293487,3,698.453381
-0.048342,1,698.461643
-0.048813,1,698.470642
-1.125223,2,698.492642
-2.318355,3,698.524645
-3.421612,4,698.559645
-3.501103,4,698.601645
-2.335466,3,698.641644
-1.163072,2,698.665859
-2.272686,3,698.698261
-3.405374,4,698.747262
-3.515217,4,698.790433
-1.144144,2,698.814435
-1.168625,2,698.838434
-0.028531,1,698.850433
-0.055452,1,698.865433
-3.340701,4,698.905563
-1.158263,2,698.925562
-0.070603,1,698.935563
-0.034178,1,698.947562
-2.307509,3,698.972562
-2.334789,3,698.998562
-0.040981,1,699.007562
-3.347898,4,699.04585
-3.34006,4,699.083947
-2.340546,3,699.107288
-0.057555,1,699.115288
-0.049286,1,699.127287
-3.405707,4,699.168798
-2.230411,3,699.196798
-2.26125,3,699.220799
-0.057073,1,699.2358
-2.363683,3,699.268995
-1.187115,2,699.292994
-0.045098,1,699.301994
-2.241068,3,699.340997
-2.288051,3,699.372116
-2.308688,3,699.399117
-2.226909,3,699.425114
-3.357576,4,699.468441
-2.291399,3,699.493508
-1.13631,2,699.510509
-1.13854,2,699.528706
-1.1104,2,699.553877
-1.151443,2,699.576011
-2.296753,3,699.604011
-3.397444,4,699.64301
-1.099407,2,699.663245
-1.122304,2,699.689246
-1.165479,2,699.709246
-2.250706,3,699.743246
-1.180531,2,699.770246
-0.056414,1,699.779246
-3.455874,4,699.815338
-2.316507,3,699.840338
-2.233404,3,699.869587
-2.297959,3,699.894663
-0.061891,1,699.904663
-2.281129,3,699.932772
-3.365631,4,699.976871
-2.208551,3,700.014051
-1.186474,2,700.03705
-1.125956,2,700.059049
-2.25991,3,700.096049
-2.278204,3,700.126171
-0.056616,1,700.13529
-2.297648,3,700.159361
-2.337292,3,700.188361
-3.460725,4,700.220587
-3.407332,4,700.25767
-2.205241,3,700.28367
-1.168077,2,700.305732
-0.02901,1,700.317305
-2.310494,3,700.348306
-2.25519,3,700.375306
-1.153715,2,700.400307
-0.054493,1,700.409305
-0.048126,1,700.418305
-1.168487,2,700.435364
-1.16415,2,700.459362
-2.323633,3,700.486869
-3.46296,4,700.523869
-2.230141,3,700.546868
-2.3251,3,700.57987
-2.274857,3,700.613869
-3.433097,4,700.657868
-2.224639,3,700.689252
-0.050628,1,700.702252
-2.314906,3,700.735392
-2.236315,3,700.769392
-3.343308,4,700.804576
-2.323063,3,700.832576
-2.31129,3,700.866845
-1.127474,2,700.887908
-3.502509,4,700.921016
-2.21137,3,700.954219
-2.339405,3,700.989346
-2.312092,3,701.02058
-2.243424,3,701.048098
-0.05211,1,701.0611
-1.150579,2,701.079101
-1.167931,2,701.096098
-1.121858,2,701.114169
-1.101849,2,701.137285
-2.337878,3,701.161284
-2.23455,3,701.1854
-1.120662,2,701.2014
-2.240545,3,701.236401
-1.205154,2,701.2564
-1.160388,2,701.279401
-2.227671,3,701.309401
-1.174554,2,701.337903
-2.242059,3,701.365902
-2.277339,3,701.39201
-2.339394,3,701.41701
-2.287736,3,701.449666
-3.454151,4,701.48572
-2.274691,3,701.527703
-2.322713,3,701.569704
-1.172507,2,701.594787
-2.233323,3,701.618934
-0.028092,1,701.626934
-1.156983,2,701.646935
-2.250442,3,701.738209
-1.168405,2,701.779319
-0.073766,1,701.796321
-2.349042,3,701.839482
-2.242933,3,701.891945
-3.4046,4,701.945365
-2.276179,3,701.985525
-2.22624,3,702.023526
-2.228194,3,702.064524
-2.221206,3,702.098608
-2.287304,3,702.129608
-1.170716,2,702.145776
-2.284683,3,702.174183
-2.360631,3,702.201183
-2.325236,3,702.225183
-0.074413,1,702.234183
-1.155043,2,702.257256
-3.498596,4,702.29086
-2.239973,3,702.31586
-2.258804,3,702.34086
-0.024121,1,702.35286
-2.39647,3,702.37886
-1.188636,2,702.397861
-1.186099,2,702.41486
-1.107208,2,702.43986
-2.237287,3,702.467129
-2.285501,3,702.498312
-2.308137,3,702.524587
-2.280743,3,702.559587
-2.276944,3,702.582712
-0.074286,1,702.591713
-2.279926,3,702.620322
-2.224914,3,702.65878
-3.421715,4,702.701869
-2.242711,3,702.73187
-1.114803,2,702.75396
-1.157998,2,702.778026
-1.145776,2,702.795025
-3.555824,4,702.828027
-1.112624,2,702.846026
-3.443569,4,702.896178
-2.249739,3,702.927175
-2.272249,3,702.962177
-3.404528,4,703.007366
-2.355336,3,703.037475
-0.02353,1,703.045474
-1.107241,2,703.062475
-2.264493,3,703.088474
-1.181998,2,703.113475
-2.25737,3,703.141599
-2.296623,3,703.184599
-0.07215,1,703.221599
-3.439104,4,703.3016
-3.396102,4,703.363599
-2.226831,3,703.395709
-0.051197,1,703.406711
-3.448597,4,703.45693
-0.072898,1,703.46593
-2.255174,3,703.499931
-2.251488,3,703.542057
-2.238234,3,703.585055
-2.367346,3,703.618055
-3.385167,4,703.654054
-2.232154,3,703.683054
-1.179105,2,703.709187
-2.277315,3,703.748779
-2.341366,3,703.781918
-2.289812,3,703.810094
-2.350853,3,703.846256
-2.27389,3,703.872336
-3.369539,4,703.905451
-3.347055,4,703.938451
-3.432671,4,703.976451
-2.203425,3,704.003452
-1.167899,2,704.021451
-3.410218,4,704.055451
-2.332675,3,704.090451
-0.038745,1,704.100451
-3.41562,4,704.132451
-1.176072,2,704.14875
-2.340568,3,704.184434
-2.280313,3,704.212434
-1.14727,2,704.229437
-2.260839,3,704.253434
-2.294745,3,704.286502
-3.477425,4,704.320502
-1.156257,2,704.336503
-2.301325,3,704.359599
-1.122854,2,704.384719
-3.467129,4,704.426723
-2.28423,3,704.456891
-2.282463,3,704.48489
-1.124345,2,704.509
-1.141601,2,704.529002
-2.339072,3,704.556
-2.261659,3,704.580001
-1.133132,2,704.601
-2.245939,3,704.628001
-2.33925,3,704.657001
-3.374486,4,704.699256
-2.368587,3,704.740257
-1.155954,2,704.763465
-0.057149,1,704.775466
-1.118559,2,704.792465
-1.154953,2,704.815464
-2.319039,3,704.842673
-2.268659,3,704.869945
-2.209449,3,704.899081
-1.133829,2,704.928138
-3.387215,4,704.969234
-2.321643,3,704.992491
-3.424112,4,705.030588
-2.309171,3,705.064586
-1.160926,2,705.081587
-2.283083,3,705.115589
-2.257296,3,705.14883
-2.306111,3,705.188202
-2.332215,3,705.218331
-1.159282,2,705.240329
-2.32164,3,705.272328
-2.271998,3,705.308409
-3.33699,4,705.348543
-3.454712,4,705.396675
-3.444008,4,705.433813
-2.264969,3,705.465913
-3.364761,4,705.501968
-3.424943,4,705.533968
-2.349825,3,705.558969
-3.49374,4,705.600968
-3.453766,4,705.636969
-2.282934,3,705.660032
-3.432835,4,705.693756
-2.235408,3,705.733757
-3.39474,4,705.778756
-3.446236,4,705.818755
-2.297881,3,705.848757
-2.303703,3,705.883758
-3.421799,4,705.928526
-3.395115,4,705.974528
-3.485842,4,706.018581
-2.251213,3,706.054842
-0.018947,1,706.064841
-1.13385,2,706.080844
-1.180951,2,706.099349
-2.293553,3,706.130481
-0.067669,1,706.140481
-1.132794,2,706.157624
-2.312619,3,706.191775
-3.440553,4,706.239774
-3.388413,4,706.284986
-0.037165,1,706.293986
-2.244772,3,706.323987
-2.285297,3,706.357156
-0.066811,1,706.365156
-0.070601,1,706.374219
-2.240612,3,706.400525
-3.401354,4,706.441522
-1.138547,2,706.45659
-2.224107,3,706.483801
-1.122005,2,706.501801
-1.118757,2,706.520854
-1.156355,2,706.537854
-1.104491,2,706.554855
-2.271703,3,706.583177
-0.031555,1,706.595176
-0.0597,1,706.604178
-2.211112,3,706.633178
-1.174886,2,706.659313
-1.136151,2,706.687731
-2.342446,3,706.720729
-2.309645,3,706.754131
-0.019315,1,706.765131
-2.246016,3,706.809131
-3.357262,4,706.854132
-3.422592,4,706.891613
-3.420682,4,706.933763
-3.378192,4,706.984
-3.353079,4,707.022281
-3.334215,4,707.056281
-0.069462,1,707.064281
-2.286726,3,707.094499
-2.264583,3,707.123686
-1.18782,2,707.141683
-2.269636,3,707.176998
-3.481219,4,707.226743
-2.23219,3,707.25593
-2.236227,3,707.280926
-0.046593,1,707.289927
-1.127035,2,707.314927
-2.234562,3,707.359036
-2.311629,3,707.391112
-2.28624,3,707.418373
-1.184876,2,707.443372
-2.281184,3,707.479806
-0.06177,1,707.489805
-1.128114,2,707.508884
-1.129587,2,707.534017
-0.067684,1,707.545017
-2.343206,3,707.578018
-2.349115,3,707.60909
-2.246774,3,707.641089
-2.230892,3,707.666089
-3.440022,4,707.701412
-0.040274,1,707.709413
-3.403949,4,707.754599
-1.10804,2,707.774597
-3.411826,4,707.807597
-2.254049,3,707.831597
-3.459167,4,707.87684
-3.439203,4,707.922355
-2.297748,3,707.952438
-2.302445,3,707.981669
-2.336012,3,708.019842
-2.289757,3,708.047843
-3.424065,4,708.093842
-2.230206,3,708.12401
-2.286477,3,708.153008
-0.046792,1,708.161009
-2.262341,3,708.185009
-1.126339,2,708.201009
-1.171597,2,708.224237
-2.26405,3,708.267239
-2.219083,3,708.349926
-1.165283,2,708.380678
-2.24775,3,708.436922
-2.231977,3,708.47938
-1.115608,2,708.500668
-3.409094,4,708.550054
-1.136495,2,708.582222
-1.112132,2,708.608439
-0.068392,1,708.622438
-2.296092,3,708.661927
-3.514336,4,708.713229
-0.031526,1,708.722229
-1.150356,2,708.750366
-3.479231,4,708.793366
-2.267449,3,708.826366
-1.176153,2,708.844366
-2.243339,3,708.877366
-3.408016,4,708.924367
-1.150429,2,708.952436
-2.303233,3,708.989655
-2.235838,3,709.021945
-1.132669,2,709.038198
-2.3396,3,709.068298
-2.331598,3,709.093298
-0.051489,1,709.101298
-3.52931,4,709.134392
-2.211624,3,709.162391
-3.459602,4,709.196392
-1.145095,2,709.218393
-2.320997,3,709.243392
-3.500813,4,709.285494
-3.505942,4,709.323493
-3.440127,4,709.359493
-1.108992,2,709.377493
-2.333312,3,709.408494
-1.146926,2,709.428494
-0.019433,1,709.439493
-0.068022,1,709.449494
-2.271865,3,709.483595
-3.422298,4,709.529105
-0.067902,1,709.539105
-2.306772,3,709.566104
-1.191645,2,709.588104
-3.43224,4,709.628104
-1.159011,2,709.647105
-0.032546,1,709.657104
-3.34952,4,709.698104
-2.324885,3,709.727104
-2.237396,3,709.765104
-2.289521,3,709.792104
-2.239612,3,709.82318
-1.132631,2,709.84118
-0.055266,1,709.854182
-2.311204,3,709.889181
-2.268552,3,709.923378
-2.263001,3,709.952378
-2.253633,3,709.978378
-1.192082,2,709.995378
-2.313077,3,710.026545
-2.292288,3,710.050545
-0.066503,1,710.059545
-1.174964,2,710.077621
-1.133339,2,710.102621
-1.109288,2,710.122722
-0.061895,1,710.13183
-1.123284,2,710.14883
-2.27277,3,710.17783
-3.373216,4,710.21483
-3.400394,4,710.247214
-1.138596,2,710.263213
-3.360293,4,710.306215
-2.324824,3,710.337214
-1.122359,2,710.3533
-2.337411,3,710.377301
-2.280506,3,710.4073
-2.231257,3,710.436631
-2.265277,3,710.467942
-3.422579,4,710.498942
-2.303445,3,710.529186
-2.220021,3,710.555186
-3.433851,4,710.601357
-1.134768,2,710.626359
-2.299871,3,710.671298
-2.277101,3,710.6993
-0.069487,1,710.710298
-2.27529,3,710.73963
-2.284524,3,710.77863
-2.315515,3,710.808901
-2.292255,3,710.834899
-0.02447,1,710.844899
-1.192643,2,710.865898
-3.333127,4,710.898109
-1.131509,2,710.91424
-2.355826,3,710.938414
-2.259926,3,710.968414
-1.174346,2,710.984476
-1.118465,2,711.001628
-2.240784,3,711.03106
-1.173795,2,711.053061
-2.27823,3,711.086303
-0.035276,1,711.095299
-3.411242,4,711.129764
-3.412903,4,711.170762
-3.369804,4,711.207763
-3.361463,4,711.240864
-1.165399,2,711.256863
-2.239322,3,711.290863
-3.44958,4,711.333049
-2.290547,3,711.363254
-3.41857,4,711.400254
-3.447249,4,711.438254
-1.160303,2,711.453254
-2.271139,3,711.477254
-2.336761,3,711.505255
-2.265341,3,711.546447
-2.24967,3,711.577625
-1.154701,2,711.597624
-0.054219,1,711.607686
-1.188965,2,711.628685
-3.512982,4,711.665685
-2.319206,3,711.695685
-2.222573,3,711.725686
-2.334541,3,711.76269
-3.331657,4,711.802197
-2.306168,3,711.832196
-0.029311,1,711.842196
-1.1624,2,711.863197
-2.265465,3,711.897198
-2.29113,3,711.925197
-2.337686,3,711.955261
-2.240735,3,711.987261
-2.342958,3,712.012261
-3.346894,4,712.049264
-2.39087,3,712.083261
-2.261448,3,712.119413
-2.269678,3,712.150413
-3.480288,4,712.190413
-3.452892,4,712.222413
-2.352401,3,712.257413
-1.175174,2,712.277413
-1.119592,2,712.299414
-2.245952,3,712.326412
-1.118261,2,712.351413
-2.260207,3,712.377413
-3.423092,4,712.413413
-2.320718,3,712.437828
-1.106713,2,712.457963
-1.191917,2,712.476961
-2.307766,3,712.503037
-0.059945,1,712.511037
-3.339552,4,712.548392
-3.385876,4,712.580392
-2.202925,3,712.617536
-1.120286,2,712.637534
-2.220146,3,712.674535
-2.287994,3,712.701534
-2.310377,3,712.729534
-1.158579,2,712.750536
-2.283922,3,712.792536
-2.331926,3,712.826676
-0.055472,1,712.840677
-2.248925,3,712.867676
-3.470734,4,712.905152
-2.355197,3,712.933658
-2.298599,3,712.964657
-2.304716,3,712.992658
-0.058744,1,713.008658
-0.070378,1,713.038658
-2.284052,3,713.078658
-2.251131,3,713.110657
-1.105284,2,713.134714
-2.225922,3,713.164714
-0.071906,1,713.173715
-3.438076,4,713.214714
-3.464228,4,713.253714
-1.117987,2,713.270714
-1.116852,2,713.287714
-1.128507,2,713.303714
-0.064711,1,713.315715
-3.438799,4,713.356714
-3.375989,4,713.391714
-2.242032,3,713.419716
-1.156855,2,713.448716
-2.308665,3,713.484715
-2.330131,3,713.515825
-1.097761,2,713.53397
-0.048828,1,713.55197
-2.307903,3,713.575969
-0.059831,1,713.585969
-1.127121,2,713.60297
-2.255863,3,713.63497
-2.34967,3,713.66197
-3.506112,4,713.700973
-3.401728,4,713.73597
-2.216684,3,713.773259
-2.302202,3,713.800261
-2.24743,3,713.82526
-2.295651,3,713.856404
-3.521478,4,713.895535
-2.293143,3,713.920702
-3.435261,4,713.953994
-1.111896,2,713.971271
-1.123218,2,713.99227
-2.334395,3,714.01627
-3.372438,4,714.05227
-2.303237,3,714.080601
-3.51955,4,714.116601
-1.121938,2,714.135267
-0.057138,1,714.145269
-1.193005,2,714.165333
-2.277059,3,714.198336
-1.184501,2,714.218335
-1.126762,2,714.239334
-0.055158,1,714.249566
-0.069973,1,714.267835
-2.235264,3,714.300027
-2.278599,3,714.326026
-2.344905,3,714.356026
-2.258353,3,714.384025
-3.326801,4,714.417027
-1.112397,2,714.43309
-1.131577,2,714.450091
-3.488464,4,714.489441
-2.292331,3,714.516512
-2.238351,3,714.544703
-3.361904,4,714.584166
-1.144962,2,714.608166
-1.163593,2,714.628243
-1.17345,2,714.644242
-1.125875,2,714.660242
-3.397995,4,714.703243
-0.022335,1,714.711242
-0.05367,1,714.719243
-2.235868,3,714.74567
-1.15749,2,714.774669
-2.250389,3,714.806803
-0.047122,1,714.815803
-0.058564,1,714.824803
-2.237467,3,714.859099
-2.254436,3,714.894192
-3.401441,4,714.929992
-1.128088,2,714.948991
-3.349397,4,714.990989
-1.184739,2,715.00822
-3.451837,4,715.041308
-3.431401,4,715.077655
-2.216885,3,715.115655
-1.114857,2,715.136718
-2.279302,3,715.170715
-3.372089,4,715.210715
-2.23896,3,715.242715
-2.295389,3,715.268719
-1.145835,2,715.290225
-1.162553,2,715.309225
-2.332844,3,715.342226
-2.251168,3,715.373223
-2.205987,3,715.401325
-1.183295,2,715.417325
-2.217032,3,715.447326
-0.065841,1,715.455325
-3.466044,4,715.489532
-1.178326,2,715.504642
-2.317941,3,715.534642
-2.35032,3,715.559919
-2.268352,3,715.58431
-2.262036,3,715.607581
-2.313056,3,715.638646
-1.156369,2,715.662647
-2.275559,3,715.687644
-2.261094,3,715.716644
-3.522218,4,715.760644
-1.169178,2,715.78772
-0.057604,1,715.79972
-3.445763,4,715.838781
-1.139963,2,715.864783
-2.339212,3,715.898047
-0.059492,1,715.907047
-3.469134,4,715.945047
-2.236619,3,715.973047
-2.316124,3,715.999246
-2.329789,3,716.027306
-3.447872,4,716.060459
-2.267341,3,716.099624
-2.239605,3,716.13001
-2.278836,3,716.162012
-2.282769,3,716.190011
-2.285923,3,716.228011
-3.388006,4,716.268251
-2.306845,3,716.291597
-3.379473,4,716.325766
-3.411787,4,716.361767
-3.360072,4,716.397916
-2.273024,3,716.426427
-1.161008,2,716.446711
-2.211488,3,716.47671
-1.167176,2,716.494947
-3.447284,4,716.532337
-3.399526,4,716.574004
-1.135602,2,716.596003
-1.155113,2,716.613084
-3.373977,4,716.645231
-2.365627,3,716.671536
-1.120068,2,716.692536
-3.552301,4,716.729535
-3.437388,4,716.770886
-2.277037,3,716.805887
-3.423963,4,716.842888
-1.173307,2,716.858996
-2.308813,3,716.883997
-2.337899,3,716.909083
-2.363578,3,716.946086
-2.261672,3,716.971083
-1.114696,2,716.991477
-3.390052,4,717.030648
-1.177877,2,717.052824
-2.22757,3,717.082184
-2.333944,3,717.113596
-3.462501,4,717.160091
-1.118882,2,717.182256
-3.437153,4,717.217257
-2.342514,3,717.241256
-3.39457,4,717.27348
-2.241912,3,717.340622
-3.405,4,717.377997
-2.305461,3,717.415059
-1.14128,2,717.442061
-0.069839,1,717.455059
-2.240388,3,717.483143
-2.268735,3,717.507291
-1.20683,2,717.522289
-1.130691,2,717.543381
-2.285227,3,717.568866
-0.073701,1,717.576866
-3.431367,4,717.617492
-2.345824,3,717.646632
-3.454532,4,717.684897
-1.18496,2,717.703951
-0.07309,1,717.712018
-0.050693,1,717.724022
-0.058193,1,717.733021
-1.116407,2,717.757018
-1.136087,2,717.777075
-3.396675,4,717.814134
-2.319303,3,717.838135
-1.179895,2,717.854197
-2.246818,3,717.88428
-1.17493,2,717.90428
-1.122089,2,717.92128
-1.126549,2,717.93928
-2.242416,3,717.96228
-3.434081,4,718.001445
-1.156203,2,718.017445
-2.269116,3,718.041787
-3.418183,4,718.072934
-1.168605,2,718.095938
-3.479346,4,718.130379
-2.364358,3,718.15538
-1.177042,2,718.170823
-3.425458,4,718.211918
-2.308132,3,718.237918
-2.291179,3,718.261919
-0.039651,1,718.269918
-2.256826,3,718.299297
-3.382978,4,718.333406
-3.402974,4,718.365407
-0.029315,1,718.373406
-2.266756,3,718.403544
-2.247493,3,718.429956
-2.339213,3,718.461032
-2.303992,3,718.485033
-3.416251,4,718.522032
-2.284714,3,718.554281
-1.176863,2,718.570632
-0.061853,1,718.578632
-2.265684,3,718.606954
-3.336583,4,718.641043
-0.057272,1,718.649042
-3.438038,4,718.681499
-3.416494,4,718.728011
-3.4467,4,718.774011
-1.115583,2,718.791304
-1.148952,2,718.808373
-0.058243,1,718.824448
-1.1399,2,718.847446
-2.321826,3,718.872587
-2.279569,3,718.897586
-2.288312,3,718.933014
-3.375996,4,718.974184
-0.054344,1,718.986185
-0.048847,1,718.998238
-2.278248,3,719.033238
-0.043122,1,719.045238
-2.36284,3,719.077327
-1.14339,2,719.098327
-2.293738,3,719.134582
-2.318115,3,719.168789
-1.11156,2,719.184945
-2.234354,3,719.216019
-2.294506,3,719.245018
-1.177765,2,719.261017
-2.247836,3,719.285016
-2.279248,3,719.311342
-0.055983,1,719.323342
-2.225328,3,719.347433
-3.375562,4,719.384928
-3.41124,4,719.419925
-0.028305,1,719.43401
-0.06648,1,719.44201
-2.267447,3,719.466195
-2.271216,3,719.490268
-2.230299,3,719.519739
-1.144218,2,719.534738
-1.108609,2,719.551996
-1.177525,2,719.56813
-2.228485,3,719.596281
-1.178811,2,719.613345
-2.306241,3,719.648574
-2.290447,3,719.671868
-1.17435,2,719.69493
-0.029875,1,719.70393
-2.312643,3,719.729986
-0.034846,1,719.739987
-2.210327,3,719.775142
-2.218738,3,719.799142
-2.202609,3,719.823426
-1.112825,2,719.84068
-2.23715,3,719.87043
-2.24847,3,719.894509
-3.462412,4,719.934637
-2.303721,3,719.965635
-1.128063,2,719.986634
-0.058824,1,719.995704
-3.487753,4,720.026986
-2.302802,3,720.053044
-3.355954,4,720.088307
-2.297474,3,720.122734
-1.111217,2,720.13888
-1.147377,2,720.15588
-2.249701,3,720.18695
-1.127426,2,720.207167
-2.352665,3,720.231167
-2.293299,3,720.255167
-3.396159,4,720.293167
-2.326914,3,720.319167
-2.229596,3,720.343227
-2.212439,3,720.366725
-0.066824,1,720.379914
-3.455046,4,720.412162
-2.308671,3,720.437689
-2.260603,3,720.46777
-2.216212,3,720.502772
-1.146856,2,720.519769
-2.317489,3,720.545769
-2.263071,3,720.569907
-2.222238,3,720.599196
-2.303413,3,720.624289
-0.051728,1,720.632469
-3.454198,4,720.664794
-2.21964,3,720.69386
-2.346858,3,720.72186
-2.27606,3,720.745861
-0.073659,1,720.759861
-2.349996,3,720.793298
-2.259206,3,720.818933
-2.22929,3,720.843932
-2.29294,3,720.867559
-0.03111,1,720.878715
-1.113789,2,720.895716
-2.290611,3,720.920929
-2.312089,3,720.945067
-2.361663,3,720.978066
-2.227617,3,721.002651
-3.376247,4,721.040735
-3.370151,4,721.072844
-3.483256,4,721.116845
-2.284111,3,721.142172
-3.415311,4,721.175312
-1.116545,2,721.19169
-3.446348,4,721.230876
-3.387224,4,721.264876
-1.1591,2,721.280876
-2.256711,3,721.305877
-3.423456,4,721.343079
-2.341444,3,721.368294
-1.173894,2,721.390295
-3.366967,4,721.428295
-3.381393,4,721.466385
-2.250283,3,721.492697
-3.474331,4,721.529697
-1.138669,2,721.548749
-3.4187,4,721.587023
-0.072363,1,721.596022
-0.038678,1,721.606023
-3.361701,4,721.641241
-2.249953,3,721.669337
-1.18887,2,721.686336
-2.30853,3,721.715429
-0.05121,1,721.724427
-3.466173,4,721.760714
-2.2614,3,721.786714
-2.331789,3,721.822714
-2.332219,3,721.846157
-2.215816,3,721.875222
-2.330104,3,721.8993
-2.350732,3,721.925469
-2.232232,3,721.949468
-2.265604,3,721.977574
-2.324416,3,722.004576
-2.223464,3,722.032684
-3.457085,4,722.064684
-1.171856,2,722.084825
-3.429923,4,722.116928
-3.38437,4,722.152813
-2.302078,3,722.180094
-1.155713,2,722.200323
-2.241537,3,722.230321
-1.112979,2,722.254323
-0.058103,1,722.266325
-0.063409,1,722.278322
-2.234689,3,722.303322
-0.055247,1,722.311322
-1.121251,2,722.32871
-1.175055,2,722.354991
-2.338886,3,722.379989
-2.259374,3,722.404053
-2.330612,3,722.427354
-2.273749,3,722.456413
-1.132599,2,722.476412
-2.231249,3,722.503413
-0.046941,1,722.514412
-2.340171,3,722.543694
-0.035709,1,722.551692
-2.335482,3,722.579104
-3.525699,4,722.615272
-0.061967,1,722.62643
-2.274949,3,722.651838
-1.147629,2,722.669068
-2.283349,3,722.69723
-2.243966,3,722.725227
-1.147964,2,722.741227
-3.359871,4,722.772374
-2.236184,3,722.810374
-2.310049,3,722.839375
-1.138657,2,722.855596
-2.260381,3,722.882035
-0.038129,1,722.891031
-2.278962,3,722.92918
-2.343699,3,722.953347
-2.393438,3,722.977498
-2.324077,3,723.003594
-3.385709,4,723.043685
-0.063616,1,723.051684
-2.34044,3,723.08598
-2.26645,3,723.112152
-2.345925,3,723.147153
-1.157302,2,723.163154
-1.117451,2,723.17935
-3.529115,4,723.219744
-3.35814,4,723.256999
-1.146876,2,723.274
-1.183502,2,723.292607
-3.413114,4,723.325838
-2.286817,3,723.358836
-1.103371,2,723.375896
-3.433436,4,723.413062
-1.160438,2,723.429211
-1.11648,2,723.450298
-1.121581,2,723.466297
-3.533502,4,723.497759
-1.104916,2,723.51686
-2.287775,3,723.547096
-2.238347,3,723.573243
-3.367506,4,723.603542
-2.25557,3,723.627717
-3.374768,4,723.665717
-2.348921,3,723.689717
-2.248692,3,723.71305
-1.138817,2,723.729357
-1.165101,2,723.749357
-1.120785,2,723.768357
-2.271187,3,723.795357
-2.275616,3,723.828475
-2.341945,3,723.857476
-1.137701,2,723.876476
-2.289031,3,723.901547
-1.158585,2,723.916685
-3.465366,4,723.956834
-0.049901,1,723.964833
-2.291012,3,723.991014
-2.37153,3,724.016015
-1.181048,2,724.036014
-2.292137,3,724.064017
-0.076363,1,724.073081
-3.342506,4,724.112312
-2.314236,3,724.144466
-1.194988,2,724.160465
-2.242983,3,724.184464
-2.299828,3,724.209644
-2.331437,3,724.240819
-3.43319,4,724.273026
-1.116658,2,724.289026
-2.296183,3,724.315025
-3.429059,4,724.355081
-2.320026,3,724.378355
-1.160955,2,724.395355
-3.382903,4,724.428017
-3.46347,4,724.465269
-2.290489,3,724.491697
-3.456075,4,724.530942
-0.039864,1,724.541018
-2.329571,3,724.570017
-1.135319,2,724.586017
-1.192787,2,724.607257
-1.194695,2,724.626419
-1.165742,2,724.64942
-3.473799,4,724.681642
-2.251506,3,724.705779
-2.251874,3,724.737032
-3.444747,4,724.775033
-2.258433,3,724.801032
-2.267858,3,724.833033
-1.125501,2,724.849278
-2.340052,3,724.878545
-3.436762,4,724.910546
-3.420399,4,724.942545
-2.293238,3,724.967684
-1.129837,2,724.987816
-3.434882,4,725.019816
-2.333152,3,725.061815
-2.288791,3,725.088815
-3.453304,4,725.131816
-1.157022,2,725.148939
-2.269441,3,725.172938
-0.024284,1,725.182337
-0.050179,1,725.197338
-2.213176,3,725.222337
-1.130437,2,725.238753
-1.164728,2,725.257913
-2.29265,3,725.293024
-0.062712,1,725.305024
-1.170694,2,725.323023
-2.305698,3,725.346148
-1.129816,2,725.366213
-3.364582,4,725.399324
-1.144445,2,725.416324
-3.452219,4,725.448323
-3.398295,4,725.485323
-2.31373,3,725.509584
-2.312489,3,725.540584
-1.180707,2,725.556586
-2.300748,3,725.588566
-2.341057,3,725.611671
-3.340117,4,725.653671
-2.259661,3,725.680817
-1.141314,2,725.701948
-1.190749,2,725.718089
-2.262603,3,725.74321
-3.397786,4,725.789396
-2.253411,3,725.825397
-1.215919,2,725.844397
-2.234651,3,725.872458
-3.41265,4,725.903688
-1.128793,2,725.924752
-2.299059,3,725.949752
-3.515443,4,725.983752
-2.26046,3,726.008035
-3.375962,4,726.047037
-2.237041,3,726.073095
-0.057502,1,726.082209
-1.133642,2,726.104379
-2.268257,3,726.131801
-1.117119,2,726.148801
-2.258025,3,726.175801
-0.0365,1,726.187104
-3.391255,4,726.225171
-2.337983,3,726.248348
-2.305133,3,726.276349
-2.340274,3,726.304349
-3.466162,4,726.342348
-2.327586,3,726.366348
-2.245357,3,726.391699
-3.374185,4,726.423954
-0.05523,1,726.435024
-3.452751,4,726.468024
-2.351269,3,726.492086
-2.282373,3,726.521556
-0.030787,1,726.537555
-2.213587,3,726.563556
-3.484712,4,726.594556
-1.183544,2,726.611737
-1.120945,2,726.632861
-2.330394,3,726.65712
-3.471275,4,726.698385
-2.236634,3,726.726106
-1.115078,2,726.746381
-2.294369,3,726.771488
-3.413858,4,726.813489
-1.148915,2,726.833488
-2.356078,3,726.868676
-3.422897,4,726.90297
-3.406141,4,726.934698
-0.016698,1,726.942863
-1.179759,2,726.964028
-0.071329,1,726.973028
-2.317231,3,727.000282
-2.207822,3,727.02628
-1.165077,2,727.048347
-2.256059,3,727.073349
-1.118107,2,727.089349
-2.314845,3,727.113455
-3.441212,4,727.149889
-2.29791,3,727.177379
-3.398726,4,727.212534
-1.176753,2,727.228744
-1.159554,2,727.248029
-2.3396,3,727.27414
-3.388091,4,727.31014
-3.479555,4,727.345141
-2.270471,3,727.37419
-1.164404,2,727.392419
-2.213768,3,727.42056
-3.415468,4,727.453085
-1.121648,2,727.473135
-2.300148,3,727.498309
-2.299519,3,727.52331
-2.288737,3,727.54731
-3.450795,4,727.58431
-2.212104,3,727.61031
-2.255882,3,727.634379
-3.46929,4,727.666547
-2.265444,3,727.702925
-3.450023,4,727.735925
-0.013892,1,727.743925
-3.423483,4,727.776311
-2.278801,3,727.812567
-3.375062,4,727.852642
-2.290657,3,727.876829
-3.400208,4,727.911968
-3.373567,4,727.949324
-0.018476,1,727.957325
-1.1427,2,727.976328
-1.138722,2,727.994325
-1.16303,2,728.018801
-2.318139,3,728.044801
-2.202058,3,728.068956
-1.149103,2,728.084956
-2.343431,3,728.113188
-1.129953,2,728.130186
-1.130214,2,728.147243
-3.497975,4,728.182355
-1.132186,2,728.202355
-1.153154,2,728.222355
-2.268301,3,728.249652
-0.049691,1,728.261655
-1.119785,2,728.283878
-2.284091,3,728.31288
-0.067077,1,728.322879
-2.274193,3,728.346952
-3.456597,4,728.384952
-3.400053,4,728.416111
-2.263794,3,728.440347
-1.153897,2,728.455347
-3.471162,4,728.498536
-2.293613,3,728.524534
-3.409689,4,728.556534
-1.192235,2,728.573533
-3.420112,4,728.609533
-2.299537,3,728.6336
-3.425051,4,728.666932
-0.046151,1,728.675932
-1.14605,2,728.703102
-3.356318,4,728.756367
-2.220653,3,728.794367
-2.281218,3,728.833365
-0.028214,1,728.846365
-1.140292,2,728.865439
-2.302251,3,728.894442
-2.289575,3,728.926538
-3.357172,4,728.96854
-1.169994,2,728.992608
-2.27527,3,729.024608
-1.151649,2,729.043115
-2.243567,3,729.079115
-3.444671,4,729.129115
-2.288837,3,729.164115
-0.065237,1,729.175115
-1.130498,2,729.204117
-3.571905,4,729.255435
-0.077856,1,729.268551
-3.406755,4,729.310906
-0.054833,1,729.32399
-2.270593,3,729.350991
-2.275753,3,729.37599
-2.290596,3,729.39999
-2.357086,3,729.42999
-1.127849,2,729.44799
-2.253465,3,729.47299
-0.037168,1,729.48199
-3.398136,4,729.62999
-0.059752,1,729.639991
-0.047653,1,729.649991
-2.299909,3,729.67999
-1.178278,2,729.702066
-2.307256,3,729.733269
-2.226797,3,729.769572
-0.044457,1,729.777571
-2.276628,3,729.819573
-1.197292,2,729.840572
-2.295809,3,729.877571
-1.179643,2,729.895573
-1.14035,2,729.917654
-3.438958,4,729.949807
-3.43689,4,729.989807
-2.280403,3,730.020893
-2.314588,3,730.050193
-1.151579,2,730.066258
-2.316946,3,730.090258
-3.425106,4,730.123326
-2.243949,3,730.158327
-2.272562,3,730.186043
-1.124366,2,730.212213
-2.282613,3,730.24428
-0.050084,1,730.256332
-2.356368,3,730.284333
-3.459856,4,730.330333
-0.042253,1,730.341332
-2.292529,3,730.382333
-3.356759,4,730.421333
-2.252441,3,730.450443
-2.274093,3,730.475445
-1.166881,2,730.494443
-2.281252,3,730.526446
-2.277857,3,730.553443
-1.140824,2,730.570443
-3.496998,4,730.614443
-2.225822,3,730.639668
-3.454247,4,730.673043
-3.355683,4,730.705282
-0.056846,1,730.717411
-3.35189,4,730.764513
-3.435175,4,730.810886
-3.418621,4,730.849196
-2.248109,3,730.889195
-1.161569,2,730.909194
-2.266376,3,730.933259
-1.190336,2,730.949523
-1.140307,2,730.968524
-3.361207,4,731.004675
-0.067687,1,731.012676
-2.307543,3,731.037675
-1.131617,2,731.065181
-1.10521,2,731.087396
-2.330122,3,731.111573
-1.167122,2,731.127618
-2.219689,3,731.155699
-2.278402,3,731.180699
-1.16418,2,731.197699
-0.035456,1,731.206699
-2.3478,3,731.237061
-2.266142,3,731.264313
-0.065957,1,731.273414
-2.351176,3,731.298638
-3.421045,4,731.343205
-2.375735,3,731.372365
-1.174406,2,731.390366
-2.379773,3,731.418366
-3.406298,4,731.463418
-3.387956,4,731.505418
-2.327711,3,731.538482
-2.215981,3,731.566481
-3.41791,4,731.603481
-2.271432,3,731.630672
-1.132932,2,731.649673
-2.313958,3,731.673753
-1.160973,2,731.694247
-2.261561,3,731.717402
-1.138077,2,731.739528
-1.128937,2,731.75753
-0.062664,1,731.770528
-2.306682,3,731.800947
-3.424728,4,731.846945
-0.057717,1,731.854945
-2.307,3,731.883945
-2.304747,3,731.908134
-2.245819,3,731.932133
-2.346531,3,731.959134
-3.443743,4,732.008357
-3.380865,4,732.047596
-2.282684,3,732.079596
-2.248495,3,732.107729
-2.249962,3,732.142864
-2.260594,3,732.171942
-2.196119,3,732.199053
-2.268293,3,732.225135
-1.152635,2,732.251294
-2.326821,3,732.28342
-1.202001,2,732.301423
-2.240868,3,732.32842
-1.173887,2,732.355585
-2.273831,3,732.390583
-1.162705,2,732.41168
-2.295595,3,732.441018
-3.354329,4,732.483221
-2.25032,3,732.50922
-3.475123,4,732.547282
-1.158286,2,732.56334
-2.299739,3,732.60334
-2.300925,3,732.632496
-3.45766,4,732.674615
-3.50525,4,732.709812
-2.217412,3,732.741957
-0.035517,1,732.750226
-0.033798,1,732.758541
-2.292791,3,732.782063
-1.16846,2,732.807231
-2.2746,3,732.841347
-1.120762,2,732.858346
-3.34557,4,732.891346
-1.14017,2,732.915346
-3.519597,4,732.963465
-2.25139,3,732.996528
-2.301832,3,733.028609
-3.539869,4,733.072607
-3.437102,4,733.108608
-1.168276,2,733.126608
-2.317666,3,733.152714
-2.280335,3,733.180713
-1.138362,2,733.197713
-1.121769,2,733.212835
-1.142738,2,733.233012
-1.141383,2,733.254237
-3.456602,4,733.288454
-2.21666,3,733.315456
-1.179087,2,733.335521
-2.323835,3,733.363648
-0.06521,1,733.373647
-2.256154,3,733.407649
-2.282541,3,733.436648
-3.455451,4,733.477651
-0.043914,1,733.487649
-0.025399,1,733.495648
-2.272017,3,733.520778
-1.184754,2,733.542893
-3.439674,4,733.580063
-2.312994,3,733.608063
-2.342705,3,733.635571
-2.333161,3,733.679767
-2.257033,3,733.708903
-2.287808,3,733.739153
-1.115965,2,733.756153
-3.324552,4,733.795153
-1.128408,2,733.818153
-3.335698,4,733.863153
-1.148412,2,733.882153
-1.15534,2,733.907153
-2.227328,3,733.942155
-2.238662,3,733.972154
-3.45833,4,734.013152
-0.039091,1,734.026153
-2.29967,3,734.053153
-2.324258,3,734.079153
-1.173991,2,734.095222
-3.3887,4,734.144221
-2.246437,3,734.169302
-3.504109,4,734.203379
-1.160585,2,734.220379
-1.163498,2,734.241379
-3.392988,4,734.275379
-2.319738,3,734.301382
-3.461378,4,734.338496
-2.294084,3,734.372497
-0.05645,1,734.384757
-1.159992,2,734.402755
-1.183921,2,734.418755
-3.411888,4,734.469754
-3.443778,4,734.511755
-3.418859,4,734.553755
-2.258045,3,734.586836
-3.429601,4,734.625833
-1.189859,2,734.641834
-2.349876,3,734.667834
-3.4201,4,734.700834
-2.296597,3,734.73495
-3.434909,4,734.769029
-2.224189,3,734.797536
-1.143715,2,734.817533
-1.180096,2,734.843593
-2.296022,3,734.88169
-2.341709,3,734.912688
-3.3987,4,734.947889
-3.336892,4,734.99489
-3.394501,4,735.039115
-2.295291,3,735.064117
-2.294754,3,735.091275
-1.173613,2,735.122709
-2.283597,3,735.156707
-2.244401,3,735.18382
-3.41169,4,735.227933
-3.369641,4,735.28248
-2.264346,3,735.314738
-3.439768,4,735.346974
-1.117269,2,735.364974
-2.243514,3,735.397975
-2.354148,3,735.428121
-1.193484,2,735.445122
-1.154496,2,735.472197
-2.247421,3,735.54245
-3.412059,4,735.612671
-1.177701,2,735.64167
-0.062535,1,735.656669
-2.346559,3,735.708668
-2.346163,3,735.742296
-3.510028,4,735.785526
-2.254726,3,735.827985
-0.034067,1,735.846983
-2.236259,3,735.887095
-1.150828,2,735.912093
-1.17506,2,735.93888
-3.430232,4,735.985917
-2.308377,3,736.033571
-2.316804,3,736.107953
-2.260651,3,736.155039
-1.14373,2,736.187328
-2.270681,3,736.223837
-3.450518,4,736.274404
-0.065027,1,736.287403
-3.400952,4,736.349998
-2.288459,3,736.389177
-0.061135,1,736.401314
-1.177803,2,736.426659
-1.164003,2,736.45274
-2.286235,3,736.479739
-2.286995,3,736.503739
-1.169866,2,736.52474
-0.068795,1,736.536739
-3.461551,4,736.572954
-2.326179,3,736.602954
-3.435583,4,736.643105
-0.070133,1,736.656105
-1.124365,2,736.677106
-1.157279,2,736.696106
-2.246466,3,736.723105
-2.24254,3,736.75222
-2.247382,3,736.779219
-1.174189,2,736.796306
-2.329334,3,736.825403
-2.354842,3,736.861566
-2.381367,3,736.889959
-3.42458,4,736.923318
-1.146526,2,736.941397
-3.390412,4,736.979661
-3.377777,4,737.016661
-3.413387,4,737.057725
-2.33152,3,737.08814
-1.185853,2,737.114303
-2.342362,3,737.143894
-0.069113,1,737.156898
-1.169337,2,737.175894
-0.066887,1,737.188895
-0.054414,1,737.196894
-0.07058,1,737.205894
-2.277918,3,737.236965
-0.074964,1,737.248966
-1.135997,2,737.265966
-2.300182,3,737.289965
-3.409196,4,737.326299
-1.114526,2,737.347298
-1.103993,2,737.363298
-2.301731,3,737.387299
-2.238731,3,737.411298
-1.137084,2,737.437298
-3.449448,4,737.473298
-2.329335,3,737.498298
-3.355507,4,737.542505
-2.277641,3,737.571505
-2.284308,3,737.594505
-3.353788,4,737.626596
-1.178187,2,737.642821
-2.332252,3,737.676822
-3.443786,4,737.715822
-2.27941,3,737.748004
-2.292198,3,737.781133
-3.476905,4,737.822133
-3.451969,4,737.866378
-2.318653,3,737.89448
-3.384825,4,737.92848
-2.336318,3,737.960479
-1.123538,2,737.979479
-0.047759,1,737.987479
-1.107016,2,738.004479
-3.397518,4,738.041479
-1.154302,2,738.060631
-3.410626,4,738.097628
-2.214088,3,738.12563
-1.199126,2,738.145685
-1.13813,2,738.162683
-3.426799,4,738.196683
-2.321649,3,738.220757
-2.26721,3,738.255761
-2.333408,3,738.286342
-2.304286,3,738.318809
-2.312187,3,738.346859
-1.161559,2,738.370859
-0.023059,1,738.379859
-3.397774,4,738.418268
-2.229936,3,738.447268
-2.322125,3,738.482268
-0.071403,1,738.493353
-2.249492,3,738.526426
-2.325523,3,738.557427
-2.243872,3,738.597736
-1.166224,2,738.614875
-3.397973,4,738.650136
-2.236014,3,738.675136
-2.243252,3,738.705136
-3.411607,4,738.740198
-2.229574,3,738.767309
-2.272355,3,738.791658
-0.062025,1,738.803659
-1.113934,2,738.820659
-3.369698,4,738.858824
-3.548166,4,738.897825
-0.044001,1,738.909824
-1.160169,2,738.926826
-0.075061,1,738.935823
-3.368169,4,738.972824
-2.276144,3,739.006823
-2.265317,3,739.033824
-2.298748,3,739.062824
-2.294659,3,739.096899
-2.266348,3,739.136053
-1.119532,2,739.153053
-3.486343,4,739.187053
-1.168639,2,739.204053
-3.389644,4,739.244053
-1.126913,2,739.263225
-1.119085,2,739.288225
-3.488144,4,739.337317
-2.290512,3,739.378318
-2.255485,3,739.413827
-3.396429,4,739.454055
-1.110489,2,739.475056
-0.012417,1,739.490148
-2.301746,3,739.523147
-3.329972,4,739.561147
-1.118852,2,739.579147
-1.128208,2,739.598528
-2.307104,3,739.624613
-1.159821,2,739.640905
-2.312957,3,739.665905
-1.178531,2,739.686905
-1.114528,2,739.703905
-0.068938,1,739.711905
-0.023093,1,739.719905
-3.394283,4,739.760137
-1.123908,2,739.776137
-2.223911,3,739.800306
-1.197058,2,739.81536
-1.191107,2,739.839711
-1.201386,2,739.865843
-3.413564,4,739.909844
-3.418029,4,739.952234
-3.456832,4,739.995292
-2.230748,3,740.025292
-2.262426,3,740.055639
-2.258794,3,740.080752
-1.158328,2,740.105752
-1.167106,2,740.122752
-3.455277,4,740.159254
-2.238304,3,740.190254
-2.236838,3,740.225254
-1.163346,2,740.243324
-2.272192,3,740.269624
-1.152973,2,740.289903
-3.418234,4,740.329901
-3.390307,4,740.363112
-0.066205,1,740.372241
-2.268686,3,740.405497
-2.27783,3,740.440952
-2.277209,3,740.470951
-1.110697,2,740.493032
-2.23775,3,740.525031
-1.173801,2,740.550542
-2.227877,3,740.57854
-0.029075,1,740.58654
-1.118363,2,740.60754
-2.27621,3,740.636828
-2.237801,3,740.665827
-2.303425,3,740.690828
-1.133719,2,740.709891
-2.285432,3,740.74297
-3.370239,4,740.776969
-2.280463,3,740.800343
-2.25295,3,740.826343
-2.322721,3,740.862343
-3.511844,4,740.895342
-3.467944,4,740.932978
-1.141828,2,740.952157
-2.216483,3,740.984157
-2.329915,3,741.007155
-2.336424,3,741.031789
-1.147742,2,741.049789
-1.118459,2,741.071128
-2.267052,3,741.104322
-3.510203,4,741.143829
-0.053493,1,741.153829
-2.215529,3,741.190831
-3.352159,4,741.23183
-2.357964,3,741.259915
-2.242775,3,741.284915
-2.285376,3,741.313915
-3.406543,4,741.345078
-1.162365,2,741.362324
-3.433945,4,741.394929
-0.037305,1,741.405929
-3.370476,4,741.439088
-1.132356,2,741.456089
-2.255943,3,741.480088
-1.178411,2,741.50222
-3.36249,4,741.535218
-3.381909,4,741.576827
-0.026413,1,741.591828
-3.427132,4,741.636827
-3.427273,4,741.672922
-2.306179,3,741.70843
-1.131153,2,741.731428
-1.12127,2,741.754428
-0.033281,1,741.76443
-3.459999,4,741.806994
-2.278968,3,741.841177
-1.156589,2,741.865178
-1.161147,2,741.881177
-2.240464,3,741.907991
-0.03484,1,741.916989
-0.066384,1,741.929989
-3.3654,4,741.963275
-2.349806,3,741.990275
-2.305894,3,742.022496
-0.061195,1,742.036495
-1.117596,2,742.060739
-2.244749,3,742.085739
-2.387156,3,742.112838
-3.397945,4,742.155838
-0.056486,1,742.165838
-3.525684,4,742.205838
-2.271867,3,742.241837
-0.060516,1,742.259838
-1.188184,2,742.284839
-0.056992,1,742.293837
-3.357039,4,742.331135
-1.140302,2,742.353262
-2.29412,3,742.383338
-2.289334,3,742.410428
-2.293617,3,742.434498
-2.238631,3,742.465556
-1.190569,2,742.482556
-3.544317,4,742.518556
-2.245953,3,742.542687
-3.441892,4,742.589932
-1.138332,2,742.606931
-2.244826,3,742.632931
-3.460432,4,742.665988
-2.32122,3,742.700254
-2.327367,3,742.730254
-3.415869,4,742.762458
-2.310563,3,742.789122
-2.228751,3,742.823766
-0.044625,1,742.835766
-0.063727,1,742.850768
-3.373222,4,742.901263
-2.309958,3,742.940262
-3.452808,4,742.983263
-2.228536,3,743.019263
-3.445106,4,743.056633
-3.494222,4,743.094633
-2.243678,3,743.122823
-1.187924,2,743.144904
-3.576945,4,743.184904
-2.282961,3,743.219904
-2.317425,3,743.257905
-1.136902,2,743.279903
-1.139828,2,743.295905
-0.079782,1,743.306903
-2.246988,3,743.337177
-1.100155,2,743.355278
-1.135495,2,743.371381
-2.246637,3,743.40138
-0.052211,1,743.410381
-2.23725,3,743.433652
-3.402005,4,743.469142
-2.24231,3,743.502143
-3.438629,4,743.537293
-2.280089,3,743.568361
-2.198005,3,743.600361
-0.070625,1,743.620362
-2.333327,3,743.654478
-1.121652,2,743.672571
-2.330143,3,743.696571
-3.481433,4,743.734571
-2.286323,3,743.758574
-2.212426,3,743.789573
-2.317077,3,743.817731
-3.495203,4,743.868793
-1.109936,2,743.896794
-2.29227,3,743.922793
-0.034485,1,743.93195
-2.239859,3,743.961118
-1.180429,2,743.982628
-2.224435,3,744.010905
-0.029077,1,744.019904
-2.242155,3,744.053905
-3.429537,4,744.091671
-3.4927,4,744.130996
-2.222412,3,744.158996
-3.44552,4,744.195189
-1.098298,2,744.21419
-2.232131,3,744.242189
-0.057625,1,744.251189
-3.34905,4,744.296189
-3.384554,4,744.342274
-2.249697,3,744.380274
-2.286751,3,744.409473
-0.055653,1,744.424473
-1.10987,2,744.445472
-1.124471,2,744.466474
-2.297202,3,744.497578
-2.24474,3,744.530576
-2.312853,3,744.561822
-2.27246,3,744.587823
-3.437378,4,744.619823
-3.475004,4,744.663018
-2.342613,3,744.696021
-2.331529,3,744.729018
-1.125966,2,744.755018
-2.300144,3,744.793018
-3.354436,4,744.82815
-2.241607,3,744.861313
-2.234286,3,744.892627
-1.195797,2,744.914627
-2.326711,3,744.943627
-1.111789,2,744.962031
-3.357177,4,744.999488
-1.126308,2,745.022489
-2.330355,3,745.059569
-1.119008,2,745.07806
-2.309441,3,745.109323
-1.170921,2,745.136831
-3.435999,4,745.17191
-2.304474,3,745.205115
-1.124682,2,745.22325
-1.170271,2,745.249408
-1.153482,2,745.268408
-0.027662,1,745.279408
-1.172027,2,745.297407
-2.201286,3,745.340462
-3.411493,4,745.378816
-2.207944,3,745.40706
-2.217432,3,745.436138
-2.285863,3,745.463301
-1.153402,2,745.480302
-3.499948,4,745.515399
-2.292403,3,745.550459
-0.068027,1,745.568461
-2.296067,3,745.60046
-3.355029,4,745.643798
-2.308291,3,745.672799
-2.260931,3,745.703869
-2.264895,3,745.728869
-1.150369,2,745.745868
-3.431533,4,745.789177
-2.245796,3,745.828175
-3.398834,4,745.873424
-2.27741,3,745.903703
-1.174033,2,745.9207
-1.170946,2,745.94386
-2.288575,3,745.973857
-2.321624,3,746.003857
-3.364961,4,746.035856
-3.447729,4,746.074857
-3.54583,4,746.109254
-1.125774,2,746.126253
-1.158061,2,746.142253
-1.145391,2,746.166424
-0.048445,1,746.181521
-2.269779,3,746.213667
-2.237601,3,746.243948
-0.038256,1,746.261094
-2.339116,3,746.298601
-2.296027,3,746.331602
-1.189126,2,746.354836
-1.118643,2,746.37997
-1.174694,2,746.403969
-3.465578,4,746.45397
-2.260245,3,746.482969
-1.146972,2,746.509969
-2.308969,3,746.543397
-2.355306,3,746.583398
-1.146327,2,746.603607
-0.076239,1,746.616681
-2.342134,3,746.644681
-1.170144,2,746.661681
-3.386555,4,746.702775
-3.414093,4,746.741945
-1.179811,2,746.759945
-2.226069,3,746.783945
-3.543453,4,746.828947
-3.370169,4,746.873053
-2.202796,3,746.902147
-2.24608,3,746.926291
-3.369893,4,746.958606
-2.21861,3,746.99174
-2.232821,3,747.018741
-1.154298,2,747.035862
-2.249149,3,747.068126
-2.311886,3,747.103127
-2.23399,3,747.135204
-2.336477,3,747.160458
-1.173576,2,747.178459
-3.460544,4,747.222842
-1.103716,2,747.244937
-2.230027,3,747.273936
-1.13173,2,747.293936
-1.161513,2,747.318938
-2.275294,3,747.350351
-2.259767,3,747.377747
-3.378798,4,747.421437
-0.03536,1,747.436436
-3.351074,4,747.478708
-1.143993,2,747.501909
-2.289053,3,747.537051
-1.145338,2,747.563051
-2.349619,3,747.588051
-3.412589,4,747.624508
-3.370983,4,747.665669
-2.32614,3,747.694733
-2.333336,3,747.725735
-1.175718,2,747.742733
-3.510337,4,747.775733
-1.125322,2,747.796736
-0.027257,1,747.804733
-2.313303,3,747.832734
-2.226242,3,747.860734
-0.0588,1,747.875733
-2.253939,3,747.904733
-2.252796,3,747.934811
-2.328131,3,747.960914
-3.4086,4,748.011998
-2.24664,3,748.042244
-2.321305,3,748.078245
-1.162506,2,748.101244
-1.162773,2,748.125244
-2.275139,3,748.154315
-3.421141,4,748.187494
-2.251018,3,748.218495
-1.113032,2,748.241657
-1.15861,2,748.262656
-1.162926,2,748.283656
-3.38517,4,748.322658
-2.284821,3,748.359816
-2.336309,3,748.389817
-3.487416,4,748.421815
-3.501819,4,748.454886
-3.528139,4,748.492997
-3.350427,4,748.524255
-3.415352,4,748.557258
-2.311216,3,748.587764
-1.123146,2,748.613764
-1.144103,2,748.631764
-2.261573,3,748.661764
-2.231685,3,748.694312
-3.458215,4,748.732373
-0.040747,1,748.740375
-2.268661,3,748.764439
-2.246307,3,748.788439
-2.35907,3,748.820531
-2.324788,3,748.850853
-2.360906,3,748.878998
-2.281189,3,748.918999
-1.175811,2,748.94013
-2.232719,3,748.964196
-1.144859,2,748.980268
-2.339943,3,749.007401
-0.070135,1,749.0234
-2.249931,3,749.054401
-2.28281,3,749.086402
-3.446274,4,749.128513
-0.022898,1,749.140515
-3.383311,4,749.173513
-3.364898,4,749.205966
-0.068627,1,749.215034
-1.153053,2,749.238311
-1.128835,2,749.258614
-1.14014,2,749.276611
-2.292037,3,749.299611
-2.291722,3,749.330855
-2.294073,3,749.357909
-3.398014,4,749.395909
-0.077833,1,749.408909
-2.317375,3,749.44718
-3.419452,4,749.492412
-1.106758,2,749.516582
-2.240961,3,749.548581
-2.271267,3,749.58358
-0.064706,1,749.59558
-2.236733,3,749.62658
-3.446265,4,749.673821
-1.095566,2,749.694825
-2.288872,3,749.724086
-3.361184,4,749.764178
-2.317777,3,749.806592
-0.04864,1,749.82068
-0.067479,1,749.835681
-2.333298,3,749.86768
-2.380219,3,749.903682
-2.227988,3,749.934753
-2.268142,3,749.961751
-2.280475,3,749.989186
-2.25519,3,750.017502
-1.167149,2,750.040622
-2.218611,3,750.066621
-2.275006,3,750.091622
-2.198037,3,750.117622
-2.228016,3,750.150141
-1.144476,2,750.166141
-2.279058,3,750.194212
-2.257756,3,750.224582
-2.285887,3,750.264819
-2.295336,3,750.293993
-2.215351,3,750.32642
-2.238722,3,750.360419
-1.174316,2,750.381418
-2.206072,3,750.409419
-2.32248,3,750.435419
-1.166996,2,750.458485
-2.242617,3,750.494662
-1.126929,2,750.516663
-2.272895,3,750.550169
-1.164308,2,750.570324
-1.165446,2,750.602326
-1.132219,2,750.625324
-2.334609,3,750.655839
-2.313835,3,750.681992
-1.107918,2,750.706046
-2.297717,3,750.73227
-2.279867,3,750.756837
-0.048518,1,750.765837
-0.033322,1,750.779305
-1.163376,2,750.794305
-1.170067,2,750.810305
-1.163674,2,750.826481
-0.052303,1,750.837729
-2.227556,3,750.875332
-2.336976,3,750.909331
-0.016257,1,750.918332
-2.293356,3,750.951698
-3.46836,4,750.990303
-3.386251,4,751.023304
-3.427722,4,751.055489
-2.251499,3,751.092592
-2.286494,3,751.121593
-3.487346,4,751.158656
-0.031939,1,751.168716
-2.337184,3,751.205091
-2.26032,3,751.232177
-3.42809,4,751.265348
-2.254801,3,751.293577
-1.147495,2,751.320576
-2.266445,3,751.354705
-3.411321,4,751.395153
-0.075363,1,751.407154
-3.401513,4,751.448328
-2.250805,3,751.477535
-3.417133,4,751.510729
-2.270601,3,751.535979
-2.25189,3,751.570173
-2.345012,3,751.596173
-0.049158,1,751.604173
-2.249223,3,751.630174
-2.360108,3,751.666174
-2.296482,3,751.694315
-2.260352,3,751.723916
-3.429409,4,751.76711
-2.238004,3,751.801108
-2.303569,3,751.83029
-2.300387,3,751.864412
-2.222616,3,751.897628
-3.550279,4,751.941144
-1.1414,2,751.965225
-1.133625,2,751.988545
-3.423445,4,752.030545
-1.169431,2,752.059656
-0.051709,1,752.068655
-2.213232,3,752.095654
-1.164774,2,752.112655
-2.225726,3,752.150654
-2.315536,3,752.174654
-2.329469,3,752.200016
-3.38728,4,752.23628
-3.391882,4,752.280738
-3.525015,4,752.320821
-1.197578,2,752.339902
-1.169784,2,752.358161
-3.335689,4,752.399323
-3.426628,4,752.436323
-2.268801,3,752.464592
-2.218132,3,752.490799
-3.413687,4,752.531383
-1.145571,2,752.548567
-1.184151,2,752.564566
-1.178153,2,752.581567
-0.058882,1,752.594567
-2.233798,3,752.619567
-1.170917,2,752.640751
-3.375676,4,752.681753
-2.281379,3,752.714752
-2.234612,3,752.745751
-2.266205,3,752.776003
-1.155202,2,752.798
-2.289175,3,752.828001
-0.072372,1,752.836
-2.27699,3,752.864223
-2.239754,3,752.89537
-2.37589,3,752.928372
-2.274335,3,752.952492
-0.032773,1,752.961626
-2.27525,3,752.989959
-1.151141,2,753.010961
-1.180202,2,753.027961
-1.144196,2,753.047264
-3.360561,4,753.086514
-3.460059,4,753.127514
-2.291266,3,753.154513
-1.138927,2,753.171515
-2.262306,3,753.204021
-1.168245,2,753.22502
-2.264295,3,753.25202
-3.398895,4,753.292234
-0.051713,1,753.30135
-3.387016,4,753.341351
-1.149891,2,753.36035
-0.054851,1,753.370351
-3.387682,4,753.413066
-2.357625,3,753.443066
-2.282356,3,753.46618
-3.411514,4,753.499323
-2.208794,3,753.523323
-3.361614,4,753.560459
-2.297265,3,753.584459
-2.307099,3,753.609459
-3.475317,4,753.642515
-1.166182,2,753.662514
-1.156573,2,753.679514
-1.122043,2,753.696515
-1.157867,2,753.712673
-2.283255,3,753.743107
-1.106783,2,753.761384
-0.03516,1,753.769506
-1.135758,2,753.787577
-1.1641,2,753.808914
-3.505586,4,753.848914
-1.11115,2,753.866914
-2.236209,3,753.898235
-0.063377,1,753.914237
-1.129619,2,753.934234
-2.253856,3,753.967448
-3.394497,4,754.00345
-1.113895,2,754.025447
-2.219342,3,754.052625
-2.306935,3,754.077796
-2.272868,3,754.104923
-3.453525,4,754.143923
-2.307858,3,754.170082
-2.303735,3,754.196082
-1.125251,2,754.211082
-3.417334,4,754.260223
-2.277219,3,754.289495
-3.450539,4,754.324001
-3.385064,4,754.361163
-2.313599,3,754.393258
-3.361412,4,754.436257
-3.479787,4,754.468489
-1.112671,2,754.48454
-3.415172,4,754.521663
-2.247407,3,754.544662
-3.578242,4,754.576662
-2.298836,3,754.601846
-2.256108,3,754.631931
-3.478131,4,754.663931
-0.04889,1,754.671931
-2.29725,3,754.695012
-1.18046,2,754.719152
-2.321363,3,754.754152
-2.258125,3,754.783152
-2.260493,3,754.807357
-2.324086,3,754.836886
-1.11606,2,754.853886
-3.449248,4,754.885886
-2.362692,3,754.915888
-3.518175,4,754.960463
-2.283116,3,754.984463
-1.113233,2,755.000582
-2.323311,3,755.025635
-3.474769,4,755.064872
-1.142974,2,755.080872
-2.288569,3,755.104872
-2.339023,3,755.129282
-2.252933,3,755.157727
-3.389308,4,755.191727
-2.29367,3,755.214727
-2.30949,3,755.241969
-2.295832,3,755.289047
-0.022793,1,755.299047
-3.36236,4,755.337046
-3.340914,4,755.369047
-3.440167,4,755.407046
-1.176542,2,755.423047
-1.129277,2,755.439193
-2.318722,3,755.461327
-2.302002,3,755.494831
-1.112577,2,755.511831
-2.327117,3,755.535997
-1.186489,2,755.554999
-3.380376,4,755.59621
-0.034843,1,755.605211
-2.355366,3,755.633211
-0.040257,1,755.641211
-0.06212,1,755.65321
-1.134414,2,755.670211
-1.135694,2,755.687323
-1.154505,2,755.704324
-0.012833,1,755.718323
-3.432363,4,755.754325
-3.54153,4,755.786323
-1.148815,2,755.802523
-0.060793,1,755.813578
-2.27467,3,755.841744
-2.323143,3,755.865956
-1.169691,2,755.882062
-2.302868,3,755.921375
-3.348562,4,755.959375
-2.239713,3,755.986377
-2.277813,3,756.010598
-0.053627,1,756.026715
-3.369498,4,756.062712
-1.1334,2,756.07797
-1.150527,2,756.09397
-1.157922,2,756.114029
-2.311973,3,756.14003
-1.12196,2,756.157031
-1.134918,2,756.17303
-2.296129,3,756.20203
-1.122067,2,756.219101
-2.240503,3,756.244319
-2.209307,3,756.274318
-2.223059,3,756.302318
-2.285845,3,756.326318
-2.323106,3,756.354647
-2.225294,3,756.380013
-1.11739,2,756.400079
-2.361628,3,756.425076
-3.506913,4,756.456509
-3.465268,4,756.495599
-3.425419,4,756.531668
-3.364855,4,756.562931
-2.204695,3,756.588336
-1.164341,2,756.605405
-1.158917,2,756.629912
-1.103617,2,756.646909
-2.279177,3,756.674912
-2.267714,3,756.705909
-1.177328,2,756.72891
-1.182288,2,756.745909
-0.035154,1,756.75391
-2.29089,3,756.785224
-1.201108,2,756.810387
-2.297959,3,756.834386
-2.285279,3,756.859466
-3.449207,4,756.891529
-1.117721,2,756.918591
-2.310326,3,756.943591
-2.246699,3,756.966797
-2.29835,3,756.992004
-2.274554,3,757.021003
-3.413869,4,757.055134
-2.288877,3,757.084398
-2.331086,3,757.108488
-2.261666,3,757.139488
-0.062449,1,757.14749
-0.066996,1,757.155488
-2.24498,3,757.179488
-3.391146,4,757.216711
-1.157177,2,757.233711
-2.340496,3,757.260711
-2.284697,3,757.28471
-2.280057,3,757.315786
-2.335865,3,757.342057
-1.18253,2,757.35815
-2.241678,3,757.38215
-2.337187,3,757.411522
-1.144407,2,757.427522
-1.159451,2,757.444737
-1.192166,2,757.461952
-3.398183,4,757.499108
-1.122771,2,757.515107
-3.353827,4,757.546281
-1.12729,2,757.56444
-1.161783,2,757.584509
-2.329034,3,757.608634
-2.321576,3,757.63269
-2.346472,3,757.655854
-2.310944,3,757.685854
-2.294113,3,757.708941
-3.41611,4,757.746053
-3.369296,4,757.790628
-0.071844,1,757.802628
-1.177234,2,757.822986
-1.170658,2,757.839985
-2.388955,3,757.870985
-3.499761,4,757.911985
-2.275166,3,757.941086
-2.230636,3,757.968254
-2.260637,3,757.992255
-1.167362,2,758.013255
-3.343858,4,758.045318
-3.416879,4,758.076508
-2.357778,3,758.102834
-2.316277,3,758.136075
-1.174491,2,758.152075
-3.355528,4,758.184075
-3.400627,4,758.217076
-2.220476,3,758.246075
-0.062792,1,758.255075
-2.331131,3,758.278469
-2.263127,3,758.301531
-3.378213,4,758.342603
-1.151066,2,758.361736
-2.365664,3,758.385932
-2.254186,3,758.409152
-3.424181,4,758.44921
-1.175937,2,758.466209
-2.195818,3,758.490358
-2.371494,3,758.521459
-1.164958,2,758.540968
-2.262095,3,758.569142
-2.319754,3,758.593264
-2.264007,3,758.616593
-2.224372,3,758.64683
-3.373254,4,758.682826
-0.06263,1,758.690826
-3.494229,4,758.722826
-3.421399,4,758.766826
-2.2725,3,758.806828
-1.14342,2,758.828828
-2.304289,3,758.855084
-3.367991,4,758.897594
-2.233237,3,758.936592
-1.116881,2,758.953593
-2.34108,3,758.982592
-1.158469,2,759.005592
-2.306025,3,759.030592
-2.350795,3,759.054593
-2.330405,3,759.077593
-3.487862,4,759.116712
-0.031568,1,759.125709
-2.217781,3,759.149002
-2.235417,3,759.173002
-2.286577,3,759.203002
-1.198449,2,759.221002
-2.31311,3,759.245002
-1.191856,2,759.261198
-2.261645,3,759.289197
-2.286027,3,759.316197
-3.436727,4,759.351197
-0.011541,1,759.358198
-2.211874,3,759.388198
-0.06886,1,759.396197
-1.137705,2,759.412197
-3.468588,4,759.446197
-2.29072,3,759.475197
-1.157813,2,759.491198
-3.439135,4,759.5232
-2.251258,3,759.552284
-0.078468,1,759.569284
-3.534443,4,759.611281
-2.279331,3,759.645442
-1.151737,2,759.669442
-2.37719,3,759.708443
-3.533162,4,759.752442
-2.304163,3,759.781442
-1.125684,2,759.801441
-3.411332,4,759.845506
-2.346699,3,759.871668
-2.294282,3,759.901773
-1.11114,2,759.922774
-3.457499,4,759.963999
-2.241416,3,759.996128
-2.257985,3,760.020357
-1.149004,2,760.035359
-2.290225,3,760.074996
-2.223873,3,760.101994
-3.49862,4,760.137995
-1.145618,2,760.161256
-1.134342,2,760.181399
-1.139358,2,760.199399
-3.35203,4,760.236399
-3.368008,4,760.267399
-3.45571,4,760.306398
-3.530621,4,760.350682
-0.067494,1,760.358943
-1.147193,2,760.375026
-2.27737,3,760.407264
-2.325243,3,760.432264
-0.068319,1,760.441264
-2.218872,3,760.464512
-1.121731,2,760.484515
-2.31558,3,760.508615
-3.416641,4,760.545615
-1.11856,2,760.562615
-2.34217,3,760.59184
-1.180055,2,760.611839
-1.119781,2,760.62992
-2.33604,3,760.657435
-2.257051,3,760.685437
-0.043722,1,760.694434
-1.106183,2,760.710437
-2.263029,3,760.734434
-2.239927,3,760.763434
-0.075004,1,760.772434
-3.397609,4,760.807699
-3.501689,4,760.84295
-1.157383,2,760.86295
-2.319764,3,760.890949
-2.228894,3,760.92295
-2.262818,3,760.949011
-2.333942,3,760.978433
-2.297085,3,761.002787
-2.239147,3,761.025851
-1.17754,2,761.04195
-3.486109,4,761.082174
-2.265905,3,761.110172
-1.127988,2,761.126172
-3.456708,4,761.161387
-2.204909,3,761.193097
-0.053143,1,761.202098
-2.210959,3,761.228097
-2.298214,3,761.253163
-1.110131,2,761.27728
-3.440995,4,761.31646
-1.155344,2,761.336697
-3.425056,4,761.371911
-2.224346,3,761.402315
-1.125099,2,761.421617
-0.047535,1,761.429618
-1.137306,2,761.446617
-1.187449,2,761.470681
-2.30699,3,761.500764
-2.234462,3,761.531766
-2.267724,3,761.562764
-0.032339,1,761.577952
-3.460325,4,761.619954
-2.282929,3,761.650954
-0.022706,1,761.660953
-2.304454,3,761.69909
-0.063276,1,761.70809
-3.501511,4,761.745089
-1.143265,2,761.76309
-2.340338,3,761.79416
-0.063687,1,761.80416
-2.307559,3,761.836162
-3.392562,4,761.87616
-1.176954,2,761.900547
-2.291799,3,761.934953
-3.562294,4,761.973955
-2.365057,3,762.004105
-2.281246,3,762.039103
-0.044863,1,762.050103
-0.062505,1,762.060103
-2.347894,3,762.091105
-1.160022,2,762.1133
-0.056135,1,762.1223
-2.229629,3,762.157499
-1.168871,2,762.175498
-0.038251,1,762.1875
-0.063034,1,762.196499
-1.148953,2,762.214562
-2.330634,3,762.245563
-3.471879,4,762.286565
-1.142141,2,762.303565
-3.394817,4,762.349401
-2.245672,3,762.373682
-2.261297,3,762.409682
-1.11128,2,762.428682
-0.055694,1,762.437682
-2.277711,3,762.461849
-1.123468,2,762.4819
-1.177148,2,762.504903
-3.501364,4,762.548901
-3.399244,4,762.583193
-2.256375,3,762.617428
-2.282698,3,762.643427
-3.367014,4,762.681391
-2.327635,3,762.709813
-2.295271,3,762.740938
-3.450708,4,762.782076
-2.347717,3,762.809076
-2.295162,3,762.844076
-2.337501,3,762.881076
-2.257454,3,762.912378
-2.208759,3,762.947466
-1.11713,2,762.965466
-1.135696,2,762.98667
-0.054315,1,762.995668
-1.141141,2,763.013668
-0.038134,1,763.021845
-0.054316,1,763.036991
-0.047346,1,763.045988
-1.121459,2,763.065991
-2.223615,3,763.093178
-2.232481,3,763.124387
-2.300645,3,763.15068
-2.220329,3,763.17768
-1.19988,2,763.195681
-2.343578,3,763.226741
-1.17816,2,763.243741
-2.233729,3,763.277742
-2.358062,3,763.306741
-2.255416,3,763.338976
-3.455831,4,763.381977
-0.050704,1,763.390976
-1.154759,2,763.407976
-3.406345,4,763.44798
-1.138197,2,763.465559
-2.221846,3,763.494756
-2.290751,3,763.525756
-3.394082,4,763.573756
-1.117145,2,763.597909
-3.454232,4,763.641044
-2.237087,3,763.671147
-1.176858,2,763.701502
-1.126521,2,763.724505
-1.134628,2,763.746505
-3.404283,4,763.788826
-3.36566,4,763.831004
-1.146558,2,763.855129
-1.187827,2,763.873201
-3.448425,4,763.910475
-0.056893,1,763.924475
-1.192077,2,763.944478
-2.253611,3,763.975859
-3.368838,4,764.007298
-0.043733,1,764.0233
-3.431744,4,764.058299
-1.158748,2,764.074453
-2.294864,3,764.102832
-2.271954,3,764.139042
-2.291572,3,764.170043
-1.153902,2,764.18718
-2.24016,3,764.212389
-2.264258,3,764.242629
-2.343826,3,764.269629
-3.432003,4,764.31063
-3.441797,4,764.346949
-3.382489,4,764.386116
-2.309737,3,764.409431
-2.225784,3,764.433601
-2.244399,3,764.459602
-3.455175,4,764.496601
-2.282165,3,764.521065
-0.035522,1,764.53018
-3.395689,4,764.567435
-2.2418,3,764.596431
-2.303935,3,764.6205
-2.288904,3,764.646109
-1.152844,2,764.668173
-2.269504,3,764.697413
-2.335328,3,764.72718
-1.20615,2,764.75018
-2.254637,3,764.78318
-2.255466,3,764.826254
-2.261792,3,764.858608
-2.260059,3,764.888737
-2.340702,3,764.915739
-2.286909,3,764.949844
-2.224068,3,764.980285
-2.258674,3,765.009354
-1.163742,2,765.026354
-0.039826,1,765.043495
-2.260843,3,765.067495
-3.504889,4,765.112858
-2.26944,3,765.138139
-2.306123,3,765.166768
-0.063875,1,765.174767
-3.415608,4,765.207168
-2.312942,3,765.234405
-3.411121,4,765.271405
-1.135876,2,765.288406
-3.361166,4,765.322629
-1.149208,2,765.338954
-2.307103,3,765.370087
-2.333594,3,765.395228
-3.352273,4,765.426955
-2.211417,3,765.454085
-3.490583,4,765.491085
-3.426874,4,765.526541
-2.289365,3,765.551812
-1.138414,2,765.568973
-3.381748,4,765.608972
-2.318544,3,765.633107
-2.31695,3,765.659273
-2.308314,3,765.684626
-2.283655,3,765.718706
-2.218194,3,765.743706
-0.044259,1,765.751708
-2.268772,3,765.789213
-0.026343,1,765.801212
-3.369234,4,765.839212
-2.256084,3,765.872284
-2.378317,3,765.900599
-3.391343,4,765.942716
-1.10589,2,765.960797
-1.165734,2,765.978861
-2.233028,3,766.006861
-1.164827,2,766.032861
-2.333601,3,766.059862
-0.065968,1,766.074862
-2.271794,3,766.108999
-2.258227,3,766.137997
-0.063963,1,766.145997
-2.203558,3,766.170193
-2.218082,3,766.199526
-1.108576,2,766.220729
-1.136063,2,766.23773
-2.269839,3,766.261729
-1.163724,2,766.278732
-1.172857,2,766.300729
-2.329905,3,766.332729
-2.230082,3,766.359816
-2.274219,3,766.388083
-2.3066,3,766.422361
-1.152454,2,766.44255
-2.227892,3,766.47055
-2.253222,3,766.495809
-1.114107,2,766.524878
-3.340163,4,766.558119
-1.14106,2,766.574183
-1.146141,2,766.590182
-2.209055,3,766.618487
-2.223777,3,766.644617
-3.433414,4,766.677677
-1.1343,2,766.693676
-1.140203,2,766.717746
-0.055997,1,766.729746
-3.425586,4,766.770823
-2.346671,3,766.808823
-3.376067,4,766.859293
-2.229644,3,766.895029
-2.267428,3,766.929027
-2.317087,3,766.958171
-2.296798,3,766.994513
-3.335543,4,767.030517
-3.501999,4,767.066637
-2.232912,3,767.099843
-2.319257,3,767.131843
-2.250285,3,767.159843
-1.149029,2,767.179032
-0.066329,1,767.188032
-2.265974,3,767.218032
-2.258325,3,767.245032
-1.130619,2,767.264032
-3.409719,4,767.302032
-3.385292,4,767.349032
-2.231897,3,767.376032
-0.05753,1,767.386104
-2.276443,3,767.417166
-2.340798,3,767.451168
-3.428142,4,767.486166
-2.277283,3,767.5153
-2.268391,3,767.5413
-2.304537,3,767.576301
-3.368192,4,767.6283
-1.152694,2,767.6483
-1.161457,2,767.668301
-2.224519,3,767.700512
-2.290507,3,767.734776
-2.288486,3,767.763026
-3.483055,4,767.798026
-1.184476,2,767.820383
-2.295768,3,767.846648
-3.411619,4,767.880648
-2.308339,3,767.913648
-3.516307,4,767.971204
-2.268401,3,768.002311
-0.022141,1,768.012581
-3.423276,4,768.060449
-2.324116,3,768.098449
-0.045095,1,768.107449
-2.27749,3,768.135687
-2.26077,3,768.162965
-1.108518,2,768.185086
-2.235127,3,768.212211
-1.171509,2,768.235475
-2.283814,3,768.263854
-2.281767,3,768.298854
-2.318682,3,768.325852
-3.388023,4,768.357133
-2.286604,3,768.381578
-2.277868,3,768.410764
-3.370374,4,768.444764
-0.07523,1,768.453763
-2.219114,3,768.476763
-3.414659,4,768.515764
-2.256869,3,768.54187
-2.236396,3,768.56587
-3.59069,4,768.599434
-0.059461,1,768.612433
-1.161593,2,768.631621
-3.4184,4,768.672026
-0.079044,1,768.681228
-1.171299,2,768.704229
-2.235676,3,768.741417
-2.29732,3,768.771561
-2.27964,3,768.797561
-1.165133,2,768.819561
-3.414871,4,768.855733
-3.425198,4,768.891197
-2.301029,3,768.922504
-2.259063,3,768.965692
-2.248668,3,768.998751
-2.27511,3,769.024747
-2.236448,3,769.050023
-3.359751,4,769.089302
-3.348902,4,769.122561
-0.035401,1,769.130677
-2.293855,3,769.155744
-2.317699,3,769.190247
-0.058661,1,769.19925
-2.281786,3,769.233523
-3.4423,4,769.273006
-2.327749,3,769.303009
-3.419453,4,769.345009
-2.311234,3,769.37512
-2.273091,3,769.402122
-1.157627,2,769.42612
-2.231317,3,769.453196
-0.022711,1,769.461343
-3.454484,4,769.494681
-2.247932,3,769.52381
-2.262129,3,769.549809
-2.200997,3,769.573952
-2.306235,3,769.599417
-1.151751,2,769.619598
-2.242178,3,769.643599
-2.307852,3,769.667598
-3.362744,4,769.718467
-3.445313,4,769.757691
-1.199678,2,769.778691
-2.238323,3,769.812292
-2.323163,3,769.844563
-2.304247,3,769.879891
-2.349143,3,769.91067
-1.155767,2,769.931671
-3.335733,4,769.974671
-2.23043,3,770.003857
-2.280018,3,770.032913
-1.197661,2,770.049237
-1.139947,2,770.066236
-3.448809,4,770.102296
-2.322232,3,770.126686
-2.313501,3,770.151937
-3.382408,4,770.183938
-3.45638,4,770.220277
-2.364011,3,770.245691
-3.399125,4,770.283086
-2.254587,3,770.307089
-2.242005,3,770.340594
-1.160138,2,770.358594
-3.346797,4,770.401857
-2.279126,3,770.429857
-1.115311,2,770.451015
-3.561723,4,770.491015
-2.336815,3,770.514015
-2.331867,3,770.53808
-0.051378,1,770.554081
-2.220626,3,770.580083
-2.21946,3,770.604481
-1.148851,2,770.619482
-0.075673,1,770.631481
-3.476089,4,770.664481
-0.02125,1,770.672482
-1.145703,2,770.689481
-0.030728,1,770.701481
-2.348493,3,770.725618
-1.134125,2,770.741872
-0.061342,1,770.750872
-3.390087,4,770.787117
-2.297786,3,770.813116
-3.468335,4,770.845117
-2.336977,3,770.868117
-3.399313,4,770.907117
-3.401807,4,770.94819
-0.041941,1,770.959272
-1.161176,2,770.982274
-3.48274,4,771.027273
-2.241956,3,771.057273
-2.322986,3,771.084397
-1.197684,2,771.107614
-3.348211,4,771.148695
-3.451238,4,771.185698
-1.145604,2,771.207696
-3.435361,4,771.244696
-2.248176,3,771.281118
-3.496037,4,771.316118
-2.245807,3,771.345117
-3.380915,4,771.387117
-3.498438,4,771.426184
-1.169995,2,771.443689
-2.236053,3,771.47269
-1.148582,2,771.492691
-2.34225,3,771.556817
-2.292662,3,771.621817
-0.073852,1,771.644818
-2.27871,3,771.69297
-2.31965,3,771.763138
-2.224925,3,771.802137
-1.168293,2,771.825136
-1.137315,2,771.848136
-0.023422,1,771.863137
-2.279742,3,771.899138
-3.420431,4,771.947137
-1.165696,2,771.972136
-2.231557,3,772.017239
-3.330373,4,772.053348
-0.033783,1,772.061347
-2.311262,3,772.085348
-2.270327,3,772.117611
-1.146071,2,772.143979
-2.286818,3,772.173981
-2.274511,3,772.203543
-0.063318,1,772.219543
-2.251017,3,772.256543
-1.146278,2,772.272775
-3.481578,4,772.304861
-0.032984,1,772.317863
-1.178313,2,772.335861
-1.169044,2,772.352962
-2.244817,3,772.375962
-2.278523,3,772.403961
-2.201472,3,772.426962
-2.261691,3,772.451961
-2.218096,3,772.477962
-3.367113,4,772.522044
-1.157006,2,772.541044
-1.147222,2,772.562045
-2.292779,3,772.592253
-3.414884,4,772.636321
-2.276416,3,772.664321
-3.465566,4,772.697428
-1.185313,2,772.717429
-2.208974,3,772.747429
-1.186735,2,772.763512
-2.279041,3,772.789511
-2.25036,3,772.813512
-2.386107,3,772.844512
-3.449646,4,772.884512
-2.286294,3,772.910512
-1.155875,2,772.931602
-3.365488,4,772.981601
-3.452151,4,773.021842
-2.313125,3,773.046966
-1.173297,2,773.063967
-1.126389,2,773.084041
-0.055019,1,773.093039
-3.390801,4,773.12728
-2.284794,3,773.152543
-1.181335,2,773.174543
-3.349958,4,773.207543
-2.266276,3,773.232769
-2.357329,3,773.256968
-1.153564,2,773.279968
-3.497365,4,773.321968
-2.337471,3,773.350968
-1.176093,2,773.367968
-3.450265,4,773.407967
-0.047009,1,773.415968
-3.53991,4,773.448968
-1.153638,2,773.464968
-2.251325,3,773.500969
-2.34775,3,773.53007
-3.429296,4,773.57907
-2.260843,3,773.60807
-2.230994,3,773.638071
-3.486177,4,773.672069
-0.033624,1,773.681071
-2.222095,3,773.70507
-2.325746,3,773.734069
-0.073103,1,773.743074
-1.154874,2,773.76358
-1.145848,2,773.782581
-1.121629,2,773.80558
-2.271925,3,773.83458
-2.324414,3,773.86458
-3.458507,4,773.898624
-2.328953,3,773.926677
-1.128197,2,773.943912
-3.344682,4,773.985587
-2.295112,3,774.014941
-2.332029,3,774.054941
-3.427255,4,774.096178
-3.381967,4,774.133435
-2.329441,3,774.161696
-1.14115,2,774.18178
-2.215944,3,774.208861
-1.140045,2,774.224861
-2.260032,3,774.251244
-2.235689,3,774.284243
-2.242313,3,774.310368
-3.411589,4,774.345368
-2.259809,3,774.372368
-3.338776,4,774.414491
-0.060163,1,774.424495
-3.436587,4,774.460031
-0.076361,1,774.469032
-3.481956,4,774.508031
-3.362527,4,774.543169
-0.060449,1,774.55217
-3.476876,4,774.585298
-1.117171,2,774.610405
-2.333172,3,774.643405
-2.268052,3,774.673653
-1.196115,2,774.694654
-0.047384,1,774.708653
-0.053478,1,774.719655
-3.406859,4,774.758909
-0.074142,1,774.767908
-3.369701,4,774.81306
-2.30531,3,774.837058
-3.341072,4,774.872062
-2.280691,3,774.907568
-2.247407,3,774.937639
-2.284927,3,774.972637
-2.274402,3,775.003637
-2.271408,3,775.03064
-2.306795,3,775.064638
-2.304221,3,775.092638
-0.062907,1,775.10364
-2.321713,3,775.13364
-3.464447,4,775.1748
-3.34586,4,775.209799
-2.313212,3,775.23591
-3.446562,4,775.281286
-3.357208,4,775.320285
-2.269464,3,775.346286
-2.320605,3,775.376337
-1.130831,2,775.399336
-2.317464,3,775.432337
-1.130114,2,775.453337
-3.476969,4,775.491338
-2.25517,3,775.525337
-2.24301,3,775.557336
-2.36321,3,775.583336
-1.140456,2,775.60041
-2.269198,3,775.629519
-2.234551,3,775.659638
-2.253585,3,775.692639
-3.459153,4,775.731638
-0.068071,1,775.741734
-2.369281,3,775.770732
-3.468552,4,775.805733
-3.415735,4,775.839893
-2.277169,3,775.864894
-1.103915,2,775.898894
-3.427877,4,775.937895
-0.066782,1,775.947895
-2.282715,3,775.982893
-2.31289,3,776.020403
-2.335307,3,776.057403
-2.303582,3,776.08547
-2.290497,3,776.11847
-2.275471,3,776.15086
-0.0361,1,776.160859
-0.041117,1,776.16986
-0.068774,1,776.180959
-0.055114,1,776.191957
-2.213265,3,776.218078
-0.025267,1,776.228079
-3.483911,4,776.263079
-3.349442,4,776.311428
-1.149361,2,776.333428
-3.422004,4,776.377482
-2.261399,3,776.408482
-3.42208,4,776.449481
-0.059957,1,776.460484
-2.23045,3,776.488482
-2.283762,3,776.513481
-2.239824,3,776.542481
-1.16052,2,776.561481
-2.288115,3,776.600482
-1.196311,2,776.623482
-0.04215,1,776.638482
-2.246774,3,776.668482
-1.14323,2,776.689482
-2.229107,3,776.716557
-1.162899,2,776.738557
-1.167074,2,776.75562
-1.138768,2,776.775622
-1.158343,2,776.793623
-3.437404,4,776.83473
-0.053471,1,776.842729
-1.123547,2,776.85973
-1.173054,2,776.87573
-1.136758,2,776.895991
-2.261761,3,776.921991
-2.293848,3,776.946991
-0.044086,1,776.954991
-3.416852,4,777.001067
-1.176377,2,777.023065
-2.233684,3,777.053133
-3.455844,4,777.094224
-3.447362,4,777.135264
-3.434569,4,777.172771
-2.334704,3,777.204771
-3.387247,4,777.241842
-2.307671,3,777.280842
-1.118742,2,777.303842
-1.116622,2,777.322841
-0.066013,1,777.333841
-2.236771,3,777.365841
-1.115365,2,777.381842
-3.391663,4,777.418147
-2.291899,3,777.445147
-1.145844,2,777.46521
-2.339712,3,777.49242
-2.232878,3,777.516421
-3.404641,4,777.549812
-2.323959,3,777.58502
-2.305624,3,777.611021
-2.276761,3,777.63602
-3.429199,4,777.674021
-2.204178,3,777.71002
-2.318845,3,777.73902
-1.155471,2,777.756021
-3.395689,4,777.795023
-2.256701,3,777.829021
-1.180713,2,777.84702
-1.112264,2,777.868181
-3.512067,4,777.904182
-1.109215,2,777.928182
-2.30882,3,777.956182
-1.128266,2,777.977184
-2.284962,3,778.007281
-0.048373,1,778.022281
-3.337057,4,778.059282
-2.332746,3,778.089282
-0.059796,1,778.099281
-3.381278,4,778.155282
-3.402625,4,778.190555
-2.34912,3,778.218557
-2.208813,3,778.243719
-0.060122,1,778.256717
-2.222375,3,778.281825
-2.249015,3,778.305511
-2.23035,3,778.333511
-3.364698,4,778.383514
-3.503277,4,778.425511
-3.398758,4,778.461511
-3.529897,4,778.498566
-1.123586,2,778.520566
-0.054935,1,778.531567
-0.050061,1,778.541565
-2.325572,3,778.576565
-1.176628,2,778.60171
-2.28901,3,778.629768
-1.133784,2,778.648939
-1.133208,2,778.671407
-2.207636,3,778.705406
-2.31513,3,778.729787
-2.288335,3,778.756787
-3.389722,4,778.789786
-2.257122,3,778.818787
-2.236429,3,778.847787
-2.290719,3,778.874789
-2.319988,3,778.899788
-1.124765,2,778.923787
-2.278556,3,778.950788
-0.035648,1,778.960787
-2.28947,3,778.992957
-3.416642,4,779.032957
-2.222007,3,779.056957
-1.14036,2,779.073029
-3.470879,4,779.125196
-3.447035,4,779.176195
-2.236554,3,779.204413
-2.240664,3,779.231414
-1.19707,2,779.248493
-2.247716,3,779.376624
-2.246817,3,779.406625
-2.38462,3,779.431626
-1.189843,2,779.45113
-2.280861,3,779.48213
-1.180561,2,779.49913
-2.238366,3,779.525131
-3.40263,4,779.568491
-2.281715,3,779.610491
-3.426564,4,779.659673
-2.276386,3,779.688673
-1.1779,2,779.709673
-0.037253,1,779.722783
-2.3081,3,779.752847
-1.10629,2,779.772848
-2.33475,3,779.803966
-2.326768,3,779.838966
-1.133545,2,779.863966
-2.24978,3,779.902167
-3.479676,4,779.944169
-0.054342,1,779.96317
-0.026879,1,779.977167
-2.347406,3,780.01025
-3.444728,4,780.04825
-2.262556,3,780.081253
-0.038983,1,780.09025
-1.114422,2,780.10925
-3.42289,4,780.141469
-3.492678,4,780.187472
-3.511242,4,780.22054
-2.316024,3,780.24754
-1.139189,2,780.26454
-1.152183,2,780.293541
-1.147218,2,780.313748
-2.246053,3,780.344853
-1.175992,2,780.362853
-1.133625,2,780.385011
-0.05471,1,780.39301
-2.314613,3,780.423011
-2.313131,3,780.447011
-3.475727,4,780.490082
-3.356721,4,780.536082
-2.325254,3,780.568082
-3.487468,4,780.607592
-3.465087,4,780.649589
-2.367231,3,780.679794
-3.45629,4,780.720105
-2.294882,3,780.747278
-2.238931,3,780.779278
-2.278437,3,780.804277
-1.133648,2,780.821278
-2.319399,3,780.846277
-2.292571,3,780.879432
-2.324851,3,780.904432
-3.432484,4,780.945435
-2.280029,3,780.984433
-2.300607,3,781.027433
-0.055169,1,781.038509
-2.284468,3,781.071508
-2.267764,3,781.113615
-1.193714,2,781.138615
-2.231702,3,781.169615
-0.044071,1,781.179947
-3.409999,4,781.226948
-2.319622,3,781.258059
-2.2407,3,781.283058
-3.410701,4,781.318059
-2.327292,3,781.343058
-2.303502,3,781.3713
-1.132526,2,781.392299
-2.307272,3,781.417298
-2.327704,3,781.443299
-3.393845,4,781.4833
-2.235657,3,781.510542
-3.420351,4,781.553542
-2.203756,3,781.577702
-2.348754,3,781.611704
-2.285686,3,781.644702
-0.080674,1,781.655833
-1.14364,2,781.676915
-1.142586,2,781.702915
-2.230445,3,781.734919
-2.261316,3,781.773427
-2.256226,3,781.799424
-1.158395,2,781.822424
-3.40481,4,781.867554
-1.123276,2,781.884622
-3.357359,4,781.921764
-3.39664,4,781.97791
-1.158962,2,782.003912
-1.134465,2,782.02191
-2.229177,3,782.047911
-2.214801,3,782.081912
-2.321911,3,782.104949
-3.396533,4,782.142042
-2.263887,3,782.165042
-2.335112,3,782.209108
-1.163092,2,782.227106
-0.059013,1,782.236105
-2.353372,3,782.26737
-2.256889,3,782.301815
-3.408806,4,782.338993
-2.2802,3,782.370368
-1.123448,2,782.388458
-3.382064,4,782.436628
-1.180974,2,782.459722
-2.290222,3,782.48579
-1.165887,2,782.502789
-2.347734,3,782.533789
-3.408846,4,782.56679
-3.421056,4,782.606961
-1.178588,2,782.626031
-2.246559,3,782.657245
-1.123229,2,782.680245
-1.162893,2,782.717246
-2.284271,3,782.78352
-3.415601,4,782.859756
-1.179346,2,782.889392
-2.293796,3,782.931982
-3.409515,4,782.985478
-2.322829,3,783.02548
-1.177094,2,783.048746
-1.117039,2,783.07392
-3.473119,4,783.124918
-1.156547,2,783.155033
-2.284379,3,783.191034
-1.143136,2,783.212265
-1.168999,2,783.228265
-3.422659,4,783.269533
-2.221755,3,783.299776
-2.243507,3,783.324948
-1.142874,2,783.342132
-2.341659,3,783.374274
-3.407298,4,783.40961
-3.469445,4,783.44761
-2.337795,3,783.47261
-3.422199,4,783.515668
-1.141357,2,783.532669
-2.343019,3,783.55667
-3.367667,4,783.596668
-2.224839,3,783.63467
-2.235332,3,783.660916
-1.193326,2,783.677124
-1.13522,2,783.697123
-1.155913,2,783.719125
-1.170738,2,783.740125
-3.445713,4,783.775482
-1.112939,2,783.791692
-2.287453,3,783.822856
-1.191325,2,783.841856
-1.166991,2,783.865857
-3.397107,4,783.911378
-2.290952,3,783.951377
-2.233004,3,783.985377
-2.311978,3,784.020539
-0.071672,1,784.033543
-1.162661,2,784.063047
-0.045993,1,784.072048
-3.390351,4,784.109048
-1.167745,2,784.128241
-3.413608,4,784.17424
-1.123978,2,784.191794
-0.03187,1,784.202796
-3.396764,4,784.242187
-3.436581,4,784.280661
-2.341064,3,784.304661
-3.508646,4,784.342827
-2.319965,3,784.369901
-3.426847,4,784.417319
-1.173775,2,784.434382
-2.351602,3,784.462482
-1.115654,2,784.482484
-3.445918,4,784.524482
-1.161802,2,784.540482
-3.471387,4,784.574482
-1.130133,2,784.597486
-2.301808,3,784.627553
-2.227771,3,784.652646
-1.110058,2,784.669648
-0.020242,1,784.679646
-0.060447,1,784.696648
-1.1514,2,784.715646
-1.132209,2,784.734732
-2.331692,3,784.761812
-3.400766,4,784.811813
-2.279043,3,784.842921
-2.241497,3,784.869061
-3.367552,4,784.907254
-0.048279,1,784.924255
-0.027689,1,784.935255
-0.040352,1,784.949254
-2.33471,3,784.988329
-1.135931,2,785.01833
-2.241754,3,785.067468
-1.157563,2,785.090712
-2.374206,3,785.122711
-2.196826,3,785.156712
-2.21577,3,785.184815
-2.306973,3,785.214321
-1.166408,2,785.23432
-3.434511,4,785.278814
-2.292695,3,785.3101
-2.275824,3,785.3411
-2.259606,3,785.37817
-2.2664,3,785.415452
-0.070604,1,785.426451
-2.284771,3,785.458452
-1.101054,2,785.482452
-2.254893,3,785.516611
-2.302326,3,785.542611
-1.117433,2,785.562611
-3.354002,4,785.600611
-3.464298,4,785.641611
-2.212179,3,785.667674
-2.336253,3,785.692674
-2.307641,3,785.725859
-3.508599,4,785.764098
-0.059924,1,785.772098
-1.185521,2,785.791099
-3.463356,4,785.823264
-3.351795,4,785.861462
-2.30427,3,785.888701
-2.329468,3,785.9147
-2.336463,3,785.940053
-3.494573,4,785.976743
-3.391378,4,786.021788
-2.234676,3,786.052942
-2.22791,3,786.079941
-3.444583,4,786.123255
-2.263134,3,786.149358
-2.32887,3,786.173492
-2.272539,3,786.200657
-1.143245,2,786.222747
-2.249367,3,786.251926
-2.314657,3,786.321534
-2.255561,3,786.379196
-3.462261,4,786.444457
-0.059404,1,786.462456
-0.05386,1,786.476456
-2.370645,3,786.517457
-2.352041,3,786.559518
-2.278003,3,786.597821
-1.161884,2,786.620949
-1.172831,2,786.642949
-0.016334,1,786.658948
-3.422991,4,786.695949
-0.051084,1,786.707218
-3.38992,4,786.740477
-2.242708,3,786.778557
-2.305693,3,786.808556
-1.187397,2,786.835773
-1.152141,2,786.855772
-3.403195,4,786.899772
-2.259065,3,786.93298
-1.13256,2,786.953081
-1.133713,2,786.969081
-1.125017,2,786.993273
-2.309392,3,787.026435
-0.070386,1,787.034435
-1.162168,2,787.049616
-0.042297,1,787.061616
-2.256269,3,787.091617
-2.30512,3,787.120673
-1.146043,2,787.140079
-2.258534,3,787.176368
-2.272229,3,787.208432
-1.136647,2,787.225606
-1.160869,2,787.244701
-2.29314,3,787.273886
-2.250652,3,787.30001
-1.109894,2,787.324009
-2.252619,3,787.357323
-2.384464,3,787.392417
-0.057641,1,787.403417
-0.048126,1,787.415416
-3.49882,4,787.456584
-1.119965,2,787.47697
-1.117798,2,787.495069
-2.260213,3,787.527574
-1.185641,2,787.551575
-0.066387,1,787.564575
-4.678432,5,787.611574
-2.282568,3,787.642574
-3.384235,4,787.675805
-2.339348,3,787.703262
-2.253947,3,787.7284
-1.186165,2,787.745462
-3.447434,4,787.781662
-2.326424,3,787.809803
-3.503271,4,787.842875
-3.402395,4,787.878
-1.15742,2,787.897062
-1.135281,2,787.918569
-3.42581,4,787.956735
-2.227154,3,787.990011
-2.352324,3,788.020014
-3.436951,4,788.061011
-0.048576,1,788.069011
-2.303687,3,788.100276
-1.139867,2,788.119277
-3.404888,4,788.160379
-2.324789,3,788.191119
-0.026746,1,788.202224
-3.44103,4,788.244542
-3.460995,4,788.287666
-2.290009,3,788.315665
-2.327572,3,788.345666
-1.161614,2,788.368666
-0.066678,1,788.383666
-3.454944,4,788.419499
-2.292883,3,788.444499
-2.322973,3,788.468499
-2.358321,3,788.496625
-2.308932,3,788.521759
-3.396714,4,788.554954
-3.544126,4,788.591955
-2.287257,3,788.618954
-0.014521,1,788.628954
-2.265226,3,788.653958
-3.413817,4,788.694461
-0.067629,1,788.706461
-2.318306,3,788.732815
-3.372712,4,788.772816
-2.303613,3,788.802944
-0.020719,1,788.816002
-3.409027,4,788.849262
-2.259502,3,788.878372
-2.258248,3,788.902372
-0.013568,1,788.914372
-1.196788,2,788.931496
-1.138987,2,788.946496
-2.269097,3,788.972775
-3.461897,4,789.019778
-3.344262,4,789.051776
-2.263205,3,789.076458
-3.4984,4,789.109457
-2.284846,3,789.137542
-2.229568,3,789.160831
-1.150411,2,789.180928
-2.282193,3,789.211931
-1.194542,2,789.23393
-3.463865,4,789.27243
-1.130938,2,789.293658
-2.229376,3,789.324902
-1.145241,2,789.348243
-2.256022,3,789.372445
-3.392286,4,789.405906
-1.15062,2,789.427909
-2.370958,3,789.457907
-1.140054,2,789.473905
-1.128569,2,789.490122
-2.301464,3,789.518324
-1.160233,2,789.539323
-2.32023,3,789.565323
-3.354036,4,789.600322
-3.431822,4,789.641322
-0.020427,1,789.653323
-2.360251,3,789.678445
-3.482781,4,789.714646
-3.38506,4,789.758647
-1.132818,2,789.78665
-2.253757,3,789.818157
-0.053834,1,789.829157
-3.393524,4,789.866345
-0.075452,1,789.881346
-1.168995,2,789.90344
-1.116432,2,789.923507
-2.265752,3,789.951118
-2.289406,3,789.988176
-1.16328,2,790.014177
-0.063429,1,790.025176
-3.36694,4,790.069763
-2.337878,3,790.106761
-1.151343,2,790.129761
-2.226055,3,790.158762
-2.303871,3,790.190762
-1.154938,2,790.217762
-2.295266,3,790.244871
-2.301298,3,790.273764
-2.280962,3,790.301182
-2.246084,3,790.331284
-2.224531,3,790.355563
-0.049084,1,790.364621
-3.360998,4,790.398206
-3.398326,4,790.437207
-2.230571,3,790.461602
-2.278687,3,790.487093
-2.301855,3,790.512297
-1.147136,2,790.534298
-1.170412,2,790.554298
-2.297681,3,790.581297
-2.301609,3,790.614383
-2.313824,3,790.650494
-2.300319,3,790.679732
-3.527883,4,790.718405
-0.064246,1,790.728405
-0.042275,1,790.747407
-0.070634,1,790.757408
-2.341841,3,790.782405
-3.368598,4,790.81586
-2.296216,3,790.845001
-2.259484,3,790.869001
-1.185074,2,790.886001
-1.182312,2,790.904126
-2.224607,3,790.938359
-1.166127,2,790.957977
-3.429518,4,790.99312
-2.290081,3,791.020122
-2.272401,3,791.05912
-1.127519,2,791.07612
-1.144791,2,791.099122
-2.24183,3,791.133121
-2.218701,3,791.17012
-1.122739,2,791.19212
-0.063467,1,791.20512
-2.305245,3,791.234234
-3.562905,4,791.277234
-1.158246,2,791.293233
-3.407659,4,791.327234
-2.244707,3,791.353346
-2.347946,3,791.395574
-3.348116,4,791.429659
-2.323583,3,791.454724
-1.111064,2,791.473024
-2.284925,3,791.50214
-2.284728,3,791.525643
-2.321737,3,791.549642
-2.293368,3,791.574643
-2.255268,3,791.602643
-2.326083,3,791.630643
-2.267049,3,791.654642
-2.301868,3,791.679207
-2.28488,3,791.709391
-1.167599,2,791.72539
-2.268839,3,791.750391
-2.346455,3,791.776888
-3.437261,4,791.816437
-1.175056,2,791.834438
-3.415536,4,791.867438
-3.563282,4,791.899736
-3.504324,4,791.936997
-3.439979,4,791.969181
-0.059396,1,791.977182
-3.40089,4,792.018447
-3.413946,4,792.054446
-2.304613,3,792.07845
-2.273297,3,792.107194
-3.396237,4,792.149196
-0.027538,1,792.164195
-2.24514,3,792.193194
-2.257252,3,792.223489
-0.045133,1,792.236534
-0.031525,1,792.250533
-2.219893,3,792.282533
-0.05254,1,792.293536
-2.326536,3,792.328534
-1.150693,2,792.356629
-2.220711,3,792.385699
-3.429504,4,792.41689
-1.161434,2,792.432953
-1.162023,2,792.455137
-2.273277,3,792.48319
-1.127902,2,792.504274
-2.247263,3,792.531274
-3.407784,4,792.574274
-0.055296,1,792.588276
-2.262637,3,792.615274
-3.350342,4,792.653275
-2.319097,3,792.686339
-1.12815,2,792.70334
-1.111476,2,792.71934
-0.063863,1,792.727339
-2.308445,3,792.755339
-3.426847,4,792.793644
-2.281225,3,792.819001
-1.155622,2,792.834001
-2.305914,3,792.868004
-1.175775,2,792.887001
-1.195761,2,792.909062
-0.029342,1,792.918062
-3.365354,4,792.962061
-2.286631,3,792.987407
-2.325967,3,793.021507
-2.245201,3,793.051506
-0.048378,1,793.070508
-2.293565,3,793.103623
-1.171162,2,793.123821
-2.227326,3,793.149968
-2.217703,3,793.180969
-1.118388,2,793.200074
-2.300015,3,793.227513
-2.335693,3,793.254513
-2.270836,3,793.283515
-3.541305,4,793.31912
-1.135299,2,793.340122
-1.188054,2,793.36212
-3.449971,4,793.41512
-3.385529,4,793.45146
-3.450169,4,793.48459
-2.300481,3,793.508654
-3.379802,4,793.556826
-2.317948,3,793.582969
-2.345368,3,793.605968
-1.160745,2,793.620969
-0.044576,1,793.63297
-2.221674,3,793.663092
-2.285391,3,793.688092
-3.439641,4,793.719093
-2.276252,3,793.757687
-1.119813,2,793.775686
-2.300402,3,793.802686
-2.277909,3,793.827686
-2.221437,3,793.861687
-2.246312,3,793.892686
-3.350207,4,793.932688
-2.29687,3,793.95909
-2.268478,3,793.994359
-3.565347,4,794.036439
-1.11404,2,794.058658
-2.293837,3,794.089659
-3.390645,4,794.129661
-2.310086,3,794.159661
-1.112318,2,794.178658
-2.290613,3,794.210659
-3.3767,4,794.255658
-1.139146,2,794.272727
-0.032638,1,794.280726
-2.246903,3,794.305726
-2.369675,3,794.341053
-2.286623,3,794.371198
-2.294568,3,794.400349
-2.26985,3,794.42755
-3.417536,4,794.475213
-1.17569,2,794.490524
-3.477916,4,794.53296
-1.127336,2,794.556242
-3.417011,4,794.595306
-2.256319,3,794.622393
-2.227104,3,794.658536
-0.071984,1,794.668534
-3.476758,4,794.709826
-2.317619,3,794.736825
-1.145266,2,794.754826
-1.163417,2,794.771826
-1.111411,2,794.791021
-3.447001,4,794.830154
-2.304067,3,794.856552
-2.315808,3,794.882771
-0.063981,1,794.89577
-3.480098,4,794.93677
-1.151742,2,794.958066
-2.347736,3,794.989151
-2.359138,3,795.025234
-2.392562,3,795.052233
-2.291102,3,795.079233
-2.314011,3,795.104233
-2.248432,3,795.133235
-2.260279,3,795.158233
-2.25952,3,795.183233
-1.182424,2,795.203233
-1.144659,2,795.227234
-0.048464,1,795.237234
-2.231056,3,795.263233
-2.330717,3,795.29233
-3.510271,4,795.336669
-2.27783,3,795.362872
-2.248833,3,795.392872
-2.270259,3,795.421873
-3.399546,4,795.461872
-1.167844,2,795.481143
-3.399132,4,795.518392
-2.233109,3,795.543389
-3.450553,4,795.579818
-3.353287,4,795.622326
-3.370856,4,795.669329
-2.238538,3,795.700327
-1.111675,2,795.727326
-3.456401,4,795.764328
-2.210551,3,795.787408
-1.156473,2,795.804471
-2.275553,3,795.840471
-0.057046,1,795.851471
-2.22177,3,795.879471
-0.06323,1,795.888471
-2.346707,3,795.923916
-2.335034,3,795.948916
-1.134141,2,795.972338
-2.219116,3,796.000337
-0.052586,1,796.016439
-2.267888,3,796.043534
-2.286899,3,796.074721
-2.248437,3,796.098721
-2.226239,3,796.130721
-1.11978,2,796.147722
-0.058592,1,796.155721
-1.184141,2,796.178721
-3.389172,4,796.214721
-3.354052,4,796.246721
-0.06002,1,796.254722
-3.399972,4,796.289721
-3.331642,4,796.325819
-2.31729,3,796.356057
-1.139983,2,796.373055
-1.134271,2,796.389129
-1.15539,2,796.409129
-3.510914,4,796.502131
-1.200849,2,796.53413
-0.039712,1,796.55213
-0.049532,1,796.57313
-3.412811,4,796.620129
-2.22071,3,796.657217
-2.279136,3,796.691216
-1.200603,2,796.715216
-1.161367,2,796.737299
-3.468422,4,796.786806
-2.267326,3,796.82198
-1.136258,2,796.847167
-3.330528,4,796.891792
-2.254342,3,796.91863
-1.152734,2,796.939734
-2.241798,3,796.96887
-1.207127,2,796.98587
-1.121445,2,797.006162
-2.26158,3,797.034162
-3.449328,4,797.075162
-2.254879,3,797.099462
-1.121582,2,797.114614
-3.391727,4,797.146613
-2.295842,3,797.176613
-0.069759,1,797.185613
-2.307629,3,797.209614
-2.304237,3,797.234613
-1.154143,2,797.254613
-2.245123,3,797.280613
-3.443124,4,797.313613
-2.303139,3,797.340614
-2.243878,3,797.374792
-2.2147,3,797.402792
-1.127963,2,797.417791
-2.269662,3,797.444792
-2.308798,3,797.476793
-3.414689,4,797.518874
-1.181764,2,797.534874
-2.280592,3,797.558194
-1.13627,2,797.578192
-2.30308,3,797.603254
-2.295274,3,797.628254
-1.127111,2,797.644348
-3.497685,4,797.680411
-2.292377,3,797.705411
-3.500425,4,797.738411
-2.240804,3,797.762412
-2.292503,3,797.792608
-3.462935,4,797.825691
-1.15949,2,797.842818
-3.478713,4,797.874056
-2.279809,3,797.909636
-1.143341,2,797.931634
-2.33792,3,797.958635
-0.064689,1,797.967635
-1.138056,2,797.989635
-1.133383,2,798.013637
-1.123902,2,798.033894
-3.543339,4,798.072006
-2.29327,3,798.100233
-2.282943,3,798.125233
-2.337857,3,798.150281
-3.40747,4,798.187282
-1.147393,2,798.206281
-2.341017,3,798.231283
-1.125007,2,798.249281
-2.247488,3,798.273345
-3.480485,4,798.310345
-2.316796,3,798.335345
-2.301291,3,798.359605
-3.375356,4,798.399723
-3.515488,4,798.437722
-2.302247,3,798.46284
-3.348417,4,798.496963
-2.309278,3,798.520073
-2.23189,3,798.550169
-1.136542,2,798.567169
-2.239912,3,798.592347
-0.073667,1,798.601346
-1.143852,2,798.620825
-0.043919,1,798.629822
-2.213246,3,798.653823
-3.411954,4,798.685822
-0.061815,1,798.698822
-3.351129,4,798.730822
-2.330657,3,798.754822
-3.450061,4,798.789825
-3.423473,4,798.826828
-1.173379,2,798.842942
-3.410682,4,798.880943
-2.341118,3,798.911942
-0.04151,1,798.924944
-2.272474,3,798.951943
-3.409757,4,798.987942
-2.272438,3,799.021122
-1.120023,2,799.044271
-2.235742,3,799.078987
-1.122756,2,799.094987
-1.183478,2,799.110988
-1.162994,2,799.138989
-1.170181,2,799.157988
-3.476988,4,799.190987
-2.290374,3,799.218988
-0.047916,1,799.229987
-0.035456,1,799.240987
-1.133098,2,799.257988
-1.187376,2,799.273987
-2.243969,3,799.30099
-2.352438,3,799.326988
-0.026671,1,799.334987
-2.338316,3,799.362135
-0.065804,1,799.374135
-3.420101,4,799.411135
-2.26401,3,799.435135
-2.265636,3,799.460273
-3.391943,4,799.500606
-2.293002,3,799.524606
-2.291169,3,799.54874
-1.113817,2,799.56574
-3.385237,4,799.602076
-3.443294,4,799.633404
-2.306015,3,799.656528
-1.16684,2,799.673588
-0.075402,1,799.68565
-2.240163,3,799.710649
-1.174493,2,799.733652
-3.408367,4,799.76465
-2.287196,3,799.79502
-2.341699,3,799.827191
-0.062074,1,799.835189
-3.384575,4,799.867795
-3.571702,4,799.905794
-1.126039,2,799.922794
-0.065007,1,799.930794
-2.362614,3,799.953794
-0.065723,1,799.965795
-1.13764,2,799.982795
-2.237003,3,800.014898
-1.181068,2,800.034896
-2.372064,3,800.062896
-2.280229,3,800.090898
-2.258279,3,800.115896
-3.402671,4,800.161896
-3.369958,4,800.210407
-0.061361,1,800.222407
-3.336291,4,800.266409
-1.129346,2,800.290545
-2.35651,3,800.323544
-1.133831,2,800.344544
-1.119216,2,800.365544
-1.185886,2,800.382772
-1.139716,2,800.403934
-1.144219,2,800.422162
-2.251614,3,800.45516
-2.25577,3,800.48116
-0.049893,1,800.496266
-3.381508,4,800.536963
-3.419523,4,800.570138
-0.054171,1,800.580138
-2.392603,3,800.607264
-1.18993,2,800.62336
-2.269132,3,800.64736
-1.12419,2,800.664359
-3.351273,4,800.70142
-2.221818,3,800.72842
-0.054046,1,800.738515
-1.186678,2,800.755661
-1.161662,2,800.779661
-3.385143,4,800.814661
-2.303965,3,800.838662
-3.501955,4,800.881393
-2.301031,3,800.916393
-2.31966,3,800.940394
-0.045174,1,800.949394
-1.196449,2,800.965454
-1.141603,2,800.993535
-2.261395,3,801.033952
-3.398826,4,801.116285
-3.441433,4,801.173621
-1.138013,2,801.217016
-2.308175,3,801.261138
-0.068955,1,801.274138
-1.15685,2,801.300285
-1.143348,2,801.334108
-0.066258,1,801.347108
-3.52327,4,801.402415
-3.345279,4,801.454037
-2.353776,3,801.490183
-2.249732,3,801.515182
-2.271696,3,801.540415
-0.067869,1,801.549414
-2.295516,3,801.58049
-2.247332,3,801.604491
-3.360494,4,801.64782
-3.378623,4,801.684819
-1.132254,2,801.706819
-2.249852,3,801.735818
-1.13833,2,801.755962
-2.302887,3,801.781962
-2.267633,3,801.819034
-2.290981,3,801.844094
-3.473526,4,801.877262
-2.303382,3,801.904262
-2.30341,3,801.942261
-2.324889,3,801.97241
-2.339146,3,802.006562
-2.331264,3,802.041734
-0.062914,1,802.060733
-2.313544,3,802.088733
-2.249694,3,802.114732
-3.421042,4,802.159096
-1.15638,2,802.182094
-2.264968,3,802.209096
-2.288048,3,802.233094
-0.06156,1,802.242094
-1.17506,2,802.264096
-1.186084,2,802.287094
-1.108234,2,802.305094
-1.129657,2,802.322094
-1.179951,2,802.343094
-0.077053,1,802.351094
-2.226191,3,802.375094
-2.261426,3,802.401094
-3.390471,4,802.442096
-3.356008,4,802.482721
-2.254132,3,802.516201
-0.049905,1,802.525262
-1.139431,2,802.549262
-0.038935,1,802.558262
-0.035098,1,802.566262
-0.044378,1,802.575412
-2.362556,3,802.60747
-0.031751,1,802.61547
-3.384482,4,802.654746
-1.164006,2,802.671746
-2.229479,3,802.702746
-2.299674,3,802.730849
-2.23086,3,802.757009
-1.150247,2,802.773008
-2.295894,3,802.805177
-2.28722,3,802.84018
-1.12257,2,802.860423
-2.364988,3,802.893522
-0.072185,1,802.907519
-0.05961,1,802.917576
-3.403491,4,802.972826
-1.167414,2,802.997826
-2.312174,3,803.038236
-3.435116,4,803.129343
-2.228421,3,803.179527
-0.053453,1,803.194527
-3.406128,4,803.256529
-2.275393,3,803.299853
-2.290288,3,803.336108
-1.140688,2,803.363185
-1.183034,2,803.3994
-2.274428,3,803.437803
-2.198657,3,803.469012
-2.277729,3,803.496138
-2.305656,3,803.527633
-1.122952,2,803.544749
-0.037442,1,803.552808
-1.169929,2,803.573101
-3.35793,4,803.617227
-2.296395,3,803.644801
-3.465465,4,803.679801
-3.41174,4,803.71486
-3.403027,4,803.75293
-2.33645,3,803.783932
-2.251096,3,803.819931
-1.154009,2,803.841191
-1.10329,2,803.874192
-2.234735,3,803.902191
-3.444707,4,803.938541
-3.433437,4,803.972666
-1.113715,2,803.996667
-2.327717,3,804.027668
-2.33225,3,804.062667
-2.250405,3,804.09567
-1.088941,2,804.117667
-2.301967,3,804.144966
-1.171459,2,804.166028
-3.409507,4,804.199028
-2.325686,3,804.234216
-1.162937,2,804.252342
-2.238762,3,804.285345
-2.292911,3,804.319344
-3.409308,4,804.370342
-1.179972,2,804.392344
-2.274347,3,804.417412
-1.11452,2,804.432538
-2.216113,3,804.465706
-1.139255,2,804.485706
-2.241926,3,804.511763
-2.239307,3,804.534764
-2.244085,3,804.563764
-1.154434,2,804.579763
-2.319287,3,804.615882
-3.46176,4,804.648213
-2.298178,3,804.680462
-2.27798,3,804.713553
-1.137943,2,804.732553
-2.239624,3,804.763555
-2.309325,3,804.799553
-1.164992,2,804.820556
-2.259026,3,804.850063
-1.173805,2,804.871063
-1.124854,2,804.892064
-2.223068,3,804.920063
-2.29086,3,804.950063
-2.338393,3,804.979325
-2.313097,3,805.011567
-3.365798,4,805.048567
-0.06693,1,805.058636
-0.059094,1,805.066636
-0.016274,1,805.078636
-3.320202,4,805.114635
-1.159473,2,805.134803
-3.420639,4,805.170062
-3.455442,4,805.210063
-3.470798,4,805.254129
-3.372785,4,805.292129
-1.162672,2,805.309131
-1.164814,2,805.329129
-1.173174,2,805.346129
-1.145451,2,805.363129
-1.174895,2,805.382258
-3.457726,4,805.422258
-1.165544,2,805.440613
-2.263502,3,805.47461
-3.424794,4,805.513823
-3.458285,4,805.557968
-0.063695,1,805.566968
-2.290922,3,805.600967
-0.027827,1,805.613969
-2.251161,3,805.664495
-1.130768,2,805.683762
-1.121469,2,805.701761
-2.29914,3,805.728763
-1.171889,2,805.749763
-2.324664,3,805.77485
-3.518274,4,805.81185
-2.221753,3,805.84285
-2.257723,3,805.87315
-2.227884,3,805.90415
-2.296885,3,805.932396
-2.30183,3,805.96597
-1.150554,2,805.993181
-3.421355,4,806.032468
-3.36245,4,806.07547
-0.023068,1,806.087469
-2.227629,3,806.129555
-2.291921,3,806.163713
-2.277966,3,806.199064
-1.134793,2,806.218063
-1.121311,2,806.243066
-2.236413,3,806.273063
-2.269626,3,806.298063
-2.339341,3,806.324063
-1.161432,2,806.353064
-3.339899,4,806.387063
-1.130405,2,806.403261
-2.241489,3,806.432752
-1.148308,2,806.458754
-1.133471,2,806.475752
-0.041843,1,806.484754
-3.334012,4,806.522092
-2.241398,3,806.560092
-3.40571,4,806.602091
-2.306255,3,806.630256
-2.324418,3,806.658454
-2.301622,3,806.687454
-1.159768,2,806.707569
-2.247464,3,806.738776
-1.117068,2,806.766777
-2.366456,3,806.804835
-0.07187,1,806.814832
-2.280293,3,806.849983
-1.144601,2,806.869982
-2.328316,3,806.902984
-1.186004,2,806.919982
-3.409443,4,806.953203
-2.301631,3,806.98045
-2.327263,3,807.017782
-2.280029,3,807.049783
-3.562965,4,807.085864
-1.120337,2,807.102865
-1.166814,2,807.129539
-2.250682,3,807.157538
-3.419885,4,807.194965
-1.118626,2,807.21702
-2.368168,3,807.25502
-1.149293,2,807.277021
-2.332087,3,807.30602
-1.12833,2,807.327019
-2.250282,3,807.35702
-2.299985,3,807.38702
-2.357601,3,807.417021
-2.316797,3,807.448217
-3.395177,4,807.494705
-2.221791,3,807.523705
-0.041874,1,807.532704
-1.142533,2,807.558704
-0.053583,1,807.575704
-2.285877,3,807.600703
-3.382227,4,807.63312
-3.389612,4,807.67312
-2.306554,3,807.70412
-2.267368,3,807.72912
-2.315794,3,807.755296
-0.044618,1,807.764438
-0.054805,1,807.777438
-3.444274,4,807.810439
-2.303431,3,807.837438
-1.140076,2,807.859704
-3.440626,4,807.902702
-3.452581,4,807.943984
-0.057477,1,807.952983
-2.277281,3,807.980205
-2.243803,3,808.014364
-2.236445,3,808.043467
-2.292139,3,808.06882
-3.460739,4,808.10582
-2.269537,3,808.138819
-3.389545,4,808.180908
-1.119272,2,808.200908
-3.51262,4,808.242171
-3.373918,4,808.285678
-2.315405,3,808.311677
-2.235515,3,808.345678
-2.256812,3,808.381763
-0.064626,1,808.396761
-3.389814,4,808.442886
-1.12646,2,808.462887
-2.252513,3,808.494034
-1.123502,2,808.515032
-1.11979,2,808.53425
-0.033961,1,808.543251
-1.180016,2,808.560441
-2.272655,3,808.592513
-1.140353,2,808.610514
-2.203854,3,808.638823
-2.223,3,808.672825
-2.301275,3,808.703908
-2.305625,3,808.728908
-2.208981,3,808.759909
-3.43049,4,808.792157
-3.421259,4,808.831466
-1.174062,2,808.849466
-1.166924,2,808.869466
-1.177234,2,808.888648
-2.345473,3,808.921868
-0.027062,1,808.93087
-1.150456,2,808.947867
-1.137665,2,808.967248
-2.235757,3,808.998343
-2.267838,3,809.021588
-0.039617,1,809.030588
-2.343884,3,809.062589
-2.25907,3,809.104928
-2.196329,3,809.135138
-3.533482,4,809.175136
-3.381276,4,809.213521
-0.044588,1,809.225521
-2.24311,3,809.250521
-2.281143,3,809.276521
-2.296469,3,809.306521
-2.267146,3,809.349523
-3.398134,4,809.389776
-3.424092,4,809.430287
-3.395461,4,809.472287
-3.407345,4,809.513504
-2.232194,3,809.540985
-0.036159,1,809.550984
-2.291655,3,809.583544
-1.177003,2,809.60361
-1.169103,2,809.62261
-2.246476,3,809.651733
-1.114598,2,809.671814
-2.383298,3,809.700868
-1.131472,2,809.719141
-2.267743,3,809.744291
-1.170912,2,809.763293
-3.351083,4,809.800291
-3.400215,4,809.839292
-1.137828,2,809.858395
-2.275166,3,809.884396
-3.354476,4,809.932531
-3.406027,4,809.971531
-2.31719,3,810.000735
-2.343227,3,810.034052
-2.265373,3,810.073348
-0.037015,1,810.083345
-3.399758,4,810.12154
-3.328425,4,810.156792
-1.192401,2,810.182982
-0.032667,1,810.192982
-2.288055,3,810.230075
-0.033453,1,810.2452
-3.483787,4,810.286535
-3.441149,4,810.333708
-2.248859,3,810.369173
-2.270265,3,810.403379
-3.522446,4,810.455377
-3.334248,4,810.504377
-1.150189,2,810.524577
-3.391318,4,810.560954
-2.231959,3,810.598958
-3.348003,4,810.645463
-2.305884,3,810.680711
-2.255823,3,810.712206
-2.224515,3,810.749434
-0.027162,1,810.757434
-2.271638,3,810.783507
-3.357975,4,810.815508
-1.138115,2,810.843508
-2.332846,3,810.868508
-2.245098,3,810.894563
-1.139156,2,810.911771
-3.413168,4,810.955873
-0.018828,1,810.964989
-0.047176,1,810.973989
-3.428048,4,811.00635
-1.121661,2,811.026445
-2.305631,3,811.055445
-3.422298,4,811.094445
-2.278551,3,811.118444
-2.299911,3,811.148445
-0.063708,1,811.157444
-2.242221,3,811.185607
-1.140232,2,811.205767
-3.408943,4,811.249767
-1.172722,2,811.267767
-3.446444,4,811.300153
-2.295532,3,811.328153
-2.271711,3,811.363231
-1.090236,2,811.38323
-3.36448,4,811.417229
-2.313608,3,811.440295
-3.338023,4,811.485539
-1.135328,2,811.50754
-1.16776,2,811.533539
-2.239572,3,811.563736
-2.245072,3,811.602736
-1.171543,2,811.625736
-3.529996,4,811.662736
-2.228263,3,811.685923
-2.34834,3,811.725299
-1.147769,2,811.742444
-1.146957,2,811.761267
-2.322972,3,811.792437
-2.24721,3,811.828657
-1.143816,2,811.848656
-3.422964,4,811.885656
-0.071446,1,811.893656
-2.227447,3,811.926713
-2.300814,3,811.953968
-2.28761,3,811.982026
-2.279072,3,812.013197
-0.065013,1,812.028245
-3.368869,4,812.070425
-1.117605,2,812.091425
-3.383122,4,812.128703
-0.067332,1,812.141702
-1.183425,2,812.158962
-1.164755,2,812.174963
-2.264822,3,812.206192
-2.361944,3,812.242553
-2.216613,3,812.282553
-3.498802,4,812.326009
-3.363449,4,812.362009
-0.059452,1,812.378009
-1.185151,2,812.398009
-3.464648,4,812.435159
-2.294121,3,812.463363
-2.240738,3,812.493493
-0.044031,1,812.501493
-1.153901,2,812.517682
-2.269693,3,812.541858
-2.275854,3,812.571916
-2.302433,3,812.597917
-2.217952,3,812.626919
-2.25395,3,812.652917
-1.120679,2,812.675916
-2.293041,3,812.707993
-2.269196,3,812.734995
-2.236682,3,812.762086
-1.183289,2,812.784087
-1.133959,2,812.802085
-0.052883,1,812.811085
-3.387096,4,812.848087
-0.059162,1,812.866086
-2.239023,3,812.902596
-1.138759,2,812.926596
-0.051481,1,812.936596
-3.421615,4,812.980596
-2.299453,3,813.009595
-0.065157,1,813.017596
-2.24549,3,813.047599
-3.405756,4,813.094714
-1.148655,2,813.1162
-3.403129,4,813.150401
-1.171027,2,813.167403
-3.375077,4,813.203401
-0.066361,1,813.212498
-2.256956,3,813.239683
-3.445757,4,813.280684
-2.268261,3,813.315771
-2.279194,3,813.34577
-1.186667,2,813.364771
-2.340883,3,813.39377
-3.391021,4,813.433853
-2.271752,3,813.464123
-3.438114,4,813.495124
-0.057482,1,813.503124
-1.11589,2,813.524124
-2.220909,3,813.548347
-2.263863,3,813.576554
-2.312068,3,813.604554
-2.302054,3,813.639554
-0.071231,1,813.649554
-0.075062,1,813.658554
-2.366212,3,813.687647
-0.072411,1,813.700646
-2.220484,3,813.72478
-2.284392,3,813.750041
-2.297075,3,813.781044
-2.24676,3,813.818042
-3.457988,4,813.858042
-3.588731,4,813.902108
-3.488751,4,813.937108
-1.130809,2,813.965108
-1.185842,2,813.985247
-1.122156,2,814.008372
-2.206912,3,814.037371
-1.16155,2,814.056435
-1.145903,2,814.073435
-0.060177,1,814.087439
-2.306464,3,814.129151
-2.247449,3,814.164148
-1.193264,2,814.182147
-2.246919,3,814.218242
-2.306038,3,814.24624
-1.161966,2,814.269241
-1.123161,2,814.290382
-1.108766,2,814.313737
-2.319863,3,814.351928
-1.165181,2,814.409927
-2.315271,3,814.45807
-1.145603,2,814.487068
-1.132857,2,814.512231
-3.529291,4,814.563345
-3.415725,4,814.595345
-0.064856,1,814.603458
-1.177557,2,814.619541
-3.330611,4,814.667704
-1.107109,2,814.692703
-1.108107,2,814.715703
-3.477076,4,814.763909
-2.237989,3,814.804909
-1.165036,2,814.825009
-3.50783,4,814.86807
-3.460824,4,814.913069
-1.139203,2,814.939223
-3.393392,4,814.989321
-2.304977,3,815.018321
-1.134199,2,815.036322
-2.355328,3,815.069322
-0.043485,1,815.077321
-2.276108,3,815.110726
-1.124839,2,815.128726
-2.223988,3,815.161841
-0.030755,1,815.170841
-2.263238,3,815.199145
-2.319182,3,815.232289
-3.462117,4,815.274039
-1.144897,2,815.294305
-2.34738,3,815.324481
-3.342424,4,815.358482
-3.435998,4,815.400481
-3.447162,4,815.435534
-1.16479,2,815.451532
-1.102481,2,815.467532
-2.23051,3,815.495532
-2.305371,3,815.519015
-3.47434,4,815.55327
-0.074955,1,815.562268
-2.316698,3,815.591377
-2.264174,3,815.616517
-3.417493,4,815.658517
-0.075376,1,815.667517
-2.309381,3,815.699516
-2.244351,3,815.724639
-0.068076,1,815.732741
-0.070788,1,815.742815
-3.380156,4,815.783816
-1.119012,2,815.799816
-1.102957,2,815.816816
-3.413499,4,815.855959
-2.320854,3,815.88596
-1.154824,2,815.903961
-1.108617,2,815.927084
-2.207406,3,815.951267
-1.116909,2,815.974267
-3.397922,4,816.007411
-3.38817,4,816.039411
-2.253335,3,816.067627
-2.264103,3,816.099627
-2.242232,3,816.126627
-3.487379,4,816.162804
-1.152618,2,816.180804
-2.239225,3,816.210807
-1.156664,2,816.227806
-2.260104,3,816.254804
-3.446414,4,816.313396
-2.215538,3,816.355394
-0.043401,1,816.363516
-2.29145,3,816.387187
-1.200329,2,816.404265
-1.195366,2,816.425268
-2.25803,3,816.461777
-2.228711,3,816.485778
-0.034158,1,816.493828
-2.267045,3,816.530828
-2.2626,3,816.558831
-2.280458,3,816.586038
-1.185163,2,816.603305
-3.413437,4,816.645442
-2.346545,3,816.672597
-2.276134,3,816.696596
-3.536368,4,816.730033
-2.341435,3,816.770103
-3.418638,4,816.813103
-0.02769,1,816.823104
-3.379049,4,816.866443
-2.21171,3,816.90151
-3.433688,4,816.936509
-0.043585,1,816.946509
-2.233307,3,816.972594
-3.461575,4,817.008595
-1.155593,2,817.025594
-1.129514,2,817.041596
-2.303864,3,817.067595
-1.160928,2,817.097596
-2.2079,3,817.133684
-3.434202,4,817.17419
-2.255153,3,817.208275
-2.19701,3,817.240273
-0.033592,1,817.248421
-2.34743,3,817.275546
-2.256791,3,817.300678
-2.291044,3,817.331932
-2.270752,3,817.355989
-2.261248,3,817.385519
-0.031806,1,817.397626
-2.236619,3,817.433625
-2.259654,3,817.46371
-2.197354,3,817.49484
-0.044339,1,817.504963
-2.354263,3,817.542043
-0.033098,1,817.550042
-0.037609,1,817.561042
-0.025292,1,817.569288
-2.320183,3,817.599207
-2.257683,3,817.627207
-2.310808,3,817.657207
-3.438453,4,817.699207
-0.051896,1,817.719208
-3.415707,4,817.760484
-3.345853,4,817.800098
-2.332318,3,817.83221
-0.069408,1,817.850212
-0.040634,1,817.86321
-3.472757,4,817.900273
-3.408663,4,817.935273
-2.252564,3,817.968275
-1.136278,2,817.984274
-2.304801,3,818.008526
-2.285528,3,818.032644
-2.280667,3,818.061645
-1.184213,2,818.078645
-0.014522,1,818.087645
-2.285045,3,818.119646
-1.168249,2,818.14101
-0.0667,1,818.15001
-3.413322,4,818.183135
-2.301231,3,818.206358
-2.324612,3,818.234461
-1.156518,2,818.251639
-3.525914,4,818.286642
-1.173756,2,818.30864
-0.067835,1,818.321639
-0.028129,1,818.330639
-2.331269,3,818.361739
-3.378054,4,818.399738
-2.242064,3,818.433738
-2.223964,3,818.465816
-3.39066,4,818.505159
-3.422429,4,818.543334
-3.430131,4,818.585721
-1.130291,2,818.602721
-3.434046,4,818.634721
-2.254332,3,818.658165
-3.531407,4,818.705166
-2.297097,3,818.73231
-2.258022,3,818.757817
-2.341538,3,818.786019
-3.370423,4,818.825085
-2.206435,3,818.857164
-2.267383,3,818.889163
-3.398,4,818.922162
-2.263191,3,818.956162
-3.453775,4,818.996163
-0.062708,1,819.00923
-1.093815,2,819.036231
-1.155496,2,819.063228
-3.495652,4,819.105363
-2.293577,3,819.143747
-3.468928,4,819.175981
-2.275785,3,819.203981
-2.286637,3,819.227982
-2.227242,3,819.260328
-2.277806,3,819.284517
-3.451111,4,819.325517
-3.420832,4,819.360697
-0.060975,1,819.371695
-0.041708,1,819.380696
-2.33565,3,819.408695
-2.365857,3,819.432695
-2.239809,3,819.457696
-2.334013,3,819.486697
-3.457359,4,819.532695
-1.171922,2,819.548696
-1.136466,2,819.565695
-3.421904,4,819.599695
-2.222104,3,819.628696
-1.13146,2,819.645695
-0.047949,1,819.653881
-1.165258,2,819.671221
-2.211797,3,819.705434
-3.46942,4,819.742434
-2.254311,3,819.766434
-0.046532,1,819.774433
-3.324397,4,819.821836
-2.330974,3,819.857926
-0.039704,1,819.870056
-3.376807,4,819.923821
-2.301999,3,819.95882
-3.394484,4,820.000821
-3.417404,4,820.037821
-1.124392,2,820.05582
-2.238293,3,820.085823
-1.119413,2,820.103822
-0.060793,1,820.117994
-2.225567,3,820.154067
-2.333923,3,820.183066
-3.406763,4,820.214067
-0.064562,1,820.224066
-2.254271,3,820.255067
-3.565377,4,820.291066
-2.253494,3,820.319438
-3.364856,4,820.360707
-3.424883,4,820.399709
-0.049284,1,820.410709
-2.328647,3,820.44028
-2.317013,3,820.473283
-2.232398,3,820.508283
-2.246246,3,820.546682
-2.298098,3,820.57897
-2.304445,3,820.614194
-1.136259,2,820.638364
-3.444603,4,820.680728
-3.417099,4,820.716728
-0.065438,1,820.724727
-2.321619,3,820.748728
-1.175509,2,820.770968
-2.194418,3,820.795969
-2.281103,3,820.819077
-1.107185,2,820.835077
-1.109334,2,820.854154
-0.056565,1,820.866155
-2.290695,3,820.896157
-2.197697,3,820.921397
-1.177504,2,820.941397
-2.365285,3,820.966398
-1.149135,2,820.984397
-1.154637,2,821.005531
-2.288438,3,821.040731
-2.233193,3,821.068326
-2.318984,3,821.095326
-2.214726,3,821.127403
-2.338119,3,821.162402
-1.173749,2,821.178738
-1.107054,2,821.196913
-2.311649,3,821.226095
-0.066561,1,821.243179
-2.243183,3,821.269314
-1.100588,2,821.287377
-2.265745,3,821.316555
-0.070359,1,821.331553
-0.060852,1,821.339553
-2.354928,3,821.364776
-2.254799,3,821.389776
-3.420007,4,821.429192
-2.287148,3,821.456193
-3.442601,4,821.491192
-2.339765,3,821.518299
-1.108423,2,821.5453
-1.137298,2,821.568537
-2.242259,3,821.592538
-2.334287,3,821.617538
-0.043532,1,821.629787
-3.358741,4,821.66801
-2.30177,3,821.697118
-1.194917,2,821.714118
-1.201825,2,821.743119
-3.382665,4,821.787119
-3.361999,4,821.83212
-0.04347,1,821.842119
-0.061542,1,821.861118
-0.015419,1,821.873118
-3.421247,4,821.910119
-3.327378,4,821.943119
-3.355562,4,821.990118
-2.298429,3,822.033118
-1.168675,2,822.053335
-2.219754,3,822.0825
-1.174391,2,822.109627
-3.415435,4,822.154629
-1.108769,2,822.170844
-1.192835,2,822.189023
-2.303008,3,822.223301
-1.144733,2,822.245806
-2.297826,3,822.274806
-2.240851,3,822.304977
-2.285994,3,822.344297
-1.148716,2,822.364297
-1.144419,2,822.389425
-3.435269,4,822.496947
-2.276754,3,822.556681
-3.367352,4,822.59999
-1.117967,2,822.624253
-1.156006,2,822.643348
-2.287214,3,822.675448
-0.040094,1,822.684448
-0.063002,1,822.692448
-3.47089,4,822.734819
-2.322536,3,822.776816
-1.157522,2,822.798819
-2.281972,3,822.831337
-2.25482,3,822.862449
-0.056207,1,822.87845
-2.322143,3,822.907453
-2.259088,3,822.935661
-3.418647,4,822.974748
-2.245834,3,823.011747
-2.356422,3,823.041747
-3.445543,4,823.074747
-2.329038,3,823.099811
-3.438756,4,823.14081
-0.035711,1,823.150811
-2.22121,3,823.175811
-3.358627,4,823.209811
-3.354128,4,823.246044
-1.119123,2,823.263153
-2.326964,3,823.287557
-1.178912,2,823.306557
-2.333237,3,823.338556
-1.136221,2,823.356559
-2.227451,3,823.381182
-2.322213,3,823.411184
-2.284943,3,823.442183
-3.343984,4,823.485408
-0.065021,1,823.496405
-1.163688,2,823.517405
-2.278781,3,823.551405
-2.299828,3,823.579521
-0.054834,1,823.588521
-2.323743,3,823.613698
-2.362741,3,823.646799
-2.303994,3,823.678923
-3.412776,4,823.716114
-3.402322,4,823.753244
-3.341784,4,823.794245
-1.150806,2,823.809245
-3.385062,4,823.846244
-2.311612,3,823.871244
-2.254551,3,823.899245
-3.376272,4,823.936519
-2.206002,3,823.962668
-0.063378,1,823.971667
-2.252224,3,824.001667
-0.049828,1,824.010669
-0.064119,1,824.022671
-2.243896,3,824.05189
-3.370191,4,824.094024
-2.268858,3,824.123445
-2.238939,3,824.15183
-3.539899,4,824.197123
-3.446453,4,824.237543
-2.285896,3,824.263613
-2.310058,3,824.293613
-2.325117,3,824.321613
-2.284163,3,824.355677
-2.313952,3,824.383677
-2.327441,3,824.414763
-0.041365,1,824.425763
-2.280057,3,824.462017
-1.19626,2,824.481016
-1.127216,2,824.500019
-2.292928,3,824.527524
-0.018152,1,824.539525
-2.268623,3,824.567526
-0.03718,1,824.577524
-1.184323,2,824.598666
-2.25143,3,824.631666
-3.371152,4,824.667109
-2.291774,3,824.694173
-0.042023,1,824.705174
-1.171165,2,824.729438
-2.313572,3,824.757438
-2.302935,3,824.783651
-1.182461,2,824.799773
-2.27832,3,824.832968
-3.483121,4,824.87632
-2.300514,3,824.905443
-1.138381,2,824.928511
-2.237304,3,824.976595
-3.410159,4,825.015595
-2.251041,3,825.04277
-1.130603,2,825.065855
-3.399173,4,825.103061
-1.136541,2,825.11945
-2.248781,3,825.1456
-2.289844,3,825.177804
-2.223585,3,825.208802
-1.119767,2,825.226803
-1.113497,2,825.24487
-1.131959,2,825.264085
-0.06464,1,825.279149
-3.501209,4,825.312147
-1.170652,2,825.328147
-2.22426,3,825.353364
-3.387964,4,825.392665
-2.355672,3,825.417664
-2.262399,3,825.451791
-2.275266,3,825.48455
-0.028361,1,825.497716
-2.287345,3,825.521718
-3.464125,4,825.554715
-2.247635,3,825.58827
-2.327892,3,825.62127
-3.373809,4,825.658862
-2.360657,3,825.695859
-3.460308,4,825.738282
-1.127049,2,825.763282
-1.13524,2,825.781281
-2.323888,3,825.812282
-1.156537,2,825.835588
-2.357303,3,825.871666
-0.073773,1,825.883665
-2.347516,3,825.910864
-2.311864,3,825.938064
-3.443108,4,825.975064
-0.029363,1,825.984062
-3.491021,4,826.028064
-2.215078,3,826.062064
-2.374425,3,826.101064
-1.13862,2,826.120308
-1.18685,2,826.14331
-1.176779,2,826.170309
-3.351592,4,826.21131
-3.433025,4,826.244663
-1.130236,2,826.260878
-1.133349,2,826.277961
-2.370966,3,826.305961
-1.169969,2,826.32596
-2.281918,3,826.351216
-0.061551,1,826.359216
-2.241241,3,826.387216
-3.417087,4,826.420481
-1.150195,2,826.439483
-3.389707,4,826.478788
-2.306009,3,826.514964
-3.453164,4,826.551053
-2.279532,3,826.585163
-2.238038,3,826.610331
-3.381028,4,826.64633
-2.305528,3,826.670569
-2.250856,3,826.69493
-1.176106,2,826.71293
-1.116475,2,826.73293
-2.303482,3,826.75793
-1.107366,2,826.773932
-2.355863,3,826.800811
-1.114096,2,826.823813
-3.527552,4,826.855945
-2.258525,3,826.881945
-2.274061,3,826.908945
-2.241981,3,826.943945
-1.145356,2,826.964945
-0.05035,1,826.974946
-2.277444,3,827.010016
-3.341483,4,827.052016
-2.318126,3,827.077017
-3.382438,4,827.112283
-1.151147,2,827.130352
-2.318774,3,827.164578
-2.287976,3,827.188578
-2.266319,3,827.212717
-2.291646,3,827.238792
-1.140664,2,827.259792
-2.250581,3,827.292793
-0.058018,1,827.301792
-1.103373,2,827.318793
-1.160591,2,827.343792
-1.122746,2,827.363792
-0.017929,1,827.372792
-2.36399,3,827.400792
-2.218999,3,827.432791
-0.069082,1,827.441792
-2.253172,3,827.468154
-3.476482,4,827.503203
-2.29702,3,827.534286
-2.254637,3,827.565286
-2.283609,3,827.595286
-2.309078,3,827.626287
-2.245945,3,827.659523
-2.329534,3,827.687522
-0.056351,1,827.695521
-3.354135,4,827.728635
-1.124351,2,827.747743
-2.226288,3,827.772741
-3.33497,4,827.807022
-0.060114,1,827.815021
-2.274447,3,827.845081
-1.176747,2,827.862082
-2.306837,3,827.893464
-2.23841,3,827.923764
-2.298291,3,827.956765
-3.349577,4,827.996484
-3.458901,4,828.032485
-3.361041,4,828.068584
-0.023527,1,828.084583
-1.148355,2,828.102583
-3.44053,4,828.138954
-2.205939,3,828.17118
-1.173344,2,828.193542
-1.131792,2,828.21654
-0.072121,1,828.225541
-2.256993,3,828.258613
-2.271905,3,828.287732
-1.159027,2,828.303732
-1.134168,2,828.3222
-1.184606,2,828.341199
-2.296449,3,828.3752
-2.276004,3,828.412545
-2.202932,3,828.446543
-3.470824,4,828.485543
-1.155887,2,828.506544
-0.052658,1,828.517727
-1.171782,2,828.541726
-0.060431,1,828.549727
-2.258469,3,828.583727
-1.202192,2,828.602033
-0.052629,1,828.61013
-1.107768,2,828.625275
-1.179602,2,828.644336
-2.238105,3,828.671336
-0.052769,1,828.682336
-1.16131,2,828.699337
-2.29312,3,828.733554
-0.0629,1,828.741677
-2.325204,3,828.767676
-3.430751,4,828.803677
-1.165311,2,828.825821
-2.211391,3,828.851978
-2.252024,3,828.877978
-2.363562,3,828.902977
-2.29991,3,828.933977
-3.429541,4,828.96798
-2.291303,3,828.998073
-3.489674,4,829.033228
-1.164001,2,829.055289
-2.276385,3,829.081289
-2.334304,3,829.116291
-3.344678,4,829.161299
-2.249444,3,829.201417
-1.14261,2,829.224421
-2.278316,3,829.252528
-2.236962,3,829.277767
-3.401612,4,829.326766
-1.183082,2,829.342766
-3.470676,4,829.374767
-2.300245,3,829.400815
-1.179484,2,829.423815
-0.074358,1,829.432815
-3.394605,4,829.46505
-0.07095,1,829.473222
-3.391777,4,829.508681
-2.320956,3,829.533681
-2.359724,3,829.563681
-2.327715,3,829.586683
-2.264392,3,829.615055
-2.262217,3,829.640055
-3.355415,4,829.681315
-2.256977,3,829.704462
-1.155175,2,829.724464
-3.424,4,829.759462
-2.29196,3,829.783462
-1.179113,2,829.799002
-2.269053,3,829.827596
-1.167577,2,829.843597
-2.289633,3,829.875597
-3.39849,4,829.909596
-2.294073,3,829.939731
-2.299799,3,830.07106
-0.065795,1,830.084061
-2.249611,3,830.119462
-1.17075,2,830.140652
-2.252952,3,830.166963
-2.259798,3,830.196963
-2.238275,3,830.220963
-2.319134,3,830.252171
-3.469601,4,830.297678
-0.057529,1,830.307675
-3.412142,4,830.343678
-2.320349,3,830.382066
-0.046282,1,830.392069
-2.310118,3,830.422068
-1.137407,2,830.439066
-2.320473,3,830.466366
-2.300596,3,830.490852
-0.05329,1,830.501854
-2.32081,3,830.527853
-2.378448,3,830.560852
-1.170402,2,830.580852
-1.130087,2,830.608951
-1.154861,2,830.632951
-2.292268,3,830.663951
-1.12803,2,830.684025
-1.193599,2,830.706293
-3.376646,4,830.747452
-1.15193,2,830.773453
-3.438014,4,830.818192
-2.307233,3,830.846486
-2.278386,3,830.875634
-2.281988,3,830.908634
-1.107873,2,830.928872
-2.304833,3,830.954005
-2.27874,3,830.984176
-1.127664,2,831.00541
-2.304978,3,831.028921
-1.152233,2,831.04492
-3.492478,4,831.079981
-1.190177,2,831.102982
-2.289393,3,831.132192
-2.281601,3,831.157477
-2.261038,3,831.189475
-3.437729,4,831.226666
-2.316442,3,831.250731
-2.324236,3,831.275731
-2.265788,3,831.300732
-2.233864,3,831.332978
-3.341689,4,831.368401
-3.431458,4,831.411908
-1.161491,2,831.430909
-2.246405,3,831.460911
-0.063759,1,831.470909
-3.486307,4,831.515909
-3.390054,4,831.547179
-0.064889,1,831.558583
-2.283265,3,831.589585
-1.104853,2,831.606583
-1.10867,2,831.628582
-2.269785,3,831.656687
-2.225391,3,831.680953
-3.416066,4,831.715451
-1.171101,2,831.732451
-1.160246,2,831.753451
-3.404162,4,831.788993
-3.402761,4,831.825224
-2.292437,3,831.852223
-1.169491,2,831.872367
-0.042775,1,831.88256
-2.285727,3,831.905823
-2.342932,3,831.932043
-1.181434,2,831.953043
-1.177852,2,831.972043
-1.118533,2,831.988043
-2.245712,3,832.011043
-1.152057,2,832.035046
-2.257453,3,832.066154
-2.299797,3,832.092385
-2.298719,3,832.118385
-2.234513,3,832.148386
-2.249361,3,832.177385
-2.289653,3,832.20174
-2.268761,3,832.225023
-2.208625,3,832.25409
-3.375612,4,832.288092
-2.315821,3,832.311259
-3.401017,4,832.343628
-2.270199,3,832.373764
-2.230141,3,832.398855
-2.25469,3,832.421855
-1.162688,2,832.437856
-3.358678,4,832.475028
-1.146249,2,832.492149
-0.040152,1,832.501149
-1.14945,2,832.516197
-2.331188,3,832.546633
-2.279792,3,832.572753
-0.059597,1,832.582753
-1.133284,2,832.602756
-1.126986,2,832.623753
-3.496324,4,832.656754
-1.113499,2,832.671753
-1.165346,2,832.689753
-0.053699,1,832.702753
-0.016013,1,832.710753
-2.216986,3,832.734843
-3.356071,4,832.765184
-2.294894,3,832.795184
-2.314819,3,832.820279
-3.372553,4,832.857605
-2.329741,3,832.885742
-2.259534,3,832.921806
-2.299643,3,832.946805
-0.066328,1,832.954804
-1.118086,2,832.971028
-1.180349,2,832.992028
-2.289364,3,833.017028
-2.241274,3,833.042094
-2.330541,3,833.070203
-0.059401,1,833.083393
-1.192772,2,833.09968
-1.157431,2,833.117679
-1.094976,2,833.13681
-2.212379,3,833.166874
-2.221927,3,833.199286
-2.253888,3,833.234421
-2.308257,3,833.262423
-1.15697,2,833.282421
-2.279208,3,833.305523
-3.356643,4,833.34368
-2.289786,3,833.368929
-3.483278,4,833.404929
-2.275557,3,833.428929
-2.266861,3,833.452929
-2.196638,3,833.477929
-3.367758,4,833.514929
-2.275722,3,833.538929
-3.338989,4,833.570929
-2.261525,3,833.59593
-3.387035,4,833.636933
-0.065368,1,833.643933
-3.550359,4,833.682438
-3.393051,4,833.722439
-2.321061,3,833.758716
-2.243175,3,833.784717
-2.228216,3,833.8132
-1.12117,2,833.829199
-2.250613,3,833.8575
-1.143262,2,833.8735
-1.122137,2,833.888501
-0.071024,1,833.898609
-2.350383,3,833.929692
-0.060875,1,833.937694
-2.255034,3,833.960855
-2.304471,3,833.985093
-2.351449,3,834.014093
-1.193355,2,834.031197
-1.179694,2,834.047194
-1.146427,2,834.063343
-3.441592,4,834.099728
-2.333672,3,834.123881
-3.418007,4,834.161881
-0.022294,1,834.171882
-1.181522,2,834.194882
-3.421952,4,834.229136
-1.147203,2,834.24634
-2.370245,3,834.270339
-3.363993,4,834.306454
-2.284531,3,834.331455
-2.271776,3,834.356822
-2.25729,3,834.379819
-3.476768,4,834.416103
-3.395478,4,834.449234
-3.422416,4,834.481233
-2.364364,3,834.505479
-2.223154,3,834.535535
-2.25402,3,834.561691
-2.313012,3,834.592694
-2.225701,3,834.618804
-3.441627,4,834.658804
-0.047284,1,834.666803
-3.435213,4,834.699883
-3.411563,4,834.731297
-0.043197,1,834.742296
-2.27529,3,834.769297
-2.251119,3,834.794299
-2.221196,3,834.819932
-2.316106,3,834.855263
-2.294576,3,834.882511
-1.165492,2,834.904619
-1.144065,2,834.920716
-2.317912,3,834.950024
-2.218944,3,834.974023
-2.243479,3,834.999022
-3.399139,4,835.03309
-1.141479,2,835.056223
-1.173247,2,835.079428
-2.281588,3,835.109728
-1.179294,2,835.126728
-3.392265,4,835.164728
-0.046301,1,835.176962
-3.404355,4,835.213961
-2.26309,3,835.241961
-1.139962,2,835.262062
-1.127114,2,835.278177
-3.48734,4,835.311503
-1.124232,2,835.328007
-2.253451,3,835.356082
-2.323947,3,835.38008
-3.354999,4,835.41151
-2.288467,3,835.436573
-1.121968,2,835.460693
-0.059672,1,835.469693
-1.168363,2,835.485765
-1.118349,2,835.500765
-2.291592,3,835.534765
-3.452456,4,835.567924
-1.109873,2,835.583923
-0.039037,1,835.59318
-1.127169,2,835.613179
-2.267336,3,835.639179
-2.30878,3,835.67018
-2.255946,3,835.697301
-1.13952,2,835.717301
-1.10187,2,835.733301
-1.145285,2,835.750479
-1.166642,2,835.767849
-2.389724,3,835.796911
-2.243748,3,835.82091
-3.373925,4,835.853995
-2.314694,3,835.879146
-1.149999,2,835.898399
-2.281392,3,835.923402
-2.263028,3,835.951458
-2.307317,3,835.975995
-3.488684,4,836.01521
-2.24529,3,836.046462
-1.127989,2,836.06555
-1.130996,2,836.082828
-1.17672,2,836.103922
-1.201483,2,836.119922
-1.168918,2,836.135922
-0.064792,1,836.143922
-2.23985,3,836.173922
-2.268192,3,836.204922
-2.3026,3,836.239278
-2.296002,3,836.26351
-2.302011,3,836.29284
-0.071293,1,836.30084
-3.441834,4,836.334231
-0.059879,1,836.342446
-3.343097,4,836.377664
-3.326176,4,836.4133
-2.32216,3,836.4396
-2.313634,3,836.462601
-3.480511,4,836.498726
-2.268885,3,836.523725
-2.270697,3,836.550726
-1.166448,2,836.566725
-2.304281,3,836.594725
-0.062228,1,836.602725
-2.233226,3,836.627726
-1.196939,2,836.646727
-1.117792,2,836.666725
-2.328584,3,836.692726
-1.116631,2,836.708987
-3.475274,4,836.741363
-2.284686,3,836.769441
-3.484941,4,836.801876
-1.129356,2,836.820179
-1.130443,2,836.835179
-2.341299,3,836.863294
-1.180728,2,836.879553
-1.129688,2,836.895553
-3.449855,4,836.926807
-2.31205,3,836.955929
-2.277339,3,836.982929
-0.076452,1,836.990929
-2.281823,3,837.014224
-1.139059,2,837.036381
-0.065773,1,837.048381
-1.149056,2,837.068627
-2.273465,3,837.096132
-3.467847,4,837.13231
-1.135635,2,837.15131
-0.014457,1,837.160311
-3.472134,4,837.206569
-2.226321,3,837.237568
-0.026836,1,837.248863
-3.436217,4,837.281979
-1.116441,2,837.298979
-0.024931,1,837.310979
-2.216995,3,837.335209
-2.231754,3,837.360275
-3.377325,4,837.393346
-2.305368,3,837.422347
-2.256752,3,837.445834
-1.136839,2,837.460976
-0.07396,1,837.470062
-1.107808,2,837.490062
-3.459454,4,837.526063
-3.397425,4,837.558282
-0.066891,1,837.566282
-1.108187,2,837.587283
-3.374768,4,837.620283
-2.287634,3,837.645283
-3.355241,4,837.678282
-3.406257,4,837.715354
-1.198883,2,837.732354
-2.287007,3,837.757438
-3.431814,4,837.79509
-1.173637,2,837.814087
-1.159135,2,837.833087
-1.116024,2,837.849087
-2.299791,3,837.873087
-2.293798,3,837.901502
-2.284482,3,837.925504
-1.169382,2,837.941773
-0.064684,1,837.949773
-0.072664,1,837.963774
-2.261324,3,837.988773
-2.284737,3,838.012338
-2.271972,3,838.036339
-1.172552,2,838.058338
-1.172782,2,838.07534
-1.191005,2,838.091643
-3.433108,4,838.122319
-3.396667,4,838.161376
-2.24689,3,838.192375
-1.165491,2,838.207817
-3.467065,4,838.241535
-0.057687,1,838.253536
-1.135636,2,838.271535
-2.250813,3,838.299535
-2.333255,3,838.331233
-3.431642,4,838.36841
-2.256822,3,838.394687
-3.500554,4,838.425914
-3.40801,4,838.457545
-3.517699,4,838.494689
-2.305899,3,838.523688
-1.11565,2,838.543892
-2.242515,3,838.572068
-2.249491,3,838.601211
-2.236156,3,838.626211
-2.292626,3,838.650368
-2.300877,3,838.673366
-3.344902,4,838.715366
-1.164726,2,838.732367
-2.273593,3,838.755722
-1.127674,2,838.77196
-2.295645,3,838.799073
-2.294854,3,838.82619
-3.505852,4,838.858188
-1.150318,2,838.873188
-3.395636,4,838.909188
-2.26138,3,838.935487
-2.270709,3,838.959486
-3.381479,4,838.992486
-3.461646,4,839.027487
-2.336467,3,839.055486
-1.165757,2,839.072486
-3.364597,4,839.103544
-2.189634,3,839.132544
-1.128335,2,839.150546
-2.326264,3,839.182545
-3.388798,4,839.220544
-1.135319,2,839.243543
-2.309511,3,839.269546
-3.566651,4,839.303656
-1.160258,2,839.324655
-2.241386,3,839.352659
-2.275921,3,839.379163
-1.167966,2,839.396163
-2.212873,3,839.420295
-2.310257,3,839.452295
-2.21062,3,839.477551
-0.05988,1,839.486551
-2.3118,3,839.51269
-3.411172,4,839.554085
-2.249646,3,839.578087
-2.295984,3,839.608135
-2.299799,3,839.632133
-2.25243,3,839.660132
-2.269025,3,839.684132
-1.136798,2,839.706132
-0.046192,1,839.715132
-0.051631,1,839.727132
-3.401563,4,839.763134
-1.119977,2,839.784134
-1.135112,2,839.800132
-0.030716,1,839.812131
-3.408811,4,839.846132
-1.175836,2,839.861401
-2.30706,3,839.895755
-1.164511,2,839.91703
-0.023162,1,839.926031
-2.286337,3,839.954033
-3.360972,4,839.989275
-2.267668,3,840.020274
-1.128465,2,840.036273
-3.444699,4,840.069277
-2.367971,3,840.092273
-3.498664,4,840.131352
-3.475641,4,840.165358
-1.105099,2,840.186352
-2.380514,3,840.212352
-3.405429,4,840.250354
-3.48055,4,840.282615
-1.143795,2,840.299031
-2.299128,3,840.331034
-1.127696,2,840.353031
-1.148663,2,840.370032
-3.476492,4,840.402031
-2.321492,3,840.426033
-3.36121,4,840.463108
-1.173178,2,840.479692
-2.302726,3,840.503692
-2.247311,3,840.526744
-0.062932,1,840.541808
-2.325318,3,840.569806
-3.442845,4,840.601312
-3.437765,4,840.635362
-0.068044,1,840.649364
-3.467135,4,840.691362
-3.49437,4,840.728556
-2.238344,3,840.757695
-1.164903,2,840.784694
-2.281083,3,840.812694
-2.313249,3,840.840987
-1.125193,2,840.86319
-1.154175,2,840.885189
-2.281156,3,840.915189
-1.154681,2,840.93219
-1.154472,2,840.953499
-3.390849,4,840.990675
-2.291464,3,841.016676
-2.307923,3,841.042675
-2.307032,3,841.066736
-2.268648,3,841.094736
-3.352968,4,841.131738
-3.353009,4,841.173736
-2.248524,3,841.204737
-2.325556,3,841.23585
-2.223845,3,841.259849
-1.205744,2,841.27585
-2.234113,3,841.29985
-3.398221,4,841.336982
-3.360649,4,841.370982
-1.202062,2,841.386105
-2.219618,3,841.410171
-0.046736,1,841.42117
-2.267313,3,841.44848
-1.123651,2,841.46548
-1.186231,2,841.486481
-0.066608,1,841.49848
-2.310501,3,841.522479
-2.303621,3,841.54648
-2.310205,3,841.57248
-2.212322,3,841.600481
-2.266404,3,841.624708
-1.134963,2,841.643708
-3.333146,4,841.678083
-2.230966,3,841.712082
-3.36022,4,841.753664
-1.130156,2,841.773879
-1.178692,2,841.792036
-1.141311,2,841.82039
-2.337299,3,841.852572
-2.291407,3,841.882572
-2.309881,3,841.907572
-3.429082,4,841.947749
-1.201955,2,841.973749
-3.436904,4,842.006474
-2.268548,3,842.031475
-2.247104,3,842.068475
-3.39515,4,842.100801
-1.157746,2,842.117965
-0.065178,1,842.125966
-2.276353,3,842.155038
-2.365825,3,842.184038
-0.048846,1,842.195038
-2.287869,3,842.22504
-2.287743,3,842.256037
-0.070906,1,842.264038
-2.284632,3,842.288037
-1.134457,2,842.304037
-1.167603,2,842.32604
-2.25252,3,842.35704
-2.323979,3,842.380445
-2.271361,3,842.403445
-2.303197,3,842.433688
-0.045875,1,842.442688
-2.227169,3,842.465688
-2.310512,3,842.488868
-3.429719,4,842.526033
-1.109781,2,842.54317
-3.39213,4,842.575331
-2.353493,3,842.598905
-1.107136,2,842.618905
-3.527725,4,842.651905
-1.176809,2,842.668905
-1.110714,2,842.684905
-2.357361,3,842.717906
-0.06236,1,842.729908
-2.311197,3,842.756164
-2.290439,3,842.781226
-2.262431,3,842.809226
-2.245615,3,842.836228
-2.323118,3,842.862501
-1.10226,2,842.881163
-3.416238,4,842.921221
-0.046214,1,842.929222
-0.017123,1,842.937223
-2.239382,3,842.961327
-0.069023,1,842.976453
-1.172489,2,842.992568
-1.109694,2,843.015568
-1.121118,2,843.031568
-3.414464,4,843.06957
-1.108295,2,843.086568
-1.140317,2,843.103568
-2.314463,3,843.128632
-1.150789,2,843.148968
-2.295657,3,843.176965
-2.244163,3,843.208965
-2.252363,3,843.233176
-2.280921,3,843.268312
-3.468254,4,843.305526
-2.274696,3,843.331527
-2.333501,3,843.354991
-2.285493,3,843.383046
-2.326095,3,843.409045
-2.289095,3,843.433184
-0.05604,1,843.441185
-0.04991,1,843.453274
-1.168781,2,843.473444
-1.124023,2,843.491575
-0.021925,1,843.499575
-3.475257,4,843.537922
-2.246902,3,843.561921
-3.425638,4,843.592921
-2.247866,3,843.616921
-2.293393,3,843.647129
-0.040609,1,843.655129
-3.424052,4,843.69167
-1.154856,2,843.70767
-2.215292,3,843.738671
-3.455223,4,843.815923
-3.464416,4,843.882599
-2.249082,3,843.926996
-3.376181,4,843.974307
-2.343182,3,844.006422
-2.323966,3,844.037492
-3.369344,4,844.086443
-0.016926,1,844.103439
-2.2432,3,844.140226
-1.109079,2,844.163226
-1.128649,2,844.193228
-3.413138,4,844.246226
-1.185487,2,844.262226
-2.206292,3,844.287686
-1.111358,2,844.303686
-1.171239,2,844.325686
-1.128567,2,844.342858
-3.403813,4,844.373858
-0.023669,1,844.384861
-1.130025,2,844.406859
-3.476307,4,844.442945
-1.198141,2,844.459184
-2.253026,3,844.482382
-0.049273,1,844.493467
-2.236384,3,844.522158
-2.242351,3,844.546157
-3.469458,4,844.577157
-1.153283,2,844.600673
-1.1356,2,844.619976
-0.059436,1,844.629147
-2.307082,3,844.653251
-2.270685,3,844.68649
-1.122448,2,844.70149
-3.397425,4,844.738627
-1.117253,2,844.762627
-3.443082,4,844.799625
-0.018514,1,844.808696
-2.306467,3,844.833695
-2.242752,3,844.858696
-1.182068,2,844.882824
-2.294625,3,844.908821
-2.354528,3,844.931895
-2.300987,3,844.958211
-0.074359,1,844.971211
-2.315986,3,844.995213
-3.484797,4,845.055692
-2.262214,3,845.08369
-1.167598,2,845.103774
-3.436482,4,845.140873
-1.103572,2,845.158978
-3.47992,4,845.192982
-2.287743,3,845.234491
-3.49299,4,845.274693
-2.323833,3,845.301694
-3.440269,4,845.337972
-3.401366,4,845.37625
-3.392812,4,845.421688
-1.16456,2,845.437688
-0.037596,1,845.445688
-1.143826,2,845.46479
-2.346881,3,845.49204
-2.257746,3,845.519158
-1.139099,2,845.535491
-0.037239,1,845.547492
-3.408234,4,845.579491
-2.36427,3,845.607492
-2.287703,3,845.632493
-1.162153,2,845.660609
-2.220905,3,845.693879
-0.064753,1,845.703945
-2.221806,3,845.727946
-2.226142,3,845.763946
-2.249752,3,845.799324
-1.184559,2,845.821435
-2.304773,3,845.846435
-3.381576,4,845.883435
-3.428786,4,845.925435
-2.295254,3,845.950436
-2.285281,3,845.974491
-3.410362,4,846.011019
-2.3594,3,846.036189
-3.391359,4,846.068263
-2.230954,3,846.092262
-3.432605,4,846.130262
-3.485251,4,846.166262
-2.236889,3,846.19234
-3.488944,4,846.229341
-3.405714,4,846.270342
-1.186073,2,846.290341
-2.284513,3,846.314341
-0.06324,1,846.32434
-3.528367,4,846.362348
-0.045991,1,846.373857
-0.034415,1,846.382855
-2.298632,3,846.407855
-3.455513,4,846.446854
-2.342623,3,846.476164
-2.354352,3,846.502252
-3.437524,4,846.533253
-2.298036,3,846.563377
-2.263241,3,846.588769
-1.157901,2,846.605769
-3.397002,4,846.637769
-2.351896,3,846.665769
-2.24361,3,846.690839
-2.3594,3,846.715838
-2.250527,3,846.740999
-3.483876,4,846.780998
-2.232268,3,846.81049
-3.514225,4,846.84349
-1.130881,2,846.85949
-1.158823,2,846.878604
-3.442788,4,846.91283
-2.226172,3,846.937883
-3.341986,4,846.969883
-2.252753,3,846.998062
-3.408284,4,847.032198
-2.315847,3,847.059336
-2.375008,3,847.087336
-1.160069,2,847.112681
-3.44052,4,847.150764
-0.063911,1,847.159764
-2.327381,3,847.183764
-3.367549,4,847.225922
-2.235831,3,847.252001
-1.188522,2,847.277004
-2.31129,3,847.307001
-0.037599,1,847.319166
-3.351892,4,847.354167
-3.427077,4,847.391166
-1.12143,2,847.40834
-2.284287,3,847.44534
-3.480763,4,847.48734
-0.067752,1,847.497339
-1.152946,2,847.515847
-2.246374,3,847.547428
-1.164944,2,847.565428
-2.297047,3,847.597567
-1.194087,2,847.620683
-2.220106,3,847.649941
-1.165073,2,847.666942
-1.141464,2,847.686006
-1.188141,2,847.711185
-0.059483,1,847.727185
-1.103445,2,847.749371
-3.445478,4,847.785371
-1.134756,2,847.808598
-2.245085,3,847.837596
-3.380484,4,847.869596
-3.385262,4,847.902596
-0.06901,1,847.910695
-1.152501,2,847.932698
-0.056721,1,847.940695
-2.351707,3,847.968696
-1.110295,2,847.984695
-2.343399,3,848.014695
-1.126136,2,848.033697
-3.409502,4,848.066695
-2.248667,3,848.092346
-3.476401,4,848.131398
-3.3547,4,848.167399
-0.030323,1,848.175398
-0.066857,1,848.183469
-3.43866,4,848.224723
-1.170809,2,848.244816
-2.322301,3,848.268813
-2.202365,3,848.293814
-2.340112,3,848.324885
-3.463114,4,848.358885
-1.183589,2,848.374884
-2.230391,3,848.399133
-1.169988,2,848.418604
-2.293219,3,848.449604
-2.29342,3,848.474739
-2.287965,3,848.498888
-2.253102,3,848.527372
-1.167427,2,848.542596
-0.073743,1,848.550597
-2.297476,3,848.577597
-3.484768,4,848.613682
-2.308164,3,848.637235
-0.027834,1,848.645388
-2.247264,3,848.674958
-2.311585,3,848.713203
-3.467945,4,848.750063
-2.240746,3,848.781142
-2.231607,3,848.805142
-1.158393,2,848.829208
-0.075687,1,848.839209
-2.218962,3,848.862208
-2.283134,3,848.888298
-3.487603,4,848.923508
-1.111132,2,848.939627
-0.05537,1,848.947628
-2.283029,3,848.970627
-3.391609,4,849.011699
-1.117379,2,849.0317
-1.197385,2,849.048005
-2.303289,3,849.071237
-1.119552,2,849.091355
-3.361071,4,849.125456
-1.138376,2,849.140456
-2.221256,3,849.167647
-1.145162,2,849.188111
-3.453985,4,849.224204
-2.272444,3,849.252328
-0.072517,1,849.260328
-2.25136,3,849.28933
-2.312888,3,849.313328
-2.293465,3,849.340329
-3.365094,4,849.374328
-2.289309,3,849.402328
-0.075856,1,849.410328
-2.260938,3,849.4358
-2.317622,3,849.461183
-3.483661,4,849.496289
-2.351254,3,849.520663
-2.314857,3,849.545776
-3.435806,4,849.57841
-2.335566,3,849.606586
-2.207995,3,849.630694
-2.264498,3,849.655694
-2.281315,3,849.680487
-1.116784,2,849.700688
-2.234446,3,849.72483
-0.051218,1,849.732999
-0.066628,1,849.741097
-2.299322,3,849.772098
-2.3115,3,849.795421
-2.285945,3,849.824156
-2.365079,3,849.849258
-3.37846,4,849.891457
-2.319511,3,849.924852
-2.331017,3,849.949448
-3.494665,4,849.98294
-3.577422,4,850.019014
-2.328177,3,850.045352
-1.168004,2,850.064405
-3.367224,4,850.097831
-3.543854,4,850.134198
-2.23998,3,850.157199
-0.061962,1,850.166199
-1.117572,2,850.184454
-3.35611,4,850.227784
-1.187777,2,850.244784
-2.321734,3,850.268028
-0.056326,1,850.276028
-3.45783,4,850.314031
-2.326552,3,850.339031
-1.124934,2,850.355028
-2.298448,3,850.38113
-2.238171,3,850.410329
-1.160438,2,850.427329
-3.531389,4,850.45943
-2.326085,3,850.48343
-0.031357,1,850.495479
-1.163605,2,850.512477
-2.306268,3,850.53769
-2.275082,3,850.567894
-2.267853,3,850.59723
-1.113211,2,850.61223
-1.156644,2,850.628666
-3.338041,4,850.661949
-2.293788,3,850.691134
-2.307187,3,850.714259
-2.265236,3,850.740606
-3.436791,4,850.774856
-1.208075,2,850.798856
-2.334947,3,850.821982
-3.386429,4,850.854151
-3.451139,4,850.891152
-1.119489,2,850.912316
-3.389736,4,850.952148
-1.152358,2,850.974232
-1.181941,2,850.994232
-2.244507,3,851.029232
-2.333143,3,851.061617
-2.307728,3,851.098731
-2.210605,3,851.138789
-1.185503,2,851.160019
-1.148796,2,851.177021
-2.363189,3,851.204019
-2.289519,3,851.231019
-0.028805,1,851.244194
-2.246351,3,851.271316
-0.060056,1,851.280316
-1.181442,2,851.297526
-3.397288,4,851.337525
-3.468553,4,851.368815
-2.225007,3,851.39408
-2.302315,3,851.42608
-1.105773,2,851.447081
-1.174702,2,851.46308
-3.45382,4,851.494318
-2.29293,3,851.519319
-2.332227,3,851.547318
-2.263032,3,851.573438
-1.159592,2,851.589759
-1.176259,2,851.606941
-1.150386,2,851.627942
-2.276602,3,851.652941
-1.14405,2,851.668941
-2.298087,3,851.692137
-3.406225,4,851.728736
-2.277183,3,851.753805
-2.20573,3,851.776806
-0.070592,1,851.784806
-2.268918,3,851.815809
-3.335601,4,851.858806
-2.278171,3,851.882805
-1.155964,2,851.901808
-2.281336,3,851.93409
-0.060402,1,851.942091
-2.224875,3,851.968555
-1.149895,2,851.984655
-1.09634,2,852.003713
-3.409058,4,852.035853
-1.191819,2,852.051131
-3.575878,4,852.090762
-3.399266,4,852.135175
-1.114846,2,852.154416
-2.268456,3,852.18252
-0.028502,1,852.194714
-2.35708,3,852.227916
-2.339666,3,852.257422
-2.3038,3,852.285423
-0.053721,1,852.294421
-1.126939,2,852.316421
-1.159525,2,852.331421
-3.332345,4,852.363421
-1.189035,2,852.379421
-3.373046,4,852.417549
-1.177005,2,852.439485
-3.384557,4,852.47082
-1.171416,2,852.486819
-1.150546,2,852.508861
-3.474697,4,852.543023
-2.255077,3,852.567214
-3.373454,4,852.599383
-2.31931,3,852.62859
-0.047599,1,852.63659
-1.1321,2,852.652757
-2.329805,3,852.675756
-0.059594,1,852.687757
-2.280408,3,852.712756
-3.446166,4,852.746971
-3.377026,4,852.778469
-3.320599,4,852.821701
-3.413386,4,852.8587
-2.254333,3,852.8819
-2.280434,3,852.905901
-1.155903,2,852.926903
-2.28783,3,852.954901
-0.046457,1,852.962985
-3.396065,4,852.99504
-3.428236,4,853.031101
-1.125915,2,853.048174
-2.258157,3,853.072233
-3.50139,4,853.108829
-3.423428,4,853.146828
-3.391634,4,853.180828
-0.066784,1,853.189829
-2.289736,3,853.21483
-0.02951,1,853.233343
-0.061033,1,853.245259
-3.448068,4,853.284319
-2.307667,3,853.309504
-2.260003,3,853.339505
-3.414069,4,853.371841
-1.119551,2,853.390172
-1.159811,2,853.407171
-1.177368,2,853.428173
-3.363501,4,853.464171
-2.300341,3,853.489171
-2.25853,3,853.514171
-0.037435,1,853.525171
-3.413356,4,853.559309
-2.27284,3,853.583308
-0.073184,1,853.592375
-2.253507,3,853.621375
-2.286235,3,853.645374
-3.411186,4,853.675905
-1.193842,2,853.691905
-2.272544,3,853.722056
-2.230556,3,853.746056
-2.287828,3,853.775242
-1.164395,2,853.791242
-3.382061,4,853.829242
-2.319952,3,853.853242
-1.155225,2,853.86951
-1.151559,2,853.884511
-1.128108,2,853.90551
-2.283304,3,853.93151
-3.353594,4,853.96651
-1.17096,2,853.982736
-1.154306,2,854.006736
-3.387853,4,854.046874
-1.120548,2,854.065873
-3.46542,4,854.09715
-2.287204,3,854.131234
-2.36326,3,854.157299
-2.277792,3,854.181298
-2.266482,3,854.204299
-0.066274,1,854.224301
-2.330396,3,854.253394
-2.284512,3,854.278557
-2.316595,3,854.301914
-2.290119,3,854.333031
-3.355081,4,854.366031
-1.185517,2,854.38219
-3.40991,4,854.415696
-2.252984,3,854.450698
-3.463368,4,854.485795
-3.416097,4,854.521795
-2.258743,3,854.544999
-1.109108,2,854.567147
-2.373045,3,854.592385
-3.397621,4,854.625559
-0.05844,1,854.63356
-1.12195,2,854.652561
-1.155411,2,854.676562
-3.389784,4,854.711559
-1.162311,2,854.727559
-2.260711,3,854.755559
-2.366339,3,854.779718
-1.1671,2,854.796717
-2.257917,3,854.828717
-1.175841,2,854.852719
-2.281788,3,854.882717
-3.364234,4,854.923717
-2.349367,3,854.955072
-2.216065,3,854.990071
-3.386089,4,855.026369
-2.209511,3,855.052507
-3.447372,4,855.083663
-0.049079,1,855.094663
-1.157257,2,855.113662
-1.184307,2,855.130822
-0.044961,1,855.138822
-2.24331,3,855.167822
-3.335519,4,855.199822
-2.343058,3,855.224822
-1.191018,2,855.248895
-1.119142,2,855.275895
-1.118079,2,855.291895
-2.279109,3,855.315895
-1.158993,2,855.334896
-1.146246,2,855.358897
-2.309937,3,855.385895
-3.411728,4,855.416995
-1.167691,2,855.433997
-0.066048,1,855.444994
-0.06513,1,855.452995
-1.176927,2,855.474994
-0.02646,1,855.483098
-2.231454,3,855.511253
-2.318291,3,855.537931
-1.157724,2,855.566537
-2.27252,3,855.590539
-2.342316,3,855.62154
-0.043936,1,855.630538
-2.274146,3,855.658669
-2.2293,3,855.683669
-3.365061,4,855.726671
-2.284749,3,855.751668
-3.419704,4,855.784668
-1.167591,2,855.801843
-0.020936,1,855.812843
-2.25595,3,855.844058
-2.260982,3,855.870058
-2.3072,3,855.902058
-2.224446,3,855.93306
-2.290993,3,855.958192
-2.285352,3,855.984191
-0.026401,1,855.992318
-2.263278,3,856.025367
-2.305078,3,856.056368
-3.42556,4,856.093367
-2.256218,3,856.118369
-3.33739,4,856.154579
-1.173765,2,856.169821
-2.245503,3,856.192821
-2.313265,3,856.217821
-2.302741,3,856.249823
-1.110178,2,856.268821
-2.283033,3,856.293821
-3.428933,4,856.326821
-1.167025,2,856.347952
-1.171488,2,856.370953
-2.324597,3,856.394951
-1.123829,2,856.410951
-1.15535,2,856.432951
-2.313362,3,856.458951
-0.074296,1,856.467951
-1.170454,2,856.487951
-2.256132,3,856.518951
-2.293457,3,856.542951
-2.319648,3,856.568951
-2.234641,3,856.592072
-1.157287,2,856.612185
-1.171238,2,856.629182
-2.304593,3,856.653183
-2.307779,3,856.680185
-0.064517,1,856.693874
-3.366857,4,856.742147
-3.418404,4,856.775254
-2.283666,3,856.808497
-2.24781,3,856.838496
-2.316095,3,856.862496
-2.277314,3,856.890496
-3.446177,4,856.927497
-1.125641,2,856.948497
-0.055709,1,856.957496
-0.058008,1,856.965496
-1.171513,2,856.984497
-3.366564,4,857.023955
-1.146313,2,857.039305
-1.125867,2,857.055402
-2.251637,3,857.079457
-0.028555,1,857.090458
-3.400335,4,857.125553
-2.35042,3,857.149868
-2.243579,3,857.173865
-2.282553,3,857.202865
-3.496928,4,857.238069
-2.284594,3,857.272069
-1.133964,2,857.292071
-2.348951,3,857.32807
-2.293816,3,857.356069
-2.205053,3,857.380069
-1.176701,2,857.396069
-3.419414,4,857.434069
-2.319178,3,857.458069
-2.308327,3,857.482069
-0.066687,1,857.49407
-1.171459,2,857.556071
-2.308906,3,857.605452
-0.026023,1,857.621453
-2.308878,3,857.665192
-1.144949,2,857.702427
-2.353713,3,857.735425
-2.312682,3,857.766486
-2.211872,3,857.798867
-1.118709,2,857.823869
-2.296828,3,857.860377
-2.286401,3,857.89688
-2.324371,3,857.932158
-2.315681,3,857.974159
-3.448179,4,858.018219
-2.274695,3,858.042218
-1.162057,2,858.058219
-2.272935,3,858.0905
-2.217206,3,858.115501
-2.286025,3,858.141499
-2.254439,3,858.1655
-0.072811,1,858.176563
-1.143076,2,858.193564
-0.058326,1,858.203564
-2.30316,3,858.228564
-0.01562,1,858.243566
-2.342715,3,858.273563
-2.226164,3,858.298564
-2.306493,3,858.331636
-3.477727,4,858.367636
-3.458001,4,858.399636
-1.172818,2,858.415694
-2.306073,3,858.441799
-2.38909,3,858.472802
-1.151702,2,858.491799
-1.142922,2,858.509799
-0.056619,1,858.517799
-2.233376,3,858.54792
-1.174336,2,858.56392
-1.117805,2,858.57992
-2.30228,3,858.602971
-2.257965,3,858.632422
-3.444694,4,858.667597
-1.109464,2,858.686596
-2.342706,3,858.710597
-2.263855,3,858.73893
-3.469009,4,858.773065
-2.282684,3,858.802288
-2.36229,3,858.826288
-2.300224,3,858.853288
-3.400294,4,858.888357
-2.362443,3,858.914441
-2.30237,3,858.939625
-1.156036,2,858.962981
-1.154646,2,858.980057
-2.373763,3,859.009162
-2.301054,3,859.033671
-2.2337,3,859.065671
-2.273191,3,859.09167
-0.033541,1,859.100844
-3.473192,4,859.138972
-0.028557,1,859.150972
-1.113919,2,859.167972
-0.053525,1,859.175971
-2.22528,3,859.204136
-0.055844,1,859.216195
-1.154686,2,859.233396
-1.173742,2,859.256397
-2.298683,3,859.286658
-3.424741,4,859.327805
-2.271031,3,859.352802
-2.266023,3,859.377805
-1.128918,2,859.392802
-3.465499,4,859.431802
-2.207793,3,859.45586
-1.162519,2,859.472055
-3.374814,4,859.509055
-1.16105,2,859.531055
-3.462396,4,859.563055
-0.062619,1,859.572055
-0.038876,1,859.581055
-1.168193,2,859.601055
-3.482254,4,859.633055
-3.349793,4,859.666265
-2.220815,3,859.692331
-1.135013,2,859.714328
-2.301098,3,859.744415
-2.232054,3,859.769525
-2.293707,3,859.792693
-2.233454,3,859.820794
-2.287895,3,859.848998
-3.415007,4,859.885233
-3.37755,4,859.925233
-0.024578,1,859.937358
-0.025861,1,859.95036
-2.310005,3,859.978359
-2.282223,3,860.002359
-2.267064,3,860.032358
-2.209148,3,860.056358
-3.500203,4,860.090359
-3.40058,4,860.121651
-3.516583,4,860.161777
-0.040796,1,860.169777
-1.168652,2,860.192425
-2.305383,3,860.216425
-3.40992,4,860.259548
-3.386156,4,860.298956
-3.417302,4,860.339958
-0.058385,1,860.349955
-1.10477,2,860.371141
-2.279623,3,860.398142
-3.470094,4,860.436143
-3.38885,4,860.467836
-2.282904,3,860.496169
-1.155679,2,860.513242
-2.310935,3,860.579382
-2.24873,3,860.638731
-1.11345,2,860.671914
-0.027226,1,860.685914
-0.079761,1,860.698912
-1.161329,2,860.726316
-1.128701,2,860.753384
-3.38162,4,860.793506
-2.249569,3,860.824506
-2.351717,3,860.861591
-3.369893,4,860.911589
-3.541344,4,860.94459
-0.041432,1,860.954589
-1.189395,2,860.976592
-2.246258,3,861.00677
-2.2229,3,861.03777
-2.211896,3,861.07477
-2.255099,3,861.11077
-0.074981,1,861.12677
-0.038723,1,861.13977
-2.321606,3,861.174046
-2.25712,3,861.206142
-2.318761,3,861.242393
-0.040271,1,861.253394
-0.029647,1,861.266393
-2.314623,3,861.296501
-2.237186,3,861.325852
-3.346902,4,861.360132
-1.13117,2,861.378132
-1.142706,2,861.398131
-2.276649,3,861.436134
-0.073613,1,861.447278
-2.32362,3,861.479491
-0.022135,1,861.491493
-3.498309,4,861.527812
-1.122626,2,861.54685
-1.178154,2,861.56285
-2.292382,3,861.585849
-3.394699,4,861.623956
-2.331774,3,861.648104
-3.392224,4,861.679105
-2.303253,3,861.704104
-2.267905,3,861.737278
-1.158845,2,861.753378
-2.272603,3,861.777377
-1.129037,2,861.795379
-1.116414,2,861.818491
-2.268674,3,861.843492
-2.316951,3,861.866951
-2.334005,3,861.889951
-3.434707,4,861.931014
-0.051541,1,861.942014
-2.349704,3,861.968233
-2.355376,3,861.991233
-2.237099,3,862.022233
-2.227613,3,862.053234
-3.380853,4,862.091233
-1.179973,2,862.112311
-2.230351,3,862.142525
-3.512735,4,862.174618
-3.419568,4,862.213621
-2.294758,3,862.238941
-1.160389,2,862.266259
-2.227097,3,862.291259
-1.125676,2,862.306257
-2.30754,3,862.334327
-2.251537,3,862.366328
-2.271883,3,862.391328
-0.023742,1,862.399328
-2.299394,3,862.423327
-0.066063,1,862.435328
-2.225959,3,862.462836
-1.153701,2,862.48589
-2.325328,3,862.512006
-1.134528,2,862.535139
-1.170939,2,862.554137
-2.301314,3,862.58414
-2.301867,3,862.610138
-1.180601,2,862.629137
-2.292265,3,862.654138
-1.119777,2,862.672139
-1.10778,2,862.697138
-0.076638,1,862.709398
-2.318322,3,862.734638
-2.290085,3,862.758636
-1.12576,2,862.773636
-3.413719,4,862.813636
-2.347625,3,862.838636
-2.290859,3,862.861771
-2.28091,3,862.885071
-1.154638,2,862.908072
-3.380984,4,862.944071
-3.467448,4,862.980447
-3.385941,4,863.012677
-1.119189,2,863.033891
-2.24765,3,863.058291
-2.288829,3,863.081355
-2.249254,3,863.105415
-1.122567,2,863.164474
-1.16027,2,863.180714
-0.061247,1,863.189039
-1.143506,2,863.205107
-1.130107,2,863.225154
-0.046971,1,863.236248
-2.264738,3,863.26534
-2.295379,3,863.29234
-2.313015,3,863.324427
-2.300281,3,863.349775
-2.323504,3,863.374909
-2.233285,3,863.398994
-2.280166,3,863.427997
-1.145666,2,863.444994
-2.287399,3,863.470228
-2.283597,3,863.494313
-2.256413,3,863.522469
-1.197105,2,863.54347
-3.537946,4,863.580471
-2.259314,3,863.607974
-0.062007,1,863.620074
-1.190059,2,863.637075
-2.31853,3,863.662349
-0.081329,1,863.671552
-0.070586,1,863.686686
-3.401648,4,863.725686
-1.196585,2,863.741008
-2.239912,3,863.765007
-1.146276,2,863.7863
-3.38038,4,863.827484
-1.160504,2,863.843636
-2.226832,3,863.867636
-3.39675,4,863.916748
-0.01958,1,863.928746
-2.208792,3,863.953744
-2.256764,3,863.976743
-1.197436,2,863.997278
-2.237328,3,864.023598
-2.353193,3,864.052598
-3.500214,4,864.0846
-2.237566,3,864.114598
-0.035481,1,864.122599
-2.30306,3,864.151598
-2.222824,3,864.174661
-1.130875,2,864.195661
-2.2858,3,864.224661
-3.375883,4,864.262066
-0.044839,1,864.273067
-3.444662,4,864.309066
-0.048854,1,864.318301
-3.472323,4,864.352852
-1.18782,2,864.368949
-3.469725,4,864.405596
-1.159471,2,864.421596
-2.392599,3,864.450598
-2.276943,3,864.476595
-1.179956,2,864.495655
-2.288464,3,864.521036
-3.43479,4,864.555036
-2.249988,3,864.592036
-3.3394,4,864.628037
-1.138977,2,864.644036
-2.276548,3,864.669104
-2.283306,3,864.694317
-2.315266,3,864.722321
-3.409991,4,864.754824
-3.426329,4,864.796937
-1.14286,2,864.813937
-0.078378,1,864.826004
-3.400862,4,864.862236
-3.408492,4,864.897438
-2.346648,3,864.92969
-2.245092,3,864.95769
-2.293771,3,864.98382
-2.258539,3,865.010121
-1.124641,2,865.03312
-3.519061,4,865.072179
-2.321556,3,865.098177
-2.214917,3,865.122179
-3.487043,4,865.153282
-1.109696,2,865.173282
-1.180984,2,865.19328
-2.208739,3,865.218432
-1.127331,2,865.235432
-2.344499,3,865.272554
-3.416013,4,865.307613
-2.32587,3,865.335614
-2.324898,3,865.360693
-3.481741,4,865.410807
-2.22978,3,865.437806
-1.115203,2,865.453805
-2.322769,3,865.477805
-3.418514,4,865.517806
-1.114561,2,865.534805
-3.370416,4,865.569804
-1.146275,2,865.585805
-3.479781,4,865.626036
-2.305531,3,865.652036
-3.470426,4,865.686037
-1.129249,2,865.70717
-3.357272,4,865.744521
-2.34629,3,865.770702
-3.389952,4,865.801702
-2.303693,3,865.825702
-0.034989,1,865.841801
-0.047221,1,865.849943
-2.316589,3,865.876529
-3.434978,4,865.910588
-3.423818,4,865.947588
-3.528487,4,865.989652
-0.040009,1,866.00065
-1.15992,2,866.017649
-2.282727,3,866.046043
-3.436482,4,866.080044
-2.268808,3,866.112046
-0.034727,1,866.124044
-3.475804,4,866.16024
-3.493213,4,866.193508
-2.284017,3,866.218755
-0.048578,1,866.226754
-2.33693,3,866.261471
-1.143567,2,866.279526
-0.071188,1,866.287699
-3.370121,4,866.325166
-1.135339,2,866.348336
-0.061272,1,866.357336
-1.130031,2,866.374401
-2.229729,3,866.407662
-2.276305,3,866.444846
-0.048521,1,866.456848
-0.058813,1,866.466845
-0.06994,1,866.474845
-3.513739,4,866.509964
-3.355887,4,866.544257
-2.272517,3,866.568373
-3.42537,4,866.599571
-2.276284,3,866.635571
-1.165221,2,866.655628
-1.105859,2,866.671727
-2.316259,3,866.695047
-0.030041,1,866.706466
-2.227106,3,866.732465
-0.052757,1,866.740583
-2.238866,3,866.766584
-3.360005,4,866.802584
-1.159332,2,866.822061
-1.134675,2,866.838061
-3.395299,4,866.872132
-1.186181,2,866.893131
-0.028233,1,866.901131
-2.279792,3,866.925131
-3.523523,4,866.957131
-0.031841,1,866.970131
-3.356588,4,867.002324
-1.119436,2,867.0181
-0.043021,1,867.031102
-1.172547,2,867.053103
-2.317327,3,867.0801
-2.236524,3,867.1101
-1.164383,2,867.132373
-1.131327,2,867.152371
-2.258922,3,867.178546
-2.328295,3,867.204616
-3.536094,4,867.235949
-2.35927,3,867.26845
-1.167846,2,867.287629
-0.039271,1,867.296629
-2.315937,3,867.324696
-3.374563,4,867.360696
-1.16213,2,867.377067
-2.328288,3,867.402188
-2.223679,3,867.431441
-0.066561,1,867.445442
-1.159707,2,867.463441
-3.494383,4,867.496642
-1.112126,2,867.512775
-1.173514,2,867.541971
-1.143203,2,867.561969
-3.409193,4,867.596049
-2.278017,3,867.62205
-3.420367,4,867.663049
-2.32425,3,867.687049
-2.256552,3,867.710049
-3.447723,4,867.743217
-3.392697,4,867.781331
-0.052257,1,867.789331
-1.172933,2,867.805331
-3.402011,4,867.837409
-3.538938,4,867.874671
-3.460918,4,867.905936
-3.460123,4,867.938622
-3.477092,4,867.971894
-2.244244,3,867.999894
-2.261216,3,868.023894
-2.222267,3,868.052052
-3.484193,4,868.08512
-1.109615,2,868.110119
-3.428257,4,868.146121
-0.036474,1,868.155121
-2.306298,3,868.185817
-2.333627,3,868.215043
-2.322847,3,868.241121
-3.35711,4,868.290333
-2.275221,3,868.320333
-2.37645,3,868.353666
-3.44262,4,868.386796
-2.306792,3,868.412864
-1.170744,2,868.428974
-1.151485,2,868.449972
-2.340092,3,868.480973
-3.441553,4,868.518972
-1.15932,2,868.533972
-0.066026,1,868.546124
-2.201745,3,868.571124
-2.244489,3,868.596124
-2.288362,3,868.620124
-2.280288,3,868.652124
-1.165985,2,868.672124
-3.396916,4,868.707292
-0.06294,1,868.71529
-3.356506,4,868.752512
-3.373045,4,868.784512
-1.125625,2,868.799512
-2.252719,3,868.824746
-2.316903,3,868.856746
-2.297211,3,868.880945
-2.306955,3,868.90434
-2.235898,3,868.929684
-1.154332,2,868.949684
-2.359443,3,868.973684
-3.393018,4,869.005684
-1.111073,2,869.021684
-2.283787,3,869.052977
-1.115103,2,869.068977
-2.317328,3,869.092276
-2.245719,3,869.116278
-1.131894,2,869.136276
-3.471067,4,869.224646
-1.124153,2,869.262828
-3.395572,4,869.318165
-1.178466,2,869.359547
-1.141633,2,869.383542
-1.157647,2,869.404544
-2.276144,3,869.443766
-0.061183,1,869.46005
-1.150808,2,869.491263
-0.077337,1,869.504263
-1.160797,2,869.527414
-0.051489,1,869.541413
-0.059636,1,869.552413
-2.296174,3,869.588658
-3.368743,4,869.624805
-1.127885,2,869.644805
-2.289564,3,869.671805
-3.599315,4,869.705805
-1.151419,2,869.722869
-2.335277,3,869.754071
-2.280711,3,869.777131
-2.263725,3,869.802131
-3.394602,4,869.835133
-2.286501,3,869.863131
-2.229341,3,869.887503
-2.237502,3,869.911597
-2.328565,3,869.945597
-2.309548,3,869.974664
-3.459726,4,870.006664
-3.407998,4,870.040819
-2.292648,3,870.069931
-1.16367,2,870.091933
-2.201324,3,870.115931
-1.150764,2,870.131931
-2.263328,3,870.157491
-2.346128,3,870.189491
-1.102401,2,870.205491
-2.251024,3,870.22996
-3.451178,4,870.26804
-2.222625,3,870.297237
-2.301625,3,870.326236
-1.166196,2,870.342356
-2.3402,3,870.367481
-3.443243,4,870.403781
-2.306002,3,870.428175
-1.172937,2,870.444349
-1.177442,2,870.461016
-1.161976,2,870.482171
-3.351788,4,870.518171
-3.48952,4,870.552419
-1.121426,2,870.569614
-3.386276,4,870.610737
-1.12893,2,870.62786
-2.3249,3,870.651281
-2.333057,3,870.67628
-1.190111,2,870.698282
-0.071689,1,870.70628
-2.205235,3,870.731453
-3.380417,4,870.765664
-2.309466,3,870.794743
-3.434856,4,870.827035
-3.461135,4,870.858326
-1.178494,2,870.877326
-2.316917,3,870.907326
-2.269427,3,870.932326
-2.285946,3,870.955599
-1.138086,2,870.971856
-2.296553,3,870.999909
-2.26455,3,871.024909
-0.062785,1,871.033968
-2.319953,3,871.05697
-0.028307,1,871.069339
-3.434754,4,871.105339
-1.126086,2,871.122339
-3.330642,4,871.154339
-1.168429,2,871.179341
-1.191648,2,871.196338
-3.404865,4,871.233679
-1.195343,2,871.258809
-2.33143,3,871.29281
-2.24074,3,871.331029
-2.286081,3,871.358029
-3.442377,4,871.398336
-1.132229,2,871.428482
-1.142281,2,871.444479
-0.052793,1,871.45448
-2.344562,3,871.479674
-2.264088,3,871.508673
-2.229099,3,871.532673
-3.340867,4,871.567798
-0.035038,1,871.579979
-1.149072,2,871.599179
-3.402568,4,871.639433
-0.043874,1,871.65158
-2.19394,3,871.67558
-2.328226,3,871.71158
-3.408392,4,871.74858
-2.321004,3,871.77458
-2.228465,3,871.802887
-0.076395,1,871.821135
-2.295437,3,871.847236
-3.389528,4,871.879238
-1.174682,2,871.896236
-2.264174,3,871.931427
-1.158114,2,871.950741
-2.336767,3,871.973971
-1.119885,2,871.991141
-3.426436,4,872.028141
-1.142617,2,872.044141
-1.154662,2,872.05914
-2.28769,3,872.083141
-3.498374,4,872.12244
-2.222432,3,872.145442
-2.343738,3,872.16968
-3.38548,4,872.206681
-1.180894,2,872.264625
-2.341606,3,872.312837
-1.16516,2,872.341993
-3.428189,4,872.398167
-2.317645,3,872.442167
-3.342611,4,872.479456
-1.113721,2,872.503698
-0.057168,1,872.515699
-1.166432,2,872.550698
-2.256554,3,872.588806
-3.390617,4,872.625275
-2.301205,3,872.650275
-1.159848,2,872.670275
-3.507885,4,872.702275
-3.468382,4,872.734275
-1.094761,2,872.750277
-2.253819,3,872.784781
-2.282453,3,872.808938
-1.171375,2,872.825002
-0.023139,1,872.833069
-2.310688,3,872.86723
-0.063581,1,872.87623
-3.485375,4,872.91123
-1.135109,2,872.926492
-1.137132,2,872.94803
-3.470527,4,872.982029
-2.284398,3,873.00603
-0.018781,1,873.014029
-2.226763,3,873.04503
-2.290883,3,873.07503
-2.276687,3,873.100207
-2.25702,3,873.124207
-1.113569,2,873.144334
-0.056786,1,873.15243
-3.372626,4,873.18943
-2.282727,3,873.216429
-1.110144,2,873.239555
-3.459519,4,873.276164
-1.177537,2,873.292232
-0.041618,1,873.302232
-2.289379,3,873.330335
-3.353829,4,873.361564
-3.421259,4,873.392853
-1.137663,2,873.409856
-2.319364,3,873.438854
-2.304839,3,873.462081
-2.288701,3,873.485253
-1.181476,2,873.501374
-1.133804,2,873.522374
-2.346052,3,873.551374
-0.040859,1,873.559374
-3.474358,4,873.590663
-2.317113,3,873.620776
-1.162675,2,873.640775
-3.387078,4,873.673892
-0.061072,1,873.681892
-2.233027,3,873.709892
-2.279493,3,873.733892
-2.245392,3,873.765063
-3.431037,4,873.797396
-3.445372,4,873.844516
-2.275633,3,873.874621
-1.17423,2,873.889622
-2.295689,3,873.919418
-2.292956,3,873.947417
-2.242085,3,873.975417
-2.205805,3,874.006517
-1.203223,2,874.022623
-3.469789,4,874.058624
-1.160749,2,874.075623
-2.275182,3,874.100623
-2.304779,3,874.123743
-0.060102,1,874.135798
-2.228709,3,874.159878
-2.256241,3,874.184877
-1.121329,2,874.201878
-2.28354,3,874.230878
-1.151204,2,874.249878
-2.243609,3,874.285878
-3.35681,4,874.321113
-1.162447,2,874.341306
-1.187095,2,874.356306
-2.262318,3,874.380441
-2.217413,3,874.405441
-1.165899,2,874.426441
-2.20729,3,874.449603
-0.057045,1,874.457674
-2.20278,3,874.481782
-1.104322,2,874.501836
-2.294785,3,874.527949
-3.489448,4,874.564218
-1.146938,2,874.580618
-0.063527,1,874.591618
-0.047504,1,874.600619
-2.323309,3,874.629697
-2.268183,3,874.65382
-3.378717,4,874.691065
-2.289513,3,874.714065
-1.157016,2,874.732064
-0.052869,1,874.740064
-2.258649,3,874.769067
-1.161965,2,874.786065
-2.238583,3,874.810395
-2.357645,3,874.836396
-2.297362,3,874.870459
-3.388902,4,874.905653
-2.30267,3,874.937708
-1.129696,2,874.961814
-1.127981,2,874.981814
-2.344485,3,875.005816
-3.368718,4,875.038026
-3.541235,4,875.075734
-0.042292,1,875.086807
-3.471738,4,875.131228
-2.333285,3,875.164227
-3.472059,4,875.197523
-2.297084,3,875.225839
-0.056294,1,875.233839
-2.268217,3,875.261041
-2.286167,3,875.289261
-2.317756,3,875.319492
-2.305935,3,875.346877
-2.260324,3,875.371035
-2.342796,3,875.396035
-1.152014,2,875.420035
-2.249873,3,875.444136
-1.112043,2,875.460413
-3.486609,4,875.493576
-1.180496,2,875.515579
-2.28495,3,875.539576
-2.290005,3,875.562576
-1.127337,2,875.578576
-1.205517,2,875.606576
-2.329662,3,875.632638
-1.102362,2,875.64887
-3.372769,4,875.680194
-1.129215,2,875.701285
-3.40575,4,875.735285
-2.295757,3,875.760285
-3.368957,4,875.793287
-3.446645,4,875.832285
-0.074569,1,875.841285
-3.551134,4,875.87243
-1.154322,2,875.888734
-2.2801,3,875.915731
-2.249834,3,875.942732
-1.119879,2,875.95911
-2.283277,3,875.983239
-3.35139,4,876.018993
-1.115199,2,876.037993
-2.222253,3,876.061993
-2.329668,3,876.085993
-2.28595,3,876.113993
-2.282274,3,876.136994
-1.183701,2,876.153993
-2.267387,3,876.185717
-2.258879,3,876.21498
-2.315125,3,876.246051
-2.371861,3,876.27805
-0.058644,1,876.286052
-2.277776,3,876.31916
-2.231104,3,876.344223
-1.180177,2,876.366223
-2.336435,3,876.391407
-2.340751,3,876.419407
-2.305207,3,876.443407
-0.039708,1,876.451407
-1.189215,2,876.467408
-1.180629,2,876.489516
-2.239892,3,876.512516
-2.307066,3,876.538564
-1.139415,2,876.557561
-0.05675,1,876.569561
-1.187284,2,876.588561
-1.127799,2,876.605633
-1.197963,2,876.621701
-2.3838,3,876.64998
-3.433998,4,876.683979
-2.263694,3,876.80867
-3.440453,4,876.845978
-2.262668,3,876.880346
-3.519451,4,876.912735
-2.309487,3,876.939736
-2.227155,3,876.964797
-3.427441,4,877.008015
-0.043748,1,877.022014
-2.290581,3,877.046014
-2.270998,3,877.070014
-2.303048,3,877.098017
-2.327525,3,877.132015
-2.221149,3,877.161019
-2.335353,3,877.192457
-1.140812,2,877.220931
-3.393887,4,877.263931
-3.423457,4,877.295931
-0.042542,1,877.305996
-2.256633,3,877.338242
-2.235856,3,877.364242
-3.448823,4,877.444071
-2.221929,3,877.502843
-2.222779,3,877.555345
-1.174208,2,877.586344
-1.126524,2,877.606341
-2.261824,3,877.632553
-3.334725,4,877.683967
-3.457895,4,877.729672
-0.044697,1,877.739784
-1.15461,2,877.762999
-2.249145,3,877.803996
-3.377305,4,877.842147
-0.048558,1,877.8503
-2.247474,3,877.875613
-2.276589,3,877.905614
-3.383986,4,877.938681
-1.177479,2,877.953759
-1.172122,2,877.96976
-2.32076,3,878.00576
-2.21394,3,878.029828
-2.346795,3,878.053826
-1.184616,2,878.069105
-3.443587,4,878.107374
-2.268164,3,878.133485
-0.065689,1,878.142487
-3.426427,4,878.173603
-0.047446,1,878.185664
-2.272016,3,878.210009
-0.052857,1,878.218011
-2.20784,3,878.24701
-0.055516,1,878.264009
-2.337383,3,878.293279
-2.218094,3,878.316278
-3.409033,4,878.350387
-0.074319,1,878.364388
-2.3112,3,878.389576
-3.480029,4,878.42112
-3.485252,4,878.454123
-0.056311,1,878.46612
-1.181918,2,878.483186
-0.045781,1,878.491186
-2.344155,3,878.516634
-1.164288,2,878.536364
-2.329646,3,878.564362
-2.216197,3,878.599474
-1.113568,2,878.62081
-2.295153,3,878.655989
-1.153301,2,878.672185
-2.209772,3,878.696429
-3.443116,4,878.727978
-2.269644,3,878.755059
-1.174322,2,878.77806
-1.177163,2,878.795061
-3.345716,4,878.830061
-2.293354,3,878.86906
-2.310726,3,878.896058
-2.31254,3,878.920129
-3.416044,4,878.951845
-2.260723,3,878.978846
-1.193047,2,878.997845
-1.172889,2,879.014916
-3.399454,4,879.049979
-2.338056,3,879.078056
-3.394272,4,879.115059
-1.180056,2,879.131207
-2.256841,3,879.154397
-2.279779,3,879.182654
-2.301922,3,879.207655
-1.109569,2,879.224656
-3.482233,4,879.264818
-1.158133,2,879.285937
-0.074479,1,879.294937
-0.042362,1,879.302937
-2.254804,3,879.329938
-0.056637,1,879.341937
-2.238462,3,879.368937
-3.469679,4,879.400152
-0.054111,1,879.410153
-2.263614,3,879.441152
-0.04974,1,879.450152
-2.25432,3,879.474152
-2.328848,3,879.497773
-2.25824,3,879.525865
-0.058246,1,879.536866
-2.280452,3,879.564865
-2.250667,3,879.588187
-2.217592,3,879.616536
-2.243463,3,879.643536
-2.24165,3,879.670538
-2.30534,3,879.695046
-1.142121,2,879.721376
-2.26435,3,879.749377
-2.256348,3,879.778378
-1.117126,2,879.796438
-3.423386,4,879.832552
-3.383572,4,879.877817
-3.412082,4,879.909814
-2.257528,3,879.94232
-3.529015,4,879.984375
-2.224371,3,880.013502
-3.348902,4,880.044751
-2.337466,3,880.074979
-1.187618,2,880.101977
-2.336942,3,880.125976
-1.1695,2,880.144059
-2.277527,3,880.170453
-0.070094,1,880.181453
-1.153946,2,880.200453
-3.346617,4,880.23664
-2.315179,3,880.264913
-3.33574,4,880.308125
-2.255679,3,880.334246
-2.248121,3,880.364396
-2.281636,3,880.388927
-3.447803,4,880.427927
-0.070724,1,880.436927
-3.357255,4,880.468524
-2.227533,3,880.491695
-0.054548,1,880.503811
-2.317472,3,880.533811
-1.173693,2,880.549811
-2.261208,3,880.572811
-2.308016,3,880.60126
-1.140527,2,880.61626
-1.180464,2,880.63426
-2.287467,3,880.662364
-2.235284,3,880.690589
-1.166579,2,880.7069
-2.283821,3,880.7299
-1.155646,2,880.7519
-2.284927,3,880.7819
-0.062714,1,880.7899
-2.234831,3,880.813478
-2.323097,3,880.848564
-1.128833,2,880.875665
-2.286357,3,880.900875
-2.238273,3,880.934132
-2.329494,3,880.959292
-0.055634,1,880.972364
-2.281944,3,880.996417
-0.060749,1,881.004607
-2.219949,3,881.028018
-1.148761,2,881.04821
-2.352082,3,881.073209
-3.425401,4,881.10621
-0.066573,1,881.114209
-2.32059,3,881.14921
-2.222013,3,881.17421
-1.118145,2,881.191332
-0.023078,1,881.199332
-0.051862,1,881.211332
-2.296967,3,881.23657
-3.456183,4,881.272926
-3.46974,4,881.312929
-1.148173,2,881.341927
-0.066888,1,881.350925
-0.04954,1,881.359926
-3.388547,4,881.405035
-2.342149,3,881.440172
-3.45975,4,881.489282
-0.025473,1,881.499284
-2.245183,3,881.525282
-2.274827,3,881.564613
-3.408423,4,881.59689
-3.456101,4,881.639892
-2.265329,3,881.67523
-2.25055,3,881.704292
-2.262031,3,881.728476
-1.129288,2,881.745476
-0.064752,1,881.753475
-2.254986,3,881.78261
-3.376122,4,881.814609
-2.291559,3,881.848835
-1.1217,2,881.868959
-3.393343,4,881.907527
-1.154049,2,881.925526
-0.053028,1,881.933526
-3.411184,4,881.970037
-1.149035,2,881.991409
-1.146033,2,882.006408
-3.460628,4,882.043806
-2.277609,3,882.070896
-2.27274,3,882.098898
-2.317207,3,882.123001
-3.426393,4,882.156002
-1.175872,2,882.173249
-0.061247,1,882.18532
-3.455902,4,882.218256
-3.417986,4,882.257366
-0.043788,1,882.269366
-1.152125,2,882.291366
-3.397483,4,882.324366
-3.428798,4,882.363366
-2.324777,3,882.389805
-1.164026,2,882.418897
-2.261624,3,882.442987
-3.5096,4,882.474207
-1.178908,2,882.492207
-0.016502,1,882.505285
-0.072541,1,882.513282
-1.126709,2,882.529283
-3.409506,4,882.560483
-0.051644,1,882.572481
-2.272517,3,882.598482
-0.056351,1,882.606481
-2.228322,3,882.630483
-2.248643,3,882.660481
-2.32162,3,882.684481
-2.322765,3,882.712668
-0.04275,1,882.722833
-1.116978,2,882.743975
-3.503582,4,882.776407
-2.256917,3,882.799472
-2.273796,3,882.824622
-0.027054,1,882.837692
-2.251174,3,882.866692
-1.148662,2,882.886693
-2.230688,3,882.921692
-1.157527,2,882.941952
-3.411029,4,882.980216
-0.03396,1,882.988433
-0.059652,1,882.996434
-3.376538,4,883.034746
-0.061161,1,883.042846
-2.22098,3,883.067998
-3.38136,4,883.099502
-2.28454,3,883.128502
-2.32997,3,883.155646
-2.27279,3,883.182778
-3.401247,4,883.221877
-2.244559,3,883.253876
-1.177399,2,883.278955
-3.490497,4,883.319178
-3.39015,4,883.351175
-1.177651,2,883.378175
-2.314236,3,883.401315
-2.236806,3,883.424474
-1.13867,2,883.44057
-2.267567,3,883.47057
-3.379477,4,883.502632
-2.241458,3,883.526632
-2.299048,3,883.550745
-1.140586,2,883.572747
-3.431164,4,883.613869
-1.171059,2,883.628868
-1.185626,2,883.644869
-3.392548,4,883.681869
-3.381647,4,883.717191
-2.271726,3,883.745262
-1.171262,2,883.763263
-2.320759,3,883.793262
-2.334702,3,883.818263
-2.316198,3,883.842378
-3.332114,4,883.876377
-3.332446,4,883.915475
-0.035544,1,883.924631
-2.257243,3,883.947729
-1.162079,2,883.963727
-2.198194,3,883.992833
-1.113356,2,884.008994
-3.334841,4,884.042359
-0.042246,1,884.05136
-0.062556,1,884.06236
-2.270699,3,884.08736
-1.126595,2,884.103359
-3.426906,4,884.135432
-2.239447,3,884.164432
-2.321218,3,884.188432
-3.440866,4,884.218898
-2.291706,3,884.243955
-0.065415,1,884.25752
-2.301959,3,884.288696
-2.389257,3,884.317696
-2.291143,3,884.340696
-2.287363,3,884.371984
-3.445534,4,884.407985
-3.383963,4,884.439985
-2.321934,3,884.465049
-1.117464,2,884.486172
-2.350121,3,884.510172
-0.069615,1,884.519172
-1.164302,2,884.535172
-1.146012,2,884.555357
-1.143004,2,884.573354
-3.386029,4,884.606569
-2.307436,3,884.629635
-2.226559,3,884.658635
-2.24744,3,884.6847
-0.071588,1,884.693701
-2.299617,3,884.721882
-2.252609,3,884.750882
-0.050623,1,884.758882
-2.314539,3,884.784965
-2.324834,3,884.813965
-1.112215,2,884.833964
-2.390704,3,884.857964
-0.072884,1,884.870964
-3.477271,4,884.905109
-0.06814,1,884.918467
-1.184036,2,884.941467
-3.369314,4,884.973466
-0.047165,1,884.981467
-1.121863,2,885.000467
-3.387347,4,885.035653
-3.527267,4,885.067653
-3.386568,4,885.098653
-2.223421,3,885.131755
-2.289332,3,885.160754
-3.446747,4,885.191754
-2.248852,3,885.214754
-2.299862,3,885.244928
-1.122008,2,885.260928
-2.257506,3,885.290251
-2.26415,3,885.316784
-2.315329,3,885.349786
-3.485645,4,885.385004
-2.253555,3,885.408128
-2.336806,3,885.433693
-1.112301,2,885.455756
-1.109436,2,885.471846
-0.035588,1,885.479955
-1.141686,2,885.500252
-1.134648,2,885.521251
-0.060528,1,885.529251
-2.302538,3,885.556251
-3.425738,4,885.58852
-1.13971,2,885.60752
-2.347208,3,885.63152
-3.33283,4,885.66452
-2.260348,3,885.68952
-2.296926,3,885.718521
-2.213572,3,885.74552
-1.198591,2,885.76152
-2.281953,3,885.787569
-0.060384,1,885.799571
-1.110547,2,885.815568
-2.281536,3,885.839678
-2.305431,3,885.864918
-2.255956,3,885.894917
-2.245661,3,885.918919
-2.262803,3,885.942104
-1.194171,2,885.958363
-2.32574,3,885.993365
-1.150062,2,886.010363
-2.264833,3,886.034362
-1.151452,2,886.050363
-2.260406,3,886.078363
-3.463564,4,886.112365
-2.237162,3,886.136511
-2.307487,3,886.159511
-0.044365,1,886.171511
-3.419403,4,886.204511
-2.309364,3,886.22951
-2.239327,3,886.253511
-2.215666,3,886.287724
-3.419184,4,886.327726
-2.279868,3,886.355723
-2.280717,3,886.379723
-3.359755,4,886.416723
-2.295029,3,886.443799
-2.325535,3,886.467907
-3.45446,4,886.500128
-1.093759,2,886.523222
-2.275932,3,886.553724
-2.266338,3,886.577723
-1.175301,2,886.593723
-2.331754,3,886.629724
-1.150235,2,886.651723
-2.238476,3,886.675724
-3.417814,4,886.706888
-0.06318,1,886.71902
-2.252331,3,886.747019
-2.343283,3,886.77302
-1.159141,2,886.793143
-3.363907,4,886.830231
-2.321639,3,886.85423
-2.268418,3,886.88423
-0.067033,1,886.89223
-3.44736,4,886.93523
-0.058661,1,886.94323
-1.136079,2,886.959307
-3.50903,4,886.995384
-2.249117,3,887.024456
-0.022597,1,887.033454
-3.443477,4,887.066456
-2.213486,3,887.092542
-1.112821,2,887.113606
-0.0412,1,887.121606
-2.242663,3,887.144846
-2.306252,3,887.1689
-1.171864,2,887.1889
-1.105129,2,887.2059
-2.354029,3,887.2319
-1.143681,2,887.246899
-1.176354,2,887.26834
-2.279203,3,887.294338
-2.30805,3,887.326339
-2.223499,3,887.351399
-2.293438,3,887.381402
-2.281426,3,887.404399
-2.27321,3,887.430399
-1.180729,2,887.447399
-3.361579,4,887.482873
-1.162501,2,887.49802
-2.260528,3,887.52402
-3.38934,4,887.55702
-2.229699,3,887.587182
-2.25876,3,887.618259
-2.245723,3,887.643256
-2.239857,3,887.681767
-3.454448,4,887.717765
-2.318888,3,887.749766
-3.390556,4,887.785765
-1.121056,2,887.801999
-2.257991,3,887.829998
-3.530742,4,887.865
-1.114417,2,887.884999
-2.194008,3,887.912001
-2.243865,3,887.94
-2.34127,3,887.964999
-1.178109,2,887.98218
-2.229874,3,888.006179
-2.21725,3,888.040697
-1.134244,2,888.06001
-2.206963,3,888.086256
-2.310519,3,888.110482
-1.187121,2,888.130481
-2.278551,3,888.154481
-1.179791,2,888.170595
-2.238191,3,888.196595
-1.171242,2,888.216595
-0.056661,1,888.225595
-3.46158,4,888.259709
-2.243321,3,888.283712
-3.451619,4,888.325712
-3.415681,4,888.359929
-2.345191,3,888.38693
-0.051283,1,888.39693
-2.305502,3,888.42593
-2.246986,3,888.44922
-2.290061,3,888.483446
-2.39474,3,888.509538
-3.42739,4,888.546849
-2.304557,3,888.570849
-2.226956,3,888.597848
-1.142518,2,888.615849
-3.387293,4,888.651849
-2.235867,3,888.675913
-2.248847,3,888.700177
-0.042572,1,888.70928
-1.183352,2,888.731282
-1.172565,2,888.755282
-2.277534,3,888.783487
-2.253245,3,888.807232
-2.341723,3,888.838233
-3.408309,4,888.871232
-2.293148,3,888.895232
-3.464129,4,888.927233
-1.163812,2,888.952232
-1.172392,2,888.970542
-3.387959,4,889.005126
-0.057847,1,889.013127
-3.415654,4,889.050127
-3.55696,4,889.086374
-2.26689,3,889.10866
-2.359278,3,889.132724
-1.120444,2,889.152723
-1.146547,2,889.170723
-1.163037,2,889.187723
-2.264015,3,889.211724
-1.162164,2,889.237726
-2.262475,3,889.260723
-2.291876,3,889.287725
-0.059117,1,889.295723
-3.469074,4,889.344724
-2.25971,3,889.368724
-1.187878,2,889.386724
-2.345831,3,889.412832
-2.291989,3,889.44092
-3.471646,4,889.471964
-2.273517,3,889.496964
-3.496381,4,889.530022
-1.165996,2,889.553175
-2.256956,3,889.577176
-2.25858,3,889.602176
-0.060837,1,889.609176
-0.049061,1,889.622396
-2.29224,3,889.651396
-3.357108,4,889.682396
-1.174837,2,889.698396
-2.291405,3,889.729397
-2.308295,3,889.754395
-1.131896,2,889.770574
-2.228889,3,889.794909
-3.400573,4,889.833047
-1.189467,2,889.849047
-1.159894,2,889.864047
-0.037673,1,889.872228
-2.307705,3,889.902772
-2.357962,3,889.928771
-1.151906,2,889.949774
-1.123943,2,889.965776
-0.042772,1,889.97943
-3.39294,4,890.013766
-2.305034,3,890.039765
-2.266525,3,890.067765
-2.258782,3,890.099898
-2.283263,3,890.123898
-0.024043,1,890.131899
-2.309705,3,890.158065
-0.026337,1,890.169066
-1.132789,2,890.18613
-3.431285,4,890.217479
-2.287438,3,890.241479
-1.115436,2,890.262481
-1.152144,2,890.279479
-1.177793,2,890.295479
-1.156553,2,890.316548
-2.276489,3,890.347619
-3.39401,4,890.38362
-2.327862,3,890.409619
-1.178452,2,890.42562
-2.2658,3,890.453619
-2.328413,3,890.478619
-3.419393,4,890.511676
-1.138438,2,890.527863
-2.346103,3,890.555861
-2.31305,3,890.580862
-3.437353,4,890.613939
-3.480372,4,890.64515
-2.220746,3,890.673208
-3.345415,4,890.707208
-0.064574,1,890.715207
-1.107984,2,890.73121
-0.044098,1,890.742207
-1.127698,2,890.759208
-1.141854,2,890.775207
-1.157648,2,890.798208
-2.291622,3,890.828207
-1.151613,2,890.843207
-2.276893,3,890.867207
-3.388911,4,890.898287
-0.050932,1,890.916289
-2.370675,3,890.941287
-3.493285,4,890.973349
-1.12588,2,890.989405
-3.339809,4,891.026405
-2.337864,3,891.051724
-2.278787,3,891.073781
-2.261846,3,891.097858
-2.244886,3,891.13137
-3.350087,4,891.167475
-3.444245,4,891.207614
-3.495942,4,891.246614
-1.17395,2,891.268783
-3.441808,4,891.300781
-2.3337,3,891.333936
-1.156418,2,891.354109
-2.234175,3,891.394109
-0.054466,1,891.406203
-0.050263,1,891.416308
-2.256571,3,891.44537
-2.250093,3,891.47537
-2.279911,3,891.502369
-1.140741,2,891.525612
-2.294351,3,891.563703
-1.101052,2,891.588975
-1.127116,2,891.611338
-2.260208,3,891.648778
-2.243829,3,891.685914
-1.199316,2,891.712035
-2.202306,3,891.739247
-2.288795,3,891.767336
-2.331725,3,891.791388
-2.249058,3,891.826387
-1.109877,2,891.841547
-2.320172,3,891.867627
-2.336126,3,891.893629
-1.137732,2,891.914627
-2.245577,3,891.940628
-3.438197,4,891.973627
-2.320741,3,891.999628
-3.492293,4,892.048239
-2.250623,3,892.073241
-2.242149,3,892.097393
-2.208498,3,892.122516
-1.125671,2,892.143591
-2.28787,3,892.166716
-2.374122,3,892.190065
-2.301273,3,892.213337
-0.045711,1,892.226337
-0.061049,1,892.236337
-3.397659,4,892.283895
-3.451822,4,892.316897
-1.119238,2,892.347897
-0.021687,1,892.356896
-2.203879,3,892.382627
-2.362048,3,892.405975
-1.178363,2,892.427096
-1.145823,2,892.447093
-3.417288,4,892.484093
-1.118135,2,892.500093
-1.17443,2,892.521161
-1.12586,2,892.537161
-3.476726,4,892.572161
-3.408884,4,892.604213
-2.278528,3,892.632355
-3.42413,4,892.665354
-3.434708,4,892.698472
-3.396376,4,892.729778
-3.439306,4,892.766778
-0.047248,1,892.774778
-2.305987,3,892.799778
-2.236156,3,892.823778
-1.133013,2,892.85096
-2.2862,3,892.877958
-0.053173,1,892.885958
-2.242891,3,892.912036
-1.162906,2,892.933188
-1.185899,2,892.949188
-2.272749,3,892.97536
-2.25256,3,893.003359
-1.160767,2,893.027359
-0.039728,1,893.040836
-2.300417,3,893.071008
-1.149864,2,893.086008
-3.402234,4,893.129113
-3.435474,4,893.160183
-3.494997,4,893.20328
-2.334165,3,893.228523
-2.200107,3,893.26074
-3.349186,4,893.312742
-2.242947,3,893.341043
-1.158984,2,893.361231
-2.304006,3,893.393739
-2.333971,3,893.431739
-2.309372,3,893.467862
-1.185248,2,893.483863
-3.455444,4,893.530862
-1.132927,2,893.555865
-3.485632,4,893.588179
-1.155953,2,893.60423
-2.196654,3,893.632359
-1.136686,2,893.649358
-2.334828,3,893.674358
-2.242478,3,893.697358
-2.291102,3,893.728488
-1.1355,2,893.744486
-1.129878,2,893.761486
-1.145462,2,893.778486
-3.426836,4,893.814486
-3.381949,4,893.848489
-2.266124,3,893.874486
-2.318026,3,893.898583
-0.061435,1,893.910583
-1.122341,2,893.926584
-3.420007,4,893.966584
-2.246393,3,893.996586
-3.417465,4,894.032807
-0.01523,1,894.040807
-1.118185,2,894.061808
-0.064991,1,894.069807
-1.166508,2,894.092807
-3.537302,4,894.125807
-2.313016,3,894.148989
-1.150685,2,894.165125
-2.245544,3,894.194198
-2.294086,3,894.222433
-3.367452,4,894.253792
-1.186706,2,894.269923
-3.39272,4,894.307923
-2.299089,3,894.334922
-3.394606,4,894.376177
-2.306881,3,894.406238
-1.182529,2,894.427313
-2.244735,3,894.453513
-1.153452,2,894.469702
-2.244748,3,894.492981
-2.270735,3,894.524044
-2.290335,3,894.552649
-3.455665,4,894.585765
-3.371691,4,894.616886
-2.31627,3,894.650118
-2.315736,3,894.67751
-3.34403,4,894.714739
-0.024903,1,894.72274
-3.377462,4,894.760739
-2.219066,3,894.78488
-2.384946,3,894.807881
-3.458314,4,894.83988
-2.33987,3,894.87103
-2.255304,3,894.89503
-1.180099,2,894.911255
-3.392987,4,894.946612
-2.333352,3,894.981679
-2.231353,3,895.005677
-2.255251,3,895.029233
-0.068286,1,895.037233
-1.119766,2,895.056232
-0.062693,1,895.066317
-3.422234,4,895.099582
-2.294294,3,895.122729
-1.151904,2,895.142938
-1.107485,2,895.159297
-2.281859,3,895.184299
-2.251321,3,895.209298
-3.447568,4,895.244507
-3.559137,4,895.277509
-3.428928,4,895.312838
-2.229521,3,895.344948
-2.230009,3,895.377949
-3.380996,4,895.41226
-1.134125,2,895.431261
-3.362393,4,895.468261
-1.157909,2,895.521687
-2.236012,3,895.572686
-3.412204,4,895.627359
-3.43467,4,895.680141
-0.061206,1,895.698141
-3.485199,4,895.734499
-3.442003,4,895.779603
-2.333886,3,895.808604
-2.343797,3,895.854604
-2.235898,3,895.887759
-1.116893,2,895.909759
-3.366335,4,895.943942
-2.24811,3,895.978184
-3.424037,4,896.009631
-2.330374,3,896.033631
-0.054298,1,896.040862
-3.458769,4,896.079334
-3.454449,4,896.11068
-2.334057,3,896.13468
-1.144429,2,896.152793
-1.206994,2,896.178029
-3.445827,4,896.210092
-2.211905,3,896.236094
-2.30826,3,896.259161
-2.208211,3,896.289162
-2.345607,3,896.316161
-2.350319,3,896.341162
-0.04434,1,896.355164
-2.266905,3,896.403123
-1.155729,2,896.4202
-1.12045,2,896.436199
-1.156887,2,896.4512
-2.216911,3,896.48535
-1.188594,2,896.50235
-2.310019,3,896.52735
-1.182137,2,896.54235
-2.219029,3,896.57135
-1.113292,2,896.59035
-0.042312,1,896.599489
-0.078887,1,896.606982
-1.175955,2,896.628198
-1.179957,2,896.643256
-2.268269,3,896.667257
-0.046212,1,896.675316
-2.234292,3,896.704319
-2.222383,3,896.729497
-1.158655,2,896.745497
-0.045861,1,896.753497
-1.129142,2,896.773497
-2.344848,3,896.800499
-3.534075,4,896.834684
-3.47076,4,896.866261
-2.23615,3,896.89751
-2.309583,3,896.924599
-3.417482,4,896.964942
-2.232082,3,896.989084
-1.117355,2,897.009083
-2.248494,3,897.040178
-3.454245,4,897.073567
-2.319072,3,897.096567
-3.413349,4,897.137568
-1.132936,2,897.155629
-1.156013,2,897.172921
-2.2486,3,897.196984
-3.36218,4,897.276376
-2.306173,3,897.301639
-2.258587,3,897.325911
-1.15936,2,897.343909
-1.172136,2,897.369093
-2.267458,3,897.395189
-1.110014,2,897.411189
-3.439734,4,897.442189
-2.240618,3,897.477364
-1.145111,2,897.495552
-2.317296,3,897.519553
-3.396709,4,897.550554
-3.372207,4,897.587663
-3.425035,4,897.621152
-2.266499,3,897.644337
-0.053172,1,897.652335
-2.264871,3,897.680466
-2.278916,3,897.707761
-2.224883,3,897.731834
-3.467882,4,897.762999
-2.261694,3,897.790999
-1.138065,2,897.813001
-2.211207,3,897.841002
-1.194584,2,897.863001
-2.238287,3,897.891999
-2.236666,3,897.918169
-2.261612,3,897.943169
-3.409602,4,897.980387
-3.377738,4,898.024896
-2.341861,3,898.049896
-1.128056,2,898.065897
-2.299919,3,898.094898
-1.175674,2,898.115896
-3.359801,4,898.15216
-1.180239,2,898.17016
-0.042974,1,898.17816
-2.311137,3,898.206159
-2.316497,3,898.23016
-2.335313,3,898.255159
-3.457018,4,898.288161
-1.179498,2,898.30816
-1.171911,2,898.325159
-2.239797,3,898.352159
-0.036864,1,898.36116
-2.219955,3,898.390313
-1.146303,2,898.406466
-3.436564,4,898.446463
-0.077798,1,898.456463
-0.057939,1,898.470705
-3.45848,4,898.503918
-2.248381,3,898.527918
-2.313001,3,898.551919
-2.360291,3,898.581057
-3.396415,4,898.625461
-3.365151,4,898.657461
-2.248952,3,898.681667
-2.282968,3,898.710793
-2.238093,3,898.734079
-2.24032,3,898.7613
-2.362441,3,898.786301
-3.464186,4,898.823607
-1.139284,2,898.838975
-3.38915,4,898.869975
-2.248975,3,898.895054
-3.423308,4,898.934054
-2.328376,3,898.960054
-1.139738,2,898.976054
-2.269338,3,899.001055
-2.31788,3,899.029331
-2.262757,3,899.05333
-3.389409,4,899.08533
-3.429335,4,899.117846
-1.133796,2,899.138849
-2.22709,3,899.164403
-3.43103,4,899.198404
-2.289322,3,899.226404
-2.302948,3,899.259997
-3.464113,4,899.295997
-2.287526,3,899.319997
-3.375485,4,899.357254
-1.159039,2,899.386365
-2.35677,3,899.410365
-1.15871,2,899.426366
-1.133219,2,899.443365
-3.422531,4,899.488632
-1.11896,2,899.504632
-2.239906,3,899.528633
-1.109823,2,899.545632
-3.44879,4,899.590947
-3.60213,4,899.622005
-2.308979,3,899.645068
-2.289155,3,899.67118
-1.1576,2,899.692181
-2.283765,3,899.716181
-2.272978,3,899.740181
-2.298608,3,899.765477
-3.463392,4,899.800833
-1.209477,2,899.816833
-2.288768,3,899.839833
-0.047345,1,899.848833
-2.255728,3,899.877833
-2.301436,3,899.902112
-2.313811,3,899.927256
-3.519588,4,899.968373
-1.156312,2,899.991453
-2.234378,3,900.016453
-3.487443,4,900.049453
-2.256794,3,900.076456
-2.342455,3,900.105453
-2.320857,3,900.130749
-3.367893,4,900.165081
-0.055211,1,900.173082
-3.420577,4,900.211082
-3.355923,4,900.24419
-3.424155,4,900.27828
-2.230097,3,900.302282
-2.311914,3,900.334787
-1.171077,2,900.352787
-2.26652,3,900.382008
-2.326468,3,900.406007
-3.426423,4,900.448007
-1.156447,2,900.466007
-2.228573,3,900.490205
-2.33979,3,900.513205
-2.243851,3,900.54327
-1.117018,2,900.56259
-0.052558,1,900.57059
-1.11285,2,900.58659
-1.138872,2,900.60559
-3.376276,4,900.638655
-1.132718,2,900.655731
-2.229314,3,900.681143
-2.315678,3,900.709302
-2.332684,3,900.733302
-3.478702,4,900.765652
-3.394247,4,900.798367
-2.29222,3,900.829369
-2.284377,3,900.856367
-2.344496,3,900.882434
-2.278984,3,900.906433
-0.052153,1,900.917433
-1.107891,2,900.938547
-1.176378,2,900.954609
-2.30567,3,900.983713
-1.100407,2,901.004782
-2.215718,3,901.028782
-2.343777,3,901.061785
-1.156992,2,901.078783
-3.341456,4,901.118179
-2.307186,3,901.142428
-0.026069,1,901.150428
-2.276253,3,901.173428
-2.277492,3,901.20443
-1.138394,2,901.223428
-3.355219,4,901.256434
-0.046194,1,901.264429
-3.471453,4,901.304428
-2.223095,3,901.329841
-1.127904,2,901.347844
-2.276435,3,901.375841
-1.17142,2,901.395842
-2.285048,3,901.422841
-3.421634,4,901.457846
-1.168133,2,901.479352
-1.169145,2,901.500352
-2.354234,3,901.526354
-0.068121,1,901.536418
-2.314441,3,901.565486
-3.394188,4,901.602691
-0.067985,1,901.614792
-3.403822,4,901.654229
-1.178642,2,901.676231
-3.500708,4,901.726229
-1.127732,2,901.750281
-2.255547,3,901.77828
-3.413551,4,901.82428
-2.209672,3,901.86228
-1.097154,2,901.87928
-3.408281,4,901.91328
-2.262856,3,901.936877
-2.243727,3,901.967877
-2.275078,3,901.996021
-2.332378,3,902.020024
-2.260273,3,902.044151
-2.336654,3,902.074149
-3.411144,4,902.116152
-2.341177,3,902.141356
-0.057753,1,902.149575
-2.224622,3,902.179575
-2.294099,3,902.20489
-3.36661,4,902.239967
-2.327164,3,902.264166
-1.109768,2,902.290332
-2.298633,3,902.322331
-2.227912,3,902.347332
-2.36292,3,902.378333
-1.15105,2,902.402473
-2.319634,3,902.427702
-1.175784,2,902.443702
-1.14784,2,902.459702
-1.130855,2,902.480701
-3.403971,4,902.514832
-3.540933,4,902.548029
-2.331748,3,902.573029
-2.296893,3,902.609029
-2.248483,3,902.633096
-3.452637,4,902.669755
-1.123138,2,902.685752
-2.217696,3,902.712974
-2.2337,3,902.748121
-2.259042,3,902.774121
-1.130666,2,902.79312
-2.323126,3,902.823121
-3.37725,4,902.862121
-2.260302,3,902.886121
-2.351944,3,902.913123
-3.436023,4,902.954176
-2.241856,3,902.983278
-1.170643,2,903.00351
-1.150134,2,903.022692
-2.2762,3,903.057074
-1.174367,2,903.074073
-2.302195,3,903.099174
-0.041413,1,903.107175
-2.257192,3,903.135174
-3.515736,4,903.168307
-2.324292,3,903.193306
-0.056935,1,903.201306
-1.179368,2,903.224307
-2.285646,3,903.252307
-2.301418,3,903.277362
-2.2918,3,903.301434
-1.140958,2,903.323433
-2.289357,3,903.347434
-3.484765,4,903.385502
-0.077153,1,903.397732
-2.372275,3,903.425731
-2.298314,3,903.451919
-3.450919,4,903.487117
-2.345115,3,903.513472
-2.258344,3,903.542471
-3.410934,4,903.573708
-0.058654,1,903.582711
-0.043887,1,903.591708
-2.291762,3,903.619708
-2.273636,3,903.643823
-1.166419,2,903.659823
-2.245776,3,903.68389
-2.355889,3,903.718524
-3.422467,4,903.752629
-1.163071,2,903.769629
-2.315873,3,903.792746
-3.396848,4,903.832448
-3.360639,4,903.864591
-2.294358,3,903.895904
-1.150337,2,903.911901
-2.306393,3,903.94223
-1.20542,2,903.961233
-1.183732,2,903.98023
-2.275408,3,904.00636
-3.392484,4,904.049945
-3.42231,4,904.083045
-1.138539,2,904.098156
-3.371304,4,904.143463
-2.269285,3,904.172614
-2.334204,3,904.195615
-0.071968,1,904.204706
-1.128285,2,904.221158
-3.43913,4,904.264627
-3.357133,4,904.298626
-2.233611,3,904.322771
-3.476152,4,904.355935
-2.302117,3,904.387936
-2.209533,3,904.414936
-3.455656,4,904.446553
-1.212422,2,904.463798
-1.197648,2,904.487868
-1.155213,2,904.511869
-1.111932,2,904.532929
-1.114092,2,904.549098
-2.321451,3,904.577549
-1.193422,2,904.59466
-0.064749,1,904.602661
-3.459302,4,904.633726
-1.135961,2,904.653841
-3.429809,4,904.690023
-1.111812,2,904.706157
-2.22709,3,904.730398
-2.222111,3,904.757654
-0.044902,1,904.766652
-0.04123,1,904.774652
-2.283286,3,904.798652
-2.283765,3,904.826653
-0.072539,1,904.834729
-2.277357,3,904.858993
-1.183571,2,904.874993
-1.180885,2,904.894995
-2.228954,3,904.925994
-1.1878,2,904.943993
-3.39618,4,904.981484
-2.255041,3,905.016217
-1.118161,2,905.044219
-2.317301,3,905.082665
-2.360232,3,905.107975
-3.423889,4,905.156049
-0.053536,1,905.16405
-2.216603,3,905.190274
-1.170971,2,905.206521
-2.222893,3,905.24062
-2.331469,3,905.26462
-1.113758,2,905.281619
-2.298081,3,905.311919
-2.317305,3,905.344992
-2.252111,3,905.374118
-3.430206,4,905.406119
-0.053178,1,905.414119
-2.226076,3,905.443335
-2.280084,3,905.468335
-2.265076,3,905.492335
-3.38133,4,905.525597
-1.100206,2,905.546715
-2.2737,3,905.572863
-0.065877,1,905.581861
-3.422692,4,905.612929
-1.13945,2,905.631929
-2.271124,3,905.656929
-2.273993,3,905.685064
-2.214203,3,905.712331
-2.355498,3,905.740566
-3.379372,4,905.780656
-1.112704,2,905.796937
-1.10958,2,905.812937
-2.250337,3,905.842003
-1.173829,2,905.857002
-3.436853,4,905.890065
-2.351473,3,905.914066
-3.385405,4,905.957066
-2.290964,3,905.981313
-2.206399,3,906.006313
-2.286847,3,906.038929
-0.05295,1,906.056931
-2.293699,3,906.095126
-1.130709,2,906.153181
-1.149295,2,906.18769
-0.025713,1,906.208287
-1.108546,2,906.2376
-2.234031,3,906.273599
-1.182265,2,906.293722
-0.068739,1,906.311115
-3.506923,4,906.347759
-2.32745,3,906.371844
-1.144675,2,906.392844
-3.465575,4,906.446971
-2.314746,3,906.476085
-2.250755,3,906.51228
-2.286366,3,906.545779
-2.262088,3,906.582929
-3.38855,4,906.614929
-2.207376,3,906.644147
-1.119174,2,906.663299
-2.342567,3,906.697692
-2.319741,3,906.724851
-2.272267,3,906.750377
-3.446355,4,906.79173
-1.195062,2,906.817919
-2.274114,3,906.842066
-2.309506,3,906.865245
-3.506734,4,906.901309
-3.51548,4,906.937309
-2.261078,3,906.961589
-0.067638,1,906.969716
-1.150812,2,906.987782
-1.161048,2,907.013782
-2.252465,3,907.043038
-2.251245,3,907.06739
-2.231068,3,907.101389
-0.064689,1,907.114392
-2.262124,3,907.139648
-2.264405,3,907.164649
-1.110785,2,907.179778
-2.304561,3,907.215778
-2.347664,3,907.245846
-2.305616,3,907.275169
-1.175124,2,907.295168
-0.03042,1,907.309169
-1.153276,2,907.329675
-1.124826,2,907.348675
-3.426898,4,907.380675
-3.344073,4,907.430045
-1.145158,2,907.449044
-3.330546,4,907.481231
-0.035471,1,907.489457
-2.269166,3,907.522991
-1.118916,2,907.539992
-2.275385,3,907.56399
-3.45767,4,907.604156
-2.297406,3,907.634156
-2.213083,3,907.659155
-1.182845,2,907.675155
-3.463169,4,907.706276
-1.209389,2,907.727794
-1.186247,2,907.7459
-3.390732,4,907.778899
-0.030861,1,907.786899
-2.302145,3,907.815246
-2.269951,3,907.840509
-1.108587,2,907.862576
-2.232975,3,907.887576
-2.243845,3,907.915576
-2.246271,3,907.938818
-2.216841,3,907.963819
-2.22703,3,907.989819
-0.052055,1,908.000818
-0.049916,1,908.008819
-3.444935,4,908.047289
-3.40597,4,908.084491
-2.257695,3,908.11349
-0.015537,1,908.121491
-2.218442,3,908.148205
-3.36297,4,908.180429
-2.283581,3,908.21043
-2.223595,3,908.239803
-2.2347,3,908.263339
-1.163285,2,908.278637
-2.240422,3,908.313637
-1.161695,2,908.329021
-1.110786,2,908.345022
-3.349547,4,908.376583
-1.189796,2,908.401735
-2.262966,3,908.430735
-2.286927,3,908.454738
-2.294874,3,908.482871
-1.136921,2,908.511073
-1.105022,2,908.529074
-3.418657,4,908.565073
-1.153461,2,908.584409
-2.26001,3,908.61252
-2.288425,3,908.64052
-2.269944,3,908.66752
-1.184416,2,908.682697
-1.145802,2,908.703749
-2.306207,3,908.731749
-2.238631,3,908.755749
-2.300627,3,908.78275
-0.066433,1,908.79482
-2.230807,3,908.819231
-2.269216,3,908.844231
-2.261155,3,908.872234
-0.042778,1,908.884232
-2.229499,3,908.908234
-3.580224,4,908.945231
-1.160743,2,908.962231
-0.060506,1,908.974231
-2.199235,3,908.9994
-0.062019,1,909.0074
-2.335754,3,909.030895
-3.520187,4,909.068287
-1.145261,2,909.090287
-0.042196,1,909.098518
-2.317593,3,909.122585
-0.044837,1,909.134628
-3.441466,4,909.169626
-0.055462,1,909.177628
-2.240482,3,909.202627
-2.322934,3,909.234932
-2.250256,3,909.258421
-0.03249,1,909.266419
-2.307598,3,909.294418
-2.263696,3,909.324419
-2.278093,3,909.348003
-2.286569,3,909.371239
-1.13182,2,909.392302
-2.295427,3,909.429376
-0.025664,1,909.438508
-0.046531,1,909.448666
-1.147344,2,909.464787
-0.019405,1,909.475857
-1.134412,2,909.493919
-1.100593,2,909.512112
-2.332161,3,909.536111
-3.354421,4,909.572457
-2.298047,3,909.596459
-2.358289,3,909.624161
-2.31079,3,909.661533
-2.363932,3,909.696534
-2.265274,3,909.729616
-2.305188,3,909.756704
-2.249067,3,909.781069
-2.291393,3,909.810124
-1.164054,2,909.827127
-1.140775,2,909.844202
-0.059936,1,909.852205
-0.037506,1,909.863202
-1.157603,2,909.880451
-2.225757,3,909.904451
-1.168084,2,909.920451
-1.122289,2,909.941452
-3.415891,4,909.97351
-3.440246,4,910.014719
-2.24625,3,910.038717
-2.394828,3,910.067716
-1.189835,2,910.082859
-3.390238,4,910.119099
-2.353361,3,910.149099
-3.353752,4,910.18817
-0.064037,1,910.19617
-1.162141,2,910.227424
-0.052969,1,910.274419
-0.011901,1,910.301346
-2.257369,3,910.340688
-0.026578,1,910.358896
-1.109571,2,910.387965
-1.172508,2,910.419966
-3.446993,4,910.463964
-2.254691,3,910.493054
-3.459085,4,910.539338
-0.070776,1,910.556339
-2.297176,3,910.594338
-2.330311,3,910.620614
-1.155142,2,910.637965
-3.37182,4,910.678965
-1.139895,2,910.696965
-2.209577,3,910.727453
-1.112628,2,910.744453
-2.340342,3,910.778032
-2.230283,3,910.803032
-3.444213,4,910.843034
-3.423034,4,910.878032
-2.343274,3,910.908031
-1.129921,2,910.924031
-3.38962,4,910.962032
-0.042648,1,910.971228
-2.258579,3,910.999485
-2.32499,3,911.023486
-2.220911,3,911.048958
-2.236064,3,911.073958
-2.349453,3,911.105958
-1.114514,2,911.122958
-3.493748,4,911.155958
-1.124692,2,911.175958
-2.342919,3,911.203959
-2.280415,3,911.231959
-1.109397,2,911.248425
-1.166843,2,911.265556
-2.199169,3,911.296064
-1.179186,2,911.313136
-3.562196,4,911.346137
-1.139614,2,911.363136
-2.246961,3,911.390136
-1.18193,2,911.406272
-2.222596,3,911.438996
-1.176323,2,911.458997
-2.27569,3,911.49317
-1.161424,2,911.509367
-1.115851,2,911.525464
-2.28263,3,911.549534
-2.252206,3,911.579534
-2.20631,3,911.603579
-2.262543,3,911.631623
-2.246399,3,911.65662
-2.22517,3,911.68562
-1.129251,2,911.702674
-1.173861,2,911.722837
-2.255072,3,911.754087
-2.33504,3,911.783084
-2.298828,3,911.815272
-3.516938,4,911.858915
-0.024301,1,911.869914
-2.312735,3,911.906918
-3.477664,4,911.945424
-0.056181,1,911.955612
-1.101356,2,911.977613
-1.15471,2,912.002614
-0.01319,1,912.014769
-3.448313,4,912.050907
-0.046422,1,912.059128
-2.277762,3,912.088127
-3.355111,4,912.119127
-0.04043,1,912.130127
-2.289016,3,912.154445
-2.298849,3,912.183515
-1.137027,2,912.199513
-3.387235,4,912.233515
-1.151329,2,912.253726
-2.267873,3,912.282233
-1.135906,2,912.298234
-2.331922,3,912.326237
-2.291387,3,912.358234
-2.30139,3,912.386663
-2.248375,3,912.410663
-2.199339,3,912.438664
-3.409823,4,912.473663
-3.382478,4,912.509664
-2.292715,3,912.532662
-3.354253,4,912.565664
-1.129317,2,912.584857
-1.105461,2,912.604916
-3.426745,4,912.637118
-2.247336,3,912.661119
-2.258185,3,912.686119
-3.442906,4,912.724118
-3.554348,4,912.759121
-3.441363,4,912.803003
-2.306277,3,912.828369
-2.308135,3,912.856482
-2.246713,3,912.880634
-2.355019,3,912.905874
-3.434698,4,912.940875
-2.275758,3,912.97004
-2.325546,3,912.99404
-2.24545,3,913.024041
-3.505078,4,913.056856
-3.462757,4,913.096997
-2.319631,3,913.126205
-2.278728,3,913.157255
-3.445007,4,913.189508
-2.261368,3,913.219508
-1.14403,2,913.238724
-2.252459,3,913.265725
-2.267935,3,913.292804
-1.168956,2,913.31502
-2.303263,3,913.342221
-2.289619,3,913.36622
-1.132354,2,913.382283
-3.388883,4,913.418533
-2.366981,3,913.449846
-2.319592,3,913.475197
-2.240568,3,913.500196
-1.111086,2,913.520197
-3.481946,4,913.553671
-1.117944,2,913.569988
-1.162238,2,913.586123
-1.133275,2,913.611123
-1.146071,2,913.629125
-1.168431,2,913.648124
-0.030621,1,913.657123
-2.3266,3,913.686123
-2.289415,3,913.710313
-2.251383,3,913.734376
-2.313737,3,913.75892
-1.120721,2,913.782404
-3.50655,4,913.821831
-3.527113,4,913.855896
-0.030402,1,913.86296
-1.15383,2,913.884108
-3.482656,4,913.918108
-2.227662,3,913.941434
-1.185772,2,913.963655
-2.271548,3,913.993655
-2.328596,3,914.017655
-3.40875,4,914.048965
-3.45367,4,914.080401
-1.108861,2,914.102572
-3.370126,4,914.134801
-2.231238,3,914.160048
-2.306873,3,914.184245
-2.279801,3,914.217752
-3.433519,4,914.259101
-2.289754,3,914.290457
-3.385277,4,914.329768
-2.297898,3,914.35877
-2.231199,3,914.382767
-2.278854,3,914.406016
-1.164883,2,914.423016
-2.230841,3,914.452016
-2.273898,3,914.482016
-1.135964,2,914.500016
-2.233871,3,914.525016
-2.3369,3,914.557085
-3.442598,4,914.589199
-3.35194,4,914.620523
-2.304415,3,914.645646
-0.064704,1,914.658969
-2.304205,3,914.686969
-2.325605,3,914.711465
-2.323841,3,914.734465
-3.356387,4,914.780743
-2.315098,3,914.805071
-3.443269,4,914.836478
-3.478156,4,914.870643
-0.051524,1,914.882834
-1.13233,2,914.899832
-2.238744,3,914.923831
-1.171278,2,914.938831
-2.280288,3,914.969066
-1.12903,2,914.988066
-3.390591,4,915.025248
-2.233766,3,915.052371
-1.158507,2,915.076373
-3.417761,4,915.111452
-3.44809,4,915.144681
-1.162982,2,915.166683
-1.183789,2,915.192681
-2.259238,3,915.217681
-3.435888,4,915.249682
-3.496443,4,915.284016
-2.238578,3,915.314137
-2.31663,3,915.342644
-2.315852,3,915.370996
-1.120442,2,915.389153
-2.244544,3,915.421371
-0.053854,1,915.43337
-2.271333,3,915.459541
-2.244918,3,915.490716
-2.296473,3,915.522715
-2.24942,3,915.551715
-2.245326,3,915.576056
-2.326713,3,915.599118
-3.32715,4,915.64319
-2.309287,3,915.670192
-0.076817,1,915.682316
-2.270733,3,915.705498
-1.185972,2,915.725498
-2.229845,3,915.753618
-2.329461,3,915.780619
-1.158818,2,915.804811
-2.268612,3,915.833813
-2.234883,3,915.861914
-0.047584,1,915.869914
-1.134197,2,915.886914
-2.288858,3,915.915422
-1.121508,2,915.93158
-1.129368,2,915.94858
-2.289788,3,915.973579
-2.257149,3,916.001579
-3.475033,4,916.032624
-3.484855,4,916.065686
-1.181265,2,916.084057
-2.253505,3,916.11437
-3.361194,4,916.147367
-2.26723,3,916.172603
-3.433465,4,916.205603
-1.137703,2,916.234985
-2.281184,3,916.270055
-2.366673,3,916.296056
-2.324092,3,916.321234
-1.175517,2,916.340344
-1.175868,2,916.363342
-1.144427,2,916.379536
-2.245403,3,916.403536
-2.240302,3,916.436577
-2.215256,3,916.461701
-3.392909,4,916.507207
-2.289464,3,916.532207
-1.163467,2,916.553208
-2.307629,3,916.57758
-1.161452,2,916.595633
-1.107515,2,916.617635
-1.133082,2,916.640633
-2.345016,3,916.663633
-1.11881,2,916.679727
-0.063186,1,916.687778
-1.176149,2,916.710124
-2.301194,3,916.736204
-3.48963,4,916.771273
-2.256975,3,916.795273
-1.195245,2,916.820405
-3.380946,4,916.854584
-2.209426,3,916.878748
-1.128769,2,916.894748
-1.20298,2,916.914748
-1.12732,2,916.931748
-2.300621,3,916.957749
-0.029138,1,916.965748
-2.307978,3,916.99481
-2.332524,3,917.018875
-2.336008,3,917.042875
-1.190776,2,917.059876
-0.018585,1,917.071876
-2.268327,3,917.097055
-1.156378,2,917.113054
-1.110609,2,917.129056
-2.268523,3,917.158054
-3.405362,4,917.192054
-1.137966,2,917.210056
-0.043504,1,917.218055
-3.389293,4,917.255054
-3.504838,4,917.289054
-2.327955,3,917.321177
-2.231673,3,917.400489
-1.110626,2,917.438582
-2.252354,3,917.483582
-2.367343,3,917.51868
-1.185758,2,917.544679
-2.320673,3,917.581678
-2.334752,3,917.615871
-3.40156,4,917.663377
-1.112685,2,917.686936
-2.293159,3,917.728293
-0.041166,1,917.741412
-3.41944,4,917.778413
-2.272143,3,917.803412
-1.1587,2,917.82441
-2.271076,3,917.85141
-1.174277,2,917.867527
-1.127689,2,917.88268
-1.170626,2,917.903681
-1.184436,2,917.920768
-3.37823,4,917.955768
-2.30505,3,917.979984
-3.473202,4,918.01632
-3.406247,4,918.050321
-3.424991,4,918.081435
-1.15708,2,918.097547
-2.223999,3,918.125772
-0.061928,1,918.134851
-3.408938,4,918.168269
-3.39027,4,918.199467
-2.26786,3,918.236469
-2.326055,3,918.263535
-1.184391,2,918.282537
-1.203155,2,918.305536
-2.362557,3,918.34183
-2.285366,3,918.366829
-2.326687,3,918.3929
-2.299148,3,918.4159
-2.261028,3,918.4449
-2.267249,3,918.474194
-2.241885,3,918.50839
-0.053381,1,918.51639
-2.321145,3,918.547392
-2.326808,3,918.574561
-2.218012,3,918.598666
-2.293035,3,918.631667
-0.01713,1,918.643666
-2.349286,3,918.669973
-3.492377,4,918.703973
-2.315412,3,918.73311
-2.238715,3,918.761189
-2.27229,3,918.785192
-0.036726,1,918.794192
-1.172233,2,918.817698
-2.367604,3,918.85892
-2.313359,3,918.94569
-2.25016,3,918.987183
-0.063637,1,919.003183
-1.191062,2,919.042275
-3.439105,4,919.082591
-0.017616,1,919.092705
-0.023817,1,919.101704
-1.180824,2,919.129814
-0.056788,1,919.141813
-1.203387,2,919.166813
-2.32478,3,919.206814
-1.108723,2,919.228906
-2.243314,3,919.26034
-2.34777,3,919.288534
-1.128094,2,919.304698
-3.401085,4,919.34685
-2.366462,3,919.372917
-3.422932,4,919.40498
-3.471711,4,919.436123
-1.120781,2,919.458124
-2.242831,3,919.491125
-1.109114,2,919.511123
-0.0744,1,919.519123
-2.311682,3,919.547126
-2.243655,3,919.578124
-3.44029,4,919.610124
-3.416389,4,919.641123
-2.311643,3,919.67131
-1.163433,2,919.68831
-2.259835,3,919.724311
-1.13883,2,919.73956
-1.153419,2,919.759561
-1.147061,2,919.777559
-2.290991,3,919.801559
-2.223372,3,919.825558
-3.484921,4,919.867559
-2.266278,3,919.892794
-1.20051,2,919.90934
-2.23847,3,919.93334
-3.40988,4,919.971917
-2.270676,3,920.001917
-1.127251,2,920.02292
-0.075779,1,920.035917
-2.301195,3,920.073917
-2.300673,3,920.097917
-1.132034,2,920.114917
-2.289952,3,920.143126
-0.070586,1,920.155124
-1.188409,2,920.171124
-1.166796,2,920.192124
-3.427266,4,920.22542
-1.177822,2,920.248526
-2.205823,3,920.279525
-1.146277,2,920.295525
-2.300275,3,920.325525
-2.338685,3,920.353883
-1.153522,2,920.369882
-2.27378,3,920.393881
-1.189145,2,920.409882
-2.234751,3,920.438881
-1.15352,2,920.455881
-2.267665,3,920.489969
-2.284459,3,920.524972
-3.444884,4,920.563366
-2.263378,3,920.587366
-0.054111,1,920.595366
-3.426642,4,920.626366
-3.528352,4,920.664421
-2.239373,3,920.688658
-3.530108,4,920.719658
-2.203498,3,920.743748
-1.126189,2,920.76575
-3.398175,4,920.798915
-1.176737,2,920.813915
-2.281227,3,920.83904
-2.293457,3,920.876237
-1.154068,2,920.896503
-2.2114,3,920.92258
-3.407986,4,920.954078
-2.308683,3,920.983137
-2.30842,3,921.008247
-3.464888,4,921.041353
-2.258678,3,921.065353
-0.073626,1,921.076355
-0.060115,1,921.084355
-2.228337,3,921.113861
-2.339914,3,921.140864
-3.427885,4,921.181062
-3.342908,4,921.217331
-3.482337,4,921.25033
-3.415368,4,921.28333
-2.24549,3,921.31233
-2.240525,3,921.33733
-3.358225,4,921.370685
-3.52578,4,921.404232
-2.306727,3,921.439474
-2.304669,3,921.468475
-2.270931,3,921.496826
-2.254811,3,921.520918
-0.024643,1,921.533918
-2.264464,3,921.558918
-2.365186,3,921.581983
-2.258714,3,921.605983
-3.394547,4,921.643238
-1.151391,2,921.659578
-3.394735,4,921.69087
-3.360003,4,921.722488
-2.201165,3,921.752029
-2.299372,3,921.776286
-1.152804,2,921.79237
-1.171243,2,921.812495
-2.291673,3,921.841495
-2.360143,3,921.866587
-2.241773,3,921.89167
-3.353133,4,921.924216
-1.099792,2,921.947306
-2.305746,3,921.979666
-2.24149,3,922.011976
-2.27033,3,922.048977
-2.357916,3,922.087224
-1.133919,2,922.111284
-3.593319,4,922.152347
-2.278539,3,922.176756
-1.150787,2,922.197101
-3.421667,4,922.230182
-2.274413,3,922.255821
-2.305172,3,922.286176
-1.14139,2,922.308269
-2.223914,3,922.341269
-1.166495,2,922.35735
-2.308194,3,922.380753
-2.271948,3,922.410289
-2.294691,3,922.438289
-1.138611,2,922.457373
-2.40053,3,922.489465
-2.225243,3,922.519797
-2.305721,3,922.544798
-2.359814,3,922.568866
-3.554402,4,922.60017
-0.025387,1,922.61117
-2.305415,3,922.638171
-3.362507,4,922.67017
-2.315179,3,922.69417
-3.404701,4,922.729324
-0.067293,1,922.739323
-2.201439,3,922.764323
-2.324811,3,922.788614
-1.118367,2,922.80682
-0.067286,1,922.820822
-0.076635,1,922.832823
-1.176117,2,922.85182
-2.335313,3,922.880819
-1.169232,2,922.896975
-2.359223,3,922.921064
-3.464962,4,922.954065
-3.468529,4,922.997135
-0.057631,1,923.005134
-3.485121,4,923.035382
-3.449332,4,923.068986
-3.415088,4,923.105987
-1.144364,2,923.120986
-1.165881,2,923.136987
-3.465489,4,923.169494
-2.357087,3,923.196592
-3.454495,4,923.229837
-0.038455,1,923.237835
-2.304957,3,923.261835
-2.313575,3,923.297837
-2.267236,3,923.322917
-1.139282,2,923.337917
-2.247592,3,923.361961
-2.325026,3,923.392465
-3.429492,4,923.425782
-2.287425,3,923.449782
-3.419824,4,923.493334
-2.299561,3,923.526333
-1.115034,2,923.544336
-3.367,4,923.587335
